uid,addr,family,root,heat,avg,share,avgtrade,floor,trades,long,short,n_long,n_short,sides,random,random_drawn,monte,neighbors
bimb_follow_d1-NQ-tf5|asia|,bimb_follow_d1-NQ-tf5-asia,bimb_follow_d1,NQ,False,6563.916666666667,0.5104166666666666,10.448110626585532,False,628.2395833333334,431134.0,199002.0,30979,29332,True,False,True,0.004,0.3333333333333333
bimb_follow_d1-NQ-tf5|eve|,bimb_follow_d1-NQ-tf5-eve,bimb_follow_d1,NQ,False,-16780.520833333332,0.3020833333333333,-19.50514590144085,False,860.3125,-579457.0,-1031473.0,42743,39847,False,False,False,0.0,0.5
bimb_follow_d1-NQ-tf5|london|,bimb_follow_d1-NQ-tf5-london,bimb_follow_d1,NQ,False,-20107.25,0.1875,-20.919175499057157,False,961.1875,-874304.0,-1055992.0,44681,47593,False,False,False,0.0,0.5
bimb_follow_d1-NQ-tf5|mid|,bimb_follow_d1-NQ-tf5-mid,bimb_follow_d1,NQ,False,7181.677083333333,0.5729166666666666,11.862166858794584,False,605.4270833333334,1194558.0,-505117.0,28448,29673,False,False,True,0.005,0.3333333333333333
bimb_follow_d1-NQ-tf5|nyam|,bimb_follow_d1-NQ-tf5-nyam,bimb_follow_d1,NQ,True,18267.958333333332,0.7708333333333334,35.87888459256531,False,509.15625,919705.0,834019.0,24195,24684,True,False,True,0.107,0.3333333333333333
bimb_follow_d1-NQ-tf5|pm|,bimb_follow_d1-NQ-tf5-pm,bimb_follow_d1,NQ,False,-10217.166666666666,0.28125,-14.924195855269165,False,684.6041666666666,465340.0,-1446188.0,33015,32707,False,False,False,0.0,0.5
bimb_follow_d1-NQ-tf5|pre|,bimb_follow_d1-NQ-tf5-pre,bimb_follow_d1,NQ,False,-11288.28125,0.13541666666666666,-32.818746214415505,False,343.9583333333333,-485136.0,-598539.0,16104,16916,False,False,False,0.0,0.5
donchian-ES-tf15|asia|,donchian-ES-tf15-asia,donchian,ES,False,-1368.5625,0.3125,-13.964923469387756,False,98.0,-64775.5,20981.5,1472,1664,False,False,False,0.027,0.19230769230769232
donchian-ES-tf15|eve|,donchian-ES-tf15-eve,donchian,ES,False,-20094.7109375,0.015625,-65.42844424094424,False,307.125,-592925.5,-693136.0,10297,9359,False,False,False,0.0,0.19230769230769232
donchian-ES-tf15|london|,donchian-ES-tf15-london,donchian,ES,False,-35600.28125,0.0,-47.27792994687915,False,753.0,-1425857.0,-852561.0,25308,22884,False,False,False,0.0,0.19230769230769232
donchian-ES-tf15|mid|,donchian-ES-tf15-mid,donchian,ES,False,-1451.8229166666667,0.3645833333333333,-3.3204288266825492,False,437.2395833333333,524423.5,-663798.5,21391,20584,False,False,False,0.0,0.19230769230769232
donchian-ES-tf15|nyam|,donchian-ES-tf15-nyam,donchian,ES,False,3201.5104166666665,0.5833333333333334,6.539951058623258,False,489.53125,507101.0,-199756.0,23781,23214,False,False,True,0.001,0.15384615384615385
donchian-ES-tf15|pm|,donchian-ES-tf15-pm,donchian,ES,True,10520.5,0.7063492063492064,25.616120429775062,False,410.6984126984127,418692.5,906890.5,28330,23418,True,False,True,0.004,0.15384615384615385
donchian-ES-tf15|pre|,donchian-ES-tf15-pre,donchian,ES,False,-13103.7890625,0.015625,-38.92515664887445,False,336.640625,-755943.0,-82699.5,10517,11028,False,False,False,0.0,0.19230769230769232
donchian-ES-tf1|asia|,donchian-ES-tf1-asia,donchian,ES,False,-37496.046875,0.03125,-33.9340337679233,False,1104.96875,-2506147.0,-2293347.0,71568,69868,False,False,False,0.0,0.19230769230769232
donchian-ES-tf1|eve|,donchian-ES-tf1-eve,donchian,ES,False,-64860.3125,0.0,-51.05697856769472,False,1270.3515625,-4529615.0,-3772505.0,82435,80170,False,False,False,0.0,0.19230769230769232
donchian-ES-tf1|london|,donchian-ES-tf1-london,donchian,ES,False,-35772.2578125,0.03125,-25.06472484823271,False,1427.1953125,-2103080.0,-2475769.0,91470,91211,False,False,False,0.0,0.19230769230769232
donchian-ES-tf1|mid|,donchian-ES-tf1-mid,donchian,ES,False,-41352.93359375,0.0703125,-30.083920157774784,False,1374.5859375,-1953307.0,-3339868.5,89833,86114,False,False,False,0.0,0.19230769230769232
donchian-ES-tf1|nyam|,donchian-ES-tf1-nyam,donchian,ES,False,-34047.16796875,0.109375,-24.404521909561808,False,1395.1171875,-1494398.0,-2863639.5,90887,87688,False,False,False,0.0,0.19230769230769232
donchian-ES-tf1|pm|,donchian-ES-tf1-pm,donchian,ES,False,-20080.296875,0.21875,-14.350516730222717,False,1399.2734375,-1191225.5,-1379052.5,94347,84760,False,False,False,0.0,0.19230769230769232
donchian-ES-tf1|pre|,donchian-ES-tf1-pre,donchian,ES,False,-28823.671875,0.015625,-29.51071828507439,False,976.71875,-2005027.0,-1684403.0,62013,63007,False,False,False,0.0,0.19230769230769232
donchian-ES-tf30|eve|,donchian-ES-tf30-eve,donchian,ES,False,-2870.40625,0.125,-56.28247549019608,False,51.0,-51495.5,-40357.5,1152,480,False,False,False,0.025,0.19230769230769232
donchian-ES-tf30|london|,donchian-ES-tf30-london,donchian,ES,False,-31379.015625,0.0,-86.53296277145812,False,362.625,-656926.0,-347202.5,6319,5285,False,False,False,0.0,0.19230769230769232
donchian-ES-tf30|mid|,donchian-ES-tf30-mid,donchian,ES,False,-2901.2265625,0.296875,-9.387658627837606,False,309.046875,299378.0,-485056.5,10543,9236,False,False,False,0.0,0.19230769230769232
donchian-ES-tf30|nyam|,donchian-ES-tf30-nyam,donchian,ES,False,9399.421875,0.59375,31.90807828992733,False,294.578125,444508.5,157054.5,10151,8702,True,True,True,0.062,0.15384615384615385
donchian-ES-tf30|pm|,donchian-ES-tf30-pm,donchian,ES,True,10649.854838709678,0.7419354838709677,32.979921082862994,False,322.9193548387097,250041.5,410249.5,10724,9297,True,True,True,0.045,0.15384615384615385
donchian-ES-tf30|pre|,donchian-ES-tf30-pre,donchian,ES,False,-13904.625,0.125,-55.88394875659382,False,248.8125,-310679.0,-134269.0,4476,3486,False,False,False,0.0,0.19230769230769232
donchian-ES-tf5|asia|,donchian-ES-tf5-asia,donchian,ES,False,-32670.0625,0.03125,-45.114659301773614,False,724.15625,-1072007.0,-1018877.0,22908,23438,False,False,False,0.0,0.19230769230769232
donchian-ES-tf5|eve|,donchian-ES-tf5-eve,donchian,ES,False,-39643.453125,0.0,-60.44289066501495,False,655.8828125,-2427873.5,-2646488.5,42784,41169,False,False,False,0.0,0.19230769230769232
donchian-ES-tf5|london|,donchian-ES-tf5-london,donchian,ES,False,-37415.55859375,0.0,-35.73996835844508,False,1046.8828125,-2538102.5,-2251089.0,69185,64816,False,False,False,0.0,0.19230769230769232
donchian-ES-tf5|mid|,donchian-ES-tf5-mid,donchian,ES,False,-15634.03125,0.2109375,-21.02849817157749,False,743.46875,-265630.0,-1735526.0,47620,47544,False,False,False,0.0,0.19230769230769232
donchian-ES-tf5|nyam|,donchian-ES-tf5-nyam,donchian,ES,False,-12059.5625,0.359375,-14.060939506836338,False,857.6640625,-14223.5,-1529400.5,55059,54722,False,False,False,0.0,0.19230769230769232
donchian-ES-tf5|pm|,donchian-ES-tf5-pm,donchian,ES,True,7598.93359375,0.6796875,9.074961980201715,False,837.3515625,447188.5,525475.0,58106,49075,True,True,True,0.0,0.15384615384615385
donchian-ES-tf5|pre|,donchian-ES-tf5-pre,donchian,ES,False,-20354.00390625,0.046875,-43.56709866220736,False,467.1875,-1408458.0,-1196854.5,28902,30898,False,False,False,0.0,0.19230769230769232
donchian-GC-tf15|asia|,donchian-GC-tf15-asia,donchian,GC,False,-8472.125,0.03125,-73.03556034482759,False,116.0,-103448.0,-167660.0,1952,1760,False,False,False,0.0,0.15384615384615385
donchian-GC-tf15|eve|,donchian-GC-tf15-eve,donchian,GC,False,-13981.78125,0.03125,-38.45275235271368,False,363.609375,-581392.0,-313442.0,11343,11928,False,False,False,0.0,0.15384615384615385
donchian-GC-tf15|london|,donchian-GC-tf15-london,donchian,GC,False,-40086.375,0.0,-60.129092741462955,False,666.671875,-1652980.0,-912548.0,21980,20687,False,False,False,0.0,0.15384615384615385
donchian-GC-tf15|mid|,donchian-GC-tf15-mid,donchian,GC,False,-5462.1875,0.03125,-22.98860149057431,False,237.60416666666666,-332754.0,-191616.0,11976,10834,False,False,False,0.0,0.15384615384615385
donchian-GC-tf15|nyam|,donchian-GC-tf15-nyam,donchian,GC,False,-428.4791666666667,0.46875,-1.3875059029885988,False,308.8125,502730.0,-543864.0,14895,14751,False,False,False,0.0,0.15384615384615385
donchian-GC-tf15|pm|,donchian-GC-tf15-pm,donchian,GC,True,329.48214285714283,0.6339285714285714,1.5113240774869967,False,218.00892857142858,100796.0,-63894.0,12311,12106,False,False,True,0.0,0.11538461538461539
donchian-GC-tf15|pre|,donchian-GC-tf15-pre,donchian,GC,True,4039.90625,0.640625,10.246255052706665,False,394.28125,328380.0,-69826.0,12745,12489,False,False,True,0.0,0.11538461538461539
donchian-GC-tf1|asia|,donchian-GC-tf1-asia,donchian,GC,False,-24324.21875,0.09375,-22.59843948466703,False,1076.3671875,-1901500.0,-1212000.0,67755,70020,False,False,False,0.0,0.15384615384615385
donchian-GC-tf1|eve|,donchian-GC-tf1-eve,donchian,GC,False,-35387.484375,0.0078125,-29.17108135783149,False,1213.1015625,-2554426.0,-1975172.0,77689,77588,False,False,False,0.0,0.15384615384615385
donchian-GC-tf1|london|,donchian-GC-tf1-london,donchian,GC,False,-41840.234375,0.0,-31.352925679829056,False,1334.4921875,-3781276.0,-1574274.0,87034,83781,False,False,False,0.0,0.15384615384615385
donchian-GC-tf1|mid|,donchian-GC-tf1-mid,donchian,GC,False,-16605.875,0.1796875,-14.954669218267398,False,1110.4140625,-1450416.0,-675136.0,71574,70559,False,False,False,0.0,0.15384615384615385
donchian-GC-tf1|nyam|,donchian-GC-tf1-nyam,donchian,GC,False,-13732.125,0.28125,-11.740543573370381,False,1169.6328125,-55584.0,-1702128.0,72751,76962,False,False,False,0.0,0.15384615384615385
donchian-GC-tf1|pm|,donchian-GC-tf1-pm,donchian,GC,False,-29811.78125,0.0,-29.27162823522192,False,1018.453125,-2460262.0,-1355646.0,64453,65909,False,False,False,0.0,0.15384615384615385
donchian-GC-tf1|pre|,donchian-GC-tf1-pre,donchian,GC,False,-21703.984375,0.140625,-22.366234602688994,False,970.390625,-1684946.0,-1093164.0,60694,63516,False,False,False,0.0,0.15384615384615385
donchian-GC-tf30|eve|,donchian-GC-tf30-eve,donchian,GC,False,-616.125,0.34375,-8.557291666666666,False,72.0,-38796.0,19080.0,1184,1120,False,False,False,0.016,0.15384615384615385
donchian-GC-tf30|london|,donchian-GC-tf30-london,donchian,GC,False,-17723.9375,0.0,-54.04669334858014,False,327.9375,-379688.0,-187478.0,5372,5122,False,False,False,0.0,0.15384615384615385
donchian-GC-tf30|mid|,donchian-GC-tf30-mid,donchian,GC,False,-1845.516129032258,0.3387096774193548,-12.01533130316077,False,153.59677419354838,-146688.0,32266.0,4942,4581,False,False,False,0.0,0.15384615384615385
donchian-GC-tf30|nyam|,donchian-GC-tf30-nyam,donchian,GC,False,-3120.75,0.3125,-17.540001756388865,False,177.921875,18926.0,-218654.0,5906,5481,False,False,False,0.0,0.15384615384615385
donchian-GC-tf30|pm|,donchian-GC-tf30-pm,donchian,GC,False,-1529.9642857142858,0.25,-10.911614875191034,False,140.21428571428572,-39986.0,-45692.0,4159,3693,False,False,False,0.0,0.15384615384615385
donchian-GC-tf30|pre|,donchian-GC-tf30-pre,donchian,GC,False,1258.1875,0.53125,4.197456213511259,False,299.75,97008.0,-56746.0,5188,4404,False,False,True,0.0,0.11538461538461539
donchian-GC-tf5|asia|,donchian-GC-tf5-asia,donchian,GC,False,-16928.8125,0.078125,-23.840249966993795,False,710.09375,-657626.0,-425818.0,22289,23157,False,False,False,0.0,0.15384615384615385
donchian-GC-tf5|eve|,donchian-GC-tf5-eve,donchian,GC,False,-19913.4375,0.0078125,-29.014456459874786,False,686.328125,-1682712.0,-866208.0,42968,44882,False,False,False,0.0,0.15384615384615385
donchian-GC-tf5|london|,donchian-GC-tf5-london,donchian,GC,False,-38522.15625,0.0,-40.66031714617915,False,947.4140625,-3158106.0,-1772730.0,62549,58720,False,False,False,0.0,0.15384615384615385
donchian-GC-tf5|mid|,donchian-GC-tf5-mid,donchian,GC,False,-6634.40625,0.28125,-13.199515046008456,False,502.625,-258562.0,-590642.0,32303,32033,False,False,False,0.0,0.15384615384615385
donchian-GC-tf5|nyam|,donchian-GC-tf5-nyam,donchian,GC,False,-981.734375,0.4765625,-1.6849741210544664,False,582.640625,1233406.0,-1359068.0,35931,38647,False,False,False,0.0,0.15384615384615385
donchian-GC-tf5|pm|,donchian-GC-tf5-pm,donchian,GC,False,-7633.96875,0.296875,-14.915557455122725,False,511.8125,-593490.0,-383658.0,32410,33102,False,False,False,0.0,0.15384615384615385
donchian-GC-tf5|pre|,donchian-GC-tf5-pre,donchian,GC,False,1458.625,0.453125,3.0196833201248605,False,483.0390625,-117560.0,304264.0,30860,30969,False,False,False,0.0,0.11538461538461539
donchian-NQ-tf15|asia|,donchian-NQ-tf15-asia,donchian,NQ,False,3000.5625,0.40625,27.52809633027523,False,109.0,-180127.0,276145.0,1888,1600,False,False,False,0.164,0.46153846153846156
donchian-NQ-tf15|eve|,donchian-NQ-tf15-eve,donchian,NQ,False,-14427.375,0.15625,-46.13761055314046,False,312.703125,-397477.0,-525875.0,10168,9845,False,False,False,0.0,0.5
donchian-NQ-tf15|london|,donchian-NQ-tf15-london,donchian,NQ,False,-21525.203125,0.0625,-28.55629949007089,False,753.78125,-1190577.0,-187036.0,25213,23029,False,False,False,0.0,0.5
donchian-NQ-tf15|mid|,donchian-NQ-tf15-mid,donchian,NQ,False,978.0425531914893,0.35106382978723405,2.166207205296765,False,451.5,1078341.0,-986405.0,22141,20300,False,False,False,0.018,0.46153846153846156
donchian-NQ-tf15|nyam|,donchian-NQ-tf15-nyam,donchian,NQ,True,31497.1875,0.7708333333333334,57.50175905676524,False,547.7604166666666,1548214.0,1475516.0,26019,26566,True,False,True,0.361,0.46153846153846156
donchian-NQ-tf15|pm|,donchian-NQ-tf15-pm,donchian,NQ,True,29164.68,0.856,71.65064858490567,True,407.04,1979851.0,1665734.0,28126,22754,True,True,True,0.521,0.46153846153846156
donchian-NQ-tf15|pre|,donchian-NQ-tf15-pre,donchian,NQ,False,5192.9375,0.578125,14.674496644295303,False,353.875,-530332.0,862680.0,11253,11395,False,False,True,0.099,0.46153846153846156
donchian-NQ-tf1|asia|,donchian-NQ-tf1-asia,donchian,NQ,False,-13646.453125,0.203125,-12.003147247189467,False,1136.90625,-301853.0,-1444893.0,72897,72627,False,False,False,0.0,0.5
donchian-NQ-tf1|eve|,donchian-NQ-tf1-eve,donchian,NQ,False,-37434.15625,0.03125,-28.99449345871304,False,1291.078125,-2858985.0,-1932587.0,82890,82368,False,False,False,0.0,0.5
donchian-NQ-tf1|london|,donchian-NQ-tf1-london,donchian,NQ,False,-2871.5,0.46875,-1.9819679910271344,False,1448.8125,367370.0,-734922.0,92575,92873,False,False,False,0.0,0.5
donchian-NQ-tf1|mid|,donchian-NQ-tf1-mid,donchian,NQ,False,-26567.78125,0.203125,-18.62832915192217,False,1426.203125,544237.0,-3944913.0,94367,88187,False,False,False,0.0,0.5
donchian-NQ-tf1|nyam|,donchian-NQ-tf1-nyam,donchian,NQ,False,7553.0390625,0.3828125,5.059497393816332,False,1492.84375,84164.0,882625.0,98304,92780,True,False,False,0.0,0.46153846153846156
donchian-NQ-tf1|pm|,donchian-NQ-tf1-pm,donchian,NQ,False,-756.0390625,0.4921875,-0.5316993302455401,False,1421.9296875,89165.0,-185938.0,96965,85042,False,False,False,0.0,0.5
donchian-NQ-tf1|pre|,donchian-NQ-tf1-pre,donchian,NQ,False,4128.609375,0.46875,4.084193767775442,False,1010.875,-163009.0,691471.0,64486,64906,False,False,False,0.0,0.46153846153846156
donchian-NQ-tf30|eve|,donchian-NQ-tf30-eve,donchian,NQ,False,-1971.9375,0.4375,-44.81676136363637,False,44.0,49951.0,-113053.0,896,512,False,False,False,0.147,0.5
donchian-NQ-tf30|london|,donchian-NQ-tf30-london,donchian,NQ,False,-18061.59375,0.0625,-50.17544925774807,False,359.96875,-329622.0,-248349.0,6108,5411,False,False,False,0.001,0.5
donchian-NQ-tf30|mid|,donchian-NQ-tf30-mid,donchian,NQ,False,-5929.241935483871,0.2903225806451613,-17.90875432357383,False,331.0806451612903,275811.0,-643424.0,10871,9656,False,False,False,0.009,0.5
donchian-NQ-tf30|nyam|,donchian-NQ-tf30-nyam,donchian,NQ,True,34773.4375,0.953125,107.3306004340487,True,323.984375,887932.0,1337568.0,10807,9928,True,False,True,0.787,0.46153846153846156
donchian-NQ-tf30|pm|,donchian-NQ-tf30-pm,donchian,NQ,True,27451.354838709678,0.8709677419354839,88.58041011762256,True,309.9032258064516,796943.0,905041.0,10963,8251,True,True,True,0.713,0.46153846153846156
donchian-NQ-tf30|pre|,donchian-NQ-tf30-pre,donchian,NQ,False,-10413.6875,0.3125,-42.19804989236419,False,246.78125,-392008.0,58770.0,4287,3610,False,False,False,0.019,0.5
donchian-NQ-tf5|asia|,donchian-NQ-tf5-asia,donchian,NQ,False,-13346.234375,0.21875,-17.919670205177695,False,744.78125,-280051.0,-574108.0,22854,24812,False,False,False,0.0,0.5
donchian-NQ-tf5|eve|,donchian-NQ-tf5-eve,donchian,NQ,False,-23075.4296875,0.125,-34.41886616558877,False,670.4296875,-1607320.0,-1346335.0,43310,42505,False,False,False,0.0,0.5
donchian-NQ-tf5|london|,donchian-NQ-tf5-london,donchian,NQ,False,-19672.4140625,0.140625,-18.520524267988613,False,1062.1953125,-1195530.0,-1322539.0,70405,65556,False,False,False,0.0,0.5
donchian-NQ-tf5|mid|,donchian-NQ-tf5-mid,donchian,NQ,False,1170.640625,0.4453125,1.5374402331164967,False,761.421875,1573961.0,-1424119.0,50476,46986,False,False,False,0.002,0.46153846153846156
donchian-NQ-tf5|nyam|,donchian-NQ-tf5-nyam,donchian,NQ,True,18340.3671875,0.6171875,18.420669794887086,False,995.640625,1329972.0,1017595.0,63332,64110,True,False,True,0.024,0.46153846153846156
donchian-NQ-tf5|pm|,donchian-NQ-tf5-pm,donchian,NQ,True,29706.9140625,0.84375,35.110664819944596,False,846.09375,1867948.0,1934537.0,59523,48777,True,False,True,0.034,0.46153846153846156
donchian-NQ-tf5|pre|,donchian-NQ-tf5-pre,donchian,NQ,False,8615.2109375,0.546875,17.627875377655577,False,488.7265625,-192132.0,1294879.0,30608,31949,False,False,True,0.046,0.46153846153846156
donchian_fbook-NQ-tf15|nyam|,donchian_fbook-NQ-tf15-nyam,donchian_fbook,NQ,False,13893.8125,0.5833333333333334,59.836077340630744,False,232.19791666666666,263726.0,1070080.0,10256,12035,True,False,True,0.394,1.0
donchian_fbook-NQ-tf15|pm|,donchian_fbook-NQ-tf15-pm,donchian_fbook,NQ,True,15320.128,0.84,78.90140496889292,True,194.168,937772.0,977244.0,12097,12174,True,False,True,0.604,1.0
donchian_fbook-NQ-tf30|nyam|,donchian_fbook-NQ-tf30-nyam,donchian_fbook,NQ,True,14932.15625,0.90625,117.93878810317166,True,126.609375,436789.0,518869.0,3994,4109,True,False,True,0.743,1.0
donchian_fbook-NQ-tf30|pm|,donchian_fbook-NQ-tf30-pm,donchian_fbook,NQ,True,9181.183333333332,0.7666666666666667,66.40200096432015,False,138.26666666666668,241199.0,309672.0,4174,4122,True,False,True,0.455,1.0
donchian_fbook-NQ-tf5|nyam|,donchian_fbook-NQ-tf5-nyam,donchian_fbook,NQ,False,8496.7890625,0.421875,18.202631006376677,False,466.7890625,93748.0,993841.0,28413,31336,True,False,False,0.068,1.0
donchian_fbook-NQ-tf5|pm|,donchian_fbook-NQ-tf5-pm,donchian_fbook,NQ,True,22317.3046875,0.796875,47.945871097683785,False,465.46875,1213875.0,1642740.0,29410,30170,True,False,True,0.203,1.0
donchian_thin-NQ-tf15|nyam|,donchian_thin-NQ-tf15-nyam,donchian_thin,NQ,True,11989.291666666666,0.6041666666666666,101.25556435295152,True,118.40625,365050.0,785922.0,5835,5532,True,False,True,0.479,0.8
donchian_thin-NQ-tf15|pm|,donchian_thin-NQ-tf15-pm,donchian_thin,NQ,True,8121.183333333333,0.9333333333333333,113.88827860231389,True,71.30833333333334,32014.0,942528.0,4869,3688,True,False,True,0.75,0.8
donchian_thin-NQ-tf30|nyam|,donchian_thin-NQ-tf30-nyam,donchian_thin,NQ,True,11677.20634920635,0.746031746031746,124.49889998307667,True,93.7936507936508,277454.0,458210.0,3089,2820,True,True,True,0.667,0.8
donchian_thin-NQ-tf30|pm|,donchian_thin-NQ-tf30-pm,donchian_thin,NQ,False,469.48387096774195,0.5645161290322581,14.14382896015549,False,33.193548387096776,-85721.0,114829.0,1159,899,False,False,True,0.309,0.8
donchian_thin-NQ-tf5|nyam|,donchian_thin-NQ-tf5-nyam,donchian_thin,NQ,True,20629.578125,0.7421875,128.2086812973393,True,160.90625,1276911.0,1363675.0,10916,9680,True,False,True,0.761,0.8
donchian_thin-NQ-tf5|pm|,donchian_thin-NQ-tf5-pm,donchian_thin,NQ,False,-464.046875,0.515625,-2.5370750042713137,False,182.90625,148181.0,-207579.0,11951,11461,False,False,False,0.052,1.0
donchian_xbook-NQ-tf15|nyam|,donchian_xbook-NQ-tf15-nyam,donchian_xbook,NQ,True,1081.1935483870968,0.6129032258064516,1.6274075033179036,False,664.3655913978495,9877.0,90674.0,31562,30224,True,False,True,0.0,0.6
donchian_xbook-NQ-tf15|pm|,donchian_xbook-NQ-tf15-pm,donchian_xbook,NQ,True,6285.067796610169,0.8559322033898306,11.485264739132456,False,547.228813559322,917258.0,-175620.0,37218,27355,False,False,True,0.0,0.6
donchian_xbook-NQ-tf30|nyam|,donchian_xbook-NQ-tf30-nyam,donchian_xbook,NQ,True,12989.344262295082,0.9508196721311475,36.72537659327926,False,353.6885245901639,46664.0,745686.0,11364,10211,True,False,True,0.087,0.6
donchian_xbook-NQ-tf30|pm|,donchian_xbook-NQ-tf30-pm,donchian_xbook,NQ,True,5225.379310344828,0.7586206896551724,13.276908923643054,False,393.5689655172414,242565.0,60507.0,13635,9192,True,False,True,0.005,0.6
donchian_xbook-NQ-tf5|nyam|,donchian_xbook-NQ-tf5-nyam,donchian_xbook,NQ,False,-9558.7421875,0.203125,-8.219480571827807,False,1162.9375,-531292.0,-692227.0,75403,73453,False,False,False,0.0,0.8
donchian_xbook-NQ-tf5|pm|,donchian_xbook-NQ-tf5-pm,donchian_xbook,NQ,False,-9166.0,0.11811023622047244,-8.342401353036449,False,1098.724409448819,-319656.0,-844426.0,78524,61014,False,False,False,0.0,0.8
ema_pullback-ES-tf15|eve|,ema_pullback-ES-tf15-eve,ema_pullback,ES,False,-11462.515625,0.0,-40.65622921746841,False,281.9375,106378.0,-473178.5,4493,4529,False,False,False,0.0,0.09090909090909091
ema_pullback-ES-tf15|london|,ema_pullback-ES-tf15-london,ema_pullback,ES,False,-31050.734375,0.0,-44.99291342148162,False,690.125,-522819.0,-470804.5,10986,11098,False,False,False,0.0,0.09090909090909091
ema_pullback-ES-tf15|mid|,ema_pullback-ES-tf15-mid,ema_pullback,ES,False,-13425.46875,0.0625,-23.335958718087994,False,575.3125,-207705.5,-221909.5,9167,9243,False,False,False,0.0,0.09090909090909091
ema_pullback-ES-tf15|nyam|,ema_pullback-ES-tf15-nyam,ema_pullback,ES,False,-36151.4375,0.0,-48.50710721623548,False,745.28125,-467116.0,-689730.0,11829,12020,False,False,False,0.0,0.09090909090909091
ema_pullback-ES-tf15|pm|,ema_pullback-ES-tf15-pm,ema_pullback,ES,False,-18299.90625,0.0,-30.352822267143523,False,602.90625,-270334.5,-315262.5,9593,9700,False,False,False,0.0,0.09090909090909091
ema_pullback-ES-tf15|pre|,ema_pullback-ES-tf15-pre,ema_pullback,ES,False,820.875,0.5625,1.8853082609631808,False,435.40625,118306.5,-92038.5,6839,7094,False,True,True,0.004,0.045454545454545456
ema_pullback-ES-tf1|asia|,ema_pullback-ES-tf1-asia,ema_pullback,ES,False,-38262.25,0.0625,-33.61590203991983,False,1138.21875,-606859.0,-617533.0,18271,18152,False,False,False,0.0,0.09090909090909091
ema_pullback-ES-tf1|eve|,ema_pullback-ES-tf1-eve,ema_pullback,ES,False,-63092.859375,0.0,-49.85607220466219,False,1265.5,-936121.5,-1082850.0,20046,20450,False,False,False,0.0,0.09090909090909091
ema_pullback-ES-tf1|london|,ema_pullback-ES-tf1-london,ema_pullback,ES,False,-53108.09375,0.03125,-37.190541841736696,False,1428.0,-988053.5,-711405.5,23029,22667,False,False,False,0.0,0.09090909090909091
ema_pullback-ES-tf1|mid|,ema_pullback-ES-tf1-mid,ema_pullback,ES,False,-23815.59375,0.21875,-17.20080801697287,False,1384.5625,-162654.0,-599445.0,22751,21555,False,False,False,0.0,0.09090909090909091
ema_pullback-ES-tf1|nyam|,ema_pullback-ES-tf1-nyam,ema_pullback,ES,False,-40623.6875,0.0625,-28.49098121726171,False,1425.84375,-618089.5,-681868.5,22938,22689,False,False,False,0.0,0.09090909090909091
ema_pullback-ES-tf1|pm|,ema_pullback-ES-tf1-pm,ema_pullback,ES,False,-17219.359375,0.1875,-12.429104730110753,False,1385.40625,-86846.5,-464173.0,23296,21037,False,False,False,0.0,0.09090909090909091
ema_pullback-ES-tf1|pre|,ema_pullback-ES-tf1-pre,ema_pullback,ES,False,-17005.53125,0.15625,-15.847661482905236,False,1073.0625,-335117.0,-209060.0,17573,16765,False,False,False,0.0,0.09090909090909091
ema_pullback-ES-tf30|mid|,ema_pullback-ES-tf30-mid,ema_pullback,ES,False,-8065.28125,0.28125,-19.866753906550688,False,405.96875,-189937.0,-68152.0,7003,5988,False,False,False,0.0,0.09090909090909091
ema_pullback-ES-tf30|nyam|,ema_pullback-ES-tf30-nyam,ema_pullback,ES,False,-29294.9375,0.0,-57.61049655850541,False,508.5,-631130.5,-306307.5,8742,7530,False,False,False,0.0,0.09090909090909091
ema_pullback-ES-tf30|pm|,ema_pullback-ES-tf30-pm,ema_pullback,ES,False,1438.671875,0.59375,3.7428861788617884,False,384.375,56587.5,-10550.0,6175,6125,False,False,True,0.002,0.045454545454545456
ema_pullback-ES-tf5|asia|,ema_pullback-ES-tf5-asia,ema_pullback,ES,False,-28805.671875,0.0,-41.92583917038115,False,687.0625,-479792.0,-441989.5,11173,10813,False,False,False,0.0,0.09090909090909091
ema_pullback-ES-tf5|eve|,ema_pullback-ES-tf5-eve,ema_pullback,ES,False,-52262.15625,0.0,-51.751113999257335,False,1009.875,-608525.0,-1063864.0,15925,16391,False,False,False,0.0,0.09090909090909091
ema_pullback-ES-tf5|london|,ema_pullback-ES-tf5-london,ema_pullback,ES,False,-32839.34375,0.0,-26.046175581222425,False,1260.8125,-415492.0,-635367.0,20473,19873,False,False,False,0.0,0.09090909090909091
ema_pullback-ES-tf5|mid|,ema_pullback-ES-tf5-mid,ema_pullback,ES,False,-18530.8125,0.15625,-19.500345292512087,False,950.28125,-252054.5,-340931.5,14173,16236,False,False,False,0.0,0.09090909090909091
ema_pullback-ES-tf5|nyam|,ema_pullback-ES-tf5-nyam,ema_pullback,ES,False,-55053.078125,0.0,-52.731255051034154,False,1044.03125,-854064.5,-907634.0,16388,17021,False,False,False,0.0,0.09090909090909091
ema_pullback-ES-tf5|pm|,ema_pullback-ES-tf5-pm,ema_pullback,ES,False,-19262.40625,0.1875,-19.403078569629816,False,992.75,-202041.0,-414356.0,16554,15214,False,False,False,0.0,0.09090909090909091
ema_pullback-ES-tf5|pre|,ema_pullback-ES-tf5-pre,ema_pullback,ES,False,-16471.375,0.21875,-25.10401981329777,False,656.125,-105263.5,-421820.5,10119,10877,False,False,False,0.0,0.09090909090909091
ema_pullback-GC-tf15|eve|,ema_pullback-GC-tf15-eve,ema_pullback,GC,False,-20309.8125,0.0,-79.34489073373214,False,255.96875,-396216.0,-253698.0,4234,3957,False,False,False,0.0,0.0
ema_pullback-GC-tf15|london|,ema_pullback-GC-tf15-london,ema_pullback,GC,False,-13738.9375,0.0625,-21.087150462851934,False,651.53125,-318590.0,-121056.0,10160,10689,False,False,False,0.0,0.0
ema_pullback-GC-tf15|mid|,ema_pullback-GC-tf15-mid,ema_pullback,GC,False,-7363.0625,0.0625,-19.04445522146783,False,386.625,-229074.0,-6544.0,5981,6391,False,False,False,0.0,0.0
ema_pullback-GC-tf15|nyam|,ema_pullback-GC-tf15-nyam,ema_pullback,GC,False,-15507.375,0.03125,-28.903022890092608,False,536.53125,-283244.0,-212992.0,8041,9128,False,False,False,0.0,0.0
ema_pullback-GC-tf15|pm|,ema_pullback-GC-tf15-pm,ema_pullback,GC,False,-1861.3125,0.4375,-5.018705763397371,False,370.875,-52646.0,-6916.0,5824,6044,False,False,False,0.0,0.0
ema_pullback-GC-tf15|pre|,ema_pullback-GC-tf15-pre,ema_pullback,GC,False,-5798.75,0.3125,-10.58830242510699,False,547.65625,-223362.0,37802.0,8428,9097,False,False,False,0.0,0.0
ema_pullback-GC-tf1|asia|,ema_pullback-GC-tf1-asia,ema_pullback,GC,False,-28072.5625,0.09375,-25.601972184222525,False,1096.5,-525734.0,-372588.0,17576,17512,False,False,False,0.0,0.0
ema_pullback-GC-tf1|eve|,ema_pullback-GC-tf1-eve,ema_pullback,GC,False,-47025.1875,0.0,-38.44773755078055,False,1223.09375,-1003072.0,-501734.0,19668,19471,False,False,False,0.0,0.0
ema_pullback-GC-tf1|london|,ema_pullback-GC-tf1-london,ema_pullback,GC,False,-38110.9375,0.0,-28.698670431815508,False,1327.96875,-659188.0,-560362.0,21062,21433,False,False,False,0.0,0.0
ema_pullback-GC-tf1|mid|,ema_pullback-GC-tf1-mid,ema_pullback,GC,False,-16264.0,0.25,-14.31493247517672,False,1136.15625,-467666.0,-52782.0,18074,18283,False,False,False,0.0,0.0
ema_pullback-GC-tf1|nyam|,ema_pullback-GC-tf1-nyam,ema_pullback,GC,False,-7398.0,0.375,-6.02014037229173,False,1228.875,-156466.0,-80270.0,19234,20090,False,False,False,0.0,0.0
ema_pullback-GC-tf1|pm|,ema_pullback-GC-tf1-pm,ema_pullback,GC,False,-25122.9375,0.125,-24.53936082537163,False,1023.78125,-553066.0,-250868.0,16204,16557,False,False,False,0.0,0.0
ema_pullback-GC-tf1|pre|,ema_pullback-GC-tf1-pre,ema_pullback,GC,False,-12596.25,0.21875,-11.978603268945022,False,1051.5625,-465020.0,61940.0,16260,17390,False,False,False,0.0,0.0
ema_pullback-GC-tf30|mid|,ema_pullback-GC-tf30-mid,ema_pullback,GC,False,-3152.375,0.25,-12.611076384548069,False,249.96875,-189820.0,88944.0,4155,3844,False,False,False,0.0,0.0
ema_pullback-GC-tf30|nyam|,ema_pullback-GC-tf30-nyam,ema_pullback,GC,False,-3351.3125,0.125,-9.408843656781892,False,356.1875,-88134.0,-19108.0,5391,6007,False,False,False,0.0,0.0
ema_pullback-GC-tf30|pm|,ema_pullback-GC-tf30-pm,ema_pullback,GC,False,-3660.875,0.09375,-15.999453701174543,False,228.8125,-40566.0,-76582.0,3824,3498,False,False,False,0.0,0.0
ema_pullback-GC-tf5|asia|,ema_pullback-GC-tf5-asia,ema_pullback,GC,False,-6807.5,0.25,-10.707299090685671,False,635.78125,-394220.0,176380.0,10365,9980,False,False,False,0.0,0.0
ema_pullback-GC-tf5|eve|,ema_pullback-GC-tf5-eve,ema_pullback,GC,False,-35711.8125,0.0,-35.82713107815782,False,996.78125,-778674.0,-364104.0,15906,15991,False,False,False,0.0,0.0
ema_pullback-GC-tf5|london|,ema_pullback-GC-tf5-london,ema_pullback,GC,False,-29682.0,0.03125,-26.28833965292962,False,1129.09375,-793464.0,-156360.0,17921,18210,False,False,False,0.0,0.0
ema_pullback-GC-tf5|mid|,ema_pullback-GC-tf5-mid,ema_pullback,GC,False,-14264.3125,0.0,-20.531576106513135,False,694.75,-264722.0,-191736.0,10503,11729,False,False,False,0.0,0.0
ema_pullback-GC-tf5|nyam|,ema_pullback-GC-tf5-nyam,ema_pullback,GC,False,-22052.8125,0.0,-28.53001819284415,False,772.96875,-415240.0,-290450.0,11640,13095,False,False,False,0.0,0.0
ema_pullback-GC-tf5|pm|,ema_pullback-GC-tf5-pm,ema_pullback,GC,False,-8940.125,0.1875,-13.250150525681997,False,674.71875,-239990.0,-46094.0,10550,11041,False,False,False,0.0,0.0
ema_pullback-GC-tf5|pre|,ema_pullback-GC-tf5-pre,ema_pullback,GC,False,-11360.125,0.1875,-16.426008765984367,False,691.59375,-377726.0,14202.0,10444,11687,False,False,False,0.0,0.0
ema_pullback-NQ-tf15|eve|,ema_pullback-NQ-tf15-eve,ema_pullback,NQ,True,11235.65625,0.8125,38.06277789540546,False,295.1875,365491.0,-5950.0,4596,4850,False,True,True,0.224,0.5
ema_pullback-NQ-tf15|london|,ema_pullback-NQ-tf15-london,ema_pullback,NQ,False,-2499.15625,0.375,-3.5003720400927913,False,713.96875,37089.0,-117062.0,11559,11288,False,False,False,0.001,0.5454545454545454
ema_pullback-NQ-tf15|mid|,ema_pullback-NQ-tf15-mid,ema_pullback,NQ,True,28734.625,0.90625,52.68481063427491,False,545.40625,602135.0,317373.0,8985,8468,True,True,True,0.292,0.5
ema_pullback-NQ-tf15|nyam|,ema_pullback-NQ-tf15-nyam,ema_pullback,NQ,False,-11970.4375,0.28125,-14.440699690869335,False,828.9375,-57912.0,-325142.0,13868,12658,False,False,False,0.001,0.5454545454545454
ema_pullback-NQ-tf15|pm|,ema_pullback-NQ-tf15-pm,ema_pullback,NQ,True,13434.84375,0.8125,22.910471622701838,False,586.40625,272214.0,157701.0,9604,9161,True,False,True,0.047,0.5
ema_pullback-NQ-tf15|pre|,ema_pullback-NQ-tf15-pre,ema_pullback,NQ,True,26230.40625,0.75,57.44015602545679,False,456.65625,731995.0,107378.0,7825,6788,True,True,True,0.359,0.5
ema_pullback-NQ-tf1|asia|,ema_pullback-NQ-tf1-asia,ema_pullback,NQ,False,-28940.625,0.125,-24.848403541722565,False,1164.6875,-272619.0,-653481.0,18826,18444,False,False,False,0.0,0.5454545454545454
ema_pullback-NQ-tf1|eve|,ema_pullback-NQ-tf1-eve,ema_pullback,NQ,False,-56399.78125,0.0,-43.65519326592811,False,1291.9375,-876993.0,-927800.0,20242,21100,False,False,False,0.0,0.5454545454545454
ema_pullback-NQ-tf1|london|,ema_pullback-NQ-tf1-london,ema_pullback,NQ,False,-19019.75,0.0625,-13.165873496582158,False,1444.625,-101785.0,-506847.0,23080,23148,False,False,False,0.0,0.5454545454545454
ema_pullback-NQ-tf1|mid|,ema_pullback-NQ-tf1-mid,ema_pullback,NQ,False,-6961.90625,0.3125,-4.856896814842268,False,1433.40625,339141.0,-561922.0,23516,22353,False,False,False,0.0,0.5454545454545454
ema_pullback-NQ-tf1|nyam|,ema_pullback-NQ-tf1-nyam,ema_pullback,NQ,True,25061.0,0.6875,16.68925330891534,False,1501.625,414849.0,387103.0,24489,23563,True,True,True,0.0,0.5
ema_pullback-NQ-tf1|pm|,ema_pullback-NQ-tf1-pm,ema_pullback,NQ,True,22528.8125,0.6875,15.943605281199549,False,1413.03125,598859.0,122063.0,24114,21103,True,True,True,0.0,0.5
ema_pullback-NQ-tf1|pre|,ema_pullback-NQ-tf1-pre,ema_pullback,NQ,True,24131.90625,0.71875,21.990574097277594,False,1097.375,223784.0,548437.0,17304,17812,True,False,True,0.003,0.5
ema_pullback-NQ-tf30|mid|,ema_pullback-NQ-tf30-mid,ema_pullback,NQ,False,1308.90625,0.3125,3.4052845528455284,False,384.375,210568.0,-168683.0,6718,5582,False,False,False,0.045,0.5
ema_pullback-NQ-tf30|nyam|,ema_pullback-NQ-tf30-nyam,ema_pullback,NQ,False,-8407.40625,0.1875,-15.580090340514246,False,539.625,-227628.0,-41409.0,9047,8221,False,False,False,0.008,0.5454545454545454
ema_pullback-NQ-tf30|pm|,ema_pullback-NQ-tf30-pm,ema_pullback,NQ,True,22189.4375,0.96875,59.936017557187476,False,370.21875,81153.0,628909.0,5918,5929,True,False,True,0.383,0.5
ema_pullback-NQ-tf5|asia|,ema_pullback-NQ-tf5-asia,ema_pullback,NQ,False,-6426.34375,0.25,-9.38280786604006,False,684.90625,-93699.0,-111944.0,11151,10766,False,False,False,0.001,0.5454545454545454
ema_pullback-NQ-tf5|eve|,ema_pullback-NQ-tf5-eve,ema_pullback,NQ,False,-24557.40625,0.15625,-23.75708930406917,False,1033.6875,-198032.0,-587805.0,16768,16310,False,False,False,0.0,0.5454545454545454
ema_pullback-NQ-tf5|london|,ema_pullback-NQ-tf5-london,ema_pullback,NQ,False,-9994.6875,0.21875,-7.832251744826742,False,1276.09375,117079.0,-436909.0,20759,20076,False,False,False,0.0,0.5454545454545454
ema_pullback-NQ-tf5|mid|,ema_pullback-NQ-tf5-mid,ema_pullback,NQ,True,22192.1875,0.65625,23.03438209536166,False,963.4375,581782.0,128368.0,15537,15293,True,False,True,0.018,0.5
ema_pullback-NQ-tf5|nyam|,ema_pullback-NQ-tf5-nyam,ema_pullback,NQ,False,-8558.96875,0.3125,-7.47446988510766,False,1145.09375,194956.0,-468843.0,18851,17792,False,False,False,0.0,0.5454545454545454
ema_pullback-NQ-tf5|pm|,ema_pullback-NQ-tf5-pm,ema_pullback,NQ,True,23025.40625,0.78125,23.09903442222083,False,996.8125,717887.0,18926.0,16407,15491,True,True,True,0.01,0.5
ema_pullback-NQ-tf5|pre|,ema_pullback-NQ-tf5-pre,ema_pullback,NQ,True,15192.21875,0.625,23.18206094129989,False,655.34375,272557.0,213594.0,10587,10384,True,False,True,0.045,0.5
ema_ribbon-ES-tf15|asia|,ema_ribbon-ES-tf15-asia,ema_ribbon,ES,False,-7862.15625,0.0,-124.79613095238095,False,63.0,-172011.0,-79578.0,1184,832,False,False,False,0.0,0.15384615384615385
ema_ribbon-ES-tf15|eve|,ema_ribbon-ES-tf15-eve,ema_ribbon,ES,False,-22647.625,0.0,-84.45682321407762,False,268.15625,-258540.5,-466183.5,4257,4324,False,False,False,0.0,0.15384615384615385
ema_ribbon-ES-tf15|london|,ema_ribbon-ES-tf15-london,ema_ribbon,ES,False,-9229.40625,0.3125,-20.36272752344181,False,453.25,73883.0,-369224.0,7248,7256,False,False,False,0.0,0.15384615384615385
ema_ribbon-ES-tf15|mid|,ema_ribbon-ES-tf15-mid,ema_ribbon,ES,False,-4798.390625,0.1875,-25.659842914438503,False,187.0,-152102.5,-1446.0,3260,2724,False,False,False,0.006,0.15384615384615385
ema_ribbon-ES-tf15|nyam|,ema_ribbon-ES-tf15-nyam,ema_ribbon,ES,False,-4464.78125,0.25,-25.45848182466144,False,175.375,55781.0,-198654.0,2936,2676,False,False,False,0.017,0.15384615384615385
ema_ribbon-ES-tf15|pm|,ema_ribbon-ES-tf15-pm,ema_ribbon,ES,True,8503.532258064517,0.8387096774193549,59.47867779783393,False,142.96774193548387,207020.5,56589.0,2148,2284,True,False,True,0.334,0.11538461538461539
ema_ribbon-ES-tf15|pre|,ema_ribbon-ES-tf15-pre,ema_ribbon,ES,False,-3474.125,0.09375,-35.092171717171716,False,99.0,-8278.0,-102894.0,1632,1536,False,False,False,0.024,0.15384615384615385
ema_ribbon-ES-tf1|asia|,ema_ribbon-ES-tf1-asia,ema_ribbon,ES,False,-36552.890625,0.0625,-34.33203698268271,False,1064.6875,-519470.0,-650222.5,17630,16440,False,False,False,0.0,0.15384615384615385
ema_ribbon-ES-tf1|eve|,ema_ribbon-ES-tf1-eve,ema_ribbon,ES,False,-70334.296875,0.0,-56.422599649034844,False,1246.5625,-879034.0,-1371663.5,20096,19794,False,False,False,0.0,0.15384615384615385
ema_ribbon-ES-tf1|london|,ema_ribbon-ES-tf1-london,ema_ribbon,ES,False,-41697.59375,0.0,-30.282851436612045,False,1376.9375,-638542.0,-695781.0,22273,21789,False,False,False,0.0,0.15384615384615385
ema_ribbon-ES-tf1|mid|,ema_ribbon-ES-tf1-mid,ema_ribbon,ES,False,-12374.96875,0.28125,-9.812642481910991,False,1261.125,-263661.0,-132338.0,21484,18872,False,False,False,0.0,0.15384615384615385
ema_ribbon-ES-tf1|nyam|,ema_ribbon-ES-tf1-nyam,ema_ribbon,ES,False,-39742.640625,0.0,-33.969883540787436,False,1169.9375,-651494.0,-620270.5,19036,18402,False,False,False,0.0,0.15384615384615385
ema_ribbon-ES-tf1|pm|,ema_ribbon-ES-tf1-pm,ema_ribbon,ES,False,-30454.171875,0.09375,-24.227662589498806,False,1257.0,-275841.5,-698692.0,21026,19198,False,False,False,0.0,0.15384615384615385
ema_ribbon-ES-tf1|pre|,ema_ribbon-ES-tf1-pre,ema_ribbon,ES,False,-16685.25,0.0625,-22.545730934887256,False,740.0625,-175276.0,-358652.0,11969,11713,False,False,False,0.0,0.15384615384615385
ema_ribbon-ES-tf30|eve|,ema_ribbon-ES-tf30-eve,ema_ribbon,ES,True,2485.359375,0.625,47.79537259615385,False,52.0,-7002.5,86534.0,960,704,False,False,True,0.299,0.11538461538461539
ema_ribbon-ES-tf30|london|,ema_ribbon-ES-tf30-london,ema_ribbon,ES,False,-7855.234375,0.03125,-47.24953007518797,False,166.25,-109364.0,-142003.5,2816,2504,False,False,False,0.001,0.15384615384615385
ema_ribbon-ES-tf30|mid|,ema_ribbon-ES-tf30-mid,ema_ribbon,ES,True,671.28125,0.65625,6.439148681055156,False,104.25,31004.0,-9523.0,1724,1612,False,False,True,0.099,0.11538461538461539
ema_ribbon-ES-tf30|nyam|,ema_ribbon-ES-tf30-nyam,ema_ribbon,ES,False,-2456.3548387096776,0.16129032258064516,-31.49172870140612,False,78.0,-74115.5,-2031.5,1457,961,False,False,False,0.035,0.15384615384615385
ema_ribbon-ES-tf30|pm|,ema_ribbon-ES-tf30-pm,ema_ribbon,ES,True,3310.0833333333335,0.6666666666666666,39.880522088353416,False,83.0,143687.5,-44385.0,1350,1140,False,False,True,0.231,0.11538461538461539
ema_ribbon-ES-tf30|pre|,ema_ribbon-ES-tf30-pre,ema_ribbon,ES,False,-4136.078125,0.09375,-64.626220703125,False,64.0,-66233.5,-66121.0,1024,1024,False,False,False,0.016,0.15384615384615385
ema_ribbon-ES-tf5|asia|,ema_ribbon-ES-tf5-asia,ema_ribbon,ES,False,-24355.25,0.0,-49.58758032703442,False,491.15625,-394395.5,-384972.5,8127,7590,False,False,False,0.0,0.15384615384615385
ema_ribbon-ES-tf5|eve|,ema_ribbon-ES-tf5-eve,ema_ribbon,ES,False,-47694.046875,0.0,-59.92655489241401,False,795.875,-538039.0,-988170.5,13116,12352,False,False,False,0.0,0.15384615384615385
ema_ribbon-ES-tf5|london|,ema_ribbon-ES-tf5-london,ema_ribbon,ES,False,-30704.71875,0.0,-34.3922083377087,False,892.78125,-604434.5,-378116.5,14768,13801,False,False,False,0.0,0.15384615384615385
ema_ribbon-ES-tf5|mid|,ema_ribbon-ES-tf5-mid,ema_ribbon,ES,False,-7600.5,0.1875,-18.212969896660177,False,417.3125,-83123.0,-160093.0,6487,6867,False,False,False,0.0,0.15384615384615385
ema_ribbon-ES-tf5|nyam|,ema_ribbon-ES-tf5-nyam,ema_ribbon,ES,False,-20993.828125,0.0625,-52.85621557828482,False,397.1875,-328935.0,-342867.5,6340,6370,False,False,False,0.0,0.15384615384615385
ema_ribbon-ES-tf5|pm|,ema_ribbon-ES-tf5-pm,ema_ribbon,ES,False,-1811.375,0.46875,-3.7357566383088425,False,484.875,-22899.0,-35065.0,8031,7485,False,False,False,0.0,0.15384615384615385
ema_ribbon-ES-tf5|pre|,ema_ribbon-ES-tf5-pre,ema_ribbon,ES,False,-2314.0625,0.375,-9.25625,False,250.0,-5461.0,-68589.0,3884,4116,False,False,False,0.005,0.15384615384615385
ema_ribbon-GC-tf15|asia|,ema_ribbon-GC-tf15-asia,ema_ribbon,GC,False,-4964.1875,0.0,-63.64342948717949,False,78.0,-22872.0,-135982.0,1248,1248,False,False,False,0.0,0.23076923076923078
ema_ribbon-GC-tf15|eve|,ema_ribbon-GC-tf15-eve,ema_ribbon,GC,False,-13039.0625,0.03125,-41.47614314115308,False,314.375,-462594.0,45344.0,5236,4824,False,False,False,0.0,0.23076923076923078
ema_ribbon-GC-tf15|london|,ema_ribbon-GC-tf15-london,ema_ribbon,GC,False,-15460.0,0.0,-42.247651579846284,False,365.9375,-186336.0,-308384.0,6354,5356,False,False,False,0.0,0.23076923076923078
ema_ribbon-GC-tf15|mid|,ema_ribbon-GC-tf15-mid,ema_ribbon,GC,True,1730.75,0.6875,14.04259634888438,False,123.25,-25862.0,81246.0,1928,2016,False,False,True,0.0,0.19230769230769232
ema_ribbon-GC-tf15|nyam|,ema_ribbon-GC-tf15-nyam,ema_ribbon,GC,False,-2401.0,0.375,-15.34185303514377,False,156.5,-25290.0,-51542.0,2260,2748,False,False,False,0.0,0.23076923076923078
ema_ribbon-GC-tf15|pm|,ema_ribbon-GC-tf15-pm,ema_ribbon,GC,False,-2348.4,0.03333333333333333,-21.961346633416458,False,106.93333333333334,-100494.0,30042.0,1666,1542,False,False,False,0.0,0.23076923076923078
ema_ribbon-GC-tf15|pre|,ema_ribbon-GC-tf15-pre,ema_ribbon,GC,False,-6190.3125,0.0,-51.0541237113402,False,121.25,-76872.0,-121218.0,2048,1832,False,False,False,0.0,0.23076923076923078
ema_ribbon-GC-tf1|asia|,ema_ribbon-GC-tf1-asia,ema_ribbon,GC,False,-22612.8125,0.1875,-22.309542161245567,False,1013.59375,-305154.0,-418456.0,15391,17044,False,False,False,0.0,0.23076923076923078
ema_ribbon-GC-tf1|eve|,ema_ribbon-GC-tf1-eve,ema_ribbon,GC,False,-37533.9375,0.0,-31.533671138648955,False,1190.28125,-801916.0,-399170.0,19099,18990,False,False,False,0.0,0.23076923076923078
ema_ribbon-GC-tf1|london|,ema_ribbon-GC-tf1-london,ema_ribbon,GC,False,-39335.1875,0.0,-30.761406681492705,False,1278.71875,-717882.0,-540844.0,20068,20851,False,False,False,0.0,0.23076923076923078
ema_ribbon-GC-tf1|mid|,ema_ribbon-GC-tf1-mid,ema_ribbon,GC,False,-16948.6875,0.15625,-16.811047052259624,False,1008.1875,-483242.0,-59116.0,16243,16019,False,False,False,0.0,0.23076923076923078
ema_ribbon-GC-tf1|nyam|,ema_ribbon-GC-tf1-nyam,ema_ribbon,GC,False,-17934.75,0.0625,-18.72897562249127,False,957.59375,-276746.0,-297166.0,15269,15374,False,False,False,0.0,0.23076923076923078
ema_ribbon-GC-tf1|pm|,ema_ribbon-GC-tf1-pm,ema_ribbon,GC,False,-29598.5,0.0,-31.74846646331244,False,932.28125,-609128.0,-338024.0,14457,15376,False,False,False,0.0,0.23076923076923078
ema_ribbon-GC-tf1|pre|,ema_ribbon-GC-tf1-pre,ema_ribbon,GC,False,-23473.9375,0.0,-31.84391029717241,False,737.15625,-610140.0,-141026.0,11805,11784,False,False,False,0.0,0.23076923076923078
ema_ribbon-GC-tf30|eve|,ema_ribbon-GC-tf30-eve,ema_ribbon,GC,False,-3627.4375,0.09375,-85.85650887573965,False,42.25,-105512.0,-10566.0,768,584,False,False,False,0.001,0.23076923076923078
ema_ribbon-GC-tf30|london|,ema_ribbon-GC-tf30-london,ema_ribbon,GC,False,-5363.875,0.1875,-34.35628502802242,False,156.125,75572.0,-247216.0,2512,2484,False,False,False,0.0,0.23076923076923078
ema_ribbon-GC-tf30|mid|,ema_ribbon-GC-tf30-mid,ema_ribbon,GC,False,910.7096774193549,0.5483870967741935,9.899018232819074,False,92.0,-41934.0,70166.0,1271,1581,False,False,True,0.0,0.19230769230769232
ema_ribbon-GC-tf30|nyam|,ema_ribbon-GC-tf30-nyam,ema_ribbon,GC,False,211.41935483870967,0.5161290322580645,3.4153204794163625,False,61.903225806451616,-6538.0,13092.0,1147,772,False,False,True,0.008,0.19230769230769232
ema_ribbon-GC-tf30|pm|,ema_ribbon-GC-tf30-pm,ema_ribbon,GC,False,-566.6666666666666,0.20833333333333334,-10.303030303030303,False,55.0,-19264.0,5664.0,576,744,False,False,False,0.0,0.23076923076923078
ema_ribbon-GC-tf30|pre|,ema_ribbon-GC-tf30-pre,ema_ribbon,GC,False,725.5625,0.5625,13.436342592592593,False,54.0,35806.0,-12588.0,1056,672,False,False,True,0.08,0.19230769230769232
ema_ribbon-GC-tf5|asia|,ema_ribbon-GC-tf5-asia,ema_ribbon,GC,False,-10758.25,0.125,-22.017395753389614,False,488.625,-286650.0,-57614.0,8095,7541,False,False,False,0.0,0.23076923076923078
ema_ribbon-GC-tf5|eve|,ema_ribbon-GC-tf5-eve,ema_ribbon,GC,False,-16297.25,0.15625,-20.828820193306175,False,782.4375,-425174.0,-96338.0,12361,12677,False,False,False,0.0,0.23076923076923078
ema_ribbon-GC-tf5|london|,ema_ribbon-GC-tf5-london,ema_ribbon,GC,False,-8258.375,0.125,-10.190806725281506,False,810.375,-272946.0,8678.0,12984,12948,False,False,False,0.0,0.23076923076923078
ema_ribbon-GC-tf5|mid|,ema_ribbon-GC-tf5-mid,ema_ribbon,GC,True,3464.9375,0.65625,10.040568686045459,False,345.09375,-61882.0,172760.0,5458,5585,False,False,True,0.0,0.19230769230769232
ema_ribbon-GC-tf5|nyam|,ema_ribbon-GC-tf5-nyam,ema_ribbon,GC,False,-8378.6875,0.03125,-25.962815919434494,False,322.71875,-107142.0,-160976.0,4808,5519,False,False,False,0.0,0.23076923076923078
ema_ribbon-GC-tf5|pm|,ema_ribbon-GC-tf5-pm,ema_ribbon,GC,False,-10940.0,0.0,-28.968142325196524,False,377.65625,-278484.0,-71596.0,6081,6004,False,False,False,0.0,0.23076923076923078
ema_ribbon-GC-tf5|pre|,ema_ribbon-GC-tf5-pre,ema_ribbon,GC,True,3154.6875,0.78125,10.831545064377682,False,291.25,124722.0,-23772.0,4452,4868,False,False,True,0.0,0.19230769230769232
ema_ribbon-NQ-tf15|asia|,ema_ribbon-NQ-tf15-asia,ema_ribbon,NQ,False,-7658.1875,0.125,-112.00274223034735,False,68.375,-202930.0,-42132.0,1280,908,False,False,False,0.014,0.3076923076923077
ema_ribbon-NQ-tf15|eve|,ema_ribbon-NQ-tf15-eve,ema_ribbon,NQ,False,-20660.34375,0.0,-77.15381024623643,False,267.78125,-33124.0,-628007.0,4026,4543,False,False,False,0.001,0.3076923076923077
ema_ribbon-NQ-tf15|london|,ema_ribbon-NQ-tf15-london,ema_ribbon,NQ,False,-1579.5,0.40625,-3.5882436461735057,False,440.1875,40179.0,-90723.0,7069,7017,False,False,False,0.014,0.3076923076923077
ema_ribbon-NQ-tf15|mid|,ema_ribbon-NQ-tf15-mid,ema_ribbon,NQ,False,-4708.21875,0.28125,-26.28454291695743,False,179.125,84352.0,-235015.0,3152,2580,False,False,False,0.062,0.3076923076923077
ema_ribbon-NQ-tf15|nyam|,ema_ribbon-NQ-tf15-nyam,ema_ribbon,NQ,True,8055.375,0.8125,42.037181996086105,False,191.625,391982.0,-134210.0,3092,3040,False,False,True,0.321,0.2692307692307692
ema_ribbon-NQ-tf15|pm|,ema_ribbon-NQ-tf15-pm,ema_ribbon,NQ,True,7245.03125,0.78125,55.25285986653956,False,131.125,42646.0,189195.0,2076,2120,True,False,True,0.442,0.2692307692307692
ema_ribbon-NQ-tf15|pre|,ema_ribbon-NQ-tf15-pre,ema_ribbon,NQ,False,-577.0625,0.4375,-6.3588154269972454,False,90.75,-4021.0,-14445.0,1204,1700,False,False,False,0.145,0.3076923076923077
ema_ribbon-NQ-tf1|asia|,ema_ribbon-NQ-tf1-asia,ema_ribbon,NQ,False,-28000.90625,0.0625,-26.042812300180202,False,1075.1875,-577030.0,-318999.0,17760,16646,False,False,False,0.0,0.3076923076923077
ema_ribbon-NQ-tf1|eve|,ema_ribbon-NQ-tf1-eve,ema_ribbon,NQ,False,-59835.40625,0.0,-47.065852219654886,False,1271.3125,-1045004.0,-869729.0,20296,20386,False,False,False,0.0,0.3076923076923077
ema_ribbon-NQ-tf1|london|,ema_ribbon-NQ-tf1-london,ema_ribbon,NQ,False,-24807.125,0.09375,-17.714630009818798,False,1400.375,-399443.0,-394385.0,22612,22200,False,False,False,0.0,0.3076923076923077
ema_ribbon-NQ-tf1|mid|,ema_ribbon-NQ-tf1-mid,ema_ribbon,NQ,False,-8571.4375,0.28125,-6.544799446419623,False,1309.65625,285239.0,-559525.0,21654,20255,False,False,False,0.0,0.3076923076923077
ema_ribbon-NQ-tf1|nyam|,ema_ribbon-NQ-tf1-nyam,ema_ribbon,NQ,False,-4121.90625,0.40625,-3.4368013757523648,False,1199.34375,166369.0,-298270.0,20334,18045,False,False,False,0.0,0.3076923076923077
ema_ribbon-NQ-tf1|pm|,ema_ribbon-NQ-tf1-pm,ema_ribbon,NQ,False,-17060.75,0.0625,-13.307268561400088,False,1282.0625,-350542.0,-195402.0,21858,19168,False,False,False,0.0,0.3076923076923077
ema_ribbon-NQ-tf1|pre|,ema_ribbon-NQ-tf1-pre,ema_ribbon,NQ,True,21342.25,0.65625,28.25969296975214,False,755.21875,62042.0,620910.0,11902,12265,True,False,True,0.035,0.2692307692307692
ema_ribbon-NQ-tf30|eve|,ema_ribbon-NQ-tf30-eve,ema_ribbon,NQ,True,7317.75,0.8125,133.9633867276888,True,54.625,109467.0,124701.0,852,896,True,False,True,0.657,0.2692307692307692
ema_ribbon-NQ-tf30|london|,ema_ribbon-NQ-tf30-london,ema_ribbon,NQ,False,-9166.875,0.1875,-61.36820083682009,False,149.375,-50736.0,-242604.0,2404,2376,False,False,False,0.011,0.3076923076923077
ema_ribbon-NQ-tf30|mid|,ema_ribbon-NQ-tf30-mid,ema_ribbon,NQ,False,-4614.741935483871,0.1935483870967742,-41.07292563881711,False,112.35483870967742,118851.0,-261908.0,1936,1547,False,False,False,0.052,0.3076923076923077
ema_ribbon-NQ-tf30|nyam|,ema_ribbon-NQ-tf30-nyam,ema_ribbon,NQ,True,7720.28125,0.875,78.08122629582806,True,98.875,110730.0,136319.0,1500,1664,True,False,True,0.519,0.2692307692307692
ema_ribbon-NQ-tf30|pm|,ema_ribbon-NQ-tf30-pm,ema_ribbon,NQ,True,3061.766666666667,0.7,42.56394810009268,False,71.93333333333334,2510.0,89343.0,1020,1138,True,False,True,0.331,0.2692307692307692
ema_ribbon-NQ-tf30|pre|,ema_ribbon-NQ-tf30-pre,ema_ribbon,NQ,False,-4422.96875,0.21875,-72.95618556701031,False,60.625,18586.0,-160121.0,896,1044,False,False,False,0.032,0.3076923076923077
ema_ribbon-NQ-tf5|asia|,ema_ribbon-NQ-tf5-asia,ema_ribbon,NQ,False,-11524.5625,0.125,-24.223988439306357,False,475.75,-147742.0,-221044.0,7508,7716,False,False,False,0.0,0.3076923076923077
ema_ribbon-NQ-tf5|eve|,ema_ribbon-NQ-tf5-eve,ema_ribbon,NQ,False,-18620.65625,0.125,-23.105238667648997,False,805.90625,-155954.0,-439907.0,13361,12428,False,False,False,0.0,0.3076923076923077
ema_ribbon-NQ-tf5|london|,ema_ribbon-NQ-tf5-london,ema_ribbon,NQ,False,-23533.1875,0.09375,-25.6466301127269,False,917.59375,-236093.0,-516969.0,15562,13801,False,False,False,0.0,0.3076923076923077
ema_ribbon-NQ-tf5|mid|,ema_ribbon-NQ-tf5-mid,ema_ribbon,NQ,False,3101.0,0.5625,7.637931034482759,False,406.0,369781.0,-270549.0,6686,6306,False,False,True,0.051,0.2692307692307692
ema_ribbon-NQ-tf5|nyam|,ema_ribbon-NQ-tf5-nyam,ema_ribbon,NQ,False,-11801.84375,0.25,-27.354700854700855,False,431.4375,-4939.0,-372720.0,6696,7110,False,False,False,0.008,0.3076923076923077
ema_ribbon-NQ-tf5|pm|,ema_ribbon-NQ-tf5-pm,ema_ribbon,NQ,False,-3182.96875,0.40625,-6.90776534418447,False,460.78125,-8504.0,-93351.0,7506,7239,False,False,False,0.005,0.3076923076923077
ema_ribbon-NQ-tf5|pre|,ema_ribbon-NQ-tf5-pre,ema_ribbon,NQ,False,7313.8125,0.59375,27.690724088973024,False,264.125,249025.0,-14983.0,3840,4612,False,False,True,0.168,0.2692307692307692
first_bar_mom-ES-tf15|london|,first_bar_mom-ES-tf15-london,first_bar_mom,ES,False,-14975.03125,0.03125,-35.20775372257053,False,425.3333333333333,-398901.0,-1038702.0,20544,20288,False,False,False,0.0,0.3157894736842105
first_bar_mom-ES-tf15|mid|,first_bar_mom-ES-tf15-mid,first_bar_mom,ES,True,4632.015789473684,0.6842105263157895,22.197412227602907,False,208.67368421052632,610068.5,-170027.0,9836,9988,False,True,True,0.042,0.2631578947368421
first_bar_mom-ES-tf15|nyam|,first_bar_mom-ES-tf15-nyam,first_bar_mom,ES,False,-12306.739583333334,0.11458333333333333,-23.089567698561602,False,533.0,-340540.5,-840906.5,26432,24736,False,False,False,0.0,0.3157894736842105
first_bar_mom-ES-tf15|pm|,first_bar_mom-ES-tf15-pm,first_bar_mom,ES,True,7975.647368421052,0.9473684210526315,91.90762979136342,True,86.77894736842106,202417.0,555269.5,4377,3867,True,True,True,0.617,0.2631578947368421
first_bar_mom-ES-tf15|pre|,first_bar_mom-ES-tf15-pre,first_bar_mom,ES,False,-6860.333333333333,0.03125,-38.183673469387756,False,179.66666666666666,-640263.0,-18329.0,8672,8576,False,False,False,0.0,0.3157894736842105
first_bar_mom-ES-tf1|london|,first_bar_mom-ES-tf1-london,first_bar_mom,ES,False,-25754.177083333332,0.0,-53.58011875866852,False,480.6666666666667,-1220299.0,-1252102.0,22656,23488,False,False,False,0.0,0.3157894736842105
first_bar_mom-ES-tf1|mid|,first_bar_mom-ES-tf1-mid,first_bar_mom,ES,False,-4612.71875,0.21875,-32.03276909722222,False,144.0,-233338.5,-209482.5,7744,6080,False,False,False,0.0,0.3157894736842105
first_bar_mom-ES-tf1|nyam|,first_bar_mom-ES-tf1-nyam,first_bar_mom,ES,False,-2433.6354166666665,0.3229166666666667,-4.583117545511613,False,531.0,85008.5,-318637.5,29376,21600,False,False,False,0.0,0.3157894736842105
first_bar_mom-ES-tf1|pm|,first_bar_mom-ES-tf1-pm,first_bar_mom,ES,False,465.0729166666667,0.4895833333333333,2.7848677644710578,False,167.0,43502.0,1145.0,9312,6720,True,False,False,0.001,0.2631578947368421
first_bar_mom-ES-tf1|pre|,first_bar_mom-ES-tf1-pre,first_bar_mom,ES,False,-3496.7916666666665,0.20833333333333334,-33.40883757961783,False,104.66666666666667,-316496.0,-19196.0,5024,5024,False,False,False,0.0,0.3157894736842105
first_bar_mom-ES-tf30|london|,first_bar_mom-ES-tf30-london,first_bar_mom,ES,False,-19393.276041666668,0.041666666666666664,-46.957084846650524,False,413.0,-860246.5,-1001508.0,20096,19552,False,False,False,0.0,0.3157894736842105
first_bar_mom-ES-tf30|mid|,first_bar_mom-ES-tf30-mid,first_bar_mom,ES,False,-1178.7421052631578,0.4421052631578947,-4.40140319157299,False,267.81052631578945,523336.5,-635317.0,12794,12648,False,False,False,0.003,0.3157894736842105
first_bar_mom-ES-tf30|nyam|,first_bar_mom-ES-tf30-nyam,first_bar_mom,ES,False,-17865.3125,0.041666666666666664,-33.18633900928793,False,538.3333333333334,-1472600.0,-242470.0,28000,23680,False,False,False,0.0,0.3157894736842105
first_bar_mom-ES-tf30|pm|,first_bar_mom-ES-tf30-pm,first_bar_mom,ES,True,4237.297872340426,0.723404255319149,33.230936092107456,False,127.51063829787235,277052.5,121253.5,6090,5896,True,False,True,0.14,0.2631578947368421
first_bar_mom-ES-tf30|pre|,first_bar_mom-ES-tf30-pre,first_bar_mom,ES,False,-6758.973958333333,0.20833333333333334,-34.780311963979415,False,194.33333333333334,-527778.5,-121083.0,9504,9152,False,False,False,0.0,0.3157894736842105
first_bar_mom-ES-tf5|london|,first_bar_mom-ES-tf5-london,first_bar_mom,ES,False,-13568.145833333334,0.07291666666666667,-30.97750190258752,False,438.0,-318309.5,-984232.5,20768,21280,False,False,False,0.0,0.3157894736842105
first_bar_mom-ES-tf5|mid|,first_bar_mom-ES-tf5-mid,first_bar_mom,ES,True,2637.671875,0.6666666666666666,23.834384412650603,False,110.66666666666667,446239.5,-193023.0,5312,5312,False,False,True,0.073,0.2631578947368421
first_bar_mom-ES-tf5|nyam|,first_bar_mom-ES-tf5-nyam,first_bar_mom,ES,False,-12911.416666666666,0.13541666666666666,-24.48435524652339,False,527.3333333333334,-305401.5,-934094.5,26816,23808,False,False,False,0.0,0.3157894736842105
first_bar_mom-ES-tf5|pm|,first_bar_mom-ES-tf5-pm,first_bar_mom,ES,True,1790.2395833333333,0.75,21.144562007874015,False,84.66666666666667,307341.0,-135478.0,4096,4032,False,False,True,0.087,0.2631578947368421
first_bar_mom-ES-tf5|pre|,first_bar_mom-ES-tf5-pre,first_bar_mom,ES,False,-7291.046875,0.125,-51.345400528169016,False,142.0,-569862.5,-130078.0,6400,7232,False,False,False,0.0,0.3157894736842105
first_bar_mom-GC-tf15|london|,first_bar_mom-GC-tf15-london,first_bar_mom,GC,False,-14629.854166666666,0.0625,-49.76140873015873,False,294.0,-928980.0,-475486.0,14240,13984,False,False,False,0.0,0.3157894736842105
first_bar_mom-GC-tf15|mid|,first_bar_mom-GC-tf15-mid,first_bar_mom,GC,True,1916.774193548387,0.7096774193548387,19.492618917441224,False,98.33333333333333,109472.0,68788.0,4247,4898,True,False,True,0.001,0.2631578947368421
first_bar_mom-GC-tf15|nyam|,first_bar_mom-GC-tf15-nyam,first_bar_mom,GC,False,-2875.625,0.4166666666666667,-8.025,False,358.3333333333333,4258.0,-280318.0,17408,16992,False,False,False,0.0,0.3157894736842105
first_bar_mom-GC-tf15|pm|,first_bar_mom-GC-tf15-pm,first_bar_mom,GC,False,494.3448275862069,0.5977011494252874,12.788581623550401,False,38.6551724137931,77050.0,-34042.0,1825,1538,False,False,True,0.005,0.2631578947368421
first_bar_mom-GC-tf15|pre|,first_bar_mom-GC-tf15-pre,first_bar_mom,GC,False,1767.7916666666667,0.5208333333333334,4.676697530864198,False,378.0,16174.0,153534.0,18304,17984,True,False,True,0.0,0.2631578947368421
first_bar_mom-GC-tf1|london|,first_bar_mom-GC-tf1-london,first_bar_mom,GC,False,-5710.5,0.15625,-15.630930656934307,False,365.3333333333333,-86944.0,-461264.0,16896,18176,False,False,False,0.0,0.3157894736842105
first_bar_mom-GC-tf1|mid|,first_bar_mom-GC-tf1-mid,first_bar_mom,GC,False,-2452.936170212766,0.20212765957446807,-18.05041490527634,False,135.89361702127658,-366414.0,135838.0,5616,7158,False,False,False,0.0,0.3157894736842105
first_bar_mom-GC-tf1|nyam|,first_bar_mom-GC-tf1-nyam,first_bar_mom,GC,False,-3613.0,0.25,-13.12227602905569,False,275.3333333333333,-192908.0,-153940.0,12512,13920,False,False,False,0.0,0.3157894736842105
first_bar_mom-GC-tf1|pm|,first_bar_mom-GC-tf1-pm,first_bar_mom,GC,False,-5042.479166666667,0.10416666666666667,-23.0601181402439,False,218.66666666666666,-371674.0,-112404.0,10976,10016,False,False,False,0.0,0.3157894736842105
first_bar_mom-GC-tf1|pre|,first_bar_mom-GC-tf1-pre,first_bar_mom,GC,False,-3638.7916666666665,0.3229166666666667,-20.872609942638622,False,174.33333333333334,-198512.0,-150812.0,7648,9088,False,False,False,0.0,0.3157894736842105
first_bar_mom-GC-tf30|london|,first_bar_mom-GC-tf30-london,first_bar_mom,GC,False,-15340.5625,0.09375,-54.918481503579955,False,279.3333333333333,-1207370.0,-265324.0,12640,14176,False,False,False,0.0,0.3157894736842105
first_bar_mom-GC-tf30|mid|,first_bar_mom-GC-tf30-mid,first_bar_mom,GC,False,2122.311111111111,0.6,14.695183874442222,False,144.42222222222222,80250.0,110758.0,6110,6888,True,True,True,0.0,0.2631578947368421
first_bar_mom-GC-tf30|nyam|,first_bar_mom-GC-tf30-nyam,first_bar_mom,GC,False,-4380.791666666667,0.17708333333333334,-10.933756239600665,False,400.6666666666667,-230842.0,-189714.0,20768,17696,False,False,False,0.0,0.3157894736842105
first_bar_mom-GC-tf30|pm|,first_bar_mom-GC-tf30-pm,first_bar_mom,GC,True,133.78571428571428,0.6785714285714286,3.4283099450884684,False,39.023809523809526,33724.0,-22486.0,1704,1574,False,False,True,0.001,0.2631578947368421
first_bar_mom-GC-tf30|pre|,first_bar_mom-GC-tf30-pre,first_bar_mom,GC,False,202.4375,0.5,0.6184445010183299,False,327.3333333333333,-41980.0,61414.0,16160,15264,False,False,True,0.0,0.2631578947368421
first_bar_mom-GC-tf5|london|,first_bar_mom-GC-tf5-london,first_bar_mom,GC,False,-11008.75,0.03125,-37.744285714285716,False,291.6666666666667,-825762.0,-231078.0,15008,12992,False,False,False,0.0,0.3157894736842105
first_bar_mom-GC-tf5|mid|,first_bar_mom-GC-tf5-mid,first_bar_mom,GC,False,-3569.2272727272725,0.11363636363636363,-51.67686739058901,False,69.06818181818181,-148444.0,-165648.0,2796,3282,False,False,False,0.0,0.3157894736842105
first_bar_mom-GC-tf5|nyam|,first_bar_mom-GC-tf5-nyam,first_bar_mom,GC,False,-2258.9791666666665,0.40625,-8.077398688915375,False,279.6666666666667,89488.0,-306350.0,13568,13280,False,False,False,0.0,0.3157894736842105
first_bar_mom-GC-tf5|pm|,first_bar_mom-GC-tf5-pm,first_bar_mom,GC,False,-215.81052631578947,0.6105263157894737,-2.212127751402676,False,97.5578947368421,4040.0,-24542.0,4665,4603,False,False,False,0.0,0.3157894736842105
first_bar_mom-GC-tf5|pre|,first_bar_mom-GC-tf5-pre,first_bar_mom,GC,False,-6163.166666666667,0.125,-24.718582887700535,False,249.33333333333334,-665128.0,73464.0,12992,10944,False,False,False,0.0,0.3157894736842105
first_bar_mom-NQ-tf15|london|,first_bar_mom-NQ-tf15-london,first_bar_mom,NQ,False,-3886.59375,0.28125,-9.066703926905133,False,428.6666666666667,800907.0,-1174020.0,20032,21120,False,False,False,0.004,0.8947368421052632
first_bar_mom-NQ-tf15|mid|,first_bar_mom-NQ-tf15-mid,first_bar_mom,NQ,True,16921.645833333332,0.9270833333333334,80.70737281399046,True,209.66666666666666,1094635.0,529843.0,10400,9728,True,True,True,0.582,0.8421052631578947
first_bar_mom-NQ-tf15|nyam|,first_bar_mom-NQ-tf15-nyam,first_bar_mom,NQ,True,25456.229166666668,0.6770833333333334,45.62048237753883,False,558.0,1695523.0,748275.0,28768,24800,True,False,True,0.233,0.8421052631578947
first_bar_mom-NQ-tf15|pm|,first_bar_mom-NQ-tf15-pm,first_bar_mom,NQ,True,7422.75,0.9583333333333334,102.61866359447005,True,72.33333333333333,265298.0,447286.0,3488,3456,True,False,True,0.652,0.8421052631578947
first_bar_mom-NQ-tf15|pre|,first_bar_mom-NQ-tf15-pre,first_bar_mom,NQ,False,6048.979166666667,0.5729166666666666,33.543322550831796,False,180.33333333333334,-208583.0,789285.0,8832,8480,False,True,True,0.211,0.8421052631578947
first_bar_mom-NQ-tf1|london|,first_bar_mom-NQ-tf1-london,first_bar_mom,NQ,False,2555.46875,0.53125,5.342443379790941,False,478.3333333333333,701899.0,-456574.0,22464,23456,False,False,True,0.003,0.8421052631578947
first_bar_mom-NQ-tf1|mid|,first_bar_mom-NQ-tf1-mid,first_bar_mom,NQ,False,1707.3645833333333,0.3958333333333333,12.312725360576923,False,138.66666666666666,270689.0,-106782.0,7424,5888,False,False,False,0.079,0.8421052631578947
first_bar_mom-NQ-tf1|nyam|,first_bar_mom-NQ-tf1-nyam,first_bar_mom,NQ,False,6881.5,0.5104166666666666,12.310375670840788,False,559.0,591376.0,69248.0,29856,23808,True,False,True,0.02,0.8421052631578947
first_bar_mom-NQ-tf1|pm|,first_bar_mom-NQ-tf1-pm,first_bar_mom,NQ,False,1503.4375,0.4375,9.396484375,False,160.0,130810.0,13520.0,8960,6400,True,False,False,0.044,0.8421052631578947
first_bar_mom-NQ-tf1|pre|,first_bar_mom-NQ-tf1-pre,first_bar_mom,NQ,False,-3891.1666666666665,0.22916666666666666,-32.97598870056497,False,118.0,-379584.0,6032.0,5536,5792,False,False,False,0.004,0.8947368421052632
first_bar_mom-NQ-tf30|london|,first_bar_mom-NQ-tf30-london,first_bar_mom,NQ,False,-11048.510416666666,0.22916666666666666,-26.96951281529699,False,409.6666666666667,-677482.0,-383175.0,20288,19040,False,False,False,0.001,0.8947368421052632
first_bar_mom-NQ-tf30|mid|,first_bar_mom-NQ-tf30-mid,first_bar_mom,NQ,True,14368.395833333334,0.65625,50.831589033018865,False,282.6666666666667,1364869.0,14497.0,13984,13152,True,True,True,0.304,0.8421052631578947
first_bar_mom-NQ-tf30|nyam|,first_bar_mom-NQ-tf30-nyam,first_bar_mom,NQ,False,18199.65625,0.5520833333333334,32.383729982206404,False,562.0,-464134.0,2211301.0,29856,24096,False,False,True,0.136,0.8421052631578947
first_bar_mom-NQ-tf30|pm|,first_bar_mom-NQ-tf30-pm,first_bar_mom,NQ,True,3243.821052631579,0.6105263157894737,27.880484936216412,False,116.34736842105264,173498.0,134665.0,5688,5365,True,False,True,0.194,0.8421052631578947
first_bar_mom-NQ-tf30|pre|,first_bar_mom-NQ-tf30-pre,first_bar_mom,NQ,True,8606.666666666666,0.7604166666666666,43.03333333333333,False,200.0,-53141.0,879381.0,10144,9056,False,False,True,0.276,0.8421052631578947
first_bar_mom-NQ-tf5|london|,first_bar_mom-NQ-tf5-london,first_bar_mom,NQ,True,7199.197916666667,0.6875,16.4993076776165,False,436.3333333333333,1314181.0,-623058.0,19616,22272,False,False,True,0.024,0.8421052631578947
first_bar_mom-NQ-tf5|mid|,first_bar_mom-NQ-tf5-mid,first_bar_mom,NQ,True,17388.635416666668,0.9166666666666666,172.73478890728478,True,100.66666666666667,1065913.0,603396.0,5088,4576,True,True,True,0.94,0.8421052631578947
first_bar_mom-NQ-tf5|nyam|,first_bar_mom-NQ-tf5-nyam,first_bar_mom,NQ,False,3244.5520833333335,0.59375,5.842530762304922,False,555.3333333333334,455851.0,-144374.0,27776,25536,False,False,True,0.02,0.8421052631578947
first_bar_mom-NQ-tf5|pm|,first_bar_mom-NQ-tf5-pm,first_bar_mom,NQ,True,5066.760416666667,0.7916666666666666,62.81107954545455,False,80.66666666666667,678147.0,-191738.0,3872,3872,False,False,True,0.434,0.8421052631578947
first_bar_mom-NQ-tf5|pre|,first_bar_mom-NQ-tf5-pre,first_bar_mom,NQ,True,7308.9375,0.7916666666666666,56.367127249357324,False,129.66666666666666,253990.0,447668.0,6880,5568,True,False,True,0.405,0.8421052631578947
flow_exhaust-NQ-tf1|asia|,flow_exhaust-NQ-tf1-asia,flow_exhaust,NQ,False,-4102.895833333333,0.3125,-8.058555148638419,False,509.1354166666667,-208415.0,-185463.0,24795,24082,False,False,False,0.0,0.5384615384615384
flow_exhaust-NQ-tf1|eve|,flow_exhaust-NQ-tf1-eve,flow_exhaust,NQ,True,26577.291666666668,0.75,58.76816768398019,False,452.2395833333333,582517.0,1968903.0,20982,22433,True,True,True,0.343,0.46153846153846156
flow_exhaust-NQ-tf1|london|,flow_exhaust-NQ-tf1-london,flow_exhaust,NQ,False,-114.90625,0.3854166666666667,-0.18547600632209033,False,619.5208333333334,550428.0,-561459.0,27803,31671,False,False,False,0.0,0.5384615384615384
flow_exhaust-NQ-tf1|mid|,flow_exhaust-NQ-tf1-mid,flow_exhaust,NQ,False,-2764.8333333333335,0.3020833333333333,-15.718583441904537,False,175.89583333333334,557472.0,-822896.0,8637,8249,False,False,False,0.021,0.5384615384615384
flow_exhaust-NQ-tf1|nyam|,flow_exhaust-NQ-tf1-nyam,flow_exhaust,NQ,True,8577.375,0.6666666666666666,27.24507825166264,False,314.8229166666667,185080.0,638348.0,14015,16208,True,False,True,0.092,0.46153846153846156
flow_exhaust-NQ-tf1|pm|,flow_exhaust-NQ-tf1-pm,flow_exhaust,NQ,False,-10453.78125,0.07291666666666667,-40.33289124668435,False,259.1875,-616658.0,-386905.0,11937,12945,False,False,False,0.0,0.5384615384615384
flow_exhaust-NQ-tf1|pre|,flow_exhaust-NQ-tf1-pre,flow_exhaust,NQ,False,6898.46875,0.4791666666666667,25.78063687324821,False,267.5833333333333,518110.0,144143.0,15080,10608,True,False,False,0.1,0.46153846153846156
flow_exhaust-NQ-tf5|asia|,flow_exhaust-NQ-tf5-asia,flow_exhaust,NQ,False,-3370.6458333333335,0.21875,-22.32677844476644,False,150.96875,-4167.0,-319415.0,6883,7610,False,False,False,0.022,0.5384615384615384
flow_exhaust-NQ-tf5|eve|,flow_exhaust-NQ-tf5-eve,flow_exhaust,NQ,False,-4888.833333333333,0.28125,-53.594610026264704,False,91.21875,-34783.0,-434545.0,4332,4425,False,False,False,0.007,0.5384615384615384
flow_exhaust-NQ-tf5|london|,flow_exhaust-NQ-tf5-london,flow_exhaust,NQ,False,-6434.145833333333,0.20833333333333334,-23.764158202523852,False,270.75,-621164.0,3486.0,13351,12641,False,False,False,0.006,0.5384615384615384
flow_exhaust-NQ-tf5|mid|,flow_exhaust-NQ-tf5-mid,flow_exhaust,NQ,True,4803.479166666667,0.78125,84.6272710589099,True,56.760416666666664,367501.0,93633.0,2761,2688,True,True,True,0.541,0.46153846153846156
flow_exhaust-NQ-tf5|nyam|,flow_exhaust-NQ-tf5-nyam,flow_exhaust,NQ,True,4742.447916666667,0.7708333333333334,27.82854523227384,False,170.41666666666666,59414.0,395861.0,8924,7436,True,False,True,0.215,0.46153846153846156
flow_exhaust-NQ-tf5|pm|,flow_exhaust-NQ-tf5-pm,flow_exhaust,NQ,False,180.0705882352941,0.5882352941176471,8.180652057723142,False,22.011764705882353,-80404.0,95710.0,1081,790,False,False,True,0.239,0.46153846153846156
flow_exhaust-NQ-tf5|pre|,flow_exhaust-NQ-tf5-pre,flow_exhaust,NQ,True,12717.8125,0.8854166666666666,126.19224806201551,True,100.78125,993284.0,227626.0,5699,3976,True,False,True,0.754,0.46153846153846156
gap-ES-tf15|nyam|mode=fill,gap-ES-tf15-nyam:mode=fill,gap,ES,False,-5473.0,0.375,-14.142118863049095,False,387.0,-24279.0,-19505.0,1576,1520,False,False,False,0.005,0.2857142857142857
gap-ES-tf15|nyam|mode=go,gap-ES-tf15-nyam:mode=go,gap,ES,False,-3370.5625,0.34375,-8.20088199513382,False,411.0,44103.0,-151961.0,6368,6784,False,False,False,0.002,0.2857142857142857
gap-ES-tf1|nyam|mode=fill,gap-ES-tf1-nyam:mode=fill,gap,ES,False,-4150.25,0.375,-10.097931873479318,False,411.0,-7996.5,-25205.5,1696,1592,False,False,False,0.0,0.2857142857142857
gap-ES-tf1|nyam|mode=go,gap-ES-tf1-nyam:mode=go,gap,ES,False,-5149.46875,0.28125,-12.52912104622871,False,411.0,-60109.5,-104673.5,6368,6784,False,False,False,0.0,0.2857142857142857
gap-ES-tf30|nyam|mode=fill,gap-ES-tf30-nyam:mode=fill,gap,ES,False,248.8125,0.375,0.6706536388140162,False,371.0,-59178.5,61169.0,1504,1464,False,False,False,0.014,0.14285714285714285
gap-ES-tf30|nyam|mode=go,gap-ES-tf30-nyam:mode=go,gap,ES,False,-7160.796875,0.21875,-17.422863442822383,False,411.0,-140622.0,-88523.5,6368,6784,False,False,False,0.0,0.2857142857142857
gap-ES-tf5|nyam|mode=fill,gap-ES-tf5-nyam:mode=fill,gap,ES,False,-9369.4375,0.25,-23.482299498746865,False,399.0,-67979.5,-6976.0,1648,1544,False,False,False,0.0,0.2857142857142857
gap-ES-tf5|nyam|mode=go,gap-ES-tf5-nyam:mode=go,gap,ES,False,20.84375,0.4375,0.0507147201946472,False,411.0,97478.0,-96811.0,6368,6784,False,False,False,0.0,0.14285714285714285
gap-GC-tf15|nyam|mode=fill,gap-GC-tf15-nyam:mode=fill,gap,GC,False,-10519.0,0.0,-25.908866995073893,False,406.0,-79942.0,-4210.0,1568,1680,False,False,False,0.0,0.42857142857142855
gap-GC-tf15|nyam|mode=go,gap-GC-tf15-nyam:mode=go,gap,GC,True,3395.3125,0.6875,8.181475903614459,False,415.0,225732.0,-117082.0,6912,6368,False,False,True,0.0,0.2857142857142857
gap-GC-tf1|nyam|mode=fill,gap-GC-tf1-nyam:mode=fill,gap,GC,False,-17527.5,0.0,-42.234939759036145,False,415.0,-112888.0,-27332.0,1592,1728,False,False,False,0.0,0.42857142857142855
gap-GC-tf1|nyam|mode=go,gap-GC-tf1-nyam:mode=go,gap,GC,True,8970.0,0.75,21.6144578313253,False,415.0,286852.0,188.0,6912,6368,True,False,True,0.0,0.2857142857142857
gap-GC-tf30|nyam|mode=fill,gap-GC-tf30-nyam:mode=fill,gap,GC,False,-8520.25,0.0,-21.515782828282827,False,396.0,-93080.0,24918.0,1520,1648,False,False,False,0.0,0.42857142857142855
gap-GC-tf30|nyam|mode=go,gap-GC-tf30-nyam:mode=go,gap,GC,False,-8129.0625,0.1875,-19.588102409638555,False,415.0,-205738.0,-54392.0,6912,6368,False,False,False,0.0,0.42857142857142855
gap-GC-tf5|nyam|mode=fill,gap-GC-tf5-nyam:mode=fill,gap,GC,False,-27038.5,0.0,-65.31038647342996,False,414.0,-154248.0,-62060.0,1592,1720,False,False,False,0.0,0.42857142857142855
gap-GC-tf5|nyam|mode=go,gap-GC-tf5-nyam:mode=go,gap,GC,True,5584.0625,0.71875,13.455572289156626,False,415.0,176942.0,1748.0,6912,6368,True,False,True,0.0,0.2857142857142857
gap-NQ-tf15|nyam|mode=fill,gap-NQ-tf15-nyam:mode=fill,gap,NQ,True,8110.875,0.75,22.91207627118644,False,354.0,44543.0,20344.0,1448,1384,True,False,True,0.188,0.42857142857142855
gap-NQ-tf15|nyam|mode=go,gap-NQ-tf15-nyam:mode=go,gap,NQ,False,795.53125,0.46875,2.008917297979798,False,396.0,177310.0,-151853.0,6080,6592,False,False,False,0.047,0.42857142857142855
gap-NQ-tf1|nyam|mode=fill,gap-NQ-tf1-nyam:mode=fill,gap,NQ,False,-10360.375,0.125,-26.29536802030457,False,394.0,-112273.0,29390.0,1632,1520,False,False,False,0.02,0.5714285714285714
gap-NQ-tf1|nyam|mode=go,gap-NQ-tf1-nyam:mode=go,gap,NQ,False,-1482.59375,0.34375,-3.743923611111111,False,396.0,197200.0,-244643.0,6080,6592,False,False,False,0.012,0.5714285714285714
gap-NQ-tf30|nyam|mode=fill,gap-NQ-tf30-nyam:mode=fill,gap,NQ,True,5885.625,0.75,17.310661764705884,False,340.0,-12004.0,59089.0,1416,1304,False,False,True,0.188,0.42857142857142855
gap-NQ-tf30|nyam|mode=go,gap-NQ-tf30-nyam:mode=go,gap,NQ,False,-544.78125,0.625,-1.3757102272727273,False,396.0,17190.0,-34623.0,6080,6592,False,False,False,0.05,0.5714285714285714
gap-NQ-tf5|nyam|mode=fill,gap-NQ-tf5-nyam:mode=fill,gap,NQ,False,-10160.75,0.25,-26.880291005291006,False,378.0,-32983.0,-48303.0,1552,1472,False,False,False,0.012,0.5714285714285714
gap-NQ-tf5|nyam|mode=go,gap-NQ-tf5-nyam:mode=go,gap,NQ,True,9823.5,0.625,24.806818181818183,False,396.0,364560.0,-50208.0,6080,6592,False,False,True,0.123,0.42857142857142855
ib-ES-tf15|mid|mode=break,ib-ES-tf15-mid:mode=break,ib,ES,True,12831.4375,0.75,39.725812693498455,False,323.0,412989.5,-2383.5,5312,5024,False,False,True,0.134,0.38095238095238093
ib-ES-tf15|mid|mode=fade,ib-ES-tf15-mid:mode=fade,ib,ES,False,-19333.9375,0.0,-68.10722148833113,False,283.875,-80751.0,-73920.5,1194,1077,False,False,False,0.0,0.42857142857142855
ib-ES-tf15|nyam|mode=break,ib-ES-tf15-nyam:mode=break,ib,ES,False,-13413.90625,0.09375,-36.75042808219178,False,365.0,-78462.0,-350783.0,5728,5952,False,False,False,0.0,0.42857142857142855
ib-ES-tf15|pm|mode=break,ib-ES-tf15-pm:mode=break,ib,ES,False,3501.65625,0.59375,15.632393973214286,False,224.0,-59141.5,171194.5,3776,3392,False,False,True,0.04,0.38095238095238093
ib-ES-tf15|pm|mode=fade,ib-ES-tf15-pm:mode=fade,ib,ES,False,-15716.9375,0.0,-66.63248542660307,False,235.875,-57862.0,-67873.5,1028,859,False,False,False,0.0,0.42857142857142855
ib-ES-tf1|mid|mode=break,ib-ES-tf1-mid:mode=break,ib,ES,True,7711.125,0.65625,23.8734520123839,False,323.0,315739.5,-68983.5,5312,5024,False,False,True,0.016,0.38095238095238093
ib-ES-tf1|mid|mode=fade,ib-ES-tf1-mid:mode=fade,ib,ES,False,-39963.4375,0.0,-58.07584014532243,False,688.125,-175786.5,-143921.0,2881,2624,False,False,False,0.0,0.42857142857142855
ib-ES-tf1|nyam|mode=break,ib-ES-tf1-nyam:mode=break,ib,ES,False,-16529.140625,0.0,-45.285316780821915,False,365.0,-105499.5,-423433.0,5728,5952,False,False,False,0.0,0.42857142857142855
ib-ES-tf1|nyam|mode=fade,ib-ES-tf1-nyam:mode=fade,ib,ES,False,-2121.125,0.375,-8.764979338842975,False,242.0,-23978.0,7009.0,1082,854,False,False,False,0.001,0.42857142857142855
ib-ES-tf1|pm|mode=break,ib-ES-tf1-pm:mode=break,ib,ES,False,868.453125,0.4375,3.8770228794642856,False,224.0,-75654.0,103444.5,3776,3392,False,False,False,0.003,0.38095238095238093
ib-ES-tf1|pm|mode=fade,ib-ES-tf1-pm:mode=fade,ib,ES,False,-38011.875,0.0,-66.0358306188925,False,575.625,-137173.0,-166922.0,2262,2343,False,False,False,0.0,0.42857142857142855
ib-ES-tf30|mid|mode=break,ib-ES-tf30-mid:mode=break,ib,ES,True,14450.578125,0.75,44.73863196594427,False,323.0,436139.5,26279.0,5312,5024,True,True,True,0.152,0.38095238095238093
ib-ES-tf30|mid|mode=fade,ib-ES-tf30-mid:mode=fade,ib,ES,False,-11204.625,0.0,-65.04862119013062,False,172.25,-49561.0,-40076.0,709,669,False,False,False,0.0,0.42857142857142855
ib-ES-tf30|nyam|mode=break,ib-ES-tf30-nyam:mode=break,ib,ES,False,-11980.703125,0.09375,-32.82384417808219,False,365.0,-50162.0,-333220.5,5728,5952,False,False,False,0.0,0.42857142857142855
ib-ES-tf30|pm|mode=break,ib-ES-tf30-pm:mode=break,ib,ES,True,4586.03125,0.625,20.473353794642858,False,224.0,-28904.0,175657.0,3776,3392,False,False,True,0.06,0.38095238095238093
ib-ES-tf30|pm|mode=fade,ib-ES-tf30-pm:mode=fade,ib,ES,False,-5049.5,0.0,-34.40885860306644,False,146.75,-9764.0,-30632.0,616,558,False,False,False,0.0,0.42857142857142855
ib-ES-tf5|mid|mode=break,ib-ES-tf5-mid:mode=break,ib,ES,True,12018.15625,0.75,37.2079140866873,False,323.0,401789.5,-17208.5,5312,5024,False,False,True,0.082,0.38095238095238093
ib-ES-tf5|mid|mode=fade,ib-ES-tf5-mid:mode=fade,ib,ES,False,-28229.0,0.0,-62.16129920176163,False,454.125,-126433.5,-99398.5,1924,1709,False,False,False,0.0,0.42857142857142855
ib-ES-tf5|nyam|mode=break,ib-ES-tf5-nyam:mode=break,ib,ES,False,-13861.953125,0.09375,-37.97795376712329,False,365.0,-98349.5,-345233.0,5728,5952,False,False,False,0.0,0.42857142857142855
ib-ES-tf5|nyam|mode=fade,ib-ES-tf5-nyam:mode=fade,ib,ES,True,4023.8125,1.0,56.673415492957744,False,71.0,2088.0,30102.5,328,240,True,False,True,0.371,0.38095238095238093
ib-ES-tf5|pm|mode=break,ib-ES-tf5-pm:mode=break,ib,ES,False,3221.1875,0.59375,14.380301339285714,False,224.0,-48491.5,151569.5,3776,3392,False,False,True,0.023,0.38095238095238093
ib-ES-tf5|pm|mode=fade,ib-ES-tf5-pm:mode=fade,ib,ES,False,-27746.75,0.0,-72.04608893216488,False,385.125,-91324.0,-130650.0,1606,1475,False,False,False,0.0,0.42857142857142855
ib-GC-tf15|mid|mode=break,ib-GC-tf15-mid:mode=break,ib,GC,False,2967.25,0.59375,9.39003164556962,False,316.0,-60698.0,155650.0,4992,5120,False,False,True,0.0,0.09523809523809523
ib-GC-tf15|mid|mode=fade,ib-GC-tf15-mid:mode=fade,ib,GC,False,-10972.75,0.0,-50.36259323006311,False,217.875,-64804.0,-22978.0,796,947,False,False,False,0.0,0.14285714285714285
ib-GC-tf15|nyam|mode=break,ib-GC-tf15-nyam:mode=break,ib,GC,False,-8303.625,0.0,-27.495447019867548,False,302.0,-207428.0,-58288.0,4832,4832,False,False,False,0.0,0.14285714285714285
ib-GC-tf15|pm|mode=break,ib-GC-tf15-pm:mode=break,ib,GC,False,-161.25,0.46875,-1.0078125,False,160.0,-39496.0,34336.0,2464,2656,False,False,False,0.0,0.14285714285714285
ib-GC-tf15|pm|mode=fade,ib-GC-tf15-pm:mode=fade,ib,GC,False,-5978.5,0.0,-43.401088929219604,False,137.75,-33396.0,-14432.0,584,518,False,False,False,0.0,0.14285714285714285
ib-GC-tf1|mid|mode=break,ib-GC-tf1-mid:mode=break,ib,GC,False,-679.625,0.34375,-2.1507120253164556,False,316.0,-80598.0,58850.0,4992,5120,False,False,False,0.0,0.14285714285714285
ib-GC-tf1|mid|mode=fade,ib-GC-tf1-mid:mode=fade,ib,GC,False,-21784.75,0.0,-46.57349011223945,False,467.75,-119018.0,-55260.0,1867,1875,False,False,False,0.0,0.14285714285714285
ib-GC-tf1|nyam|mode=break,ib-GC-tf1-nyam:mode=break,ib,GC,False,-8386.4375,0.0,-27.76966059602649,False,302.0,-193618.0,-74748.0,4832,4832,False,False,False,0.0,0.14285714285714285
ib-GC-tf1|nyam|mode=fade,ib-GC-tf1-nyam:mode=fade,ib,GC,False,-8819.25,0.0,-47.161764705882355,False,187.0,-75564.0,5010.0,791,705,False,False,False,0.0,0.14285714285714285
ib-GC-tf1|pm|mode=break,ib-GC-tf1-pm:mode=break,ib,GC,False,-1139.6875,0.34375,-7.123046875,False,160.0,-47856.0,11386.0,2464,2656,False,False,False,0.0,0.14285714285714285
ib-GC-tf1|pm|mode=fade,ib-GC-tf1-pm:mode=fade,ib,GC,False,-14191.25,0.0,-47.8021052631579,False,296.875,-61886.0,-51644.0,1229,1146,False,False,False,0.0,0.14285714285714285
ib-GC-tf30|mid|mode=break,ib-GC-tf30-mid:mode=break,ib,GC,False,3691.625,0.59375,11.68235759493671,False,316.0,-49938.0,168070.0,4992,5120,False,False,True,0.0,0.09523809523809523
ib-GC-tf30|mid|mode=fade,ib-GC-tf30-mid:mode=fade,ib,GC,False,-6385.0,0.0,-51.336683417085425,False,124.375,-45576.0,-5504.0,454,541,False,False,False,0.0,0.14285714285714285
ib-GC-tf30|nyam|mode=break,ib-GC-tf30-nyam:mode=break,ib,GC,False,-8483.625,0.0,-28.091473509933774,False,302.0,-213318.0,-58158.0,4832,4832,False,False,False,0.0,0.14285714285714285
ib-GC-tf30|pm|mode=break,ib-GC-tf30-pm:mode=break,ib,GC,False,-12.8125,0.5,-0.080078125,False,160.0,-33126.0,32716.0,2464,2656,False,False,False,0.0,0.14285714285714285
ib-GC-tf30|pm|mode=fade,ib-GC-tf30-pm:mode=fade,ib,GC,False,-4980.25,0.0,-50.8837803320562,False,97.875,-24706.0,-15136.0,364,419,False,False,False,0.0,0.14285714285714285
ib-GC-tf5|mid|mode=break,ib-GC-tf5-mid:mode=break,ib,GC,False,1709.75,0.53125,5.410601265822785,False,316.0,-81698.0,136410.0,4992,5120,False,False,True,0.0,0.09523809523809523
ib-GC-tf5|mid|mode=fade,ib-GC-tf5-mid:mode=fade,ib,GC,False,-18875.5,0.0,-57.5034272658035,False,328.25,-91938.0,-59066.0,1287,1339,False,False,False,0.0,0.14285714285714285
ib-GC-tf5|nyam|mode=break,ib-GC-tf5-nyam:mode=break,ib,GC,False,-9026.75,0.0,-29.889900662251655,False,302.0,-226798.0,-62058.0,4832,4832,False,False,False,0.0,0.14285714285714285
ib-GC-tf5|nyam|mode=fade,ib-GC-tf5-nyam:mode=fade,ib,GC,False,-5433.75,0.0,-76.26315789473684,False,71.25,-28734.0,-14736.0,256,314,False,False,False,0.0,0.14285714285714285
ib-GC-tf5|pm|mode=break,ib-GC-tf5-pm:mode=break,ib,GC,False,-611.5625,0.40625,-3.822265625,False,160.0,-47576.0,28006.0,2464,2656,False,False,False,0.0,0.14285714285714285
ib-GC-tf5|pm|mode=fade,ib-GC-tf5-pm:mode=fade,ib,GC,False,-11224.5,0.0,-52.5430076067876,False,213.625,-71106.0,-18690.0,954,755,False,False,False,0.0,0.14285714285714285
ib-NQ-tf15|mid|mode=break,ib-NQ-tf15-mid:mode=break,ib,NQ,True,48040.625,1.0,154.96975806451613,True,310.0,1028373.0,508927.0,5248,4672,True,True,True,0.962,0.6190476190476191
ib-NQ-tf15|mid|mode=fade,ib-NQ-tf15-mid:mode=fade,ib,NQ,False,-15506.125,0.0,-56.23254759746147,False,275.75,-57768.0,-66281.0,1102,1104,False,False,False,0.0,0.6666666666666666
ib-NQ-tf15|nyam|mode=break,ib-NQ-tf15-nyam:mode=break,ib,NQ,True,9133.5,0.625,26.397398843930635,False,346.0,477015.0,-184743.0,5280,5792,False,False,True,0.153,0.6190476190476191
ib-NQ-tf15|pm|mode=break,ib-NQ-tf15-pm:mode=break,ib,NQ,True,13970.5,0.8125,64.0848623853211,False,218.0,152449.0,294607.0,3584,3392,True,False,True,0.486,0.6190476190476191
ib-NQ-tf15|pm|mode=fade,ib-NQ-tf15-pm:mode=fade,ib,NQ,False,-9495.125,0.0,-45.64963942307692,False,208.0,-32601.0,-43360.0,904,760,False,False,False,0.007,0.6666666666666666
ib-NQ-tf1|mid|mode=break,ib-NQ-tf1-mid:mode=break,ib,NQ,True,30577.1875,1.0,98.63608870967742,True,310.0,652528.0,325942.0,5248,4672,True,False,True,0.79,0.6190476190476191
ib-NQ-tf1|mid|mode=fade,ib-NQ-tf1-mid:mode=fade,ib,NQ,False,-37571.875,0.0,-58.3074684772066,False,644.375,-154532.0,-146043.0,2558,2597,False,False,False,0.0,0.6666666666666666
ib-NQ-tf1|nyam|mode=break,ib-NQ-tf1-nyam:mode=break,ib,NQ,False,2193.96875,0.5625,6.34095014450867,False,346.0,370250.0,-300043.0,5280,5792,False,False,True,0.047,0.6190476190476191
ib-NQ-tf1|nyam|mode=fade,ib-NQ-tf1-nyam:mode=fade,ib,NQ,True,3547.875,0.75,15.569391113549095,False,227.875,-35019.0,63402.0,981,842,False,False,True,0.15,0.6190476190476191
ib-NQ-tf1|pm|mode=break,ib-NQ-tf1-pm:mode=break,ib,NQ,True,9566.90625,0.6875,43.88489105504587,False,218.0,99349.0,206792.0,3584,3392,True,False,True,0.273,0.6190476190476191
ib-NQ-tf1|pm|mode=fade,ib-NQ-tf1-pm:mode=fade,ib,NQ,False,-25441.125,0.0,-49.872335211957854,False,510.125,-35671.0,-167858.0,2134,1947,False,False,False,0.0,0.6666666666666666
ib-NQ-tf30|mid|mode=break,ib-NQ-tf30-mid:mode=break,ib,NQ,True,51981.09375,1.0,167.68094758064515,True,310.0,1098993.0,564402.0,5248,4672,True,True,True,0.981,0.6190476190476191
ib-NQ-tf30|mid|mode=fade,ib-NQ-tf30-mid:mode=fade,ib,NQ,False,-13460.875,0.0,-82.32951070336391,False,163.5,-37536.0,-70151.0,704,604,False,False,False,0.001,0.6666666666666666
ib-NQ-tf30|nyam|mode=break,ib-NQ-tf30-nyam:mode=break,ib,NQ,True,15488.65625,0.625,44.7649024566474,False,346.0,464720.0,30917.0,5280,5792,True,False,True,0.265,0.6190476190476191
ib-NQ-tf30|pm|mode=break,ib-NQ-tf30-pm:mode=break,ib,NQ,True,13683.46875,0.8125,62.768205275229356,False,218.0,138969.0,298902.0,3584,3392,True,False,True,0.468,0.6190476190476191
ib-NQ-tf30|pm|mode=fade,ib-NQ-tf30-pm:mode=fade,ib,NQ,False,-6429.5,0.25,-53.916142557651995,False,119.25,-19917.0,-31519.0,518,436,False,False,False,0.015,0.6666666666666666
ib-NQ-tf5|mid|mode=break,ib-NQ-tf5-mid:mode=break,ib,NQ,True,43889.84375,1.0,141.58014112903226,True,310.0,937198.0,467277.0,5248,4672,True,True,True,0.931,0.6190476190476191
ib-NQ-tf5|mid|mode=fade,ib-NQ-tf5-mid:mode=fade,ib,NQ,False,-37600.5,0.0,-85.55290102389078,False,439.5,-182224.0,-118580.0,1756,1760,False,False,False,0.0,0.6666666666666666
ib-NQ-tf5|nyam|mode=break,ib-NQ-tf5-nyam:mode=break,ib,NQ,False,5703.96875,0.59375,16.485458815028903,False,346.0,391735.0,-209208.0,5280,5792,False,False,True,0.097,0.6190476190476191
ib-NQ-tf5|nyam|mode=fade,ib-NQ-tf5-nyam:mode=fade,ib,NQ,True,9672.875,1.0,127.27467105263158,True,76.0,24950.0,52433.0,360,248,True,False,True,0.726,0.6190476190476191
ib-NQ-tf5|pm|mode=break,ib-NQ-tf5-pm:mode=break,ib,NQ,True,12693.78125,0.8125,58.22835435779817,False,218.0,117434.0,288767.0,3584,3392,True,False,True,0.402,0.6190476190476191
ib-NQ-tf5|pm|mode=fade,ib-NQ-tf5-pm:mode=fade,ib,NQ,False,-37011.75,0.0,-110.85511044552602,False,333.875,-173852.0,-122242.0,1393,1278,False,False,False,0.0,0.6666666666666666
lon_break-ES-tf15|nyam|,lon_break-ES-tf15-nyam,lon_break,ES,False,-11309.53125,0.15625,-21.13931074766355,False,535.0,16960.5,-740770.5,17888,16352,False,False,False,0.0,0.0
lon_break-ES-tf1|nyam|,lon_break-ES-tf1-nyam,lon_break,ES,False,-12668.78125,0.125,-23.374135147601475,False,542.0,-69749.0,-335652.0,9056,8288,False,False,False,0.0,0.0
lon_break-ES-tf30|nyam|,lon_break-ES-tf30-nyam,lon_break,ES,False,-10426.328125,0.19791666666666666,-19.48846378504673,False,535.0,29180.0,-1030107.5,26880,24480,False,False,False,0.0,0.0
lon_break-ES-tf5|nyam|,lon_break-ES-tf5-nyam,lon_break,ES,False,-12283.3359375,0.171875,-22.704872342883547,False,541.0,-42182.5,-743951.0,18080,16544,False,False,False,0.0,0.0
lon_break-GC-tf15|nyam|,lon_break-GC-tf15-nyam,lon_break,GC,False,-8149.5625,0.23958333333333334,-17.08503668763103,False,477.0,264966.0,-1047324.0,22336,23456,False,False,False,0.0,0.0
lon_break-GC-tf1|nyam|,lon_break-GC-tf1-nyam,lon_break,GC,False,-11026.375,0.125,-22.595030737704917,False,488.0,6036.0,-358880.0,7616,8000,False,False,False,0.0,0.0
lon_break-GC-tf30|nyam|,lon_break-GC-tf30-nyam,lon_break,GC,False,-6406.395833333333,0.2604166666666667,-13.747630543633763,False,466.0,371604.0,-986618.0,21824,22912,False,False,False,0.0,0.0
lon_break-GC-tf5|nyam|,lon_break-GC-tf5-nyam,lon_break,GC,False,-9038.5625,0.15625,-18.713379917184266,False,483.0,111930.0,-690398.0,15040,15872,False,False,False,0.0,0.0
lon_break-NQ-tf15|nyam|,lon_break-NQ-tf15-nyam,lon_break,NQ,True,13374.59375,0.796875,24.721984750462106,False,541.0,915389.0,-59415.0,18624,16000,False,False,True,0.078,1.0
lon_break-NQ-tf1|nyam|,lon_break-NQ-tf1-nyam,lon_break,NQ,True,11904.25,0.8125,21.72308394160584,False,548.0,329721.0,51215.0,9376,8160,True,False,True,0.035,1.0
lon_break-NQ-tf30|nyam|,lon_break-NQ-tf30-nyam,lon_break,NQ,True,11865.890625,0.75,22.262458958724203,False,533.0,818552.0,-59135.0,18272,15840,False,False,True,0.098,1.0
lon_break-NQ-tf5|nyam|,lon_break-NQ-tf5-nyam,lon_break,NQ,True,11780.4375,0.75,21.635330578512395,False,544.5,662786.0,91162.0,18656,16192,True,False,True,0.075,1.0
mid_fade-ES-tf15|mid|,mid_fade-ES-tf15-mid,mid_fade,ES,False,-7565.765625,0.03125,-46.13271722560975,False,164.0,-232130.5,-9974.0,2592,2656,False,False,False,0.001,0.0
mid_fade-ES-tf1|mid|,mid_fade-ES-tf1-mid,mid_fade,ES,False,-9579.4375,0.0625,-58.411204268292686,False,164.0,-169005.5,-137536.5,2592,2656,False,False,False,0.0,0.0
mid_fade-ES-tf30|mid|,mid_fade-ES-tf30-mid,mid_fade,ES,False,-11752.875,0.0,-71.6638719512195,False,164.0,-325630.5,-50461.5,2592,2656,False,False,False,0.0,0.0
mid_fade-ES-tf5|mid|,mid_fade-ES-tf5-mid,mid_fade,ES,False,-8357.171875,0.0625,-50.95836509146341,False,164.0,-145055.5,-122374.0,2592,2656,False,False,False,0.002,0.0
mid_fade-GC-tf15|mid|,mid_fade-GC-tf15-mid,mid_fade,GC,False,-7470.258064516129,0.03225806451612903,-50.81808207153829,False,147.0,-218016.0,-13562.0,2139,2418,False,False,False,0.0,0.0
mid_fade-GC-tf1|mid|,mid_fade-GC-tf1-mid,mid_fade,GC,False,-9166.125,0.0,-62.35459183673469,False,147.0,-224252.0,-69064.0,2208,2496,False,False,False,0.0,0.0
mid_fade-GC-tf30|mid|,mid_fade-GC-tf30-mid,mid_fade,GC,False,-9312.666666666666,0.0,-63.35147392290249,False,147.0,-222050.0,-57330.0,2070,2340,False,False,False,0.0,0.0
mid_fade-GC-tf5|mid|,mid_fade-GC-tf5-mid,mid_fade,GC,False,-9286.75,0.0,-63.175170068027214,False,147.0,-241752.0,-55424.0,2208,2496,False,False,False,0.0,0.0
mid_fade-NQ-tf15|mid|,mid_fade-NQ-tf15-mid,mid_fade,NQ,False,-12540.5625,0.09375,-65.65739528795811,False,191.0,-379708.0,-21590.0,2912,3200,False,False,False,0.018,0.0
mid_fade-NQ-tf1|mid|,mid_fade-NQ-tf1-mid,mid_fade,NQ,False,-12331.34375,0.0,-64.56200916230367,False,191.0,-288973.0,-105630.0,2912,3200,False,False,False,0.003,0.0
mid_fade-NQ-tf30|mid|,mid_fade-NQ-tf30-mid,mid_fade,NQ,False,-18324.46875,0.0,-95.93962696335079,False,191.0,-493948.0,-92435.0,2912,3200,False,False,False,0.002,0.0
mid_fade-NQ-tf5|mid|,mid_fade-NQ-tf5-mid,mid_fade,NQ,False,-12655.875,0.09375,-66.26112565445027,False,191.0,-282303.0,-122685.0,2912,3200,False,False,False,0.019,0.0
orb-ES-tf15|london|,orb-ES-tf15-london,orb,ES,False,-13526.713541666666,0.17708333333333334,-23.744962331772967,False,569.6666666666666,-330199.0,-968365.5,28256,26432,False,False,False,0.0,0.0
orb-ES-tf15|mid|,orb-ES-tf15-mid,orb,ES,False,-20119.166666666668,0.14583333333333334,-35.40029325513196,False,568.3333333333334,-366274.5,-1565165.5,28128,26432,False,False,False,0.0,0.0
orb-ES-tf15|nyam|,orb-ES-tf15-nyam,orb,ES,False,-6192.9375,0.25,-11.098454301075268,False,558.0,196834.0,-791356.0,27104,26464,False,False,False,0.0,0.0
orb-ES-tf15|pm|,orb-ES-tf15-pm,orb,ES,False,-7824.515625,0.2708333333333333,-13.832378830288745,False,565.6666666666666,-59919.5,-691234.0,28608,25696,False,False,False,0.0,0.0
orb-ES-tf15|pre|,orb-ES-tf15-pre,orb,ES,False,-12837.916666666666,0.15625,-25.172385620915033,False,510.0,-875549.0,-356891.0,22656,26304,False,False,False,0.0,0.0
orb-ES-tf1|asia|,orb-ES-tf1-asia,orb,ES,False,-20822.901041666668,0.020833333333333332,-36.488728460864486,False,570.6666666666666,-880148.5,-1118850.0,28384,26400,False,False,False,0.0,0.0
orb-ES-tf1|eve|,orb-ES-tf1-eve,orb,ES,False,-26186.140625,0.0,-46.374511142266826,False,564.6666666666666,-1000015.0,-1513854.5,27360,26848,False,False,False,0.0,0.0
orb-ES-tf1|london|,orb-ES-tf1-london,orb,ES,False,-13934.916666666666,0.14583333333333334,-24.46152720889409,False,569.6666666666666,-465886.5,-871865.5,28256,26432,False,False,False,0.0,0.0
orb-ES-tf1|mid|,orb-ES-tf1-mid,orb,ES,False,-21385.963541666668,0.09375,-37.62926136363637,False,568.3333333333334,-523574.5,-1529478.0,28128,26432,False,False,False,0.0,0.0
orb-ES-tf1|nyam|,orb-ES-tf1-nyam,orb,ES,False,-11110.90625,0.15625,-19.912018369175627,False,558.0,-175528.5,-891118.5,27104,26464,False,False,False,0.0,0.0
orb-ES-tf1|pm|,orb-ES-tf1-pm,orb,ES,False,-12920.21875,0.17708333333333334,-22.84069313494402,False,565.6666666666666,-376507.0,-863834.0,28608,25696,False,False,False,0.0,0.0
orb-ES-tf1|pre|,orb-ES-tf1-pre,orb,ES,False,-11368.90625,0.16666666666666666,-22.291973039215687,False,510.0,-785361.5,-306053.5,22656,26304,False,False,False,0.0,0.0
orb-ES-tf30|london|,orb-ES-tf30-london,orb,ES,False,-14428.145833333334,0.17708333333333334,-25.327347864248097,False,569.6666666666666,-468749.0,-916353.0,28256,26432,False,False,False,0.0,0.0
orb-ES-tf30|mid|,orb-ES-tf30-mid,orb,ES,False,-19380.755208333332,0.14583333333333334,-34.10103555718475,False,568.3333333333334,-347974.5,-1512578.0,28128,26432,False,False,False,0.0,0.0
orb-ES-tf30|nyam|,orb-ES-tf30-nyam,orb,ES,False,-6154.395833333333,0.2708333333333333,-11.02938321385902,False,558.0,95821.5,-686643.5,27104,26464,False,False,False,0.0,0.0
orb-ES-tf30|pm|,orb-ES-tf30-pm,orb,ES,False,-7043.786458333333,0.3125,-12.452185842663523,False,565.6666666666666,-33994.5,-642209.0,28608,25696,False,False,False,0.0,0.0
orb-ES-tf30|pre|,orb-ES-tf30-pre,orb,ES,False,-12589.869791666666,0.17708333333333334,-24.686019199346404,False,510.0,-845586.5,-363041.0,22656,26304,False,False,False,0.0,0.0
orb-ES-tf5|asia|,orb-ES-tf5-asia,orb,ES,False,-24891.328125,0.015625,-43.668996710526315,False,570.0,-761540.5,-831504.5,19232,17248,False,False,False,0.0,0.0
orb-ES-tf5|eve|,orb-ES-tf5-eve,orb,ES,False,-31984.5234375,0.0,-56.91196341192171,False,562.0,-924831.0,-1122178.5,18464,17504,False,False,False,0.0,0.0
orb-ES-tf5|london|,orb-ES-tf5-london,orb,ES,False,-13799.109375,0.16666666666666666,-24.223129388531305,False,569.6666666666666,-443111.5,-881603.0,28256,26432,False,False,False,0.0,0.0
orb-ES-tf5|mid|,orb-ES-tf5-mid,orb,ES,False,-19292.604166666668,0.13541666666666666,-33.94593108504399,False,568.3333333333334,-387949.5,-1464140.5,28128,26432,False,False,False,0.0,0.0
orb-ES-tf5|nyam|,orb-ES-tf5-nyam,orb,ES,False,-7528.354166666667,0.22916666666666666,-13.49167413381123,False,558.0,38746.5,-761468.5,27104,26464,False,False,False,0.0,0.0
orb-ES-tf5|pm|,orb-ES-tf5-pm,orb,ES,False,-10747.953125,0.23958333333333334,-19.00050640836771,False,565.6666666666666,-221757.0,-810046.5,28608,25696,False,False,False,0.0,0.0
orb-ES-tf5|pre|,orb-ES-tf5-pre,orb,ES,False,-12713.046875,0.16666666666666666,-24.92754289215686,False,510.0,-817674.0,-402778.5,22656,26304,False,False,False,0.0,0.0
orb-GC-tf15|london|,orb-GC-tf15-london,orb,GC,False,-15821.166666666666,0.010416666666666666,-28.018595041322314,False,564.6666666666666,-1262242.0,-256590.0,27168,27040,False,False,False,0.0,0.0
orb-GC-tf15|mid|,orb-GC-tf15-mid,orb,GC,False,-4185.083333333333,0.23958333333333334,-7.58167270531401,False,552.0,-694410.0,292642.0,26560,26432,False,False,False,0.0,0.0
orb-GC-tf15|nyam|,orb-GC-tf15-nyam,orb,GC,False,-1312.2708333333333,0.4270833333333333,-2.428632017273288,False,540.3333333333334,-161120.0,35142.0,27040,24832,False,False,False,0.0,0.0
orb-GC-tf15|pm|,orb-GC-tf15-pm,orb,GC,False,-11147.3125,0.0,-19.97726254480287,False,558.0,-856758.0,-213384.0,25312,28256,False,False,False,0.0,0.0
orb-GC-tf15|pre|,orb-GC-tf15-pre,orb,GC,False,-3838.7708333333335,0.40625,-7.760318396226415,False,494.6666666666667,-373732.0,5210.0,23168,24320,False,False,False,0.0,0.0
orb-GC-tf1|asia|,orb-GC-tf1-asia,orb,GC,False,-7075.229166666667,0.25,-12.529921782762692,False,564.6666666666666,-678248.0,-974.0,25632,28576,False,False,False,0.0,0.0
orb-GC-tf1|eve|,orb-GC-tf1-eve,orb,GC,False,-22614.9375,0.0,-40.19242446682465,False,562.6666666666666,-995294.0,-1175740.0,26656,27360,False,False,False,0.0,0.0
orb-GC-tf1|london|,orb-GC-tf1-london,orb,GC,False,-15380.75,0.010416666666666666,-27.238636363636363,False,564.6666666666666,-1130102.0,-346450.0,27168,27040,False,False,False,0.0,0.0
orb-GC-tf1|mid|,orb-GC-tf1-mid,orb,GC,False,-6392.375,0.17708333333333334,-11.580389492753623,False,552.0,-698620.0,84952.0,26560,26432,False,False,False,0.0,0.0
orb-GC-tf1|nyam|,orb-GC-tf1-nyam,orb,GC,False,-3230.9166666666665,0.3020833333333333,-5.979487970388649,False,540.3333333333334,-286500.0,-23668.0,27040,24832,False,False,False,0.0,0.0
orb-GC-tf1|pm|,orb-GC-tf1-pm,orb,GC,False,-12964.083333333334,0.0,-23.233124253285542,False,558.0,-898578.0,-345974.0,25312,28256,False,False,False,0.0,0.0
orb-GC-tf1|pre|,orb-GC-tf1-pre,orb,GC,False,-3128.6666666666665,0.3958333333333333,-6.324797843665769,False,494.6666666666667,-258322.0,-42030.0,23168,24320,False,False,False,0.0,0.0
orb-GC-tf30|london|,orb-GC-tf30-london,orb,GC,False,-15632.104166666666,0.03125,-27.683773612750887,False,564.6666666666666,-1222382.0,-278300.0,27168,27040,False,False,False,0.0,0.0
orb-GC-tf30|mid|,orb-GC-tf30-mid,orb,GC,False,-4202.442105263158,0.23157894736842105,-7.614862287327382,False,551.8736842105263,-680220.0,280988.0,26280,26148,False,False,False,0.0,0.0
orb-GC-tf30|nyam|,orb-GC-tf30-nyam,orb,GC,False,-1704.0416666666667,0.3958333333333333,-3.1536859962985813,False,540.3333333333334,-150470.0,-13118.0,27040,24832,False,False,False,0.0,0.0
orb-GC-tf30|pm|,orb-GC-tf30-pm,orb,GC,False,-10696.547368421052,0.0,-19.171971397845404,False,557.9263157894737,-788612.0,-227560.0,25043,27960,False,False,False,0.0,0.0
orb-GC-tf30|pre|,orb-GC-tf30-pre,orb,GC,False,-4198.770833333333,0.375,-8.488081199460916,False,494.6666666666667,-362422.0,-40660.0,23168,24320,False,False,False,0.0,0.0
orb-GC-tf5|asia|,orb-GC-tf5-asia,orb,GC,False,-8098.8125,0.265625,-14.359596631205674,False,564.0,-436770.0,-81554.0,16960,19136,False,False,False,0.0,0.0
orb-GC-tf5|eve|,orb-GC-tf5-eve,orb,GC,False,-25580.6875,0.0,-45.96709344115005,False,556.5,-729758.0,-907406.0,17152,18464,False,False,False,0.0,0.0
orb-GC-tf5|london|,orb-GC-tf5-london,orb,GC,False,-16009.708333333334,0.010416666666666666,-28.35249409681228,False,564.6666666666666,-1219622.0,-317310.0,27168,27040,False,False,False,0.0,0.0
orb-GC-tf5|mid|,orb-GC-tf5-mid,orb,GC,False,-4768.9375,0.19791666666666666,-8.639379528985508,False,552.0,-718350.0,260532.0,26560,26432,False,False,False,0.0,0.0
orb-GC-tf5|nyam|,orb-GC-tf5-nyam,orb,GC,False,-1638.9375,0.3958333333333333,-3.033197100555213,False,540.3333333333334,-198810.0,41472.0,27040,24832,False,False,False,0.0,0.0
orb-GC-tf5|pm|,orb-GC-tf5-pm,orb,GC,False,-12470.75,0.0,-22.349014336917563,False,558.0,-944838.0,-252354.0,25312,28256,False,False,False,0.0,0.0
orb-GC-tf5|pre|,orb-GC-tf5-pre,orb,GC,False,-3294.2916666666665,0.3854166666666667,-6.6596192722371965,False,494.6666666666667,-275352.0,-40900.0,23168,24320,False,False,False,0.0,0.0
orb-NQ-tf15|london|,orb-NQ-tf15-london,orb,NQ,False,3273.7395833333335,0.4375,5.770398795534665,False,567.3333333333334,1011308.0,-697029.0,27328,27136,False,False,False,0.005,0.6521739130434783
orb-NQ-tf15|mid|,orb-NQ-tf15-mid,orb,NQ,False,1618.2604166666667,0.3958333333333333,2.8658685064935066,False,564.6666666666666,728064.0,-572711.0,30144,24064,False,False,False,0.006,0.6521739130434783
orb-NQ-tf15|nyam|,orb-NQ-tf15-nyam,orb,NQ,True,19946.020833333332,0.7291666666666666,36.17778869407497,False,551.3333333333334,838921.0,1075897.0,27456,25472,True,False,True,0.124,0.6521739130434783
orb-NQ-tf15|pm|,orb-NQ-tf15-pm,orb,NQ,False,2417.0625,0.4791666666666667,4.293183836589698,False,563.0,708458.0,-476420.0,28288,25760,False,False,False,0.004,0.6521739130434783
orb-NQ-tf15|pre|,orb-NQ-tf15-pre,orb,NQ,True,22707.177083333332,0.78125,45.05392278439153,False,504.0,914603.0,1265286.0,23008,25376,True,True,True,0.192,0.6521739130434783
orb-NQ-tf1|asia|,orb-NQ-tf1-asia,orb,NQ,False,-1161.6354166666667,0.25,-2.045132775821596,False,568.0,602641.0,-714158.0,27936,26592,False,False,False,0.0,0.6956521739130435
orb-NQ-tf1|eve|,orb-NQ-tf1-eve,orb,NQ,False,-6262.072916666667,0.2916666666666667,-11.195601162097736,False,559.3333333333334,-221463.0,-379696.0,27232,26464,False,False,False,0.0,0.6956521739130435
orb-NQ-tf1|london|,orb-NQ-tf1-london,orb,NQ,False,-1966.5208333333333,0.3645833333333333,-3.466252937720329,False,567.3333333333334,544063.0,-732849.0,27328,27136,False,False,False,0.0,0.6956521739130435
orb-NQ-tf1|mid|,orb-NQ-tf1-mid,orb,NQ,False,-4618.71875,0.3229166666666667,-8.17954914403778,False,564.6666666666666,136309.0,-579706.0,30144,24064,False,False,False,0.0,0.6956521739130435
orb-NQ-tf1|nyam|,orb-NQ-tf1-nyam,orb,NQ,True,16314.875,0.7083333333333334,29.59167170495768,False,551.3333333333334,479221.0,1087007.0,27456,25472,True,False,True,0.061,0.6521739130434783
orb-NQ-tf1|pm|,orb-NQ-tf1-pm,orb,NQ,False,-2606.9479166666665,0.3645833333333333,-4.630458111308466,False,563.0,330103.0,-580370.0,28288,25760,False,False,False,0.0,0.6956521739130435
orb-NQ-tf1|pre|,orb-NQ-tf1-pre,orb,NQ,True,19279.052083333332,0.71875,38.252087466931215,False,504.0,661588.0,1189201.0,23008,25376,True,False,True,0.069,0.6521739130434783
orb-NQ-tf30|london|,orb-NQ-tf30-london,orb,NQ,False,5433.322916666667,0.4583333333333333,9.57694991186839,False,567.3333333333334,1054648.0,-533049.0,27328,27136,False,False,False,0.017,0.6521739130434783
orb-NQ-tf30|mid|,orb-NQ-tf30-mid,orb,NQ,False,3603.9375,0.3958333333333333,6.38241587957497,False,564.6666666666666,817309.0,-471331.0,30144,24064,False,False,False,0.015,0.6521739130434783
orb-NQ-tf30|nyam|,orb-NQ-tf30-nyam,orb,NQ,True,21703.885416666668,0.7395833333333334,39.36617669286578,False,551.3333333333334,1010486.0,1073087.0,27456,25472,True,False,True,0.181,0.6521739130434783
orb-NQ-tf30|pm|,orb-NQ-tf30-pm,orb,NQ,False,2733.3645833333335,0.46875,4.85499925991711,False,563.0,682498.0,-420095.0,28288,25760,False,False,False,0.003,0.6521739130434783
orb-NQ-tf30|pre|,orb-NQ-tf30-pre,orb,NQ,True,23503.6875,0.8125,46.634300595238095,False,504.0,1055573.0,1200781.0,23008,25376,True,False,True,0.225,0.6521739130434783
orb-NQ-tf5|asia|,orb-NQ-tf5-asia,orb,NQ,False,-5080.515625,0.234375,-8.944569762323944,False,568.0,164695.0,-489848.0,19040,17312,False,False,False,0.002,0.6956521739130435
orb-NQ-tf5|eve|,orb-NQ-tf5-eve,orb,NQ,False,-15903.96875,0.21875,-28.578560197663972,False,556.5,-589084.0,-428770.0,18496,17120,False,False,False,0.0,0.6956521739130435
orb-NQ-tf5|london|,orb-NQ-tf5-london,orb,NQ,False,-1339.0729166666667,0.375,-2.3602930376028204,False,567.3333333333334,619608.0,-748159.0,27328,27136,False,False,False,0.001,0.6956521739130435
orb-NQ-tf5|mid|,orb-NQ-tf5-mid,orb,NQ,False,2590.1354166666665,0.3854166666666667,4.587016676505313,False,564.6666666666666,687914.0,-439261.0,30144,24064,False,False,False,0.008,0.6521739130434783
orb-NQ-tf5|nyam|,orb-NQ-tf5-nyam,orb,NQ,True,18989.041666666668,0.7083333333333334,34.44203446191052,False,551.3333333333334,797786.0,1025162.0,27456,25472,True,False,True,0.098,0.6521739130434783
orb-NQ-tf5|pm|,orb-NQ-tf5-pm,orb,NQ,False,948.6770833333334,0.4479166666666667,1.685039224393132,False,563.0,557708.0,-466635.0,28288,25760,False,False,False,0.001,0.6521739130434783
orb-NQ-tf5|pre|,orb-NQ-tf5-pre,orb,NQ,True,21947.4375,0.7708333333333334,43.546502976190474,False,504.0,843403.0,1263551.0,23008,25376,True,False,True,0.161,0.6521739130434783
orb_fbook-NQ-tf15|nyam|,orb_fbook-NQ-tf15-nyam,orb_fbook,NQ,False,-1299.96875,0.4791666666666667,-6.735589378238342,False,193.0,63671.0,-188468.0,8736,9792,False,False,False,0.031,0.5714285714285714
orb_fbook-NQ-tf15|pre|,orb_fbook-NQ-tf15-pre,orb_fbook,NQ,True,4975.34375,0.65625,25.558272688356166,False,194.66666666666666,337984.0,139649.0,8224,10464,True,False,True,0.162,0.42857142857142855
orb_fbook-NQ-tf1|nyam|,orb_fbook-NQ-tf1-nyam,orb_fbook,NQ,False,-1857.2604166666667,0.4375,-9.623110967184802,False,193.0,-90049.0,-88248.0,8736,9792,False,False,False,0.013,0.5714285714285714
orb_fbook-NQ-tf1|pre|,orb_fbook-NQ-tf1-pre,orb_fbook,NQ,False,3972.53125,0.59375,20.406838613013697,False,194.66666666666666,164699.0,216664.0,8224,10464,True,False,True,0.059,0.42857142857142855
orb_fbook-NQ-tf30|nyam|,orb_fbook-NQ-tf30-nyam,orb_fbook,NQ,False,-1879.5,0.4583333333333333,-9.738341968911918,False,193.0,76651.0,-257083.0,8736,9792,False,False,False,0.031,0.5714285714285714
orb_fbook-NQ-tf30|pre|,orb_fbook-NQ-tf30-pre,orb_fbook,NQ,True,5016.489583333333,0.6354166666666666,25.769638270547944,False,194.66666666666666,415039.0,66544.0,8224,10464,True,False,True,0.163,0.42857142857142855
orb_fbook-NQ-tf5|nyam|,orb_fbook-NQ-tf5-nyam,orb_fbook,NQ,False,-1464.1875,0.4479166666666667,-7.586463730569948,False,193.0,41076.0,-181638.0,8736,9792,False,False,False,0.023,0.5714285714285714
orb_fbook-NQ-tf5|pre|,orb_fbook-NQ-tf5-pre,orb_fbook,NQ,True,4486.072916666667,0.6041666666666666,23.044895119863014,False,194.66666666666666,238689.0,191974.0,8224,10464,True,False,True,0.118,0.42857142857142855
orb_thin-NQ-tf15|nyam|,orb_thin-NQ-tf15-nyam,orb_thin,NQ,False,429.6770833333333,0.4791666666666667,5.556169181034483,False,77.33333333333333,-99834.0,141083.0,3936,3488,False,False,False,0.151,1.0
orb_thin-NQ-tf15|pre|,orb_thin-NQ-tf15-pre,orb_thin,NQ,True,8038.489583333333,0.7916666666666666,79.06711065573771,True,101.66666666666667,834174.0,-62479.0,4224,5536,False,False,True,0.573,1.0
orb_thin-NQ-tf1|nyam|,orb_thin-NQ-tf1-nyam,orb_thin,NQ,False,610.9270833333334,0.4791666666666667,7.899919181034483,False,77.33333333333333,-120559.0,179208.0,3936,3488,False,False,False,0.12,1.0
orb_thin-NQ-tf1|pre|,orb_thin-NQ-tf1-pre,orb_thin,NQ,True,6272.135416666667,0.78125,61.69313524590164,False,101.66666666666667,550129.0,51996.0,4224,5536,True,False,True,0.374,1.0
orb_thin-NQ-tf30|nyam|,orb_thin-NQ-tf30-nyam,orb_thin,NQ,False,1011.1875,0.5104166666666666,13.075700431034482,False,77.33333333333333,-93739.0,190813.0,3936,3488,False,False,True,0.175,1.0
orb_thin-NQ-tf30|pre|,orb_thin-NQ-tf30-pre,orb_thin,NQ,True,8881.770833333334,0.8125,87.36168032786885,True,101.66666666666667,960769.0,-108119.0,4224,5536,False,False,True,0.638,1.0
orb_thin-NQ-tf5|nyam|,orb_thin-NQ-tf5-nyam,orb_thin,NQ,False,1203.9479166666667,0.5208333333333334,15.56829202586207,False,77.33333333333333,-55904.0,171483.0,3936,3488,False,False,True,0.16,1.0
orb_thin-NQ-tf5|pre|,orb_thin-NQ-tf5-pre,orb_thin,NQ,True,7453.229166666667,0.78125,73.31045081967213,True,101.66666666666667,680344.0,35166.0,4224,5536,True,False,True,0.521,1.0
orb_xbook-NQ-tf15|nyam|,orb_xbook-NQ-tf15-nyam,orb_xbook,NQ,True,1555.2978723404256,0.6595744680851063,2.820286276476716,False,551.468085106383,-384241.0,530439.0,26899,24939,False,False,True,0.0,1.0
orb_xbook-NQ-tf15|pre|,orb_xbook-NQ-tf15-pre,orb_xbook,NQ,False,8796.447916666666,0.5416666666666666,17.453269675925927,False,504.0,140938.0,703521.0,23008,25376,True,False,True,0.0,1.0
orb_xbook-NQ-tf1|nyam|,orb_xbook-NQ-tf1-nyam,orb_xbook,NQ,True,1930.65625,0.6458333333333334,3.501794891172914,False,551.3333333333334,-283659.0,469002.0,27456,25472,False,False,True,0.0,1.0
orb_xbook-NQ-tf1|pre|,orb_xbook-NQ-tf1-pre,orb_xbook,NQ,False,8245.25,0.4791666666666667,16.359623015873016,False,504.0,199798.0,591746.0,23008,25376,True,False,False,0.0,1.0
orb_xbook-NQ-tf30|nyam|,orb_xbook-NQ-tf30-nyam,orb_xbook,NQ,True,1151.723404255319,0.648936170212766,2.088306778287875,False,551.5106382978723,-441225.0,549487.0,26885,24957,False,False,True,0.0,1.0
orb_xbook-NQ-tf30|pre|,orb_xbook-NQ-tf30-pre,orb_xbook,NQ,False,8571.1875,0.5625,17.006324404761905,False,504.0,129948.0,692886.0,23008,25376,True,False,True,0.0,1.0
orb_xbook-NQ-tf5|nyam|,orb_xbook-NQ-tf5-nyam,orb_xbook,NQ,True,1655.3263157894737,0.6421052631578947,3.0007251078120825,False,551.6421052631579,-322049.0,479305.0,27186,25220,False,False,True,0.0,1.0
orb_xbook-NQ-tf5|pre|,orb_xbook-NQ-tf5-pre,orb_xbook,NQ,False,8935.614583333334,0.5520833333333334,17.729394014550266,False,504.0,181453.0,676366.0,23008,25376,True,False,True,0.0,1.0
pinbar-ES-tf15|asia|,pinbar-ES-tf15-asia,pinbar,ES,False,-9719.75,0.03125,-75.10431423052157,False,129.41666666666666,-449585.0,-483511.0,7165,5259,False,False,False,0.0,0.07407407407407407
pinbar-ES-tf15|eve|,pinbar-ES-tf15-eve,pinbar,ES,False,-18291.052083333332,0.010416666666666666,-66.4399334064853,False,275.3020833333333,-545608.0,-1210333.0,13577,12852,False,False,False,0.0,0.07407407407407407
pinbar-ES-tf15|london|,pinbar-ES-tf15-london,pinbar,ES,False,-3757.4895833333335,0.4166666666666667,-17.803612852277777,False,211.05208333333334,-584028.5,223309.5,9954,10307,False,False,False,0.002,0.07407407407407407
pinbar-ES-tf15|mid|,pinbar-ES-tf15-mid,pinbar,ES,False,-4249.890625,0.21875,-28.258034353788613,False,150.39583333333334,104542.5,-512532.0,9255,5183,False,False,False,0.001,0.07407407407407407
pinbar-ES-tf15|nyam|,pinbar-ES-tf15-nyam,pinbar,ES,False,-2839.8333333333335,0.23958333333333334,-45.77300201477502,False,62.041666666666664,122595.0,-395219.0,3070,2886,False,False,False,0.015,0.07407407407407407
pinbar-ES-tf15|pm|,pinbar-ES-tf15-pm,pinbar,ES,False,-12856.633333333333,0.0,-88.03903218443278,False,146.03333333333333,-598043.0,-559054.0,7717,5426,False,False,False,0.0,0.07407407407407407
pinbar-ES-tf15|pre|,pinbar-ES-tf15-pre,pinbar,ES,False,750.0677083333334,0.3854166666666667,23.123474630700063,False,32.4375,17574.0,54432.5,1894,1220,True,False,False,0.159,0.037037037037037035
pinbar-ES-tf1|asia|,pinbar-ES-tf1-asia,pinbar,ES,False,-15662.78125,0.14583333333333334,-21.44576612040563,False,730.34375,-286490.5,-1217136.5,34457,35656,False,False,False,0.0,0.07407407407407407
pinbar-ES-tf1|eve|,pinbar-ES-tf1-eve,pinbar,ES,False,-40257.614583333336,0.0,-45.9463466248187,False,876.1875,-1352478.5,-2512252.5,40954,43160,False,False,False,0.0,0.07407407407407407
pinbar-ES-tf1|london|,pinbar-ES-tf1-london,pinbar,ES,False,-21082.28125,0.10416666666666667,-25.194495275796392,False,836.78125,-1153172.5,-870726.5,40415,39916,False,False,False,0.0,0.07407407407407407
pinbar-ES-tf1|mid|,pinbar-ES-tf1-mid,pinbar,ES,False,-24726.90625,0.08333333333333333,-32.968292547429236,False,750.0208333333334,-617546.0,-1756237.0,38649,33353,False,False,False,0.0,0.07407407407407407
pinbar-ES-tf1|nyam|,pinbar-ES-tf1-nyam,pinbar,ES,False,-7124.09375,0.3541666666666667,-12.191614524840901,False,584.34375,-281381.0,-402532.0,29189,26908,False,False,False,0.0,0.07407407407407407
pinbar-ES-tf1|pm|,pinbar-ES-tf1-pm,pinbar,ES,False,-15389.177083333334,0.07291666666666667,-21.54875362826179,False,714.15625,-271579.5,-1205781.5,36898,31661,False,False,False,0.0,0.07407407407407407
pinbar-ES-tf1|pre|,pinbar-ES-tf1-pre,pinbar,ES,False,-11487.984375,0.052083333333333336,-31.401341077987528,False,365.84375,-421772.5,-681074.0,16865,18256,False,False,False,0.0,0.07407407407407407
pinbar-ES-tf30|asia|,pinbar-ES-tf30-asia,pinbar,ES,False,-1645.7291666666667,0.21875,-43.166666666666664,False,38.125,33569.5,-191559.5,2092,1568,False,False,False,0.03,0.07407407407407407
pinbar-ES-tf30|eve|,pinbar-ES-tf30-eve,pinbar,ES,False,-10273.203125,0.03125,-69.89564138908575,False,146.97916666666666,-335750.0,-650477.5,8525,5585,False,False,False,0.0,0.07407407407407407
pinbar-ES-tf30|london|,pinbar-ES-tf30-london,pinbar,ES,False,-3488.296875,0.3229166666666667,-26.439009947891993,False,131.9375,-61469.0,-273407.5,7811,4855,False,False,False,0.008,0.07407407407407407
pinbar-ES-tf30|mid|,pinbar-ES-tf30-mid,pinbar,ES,True,11073.598958333334,0.7291666666666666,170.28119493833094,True,65.03125,230326.0,832739.5,3731,2512,True,True,True,0.866,0.037037037037037035
pinbar-ES-tf30|nyam|,pinbar-ES-tf30-nyam,pinbar,ES,False,-2439.938888888889,0.05555555555555555,-115.0914570230608,False,21.2,-146097.5,-73497.0,1390,518,False,False,False,0.004,0.07407407407407407
pinbar-ES-tf30|pm|,pinbar-ES-tf30-pm,pinbar,ES,False,-4250.316455696203,0.08860759493670886,-60.228699551569505,False,70.56962025316456,-132530.5,-203244.5,3042,2533,False,False,False,0.0,0.07407407407407407
pinbar-ES-tf30|pre|,pinbar-ES-tf30-pre,pinbar,ES,False,-1118.1666666666667,0.25,-145.84782608695653,False,7.666666666666667,-46390.0,-34118.0,160,392,False,False,False,0.086,0.07407407407407407
pinbar-ES-tf5|asia|,pinbar-ES-tf5-asia,pinbar,ES,False,-10950.0,0.07291666666666667,-37.276595744680854,False,293.75,-485556.0,-565644.0,14864,13336,False,False,False,0.0,0.07407407407407407
pinbar-ES-tf5|eve|,pinbar-ES-tf5-eve,pinbar,ES,False,-17954.244791666668,0.07291666666666667,-35.71873380996788,False,502.65625,-506152.5,-1217455.0,24910,23345,False,False,False,0.0,0.07407407407407407
pinbar-ES-tf5|london|,pinbar-ES-tf5-london,pinbar,ES,False,-2094.1770833333335,0.40625,-4.783387660900806,False,437.8020833333333,97348.0,-298389.0,21563,20466,False,False,False,0.0,0.07407407407407407
pinbar-ES-tf5|mid|,pinbar-ES-tf5-mid,pinbar,ES,False,-10680.682291666666,0.16666666666666666,-33.505832952094636,False,318.7708333333333,-339469.0,-685876.5,17011,13591,False,False,False,0.0,0.07407407407407407
pinbar-ES-tf5|nyam|,pinbar-ES-tf5-nyam,pinbar,ES,False,-412.3177083333333,0.4270833333333333,-2.1653446389496716,False,190.41666666666666,60270.5,-99853.0,9448,8832,False,False,False,0.003,0.07407407407407407
pinbar-ES-tf5|pm|,pinbar-ES-tf5-pm,pinbar,ES,False,-17670.552631578947,0.0,-54.35332685769791,False,325.10526315789474,-666133.0,-1012569.5,17552,13333,False,False,False,0.0,0.07407407407407407
pinbar-ES-tf5|pre|,pinbar-ES-tf5-pre,pinbar,ES,False,-8438.9375,0.15625,-72.35313030275967,False,116.63541666666667,-427626.5,-382511.5,5716,5481,False,False,False,0.0,0.07407407407407407
pinbar-GC-tf15|asia|,pinbar-GC-tf15-asia,pinbar,GC,False,-950.7083333333334,0.34375,-9.407132549989694,False,101.0625,-105368.0,14100.0,4982,4720,False,False,False,0.0,0.1111111111111111
pinbar-GC-tf15|eve|,pinbar-GC-tf15-eve,pinbar,GC,False,-20677.020833333332,0.0,-80.37714609653385,False,257.25,-1348512.0,-636482.0,11738,12958,False,False,False,0.0,0.1111111111111111
pinbar-GC-tf15|london|,pinbar-GC-tf15-london,pinbar,GC,False,-2783.625,0.3229166666666667,-13.162644074475422,False,211.47916666666666,-129546.0,-137682.0,9584,10718,False,False,False,0.0,0.1111111111111111
pinbar-GC-tf15|mid|,pinbar-GC-tf15-mid,pinbar,GC,False,-3533.4166666666665,0.19791666666666666,-21.575372090064878,False,163.77083333333334,-25008.0,-314200.0,8297,7425,False,False,False,0.0,0.1111111111111111
pinbar-GC-tf15|nyam|,pinbar-GC-tf15-nyam,pinbar,GC,False,-1148.5531914893618,0.35106382978723405,-13.41001117873556,False,85.64893617021276,-223906.0,115942.0,4229,3822,False,False,False,0.0,0.1111111111111111
pinbar-GC-tf15|pm|,pinbar-GC-tf15-pm,pinbar,GC,False,-7152.850574712644,0.0,-39.96262522476239,False,178.98850574712642,-323150.0,-299148.0,7870,7702,False,False,False,0.0,0.1111111111111111
pinbar-GC-tf15|pre|,pinbar-GC-tf15-pre,pinbar,GC,False,-3201.032258064516,0.010752688172043012,-98.28194123473094,False,32.56989247311828,-348466.0,50770.0,1599,1430,False,False,False,0.0,0.1111111111111111
pinbar-GC-tf1|asia|,pinbar-GC-tf1-asia,pinbar,GC,False,-708.5208333333334,0.4479166666666667,-1.120430922298911,False,632.3645833333334,81402.0,-149420.0,29142,31565,False,False,False,0.0,0.1111111111111111
pinbar-GC-tf1|eve|,pinbar-GC-tf1-eve,pinbar,GC,False,-17484.979166666668,0.1875,-20.826556819732744,False,839.5520833333334,-1320164.0,-358394.0,40441,40156,False,False,False,0.0,0.1111111111111111
pinbar-GC-tf1|london|,pinbar-GC-tf1-london,pinbar,GC,False,-22863.729166666668,0.03125,-28.50283740439181,False,802.15625,-1275426.0,-919492.0,37414,39593,False,False,False,0.0,0.1111111111111111
pinbar-GC-tf1|mid|,pinbar-GC-tf1-mid,pinbar,GC,False,-5943.145833333333,0.20833333333333334,-10.560116976382616,False,562.7916666666666,-453372.0,-117170.0,27468,26560,False,False,False,0.0,0.1111111111111111
pinbar-GC-tf1|nyam|,pinbar-GC-tf1-nyam,pinbar,GC,False,-12157.625,0.11458333333333333,-23.142228302896914,False,525.34375,-688128.0,-479004.0,24862,25571,False,False,False,0.0,0.1111111111111111
pinbar-GC-tf1|pm|,pinbar-GC-tf1-pm,pinbar,GC,False,-14515.1875,0.0,-28.197948074549245,False,514.7604166666666,-662808.0,-730650.0,24762,24655,False,False,False,0.0,0.1111111111111111
pinbar-GC-tf1|pre|,pinbar-GC-tf1-pre,pinbar,GC,False,-6186.104166666667,0.23958333333333334,-16.371671169432652,False,377.8541666666667,-143498.0,-450368.0,18507,17767,False,False,False,0.0,0.1111111111111111
pinbar-GC-tf30|asia|,pinbar-GC-tf30-asia,pinbar,GC,False,-1043.3958333333333,0.375,-21.11424957841484,False,49.416666666666664,13300.0,-113466.0,2000,2744,False,False,False,0.0,0.1111111111111111
pinbar-GC-tf30|eve|,pinbar-GC-tf30-eve,pinbar,GC,False,-9908.020833333334,0.03125,-71.11551401869158,False,139.32291666666666,-785340.0,-165830.0,6690,6685,False,False,False,0.0,0.1111111111111111
pinbar-GC-tf30|london|,pinbar-GC-tf30-london,pinbar,GC,False,-11221.520833333334,0.0625,-91.14696674845588,False,123.11458333333333,-345380.0,-731886.0,6120,5699,False,False,False,0.0,0.1111111111111111
pinbar-GC-tf30|mid|,pinbar-GC-tf30-mid,pinbar,GC,False,314.0430107526882,0.5053763440860215,3.9171137339055795,False,80.17204301075269,82180.0,-52974.0,3950,3506,False,False,True,0.0,0.07407407407407407
pinbar-GC-tf30|nyam|,pinbar-GC-tf30-nyam,pinbar,GC,False,404.86021505376345,0.4838709677419355,11.351220982815798,False,35.666666666666664,3222.0,34430.0,1767,1550,True,False,False,0.02,0.07407407407407407
pinbar-GC-tf30|pm|,pinbar-GC-tf30-pm,pinbar,GC,False,545.3052631578947,0.5473684210526316,5.7248314730909495,False,95.25263157894737,37606.0,14198.0,4661,4388,True,True,True,0.0,0.07407407407407407
pinbar-GC-tf30|pre|,pinbar-GC-tf30-pre,pinbar,GC,False,-1607.6756756756756,0.08108108108108109,-123.66735966735966,False,13.0,-3164.0,-115804.0,606,356,False,False,False,0.016,0.1111111111111111
pinbar-GC-tf5|asia|,pinbar-GC-tf5-asia,pinbar,GC,False,-2283.1458333333335,0.3333333333333333,-7.899019749171112,False,289.0416666666667,-131910.0,-87272.0,13770,13978,False,False,False,0.0,0.1111111111111111
pinbar-GC-tf5|eve|,pinbar-GC-tf5-eve,pinbar,GC,False,-23444.104166666668,0.0,-45.5676945192444,False,514.4895833333334,-1482196.0,-768438.0,24199,25192,False,False,False,0.0,0.1111111111111111
pinbar-GC-tf5|london|,pinbar-GC-tf5-london,pinbar,GC,False,-12644.5625,0.14583333333333334,-30.651936770870158,False,412.5208333333333,-915730.0,-298148.0,20385,19217,False,False,False,0.0,0.1111111111111111
pinbar-GC-tf5|mid|,pinbar-GC-tf5-mid,pinbar,GC,False,-15754.291666666666,0.0,-49.65565697025412,False,317.2708333333333,-997268.0,-515144.0,15322,15136,False,False,False,0.0,0.1111111111111111
pinbar-GC-tf5|nyam|,pinbar-GC-tf5-nyam,pinbar,GC,False,-6831.770833333333,0.041666666666666664,-32.817112834625966,False,208.17708333333334,-455482.0,-200368.0,10998,8987,False,False,False,0.0,0.1111111111111111
pinbar-GC-tf5|pm|,pinbar-GC-tf5-pm,pinbar,GC,False,-9871.45054945055,0.0,-36.028636746480565,False,273.989010989011,-205686.0,-692616.0,12084,12849,False,False,False,0.0,0.1111111111111111
pinbar-GC-tf5|pre|,pinbar-GC-tf5-pre,pinbar,GC,False,-8616.916666666666,0.125,-71.98886084761988,False,119.69791666666667,-522742.0,-304482.0,5598,5893,False,False,False,0.0,0.1111111111111111
pinbar-NQ-tf15|asia|,pinbar-NQ-tf15-asia,pinbar,NQ,False,-9060.802083333334,0.25,-89.92422206140805,False,100.76041666666667,-410739.0,-459098.0,5836,3837,False,False,False,0.0,0.25925925925925924
pinbar-NQ-tf15|eve|,pinbar-NQ-tf15-eve,pinbar,NQ,False,-240.53125,0.5520833333333334,-1.0206417963224894,False,235.66666666666666,1240126.0,-1263217.0,12866,9758,False,False,False,0.051,0.25925925925925924
pinbar-NQ-tf15|london|,pinbar-NQ-tf15-london,pinbar,NQ,False,-7878.989583333333,0.13541666666666666,-40.303884478073215,False,195.48958333333334,-285874.0,-470509.0,9511,9256,False,False,False,0.007,0.25925925925925924
pinbar-NQ-tf15|mid|,pinbar-NQ-tf15-mid,pinbar,NQ,False,-7300.8125,0.20833333333333334,-48.32974762101779,False,151.0625,-112980.0,-587898.0,9660,4842,False,False,False,0.005,0.25925925925925924
pinbar-NQ-tf15|nyam|,pinbar-NQ-tf15-nyam,pinbar,NQ,False,-3598.6736842105265,0.2,-54.77872135875661,False,65.69473684210526,165730.0,-507604.0,3485,2756,False,False,False,0.045,0.25925925925925924
pinbar-NQ-tf15|pm|,pinbar-NQ-tf15-pm,pinbar,NQ,False,-21536.10989010989,0.0,-140.84993531694695,False,152.9010989010989,-1118907.0,-840879.0,7388,6526,False,False,False,0.0,0.25925925925925924
pinbar-NQ-tf15|pre|,pinbar-NQ-tf15-pre,pinbar,NQ,False,-2166.4895833333335,0.19791666666666666,-66.83258354755785,False,32.416666666666664,-396863.0,188880.0,1512,1600,False,False,False,0.055,0.25925925925925924
pinbar-NQ-tf1|asia|,pinbar-NQ-tf1-asia,pinbar,NQ,False,-14297.541666666666,0.07291666666666667,-21.425890947690483,False,667.3020833333334,-1024604.0,-347960.0,31036,33025,False,False,False,0.0,0.25925925925925924
pinbar-NQ-tf1|eve|,pinbar-NQ-tf1-eve,pinbar,NQ,False,-7325.833333333333,0.2708333333333333,-8.847402188954586,False,828.0208333333334,182724.0,-886004.0,41884,37606,False,False,False,0.0,0.25925925925925924
pinbar-NQ-tf1|london|,pinbar-NQ-tf1-london,pinbar,NQ,False,-8604.3125,0.375,-10.430654998674092,False,824.90625,-560974.0,-265040.0,37851,41340,False,False,False,0.0,0.25925925925925924
pinbar-NQ-tf1|mid|,pinbar-NQ-tf1-mid,pinbar,NQ,False,-6894.135416666667,0.3020833333333333,-10.012208220504364,False,688.5729166666666,825026.0,-1486863.0,36761,29342,False,False,False,0.0,0.25925925925925924
pinbar-NQ-tf1|nyam|,pinbar-NQ-tf1-nyam,pinbar,NQ,False,7888.34375,0.3854166666666667,14.290747485422052,False,551.9895833333334,662916.0,94365.0,27531,25460,True,False,False,0.018,0.2222222222222222
pinbar-NQ-tf1|pm|,pinbar-NQ-tf1-pm,pinbar,NQ,False,2353.1770833333335,0.5625,3.641279819471309,False,646.25,-40157.0,266062.0,34003,28037,False,False,True,0.0,0.2222222222222222
pinbar-NQ-tf1|pre|,pinbar-NQ-tf1-pre,pinbar,NQ,False,-9140.083333333334,0.14583333333333334,-28.748050586462224,False,317.9375,-396624.0,-480824.0,15146,15376,False,False,False,0.0,0.25925925925925924
pinbar-NQ-tf30|asia|,pinbar-NQ-tf30-asia,pinbar,NQ,False,-5637.791666666667,0.25,-157.7004662004662,False,35.75,68235.0,-609463.0,1830,1602,False,False,False,0.008,0.25925925925925924
pinbar-NQ-tf30|eve|,pinbar-NQ-tf30-eve,pinbar,NQ,False,-9747.510416666666,0.1875,-70.28398678083221,False,138.6875,-592226.0,-343535.0,7979,5335,False,False,False,0.002,0.25925925925925924
pinbar-NQ-tf30|london|,pinbar-NQ-tf30-london,pinbar,NQ,False,-6959.0,0.3020833333333333,-61.088514996342354,False,113.91666666666667,-476703.0,-191361.0,6807,4129,False,False,False,0.008,0.25925925925925924
pinbar-NQ-tf30|mid|,pinbar-NQ-tf30-mid,pinbar,NQ,False,-2674.4148936170213,0.26595744680851063,-37.465722801788374,False,71.38297872340425,-503740.0,252345.0,4650,2060,False,False,False,0.068,0.25925925925925924
pinbar-NQ-tf30|nyam|,pinbar-NQ-tf30-nyam,pinbar,NQ,False,1233.1458333333333,0.5208333333333334,52.10475352112676,False,23.666666666666668,133005.0,-14623.0,1440,832,False,True,True,0.284,0.2222222222222222
pinbar-NQ-tf30|pm|,pinbar-NQ-tf30-pm,pinbar,NQ,False,-6283.7875,0.0375,-97.4797362807834,False,64.4625,-83790.0,-418913.0,3305,1852,False,False,False,0.001,0.25925925925925924
pinbar-NQ-tf30|pre|,pinbar-NQ-tf30-pre,pinbar,NQ,False,-522.0975609756098,0.2682926829268293,-42.05500982318271,False,12.414634146341463,-138935.0,96123.0,680,338,False,False,False,0.126,0.25925925925925924
pinbar-NQ-tf5|asia|,pinbar-NQ-tf5-asia,pinbar,NQ,False,-5422.770833333333,0.20833333333333334,-20.803468670076725,False,260.6666666666667,-453901.0,-66685.0,12844,12180,False,False,False,0.004,0.25925925925925924
pinbar-NQ-tf5|eve|,pinbar-NQ-tf5-eve,pinbar,NQ,False,994.6041666666666,0.4166666666666667,2.154280041514372,False,461.6875,506578.0,-411096.0,21408,22914,False,False,False,0.005,0.2222222222222222
pinbar-NQ-tf5|london|,pinbar-NQ-tf5-london,pinbar,NQ,True,11535.583333333334,0.6666666666666666,28.438304101075985,False,405.6354166666667,189949.0,917467.0,20089,18852,True,False,True,0.092,0.2222222222222222
pinbar-NQ-tf5|mid|,pinbar-NQ-tf5-mid,pinbar,NQ,False,-16886.15625,0.052083333333333336,-50.228388176240934,False,336.1875,-184660.0,-1436411.0,18865,13409,False,False,False,0.0,0.25925925925925924
pinbar-NQ-tf5|nyam|,pinbar-NQ-tf5-nyam,pinbar,NQ,False,12550.458333333334,0.5104166666666666,62.28515301902399,False,201.5,382022.0,822822.0,10167,9177,True,True,True,0.241,0.2222222222222222
pinbar-NQ-tf5|pm|,pinbar-NQ-tf5-pm,pinbar,NQ,False,-1562.042105263158,0.3894736842105263,-5.141679082498874,False,303.8,247973.0,-396367.0,16703,12158,False,False,False,0.004,0.25925925925925924
pinbar-NQ-tf5|pre|,pinbar-NQ-tf5-pre,pinbar,NQ,True,9886.833333333334,0.625,92.99784440525181,True,106.3125,616683.0,332453.0,5473,4733,True,False,True,0.462,0.2222222222222222
rsi2-ES-tf15|asia|,rsi2-ES-tf15-asia,rsi2,ES,False,-13742.369791666666,0.11458333333333333,-20.0817033259761,False,684.3229166666666,-486417.5,-832850.0,32995,32700,False,False,False,0.0,0.07407407407407407
rsi2-ES-tf15|eve|,rsi2-ES-tf15-eve,rsi2,ES,False,-16284.71875,0.20833333333333334,-17.744580145740166,False,917.7291666666666,-960718.0,-602615.0,43617,44485,False,False,False,0.0,0.07407407407407407
rsi2-ES-tf15|london|,rsi2-ES-tf15-london,rsi2,ES,False,-44922.739583333336,0.0,-40.350898696632576,False,1113.3020833333333,-1481981.5,-2830601.5,50236,56641,False,False,False,0.0,0.07407407407407407
rsi2-ES-tf15|mid|,rsi2-ES-tf15-mid,rsi2,ES,False,-33221.364583333336,0.0,-44.37589224839639,False,748.6354166666666,-1170755.5,-2018495.5,34742,37127,False,False,False,0.0,0.07407407407407407
rsi2-ES-tf15|nyam|,rsi2-ES-tf15-nyam,rsi2,ES,False,-34633.791666666664,0.010416666666666666,-48.672161145349946,False,711.5729166666666,-1980658.5,-1344185.5,32874,35437,False,False,False,0.0,0.07407407407407407
rsi2-ES-tf15|pm|,rsi2-ES-tf15-pm,rsi2,ES,False,-73896.296875,0.0,-86.21519025801199,False,857.1145833333334,-3222004.0,-3872040.5,37626,44657,False,False,False,0.0,0.07407407407407407
rsi2-ES-tf15|pre|,rsi2-ES-tf15-pre,rsi2,ES,False,-10414.442708333334,0.3020833333333333,-20.02336223989105,False,520.1145833333334,-731107.5,-268679.0,25880,24051,False,False,False,0.0,0.07407407407407407
rsi2-ES-tf1|asia|,rsi2-ES-tf1-asia,rsi2,ES,False,-41470.119791666664,0.0,-35.28245861249955,False,1175.375,-1515941.5,-2465190.0,54976,57860,False,False,False,0.0,0.07407407407407407
rsi2-ES-tf1|eve|,rsi2-ES-tf1-eve,rsi2,ES,False,-64905.848958333336,0.0,-51.13380957851891,False,1269.3333333333333,-3061685.0,-3169276.5,62515,59341,False,False,False,0.0,0.07407407407407407
rsi2-ES-tf1|london|,rsi2-ES-tf1-london,rsi2,ES,False,-42138.416666666664,0.0625,-29.372852558051726,False,1434.6041666666667,-1811960.0,-2233328.0,69615,68107,False,False,False,0.0,0.07407407407407407
rsi2-ES-tf1|mid|,rsi2-ES-tf1-mid,rsi2,ES,False,-34349.270833333336,0.020833333333333332,-24.079228887509583,False,1426.5104166666667,-1011728.5,-2285801.5,64904,72041,False,False,False,0.0,0.07407407407407407
rsi2-ES-tf1|nyam|,rsi2-ES-tf1-nyam,rsi2,ES,False,-46457.197916666664,0.03125,-31.368141568023407,False,1481.03125,-2022699.0,-2437192.0,68606,73573,False,False,False,0.0,0.07407407407407407
rsi2-ES-tf1|pm|,rsi2-ES-tf1-pm,rsi2,ES,False,-51995.401041666664,0.010416666666666666,-35.962496127493715,False,1445.8229166666667,-1957103.0,-3034455.5,63482,75317,False,False,False,0.0,0.07407407407407407
rsi2-ES-tf1|pre|,rsi2-ES-tf1-pre,rsi2,ES,False,-12397.385416666666,0.3333333333333333,-10.823865910000364,False,1145.375,-622237.0,-567912.0,55553,54403,False,False,False,0.0,0.07407407407407407
rsi2-ES-tf30|asia|,rsi2-ES-tf30-asia,rsi2,ES,False,-6597.057291666667,0.125,-18.753849570624816,False,351.7708333333333,-223043.0,-410274.5,15542,18228,False,False,False,0.0,0.07407407407407407
rsi2-ES-tf30|eve|,rsi2-ES-tf30-eve,rsi2,ES,True,19000.71875,0.84375,29.449442193125495,False,645.1979166666666,1009363.0,814706.0,31378,30561,True,True,True,0.003,0.037037037037037035
rsi2-ES-tf30|london|,rsi2-ES-tf30-london,rsi2,ES,False,-22927.182291666668,0.0625,-27.78420939685425,False,825.1875,-1307724.0,-893285.5,36906,42312,False,False,False,0.0,0.07407407407407407
rsi2-ES-tf30|mid|,rsi2-ES-tf30-mid,rsi2,ES,False,-28059.526041666668,0.0,-64.11621402899102,False,437.6354166666667,-1540354.0,-1153360.5,19976,22037,False,False,False,0.0,0.07407407407407407
rsi2-ES-tf30|nyam|,rsi2-ES-tf30-nyam,rsi2,ES,False,-27506.5,0.0,-65.71822503173142,False,418.5520833333333,-1132300.0,-1508324.0,19500,20681,False,False,False,0.0,0.07407407407407407
rsi2-ES-tf30|pm|,rsi2-ES-tf30-pm,rsi2,ES,False,-39383.411458333336,0.0,-73.51365934279603,False,535.7291666666666,-1739929.5,-2040878.0,23198,28232,False,False,False,0.0,0.07407407407407407
rsi2-ES-tf30|pre|,rsi2-ES-tf30-pre,rsi2,ES,False,7293.90625,0.46875,23.426396788223485,False,311.3541666666667,53363.5,646851.5,14781,15109,True,False,False,0.039,0.037037037037037035
rsi2-ES-tf5|asia|,rsi2-ES-tf5-asia,rsi2,ES,False,-16663.135416666668,0.1875,-16.748798542545728,False,994.8854166666666,-444754.0,-1154907.0,47776,47733,False,False,False,0.0,0.07407407407407407
rsi2-ES-tf5|eve|,rsi2-ES-tf5-eve,rsi2,ES,False,-24740.239583333332,0.14583333333333334,-21.479786926165755,False,1151.7916666666667,-1316620.5,-1058442.5,54577,55995,False,False,False,0.0,0.07407407407407407
rsi2-ES-tf5|london|,rsi2-ES-tf5-london,rsi2,ES,False,-46164.786458333336,0.0,-34.53374813960556,False,1336.8020833333333,-1280594.0,-3151225.5,61536,66797,False,False,False,0.0,0.07407407407407407
rsi2-ES-tf5|mid|,rsi2-ES-tf5-mid,rsi2,ES,False,-41232.166666666664,0.010416666666666666,-35.814480374947976,False,1151.2708333333333,-1794733.5,-2163554.5,54149,56373,False,False,False,0.0,0.07407407407407407
rsi2-ES-tf5|nyam|,rsi2-ES-tf5-nyam,rsi2,ES,False,-43237.869791666664,0.0,-37.475266788248675,False,1153.7708333333333,-2028340.0,-2122495.5,54335,56427,False,False,False,0.0,0.07407407407407407
rsi2-ES-tf5|pm|,rsi2-ES-tf5-pm,rsi2,ES,False,-67927.390625,0.0,-55.84364108141437,False,1216.3854166666667,-2474650.0,-4046379.5,52950,63823,False,False,False,0.0,0.07407407407407407
rsi2-ES-tf5|pre|,rsi2-ES-tf5-pre,rsi2,ES,False,-14834.432291666666,0.25,-19.292378449408673,False,768.9270833333334,-676980.5,-747125.0,38392,35425,False,False,False,0.0,0.07407407407407407
rsi2-GC-tf15|asia|,rsi2-GC-tf15-asia,rsi2,GC,False,-27033.1875,0.0,-41.834896991972144,False,646.1875,-1488534.0,-1106652.0,31931,30103,False,False,False,0.0,0.0
rsi2-GC-tf15|eve|,rsi2-GC-tf15-eve,rsi2,GC,False,-28641.75,0.0625,-30.00707176532216,False,954.5,-1877576.0,-872032.0,48139,43493,False,False,False,0.0,0.0
rsi2-GC-tf15|london|,rsi2-GC-tf15-london,rsi2,GC,False,-20057.791666666668,0.10416666666666667,-20.03129193670873,False,1001.3229166666666,-1337814.0,-587734.0,47746,48381,False,False,False,0.0,0.0
rsi2-GC-tf15|mid|,rsi2-GC-tf15-mid,rsi2,GC,False,-31070.1875,0.0,-52.968070748685896,False,586.5833333333334,-1938198.0,-1044540.0,27562,28750,False,False,False,0.0,0.0
rsi2-GC-tf15|nyam|,rsi2-GC-tf15-nyam,rsi2,GC,False,-23590.729166666668,0.0,-41.20276539616119,False,572.5520833333334,-1029798.0,-1234912.0,27072,27893,False,False,False,0.0,0.0
rsi2-GC-tf15|pm|,rsi2-GC-tf15-pm,rsi2,GC,False,-20550.752688172044,0.0,-35.753811617248154,False,574.7849462365591,-1126532.0,-784688.0,26943,26512,False,False,False,0.0,0.0
rsi2-GC-tf15|pre|,rsi2-GC-tf15-pre,rsi2,GC,False,-9831.041666666666,0.1875,-17.832404345772318,False,551.3020833333334,-826842.0,-116938.0,26103,26822,False,False,False,0.0,0.0
rsi2-GC-tf1|asia|,rsi2-GC-tf1-asia,rsi2,GC,False,-23629.1875,0.08333333333333333,-20.860211691787057,False,1132.7395833333333,-1288782.0,-979620.0,55818,52925,False,False,False,0.0,0.0
rsi2-GC-tf1|eve|,rsi2-GC-tf1-eve,rsi2,GC,False,-33603.125,0.052083333333333336,-27.463817469776945,False,1223.5416666666667,-2127250.0,-1098650.0,57640,59820,False,False,False,0.0,0.0
rsi2-GC-tf1|london|,rsi2-GC-tf1-london,rsi2,GC,False,-38329.166666666664,0.0,-28.407318767853006,False,1349.2708333333333,-2502106.0,-1177494.0,64369,65161,False,False,False,0.0,0.0
rsi2-GC-tf1|mid|,rsi2-GC-tf1-mid,rsi2,GC,False,-35141.5625,0.0,-29.604580755561408,False,1187.03125,-2110002.0,-1263588.0,57428,56527,False,False,False,0.0,0.0
rsi2-GC-tf1|nyam|,rsi2-GC-tf1-nyam,rsi2,GC,False,-38371.958333333336,0.0,-29.327250869776368,False,1308.40625,-1768486.0,-1915222.0,65114,60493,False,False,False,0.0,0.0
rsi2-GC-tf1|pm|,rsi2-GC-tf1-pm,rsi2,GC,False,-20418.104166666668,0.0,-19.344676147522378,False,1055.4895833333333,-1309814.0,-650324.0,51631,49696,False,False,False,0.0,0.0
rsi2-GC-tf1|pre|,rsi2-GC-tf1-pre,rsi2,GC,False,-13881.416666666666,0.2916666666666667,-11.824034639409426,False,1174.0,-1392512.0,59896.0,58993,53711,False,False,False,0.0,0.0
rsi2-GC-tf30|asia|,rsi2-GC-tf30-asia,rsi2,GC,False,-21294.583333333332,0.0,-64.24512884978002,False,331.4583333333333,-939944.0,-1104336.0,16036,15784,False,False,False,0.0,0.0
rsi2-GC-tf30|eve|,rsi2-GC-tf30-eve,rsi2,GC,False,-15983.125,0.11458333333333333,-22.247063940843844,False,718.4375,-1019058.0,-515322.0,35747,33223,False,False,False,0.0,0.0
rsi2-GC-tf30|london|,rsi2-GC-tf30-london,rsi2,GC,False,-16180.125,0.09375,-21.61011714293664,False,748.7291666666666,-1200570.0,-352722.0,36675,35203,False,False,False,0.0,0.0
rsi2-GC-tf30|mid|,rsi2-GC-tf30-mid,rsi2,GC,False,-13841.182795698925,0.010752688172043012,-41.82033788174139,False,330.96774193548384,-1135116.0,-152114.0,15129,15651,False,False,False,0.0,0.0
rsi2-GC-tf30|nyam|,rsi2-GC-tf30-nyam,rsi2,GC,False,-7773.894736842105,0.010526315789473684,-25.30477985266404,False,307.2105263157895,-363046.0,-375474.0,13574,15611,False,False,False,0.0,0.0
rsi2-GC-tf30|pm|,rsi2-GC-tf30-pm,rsi2,GC,False,-14664.645161290322,0.0,-42.68181391418646,False,343.5806451612903,-796734.0,-567078.0,15941,16012,False,False,False,0.0,0.0
rsi2-GC-tf30|pre|,rsi2-GC-tf30-pre,rsi2,GC,False,-2168.7291666666665,0.3125,-5.9626542944697425,False,363.71875,-759338.0,551140.0,16332,18585,False,False,False,0.0,0.0
rsi2-GC-tf5|asia|,rsi2-GC-tf5-asia,rsi2,GC,False,-36155.0625,0.0,-37.32777682181881,False,968.5833333333334,-1911282.0,-1559604.0,48108,44876,False,False,False,0.0,0.0
rsi2-GC-tf5|eve|,rsi2-GC-tf5-eve,rsi2,GC,False,-36222.895833333336,0.010416666666666666,-31.271002320102156,False,1158.3541666666667,-2407848.0,-1069550.0,55162,56040,False,False,False,0.0,0.0
rsi2-GC-tf5|london|,rsi2-GC-tf5-london,rsi2,GC,False,-36004.666666666664,0.020833333333333332,-28.96497167566118,False,1243.0416666666667,-2319816.0,-1136632.0,58509,60823,False,False,False,0.0,0.0
rsi2-GC-tf5|mid|,rsi2-GC-tf5-mid,rsi2,GC,False,-24811.125,0.020833333333333332,-27.212951432129515,False,911.7395833333334,-1395418.0,-986450.0,43352,44175,False,False,False,0.0,0.0
rsi2-GC-tf5|nyam|,rsi2-GC-tf5-nyam,rsi2,GC,False,-27066.520833333332,0.03125,-27.787549861510655,False,974.0520833333334,-1405456.0,-1192930.0,47989,45520,False,False,False,0.0,0.0
rsi2-GC-tf5|pm|,rsi2-GC-tf5-pm,rsi2,GC,False,-14012.270833333334,0.0,-16.87230172965244,False,830.4895833333334,-789394.0,-555784.0,41431,38296,False,False,False,0.0,0.0
rsi2-GC-tf5|pre|,rsi2-GC-tf5-pre,rsi2,GC,False,-3376.4583333333335,0.4375,-4.290119780292502,False,787.03125,-1098460.0,774320.0,38995,36560,False,False,False,0.0,0.0
rsi2-NQ-tf15|asia|,rsi2-NQ-tf15-asia,rsi2,NQ,True,19121.927083333332,0.78125,27.24002077459564,False,701.9791666666666,1832807.0,2898.0,33962,33428,True,False,True,0.034,0.25925925925925924
rsi2-NQ-tf15|eve|,rsi2-NQ-tf15-eve,rsi2,NQ,True,31407.697916666668,0.8541666666666666,33.72487808151761,False,931.2916666666666,1623415.0,1391724.0,45135,44269,True,False,True,0.031,0.25925925925925924
rsi2-NQ-tf15|london|,rsi2-NQ-tf15-london,rsi2,NQ,False,-23810.03125,0.17708333333333334,-21.13375001155727,False,1126.6354166666667,187306.0,-2473069.0,51821,56336,False,False,False,0.0,0.2962962962962963
rsi2-NQ-tf15|mid|,rsi2-NQ-tf15-mid,rsi2,NQ,False,-39921.03125,0.010416666666666666,-53.52092003463397,False,745.8958333333334,-697239.0,-3135180.0,33326,38280,False,False,False,0.0,0.2962962962962963
rsi2-NQ-tf15|nyam|,rsi2-NQ-tf15-nyam,rsi2,NQ,False,-31120.541666666668,0.13541666666666666,-38.98799394477214,False,798.2083333333334,-2518312.0,-469260.0,37388,39240,False,False,False,0.0,0.2962962962962963
rsi2-NQ-tf15|pm|,rsi2-NQ-tf15-pm,rsi2,NQ,False,-66876.01041666667,0.0,-78.5640495362099,False,851.2291666666666,-2310406.0,-4109691.0,35994,45724,False,False,False,0.0,0.2962962962962963
rsi2-NQ-tf15|pre|,rsi2-NQ-tf15-pre,rsi2,NQ,False,-5677.208333333333,0.28125,-10.89413928200208,False,521.125,-822379.0,277367.0,25631,24397,False,False,False,0.005,0.2962962962962963
rsi2-NQ-tf1|asia|,rsi2-NQ-tf1-asia,rsi2,NQ,False,-6570.09375,0.2916666666666667,-5.441728642175556,False,1207.3541666666667,46230.0,-676959.0,57810,58096,False,False,False,0.0,0.2962962962962963
rsi2-NQ-tf1|eve|,rsi2-NQ-tf1-eve,rsi2,NQ,False,-23674.770833333332,0.08333333333333333,-18.257884674089425,False,1296.6875,-615867.0,-1656911.0,64728,59754,False,False,False,0.0,0.2962962962962963
rsi2-NQ-tf1|london|,rsi2-NQ-tf1-london,rsi2,NQ,False,-30835.125,0.09375,-21.05115987995847,False,1464.7708333333333,-605873.0,-2354299.0,71527,69091,False,False,False,0.0,0.2962962962962963
rsi2-NQ-tf1|mid|,rsi2-NQ-tf1-mid,rsi2,NQ,False,-5847.96875,0.3645833333333333,-3.984562972426275,False,1467.65625,1162909.0,-1724314.0,64634,76261,False,False,False,0.0,0.2962962962962963
rsi2-NQ-tf1|nyam|,rsi2-NQ-tf1-nyam,rsi2,NQ,False,-30762.385416666668,0.14583333333333334,-19.926244551502638,False,1543.8125,-852973.0,-2100216.0,69897,78309,False,False,False,0.0,0.2962962962962963
rsi2-NQ-tf1|pm|,rsi2-NQ-tf1-pm,rsi2,NQ,False,-46009.46875,0.020833333333333332,-31.368755592801442,False,1466.7291666666667,-885688.0,-3531221.0,64052,76754,False,False,False,0.0,0.2962962962962963
rsi2-NQ-tf1|pre|,rsi2-NQ-tf1-pre,rsi2,NQ,False,23892.583333333332,0.4791666666666667,20.42319336111408,False,1169.875,976336.0,1317352.0,55991,56317,True,False,False,0.0,0.25925925925925924
rsi2-NQ-tf30|asia|,rsi2-NQ-tf30-asia,rsi2,NQ,False,1707.8854166666667,0.4375,4.7714626622431755,False,357.9375,456735.0,-292778.0,15375,18987,False,False,False,0.044,0.25925925925925924
rsi2-NQ-tf30|eve|,rsi2-NQ-tf30-eve,rsi2,NQ,True,52583.916666666664,0.9895833333333334,80.36258278145695,True,654.3333333333334,2568188.0,2479868.0,30908,31908,True,False,True,0.67,0.25925925925925924
rsi2-NQ-tf30|london|,rsi2-NQ-tf30-london,rsi2,NQ,False,-11455.833333333334,0.1875,-13.731552003995505,False,834.2708333333334,-272537.0,-827223.0,37808,42282,False,False,False,0.002,0.2962962962962963
rsi2-NQ-tf30|mid|,rsi2-NQ-tf30-mid,rsi2,NQ,False,-32027.666666666668,0.010416666666666666,-72.17671776332777,False,443.7395833333333,-1294262.0,-1780394.0,19798,22801,False,False,False,0.0,0.2962962962962963
rsi2-NQ-tf30|nyam|,rsi2-NQ-tf30-nyam,rsi2,NQ,False,-27050.072916666668,0.09375,-58.083721034266794,False,465.7083333333333,-1555576.0,-1041231.0,22114,22594,False,False,False,0.0,0.2962962962962963
rsi2-NQ-tf30|pm|,rsi2-NQ-tf30-pm,rsi2,NQ,False,-39934.572916666664,0.010416666666666666,-75.79365769755442,False,526.8854166666666,-1726067.0,-2107652.0,21423,29158,False,False,False,0.0,0.2962962962962963
rsi2-NQ-tf30|pre|,rsi2-NQ-tf30-pre,rsi2,NQ,False,13906.833333333334,0.5,44.753980758271595,False,310.7395833333333,246861.0,1088195.0,14346,15485,True,False,True,0.175,0.25925925925925924
rsi2-NQ-tf5|asia|,rsi2-NQ-tf5-asia,rsi2,NQ,False,7091.645833333333,0.59375,6.986269600197028,False,1015.0833333333334,1346969.0,-666171.0,48774,48674,False,False,True,0.0,0.25925925925925924
rsi2-NQ-tf5|eve|,rsi2-NQ-tf5-eve,rsi2,NQ,False,-4020.7604166666665,0.53125,-3.3992620121177963,False,1182.8333333333333,-349563.0,-36430.0,56532,57020,False,False,False,0.0,0.2962962962962963
rsi2-NQ-tf5|london|,rsi2-NQ-tf5-london,rsi2,NQ,False,-19481.177083333332,0.19791666666666666,-14.237482585625433,False,1368.3020833333333,466297.0,-2336490.0,64312,67045,False,False,False,0.0,0.2962962962962963
rsi2-NQ-tf5|mid|,rsi2-NQ-tf5-mid,rsi2,NQ,False,-31847.020833333332,0.08333333333333333,-26.828898873249326,False,1187.0416666666667,-414814.0,-2642500.0,54936,59020,False,False,False,0.0,0.2962962962962963
rsi2-NQ-tf5|nyam|,rsi2-NQ-tf5-nyam,rsi2,NQ,False,-41738.697916666664,0.07291666666666667,-33.62352102039104,False,1241.3541666666667,-2249577.0,-1757338.0,59628,59542,False,False,False,0.0,0.2962962962962963
rsi2-NQ-tf5|pm|,rsi2-NQ-tf5-pm,rsi2,NQ,False,-64127.666666666664,0.0,-52.658529283459785,False,1217.8020833333333,-1324822.0,-4831434.0,53233,63676,False,False,False,0.0,0.2962962962962963
rsi2-NQ-tf5|pre|,rsi2-NQ-tf5-pre,rsi2,NQ,False,8993.885416666666,0.4166666666666667,11.466612659034768,False,784.3541666666666,1326944.0,-463531.0,38539,36759,False,False,False,0.006,0.25925925925925924
squeeze-ES-tf15|asia|,squeeze-ES-tf15-asia,squeeze,ES,False,-9730.65625,0.3125,-38.91532837592951,False,250.046875,-182879.5,-439882.5,8148,7855,False,False,False,0.0,0.037037037037037035
squeeze-ES-tf15|eve|,squeeze-ES-tf15-eve,squeeze,ES,False,-24427.682291666668,0.2604166666666667,-50.561826218197496,False,483.125,-1179556.0,-1165501.5,24739,21641,False,False,False,0.0,0.037037037037037035
squeeze-ES-tf15|london|,squeeze-ES-tf15-london,squeeze,ES,False,-22856.088541666668,0.17708333333333334,-41.30773937271734,False,553.3125,-1167822.0,-1026362.5,26818,26300,False,False,False,0.0,0.037037037037037035
squeeze-ES-tf15|mid|,squeeze-ES-tf15-mid,squeeze,ES,False,-17185.78125,0.20833333333333334,-40.24969504757258,False,426.9791666666667,-772602.0,-877233.0,21413,19577,False,False,False,0.0,0.037037037037037035
squeeze-ES-tf15|nyam|,squeeze-ES-tf15-nyam,squeeze,ES,False,-2494.5208333333335,0.2604166666666667,-22.957913910459208,False,108.65625,-441958.0,202484.0,5552,4879,False,False,False,0.0,0.037037037037037035
squeeze-ES-tf15|pm|,squeeze-ES-tf15-pm,squeeze,ES,False,-13354.086021505376,0.17204301075268819,-43.35590853552103,False,308.01075268817203,-641868.0,-600062.0,16392,12253,False,False,False,0.0,0.037037037037037035
squeeze-ES-tf15|pre|,squeeze-ES-tf15-pre,squeeze,ES,False,-4169.869791666667,0.23958333333333334,-31.019566059666797,False,134.42708333333334,55838.5,-456146.0,6356,6549,False,False,False,0.0,0.037037037037037035
squeeze-ES-tf1|asia|,squeeze-ES-tf1-asia,squeeze,ES,False,-36961.239583333336,0.03125,-38.810393104806074,False,952.3541666666666,-1395655.0,-2152624.0,45745,45681,False,False,False,0.0,0.037037037037037035
squeeze-ES-tf1|eve|,squeeze-ES-tf1-eve,squeeze,ES,False,-57614.645833333336,0.0,-48.479748266704064,False,1188.4270833333333,-2556023.5,-2974982.5,58984,55105,False,False,False,0.0,0.037037037037037035
squeeze-ES-tf1|london|,squeeze-ES-tf1-london,squeeze,ES,False,-39248.333333333336,0.0,-29.978438158889286,False,1309.21875,-1524030.5,-2243809.5,62342,63343,False,False,False,0.0,0.037037037037037035
squeeze-ES-tf1|mid|,squeeze-ES-tf1-mid,squeeze,ES,False,-46171.614583333336,0.052083333333333336,-37.0066791901482,False,1247.65625,-1526237.0,-2906238.0,60528,59247,False,False,False,0.0,0.037037037037037035
squeeze-ES-tf1|nyam|,squeeze-ES-tf1-nyam,squeeze,ES,False,-31932.588541666668,0.17708333333333334,-27.72878864627241,False,1151.6041666666667,-1421983.0,-1643545.5,55727,54827,False,False,False,0.0,0.037037037037037035
squeeze-ES-tf1|pm|,squeeze-ES-tf1-pm,squeeze,ES,False,-39610.166666666664,0.010416666666666666,-32.090873799517276,False,1234.3125,-1601056.5,-2201519.5,61661,56833,False,False,False,0.0,0.037037037037037035
squeeze-ES-tf1|pre|,squeeze-ES-tf1-pre,squeeze,ES,False,-14927.005208333334,0.17708333333333334,-18.47354002836148,False,808.0208333333334,-734612.0,-698380.5,38828,38742,False,False,False,0.0,0.037037037037037035
squeeze-ES-tf30|asia|,squeeze-ES-tf30-asia,squeeze,ES,False,-8199.375,0.125,-74.53977272727273,False,110.0,-98625.0,-163755.0,1600,1920,False,False,False,0.0,0.037037037037037035
squeeze-ES-tf30|eve|,squeeze-ES-tf30-eve,squeeze,ES,False,-16233.375,0.125,-36.000415814823796,False,450.921875,-440005.0,-598931.0,15820,13039,False,False,False,0.0,0.037037037037037035
squeeze-ES-tf30|london|,squeeze-ES-tf30-london,squeeze,ES,False,-24583.765625,0.03125,-50.697976412966426,False,484.90625,-637846.0,-935515.0,15474,15560,False,False,False,0.0,0.037037037037037035
squeeze-ES-tf30|mid|,squeeze-ES-tf30-mid,squeeze,ES,False,-7780.596774193548,0.03225806451612903,-36.54153620846379,False,212.9247311827957,-444776.0,-278819.5,11794,8008,False,False,False,0.0,0.037037037037037035
squeeze-ES-tf30|nyam|,squeeze-ES-tf30-nyam,squeeze,ES,False,-4086.5967741935483,0.03225806451612903,-77.10559951308582,False,53.0,-53296.0,-73388.5,899,744,False,False,False,0.01,0.037037037037037035
squeeze-ES-tf30|pm|,squeeze-ES-tf30-pm,squeeze,ES,False,-9384.288888888888,0.0,-53.5938828605876,False,175.1,-491364.5,-353221.5,8588,7171,False,False,False,0.0,0.037037037037037035
squeeze-ES-tf30|pre|,squeeze-ES-tf30-pre,squeeze,ES,False,1300.46875,0.515625,20.912060301507537,False,62.1875,-31696.0,114926.0,2124,1856,False,True,True,0.151,0.0
squeeze-ES-tf5|asia|,squeeze-ES-tf5-asia,squeeze,ES,False,-17682.625,0.21875,-32.57718584478391,False,542.7916666666666,-722093.5,-975438.5,26014,26094,False,False,False,0.0,0.037037037037037035
squeeze-ES-tf5|eve|,squeeze-ES-tf5-eve,squeeze,ES,False,-38550.380208333336,0.0,-44.8553620342763,False,859.4375,-1523620.0,-2177216.5,42780,39726,False,False,False,0.0,0.037037037037037035
squeeze-ES-tf5|london|,squeeze-ES-tf5-london,squeeze,ES,False,-36358.171875,0.0,-37.71635347892331,False,963.9895833333334,-1561464.0,-1928920.5,48291,44252,False,False,False,0.0,0.037037037037037035
squeeze-ES-tf5|mid|,squeeze-ES-tf5-mid,squeeze,ES,False,-19543.213541666668,0.20833333333333334,-26.181617103224998,False,746.4479166666666,-373601.5,-1502547.0,36941,34718,False,False,False,0.0,0.037037037037037035
squeeze-ES-tf5|nyam|,squeeze-ES-tf5-nyam,squeeze,ES,False,-8189.130208333333,0.3020833333333333,-15.798647535218343,False,518.34375,-535826.0,-250330.5,26219,23542,False,False,False,0.0,0.037037037037037035
squeeze-ES-tf5|pm|,squeeze-ES-tf5-pm,squeeze,ES,False,-16157.015625,0.17708333333333334,-22.80688585334294,False,708.4270833333334,-477942.5,-1073131.0,35320,32689,False,False,False,0.0,0.037037037037037035
squeeze-ES-tf5|pre|,squeeze-ES-tf5-pre,squeeze,ES,False,-7248.192708333333,0.25,-20.425835143544884,False,354.8541666666667,-295936.5,-399890.0,17056,17010,False,False,False,0.0,0.037037037037037035
squeeze-GC-tf15|asia|,squeeze-GC-tf15-asia,squeeze,GC,False,-12338.53125,0.1875,-51.95512862688335,False,237.484375,-309750.0,-479916.0,7500,7699,False,False,False,0.0,0.07407407407407407
squeeze-GC-tf15|eve|,squeeze-GC-tf15-eve,squeeze,GC,False,-10733.895833333334,0.22916666666666666,-22.906104121282176,False,468.6041666666667,-989538.0,-40916.0,22147,22839,False,False,False,0.0,0.07407407407407407
squeeze-GC-tf15|london|,squeeze-GC-tf15-london,squeeze,GC,False,-11718.104166666666,0.2604166666666667,-20.934142211139438,False,559.7604166666666,-975450.0,-149488.0,27400,26337,False,False,False,0.0,0.07407407407407407
squeeze-GC-tf15|mid|,squeeze-GC-tf15-mid,squeeze,GC,False,-8683.27659574468,0.3191489361702128,-21.183120523201495,False,409.9148936170213,-582012.0,-234216.0,19218,19314,False,False,False,0.0,0.07407407407407407
squeeze-GC-tf15|nyam|,squeeze-GC-tf15-nyam,squeeze,GC,False,-922.0860215053764,0.44086021505376344,-4.521459453759359,False,203.93548387096774,-271152.0,185398.0,9743,9223,False,False,False,0.0,0.07407407407407407
squeeze-GC-tf15|pm|,squeeze-GC-tf15-pm,squeeze,GC,False,-7074.266666666666,0.25555555555555554,-19.295793429506606,False,366.6222222222222,-449714.0,-186970.0,16676,16320,False,False,False,0.0,0.07407407407407407
squeeze-GC-tf15|pre|,squeeze-GC-tf15-pre,squeeze,GC,False,5.0,0.5416666666666666,0.043835616438356165,False,114.0625,287276.0,-286796.0,5476,5474,False,False,True,0.0,0.037037037037037035
squeeze-GC-tf1|asia|,squeeze-GC-tf1-asia,squeeze,GC,False,-28829.895833333332,0.020833333333333332,-31.938953320639317,False,902.65625,-1608542.0,-1159128.0,43163,43492,False,False,False,0.0,0.07407407407407407
squeeze-GC-tf1|eve|,squeeze-GC-tf1-eve,squeeze,GC,False,-34124.0625,0.010416666666666666,-31.575036144578313,False,1080.7291666666667,-1882472.0,-1393438.0,49898,53852,False,False,False,0.0,0.07407407407407407
squeeze-GC-tf1|london|,squeeze-GC-tf1-london,squeeze,GC,False,-29145.1875,0.052083333333333336,-24.005920104331114,False,1214.0833333333333,-1900888.0,-897050.0,58377,58175,False,False,False,0.0,0.07407407407407407
squeeze-GC-tf1|mid|,squeeze-GC-tf1-mid,squeeze,GC,False,-22208.354166666668,0.0,-22.962282440117182,False,967.1666666666666,-1475862.0,-656140.0,46743,46105,False,False,False,0.0,0.07407407407407407
squeeze-GC-tf1|nyam|,squeeze-GC-tf1-nyam,squeeze,GC,False,-11917.645833333334,0.25,-12.095167616369421,False,985.3229166666666,-570400.0,-573694.0,46585,48006,False,False,False,0.0,0.07407407407407407
squeeze-GC-tf1|pm|,squeeze-GC-tf1-pm,squeeze,GC,False,-23401.041666666668,0.0,-27.48516547378724,False,851.40625,-1223112.0,-1023388.0,39543,42192,False,False,False,0.0,0.07407407407407407
squeeze-GC-tf1|pre|,squeeze-GC-tf1-pre,squeeze,GC,False,-15129.583333333334,0.17708333333333334,-17.779899620516588,False,850.9375,-1107406.0,-345034.0,40524,41166,False,False,False,0.0,0.07407407407407407
squeeze-GC-tf30|asia|,squeeze-GC-tf30-asia,squeeze,GC,False,-11189.1875,0.0,-93.34045881126173,False,119.875,-241364.0,-116690.0,1996,1840,False,False,False,0.0,0.07407407407407407
squeeze-GC-tf30|eve|,squeeze-GC-tf30-eve,squeeze,GC,False,-19806.125,0.015625,-56.59398160550049,False,349.96875,-668402.0,-599190.0,10903,11495,False,False,False,0.0,0.07407407407407407
squeeze-GC-tf30|london|,squeeze-GC-tf30-london,squeeze,GC,False,-26281.03125,0.0,-50.77080503486371,False,517.640625,-1343678.0,-338308.0,16732,16397,False,False,False,0.0,0.07407407407407407
squeeze-GC-tf30|mid|,squeeze-GC-tf30-mid,squeeze,GC,False,-3154.5,0.25,-9.909649661954518,False,318.32608695652175,-520174.0,229960.0,15286,14000,False,False,False,0.0,0.07407407407407407
squeeze-GC-tf30|nyam|,squeeze-GC-tf30-nyam,squeeze,GC,False,-101.70967741935483,0.3870967741935484,-1.6404786680541104,False,62.0,-100638.0,94332.0,1922,1922,False,False,False,0.001,0.07407407407407407
squeeze-GC-tf30|pm|,squeeze-GC-tf30-pm,squeeze,GC,False,-5465.069767441861,0.05813953488372093,-22.160215003064735,False,246.61627906976744,-478426.0,8430.0,10269,10940,False,False,False,0.0,0.07407407407407407
squeeze-GC-tf30|pre|,squeeze-GC-tf30-pre,squeeze,GC,False,-1719.3962264150944,0.18867924528301888,-49.74235807860262,False,34.56603773584906,-14846.0,-76282.0,1129,703,False,False,False,0.003,0.07407407407407407
squeeze-GC-tf5|asia|,squeeze-GC-tf5-asia,squeeze,GC,False,-17997.729166666668,0.041666666666666664,-32.9836397304469,False,545.65625,-1054924.0,-672858.0,25261,27122,False,False,False,0.0,0.07407407407407407
squeeze-GC-tf5|eve|,squeeze-GC-tf5-eve,squeeze,GC,False,-22954.333333333332,0.041666666666666664,-26.89009017803756,False,853.6354166666666,-1884348.0,-319268.0,39932,42017,False,False,False,0.0,0.07407407407407407
squeeze-GC-tf5|london|,squeeze-GC-tf5-london,squeeze,GC,False,-18527.145833333332,0.08333333333333333,-20.109967889285876,False,921.2916666666666,-1284272.0,-494334.0,44813,43631,False,False,False,0.0,0.07407407407407407
squeeze-GC-tf5|mid|,squeeze-GC-tf5-mid,squeeze,GC,False,-7714.458333333333,0.22916666666666666,-12.628968998328842,False,610.8541666666666,-784922.0,44334.0,29863,28779,False,False,False,0.0,0.07407407407407407
squeeze-GC-tf5|nyam|,squeeze-GC-tf5-nyam,squeeze,GC,True,5584.270833333333,0.6145833333333334,11.039744645799011,False,505.8333333333333,83882.0,452208.0,24457,24103,True,False,True,0.0,0.037037037037037035
squeeze-GC-tf5|pm|,squeeze-GC-tf5-pm,squeeze,GC,False,-13715.0,0.010416666666666666,-24.443330548593707,False,561.09375,-929872.0,-386768.0,27498,26367,False,False,False,0.0,0.07407407407407407
squeeze-GC-tf5|pre|,squeeze-GC-tf5-pre,squeeze,GC,False,-4110.395833333333,0.23958333333333334,-10.022300111754546,False,410.125,-161990.0,-232608.0,19265,20107,False,False,False,0.0,0.07407407407407407
squeeze-NQ-tf15|asia|,squeeze-NQ-tf15-asia,squeeze,NQ,False,-4540.328125,0.34375,-14.95219718019965,False,303.65625,265503.0,-556084.0,10438,8996,False,False,False,0.002,0.37037037037037035
squeeze-NQ-tf15|eve|,squeeze-NQ-tf15-eve,squeeze,NQ,False,-7952.364583333333,0.4166666666666667,-14.717232471613363,False,540.34375,379475.0,-1142902.0,27150,24723,False,False,False,0.0,0.37037037037037035
squeeze-NQ-tf15|london|,squeeze-NQ-tf15-london,squeeze,NQ,False,-19737.510416666668,0.09375,-32.19767540654897,False,613.0104166666666,-472487.0,-1422314.0,28863,29986,False,False,False,0.0,0.37037037037037035
squeeze-NQ-tf15|mid|,squeeze-NQ-tf15-mid,squeeze,NQ,False,-21812.884210526317,0.11578947368421053,-45.36292988332129,False,480.85263157894735,-702565.0,-1369659.0,24440,21241,False,False,False,0.0,0.37037037037037035
squeeze-NQ-tf15|nyam|,squeeze-NQ-tf15-nyam,squeeze,NQ,True,5837.677083333333,0.7604166666666666,54.478176339068725,False,107.15625,160907.0,399510.0,5347,4940,True,False,True,0.335,0.3333333333333333
squeeze-NQ-tf15|pm|,squeeze-NQ-tf15-pm,squeeze,NQ,False,-11408.827956989247,0.3655913978494624,-33.48759626309809,False,340.68817204301075,-314349.0,-746672.0,17711,13973,False,False,False,0.0,0.37037037037037035
squeeze-NQ-tf15|pre|,squeeze-NQ-tf15-pre,squeeze,NQ,False,5090.625,0.5729166666666666,34.043887147335425,False,149.53125,590508.0,-101808.0,7198,7157,False,False,True,0.158,0.3333333333333333
squeeze-NQ-tf1|asia|,squeeze-NQ-tf1-asia,squeeze,NQ,False,-9853.760416666666,0.2604166666666667,-9.428120078936352,False,1045.1458333333333,253558.0,-1199519.0,48968,51366,False,False,False,0.0,0.37037037037037035
squeeze-NQ-tf1|eve|,squeeze-NQ-tf1-eve,squeeze,NQ,False,-14078.96875,0.2708333333333333,-11.48141761312957,False,1226.2395833333333,-751922.0,-599659.0,60228,57491,False,False,False,0.0,0.37037037037037035
squeeze-NQ-tf1|london|,squeeze-NQ-tf1-london,squeeze,NQ,False,-4034.0520833333335,0.2916666666666667,-2.9642622047364635,False,1360.8958333333333,647508.0,-1034777.0,65668,64978,False,False,False,0.0,0.37037037037037035
squeeze-NQ-tf1|mid|,squeeze-NQ-tf1-mid,squeeze,NQ,False,-15526.833333333334,0.22916666666666666,-12.063189925868375,False,1287.125,1020684.0,-2511260.0,62909,60655,False,False,False,0.0,0.37037037037037035
squeeze-NQ-tf1|nyam|,squeeze-NQ-tf1-nyam,squeeze,NQ,False,2307.3645833333335,0.4166666666666667,1.9101688484158603,False,1207.9375,377187.0,-155680.0,59567,56395,False,False,False,0.0,0.3333333333333333
squeeze-NQ-tf1|pm|,squeeze-NQ-tf1-pm,squeeze,NQ,False,-7201.291666666667,0.3645833333333333,-5.699948881156935,False,1263.3958333333333,533595.0,-1224919.0,62330,58956,False,False,False,0.0,0.37037037037037035
squeeze-NQ-tf1|pre|,squeeze-NQ-tf1-pre,squeeze,NQ,False,13104.8125,0.59375,15.062642178108762,False,870.0208333333334,857344.0,400718.0,41609,41913,True,False,True,0.001,0.3333333333333333
squeeze-NQ-tf30|asia|,squeeze-NQ-tf30-asia,squeeze,NQ,False,-8155.03125,0.1875,-57.81147540983606,False,141.0625,-43387.0,-217574.0,2208,2306,False,False,False,0.022,0.37037037037037035
squeeze-NQ-tf30|eve|,squeeze-NQ-tf30-eve,squeeze,NQ,False,-1165.484375,0.5,-2.3252283425293805,False,501.234375,349450.0,-424041.0,16520,15559,False,False,False,0.007,0.37037037037037035
squeeze-NQ-tf30|london|,squeeze-NQ-tf30-london,squeeze,NQ,False,-19394.65625,0.265625,-37.15006584460673,False,522.0625,-598506.0,-642752.0,16084,17328,False,False,False,0.0,0.37037037037037035
squeeze-NQ-tf30|mid|,squeeze-NQ-tf30-mid,squeeze,NQ,False,-1041.2631578947369,0.3894736842105263,-4.694826767916469,False,221.78947368421052,445264.0,-544184.0,11359,9711,False,False,False,0.027,0.37037037037037035
squeeze-NQ-tf30|nyam|,squeeze-NQ-tf30-nyam,squeeze,NQ,False,-2608.5,0.25,-37.80434782608695,False,69.0,51008.0,-134480.0,1248,960,False,False,False,0.139,0.37037037037037035
squeeze-NQ-tf30|pm|,squeeze-NQ-tf30-pm,squeeze,NQ,True,7720.877777777778,0.8777777777777778,37.942503003166976,False,203.48888888888888,526414.0,168465.0,9954,8360,True,True,True,0.142,0.3333333333333333
squeeze-NQ-tf30|pre|,squeeze-NQ-tf30-pre,squeeze,NQ,True,4284.296875,0.703125,71.77879581151832,True,59.6875,225003.0,49192.0,1868,1952,True,True,True,0.403,0.3333333333333333
squeeze-NQ-tf5|asia|,squeeze-NQ-tf5-asia,squeeze,NQ,False,-13477.927083333334,0.3229166666666667,-21.35152395254047,False,631.2395833333334,-93193.0,-1200688.0,30772,29827,False,False,False,0.0,0.37037037037037035
squeeze-NQ-tf5|eve|,squeeze-NQ-tf5-eve,squeeze,NQ,False,-11721.0625,0.2708333333333333,-12.855566218809981,False,911.75,-219956.0,-905266.0,45739,41789,False,False,False,0.0,0.37037037037037035
squeeze-NQ-tf5|london|,squeeze-NQ-tf5-london,squeeze,NQ,False,-13792.979166666666,0.3020833333333333,-13.535107176808513,False,1019.0520833333334,77012.0,-1401138.0,50302,47527,False,False,False,0.0,0.37037037037037035
squeeze-NQ-tf5|mid|,squeeze-NQ-tf5-mid,squeeze,NQ,False,3314.71875,0.4375,4.119102170789484,False,804.71875,1186970.0,-868757.0,40400,36853,False,False,False,0.0,0.3333333333333333
squeeze-NQ-tf5|nyam|,squeeze-NQ-tf5-nyam,squeeze,NQ,False,7839.645833333333,0.3958333333333333,13.857340133674578,False,565.7395833333334,303250.0,449356.0,28270,26041,True,False,False,0.006,0.3333333333333333
squeeze-NQ-tf5|pm|,squeeze-NQ-tf5-pm,squeeze,NQ,False,11087.625,0.5208333333333334,14.44308452175801,False,767.6770833333334,976022.0,88390.0,37827,35870,True,False,True,0.0,0.3333333333333333
squeeze-NQ-tf5|pre|,squeeze-NQ-tf5-pre,squeeze,NQ,True,8972.479166666666,0.6770833333333334,22.022294377828345,False,407.4270833333333,326351.0,535007.0,19161,19952,True,False,True,0.037,0.3333333333333333
straddle-ES-tf15|london|,straddle-ES-tf15-london,straddle,ES,False,-21866.682291666668,0.041666666666666664,-38.29541557209574,False,571.0,-507541.5,-1591660.0,26176,28640,False,False,False,0.0,0.05263157894736842
straddle-ES-tf15|mid|,straddle-ES-tf15-mid,straddle,ES,False,-11243.453125,0.2604166666666667,-19.806435334703465,False,567.6666666666666,39385.5,-1118757.0,29888,24608,False,False,False,0.0,0.05263157894736842
straddle-ES-tf15|nyam|,straddle-ES-tf15-nyam,straddle,ES,False,-6056.786458333333,0.28125,-10.607331800934034,False,571.0,-227734.0,-353717.5,32096,22720,False,False,False,0.0,0.05263157894736842
straddle-ES-tf15|pm|,straddle-ES-tf15-pm,straddle,ES,False,-4214.276041666667,0.3958333333333333,-7.498711817912218,False,562.0,-60794.5,-343776.0,28608,25344,False,False,False,0.0,0.05263157894736842
straddle-ES-tf15|pre|,straddle-ES-tf15-pre,straddle,ES,False,-20184.265625,0.11458333333333333,-35.95771785926366,False,561.3333333333334,-1432805.0,-504884.5,25920,27968,False,False,False,0.0,0.05263157894736842
straddle-ES-tf1|london|,straddle-ES-tf1-london,straddle,ES,False,-19948.0625,0.0,-34.93531085814361,False,571.0,-924968.5,-990045.5,28864,25952,False,False,False,0.0,0.05263157894736842
straddle-ES-tf1|mid|,straddle-ES-tf1-mid,straddle,ES,False,-20954.572916666668,0.052083333333333336,-36.69802612375948,False,571.0,-550448.5,-1461190.5,31584,23232,False,False,False,0.0,0.05263157894736842
straddle-ES-tf1|nyam|,straddle-ES-tf1-nyam,straddle,ES,False,-17138.947916666668,0.10416666666666667,-30.015670607122008,False,571.0,-351595.5,-1293743.5,31552,23264,False,False,False,0.0,0.05263157894736842
straddle-ES-tf1|pm|,straddle-ES-tf1-pm,straddle,ES,False,1940.4635416666667,0.4895833333333333,3.422334288653733,False,567.0,382664.5,-196380.0,29312,25120,False,False,False,0.0,0.0
straddle-ES-tf1|pre|,straddle-ES-tf1-pre,straddle,ES,False,-22017.854166666668,0.09375,-38.560164915353184,False,571.0,-1296739.0,-816975.0,25216,29600,False,False,False,0.0,0.05263157894736842
straddle-ES-tf30|london|,straddle-ES-tf30-london,straddle,ES,False,-16653.791666666668,0.08333333333333333,-29.166009924109748,False,571.0,4430.5,-1603194.5,26208,28608,False,False,False,0.0,0.05263157894736842
straddle-ES-tf30|mid|,straddle-ES-tf30-mid,straddle,ES,False,-10387.682291666666,0.28125,-18.494389836795254,False,561.6666666666666,113103.0,-1110320.5,28768,25152,False,False,False,0.0,0.05263157894736842
straddle-ES-tf30|nyam|,straddle-ES-tf30-nyam,straddle,ES,False,-5816.161458333333,0.2708333333333333,-10.185921993578518,False,571.0,27972.0,-586323.5,31232,23584,False,False,False,0.0,0.05263157894736842
straddle-ES-tf30|pm|,straddle-ES-tf30-pm,straddle,ES,False,-5613.786458333333,0.3645833333333333,-10.133188552948255,False,554.0,-180517.0,-358406.5,28448,24736,False,False,False,0.0,0.05263157894736842
straddle-ES-tf30|pre|,straddle-ES-tf30-pre,straddle,ES,False,-16715.796875,0.1875,-31.47984345574388,False,531.0,-1235854.0,-368862.5,24576,26400,False,False,False,0.0,0.05263157894736842
straddle-ES-tf5|london|,straddle-ES-tf5-london,straddle,ES,False,-19060.953125,0.010416666666666666,-33.3817042469352,False,571.0,-616783.0,-1213068.5,26752,28064,False,False,False,0.0,0.05263157894736842
straddle-ES-tf5|mid|,straddle-ES-tf5-mid,straddle,ES,False,-11882.046875,0.22916666666666666,-20.809188922942205,False,571.0,164803.0,-1305479.5,30368,24448,False,False,False,0.0,0.05263157894736842
straddle-ES-tf5|nyam|,straddle-ES-tf5-nyam,straddle,ES,False,-9029.182291666666,0.21875,-15.812928706946877,False,571.0,-151471.5,-715330.0,32096,22720,False,False,False,0.0,0.05263157894736842
straddle-ES-tf5|pm|,straddle-ES-tf5-pm,straddle,ES,False,-3475.03125,0.4166666666666667,-6.12880291005291,False,567.0,84110.5,-417713.5,29088,25344,False,False,False,0.0,0.05263157894736842
straddle-ES-tf5|pre|,straddle-ES-tf5-pre,straddle,ES,False,-23304.802083333332,0.0625,-40.83785411799065,False,570.6666666666666,-1585487.0,-651774.0,26528,28256,False,False,False,0.0,0.05263157894736842
straddle-GC-tf15|london|,straddle-GC-tf15-london,straddle,GC,False,-18297.395833333332,0.03125,-32.38477138643068,False,565.0,-1105336.0,-651214.0,27584,26656,False,False,False,0.0,0.0
straddle-GC-tf15|mid|,straddle-GC-tf15-mid,straddle,GC,False,-3686.6458333333335,0.34375,-6.7397547227300425,False,547.0,-785810.0,431892.0,25120,27392,False,False,False,0.0,0.0
straddle-GC-tf15|nyam|,straddle-GC-tf15-nyam,straddle,GC,False,-8842.375,0.16666666666666666,-15.68724127735068,False,563.6666666666666,45364.0,-894232.0,25984,28128,False,False,False,0.0,0.0
straddle-GC-tf15|pm|,straddle-GC-tf15-pm,straddle,GC,False,-15846.4375,0.0,-31.051151208360547,False,510.3333333333333,-1173612.0,-347646.0,23968,25024,False,False,False,0.0,0.0
straddle-GC-tf15|pre|,straddle-GC-tf15-pre,straddle,GC,False,-9819.708333333334,0.125,-17.49354216152019,False,561.3333333333334,-914980.0,-27712.0,25280,28608,False,False,False,0.0,0.0
straddle-GC-tf1|london|,straddle-GC-tf1-london,straddle,GC,False,-16135.208333333334,0.052083333333333336,-28.557890855457227,False,565.0,-879698.0,-669282.0,25952,28288,False,False,False,0.0,0.0
straddle-GC-tf1|mid|,straddle-GC-tf1-mid,straddle,GC,False,-7771.25,0.14583333333333334,-13.754424778761061,False,565.0,-1072080.0,326040.0,27840,26400,False,False,False,0.0,0.0
straddle-GC-tf1|nyam|,straddle-GC-tf1-nyam,straddle,GC,False,-11488.4375,0.041666666666666664,-20.333517699115045,False,565.0,-339098.0,-763792.0,24032,30208,False,False,False,0.0,0.0
straddle-GC-tf1|pm|,straddle-GC-tf1-pm,straddle,GC,False,-18179.6875,0.0,-32.17643805309734,False,565.0,-1284958.0,-460292.0,28192,26048,False,False,False,0.0,0.0
straddle-GC-tf1|pre|,straddle-GC-tf1-pre,straddle,GC,False,-14543.229166666666,0.09375,-25.74022861356932,False,565.0,-1228550.0,-167600.0,25280,28960,False,False,False,0.0,0.0
straddle-GC-tf30|london|,straddle-GC-tf30-london,straddle,GC,False,-16085.354166666666,0.08333333333333333,-28.503285587714117,False,564.3333333333334,-1352044.0,-192150.0,28096,26080,False,False,False,0.0,0.0
straddle-GC-tf30|mid|,straddle-GC-tf30-mid,straddle,GC,False,-4440.408602150537,0.3225806451612903,-8.528313576473504,False,520.6666666666666,-925976.0,513018.0,23839,24583,False,False,False,0.0,0.0
straddle-GC-tf30|nyam|,straddle-GC-tf30-nyam,straddle,GC,False,-8386.875,0.14583333333333334,-15.06624251497006,False,556.6666666666666,58068.0,-863208.0,26368,27072,False,False,False,0.0,0.0
straddle-GC-tf30|pm|,straddle-GC-tf30-pm,straddle,GC,False,-11383.705263157895,0.06315789473684211,-25.3814307172362,False,448.5052631578947,-800166.0,-281286.0,20604,22004,False,False,False,0.0,0.0
straddle-GC-tf30|pre|,straddle-GC-tf30-pre,straddle,GC,False,-16953.416666666668,0.010416666666666666,-30.712711352657006,False,552.0,-1159200.0,-468328.0,25440,27552,False,False,False,0.0,0.0
straddle-GC-tf5|london|,straddle-GC-tf5-london,straddle,GC,False,-16093.125,0.03125,-28.483407079646017,False,565.0,-968916.0,-576024.0,27104,27136,False,False,False,0.0,0.0
straddle-GC-tf5|mid|,straddle-GC-tf5-mid,straddle,GC,False,-6978.583333333333,0.09375,-12.402695497630331,False,562.6666666666666,-1095134.0,425190.0,26656,27360,False,False,False,0.0,0.0
straddle-GC-tf5|nyam|,straddle-GC-tf5-nyam,straddle,GC,False,-13697.8125,0.11458333333333333,-24.24391592920354,False,565.0,-365074.0,-949916.0,25376,28864,False,False,False,0.0,0.0
straddle-GC-tf5|pm|,straddle-GC-tf5-pm,straddle,GC,False,-20883.854166666668,0.0,-37.07193047337278,False,563.3333333333334,-1348868.0,-655982.0,26432,27648,False,False,False,0.0,0.0
straddle-GC-tf5|pre|,straddle-GC-tf5-pre,straddle,GC,False,-12497.395833333334,0.13541666666666666,-22.11928466076696,False,565.0,-1204312.0,4562.0,25888,28352,False,False,False,0.0,0.0
straddle-NQ-tf15|london|,straddle-NQ-tf15-london,straddle,NQ,True,11129.5625,0.8333333333333334,19.59430017605634,False,568.0,1707271.0,-638833.0,25856,28672,False,False,True,0.028,0.7894736842105263
straddle-NQ-tf15|mid|,straddle-NQ-tf15-mid,straddle,NQ,False,6104.552083333333,0.46875,10.798146373820755,False,565.3333333333334,1698534.0,-1112497.0,28864,25408,False,False,False,0.016,0.7894736842105263
straddle-NQ-tf15|nyam|,straddle-NQ-tf15-nyam,straddle,NQ,False,16924.09375,0.5729166666666666,29.795939700704224,False,568.0,1865175.0,-240462.0,29440,25088,False,False,True,0.079,0.7894736842105263
straddle-NQ-tf15|pm|,straddle-NQ-tf15-pm,straddle,NQ,True,14132.479166666666,0.71875,25.479229266826923,False,554.6666666666666,1290652.0,66066.0,28192,25056,True,False,True,0.043,0.7894736842105263
straddle-NQ-tf15|pre|,straddle-NQ-tf15-pre,straddle,NQ,False,1686.2708333333333,0.4479166666666667,3.0274162178336326,False,557.0,-511193.0,673075.0,26432,27040,False,False,False,0.012,0.7894736842105263
straddle-NQ-tf1|london|,straddle-NQ-tf1-london,straddle,NQ,True,6834.40625,0.65625,12.03240536971831,False,568.0,596442.0,59661.0,28352,26176,True,False,True,0.001,0.7894736842105263
straddle-NQ-tf1|mid|,straddle-NQ-tf1-mid,straddle,NQ,False,-7837.625,0.2708333333333333,-13.798635563380282,False,568.0,1050359.0,-1802771.0,30464,24064,False,False,False,0.001,0.8421052631578947
straddle-NQ-tf1|nyam|,straddle-NQ-tf1-nyam,straddle,NQ,False,-5311.895833333333,0.2604166666666667,-9.351929284037558,False,568.0,549606.0,-1059548.0,30176,24352,False,False,False,0.0,0.8421052631578947
straddle-NQ-tf1|pm|,straddle-NQ-tf1-pm,straddle,NQ,True,22960.770833333332,0.8125,40.710586583924346,False,564.0,1878999.0,325235.0,29184,24960,True,False,True,0.094,0.7894736842105263
straddle-NQ-tf1|pre|,straddle-NQ-tf1-pre,straddle,NQ,False,-9616.427083333334,0.16666666666666666,-16.930329372065728,False,568.0,-931163.0,7986.0,26912,27616,False,False,False,0.0,0.8421052631578947
straddle-NQ-tf30|london|,straddle-NQ-tf30-london,straddle,NQ,True,11089.302083333334,0.7708333333333334,19.523419160798124,False,568.0,1992133.0,-927560.0,25728,28800,False,False,True,0.05,0.7894736842105263
straddle-NQ-tf30|mid|,straddle-NQ-tf30-mid,straddle,NQ,False,6620.895833333333,0.4791666666666667,11.801953357100416,False,561.0,1561131.0,-925525.0,28736,25120,False,False,False,0.029,0.7894736842105263
straddle-NQ-tf30|nyam|,straddle-NQ-tf30-nyam,straddle,NQ,True,24048.9375,0.6041666666666666,42.339678697183096,False,568.0,1792529.0,516169.0,29664,24864,True,False,True,0.199,0.7894736842105263
straddle-NQ-tf30|pm|,straddle-NQ-tf30-pm,straddle,NQ,True,7553.572916666667,0.6979166666666666,13.95364455049261,False,541.3333333333334,684216.0,40927.0,27776,24192,True,False,True,0.016,0.7894736842105263
straddle-NQ-tf30|pre|,straddle-NQ-tf30-pre,straddle,NQ,False,5203.40625,0.4270833333333333,9.87363614800759,False,527.0,-111335.0,610862.0,24800,25792,False,False,False,0.026,0.7894736842105263
straddle-NQ-tf5|london|,straddle-NQ-tf5-london,straddle,NQ,True,8290.552083333334,0.7291666666666666,14.596042400234742,False,568.0,1287541.0,-491648.0,26176,28352,False,False,True,0.012,0.7894736842105263
straddle-NQ-tf5|mid|,straddle-NQ-tf5-mid,straddle,NQ,False,4576.760416666667,0.3645833333333333,8.06714527027027,False,567.3333333333334,1778878.0,-1339509.0,29568,24896,False,False,False,0.016,0.7894736842105263
straddle-NQ-tf5|nyam|,straddle-NQ-tf5-nyam,straddle,NQ,False,3085.8645833333335,0.46875,5.432860181924883,False,568.0,977742.0,-681499.0,29792,24736,False,False,False,0.005,0.7894736842105263
straddle-NQ-tf5|pm|,straddle-NQ-tf5-pm,straddle,NQ,True,9416.864583333334,0.6666666666666666,16.696568410165483,False,564.0,1191480.0,-287461.0,29280,24864,False,False,True,0.018,0.7894736842105263
straddle-NQ-tf5|pre|,straddle-NQ-tf5-pre,straddle,NQ,False,-7793.09375,0.19791666666666666,-13.720235475352112,False,568.0,-827455.0,79318.0,26720,27808,False,False,False,0.002,0.8421052631578947
straddle_fbook-NQ-tf15|london|,straddle_fbook-NQ-tf15-london,straddle_fbook,NQ,False,-3917.0833333333335,0.4583333333333333,-15.462171052631579,False,253.33333333333334,251076.0,-627116.0,10976,13344,False,False,False,0.01,0.625
straddle_fbook-NQ-tf15|pm|,straddle_fbook-NQ-tf15-pm,straddle_fbook,NQ,False,2256.0105263157893,0.5684210526315789,10.826480096989291,False,208.37894736842105,125234.0,89087.0,8364,11432,True,False,True,0.06,0.5
straddle_fbook-NQ-tf1|london|,straddle_fbook-NQ-tf1-london,straddle_fbook,NQ,False,-3467.46875,0.4479166666666667,-12.398577175208581,False,279.6666666666667,37019.0,-369896.0,13184,13664,False,False,False,0.001,0.625
straddle_fbook-NQ-tf1|pm|,straddle_fbook-NQ-tf1-pm,straddle_fbook,NQ,True,17988.885416666668,0.875,74.5395804558011,True,241.33333333333334,1133347.0,593586.0,10272,12896,True,False,True,0.529,0.5
straddle_fbook-NQ-tf30|london|,straddle_fbook-NQ-tf30-london,straddle_fbook,NQ,False,-3735.8333333333335,0.2708333333333333,-16.010714285714286,False,233.33333333333334,191103.0,-549743.0,10048,12352,False,False,False,0.01,0.625
straddle_fbook-NQ-tf30|nyam|,straddle_fbook-NQ-tf30-nyam,straddle_fbook,NQ,False,6305.927083333333,0.5729166666666666,24.347208815958815,False,259.0,936141.0,-330772.0,11616,13248,False,False,True,0.142,0.5
straddle_fbook-NQ-tf30|pm|,straddle_fbook-NQ-tf30-pm,straddle_fbook,NQ,False,3836.0967741935483,0.5913978494623656,19.519450675712644,False,196.5268817204301,322573.0,34184.0,7938,10339,True,False,True,0.079,0.5
straddle_fbook-NQ-tf5|london|,straddle_fbook-NQ-tf5-london,straddle_fbook,NQ,False,-6378.010416666667,0.3854166666666667,-23.535093788437884,False,271.0,213483.0,-825772.0,11968,14048,False,False,False,0.001,0.625
straddle_fbook-NQ-tf5|pm|,straddle_fbook-NQ-tf5-pm,straddle_fbook,NQ,False,6418.052083333333,0.5833333333333334,28.780502615844544,False,223.0,544335.0,71798.0,9440,11968,True,False,True,0.151,0.5
straddle_t_0000-ES-tf30|asia|,straddle_t_0000-ES-tf30-asia,straddle_t_0000,ES,False,-11542.58125,0.06875,-32.58775056465274,False,354.2,-276434.0,-1570379.0,28096,28576,False,False,False,0.0,0.0
straddle_t_0000-GC-tf30|asia|,straddle_t_0000-GC-tf30-asia,straddle_t_0000,GC,False,-3012.6,0.3625,-9.201588271227855,False,327.4,-668828.0,186812.0,23712,28672,False,False,False,0.0,0.0
straddle_t_0000-NQ-tf30|asia|,straddle_t_0000-NQ-tf30-asia,straddle_t_0000,NQ,False,-1765.4625,0.43125,-4.978743654822335,False,354.6,1429526.0,-1712000.0,27616,29120,False,False,False,0.019,0.0
straddle_t_0200-ES-tf30|asia|,straddle_t_0200-ES-tf30-asia,straddle_t_0200,ES,False,-17604.496875,0.05,-36.01574647094926,False,488.8,-2010469.0,-806250.5,33536,44672,False,False,False,0.0,0.0
straddle_t_0200-GC-tf30|asia|,straddle_t_0200-GC-tf30-asia,straddle_t_0200,GC,False,-20734.7,0.025,-47.36112380082229,False,437.8,-1961560.0,-1355992.0,33760,36288,False,False,False,0.0,0.0
straddle_t_0200-NQ-tf30|asia|,straddle_t_0200-NQ-tf30-asia,straddle_t_0200,NQ,False,-2946.68125,0.35625,-5.981894539179862,False,492.6,-684240.0,212771.0,34240,44576,False,False,False,0.005,0.0
straddle_t_0300-ES-tf30|london|,straddle_t_0300-ES-tf30-london,straddle_t_0300,ES,False,-18284.76875,0.0625,-33.59935455714811,False,544.2,-595806.5,-2329756.5,41536,45536,False,False,False,0.0,0.0
straddle_t_0300-GC-tf30|london|,straddle_t_0300-GC-tf30-london,straddle_t_0300,GC,False,-14998.3,0.05,-31.830008488964346,False,471.2,-2038866.0,-360862.0,39424,35968,False,False,False,0.0,0.0
straddle_t_0300-NQ-tf30|london|,straddle_t_0300-NQ-tf30-london,straddle_t_0300,NQ,True,10116.31875,0.6875,18.60985789183223,False,543.6,2854053.0,-1235442.0,41248,45728,False,False,True,0.038,0.0
straddle_t_0300_fbook-NQ-tf30|london|,straddle_t_0300_fbook-NQ-tf30-london,straddle_t_0300_fbook,NQ,False,-5681.9625,0.25625,-27.636004377431906,False,205.6,266871.0,-1175985.0,15136,17760,False,False,False,0.005,0.0
straddle_t_0300_thin-NQ-tf30|london|,straddle_t_0300_thin-NQ-tf30-london,straddle_t_0300_thin,NQ,False,1539.38125,0.56875,26.72536892361111,False,57.6,-59869.0,306170.0,4096,5120,False,False,True,0.234,0.0
straddle_t_0300_xbook-NQ-tf30|london|,straddle_t_0300_xbook-NQ-tf30-london,straddle_t_0300_xbook,NQ,True,7284.975,0.8,13.401352097130243,False,543.6,732398.0,433198.0,41248,45728,True,False,True,0.0,0.0
straddle_t_0830-ES-tf30|pre|,straddle_t_0830-ES-tf30-pre,straddle_t_0830,ES,False,-1999.640625,0.35625,-3.794384487666034,False,527.0,-806027.5,486085.0,38560,45760,False,False,False,0.0,0.0
straddle_t_0830-GC-tf30|pre|,straddle_t_0830-GC-tf30-pre,straddle_t_0830,GC,False,-4093.2375,0.39375,-7.808541587180465,False,524.2,-337944.0,-316974.0,39616,44256,False,False,False,0.0,0.0
straddle_t_0830-NQ-tf30|pre|,straddle_t_0830-NQ-tf30-pre,straddle_t_0830,NQ,True,43665.35,0.91875,83.0771499238965,True,525.6,3617759.0,3368697.0,38144,45952,True,True,True,0.642,0.0
straddle_t_0830_fbook-NQ-tf30|pre|,straddle_t_0830_fbook-NQ-tf30-pre,straddle_t_0830_fbook,NQ,True,7586.5875,0.7125,35.71839689265537,False,212.4,367816.0,846038.0,14176,19808,True,False,True,0.239,0.0
straddle_t_0830_thin-NQ-tf30|pre|,straddle_t_0830_thin-NQ-tf30-pre,straddle_t_0830_thin,NQ,True,14112.96875,0.91875,77.54378434065934,True,182.0,2021624.0,236451.0,12544,16576,True,False,True,0.53,0.0
straddle_t_0830_xbook-NQ-tf30|pre|,straddle_t_0830_xbook-NQ-tf30-pre,straddle_t_0830_xbook,NQ,True,26298.00625,0.90625,50.03425846651446,False,525.6,1401049.0,2806632.0,38144,45952,True,False,True,0.163,0.0
straddle_t_0930-ES-tf30|nyam|,straddle_t_0930-ES-tf30-nyam,straddle_t_0930,ES,False,-5768.63125,0.275,-10.113308643057504,False,570.4,-442855.0,-480126.0,53120,38144,False,False,False,0.0,0.0
straddle_t_0930-GC-tf30|nyam|,straddle_t_0930-GC-tf30-nyam,straddle_t_0930,GC,False,-8100.95,0.14375,-14.86958516886931,False,544.8,233110.0,-1529262.0,43040,44128,False,False,False,0.0,0.0
straddle_t_0930-NQ-tf30|nyam|,straddle_t_0930-NQ-tf30-nyam,straddle_t_0930,NQ,False,18213.975,0.54375,32.089455602537,False,567.6,2809738.0,104498.0,49088,41728,True,False,True,0.105,0.0
straddle_t_1105-ES-tf30|mid|,straddle_t_1105-ES-tf30-mid,straddle_t_1105,ES,False,-9329.025,0.2875,-17.28877872498147,False,539.6,590880.0,-2083524.0,42080,44256,False,False,False,0.0,0.0
straddle_t_1105-GC-tf30|mid|,straddle_t_1105-GC-tf30-mid,straddle_t_1105,GC,False,-5397.949044585987,0.20382165605095542,-12.240247266634892,False,441.0,-961692.0,114214.0,33563,35674,False,False,False,0.0,0.0
straddle_t_1105-NQ-tf30|mid|,straddle_t_1105-NQ-tf30-mid,straddle_t_1105,NQ,False,18202.21875,0.6,33.398566513761466,False,545.0,3726946.0,-814591.0,45856,41344,False,True,True,0.12,0.0
straddle_t_1105_fbook-NQ-tf30|mid|,straddle_t_1105_fbook-NQ-tf30-mid,straddle_t_1105_fbook,NQ,False,13338.425,0.6,59.071855624446414,False,225.8,2114718.0,19430.0,17408,18720,True,False,True,0.381,0.0
straddle_t_1105_thin-NQ-tf30|mid|,straddle_t_1105_thin-NQ-tf30-mid,straddle_t_1105_thin,NQ,False,2530.5949367088606,0.5443037974683544,65.18324095207042,False,38.822784810126585,729906.0,-330072.0,3116,3018,False,False,True,0.257,0.0
straddle_t_1105_xbook-NQ-tf30|mid|,straddle_t_1105_xbook-NQ-tf30-mid,straddle_t_1105_xbook,NQ,True,8097.258064516129,0.6774193548387096,14.857354246818586,False,545.0,617628.0,637447.0,44423,40052,True,False,True,0.0,0.0
straddle_t_1330-ES-tf30|pm|,straddle_t_1330-ES-tf30-pm,straddle_t_1330,ES,False,-2676.734375,0.41875,-5.238227739726027,False,511.0,184877.5,-613155.0,43040,38720,False,False,False,0.0,0.0
straddle_t_1330-GC-tf30|pm|,straddle_t_1330-GC-tf30-pm,straddle_t_1330,GC,False,-9050.025316455696,0.15822784810126583,-27.366059979713306,False,330.7025316455696,-999530.0,-430374.0,25065,27186,False,False,False,0.0,0.0
straddle_t_1330-NQ-tf30|pm|,straddle_t_1330-NQ-tf30-pm,straddle_t_1330,NQ,False,5075.41875,0.55625,10.006740437697161,False,507.2,1233794.0,-421727.0,42944,38208,False,False,True,0.025,0.0
straddle_t_1800-ES-tf30|eve|,straddle_t_1800-ES-tf30-eve,straddle_t_1800,ES,False,-1516.8875,0.45,-3.3574313855688356,False,451.8,-414503.5,171801.5,37504,34784,False,False,False,0.0,0.0
straddle_t_1800-GC-tf30|eve|,straddle_t_1800-GC-tf30-eve,straddle_t_1800,GC,False,-12364.725,0.15,-43.47652953586498,False,284.4,-876974.0,-1101382.0,23456,22048,False,False,False,0.0,0.0
straddle_t_1800-NQ-tf30|eve|,straddle_t_1800-NQ-tf30-eve,straddle_t_1800,NQ,True,15758.91875,0.8375,35.96284516202647,False,438.2,1924690.0,596737.0,35680,34432,True,True,True,0.175,0.0
straddle_t_1800_fbook-NQ-tf30|eve|,straddle_t_1800_fbook-NQ-tf30-eve,straddle_t_1800_fbook,NQ,False,801.3584905660377,0.5786163522012578,23.460872767446144,False,34.15723270440252,247249.0,-119833.0,2554,2877,False,False,True,0.227,0.0
straddle_t_1800_thin-NQ-tf30|eve|,straddle_t_1800_thin-NQ-tf30-eve,straddle_t_1800_thin,NQ,False,421.57462686567163,0.5,54.006692160611856,False,7.8059701492537314,-151946.0,208437.0,374,672,False,False,True,0.139,0.0
straddle_t_1800_xbook-NQ-tf30|eve|,straddle_t_1800_xbook-NQ-tf30-eve,straddle_t_1800_xbook,NQ,True,4379.825,0.75625,9.99503651300776,False,438.2,136575.0,564197.0,35680,34432,True,False,True,0.0,0.0
straddle_t_2000-ES-tf30|eve|,straddle_t_2000-ES-tf30-eve,straddle_t_2000,ES,False,-34644.3125,0.0,-74.34401824034335,False,466.0,-1889957.0,-3653133.0,34208,40352,False,False,False,0.0,0.0
straddle_t_2000-GC-tf30|eve|,straddle_t_2000-GC-tf30-eve,straddle_t_2000,GC,False,-664.0,0.33125,-1.592326139088729,False,417.0,-1163646.0,1057406.0,32224,34496,False,False,False,0.0,0.0
straddle_t_2000-NQ-tf30|eve|,straddle_t_2000-NQ-tf30-eve,straddle_t_2000,NQ,False,-22359.89375,0.10625,-48.587339743589745,False,460.2,-1879564.0,-1698019.0,33696,39936,False,False,False,0.0,0.0
straddle_thin-NQ-tf15|london|,straddle_thin-NQ-tf15-london,straddle_thin,NQ,True,3589.75,0.7604166666666666,40.18376865671642,False,89.33333333333333,270660.0,73956.0,4160,4416,True,False,True,0.289,0.625
straddle_thin-NQ-tf15|pm|,straddle_thin-NQ-tf15-pm,straddle_thin,NQ,False,-3309.0434782608695,0.30434782608695654,-72.86548587841072,False,45.41304347826087,8990.0,-313422.0,2100,2078,False,False,False,0.027,0.75
straddle_thin-NQ-tf1|london|,straddle_thin-NQ-tf1-london,straddle_thin,NQ,True,3598.6145833333335,0.6875,27.26223169191919,False,132.0,381997.0,-36530.0,6912,5760,False,False,True,0.16,0.625
straddle_thin-NQ-tf1|pm|,straddle_thin-NQ-tf1-pm,straddle_thin,NQ,False,3040.3541666666665,0.53125,71.81938976377953,True,42.333333333333336,324074.0,-32200.0,2304,1760,False,False,True,0.376,0.625
straddle_thin-NQ-tf30|london|,straddle_thin-NQ-tf30-london,straddle_thin,NQ,True,3902.2916666666665,0.6979166666666666,57.10670731707317,False,68.33333333333333,155592.0,219028.0,3072,3488,True,False,True,0.387,0.625
straddle_thin-NQ-tf30|nyam|,straddle_thin-NQ-tf30-nyam,straddle_thin,NQ,False,1026.6770833333333,0.3229166666666667,7.938224871134021,False,129.33333333333334,-225937.0,324498.0,6208,6208,False,False,False,0.052,0.625
straddle_thin-NQ-tf30|pm|,straddle_thin-NQ-tf30-pm,straddle_thin,NQ,False,-4585.846153846154,0.27472527472527475,-89.59038213825676,False,51.18681318681319,-130571.0,-286741.0,2574,2084,False,False,False,0.002,0.75
straddle_thin-NQ-tf5|london|,straddle_thin-NQ-tf5-london,straddle_thin,NQ,True,4440.427083333333,0.7395833333333334,39.412074704142015,False,112.66666666666667,276394.0,149887.0,5504,5312,True,False,True,0.285,0.625
straddle_thin-NQ-tf5|pm|,straddle_thin-NQ-tf5-pm,straddle_thin,NQ,False,-1422.9574468085107,0.3404255319148936,-34.996860282574566,False,40.659574468085104,2759.0,-136517.0,2174,1648,False,False,False,0.106,0.75
straddle_xbook-NQ-tf15|london|,straddle_xbook-NQ-tf15-london,straddle_xbook,NQ,True,7848.572916666667,0.9166666666666666,13.81791006455399,False,568.0,405856.0,347607.0,25856,28672,True,False,True,0.0,0.375
straddle_xbook-NQ-tf15|pm|,straddle_xbook-NQ-tf15-pm,straddle_xbook,NQ,False,-10645.694736842106,0.2631578947368421,-19.196359426011693,False,554.5684210526316,-191885.0,-819456.0,27890,24794,False,False,False,0.0,0.5
straddle_xbook-NQ-tf1|london|,straddle_xbook-NQ-tf1-london,straddle_xbook,NQ,True,7261.177083333333,0.8125,12.783762470657276,False,568.0,-136148.0,833221.0,28352,26176,False,False,True,0.0,0.375
straddle_xbook-NQ-tf1|pm|,straddle_xbook-NQ-tf1-pm,straddle_xbook,NQ,False,-8620.479166666666,0.11458333333333333,-15.284537529550827,False,564.0,-404256.0,-423310.0,29184,24960,False,False,False,0.0,0.5
straddle_xbook-NQ-tf30|london|,straddle_xbook-NQ-tf30-london,straddle_xbook,NQ,True,8221.958333333334,0.84375,14.475278755868544,False,568.0,513093.0,276215.0,25728,28800,True,False,True,0.0,0.375
straddle_xbook-NQ-tf30|nyam|,straddle_xbook-NQ-tf30-nyam,straddle_xbook,NQ,False,-3948.9473684210525,0.25263157894736843,-6.952372127501853,False,568.0,384867.0,-760017.0,29357,24603,False,False,False,0.0,0.5
straddle_xbook-NQ-tf30|pm|,straddle_xbook-NQ-tf30-pm,straddle_xbook,NQ,False,-13172.074468085106,0.09574468085106383,-24.354346970889065,False,540.8510638297872,-412846.0,-825329.0,27154,23686,False,False,False,0.0,0.5
straddle_xbook-NQ-tf5|london|,straddle_xbook-NQ-tf5-london,straddle_xbook,NQ,True,9537.947916666666,0.84375,16.792161825117372,False,568.0,255491.0,660152.0,26176,28352,True,False,True,0.0,0.375
straddle_xbook-NQ-tf5|pm|,straddle_xbook-NQ-tf5-pm,straddle_xbook,NQ,False,-14199.385416666666,0.041666666666666664,-25.17621527777778,False,564.0,-410055.0,-953086.0,29280,24864,False,False,False,0.0,0.5
supertrend-ES-tf15|asia|,supertrend-ES-tf15-asia,supertrend,ES,True,936.15625,0.625,16.717075892857142,False,56.0,-31752.5,61709.5,160,1632,False,False,True,0.182,0.23076923076923078
supertrend-ES-tf15|eve|,supertrend-ES-tf15-eve,supertrend,ES,False,-13967.46875,0.0,-86.85561601243684,False,160.8125,-30283.0,-416676.0,602,4544,False,False,False,0.0,0.2692307692307692
supertrend-ES-tf15|london|,supertrend-ES-tf15-london,supertrend,ES,False,-21090.75,0.0625,-53.24266330072578,False,396.125,-211976.0,-462928.0,4919,7757,False,False,False,0.0,0.2692307692307692
supertrend-ES-tf15|mid|,supertrend-ES-tf15-mid,supertrend,ES,False,-920.953125,0.40625,-6.7717141544117645,False,136.0,50930.0,-80400.5,2080,2272,False,False,False,0.029,0.2692307692307692
supertrend-ES-tf15|nyam|,supertrend-ES-tf15-nyam,supertrend,ES,False,507.671875,0.5,2.407454060462359,False,210.875,128925.0,-112679.5,3200,3548,False,False,True,0.031,0.23076923076923078
supertrend-ES-tf15|pm|,supertrend-ES-tf15-pm,supertrend,ES,False,370.5625,0.375,2.6659172661870505,False,139.0,-18245.5,30103.5,2752,1696,False,False,False,0.042,0.23076923076923078
supertrend-ES-tf15|pre|,supertrend-ES-tf15-pre,supertrend,ES,False,-1661.25,0.25,-13.84375,False,120.0,-21481.0,-31679.0,1664,2176,False,False,False,0.023,0.2692307692307692
supertrend-ES-tf1|asia|,supertrend-ES-tf1-asia,supertrend,ES,False,-42133.40625,0.0625,-39.6713058318131,False,1062.0625,-333956.0,-1014313.0,10639,23347,False,False,False,0.0,0.2692307692307692
supertrend-ES-tf1|eve|,supertrend-ES-tf1-eve,supertrend,ES,False,-41273.921875,0.0,-33.70847583073861,False,1224.4375,-352006.0,-968759.5,9814,29368,False,False,False,0.0,0.2692307692307692
supertrend-ES-tf1|london|,supertrend-ES-tf1-london,supertrend,ES,False,-46895.890625,0.0,-33.97945158952994,False,1380.125,-642721.5,-857947.0,21471,22693,False,False,False,0.0,0.2692307692307692
supertrend-ES-tf1|mid|,supertrend-ES-tf1-mid,supertrend,ES,False,-31226.140625,0.125,-26.73113346352425,False,1168.15625,-424664.0,-574572.5,18641,18740,False,False,False,0.0,0.2692307692307692
supertrend-ES-tf1|nyam|,supertrend-ES-tf1-nyam,supertrend,ES,False,-43062.265625,0.0,-39.7173223807465,False,1084.21875,-651634.0,-726358.5,17921,16774,False,False,False,0.0,0.2692307692307692
supertrend-ES-tf1|pm|,supertrend-ES-tf1-pm,supertrend,ES,False,-45995.578125,0.0,-37.405232661567005,False,1229.65625,-629014.5,-842844.0,19513,19836,False,False,False,0.0,0.2692307692307692
supertrend-ES-tf1|pre|,supertrend-ES-tf1-pre,supertrend,ES,False,-24056.015625,0.0625,-36.578403421240196,False,657.65625,-228664.5,-541128.0,10438,10607,False,False,False,0.0,0.2692307692307692
supertrend-ES-tf30|eve|,supertrend-ES-tf30-eve,supertrend,ES,True,1688.421875,0.65625,153.49289772727272,True,11.0,0.0,54029.5,0,352,True,False,True,0.453,0.23076923076923078
supertrend-ES-tf30|london|,supertrend-ES-tf30-london,supertrend,ES,False,-7213.046875,0.1875,-65.5731534090909,False,110.0,-41269.0,-189548.5,736,2784,False,False,False,0.0,0.2692307692307692
supertrend-ES-tf30|mid|,supertrend-ES-tf30-mid,supertrend,ES,False,2485.703125,0.5,27.61892361111111,False,90.0,56308.5,23234.0,1376,1504,True,False,True,0.225,0.23076923076923078
supertrend-ES-tf30|nyam|,supertrend-ES-tf30-nyam,supertrend,ES,True,1812.46875,0.625,15.491185897435898,False,117.0,42822.5,15176.5,1760,1984,True,False,True,0.126,0.23076923076923078
supertrend-ES-tf30|pm|,supertrend-ES-tf30-pm,supertrend,ES,True,2262.935483870968,0.7741935483870968,29.77546689303905,False,76.0,55502.5,14648.5,1240,1116,True,False,True,0.242,0.23076923076923078
supertrend-ES-tf30|pre|,supertrend-ES-tf30-pre,supertrend,ES,False,-1567.546875,0.3125,-27.02667025862069,False,58.0,-17412.5,-32749.0,800,1056,False,False,False,0.081,0.2692307692307692
supertrend-ES-tf5|asia|,supertrend-ES-tf5-asia,supertrend,ES,False,-14947.59375,0.09375,-36.13530256100325,False,413.65625,-152715.5,-325607.5,2632,10605,False,False,False,0.0,0.2692307692307692
supertrend-ES-tf5|eve|,supertrend-ES-tf5-eve,supertrend,ES,False,-35283.625,0.0,-57.91915461167539,False,609.1875,-199496.0,-929580.0,4599,14895,False,False,False,0.0,0.2692307692307692
supertrend-ES-tf5|london|,supertrend-ES-tf5-london,supertrend,ES,False,-26330.671875,0.0625,-32.36217160854202,False,813.625,-305498.0,-537083.5,13062,12974,False,False,False,0.0,0.2692307692307692
supertrend-ES-tf5|mid|,supertrend-ES-tf5-mid,supertrend,ES,False,-4418.453125,0.28125,-15.874087796115415,False,278.34375,-252396.5,111006.0,4446,4461,False,False,False,0.002,0.2692307692307692
supertrend-ES-tf5|nyam|,supertrend-ES-tf5-nyam,supertrend,ES,False,-4179.390625,0.28125,-9.047524015694764,False,461.9375,21523.0,-155263.5,7588,7194,False,False,False,0.0,0.2692307692307692
supertrend-ES-tf5|pm|,supertrend-ES-tf5-pm,supertrend,ES,False,-5060.328125,0.40625,-13.014828805658254,False,388.8125,54120.5,-216051.0,6748,5694,False,False,False,0.0,0.2692307692307692
supertrend-ES-tf5|pre|,supertrend-ES-tf5-pre,supertrend,ES,False,-4006.421875,0.3125,-17.764375779409725,False,225.53125,160164.0,-288369.5,3284,3933,False,False,False,0.002,0.2692307692307692
supertrend-GC-tf15|asia|,supertrend-GC-tf15-asia,supertrend,GC,False,-3522.9375,0.125,-66.47051886792453,False,53.0,42714.0,-155448.0,224,1472,False,False,False,0.001,0.15384615384615385
supertrend-GC-tf15|eve|,supertrend-GC-tf15-eve,supertrend,GC,False,-12849.75,0.0,-45.1710425134571,False,284.46875,-39294.0,-371898.0,1371,7732,False,False,False,0.0,0.15384615384615385
supertrend-GC-tf15|london|,supertrend-GC-tf15-london,supertrend,GC,False,-14260.5625,0.0,-39.36663216011042,False,362.25,-230694.0,-225644.0,4241,7351,False,False,False,0.0,0.15384615384615385
supertrend-GC-tf15|mid|,supertrend-GC-tf15-mid,supertrend,GC,False,-1368.3333333333333,0.26666666666666666,-18.00438596491228,False,76.0,-95170.0,54120.0,1260,1020,False,False,False,0.001,0.15384615384615385
supertrend-GC-tf15|nyam|,supertrend-GC-tf15-nyam,supertrend,GC,False,587.3125,0.5,4.3264272559852675,False,135.75,-15642.0,34436.0,1888,2456,False,False,True,0.0,0.11538461538461539
supertrend-GC-tf15|pm|,supertrend-GC-tf15-pm,supertrend,GC,False,-1972.2222222222222,0.0,-43.82716049382716,False,45.0,-41022.0,-12228.0,513,702,False,False,False,0.0,0.15384615384615385
supertrend-GC-tf15|pre|,supertrend-GC-tf15-pre,supertrend,GC,False,-4503.75,0.09375,-27.295454545454547,False,165.0,57992.0,-202112.0,2592,2688,False,False,False,0.0,0.15384615384615385
supertrend-GC-tf1|asia|,supertrend-GC-tf1-asia,supertrend,GC,False,-21931.625,0.09375,-21.394750480139013,False,1025.09375,-360604.0,-341208.0,10141,22662,False,False,False,0.0,0.15384615384615385
supertrend-GC-tf1|eve|,supertrend-GC-tf1-eve,supertrend,GC,False,-31357.0,0.0625,-26.29104438505476,False,1192.6875,-375626.0,-627798.0,8394,29772,False,False,False,0.0,0.15384615384615385
supertrend-GC-tf1|london|,supertrend-GC-tf1-london,supertrend,GC,False,-42324.5625,0.0,-32.942209466361824,False,1284.8125,-822450.0,-531936.0,20775,20339,False,False,False,0.0,0.15384615384615385
supertrend-GC-tf1|mid|,supertrend-GC-tf1-mid,supertrend,GC,False,-28276.5,0.0,-29.333419781502254,False,963.96875,-613070.0,-291778.0,15130,15717,False,False,False,0.0,0.15384615384615385
supertrend-GC-tf1|nyam|,supertrend-GC-tf1-nyam,supertrend,GC,False,-19111.6875,0.0,-20.727106351250594,False,922.0625,-473808.0,-137766.0,15092,14414,False,False,False,0.0,0.15384615384615385
supertrend-GC-tf1|pm|,supertrend-GC-tf1-pm,supertrend,GC,False,-25753.375,0.0,-27.778609229109787,False,927.09375,-578862.0,-245246.0,14638,15029,False,False,False,0.0,0.15384615384615385
supertrend-GC-tf1|pre|,supertrend-GC-tf1-pre,supertrend,GC,False,-15918.75,0.0625,-23.023728813559323,False,691.40625,-361040.0,-148360.0,10455,11670,False,False,False,0.0,0.15384615384615385
supertrend-GC-tf30|eve|,supertrend-GC-tf30-eve,supertrend,GC,False,220.5625,0.53125,9.190104166666666,False,24.0,-29176.0,36234.0,64,704,False,False,True,0.132,0.11538461538461539
supertrend-GC-tf30|london|,supertrend-GC-tf30-london,supertrend,GC,False,-5272.625,0.0,-53.80229591836735,False,98.0,-9394.0,-159330.0,736,2400,False,False,False,0.0,0.15384615384615385
supertrend-GC-tf30|mid|,supertrend-GC-tf30-mid,supertrend,GC,True,1359.111111111111,0.9259259259259259,31.607235142118864,False,43.0,35168.0,1528.0,378,783,True,True,True,0.031,0.11538461538461539
supertrend-GC-tf30|nyam|,supertrend-GC-tf30-nyam,supertrend,GC,True,953.1612903225806,0.6129032258064516,12.220016542597188,False,78.0,12764.0,16784.0,899,1519,True,True,True,0.01,0.11538461538461539
supertrend-GC-tf30|pm|,supertrend-GC-tf30-pm,supertrend,GC,False,-835.4814814814815,0.2222222222222222,-26.951015531660694,False,31.0,-34330.0,11772.0,405,432,False,False,False,0.002,0.15384615384615385
supertrend-GC-tf30|pre|,supertrend-GC-tf30-pre,supertrend,GC,False,-1512.1290322580646,0.16129032258064516,-16.086479066575155,False,94.0,-4888.0,-41988.0,992,1922,False,False,False,0.002,0.15384615384615385
supertrend-GC-tf5|asia|,supertrend-GC-tf5-asia,supertrend,GC,False,-7116.3125,0.25,-15.794284921625746,False,450.5625,-130278.0,-97444.0,3582,10836,False,False,False,0.0,0.15384615384615385
supertrend-GC-tf5|eve|,supertrend-GC-tf5-eve,supertrend,GC,False,-10546.125,0.25,-15.195461299473186,False,694.03125,-108016.0,-229460.0,4644,17565,False,False,False,0.0,0.15384615384615385
supertrend-GC-tf5|london|,supertrend-GC-tf5-london,supertrend,GC,False,-16909.125,0.0,-22.87625248382869,False,739.15625,-287562.0,-253530.0,11853,11800,False,False,False,0.0,0.15384615384615385
supertrend-GC-tf5|mid|,supertrend-GC-tf5-mid,supertrend,GC,False,-1920.8125,0.21875,-9.000732171621028,False,213.40625,-56028.0,-5438.0,3412,3417,False,False,False,0.0,0.15384615384615385
supertrend-GC-tf5|nyam|,supertrend-GC-tf5-nyam,supertrend,GC,False,-2385.0625,0.25,-8.67492611957263,False,274.9375,34366.0,-110688.0,4096,4702,False,False,False,0.0,0.15384615384615385
supertrend-GC-tf5|pm|,supertrend-GC-tf5-pm,supertrend,GC,False,-17735.5,0.0,-63.95492449853504,False,277.3125,-243634.0,-323902.0,4366,4508,False,False,False,0.0,0.15384615384615385
supertrend-GC-tf5|pre|,supertrend-GC-tf5-pre,supertrend,GC,False,-5709.0,0.21875,-20.15978812624145,False,283.1875,-149536.0,-33152.0,4589,4473,False,False,False,0.0,0.15384615384615385
supertrend-NQ-tf15|asia|,supertrend-NQ-tf15-asia,supertrend,NQ,True,6888.65625,1.0,149.75339673913044,True,46.0,12791.0,207646.0,96,1376,True,False,True,0.657,0.46153846153846156
supertrend-NQ-tf15|eve|,supertrend-NQ-tf15-eve,supertrend,NQ,False,-10386.40625,0.09375,-65.55522682445759,False,158.4375,-44386.0,-287979.0,494,4576,False,False,False,0.007,0.5
supertrend-NQ-tf15|london|,supertrend-NQ-tf15-london,supertrend,NQ,False,-35795.75,0.0,-85.06341898113769,False,420.8125,-454212.0,-691252.0,5353,8113,False,False,False,0.0,0.5
supertrend-NQ-tf15|mid|,supertrend-NQ-tf15-mid,supertrend,NQ,False,2956.0,0.53125,23.46031746031746,False,126.0,57608.0,36984.0,2208,1824,True,False,True,0.204,0.46153846153846156
supertrend-NQ-tf15|nyam|,supertrend-NQ-tf15-nyam,supertrend,NQ,False,-3061.75,0.34375,-11.103354487760653,False,275.75,-375920.0,277944.0,4280,4544,False,False,False,0.06,0.5
supertrend-NQ-tf15|pm|,supertrend-NQ-tf15-pm,supertrend,NQ,True,1939.3125,0.78125,16.29674369747899,False,119.0,-41656.0,103714.0,2144,1664,False,False,True,0.207,0.46153846153846156
supertrend-NQ-tf15|pre|,supertrend-NQ-tf15-pre,supertrend,NQ,False,2076.28125,0.59375,16.880335365853657,False,123.0,5804.0,60637.0,1504,2432,True,True,True,0.211,0.46153846153846156
supertrend-NQ-tf1|asia|,supertrend-NQ-tf1-asia,supertrend,NQ,False,-21507.96875,0.125,-20.55412871434971,False,1046.40625,-126323.0,-561932.0,9717,23768,False,False,False,0.0,0.5
supertrend-NQ-tf1|eve|,supertrend-NQ-tf1-eve,supertrend,NQ,False,-5585.5,0.3125,-4.527942443127122,False,1233.5625,-147730.0,-31006.0,10570,28904,False,False,False,0.0,0.5
supertrend-NQ-tf1|london|,supertrend-NQ-tf1-london,supertrend,NQ,False,-38859.375,0.03125,-27.713394250055718,False,1402.1875,-483747.0,-759753.0,21748,23122,False,False,False,0.0,0.5
supertrend-NQ-tf1|mid|,supertrend-NQ-tf1-mid,supertrend,NQ,False,-21288.96875,0.15625,-17.58147517291215,False,1210.875,-207838.0,-473409.0,19497,19251,False,False,False,0.0,0.5
supertrend-NQ-tf1|nyam|,supertrend-NQ-tf1-nyam,supertrend,NQ,False,-13730.4375,0.21875,-11.92136965487302,False,1151.75,-341280.0,-98094.0,19690,17166,False,False,False,0.0,0.5
supertrend-NQ-tf1|pm|,supertrend-NQ-tf1-pm,supertrend,NQ,False,-44700.21875,0.0,-35.97784093767292,False,1242.4375,-610959.0,-819448.0,19326,20432,False,False,False,0.0,0.5
supertrend-NQ-tf1|pre|,supertrend-NQ-tf1-pre,supertrend,NQ,False,9696.71875,0.5625,14.779471302691118,False,656.09375,258870.0,51425.0,10275,10720,True,False,True,0.01,0.46153846153846156
supertrend-NQ-tf30|eve|,supertrend-NQ-tf30-eve,supertrend,NQ,True,2189.1875,0.8125,182.43229166666666,True,12.0,14222.0,55832.0,32,352,True,False,True,0.56,0.46153846153846156
supertrend-NQ-tf30|london|,supertrend-NQ-tf30-london,supertrend,NQ,False,-16964.34375,0.0,-164.70236650485438,False,103.0,-137979.0,-404880.0,576,2720,False,False,False,0.0,0.5
supertrend-NQ-tf30|mid|,supertrend-NQ-tf30-mid,supertrend,NQ,True,7162.875,0.625,78.71291208791209,True,91.0,103011.0,126201.0,1696,1216,True,False,True,0.425,0.46153846153846156
supertrend-NQ-tf30|nyam|,supertrend-NQ-tf30-nyam,supertrend,NQ,True,11515.59375,0.78125,84.05542883211679,True,137.0,29036.0,339463.0,1856,2528,True,False,True,0.567,0.46153846153846156
supertrend-NQ-tf30|pm|,supertrend-NQ-tf30-pm,supertrend,NQ,True,6939.666666666667,0.9333333333333333,93.77927927927928,True,74.0,69275.0,138915.0,1200,1020,True,False,True,0.582,0.46153846153846156
supertrend-NQ-tf30|pre|,supertrend-NQ-tf30-pre,supertrend,NQ,False,-5135.375,0.34375,-74.42572463768116,False,69.0,-104056.0,-60276.0,704,1504,False,False,False,0.075,0.5
supertrend-NQ-tf5|asia|,supertrend-NQ-tf5-asia,supertrend,NQ,False,-14179.125,0.1875,-34.043517406962785,False,416.5,-301391.0,-152341.0,2849,10479,False,False,False,0.003,0.5
supertrend-NQ-tf5|eve|,supertrend-NQ-tf5-eve,supertrend,NQ,False,-18941.75,0.09375,-30.66093378521928,False,617.78125,-194811.0,-411325.0,4834,14935,False,False,False,0.0,0.5
supertrend-NQ-tf5|london|,supertrend-NQ-tf5-london,supertrend,NQ,False,-33821.21875,0.0,-41.04049903302871,False,824.09375,-201567.0,-880712.0,13223,13148,False,False,False,0.0,0.5
supertrend-NQ-tf5|mid|,supertrend-NQ-tf5-mid,supertrend,NQ,True,10131.53125,0.90625,42.496919648708875,False,238.40625,163383.0,160826.0,3753,3876,True,False,True,0.29,0.46153846153846156
supertrend-NQ-tf5|nyam|,supertrend-NQ-tf5-nyam,supertrend,NQ,True,16524.0625,0.65625,34.13621691413815,False,484.0625,37824.0,490946.0,8094,7396,True,False,True,0.169,0.46153846153846156
supertrend-NQ-tf5|pm|,supertrend-NQ-tf5-pm,supertrend,NQ,False,3809.25,0.5,10.157153570535788,False,375.03125,-85650.0,207546.0,6720,5281,False,False,True,0.025,0.46153846153846156
supertrend-NQ-tf5|pre|,supertrend-NQ-tf5-pre,supertrend,NQ,True,10956.90625,0.71875,49.797045874165605,False,220.03125,261091.0,89530.0,3101,3940,True,False,True,0.34,0.46153846153846156
sweep_rev-ES-tf15|asia|,sweep_rev-ES-tf15-asia,sweep_rev,ES,False,-7585.859375,0.0,-108.36941964285714,False,70.0,-108286.5,-134461.0,1056,1184,False,False,False,0.0,0.0
sweep_rev-ES-tf15|eve|,sweep_rev-ES-tf15-eve,sweep_rev,ES,False,-5646.28125,0.125,-55.35569852941177,False,102.0,-77053.5,-103627.5,1504,1760,False,False,False,0.005,0.0
sweep_rev-ES-tf15|london|,sweep_rev-ES-tf15-london,sweep_rev,ES,False,-29953.828125,0.0,-61.417503203759075,False,487.7083333333333,-1086674.0,-1788893.5,21556,25264,False,False,False,0.0,0.0
sweep_rev-ES-tf15|mid|,sweep_rev-ES-tf15-mid,sweep_rev,ES,False,-17281.734375,0.020833333333333332,-59.31309213113582,False,291.3645833333333,-967839.0,-691207.5,15141,12830,False,False,False,0.0,0.0
sweep_rev-ES-tf15|nyam|,sweep_rev-ES-tf15-nyam,sweep_rev,ES,False,-16727.338541666668,0.010416666666666666,-49.1784675221266,False,340.1354166666667,-1267140.0,-338684.5,16285,16368,False,False,False,0.0,0.0
sweep_rev-ES-tf15|pm|,sweep_rev-ES-tf15-pm,sweep_rev,ES,False,-16702.744791666668,0.010416666666666666,-63.330443540424184,False,263.7395833333333,-1106241.5,-497222.0,14076,11243,False,False,False,0.0,0.0
sweep_rev-ES-tf15|pre|,sweep_rev-ES-tf15-pre,sweep_rev,ES,False,-14173.09375,0.07291666666666667,-70.87285133868112,False,199.97916666666666,52574.0,-1413191.0,9219,9979,False,False,False,0.0,0.0
sweep_rev-ES-tf1|asia|,sweep_rev-ES-tf1-asia,sweep_rev,ES,False,-8975.859375,0.0,-85.484375,False,105.0,-114416.5,-172811.0,1376,1984,False,False,False,0.0,0.0
sweep_rev-ES-tf1|eve|,sweep_rev-ES-tf1-eve,sweep_rev,ES,False,-5043.671875,0.09375,-36.350788288288285,False,138.75,-73156.5,-88241.0,2136,2304,False,False,False,0.001,0.0
sweep_rev-ES-tf1|london|,sweep_rev-ES-tf1-london,sweep_rev,ES,False,-17726.0625,0.010416666666666666,-31.549223182172124,False,561.8541666666666,-574329.5,-1127372.5,25523,28415,False,False,False,0.0,0.0
sweep_rev-ES-tf1|mid|,sweep_rev-ES-tf1-mid,sweep_rev,ES,False,-24410.765625,0.0,-67.10094777230557,False,363.7916666666667,-1169756.0,-1173677.5,17939,16985,False,False,False,0.0,0.0
sweep_rev-ES-tf1|nyam|,sweep_rev-ES-tf1-nyam,sweep_rev,ES,False,-15209.223958333334,0.041666666666666664,-33.08075990665428,False,459.7604166666667,-935682.0,-524403.5,21558,22579,False,False,False,0.0,0.0
sweep_rev-ES-tf1|pm|,sweep_rev-ES-tf1-pm,sweep_rev,ES,False,-16544.333333333332,0.0,-49.49534108261398,False,334.2604166666667,-915479.5,-672776.5,17448,14641,False,False,False,0.0,0.0
sweep_rev-ES-tf1|pre|,sweep_rev-ES-tf1-pre,sweep_rev,ES,False,-11094.708333333334,0.09375,-41.894819651496675,False,264.8229166666667,58528.0,-1123620.0,12043,13380,False,False,False,0.0,0.0
sweep_rev-ES-tf30|asia|,sweep_rev-ES-tf30-asia,sweep_rev,ES,False,-7450.015625,0.0,-161.95686141304347,False,46.0,-70241.5,-168159.0,576,896,False,False,False,0.0,0.0
sweep_rev-ES-tf30|eve|,sweep_rev-ES-tf30-eve,sweep_rev,ES,False,-10593.6875,0.0,-116.41414835164835,False,91.0,-103538.0,-235460.0,1472,1440,False,False,False,0.0,0.0
sweep_rev-ES-tf30|london|,sweep_rev-ES-tf30-london,sweep_rev,ES,False,-27052.520833333332,0.03125,-62.43189576421943,False,433.3125,-1239623.5,-1357418.5,19309,22289,False,False,False,0.0,0.0
sweep_rev-ES-tf30|mid|,sweep_rev-ES-tf30-mid,sweep_rev,ES,False,-14583.760416666666,0.010416666666666666,-60.2064591038101,False,242.22916666666666,-788159.0,-611882.0,12771,10483,False,False,False,0.0,0.0
sweep_rev-ES-tf30|nyam|,sweep_rev-ES-tf30-nyam,sweep_rev,ES,False,-6760.411458333333,0.16666666666666666,-26.81483700367723,False,252.11458333333334,-1022487.5,373488.0,11925,12278,False,False,False,0.001,0.0
sweep_rev-ES-tf30|pm|,sweep_rev-ES-tf30-pm,sweep_rev,ES,False,-11836.161458333334,0.052083333333333336,-53.86194065225635,False,219.75,-762984.0,-373287.5,11596,9500,False,False,False,0.0,0.0
sweep_rev-ES-tf30|pre|,sweep_rev-ES-tf30-pre,sweep_rev,ES,False,-10379.447916666666,0.125,-70.47863912858962,False,147.27083333333334,-48820.5,-947606.5,6727,7411,False,False,False,0.0,0.0
sweep_rev-ES-tf5|asia|,sweep_rev-ES-tf5-asia,sweep_rev,ES,False,-8519.859375,0.0,-93.6248282967033,False,91.0,-88579.5,-184056.0,1248,1664,False,False,False,0.0,0.0
sweep_rev-ES-tf5|eve|,sweep_rev-ES-tf5-eve,sweep_rev,ES,False,-2902.46875,0.28125,-24.59719279661017,False,118.0,-38718.0,-54161.0,1792,1984,False,False,False,0.012,0.0
sweep_rev-ES-tf5|london|,sweep_rev-ES-tf5-london,sweep_rev,ES,False,-23578.296875,0.010416666666666666,-44.60043151859077,False,528.65625,-845962.5,-1417554.0,24025,26726,False,False,False,0.0,0.0
sweep_rev-ES-tf5|mid|,sweep_rev-ES-tf5-mid,sweep_rev,ES,False,-14991.010416666666,0.07291666666666667,-45.791555301005474,False,327.375,-851685.0,-587452.0,16515,14913,False,False,False,0.0,0.0
sweep_rev-ES-tf5|nyam|,sweep_rev-ES-tf5-nyam,sweep_rev,ES,False,-11947.177083333334,0.08333333333333333,-29.276317132938534,False,408.0833333333333,-920009.5,-226919.5,19393,19783,False,False,False,0.0,0.0
sweep_rev-ES-tf5|pm|,sweep_rev-ES-tf5-pm,sweep_rev,ES,False,-14115.375,0.020833333333333332,-46.6961645818257,False,302.28125,-754963.5,-600112.5,15844,13175,False,False,False,0.0,0.0
sweep_rev-ES-tf5|pre|,sweep_rev-ES-tf5-pre,sweep_rev,ES,False,-8595.213541666666,0.17708333333333334,-36.58024116682183,False,234.96875,226388.5,-1051529.0,11181,11376,False,False,False,0.0,0.0
sweep_rev-GC-tf15|asia|,sweep_rev-GC-tf15-asia,sweep_rev,GC,False,-3623.5,0.28125,-43.13690476190476,False,84.0,-73662.0,-42290.0,1408,1280,False,False,False,0.0,0.037037037037037035
sweep_rev-GC-tf15|eve|,sweep_rev-GC-tf15-eve,sweep_rev,GC,False,-7473.0625,0.25,-59.31001984126984,False,126.0,-172970.0,-66168.0,2240,1792,False,False,False,0.0,0.037037037037037035
sweep_rev-GC-tf15|london|,sweep_rev-GC-tf15-london,sweep_rev,GC,False,-17613.770833333332,0.07291666666666667,-38.21465376966191,False,460.9166666666667,-592172.0,-1098750.0,22353,21895,False,False,False,0.0,0.037037037037037035
sweep_rev-GC-tf15|mid|,sweep_rev-GC-tf15-mid,sweep_rev,GC,False,-7165.120879120879,0.03296703296703297,-35.25608305396345,False,203.23076923076923,-374132.0,-277894.0,9123,9371,False,False,False,0.0,0.037037037037037035
sweep_rev-GC-tf15|nyam|,sweep_rev-GC-tf15-nyam,sweep_rev,GC,False,-8890.520833333334,0.010416666666666666,-32.78870533999232,False,271.1458333333333,-759252.0,-94238.0,13553,12477,False,False,False,0.0,0.037037037037037035
sweep_rev-GC-tf15|pm|,sweep_rev-GC-tf15-pm,sweep_rev,GC,False,-6074.4,0.042105263157894736,-43.86015049023334,False,138.49473684210525,-308192.0,-268876.0,6783,6374,False,False,False,0.0,0.037037037037037035
sweep_rev-GC-tf15|pre|,sweep_rev-GC-tf15-pre,sweep_rev,GC,False,-6864.875,0.17708333333333334,-26.528781901618228,False,258.7708333333333,-451834.0,-207194.0,12231,12611,False,False,False,0.0,0.037037037037037035
sweep_rev-GC-tf1|asia|,sweep_rev-GC-tf1-asia,sweep_rev,GC,False,-3733.25,0.15625,-31.63771186440678,False,118.0,-39354.0,-80110.0,2176,1600,False,False,False,0.0,0.037037037037037035
sweep_rev-GC-tf1|eve|,sweep_rev-GC-tf1-eve,sweep_rev,GC,False,-12188.5625,0.0,-74.77645705521472,False,163.0,-243238.0,-146796.0,2912,2304,False,False,False,0.0,0.037037037037037035
sweep_rev-GC-tf1|london|,sweep_rev-GC-tf1-london,sweep_rev,GC,False,-11253.020833333334,0.10416666666666667,-21.496169535369614,False,523.4895833333334,-315328.0,-764962.0,25517,24738,False,False,False,0.0,0.037037037037037035
sweep_rev-GC-tf1|mid|,sweep_rev-GC-tf1-mid,sweep_rev,GC,False,-8182.231578947369,0.05263157894736842,-33.42127440020638,False,244.82105263157894,-539616.0,-237696.0,11744,11514,False,False,False,0.0,0.037037037037037035
sweep_rev-GC-tf1|nyam|,sweep_rev-GC-tf1-nyam,sweep_rev,GC,False,-7944.104166666667,0.1875,-22.53579976951036,False,352.5104166666667,-682754.0,-79880.0,17511,16330,False,False,False,0.0,0.037037037037037035
sweep_rev-GC-tf1|pm|,sweep_rev-GC-tf1-pm,sweep_rev,GC,False,-10245.770833333334,0.0,-59.37426053362309,False,172.5625,-441608.0,-541986.0,8557,8009,False,False,False,0.0,0.037037037037037035
sweep_rev-GC-tf1|pre|,sweep_rev-GC-tf1-pre,sweep_rev,GC,False,-2492.1666666666665,0.3645833333333333,-7.4877315973960945,False,332.8333333333333,-371902.0,132654.0,16283,15669,False,False,False,0.0,0.037037037037037035
sweep_rev-GC-tf30|asia|,sweep_rev-GC-tf30-asia,sweep_rev,GC,True,806.6875,0.625,17.163563829787233,False,47.0,38380.0,-12566.0,800,704,False,False,True,0.088,0.0
sweep_rev-GC-tf30|eve|,sweep_rev-GC-tf30-eve,sweep_rev,GC,False,-4030.9375,0.25,-38.38988095238095,False,105.0,-143996.0,15006.0,1984,1376,False,False,False,0.001,0.037037037037037035
sweep_rev-GC-tf30|london|,sweep_rev-GC-tf30-london,sweep_rev,GC,False,-12221.375,0.03125,-29.212260040335632,False,418.3645833333333,-356424.0,-816828.0,20631,19532,False,False,False,0.0,0.037037037037037035
sweep_rev-GC-tf30|mid|,sweep_rev-GC-tf30-mid,sweep_rev,GC,False,-5833.793103448276,0.022988505747126436,-33.303149606299215,False,175.17241379310346,-361892.0,-145648.0,7553,7687,False,False,False,0.0,0.037037037037037035
sweep_rev-GC-tf30|nyam|,sweep_rev-GC-tf30-nyam,sweep_rev,GC,False,-2920.537634408602,0.27956989247311825,-14.036692506459948,False,208.06451612903226,-287092.0,15482.0,10338,9012,False,False,False,0.0,0.037037037037037035
sweep_rev-GC-tf30|pm|,sweep_rev-GC-tf30-pm,sweep_rev,GC,False,-3750.6021505376343,0.08602150537634409,-32.255039763269835,False,116.27956989247312,-82386.0,-266420.0,5859,4955,False,False,False,0.0,0.037037037037037035
sweep_rev-GC-tf30|pre|,sweep_rev-GC-tf30-pre,sweep_rev,GC,False,-4676.041666666667,0.25,-25.28301886792453,False,184.94791666666666,-206280.0,-242620.0,8635,9120,False,False,False,0.0,0.037037037037037035
sweep_rev-GC-tf5|asia|,sweep_rev-GC-tf5-asia,sweep_rev,GC,False,-3290.3125,0.1875,-32.903125,False,100.0,-30580.0,-74710.0,1760,1440,False,False,False,0.0,0.037037037037037035
sweep_rev-GC-tf5|eve|,sweep_rev-GC-tf5-eve,sweep_rev,GC,False,-9521.25,0.0,-63.475,False,150.0,-292244.0,-12436.0,2656,2144,False,False,False,0.0,0.037037037037037035
sweep_rev-GC-tf5|london|,sweep_rev-GC-tf5-london,sweep_rev,GC,False,-14916.020833333334,0.10416666666666667,-30.651326069739067,False,486.6354166666667,-447506.0,-984432.0,23634,23083,False,False,False,0.0,0.037037037037037035
sweep_rev-GC-tf5|mid|,sweep_rev-GC-tf5-mid,sweep_rev,GC,False,-9319.446808510638,0.02127659574468085,-40.50621907800435,False,230.0744680851064,-480600.0,-395428.0,10695,10932,False,False,False,0.0,0.037037037037037035
sweep_rev-GC-tf5|nyam|,sweep_rev-GC-tf5-nyam,sweep_rev,GC,False,-10069.8125,0.052083333333333336,-31.754492001445325,False,317.1145833333333,-829608.0,-137094.0,15812,14631,False,False,False,0.0,0.037037037037037035
sweep_rev-GC-tf5|pm|,sweep_rev-GC-tf5-pm,sweep_rev,GC,False,-7494.3125,0.0,-47.54834445839667,False,157.61458333333334,-323160.0,-396294.0,7735,7396,False,False,False,0.0,0.037037037037037035
sweep_rev-GC-tf5|pre|,sweep_rev-GC-tf5-pre,sweep_rev,GC,False,-5708.354166666667,0.22916666666666666,-19.042393495030925,False,299.7708333333333,-710502.0,162500.0,14428,14350,False,False,False,0.0,0.037037037037037035
sweep_rev-NQ-tf15|asia|,sweep_rev-NQ-tf15-asia,sweep_rev,NQ,False,-1369.125,0.375,-19.842391304347824,False,69.0,-105732.0,61920.0,768,1440,False,False,False,0.128,0.48148148148148145
sweep_rev-NQ-tf15|eve|,sweep_rev-NQ-tf15-eve,sweep_rev,NQ,True,9839.53125,0.9375,98.3953125,True,100.0,184492.0,130373.0,1312,1888,True,False,True,0.611,0.4444444444444444
sweep_rev-NQ-tf15|london|,sweep_rev-NQ-tf15-london,sweep_rev,NQ,False,-9293.125,0.20833333333333334,-19.564473684210526,False,475.0,-374110.0,-518030.0,21410,24190,False,False,False,0.0,0.48148148148148145
sweep_rev-NQ-tf15|mid|,sweep_rev-NQ-tf15-mid,sweep_rev,NQ,False,909.84375,0.5833333333333334,3.4273101824602707,False,265.46875,28944.0,58401.0,13549,11936,True,False,True,0.048,0.4444444444444444
sweep_rev-NQ-tf15|nyam|,sweep_rev-NQ-tf15-nyam,sweep_rev,NQ,False,-498.8958333333333,0.46875,-1.3443552461685286,False,371.1041666666667,-728098.0,680204.0,17317,18309,False,False,False,0.022,0.48148148148148145
sweep_rev-NQ-tf15|pm|,sweep_rev-NQ-tf15-pm,sweep_rev,NQ,False,-21556.145833333332,0.11458333333333333,-85.84899398465049,False,251.09375,-1639781.0,-429609.0,12779,11326,False,False,False,0.0,0.48148148148148145
sweep_rev-NQ-tf15|pre|,sweep_rev-NQ-tf15-pre,sweep_rev,NQ,False,1977.6041666666667,0.5520833333333334,10.168719871451527,False,194.47916666666666,1041417.0,-851567.0,8337,10333,False,False,True,0.097,0.4444444444444444
sweep_rev-NQ-tf1|asia|,sweep_rev-NQ-tf1-asia,sweep_rev,NQ,False,-7270.5625,0.0,-68.59021226415095,False,106.0,-157039.0,-75619.0,1376,2016,False,False,False,0.002,0.48148148148148145
sweep_rev-NQ-tf1|eve|,sweep_rev-NQ-tf1-eve,sweep_rev,NQ,True,8139.0625,0.84375,62.60817307692308,False,130.0,137331.0,123119.0,1856,2304,True,False,True,0.445,0.4444444444444444
sweep_rev-NQ-tf1|london|,sweep_rev-NQ-tf1-london,sweep_rev,NQ,False,-2861.71875,0.3125,-5.13840830449827,False,556.9270833333334,186011.0,-460736.0,25316,28149,False,False,False,0.0,0.48148148148148145
sweep_rev-NQ-tf1|mid|,sweep_rev-NQ-tf1-mid,sweep_rev,NQ,False,1304.5833333333333,0.4375,3.776270164329866,False,345.46875,141499.0,-16259.0,17564,15601,False,False,False,0.007,0.4444444444444444
sweep_rev-NQ-tf1|nyam|,sweep_rev-NQ-tf1-nyam,sweep_rev,NQ,False,2722.71875,0.5104166666666666,5.428360781707545,False,501.5729166666667,-1291934.0,1553315.0,23701,24450,False,False,True,0.009,0.4444444444444444
sweep_rev-NQ-tf1|pm|,sweep_rev-NQ-tf1-pm,sweep_rev,NQ,False,-10658.59375,0.052083333333333336,-34.07342657342657,False,312.8125,-553471.0,-469754.0,15359,14671,False,False,False,0.0,0.48148148148148145
sweep_rev-NQ-tf1|pre|,sweep_rev-NQ-tf1-pre,sweep_rev,NQ,False,-9145.552083333334,0.22916666666666666,-36.73988366740595,False,248.92708333333334,-119630.0,-758343.0,10755,13142,False,False,False,0.0,0.48148148148148145
sweep_rev-NQ-tf30|asia|,sweep_rev-NQ-tf30-asia,sweep_rev,NQ,False,127.71875,0.40625,3.1150914634146343,False,41.0,14849.0,-10762.0,384,928,False,False,False,0.214,0.4444444444444444
sweep_rev-NQ-tf30|eve|,sweep_rev-NQ-tf30-eve,sweep_rev,NQ,True,4796.3125,0.71875,55.77107558139535,False,86.0,29534.0,123948.0,1344,1408,True,False,True,0.437,0.4444444444444444
sweep_rev-NQ-tf30|london|,sweep_rev-NQ-tf30-london,sweep_rev,NQ,False,-20268.885416666668,0.052083333333333336,-47.24911369044728,False,428.9791666666667,-1394503.0,-551310.0,18892,22290,False,False,False,0.0,0.48148148148148145
sweep_rev-NQ-tf30|mid|,sweep_rev-NQ-tf30-mid,sweep_rev,NQ,False,-441.7916666666667,0.6354166666666666,-1.985766457533477,False,222.47916666666666,-93404.0,50992.0,11231,10127,False,False,False,0.044,0.48148148148148145
sweep_rev-NQ-tf30|nyam|,sweep_rev-NQ-tf30-nyam,sweep_rev,NQ,False,-8625.46875,0.25,-30.12168061113132,False,286.3541666666667,-1525096.0,697051.0,12594,14896,False,False,False,0.008,0.48148148148148145
sweep_rev-NQ-tf30|pm|,sweep_rev-NQ-tf30-pm,sweep_rev,NQ,False,-12360.958333333334,0.21875,-61.411375045282824,False,201.28125,-865635.0,-321017.0,10300,9023,False,False,False,0.001,0.48148148148148145
sweep_rev-NQ-tf30|pre|,sweep_rev-NQ-tf30-pre,sweep_rev,NQ,True,3749.1458333333335,0.6666666666666666,25.093634525552535,False,149.40625,292559.0,67359.0,6079,8264,True,False,True,0.199,0.4444444444444444
sweep_rev-NQ-tf5|asia|,sweep_rev-NQ-tf5-asia,sweep_rev,NQ,False,-4357.625,0.03125,-49.51846590909091,False,88.0,-135596.0,-3848.0,1024,1792,False,False,False,0.022,0.48148148148148145
sweep_rev-NQ-tf5|eve|,sweep_rev-NQ-tf5-eve,sweep_rev,NQ,True,7572.4375,0.8125,61.06804435483871,False,124.0,68697.0,173621.0,1632,2336,True,False,True,0.442,0.4444444444444444
sweep_rev-NQ-tf5|london|,sweep_rev-NQ-tf5-london,sweep_rev,NQ,False,3284.375,0.5104166666666666,6.294669594729487,False,521.7708333333334,85027.0,230273.0,23722,26368,True,False,True,0.0,0.4444444444444444
sweep_rev-NQ-tf5|mid|,sweep_rev-NQ-tf5-mid,sweep_rev,NQ,False,3178.3333333333335,0.53125,10.273400673400673,False,309.375,214851.0,90269.0,15676,14024,True,False,True,0.06,0.4444444444444444
sweep_rev-NQ-tf5|nyam|,sweep_rev-NQ-tf5-nyam,sweep_rev,NQ,False,1931.53125,0.53125,4.335242682128495,False,445.5416666666667,-630550.0,815977.0,20740,22032,False,False,True,0.009,0.4444444444444444
sweep_rev-NQ-tf5|pm|,sweep_rev-NQ-tf5-pm,sweep_rev,NQ,False,-15727.489583333334,0.09375,-55.46596377796554,False,283.5520833333333,-1176624.0,-333215.0,14521,12700,False,False,False,0.0,0.48148148148148145
sweep_rev-NQ-tf5|pre|,sweep_rev-NQ-tf5-pre,sweep_rev,NQ,False,-164.1875,0.5416666666666666,-0.7411134098175663,False,221.54166666666666,570780.0,-586542.0,9420,11848,False,False,False,0.037,0.48148148148148145
tema_slope-ES-tf15|asia|,tema_slope-ES-tf15-asia,tema_slope,ES,False,-11327.510416666666,0.0625,-29.789639491562568,False,380.25,-587712.0,-499729.0,18278,18226,False,False,False,0.0,0.07692307692307693
tema_slope-ES-tf15|eve|,tema_slope-ES-tf15-eve,tema_slope,ES,False,-27055.28125,0.0625,-35.2019706436442,False,768.5729166666666,-939232.0,-1658075.0,37183,36600,False,False,False,0.0,0.07692307692307693
tema_slope-ES-tf15|london|,tema_slope-ES-tf15-london,tema_slope,ES,False,-36985.104166666664,0.052083333333333336,-36.099537390066594,False,1024.53125,-1433955.5,-2116614.5,49092,49263,False,False,False,0.0,0.07692307692307693
tema_slope-ES-tf15|mid|,tema_slope-ES-tf15-mid,tema_slope,ES,False,-11090.5625,0.20833333333333334,-17.45800675564884,False,635.2708333333334,-1099088.5,34394.5,31294,29692,False,False,False,0.0,0.07692307692307693
tema_slope-ES-tf15|nyam|,tema_slope-ES-tf15-nyam,tema_slope,ES,False,-13977.192708333334,0.09375,-23.639239279799867,False,591.2708333333334,-1404683.5,62873.0,29774,26988,False,False,False,0.0,0.07692307692307693
tema_slope-ES-tf15|pm|,tema_slope-ES-tf15-pm,tema_slope,ES,False,-10413.786458333334,0.17708333333333334,-15.822415484932895,False,658.1666666666666,-116142.5,-883581.0,31520,31664,False,False,False,0.0,0.07692307692307693
tema_slope-ES-tf15|pre|,tema_slope-ES-tf15-pre,tema_slope,ES,False,-2050.2239583333335,0.4166666666666667,-5.163072846987225,False,397.09375,218437.5,-415259.0,18525,19596,False,False,False,0.0,0.07692307692307693
tema_slope-ES-tf1|asia|,tema_slope-ES-tf1-asia,tema_slope,ES,False,-37336.5625,0.020833333333333332,-32.09159280150416,False,1163.4375,-1284489.5,-2299820.5,56113,55577,False,False,False,0.0,0.07692307692307693
tema_slope-ES-tf1|eve|,tema_slope-ES-tf1-eve,tema_slope,ES,False,-48455.083333333336,0.0,-38.30220590051628,False,1265.0729166666667,-2351285.5,-2300402.5,62487,58960,False,False,False,0.0,0.07692307692307693
tema_slope-ES-tf1|london|,tema_slope-ES-tf1-london,tema_slope,ES,False,-51141.770833333336,0.0,-35.66993606509735,False,1433.75,-1895387.5,-3014222.5,70325,67315,False,False,False,0.0,0.07692307692307693
tema_slope-ES-tf1|mid|,tema_slope-ES-tf1-mid,tema_slope,ES,False,-45296.098958333336,0.052083333333333336,-31.950928381962864,False,1417.6770833333333,-1405388.0,-2943037.5,67797,68300,False,False,False,0.0,0.07692307692307693
tema_slope-ES-tf1|nyam|,tema_slope-ES-tf1-nyam,tema_slope,ES,False,-56023.6875,0.0,-38.51776467976309,False,1454.4895833333333,-2946192.0,-2432082.0,71773,67858,False,False,False,0.0,0.07692307692307693
tema_slope-ES-tf1|pm|,tema_slope-ES-tf1-pm,tema_slope,ES,False,-70156.09895833333,0.0,-48.75584021659657,False,1438.9270833333333,-2489713.0,-4245272.5,65147,72990,False,False,False,0.0,0.07692307692307693
tema_slope-ES-tf1|pre|,tema_slope-ES-tf1-pre,tema_slope,ES,False,-18417.625,0.21875,-16.424754756242567,False,1121.3333333333333,-1055510.5,-712581.5,54437,53211,False,False,False,0.0,0.07692307692307693
tema_slope-ES-tf30|eve|,tema_slope-ES-tf30-eve,tema_slope,ES,False,1508.6354166666667,0.4791666666666667,4.382250597597507,False,344.2604166666667,545805.0,-400976.0,18355,14694,False,False,False,0.003,0.038461538461538464
tema_slope-ES-tf30|london|,tema_slope-ES-tf30-london,tema_slope,ES,False,-26734.75,0.010416666666666666,-40.91140370453024,False,653.4791666666666,-1518869.5,-1047666.5,31058,31676,False,False,False,0.0,0.07692307692307693
tema_slope-ES-tf30|mid|,tema_slope-ES-tf30-mid,tema_slope,ES,False,-9091.479166666666,0.2604166666666667,-25.402584550905175,False,357.8958333333333,-859784.0,-12998.0,18171,16187,False,False,False,0.0,0.07692307692307693
tema_slope-ES-tf30|nyam|,tema_slope-ES-tf30-nyam,tema_slope,ES,False,-16255.005208333334,0.020833333333333332,-50.02822839189536,False,324.9166666666667,-1666608.5,106128.0,16774,14418,False,False,False,0.0,0.07692307692307693
tema_slope-ES-tf30|pm|,tema_slope-ES-tf30-pm,tema_slope,ES,False,-3211.3958333333335,0.3854166666666667,-8.749404018617323,False,367.0416666666667,56145.0,-364439.0,18145,17091,False,False,False,0.0,0.07692307692307693
tema_slope-ES-tf30|pre|,tema_slope-ES-tf30-pre,tema_slope,ES,False,1045.828125,0.3854166666666667,3.937698552770914,False,265.59375,487104.5,-386705.0,11127,14370,False,False,False,0.007,0.038461538461538464
tema_slope-ES-tf5|asia|,tema_slope-ES-tf5-asia,tema_slope,ES,False,-40521.328125,0.0,-44.76979514328461,False,905.1041666666666,-1718071.0,-2171976.5,42274,44616,False,False,False,0.0,0.07692307692307693
tema_slope-ES-tf5|eve|,tema_slope-ES-tf5-eve,tema_slope,ES,False,-27283.276041666668,0.11458333333333333,-24.368453615920657,False,1119.6145833333333,-1565563.5,-1053631.0,51994,55489,False,False,False,0.0,0.07692307692307693
tema_slope-ES-tf5|london|,tema_slope-ES-tf5-london,tema_slope,ES,False,-37027.479166666664,0.020833333333333332,-28.55199723688121,False,1296.84375,-1163806.0,-2390832.0,62339,62158,False,False,False,0.0,0.07692307692307693
tema_slope-ES-tf5|mid|,tema_slope-ES-tf5-mid,tema_slope,ES,False,-31664.697916666668,0.052083333333333336,-29.289784552532183,False,1081.0833333333333,-1412820.0,-1626991.0,52105,51679,False,False,False,0.0,0.07692307692307693
tema_slope-ES-tf5|nyam|,tema_slope-ES-tf5-nyam,tema_slope,ES,False,-43281.375,0.0,-41.58005764150188,False,1040.9166666666667,-3038043.5,-1116968.5,52664,47264,False,False,False,0.0,0.07692307692307693
tema_slope-ES-tf5|pm|,tema_slope-ES-tf5-pm,tema_slope,ES,False,-40312.380208333336,0.020833333333333332,-36.68444176920014,False,1098.8958333333333,-1248511.0,-2621477.5,50084,55410,False,False,False,0.0,0.07692307692307693
tema_slope-ES-tf5|pre|,tema_slope-ES-tf5-pre,tema_slope,ES,False,-9566.328125,0.25,-14.659869103679464,False,652.5520833333334,158013.0,-1076380.5,29678,32967,False,False,False,0.0,0.07692307692307693
tema_slope-GC-tf15|asia|,tema_slope-GC-tf15-asia,tema_slope,GC,False,-21946.270833333332,0.0,-57.3009682332463,False,383.0,-594040.0,-1512802.0,16795,19973,False,False,False,0.0,0.0
tema_slope-GC-tf15|eve|,tema_slope-GC-tf15-eve,tema_slope,GC,False,-16488.479166666668,0.041666666666666664,-21.64463770494045,False,761.78125,-1486480.0,-96414.0,36240,36891,False,False,False,0.0,0.0
tema_slope-GC-tf15|london|,tema_slope-GC-tf15-london,tema_slope,GC,False,-27572.666666666668,0.0,-29.93842604112471,False,920.9791666666666,-1641290.0,-1005686.0,44945,43469,False,False,False,0.0,0.0
tema_slope-GC-tf15|mid|,tema_slope-GC-tf15-mid,tema_slope,GC,False,-9656.416666666666,0.15625,-19.26106920983191,False,501.34375,-591916.0,-335100.0,23469,24660,False,False,False,0.0,0.0
tema_slope-GC-tf15|nyam|,tema_slope-GC-tf15-nyam,tema_slope,GC,False,-16239.666666666666,0.0,-33.648622981956315,False,482.625,-1281184.0,-277824.0,23786,22546,False,False,False,0.0,0.0
tema_slope-GC-tf15|pm|,tema_slope-GC-tf15-pm,tema_slope,GC,False,-18239.875,0.0,-37.7563878646743,False,483.09375,-1252140.0,-498888.0,24445,21932,False,False,False,0.0,0.0
tema_slope-GC-tf15|pre|,tema_slope-GC-tf15-pre,tema_slope,GC,False,-6941.4375,0.16666666666666666,-15.397971208725188,False,450.8020833333333,-695996.0,29618.0,21239,22038,False,False,False,0.0,0.0
tema_slope-GC-tf1|asia|,tema_slope-GC-tf1-asia,tema_slope,GC,False,-32107.354166666668,0.010416666666666666,-28.67955040288814,False,1119.5208333333333,-2028842.0,-1053464.0,55248,52226,False,False,False,0.0,0.0
tema_slope-GC-tf1|eve|,tema_slope-GC-tf1-eve,tema_slope,GC,False,-45776.1875,0.0,-37.34576913598083,False,1225.7395833333333,-3113046.0,-1281468.0,59609,58062,False,False,False,0.0,0.0
tema_slope-GC-tf1|london|,tema_slope-GC-tf1-london,tema_slope,GC,False,-30343.145833333332,0.0,-22.77194765396582,False,1332.4791666666667,-1833630.0,-1079312.0,64145,63773,False,False,False,0.0,0.0
tema_slope-GC-tf1|mid|,tema_slope-GC-tf1-mid,tema_slope,GC,False,-32358.6875,0.0,-27.580630554643037,False,1173.2395833333333,-2018202.0,-1088232.0,54698,57933,False,False,False,0.0,0.0
tema_slope-GC-tf1|nyam|,tema_slope-GC-tf1-nyam,tema_slope,GC,False,-26737.791666666668,0.010416666666666666,-21.101494549579915,False,1267.1041666666667,-1646984.0,-919844.0,64301,57341,False,False,False,0.0,0.0
tema_slope-GC-tf1|pm|,tema_slope-GC-tf1-pm,tema_slope,GC,False,-28269.208333333332,0.0,-27.21163930974321,False,1038.8645833333333,-1805884.0,-907960.0,52246,47485,False,False,False,0.0,0.0
tema_slope-GC-tf1|pre|,tema_slope-GC-tf1-pre,tema_slope,GC,False,-34149.333333333336,0.0,-30.45818235873423,False,1121.1875,-2432718.0,-845618.0,54167,53467,False,False,False,0.0,0.0
tema_slope-GC-tf30|eve|,tema_slope-GC-tf30-eve,tema_slope,GC,False,-1095.7708333333333,0.40625,-3.565173185114892,False,307.3541666666667,-316538.0,211344.0,14632,14874,False,False,False,0.0,0.0
tema_slope-GC-tf30|london|,tema_slope-GC-tf30-london,tema_slope,GC,False,-13163.166666666666,0.11458333333333333,-21.852868951682634,False,602.3541666666666,-60438.0,-1203226.0,29132,28694,False,False,False,0.0,0.0
tema_slope-GC-tf30|mid|,tema_slope-GC-tf30-mid,tema_slope,GC,False,-2945.723404255319,0.2978723404255319,-10.428517625790901,False,282.468085106383,-408784.0,131886.0,13751,12801,False,False,False,0.0,0.0
tema_slope-GC-tf30|nyam|,tema_slope-GC-tf30-nyam,tema_slope,GC,False,-3137.7083333333335,0.2604166666666667,-12.350143501435014,False,254.0625,-283142.0,-18078.0,11868,12522,False,False,False,0.0,0.0
tema_slope-GC-tf30|pm|,tema_slope-GC-tf30-pm,tema_slope,GC,False,-8796.2,0.011111111111111112,-30.39344262295082,False,289.4111111111111,-688272.0,-103386.0,13053,12994,False,False,False,0.0,0.0
tema_slope-GC-tf30|pre|,tema_slope-GC-tf30-pre,tema_slope,GC,False,-1458.9583333333333,0.3645833333333333,-4.732556175029566,False,308.28125,160286.0,-300346.0,14161,15434,False,False,False,0.0,0.0
tema_slope-GC-tf5|asia|,tema_slope-GC-tf5-asia,tema_slope,GC,False,-33969.479166666664,0.010416666666666666,-40.82716744913928,False,832.03125,-2132894.0,-1128176.0,41671,38204,False,False,False,0.0,0.0
tema_slope-GC-tf5|eve|,tema_slope-GC-tf5-eve,tema_slope,GC,False,-32195.166666666668,0.0,-29.18156239968276,False,1103.2708333333333,-2361060.0,-729676.0,54300,51614,False,False,False,0.0,0.0
tema_slope-GC-tf5|london|,tema_slope-GC-tf5-london,tema_slope,GC,False,-26169.229166666668,0.010416666666666666,-22.20200788306202,False,1178.6875,-1963832.0,-548414.0,57943,55211,False,False,False,0.0,0.0
tema_slope-GC-tf5|mid|,tema_slope-GC-tf5-mid,tema_slope,GC,False,-25971.625,0.0,-31.31508810711011,False,829.3645833333334,-1919816.0,-573460.0,38564,41055,False,False,False,0.0,0.0
tema_slope-GC-tf5|nyam|,tema_slope-GC-tf5-nyam,tema_slope,GC,False,-20845.541666666668,0.09375,-24.91405948483,False,836.6979166666666,-1477724.0,-523448.0,42531,37792,False,False,False,0.0,0.0
tema_slope-GC-tf5|pm|,tema_slope-GC-tf5-pm,tema_slope,GC,False,-27601.020833333332,0.0,-35.88820565608408,False,769.0833333333334,-2086108.0,-563590.0,38742,35090,False,False,False,0.0,0.0
tema_slope-GC-tf5|pre|,tema_slope-GC-tf5-pre,tema_slope,GC,False,-14545.104166666666,0.03125,-22.167486902682967,False,656.1458333333334,-1353548.0,-42782.0,31192,31798,False,False,False,0.0,0.0
tema_slope-NQ-tf15|asia|,tema_slope-NQ-tf15-asia,tema_slope,NQ,False,-8279.510416666666,0.21875,-22.391554215849226,False,369.7604166666667,-272094.0,-522739.0,18441,17056,False,False,False,0.003,0.4230769230769231
tema_slope-NQ-tf15|eve|,tema_slope-NQ-tf15-eve,tema_slope,NQ,True,15474.0,0.7083333333333334,20.04620533304545,False,771.9166666666666,848666.0,636838.0,37351,36753,True,False,True,0.009,0.38461538461538464
tema_slope-NQ-tf15|london|,tema_slope-NQ-tf15-london,tema_slope,NQ,False,-29730.875,0.09375,-28.405011892795653,False,1046.6770833333333,-411267.0,-2442897.0,49403,51078,False,False,False,0.0,0.4230769230769231
tema_slope-NQ-tf15|mid|,tema_slope-NQ-tf15-mid,tema_slope,NQ,False,609.15625,0.5520833333333334,0.9411755238677697,False,647.2291666666666,-240563.0,299042.0,32292,29842,False,False,True,0.002,0.38461538461538464
tema_slope-NQ-tf15|nyam|,tema_slope-NQ-tf15-nyam,tema_slope,NQ,False,637.28125,0.4791666666666667,1.039681190945551,False,612.9583333333334,-139573.0,200752.0,30362,28482,False,False,False,0.011,0.38461538461538464
tema_slope-NQ-tf15|pm|,tema_slope-NQ-tf15-pm,tema_slope,NQ,False,-4200.760416666667,0.3645833333333333,-6.408584550351995,False,655.4895833333334,299147.0,-702420.0,30762,32165,False,False,False,0.0,0.4230769230769231
tema_slope-NQ-tf15|pre|,tema_slope-NQ-tf15-pre,tema_slope,NQ,True,22371.25,0.84375,55.928125,False,400.0,1952181.0,195459.0,18916,19484,True,True,True,0.342,0.38461538461538464
tema_slope-NQ-tf1|asia|,tema_slope-NQ-tf1-asia,tema_slope,NQ,False,-3927.875,0.3958333333333333,-3.322284777839452,False,1182.28125,536001.0,-913077.0,57601,55898,False,False,False,0.0,0.4230769230769231
tema_slope-NQ-tf1|eve|,tema_slope-NQ-tf1-eve,tema_slope,NQ,False,-18833.083333333332,0.16666666666666666,-14.596460634244009,False,1290.25,-1315258.0,-492718.0,64722,59142,False,False,False,0.0,0.4230769230769231
tema_slope-NQ-tf1|london|,tema_slope-NQ-tf1-london,tema_slope,NQ,False,-3949.15625,0.3854166666666667,-2.717387253074916,False,1453.2916666666667,1150590.0,-1529709.0,69350,70166,False,False,False,0.0,0.4230769230769231
tema_slope-NQ-tf1|mid|,tema_slope-NQ-tf1-mid,tema_slope,NQ,False,-14878.041666666666,0.22916666666666666,-10.215000393354455,False,1456.4895833333333,1051638.0,-2479930.0,70388,69435,False,False,False,0.0,0.4230769230769231
tema_slope-NQ-tf1|nyam|,tema_slope-NQ-tf1-nyam,tema_slope,NQ,False,-22068.802083333332,0.16666666666666666,-14.514472647552495,False,1520.46875,-772908.0,-1345697.0,73192,72773,False,False,False,0.0,0.4230769230769231
tema_slope-NQ-tf1|pm|,tema_slope-NQ-tf1-pm,tema_slope,NQ,False,-52640.145833333336,0.010416666666666666,-36.16558959715453,False,1455.53125,-603895.0,-4449559.0,66570,73161,False,False,False,0.0,0.4230769230769231
tema_slope-NQ-tf1|pre|,tema_slope-NQ-tf1-pre,tema_slope,NQ,False,8046.427083333333,0.3958333333333333,7.005014872315728,False,1148.6666666666667,205912.0,566545.0,54852,55420,True,False,False,0.0,0.38461538461538464
tema_slope-NQ-tf30|eve|,tema_slope-NQ-tf30-eve,tema_slope,NQ,True,19972.052083333332,0.8645833333333334,58.728734646368736,False,340.0729166666667,1755067.0,162250.0,17952,14695,True,True,True,0.375,0.38461538461538464
tema_slope-NQ-tf30|london|,tema_slope-NQ-tf30-london,tema_slope,NQ,False,-13950.395833333334,0.23958333333333334,-20.918403048951923,False,666.8958333333334,-342867.0,-996371.0,31373,32649,False,False,False,0.0,0.4230769230769231
tema_slope-NQ-tf30|mid|,tema_slope-NQ-tf30-mid,tema_slope,NQ,True,7346.375,0.625,21.52323984496597,False,341.3229166666667,662492.0,42760.0,17412,15355,True,True,True,0.096,0.38461538461538464
tema_slope-NQ-tf30|nyam|,tema_slope-NQ-tf30-nyam,tema_slope,NQ,False,-600.8854166666666,0.40625,-1.748295196241855,False,343.6979166666667,-933087.0,875402.0,17438,15557,False,False,False,0.044,0.4230769230769231
tema_slope-NQ-tf30|pm|,tema_slope-NQ-tf30-pm,tema_slope,NQ,True,3051.6145833333335,0.6875,8.516133720930233,False,358.3333333333333,304879.0,-11924.0,17529,16871,False,False,True,0.009,0.38461538461538464
tema_slope-NQ-tf30|pre|,tema_slope-NQ-tf30-pre,tema_slope,NQ,True,23991.958333333332,0.9375,87.38250246604447,True,274.5625,1226406.0,1076822.0,11771,14587,True,True,True,0.643,0.38461538461538464
tema_slope-NQ-tf5|asia|,tema_slope-NQ-tf5-asia,tema_slope,NQ,False,-15881.520833333334,0.20833333333333334,-17.83417749652002,False,890.5104166666666,-33435.0,-1491191.0,41385,44104,False,False,False,0.0,0.4230769230769231
tema_slope-NQ-tf5|eve|,tema_slope-NQ-tf5-eve,tema_slope,NQ,False,9762.614583333334,0.5520833333333334,8.544490636908995,False,1142.5625,18092.0,919119.0,54612,55074,True,False,True,0.0,0.38461538461538464
tema_slope-NQ-tf5|london|,tema_slope-NQ-tf5-london,tema_slope,NQ,False,-15314.510416666666,0.19791666666666666,-11.623733021299474,False,1317.5208333333333,-690234.0,-779959.0,62056,64426,False,False,False,0.0,0.4230769230769231
tema_slope-NQ-tf5|mid|,tema_slope-NQ-tf5-mid,tema_slope,NQ,False,-20851.0625,0.19791666666666666,-18.659886457915785,False,1117.4270833333333,-247230.0,-1754472.0,54335,52938,False,False,False,0.0,0.4230769230769231
tema_slope-NQ-tf5|nyam|,tema_slope-NQ-tf5-nyam,tema_slope,NQ,False,-7966.541666666667,0.3645833333333333,-7.279743377404647,False,1094.34375,-827602.0,62814.0,54563,50494,False,False,False,0.0,0.4230769230769231
tema_slope-NQ-tf5|pm|,tema_slope-NQ-tf5-pm,tema_slope,NQ,False,-37311.614583333336,0.010416666666666666,-33.34961128439086,False,1118.8020833333333,-815228.0,-2766687.0,51092,56313,False,False,False,0.0,0.4230769230769231
tema_slope-NQ-tf5|pre|,tema_slope-NQ-tf5-pre,tema_slope,NQ,False,7460.958333333333,0.34375,11.399477973007384,False,654.5,586872.0,129380.0,30917,31915,True,False,False,0.013,0.38461538461538464
tod_drift-ES-tf15|asia|dir=long,tod_drift-ES-tf15-asia:dir=long,tod_drift,ES,False,-19236.016129032258,0.0,-33.688294446641436,False,571.0,-596316.5,0.0,17701,0,False,False,False,0.0,0.0
tod_drift-ES-tf15|asia|dir=short,tod_drift-ES-tf15-asia:dir=short,tod_drift,ES,False,-14764.859375,0.0,-25.857897329246935,False,571.0,0.0,-472475.5,0,18272,False,False,False,0.0,0.0
tod_drift-ES-tf15|eve|dir=long,tod_drift-ES-tf15-eve:dir=long,tod_drift,ES,False,-30359.833333333332,0.0,-53.16958552247519,False,571.0,-910795.0,0.0,17130,0,False,False,False,0.0,0.0
tod_drift-ES-tf15|eve|dir=short,tod_drift-ES-tf15-eve:dir=short,tod_drift,ES,False,-9700.015625,0.0,-16.98776816987741,False,571.0,0.0,-310400.5,0,18272,False,False,False,0.0,0.0
tod_drift-ES-tf15|london|dir=long,tod_drift-ES-tf15-london:dir=long,tod_drift,ES,False,-12590.150793650793,0.03968253968253968,-22.04930086453729,False,571.0,-1586359.0,0.0,71946,0,False,False,False,0.0,0.0
tod_drift-ES-tf15|london|dir=short,tod_drift-ES-tf15-london:dir=short,tod_drift,ES,False,-21405.09375,0.0,-37.487029334500875,False,571.0,0.0,-2739852.0,0,73088,False,False,False,0.0,0.0
tod_drift-ES-tf15|mid|dir=long,tod_drift-ES-tf15-mid:dir=long,tod_drift,ES,False,-18712.455284552845,0.008130081300813009,-32.77137527942705,False,571.0,-2301632.0,0.0,70233,0,False,False,False,0.0,0.0
tod_drift-ES-tf15|mid|dir=short,tod_drift-ES-tf15-mid:dir=short,tod_drift,ES,False,-18531.6814516129,0.06451612903225806,-32.454783628043614,False,571.0,0.0,-2297928.5,0,70804,False,False,False,0.0,0.0
tod_drift-ES-tf15|nyam|dir=long,tod_drift-ES-tf15-nyam:dir=long,tod_drift,ES,False,-16732.511904761905,0.06349206349206349,-29.30387373863731,False,571.0,-2108296.5,0.0,71946,0,False,False,False,0.0,0.0
tod_drift-ES-tf15|nyam|dir=short,tod_drift-ES-tf15-nyam:dir=short,tod_drift,ES,False,-18274.0390625,0.0,-32.00357103765324,False,571.0,0.0,-2339077.0,0,73088,False,False,False,0.0,0.0
tod_drift-ES-tf15|pm|dir=long,tod_drift-ES-tf15-pm:dir=long,tod_drift,ES,False,-3484.30859375,0.3671875,-6.145165068342152,False,567.0,-445991.5,0.0,72576,0,False,False,False,0.0,0.0
tod_drift-ES-tf15|pm|dir=short,tod_drift-ES-tf15-pm:dir=short,tod_drift,ES,False,-26984.69921875,0.0,-47.59206211419753,False,567.0,0.0,-3454041.5,0,72576,False,False,False,0.0,0.0
tod_drift-ES-tf15|pre|dir=long,tod_drift-ES-tf15-pre:dir=long,tod_drift,ES,False,-23987.515625,0.0,-42.00965958844133,False,571.0,-2302801.5,0.0,54816,0,False,False,False,0.0,0.0
tod_drift-ES-tf15|pre|dir=short,tod_drift-ES-tf15-pre:dir=short,tod_drift,ES,False,-20717.723958333332,0.0,-36.28322934909515,False,571.0,0.0,-1988901.5,0,54816,False,False,False,0.0,0.0
tod_drift-ES-tf1|asia|dir=long,tod_drift-ES-tf1-asia:dir=long,tod_drift,ES,False,-15019.833333333334,0.0,-26.304436660828955,False,571.0,-1126487.5,0.0,42825,0,False,False,False,0.0,0.0
tod_drift-ES-tf1|asia|dir=short,tod_drift-ES-tf1-asia:dir=short,tod_drift,ES,False,-18492.680555555555,0.0,-32.38648083284686,False,571.0,0.0,-1331473.0,0,41112,False,False,False,0.0,0.0
tod_drift-ES-tf1|eve|dir=long,tod_drift-ES-tf1-eve:dir=long,tod_drift,ES,False,-16826.563291139242,0.0,-29.46858719989359,False,571.0,-1329298.5,0.0,45109,0,False,False,False,0.0,0.0
tod_drift-ES-tf1|eve|dir=short,tod_drift-ES-tf1-eve:dir=short,tod_drift,ES,False,-16532.529411764706,0.0,-28.953641701864633,False,571.0,0.0,-1124212.0,0,38828,False,False,False,0.0,0.0
tod_drift-ES-tf1|london|dir=long,tod_drift-ES-tf1-london:dir=long,tod_drift,ES,False,-16780.344339622643,0.0,-29.38764332683475,False,571.0,-1778716.5,0.0,60526,0,False,False,False,0.0,0.0
tod_drift-ES-tf1|london|dir=short,tod_drift-ES-tf1-london:dir=short,tod_drift,ES,False,-16089.963302752294,0.0,-28.178569707096838,False,571.0,0.0,-1753806.0,0,62239,False,False,False,0.0,0.0
tod_drift-ES-tf1|mid|dir=long,tod_drift-ES-tf1-mid:dir=long,tod_drift,ES,False,-20604.3125,0.0,-36.08461033274956,False,571.0,-2307683.0,0.0,63952,0,False,False,False,0.0,0.0
tod_drift-ES-tf1|mid|dir=short,tod_drift-ES-tf1-mid:dir=short,tod_drift,ES,False,-15439.619266055046,0.0,-27.03961342566558,False,571.0,0.0,-1682918.5,0,62239,False,False,False,0.0,0.0
tod_drift-ES-tf1|nyam|dir=long,tod_drift-ES-tf1-nyam:dir=long,tod_drift,ES,False,-18180.590909090908,0.05785123966942149,-31.83991402642891,False,571.0,-2199851.5,0.0,69091,0,False,False,False,0.0,0.0
tod_drift-ES-tf1|nyam|dir=short,tod_drift-ES-tf1-nyam:dir=short,tod_drift,ES,False,-18274.061475409835,0.03278688524590164,-32.003610289684474,False,571.0,0.0,-2229435.5,0,69662,False,False,False,0.0,0.0
tod_drift-ES-tf1|pm|dir=long,tod_drift-ES-tf1-pm:dir=long,tod_drift,ES,False,-17078.14344262295,0.0,-30.12018243848845,False,567.0,-2083533.5,0.0,69174,0,False,False,False,0.0,0.0
tod_drift-ES-tf1|pm|dir=short,tod_drift-ES-tf1-pm:dir=short,tod_drift,ES,False,-18036.26923076923,0.0,-31.809998643331976,False,567.0,0.0,-2110243.5,0,66339,False,False,False,0.0,0.0
tod_drift-ES-tf1|pre|dir=long,tod_drift-ES-tf1-pre:dir=long,tod_drift,ES,False,-18923.367816091955,0.0,-33.14074924009099,False,571.0,-1646333.0,0.0,49677,0,False,False,False,0.0,0.0
tod_drift-ES-tf1|pre|dir=short,tod_drift-ES-tf1-pre:dir=short,tod_drift,ES,False,-15286.586206896553,0.0,-26.771604565493085,False,571.0,0.0,-1329933.0,0,49677,False,False,False,0.0,0.0
tod_drift-ES-tf30|london|dir=long,tod_drift-ES-tf30-london:dir=long,tod_drift,ES,False,-11451.3,0.04,-20.054816112084062,False,571.0,-1431412.5,0.0,71375,0,False,False,False,0.0,0.0
tod_drift-ES-tf30|london|dir=short,tod_drift-ES-tf30-london:dir=short,tod_drift,ES,False,-24298.35546875,0.0,-42.554037598511385,False,571.0,0.0,-3110189.5,0,73088,False,False,False,0.0,0.0
tod_drift-ES-tf30|mid|dir=long,tod_drift-ES-tf30-mid:dir=long,tod_drift,ES,False,-13318.94094488189,0.08661417322834646,-23.32564088420646,False,571.0,-1691505.5,0.0,72517,0,False,False,False,0.0,0.0
tod_drift-ES-tf30|mid|dir=short,tod_drift-ES-tf30-mid:dir=short,tod_drift,ES,False,-22301.65873015873,0.0,-39.05719567453368,False,571.0,0.0,-2810009.0,0,71946,False,False,False,0.0,0.0
tod_drift-ES-tf30|nyam|dir=long,tod_drift-ES-tf30-nyam:dir=long,tod_drift,ES,False,-15449.33203125,0.1015625,-27.056623522329247,False,571.0,-1977514.5,0.0,73088,0,False,False,False,0.0,0.0
tod_drift-ES-tf30|nyam|dir=short,tod_drift-ES-tf30-nyam:dir=short,tod_drift,ES,False,-16442.984375,0.0703125,-28.79682027145359,False,571.0,0.0,-2104702.0,0,73088,False,False,False,0.0,0.0
tod_drift-ES-tf30|pm|dir=long,tod_drift-ES-tf30-pm:dir=long,tod_drift,ES,False,-5252.375,0.2890625,-9.263447971781305,False,567.0,-672304.0,0.0,72576,0,False,False,False,0.0,0.0
tod_drift-ES-tf30|pm|dir=short,tod_drift-ES-tf30-pm:dir=short,tod_drift,ES,False,-23714.58203125,0.0078125,-41.82465966710758,False,567.0,0.0,-3035466.5,0,72576,False,False,False,0.0,0.0
tod_drift-ES-tf30|pre|dir=long,tod_drift-ES-tf30-pre:dir=long,tod_drift,ES,False,-25692.59375,0.0,-44.995785901926446,False,571.0,-2466489.0,0.0,54816,0,False,False,False,0.0,0.0
tod_drift-ES-tf30|pre|dir=short,tod_drift-ES-tf30-pre:dir=short,tod_drift,ES,False,-15628.270833333334,0.08333333333333333,-27.370001459427904,False,571.0,0.0,-1500314.0,0,54816,False,False,False,0.0,0.0
tod_drift-ES-tf5|asia|dir=long,tod_drift-ES-tf5-asia:dir=long,tod_drift,ES,False,-12627.030120481928,0.0,-22.127428004391522,False,570.6506024096385,-1048043.5,0.0,47364,0,False,False,False,0.0,0.0
tod_drift-ES-tf5|asia|dir=short,tod_drift-ES-tf5-asia:dir=short,tod_drift,ES,False,-22092.030487804877,0.0,-38.7115672279682,False,570.6829268292682,0.0,-1811546.5,0,46796,False,False,False,0.0,0.0
tod_drift-ES-tf5|eve|dir=long,tod_drift-ES-tf5-eve:dir=long,tod_drift,ES,False,-17502.14024390244,0.0,-30.651734227499894,False,571.0,-1435175.5,0.0,46822,0,False,False,False,0.0,0.0
tod_drift-ES-tf5|eve|dir=short,tod_drift-ES-tf5-eve:dir=short,tod_drift,ES,False,-15401.113095238095,0.0,-26.97217704945376,False,571.0,0.0,-1293693.5,0,47964,False,False,False,0.0,0.0
tod_drift-ES-tf5|london|dir=long,tod_drift-ES-tf5-london:dir=long,tod_drift,ES,False,-17375.9,0.0,-30.43064798598949,False,571.0,-2171987.5,0.0,71375,0,False,False,False,0.0,0.0
tod_drift-ES-tf5|london|dir=short,tod_drift-ES-tf5-london:dir=short,tod_drift,ES,False,-14617.66935483871,0.0,-25.60012146206429,False,571.0,0.0,-1812591.0,0,70804,False,False,False,0.0,0.0
tod_drift-ES-tf5|mid|dir=long,tod_drift-ES-tf5-mid:dir=long,tod_drift,ES,False,-16649.289256198346,0.04132231404958678,-29.158124791941063,False,571.0,-2014564.0,0.0,69091,0,False,False,False,0.0,0.0
tod_drift-ES-tf5|mid|dir=short,tod_drift-ES-tf5-mid:dir=short,tod_drift,ES,False,-19716.762096774193,0.04032258064516129,-34.53023134286199,False,571.0,0.0,-2444878.5,0,70804,False,False,False,0.0,0.0
tod_drift-ES-tf5|nyam|dir=long,tod_drift-ES-tf5-nyam:dir=long,tod_drift,ES,False,-17403.354838709678,0.13709677419354838,-30.478730015253376,False,571.0,-2158016.0,0.0,70804,0,False,False,False,0.0,0.0
tod_drift-ES-tf5|nyam|dir=short,tod_drift-ES-tf5-nyam:dir=short,tod_drift,ES,False,-19892.858267716536,0.023622047244094488,-34.83863094171022,False,571.0,0.0,-2526393.0,0,72517,False,False,False,0.0,0.0
tod_drift-ES-tf5|pm|dir=long,tod_drift-ES-tf5-pm:dir=long,tod_drift,ES,False,-14445.36220472441,0.07086614173228346,-25.476829285228234,False,567.0,-1834561.0,0.0,72009,0,False,False,False,0.0,0.0
tod_drift-ES-tf5|pm|dir=short,tod_drift-ES-tf5-pm:dir=short,tod_drift,ES,False,-23910.42125984252,0.0,-42.17005513199739,False,567.0,0.0,-3036623.5,0,72009,False,False,False,0.0,0.0
tod_drift-ES-tf5|pre|dir=long,tod_drift-ES-tf5-pre:dir=long,tod_drift,ES,False,-24711.34375,0.0,-43.27730954465849,False,571.0,-2372289.0,0.0,54816,0,False,False,False,0.0,0.0
tod_drift-ES-tf5|pre|dir=short,tod_drift-ES-tf5-pre:dir=short,tod_drift,ES,False,-11454.967741935483,0.0,-20.061239477995592,False,571.0,0.0,-1065312.0,0,53103,False,False,False,0.0,0.0
tod_drift-GC-tf15|asia|dir=long,tod_drift-GC-tf15-asia:dir=long,tod_drift,GC,False,-13424.0625,0.0,-23.759402654867255,False,565.0,-429570.0,0.0,18080,0,False,False,False,0.0,0.0
tod_drift-GC-tf15|asia|dir=short,tod_drift-GC-tf15-asia:dir=short,tod_drift,GC,False,-15160.0,0.0,-26.831858407079647,False,565.0,0.0,-469960.0,0,17515,False,False,False,0.0,0.0
tod_drift-GC-tf15|eve|dir=long,tod_drift-GC-tf15-eve:dir=long,tod_drift,GC,False,-12328.387096774193,0.0,-21.820154153582642,False,565.0,-382180.0,0.0,17515,0,False,False,False,0.0,0.0
tod_drift-GC-tf15|eve|dir=short,tod_drift-GC-tf15-eve:dir=short,tod_drift,GC,False,-15884.516129032258,0.0,-28.114187838995147,False,565.0,0.0,-492420.0,0,17515,False,False,False,0.0,0.0
tod_drift-GC-tf15|london|dir=long,tod_drift-GC-tf15-london:dir=long,tod_drift,GC,False,-19065.555555555555,0.0,-33.74434611602753,False,565.0,-2402260.0,0.0,71190,0,False,False,False,0.0,0.0
tod_drift-GC-tf15|london|dir=short,tod_drift-GC-tf15-london:dir=short,tod_drift,GC,False,-11382.047244094489,0.03937007874015748,-20.14521636122918,False,565.0,0.0,-1445520.0,0,71755,False,False,False,0.0,0.0
tod_drift-GC-tf15|mid|dir=long,tod_drift-GC-tf15-mid:dir=long,tod_drift,GC,False,-17789.396551724138,0.0,-31.48565761367104,False,565.0,-2063570.0,0.0,65540,0,False,False,False,0.0,0.0
tod_drift-GC-tf15|mid|dir=short,tod_drift-GC-tf15-mid:dir=short,tod_drift,GC,False,-9469.83606557377,0.0,-16.7607717974757,False,565.0,0.0,-1155320.0,0,68930,False,False,False,0.0,0.0
tod_drift-GC-tf15|nyam|dir=long,tod_drift-GC-tf15-nyam:dir=long,tod_drift,GC,False,-10028.75,0.078125,-17.75,False,565.0,-1283680.0,0.0,72320,0,False,False,False,0.0,0.0
tod_drift-GC-tf15|nyam|dir=short,tod_drift-GC-tf15-nyam:dir=short,tod_drift,GC,False,-16344.094488188977,0.0,-28.927600864051286,False,565.0,0.0,-2075700.0,0,71755,False,False,False,0.0,0.0
tod_drift-GC-tf15|pm|dir=long,tod_drift-GC-tf15-pm:dir=long,tod_drift,GC,False,-18118.425196850392,0.0,-32.068009197965296,False,565.0,-2301040.0,0.0,71755,0,False,False,False,0.0,0.0
tod_drift-GC-tf15|pm|dir=short,tod_drift-GC-tf15-pm:dir=short,tod_drift,GC,False,-8955.44,0.0,-15.850336283185841,False,565.0,0.0,-1119430.0,0,70625,False,False,False,0.0,0.0
tod_drift-GC-tf15|pre|dir=long,tod_drift-GC-tf15-pre:dir=long,tod_drift,GC,False,-17877.1875,0.010416666666666666,-31.64103982300885,False,565.0,-1716210.0,0.0,54240,0,False,False,False,0.0,0.0
tod_drift-GC-tf15|pre|dir=short,tod_drift-GC-tf15-pre:dir=short,tod_drift,GC,False,-2702.1875,0.375,-4.782632743362832,False,565.0,0.0,-259410.0,0,54240,False,False,False,0.0,0.0
tod_drift-GC-tf1|asia|dir=long,tod_drift-GC-tf1-asia:dir=long,tod_drift,GC,False,-14580.0,0.0,-25.805309734513273,False,565.0,-845640.0,0.0,32770,0,False,False,False,0.0,0.0
tod_drift-GC-tf1|asia|dir=short,tod_drift-GC-tf1-asia:dir=short,tod_drift,GC,False,-13195.576923076924,0.0,-23.35500340367597,False,565.0,0.0,-686170.0,0,29380,False,False,False,0.0,0.0
tod_drift-GC-tf1|eve|dir=long,tod_drift-GC-tf1-eve:dir=long,tod_drift,GC,False,-15386.805555555555,0.0,-27.23328416912488,False,565.0,-1107850.0,0.0,40680,0,False,False,False,0.0,0.0
tod_drift-GC-tf1|eve|dir=short,tod_drift-GC-tf1-eve:dir=short,tod_drift,GC,False,-11702.592592592593,0.0,-20.71255326122583,False,565.0,0.0,-947910.0,0,45765,False,False,False,0.0,0.0
tod_drift-GC-tf1|london|dir=long,tod_drift-GC-tf1-london:dir=long,tod_drift,GC,False,-13715.061728395061,0.0,-24.27444553698241,False,565.0,-1110920.0,0.0,45765,0,False,False,False,0.0,0.0
tod_drift-GC-tf1|london|dir=short,tod_drift-GC-tf1-london:dir=short,tod_drift,GC,False,-13470.752688172042,0.0,-23.842040156056715,False,565.0,0.0,-1252780.0,0,52545,False,False,False,0.0,0.0
tod_drift-GC-tf1|mid|dir=long,tod_drift-GC-tf1-mid:dir=long,tod_drift,GC,False,-16907.319587628866,0.0,-29.924459447130737,False,565.0,-1640010.0,0.0,54805,0,False,False,False,0.0,0.0
tod_drift-GC-tf1|mid|dir=short,tod_drift-GC-tf1-mid:dir=short,tod_drift,GC,False,-10981.862745098038,0.0,-19.4369252125629,False,565.0,0.0,-1120150.0,0,57630,False,False,False,0.0,0.0
tod_drift-GC-tf1|nyam|dir=long,tod_drift-GC-tf1-nyam:dir=long,tod_drift,GC,False,-12018.938053097345,0.0,-21.272456731145745,False,565.0,-1358140.0,0.0,63845,0,False,False,False,0.0,0.0
tod_drift-GC-tf1|nyam|dir=short,tod_drift-GC-tf1-nyam:dir=short,tod_drift,GC,False,-15251.04347826087,0.0,-26.992997306656406,False,565.0,0.0,-1753870.0,0,64975,False,False,False,0.0,0.0
tod_drift-GC-tf1|pm|dir=long,tod_drift-GC-tf1-pm:dir=long,tod_drift,GC,False,-12675.338983050848,0.0,-22.434228288585572,False,565.0,-1495690.0,0.0,66670,0,False,False,False,0.0,0.0
tod_drift-GC-tf1|pm|dir=short,tod_drift-GC-tf1-pm:dir=short,tod_drift,GC,False,-14091.862745098038,0.0,-24.941349991323964,False,565.0,0.0,-1437370.0,0,57630,False,False,False,0.0,0.0
tod_drift-GC-tf1|pre|dir=long,tod_drift-GC-tf1-pre:dir=long,tod_drift,GC,False,-14536.630434782608,0.0,-25.72854944209311,False,565.0,-1337370.0,0.0,51980,0,False,False,False,0.0,0.0
tod_drift-GC-tf1|pre|dir=short,tod_drift-GC-tf1-pre:dir=short,tod_drift,GC,False,-11783.720930232557,0.0,-20.85614323934966,False,565.0,0.0,-1013400.0,0,48590,False,False,False,0.0,0.0
tod_drift-GC-tf30|london|dir=long,tod_drift-GC-tf30-london:dir=long,tod_drift,GC,False,-13682.983870967742,0.0,-24.2176705680845,False,565.0,-1696690.0,0.0,70060,0,False,False,False,0.0,0.0
tod_drift-GC-tf30|london|dir=short,tod_drift-GC-tf30-london:dir=short,tod_drift,GC,False,-15845.2,0.0,-28.044601769911505,False,565.0,0.0,-1980650.0,0,70625,False,False,False,0.0,0.0
tod_drift-GC-tf30|mid|dir=long,tod_drift-GC-tf30-mid:dir=long,tod_drift,GC,False,-17908.88888888889,0.0,-31.697148475909536,False,565.0,-2256520.0,0.0,71190,0,False,False,False,0.0,0.0
tod_drift-GC-tf30|mid|dir=short,tod_drift-GC-tf30-mid:dir=short,tod_drift,GC,False,-7786.991869918699,0.056910569105691054,-13.782286495431325,False,565.0,0.0,-957800.0,0,69495,False,False,False,0.0,0.0
tod_drift-GC-tf30|nyam|dir=long,tod_drift-GC-tf30-nyam:dir=long,tod_drift,GC,False,-10255.1968503937,0.1732283464566929,-18.15079088565257,False,565.0,-1302410.0,0.0,71755,0,False,False,False,0.0,0.0
tod_drift-GC-tf30|nyam|dir=short,tod_drift-GC-tf30-nyam:dir=short,tod_drift,GC,False,-13504.354838709678,0.0,-23.901512988866685,False,565.0,0.0,-1674540.0,0,70060,False,False,False,0.0,0.0
tod_drift-GC-tf30|pm|dir=long,tod_drift-GC-tf30-pm:dir=long,tod_drift,GC,False,-19795.196850393702,0.0,-35.03574663786496,False,565.0,-2513990.0,0.0,71755,0,False,False,False,0.0,0.0
tod_drift-GC-tf30|pm|dir=short,tod_drift-GC-tf30-pm:dir=short,tod_drift,GC,False,-6332.3140495867765,0.024793388429752067,-11.207635485994295,False,565.0,0.0,-766210.0,0,68365,False,False,False,0.0,0.0
tod_drift-GC-tf30|pre|dir=long,tod_drift-GC-tf30-pre:dir=long,tod_drift,GC,False,-17015.625,0.07291666666666667,-30.116150442477878,False,565.0,-1633500.0,0.0,54240,0,False,False,False,0.0,0.0
tod_drift-GC-tf30|pre|dir=short,tod_drift-GC-tf30-pre:dir=short,tod_drift,GC,False,-3125.1041666666665,0.3541666666666667,-5.531157817109144,False,565.0,0.0,-300010.0,0,54240,False,False,False,0.0,0.0
tod_drift-GC-tf5|asia|dir=long,tod_drift-GC-tf5-asia:dir=long,tod_drift,GC,False,-13988.303797468354,0.0,-24.772489856307022,False,564.6708860759494,-1105076.0,0.0,44609,0,False,False,False,0.0,0.0
tod_drift-GC-tf5|asia|dir=short,tod_drift-GC-tf5-asia:dir=short,tod_drift,GC,False,-14823.636363636364,0.0,-26.251609935602577,False,564.6753246753246,0.0,-1141420.0,0,43480,False,False,False,0.0,0.0
tod_drift-GC-tf5|eve|dir=long,tod_drift-GC-tf5-eve:dir=long,tod_drift,GC,False,-18036.964705882354,0.0,-32.159545235248466,False,560.8588235294118,-1533142.0,0.0,47673,0,False,False,False,0.0,0.0
tod_drift-GC-tf5|eve|dir=short,tod_drift-GC-tf5-eve:dir=short,tod_drift,GC,False,-10270.114942528735,0.0,-18.30005120327701,False,561.2068965517242,0.0,-893500.0,0,48825,False,False,False,0.0,0.0
tod_drift-GC-tf5|london|dir=long,tod_drift-GC-tf5-london:dir=long,tod_drift,GC,False,-14374.237288135593,0.0,-25.44112794360282,False,565.0,-1696160.0,0.0,66670,0,False,False,False,0.0,0.0
tod_drift-GC-tf5|london|dir=short,tod_drift-GC-tf5-london:dir=short,tod_drift,GC,False,-13587.416666666666,0.0,-24.048525073746312,False,565.0,0.0,-1630490.0,0,67800,False,False,False,0.0,0.0
tod_drift-GC-tf5|mid|dir=long,tod_drift-GC-tf5-mid:dir=long,tod_drift,GC,False,-15743.125,0.0,-27.863938053097346,False,565.0,-1763230.0,0.0,63280,0,False,False,False,0.0,0.0
tod_drift-GC-tf5|mid|dir=short,tod_drift-GC-tf5-mid:dir=short,tod_drift,GC,False,-12862.314049586777,0.0,-22.7651576098881,False,565.0,0.0,-1556340.0,0,68365,False,False,False,0.0,0.0
tod_drift-GC-tf5|nyam|dir=long,tod_drift-GC-tf5-nyam:dir=long,tod_drift,GC,False,-8977.063492063493,0.06349206349206349,-15.888607950554853,False,565.0,-1131110.0,0.0,71190,0,False,False,False,0.0,0.0
tod_drift-GC-tf5|nyam|dir=short,tod_drift-GC-tf5-nyam:dir=short,tod_drift,GC,False,-17700.238095238095,0.0,-31.32785503581964,False,565.0,0.0,-2230230.0,0,71190,False,False,False,0.0,0.0
tod_drift-GC-tf5|pm|dir=long,tod_drift-GC-tf5-pm:dir=long,tod_drift,GC,False,-15169.527559055117,0.0,-26.848721343460387,False,565.0,-1926530.0,0.0,71755,0,False,False,False,0.0,0.0
tod_drift-GC-tf5|pm|dir=short,tod_drift-GC-tf5-pm:dir=short,tod_drift,GC,False,-12943.781512605043,0.0,-22.90934780992043,False,565.0,0.0,-1540310.0,0,67235,False,False,False,0.0,0.0
tod_drift-GC-tf5|pre|dir=long,tod_drift-GC-tf5-pre:dir=long,tod_drift,GC,False,-16936.304347826088,0.0,-29.97575990765679,False,565.0,-1558140.0,0.0,51980,0,False,False,False,0.0,0.0
tod_drift-GC-tf5|pre|dir=short,tod_drift-GC-tf5-pre:dir=short,tod_drift,GC,False,-7877.263157894737,0.12631578947368421,-13.942058686539358,False,565.0,0.0,-748340.0,0,53675,False,False,False,0.0,0.0
tod_drift-NQ-tf15|asia|dir=long,tod_drift-NQ-tf15-asia:dir=long,tod_drift,NQ,False,-12431.838709677419,0.0,-21.887039981826444,False,568.0,-385387.0,0.0,17608,0,False,False,False,0.0,0.09803921568627451
tod_drift-NQ-tf15|asia|dir=short,tod_drift-NQ-tf15-asia:dir=short,tod_drift,NQ,False,-5761.84375,0.15625,-10.14409110915493,False,568.0,0.0,-184379.0,0,18176,False,False,False,0.0,0.09803921568627451
tod_drift-NQ-tf15|eve|dir=long,tod_drift-NQ-tf15-eve:dir=long,tod_drift,NQ,False,-25285.58064516129,0.0,-44.595380326563124,False,567.0,-783853.0,0.0,17577,0,False,False,False,0.0,0.09803921568627451
tod_drift-NQ-tf15|eve|dir=short,tod_drift-NQ-tf15-eve:dir=short,tod_drift,NQ,True,5102.625,0.75,8.999338624338625,False,567.0,0.0,163284.0,0,18144,True,False,True,0.0,0.0784313725490196
tod_drift-NQ-tf15|london|dir=long,tod_drift-NQ-tf15-london:dir=long,tod_drift,NQ,False,-892.7086614173228,0.48031496062992124,-1.5716701785516247,False,568.0,-113374.0,0.0,72136,0,False,False,False,0.0,0.09803921568627451
tod_drift-NQ-tf15|london|dir=short,tod_drift-NQ-tf15-london:dir=short,tod_drift,NQ,False,-11240.203125,0.1171875,-19.789090008802816,False,568.0,0.0,-1438746.0,0,72704,False,False,False,0.0,0.09803921568627451
tod_drift-NQ-tf15|mid|dir=long,tod_drift-NQ-tf15-mid:dir=long,tod_drift,NQ,False,-6168.30081300813,0.43089430894308944,-10.859684529943891,False,568.0,-758701.0,0.0,69864,0,False,False,False,0.0,0.09803921568627451
tod_drift-NQ-tf15|mid|dir=short,tod_drift-NQ-tf15-mid:dir=short,tod_drift,NQ,False,-17284.9435483871,0.24193548387096775,-30.43123864152658,False,568.0,0.0,-2143333.0,0,70432,False,False,False,0.0,0.09803921568627451
tod_drift-NQ-tf15|nyam|dir=long,tod_drift-NQ-tf15-nyam:dir=long,tod_drift,NQ,False,-5214.103174603175,0.4365079365079365,-9.179759110216857,False,568.0,-656977.0,0.0,71568,0,False,False,False,0.0,0.09803921568627451
tod_drift-NQ-tf15|nyam|dir=short,tod_drift-NQ-tf15-nyam:dir=short,tod_drift,NQ,False,-3697.078125,0.3828125,-6.508940360915493,False,568.0,0.0,-473226.0,0,72704,False,False,False,0.002,0.09803921568627451
tod_drift-NQ-tf15|pm|dir=long,tod_drift-NQ-tf15-pm:dir=long,tod_drift,NQ,True,14360.5625,0.796875,25.46199024822695,False,564.0,1838152.0,0.0,72192,0,True,False,True,0.025,0.0784313725490196
tod_drift-NQ-tf15|pm|dir=short,tod_drift-NQ-tf15-pm:dir=short,tod_drift,NQ,False,-32491.625,0.0078125,-57.60926418439716,False,564.0,0.0,-4158928.0,0,72192,False,False,False,0.0,0.09803921568627451
tod_drift-NQ-tf15|pre|dir=long,tod_drift-NQ-tf15-pre:dir=long,tod_drift,NQ,False,-10506.375,0.20833333333333334,-18.497139084507044,False,568.0,-1008612.0,0.0,54528,0,False,False,False,0.0,0.09803921568627451
tod_drift-NQ-tf15|pre|dir=short,tod_drift-NQ-tf15-pre:dir=short,tod_drift,NQ,False,-6911.583333333333,0.34375,-12.168280516431924,False,568.0,0.0,-663512.0,0,54528,False,False,False,0.001,0.09803921568627451
tod_drift-NQ-tf1|asia|dir=long,tod_drift-NQ-tf1-asia:dir=long,tod_drift,NQ,False,-4759.9375,0.025,-8.380171654929578,False,568.0,-380795.0,0.0,45440,0,False,False,False,0.0,0.09803921568627451
tod_drift-NQ-tf1|asia|dir=short,tod_drift-NQ-tf1-asia:dir=short,tod_drift,NQ,False,-11093.268656716418,0.0,-19.53040256464158,False,568.0,0.0,-743249.0,0,38056,False,False,False,0.0,0.09803921568627451
tod_drift-NQ-tf1|eve|dir=long,tod_drift-NQ-tf1-eve:dir=long,tod_drift,NQ,False,-8042.695121951219,0.0,-14.18464748139545,False,567.0,-659501.0,0.0,46494,0,False,False,False,0.0,0.09803921568627451
tod_drift-NQ-tf1|eve|dir=short,tod_drift-NQ-tf1-eve:dir=short,tod_drift,NQ,False,-7450.112676056338,0.0,-13.139528529199891,False,567.0,0.0,-528958.0,0,40257,False,False,False,0.0,0.09803921568627451
tod_drift-NQ-tf1|london|dir=long,tod_drift-NQ-tf1-london:dir=long,tod_drift,NQ,False,-9258.25,0.21296296296296297,-16.299735915492956,False,568.0,-999891.0,0.0,61344,0,False,False,False,0.0,0.09803921568627451
tod_drift-NQ-tf1|london|dir=short,tod_drift-NQ-tf1-london:dir=short,tod_drift,NQ,False,-4307.0,0.2727272727272727,-7.582746478873239,False,568.0,0.0,-473770.0,0,62480,False,False,False,0.0,0.09803921568627451
tod_drift-NQ-tf1|mid|dir=long,tod_drift-NQ-tf1-mid:dir=long,tod_drift,NQ,False,-15594.782608695652,0.06086956521739131,-27.45560318432333,False,568.0,-1793400.0,0.0,65320,0,False,False,False,0.0,0.09803921568627451
tod_drift-NQ-tf1|mid|dir=short,tod_drift-NQ-tf1-mid:dir=short,tod_drift,NQ,False,-3085.162393162393,0.26495726495726496,-5.431623931623932,False,568.0,0.0,-360964.0,0,66456,False,False,False,0.0,0.09803921568627451
tod_drift-NQ-tf1|nyam|dir=long,tod_drift-NQ-tf1-nyam:dir=long,tod_drift,NQ,False,-13119.909836065573,0.22950819672131148,-23.0984328099746,False,568.0,-1600629.0,0.0,69296,0,False,False,False,0.0,0.09803921568627451
tod_drift-NQ-tf1|nyam|dir=short,tod_drift-NQ-tf1-nyam:dir=short,tod_drift,NQ,False,-5941.206349206349,0.29365079365079366,-10.45987033310977,False,568.0,0.0,-748592.0,0,71568,False,False,False,0.0,0.09803921568627451
tod_drift-NQ-tf1|pm|dir=long,tod_drift-NQ-tf1-pm:dir=long,tod_drift,NQ,False,-7674.064516129032,0.0967741935483871,-13.606497369023106,False,564.0,-951584.0,0.0,69936,0,False,False,False,0.0,0.09803921568627451
tod_drift-NQ-tf1|pm|dir=short,tod_drift-NQ-tf1-pm:dir=short,tod_drift,NQ,False,-10448.899159663866,0.058823529411764705,-18.526416949758627,False,564.0,0.0,-1243419.0,0,67116,False,False,False,0.0,0.09803921568627451
tod_drift-NQ-tf1|pre|dir=long,tod_drift-NQ-tf1-pre:dir=long,tod_drift,NQ,False,-8743.123595505618,0.02247191011235955,-15.392823231523975,False,568.0,-778138.0,0.0,50552,0,False,False,False,0.0,0.09803921568627451
tod_drift-NQ-tf1|pre|dir=short,tod_drift-NQ-tf1-pre:dir=short,tod_drift,NQ,False,-7398.206896551724,0.034482758620689655,-13.025012141816415,False,568.0,0.0,-643644.0,0,49416,False,False,False,0.0,0.09803921568627451
tod_drift-NQ-tf30|london|dir=long,tod_drift-NQ-tf30-london:dir=long,tod_drift,NQ,False,-1821.5703125,0.390625,-3.2069899867957745,False,568.0,-233161.0,0.0,72704,0,False,False,False,0.0,0.09803921568627451
tod_drift-NQ-tf30|london|dir=short,tod_drift-NQ-tf30-london:dir=short,tod_drift,NQ,False,-12259.3046875,0.125,-21.583282900528168,False,568.0,0.0,-1569191.0,0,72704,False,False,False,0.0,0.09803921568627451
tod_drift-NQ-tf30|mid|dir=long,tod_drift-NQ-tf30-mid:dir=long,tod_drift,NQ,False,4331.849206349207,0.5952380952380952,7.626495081600716,False,568.0,545813.0,0.0,71568,0,True,False,True,0.006,0.0784313725490196
tod_drift-NQ-tf30|mid|dir=short,tod_drift-NQ-tf30-mid:dir=short,tod_drift,NQ,False,-24161.484126984127,0.10317460317460317,-42.53782416722557,False,568.0,0.0,-3044347.0,0,71568,False,False,False,0.0,0.09803921568627451
tod_drift-NQ-tf30|nyam|dir=long,tod_drift-NQ-tf30-nyam:dir=long,tod_drift,NQ,False,-3235.75,0.3671875,-5.696742957746479,False,568.0,-414176.0,0.0,72704,0,False,False,False,0.002,0.09803921568627451
tod_drift-NQ-tf30|nyam|dir=short,tod_drift-NQ-tf30-nyam:dir=short,tod_drift,NQ,False,-1576.1015625,0.484375,-2.7748266945422535,False,568.0,0.0,-201741.0,0,72704,False,False,False,0.004,0.09803921568627451
tod_drift-NQ-tf30|pm|dir=long,tod_drift-NQ-tf30-pm:dir=long,tod_drift,NQ,True,11783.609375,0.75,20.892924423758867,False,564.0,1508302.0,0.0,72192,0,True,True,True,0.031,0.0784313725490196
tod_drift-NQ-tf30|pm|dir=short,tod_drift-NQ-tf30-pm:dir=short,tod_drift,NQ,False,-27002.5625,0.0234375,-47.876883865248224,False,564.0,0.0,-3456328.0,0,72192,False,False,False,0.0,0.09803921568627451
tod_drift-NQ-tf30|pre|dir=long,tod_drift-NQ-tf30-pre:dir=long,tod_drift,NQ,False,-10555.541666666666,0.23958333333333334,-18.583700117370892,False,568.0,-1013332.0,0.0,54528,0,False,False,False,0.002,0.09803921568627451
tod_drift-NQ-tf30|pre|dir=short,tod_drift-NQ-tf30-pre:dir=short,tod_drift,NQ,False,3129.1458333333335,0.5104166666666666,5.5090595657277,False,568.0,0.0,300398.0,0,54528,True,False,True,0.016,0.0784313725490196
tod_drift-NQ-tf5|asia|dir=long,tod_drift-NQ-tf5-asia:dir=long,tod_drift,NQ,False,-481.7701149425287,0.6206896551724138,-0.8481868220819168,False,568.0,-41914.0,0.0,49416,0,False,False,False,0.0,0.09803921568627451
tod_drift-NQ-tf5|asia|dir=short,tod_drift-NQ-tf5-asia:dir=short,tod_drift,NQ,False,-16776.880952380954,0.0,-29.53676224010731,False,568.0,0.0,-1409258.0,0,47712,False,False,False,0.0,0.09803921568627451
tod_drift-NQ-tf5|eve|dir=long,tod_drift-NQ-tf5-eve:dir=long,tod_drift,NQ,False,-8819.444444444445,0.2111111111111111,-15.554575739760924,False,567.0,-793750.0,0.0,51030,0,False,False,False,0.0,0.09803921568627451
tod_drift-NQ-tf5|eve|dir=short,tod_drift-NQ-tf5-eve:dir=short,tod_drift,NQ,False,-5932.606741573034,0.25842696629213485,-10.463151219705527,False,567.0,0.0,-528002.0,0,50463,False,False,False,0.0,0.09803921568627451
tod_drift-NQ-tf5|london|dir=long,tod_drift-NQ-tf5-london:dir=long,tod_drift,NQ,False,-6186.8015873015875,0.31746031746031744,-10.892256315671808,False,568.0,-779537.0,0.0,71568,0,False,False,False,0.0,0.09803921568627451
tod_drift-NQ-tf5|london|dir=short,tod_drift-NQ-tf5-london:dir=short,tod_drift,NQ,False,-4488.532258064516,0.4112903225806452,-7.902345524761472,False,568.0,0.0,-556578.0,0,70432,False,False,False,0.0,0.09803921568627451
tod_drift-NQ-tf5|mid|dir=long,tod_drift-NQ-tf5-mid:dir=long,tod_drift,NQ,False,-4803.7213114754095,0.5081967213114754,-8.45725583006234,False,568.0,-586054.0,0.0,69296,0,False,False,False,0.0,0.09803921568627451
tod_drift-NQ-tf5|mid|dir=short,tod_drift-NQ-tf5-mid:dir=short,tod_drift,NQ,False,-14050.155737704918,0.2540983606557377,-24.736189679057954,False,568.0,0.0,-1714119.0,0,69296,False,False,False,0.0,0.09803921568627451
tod_drift-NQ-tf5|nyam|dir=long,tod_drift-NQ-tf5-nyam:dir=long,tod_drift,NQ,False,-13235.008130081302,0.2682926829268293,-23.301070651551587,False,568.0,-1627906.0,0.0,69864,0,False,False,False,0.0,0.09803921568627451
tod_drift-NQ-tf5|nyam|dir=short,tod_drift-NQ-tf5-nyam:dir=short,tod_drift,NQ,False,-5340.046875,0.4296875,-9.401490977112676,False,568.0,0.0,-683526.0,0,72704,False,False,False,0.0,0.09803921568627451
tod_drift-NQ-tf5|pm|dir=long,tod_drift-NQ-tf5-pm:dir=long,tod_drift,NQ,False,-1085.6062992125985,0.4645669291338583,-1.924833863852125,False,564.0,-137872.0,0.0,71628,0,False,False,False,0.0,0.09803921568627451
tod_drift-NQ-tf5|pm|dir=short,tod_drift-NQ-tf5-pm:dir=short,tod_drift,NQ,False,-22861.9375,0.0078125,-40.53535017730496,False,564.0,0.0,-2926328.0,0,72192,False,False,False,0.0,0.09803921568627451
tod_drift-NQ-tf5|pre|dir=long,tod_drift-NQ-tf5-pre:dir=long,tod_drift,NQ,False,-14899.578947368422,0.0,-26.231653076352853,False,568.0,-1415460.0,0.0,53960,0,False,False,False,0.0,0.09803921568627451
tod_drift-NQ-tf5|pre|dir=short,tod_drift-NQ-tf5-pre:dir=short,tod_drift,NQ,False,-2339.2043010752686,0.3010752688172043,-4.118317431470544,False,568.0,0.0,-217546.0,0,52824,False,False,False,0.0,0.09803921568627451
vwap_band-ES-tf15|asia|,vwap_band-ES-tf15-asia,vwap_band,ES,False,-7674.334645669292,0.18110236220472442,-28.183462494939565,False,272.2992125984252,-551028.5,-423612.0,17554,17028,False,False,False,0.0,0.08
vwap_band-ES-tf15|eve|,vwap_band-ES-tf15-eve,vwap_band,ES,False,-10579.328125,0.15625,-29.168009305130745,False,362.703125,-659599.5,-694554.5,23953,22473,False,False,False,0.0,0.08
vwap_band-ES-tf15|london|,vwap_band-ES-tf15-london,vwap_band,ES,False,-9168.60546875,0.2734375,-24.740313264187538,False,370.59375,-295765.0,-877816.5,21860,25576,False,False,False,0.0,0.08
vwap_band-ES-tf15|mid|,vwap_band-ES-tf15-mid,vwap_band,ES,False,-3399.9032258064517,0.4032258064516129,-14.729508769478024,False,230.82258064516128,-617289.5,195701.5,13188,15434,False,False,False,0.0,0.08
vwap_band-ES-tf15|nyam|,vwap_band-ES-tf15-nyam,vwap_band,ES,False,-7431.737903225807,0.16129032258064516,-74.24552852078634,False,100.09677419354838,-523823.5,-397712.0,6084,6328,False,False,False,0.0,0.08
vwap_band-ES-tf15|pm|,vwap_band-ES-tf15-pm,vwap_band,ES,False,-7980.573770491803,0.29508196721311475,-34.10860045542127,False,233.97540983606558,-620137.5,-353492.5,12650,15895,False,False,False,0.0,0.08
vwap_band-ES-tf15|pre|,vwap_band-ES-tf15-pre,vwap_band,ES,False,-452.0260416666667,0.375,-9.41720920138889,False,48.0,-217090.5,173696.0,2432,2176,False,False,False,0.073,0.08
vwap_band-ES-tf1|asia|,vwap_band-ES-tf1-asia,vwap_band,ES,False,-29740.74609375,0.015625,-35.52558862230185,False,837.1640625,-1841158.5,-1965657.0,52899,54258,False,False,False,0.0,0.08
vwap_band-ES-tf1|eve|,vwap_band-ES-tf1-eve,vwap_band,ES,False,-34791.3828125,0.015625,-40.03215483221416,False,869.0859375,-2094765.0,-2358532.0,61010,50233,False,False,False,0.0,0.08
vwap_band-ES-tf1|london|,vwap_band-ES-tf1-london,vwap_band,ES,False,-26804.7578125,0.0625,-27.73742885784504,False,966.375,-1071341.5,-2359667.5,62601,61095,False,False,False,0.0,0.08
vwap_band-ES-tf1|mid|,vwap_band-ES-tf1-mid,vwap_band,ES,False,-15150.99609375,0.2890625,-16.183314557516585,False,936.2109375,-922128.5,-1017199.0,60004,59831,False,False,False,0.0,0.08
vwap_band-ES-tf1|nyam|,vwap_band-ES-tf1-nyam,vwap_band,ES,False,-28800.3828125,0.0234375,-31.193245953241213,False,923.2890625,-2335158.5,-1351290.5,59574,58607,False,False,False,0.0,0.08
vwap_band-ES-tf1|pm|,vwap_band-ES-tf1-pm,vwap_band,ES,False,-33705.00390625,0.1015625,-35.30272815796149,False,954.7421875,-1413782.5,-2900458.0,58380,63827,False,False,False,0.0,0.08
vwap_band-ES-tf1|pre|,vwap_band-ES-tf1-pre,vwap_band,ES,False,-6613.0625,0.4375,-10.292328830417178,False,642.5234375,-591292.0,-255180.0,43123,39120,False,False,False,0.0,0.08
vwap_band-ES-tf30|asia|,vwap_band-ES-tf30-asia,vwap_band,ES,False,1442.59243697479,0.37815126050420167,14.262919574609505,False,101.14285714285714,-106700.0,278368.5,5950,6086,False,False,False,0.03,0.04
vwap_band-ES-tf30|eve|,vwap_band-ES-tf30-eve,vwap_band,ES,False,-6792.352459016393,0.1721311475409836,-31.243335972552124,False,217.4016393442623,-549059.5,-279607.5,13693,12830,False,False,False,0.0,0.08
vwap_band-ES-tf30|london|,vwap_band-ES-tf30-london,vwap_band,ES,False,-2702.640625,0.4921875,-13.839180701684201,False,195.2890625,-111212.5,-234725.5,10900,14097,False,False,False,0.001,0.08
vwap_band-ES-tf30|mid|,vwap_band-ES-tf30-mid,vwap_band,ES,False,520.8728813559322,0.4915254237288136,9.948688896082874,False,52.355932203389834,-245954.5,307417.5,2998,3180,False,False,False,0.085,0.04
vwap_band-ES-tf30|pm|,vwap_band-ES-tf30-pm,vwap_band,ES,False,-2290.78125,0.175,-35.24278846153846,False,65.0,-169397.5,-13865.0,2140,3060,False,False,False,0.0,0.08
vwap_band-ES-tf5|asia|,vwap_band-ES-tf5-asia,vwap_band,ES,False,-17266.65625,0.046875,-32.53399673207425,False,530.7265625,-980089.5,-1230042.5,34963,32970,False,False,False,0.0,0.08
vwap_band-ES-tf5|eve|,vwap_band-ES-tf5-eve,vwap_band,ES,False,-11801.94921875,0.1015625,-20.13447646212081,False,586.15625,-505285.0,-1005364.5,38815,36213,False,False,False,0.0,0.08
vwap_band-ES-tf5|london|,vwap_band-ES-tf5-london,vwap_band,ES,False,-20997.75,0.140625,-32.52785980539284,False,645.53125,-788384.5,-1899327.5,41168,41460,False,False,False,0.0,0.08
vwap_band-ES-tf5|mid|,vwap_band-ES-tf5-mid,vwap_band,ES,False,-10908.9609375,0.15625,-21.055324346331314,False,518.109375,-846368.0,-549979.0,32342,33976,False,False,False,0.0,0.08
vwap_band-ES-tf5|nyam|,vwap_band-ES-tf5-nyam,vwap_band,ES,False,-12252.33203125,0.1171875,-30.973229450566812,False,395.578125,-1217849.5,-350449.0,24903,25731,False,False,False,0.0,0.08
vwap_band-ES-tf5|pm|,vwap_band-ES-tf5-pm,vwap_band,ES,False,-17408.7265625,0.296875,-31.9252270838706,False,545.296875,-798149.5,-1430167.5,32103,37695,False,False,False,0.0,0.08
vwap_band-ES-tf5|pre|,vwap_band-ES-tf5-pre,vwap_band,ES,False,-3432.7421875,0.3515625,-16.271330173307657,False,210.96875,63316.0,-502707.0,13896,13108,False,False,False,0.0,0.08
vwap_band-GC-tf15|asia|,vwap_band-GC-tf15-asia,vwap_band,GC,False,-11249.359375,0.390625,-44.61818294496777,False,252.125,-914688.0,-525230.0,15632,16640,False,False,False,0.0,0.08
vwap_band-GC-tf15|eve|,vwap_band-GC-tf15-eve,vwap_band,GC,False,-15804.546875,0.0390625,-37.796498701492816,False,418.1484375,-1413660.0,-609322.0,26990,26533,False,False,False,0.0,0.08
vwap_band-GC-tf15|london|,vwap_band-GC-tf15-london,vwap_band,GC,False,-10577.84375,0.4140625,-29.894769380230066,False,353.8359375,-830490.0,-523474.0,22460,22831,False,False,False,0.0,0.08
vwap_band-GC-tf15|mid|,vwap_band-GC-tf15-mid,vwap_band,GC,False,-10029.113402061856,0.21649484536082475,-46.00510734890759,False,218.0,-656564.0,-316260.0,10981,10165,False,False,False,0.0,0.08
vwap_band-GC-tf15|nyam|,vwap_band-GC-tf15-nyam,vwap_band,GC,False,-2729.7894736842104,0.37719298245614036,-42.54799015586546,False,64.15789473684211,-217044.0,-94152.0,3466,3848,False,False,False,0.0,0.08
vwap_band-GC-tf15|pm|,vwap_band-GC-tf15-pm,vwap_band,GC,False,-7463.037974683544,0.11392405063291139,-31.269159374171306,False,238.67088607594937,-363362.0,-226218.0,9973,8882,False,False,False,0.0,0.08
vwap_band-GC-tf15|pre|,vwap_band-GC-tf15-pre,vwap_band,GC,True,400.375,0.7083333333333334,9.765243902439025,False,41.0,233296.0,-194860.0,2016,1920,False,False,True,0.017,0.04
vwap_band-GC-tf1|asia|,vwap_band-GC-tf1-asia,vwap_band,GC,False,-26640.140625,0.1484375,-34.056128716530004,False,782.2421875,-1808516.0,-1601422.0,50109,50018,False,False,False,0.0,0.08
vwap_band-GC-tf1|eve|,vwap_band-GC-tf1-eve,vwap_band,GC,False,-17714.796875,0.1484375,-20.563854678686088,False,861.453125,-1727776.0,-539718.0,56349,53917,False,False,False,0.0,0.08
vwap_band-GC-tf1|london|,vwap_band-GC-tf1-london,vwap_band,GC,False,-21865.828125,0.0625,-24.360071021985483,False,897.609375,-1838080.0,-960746.0,54255,60639,False,False,False,0.0,0.08
vwap_band-GC-tf1|mid|,vwap_band-GC-tf1-mid,vwap_band,GC,False,-26335.0625,0.0,-36.55188566719438,False,720.484375,-2238172.0,-1132716.0,47743,44479,False,False,False,0.0,0.08
vwap_band-GC-tf1|nyam|,vwap_band-GC-tf1-nyam,vwap_band,GC,False,-21929.09375,0.0,-30.45013614519261,False,720.1640625,-1592278.0,-1214646.0,45342,46839,False,False,False,0.0,0.08
vwap_band-GC-tf1|pm|,vwap_band-GC-tf1-pm,vwap_band,GC,False,-12528.671875,0.0234375,-17.65475862828205,False,709.6484375,-893896.0,-709774.0,46404,44431,False,False,False,0.0,0.08
vwap_band-GC-tf1|pre|,vwap_band-GC-tf1-pre,vwap_band,GC,False,-2337.90625,0.46875,-3.749414255822986,False,623.5390625,-1197220.0,897968.0,39175,40638,False,False,False,0.0,0.08
vwap_band-GC-tf30|asia|,vwap_band-GC-tf30-asia,vwap_band,GC,False,-2881.0476190476193,0.38095238095238093,-34.777926805901515,False,82.84126984126983,-222780.0,-140232.0,4860,5578,False,False,False,0.0,0.08
vwap_band-GC-tf30|eve|,vwap_band-GC-tf30-eve,vwap_band,GC,False,-7910.84375,0.4765625,-31.641397412661707,False,250.015625,-890844.0,-121744.0,15271,16731,False,False,False,0.0,0.08
vwap_band-GC-tf30|london|,vwap_band-GC-tf30-london,vwap_band,GC,False,-5407.587301587301,0.31746031746031744,-28.11570520755963,False,192.33333333333334,-417642.0,-263714.0,12403,11831,False,False,False,0.0,0.08
vwap_band-GC-tf30|mid|,vwap_band-GC-tf30-mid,vwap_band,GC,False,-2218.3870967741937,0.04838709677419355,-37.994475138121544,False,58.38709677419355,-80324.0,-57216.0,1626,1994,False,False,False,0.0,0.08
vwap_band-GC-tf30|pm|,vwap_band-GC-tf30-pm,vwap_band,GC,False,-1019.7142857142857,0.2857142857142857,-15.835829173599556,False,64.39285714285714,-3816.0,-24736.0,884,919,False,False,False,0.0,0.08
vwap_band-GC-tf5|asia|,vwap_band-GC-tf5-asia,vwap_band,GC,False,-16542.296875,0.09375,-33.352455659515485,False,495.984375,-1577352.0,-540062.0,32063,31423,False,False,False,0.0,0.08
vwap_band-GC-tf5|eve|,vwap_band-GC-tf5-eve,vwap_band,GC,False,-19802.8125,0.015625,-31.751972942502817,False,623.671875,-1576584.0,-958176.0,39421,40409,False,False,False,0.0,0.08
vwap_band-GC-tf5|london|,vwap_band-GC-tf5-london,vwap_band,GC,False,-19466.28125,0.1015625,-32.73965258980895,False,594.578125,-1565162.0,-926522.0,36418,39688,False,False,False,0.0,0.08
vwap_band-GC-tf5|mid|,vwap_band-GC-tf5-mid,vwap_band,GC,False,-17163.586776859505,0.03305785123966942,-41.806787986150255,False,410.54545454545456,-1312126.0,-764668.0,25889,23787,False,False,False,0.0,0.08
vwap_band-GC-tf5|nyam|,vwap_band-GC-tf5-nyam,vwap_band,GC,False,-1751.359375,0.5234375,-6.065970343110727,False,288.71875,-97472.0,-126702.0,18728,18228,False,False,False,0.0,0.08
vwap_band-GC-tf5|pm|,vwap_band-GC-tf5-pm,vwap_band,GC,False,-12139.537190082645,0.0,-29.21640544196038,False,415.504132231405,-804582.0,-664302.0,25883,24393,False,False,False,0.0,0.08
vwap_band-GC-tf5|pre|,vwap_band-GC-tf5-pre,vwap_band,GC,False,4666.380165289256,0.5785123966942148,21.54919471796046,False,216.54545454545453,-208944.0,773576.0,12991,13211,False,False,True,0.0,0.04
vwap_band-NQ-tf15|asia|,vwap_band-NQ-tf15-asia,vwap_band,NQ,False,1079.796875,0.4921875,4.2268570904309,False,255.4609375,495160.0,-356946.0,16375,16324,False,False,False,0.007,0.36
vwap_band-NQ-tf15|eve|,vwap_band-NQ-tf15-eve,vwap_band,NQ,True,16167.078125,0.875,44.62672791184145,False,362.2734375,1109983.0,959403.0,24563,21808,True,False,True,0.157,0.36
vwap_band-NQ-tf15|london|,vwap_band-NQ-tf15-london,vwap_band,NQ,False,-1797.48,0.464,-4.773929671730586,False,376.52,-12801.0,-211884.0,23129,23936,False,False,False,0.001,0.4
vwap_band-NQ-tf15|mid|,vwap_band-NQ-tf15-mid,vwap_band,NQ,False,1150.1869918699188,0.4634146341463415,5.3991146051978784,False,213.03252032520325,-110562.0,252035.0,11733,14470,False,False,False,0.02,0.36
vwap_band-NQ-tf15|nyam|,vwap_band-NQ-tf15-nyam,vwap_band,NQ,False,-4593.523809523809,0.40476190476190477,-49.46449021451158,False,92.86507936507937,-401500.0,-177284.0,6045,5656,False,False,False,0.014,0.4
vwap_band-NQ-tf15|pm|,vwap_band-NQ-tf15-pm,vwap_band,NQ,False,-9941.0,0.04201680672268908,-40.65778801209788,False,244.50420168067228,-833378.0,-349601.0,12992,16104,False,False,False,0.0,0.4
vwap_band-NQ-tf15|pre|,vwap_band-NQ-tf15-pre,vwap_band,NQ,False,-2277.891304347826,0.25,-44.74081981212639,False,50.91304347826087,-340221.0,130655.0,2324,2360,False,False,False,0.023,0.4
vwap_band-NQ-tf1|asia|,vwap_band-NQ-tf1-asia,vwap_band,NQ,False,-10293.5546875,0.2578125,-12.717905405405405,False,809.375,-265147.0,-1052428.0,51978,51622,False,False,False,0.0,0.4
vwap_band-NQ-tf1|eve|,vwap_band-NQ-tf1-eve,vwap_band,NQ,False,-12086.609375,0.3046875,-13.89714706622112,False,869.71875,-735468.0,-811618.0,59982,51342,False,False,False,0.0,0.4
vwap_band-NQ-tf1|london|,vwap_band-NQ-tf1-london,vwap_band,NQ,False,-11519.7734375,0.171875,-12.197900466562986,False,944.40625,-209994.0,-1264537.0,63361,57523,False,False,False,0.0,0.4
vwap_band-NQ-tf1|mid|,vwap_band-NQ-tf1-mid,vwap_band,NQ,False,-6274.546875,0.390625,-6.671833723770124,False,940.453125,223864.0,-1027006.0,58109,62269,False,False,False,0.0,0.4
vwap_band-NQ-tf1|nyam|,vwap_band-NQ-tf1-nyam,vwap_band,NQ,False,832.6328125,0.484375,0.9055585766237297,False,919.46875,-120660.0,227237.0,58115,59577,False,False,False,0.0,0.36
vwap_band-NQ-tf1|pm|,vwap_band-NQ-tf1-pm,vwap_band,NQ,False,-11582.2265625,0.28125,-12.166304214024866,False,951.9921875,1022707.0,-2505232.0,57957,63898,False,False,False,0.0,0.4
vwap_band-NQ-tf1|pre|,vwap_band-NQ-tf1-pre,vwap_band,NQ,False,-6557.3203125,0.34375,-10.22920551350956,False,641.0390625,-450747.0,-388590.0,40908,41145,False,False,False,0.0,0.4
vwap_band-NQ-tf30|asia|,vwap_band-NQ-tf30-asia,vwap_band,NQ,False,3771.48031496063,0.49606299212598426,42.245369553713175,False,89.2755905511811,467922.0,11056.0,4932,6406,True,False,False,0.145,0.36
vwap_band-NQ-tf30|eve|,vwap_band-NQ-tf30-eve,vwap_band,NQ,True,11279.869918699187,0.7317073170731707,51.675071697269914,False,218.28455284552845,603689.0,783735.0,14244,12605,True,True,True,0.255,0.36
vwap_band-NQ-tf30|london|,vwap_band-NQ-tf30-london,vwap_band,NQ,True,3997.063492063492,0.753968253968254,20.527002241695538,False,194.72222222222223,-390989.0,894619.0,11456,13079,False,False,True,0.078,0.36
vwap_band-NQ-tf30|mid|,vwap_band-NQ-tf30-mid,vwap_band,NQ,True,3303.8365384615386,0.6826923076923077,68.80236283540248,False,48.01923076923077,-227293.0,570892.0,2642,2352,False,False,True,0.446,0.36
vwap_band-NQ-tf30|pm|,vwap_band-NQ-tf30-pm,vwap_band,NQ,False,-2762.275,0.1625,-44.88767011984562,False,61.5375,-135477.0,-85505.0,1988,2935,False,False,False,0.003,0.4
vwap_band-NQ-tf5|asia|,vwap_band-NQ-tf5-asia,vwap_band,NQ,False,8742.1953125,0.5546875,17.11377053191815,False,510.828125,1158786.0,-39785.0,33431,31955,False,False,True,0.001,0.36
vwap_band-NQ-tf5|eve|,vwap_band-NQ-tf5-eve,vwap_band,NQ,True,15884.8984375,0.828125,27.236604511600493,False,583.21875,1085785.0,947482.0,39320,35332,True,False,True,0.011,0.36
vwap_band-NQ-tf5|london|,vwap_band-NQ-tf5-london,vwap_band,NQ,False,-613.8125,0.453125,-0.9764609380825732,False,628.609375,1093988.0,-1172556.0,40758,39704,False,False,False,0.0,0.4
vwap_band-NQ-tf5|mid|,vwap_band-NQ-tf5-mid,vwap_band,NQ,False,-1337.6220472440946,0.3464566929133858,-2.600226535235413,False,514.4251968503937,-271670.0,101792.0,30440,34892,False,False,False,0.0,0.4
vwap_band-NQ-tf5|nyam|,vwap_band-NQ-tf5-nyam,vwap_band,NQ,False,-5676.40625,0.40625,-14.357869775713862,False,395.3515625,-855300.0,128720.0,24740,25865,False,False,False,0.001,0.4
vwap_band-NQ-tf5|pm|,vwap_band-NQ-tf5-pm,vwap_band,NQ,False,-11178.417322834646,0.2125984251968504,-20.042904942751054,False,557.7244094488188,75773.0,-1495432.0,32933,37898,False,False,False,0.0,0.4
vwap_band-NQ-tf5|pre|,vwap_band-NQ-tf5-pre,vwap_band,NQ,False,-4580.482456140351,0.21052631578947367,-20.172880046358895,False,227.06140350877192,34256.0,-556431.0,13506,12379,False,False,False,0.002,0.4
vwap_ema_x-ES-tf15|asia|,vwap_ema_x-ES-tf15-asia,vwap_ema_x,ES,False,-9224.567708333334,0.20833333333333334,-22.250772632478203,False,414.5729166666667,-693502.0,-192056.5,19513,20286,False,False,False,0.0,0.05
vwap_ema_x-ES-tf15|eve|,vwap_ema_x-ES-tf15-eve,vwap_ema_x,ES,False,-26240.385416666668,0.020833333333333332,-50.167825065222154,False,523.0520833333334,-1083462.0,-1435615.0,25278,24935,False,False,False,0.0,0.05
vwap_ema_x-ES-tf15|london|,vwap_ema_x-ES-tf15-london,vwap_ema_x,ES,False,-10499.322916666666,0.13541666666666666,-27.565568166279228,False,380.8854166666667,-57953.0,-949982.0,19857,16708,False,False,False,0.0,0.05
vwap_ema_x-ES-tf15|mid|,vwap_ema_x-ES-tf15-mid,vwap_ema_x,ES,False,-4034.8315789473686,0.18421052631578946,-25.475807523594312,False,158.37894736842105,-442056.0,-324562.0,15814,14278,False,False,False,0.0,0.05
vwap_ema_x-ES-tf15|nyam|,vwap_ema_x-ES-tf15-nyam,vwap_ema_x,ES,False,-1549.421875,0.4166666666666667,-12.543810086017878,False,123.52083333333333,-42491.5,-106253.0,6226,5632,False,False,False,0.001,0.05
vwap_ema_x-ES-tf15|pm|,vwap_ema_x-ES-tf15-pm,vwap_ema_x,ES,False,-3090.842105263158,0.17894736842105263,-19.614562458249832,False,157.57894736842104,-226325.5,-360934.5,16872,13068,False,False,False,0.0,0.05
vwap_ema_x-ES-tf15|pre|,vwap_ema_x-ES-tf15-pre,vwap_ema_x,ES,False,-4697.489583333333,0.1875,-32.926328855140184,False,142.66666666666666,-176714.0,-274245.0,7366,6330,False,False,False,0.001,0.05
vwap_ema_x-ES-tf1|asia|,vwap_ema_x-ES-tf1-asia,vwap_ema_x,ES,False,-29745.057291666668,0.0625,-33.19529306456488,False,896.0625,-1315185.5,-1540340.0,42562,43460,False,False,False,0.0,0.05
vwap_ema_x-ES-tf1|eve|,vwap_ema_x-ES-tf1-eve,vwap_ema_x,ES,False,-39207.260416666664,0.03125,-39.853636585030124,False,983.78125,-1477711.5,-2286185.5,48706,45737,False,False,False,0.0,0.05
vwap_ema_x-ES-tf1|london|,vwap_ema_x-ES-tf1-london,vwap_ema_x,ES,False,-32077.453125,0.0,-30.523610574206785,False,1050.90625,-1269767.5,-1809668.0,51120,49767,False,False,False,0.0,0.05
vwap_ema_x-ES-tf1|mid|,vwap_ema_x-ES-tf1-mid,vwap_ema_x,ES,False,-24030.778645833332,0.06770833333333333,-35.48669799566214,False,677.1770833333334,-2356574.5,-2257335.0,67753,62265,False,False,False,0.0,0.05
vwap_ema_x-ES-tf1|nyam|,vwap_ema_x-ES-tf1-nyam,vwap_ema_x,ES,False,-13495.239583333334,0.21875,-15.971288385911707,False,844.96875,-585663.5,-709879.5,40719,40398,False,False,False,0.0,0.05
vwap_ema_x-ES-tf1|pm|,vwap_ema_x-ES-tf1-pm,vwap_ema_x,ES,False,-12004.372395833334,0.140625,-18.668260936474894,False,643.0364583333334,-523961.0,-1780878.5,66634,56829,False,False,False,0.0,0.05
vwap_ema_x-ES-tf1|pre|,vwap_ema_x-ES-tf1-pre,vwap_ema_x,ES,False,-15314.8125,0.125,-25.017390416553226,False,612.1666666666666,-982008.0,-488214.0,30977,27791,False,False,False,0.0,0.05
vwap_ema_x-ES-tf5|asia|,vwap_ema_x-ES-tf5-asia,vwap_ema_x,ES,False,-18134.744791666668,0.07291666666666667,-29.690050650613095,False,610.8020833333334,-616586.5,-1124349.0,30181,28456,False,False,False,0.0,0.05
vwap_ema_x-ES-tf5|eve|,vwap_ema_x-ES-tf5-eve,vwap_ema_x,ES,False,-29506.244791666668,0.020833333333333332,-38.72157669541919,False,762.0104166666666,-1170024.5,-1662575.0,39153,34000,False,False,False,0.0,0.05
vwap_ema_x-ES-tf5|london|,vwap_ema_x-ES-tf5-london,vwap_ema_x,ES,False,-24848.276041666668,0.020833333333333332,-36.464497538903665,False,681.4375,-958670.5,-1426764.0,34452,30966,False,False,False,0.0,0.05
vwap_ema_x-ES-tf5|mid|,vwap_ema_x-ES-tf5-mid,vwap_ema_x,ES,False,-3762.4557291666665,0.3541666666666667,-10.701937749070384,False,351.5677083333333,-146105.0,-576286.5,35070,32431,False,False,False,0.0,0.05
vwap_ema_x-ES-tf5|nyam|,vwap_ema_x-ES-tf5-nyam,vwap_ema_x,ES,False,3542.75,0.5520833333333334,10.129981533329362,False,349.7291666666667,401761.0,-61657.0,17391,16183,False,False,True,0.0,0.0
vwap_ema_x-ES-tf5|pm|,vwap_ema_x-ES-tf5-pm,vwap_ema_x,ES,False,-7572.895833333333,0.1875,-23.245711362291964,False,325.7760416666667,-281586.5,-1172409.5,34531,28018,False,False,False,0.0,0.05
vwap_ema_x-ES-tf5|pre|,vwap_ema_x-ES-tf5-pre,vwap_ema_x,ES,False,-5643.546875,0.25,-22.44140916245547,False,251.47916666666666,-369809.0,-171971.5,13346,10796,False,False,False,0.0,0.05
vwap_ema_x-GC-tf15|asia|,vwap_ema_x-GC-tf15-asia,vwap_ema_x,GC,False,-21321.416666666668,0.0,-52.02460349735665,False,409.8333333333333,-1137882.0,-908974.0,20138,19206,False,False,False,0.0,0.15
vwap_ema_x-GC-tf15|eve|,vwap_ema_x-GC-tf15-eve,vwap_ema_x,GC,False,-11875.8125,0.1875,-21.942721866158553,False,541.21875,-890340.0,-249738.0,23590,28367,False,False,False,0.0,0.15
vwap_ema_x-GC-tf15|london|,vwap_ema_x-GC-tf15-london,vwap_ema_x,GC,False,-18061.8125,0.010416666666666666,-51.897099757564874,False,348.03125,-765064.0,-968870.0,16321,17090,False,False,False,0.0,0.15
vwap_ema_x-GC-tf15|mid|,vwap_ema_x-GC-tf15-mid,vwap_ema_x,GC,True,2272.1570680628274,0.6701570680628273,17.406626022781968,False,130.53403141361255,226994.0,206988.0,12094,12838,True,False,True,0.0,0.1
vwap_ema_x-GC-tf15|nyam|,vwap_ema_x-GC-tf15-nyam,vwap_ema_x,GC,False,-967.5625,0.3541666666666667,-8.046257796257796,False,120.25,44888.0,-137774.0,5743,5801,False,False,False,0.0,0.15
vwap_ema_x-GC-tf15|pm|,vwap_ema_x-GC-tf15-pm,vwap_ema_x,GC,False,-2276.5464480874316,0.2568306010928962,-18.688677552485196,False,121.81420765027322,-339718.0,-76890.0,10677,11615,False,False,False,0.0,0.15
vwap_ema_x-GC-tf15|pre|,vwap_ema_x-GC-tf15-pre,vwap_ema_x,GC,False,2755.1458333333335,0.5104166666666666,19.19544233979244,False,143.53125,-231412.0,495906.0,7778,6001,False,False,True,0.0,0.1
vwap_ema_x-GC-tf1|asia|,vwap_ema_x-GC-tf1-asia,vwap_ema_x,GC,False,-18061.625,0.10416666666666667,-20.897100296478413,False,864.3125,-958792.0,-775124.0,42153,40821,False,False,False,0.0,0.15
vwap_ema_x-GC-tf1|eve|,vwap_ema_x-GC-tf1-eve,vwap_ema_x,GC,False,-28645.4375,0.0,-30.488059602208473,False,939.5625,-1564768.0,-1185194.0,43942,46256,False,False,False,0.0,0.15
vwap_ema_x-GC-tf1|london|,vwap_ema_x-GC-tf1-london,vwap_ema_x,GC,False,-23426.645833333332,0.08333333333333333,-24.006297901411155,False,975.8541666666666,-1325044.0,-923914.0,44676,49006,False,False,False,0.0,0.15
vwap_ema_x-GC-tf1|mid|,vwap_ema_x-GC-tf1-mid,vwap_ema_x,GC,False,-5956.020833333333,0.265625,-10.689537198889502,False,557.1822916666666,-868952.0,-274604.0,55283,51696,False,False,False,0.0,0.15
vwap_ema_x-GC-tf1|nyam|,vwap_ema_x-GC-tf1-nyam,vwap_ema_x,GC,False,-4296.645833333333,0.3229166666666667,-5.808567566045175,False,739.7083333333334,-566586.0,154108.0,33674,37338,False,False,False,0.0,0.15
vwap_ema_x-GC-tf1|pm|,vwap_ema_x-GC-tf1-pm,vwap_ema_x,GC,False,-12474.875,0.0625,-27.222858701582105,False,458.25,-1492102.0,-903074.0,44233,43751,False,False,False,0.0,0.15
vwap_ema_x-GC-tf1|pre|,vwap_ema_x-GC-tf1-pre,vwap_ema_x,GC,False,-2414.75,0.4375,-3.969520026027843,False,608.3229166666666,-382470.0,150654.0,29530,28869,False,False,False,0.0,0.15
vwap_ema_x-GC-tf5|asia|,vwap_ema_x-GC-tf5-asia,vwap_ema_x,GC,False,-28436.375,0.0,-46.93519935354091,False,605.8645833333334,-1390078.0,-1339814.0,28657,29506,False,False,False,0.0,0.15
vwap_ema_x-GC-tf5|eve|,vwap_ema_x-GC-tf5-eve,vwap_ema_x,GC,False,-15183.5625,0.125,-20.272060971030417,False,748.9895833333334,-707624.0,-749998.0,35566,36337,False,False,False,0.0,0.15
vwap_ema_x-GC-tf5|london|,vwap_ema_x-GC-tf5-london,vwap_ema_x,GC,False,-20907.0,0.08333333333333333,-32.76156897311591,False,638.15625,-1160300.0,-846772.0,30180,31083,False,False,False,0.0,0.15
vwap_ema_x-GC-tf5|mid|,vwap_ema_x-GC-tf5-mid,vwap_ema_x,GC,False,-1351.2291666666667,0.359375,-4.291461276342343,False,314.8645833333333,48838.0,-308274.0,30173,30281,False,False,False,0.0,0.15
vwap_ema_x-GC-tf5|nyam|,vwap_ema_x-GC-tf5-nyam,vwap_ema_x,GC,False,-5624.770833333333,0.14583333333333334,-19.092638427268227,False,294.6041666666667,-144018.0,-395960.0,13772,14510,False,False,False,0.0,0.15
vwap_ema_x-GC-tf5|pm|,vwap_ema_x-GC-tf5-pm,vwap_ema_x,GC,False,-5035.267015706806,0.1518324607329843,-20.160489686399462,False,249.7591623036649,-501648.0,-460088.0,23577,24127,False,False,False,0.0,0.15
vwap_ema_x-GC-tf5|pre|,vwap_ema_x-GC-tf5-pre,vwap_ema_x,GC,False,196.47916666666666,0.4791666666666667,0.7801629648012574,False,251.84375,-682968.0,701830.0,12897,11280,False,False,False,0.0,0.1
vwap_ema_x-NQ-tf15|asia|,vwap_ema_x-NQ-tf15-asia,vwap_ema_x,NQ,False,6753.09375,0.5208333333333334,15.681316820666634,False,430.6458333333333,459119.0,189178.0,20404,20938,True,False,True,0.033,0.5
vwap_ema_x-NQ-tf15|eve|,vwap_ema_x-NQ-tf15-eve,vwap_ema_x,NQ,False,-8129.010416666667,0.375,-16.20905597673694,False,501.5104166666667,51393.0,-831778.0,23983,24162,False,False,False,0.0,0.55
vwap_ema_x-NQ-tf15|london|,vwap_ema_x-NQ-tf15-london,vwap_ema_x,NQ,False,-7837.260416666667,0.2916666666666667,-20.415624236832823,False,383.8854166666667,411759.0,-1164136.0,19614,17239,False,False,False,0.002,0.55
vwap_ema_x-NQ-tf15|mid|,vwap_ema_x-NQ-tf15-mid,vwap_ema_x,NQ,False,60.84293193717277,0.4031413612565445,0.41288282526824416,False,147.36125654450262,763145.0,-751524.0,14835,13311,False,False,False,0.002,0.5
vwap_ema_x-NQ-tf15|nyam|,vwap_ema_x-NQ-tf15-nyam,vwap_ema_x,NQ,False,-3204.6666666666665,0.4375,-26.63157894736842,False,120.33333333333333,-353880.0,46232.0,6210,5342,False,False,False,0.029,0.55
vwap_ema_x-NQ-tf15|pm|,vwap_ema_x-NQ-tf15-pm,vwap_ema_x,NQ,False,1540.126984126984,0.42857142857142855,11.348746539826115,False,135.7089947089947,74560.0,216524.0,13935,11714,True,False,False,0.003,0.5
vwap_ema_x-NQ-tf15|pre|,vwap_ema_x-NQ-tf15-pre,vwap_ema_x,NQ,False,1327.0729166666667,0.3958333333333333,9.071418399316434,False,146.29166666666666,534058.0,-406659.0,8463,5581,False,False,False,0.091,0.5
vwap_ema_x-NQ-tf1|asia|,vwap_ema_x-NQ-tf1-asia,vwap_ema_x,NQ,False,-11531.875,0.22916666666666666,-12.67093968181298,False,910.1041666666666,534948.0,-1642008.0,43938,43432,False,False,False,0.0,0.55
vwap_ema_x-NQ-tf1|eve|,vwap_ema_x-NQ-tf1-eve,vwap_ema_x,NQ,False,-32520.239583333332,0.0625,-32.834216781304555,False,990.4375,-1304452.0,-1817491.0,48018,47064,False,False,False,0.0,0.55
vwap_ema_x-NQ-tf1|london|,vwap_ema_x-NQ-tf1-london,vwap_ema_x,NQ,False,-4610.78125,0.34375,-4.2876446941444275,False,1075.3645833333333,779873.0,-1222508.0,52478,50757,False,False,False,0.0,0.55
vwap_ema_x-NQ-tf1|mid|,vwap_ema_x-NQ-tf1-mid,vwap_ema_x,NQ,False,-5944.885416666667,0.34375,-8.74904569913078,False,679.4895833333334,1486552.0,-2627970.0,66642,63820,False,False,False,0.0,0.55
vwap_ema_x-NQ-tf1|nyam|,vwap_ema_x-NQ-tf1-nyam,vwap_ema_x,NQ,False,22822.96875,0.59375,26.552808580258134,False,859.53125,678102.0,1512903.0,41342,41173,True,True,True,0.017,0.5
vwap_ema_x-NQ-tf1|pm|,vwap_ema_x-NQ-tf1-pm,vwap_ema_x,NQ,False,2253.3541666666665,0.515625,3.5636717076867317,False,632.3125,1057586.0,-624942.0,65606,55798,False,False,True,0.0,0.5
vwap_ema_x-NQ-tf1|pre|,vwap_ema_x-NQ-tf1-pre,vwap_ema_x,NQ,False,2701.25,0.53125,4.359418340758174,False,619.6354166666666,39947.0,219373.0,30992,28493,True,False,True,0.001,0.5
vwap_ema_x-NQ-tf5|asia|,vwap_ema_x-NQ-tf5-asia,vwap_ema_x,NQ,False,-4861.84375,0.2916666666666667,-7.936624268806965,False,612.5833333333334,374271.0,-841008.0,30151,28657,False,False,False,0.0,0.55
vwap_ema_x-NQ-tf5|eve|,vwap_ema_x-NQ-tf5-eve,vwap_ema_x,NQ,False,-12227.770833333334,0.25,-16.09601118896461,False,759.6770833333334,-435172.0,-738694.0,38923,34006,False,False,False,0.0,0.55
vwap_ema_x-NQ-tf5|london|,vwap_ema_x-NQ-tf5-london,vwap_ema_x,NQ,False,-12513.322916666666,0.25,-18.096729485846854,False,691.46875,-124501.0,-1076778.0,34624,31757,False,False,False,0.0,0.55
vwap_ema_x-NQ-tf5|mid|,vwap_ema_x-NQ-tf5-mid,vwap_ema_x,NQ,False,3203.5208333333335,0.515625,9.321310581032341,False,343.6770833333333,1987661.0,-1372585.0,34276,31710,False,False,True,0.003,0.5
vwap_ema_x-NQ-tf5|nyam|,vwap_ema_x-NQ-tf5-nyam,vwap_ema_x,NQ,False,11118.15625,0.59375,31.002178459393516,False,358.625,906237.0,161106.0,17832,16596,True,False,True,0.069,0.5
vwap_ema_x-NQ-tf5|pm|,vwap_ema_x-NQ-tf5-pm,vwap_ema_x,NQ,False,2773.7864583333335,0.46875,8.811207438536117,False,314.8020833333333,747548.0,-214981.0,33003,27439,False,False,False,0.0,0.5
vwap_ema_x-NQ-tf5|pre|,vwap_ema_x-NQ-tf5-pre,vwap_ema_x,NQ,False,5602.71875,0.5625,22.45672414512964,False,249.48958333333334,216651.0,321210.0,13481,10470,True,False,True,0.095,0.5
vwap_flip-ES-tf15|asia|,vwap_flip-ES-tf15-asia,vwap_flip,ES,False,-18168.270833333332,0.052083333333333336,-32.92347478103292,False,551.8333333333334,-948904.5,-795249.5,27498,25478,False,False,False,0.0,0.08
vwap_flip-ES-tf15|eve|,vwap_flip-ES-tf15-eve,vwap_flip,ES,False,-53344.604166666664,0.0,-67.33127350180126,False,792.2708333333334,-2268919.0,-2852163.0,38436,37622,False,False,False,0.0,0.08
vwap_flip-ES-tf15|london|,vwap_flip-ES-tf15-london,vwap_flip,ES,False,-26956.338541666668,0.0,-34.31014663767501,False,785.6666666666666,-1108364.0,-1479444.5,39291,36133,False,False,False,0.0,0.08
vwap_flip-ES-tf15|mid|,vwap_flip-ES-tf15-mid,vwap_flip,ES,False,-18109.479166666668,0.09375,-39.252878753669,False,461.3541666666667,-1037293.0,-701217.0,22642,21648,False,False,False,0.0,0.08
vwap_flip-ES-tf15|nyam|,vwap_flip-ES-tf15-nyam,vwap_flip,ES,False,-5310.348958333333,0.3125,-26.32686944846106,False,201.70833333333334,-149150.0,-360643.5,9700,9664,False,False,False,0.0,0.08
vwap_flip-ES-tf15|pm|,vwap_flip-ES-tf15-pm,vwap_flip,ES,False,1205.4308510638298,0.5957446808510638,2.5862301143496222,False,466.09574468085106,8724.5,104586.0,24647,19166,True,False,True,0.0,0.04
vwap_flip-ES-tf15|pre|,vwap_flip-ES-tf15-pre,vwap_flip,ES,False,-3566.28125,0.296875,-14.586017382413088,False,244.5,25058.5,-253300.5,7776,7872,False,False,False,0.004,0.08
vwap_flip-ES-tf1|asia|,vwap_flip-ES-tf1-asia,vwap_flip,ES,False,-35930.453125,0.03125,-35.30200390956821,False,1017.8020833333334,-1561809.0,-1887514.5,48871,48838,False,False,False,0.0,0.08
vwap_flip-ES-tf1|eve|,vwap_flip-ES-tf1-eve,vwap_flip,ES,False,-36531.244791666664,0.0,-33.777011018222446,False,1081.5416666666667,-1071960.0,-2435039.5,52465,51363,False,False,False,0.0,0.08
vwap_flip-ES-tf1|london|,vwap_flip-ES-tf1-london,vwap_flip,ES,False,-41566.848958333336,0.0625,-33.28260144292923,False,1248.90625,-1998643.0,-1991774.5,60717,59178,False,False,False,0.0,0.08
vwap_flip-ES-tf1|mid|,vwap_flip-ES-tf1-mid,vwap_flip,ES,False,-39398.098958333336,0.0625,-32.73371846466745,False,1203.59375,-1044215.0,-2738002.5,57410,58135,False,False,False,0.0,0.08
vwap_flip-ES-tf1|nyam|,vwap_flip-ES-tf1-nyam,vwap_flip,ES,False,-34181.546875,0.11458333333333333,-28.496001007346685,False,1199.5208333333333,-1893026.0,-1388402.5,57369,57785,False,False,False,0.0,0.08
vwap_flip-ES-tf1|pm|,vwap_flip-ES-tf1-pm,vwap_flip,ES,False,-40228.307291666664,0.010416666666666666,-32.95292034643116,False,1220.78125,-1468376.0,-2393541.5,57719,59476,False,False,False,0.0,0.08
vwap_flip-ES-tf1|pre|,vwap_flip-ES-tf1-pre,vwap_flip,ES,False,-29465.541666666668,0.020833333333333332,-30.864743365921786,False,954.6666666666666,-1421063.0,-1407629.0,43897,47751,False,False,False,0.0,0.08
vwap_flip-ES-tf30|asia|,vwap_flip-ES-tf30-asia,vwap_flip,ES,False,-4634.411458333333,0.11458333333333333,-21.69837592664846,False,213.58333333333334,-244901.5,-200002.0,11316,9188,False,False,False,0.001,0.08
vwap_flip-ES-tf30|eve|,vwap_flip-ES-tf30-eve,vwap_flip,ES,False,-42032.661458333336,0.0,-75.30064194674081,False,558.1979166666666,-1715315.0,-2319820.5,27285,26302,False,False,False,0.0,0.08
vwap_flip-ES-tf30|london|,vwap_flip-ES-tf30-london,vwap_flip,ES,False,-21703.630208333332,0.010416666666666666,-44.464211784289034,False,488.1145833333333,-994797.0,-1088751.5,25068,21791,False,False,False,0.0,0.08
vwap_flip-ES-tf30|mid|,vwap_flip-ES-tf30-mid,vwap_flip,ES,False,-736.40625,0.359375,-4.091145833333333,False,180.0,-205271.5,158141.5,5696,5824,False,False,False,0.003,0.08
vwap_flip-ES-tf30|pm|,vwap_flip-ES-tf30-pm,vwap_flip,ES,False,499.51785714285717,0.44642857142857145,2.5989965622967572,False,192.19642857142858,-174042.0,202015.0,5798,4965,False,False,False,0.0,0.04
vwap_flip-ES-tf5|asia|,vwap_flip-ES-tf5-asia,vwap_flip,ES,False,-34391.020833333336,0.041666666666666664,-39.32883843377369,False,874.4479166666666,-1474724.5,-1826813.5,43778,40169,False,False,False,0.0,0.08
vwap_flip-ES-tf5|eve|,vwap_flip-ES-tf5-eve,vwap_flip,ES,False,-53935.822916666664,0.0,-55.666111206674124,False,968.9166666666666,-2216638.0,-2961201.0,47672,45344,False,False,False,0.0,0.08
vwap_flip-ES-tf5|london|,vwap_flip-ES-tf5-london,vwap_flip,ES,False,-33516.8125,0.020833333333333332,-31.69563418574412,False,1057.4583333333333,-1618059.0,-1599555.0,51271,50245,False,False,False,0.0,0.08
vwap_flip-ES-tf5|mid|,vwap_flip-ES-tf5-mid,vwap_flip,ES,False,-33723.072916666664,0.010416666666666666,-37.090164403964025,False,909.21875,-1461188.0,-1776227.0,45622,41663,False,False,False,0.0,0.08
vwap_flip-ES-tf5|nyam|,vwap_flip-ES-tf5-nyam,vwap_flip,ES,False,-17550.380208333332,0.16666666666666666,-24.17928129619265,False,725.84375,-760558.0,-924278.5,35127,34554,False,False,False,0.0,0.08
vwap_flip-ES-tf5|pm|,vwap_flip-ES-tf5-pm,vwap_flip,ES,False,-13067.692708333334,0.3020833333333333,-13.776765613503333,False,948.53125,12776.5,-1267275.0,45734,45325,False,False,False,0.0,0.08
vwap_flip-ES-tf5|pre|,vwap_flip-ES-tf5-pre,vwap_flip,ES,False,-17680.619791666668,0.07291666666666667,-32.108270434897754,False,550.65625,-716246.5,-981093.0,26946,25917,False,False,False,0.0,0.08
vwap_flip-GC-tf15|asia|,vwap_flip-GC-tf15-asia,vwap_flip,GC,False,-17236.958333333332,0.010416666666666666,-30.69065415360647,False,561.6354166666666,-1428374.0,-226374.0,27101,26816,False,False,False,0.0,0.08
vwap_flip-GC-tf15|eve|,vwap_flip-GC-tf15-eve,vwap_flip,GC,False,-6284.229166666667,0.3229166666666667,-7.843643549938893,False,801.1875,-766550.0,163264.0,36240,40674,False,False,False,0.0,0.08
vwap_flip-GC-tf15|london|,vwap_flip-GC-tf15-london,vwap_flip,GC,False,-23975.6875,0.010416666666666666,-31.968027333712968,False,749.9895833333334,-1522462.0,-779204.0,36643,35356,False,False,False,0.0,0.08
vwap_flip-GC-tf15|mid|,vwap_flip-GC-tf15-mid,vwap_flip,GC,False,-447.875,0.375,-1.0537202235074992,False,425.0416666666667,-281912.0,238916.0,19443,21361,False,False,False,0.0,0.08
vwap_flip-GC-tf15|nyam|,vwap_flip-GC-tf15-nyam,vwap_flip,GC,True,2347.6458333333335,0.625,10.519697535474235,False,223.16666666666666,447638.0,-222264.0,10968,10456,False,False,True,0.0,0.04
vwap_flip-GC-tf15|pm|,vwap_flip-GC-tf15-pm,vwap_flip,GC,False,-10652.898876404495,0.0,-24.450266910797637,False,435.69662921348316,-565590.0,-382518.0,18915,19862,False,False,False,0.0,0.08
vwap_flip-GC-tf15|pre|,vwap_flip-GC-tf15-pre,vwap_flip,GC,True,3338.03125,0.71875,14.608451859956237,False,228.5,66732.0,146902.0,6912,7712,True,False,True,0.0,0.04
vwap_flip-GC-tf1|asia|,vwap_flip-GC-tf1-asia,vwap_flip,GC,False,-11847.375,0.3541666666666667,-12.140517922332998,False,975.8541666666666,-892528.0,-244820.0,47382,46300,False,False,False,0.0,0.08
vwap_flip-GC-tf1|eve|,vwap_flip-GC-tf1-eve,vwap_flip,GC,False,-19843.145833333332,0.25,-19.11383361929703,False,1038.15625,-1030452.0,-874490.0,49403,50260,False,False,False,0.0,0.08
vwap_flip-GC-tf1|london|,vwap_flip-GC-tf1-london,vwap_flip,GC,False,-38190.708333333336,0.0,-33.03962439283751,False,1155.90625,-1924542.0,-1741766.0,56328,54639,False,False,False,0.0,0.08
vwap_flip-GC-tf1|mid|,vwap_flip-GC-tf1-mid,vwap_flip,GC,False,-17377.041666666668,0.041666666666666664,-18.284806102987922,False,950.3541666666666,-1240262.0,-427934.0,45083,46151,False,False,False,0.0,0.08
vwap_flip-GC-tf1|nyam|,vwap_flip-GC-tf1-nyam,vwap_flip,GC,False,-9204.104166666666,0.3125,-8.779226198756035,False,1048.3958333333333,-768834.0,-114760.0,51386,49260,False,False,False,0.0,0.08
vwap_flip-GC-tf1|pm|,vwap_flip-GC-tf1-pm,vwap_flip,GC,False,-24927.416666666668,0.0,-28.35581150095387,False,879.09375,-1593804.0,-799228.0,41566,42827,False,False,False,0.0,0.08
vwap_flip-GC-tf1|pre|,vwap_flip-GC-tf1-pre,vwap_flip,GC,False,-28266.416666666668,0.10416666666666667,-29.690964395912204,False,952.0208333333334,-2132286.0,-581290.0,46009,45385,False,False,False,0.0,0.08
vwap_flip-GC-tf30|asia|,vwap_flip-GC-tf30-asia,vwap_flip,GC,False,-10568.208333333334,0.21875,-49.65485512920908,False,212.83333333333334,-972904.0,-41644.0,10316,10116,False,False,False,0.0,0.08
vwap_flip-GC-tf30|eve|,vwap_flip-GC-tf30-eve,vwap_flip,GC,False,-8545.645833333334,0.21875,-14.775534463195433,False,578.3645833333334,-952138.0,131756.0,27002,28521,False,False,False,0.0,0.08
vwap_flip-GC-tf30|london|,vwap_flip-GC-tf30-london,vwap_flip,GC,False,-25174.666666666668,0.0,-51.5940395371675,False,487.9375,-1139150.0,-1277618.0,23910,22932,False,False,False,0.0,0.08
vwap_flip-GC-tf30|mid|,vwap_flip-GC-tf30-mid,vwap_flip,GC,False,-1152.3225806451612,0.3548387096774194,-6.2968447029790235,False,183.0,-128116.0,56672.0,5394,5952,False,False,False,0.0,0.08
vwap_flip-GC-tf30|pm|,vwap_flip-GC-tf30-pm,vwap_flip,GC,False,-3947.128205128205,0.0,-21.052789934354486,False,187.48717948717947,-144252.0,-9686.0,3793,3519,False,False,False,0.0,0.08
vwap_flip-GC-tf5|asia|,vwap_flip-GC-tf5-asia,vwap_flip,GC,False,-26206.0,0.0,-31.425987458465535,False,833.8958333333334,-1287670.0,-1228106.0,38715,41339,False,False,False,0.0,0.08
vwap_flip-GC-tf5|eve|,vwap_flip-GC-tf5-eve,vwap_flip,GC,False,-28459.020833333332,0.041666666666666664,-30.30779641462549,False,939.0,-1686696.0,-1045370.0,43249,46895,False,False,False,0.0,0.08
vwap_flip-GC-tf5|london|,vwap_flip-GC-tf5-london,vwap_flip,GC,False,-20184.979166666668,0.11458333333333333,-20.693257299075203,False,975.4375,-1547978.0,-389780.0,45897,47745,False,False,False,0.0,0.08
vwap_flip-GC-tf5|mid|,vwap_flip-GC-tf5-mid,vwap_flip,GC,False,-6042.625,0.23958333333333334,-8.412250935351953,False,718.3125,-869580.0,289488.0,34060,34898,False,False,False,0.0,0.08
vwap_flip-GC-tf5|nyam|,vwap_flip-GC-tf5-nyam,vwap_flip,GC,False,-2719.5416666666665,0.3645833333333333,-3.931926685642856,False,691.65625,-154028.0,-107048.0,33707,32692,False,False,False,0.0,0.08
vwap_flip-GC-tf5|pm|,vwap_flip-GC-tf5-pm,vwap_flip,GC,False,-18104.041666666668,0.0,-26.96352607164466,False,671.4270833333334,-1019628.0,-718360.0,31302,33155,False,False,False,0.0,0.08
vwap_flip-GC-tf5|pre|,vwap_flip-GC-tf5-pre,vwap_flip,GC,False,-6391.979166666667,0.1875,-11.467576153989908,False,557.3958333333334,-214564.0,-399066.0,26236,27274,False,False,False,0.0,0.08
vwap_flip-NQ-tf15|asia|,vwap_flip-NQ-tf15-asia,vwap_flip,NQ,False,-13287.895833333334,0.17708333333333334,-23.515364904971705,False,565.0729166666666,-459761.0,-815877.0,28014,26233,False,False,False,0.0,0.28
vwap_flip-NQ-tf15|eve|,vwap_flip-NQ-tf15-eve,vwap_flip,NQ,False,-46838.833333333336,0.0,-58.81504734997122,False,796.375,-1911359.0,-2585169.0,37786,38666,False,False,False,0.0,0.28
vwap_flip-NQ-tf15|london|,vwap_flip-NQ-tf15-london,vwap_flip,NQ,False,-11247.458333333334,0.28125,-13.883251472214365,False,810.1458333333334,-875358.0,-204398.0,41477,36297,False,False,False,0.0,0.28
vwap_flip-NQ-tf15|mid|,vwap_flip-NQ-tf15-mid,vwap_flip,NQ,False,-13901.0,0.3020833333333333,-29.875215473818532,False,465.3020833333333,-415391.0,-919105.0,22989,21680,False,False,False,0.001,0.28
vwap_flip-NQ-tf15|nyam|,vwap_flip-NQ-tf15-nyam,vwap_flip,NQ,False,2274.6979166666665,0.46875,10.780558846761453,False,211.0,292576.0,-74205.0,9796,10460,False,False,False,0.081,0.24
vwap_flip-NQ-tf15|pm|,vwap_flip-NQ-tf15-pm,vwap_flip,NQ,True,20467.212765957447,0.8617021276595744,42.83178235896523,False,477.8510638297872,1140665.0,783253.0,25300,19618,True,True,True,0.155,0.24
vwap_flip-NQ-tf15|pre|,vwap_flip-NQ-tf15-pre,vwap_flip,NQ,True,22880.5625,0.734375,98.83612311015119,True,231.5,795454.0,668902.0,7424,7392,True,True,True,0.668,0.24
vwap_flip-NQ-tf1|asia|,vwap_flip-NQ-tf1-asia,vwap_flip,NQ,False,-18265.552083333332,0.125,-18.004487021521275,False,1014.5,-72903.0,-1680590.0,50047,47345,False,False,False,0.0,0.28
vwap_flip-NQ-tf1|eve|,vwap_flip-NQ-tf1-eve,vwap_flip,NQ,False,-28607.791666666668,0.041666666666666664,-26.16391818381015,False,1093.40625,-729297.0,-2017051.0,51808,53159,False,False,False,0.0,0.28
vwap_flip-NQ-tf1|london|,vwap_flip-NQ-tf1-london,vwap_flip,NQ,False,-14292.78125,0.17708333333333334,-11.194659291168984,False,1276.75,-543455.0,-828652.0,61745,60823,False,False,False,0.0,0.28
vwap_flip-NQ-tf1|mid|,vwap_flip-NQ-tf1-mid,vwap_flip,NQ,False,-33071.416666666664,0.020833333333333332,-26.436424800572883,False,1250.9791666666667,1125804.0,-4300660.0,60704,59390,False,False,False,0.0,0.28
vwap_flip-NQ-tf1|nyam|,vwap_flip-NQ-tf1-nyam,vwap_flip,NQ,False,-24590.9375,0.20833333333333334,-19.62776969445022,False,1252.8645833333333,-1576562.0,-784168.0,60478,59797,False,False,False,0.0,0.28
vwap_flip-NQ-tf1|pm|,vwap_flip-NQ-tf1-pm,vwap_flip,NQ,False,-39943.75,0.020833333333333332,-32.24114011855215,False,1238.90625,-878941.0,-2955659.0,59904,59031,False,False,False,0.0,0.28
vwap_flip-NQ-tf1|pre|,vwap_flip-NQ-tf1-pre,vwap_flip,NQ,False,9984.770833333334,0.5208333333333334,10.497278591219214,False,951.1770833333334,553540.0,404998.0,45950,45363,True,False,True,0.001,0.24
vwap_flip-NQ-tf30|asia|,vwap_flip-NQ-tf30-asia,vwap_flip,NQ,False,1103.6666666666667,0.4895833333333333,4.9808198570891316,False,221.58333333333334,377479.0,-271527.0,11804,9468,False,False,False,0.05,0.24
vwap_flip-NQ-tf30|eve|,vwap_flip-NQ-tf30-eve,vwap_flip,NQ,False,-25251.114583333332,0.125,-45.97816892058494,False,549.1979166666666,-327114.0,-2096993.0,26491,26232,False,False,False,0.001,0.28
vwap_flip-NQ-tf30|london|,vwap_flip-NQ-tf30-london,vwap_flip,NQ,False,-15325.041666666666,0.20833333333333334,-31.24504098882895,False,490.4791666666667,-379074.0,-1092130.0,24341,22745,False,False,False,0.0,0.28
vwap_flip-NQ-tf30|mid|,vwap_flip-NQ-tf30-mid,vwap_flip,NQ,False,-7047.190476190476,0.20634920634920634,-38.03744002741604,False,185.26984126984127,-176068.0,-267905.0,5992,5680,False,False,False,0.006,0.28
vwap_flip-NQ-tf30|pm|,vwap_flip-NQ-tf30-pm,vwap_flip,NQ,True,8407.19642857143,0.7857142857142857,44.360972392349005,False,189.51785714285714,58698.0,412105.0,6148,4465,True,False,True,0.23,0.24
vwap_flip-NQ-tf5|asia|,vwap_flip-NQ-tf5-asia,vwap_flip,NQ,False,-4109.145833333333,0.2708333333333333,-4.7429182898090705,False,866.375,61894.0,-456372.0,43069,40103,False,False,False,0.0,0.28
vwap_flip-NQ-tf5|eve|,vwap_flip-NQ-tf5-eve,vwap_flip,NQ,False,-47956.0,0.0,-49.0865240060135,False,976.96875,-2250549.0,-2353227.0,49861,43928,False,False,False,0.0,0.28
vwap_flip-NQ-tf5|london|,vwap_flip-NQ-tf5-london,vwap_flip,NQ,False,-27901.260416666668,0.052083333333333336,-25.569629799339406,False,1091.1875,-1266750.0,-1411771.0,53325,51429,False,False,False,0.0,0.28
vwap_flip-NQ-tf5|mid|,vwap_flip-NQ-tf5-mid,vwap_flip,NQ,False,-10270.15625,0.25,-10.960313490078372,False,937.03125,1053855.0,-2039790.0,46775,43180,False,False,False,0.0,0.28
vwap_flip-NQ-tf5|nyam|,vwap_flip-NQ-tf5-nyam,vwap_flip,NQ,False,-5785.489583333333,0.3333333333333333,-7.989398429183809,False,724.1458333333334,-31775.0,-523632.0,35145,34373,False,False,False,0.003,0.28
vwap_flip-NQ-tf5|pm|,vwap_flip-NQ-tf5-pm,vwap_flip,NQ,False,-11780.572916666666,0.3333333333333333,-12.405363900619756,False,949.6354166666666,463058.0,-1593993.0,45703,45462,False,False,False,0.0,0.28
vwap_flip-NQ-tf5|pre|,vwap_flip-NQ-tf5-pre,vwap_flip,NQ,True,24798.375,0.7395833333333334,45.60271243582867,False,543.7916666666666,1679079.0,701565.0,25764,26440,True,True,True,0.204,0.24
vwap_z-ES-tf15|asia|,vwap_z-ES-tf15-asia,vwap_z,ES,False,-5538.94921875,0.203125,-17.774851455361397,False,311.6171875,-408509.5,-300476.0,20143,19744,False,False,False,0.0,0.08
vwap_z-ES-tf15|eve|,vwap_z-ES-tf15-eve,vwap_z,ES,False,-10279.1171875,0.1484375,-26.229033351274843,False,391.8984375,-572791.5,-742935.5,25451,24712,False,False,False,0.0,0.08
vwap_z-ES-tf15|london|,vwap_z-ES-tf15-london,vwap_z,ES,False,-13109.78515625,0.2265625,-30.43534052779541,False,430.7421875,-492924.0,-1185128.5,25406,29729,False,False,False,0.0,0.08
vwap_z-ES-tf15|mid|,vwap_z-ES-tf15-mid,vwap_z,ES,False,-7948.56746031746,0.38095238095238093,-26.489618599238256,False,300.06349206349205,-1266154.5,264635.0,17898,19910,False,False,False,0.0,0.08
vwap_z-ES-tf15|nyam|,vwap_z-ES-tf15-nyam,vwap_z,ES,False,-14313.02966101695,0.06779661016949153,-77.65229885057471,False,184.32203389830508,-784014.5,-904923.0,10688,11062,False,False,False,0.0,0.08
vwap_z-ES-tf15|pm|,vwap_z-ES-tf15-pm,vwap_z,ES,False,-16179.341666666667,0.2,-49.751973144731444,False,325.2,-1168402.0,-773119.0,17588,21436,False,False,False,0.0,0.08
vwap_z-ES-tf15|pre|,vwap_z-ES-tf15-pre,vwap_z,ES,False,-3653.5436893203882,0.17475728155339806,-35.21899859616285,False,103.7378640776699,-317779.5,-58535.5,5323,5362,False,False,False,0.001,0.08
vwap_z-ES-tf1|asia|,vwap_z-ES-tf1-asia,vwap_z,ES,False,-29752.23828125,0.0078125,-35.08938920677041,False,847.8984375,-1809656.0,-1998630.5,53764,54767,False,False,False,0.0,0.08
vwap_z-ES-tf1|eve|,vwap_z-ES-tf1-eve,vwap_z,ES,False,-38054.08203125,0.0078125,-43.50397445630331,False,874.7265625,-2462875.0,-2408047.5,61300,50665,False,False,False,0.0,0.08
vwap_z-ES-tf1|london|,vwap_z-ES-tf1-london,vwap_z,ES,False,-31594.4296875,0.0546875,-32.351919553930706,False,976.5859375,-1549064.0,-2495023.0,63741,61262,False,False,False,0.0,0.08
vwap_z-ES-tf1|mid|,vwap_z-ES-tf1-mid,vwap_z,ES,False,-10448.01171875,0.40625,-10.943728416883522,False,954.703125,-436413.0,-900932.5,61047,61155,False,False,False,0.0,0.08
vwap_z-ES-tf1|nyam|,vwap_z-ES-tf1-nyam,vwap_z,ES,False,-30778.59765625,0.046875,-32.09839331253004,False,958.8828125,-2146308.5,-1793352.0,61949,60788,False,False,False,0.0,0.08
vwap_z-ES-tf1|pm|,vwap_z-ES-tf1-pm,vwap_z,ES,False,-31820.953125,0.0859375,-32.70684878706849,False,972.9140625,-1212322.0,-2860760.0,59618,64915,False,False,False,0.0,0.08
vwap_z-ES-tf1|pre|,vwap_z-ES-tf1-pre,vwap_z,ES,False,-7226.80078125,0.375,-11.112545349703275,False,650.328125,-595535.5,-329495.0,43662,39580,False,False,False,0.0,0.08
vwap_z-ES-tf30|asia|,vwap_z-ES-tf30-asia,vwap_z,ES,True,4084.1102362204724,0.6692913385826772,26.54190973288302,False,153.8740157480315,155704.0,362978.0,9524,10018,True,False,True,0.05,0.04
vwap_z-ES-tf30|eve|,vwap_z-ES-tf30-eve,vwap_z,ES,False,-6586.028455284553,0.12195121951219512,-25.810281654240743,False,255.17073170731706,-685256.5,-124825.0,15636,15750,False,False,False,0.0,0.08
vwap_z-ES-tf30|london|,vwap_z-ES-tf30-london,vwap_z,ES,False,-5697.51171875,0.3203125,-22.853608473567107,False,249.3046875,-390560.5,-338721.0,14462,17449,False,False,False,0.0,0.08
vwap_z-ES-tf30|mid|,vwap_z-ES-tf30-mid,vwap_z,ES,True,2210.456,0.68,19.434972216360695,False,113.736,-507376.0,783683.0,6369,7848,False,False,True,0.073,0.04
vwap_z-ES-tf30|pm|,vwap_z-ES-tf30-pm,vwap_z,ES,False,-11876.331395348838,0.03488372093023256,-77.8894608403874,False,152.47674418604652,-568875.5,-452489.0,5522,7591,False,False,False,0.0,0.08
vwap_z-ES-tf5|asia|,vwap_z-ES-tf5-asia,vwap_z,ES,False,-14375.79296875,0.078125,-26.067083622558116,False,551.4921875,-951544.0,-888557.5,36436,34155,False,False,False,0.0,0.08
vwap_z-ES-tf5|eve|,vwap_z-ES-tf5-eve,vwap_z,ES,False,-14450.87890625,0.03125,-24.01444336254463,False,601.7578125,-767470.0,-1082242.5,40055,36970,False,False,False,0.0,0.08
vwap_z-ES-tf5|london|,vwap_z-ES-tf5-london,vwap_z,ES,False,-24560.83984375,0.1171875,-36.166666666666664,False,679.1015625,-797854.0,-2345933.5,43076,43849,False,False,False,0.0,0.08
vwap_z-ES-tf5|mid|,vwap_z-ES-tf5-mid,vwap_z,ES,False,-7431.76953125,0.265625,-12.889615316865624,False,576.5703125,-604806.5,-346460.0,36011,37790,False,False,False,0.0,0.08
vwap_z-ES-tf5|nyam|,vwap_z-ES-tf5-nyam,vwap_z,ES,False,-24820.18359375,0.03125,-49.91411491146758,False,497.2578125,-1930142.0,-1246841.5,31348,32301,False,False,False,0.0,0.08
vwap_z-ES-tf5|pm|,vwap_z-ES-tf5-pm,vwap_z,ES,False,-19364.35546875,0.1875,-32.1900974025974,False,601.5625,-1008453.5,-1470184.0,36229,40771,False,False,False,0.0,0.08
vwap_z-ES-tf5|pre|,vwap_z-ES-tf5-pre,vwap_z,ES,False,-5706.625,0.21875,-23.124956469433627,False,246.7734375,-20575.0,-709873.0,16050,15537,False,False,False,0.0,0.08
vwap_z-GC-tf15|asia|,vwap_z-GC-tf15-asia,vwap_z,GC,False,-10407.390625,0.3359375,-36.244925722370354,False,287.140625,-484780.0,-847366.0,17735,19019,False,False,False,0.0,0.0
vwap_z-GC-tf15|eve|,vwap_z-GC-tf15-eve,vwap_z,GC,False,-18763.46875,0.0078125,-42.71933974849256,False,439.2265625,-1327738.0,-1073986.0,28462,27759,False,False,False,0.0,0.0
vwap_z-GC-tf15|london|,vwap_z-GC-tf15-london,vwap_z,GC,False,-11236.53125,0.421875,-28.332597904026475,False,396.59375,-829696.0,-608580.0,25084,25680,False,False,False,0.0,0.0
vwap_z-GC-tf15|mid|,vwap_z-GC-tf15-mid,vwap_z,GC,False,-7036.5684210526315,0.1368421052631579,-25.200708738596095,False,279.22105263157897,-321232.0,-347242.0,13808,12718,False,False,False,0.0,0.0
vwap_z-GC-tf15|nyam|,vwap_z-GC-tf15-nyam,vwap_z,GC,False,-4775.122807017544,0.4298245614035088,-40.6818623421269,False,117.37719298245614,-422754.0,-121610.0,6411,6970,False,False,False,0.0,0.0
vwap_z-GC-tf15|pm|,vwap_z-GC-tf15-pm,vwap_z,GC,False,-6087.227272727273,0.022727272727272728,-20.76746530200822,False,293.1136363636364,-244644.0,-291032.0,13421,12373,False,False,False,0.0,0.0
vwap_z-GC-tf15|pre|,vwap_z-GC-tf15-pre,vwap_z,GC,False,-342.6666666666667,0.5833333333333334,-3.581881533101045,False,95.66666666666667,229642.0,-262538.0,4622,4562,False,False,False,0.0,0.0
vwap_z-GC-tf1|asia|,vwap_z-GC-tf1-asia,vwap_z,GC,False,-25295.046875,0.140625,-32.12579377678997,False,787.375,-1592268.0,-1645498.0,50137,50647,False,False,False,0.0,0.0
vwap_z-GC-tf1|eve|,vwap_z-GC-tf1-eve,vwap_z,GC,False,-15621.3125,0.171875,-17.944735118059356,False,870.5234375,-1568842.0,-430686.0,56523,54904,False,False,False,0.0,0.0
vwap_z-GC-tf1|london|,vwap_z-GC-tf1-london,vwap_z,GC,False,-23737.078125,0.0703125,-26.052493483331048,False,911.125,-2044576.0,-993770.0,54789,61835,False,False,False,0.0,0.0
vwap_z-GC-tf1|mid|,vwap_z-GC-tf1-mid,vwap_z,GC,False,-24791.609375,0.0,-34.01243314504978,False,728.8984375,-2147492.0,-1025834.0,48568,44731,False,False,False,0.0,0.0
vwap_z-GC-tf1|nyam|,vwap_z-GC-tf1-nyam,vwap_z,GC,False,-25071.84375,0.0,-34.58408948854452,False,724.953125,-1686846.0,-1522350.0,45909,46885,False,False,False,0.0,0.0
vwap_z-GC-tf1|pm|,vwap_z-GC-tf1-pm,vwap_z,GC,False,-12750.796875,0.078125,-17.706942380089615,False,720.1015625,-1054078.0,-578024.0,47122,45051,False,False,False,0.0,0.0
vwap_z-GC-tf1|pre|,vwap_z-GC-tf1-pre,vwap_z,GC,False,-7284.40625,0.2890625,-11.369255343795345,False,640.7109375,-1336686.0,404282.0,39904,42107,False,False,False,0.0,0.0
vwap_z-GC-tf30|asia|,vwap_z-GC-tf30-asia,vwap_z,GC,False,-3329.4126984126983,0.36507936507936506,-24.787638856062397,False,134.31746031746033,-182090.0,-237416.0,8165,8759,False,False,False,0.0,0.0
vwap_z-GC-tf30|eve|,vwap_z-GC-tf30-eve,vwap_z,GC,False,-10172.84375,0.2734375,-35.806082604630696,False,284.109375,-945230.0,-356894.0,17805,18561,False,False,False,0.0,0.0
vwap_z-GC-tf30|london|,vwap_z-GC-tf30-london,vwap_z,GC,False,-7413.136,0.24,-31.2337198328165,False,237.344,-502680.0,-423962.0,14950,14718,False,False,False,0.0,0.0
vwap_z-GC-tf30|mid|,vwap_z-GC-tf30-mid,vwap_z,GC,False,-3851.0140845070423,0.07042253521126761,-31.9492872166394,False,120.53521126760563,-319558.0,46136.0,4362,4196,False,False,False,0.0,0.0
vwap_z-GC-tf30|pm|,vwap_z-GC-tf30-pm,vwap_z,GC,False,-2518.2950819672133,0.32786885245901637,-18.56611070824269,False,135.63934426229508,-74988.0,-78628.0,4327,3947,False,False,False,0.0,0.0
vwap_z-GC-tf5|asia|,vwap_z-GC-tf5-asia,vwap_z,GC,False,-16899.625,0.1171875,-32.91566998387048,False,513.421875,-1311250.0,-851902.0,32860,32858,False,False,False,0.0,0.0
vwap_z-GC-tf5|eve|,vwap_z-GC-tf5-eve,vwap_z,GC,False,-20625.75,0.0078125,-32.495888927182314,False,634.71875,-1468206.0,-1171890.0,40099,41145,False,False,False,0.0,0.0
vwap_z-GC-tf5|london|,vwap_z-GC-tf5-london,vwap_z,GC,False,-19844.53125,0.1640625,-31.934875534322355,False,621.40625,-1681122.0,-858978.0,37663,41877,False,False,False,0.0,0.0
vwap_z-GC-tf5|mid|,vwap_z-GC-tf5-mid,vwap_z,GC,False,-12622.71544715447,0.016260162601626018,-29.66588963619688,False,425.4959349593496,-967748.0,-584846.0,27052,25284,False,False,False,0.0,0.0
vwap_z-GC-tf5|nyam|,vwap_z-GC-tf5-nyam,vwap_z,GC,False,-3218.734375,0.5703125,-9.58870761281914,False,335.6796875,-437886.0,25888.0,21889,21078,False,False,False,0.0,0.0
vwap_z-GC-tf5|pm|,vwap_z-GC-tf5-pm,vwap_z,GC,False,-10178.479338842975,0.0,-23.209633649932158,False,438.54545454545456,-606918.0,-624678.0,27367,25697,False,False,False,0.0,0.0
vwap_z-GC-tf5|pre|,vwap_z-GC-tf5-pre,vwap_z,GC,False,-177.0569105691057,0.3902439024390244,-0.6995374534241295,False,253.10569105691056,-434114.0,412336.0,15541,15591,False,False,False,0.0,0.0
vwap_z-NQ-tf15|asia|,vwap_z-NQ-tf15-asia,vwap_z,NQ,False,-84.015625,0.4453125,-0.279571569697915,False,300.515625,455879.0,-466633.0,19044,19422,False,False,False,0.001,0.36
vwap_z-NQ-tf15|eve|,vwap_z-NQ-tf15-eve,vwap_z,NQ,True,12728.28125,0.796875,32.16623889437315,False,395.703125,656499.0,972721.0,26794,23856,True,False,True,0.06,0.32
vwap_z-NQ-tf15|london|,vwap_z-NQ-tf15-london,vwap_z,NQ,False,-5708.811023622047,0.4094488188976378,-13.199923533481412,False,432.48818897637796,-8236.0,-716783.0,26769,28157,False,False,False,0.0,0.36
vwap_z-NQ-tf15|mid|,vwap_z-NQ-tf15-mid,vwap_z,NQ,False,1583.2619047619048,0.4523809523809524,5.506845911776073,False,287.5079365079365,-676309.0,875800.0,16526,19700,False,False,False,0.014,0.32
vwap_z-NQ-tf15|nyam|,vwap_z-NQ-tf15-nyam,vwap_z,NQ,False,-11662.595238095239,0.3333333333333333,-67.4757553494352,False,172.84126984126985,-444737.0,-1024750.0,10668,11110,False,False,False,0.002,0.36
vwap_z-NQ-tf15|pm|,vwap_z-NQ-tf15-pm,vwap_z,NQ,False,-16035.542372881357,0.06779661016949153,-47.434107944147804,False,338.0593220338983,-1052800.0,-839394.0,18105,21786,False,False,False,0.0,0.36
vwap_z-NQ-tf15|pre|,vwap_z-NQ-tf15-pre,vwap_z,NQ,False,-4894.972477064221,0.30275229357798167,-51.86158631415241,False,94.38532110091744,-376544.0,-157008.0,4886,5402,False,False,False,0.003,0.36
vwap_z-NQ-tf1|asia|,vwap_z-NQ-tf1-asia,vwap_z,NQ,False,-7000.7109375,0.2890625,-8.536313753881913,False,820.109375,-127531.0,-768560.0,52629,52345,False,False,False,0.0,0.36
vwap_z-NQ-tf1|eve|,vwap_z-NQ-tf1-eve,vwap_z,NQ,False,-17236.3203125,0.21875,-19.577863360871763,False,880.3984375,-1265943.0,-940306.0,60717,51974,False,False,False,0.0,0.36
vwap_z-NQ-tf1|london|,vwap_z-NQ-tf1-london,vwap_z,NQ,False,-15193.8515625,0.1796875,-15.900426777421675,False,955.5625,-536689.0,-1408124.0,64116,58196,False,False,False,0.0,0.36
vwap_z-NQ-tf1|mid|,vwap_z-NQ-tf1-mid,vwap_z,NQ,False,-2533.4453125,0.46875,-2.6389196315224113,False,960.03125,526740.0,-851021.0,59575,63309,False,False,False,0.0,0.36
vwap_z-NQ-tf1|nyam|,vwap_z-NQ-tf1-nyam,vwap_z,NQ,False,-6651.1796875,0.390625,-6.947308721765244,False,957.375,-812670.0,-38681.0,60800,61744,False,False,False,0.0,0.36
vwap_z-NQ-tf1|pm|,vwap_z-NQ-tf1-pm,vwap_z,NQ,False,-10812.0390625,0.265625,-11.096028029889997,False,974.40625,973363.0,-2357304.0,59468,65256,False,False,False,0.0,0.36
vwap_z-NQ-tf1|pre|,vwap_z-NQ-tf1-pre,vwap_z,NQ,False,-1745.75,0.421875,-2.6994285990408193,False,646.7109375,-587601.0,364145.0,41164,41615,False,False,False,0.0,0.36
vwap_z-NQ-tf30|asia|,vwap_z-NQ-tf30-asia,vwap_z,NQ,True,4454.75,0.609375,31.162312821073343,False,142.953125,435734.0,134474.0,8269,10029,True,False,True,0.152,0.32
vwap_z-NQ-tf30|eve|,vwap_z-NQ-tf30-eve,vwap_z,NQ,True,12670.2265625,0.8125,51.560660011445286,False,245.734375,373489.0,1248300.0,16039,15415,True,False,True,0.275,0.32
vwap_z-NQ-tf30|london|,vwap_z-NQ-tf30-london,vwap_z,NQ,True,2637.336,0.656,10.266162182361734,False,256.896,202239.0,127428.0,14949,17163,True,False,True,0.034,0.32
vwap_z-NQ-tf30|mid|,vwap_z-NQ-tf30-mid,vwap_z,NQ,True,8222.89423076923,0.7403846153846154,67.1467493718593,False,122.46153846153847,-356082.0,1211263.0,5713,7023,False,False,True,0.47,0.32
vwap_z-NQ-tf30|pm|,vwap_z-NQ-tf30-pm,vwap_z,NQ,False,-12455.118279569893,0.053763440860215055,-93.49632738719832,False,133.21505376344086,-632073.0,-526253.0,5057,7332,False,False,False,0.0,0.36
vwap_z-NQ-tf5|asia|,vwap_z-NQ-tf5-asia,vwap_z,NQ,False,8827.390625,0.5625,16.44073567499927,False,536.921875,1111075.0,18831.0,35215,33511,True,False,True,0.0,0.32
vwap_z-NQ-tf5|eve|,vwap_z-NQ-tf5-eve,vwap_z,NQ,False,2813.40625,0.5078125,4.619477654061265,False,609.03125,-105285.0,465401.0,41155,36801,False,False,True,0.0,0.32
vwap_z-NQ-tf5|london|,vwap_z-NQ-tf5-london,vwap_z,NQ,False,-6346.53125,0.390625,-9.542647041548708,False,665.0703125,1011678.0,-1824034.0,42708,42421,False,False,False,0.0,0.36
vwap_z-NQ-tf5|mid|,vwap_z-NQ-tf5-mid,vwap_z,NQ,False,5948.937007874016,0.5118110236220472,10.308568699686179,False,577.0866141732283,386738.0,368777.0,33998,39292,True,False,True,0.007,0.32
vwap_z-NQ-tf5|nyam|,vwap_z-NQ-tf5-nyam,vwap_z,NQ,False,-21229.9296875,0.2421875,-41.67263721265469,False,509.4453125,-2062811.0,-654620.0,31779,33430,False,False,False,0.0,0.36
vwap_z-NQ-tf5|pm|,vwap_z-NQ-tf5-pm,vwap_z,NQ,False,-11762.88188976378,0.1968503937007874,-19.17598582871226,False,613.4173228346457,-86165.0,-1407721.0,36715,41189,False,False,False,0.0,0.36
vwap_z-NQ-tf5|pre|,vwap_z-NQ-tf5-pre,vwap_z,NQ,False,-6286.589285714285,0.2767857142857143,-23.076101206082853,False,272.42857142857144,-47564.0,-656534.0,15866,14646,False,False,False,0.001,0.36
late_mom-ES-tf30|pm|,late_mom-ES-tf30-pm,late_mom,ES,False,-14326.119607843137,0.058823529411764705,-34.87936927733275,False,410.73333333333335,-2978184.0,-674976.5,52846,51891,False,False,False,0.0,0.0
late_mom-GC-tf30|pm|,late_mom-GC-tf30-pm,late_mom,GC,False,-4622.176470588235,0.07058823529411765,-11.431044515565901,False,404.3529411764706,-542492.0,-243278.0,34858,33882,False,False,False,0.0,0.0
late_mom-NQ-tf30|pm|,late_mom-NQ-tf30-pm,late_mom,NQ,False,-6697.3293172690765,0.30522088353413657,-15.030509238395673,False,445.58232931726906,-2562627.0,894992.0,56263,54687,False,False,False,0.0,0.0
open_fade-ES-tf1|nyam|,open_fade-ES-tf1-nyam,open_fade,ES,False,-45940.265625,0.0,-34.265933476811675,False,1340.6979166666667,-2580359.5,-1829906.0,60368,68339,False,False,False,0.0,0.0
open_fade-ES-tf5|nyam|,open_fade-ES-tf5-nyam,open_fade,ES,False,-19031.046875,0.010416666666666666,-31.301600219302003,False,607.9895833333334,-1918019.0,91038.5,28761,29606,False,False,False,0.0,0.0
open_fade-GC-tf1|nyam|,open_fade-GC-tf1-nyam,open_fade,GC,False,-26954.895833333332,0.0,-26.16583244855655,False,1030.15625,-1216640.0,-1371030.0,48895,50000,False,False,False,0.0,0.0
open_fade-GC-tf5|nyam|,open_fade-GC-tf5-nyam,open_fade,GC,False,-11070.229166666666,0.041666666666666664,-22.35092958694372,False,495.2916666666667,-966128.0,-96614.0,23557,23991,False,False,False,0.0,0.0
open_fade-NQ-tf1|nyam|,open_fade-NQ-tf1-nyam,open_fade,NQ,False,-11591.59375,0.3125,-8.03478053676253,False,1442.6770833333333,-410817.0,-701976.0,66438,72059,False,False,False,0.0,1.0
open_fade-NQ-tf5|nyam|,open_fade-NQ-tf5-nyam,open_fade,NQ,False,6450.583333333333,0.3854166666666667,9.47657086891317,False,680.6875,-472673.0,1091929.0,31012,34334,False,False,False,0.028,0.0
orb_confirm-ES-tf15|mid|dir=long,orb_confirm-ES-tf15-mid:dir=long,orb_confirm,ES,True,7386.536458333333,0.6770833333333334,27.357542438271604,False,270.0,709107.5,0.0,25920,0,True,False,True,0.062,0.5294117647058824
orb_confirm-ES-tf15|mid|dir=short,orb_confirm-ES-tf15-mid:dir=short,orb_confirm,ES,False,-4054.2604166666665,0.34375,-15.633394922879177,False,259.3333333333333,0.0,-389209.0,0,24896,False,False,False,0.004,0.5882352941176471
orb_confirm-ES-tf15|nyam|dir=long,orb_confirm-ES-tf15-nyam:dir=long,orb_confirm,ES,False,1430.542105263158,0.5157894736842106,7.954899321002107,False,179.83157894736843,135901.5,0.0,17084,0,True,False,True,0.017,0.5294117647058824
orb_confirm-ES-tf15|nyam|dir=short,orb_confirm-ES-tf15-nyam:dir=short,orb_confirm,ES,False,-572.5,0.3645833333333333,-3.1513761467889907,False,181.66666666666666,0.0,-54960.0,0,17440,False,False,False,0.015,0.5882352941176471
orb_confirm-ES-tf15|pm|dir=long,orb_confirm-ES-tf15-pm:dir=long,orb_confirm,ES,True,6438.166666666667,0.6875,22.40661252900232,False,287.3333333333333,618064.0,0.0,27584,0,True,False,True,0.013,0.5294117647058824
orb_confirm-ES-tf15|pm|dir=short,orb_confirm-ES-tf15-pm:dir=short,orb_confirm,ES,False,5635.838541666667,0.5729166666666666,21.84433543281654,False,258.0,0.0,541040.5,0,24768,True,False,True,0.047,0.5294117647058824
orb_confirm-ES-tf1|mid|dir=long,orb_confirm-ES-tf1-mid:dir=long,orb_confirm,ES,False,4420.223958333333,0.5625,14.620365904079383,False,302.3333333333333,424341.5,0.0,29024,0,True,False,True,0.002,0.5294117647058824
orb_confirm-ES-tf1|mid|dir=short,orb_confirm-ES-tf1-mid:dir=short,orb_confirm,ES,False,-8049.052083333333,0.125,-27.502455865603643,False,292.6666666666667,0.0,-772709.0,0,28096,False,False,False,0.0,0.5882352941176471
orb_confirm-ES-tf1|nyam|dir=long,orb_confirm-ES-tf1-nyam:dir=long,orb_confirm,ES,False,346.8854166666667,0.46875,1.3728974274406331,False,252.66666666666666,33301.0,0.0,24256,0,True,False,False,0.0,0.5294117647058824
orb_confirm-ES-tf1|nyam|dir=short,orb_confirm-ES-tf1-nyam:dir=short,orb_confirm,ES,False,-10654.864583333334,0.09375,-40.51279309252218,False,263.0,0.0,-1022867.0,0,25248,False,False,False,0.0,0.5882352941176471
orb_confirm-ES-tf1|pm|dir=long,orb_confirm-ES-tf1-pm:dir=long,orb_confirm,ES,True,4275.296875,0.6041666666666666,13.458437172088143,False,317.6666666666667,410428.5,0.0,30496,0,True,True,True,0.001,0.5294117647058824
orb_confirm-ES-tf1|pm|dir=short,orb_confirm-ES-tf1-pm:dir=short,orb_confirm,ES,False,-1878.6822916666667,0.3854166666666667,-6.463356508027523,False,290.6666666666667,0.0,-180353.5,0,27904,False,False,False,0.0,0.5882352941176471
orb_confirm-ES-tf5|mid|dir=long,orb_confirm-ES-tf5-mid:dir=long,orb_confirm,ES,False,6600.463541666667,0.59375,23.132465683411215,False,285.3333333333333,633644.5,0.0,27392,0,True,False,True,0.033,0.5294117647058824
orb_confirm-ES-tf5|mid|dir=short,orb_confirm-ES-tf5-mid:dir=short,orb_confirm,ES,False,-2353.53125,0.3020833333333333,-8.425529534606206,False,279.3333333333333,0.0,-225939.0,0,26816,False,False,False,0.002,0.5882352941176471
orb_confirm-ES-tf5|nyam|dir=long,orb_confirm-ES-tf5-nyam:dir=long,orb_confirm,ES,False,1525.9635416666667,0.5104166666666666,6.884046052631579,False,221.66666666666666,146492.5,0.0,21280,0,True,False,True,0.006,0.5294117647058824
orb_confirm-ES-tf5|nyam|dir=short,orb_confirm-ES-tf5-nyam:dir=short,orb_confirm,ES,False,-7673.880208333333,0.17708333333333334,-34.88127367424242,False,220.0,0.0,-736692.5,0,21120,False,False,False,0.0,0.5882352941176471
orb_confirm-ES-tf5|pm|dir=long,orb_confirm-ES-tf5-pm:dir=long,orb_confirm,ES,True,9406.385416666666,0.8333333333333334,31.215880807522122,False,301.3333333333333,903013.0,0.0,28928,0,True,True,True,0.047,0.5294117647058824
orb_confirm-ES-tf5|pm|dir=short,orb_confirm-ES-tf5-pm:dir=short,orb_confirm,ES,False,-1416.515625,0.3958333333333333,-5.052968935790726,False,280.3333333333333,0.0,-135985.5,0,26912,False,False,False,0.001,0.5882352941176471
orb_confirm-GC-tf15|mid|dir=long,orb_confirm-GC-tf15-mid:dir=long,orb_confirm,GC,False,-2912.75,0.21875,-12.342161016949152,False,236.0,-279624.0,0.0,22656,0,False,False,False,0.0,0.29411764705882354
orb_confirm-GC-tf15|mid|dir=short,orb_confirm-GC-tf15-mid:dir=short,orb_confirm,GC,True,2410.1739130434785,0.6195652173913043,10.42433359973673,False,231.20652173913044,0.0,221736.0,0,21271,True,False,True,0.0,0.23529411764705882
orb_confirm-GC-tf15|nyam|dir=long,orb_confirm-GC-tf15-nyam:dir=long,orb_confirm,GC,False,-2529.1157894736843,0.3368421052631579,-15.507034981283077,False,163.09473684210528,-240266.0,0.0,15494,0,False,False,False,0.0,0.29411764705882354
orb_confirm-GC-tf15|nyam|dir=short,orb_confirm-GC-tf15-nyam:dir=short,orb_confirm,GC,False,-1176.6881720430108,0.3655913978494624,-7.040597053335907,False,167.1290322580645,0.0,-109432.0,0,15543,False,False,False,0.0,0.29411764705882354
orb_confirm-GC-tf15|pm|dir=long,orb_confirm-GC-tf15-pm:dir=long,orb_confirm,GC,False,272.0416666666667,0.5416666666666666,1.2403115501519757,False,219.33333333333334,26116.0,0.0,21056,0,True,False,True,0.0,0.23529411764705882
orb_confirm-GC-tf15|pm|dir=short,orb_confirm-GC-tf15-pm:dir=short,orb_confirm,GC,False,-2260.516129032258,0.11827956989247312,-10.017058178872636,False,225.66666666666666,0.0,-210228.0,0,20987,False,False,False,0.0,0.29411764705882354
orb_confirm-GC-tf1|mid|dir=long,orb_confirm-GC-tf1-mid:dir=long,orb_confirm,GC,False,-3027.3541666666665,0.22916666666666666,-11.324267456359102,False,267.3333333333333,-290626.0,0.0,25664,0,False,False,False,0.0,0.29411764705882354
orb_confirm-GC-tf1|mid|dir=short,orb_confirm-GC-tf1-mid:dir=short,orb_confirm,GC,False,1527.1666666666667,0.59375,5.806717363751584,False,263.0,0.0,146608.0,0,25248,True,False,True,0.0,0.23529411764705882
orb_confirm-GC-tf1|nyam|dir=long,orb_confirm-GC-tf1-nyam:dir=long,orb_confirm,GC,False,-4861.458333333333,0.16666666666666666,-19.842687074829932,False,245.0,-466700.0,0.0,23520,0,False,False,False,0.0,0.29411764705882354
orb_confirm-GC-tf1|nyam|dir=short,orb_confirm-GC-tf1-nyam:dir=short,orb_confirm,GC,False,-1952.3333333333333,0.3229166666666667,-8.157381615598887,False,239.33333333333334,0.0,-187424.0,0,22976,False,False,False,0.0,0.29411764705882354
orb_confirm-GC-tf1|pm|dir=long,orb_confirm-GC-tf1-pm:dir=long,orb_confirm,GC,False,715.7708333333334,0.5104166666666666,2.9741170360110805,False,240.66666666666666,68714.0,0.0,23104,0,True,False,True,0.0,0.23529411764705882
orb_confirm-GC-tf1|pm|dir=short,orb_confirm-GC-tf1-pm:dir=short,orb_confirm,GC,False,-1971.2708333333333,0.2916666666666667,-7.948672715053763,False,248.0,0.0,-189242.0,0,23808,False,False,False,0.0,0.29411764705882354
orb_confirm-GC-tf5|mid|dir=long,orb_confirm-GC-tf5-mid:dir=long,orb_confirm,GC,False,-1307.7916666666667,0.375,-5.121899477806789,False,255.33333333333334,-125548.0,0.0,24512,0,False,False,False,0.0,0.29411764705882354
orb_confirm-GC-tf5|mid|dir=short,orb_confirm-GC-tf5-mid:dir=short,orb_confirm,GC,True,3139.8526315789472,0.6421052631578947,12.687082642167496,False,247.4842105263158,0.0,298286.0,0,23511,True,False,True,0.0,0.23529411764705882
orb_confirm-GC-tf5|nyam|dir=long,orb_confirm-GC-tf5-nyam:dir=long,orb_confirm,GC,False,-3105.8958333333335,0.3333333333333333,-14.860745614035087,False,209.0,-298166.0,0.0,20064,0,False,False,False,0.0,0.29411764705882354
orb_confirm-GC-tf5|nyam|dir=short,orb_confirm-GC-tf5-nyam:dir=short,orb_confirm,GC,False,-2956.7368421052633,0.21052631578947367,-14.019965061143,False,210.89473684210526,0.0,-280890.0,0,20035,False,False,False,0.0,0.29411764705882354
orb_confirm-GC-tf5|pm|dir=long,orb_confirm-GC-tf5-pm:dir=long,orb_confirm,GC,False,-532.3125,0.4166666666666667,-2.2846030042918457,False,233.0,-51102.0,0.0,22368,0,False,False,False,0.0,0.29411764705882354
orb_confirm-GC-tf5|pm|dir=short,orb_confirm-GC-tf5-pm:dir=short,orb_confirm,GC,False,-2407.2291666666665,0.21875,-9.919900412087912,False,242.66666666666666,0.0,-231094.0,0,23296,False,False,False,0.0,0.29411764705882354
orb_confirm-NQ-tf15|mid|dir=long,orb_confirm-NQ-tf15-mid:dir=long,orb_confirm,NQ,True,24313.427083333332,0.90625,90.9479816084788,True,267.3333333333333,2334089.0,0.0,25664,0,True,False,True,0.664,0.7647058823529411
orb_confirm-NQ-tf15|mid|dir=short,orb_confirm-NQ-tf15-mid:dir=short,orb_confirm,NQ,False,3461.2083333333335,0.4583333333333333,14.263221153846153,False,242.66666666666666,0.0,332276.0,0,23296,True,False,False,0.107,0.7647058823529411
orb_confirm-NQ-tf15|nyam|dir=long,orb_confirm-NQ-tf15-nyam:dir=long,orb_confirm,NQ,True,6039.578947368421,0.6842105263157895,34.69972785001512,False,174.05263157894737,573760.0,0.0,16535,0,True,False,True,0.25,0.7647058823529411
orb_confirm-NQ-tf15|nyam|dir=short,orb_confirm-NQ-tf15-nyam:dir=short,orb_confirm,NQ,True,16402.947916666668,0.6666666666666666,94.81472784200385,True,173.0,0.0,1574683.0,0,16608,True,False,True,0.6,0.7647058823529411
orb_confirm-NQ-tf15|pm|dir=long,orb_confirm-NQ-tf15-pm:dir=long,orb_confirm,NQ,True,25788.010416666668,0.875,91.88127226840855,True,280.6666666666667,2475649.0,0.0,26944,0,True,True,True,0.715,0.7647058823529411
orb_confirm-NQ-tf15|pm|dir=short,orb_confirm-NQ-tf15-pm:dir=short,orb_confirm,NQ,False,6256.28125,0.4895833333333333,24.89236571618037,False,251.33333333333334,0.0,600603.0,0,24128,True,False,False,0.164,0.7647058823529411
orb_confirm-NQ-tf1|mid|dir=long,orb_confirm-NQ-tf1-mid:dir=long,orb_confirm,NQ,True,22860.65625,0.96875,78.92056242807826,True,289.6666666666667,2194623.0,0.0,27808,0,True,False,True,0.576,0.7647058823529411
orb_confirm-NQ-tf1|mid|dir=short,orb_confirm-NQ-tf1-mid:dir=short,orb_confirm,NQ,False,-198.22916666666666,0.4479166666666667,-0.7252286585365854,False,273.3333333333333,0.0,-19030.0,0,26240,False,False,False,0.044,0.8235294117647058
orb_confirm-NQ-tf1|nyam|dir=long,orb_confirm-NQ-tf1-nyam:dir=long,orb_confirm,NQ,False,-930.3958333333334,0.5104166666666666,-3.6677890932982917,False,253.66666666666666,-89318.0,0.0,24352,0,False,False,False,0.019,0.8235294117647058
orb_confirm-NQ-tf1|nyam|dir=short,orb_confirm-NQ-tf1-nyam:dir=short,orb_confirm,NQ,False,81.22916666666667,0.3229166666666667,0.3189626963350785,False,254.66666666666666,0.0,7798.0,0,24448,True,False,False,0.023,0.7647058823529411
orb_confirm-NQ-tf1|pm|dir=long,orb_confirm-NQ-tf1-pm:dir=long,orb_confirm,NQ,True,11811.427083333334,0.7291666666666666,39.11068570640177,False,302.0,1133897.0,0.0,28992,0,True,False,True,0.157,0.7647058823529411
orb_confirm-NQ-tf1|pm|dir=short,orb_confirm-NQ-tf1-pm:dir=short,orb_confirm,NQ,False,-1800.3229166666667,0.34375,-6.4527703106332135,False,279.0,0.0,-172831.0,0,26784,False,False,False,0.01,0.8235294117647058
orb_confirm-NQ-tf5|mid|dir=long,orb_confirm-NQ-tf5-mid:dir=long,orb_confirm,NQ,True,25403.895833333332,0.8333333333333334,90.51269299287411,True,280.6666666666667,2438774.0,0.0,26944,0,True,False,True,0.649,0.7647058823529411
orb_confirm-NQ-tf5|mid|dir=short,orb_confirm-NQ-tf5-mid:dir=short,orb_confirm,NQ,False,6217.21875,0.4895833333333333,24.097747093023255,False,258.0,0.0,596853.0,0,24768,True,False,False,0.16,0.7647058823529411
orb_confirm-NQ-tf5|nyam|dir=long,orb_confirm-NQ-tf5-nyam:dir=long,orb_confirm,NQ,True,6760.645833333333,0.7708333333333334,30.68371785173979,False,220.33333333333334,649022.0,0.0,21152,0,True,False,True,0.174,0.7647058823529411
orb_confirm-NQ-tf5|nyam|dir=short,orb_confirm-NQ-tf5-nyam:dir=short,orb_confirm,NQ,False,3200.5104166666665,0.375,14.614202815829529,False,219.0,0.0,307249.0,0,21024,True,False,False,0.059,0.7647058823529411
orb_confirm-NQ-tf5|pm|dir=long,orb_confirm-NQ-tf5-pm:dir=long,orb_confirm,NQ,True,21618.989583333332,0.8333333333333334,74.20705806636155,True,291.3333333333333,2075423.0,0.0,27968,0,True,True,True,0.58,0.7647058823529411
orb_confirm-NQ-tf5|pm|dir=short,orb_confirm-NQ-tf5-pm:dir=short,orb_confirm,NQ,False,-625.65625,0.375,-2.3432818352059925,False,267.0,0.0,-60063.0,0,25632,False,False,False,0.038,0.8235294117647058
straddle_tight_0830-ES-tf30|pre|,straddle_tight_0830-ES-tf30-pre,straddle_tight_0830,ES,False,-7860.518518518518,0.037037037037037035,-14.793949532970863,False,531.3333333333334,-145156.0,-67078.0,6489,7857,False,False,False,0.0,0.0
straddle_tight_0830-GC-tf30|pre|,straddle_tight_0830-GC-tf30-pre,straddle_tight_0830,GC,True,4899.037037037037,0.8518518518518519,9.662794944846226,False,507.0,54126.0,78148.0,6471,7218,True,True,True,0.0,0.0
straddle_tight_0830-NQ-tf30|pre|,straddle_tight_0830-NQ-tf30-pre,straddle_tight_0830,NQ,True,9735.851851851852,1.0,18.3464544946957,False,530.6666666666666,44851.0,218017.0,6606,7722,True,True,True,0.0,0.0
straddle_tight_0930-ES-tf30|all|,straddle_tight_0930-ES-tf30-all,straddle_tight_0930,ES,False,-21483.12962962963,0.0,-37.64567107995846,False,570.6666666666666,-284242.5,-295802.0,9945,5463,False,False,False,0.0,0.0
straddle_tight_0930-GC-tf30|all|,straddle_tight_0930-GC-tf30-all,straddle_tight_0930,GC,False,-15287.333333333334,0.0,-29.626614987080103,False,516.0,-156392.0,-256366.0,6588,7344,False,False,False,0.0,0.0
straddle_tight_0930-NQ-tf30|all|,straddle_tight_0930-NQ-tf30-all,straddle_tight_0930,NQ,False,-9549.592592592593,0.0,-16.812663015127804,False,568.0,-6194.0,-251645.0,9441,5895,False,False,False,0.0,0.0
straddle_tight_1000-ES-tf30|nyam|,straddle_tight_1000-ES-tf30-nyam,straddle_tight_1000,ES,False,-11985.592592592593,0.0,-21.138611274413744,False,567.0,-204319.5,-119291.5,7758,7551,False,False,False,0.0,0.0
straddle_tight_1000-GC-tf30|nyam|,straddle_tight_1000-GC-tf30-nyam,straddle_tight_1000,GC,False,-4894.962962962963,0.2222222222222222,-9.419428408523983,False,519.6666666666666,-59310.0,-72854.0,6930,7101,False,False,False,0.0,0.0
straddle_tight_1000-NQ-tf30|nyam|,straddle_tight_1000-NQ-tf30-nyam,straddle_tight_1000,NQ,False,237.37037037037038,0.5185185185185185,0.4186426285191717,False,567.0,-130066.0,136475.0,7929,7380,False,True,True,0.0,0.0
va_reclaim-ES-tf15|asia|,va_reclaim-ES-tf15-asia,va_reclaim,ES,False,-3902.796875,0.14583333333333334,-38.97113584356147,False,100.14583333333333,-273552.5,-101116.0,4960,4654,False,False,False,0.009,0.1111111111111111
va_reclaim-ES-tf15|eve|,va_reclaim-ES-tf15-eve,va_reclaim,ES,False,-17822.65625,0.0,-91.252,False,195.3125,-1049645.0,-661330.0,8830,9920,False,False,False,0.0,0.1111111111111111
va_reclaim-ES-tf15|london|,va_reclaim-ES-tf15-london,va_reclaim,ES,False,-8077.4375,0.10416666666666667,-30.654411764705884,False,263.5,-291085.5,-484348.5,11487,13809,False,False,False,0.001,0.1111111111111111
va_reclaim-ES-tf15|mid|,va_reclaim-ES-tf15-mid,va_reclaim,ES,False,-2028.453125,0.3854166666666667,-10.917890782686701,False,185.79166666666666,-754139.0,559407.5,9866,7970,False,False,False,0.01,0.1111111111111111
va_reclaim-ES-tf15|nyam|,va_reclaim-ES-tf15-nyam,va_reclaim,ES,False,5490.755208333333,0.53125,24.545401629802097,False,223.69791666666666,-96292.5,623405.0,10520,10955,False,False,True,0.06,0.07407407407407407
va_reclaim-ES-tf15|pm|,va_reclaim-ES-tf15-pm,va_reclaim,ES,False,-7176.520833333333,0.13541666666666666,-44.308058396038334,False,161.96875,-453543.0,-235403.0,8517,7032,False,False,False,0.0,0.1111111111111111
va_reclaim-ES-tf15|pre|,va_reclaim-ES-tf15-pre,va_reclaim,ES,False,-4088.765625,0.14583333333333334,-34.5955843469064,False,118.1875,-114910.5,-277611.0,5687,5659,False,False,False,0.01,0.1111111111111111
va_reclaim-ES-tf1|asia|,va_reclaim-ES-tf1-asia,va_reclaim,ES,False,-3959.9114583333335,0.15625,-25.87648900687496,False,153.03125,-63695.0,-316456.5,7680,7011,False,False,False,0.001,0.1111111111111111
va_reclaim-ES-tf1|eve|,va_reclaim-ES-tf1-eve,va_reclaim,ES,False,-20899.78125,0.0,-76.86981341711045,False,271.8854166666667,-1181718.5,-824660.5,12364,13737,False,False,False,0.0,0.1111111111111111
va_reclaim-ES-tf1|london|,va_reclaim-ES-tf1-london,va_reclaim,ES,False,-11377.630208333334,0.07291666666666667,-34.96886505522651,False,325.3645833333333,-427526.0,-664726.5,14619,16616,False,False,False,0.0,0.1111111111111111
va_reclaim-ES-tf1|mid|,va_reclaim-ES-tf1-mid,va_reclaim,ES,False,-6976.197916666667,0.10416666666666667,-25.50323686214775,False,273.5416666666667,-988387.5,318672.5,13650,12610,False,False,False,0.0,0.1111111111111111
va_reclaim-ES-tf1|nyam|,va_reclaim-ES-tf1-nyam,va_reclaim,ES,False,-5609.364583333333,0.19791666666666666,-17.38158871566444,False,322.71875,-292097.0,-246402.0,15093,15888,False,False,False,0.0,0.1111111111111111
va_reclaim-ES-tf1|pm|,va_reclaim-ES-tf1-pm,va_reclaim,ES,False,-7949.880208333333,0.1875,-32.940070784237555,False,241.34375,-187985.0,-575203.5,12140,11029,False,False,False,0.0,0.1111111111111111
va_reclaim-ES-tf1|pre|,va_reclaim-ES-tf1-pre,va_reclaim,ES,False,-13164.552083333334,0.010416666666666666,-77.92557651991615,False,168.9375,-223647.0,-1040150.0,7768,8450,False,False,False,0.0,0.1111111111111111
va_reclaim-ES-tf30|asia|,va_reclaim-ES-tf30-asia,va_reclaim,ES,False,-3438.109375,0.125,-56.67213255494506,False,60.666666666666664,-256911.0,-73147.5,2784,3040,False,False,False,0.013,0.1111111111111111
va_reclaim-ES-tf30|eve|,va_reclaim-ES-tf30-eve,va_reclaim,ES,False,-15222.21875,0.0,-97.89864004823474,False,155.48958333333334,-839983.0,-621350.0,7327,7600,False,False,False,0.0,0.1111111111111111
va_reclaim-ES-tf30|london|,va_reclaim-ES-tf30-london,va_reclaim,ES,False,-8002.526041666667,0.20833333333333334,-34.61331380941653,False,231.19791666666666,-415962.5,-352280.0,10125,12070,False,False,False,0.002,0.1111111111111111
va_reclaim-ES-tf30|mid|,va_reclaim-ES-tf30-mid,va_reclaim,ES,False,102.796875,0.5208333333333334,0.6944268524382521,False,148.03125,-570672.0,580540.5,7868,6343,False,False,True,0.062,0.07407407407407407
va_reclaim-ES-tf30|nyam|,va_reclaim-ES-tf30-nyam,va_reclaim,ES,True,6085.692708333333,0.6979166666666666,36.09901754819575,False,168.58333333333334,-391121.5,975348.0,8121,8063,False,False,True,0.182,0.07407407407407407
va_reclaim-ES-tf30|pm|,va_reclaim-ES-tf30-pm,va_reclaim,ES,False,-1711.686170212766,0.3723404255319149,-13.20572061720289,False,129.61702127659575,-103191.5,-57707.0,6626,5558,False,False,False,0.015,0.1111111111111111
va_reclaim-ES-tf30|pre|,va_reclaim-ES-tf30-pre,va_reclaim,ES,False,-11348.213541666666,0.0,-112.55589420394669,False,100.82291666666667,-680840.0,-408588.5,4735,4944,False,False,False,0.0,0.1111111111111111
va_reclaim-ES-tf5|asia|,va_reclaim-ES-tf5-asia,va_reclaim,ES,False,-2615.609375,0.16666666666666666,-20.03338918142652,False,130.5625,-80949.5,-170149.0,6528,6006,False,False,False,0.005,0.1111111111111111
va_reclaim-ES-tf5|eve|,va_reclaim-ES-tf5-eve,va_reclaim,ES,False,-20387.583333333332,0.0,-87.46516512490504,False,233.09375,-1063770.5,-893437.5,10177,12200,False,False,False,0.0,0.1111111111111111
va_reclaim-ES-tf5|london|,va_reclaim-ES-tf5-london,va_reclaim,ES,False,-8751.359375,0.08333333333333333,-29.773912889392918,False,293.9270833333333,-421654.5,-418476.0,13098,15119,False,False,False,0.0,0.1111111111111111
va_reclaim-ES-tf5|mid|,va_reclaim-ES-tf5-mid,va_reclaim,ES,False,-6678.895833333333,0.16666666666666666,-28.90645146747216,False,231.05208333333334,-1161406.5,520232.5,11861,10320,False,False,False,0.0,0.1111111111111111
va_reclaim-ES-tf5|nyam|,va_reclaim-ES-tf5-nyam,va_reclaim,ES,False,-6318.541666666667,0.22916666666666666,-22.89413096810719,False,275.9895833333333,-594444.5,-12135.5,13258,13237,False,False,False,0.0,0.1111111111111111
va_reclaim-ES-tf5|pm|,va_reclaim-ES-tf5-pm,va_reclaim,ES,False,-6666.791666666667,0.1875,-33.24219602139926,False,200.55208333333334,-187243.5,-452768.5,10414,8839,False,False,False,0.0,0.1111111111111111
va_reclaim-ES-tf5|pre|,va_reclaim-ES-tf5-pre,va_reclaim,ES,False,-8511.880208333334,0.010416666666666666,-64.94519949133684,False,131.0625,-83519.5,-733621.0,6308,6274,False,False,False,0.001,0.1111111111111111
va_reclaim-GC-tf15|asia|,va_reclaim-GC-tf15-asia,va_reclaim,GC,False,-4108.1875,0.13541666666666666,-19.974979740680713,False,205.66666666666666,-591642.0,197256.0,10873,8871,False,False,False,0.0,0.0
va_reclaim-GC-tf15|eve|,va_reclaim-GC-tf15-eve,va_reclaim,GC,False,-20248.104166666668,0.0,-61.20911924929937,False,330.8020833333333,-1368958.0,-574860.0,16812,14945,False,False,False,0.0,0.0
va_reclaim-GC-tf15|london|,va_reclaim-GC-tf15-london,va_reclaim,GC,False,-14103.541666666666,0.010416666666666666,-44.899353341071134,False,314.1145833333333,-979452.0,-374488.0,16648,13507,False,False,False,0.0,0.0
va_reclaim-GC-tf15|mid|,va_reclaim-GC-tf15-mid,va_reclaim,GC,False,-12408.833333333334,0.0,-106.86713914057594,False,116.11458333333333,-508334.0,-682914.0,5876,5271,False,False,False,0.0,0.0
va_reclaim-GC-tf15|nyam|,va_reclaim-GC-tf15-nyam,va_reclaim,GC,False,-2153.2083333333335,0.3958333333333333,-11.014440240848298,False,195.48958333333334,117086.0,-323794.0,8676,10091,False,False,False,0.0,0.0
va_reclaim-GC-tf15|pm|,va_reclaim-GC-tf15-pm,va_reclaim,GC,False,-2685.723404255319,0.0851063829787234,-30.556523844105545,False,87.8936170212766,-141836.0,-110622.0,3989,4273,False,False,False,0.0,0.0
va_reclaim-GC-tf15|pre|,va_reclaim-GC-tf15-pre,va_reclaim,GC,False,-6209.0625,0.052083333333333336,-34.365523205534735,False,180.67708333333334,-135510.0,-460560.0,9320,8025,False,False,False,0.0,0.0
va_reclaim-GC-tf1|asia|,va_reclaim-GC-tf1-asia,va_reclaim,GC,False,-2677.5416666666665,0.28125,-9.139017279385621,False,292.9791666666667,-394122.0,137078.0,15148,12978,False,False,False,0.0,0.0
va_reclaim-GC-tf1|eve|,va_reclaim-GC-tf1-eve,va_reclaim,GC,False,-23168.666666666668,0.0,-53.623414822315446,False,432.0625,-1434350.0,-789842.0,21945,19533,False,False,False,0.0,0.0
va_reclaim-GC-tf1|london|,va_reclaim-GC-tf1-london,va_reclaim,GC,False,-3024.8333333333335,0.23958333333333334,-8.059282284699286,False,375.3229166666667,-504510.0,214126.0,19150,16881,False,False,False,0.0,0.0
va_reclaim-GC-tf1|mid|,va_reclaim-GC-tf1-mid,va_reclaim,GC,False,-15993.979166666666,0.0,-88.76297837900336,False,180.1875,-851360.0,-684062.0,9245,8053,False,False,False,0.0,0.0
va_reclaim-GC-tf1|nyam|,va_reclaim-GC-tf1-nyam,va_reclaim,GC,False,-3106.4375,0.3958333333333333,-10.667024358836786,False,291.21875,-114000.0,-184218.0,13580,14377,False,False,False,0.0,0.0
va_reclaim-GC-tf1|pm|,va_reclaim-GC-tf1-pm,va_reclaim,GC,False,-6705.729166666667,0.0,-49.9805900621118,False,134.16666666666666,-231096.0,-412654.0,6069,6811,False,False,False,0.0,0.0
va_reclaim-GC-tf1|pre|,va_reclaim-GC-tf1-pre,va_reclaim,GC,False,-4859.729166666667,0.15625,-18.675553420599655,False,260.21875,-47990.0,-418544.0,12030,12951,False,False,False,0.0,0.0
va_reclaim-GC-tf30|asia|,va_reclaim-GC-tf30-asia,va_reclaim,GC,False,-2102.5208333333335,0.21875,-15.990018220708231,False,131.48958333333334,-398596.0,196754.0,7239,5384,False,False,False,0.0,0.0
va_reclaim-GC-tf30|eve|,va_reclaim-GC-tf30-eve,va_reclaim,GC,False,-12240.979166666666,0.052083333333333336,-44.64625204209567,False,274.1770833333333,-855622.0,-319512.0,13908,12413,False,False,False,0.0,0.0
va_reclaim-GC-tf30|london|,va_reclaim-GC-tf30-london,va_reclaim,GC,False,-15607.458333333334,0.0,-57.76305948571649,False,270.1979166666667,-1017880.0,-480436.0,14405,11534,False,False,False,0.0,0.0
va_reclaim-GC-tf30|mid|,va_reclaim-GC-tf30-mid,va_reclaim,GC,False,-9619.397849462366,0.0,-108.75322149282762,False,88.45161290322581,-323736.0,-570868.0,4239,3987,False,False,False,0.0,0.0
va_reclaim-GC-tf30|nyam|,va_reclaim-GC-tf30-nyam,va_reclaim,GC,False,-4150.75,0.1875,-28.32470855843048,False,146.54166666666666,-198182.0,-200290.0,6513,7555,False,False,False,0.0,0.0
va_reclaim-GC-tf30|pm|,va_reclaim-GC-tf30-pm,va_reclaim,GC,False,-1953.8,0.125,-30.081601231716704,False,64.95,-31744.0,-124560.0,2516,2680,False,False,False,0.0,0.0
va_reclaim-GC-tf30|pre|,va_reclaim-GC-tf30-pre,va_reclaim,GC,False,-1281.4375,0.4270833333333333,-9.297007255139057,False,137.83333333333334,39592.0,-162610.0,7357,5875,False,False,False,0.0,0.0
va_reclaim-GC-tf5|asia|,va_reclaim-GC-tf5-asia,va_reclaim,GC,False,-2936.4375,0.21875,-11.34078931488112,False,258.9270833333333,-414826.0,132928.0,13574,11283,False,False,False,0.0,0.0
va_reclaim-GC-tf5|eve|,va_reclaim-GC-tf5-eve,va_reclaim,GC,False,-20645.666666666668,0.0,-54.2325835932797,False,380.6875,-1474226.0,-507758.0,19224,17322,False,False,False,0.0,0.0
va_reclaim-GC-tf5|london|,va_reclaim-GC-tf5-london,va_reclaim,GC,False,-7110.083333333333,0.09375,-20.582835775888064,False,345.4375,-658228.0,-24340.0,18232,14930,False,False,False,0.0,0.0
va_reclaim-GC-tf5|mid|,va_reclaim-GC-tf5-mid,va_reclaim,GC,False,-18774.625,0.0,-124.03578556190214,False,151.36458333333334,-834914.0,-967450.0,7751,6780,False,False,False,0.0,0.0
va_reclaim-GC-tf5|nyam|,va_reclaim-GC-tf5-nyam,va_reclaim,GC,False,-3663.3541666666665,0.3958333333333333,-15.169822714920416,False,241.48958333333334,-227538.0,-124144.0,11407,11776,False,False,False,0.0,0.0
va_reclaim-GC-tf5|pm|,va_reclaim-GC-tf5-pm,va_reclaim,GC,False,-4708.458333333333,0.03125,-42.51029812846798,False,110.76041666666667,-232230.0,-219782.0,4835,5798,False,False,False,0.0,0.0
va_reclaim-GC-tf5|pre|,va_reclaim-GC-tf5-pre,va_reclaim,GC,False,-8036.604166666667,0.125,-37.67894119945302,False,213.29166666666666,-353304.0,-418210.0,10316,10160,False,False,False,0.0,0.0
va_reclaim-NQ-tf15|asia|,va_reclaim-NQ-tf15-asia,va_reclaim,NQ,False,-2134.6770833333335,0.3020833333333333,-18.402388649425287,False,116.0,-85781.0,-119148.0,4224,6912,False,False,False,0.071,0.25925925925925924
va_reclaim-NQ-tf15|eve|,va_reclaim-NQ-tf15-eve,va_reclaim,NQ,False,-10795.625,0.11458333333333333,-59.85446144961016,False,180.36458333333334,-740557.0,-295823.0,7198,10117,False,False,False,0.005,0.25925925925925924
va_reclaim-NQ-tf15|london|,va_reclaim-NQ-tf15-london,va_reclaim,NQ,False,-23052.666666666668,0.020833333333333332,-86.80693496508982,False,265.5625,-1284043.0,-929013.0,12027,13467,False,False,False,0.0,0.25925925925925924
va_reclaim-NQ-tf15|mid|,va_reclaim-NQ-tf15-mid,va_reclaim,NQ,False,-2427.7916666666665,0.4375,-13.937806482478173,False,174.1875,-988895.0,755827.0,7875,8847,False,False,False,0.053,0.25925925925925924
va_reclaim-NQ-tf15|nyam|,va_reclaim-NQ-tf15-nyam,va_reclaim,NQ,False,19611.802083333332,0.59375,76.15309630708248,True,257.53125,535936.0,1346797.0,11466,13257,True,False,True,0.425,0.2222222222222222
va_reclaim-NQ-tf15|pm|,va_reclaim-NQ-tf15-pm,va_reclaim,NQ,False,-6534.967741935484,0.24731182795698925,-41.91971306387088,False,155.89247311827958,-371124.0,-236628.0,8026,6472,False,False,False,0.013,0.25925925925925924
va_reclaim-NQ-tf15|pre|,va_reclaim-NQ-tf15-pre,va_reclaim,NQ,False,3526.9895833333335,0.46875,27.292519748508788,False,129.22916666666666,531407.0,-192816.0,5622,6784,False,False,False,0.21,0.2222222222222222
va_reclaim-NQ-tf1|asia|,va_reclaim-NQ-tf1-asia,va_reclaim,NQ,False,-8878.885416666666,0.1875,-48.287616134149104,False,183.875,-454442.0,-397931.0,7808,9844,False,False,False,0.002,0.25925925925925924
va_reclaim-NQ-tf1|eve|,va_reclaim-NQ-tf1-eve,va_reclaim,NQ,False,-6280.083333333333,0.3229166666666667,-26.25018504811251,False,239.23958333333334,-697298.0,94410.0,9897,13070,False,False,False,0.006,0.25925925925925924
va_reclaim-NQ-tf1|london|,va_reclaim-NQ-tf1-london,va_reclaim,NQ,False,-22777.739583333332,0.020833333333333332,-70.51022184960661,False,323.0416666666667,-968756.0,-1217907.0,14564,16448,False,False,False,0.0,0.25925925925925924
va_reclaim-NQ-tf1|mid|,va_reclaim-NQ-tf1-mid,va_reclaim,NQ,False,-5314.770833333333,0.3958333333333333,-21.435929753802203,False,247.9375,-714284.0,204066.0,10326,13476,False,False,False,0.007,0.25925925925925924
va_reclaim-NQ-tf1|nyam|,va_reclaim-NQ-tf1-nyam,va_reclaim,NQ,False,169.42708333333334,0.3958333333333333,0.4778202115158637,False,354.5833333333333,-874547.0,890812.0,16088,17952,False,False,False,0.023,0.2222222222222222
va_reclaim-NQ-tf1|pm|,va_reclaim-NQ-tf1-pm,va_reclaim,NQ,False,-10566.03125,0.03125,-45.53506015442629,False,232.04166666666666,-622390.0,-391949.0,11905,10371,False,False,False,0.001,0.25925925925925924
va_reclaim-NQ-tf1|pre|,va_reclaim-NQ-tf1-pre,va_reclaim,NQ,False,-8510.864583333334,0.041666666666666664,-46.41762299738666,False,183.35416666666666,-286158.0,-530885.0,8472,9130,False,False,False,0.007,0.25925925925925924
va_reclaim-NQ-tf30|asia|,va_reclaim-NQ-tf30-asia,va_reclaim,NQ,True,2745.5625,0.625,40.775680693069305,False,67.33333333333333,-134158.0,397732.0,2272,4192,False,True,True,0.355,0.2222222222222222
va_reclaim-NQ-tf30|eve|,va_reclaim-NQ-tf30-eve,va_reclaim,NQ,False,-7408.260416666667,0.19791666666666666,-51.77207541675766,False,143.09375,-715632.0,4439.0,5898,7839,False,False,False,0.036,0.25925925925925924
va_reclaim-NQ-tf30|london|,va_reclaim-NQ-tf30-london,va_reclaim,NQ,False,-16737.166666666668,0.03125,-73.6306479699386,False,227.3125,-585497.0,-1021271.0,10128,11694,False,False,False,0.002,0.25925925925925924
va_reclaim-NQ-tf30|mid|,va_reclaim-NQ-tf30-mid,va_reclaim,NQ,False,-8707.583333333334,0.17708333333333334,-58.305642742554234,False,149.34375,-855273.0,19345.0,6702,7635,False,False,False,0.018,0.25925925925925924
va_reclaim-NQ-tf30|nyam|,va_reclaim-NQ-tf30-nyam,va_reclaim,NQ,True,16452.0625,0.7083333333333334,87.36574842349818,True,188.3125,343765.0,1235633.0,8625,9453,True,False,True,0.559,0.2222222222222222
va_reclaim-NQ-tf30|pm|,va_reclaim-NQ-tf30-pm,va_reclaim,NQ,False,-506.8131868131868,0.4725274725274725,-4.128916741271262,False,122.74725274725274,-291100.0,244980.0,6550,4620,False,False,False,0.113,0.25925925925925924
va_reclaim-NQ-tf30|pre|,va_reclaim-NQ-tf30-pre,va_reclaim,NQ,False,-772.0833333333334,0.46875,-6.862962962962963,False,112.5,120163.0,-194283.0,5008,5792,False,False,False,0.113,0.25925925925925924
va_reclaim-NQ-tf5|asia|,va_reclaim-NQ-tf5-asia,va_reclaim,NQ,False,-6626.833333333333,0.23958333333333334,-43.75651695439851,False,151.44791666666666,-126184.0,-509992.0,5856,8683,False,False,False,0.007,0.25925925925925924
va_reclaim-NQ-tf5|eve|,va_reclaim-NQ-tf5-eve,va_reclaim,NQ,False,-7975.041666666667,0.16666666666666666,-37.42686742276105,False,213.08333333333334,-610488.0,-155116.0,8687,11769,False,False,False,0.008,0.25925925925925924
va_reclaim-NQ-tf5|london|,va_reclaim-NQ-tf5-london,va_reclaim,NQ,False,-30470.15625,0.0,-102.52839116719242,False,297.1875,-1246199.0,-1678936.0,13546,14984,False,False,False,0.0,0.25925925925925924
va_reclaim-NQ-tf5|mid|,va_reclaim-NQ-tf5-mid,va_reclaim,NQ,False,-10581.3125,0.17708333333333334,-48.66369646450129,False,217.4375,-1263480.0,247674.0,9340,11534,False,False,False,0.007,0.25925925925925924
va_reclaim-NQ-tf5|nyam|,va_reclaim-NQ-tf5-nyam,va_reclaim,NQ,False,16115.333333333334,0.5833333333333334,52.40403766682474,False,307.5208333333333,-31093.0,1578165.0,13942,15580,False,False,True,0.308,0.2222222222222222
va_reclaim-NQ-tf5|pm|,va_reclaim-NQ-tf5-pm,va_reclaim,NQ,False,-8705.458333333334,0.07291666666666667,-44.78452387331868,False,194.38541666666666,-650040.0,-185684.0,9885,8776,False,False,False,0.006,0.25925925925925924
va_reclaim-NQ-tf5|pre|,va_reclaim-NQ-tf5-pre,va_reclaim,NQ,False,2868.6666666666665,0.5833333333333334,19.960281220555192,False,143.71875,481819.0,-206427.0,6429,7368,False,False,True,0.207,0.2222222222222222
vol_spike_break-ES-tf15|eve|,vol_spike_break-ES-tf15-eve,vol_spike_break,ES,False,129.18947368421053,0.4842105263157895,12.422064777327936,False,10.4,-4758.5,17031.5,574,414,False,False,False,0.241,0.3181818181818182
vol_spike_break-ES-tf15|london|,vol_spike_break-ES-tf15-london,vol_spike_break,ES,False,-10206.807291666666,0.0,-73.10157415696807,False,139.625,-519972.0,-459881.5,6018,7386,False,False,False,0.0,0.36363636363636365
vol_spike_break-ES-tf15|mid|,vol_spike_break-ES-tf15-mid,vol_spike_break,ES,False,1931.3229166666667,0.4895833333333333,9.548694443013854,False,202.26041666666666,565172.0,-379765.0,9657,9760,False,False,False,0.018,0.3181818181818182
vol_spike_break-ES-tf15|nyam|,vol_spike_break-ES-tf15-nyam,vol_spike_break,ES,False,-388.6306818181818,0.45454545454545453,-0.7382036781212226,False,526.4545454545455,495894.5,-530094.0,23542,22786,False,False,False,0.0,0.36363636363636365
vol_spike_break-ES-tf15|pm|,vol_spike_break-ES-tf15-pm,vol_spike_break,ES,True,4323.168421052632,0.9157894736842105,99.41926894214475,True,43.48421052631579,182374.5,228326.5,2097,2034,True,False,True,0.618,0.3181818181818182
vol_spike_break-ES-tf15|pre|,vol_spike_break-ES-tf15-pre,vol_spike_break,ES,False,-6840.515625,0.1875,-33.14437490536516,False,206.38541666666666,-428314.0,-228375.5,9516,10297,False,False,False,0.001,0.36363636363636365
vol_spike_break-ES-tf1|asia|,vol_spike_break-ES-tf1-asia,vol_spike_break,ES,False,-30697.088541666668,0.03125,-36.39206811810761,False,843.5104166666666,-1565456.0,-1381464.5,42389,38588,False,False,False,0.0,0.36363636363636365
vol_spike_break-ES-tf1|eve|,vol_spike_break-ES-tf1-eve,vol_spike_break,ES,False,-45736.614583333336,0.0,-48.257569929109195,False,947.7604166666666,-2480315.5,-1910399.5,45082,45903,False,False,False,0.0,0.36363636363636365
vol_spike_break-ES-tf1|london|,vol_spike_break-ES-tf1-london,vol_spike_break,ES,False,-34205.140625,0.03125,-34.95559352345671,False,978.53125,-1822998.0,-1460695.5,48237,45702,False,False,False,0.0,0.36363636363636365
vol_spike_break-ES-tf1|mid|,vol_spike_break-ES-tf1-mid,vol_spike_break,ES,False,534.84375,0.59375,1.0198629456748436,False,524.4270833333334,56303.0,-4958.0,22993,27352,False,False,True,0.0,0.3181818181818182
vol_spike_break-ES-tf1|nyam|,vol_spike_break-ES-tf1-nyam,vol_spike_break,ES,False,-7965.255208333333,0.25,-10.373536553932142,False,767.84375,-226996.5,-537668.0,38221,35492,False,False,False,0.0,0.36363636363636365
vol_spike_break-ES-tf1|pm|,vol_spike_break-ES-tf1-pm,vol_spike_break,ES,False,-9746.296875,0.13541666666666666,-15.193227026939253,False,641.4895833333334,-592904.5,-342740.0,31473,30110,False,False,False,0.0,0.36363636363636365
vol_spike_break-ES-tf1|pre|,vol_spike_break-ES-tf1-pre,vol_spike_break,ES,False,-18548.385416666668,0.020833333333333332,-35.187135658531766,False,527.1354166666666,-823655.5,-956989.5,24992,25613,False,False,False,0.0,0.36363636363636365
vol_spike_break-ES-tf30|mid|,vol_spike_break-ES-tf30-mid,vol_spike_break,ES,False,-2436.6882352941175,0.3176470588235294,-8.715641306177412,False,279.5764705882353,442085.5,-649204.0,12763,11001,False,False,False,0.003,0.36363636363636365
vol_spike_break-ES-tf30|nyam|,vol_spike_break-ES-tf30-nyam,vol_spike_break,ES,False,11184.625,0.59375,59.17791005291005,False,189.0,189266.0,168642.0,3296,2752,True,True,True,0.302,0.3181818181818182
vol_spike_break-ES-tf30|pm|,vol_spike_break-ES-tf30-pm,vol_spike_break,ES,True,9126.768817204302,0.7956989247311828,74.05247775257372,False,123.24731182795699,504045.0,344744.5,4995,6467,True,True,True,0.467,0.3181818181818182
vol_spike_break-ES-tf5|asia|,vol_spike_break-ES-tf5-asia,vol_spike_break,ES,False,-12203.375,0.125,-40.00969912229773,False,305.0104166666667,-883050.5,-288473.5,13922,15359,False,False,False,0.0,0.36363636363636365
vol_spike_break-ES-tf5|eve|,vol_spike_break-ES-tf5-eve,vol_spike_break,ES,False,-26926.583333333332,0.0,-62.72176255065149,False,429.3020833333333,-990421.0,-1594531.0,18699,22514,False,False,False,0.0,0.36363636363636365
vol_spike_break-ES-tf5|london|,vol_spike_break-ES-tf5-london,vol_spike_break,ES,False,-18647.598958333332,0.020833333333333332,-30.248035753510297,False,616.4895833333334,-1040958.0,-749211.5,30077,29106,False,False,False,0.0,0.36363636363636365
vol_spike_break-ES-tf5|mid|,vol_spike_break-ES-tf5-mid,vol_spike_break,ES,True,3581.063157894737,0.9157894736842105,76.346723518851,True,46.90526315789474,-33127.0,373328.0,1538,2918,False,True,True,0.508,0.3181818181818182
vol_spike_break-ES-tf5|nyam|,vol_spike_break-ES-tf5-nyam,vol_spike_break,ES,False,-6231.125,0.40625,-9.855314101191162,False,632.2604166666666,238242.5,-836430.5,30355,30342,False,False,False,0.0,0.36363636363636365
vol_spike_break-ES-tf5|pm|,vol_spike_break-ES-tf5-pm,vol_spike_break,ES,False,1426.7291666666667,0.5,7.621501307662345,False,187.19791666666666,178235.5,-41269.5,8713,9258,False,False,True,0.007,0.3181818181818182
vol_spike_break-ES-tf5|pre|,vol_spike_break-ES-tf5-pre,vol_spike_break,ES,False,-13141.161458333334,0.010416666666666666,-44.631412297459846,False,294.4375,-478958.5,-782593.0,12799,15467,False,False,False,0.0,0.36363636363636365
vol_spike_break-GC-tf15|eve|,vol_spike_break-GC-tf15-eve,vol_spike_break,GC,False,-267.8541666666667,0.2916666666666667,-11.817095588235293,False,22.666666666666668,-478.0,-25236.0,832,1344,False,False,False,0.064,0.2727272727272727
vol_spike_break-GC-tf15|london|,vol_spike_break-GC-tf15-london,vol_spike_break,GC,False,-12763.416666666666,0.010416666666666666,-84.87137216873312,False,150.38541666666666,-782790.0,-442498.0,7200,7237,False,False,False,0.0,0.2727272727272727
vol_spike_break-GC-tf15|mid|,vol_spike_break-GC-tf15-mid,vol_spike_break,GC,False,-650.183908045977,0.26436781609195403,-22.061622464898598,False,29.471264367816094,-79882.0,23316.0,1303,1261,False,False,False,0.009,0.2727272727272727
vol_spike_break-GC-tf15|nyam|,vol_spike_break-GC-tf15-nyam,vol_spike_break,GC,False,-4195.75,0.16666666666666666,-14.259133389974512,False,294.25,435690.0,-838482.0,13925,14323,False,False,False,0.0,0.2727272727272727
vol_spike_break-GC-tf15|pm|,vol_spike_break-GC-tf15-pm,vol_spike_break,GC,False,132.95652173913044,0.5434782608695652,4.081414748081415,False,32.57608695652174,130114.0,-117882.0,1994,1003,False,False,True,0.039,0.22727272727272727
vol_spike_break-GC-tf15|pre|,vol_spike_break-GC-tf15-pre,vol_spike_break,GC,False,4266.645833333333,0.59375,14.590460584903644,False,292.4270833333333,415342.0,-5744.0,14452,13621,False,False,True,0.0,0.22727272727272727
vol_spike_break-GC-tf1|asia|,vol_spike_break-GC-tf1-asia,vol_spike_break,GC,False,-10121.479166666666,0.28125,-12.0191234862635,False,842.1145833333334,-880532.0,-91130.0,38898,41945,False,False,False,0.0,0.2727272727272727
vol_spike_break-GC-tf1|eve|,vol_spike_break-GC-tf1-eve,vol_spike_break,GC,False,-30914.458333333332,0.010416666666666666,-32.80882629315587,False,942.2604166666666,-1706140.0,-1261648.0,44835,45622,False,False,False,0.0,0.2727272727272727
vol_spike_break-GC-tf1|london|,vol_spike_break-GC-tf1-london,vol_spike_break,GC,False,-29763.145833333332,0.0,-30.45212516519589,False,977.375,-2274710.0,-582552.0,48525,45303,False,False,False,0.0,0.2727272727272727
vol_spike_break-GC-tf1|mid|,vol_spike_break-GC-tf1-mid,vol_spike_break,GC,False,-7381.479166666667,0.2916666666666667,-10.951072510354207,False,674.0416666666666,-610636.0,-97986.0,32704,32004,False,False,False,0.0,0.2727272727272727
vol_spike_break-GC-tf1|nyam|,vol_spike_break-GC-tf1-nyam,vol_spike_break,GC,False,-6982.6875,0.2708333333333333,-9.969037208887302,False,700.4375,43836.0,-714174.0,32361,34881,False,False,False,0.0,0.2727272727272727
vol_spike_break-GC-tf1|pm|,vol_spike_break-GC-tf1-pm,vol_spike_break,GC,False,-21076.520833333332,0.0,-30.360512574275255,False,694.2083333333334,-1294694.0,-728652.0,32161,34483,False,False,False,0.0,0.2727272727272727
vol_spike_break-GC-tf1|pre|,vol_spike_break-GC-tf1-pre,vol_spike_break,GC,False,-13775.416666666666,0.17708333333333334,-23.480823863636363,False,586.6666666666666,-954812.0,-367628.0,27538,28782,False,False,False,0.0,0.2727272727272727
vol_spike_break-GC-tf30|mid|,vol_spike_break-GC-tf30-mid,vol_spike_break,GC,True,2528.8735632183907,0.896551724137931,38.75497621983442,False,65.25287356321839,137510.0,82502.0,2885,2792,True,True,True,0.008,0.22727272727272727
vol_spike_break-GC-tf30|nyam|,vol_spike_break-GC-tf30-nyam,vol_spike_break,GC,False,1134.5833333333333,0.5729166666666666,11.538135593220339,False,98.33333333333333,5306.0,103614.0,5056,4384,True,False,True,0.0,0.22727272727272727
vol_spike_break-GC-tf30|pm|,vol_spike_break-GC-tf30-pm,vol_spike_break,GC,False,-1034.1686746987953,0.20481927710843373,-37.99734395750332,False,27.216867469879517,-39986.0,-45850.0,1424,835,False,False,False,0.004,0.2727272727272727
vol_spike_break-GC-tf5|asia|,vol_spike_break-GC-tf5-asia,vol_spike_break,GC,False,-2949.875,0.34375,-9.647996729354048,False,305.75,-343230.0,60042.0,13385,15967,False,False,False,0.0,0.2727272727272727
vol_spike_break-GC-tf5|eve|,vol_spike_break-GC-tf5-eve,vol_spike_break,GC,False,-18371.75,0.0,-30.808391706115604,False,596.3229166666666,-1289082.0,-474606.0,28078,29169,False,False,False,0.0,0.2727272727272727
vol_spike_break-GC-tf5|london|,vol_spike_break-GC-tf5-london,vol_spike_break,GC,False,-32582.0,0.0,-54.556224164093976,False,597.21875,-2191104.0,-936768.0,29231,28102,False,False,False,0.0,0.2727272727272727
vol_spike_break-GC-tf5|mid|,vol_spike_break-GC-tf5-mid,vol_spike_break,GC,False,-4553.936842105263,0.0,-39.759580920871244,False,114.53684210526316,-229092.0,-203532.0,5143,5738,False,False,False,0.0,0.2727272727272727
vol_spike_break-GC-tf5|nyam|,vol_spike_break-GC-tf5-nyam,vol_spike_break,GC,False,40.229166666666664,0.4895833333333333,0.16429148764197898,False,244.86458333333334,741256.0,-737394.0,11406,12101,False,False,False,0.0,0.22727272727272727
vol_spike_break-GC-tf5|pm|,vol_spike_break-GC-tf5-pm,vol_spike_break,GC,False,368.7291666666667,0.5729166666666666,2.327590741714887,False,158.41666666666666,148166.0,-112768.0,7111,8097,False,False,True,0.0,0.22727272727272727
vol_spike_break-GC-tf5|pre|,vol_spike_break-GC-tf5-pre,vol_spike_break,GC,False,-24.1875,0.46875,-0.0642270351008215,False,376.59375,-287674.0,285352.0,18246,17907,False,False,False,0.0,0.2727272727272727
vol_spike_break-NQ-tf15|eve|,vol_spike_break-NQ-tf15-eve,vol_spike_break,NQ,False,-892.4468085106383,0.43617021276595747,-84.73737373737374,False,10.53191489361702,-41543.0,-42347.0,512,478,False,False,False,0.047,0.5909090909090909
vol_spike_break-NQ-tf15|london|,vol_spike_break-NQ-tf15-london,vol_spike_break,NQ,False,-2463.9375,0.3229166666666667,-22.860539286749784,False,107.78125,-369960.0,133422.0,4365,5982,False,False,False,0.027,0.5909090909090909
vol_spike_break-NQ-tf15|mid|,vol_spike_break-NQ-tf15-mid,vol_spike_break,NQ,False,509.86021505376345,0.3655913978494624,2.49012708749081,False,204.752688172043,483896.0,-436479.0,9491,9551,False,False,False,0.073,0.5454545454545454
vol_spike_break-NQ-tf15|nyam|,vol_spike_break-NQ-tf15-nyam,vol_spike_break,NQ,True,32960.234375,0.6875,56.10252659574468,False,587.5,1386871.0,722584.0,18616,18984,True,False,True,0.387,0.5454545454545454
vol_spike_break-NQ-tf15|pm|,vol_spike_break-NQ-tf15-pm,vol_spike_break,NQ,True,5664.416666666667,0.7604166666666666,194.27795641300463,True,29.15625,140348.0,403436.0,1378,1421,True,False,True,0.674,0.5454545454545454
vol_spike_break-NQ-tf15|pre|,vol_spike_break-NQ-tf15-pre,vol_spike_break,NQ,False,580.75,0.4791666666666667,3.0798806761683792,False,188.5625,-383687.0,439439.0,8868,9234,False,False,False,0.107,0.5454545454545454
vol_spike_break-NQ-tf1|asia|,vol_spike_break-NQ-tf1-asia,vol_spike_break,NQ,False,-7312.1875,0.23958333333333334,-8.390246817665691,False,871.5104166666666,101574.0,-803544.0,43079,40586,False,False,False,0.0,0.5909090909090909
vol_spike_break-NQ-tf1|eve|,vol_spike_break-NQ-tf1-eve,vol_spike_break,NQ,False,-29917.125,0.041666666666666664,-31.06726088743699,False,962.9791666666666,-1911693.0,-960351.0,46447,45999,False,False,False,0.0,0.5909090909090909
vol_spike_break-NQ-tf1|london|,vol_spike_break-NQ-tf1-london,vol_spike_break,NQ,False,-7644.260416666667,0.28125,-7.633049375396553,False,1001.46875,-34764.0,-699085.0,47826,48315,False,False,False,0.0,0.5909090909090909
vol_spike_break-NQ-tf1|mid|,vol_spike_break-NQ-tf1-mid,vol_spike_break,NQ,True,7656.520833333333,0.6770833333333334,14.301229667678419,False,535.375,443083.0,291943.0,24508,26888,True,False,True,0.002,0.5454545454545454
vol_spike_break-NQ-tf1|nyam|,vol_spike_break-NQ-tf1-nyam,vol_spike_break,NQ,False,6332.625,0.40625,7.393337954686417,False,856.53125,806948.0,-199016.0,43048,39179,False,False,False,0.005,0.5454545454545454
vol_spike_break-NQ-tf1|pm|,vol_spike_break-NQ-tf1-pm,vol_spike_break,NQ,False,-6734.125,0.2708333333333333,-10.755956342339944,False,626.0833333333334,-625686.0,-20790.0,30849,29255,False,False,False,0.0,0.5909090909090909
vol_spike_break-NQ-tf1|pre|,vol_spike_break-NQ-tf1-pre,vol_spike_break,NQ,False,4459.270833333333,0.5729166666666666,7.809011309740971,False,571.0416666666666,-65060.0,493150.0,26870,27950,False,False,True,0.007,0.5454545454545454
vol_spike_break-NQ-tf30|mid|,vol_spike_break-NQ-tf30-mid,vol_spike_break,NQ,False,-657.6989247311828,0.40860215053763443,-2.2509015971148894,False,292.19354838709677,808669.0,-869835.0,13939,13235,False,False,False,0.029,0.5909090909090909
vol_spike_break-NQ-tf30|nyam|,vol_spike_break-NQ-tf30-nyam,vol_spike_break,NQ,True,26377.0625,1.0,136.66871761658032,True,193.0,401314.0,442752.0,3264,2912,True,False,True,0.852,0.5454545454545454
vol_spike_break-NQ-tf30|pm|,vol_spike_break-NQ-tf30-pm,vol_spike_break,NQ,True,15737.362637362638,0.8901098901098901,162.92377701934015,True,96.5934065934066,722088.0,710012.0,4538,4252,True,True,True,0.906,0.5454545454545454
vol_spike_break-NQ-tf5|asia|,vol_spike_break-NQ-tf5-asia,vol_spike_break,NQ,False,-571.9583333333334,0.3125,-1.8624245302218303,False,307.1041666666667,-259314.0,204406.0,13456,16026,False,False,False,0.019,0.5909090909090909
vol_spike_break-NQ-tf5|eve|,vol_spike_break-NQ-tf5-eve,vol_spike_break,NQ,False,-20907.177083333332,0.08333333333333333,-45.38768910698537,False,460.6354166666667,-1121184.0,-885905.0,20431,23790,False,False,False,0.0,0.5909090909090909
vol_spike_break-NQ-tf5|london|,vol_spike_break-NQ-tf5-london,vol_spike_break,NQ,False,-1286.1875,0.4895833333333333,-2.154831503813197,False,596.8854166666666,-26651.0,-96823.0,28624,28677,False,False,False,0.004,0.5909090909090909
vol_spike_break-NQ-tf5|mid|,vol_spike_break-NQ-tf5-mid,vol_spike_break,NQ,True,5936.255319148936,0.851063829787234,179.82855301321302,True,33.01063829787234,164621.0,393387.0,1156,1947,True,True,True,0.91,0.5454545454545454
vol_spike_break-NQ-tf5|nyam|,vol_spike_break-NQ-tf5-nyam,vol_spike_break,NQ,False,12221.375,0.4166666666666667,16.793850734304772,False,727.7291666666666,783409.0,389843.0,34449,35413,True,False,False,0.038,0.5454545454545454
vol_spike_break-NQ-tf5|pm|,vol_spike_break-NQ-tf5-pm,vol_spike_break,NQ,True,11150.15625,0.8229166666666666,77.59441826748822,True,143.69791666666666,765157.0,305258.0,7057,6738,True,False,True,0.567,0.5454545454545454
vol_spike_break-NQ-tf5|pre|,vol_spike_break-NQ-tf5-pre,vol_spike_break,NQ,False,3729.5104166666665,0.53125,12.430406554872757,False,300.03125,-106443.0,464476.0,13272,15531,False,False,True,0.064,0.5454545454545454
vwap_trend_pull-ES-tf15|mid|,vwap_trend_pull-ES-tf15-mid,vwap_trend_pull,ES,False,-9859.177083333334,0.1875,-18.544270067987224,False,531.65625,-40943.0,-905538.0,24417,26622,False,False,False,0.0,0.4
vwap_trend_pull-ES-tf15|nyam|,vwap_trend_pull-ES-tf15-nyam,vwap_trend_pull,ES,True,4509.171875,0.6875,24.866756663602942,False,181.33333333333334,813099.0,-380218.5,9344,8064,False,False,True,0.126,0.3
vwap_trend_pull-ES-tf15|pm|,vwap_trend_pull-ES-tf15-pm,vwap_trend_pull,ES,False,2486.9322916666665,0.5833333333333334,6.17344141907791,False,402.84375,-611999.0,850744.5,20106,18567,False,False,True,0.001,0.3
vwap_trend_pull-ES-tf1|mid|,vwap_trend_pull-ES-tf1-mid,vwap_trend_pull,ES,False,-20061.59375,0.1875,-16.398145546501826,False,1223.40625,-398605.0,-1527308.0,58670,58777,False,False,False,0.0,0.4
vwap_trend_pull-ES-tf1|nyam|,vwap_trend_pull-ES-tf1-nyam,vwap_trend_pull,ES,False,-6490.697916666667,0.375,-7.844434932584694,False,827.4270833333334,55584.0,-678691.0,39629,39804,False,False,False,0.0,0.4
vwap_trend_pull-ES-tf1|pm|,vwap_trend_pull-ES-tf1-pm,vwap_trend_pull,ES,False,-6008.260416666667,0.4895833333333333,-5.4431379580435415,False,1103.8229166666667,-795279.0,218486.0,56526,49441,False,False,False,0.0,0.4
vwap_trend_pull-ES-tf30|mid|,vwap_trend_pull-ES-tf30-mid,vwap_trend_pull,ES,False,-6118.17032967033,0.14285714285714285,-33.785636264336425,False,181.0879120879121,-190892.5,-365861.0,7795,8684,False,False,False,0.0,0.4
vwap_trend_pull-ES-tf30|pm|,vwap_trend_pull-ES-tf30-pm,vwap_trend_pull,ES,True,2136.0777777777776,0.7,14.501546352870182,False,147.3,73996.5,118250.5,6329,6928,True,True,True,0.039,0.3
vwap_trend_pull-ES-tf5|mid|,vwap_trend_pull-ES-tf5-mid,vwap_trend_pull,ES,False,-7185.109375,0.3645833333333333,-7.546558062186823,False,952.1041666666666,497520.5,-1187291.0,45473,45929,False,False,False,0.0,0.4
vwap_trend_pull-ES-tf5|nyam|,vwap_trend_pull-ES-tf5-nyam,vwap_trend_pull,ES,False,-1132.828125,0.3645833333333333,-2.7486099176060255,False,412.1458333333333,-412269.0,303517.5,20311,19255,False,False,False,0.002,0.4
vwap_trend_pull-ES-tf5|pm|,vwap_trend_pull-ES-tf5-pm,vwap_trend_pull,ES,True,7278.838541666667,0.6041666666666666,8.940117193997006,False,814.1770833333334,95153.5,603615.0,41246,36915,True,False,True,0.0,0.3
vwap_trend_pull-GC-tf15|mid|,vwap_trend_pull-GC-tf15-mid,vwap_trend_pull,GC,False,-640.2708333333334,0.4583333333333333,-1.603851372508089,False,399.2083333333333,-845780.0,784314.0,18325,19999,False,False,False,0.0,0.2
vwap_trend_pull-GC-tf15|nyam|,vwap_trend_pull-GC-tf15-nyam,vwap_trend_pull,GC,True,4902.041666666667,0.75,30.135502049180328,False,162.66666666666666,98576.0,372020.0,7456,8160,True,False,True,0.002,0.1
vwap_trend_pull-GC-tf15|pm|,vwap_trend_pull-GC-tf15-pm,vwap_trend_pull,GC,False,-4484.0,0.03571428571428571,-17.074935400516797,False,262.60714285714283,-317788.0,-58868.0,11262,10797,False,False,False,0.0,0.2
vwap_trend_pull-GC-tf1|mid|,vwap_trend_pull-GC-tf1-mid,vwap_trend_pull,GC,False,-9951.458333333334,0.3333333333333333,-10.003036490236113,False,994.84375,-795044.0,-160296.0,48051,47454,False,False,False,0.0,0.2
vwap_trend_pull-GC-tf1|nyam|,vwap_trend_pull-GC-tf1-nyam,vwap_trend_pull,GC,False,-12446.166666666666,0.052083333333333336,-18.748932965101684,False,663.8333333333334,-599548.0,-595284.0,31427,32301,False,False,False,0.0,0.2
vwap_trend_pull-GC-tf1|pm|,vwap_trend_pull-GC-tf1-pm,vwap_trend_pull,GC,False,-11289.145833333334,0.28125,-16.662433504504783,False,677.5208333333334,-725720.0,-358038.0,31750,33292,False,False,False,0.0,0.2
vwap_trend_pull-GC-tf30|mid|,vwap_trend_pull-GC-tf30-mid,vwap_trend_pull,GC,False,-2658.989247311828,0.17204301075268819,-18.871031746031747,False,140.90322580645162,-156704.0,-90582.0,6921,6183,False,False,False,0.0,0.2
vwap_trend_pull-GC-tf30|pm|,vwap_trend_pull-GC-tf30-pm,vwap_trend_pull,GC,False,-3177.3968253968255,0.0,-34.1073436701312,False,93.15873015873017,-169138.0,-31038.0,3087,2782,False,False,False,0.0,0.2
vwap_trend_pull-GC-tf5|mid|,vwap_trend_pull-GC-tf5-mid,vwap_trend_pull,GC,False,-791.75,0.4479166666666667,-1.1064238613039872,False,715.59375,-593962.0,517954.0,34593,34104,False,False,False,0.0,0.2
vwap_trend_pull-GC-tf5|nyam|,vwap_trend_pull-GC-tf5-nyam,vwap_trend_pull,GC,True,5403.1875,0.6979166666666666,15.175272812381147,False,356.0520833333333,-176060.0,694766.0,16930,17251,False,False,True,0.0,0.1
vwap_trend_pull-GC-tf5|pm|,vwap_trend_pull-GC-tf5-pm,vwap_trend_pull,GC,False,-11605.479166666666,0.0,-24.77266865299951,False,468.4791666666667,-555828.0,-558298.0,22592,22382,False,False,False,0.0,0.2
vwap_trend_pull-NQ-tf15|mid|,vwap_trend_pull-NQ-tf15-mid,vwap_trend_pull,NQ,False,-4814.90625,0.3333333333333333,-8.002752817742689,False,601.65625,494767.0,-956998.0,28607,29152,False,False,False,0.002,0.9
vwap_trend_pull-NQ-tf15|nyam|,vwap_trend_pull-NQ-tf15-nyam,vwap_trend_pull,NQ,True,14807.552083333334,0.7395833333333334,72.82402663934427,True,203.33333333333334,1061127.0,360398.0,10112,9408,True,False,True,0.46,0.8
vwap_trend_pull-NQ-tf15|pm|,vwap_trend_pull-NQ-tf15-pm,vwap_trend_pull,NQ,True,20266.36170212766,0.8829787234042553,44.100143525163205,False,459.5531914893617,751219.0,1153819.0,23049,20149,True,False,True,0.17,0.8
vwap_trend_pull-NQ-tf1|mid|,vwap_trend_pull-NQ-tf1-mid,vwap_trend_pull,NQ,True,22762.322916666668,0.8020833333333334,17.19695753454843,False,1323.625,2996524.0,-811341.0,63614,63454,False,False,True,0.0,0.8
vwap_trend_pull-NQ-tf1|nyam|,vwap_trend_pull-NQ-tf1-nyam,vwap_trend_pull,NQ,False,17331.895833333332,0.5833333333333334,18.60165237514953,False,931.7395833333334,1343121.0,320741.0,43656,45791,True,False,True,0.014,0.8
vwap_trend_pull-NQ-tf1|pm|,vwap_trend_pull-NQ-tf1-pm,vwap_trend_pull,NQ,True,27924.458333333332,0.8125,23.411010584413315,False,1192.7916666666667,1360932.0,1319816.0,62847,51661,True,True,True,0.001,0.8
vwap_trend_pull-NQ-tf30|mid|,vwap_trend_pull-NQ-tf30-mid,vwap_trend_pull,NQ,False,-1117.0531914893618,0.32978723404255317,-4.864177514244684,False,229.64893617021278,710052.0,-815055.0,10002,11585,False,False,False,0.039,0.9
vwap_trend_pull-NQ-tf30|pm|,vwap_trend_pull-NQ-tf30-pm,vwap_trend_pull,NQ,False,3269.1720430107525,0.5913978494623656,19.342982567756714,False,169.01075268817203,268156.0,35877.0,7406,8312,True,False,True,0.14,0.8
vwap_trend_pull-NQ-tf5|mid|,vwap_trend_pull-NQ-tf5-mid,vwap_trend_pull,NQ,True,23647.645833333332,0.625,22.349951759308485,False,1058.0625,3723756.0,-1453582.0,51306,50268,False,False,True,0.016,0.8
vwap_trend_pull-NQ-tf5|nyam|,vwap_trend_pull-NQ-tf5-nyam,vwap_trend_pull,NQ,True,16216.166666666666,0.6145833333333334,36.870636161242956,False,439.8125,249246.0,1307506.0,20611,21611,True,False,True,0.165,0.8
vwap_trend_pull-NQ-tf5|pm|,vwap_trend_pull-NQ-tf5-pm,vwap_trend_pull,NQ,True,57133.125,0.9166666666666666,64.24339677891655,False,889.3229166666666,2527756.0,2957024.0,45841,39534,True,True,True,0.387,0.8
