kind,fam,tf,sess,trades,trade_days,seed,firm,model,cells,walks,rw_micros,rw_day_lock,rw_day_stop,rw_max_day_tr,rw_after_loss,rw_p5,rw_bust5,rw_med_days,rw_n_rules,st_micros,st_day_lock,st_day_stop,st_max_day_tr,st_after_loss,st_p5,st_bust5,st_med_days,st_n_rules,st_stab_med,rw_stab_med,st_ci_lo,st_ci_hi
base,random,1,asia,2459,820,1,apex,eod,1440,1080,100,3000,0,0,1.0,0.230207,0.656516,2.0,1,100,1000,0,0,1.0,0.213155,0.682095,2.0,1,0.202192,0.198538,0.163216,0.269184
base,random,1,asia,2459,820,1,apex,intraday,1440,1080,100,0,0,0,1.0,0.168088,0.779537,2.0,0,100,3000,3000,0,1.0,0.168088,0.779537,2.0,2,0.158343,0.144336,0.130329,0.208283
base,random,1,asia,2459,820,1,lucid,eod,960,720,40,1250,0,0,1.0,0.028015,0.400731,4.0,1,40,1250,0,0,1.0,0.028015,0.400731,4.0,1,0.026797,0.026797,0.01218,0.051157
base,random,1,asia,2459,820,1,lucid,intraday,960,720,40,1250,0,0,1.0,0.023143,0.496955,4.0,1,40,1250,0,0,1.0,0.023143,0.496955,4.0,1,0.021924,0.021924,0.010962,0.038977
base,random,1,asia,2460,820,2,apex,eod,1440,1080,100,1500,0,0,1.0,0.252132,0.685749,2.0,1,100,2000,0,0,1.0,0.249695,0.685749,2.0,1,0.238733,0.236297,0.188794,0.314281
base,random,1,asia,2460,820,2,apex,intraday,1440,1080,100,2000,0,0,1.0,0.18514,0.794153,2.0,1,100,2000,2000,0,1.0,0.18514,0.794153,2.0,2,0.176005,0.174178,0.142509,0.230238
base,random,1,asia,2460,820,2,lucid,eod,960,720,40,1000,0,0,1.0,0.052375,0.408039,4.0,1,40,1000,0,0,1.0,0.052375,0.408039,4.0,1,0.043849,0.043849,0.031669,0.08039
base,random,1,asia,2460,820,2,lucid,intraday,960,720,40,1000,0,0,1.0,0.051157,0.494519,4.0,1,40,1000,0,0,1.0,0.051157,0.494519,4.0,1,0.042631,0.042631,0.030451,0.077954
base,random,1,asia,2460,820,3,apex,eod,1440,1080,100,2000,0,0,1.0,0.243605,0.688185,2.0,1,100,2000,0,0,1.0,0.243605,0.688185,2.0,1,0.237515,0.237515,0.176614,0.308191
base,random,1,asia,2460,820,3,apex,intraday,1440,1080,100,2000,1000,0,1.0,0.180268,0.761267,3.0,2,100,0,2000,0,1.0,0.177832,0.789281,2.0,1,0.177832,0.171133,0.132765,0.222899
base,random,1,asia,2460,820,3,lucid,eod,960,720,40,750,0,0,1.0,0.060901,0.361754,4.0,1,40,750,0,0,1.0,0.060901,0.361754,4.0,1,0.048721,0.048721,0.023143,0.101127
base,random,1,asia,2460,820,3,lucid,intraday,960,720,40,750,0,0,1.0,0.056029,0.461632,4.0,1,40,750,2000,0,1.0,0.056029,0.460414,4.0,2,0.048721,0.045067,0.020706,0.096255
base,random,1,asia,2460,820,11,apex,eod,1440,1080,100,0,0,0,1.0,0.237515,0.661389,2.0,0,100,1000,0,0,1.0,0.228989,0.658952,2.0,1,0.227771,0.205847,0.177832,0.278928
base,random,1,asia,2460,820,11,apex,intraday,1440,1080,100,0,1500,0,1.0,0.170524,0.780755,2.0,1,100,0,2000,0,1.0,0.169306,0.783191,2.0,1,0.169306,0.161998,0.133983,0.208283
base,random,1,asia,2460,820,11,lucid,eod,960,720,40,1250,0,0,1.0,0.026797,0.38246,4.0,1,40,1000,0,0,1.0,0.025579,0.377588,4.0,1,0.025579,0.025579,0.00609,0.047503
base,random,1,asia,2460,820,11,lucid,intraday,960,720,40,1250,0,0,1.0,0.026797,0.470158,4.0,1,40,1500,2000,0,1.0,0.026797,0.465286,4.0,2,0.02497,0.024361,0.004872,0.052375
base,random,1,asia,2458,820,12,apex,eod,1440,1080,100,0,0,0,1.0,0.243605,0.694275,2.0,0,100,2000,0,0,1.0,0.228989,0.712546,2.0,1,0.213155,0.196102,0.177801,0.2838
base,random,1,asia,2458,820,12,apex,intraday,1440,1080,100,0,1500,0,1.0,0.174178,0.805116,2.0,1,100,0,2000,0,1.0,0.170524,0.817296,2.0,1,0.170524,0.16687,0.131547,0.213155
base,random,1,asia,2458,820,12,lucid,eod,960,720,40,1250,0,0,1.0,0.024361,0.361754,4.0,1,40,1000,0,0,1.0,0.023143,0.366626,4.0,1,0.023143,0.021924,0.008526,0.043849
base,random,1,asia,2458,820,12,lucid,intraday,960,720,40,1250,0,0,1.0,0.024361,0.501827,4.0,1,40,1000,0,0,1.0,0.023143,0.504263,4.0,1,0.023143,0.021924,0.008526,0.043849
base,random,1,asia,2460,820,13,apex,eod,1440,1080,100,0,0,0,1.0,0.215591,0.669915,2.0,0,100,2000,0,0,1.0,0.209501,0.672351,2.0,1,0.196102,0.176005,0.165652,0.260658
base,random,1,asia,2460,820,13,apex,intraday,1440,1080,100,0,0,0,1.0,0.151035,0.79659,1.0,0,100,0,2000,0,1.0,0.151035,0.795371,1.0,1,0.144945,0.121803,0.118149,0.181486
base,random,1,asia,2460,820,13,lucid,eod,960,720,40,1000,0,0,1.0,0.023143,0.383678,4.0,1,40,1000,0,0,1.0,0.023143,0.383678,4.0,1,0.019488,0.019488,0.007308,0.043849
base,random,1,asia,2460,820,13,lucid,intraday,960,720,40,1000,0,0,1.0,0.020706,0.495737,3.0,1,40,1000,0,0,1.0,0.020706,0.495737,3.0,1,0.01827,0.01827,0.00609,0.041413
base,random,1,london,2460,820,1,apex,eod,1440,1080,100,2000,0,0,1.0,0.495737,0.495737,2.0,1,100,1500,0,0,1.0,0.490865,0.500609,2.0,1,0.490865,0.481121,0.450639,0.535932
base,random,1,london,2460,820,1,apex,intraday,1440,1080,80,0,0,0,1.0,0.286236,0.712546,1.0,0,100,3000,3000,0,1.0,0.2838,0.7162,1.0,2,0.283191,0.275274,0.255786,0.315469
base,random,1,london,2460,820,1,lucid,eod,960,720,40,750,0,0,1.0,0.163216,0.562728,3.0,1,40,750,2000,3,1.0,0.147381,0.583435,3.0,3,0.13581,0.114495,0.114495,0.18514
base,random,1,london,2460,820,1,lucid,intraday,960,720,40,750,0,0,1.0,0.147381,0.694275,3.0,1,40,750,2000,3,1.0,0.144945,0.680877,3.0,3,0.127284,0.114495,0.113276,0.181486
base,random,1,london,2460,820,2,apex,eod,1440,1080,100,1500,0,0,1.0,0.471376,0.522533,2.0,1,100,2000,0,0,1.0,0.464068,0.52497,1.0,1,0.464068,0.459196,0.414099,0.512789
base,random,1,london,2460,820,2,apex,intraday,1440,1080,80,0,500,0,1.0,0.288672,0.6419,2.0,1,100,0,1000,0,1.0,0.288672,0.71011,1.0,1,0.282582,0.277101,0.244823,0.331334
base,random,1,london,2460,820,2,lucid,eod,960,720,40,750,0,0,1.0,0.170524,0.596833,4.0,1,40,1000,0,0,1.0,0.163216,0.609013,4.0,1,0.143727,0.133983,0.120585,0.214403
base,random,1,london,2460,820,2,lucid,intraday,960,720,40,750,0,0,1.0,0.140073,0.735688,3.0,1,40,1000,0,0,1.0,0.133983,0.752741,3.0,1,0.120585,0.116931,0.101096,0.174178
base,random,1,london,2460,820,3,apex,eod,1440,1080,100,3000,0,0,1.0,0.495737,0.500609,1.0,1,100,2000,0,0,1.0,0.479903,0.516443,1.0,1,0.472594,0.468331,0.408039,0.540804
base,random,1,london,2460,820,3,apex,intraday,1440,1080,60,2000,2000,0,1.0,0.286236,0.708892,2.0,2,80,3000,2000,0,1.0,0.285018,0.714982,1.0,2,0.281973,0.278928,0.239951,0.322808
base,random,1,london,2460,820,3,lucid,eod,960,720,40,750,0,0,1.0,0.200974,0.583435,4.0,1,40,1000,0,0,1.0,0.188794,0.587089,4.0,1,0.169306,0.164434,0.131547,0.235079
base,random,1,london,2460,820,3,lucid,intraday,960,720,40,750,0,0,1.0,0.159562,0.736906,3.0,1,40,750,0,0,1.0,0.159562,0.736906,3.0,1,0.147381,0.147381,0.114495,0.203441
base,random,1,london,2460,820,11,apex,eod,1440,1080,100,0,0,0,1.0,0.476248,0.523752,1.0,0,100,2000,0,0,1.0,0.464068,0.535932,2.0,1,0.45067,0.427527,0.410445,0.518879
base,random,1,london,2460,820,11,apex,intraday,1440,1080,80,2000,0,0,1.0,0.276492,0.723508,1.0,1,80,3000,3000,0,1.0,0.274056,0.725944,1.0,2,0.274056,0.264921,0.236297,0.317905
base,random,1,london,2460,820,11,lucid,eod,960,720,40,750,0,0,1.0,0.148599,0.55542,3.5,1,40,1000,0,0,1.0,0.143727,0.574909,4.0,1,0.121803,0.116931,0.102314,0.190012
base,random,1,london,2460,820,11,lucid,intraday,960,720,40,750,0,0,1.0,0.120585,0.697929,3.0,1,40,750,0,0,1.0,0.120585,0.697929,3.0,1,0.109622,0.109622,0.085262,0.157125
base,random,1,london,2460,820,12,apex,eod,1440,1080,100,3000,0,0,1.0,0.436054,0.560292,1.0,1,100,2000,0,0,1.0,0.420219,0.577345,2.0,1,0.403167,0.39525,0.372716,0.467722
base,random,1,london,2460,820,12,apex,intraday,1440,1080,100,0,1000,0,1.0,0.266748,0.733252,1.0,1,100,3000,1500,0,1.0,0.263094,0.736906,1.0,2,0.263094,0.248477,0.226553,0.300853
base,random,1,london,2460,820,12,lucid,eod,960,720,40,750,0,0,1.0,0.11084,0.591961,4.0,1,40,1000,0,0,1.0,0.101096,0.601705,4.0,1,0.087698,0.075518,0.06821,0.135201
base,random,1,london,2460,820,12,lucid,intraday,960,720,40,750,0,0,1.0,0.090134,0.736906,3.0,1,40,750,2000,3,1.0,0.088916,0.733252,3.0,3,0.077954,0.071864,0.056029,0.121803
base,random,1,london,2460,820,13,apex,eod,1440,1080,100,0,0,0,1.0,0.478685,0.510353,1.0,0,100,1000,0,0,1.0,0.459196,0.538368,2.0,1,0.459196,0.448843,0.40679,0.512789
base,random,1,london,2460,820,13,apex,intraday,1440,1080,80,0,0,0,1.0,0.274056,0.723508,1.0,0,80,3000,3000,0,1.0,0.27162,0.724726,1.0,2,0.270402,0.254568,0.237515,0.309379
base,random,1,london,2460,820,13,lucid,eod,960,720,40,750,0,0,1.0,0.149817,0.56151,4.0,1,40,1000,0,0,1.0,0.148599,0.573691,4.0,1,0.116931,0.109622,0.107186,0.199756
base,random,1,london,2460,820,13,lucid,intraday,960,720,40,1000,0,0,1.0,0.116931,0.723508,3.5,1,40,1000,2000,0,1.0,0.107186,0.721072,3.0,2,0.101096,0.093788,0.071864,0.147381
base,random,1,nyam,2395,820,1,apex,eod,1440,1080,100,0,0,0,1.0,0.613886,0.386114,1.0,0,100,1000,0,0,1.0,0.610231,0.389769,1.0,1,0.610231,0.607795,0.574909,0.644336
base,random,1,nyam,2395,820,1,apex,intraday,1440,1080,40,3000,1000,0,1.0,0.302071,0.694275,1.0,2,40,0,2000,0,1.0,0.288672,0.711328,1.0,1,0.288063,0.276492,0.255786,0.324026
base,random,1,nyam,2395,820,1,lucid,eod,960,720,30,750,0,0,1.0,0.243605,0.696711,3.0,1,40,750,0,0,1.0,0.243605,0.702801,3.0,1,0.243605,0.227771,0.202192,0.285018
base,random,1,nyam,2395,820,1,lucid,intraday,960,720,20,750,0,0,1.0,0.16687,0.790499,3.0,1,20,1000,0,0,1.0,0.16078,0.786845,3.0,1,0.137637,0.130938,0.130329,0.193666
base,random,1,nyam,2380,820,2,apex,eod,1440,1080,100,3000,0,0,1.0,0.626066,0.373934,1.0,1,100,1000,0,0,1.0,0.62363,0.37637,1.0,1,0.62363,0.61754,0.589495,0.654111
base,random,1,nyam,2380,820,2,apex,intraday,1440,1080,40,0,0,0,1.0,0.300853,0.699147,1.0,0,40,0,1500,0,1.0,0.297199,0.702801,1.0,1,0.297199,0.288672,0.254568,0.341048
base,random,1,nyam,2380,820,2,lucid,eod,960,720,30,750,0,0,1.0,0.26553,0.678441,3.0,1,40,750,0,0,1.0,0.264312,0.686967,3.0,1,0.263094,0.253959,0.219245,0.310627
base,random,1,nyam,2380,820,2,lucid,intraday,960,720,20,750,0,0,1.0,0.192448,0.774665,3.0,1,20,1000,0,0,1.0,0.190012,0.769793,3.0,1,0.164434,0.147381,0.149817,0.231425
base,random,1,nyam,2394,820,3,apex,eod,1440,1080,100,3000,0,0,1.0,0.626066,0.373934,1.0,1,100,1000,0,0,1.0,0.62363,0.37637,1.0,1,0.62363,0.61754,0.591931,0.651644
base,random,1,nyam,2394,820,3,apex,intraday,1440,1080,40,2000,0,0,0.5,0.303289,0.696711,1.0,2,40,2000,3000,0,0.5,0.303289,0.696711,1.0,3,0.299635,0.295371,0.266748,0.339829
base,random,1,nyam,2394,820,3,lucid,eod,960,720,40,750,0,0,1.0,0.243605,0.690621,3.0,1,40,1000,0,0,1.0,0.241169,0.690621,3.0,1,0.241169,0.237515,0.205847,0.282582
base,random,1,nyam,2394,820,3,lucid,intraday,960,720,20,750,0,0,1.0,0.176614,0.783191,3.0,1,20,1000,0,3,1.0,0.161998,0.788063,3.0,2,0.144945,0.126066,0.131547,0.196102
base,random,1,nyam,2460,820,11,apex,eod,1440,1080,100,2000,0,0,1.0,0.605359,0.394641,1.0,1,100,1000,0,0,1.0,0.604141,0.395859,1.0,1,0.604141,0.601705,0.573691,0.634592
base,random,1,nyam,2460,820,11,apex,intraday,1440,1080,40,0,0,0,1.0,0.275274,0.723508,1.0,0,80,0,3000,1,1.0,0.266748,0.732034,1.0,2,0.266748,0.25944,0.238733,0.294762
base,random,1,nyam,2460,820,11,lucid,eod,960,720,40,750,0,0,1.0,0.209501,0.741778,3.0,1,40,750,0,0,1.0,0.209501,0.741778,3.0,1,0.196102,0.196102,0.176614,0.243605
base,random,1,nyam,2460,820,11,lucid,intraday,960,720,30,750,0,0,1.0,0.137637,0.842875,3.0,1,30,750,0,3,1.0,0.137637,0.842875,3.0,2,0.108404,0.10475,0.108374,0.168088
base,random,1,nyam,2460,820,12,apex,eod,1440,1080,100,0,0,0,1.0,0.628502,0.371498,1.0,0,100,1000,0,0,1.0,0.627284,0.372716,1.0,1,0.627284,0.616931,0.596833,0.658952
base,random,1,nyam,2460,820,12,apex,intraday,1440,1080,40,0,0,0,1.0,0.308161,0.691839,1.0,0,40,0,3000,0,1.0,0.308161,0.691839,1.0,1,0.305725,0.27771,0.275274,0.344702
base,random,1,nyam,2460,820,12,lucid,eod,960,720,40,750,0,0,1.0,0.260658,0.685749,3.0,1,40,1000,0,0,1.0,0.257004,0.686967,3.0,1,0.250914,0.246041,0.210688,0.302071
base,random,1,nyam,2460,820,12,lucid,intraday,960,720,20,750,2000,0,1.0,0.158343,0.72838,4.0,2,30,750,0,0,1.0,0.144945,0.834348,3.0,1,0.131547,0.11754,0.109622,0.185171
base,random,1,nyam,2460,820,13,apex,eod,1440,1080,100,1000,0,0,1.0,0.615104,0.384896,1.0,1,100,1500,0,0,1.0,0.615104,0.384896,1.0,1,0.613886,0.607795,0.572473,0.652862
base,random,1,nyam,2460,820,13,apex,intraday,1440,1080,40,0,1000,0,0.5,0.281364,0.702801,2.0,2,40,3000,3000,0,1.0,0.276492,0.723508,1.0,2,0.276492,0.258222,0.242387,0.308161
base,random,1,nyam,2460,820,13,lucid,eod,960,720,40,750,0,0,1.0,0.252132,0.71011,3.0,1,40,750,0,0,1.0,0.252132,0.71011,3.0,1,0.236297,0.236297,0.196102,0.309379
base,random,1,nyam,2460,820,13,lucid,intraday,960,720,20,750,0,0,1.0,0.163216,0.747868,4.0,1,30,750,0,3,1.0,0.147381,0.831912,3.0,2,0.133983,0.106577,0.112058,0.182734
base,random,1,mid,2455,820,1,apex,eod,1440,1080,100,0,0,0,1.0,0.546894,0.453106,1.0,0,100,3000,0,0,1.0,0.545676,0.453106,1.0,1,0.538977,0.537759,0.506669,0.583435
base,random,1,mid,2455,820,1,apex,intraday,1440,1080,40,0,1500,0,1.0,0.309379,0.690621,1.0,1,60,0,1000,3,1.0,0.304507,0.695493,1.0,2,0.298417,0.297199,0.260658,0.341048
base,random,1,mid,2455,820,1,lucid,eod,960,720,40,750,0,0,1.0,0.17296,0.755177,3.0,1,40,750,0,0,1.0,0.17296,0.755177,3.0,1,0.168088,0.168088,0.137637,0.213155
base,random,1,mid,2455,820,1,lucid,intraday,960,720,20,1000,2000,0,0.5,0.137637,0.696711,4.0,3,20,750,0,3,1.0,0.131547,0.768575,3.0,2,0.130329,0.130329,0.09866,0.165652
base,random,1,mid,2454,820,2,apex,eod,1440,1080,100,2000,0,0,1.0,0.557856,0.442144,1.0,1,100,2000,0,0,1.0,0.557856,0.442144,1.0,1,0.552984,0.552984,0.516443,0.596833
base,random,1,mid,2454,820,2,apex,intraday,1440,1080,40,0,2000,0,1.0,0.282582,0.717418,1.0,1,40,3000,2000,0,1.0,0.281364,0.718636,1.0,2,0.275883,0.275274,0.238733,0.314251
base,random,1,mid,2454,820,2,lucid,eod,960,720,30,750,0,0,1.0,0.182704,0.701583,3.0,1,40,750,0,0,1.0,0.181486,0.71011,3.0,1,0.181486,0.168697,0.136389,0.221711
base,random,1,mid,2454,820,2,lucid,intraday,960,720,20,1000,2000,0,1.0,0.147381,0.736906,4.0,2,20,1000,2000,3,1.0,0.147381,0.736906,4.0,3,0.138855,0.135201,0.10475,0.188794
base,random,1,mid,2456,820,3,apex,eod,1440,1080,100,0,0,0,1.0,0.560292,0.439708,1.0,0,100,3000,0,0,1.0,0.557856,0.442144,1.0,1,0.54933,0.544458,0.518879,0.595615
base,random,1,mid,2456,820,3,apex,intraday,1440,1080,40,0,1000,0,1.0,0.315469,0.677223,1.0,1,40,0,1000,3,1.0,0.315469,0.677223,1.0,2,0.303289,0.300244,0.269184,0.3581
base,random,1,mid,2456,820,3,lucid,eod,960,720,40,750,0,0,1.0,0.170524,0.725944,3.0,1,40,750,0,0,1.0,0.170524,0.725944,3.0,1,0.164434,0.164434,0.125457,0.214373
base,random,1,mid,2456,820,3,lucid,intraday,960,720,20,1000,0,2,1.0,0.132765,0.689403,4.0,2,20,1000,2000,2,1.0,0.131547,0.690621,4.0,3,0.121803,0.120585,0.093788,0.169306
base,random,1,mid,2460,820,11,apex,eod,1440,1080,100,3000,0,0,1.0,0.609013,0.389769,1.0,1,100,2000,0,0,1.0,0.602923,0.397077,1.0,1,0.600487,0.590743,0.568819,0.646772
base,random,1,mid,2460,820,11,apex,intraday,1440,1080,40,0,0,0,1.0,0.293544,0.706456,1.0,0,40,3000,2000,0,1.0,0.293544,0.705238,1.0,2,0.288672,0.261876,0.257004,0.326431
base,random,1,mid,2460,820,11,lucid,eod,960,720,40,750,0,0,1.0,0.194884,0.706456,3.5,1,40,750,0,0,1.0,0.194884,0.706456,3.5,1,0.19123,0.19123,0.159562,0.244823
base,random,1,mid,2460,820,11,lucid,intraday,960,720,20,750,0,0,1.0,0.151035,0.771011,4.0,1,20,1000,0,0,1.0,0.142509,0.774665,4.0,1,0.141291,0.127284,0.112058,0.181486
base,random,1,mid,2458,820,12,apex,eod,1440,1080,100,0,0,0,1.0,0.594397,0.405603,1.0,0,100,1000,0,0,1.0,0.591961,0.408039,1.0,1,0.591961,0.589525,0.554202,0.627284
base,random,1,mid,2458,820,12,apex,intraday,1440,1080,40,0,0,0,1.0,0.300853,0.699147,1.0,0,40,3000,2000,0,1.0,0.298417,0.701583,1.0,2,0.28989,0.270402,0.269184,0.330085
base,random,1,mid,2458,820,12,lucid,eod,960,720,30,750,0,0,1.0,0.207065,0.717418,3.0,1,40,750,0,0,1.0,0.207065,0.7162,3.0,1,0.204629,0.194884,0.158343,0.249695
base,random,1,mid,2458,820,12,lucid,intraday,960,720,20,1000,0,0,1.0,0.16078,0.751523,3.0,1,20,1000,0,3,1.0,0.16078,0.751523,3.0,2,0.141291,0.132156,0.115713,0.194915
base,random,1,mid,2459,820,13,apex,eod,1440,1080,100,2000,0,0,1.0,0.573691,0.426309,1.0,1,100,1500,0,0,1.0,0.571255,0.428745,1.0,1,0.571255,0.570037,0.534683,0.606577
base,random,1,mid,2459,820,13,apex,intraday,1440,1080,40,0,0,0,1.0,0.278928,0.721072,1.0,0,40,0,2000,0,1.0,0.275274,0.724726,1.0,1,0.261876,0.244823,0.237485,0.308161
base,random,1,mid,2459,820,13,lucid,eod,960,720,40,750,0,0,1.0,0.177832,0.733252,3.0,1,40,750,0,0,1.0,0.177832,0.733252,3.0,1,0.174178,0.174178,0.138855,0.221681
base,random,1,mid,2459,820,13,lucid,intraday,960,720,20,750,0,0,1.0,0.126675,0.797808,3.0,1,20,750,0,3,1.0,0.126675,0.797808,3.0,2,0.112058,0.097442,0.09257,0.163216
base,random,1,pm,2435,813,1,apex,eod,1440,1080,100,1000,0,0,1.0,0.566382,0.433618,1.0,1,100,1000,0,0,1.0,0.566382,0.433618,1.0,1,0.556638,0.556638,0.523752,0.613886
base,random,1,pm,2435,813,1,apex,intraday,1440,1080,60,0,0,0,1.0,0.302071,0.696711,1.0,0,40,0,3000,0,1.0,0.294762,0.695493,1.0,1,0.294762,0.286236,0.258222,0.332521
base,random,1,pm,2435,813,1,lucid,eod,960,720,40,750,0,0,1.0,0.210719,0.671133,3.0,1,40,750,0,0,1.0,0.210719,0.671133,3.0,1,0.192448,0.192448,0.170524,0.258222
base,random,1,pm,2435,813,1,lucid,intraday,960,720,30,750,0,0,1.0,0.146163,0.780755,3.0,1,30,750,0,3,1.0,0.146163,0.780755,3.0,2,0.142509,0.131547,0.112058,0.186358
base,random,1,pm,2437,813,2,apex,eod,1440,1080,100,3000,0,0,1.0,0.604141,0.395859,1.0,1,100,2000,0,0,1.0,0.591961,0.408039,1.0,1,0.588307,0.585262,0.54933,0.634592
base,random,1,pm,2437,813,2,apex,intraday,1440,1080,80,0,0,0,1.0,0.314251,0.685749,1.0,0,80,3000,3000,0,1.0,0.314251,0.685749,1.0,2,0.310597,0.302071,0.278928,0.353258
base,random,1,pm,2437,813,2,lucid,eod,960,720,40,750,0,0,1.0,0.213155,0.680877,3.0,1,40,750,0,0,1.0,0.213155,0.680877,3.0,1,0.198538,0.198538,0.177801,0.25338
base,random,1,pm,2437,813,2,lucid,intraday,960,720,30,750,0,0,1.0,0.159562,0.762485,3.0,1,40,750,0,0,1.0,0.149817,0.80268,3.0,1,0.147381,0.1419,0.120585,0.183922
base,random,1,pm,2436,813,3,apex,eod,1440,1080,100,0,0,0,1.0,0.590743,0.408039,1.0,0,100,2000,0,0,1.0,0.585871,0.412911,1.0,1,0.585871,0.566991,0.548082,0.628532
base,random,1,pm,2436,813,3,apex,intraday,1440,1080,40,3000,0,0,1.0,0.314251,0.678441,1.0,1,40,3000,2000,0,1.0,0.314251,0.678441,1.0,2,0.305725,0.304507,0.278928,0.350792
base,random,1,pm,2436,813,3,lucid,eod,960,720,40,750,0,0,1.0,0.233861,0.645554,4.0,1,40,1000,0,0,1.0,0.216809,0.6419,3.0,1,0.211937,0.205847,0.180268,0.260658
base,random,1,pm,2436,813,3,lucid,intraday,960,720,40,750,0,0,1.0,0.177832,0.778319,3.0,1,40,750,0,3,1.0,0.177832,0.778319,3.0,2,0.163825,0.163216,0.147381,0.215591
base,random,1,pm,2437,813,11,apex,eod,1440,1080,100,0,0,0,1.0,0.574909,0.423873,1.0,0,100,2000,0,0,1.0,0.568819,0.429963,1.0,1,0.568819,0.557856,0.523752,0.616322
base,random,1,pm,2437,813,11,apex,intraday,1440,1080,60,0,0,0,1.0,0.291108,0.707674,1.0,0,60,0,3000,0,1.0,0.291108,0.707674,1.0,1,0.287454,0.281364,0.257004,0.322777
base,random,1,pm,2437,813,11,lucid,eod,960,720,40,750,0,0,1.0,0.193666,0.676005,3.0,1,40,750,0,0,1.0,0.193666,0.676005,3.0,1,0.180268,0.180268,0.155907,0.235079
base,random,1,pm,2437,813,11,lucid,intraday,960,720,30,750,0,0,1.0,0.16078,0.757613,3.0,1,30,1000,0,3,1.0,0.149817,0.766139,3.0,2,0.138855,0.126066,0.119367,0.19123
base,random,1,pm,2439,813,12,apex,eod,1440,1080,100,0,0,0,1.0,0.598051,0.398295,1.0,0,100,2000,0,0,1.0,0.584653,0.414129,1.0,1,0.582217,0.572473,0.548112,0.622412
base,random,1,pm,2439,813,12,apex,intraday,1440,1080,60,0,0,0,1.0,0.311815,0.688185,1.0,0,40,0,3000,0,1.0,0.306943,0.688185,1.0,1,0.306943,0.293544,0.267966,0.353228
base,random,1,pm,2439,813,12,lucid,eod,960,720,40,750,0,0,1.0,0.220463,0.650426,3.0,1,40,750,0,0,1.0,0.220463,0.650426,3.0,1,0.190012,0.190012,0.180268,0.275274
base,random,1,pm,2439,813,12,lucid,intraday,960,720,30,750,0,0,1.0,0.154689,0.74056,3.0,1,40,750,0,3,1.0,0.147381,0.805116,3.0,2,0.140682,0.126675,0.116931,0.188794
base,random,1,pm,2437,813,13,apex,eod,1440,1080,100,0,0,0,1.0,0.568819,0.426309,1.0,0,100,1000,0,0,1.0,0.559074,0.440926,1.0,1,0.559074,0.54933,0.506669,0.612698
base,random,1,pm,2437,813,13,apex,intraday,1440,1080,40,3000,2000,0,1.0,0.297199,0.697929,1.0,2,40,0,3000,0,1.0,0.293544,0.702801,1.0,1,0.2838,0.280146,0.244793,0.33986
base,random,1,pm,2437,813,13,lucid,eod,960,720,40,750,0,0,1.0,0.208283,0.682095,4.0,1,40,750,0,0,1.0,0.208283,0.682095,4.0,1,0.19123,0.19123,0.163216,0.25338
base,random,1,pm,2437,813,13,lucid,intraday,960,720,30,750,0,0,1.0,0.148599,0.791717,4.0,1,30,750,0,3,1.0,0.148599,0.791717,4.0,2,0.137637,0.126675,0.109622,0.18514
base,random,5,asia,1616,786,1,apex,eod,1440,1080,100,0,0,0,1.0,0.425091,0.56151,1.0,0,100,1000,0,0,1.0,0.419001,0.559074,2.0,1,0.419001,0.403167,0.37028,0.467722
base,random,5,asia,1616,786,1,apex,intraday,1440,1080,100,0,2000,2,0.5,0.269184,0.723508,1.0,3,100,0,2000,2,0.5,0.269184,0.723508,1.0,3,0.264921,0.264921,0.235049,0.308161
base,random,5,asia,1616,786,1,lucid,eod,960,720,40,750,0,0,1.0,0.114495,0.490865,4.0,1,40,1000,0,0,1.0,0.112058,0.492083,4.0,1,0.096224,0.084044,0.076736,0.147381
base,random,5,asia,1616,786,1,lucid,intraday,960,720,40,750,0,0,1.0,0.102314,0.643118,4.0,1,40,750,0,3,1.0,0.102314,0.643118,4.0,2,0.085871,0.08039,0.066991,0.136419
base,random,5,asia,1650,795,2,apex,eod,1440,1080,100,3000,0,0,1.0,0.380024,0.606577,1.0,1,100,1000,0,0,1.0,0.367844,0.624848,2.0,1,0.367844,0.359318,0.321559,0.405603
base,random,5,asia,1650,795,2,apex,intraday,1440,1080,100,0,0,2,0.5,0.237515,0.753959,1.0,2,100,0,3000,3,0.5,0.235079,0.762485,1.0,3,0.235079,0.216809,0.200974,0.266748
base,random,5,asia,1650,795,2,lucid,eod,960,720,40,750,0,0,1.0,0.093788,0.545676,4.0,1,40,1000,0,3,1.0,0.090134,0.551766,4.0,2,0.082217,0.066991,0.056029,0.114495
base,random,5,asia,1650,795,2,lucid,intraday,960,720,40,750,0,0,1.0,0.084044,0.697929,4.0,1,40,1000,0,3,1.0,0.08039,0.711328,4.0,2,0.074909,0.063337,0.049939,0.103532
base,random,5,asia,1604,785,3,apex,eod,1440,1080,100,3000,0,0,1.0,0.392205,0.598051,1.0,1,100,2000,0,0,1.0,0.387333,0.605359,1.0,1,0.387333,0.374543,0.339829,0.429963
base,random,5,asia,1604,785,3,apex,intraday,1440,1080,100,0,0,0,1.0,0.252132,0.74665,1.0,0,100,0,2000,0,1.0,0.250914,0.74665,1.0,1,0.250914,0.242996,0.213155,0.28989
base,random,5,asia,1604,785,3,lucid,eod,960,720,40,750,0,0,1.0,0.126675,0.528624,4.0,1,40,1000,0,0,1.0,0.119367,0.53715,4.0,1,0.107186,0.091352,0.08039,0.152253
base,random,5,asia,1604,785,3,lucid,intraday,960,720,40,750,0,0,1.0,0.114495,0.671133,4.0,1,40,750,2000,0,1.0,0.107186,0.669915,4.0,2,0.09866,0.085262,0.069428,0.140073
base,random,5,asia,2328,820,11,apex,eod,1440,1080,100,1000,0,0,1.0,0.421437,0.574909,2.0,1,100,1000,0,0,1.0,0.421437,0.574909,2.0,1,0.419001,0.419001,0.377588,0.461632
base,random,5,asia,2328,820,11,apex,intraday,1440,1080,80,0,0,0,1.0,0.252132,0.74665,1.0,0,80,0,3000,0,1.0,0.252132,0.74665,1.0,1,0.246041,0.239951,0.224117,0.287454
base,random,5,asia,2328,820,11,lucid,eod,960,720,40,750,0,0,1.0,0.125457,0.650426,3.0,1,40,1000,0,0,1.0,0.123021,0.650426,3.0,1,0.112058,0.102314,0.087698,0.159562
base,random,5,asia,2328,820,11,lucid,intraday,960,720,40,750,0,0,1.0,0.09866,0.777101,3.0,1,40,750,0,0,1.0,0.09866,0.777101,3.0,1,0.090134,0.090134,0.06821,0.132765
base,random,5,asia,2328,820,12,apex,eod,1440,1080,100,0,0,0,1.0,0.465286,0.529842,1.0,0,100,2000,0,0,1.0,0.45676,0.540804,1.0,1,0.454324,0.443971,0.408039,0.498173
base,random,5,asia,2328,820,12,apex,intraday,1440,1080,100,0,1000,0,1.0,0.294762,0.699147,1.0,1,100,0,1000,0,1.0,0.294762,0.699147,1.0,1,0.288672,0.288672,0.243605,0.339829
base,random,5,asia,2328,820,12,lucid,eod,960,720,40,750,0,0,1.0,0.137637,0.590743,4.0,1,40,1000,0,0,1.0,0.137637,0.596833,4.0,1,0.136419,0.107186,0.09866,0.177832
base,random,5,asia,2328,820,12,lucid,intraday,960,720,30,1250,0,0,1.0,0.124239,0.624848,4.0,1,40,1000,0,0,1.0,0.121803,0.74056,4.0,1,0.118149,0.116931,0.087667,0.16078
base,random,5,asia,2341,820,13,apex,eod,1440,1080,100,3000,0,0,1.0,0.466504,0.529842,1.0,1,100,1000,0,0,1.0,0.45067,0.546894,2.0,1,0.449452,0.439099,0.401949,0.500609
base,random,5,asia,2341,820,13,apex,intraday,1440,1080,80,0,1000,0,1.0,0.282582,0.705238,2.0,1,100,3000,3000,0,1.0,0.272838,0.727162,1.0,2,0.27162,0.266748,0.241169,0.303289
base,random,5,asia,2341,820,13,lucid,eod,960,720,40,750,0,0,1.0,0.16078,0.596833,4.0,1,40,1000,0,0,1.0,0.142509,0.604141,4.0,1,0.129111,0.108404,0.107186,0.186358
base,random,5,asia,2341,820,13,lucid,intraday,960,720,40,750,0,0,1.0,0.126675,0.74056,3.0,1,40,750,2000,0,1.0,0.123021,0.725944,3.0,2,0.102314,0.091352,0.091352,0.164434
base,random,5,london,2170,819,1,apex,eod,1440,1080,100,0,0,0,1.0,0.539586,0.460414,1.0,0,100,1000,0,0,1.0,0.53715,0.46285,1.0,1,0.53715,0.530451,0.492083,0.576127
base,random,5,london,2170,819,1,apex,intraday,1440,1080,60,0,1000,0,1.0,0.28989,0.708892,1.0,1,60,0,3000,0,1.0,0.282582,0.717418,1.0,1,0.281364,0.278928,0.246041,0.315469
base,random,5,london,2170,819,1,lucid,eod,960,720,40,1000,0,0,1.0,0.188794,0.697929,3.0,1,40,750,0,0,1.0,0.187576,0.701583,3.0,1,0.186358,0.180268,0.141291,0.232643
base,random,5,london,2170,819,1,lucid,intraday,960,720,30,750,0,0,1.0,0.135201,0.811206,3.0,1,30,1000,0,3,1.0,0.126675,0.813642,3.0,2,0.126675,0.122412,0.087667,0.16081
base,random,5,london,2176,818,2,apex,eod,1440,1080,100,1000,0,0,1.0,0.54933,0.449452,1.0,1,100,1500,0,0,1.0,0.54933,0.449452,1.0,1,0.548112,0.545676,0.505481,0.594397
base,random,5,london,2176,818,2,apex,intraday,1440,1080,60,0,1000,0,1.0,0.285018,0.71011,1.0,1,40,0,3000,0,1.0,0.275274,0.721072,1.0,1,0.275274,0.274665,0.241169,0.309379
base,random,5,london,2176,818,2,lucid,eod,960,720,40,750,0,0,1.0,0.221681,0.637028,3.0,1,40,750,0,0,1.0,0.221681,0.637028,3.0,1,0.194884,0.194884,0.175396,0.26556
base,random,5,london,2176,818,2,lucid,intraday,960,720,30,750,0,0,1.0,0.147381,0.775883,3.0,1,40,750,0,0,1.0,0.136419,0.831912,3.0,1,0.126675,0.113276,0.099878,0.170524
base,random,5,london,2164,818,3,apex,eod,1440,1080,100,0,0,0,1.0,0.580999,0.419001,1.0,0,100,1000,0,0,1.0,0.568819,0.429963,1.0,1,0.568819,0.565164,0.53106,0.601705
base,random,5,london,2164,818,3,apex,intraday,1440,1080,40,0,2000,0,1.0,0.348356,0.650426,1.0,1,40,0,1500,0,1.0,0.342266,0.64799,1.0,1,0.336784,0.332521,0.308161,0.38246
base,random,5,london,2164,818,3,lucid,eod,960,720,40,750,0,0,1.0,0.228989,0.669915,3.0,1,40,750,0,0,1.0,0.228989,0.669915,3.0,1,0.218027,0.218027,0.183892,0.275274
base,random,5,london,2164,818,3,lucid,intraday,960,720,30,750,0,0,1.0,0.171742,0.753959,3.0,1,40,750,0,0,1.0,0.163216,0.803898,3.0,1,0.161998,0.153471,0.130329,0.202192
base,random,5,london,2440,820,11,apex,eod,1440,1080,100,0,0,0,1.0,0.599269,0.400731,1.0,0,100,3000,0,0,1.0,0.598051,0.401949,1.0,1,0.581608,0.574909,0.551766,0.637028
base,random,5,london,2440,820,11,apex,intraday,1440,1080,40,0,1500,0,1.0,0.304507,0.691839,1.0,1,40,0,2000,0,1.0,0.286236,0.707674,1.0,1,0.285018,0.271011,0.238733,0.322777
base,random,5,london,2440,820,11,lucid,eod,960,720,40,750,0,0,1.0,0.252132,0.671133,3.0,1,40,750,0,0,1.0,0.252132,0.671133,3.0,1,0.222899,0.222899,0.210688,0.299635
base,random,5,london,2440,820,11,lucid,intraday,960,720,30,750,0,0,1.0,0.155907,0.80268,3.0,1,40,750,0,0,1.0,0.153471,0.834348,3.0,1,0.149817,0.127893,0.119367,0.190012
base,random,5,london,2432,820,12,apex,eod,1440,1080,100,1500,0,0,1.0,0.589525,0.410475,1.0,1,100,1500,0,0,1.0,0.589525,0.410475,1.0,1,0.588307,0.588307,0.54933,0.628502
base,random,5,london,2432,820,12,apex,intraday,1440,1080,40,0,0,0,1.0,0.305725,0.690621,1.0,0,40,0,2000,0,1.0,0.302071,0.694275,1.0,1,0.294762,0.287454,0.263094,0.338611
base,random,5,london,2432,820,12,lucid,eod,960,720,40,750,0,0,1.0,0.243605,0.686967,3.0,1,40,750,0,0,1.0,0.243605,0.686967,3.0,1,0.200974,0.200974,0.199756,0.291108
base,random,5,london,2432,820,12,lucid,intraday,960,720,40,750,0,0,1.0,0.151035,0.83313,3.0,1,40,750,0,0,1.0,0.151035,0.83313,3.0,1,0.140073,0.140073,0.116931,0.188794
base,random,5,london,2433,820,13,apex,eod,1440,1080,100,0,0,0,1.0,0.596833,0.403167,1.0,0,100,2000,0,0,1.0,0.593179,0.406821,1.0,1,0.591961,0.574909,0.552984,0.640682
base,random,5,london,2433,820,13,apex,intraday,1440,1080,40,0,0,0,1.0,0.310597,0.685749,1.0,0,40,3000,3000,0,1.0,0.309379,0.686967,1.0,2,0.299635,0.294762,0.269184,0.350792
base,random,5,london,2433,820,13,lucid,eod,960,720,40,750,0,0,1.0,0.243605,0.690621,3.0,1,40,750,0,0,1.0,0.243605,0.690621,3.0,1,0.219245,0.219245,0.19123,0.300883
base,random,5,london,2433,820,13,lucid,intraday,960,720,30,750,0,0,1.0,0.171742,0.785627,3.0,1,40,750,0,0,1.0,0.157125,0.82704,3.0,1,0.151035,0.144336,0.121803,0.19732
base,random,5,nyam,1013,673,1,apex,eod,1440,1080,100,0,0,0,1.0,0.415347,0.584653,1.0,0,100,1000,0,0,1.0,0.415347,0.584653,1.0,1,0.415347,0.410475,0.380024,0.457978
base,random,5,nyam,1013,673,1,apex,intraday,1440,1080,40,0,0,1,1.0,0.252132,0.747868,1.0,1,40,0,3000,1,1.0,0.252132,0.747868,1.0,2,0.252132,0.247259,0.220432,0.28989
base,random,5,nyam,1013,673,1,lucid,eod,960,720,40,750,0,0,1.0,0.08648,0.714982,4.0,1,40,1000,0,0,1.0,0.08648,0.714982,4.0,1,0.08648,0.085262,0.064555,0.114495
base,random,5,nyam,1013,673,1,lucid,intraday,960,720,20,750,0,0,1.0,0.066991,0.742996,4.0,1,20,1000,0,3,1.0,0.066991,0.741778,4.0,2,0.065773,0.062119,0.047503,0.091352
base,random,5,nyam,981,670,2,apex,eod,1440,1080,60,0,0,0,1.0,0.419001,0.568819,1.0,0,60,0,0,0,1.0,0.419001,0.568819,1.0,0,0.419001,0.419001,0.36419,0.466535
base,random,5,nyam,981,670,2,apex,intraday,1440,1080,20,0,0,2,1.0,0.264312,0.656516,2.0,1,40,0,3000,2,1.0,0.261876,0.732034,1.0,2,0.261267,0.250305,0.220432,0.306943
base,random,5,nyam,981,670,2,lucid,eod,960,720,20,750,0,0,1.0,0.064555,0.582217,4.0,1,30,750,0,0,1.0,0.064555,0.649208,4.0,1,0.064555,0.060901,0.042631,0.09257
base,random,5,nyam,981,670,2,lucid,intraday,960,720,20,750,0,0,1.0,0.059683,0.713764,4.0,1,20,1000,0,0,1.0,0.059683,0.713764,4.0,1,0.056638,0.052375,0.037759,0.087728
base,random,5,nyam,976,664,3,apex,eod,1440,1080,100,0,0,0,1.0,0.426309,0.566382,1.0,0,100,1000,0,0,1.0,0.426309,0.566382,1.0,1,0.426309,0.422655,0.372716,0.473812
base,random,5,nyam,976,664,3,apex,intraday,1440,1080,40,0,2000,0,1.0,0.258222,0.738124,1.0,1,40,0,2000,3,1.0,0.258222,0.738124,1.0,2,0.258222,0.257004,0.224117,0.295981
base,random,5,nyam,976,664,3,lucid,eod,960,720,20,1500,0,0,1.0,0.09866,0.562728,4.0,1,20,1000,0,0,1.0,0.097442,0.56151,4.0,1,0.097442,0.097442,0.069428,0.132765
base,random,5,nyam,976,664,3,lucid,intraday,960,720,20,750,0,0,1.0,0.082826,0.713764,4.0,1,20,1000,0,3,1.0,0.082826,0.713764,4.0,2,0.082826,0.075518,0.058465,0.112058
base,random,5,nyam,2199,820,11,apex,eod,1440,1080,100,0,0,0,1.0,0.616322,0.383678,1.0,0,100,1000,0,0,1.0,0.616322,0.383678,1.0,1,0.616322,0.615713,0.576127,0.649239
base,random,5,nyam,2199,820,11,apex,intraday,1440,1080,20,0,2000,0,1.0,0.327649,0.672351,1.0,1,20,0,3000,0,1.0,0.326431,0.673569,1.0,1,0.323995,0.320341,0.282582,0.367844
base,random,5,nyam,2199,820,11,lucid,eod,960,720,20,750,0,0,1.0,0.260658,0.612667,3.0,1,30,1000,0,0,1.0,0.258222,0.65408,3.0,1,0.257613,0.227162,0.209501,0.300853
base,random,5,nyam,2199,820,11,lucid,intraday,960,720,10,750,0,0,1.0,0.181486,0.64799,3.0,1,10,750,2000,0,1.0,0.180268,0.643118,3.0,2,0.174178,0.16687,0.132765,0.221681
base,random,5,nyam,2202,820,12,apex,eod,1440,1080,100,0,0,0,1.0,0.552984,0.447016,1.0,0,100,1000,0,0,1.0,0.552984,0.447016,1.0,1,0.552984,0.550548,0.518879,0.587089
base,random,5,nyam,2202,820,12,apex,intraday,1440,1080,20,3000,1500,0,1.0,0.27771,0.7162,1.0,2,40,3000,2000,0,0.5,0.274056,0.725944,1.0,3,0.271011,0.26553,0.242387,0.305725
base,random,5,nyam,2202,820,12,lucid,eod,960,720,30,1000,0,0,1.0,0.20341,0.700365,3.0,1,40,750,0,0,1.0,0.202192,0.706456,3.0,1,0.202192,0.201583,0.163216,0.2412
base,random,5,nyam,2202,820,12,lucid,intraday,960,720,10,750,0,0,1.0,0.125457,0.699147,4.0,1,10,750,0,0,1.0,0.125457,0.699147,4.0,1,0.116931,0.116931,0.091352,0.159562
base,random,5,nyam,2229,820,13,apex,eod,1440,1080,100,0,0,0,1.0,0.61754,0.38246,1.0,0,100,1000,0,0,1.0,0.61754,0.38246,1.0,1,0.61754,0.615104,0.578563,0.651675
base,random,5,nyam,2229,820,13,apex,intraday,1440,1080,20,0,0,0,1.0,0.291108,0.706456,1.0,0,20,0,0,0,1.0,0.291108,0.706456,1.0,0,0.281364,0.281364,0.248477,0.328898
base,random,5,nyam,2229,820,13,lucid,eod,960,720,20,750,0,0,1.0,0.254568,0.619976,3.0,1,40,750,0,0,1.0,0.25335,0.650426,3.0,1,0.252132,0.210719,0.210719,0.302071
base,random,5,nyam,2229,820,13,lucid,intraday,960,720,20,750,0,0,1.0,0.155907,0.813642,3.0,1,20,750,0,3,1.0,0.155907,0.813642,3.0,2,0.146163,0.12972,0.123021,0.193666
base,random,5,mid,1132,777,1,apex,eod,1440,1080,100,0,0,0,1.0,0.422655,0.577345,1.0,0,100,1000,0,0,1.0,0.422655,0.577345,1.0,1,0.422655,0.41961,0.388551,0.461632
base,random,5,mid,1132,777,1,apex,intraday,1440,1080,20,0,0,0,1.0,0.254568,0.705238,2.0,0,20,0,3000,3,1.0,0.254568,0.705238,2.0,2,0.250305,0.243605,0.215591,0.303289
base,random,5,mid,1132,777,1,lucid,eod,960,720,20,750,0,0,1.0,0.099878,0.630938,4.0,1,20,1000,0,3,1.0,0.099878,0.630938,4.0,2,0.099878,0.096833,0.065773,0.140073
base,random,5,mid,1132,777,1,lucid,intraday,960,720,20,750,0,0,1.0,0.087698,0.762485,4.0,1,20,1000,0,3,1.0,0.087698,0.762485,4.0,2,0.087698,0.084044,0.057247,0.121803
base,random,5,mid,1143,774,2,apex,eod,1440,1080,100,0,0,0,1.0,0.437272,0.562728,1.0,0,100,0,0,3,1.0,0.437272,0.562728,1.0,1,0.437272,0.436663,0.401918,0.475061
base,random,5,mid,1143,774,2,apex,intraday,1440,1080,20,0,0,0,0.5,0.258222,0.701583,2.0,1,20,0,3000,1,1.0,0.255786,0.689403,2.0,2,0.255786,0.250914,0.210719,0.305725
base,random,5,mid,1143,774,2,lucid,eod,960,720,20,750,0,0,1.0,0.091352,0.6419,4.0,1,20,1000,0,0,1.0,0.091352,0.6419,4.0,1,0.091352,0.085871,0.060901,0.125457
base,random,5,mid,1143,774,2,lucid,intraday,960,720,20,750,0,0,1.0,0.076736,0.779537,4.0,1,20,1000,0,3,1.0,0.076736,0.779537,4.0,2,0.076736,0.070646,0.049939,0.108435
base,random,5,mid,1130,768,3,apex,eod,1440,1080,100,0,0,0,1.0,0.448234,0.551766,1.0,0,100,1000,0,0,1.0,0.448234,0.551766,1.0,1,0.448234,0.440926,0.406821,0.484775
base,random,5,mid,1130,768,3,apex,intraday,1440,1080,20,0,0,0,1.0,0.247259,0.719854,2.0,0,20,0,3000,3,1.0,0.247259,0.719854,2.0,2,0.24665,0.237515,0.205847,0.288672
base,random,5,mid,1130,768,3,lucid,eod,960,720,30,750,0,0,1.0,0.109622,0.702801,4.0,1,30,1000,0,0,1.0,0.109622,0.702801,4.0,1,0.109622,0.109013,0.077954,0.137667
base,random,5,mid,1130,768,3,lucid,intraday,960,720,20,750,0,0,1.0,0.084044,0.786845,4.0,1,20,1000,0,3,1.0,0.084044,0.786845,4.0,2,0.084044,0.077954,0.059683,0.11084
base,random,5,mid,1724,820,11,apex,eod,1440,1080,100,0,0,0,1.0,0.476248,0.523752,1.0,0,100,1000,0,0,1.0,0.476248,0.523752,1.0,1,0.476248,0.475639,0.442144,0.514007
base,random,5,mid,1724,820,11,apex,intraday,1440,1080,20,0,2000,0,1.0,0.260658,0.736906,1.0,1,20,0,2000,0,1.0,0.260658,0.736906,1.0,1,0.258222,0.258222,0.222899,0.306943
base,random,5,mid,1724,820,11,lucid,eod,960,720,30,750,0,0,1.0,0.103532,0.757613,4.0,1,30,1000,0,0,1.0,0.103532,0.757613,4.0,1,0.102923,0.101705,0.0743,0.142509
base,random,5,mid,1724,820,11,lucid,intraday,960,720,10,1000,0,0,1.0,0.081608,0.697929,4.0,1,10,1000,0,0,1.0,0.081608,0.697929,4.0,1,0.08039,0.08039,0.054781,0.119367
base,random,5,mid,1722,820,12,apex,eod,1440,1080,100,0,0,0,1.0,0.465286,0.534714,1.0,0,100,1000,0,0,1.0,0.465286,0.534714,1.0,1,0.465286,0.464677,0.425091,0.506699
base,random,5,mid,1722,820,12,apex,intraday,1440,1080,20,0,1000,0,1.0,0.255786,0.711328,2.0,1,20,0,1000,3,1.0,0.255786,0.711328,2.0,2,0.248477,0.243605,0.209501,0.297199
base,random,5,mid,1722,820,12,lucid,eod,960,720,20,1500,0,0,1.0,0.132765,0.697929,3.0,1,20,1000,0,0,1.0,0.129111,0.697929,3.0,1,0.128502,0.127893,0.093788,0.17296
base,random,5,mid,1722,820,12,lucid,intraday,960,720,10,1000,0,0,1.0,0.103532,0.683313,4.0,1,10,1000,0,3,1.0,0.103532,0.683313,4.0,2,0.099269,0.097442,0.0743,0.141322
base,random,5,mid,1707,820,13,apex,eod,1440,1080,100,0,0,0,1.0,0.445798,0.554202,1.0,0,100,1000,0,0,1.0,0.445798,0.554202,1.0,1,0.445798,0.441535,0.403167,0.489647
base,random,5,mid,1707,820,13,apex,intraday,1440,1080,20,3000,0,2,1.0,0.232643,0.758831,1.0,2,20,0,3000,3,0.5,0.228989,0.764921,1.0,3,0.227162,0.220463,0.190012,0.270402
base,random,5,mid,1707,820,13,lucid,eod,960,720,20,750,0,0,1.0,0.105968,0.711328,4.0,1,40,1000,0,0,1.0,0.105968,0.758831,4.0,1,0.105968,0.098051,0.076736,0.137637
base,random,5,mid,1707,820,13,lucid,intraday,960,720,10,750,0,0,1.0,0.085262,0.705238,4.0,1,10,1000,0,0,1.0,0.085262,0.705238,4.0,1,0.08039,0.06821,0.056029,0.118149
base,random,5,pm,1277,776,1,apex,eod,1440,1080,80,0,0,0,1.0,0.431181,0.568819,1.0,0,80,0,0,0,1.0,0.431181,0.568819,1.0,0,0.431181,0.431181,0.395859,0.467722
base,random,5,pm,1277,776,1,apex,intraday,1440,1080,40,0,1500,0,1.0,0.27771,0.713764,1.0,1,40,3000,1500,3,1.0,0.275274,0.7162,1.0,3,0.275274,0.272229,0.238733,0.310597
base,random,5,pm,1277,776,1,lucid,eod,960,720,30,750,0,0,1.0,0.116931,0.708892,4.0,1,30,1000,0,0,1.0,0.116931,0.708892,4.0,1,0.115713,0.113886,0.077954,0.16078
base,random,5,pm,1277,776,1,lucid,intraday,960,720,20,750,0,0,1.0,0.09866,0.773447,4.0,1,20,1000,0,3,1.0,0.09866,0.772229,4.0,2,0.097442,0.080999,0.063307,0.140073
base,random,5,pm,1264,777,2,apex,eod,1440,1080,100,0,0,0,1.0,0.496955,0.503045,1.0,0,100,1000,0,0,1.0,0.496955,0.503045,1.0,1,0.496955,0.492692,0.451857,0.540804
base,random,5,pm,1264,777,2,apex,intraday,1440,1080,40,0,1000,1,1.0,0.320341,0.660171,2.0,2,40,1500,1000,0,1.0,0.320341,0.660171,2.0,2,0.320341,0.303289,0.26553,0.362972
base,random,5,pm,1264,777,2,lucid,eod,960,720,20,1250,0,0,1.0,0.149817,0.5676,4.0,1,20,1250,0,0,1.0,0.149817,0.5676,4.0,1,0.144945,0.144945,0.10472,0.194884
base,random,5,pm,1264,777,2,lucid,intraday,960,720,20,1250,0,0,1.0,0.123021,0.732034,4.0,1,20,1250,0,3,1.0,0.123021,0.732034,4.0,2,0.119367,0.113886,0.084044,0.165652
base,random,5,pm,1237,761,3,apex,eod,1440,1080,100,0,0,0,1.0,0.465286,0.533496,1.0,0,100,1000,0,0,1.0,0.465286,0.533496,1.0,1,0.465286,0.463459,0.426309,0.499391
base,random,5,pm,1237,761,3,apex,intraday,1440,1080,40,0,1500,2,0.5,0.2838,0.712546,1.0,3,40,0,1500,3,0.5,0.281364,0.714982,1.0,3,0.275274,0.274056,0.243605,0.324026
base,random,5,pm,1237,761,3,lucid,eod,960,720,20,1500,0,0,1.0,0.113276,0.526188,4.0,1,20,1250,0,0,1.0,0.112058,0.527406,4.0,1,0.111449,0.109622,0.084044,0.148599
base,random,5,pm,1237,761,3,lucid,intraday,960,720,20,1500,0,0,1.0,0.091352,0.730816,4.0,1,20,1000,0,3,1.0,0.090134,0.732034,3.5,2,0.090134,0.082826,0.065773,0.121803
base,random,5,pm,1901,813,11,apex,eod,1440,1080,80,3000,0,0,1.0,0.557856,0.442144,1.0,1,80,1000,0,0,1.0,0.556638,0.443362,1.0,1,0.556029,0.55542,0.521285,0.602923
base,random,5,pm,1901,813,11,apex,intraday,1440,1080,20,0,0,0,1.0,0.326431,0.668697,2.0,0,20,3000,3000,0,1.0,0.326431,0.668697,2.0,2,0.319123,0.300853,0.286236,0.377588
base,random,5,pm,1901,813,11,lucid,eod,960,720,20,750,0,0,1.0,0.227771,0.600487,4.0,1,30,750,0,0,1.0,0.221681,0.632156,4.0,1,0.221072,0.192448,0.182704,0.272868
base,random,5,pm,1901,813,11,lucid,intraday,960,720,20,750,0,0,1.0,0.170524,0.766139,3.0,1,20,1000,0,0,1.0,0.16687,0.767357,3.0,1,0.162607,0.142509,0.132765,0.210719
base,random,5,pm,1904,813,12,apex,eod,1440,1080,100,0,0,0,1.0,0.563946,0.436054,1.0,0,100,1000,0,0,1.0,0.562728,0.437272,1.0,1,0.562728,0.56151,0.52497,0.607795
base,random,5,pm,1904,813,12,apex,intraday,1440,1080,20,0,2000,0,1.0,0.326431,0.663825,2.0,1,20,3000,3000,3,1.0,0.325213,0.662607,2.0,3,0.313642,0.303898,0.285018,0.373965
base,random,5,pm,1904,813,12,lucid,eod,960,720,30,750,0,0,1.0,0.209501,0.661389,3.0,1,30,1000,0,0,1.0,0.208283,0.661389,3.0,1,0.205847,0.205238,0.16078,0.258222
base,random,5,pm,1904,813,12,lucid,intraday,960,720,20,750,0,0,1.0,0.164434,0.768575,3.0,1,20,1000,0,3,1.0,0.16078,0.768575,3.0,2,0.155907,0.142509,0.121803,0.204629
base,random,5,pm,1936,813,13,apex,eod,1440,1080,100,0,0,0,1.0,0.526188,0.473812,1.0,0,100,1000,0,0,1.0,0.52497,0.47503,1.0,1,0.52497,0.523143,0.488429,0.562728
base,random,5,pm,1936,813,13,apex,intraday,1440,1080,20,0,0,0,1.0,0.303289,0.690621,2.0,0,20,0,1500,0,1.0,0.300853,0.674787,2.0,1,0.294762,0.27162,0.244793,0.356882
base,random,5,pm,1936,813,13,lucid,eod,960,720,30,750,0,0,1.0,0.16687,0.705238,4.0,1,40,750,0,0,1.0,0.164434,0.724726,4.0,1,0.164434,0.163216,0.123021,0.210719
base,random,5,pm,1936,813,13,lucid,intraday,960,720,20,750,0,0,1.0,0.130329,0.817296,3.0,1,20,1000,0,3,1.0,0.130329,0.816078,4.0,2,0.125457,0.101705,0.09257,0.170524
base,random,15,asia,586,506,1,apex,eod,1440,1080,100,0,0,0,1.0,0.317905,0.596833,2.0,0,100,0,0,3,1.0,0.317905,0.596833,2.0,1,0.317905,0.314251,0.266717,0.37637
base,random,15,asia,586,506,1,apex,intraday,1440,1080,100,0,2000,0,1.0,0.210719,0.738124,2.0,1,100,0,2000,0,1.0,0.210719,0.738124,2.0,1,0.210719,0.210719,0.170524,0.263094
base,random,15,asia,586,506,1,lucid,eod,960,720,40,750,0,0,1.0,0.035323,0.375152,4.0,1,40,1000,0,0,1.0,0.035323,0.375152,4.0,1,0.035323,0.032887,0.01827,0.056029
base,random,15,asia,586,506,1,lucid,intraday,960,720,40,750,0,0,1.0,0.035323,0.495737,4.0,1,40,1000,0,0,1.0,0.035323,0.495737,4.0,1,0.035323,0.032887,0.01827,0.056029
base,random,15,asia,616,533,2,apex,eod,1440,1080,100,0,0,0,1.0,0.394641,0.528624,2.0,0,100,0,0,3,1.0,0.394641,0.528624,2.0,1,0.394641,0.38916,0.341017,0.447016
base,random,15,asia,616,533,2,apex,intraday,1440,1080,80,0,0,0,1.0,0.249695,0.693057,2.0,0,80,0,0,0,1.0,0.249695,0.693057,2.0,0,0.249695,0.249695,0.208283,0.292326
base,random,15,asia,616,533,2,lucid,eod,960,720,40,750,0,0,1.0,0.060901,0.377588,4.0,1,40,1000,0,0,1.0,0.060901,0.377588,4.0,1,0.060901,0.059683,0.035292,0.091352
base,random,15,asia,616,533,2,lucid,intraday,960,720,40,750,0,0,1.0,0.057247,0.494519,4.0,1,40,1000,0,0,1.0,0.057247,0.494519,4.0,1,0.057247,0.054811,0.032887,0.08648
base,random,15,asia,584,500,3,apex,eod,1440,1080,100,0,0,0,1.0,0.302071,0.618758,2.0,0,100,0,0,3,1.0,0.302071,0.618758,2.0,1,0.302071,0.294762,0.257004,0.354476
base,random,15,asia,584,500,3,apex,intraday,1440,1080,100,0,0,0,1.0,0.190012,0.751523,1.0,0,100,0,0,3,1.0,0.190012,0.751523,1.0,1,0.190012,0.189403,0.152253,0.23511
base,random,15,asia,584,500,3,lucid,eod,960,720,40,0,0,0,1.0,0.020706,0.416565,4.0,0,40,0,0,3,1.0,0.020706,0.416565,4.0,1,0.020706,0.019488,0.007308,0.036541
base,random,15,asia,584,500,3,lucid,intraday,960,720,40,0,0,0,1.0,0.019488,0.552984,4.0,0,40,0,0,3,1.0,0.019488,0.552984,4.0,1,0.019488,0.01827,0.007308,0.034105
base,random,15,asia,1456,819,11,apex,eod,1440,1080,100,2000,0,0,1.0,0.445798,0.551766,1.0,1,100,1000,0,0,1.0,0.443362,0.554202,1.0,1,0.443362,0.440926,0.403167,0.484775
base,random,15,asia,1456,819,11,apex,intraday,1440,1080,80,0,0,0,0.5,0.266748,0.729598,1.0,1,80,0,3000,3,0.5,0.266748,0.729598,1.0,3,0.263703,0.261876,0.232643,0.304507
base,random,15,asia,1456,819,11,lucid,eod,960,720,40,1250,0,0,1.0,0.113276,0.62363,4.0,1,40,1000,0,0,1.0,0.112058,0.619976,4.0,1,0.112058,0.107186,0.081577,0.144945
base,random,15,asia,1456,819,11,lucid,intraday,960,720,40,1000,1500,0,1.0,0.101096,0.707674,4.0,2,40,1000,0,0,1.0,0.09866,0.763703,4.0,1,0.097442,0.097442,0.069428,0.129111
base,random,15,asia,1462,819,12,apex,eod,1440,1080,100,2000,0,0,1.0,0.459196,0.538368,1.0,1,100,1000,0,0,1.0,0.457978,0.539586,1.0,1,0.457978,0.457978,0.411693,0.498173
base,random,15,asia,1462,819,12,apex,intraday,1440,1080,60,1000,0,0,1.0,0.25944,0.735688,2.0,1,60,1500,0,3,1.0,0.258222,0.738124,2.0,2,0.257004,0.24665,0.224117,0.293544
base,random,15,asia,1462,819,12,lucid,eod,960,720,40,1250,0,2,1.0,0.119367,0.606577,4.0,2,40,1000,0,0,1.0,0.114495,0.611449,4.0,1,0.114495,0.112058,0.084044,0.148599
base,random,15,asia,1462,819,12,lucid,intraday,960,720,30,1000,0,2,1.0,0.099878,0.657734,4.0,2,30,1000,0,3,1.0,0.097442,0.678441,4.0,2,0.093788,0.091352,0.065773,0.132765
base,random,15,asia,1490,820,13,apex,eod,1440,1080,100,0,0,0,1.0,0.419001,0.580999,1.0,0,100,3000,0,0,1.0,0.416565,0.583435,1.0,1,0.412911,0.411693,0.38246,0.453106
base,random,15,asia,1490,820,13,apex,intraday,1440,1080,80,0,1000,2,1.0,0.25335,0.742996,1.0,2,80,0,1500,0,1.0,0.243605,0.755177,1.0,1,0.243605,0.228989,0.20947,0.282582
base,random,15,asia,1490,820,13,lucid,eod,960,720,40,1000,0,0,1.0,0.114495,0.634592,3.0,1,40,1000,0,0,1.0,0.114495,0.634592,3.0,1,0.11084,0.11084,0.081608,0.149817
base,random,15,asia,1490,820,13,lucid,intraday,960,720,40,1000,0,0,1.0,0.091352,0.775883,3.0,1,40,1000,0,0,1.0,0.091352,0.775883,3.0,1,0.090134,0.090134,0.060901,0.125457
base,random,15,london,1084,717,1,apex,eod,1440,1080,100,1000,0,0,1.0,0.428745,0.5676,1.0,1,100,1500,0,0,1.0,0.428745,0.5676,1.0,1,0.428745,0.426309,0.389769,0.472594
base,random,15,london,1084,717,1,apex,intraday,1440,1080,40,0,0,2,0.5,0.264312,0.721072,1.0,2,40,0,3000,0,1.0,0.263094,0.721072,1.0,1,0.263094,0.25944,0.224117,0.306943
base,random,15,london,1084,717,1,lucid,eod,960,720,30,750,0,0,1.0,0.109622,0.598051,4.0,1,30,1000,0,0,1.0,0.109622,0.598051,4.0,1,0.108404,0.102923,0.070646,0.146163
base,random,15,london,1084,717,1,lucid,intraday,960,720,20,750,0,0,1.0,0.091352,0.637028,4.0,1,30,1000,0,0,1.0,0.090134,0.764921,4.0,1,0.090134,0.084653,0.056029,0.123021
base,random,15,london,1108,728,2,apex,eod,1440,1080,100,0,0,0,1.0,0.426309,0.573691,1.0,0,100,1000,0,0,1.0,0.426309,0.573691,1.0,1,0.426309,0.423264,0.38246,0.465286
base,random,15,london,1108,728,2,apex,intraday,1440,1080,40,0,0,0,1.0,0.246041,0.745432,1.0,0,40,0,3000,3,1.0,0.246041,0.745432,1.0,2,0.243605,0.238733,0.20341,0.287454
base,random,15,london,1108,728,2,lucid,eod,960,720,30,750,0,0,1.0,0.114495,0.607795,4.0,1,30,1000,0,0,1.0,0.114495,0.611449,4.0,1,0.113886,0.109013,0.077923,0.141291
base,random,15,london,1108,728,2,lucid,intraday,960,720,20,1250,0,2,1.0,0.103532,0.624848,4.0,2,20,1000,0,3,1.0,0.102314,0.628502,4.0,2,0.099878,0.088916,0.066991,0.126705
base,random,15,london,1134,724,3,apex,eod,1440,1080,100,3000,0,0,1.0,0.431181,0.568819,1.0,1,100,0,0,3,1.0,0.429963,0.570037,1.0,1,0.428745,0.424482,0.389769,0.467722
base,random,15,london,1134,724,3,apex,intraday,1440,1080,60,0,1000,2,1.0,0.250914,0.735688,2.0,2,60,0,1000,2,1.0,0.250914,0.735688,2.0,2,0.248477,0.248477,0.205847,0.295981
base,random,15,london,1134,724,3,lucid,eod,960,720,30,750,1500,0,1.0,0.051157,0.605359,4.0,2,40,750,0,0,1.0,0.049939,0.708892,4.0,1,0.049939,0.047503,0.030451,0.073082
base,random,15,london,1134,724,3,lucid,intraday,960,720,30,750,2000,0,1.0,0.048721,0.760049,4.0,2,30,750,2000,3,1.0,0.048721,0.760049,4.0,3,0.046285,0.044458,0.029233,0.070646
base,random,15,london,2032,820,11,apex,eod,1440,1080,100,3000,0,0,1.0,0.579781,0.420219,1.0,1,100,1000,0,0,1.0,0.576127,0.423873,1.0,1,0.576127,0.574909,0.538368,0.607795
base,random,15,london,2032,820,11,apex,intraday,1440,1080,40,0,0,0,1.0,0.342266,0.656516,1.0,0,40,0,2000,0,1.0,0.342266,0.656516,1.0,1,0.331303,0.314251,0.300853,0.378806
base,random,15,london,2032,820,11,lucid,eod,960,720,40,750,0,0,1.0,0.233861,0.661389,4.0,1,40,1000,0,0,1.0,0.233861,0.661389,4.0,1,0.233861,0.231425,0.188794,0.270402
base,random,15,london,2032,820,11,lucid,intraday,960,720,20,1000,0,0,1.0,0.181486,0.738124,4.0,1,20,1000,0,0,1.0,0.181486,0.738124,4.0,1,0.172351,0.172351,0.140073,0.213155
base,random,15,london,2073,820,12,apex,eod,1440,1080,100,1000,0,0,1.0,0.534714,0.465286,1.0,1,100,1500,0,0,1.0,0.534714,0.465286,1.0,1,0.534714,0.532278,0.492083,0.570067
base,random,15,london,2073,820,12,apex,intraday,1440,1080,40,0,0,0,1.0,0.291108,0.706456,1.0,0,40,0,3000,0,1.0,0.291108,0.706456,1.0,1,0.286236,0.270402,0.252132,0.325213
base,random,15,london,2073,820,12,lucid,eod,960,720,30,750,0,0,1.0,0.214373,0.640682,3.0,1,40,750,0,0,1.0,0.213155,0.678441,3.0,1,0.209501,0.205847,0.168088,0.263094
base,random,15,london,2073,820,12,lucid,intraday,960,720,20,750,0,0,1.0,0.168088,0.723508,3.0,1,20,750,0,3,1.0,0.168088,0.723508,3.0,2,0.147381,0.132765,0.126675,0.216809
base,random,15,london,2066,820,13,apex,eod,1440,1080,100,1000,0,0,1.0,0.526188,0.473812,1.0,1,100,1500,0,0,1.0,0.526188,0.473812,1.0,1,0.526188,0.52497,0.489647,0.562728
base,random,15,london,2066,820,13,apex,intraday,1440,1080,40,0,1000,0,1.0,0.285018,0.71011,1.0,1,40,2000,1000,0,1.0,0.274056,0.718636,2.0,2,0.267966,0.263094,0.228989,0.325244
base,random,15,london,2066,820,13,lucid,eod,960,720,30,750,0,0,1.0,0.18514,0.697929,4.0,1,30,1000,0,0,1.0,0.182704,0.697929,4.0,1,0.182704,0.174178,0.133983,0.232643
base,random,15,london,2066,820,13,lucid,intraday,960,720,20,750,0,0,1.0,0.141291,0.783191,4.0,1,20,1000,0,3,1.0,0.140073,0.783191,4.0,2,0.129111,0.10475,0.102284,0.185171
base,random,15,nyam,375,342,1,apex,eod,1440,1080,100,0,0,0,1.0,0.371498,0.512789,2.0,0,100,0,0,3,1.0,0.371498,0.512789,2.0,1,0.371498,0.37028,0.321559,0.434836
base,random,15,nyam,375,342,1,apex,intraday,1440,1080,40,0,0,0,1.0,0.202192,0.684531,2.0,0,40,0,0,0,1.0,0.202192,0.684531,2.0,0,0.202192,0.202192,0.159562,0.258222
base,random,15,nyam,375,342,1,lucid,eod,960,720,20,0,0,0,1.0,0.00609,0.306943,5.0,0,20,0,0,0,1.0,0.00609,0.306943,5.0,0,0.00609,0.00609,0.001218,0.01218
base,random,15,nyam,375,342,1,lucid,intraday,960,720,20,0,0,0,1.0,0.00609,0.422655,5.0,0,20,0,0,0,1.0,0.00609,0.422655,5.0,0,0.00609,0.00609,0.001218,0.01218
base,random,15,nyam,360,325,2,apex,eod,1440,720,100,0,0,0,1.0,0.403167,0.494519,2.0,0,100,0,0,3,1.0,0.403167,0.494519,2.0,1,0.403167,0.397686,0.343453,0.45676
base,random,15,nyam,360,325,2,apex,intraday,1440,720,40,0,0,0,1.0,0.211937,0.640682,2.0,0,40,0,0,0,1.0,0.211937,0.640682,2.0,0,0.211937,0.211937,0.159562,0.25335
base,random,15,nyam,360,325,2,lucid,eod,960,480,20,0,0,0,1.0,0.007308,0.337393,5.0,0,20,0,0,0,1.0,0.007308,0.337393,5.0,0,0.007308,0.007308,0.0,0.010962
base,random,15,nyam,360,325,2,lucid,intraday,960,480,20,0,0,0,1.0,0.007308,0.43849,5.0,0,20,0,0,0,1.0,0.007308,0.43849,5.0,0,0.007308,0.007308,0.0,0.010962
base,random,15,nyam,383,345,3,apex,eod,1440,1080,100,0,0,0,1.0,0.387333,0.509135,2.0,0,100,0,0,3,1.0,0.387333,0.509135,2.0,1,0.387333,0.378197,0.328837,0.44458
base,random,15,nyam,383,345,3,apex,intraday,1440,1080,40,0,0,0,1.0,0.200974,0.676005,2.0,0,40,0,0,0,1.0,0.200974,0.676005,2.0,0,0.200974,0.200974,0.155907,0.246072
base,random,15,nyam,383,345,3,lucid,eod,960,720,20,750,0,0,1.0,0.004872,0.36419,5.0,1,20,1000,0,0,1.0,0.004872,0.36419,5.0,1,0.004872,0.004263,0.0,0.01218
base,random,15,nyam,383,345,3,lucid,intraday,960,720,20,750,0,0,1.0,0.004872,0.464068,5.0,1,20,1000,0,3,1.0,0.004872,0.464068,5.0,2,0.004872,0.003654,0.0,0.01218
base,random,15,nyam,1301,804,11,apex,eod,1440,1080,100,0,0,0,1.0,0.45676,0.54324,1.0,0,100,1000,0,0,1.0,0.45676,0.54324,1.0,1,0.45676,0.456151,0.411693,0.500609
base,random,15,nyam,1301,804,11,apex,intraday,1440,1080,20,0,1500,0,0.5,0.313033,0.652862,2.0,2,20,0,1500,3,1.0,0.305725,0.669915,2.0,2,0.304507,0.300853,0.256973,0.35201
base,random,15,nyam,1301,804,11,lucid,eod,960,720,20,1250,0,0,1.0,0.109622,0.632156,4.0,1,20,1000,0,0,1.0,0.108404,0.632156,4.0,1,0.107186,0.107186,0.071864,0.147381
base,random,15,nyam,1301,804,11,lucid,intraday,960,720,10,750,0,0,1.0,0.087698,0.568819,4.0,1,10,750,0,0,1.0,0.087698,0.568819,4.0,1,0.08648,0.08648,0.054811,0.124239
base,random,15,nyam,1300,793,12,apex,eod,1440,1080,100,0,0,0,1.0,0.477467,0.522533,1.0,0,100,1000,0,0,1.0,0.477467,0.522533,1.0,1,0.477467,0.475639,0.434836,0.521315
base,random,15,nyam,1300,793,12,apex,intraday,1440,1080,20,0,1000,0,0.5,0.297199,0.650426,2.0,2,20,0,1000,3,0.5,0.297199,0.650426,2.0,3,0.276492,0.274056,0.244823,0.354476
base,random,15,nyam,1300,793,12,lucid,eod,960,720,20,1500,0,0,1.0,0.109622,0.640682,4.0,1,20,1000,0,0,1.0,0.108404,0.640682,4.0,1,0.106577,0.10475,0.073082,0.154689
base,random,15,nyam,1300,793,12,lucid,intraday,960,720,10,1000,0,0,1.0,0.096224,0.570037,4.0,1,10,1000,0,0,1.0,0.096224,0.570037,4.0,1,0.095006,0.095006,0.062119,0.141322
base,random,15,nyam,1294,784,13,apex,eod,1440,1080,80,0,0,0,1.0,0.448234,0.551766,1.0,0,80,1000,0,0,1.0,0.448234,0.551766,1.0,1,0.447016,0.445798,0.411693,0.485993
base,random,15,nyam,1294,784,13,apex,intraday,1440,1080,20,0,2000,0,0.5,0.270402,0.721072,1.0,2,20,0,3000,3,0.5,0.269184,0.72229,1.0,3,0.264921,0.261876,0.228959,0.308191
base,random,15,nyam,1294,784,13,lucid,eod,960,720,20,750,0,0,1.0,0.108404,0.672351,4.0,1,20,1000,0,3,1.0,0.108404,0.672351,4.0,2,0.105968,0.098051,0.073082,0.151035
base,random,15,nyam,1294,784,13,lucid,intraday,960,720,10,750,0,0,1.0,0.091352,0.585871,4.0,1,10,1000,0,0,1.0,0.091352,0.588307,4.0,1,0.091352,0.076736,0.056029,0.130359
base,random,15,mid,561,515,1,apex,eod,1440,1080,100,0,0,0,1.0,0.425091,0.54933,1.0,0,100,0,0,3,1.0,0.425091,0.54933,1.0,1,0.425091,0.420828,0.378806,0.46285
base,random,15,mid,561,515,1,apex,intraday,1440,1080,40,0,0,0,1.0,0.213155,0.750305,2.0,0,40,0,0,0,1.0,0.213155,0.750305,2.0,0,0.213155,0.213155,0.16687,0.25335
base,random,15,mid,561,515,1,lucid,eod,960,720,20,0,0,0,1.0,0.037759,0.512789,4.0,0,20,0,0,0,1.0,0.037759,0.512789,4.0,0,0.037759,0.037759,0.017052,0.062119
base,random,15,mid,561,515,1,lucid,intraday,960,720,20,0,0,0,1.0,0.031669,0.652862,4.0,0,20,0,0,0,1.0,0.031669,0.652862,4.0,0,0.031669,0.031669,0.014616,0.052375
base,random,15,mid,518,485,2,apex,eod,1440,1080,80,0,0,0,1.0,0.395859,0.54933,2.0,0,80,0,0,0,1.0,0.395859,0.54933,2.0,0,0.395859,0.395859,0.34592,0.445798
base,random,15,mid,518,485,2,apex,intraday,1440,1080,40,0,1500,0,1.0,0.224117,0.634592,2.0,1,40,0,1500,2,1.0,0.224117,0.634592,2.0,2,0.224117,0.221072,0.169306,0.27771
base,random,15,mid,518,485,2,lucid,eod,960,720,30,0,0,0,1.0,0.021924,0.550548,4.0,0,30,0,0,0,1.0,0.021924,0.550548,4.0,0,0.021924,0.021924,0.007308,0.040195
base,random,15,mid,518,485,2,lucid,intraday,960,720,20,0,0,0,1.0,0.019488,0.594397,4.0,0,20,0,0,0,1.0,0.019488,0.594397,4.0,0,0.019488,0.019488,0.00609,0.036541
base,random,15,mid,552,511,3,apex,eod,1440,1080,100,0,0,0,1.0,0.414129,0.557856,1.0,0,100,0,0,3,1.0,0.414129,0.557856,1.0,1,0.414129,0.412911,0.359318,0.466504
base,random,15,mid,552,511,3,apex,intraday,1440,1080,40,0,0,0,1.0,0.200974,0.749086,2.0,0,40,0,0,0,1.0,0.200974,0.749086,2.0,0,0.200974,0.200974,0.158343,0.247259
base,random,15,mid,552,511,3,lucid,eod,960,720,40,750,0,0,1.0,0.042631,0.595615,4.0,1,40,1000,0,0,1.0,0.042631,0.595615,4.0,1,0.042631,0.041413,0.025579,0.062119
base,random,15,mid,552,511,3,lucid,intraday,960,720,20,0,0,1,1.0,0.034105,0.600487,4.0,1,20,1000,0,0,1.0,0.034105,0.609013,4.0,1,0.034105,0.030451,0.01827,0.051157
base,random,15,mid,1145,820,11,apex,eod,1440,1080,100,0,0,0,1.0,0.46285,0.53715,1.0,0,100,0,0,3,1.0,0.46285,0.53715,1.0,1,0.46285,0.460414,0.419001,0.503045
base,random,15,mid,1145,820,11,apex,intraday,1440,1080,20,0,0,1,1.0,0.269184,0.711328,2.0,1,20,1000,3000,1,1.0,0.269184,0.711328,2.0,3,0.268575,0.264312,0.225335,0.313033
base,random,15,mid,1145,820,11,lucid,eod,960,720,20,750,0,0,1.0,0.102314,0.627284,4.0,1,20,1000,0,3,1.0,0.102314,0.627284,4.0,2,0.102314,0.100487,0.06821,0.140073
base,random,15,mid,1145,820,11,lucid,intraday,960,720,20,0,0,0,1.0,0.082826,0.79659,4.0,0,10,1000,0,0,1.0,0.082826,0.545676,4.0,1,0.082826,0.075518,0.052345,0.120585
base,random,15,mid,1164,818,12,apex,eod,1440,1080,100,0,0,0,1.0,0.434836,0.565164,1.0,0,100,0,0,3,1.0,0.434836,0.565164,1.0,1,0.434836,0.428136,0.393423,0.471376
base,random,15,mid,1164,818,12,apex,intraday,1440,1080,20,0,0,0,0.5,0.226553,0.760049,1.0,1,20,0,3000,3,0.5,0.226553,0.760049,1.0,3,0.225335,0.224117,0.190012,0.264342
base,random,15,mid,1164,818,12,lucid,eod,960,720,30,0,0,2,1.0,0.071864,0.729598,3.0,1,30,0,0,2,1.0,0.071864,0.729598,3.0,1,0.0676,0.0676,0.049939,0.0926
base,random,15,mid,1164,818,12,lucid,intraday,960,720,20,0,0,0,1.0,0.051157,0.845311,3.0,0,20,750,0,3,1.0,0.049939,0.844093,3.0,2,0.049939,0.045067,0.032887,0.069428
base,random,15,mid,1167,817,13,apex,eod,1440,1080,100,0,0,0,1.0,0.472594,0.527406,1.0,0,100,1000,0,0,1.0,0.472594,0.527406,1.0,1,0.472594,0.470767,0.426279,0.517661
base,random,15,mid,1167,817,13,apex,intraday,1440,1080,20,0,0,1,1.0,0.260658,0.729598,2.0,1,20,1000,3000,1,1.0,0.260658,0.729598,2.0,3,0.260049,0.250914,0.217996,0.310597
base,random,15,mid,1167,817,13,lucid,eod,960,720,40,0,0,2,1.0,0.096224,0.72229,4.0,1,40,0,0,3,1.0,0.093788,0.718636,4.0,1,0.093788,0.09257,0.062119,0.131547
base,random,15,mid,1167,817,13,lucid,intraday,960,720,10,1000,2000,0,1.0,0.069428,0.579781,4.0,2,10,1000,2000,3,1.0,0.069428,0.579781,4.0,3,0.0676,0.066991,0.047503,0.097442
base,random,15,pm,550,505,1,apex,eod,1440,1080,100,0,0,0,1.0,0.410475,0.563946,1.0,0,100,0,0,3,1.0,0.410475,0.563946,1.0,1,0.410475,0.408039,0.35201,0.473812
base,random,15,pm,550,505,1,apex,intraday,1440,1080,40,0,0,0,1.0,0.186358,0.773447,2.0,0,40,0,0,0,1.0,0.186358,0.773447,2.0,0,0.186358,0.186358,0.151035,0.227771
base,random,15,pm,550,505,1,lucid,eod,960,720,30,0,0,0,1.0,0.035323,0.573691,5.0,0,30,0,0,0,1.0,0.035323,0.573691,5.0,0,0.035323,0.035323,0.019488,0.054811
base,random,15,pm,550,505,1,lucid,intraday,960,720,30,0,0,0,1.0,0.025579,0.778319,5.0,0,30,750,0,3,1.0,0.025579,0.778319,5.0,2,0.025579,0.024361,0.01218,0.042631
base,random,15,pm,527,495,2,apex,eod,1440,1080,100,0,0,0,1.0,0.445798,0.512789,1.0,0,100,0,0,3,1.0,0.445798,0.512789,1.0,1,0.445798,0.443362,0.38852,0.510384
base,random,15,pm,527,495,2,apex,intraday,1440,1080,20,0,0,1,1.0,0.242387,0.55542,3.0,1,20,1500,0,0,1.0,0.242387,0.563946,3.0,1,0.242387,0.241169,0.189982,0.306943
base,random,15,pm,527,495,2,lucid,eod,960,720,30,0,0,0,1.0,0.051157,0.522533,4.0,0,30,0,0,3,1.0,0.051157,0.522533,4.0,1,0.050548,0.049939,0.031669,0.076736
base,random,15,pm,527,495,2,lucid,intraday,960,720,20,0,0,0,1.0,0.045067,0.591961,4.0,0,20,0,0,3,1.0,0.045067,0.591961,4.0,1,0.044458,0.043849,0.024361,0.069458
base,random,15,pm,546,494,3,apex,eod,1440,1080,100,0,0,0,1.0,0.434836,0.528624,2.0,0,100,0,0,3,1.0,0.434836,0.528624,2.0,1,0.434836,0.433009,0.380024,0.483557
base,random,15,pm,546,494,3,apex,intraday,1440,1080,40,0,0,0,1.0,0.211937,0.74056,2.0,0,40,0,0,0,1.0,0.211937,0.74056,2.0,0,0.211937,0.211937,0.163216,0.257004
base,random,15,pm,546,494,3,lucid,eod,960,720,30,0,0,0,1.0,0.032887,0.566382,5.0,0,30,0,0,0,1.0,0.032887,0.566382,5.0,0,0.032887,0.032887,0.01827,0.052375
base,random,15,pm,546,494,3,lucid,intraday,960,720,30,0,0,0,1.0,0.029233,0.724726,5.0,0,30,0,0,0,1.0,0.029233,0.724726,5.0,0,0.029233,0.029233,0.015834,0.046285
base,random,15,pm,1139,811,11,apex,eod,1440,1080,100,0,0,0,1.0,0.484775,0.515225,1.0,0,100,0,0,3,1.0,0.484775,0.515225,1.0,1,0.484775,0.478076,0.449452,0.522533
base,random,15,pm,1139,811,11,apex,intraday,1440,1080,20,0,2000,0,1.0,0.27771,0.707674,2.0,1,20,0,2000,0,1.0,0.27771,0.707674,2.0,1,0.275274,0.275274,0.233861,0.317935
base,random,15,pm,1139,811,11,lucid,eod,960,720,30,750,0,0,1.0,0.11084,0.688185,4.0,1,30,1000,0,0,1.0,0.11084,0.688185,4.0,1,0.11084,0.109013,0.079141,0.143727
base,random,15,pm,1139,811,11,lucid,intraday,960,720,10,750,0,0,1.0,0.087698,0.580999,4.0,1,10,1000,0,0,1.0,0.087698,0.580999,4.0,1,0.087698,0.081608,0.057247,0.121803
base,random,15,pm,1162,812,12,apex,eod,1440,1080,100,0,0,0,1.0,0.459196,0.540804,1.0,0,100,0,0,3,1.0,0.459196,0.540804,1.0,1,0.459196,0.454324,0.415317,0.499391
base,random,15,pm,1162,812,12,apex,intraday,1440,1080,20,0,0,0,0.5,0.267966,0.721072,2.0,1,20,3000,3000,0,0.5,0.266748,0.72229,2.0,3,0.26553,0.264312,0.215591,0.319153
base,random,15,pm,1162,812,12,lucid,eod,960,720,30,0,0,2,1.0,0.115713,0.706456,4.0,1,30,1000,0,3,1.0,0.11084,0.696711,4.0,2,0.11084,0.110231,0.069428,0.146163
base,random,15,pm,1162,812,12,lucid,intraday,960,720,20,750,0,0,1.0,0.087698,0.819732,4.0,1,20,1000,0,3,1.0,0.087698,0.819732,4.0,2,0.087698,0.082826,0.051157,0.120585
base,random,15,pm,1167,812,13,apex,eod,1440,1080,100,0,0,0,1.0,0.471376,0.528624,1.0,0,100,1000,0,0,1.0,0.471376,0.528624,1.0,1,0.471376,0.467113,0.43849,0.505481
base,random,15,pm,1167,812,13,apex,intraday,1440,1080,20,3000,0,0,1.0,0.25335,0.730816,2.0,1,20,3000,3000,0,1.0,0.25335,0.730816,2.0,2,0.25335,0.249695,0.209501,0.299635
base,random,15,pm,1167,812,13,lucid,eod,960,720,40,750,0,0,1.0,0.091352,0.706456,4.0,1,40,1000,0,0,1.0,0.091352,0.706456,4.0,1,0.091352,0.090134,0.060901,0.129111
base,random,15,pm,1167,812,13,lucid,intraday,960,720,20,750,0,0,1.0,0.0743,0.823386,4.0,1,20,1000,0,3,1.0,0.0743,0.823386,4.0,2,0.0743,0.06821,0.047503,0.108404
base,random,30,asia,243,240,1,apex,eod,1440,720,100,0,0,1,1.0,0.224117,0.361754,3.0,1,100,0,0,1,0.5,0.224117,0.361754,3.0,2,0.224117,0.222899,0.164403,0.278959
base,random,30,asia,243,240,1,apex,intraday,1440,720,80,0,0,0,1.0,0.120585,0.506699,3.0,0,80,0,0,0,1.0,0.120585,0.506699,3.0,0,0.120585,0.120585,0.081608,0.168088
base,random,30,asia,243,240,1,lucid,eod,960,480,40,0,0,0,1.0,0.00609,0.118149,5.0,0,40,0,0,0,1.0,0.00609,0.118149,5.0,0,0.00609,0.00609,0.001218,0.013398
base,random,30,asia,243,240,1,lucid,intraday,960,480,40,0,0,0,1.0,0.00609,0.188794,5.0,0,40,0,0,0,1.0,0.00609,0.188794,5.0,0,0.00609,0.00609,0.001218,0.013398
base,random,30,asia,234,231,2,apex,eod,1440,720,100,0,0,0,1.0,0.269184,0.305725,3.0,0,100,0,0,0,1.0,0.269184,0.305725,3.0,0,0.269184,0.269184,0.20947,0.328867
base,random,30,asia,234,231,2,apex,intraday,1440,720,60,0,0,0,1.0,0.168088,0.342266,3.0,0,60,0,0,0,1.0,0.168088,0.342266,3.0,0,0.168088,0.168088,0.120585,0.221681
base,random,30,asia,234,231,2,lucid,eod,960,480,40,0,0,0,1.0,0.003654,0.161998,5.0,0,40,0,0,0,1.0,0.003654,0.161998,5.0,0,0.003654,0.003654,0.0,0.009744
base,random,30,asia,234,231,2,lucid,intraday,960,480,40,0,0,0,1.0,0.003654,0.225335,5.0,0,40,0,0,0,1.0,0.003654,0.225335,5.0,0,0.003654,0.003654,0.0,0.009744
base,random,30,asia,199,194,3,apex,eod,1440,720,100,0,0,0,1.0,0.230207,0.272838,3.0,0,100,0,0,0,1.0,0.230207,0.272838,3.0,0,0.230207,0.230207,0.168088,0.286236
base,random,30,asia,199,194,3,apex,intraday,1440,720,100,0,0,0,1.0,0.133983,0.482339,2.0,0,100,0,0,0,1.0,0.133983,0.482339,2.0,0,0.133983,0.133983,0.091352,0.180268
base,random,30,asia,199,194,3,lucid,eod,960,480,30,0,0,0,1.0,0.003654,0.088916,5.0,0,30,0,0,0,1.0,0.003654,0.088916,5.0,0,0.003654,0.003654,0.0,0.009744
base,random,30,asia,199,194,3,lucid,intraday,960,480,30,0,0,0,1.0,0.003654,0.131547,5.0,0,30,0,0,0,1.0,0.003654,0.131547,5.0,0,0.003654,0.003654,0.0,0.009744
base,random,30,asia,800,707,11,apex,eod,1440,1080,100,0,0,0,1.0,0.423873,0.566382,2.0,0,100,0,0,3,1.0,0.423873,0.566382,2.0,1,0.423873,0.416565,0.367844,0.47503
base,random,30,asia,800,707,11,apex,intraday,1440,1080,80,0,0,0,0.5,0.242387,0.752741,1.0,1,80,0,3000,0,0.5,0.242387,0.752741,1.0,2,0.242387,0.241169,0.192448,0.28989
base,random,30,asia,800,707,11,lucid,eod,960,720,40,750,0,0,1.0,0.064555,0.521315,4.0,1,40,1000,0,0,1.0,0.064555,0.521315,4.0,1,0.064555,0.062119,0.037759,0.09866
base,random,30,asia,800,707,11,lucid,intraday,960,720,40,750,0,0,1.0,0.058465,0.649208,4.0,1,40,1000,0,0,1.0,0.058465,0.649208,4.0,1,0.058465,0.057247,0.032856,0.09257
base,random,30,asia,809,721,12,apex,eod,1440,1080,100,0,0,0,1.0,0.401949,0.562728,1.0,0,100,0,0,3,1.0,0.401949,0.562728,1.0,1,0.401949,0.399513,0.356882,0.443362
base,random,30,asia,809,721,12,apex,intraday,1440,1080,60,0,2000,1,1.0,0.246041,0.697929,2.0,2,60,0,2000,1,0.5,0.246041,0.697929,2.0,3,0.245432,0.244214,0.198538,0.286267
base,random,30,asia,809,721,12,lucid,eod,960,720,40,750,0,0,1.0,0.065773,0.47503,4.0,1,40,1000,0,0,1.0,0.065773,0.47503,4.0,1,0.065773,0.064555,0.040195,0.088916
base,random,30,asia,809,721,12,lucid,intraday,960,720,30,750,0,0,1.0,0.056029,0.512789,4.0,1,30,1000,0,3,1.0,0.056029,0.512789,4.0,2,0.056029,0.054811,0.034105,0.079172
base,random,30,asia,824,730,13,apex,eod,1440,1080,100,0,0,0,1.0,0.395859,0.595615,2.0,0,100,0,0,3,1.0,0.395859,0.595615,2.0,1,0.395859,0.390378,0.343484,0.440926
base,random,30,asia,824,730,13,apex,intraday,1440,1080,60,0,0,0,1.0,0.205847,0.762485,2.0,0,60,1000,0,3,1.0,0.205847,0.762485,2.0,2,0.205847,0.204629,0.169306,0.239951
base,random,30,asia,824,730,13,lucid,eod,960,720,40,0,0,0,1.0,0.0743,0.539586,4.0,0,40,0,0,3,1.0,0.0743,0.539586,4.0,1,0.073082,0.070646,0.043849,0.108404
base,random,30,asia,824,730,13,lucid,intraday,960,720,40,0,0,0,1.0,0.059683,0.718636,4.0,0,40,0,0,3,1.0,0.059683,0.718636,4.0,1,0.058465,0.056638,0.031669,0.091352
base,random,30,london,596,527,1,apex,eod,1440,1080,100,0,0,0,1.0,0.384896,0.566382,1.0,0,100,0,0,3,1.0,0.384896,0.566382,1.0,1,0.384896,0.383069,0.339829,0.437272
base,random,30,london,596,527,1,apex,intraday,1440,1080,40,0,0,0,1.0,0.225335,0.683313,2.0,0,40,0,0,0,1.0,0.225335,0.683313,2.0,0,0.225335,0.225335,0.177801,0.27771
base,random,30,london,596,527,1,lucid,eod,960,720,30,0,0,0,1.0,0.043849,0.533496,4.0,0,30,750,0,3,1.0,0.043849,0.534714,4.0,2,0.043849,0.042631,0.025579,0.066991
base,random,30,london,596,527,1,lucid,intraday,960,720,30,0,0,0,1.0,0.042631,0.663825,4.0,0,30,750,0,3,1.0,0.042631,0.663825,4.0,2,0.042631,0.040195,0.024361,0.066991
base,random,30,london,590,517,2,apex,eod,1440,1080,100,0,0,0,1.0,0.400731,0.560292,2.0,0,100,0,0,3,1.0,0.400731,0.560292,2.0,1,0.400731,0.394032,0.355664,0.45676
base,random,30,london,590,517,2,apex,intraday,1440,1080,40,0,2000,0,1.0,0.224117,0.689403,2.0,1,40,0,0,0,1.0,0.222899,0.697929,2.0,0,0.222899,0.22229,0.176614,0.27162
base,random,30,london,590,517,2,lucid,eod,960,720,40,0,0,0,1.0,0.023143,0.588307,4.0,0,40,0,0,3,1.0,0.023143,0.588307,4.0,1,0.021924,0.021315,0.009744,0.038977
base,random,30,london,590,517,2,lucid,intraday,960,720,40,0,0,0,1.0,0.020706,0.74665,4.0,0,40,0,0,3,1.0,0.020706,0.74665,4.0,1,0.020706,0.020097,0.007308,0.037759
base,random,30,london,624,551,3,apex,eod,1440,1080,100,0,0,0,1.0,0.439708,0.527406,1.0,0,100,0,0,3,1.0,0.439708,0.527406,1.0,1,0.439708,0.436054,0.394641,0.490865
base,random,30,london,624,551,3,apex,intraday,1440,1080,40,0,0,1,1.0,0.221681,0.691839,2.0,1,40,1000,3000,1,1.0,0.221681,0.691839,2.0,3,0.221072,0.219245,0.177832,0.266748
base,random,30,london,624,551,3,lucid,eod,960,720,30,0,0,2,1.0,0.041413,0.489647,4.5,1,30,0,0,0,1.0,0.040195,0.489647,4.0,0,0.040195,0.038977,0.021924,0.064555
base,random,30,london,624,551,3,lucid,intraday,960,720,30,0,0,2,1.0,0.040195,0.62363,5.0,1,30,0,0,3,1.0,0.038977,0.62363,4.5,1,0.037759,0.03715,0.021894,0.062119
base,random,30,london,1350,819,11,apex,eod,1440,1080,100,0,0,0,1.0,0.477467,0.522533,1.0,0,100,1000,0,0,1.0,0.476248,0.523752,1.0,1,0.476248,0.473812,0.4324,0.516474
base,random,30,london,1350,819,11,apex,intraday,1440,1080,40,0,0,2,1.0,0.269184,0.729598,1.0,1,40,1000,0,3,1.0,0.26553,0.733252,1.0,2,0.26553,0.260049,0.230207,0.303289
base,random,30,london,1350,819,11,lucid,eod,960,720,30,750,0,0,1.0,0.141291,0.616322,4.0,1,30,1000,0,0,1.0,0.141291,0.616322,4.0,1,0.139464,0.132765,0.108404,0.182704
base,random,30,london,1350,819,11,lucid,intraday,960,720,20,1000,0,0,1.0,0.107186,0.738124,4.0,1,20,1000,0,3,1.0,0.107186,0.738124,4.0,2,0.105968,0.100487,0.079141,0.143727
base,random,30,london,1396,818,12,apex,eod,1440,1080,100,0,0,0,1.0,0.451888,0.548112,1.0,0,100,1000,0,0,1.0,0.451888,0.548112,1.0,1,0.451888,0.448234,0.420189,0.490865
base,random,30,london,1396,818,12,apex,intraday,1440,1080,40,0,1000,0,1.0,0.274056,0.724726,2.0,1,40,0,1000,2,1.0,0.274056,0.724726,2.0,2,0.266748,0.264921,0.232643,0.316687
base,random,30,london,1396,818,12,lucid,eod,960,720,30,750,0,0,1.0,0.093788,0.672351,4.0,1,30,1000,0,0,1.0,0.093788,0.672351,4.0,1,0.09257,0.090134,0.063337,0.131547
base,random,30,london,1396,818,12,lucid,intraday,960,720,20,750,0,0,1.0,0.082826,0.767357,4.0,1,20,1000,0,3,1.0,0.082826,0.767357,4.0,2,0.081608,0.070037,0.054781,0.118179
base,random,30,london,1385,818,13,apex,eod,1440,1080,100,0,0,0,1.0,0.477467,0.522533,1.0,0,100,1000,0,0,1.0,0.477467,0.522533,1.0,1,0.477467,0.475639,0.444549,0.510353
base,random,30,london,1385,818,13,apex,intraday,1440,1080,40,3000,2000,0,0.5,0.26553,0.729598,1.0,3,40,3000,2000,0,0.5,0.26553,0.729598,1.0,3,0.263094,0.263094,0.233861,0.297199
base,random,30,london,1385,818,13,lucid,eod,960,720,40,750,0,0,1.0,0.10475,0.685749,4.0,1,40,1000,0,0,1.0,0.10475,0.685749,4.0,1,0.10475,0.099878,0.076736,0.133983
base,random,30,london,1385,818,13,lucid,intraday,960,720,20,750,0,0,1.0,0.082826,0.780755,4.0,1,30,1000,0,0,1.0,0.079172,0.845311,4.0,1,0.079172,0.077954,0.056029,0.103532
base,random,30,nyam,176,173,1,apex,eod,1440,720,100,0,0,0,1.0,0.310597,0.338611,3.0,0,100,0,0,0,1.0,0.310597,0.338611,3.0,0,0.310597,0.310597,0.264312,0.372716
base,random,30,nyam,176,173,1,apex,intraday,1440,720,40,0,0,0,1.0,0.155907,0.453106,3.0,0,40,0,0,0,1.0,0.155907,0.453106,3.0,0,0.155907,0.155907,0.114495,0.207065
base,random,30,nyam,176,173,1,lucid,eod,960,480,10,0,0,0,1.0,0.0,0.030451,nan,0,10,0,0,0,1.0,0.0,0.030451,nan,0,0.0,0.0,0.0,0.0
base,random,30,nyam,176,173,1,lucid,intraday,960,480,10,0,0,0,1.0,0.0,0.041413,nan,0,10,0,0,0,1.0,0.0,0.041413,nan,0,0.0,0.0,0.0,0.0
base,random,30,nyam,154,150,2,apex,eod,1440,720,100,0,0,0,1.0,0.20341,0.330085,3.0,0,100,0,0,0,1.0,0.20341,0.330085,3.0,0,0.20341,0.20341,0.154689,0.25335
base,random,30,nyam,154,150,2,apex,intraday,1440,720,60,0,0,0,1.0,0.093788,0.495737,3.0,0,60,0,0,0,1.0,0.093788,0.495737,3.0,0,0.093788,0.093788,0.056029,0.138855
base,random,30,nyam,154,150,2,lucid,eod,960,480,10,0,0,0,1.0,0.0,0.037759,nan,0,10,0,0,0,1.0,0.0,0.037759,nan,0,0.0,0.0,0.0,0.0
base,random,30,nyam,154,150,2,lucid,intraday,960,480,10,0,0,0,1.0,0.0,0.053593,nan,0,10,0,0,0,1.0,0.0,0.053593,nan,0,0.0,0.0,0.0,0.0
base,random,30,nyam,166,163,3,apex,eod,1440,720,100,0,0,0,1.0,0.285018,0.310597,3.0,0,100,0,0,0,1.0,0.285018,0.310597,3.0,0,0.285018,0.285018,0.214342,0.353228
base,random,30,nyam,166,163,3,apex,intraday,1440,720,40,0,0,0,1.0,0.143727,0.442144,3.0,0,40,0,0,0,1.0,0.143727,0.442144,3.0,0,0.143727,0.143727,0.094976,0.182704
base,random,30,nyam,166,163,3,lucid,eod,960,480,10,0,0,0,1.0,0.002436,0.036541,4.5,0,10,0,0,0,1.0,0.002436,0.036541,4.5,0,0.002436,0.002436,0.0,0.007308
base,random,30,nyam,166,163,3,lucid,intraday,960,480,10,0,0,0,1.0,0.002436,0.049939,4.5,0,10,0,0,0,1.0,0.002436,0.049939,4.5,0,0.002436,0.002436,0.0,0.007308
base,random,30,nyam,692,610,11,apex,eod,1440,720,100,0,0,0,1.0,0.406821,0.589525,1.0,0,100,0,0,3,1.0,0.406821,0.589525,1.0,1,0.406821,0.404994,0.36419,0.455542
base,random,30,nyam,692,610,11,apex,intraday,1440,720,40,0,0,0,1.0,0.226553,0.771011,1.0,0,40,0,0,0,1.0,0.226553,0.771011,1.0,0,0.226553,0.226553,0.18514,0.272838
base,random,30,nyam,692,610,11,lucid,eod,960,480,30,0,0,1,1.0,0.035323,0.713764,4.0,1,30,1000,0,0,1.0,0.035323,0.704019,4.0,1,0.035323,0.034105,0.017052,0.057247
base,random,30,nyam,692,610,11,lucid,intraday,960,480,20,0,2000,0,1.0,0.032887,0.745432,4.0,1,20,0,2000,0,1.0,0.032887,0.745432,4.0,1,0.032887,0.032887,0.017052,0.052375
base,random,30,nyam,707,615,12,apex,eod,1440,720,100,0,0,0,1.0,0.431181,0.568819,1.0,0,100,0,0,3,1.0,0.431181,0.568819,1.0,1,0.431181,0.424482,0.39461,0.473812
base,random,30,nyam,707,615,12,apex,intraday,1440,720,20,0,1500,0,1.0,0.257004,0.62363,2.0,1,20,0,1500,2,1.0,0.257004,0.62363,2.0,2,0.25335,0.248477,0.207065,0.314251
base,random,30,nyam,707,615,12,lucid,eod,960,480,30,750,0,0,1.0,0.046285,0.688185,4.0,1,30,1000,0,0,1.0,0.046285,0.688185,4.0,1,0.046285,0.045676,0.026797,0.070646
base,random,30,nyam,707,615,12,lucid,intraday,960,480,20,750,0,0,1.0,0.038977,0.74665,4.0,1,20,1000,0,0,1.0,0.038977,0.74665,4.0,1,0.038977,0.038368,0.020706,0.062119
base,random,30,nyam,703,625,13,apex,eod,1440,720,100,0,0,0,1.0,0.442144,0.550548,1.0,0,100,0,0,3,1.0,0.442144,0.550548,1.0,1,0.442144,0.440317,0.394641,0.496955
base,random,30,nyam,703,625,13,apex,intraday,1440,720,20,0,2000,0,1.0,0.272838,0.65408,2.0,1,20,1000,2000,3,1.0,0.272838,0.652862,2.0,3,0.272229,0.27162,0.220432,0.331303
base,random,30,nyam,703,625,13,lucid,eod,960,480,30,0,0,0,1.0,0.065773,0.650426,4.0,0,40,0,0,3,1.0,0.065773,0.693057,4.0,1,0.065773,0.062119,0.041413,0.097442
base,random,30,nyam,703,625,13,lucid,intraday,960,480,20,0,0,0,1.0,0.052375,0.714982,4.0,0,20,0,0,3,1.0,0.052375,0.714982,4.0,1,0.050548,0.049939,0.029202,0.082826
base,random,30,mid,299,293,1,apex,eod,1440,720,100,0,0,0,1.0,0.371498,0.419001,2.0,0,100,0,0,0,1.0,0.371498,0.419001,2.0,0,0.371498,0.371498,0.313033,0.434836
base,random,30,mid,299,293,1,apex,intraday,1440,720,40,0,0,0,1.0,0.205847,0.599269,2.0,0,40,0,0,0,1.0,0.205847,0.599269,2.0,0,0.205847,0.205847,0.154659,0.257004
base,random,30,mid,299,293,1,lucid,eod,960,480,30,0,0,0,1.0,0.01827,0.386114,4.0,0,30,0,0,0,1.0,0.01827,0.386114,4.0,0,0.01827,0.01827,0.007308,0.034105
base,random,30,mid,299,293,1,lucid,intraday,960,480,20,0,0,0,1.0,0.017052,0.404385,4.0,0,20,0,0,0,1.0,0.017052,0.404385,4.0,0,0.017052,0.017052,0.00609,0.032887
base,random,30,mid,294,287,2,apex,eod,1440,720,100,0,0,0,1.0,0.339829,0.459196,2.0,0,100,0,0,3,1.0,0.339829,0.459196,2.0,1,0.339829,0.336784,0.285018,0.393423
base,random,30,mid,294,287,2,apex,intraday,1440,720,40,0,1500,0,1.0,0.146163,0.375152,2.0,1,40,0,1500,2,1.0,0.146163,0.375152,2.0,2,0.146163,0.144336,0.102314,0.19732
base,random,30,mid,294,287,2,lucid,eod,960,480,40,0,0,0,1.0,0.008526,0.416565,5.0,0,40,0,0,0,1.0,0.008526,0.416565,5.0,0,0.008526,0.008526,0.0,0.01218
base,random,30,mid,294,287,2,lucid,intraday,960,480,40,0,0,0,1.0,0.00609,0.640682,4.0,0,40,0,0,0,1.0,0.00609,0.640682,4.0,0,0.00609,0.00609,0.0,0.009744
base,random,30,mid,296,287,3,apex,eod,1440,720,100,0,0,0,1.0,0.328867,0.464068,2.0,0,100,0,0,3,1.0,0.328867,0.464068,2.0,1,0.328867,0.325213,0.27162,0.397077
base,random,30,mid,296,287,3,apex,intraday,1440,720,60,0,0,0,1.0,0.129111,0.678441,2.0,0,60,0,0,0,1.0,0.129111,0.678441,2.0,0,0.129111,0.129111,0.087698,0.182704
base,random,30,mid,296,287,3,lucid,eod,960,480,30,0,0,0,1.0,0.004872,0.411693,5.0,0,30,0,0,0,1.0,0.004872,0.411693,5.0,0,0.004872,0.004872,0.001218,0.009744
base,random,30,mid,296,287,3,lucid,intraday,960,480,20,0,0,0,1.0,0.003654,0.44458,5.0,0,20,750,0,3,1.0,0.003654,0.44458,5.0,2,0.003654,0.002436,0.0,0.008526
base,random,30,mid,879,771,11,apex,eod,1440,1080,100,0,0,0,1.0,0.460414,0.539586,1.0,0,100,0,0,3,1.0,0.460414,0.539586,1.0,1,0.460414,0.456151,0.415347,0.505481
base,random,30,mid,879,771,11,apex,intraday,1440,1080,20,0,0,0,1.0,0.233861,0.74056,2.0,0,20,0,0,0,1.0,0.233861,0.74056,2.0,0,0.232643,0.232643,0.182704,0.288672
base,random,30,mid,879,771,11,lucid,eod,960,720,30,0,0,2,1.0,0.08039,0.665043,4.0,1,30,0,0,0,1.0,0.079172,0.663825,4.0,0,0.077954,0.077954,0.049939,0.120585
base,random,30,mid,879,771,11,lucid,intraday,960,720,20,0,0,2,1.0,0.066991,0.795371,4.0,1,20,0,0,3,1.0,0.065773,0.794153,4.0,1,0.065164,0.064555,0.040195,0.101096
base,random,30,mid,892,771,12,apex,eod,1440,1080,100,0,0,0,1.0,0.440926,0.559074,1.0,0,100,0,0,3,1.0,0.440926,0.559074,1.0,1,0.440926,0.435445,0.401949,0.477467
base,random,30,mid,892,771,12,apex,intraday,1440,1080,20,0,0,0,0.5,0.222899,0.750305,2.0,1,20,1000,0,3,0.5,0.222899,0.750305,2.0,3,0.222899,0.220463,0.17905,0.270402
base,random,30,mid,892,771,12,lucid,eod,960,720,30,0,0,0,1.0,0.049939,0.694275,4.0,0,30,750,0,3,1.0,0.049939,0.693057,4.0,2,0.049939,0.048721,0.026797,0.073082
base,random,30,mid,892,771,12,lucid,intraday,960,720,20,0,2000,0,1.0,0.046285,0.779537,4.0,1,20,750,2000,3,1.0,0.046285,0.777101,4.0,3,0.046285,0.043849,0.024361,0.069428
base,random,30,mid,873,767,13,apex,eod,1440,1080,100,0,0,0,1.0,0.45067,0.546894,1.0,0,100,0,0,3,1.0,0.45067,0.546894,1.0,1,0.45067,0.450061,0.412881,0.492083
base,random,30,mid,873,767,13,apex,intraday,1440,1080,40,0,1000,0,1.0,0.236297,0.74056,2.0,1,40,0,1000,2,1.0,0.236297,0.74056,2.0,2,0.236297,0.229598,0.186358,0.281364
base,random,30,mid,873,767,13,lucid,eod,960,720,40,0,0,0,1.0,0.073082,0.730816,4.0,0,40,0,0,3,1.0,0.073082,0.730816,4.0,1,0.073082,0.072473,0.047503,0.096224
base,random,30,mid,873,767,13,lucid,intraday,960,720,20,0,0,0,1.0,0.064555,0.783191,4.0,0,20,750,0,3,1.0,0.064555,0.783191,4.0,2,0.064555,0.062119,0.040195,0.08648
base,random,30,pm,297,291,1,apex,eod,1440,720,100,0,0,0,1.0,0.362972,0.465286,2.0,0,100,0,0,3,1.0,0.362972,0.465286,2.0,1,0.362972,0.360536,0.295981,0.447046
base,random,30,pm,297,291,1,apex,intraday,1440,720,40,0,0,0,1.0,0.155907,0.643118,2.0,0,40,0,0,0,1.0,0.155907,0.643118,2.0,0,0.155907,0.155907,0.11084,0.20341
base,random,30,pm,297,291,1,lucid,eod,960,480,20,0,0,0,1.0,0.002436,0.263094,4.5,0,20,0,0,0,1.0,0.002436,0.263094,4.5,0,0.002436,0.002436,0.0,0.00609
base,random,30,pm,297,291,1,lucid,intraday,960,480,20,0,0,0,1.0,0.002436,0.426309,4.5,0,20,0,0,0,1.0,0.002436,0.426309,4.5,0,0.002436,0.002436,0.0,0.00609
base,random,30,pm,283,279,2,apex,eod,1440,720,100,0,0,0,1.0,0.411693,0.386114,2.0,0,100,0,0,0,1.0,0.411693,0.386114,2.0,0,0.411693,0.411693,0.351979,0.488429
base,random,30,pm,283,279,2,apex,intraday,1440,720,40,0,0,0,1.0,0.19732,0.594397,2.0,0,40,0,0,0,1.0,0.19732,0.594397,2.0,0,0.19732,0.19732,0.153471,0.252132
base,random,30,pm,283,279,2,lucid,eod,960,480,20,0,0,0,1.0,0.010962,0.231425,5.0,0,20,0,0,0,1.0,0.010962,0.231425,5.0,0,0.010962,0.010962,0.002436,0.021924
base,random,30,pm,283,279,2,lucid,intraday,960,480,20,0,0,0,1.0,0.007308,0.365408,5.0,0,20,0,0,0,1.0,0.007308,0.365408,5.0,0,0.007308,0.007308,0.0,0.017052
base,random,30,pm,277,272,3,apex,eod,1440,720,100,0,0,0,1.0,0.386114,0.404385,2.0,0,100,0,0,0,1.0,0.386114,0.404385,2.0,0,0.386114,0.386114,0.328867,0.448264
base,random,30,pm,277,272,3,apex,intraday,1440,720,40,0,0,0,1.0,0.17905,0.559074,2.0,0,40,0,0,0,1.0,0.17905,0.559074,2.0,0,0.17905,0.17905,0.135201,0.230207
base,random,30,pm,277,272,3,lucid,eod,960,480,30,0,0,0,1.0,0.028015,0.320341,4.0,0,30,0,0,0,1.0,0.028015,0.320341,4.0,0,0.028015,0.028015,0.013398,0.045067
base,random,30,pm,277,272,3,lucid,intraday,960,480,20,0,0,0,1.0,0.025579,0.37637,4.0,0,20,0,0,0,1.0,0.025579,0.37637,4.0,0,0.025579,0.025579,0.01218,0.041413
base,random,30,pm,853,754,11,apex,eod,1440,1080,100,0,0,0,1.0,0.473812,0.526188,1.0,0,100,0,0,3,1.0,0.473812,0.526188,1.0,1,0.473812,0.470767,0.436054,0.516474
base,random,30,pm,853,754,11,apex,intraday,1440,1080,20,0,0,0,1.0,0.27162,0.702801,2.0,0,20,1000,0,3,1.0,0.27162,0.702801,2.0,2,0.27162,0.269184,0.222899,0.319123
base,random,30,pm,853,754,11,lucid,eod,960,720,40,750,0,0,1.0,0.09866,0.678441,4.0,1,40,1000,0,0,1.0,0.09866,0.678441,4.0,1,0.09866,0.097442,0.070646,0.130329
base,random,30,pm,853,754,11,lucid,intraday,960,720,20,750,0,0,1.0,0.077954,0.753959,4.0,1,20,1000,0,3,1.0,0.077954,0.753959,4.0,2,0.077954,0.0743,0.051157,0.107186
base,random,30,pm,868,769,12,apex,eod,1440,1080,100,0,0,0,1.0,0.477467,0.522533,1.0,0,100,0,0,3,1.0,0.477467,0.522533,1.0,1,0.477467,0.47503,0.425091,0.516443
base,random,30,pm,868,769,12,apex,intraday,1440,1080,20,0,0,0,1.0,0.267966,0.697929,2.0,0,20,0,0,0,1.0,0.267966,0.697929,2.0,0,0.267966,0.267966,0.211937,0.315469
base,random,30,pm,868,769,12,lucid,eod,960,720,30,750,0,0,1.0,0.102314,0.651644,4.0,1,30,1000,0,0,1.0,0.102314,0.651644,4.0,1,0.102314,0.101096,0.058465,0.137637
base,random,30,pm,868,769,12,lucid,intraday,960,720,20,750,0,0,1.0,0.085262,0.749086,4.0,1,20,1000,0,3,1.0,0.085262,0.749086,4.0,2,0.085262,0.08039,0.046285,0.116931
base,random,30,pm,878,761,13,apex,eod,1440,1080,100,0,0,0,1.0,0.43849,0.556638,1.0,0,100,0,0,3,1.0,0.43849,0.556638,1.0,1,0.43849,0.434836,0.400731,0.484775
base,random,30,pm,878,761,13,apex,intraday,1440,1080,40,0,1000,0,1.0,0.230207,0.74665,2.0,1,40,0,1000,2,1.0,0.230207,0.74665,2.0,2,0.230207,0.222899,0.180268,0.278928
base,random,30,pm,878,761,13,lucid,eod,960,720,20,0,0,0,1.0,0.046285,0.62972,4.0,0,30,0,0,0,1.0,0.045067,0.694275,4.0,0,0.045067,0.042631,0.028015,0.066991
base,random,30,pm,878,761,13,lucid,intraday,960,720,20,0,0,0,1.0,0.034105,0.784409,4.0,0,20,0,0,0,1.0,0.034105,0.784409,4.0,0,0.031669,0.031669,0.01827,0.053593
base,random-tod,1,asia,820,820,1,apex,eod,1440,36,100,0,1500,0,1.0,0.051157,0.322777,3.0,1,100,0,1500,0,1.0,0.051157,0.322777,3.0,1,0.051157,0.051157,0.023143,0.087728
base,random-tod,1,asia,820,820,1,apex,intraday,1440,36,100,0,1000,0,1.0,0.047503,0.393423,3.0,1,100,0,1000,0,1.0,0.047503,0.393423,3.0,1,0.047503,0.047503,0.020706,0.081608
base,random-tod,1,asia,820,820,1,lucid,eod,960,24,40,0,750,0,1.0,0.001218,0.015834,5.0,1,40,0,750,0,1.0,0.001218,0.015834,5.0,1,0.001218,0.001218,0.0,0.003654
base,random-tod,1,asia,820,820,1,lucid,intraday,960,24,40,0,750,0,1.0,0.001218,0.021924,5.0,1,40,0,750,0,1.0,0.001218,0.021924,5.0,1,0.001218,0.001218,0.0,0.003654
base,random-tod,1,asia,820,820,11,apex,eod,1440,36,100,0,1500,0,1.0,0.091352,0.326431,3.0,1,100,0,1500,0,1.0,0.091352,0.326431,3.0,1,0.091352,0.091352,0.055999,0.135201
base,random-tod,1,asia,820,820,11,apex,intraday,1440,36,100,0,1000,0,1.0,0.081608,0.400731,3.0,1,100,0,1000,0,1.0,0.081608,0.400731,3.0,1,0.081608,0.081608,0.048721,0.123021
base,random-tod,1,asia,820,820,11,lucid,eod,960,24,40,0,500,0,1.0,0.001218,0.001218,5.0,1,40,0,500,0,1.0,0.001218,0.001218,5.0,1,0.001218,0.001218,0.0,0.004872
base,random-tod,1,asia,820,820,11,lucid,intraday,960,24,40,0,500,0,1.0,0.001218,0.003654,5.0,1,40,0,500,0,1.0,0.001218,0.003654,5.0,1,0.001218,0.001218,0.0,0.004872
base,random-tod,1,asia,820,820,12,apex,eod,1440,36,100,0,0,0,1.0,0.042631,0.344702,3.0,0,100,0,0,0,1.0,0.042631,0.344702,3.0,0,0.042631,0.042631,0.021924,0.071864
base,random-tod,1,asia,820,820,12,apex,intraday,1440,36,100,0,1000,0,1.0,0.037759,0.387333,3.0,1,100,0,1000,0,1.0,0.037759,0.387333,3.0,1,0.037759,0.037759,0.019488,0.063337
base,random-tod,1,asia,820,820,12,lucid,eod,960,24,10,0,0,0,1.0,0.0,0.0,nan,0,10,0,0,0,1.0,0.0,0.0,nan,0,0.0,0.0,0.0,0.0
base,random-tod,1,asia,820,820,12,lucid,intraday,960,24,10,0,0,0,1.0,0.0,0.0,nan,0,10,0,0,0,1.0,0.0,0.0,nan,0,0.0,0.0,0.0,0.0
base,random-tod,1,london,820,820,1,apex,eod,1440,36,100,0,1500,0,1.0,0.222899,0.622412,2.0,1,100,0,1500,0,1.0,0.222899,0.622412,2.0,1,0.222899,0.222899,0.16687,0.281364
base,random-tod,1,london,820,820,1,apex,intraday,1440,36,100,0,1500,0,1.0,0.190012,0.723508,2.0,1,100,0,1500,0,1.0,0.190012,0.723508,2.0,1,0.190012,0.190012,0.147351,0.241169
base,random-tod,1,london,820,820,1,lucid,eod,960,24,40,0,0,0,1.0,0.026797,0.198538,4.0,0,40,0,0,0,1.0,0.026797,0.198538,4.0,0,0.026797,0.026797,0.010962,0.049939
base,random-tod,1,london,820,820,1,lucid,intraday,960,24,40,0,0,0,1.0,0.026797,0.252132,4.0,0,40,0,0,0,1.0,0.026797,0.252132,4.0,0,0.026797,0.026797,0.010962,0.049939
base,random-tod,1,london,820,820,11,apex,eod,1440,36,100,0,0,0,1.0,0.232643,0.643118,2.0,0,100,0,0,0,1.0,0.232643,0.643118,2.0,0,0.232643,0.232643,0.177801,0.280146
base,random-tod,1,london,820,820,11,apex,intraday,1440,36,100,0,1000,0,1.0,0.198538,0.700365,2.0,1,100,0,1000,0,1.0,0.198538,0.700365,2.0,1,0.198538,0.198538,0.149817,0.243636
base,random-tod,1,london,820,820,11,lucid,eod,960,24,40,0,0,0,1.0,0.021924,0.242387,4.5,0,40,0,0,0,1.0,0.021924,0.242387,4.5,0,0.021924,0.021924,0.008526,0.040195
base,random-tod,1,london,820,820,11,lucid,intraday,960,24,40,0,0,0,1.0,0.021924,0.286236,4.5,0,40,0,0,0,1.0,0.021924,0.286236,4.5,0,0.021924,0.021924,0.008526,0.040195
base,random-tod,1,london,820,820,12,apex,eod,1440,36,100,0,0,0,1.0,0.202192,0.65408,2.0,0,100,0,0,0,1.0,0.202192,0.65408,2.0,0,0.202192,0.202192,0.16687,0.244823
base,random-tod,1,london,820,820,12,apex,intraday,1440,36,100,0,0,0,1.0,0.171742,0.747868,2.0,0,100,0,0,0,1.0,0.171742,0.747868,2.0,0,0.171742,0.171742,0.141261,0.210749
base,random-tod,1,london,820,820,12,lucid,eod,960,24,40,0,0,0,1.0,0.021924,0.252132,4.0,0,40,0,0,0,1.0,0.021924,0.252132,4.0,0,0.021924,0.021924,0.009744,0.037759
base,random-tod,1,london,820,820,12,lucid,intraday,960,24,40,0,0,0,1.0,0.021924,0.293544,4.0,0,40,0,0,0,1.0,0.021924,0.293544,4.0,0,0.021924,0.021924,0.009744,0.037759
base,random-tod,1,nyam,820,820,1,apex,eod,1440,36,100,0,0,0,1.0,0.299635,0.700365,1.0,0,100,0,0,0,1.0,0.299635,0.700365,1.0,0,0.299635,0.299635,0.263094,0.339829
base,random-tod,1,nyam,820,820,1,apex,intraday,1440,36,40,0,1000,0,1.0,0.218027,0.705238,2.0,1,40,0,1000,2,1.0,0.218027,0.705238,2.0,2,0.218027,0.214982,0.170524,0.269184
base,random-tod,1,nyam,820,820,1,lucid,eod,960,24,30,0,0,0,1.0,0.024361,0.576127,4.5,0,30,0,0,0,1.0,0.024361,0.576127,4.5,0,0.024361,0.024361,0.01215,0.040195
base,random-tod,1,nyam,820,820,1,lucid,intraday,960,24,30,0,0,0,1.0,0.024361,0.677223,4.5,0,30,0,0,0,1.0,0.024361,0.677223,4.5,0,0.024361,0.024361,0.01215,0.040195
base,random-tod,1,nyam,820,820,11,apex,eod,1440,36,60,0,0,0,1.0,0.286236,0.690621,1.0,0,60,0,0,0,1.0,0.286236,0.690621,1.0,0,0.286236,0.286236,0.247259,0.328867
base,random-tod,1,nyam,820,820,11,apex,intraday,1440,36,60,0,0,0,1.0,0.219245,0.777101,1.0,0,60,0,0,0,1.0,0.219245,0.777101,1.0,0,0.219245,0.219245,0.187546,0.257004
base,random-tod,1,nyam,820,820,11,lucid,eod,960,24,40,0,0,0,1.0,0.025579,0.678441,4.0,0,40,0,0,0,1.0,0.025579,0.678441,4.0,0,0.025579,0.025579,0.01218,0.043849
base,random-tod,1,nyam,820,820,11,lucid,intraday,960,24,40,0,0,0,1.0,0.025579,0.747868,4.0,0,40,0,0,0,1.0,0.025579,0.747868,4.0,0,0.025579,0.025579,0.01218,0.043849
base,random-tod,1,nyam,820,820,12,apex,eod,1440,36,60,0,0,0,1.0,0.280146,0.695493,2.0,0,60,0,0,0,1.0,0.280146,0.695493,2.0,0,0.280146,0.280146,0.237515,0.322777
base,random-tod,1,nyam,820,820,12,apex,intraday,1440,36,60,0,2000,0,1.0,0.216809,0.768575,1.0,1,60,0,2000,2,1.0,0.216809,0.768575,1.0,2,0.216809,0.2162,0.177832,0.25335
base,random-tod,1,nyam,820,820,12,lucid,eod,960,24,40,0,0,0,1.0,0.030451,0.686967,4.0,0,40,0,0,0,1.0,0.030451,0.686967,4.0,0,0.030451,0.030451,0.013398,0.051157
base,random-tod,1,nyam,820,820,12,lucid,intraday,960,24,30,0,1000,0,1.0,0.026797,0.616322,4.0,1,30,0,1000,2,1.0,0.026797,0.616322,4.0,2,0.026797,0.026188,0.010962,0.046285
base,random-tod,1,mid,820,820,1,apex,eod,1440,36,100,0,0,0,1.0,0.325213,0.662607,1.0,0,100,0,0,0,1.0,0.325213,0.662607,1.0,0,0.325213,0.325213,0.280146,0.36419
base,random-tod,1,mid,820,820,1,apex,intraday,1440,36,80,0,1500,0,1.0,0.228989,0.747868,2.0,1,80,0,1500,2,1.0,0.228989,0.747868,2.0,2,0.228989,0.225944,0.18514,0.267966
base,random-tod,1,mid,820,820,1,lucid,eod,960,24,40,0,0,0,1.0,0.058465,0.554202,4.0,0,40,0,0,0,1.0,0.058465,0.554202,4.0,0,0.058465,0.058465,0.034105,0.082826
base,random-tod,1,mid,820,820,1,lucid,intraday,960,24,40,0,0,0,1.0,0.058465,0.667479,4.0,0,40,0,0,0,1.0,0.058465,0.667479,4.0,0,0.058465,0.058465,0.034105,0.082826
base,random-tod,1,mid,820,820,11,apex,eod,1440,36,100,0,0,0,1.0,0.311815,0.684531,1.0,0,100,0,0,0,1.0,0.311815,0.684531,1.0,0,0.311815,0.311815,0.272838,0.348356
base,random-tod,1,mid,820,820,11,apex,intraday,1440,36,60,0,0,0,1.0,0.19732,0.780755,2.0,0,60,0,0,0,1.0,0.19732,0.780755,2.0,0,0.19732,0.19732,0.158313,0.230207
base,random-tod,1,mid,820,820,11,lucid,eod,960,24,40,0,0,0,1.0,0.038977,0.527406,4.0,0,40,0,0,0,1.0,0.038977,0.527406,4.0,0,0.038977,0.038977,0.023143,0.059683
base,random-tod,1,mid,820,820,11,lucid,intraday,960,24,40,0,0,0,1.0,0.035323,0.663825,4.0,0,40,0,0,0,1.0,0.035323,0.663825,4.0,0,0.035323,0.035323,0.021924,0.053593
base,random-tod,1,mid,820,820,12,apex,eod,1440,36,100,0,0,0,1.0,0.355664,0.638246,1.0,0,100,0,0,0,1.0,0.355664,0.638246,1.0,0,0.355664,0.355664,0.308161,0.406851
base,random-tod,1,mid,820,820,12,apex,intraday,1440,36,80,0,1500,0,1.0,0.233861,0.751523,2.0,1,80,0,1500,2,1.0,0.233861,0.751523,2.0,2,0.233861,0.229598,0.194854,0.281364
base,random-tod,1,mid,820,820,12,lucid,eod,960,24,40,0,0,0,1.0,0.060901,0.511571,4.0,0,40,0,0,0,1.0,0.060901,0.511571,4.0,0,0.060901,0.060901,0.035323,0.09257
base,random-tod,1,mid,820,820,12,lucid,intraday,960,24,40,0,0,0,1.0,0.058465,0.64799,4.0,0,40,0,0,0,1.0,0.058465,0.64799,4.0,0,0.058465,0.058465,0.034105,0.087728
base,random-tod,1,pm,813,813,1,apex,eod,1440,36,100,0,0,0,1.0,0.315469,0.650426,2.0,0,100,0,0,0,1.0,0.315469,0.650426,2.0,0,0.315469,0.315469,0.275274,0.36419
base,random-tod,1,pm,813,813,1,apex,intraday,1440,36,80,0,0,0,1.0,0.228989,0.73447,2.0,0,80,0,0,0,1.0,0.228989,0.73447,2.0,0,0.228989,0.228989,0.196072,0.269184
base,random-tod,1,pm,813,813,1,lucid,eod,960,24,40,0,0,0,1.0,0.040195,0.390987,4.0,0,40,0,0,0,1.0,0.040195,0.390987,4.0,0,0.040195,0.040195,0.021924,0.062119
base,random-tod,1,pm,813,813,1,lucid,intraday,960,24,40,0,0,0,1.0,0.038977,0.479903,4.0,0,40,0,0,0,1.0,0.038977,0.479903,4.0,0,0.038977,0.038977,0.021924,0.060901
base,random-tod,1,pm,813,813,11,apex,eod,1440,36,100,0,0,0,1.0,0.317905,0.634592,2.0,0,100,0,0,0,1.0,0.317905,0.634592,2.0,0,0.317905,0.317905,0.270402,0.360536
base,random-tod,1,pm,813,813,11,apex,intraday,1440,36,80,0,0,0,1.0,0.231425,0.725944,2.0,0,80,0,0,0,1.0,0.231425,0.725944,2.0,0,0.231425,0.231425,0.190012,0.27162
base,random-tod,1,pm,813,813,11,lucid,eod,960,24,40,0,1500,0,1.0,0.043849,0.38246,4.0,1,40,0,1500,0,1.0,0.043849,0.38246,4.0,1,0.043849,0.043849,0.025548,0.066991
base,random-tod,1,pm,813,813,11,lucid,intraday,960,24,40,0,0,0,1.0,0.042631,0.472594,4.0,0,40,0,0,0,1.0,0.042631,0.472594,4.0,0,0.042631,0.042631,0.024361,0.064555
base,random-tod,1,pm,813,813,12,apex,eod,1440,36,100,0,0,0,1.0,0.274056,0.662607,2.0,0,100,0,0,0,1.0,0.274056,0.662607,2.0,0,0.274056,0.274056,0.230207,0.323995
base,random-tod,1,pm,813,813,12,apex,intraday,1440,36,100,0,0,0,1.0,0.19732,0.777101,2.0,0,100,0,0,0,1.0,0.19732,0.777101,2.0,0,0.19732,0.19732,0.158343,0.242387
base,random-tod,1,pm,813,813,12,lucid,eod,960,24,40,0,0,0,1.0,0.028015,0.394641,4.0,0,40,0,0,0,1.0,0.028015,0.394641,4.0,0,0.028015,0.028015,0.01218,0.049939
base,random-tod,1,pm,813,813,12,lucid,intraday,960,24,40,0,0,0,1.0,0.024361,0.511571,4.0,0,40,0,0,0,1.0,0.024361,0.511571,4.0,0,0.024361,0.024361,0.010962,0.041413
base,random-tod,5,asia,786,786,1,apex,eod,1440,36,100,0,0,0,1.0,0.255786,0.578563,2.0,0,100,0,0,0,1.0,0.255786,0.578563,2.0,0,0.255786,0.255786,0.20341,0.304537
base,random-tod,5,asia,786,786,1,apex,intraday,1440,36,100,0,0,0,1.0,0.193666,0.701583,2.0,0,100,0,0,0,1.0,0.193666,0.701583,2.0,0,0.193666,0.193666,0.157125,0.232643
base,random-tod,5,asia,786,786,1,lucid,eod,960,24,40,0,0,0,1.0,0.015834,0.281364,4.0,0,40,0,0,0,1.0,0.015834,0.281364,4.0,0,0.015834,0.015834,0.004872,0.030451
base,random-tod,5,asia,786,786,1,lucid,intraday,960,24,40,0,0,0,1.0,0.015834,0.320341,4.0,0,40,0,0,0,1.0,0.015834,0.320341,4.0,0,0.015834,0.015834,0.004872,0.030451
base,random-tod,5,asia,820,820,11,apex,eod,1440,36,100,0,0,0,1.0,0.218027,0.618758,2.0,0,100,0,0,0,1.0,0.218027,0.618758,2.0,0,0.218027,0.218027,0.17296,0.269214
base,random-tod,5,asia,820,820,11,apex,intraday,1440,36,100,0,0,0,1.0,0.169306,0.751523,2.0,0,100,0,0,0,1.0,0.169306,0.751523,2.0,0,0.169306,0.169306,0.130329,0.210719
base,random-tod,5,asia,820,820,11,lucid,eod,960,24,40,0,0,0,1.0,0.008526,0.215591,4.0,0,40,0,0,0,1.0,0.008526,0.215591,4.0,0,0.008526,0.008526,0.002436,0.017052
base,random-tod,5,asia,820,820,11,lucid,intraday,960,24,40,0,0,0,1.0,0.008526,0.270402,4.0,0,40,0,0,0,1.0,0.008526,0.270402,4.0,0,0.008526,0.008526,0.002436,0.017052
base,random-tod,5,asia,820,820,12,apex,eod,1440,36,100,0,1500,0,1.0,0.221681,0.563946,2.0,1,100,0,1500,0,1.0,0.221681,0.563946,2.0,1,0.221681,0.221681,0.163216,0.272838
base,random-tod,5,asia,820,820,12,apex,intraday,1440,36,100,0,1000,0,1.0,0.181486,0.666261,2.0,1,100,0,1000,0,1.0,0.181486,0.666261,2.0,1,0.181486,0.181486,0.131547,0.222929
base,random-tod,5,asia,820,820,12,lucid,eod,960,24,40,0,0,0,1.0,0.009744,0.235079,4.0,0,40,0,0,0,1.0,0.009744,0.235079,4.0,0,0.009744,0.009744,0.002406,0.020706
base,random-tod,5,asia,820,820,12,lucid,intraday,960,24,40,0,0,0,1.0,0.009744,0.272838,4.0,0,40,0,0,0,1.0,0.009744,0.272838,4.0,0,0.009744,0.009744,0.002406,0.020706
base,random-tod,5,london,819,819,1,apex,eod,1440,36,100,0,0,0,1.0,0.350792,0.644336,1.0,0,100,0,0,0,1.0,0.350792,0.644336,1.0,0,0.350792,0.350792,0.304507,0.392205
base,random-tod,5,london,819,819,1,apex,intraday,1440,36,60,0,0,0,1.0,0.247259,0.721072,2.0,0,60,0,0,0,1.0,0.247259,0.721072,2.0,0,0.247259,0.247259,0.20341,0.28989
base,random-tod,5,london,819,819,1,lucid,eod,960,24,40,0,2000,0,1.0,0.056029,0.503045,4.0,1,40,0,2000,0,1.0,0.056029,0.503045,4.0,1,0.056029,0.056029,0.032887,0.08039
base,random-tod,5,london,819,819,1,lucid,intraday,960,24,40,0,2000,0,1.0,0.053593,0.627284,4.0,1,40,0,2000,0,1.0,0.053593,0.627284,4.0,1,0.053593,0.053593,0.031669,0.076736
base,random-tod,5,london,820,820,11,apex,eod,1440,36,100,0,0,0,1.0,0.294762,0.695493,1.0,0,100,0,0,0,1.0,0.294762,0.695493,1.0,0,0.294762,0.294762,0.252132,0.338611
base,random-tod,5,london,820,820,11,apex,intraday,1440,36,80,0,2000,0,1.0,0.214373,0.773447,1.0,1,80,0,2000,2,1.0,0.214373,0.773447,1.0,2,0.214373,0.213764,0.175396,0.257034
base,random-tod,5,london,820,820,11,lucid,eod,960,24,40,0,0,0,1.0,0.035323,0.572473,4.0,0,40,0,0,0,1.0,0.035323,0.572473,4.0,0,0.035323,0.035323,0.01827,0.057247
base,random-tod,5,london,820,820,11,lucid,intraday,960,24,40,0,0,0,1.0,0.034105,0.666261,4.0,0,40,0,0,0,1.0,0.034105,0.666261,4.0,0,0.034105,0.034105,0.01827,0.056029
base,random-tod,5,london,820,820,12,apex,eod,1440,36,100,0,0,0,1.0,0.293544,0.694275,1.0,0,100,0,0,0,1.0,0.293544,0.694275,1.0,0,0.293544,0.293544,0.254568,0.333739
base,random-tod,5,london,820,820,12,apex,intraday,1440,36,60,0,0,0,1.0,0.202192,0.74056,2.0,0,60,0,0,0,1.0,0.202192,0.74056,2.0,0,0.202192,0.202192,0.165652,0.244823
base,random-tod,5,london,820,820,12,lucid,eod,960,24,40,0,0,0,1.0,0.032887,0.54933,4.0,0,40,0,0,0,1.0,0.032887,0.54933,4.0,0,0.032887,0.032887,0.015834,0.053593
base,random-tod,5,london,820,820,12,lucid,intraday,960,24,40,0,0,0,1.0,0.031669,0.649208,3.5,0,40,0,0,0,1.0,0.031669,0.649208,3.5,0,0.031669,0.031669,0.015834,0.051157
base,random-tod,5,nyam,673,673,1,apex,eod,1440,36,100,0,0,0,1.0,0.336175,0.663825,1.0,0,100,0,0,0,1.0,0.336175,0.663825,1.0,0,0.336175,0.336175,0.303258,0.378806
base,random-tod,5,nyam,673,673,1,apex,intraday,1440,36,40,0,1500,0,1.0,0.218027,0.766139,2.0,1,40,0,1500,2,1.0,0.218027,0.766139,2.0,2,0.218027,0.216809,0.183922,0.258222
base,random-tod,5,nyam,673,673,1,lucid,eod,960,24,20,0,0,0,1.0,0.034105,0.572473,4.0,0,20,0,0,0,1.0,0.034105,0.572473,4.0,0,0.034105,0.034105,0.01827,0.054811
base,random-tod,5,nyam,673,673,1,lucid,intraday,960,24,20,0,0,0,1.0,0.030451,0.677223,4.0,0,20,0,0,0,1.0,0.030451,0.677223,4.0,0,0.030451,0.030451,0.014616,0.049939
base,random-tod,5,nyam,820,820,11,apex,eod,1440,36,40,0,0,0,1.0,0.332521,0.661389,1.0,0,40,0,0,0,1.0,0.332521,0.661389,1.0,0,0.332521,0.332521,0.288642,0.373934
base,random-tod,5,nyam,820,820,11,apex,intraday,1440,36,20,0,2000,0,1.0,0.27771,0.656516,2.0,1,20,0,2000,2,1.0,0.27771,0.656516,2.0,2,0.27771,0.277101,0.230177,0.325213
base,random-tod,5,nyam,820,820,11,lucid,eod,960,24,20,0,0,0,1.0,0.058465,0.596833,4.0,0,20,0,0,0,1.0,0.058465,0.596833,4.0,0,0.058465,0.058465,0.030451,0.085262
base,random-tod,5,nyam,820,820,11,lucid,intraday,960,24,20,0,0,0,1.0,0.056029,0.683313,4.0,0,20,0,0,0,1.0,0.056029,0.683313,4.0,0,0.056029,0.056029,0.030451,0.08039
base,random-tod,5,nyam,820,820,12,apex,eod,1440,36,100,0,0,0,1.0,0.295981,0.704019,1.0,0,100,0,0,0,1.0,0.295981,0.704019,1.0,0,0.295981,0.295981,0.26553,0.328867
base,random-tod,5,nyam,820,820,12,apex,intraday,1440,36,20,0,0,0,1.0,0.218027,0.723508,2.0,0,20,0,0,0,1.0,0.218027,0.723508,2.0,0,0.218027,0.218027,0.177832,0.260688
base,random-tod,5,nyam,820,820,12,lucid,eod,960,24,20,0,0,0,1.0,0.036541,0.667479,4.0,0,20,0,0,0,1.0,0.036541,0.667479,4.0,0,0.036541,0.036541,0.020706,0.056029
base,random-tod,5,nyam,820,820,12,lucid,intraday,960,24,10,0,0,0,1.0,0.031669,0.330085,4.0,0,10,0,0,0,1.0,0.031669,0.330085,4.0,0,0.031669,0.031669,0.017052,0.051157
base,random-tod,5,mid,777,777,1,apex,eod,1440,36,100,0,0,0,1.0,0.433618,0.562728,1.0,0,100,0,0,0,1.0,0.433618,0.562728,1.0,0,0.433618,0.433618,0.389769,0.485993
base,random-tod,5,mid,777,777,1,apex,intraday,1440,36,40,0,0,0,1.0,0.216809,0.772229,2.0,0,40,0,0,0,1.0,0.216809,0.772229,2.0,0,0.216809,0.216809,0.17905,0.26553
base,random-tod,5,mid,777,777,1,lucid,eod,960,24,40,0,0,0,1.0,0.08648,0.650426,4.0,0,40,0,0,0,1.0,0.08648,0.650426,4.0,0,0.08648,0.08648,0.058465,0.120615
base,random-tod,5,mid,777,777,1,lucid,intraday,960,24,30,0,0,0,1.0,0.071864,0.729598,4.0,0,30,0,0,0,1.0,0.071864,0.729598,4.0,0,0.071864,0.071864,0.047503,0.102314
base,random-tod,5,mid,820,820,11,apex,eod,1440,36,100,0,0,0,1.0,0.445798,0.552984,1.0,0,100,0,0,0,1.0,0.445798,0.552984,1.0,0,0.445798,0.445798,0.409227,0.488459
base,random-tod,5,mid,820,820,11,apex,intraday,1440,36,40,0,2000,0,1.0,0.231425,0.761267,1.0,1,40,0,2000,2,1.0,0.231425,0.761267,1.0,2,0.231425,0.230207,0.200974,0.267966
base,random-tod,5,mid,820,820,11,lucid,eod,960,24,30,0,0,0,1.0,0.062119,0.693057,4.0,0,30,0,0,0,1.0,0.062119,0.693057,4.0,0,0.062119,0.062119,0.038977,0.090134
base,random-tod,5,mid,820,820,11,lucid,intraday,960,24,30,0,0,0,1.0,0.047503,0.813642,4.0,0,30,0,0,0,1.0,0.047503,0.813642,4.0,0,0.047503,0.047503,0.029233,0.069458
base,random-tod,5,mid,820,820,12,apex,eod,1440,36,100,0,0,0,1.0,0.421437,0.578563,1.0,0,100,0,0,0,1.0,0.421437,0.578563,1.0,0,0.421437,0.421437,0.38246,0.465286
base,random-tod,5,mid,820,820,12,apex,intraday,1440,36,40,0,0,0,1.0,0.238733,0.760049,1.0,0,40,0,0,0,1.0,0.238733,0.760049,1.0,0,0.238733,0.238733,0.198538,0.2838
base,random-tod,5,mid,820,820,12,lucid,eod,960,24,40,0,0,0,1.0,0.076736,0.723508,4.0,0,40,0,0,0,1.0,0.076736,0.723508,4.0,0,0.076736,0.076736,0.054811,0.103532
base,random-tod,5,mid,820,820,12,lucid,intraday,960,24,20,0,0,0,1.0,0.062119,0.667479,4.0,0,20,0,0,0,1.0,0.062119,0.667479,4.0,0,0.062119,0.062119,0.041413,0.088916
base,random-tod,5,pm,776,776,1,apex,eod,1440,36,100,0,0,0,1.0,0.394641,0.599269,1.0,0,100,0,0,0,1.0,0.394641,0.599269,1.0,0,0.394641,0.394641,0.3581,0.434836
base,random-tod,5,pm,776,776,1,apex,intraday,1440,36,40,0,1000,0,1.0,0.233861,0.672351,2.0,1,40,0,1000,2,1.0,0.233861,0.672351,2.0,2,0.233861,0.231425,0.19123,0.278928
base,random-tod,5,pm,776,776,1,lucid,eod,960,24,40,0,0,0,1.0,0.056029,0.683313,4.0,0,40,0,0,0,1.0,0.056029,0.683313,4.0,0,0.056029,0.056029,0.031669,0.08648
base,random-tod,5,pm,776,776,1,lucid,intraday,960,24,30,0,0,0,1.0,0.045067,0.72229,4.0,0,30,0,0,0,1.0,0.045067,0.72229,4.0,0,0.045067,0.045067,0.023143,0.073082
base,random-tod,5,pm,813,813,11,apex,eod,1440,36,100,0,0,0,1.0,0.392205,0.604141,1.0,0,100,0,0,0,1.0,0.392205,0.604141,1.0,0,0.392205,0.392205,0.350792,0.44458
base,random-tod,5,pm,813,813,11,apex,intraday,1440,36,40,0,0,0,1.0,0.218027,0.766139,2.0,0,40,0,0,0,1.0,0.218027,0.766139,2.0,0,0.218027,0.218027,0.181486,0.264312
base,random-tod,5,pm,813,813,11,lucid,eod,960,24,40,0,0,0,1.0,0.065773,0.727162,4.0,0,40,0,0,0,1.0,0.065773,0.727162,4.0,0,0.065773,0.065773,0.037759,0.099878
base,random-tod,5,pm,813,813,11,lucid,intraday,960,24,40,0,0,0,1.0,0.059683,0.822168,4.0,0,40,0,0,0,1.0,0.059683,0.822168,4.0,0,0.059683,0.059683,0.032887,0.093788
base,random-tod,5,pm,813,813,12,apex,eod,1440,36,100,0,0,0,1.0,0.404385,0.595615,1.0,0,100,0,0,0,1.0,0.404385,0.595615,1.0,0,0.404385,0.404385,0.36419,0.448234
base,random-tod,5,pm,813,813,12,apex,intraday,1440,36,40,0,1500,0,1.0,0.252132,0.714982,2.0,1,40,0,1500,2,1.0,0.252132,0.714982,2.0,2,0.252132,0.249695,0.209501,0.291108
base,random-tod,5,pm,813,813,12,lucid,eod,960,24,40,0,0,0,1.0,0.08039,0.667479,4.0,0,40,0,0,0,1.0,0.08039,0.667479,4.0,0,0.08039,0.08039,0.054781,0.107186
base,random-tod,5,pm,813,813,12,lucid,intraday,960,24,40,0,0,0,1.0,0.069428,0.780755,4.0,0,40,0,0,0,1.0,0.069428,0.780755,4.0,0,0.069428,0.069428,0.045067,0.09257
base,random-tod,15,asia,506,506,1,apex,eod,1440,36,100,0,0,0,1.0,0.263094,0.62972,2.0,0,100,0,0,0,1.0,0.263094,0.62972,2.0,0,0.263094,0.263094,0.208252,0.325213
base,random-tod,15,asia,506,506,1,apex,intraday,1440,36,100,0,2000,0,1.0,0.182704,0.751523,2.0,1,100,0,2000,0,1.0,0.182704,0.751523,2.0,1,0.182704,0.182704,0.140073,0.236297
base,random-tod,15,asia,506,506,1,lucid,eod,960,24,40,0,0,0,1.0,0.019488,0.347138,4.0,0,40,0,0,0,1.0,0.019488,0.347138,4.0,0,0.019488,0.019488,0.004872,0.038977
base,random-tod,15,asia,506,506,1,lucid,intraday,960,24,40,0,0,0,1.0,0.017052,0.443362,4.0,0,40,0,0,0,1.0,0.017052,0.443362,4.0,0,0.017052,0.017052,0.004872,0.032887
base,random-tod,15,asia,819,819,11,apex,eod,1440,36,100,0,0,0,1.0,0.322777,0.657734,1.0,0,100,0,0,0,1.0,0.322777,0.657734,1.0,0,0.322777,0.322777,0.286236,0.365408
base,random-tod,15,asia,819,819,11,apex,intraday,1440,36,80,0,1000,0,1.0,0.225335,0.747868,2.0,1,80,0,1000,2,1.0,0.225335,0.747868,2.0,2,0.225335,0.219854,0.181486,0.266748
base,random-tod,15,asia,819,819,11,lucid,eod,960,24,40,0,0,0,1.0,0.058465,0.532278,4.0,0,40,0,0,0,1.0,0.058465,0.532278,4.0,0,0.058465,0.058465,0.032887,0.090164
base,random-tod,15,asia,819,819,11,lucid,intraday,960,24,40,0,0,0,1.0,0.052375,0.640682,3.0,0,40,0,0,0,1.0,0.052375,0.640682,3.0,0,0.052375,0.052375,0.029233,0.08042
base,random-tod,15,asia,819,819,12,apex,eod,1440,36,100,0,0,0,1.0,0.337393,0.650426,1.0,0,100,0,0,0,1.0,0.337393,0.650426,1.0,0,0.337393,0.337393,0.303258,0.378806
base,random-tod,15,asia,819,819,12,apex,intraday,1440,36,80,0,2000,0,1.0,0.220463,0.773447,1.0,1,80,0,2000,2,1.0,0.220463,0.773447,1.0,2,0.220463,0.218636,0.190012,0.257004
base,random-tod,15,asia,819,819,12,lucid,eod,960,24,40,0,0,0,1.0,0.034105,0.5676,4.0,0,40,0,0,0,1.0,0.034105,0.5676,4.0,0,0.034105,0.034105,0.017052,0.054811
base,random-tod,15,asia,819,819,12,lucid,intraday,960,24,40,0,0,0,1.0,0.031669,0.685749,4.0,0,40,0,0,0,1.0,0.031669,0.685749,4.0,0,0.031669,0.031669,0.015834,0.051157
base,random-tod,15,london,717,717,1,apex,eod,1440,36,100,0,0,0,1.0,0.378806,0.613886,1.0,0,100,0,0,0,1.0,0.378806,0.613886,1.0,0,0.378806,0.378806,0.336175,0.425091
base,random-tod,15,london,717,717,1,apex,intraday,1440,36,60,0,0,0,1.0,0.231425,0.761267,1.0,0,60,0,0,0,1.0,0.231425,0.761267,1.0,0,0.231425,0.231425,0.192448,0.272838
base,random-tod,15,london,717,717,1,lucid,eod,960,24,40,0,0,0,1.0,0.059683,0.651644,4.0,0,40,0,0,0,1.0,0.059683,0.651644,4.0,0,0.059683,0.059683,0.037759,0.08648
base,random-tod,15,london,717,717,1,lucid,intraday,960,24,40,0,2000,0,1.0,0.051157,0.745432,4.0,1,40,0,2000,0,1.0,0.051157,0.745432,4.0,1,0.051157,0.051157,0.029233,0.076736
base,random-tod,15,london,820,820,11,apex,eod,1440,36,100,0,0,0,1.0,0.365408,0.634592,1.0,0,100,0,0,0,1.0,0.365408,0.634592,1.0,0,0.365408,0.365408,0.328867,0.398295
base,random-tod,15,london,820,820,11,apex,intraday,1440,36,40,0,2000,0,1.0,0.261876,0.694275,2.0,1,40,0,2000,2,1.0,0.261876,0.694275,2.0,2,0.261876,0.261267,0.21556,0.300883
base,random-tod,15,london,820,820,11,lucid,eod,960,24,40,0,0,0,1.0,0.056029,0.640682,4.0,0,40,0,0,0,1.0,0.056029,0.640682,4.0,0,0.056029,0.056029,0.032887,0.076736
base,random-tod,15,london,820,820,11,lucid,intraday,960,24,30,0,0,0,1.0,0.053593,0.669915,4.0,0,30,0,0,0,1.0,0.053593,0.669915,4.0,0,0.053593,0.053593,0.030451,0.0743
base,random-tod,15,london,820,820,12,apex,eod,1440,36,100,0,0,0,1.0,0.315469,0.684531,1.0,0,100,0,0,0,1.0,0.315469,0.684531,1.0,0,0.315469,0.315469,0.276492,0.356912
base,random-tod,15,london,820,820,12,apex,intraday,1440,36,40,0,1000,0,1.0,0.216809,0.733252,2.0,1,40,0,1000,0,1.0,0.216809,0.733252,2.0,1,0.216809,0.216809,0.171742,0.263094
base,random-tod,15,london,820,820,12,lucid,eod,960,24,40,0,0,0,1.0,0.057247,0.730816,4.0,0,40,0,0,0,1.0,0.057247,0.730816,4.0,0,0.057247,0.057247,0.035323,0.085262
base,random-tod,15,london,820,820,12,lucid,intraday,960,24,30,0,0,0,1.0,0.048721,0.730816,4.0,0,30,0,0,0,1.0,0.048721,0.730816,4.0,0,0.048721,0.048721,0.030451,0.073082
base,random-tod,15,nyam,342,342,1,apex,eod,1440,36,100,0,0,0,1.0,0.353228,0.533496,2.0,0,100,0,0,0,1.0,0.353228,0.533496,2.0,0,0.353228,0.353228,0.302071,0.417783
base,random-tod,15,nyam,342,342,1,apex,intraday,1440,36,40,0,0,0,1.0,0.198538,0.683313,2.0,0,40,0,0,0,1.0,0.198538,0.683313,2.0,0,0.198538,0.198538,0.158313,0.250914
base,random-tod,15,nyam,342,342,1,lucid,eod,960,24,20,0,0,0,1.0,0.003654,0.308161,5.0,0,20,0,0,0,1.0,0.003654,0.308161,5.0,0,0.003654,0.003654,0.0,0.008526
base,random-tod,15,nyam,342,342,1,lucid,intraday,960,24,20,0,0,0,1.0,0.003654,0.403167,5.0,0,20,0,0,0,1.0,0.003654,0.403167,5.0,0,0.003654,0.003654,0.0,0.008526
base,random-tod,15,nyam,804,804,11,apex,eod,1440,36,80,0,0,0,1.0,0.347138,0.652862,1.0,0,80,0,0,0,1.0,0.347138,0.652862,1.0,0,0.347138,0.347138,0.303289,0.388551
base,random-tod,15,nyam,804,804,11,apex,intraday,1440,36,20,0,1500,0,1.0,0.261876,0.697929,2.0,1,20,0,1500,2,1.0,0.261876,0.697929,2.0,2,0.261876,0.254568,0.214373,0.305725
base,random-tod,15,nyam,804,804,11,lucid,eod,960,24,20,0,0,0,1.0,0.036541,0.693057,4.5,0,20,0,0,0,1.0,0.036541,0.693057,4.5,0,0.036541,0.036541,0.017052,0.057247
base,random-tod,15,nyam,804,804,11,lucid,intraday,960,24,20,0,0,0,1.0,0.034105,0.766139,4.5,0,20,0,0,0,1.0,0.034105,0.766139,4.5,0,0.034105,0.034105,0.015834,0.053593
base,random-tod,15,nyam,793,793,12,apex,eod,1440,36,100,0,0,0,1.0,0.367844,0.632156,1.0,0,100,0,0,0,1.0,0.367844,0.632156,1.0,0,0.367844,0.367844,0.333739,0.404385
base,random-tod,15,nyam,793,793,12,apex,intraday,1440,36,20,0,1000,0,1.0,0.260658,0.689403,2.0,1,20,0,1000,2,1.0,0.260658,0.689403,2.0,2,0.260658,0.253959,0.214373,0.310597
base,random-tod,15,nyam,793,793,12,lucid,eod,960,24,20,0,0,0,1.0,0.038977,0.657734,4.0,0,20,0,0,0,1.0,0.038977,0.657734,4.0,0,0.038977,0.038977,0.021924,0.059683
base,random-tod,15,nyam,793,793,12,lucid,intraday,960,24,10,0,0,0,1.0,0.032887,0.481121,4.0,0,10,0,0,0,1.0,0.032887,0.481121,4.0,0,0.032887,0.032887,0.015804,0.054811
base,random-tod,15,mid,515,515,1,apex,eod,1440,36,100,0,0,0,1.0,0.426309,0.54324,1.0,0,100,0,0,0,1.0,0.426309,0.54324,1.0,0,0.426309,0.426309,0.378806,0.466504
base,random-tod,15,mid,515,515,1,apex,intraday,1440,36,40,0,0,0,1.0,0.213155,0.74665,2.0,0,40,0,0,0,1.0,0.213155,0.74665,2.0,0,0.213155,0.213155,0.168088,0.252132
base,random-tod,15,mid,515,515,1,lucid,eod,960,24,30,0,0,0,1.0,0.036541,0.628502,4.0,0,30,0,0,0,1.0,0.036541,0.628502,4.0,0,0.036541,0.036541,0.01827,0.058465
base,random-tod,15,mid,515,515,1,lucid,intraday,960,24,20,0,0,0,1.0,0.031669,0.626066,4.0,0,20,0,0,0,1.0,0.031669,0.626066,4.0,0,0.031669,0.031669,0.015834,0.052375
base,random-tod,15,mid,820,820,11,apex,eod,1440,36,100,0,0,0,1.0,0.461632,0.53715,1.0,0,100,0,0,0,1.0,0.461632,0.53715,1.0,0,0.461632,0.461632,0.425091,0.505481
base,random-tod,15,mid,820,820,11,apex,intraday,1440,36,20,0,1000,0,1.0,0.252132,0.678441,2.0,1,20,0,1000,2,1.0,0.252132,0.678441,2.0,2,0.252132,0.242387,0.205847,0.308161
base,random-tod,15,mid,820,820,11,lucid,eod,960,24,30,0,0,0,1.0,0.064555,0.702801,4.0,0,30,0,0,0,1.0,0.064555,0.702801,4.0,0,0.064555,0.064555,0.043849,0.093788
base,random-tod,15,mid,820,820,11,lucid,intraday,960,24,20,0,2000,0,1.0,0.049939,0.742996,4.0,1,20,0,2000,0,1.0,0.049939,0.742996,4.0,1,0.049939,0.049939,0.030451,0.075518
base,random-tod,15,mid,818,818,12,apex,eod,1440,36,100,0,0,0,1.0,0.412911,0.587089,1.0,0,100,0,0,0,1.0,0.412911,0.587089,1.0,0,0.412911,0.412911,0.372716,0.451888
base,random-tod,15,mid,818,818,12,apex,intraday,1440,36,40,0,2000,0,1.0,0.20341,0.79659,1.0,1,40,0,2000,2,1.0,0.20341,0.79659,1.0,2,0.20341,0.202801,0.176614,0.235079
base,random-tod,15,mid,818,818,12,lucid,eod,960,24,20,0,0,0,1.0,0.057247,0.695493,4.0,0,20,0,0,0,1.0,0.057247,0.695493,4.0,0,0.057247,0.057247,0.034105,0.082826
base,random-tod,15,mid,818,818,12,lucid,intraday,960,24,20,0,0,0,1.0,0.047503,0.811206,4.0,0,20,0,0,0,1.0,0.047503,0.811206,4.0,0,0.047503,0.047503,0.026797,0.069428
base,random-tod,15,pm,505,505,1,apex,eod,1440,36,100,0,0,0,1.0,0.397077,0.571255,1.0,0,100,0,0,0,1.0,0.397077,0.571255,1.0,0,0.397077,0.397077,0.337393,0.460445
base,random-tod,15,pm,505,505,1,apex,intraday,1440,36,40,0,0,0,1.0,0.194884,0.757613,2.0,0,40,0,0,0,1.0,0.194884,0.757613,2.0,0,0.194884,0.194884,0.155907,0.241169
base,random-tod,15,pm,505,505,1,lucid,eod,960,24,30,0,0,0,1.0,0.034105,0.577345,5.0,0,30,0,0,0,1.0,0.034105,0.577345,5.0,0,0.034105,0.034105,0.01827,0.053593
base,random-tod,15,pm,505,505,1,lucid,intraday,960,24,30,0,0,0,1.0,0.030451,0.756395,5.0,0,30,0,0,0,1.0,0.030451,0.756395,5.0,0,0.030451,0.030451,0.015834,0.049939
base,random-tod,15,pm,811,811,11,apex,eod,1440,36,100,0,0,0,1.0,0.447016,0.551766,1.0,0,100,0,0,0,1.0,0.447016,0.551766,1.0,0,0.447016,0.447016,0.406821,0.488459
base,random-tod,15,pm,811,811,11,apex,intraday,1440,36,20,0,1500,0,1.0,0.258222,0.695493,2.0,1,20,0,1500,2,1.0,0.258222,0.695493,2.0,2,0.258222,0.25335,0.207065,0.313033
base,random-tod,15,pm,811,811,11,lucid,eod,960,24,40,0,0,0,1.0,0.064555,0.741778,4.0,0,40,0,0,0,1.0,0.064555,0.741778,4.0,0,0.064555,0.064555,0.041382,0.09257
base,random-tod,15,pm,811,811,11,lucid,intraday,960,24,20,0,0,0,1.0,0.053593,0.767357,4.0,0,20,0,0,0,1.0,0.053593,0.767357,4.0,0,0.053593,0.053593,0.032887,0.08039
base,random-tod,15,pm,812,812,12,apex,eod,1440,36,100,0,0,0,1.0,0.427527,0.572473,1.0,0,100,0,0,0,1.0,0.427527,0.572473,1.0,0,0.427527,0.427527,0.380024,0.470158
base,random-tod,15,pm,812,812,12,apex,intraday,1440,36,20,0,0,0,1.0,0.225335,0.732034,2.0,0,20,0,0,0,1.0,0.225335,0.732034,2.0,0,0.225335,0.225335,0.181456,0.27162
base,random-tod,15,pm,812,812,12,lucid,eod,960,24,30,0,0,0,1.0,0.079172,0.729598,4.0,0,30,0,0,0,1.0,0.079172,0.729598,4.0,0,0.079172,0.079172,0.051157,0.103532
base,random-tod,15,pm,812,812,12,lucid,intraday,960,24,20,0,0,0,1.0,0.060901,0.780755,4.0,0,20,0,0,0,1.0,0.060901,0.780755,4.0,0,0.060901,0.060901,0.036541,0.082826
base,random-tod,30,asia,240,240,1,apex,eod,1440,36,100,0,0,0,1.0,0.218027,0.365408,3.0,0,100,0,0,0,1.0,0.218027,0.365408,3.0,0,0.218027,0.218027,0.158313,0.275305
base,random-tod,30,asia,240,240,1,apex,intraday,1440,36,80,0,0,0,1.0,0.114495,0.507917,3.0,0,80,0,0,0,1.0,0.114495,0.507917,3.0,0,0.114495,0.114495,0.075518,0.161998
base,random-tod,30,asia,240,240,1,lucid,eod,960,24,40,0,0,0,1.0,0.00609,0.121803,5.0,0,40,0,0,0,1.0,0.00609,0.121803,5.0,0,0.00609,0.00609,0.001218,0.013398
base,random-tod,30,asia,240,240,1,lucid,intraday,960,24,40,0,0,0,1.0,0.00609,0.192448,5.0,0,40,0,0,0,1.0,0.00609,0.192448,5.0,0,0.00609,0.00609,0.001218,0.013398
base,random-tod,30,asia,707,707,11,apex,eod,1440,36,100,0,0,0,1.0,0.397077,0.593179,2.0,0,100,0,0,0,1.0,0.397077,0.593179,2.0,0,0.397077,0.397077,0.337393,0.449482
base,random-tod,30,asia,707,707,11,apex,intraday,1440,36,80,0,0,0,1.0,0.232643,0.758831,1.0,0,80,0,0,0,1.0,0.232643,0.758831,1.0,0,0.232643,0.232643,0.18514,0.276492
base,random-tod,30,asia,707,707,11,lucid,eod,960,24,40,0,0,0,1.0,0.054811,0.53106,4.0,0,40,0,0,0,1.0,0.054811,0.53106,4.0,0,0.054811,0.054811,0.031669,0.085262
base,random-tod,30,asia,707,707,11,lucid,intraday,960,24,40,0,0,0,1.0,0.049939,0.649208,4.0,0,40,0,0,0,1.0,0.049939,0.649208,4.0,0,0.049939,0.049939,0.026797,0.08039
base,random-tod,30,asia,721,721,12,apex,eod,1440,36,100,0,0,0,1.0,0.389769,0.585871,1.0,0,100,0,0,0,1.0,0.389769,0.585871,1.0,0,0.389769,0.389769,0.344702,0.431181
base,random-tod,30,asia,721,721,12,apex,intraday,1440,36,60,0,2000,0,1.0,0.239951,0.700365,2.0,1,60,0,2000,2,1.0,0.239951,0.700365,2.0,2,0.239951,0.239342,0.19123,0.282582
base,random-tod,30,asia,721,721,12,lucid,eod,960,24,40,0,0,0,1.0,0.043849,0.487211,4.0,0,40,0,0,0,1.0,0.043849,0.487211,4.0,0,0.043849,0.043849,0.025579,0.060901
base,random-tod,30,asia,721,721,12,lucid,intraday,960,24,30,0,0,0,1.0,0.035323,0.492083,4.0,0,30,0,0,0,1.0,0.035323,0.492083,4.0,0,0.035323,0.035323,0.019488,0.051157
base,random-tod,30,london,527,527,1,apex,eod,1440,36,100,0,0,0,1.0,0.372716,0.570037,1.0,0,100,0,0,0,1.0,0.372716,0.570037,1.0,0,0.372716,0.372716,0.319123,0.434836
base,random-tod,30,london,527,527,1,apex,intraday,1440,36,60,0,1000,0,1.0,0.202192,0.632156,2.0,1,60,0,1000,2,1.0,0.202192,0.632156,2.0,2,0.202192,0.200974,0.152253,0.257004
base,random-tod,30,london,527,527,1,lucid,eod,960,24,40,0,0,0,1.0,0.045067,0.585871,4.0,0,40,0,0,0,1.0,0.045067,0.585871,4.0,0,0.045067,0.045067,0.024361,0.07433
base,random-tod,30,london,527,527,1,lucid,intraday,960,24,30,0,0,0,1.0,0.037759,0.61754,4.0,0,30,0,0,0,1.0,0.037759,0.61754,4.0,0,0.037759,0.037759,0.019488,0.065773
base,random-tod,30,london,819,819,11,apex,eod,1440,36,100,0,0,0,1.0,0.406821,0.593179,1.0,0,100,0,0,0,1.0,0.406821,0.593179,1.0,0,0.406821,0.406821,0.367844,0.449452
base,random-tod,30,london,819,819,11,apex,intraday,1440,36,40,0,0,0,1.0,0.233861,0.756395,1.0,0,40,0,0,0,1.0,0.233861,0.756395,1.0,0,0.233861,0.233861,0.196102,0.27771
base,random-tod,30,london,819,819,11,lucid,eod,960,24,40,0,0,0,1.0,0.08039,0.691839,4.0,0,40,0,0,0,1.0,0.08039,0.691839,4.0,0,0.08039,0.08039,0.054811,0.113276
base,random-tod,30,london,819,819,11,lucid,intraday,960,24,20,0,0,0,1.0,0.066991,0.615104,4.0,0,20,0,0,0,1.0,0.066991,0.615104,4.0,0,0.066991,0.066991,0.041413,0.09866
base,random-tod,30,london,818,818,12,apex,eod,1440,36,100,0,0,0,1.0,0.390987,0.609013,1.0,0,100,0,0,0,1.0,0.390987,0.609013,1.0,0,0.390987,0.390987,0.355664,0.429963
base,random-tod,30,london,818,818,12,apex,intraday,1440,36,40,0,0,0,1.0,0.232643,0.763703,1.0,0,40,0,0,0,1.0,0.232643,0.763703,1.0,0,0.232643,0.232643,0.204629,0.26553
base,random-tod,30,london,818,818,12,lucid,eod,960,24,30,0,0,0,1.0,0.069428,0.666261,4.0,0,30,0,0,0,1.0,0.069428,0.666261,4.0,0,0.069428,0.069428,0.043849,0.09866
base,random-tod,30,london,818,818,12,lucid,intraday,960,24,30,0,0,0,1.0,0.063337,0.771011,4.0,0,30,0,0,0,1.0,0.063337,0.771011,4.0,0,0.063337,0.063337,0.040195,0.090164
base,random-tod,30,nyam,173,173,1,apex,eod,1440,36,100,0,0,0,1.0,0.310597,0.338611,3.0,0,100,0,0,0,1.0,0.310597,0.338611,3.0,0,0.310597,0.310597,0.264312,0.372716
base,random-tod,30,nyam,173,173,1,apex,intraday,1440,36,60,0,0,0,1.0,0.147381,0.517661,3.0,0,60,0,0,0,1.0,0.147381,0.517661,3.0,0,0.147381,0.147381,0.103532,0.201005
base,random-tod,30,nyam,173,173,1,lucid,eod,960,24,10,0,0,0,1.0,0.0,0.030451,nan,0,10,0,0,0,1.0,0.0,0.030451,nan,0,0.0,0.0,0.0,0.0
base,random-tod,30,nyam,173,173,1,lucid,intraday,960,24,10,0,0,0,1.0,0.0,0.041413,nan,0,10,0,0,0,1.0,0.0,0.041413,nan,0,0.0,0.0,0.0,0.0
base,random-tod,30,nyam,610,610,11,apex,eod,1440,36,100,0,0,0,1.0,0.389769,0.606577,1.0,0,100,0,0,0,1.0,0.389769,0.606577,1.0,0,0.389769,0.389769,0.348356,0.43849
base,random-tod,30,nyam,610,610,11,apex,intraday,1440,36,40,0,2000,0,1.0,0.214373,0.783191,1.0,1,40,0,2000,2,1.0,0.214373,0.783191,1.0,2,0.214373,0.213155,0.176614,0.258222
base,random-tod,30,nyam,610,610,11,lucid,eod,960,24,40,0,0,0,1.0,0.031669,0.757613,4.0,0,40,0,0,0,1.0,0.031669,0.757613,4.0,0,0.031669,0.031669,0.014616,0.052375
base,random-tod,30,nyam,610,610,11,lucid,intraday,960,24,20,0,2000,0,1.0,0.026797,0.739342,4.0,1,20,0,2000,0,1.0,0.026797,0.739342,4.0,1,0.026797,0.026797,0.013398,0.043849
base,random-tod,30,nyam,615,615,12,apex,eod,1440,36,100,0,0,0,1.0,0.399513,0.599269,1.0,0,100,0,0,0,1.0,0.399513,0.599269,1.0,0,0.399513,0.399513,0.362942,0.44458
base,random-tod,30,nyam,615,615,12,apex,intraday,1440,36,20,0,1500,0,1.0,0.250914,0.632156,2.0,1,20,0,1500,2,1.0,0.250914,0.632156,2.0,2,0.250914,0.242387,0.19732,0.306943
base,random-tod,30,nyam,615,615,12,lucid,eod,960,24,30,0,0,0,1.0,0.034105,0.708892,4.0,0,30,0,0,0,1.0,0.034105,0.708892,4.0,0,0.034105,0.034105,0.01827,0.054811
base,random-tod,30,nyam,615,615,12,lucid,intraday,960,24,20,0,0,0,1.0,0.030451,0.7162,4.0,0,20,0,0,0,1.0,0.030451,0.7162,4.0,0,0.030451,0.030451,0.015834,0.049939
base,random-tod,30,mid,293,293,1,apex,eod,1440,36,100,0,0,0,1.0,0.371498,0.419001,2.0,0,100,0,0,0,1.0,0.371498,0.419001,2.0,0,0.371498,0.371498,0.313033,0.434836
base,random-tod,30,mid,293,293,1,apex,intraday,1440,36,40,0,0,0,1.0,0.205847,0.599269,2.0,0,40,0,0,0,1.0,0.205847,0.599269,2.0,0,0.205847,0.205847,0.154659,0.257004
base,random-tod,30,mid,293,293,1,lucid,eod,960,24,30,0,0,0,1.0,0.017052,0.386114,4.0,0,30,0,0,0,1.0,0.017052,0.386114,4.0,0,0.017052,0.017052,0.00609,0.031669
base,random-tod,30,mid,293,293,1,lucid,intraday,960,24,20,0,0,0,1.0,0.015834,0.403167,4.0,0,20,0,0,0,1.0,0.015834,0.403167,4.0,0,0.015834,0.015834,0.004872,0.029263
base,random-tod,30,mid,771,771,11,apex,eod,1440,36,100,0,0,0,1.0,0.442144,0.557856,1.0,0,100,0,0,0,1.0,0.442144,0.557856,1.0,0,0.442144,0.442144,0.395828,0.489647
base,random-tod,30,mid,771,771,11,apex,intraday,1440,36,40,0,1000,0,1.0,0.230207,0.752741,2.0,1,40,0,1000,2,1.0,0.230207,0.752741,2.0,2,0.230207,0.226553,0.177832,0.281364
base,random-tod,30,mid,771,771,11,lucid,eod,960,24,30,0,0,0,1.0,0.075518,0.712546,4.0,0,30,0,0,0,1.0,0.075518,0.712546,4.0,0,0.075518,0.075518,0.046255,0.118149
base,random-tod,30,mid,771,771,11,lucid,intraday,960,24,20,0,0,0,1.0,0.063337,0.79659,4.0,0,20,0,0,0,1.0,0.063337,0.79659,4.0,0,0.063337,0.063337,0.037759,0.099878
base,random-tod,30,mid,771,771,12,apex,eod,1440,36,100,0,0,0,1.0,0.421437,0.578563,1.0,0,100,0,0,0,1.0,0.421437,0.578563,1.0,0,0.421437,0.421437,0.38246,0.457978
base,random-tod,30,mid,771,771,12,apex,intraday,1440,36,20,0,0,0,1.0,0.208283,0.756395,2.0,0,20,0,0,0,1.0,0.208283,0.756395,2.0,0,0.208283,0.208283,0.165652,0.254568
base,random-tod,30,mid,771,771,12,lucid,eod,960,24,30,0,0,0,1.0,0.041413,0.738124,4.0,0,30,0,0,0,1.0,0.041413,0.738124,4.0,0,0.041413,0.041413,0.019488,0.063337
base,random-tod,30,mid,771,771,12,lucid,intraday,960,24,20,0,0,0,1.0,0.036541,0.809988,4.0,0,20,0,0,0,1.0,0.036541,0.809988,4.0,0,0.036541,0.036541,0.017052,0.058465
base,random-tod,30,pm,291,291,1,apex,eod,1440,36,100,0,0,0,1.0,0.3581,0.470158,2.0,0,100,0,0,0,1.0,0.3581,0.470158,2.0,0,0.3581,0.3581,0.28989,0.442144
base,random-tod,30,pm,291,291,1,apex,intraday,1440,36,40,0,0,0,1.0,0.155907,0.643118,2.0,0,40,0,0,0,1.0,0.155907,0.643118,2.0,0,0.155907,0.155907,0.11084,0.20341
base,random-tod,30,pm,291,291,1,lucid,eod,960,24,20,0,0,0,1.0,0.002436,0.267966,4.5,0,20,0,0,0,1.0,0.002436,0.267966,4.5,0,0.002436,0.002436,0.0,0.00609
base,random-tod,30,pm,291,291,1,lucid,intraday,960,24,20,0,0,0,1.0,0.002436,0.425091,4.5,0,20,0,0,0,1.0,0.002436,0.425091,4.5,0,0.002436,0.002436,0.0,0.00609
base,random-tod,30,pm,754,754,11,apex,eod,1440,36,100,0,0,0,1.0,0.455542,0.544458,1.0,0,100,0,0,0,1.0,0.455542,0.544458,1.0,0,0.455542,0.455542,0.416565,0.496985
base,random-tod,30,pm,754,754,11,apex,intraday,1440,36,20,0,0,0,1.0,0.257004,0.7162,2.0,0,20,0,0,0,1.0,0.257004,0.7162,2.0,0,0.257004,0.257004,0.209501,0.300853
base,random-tod,30,pm,754,754,11,lucid,eod,960,24,40,0,0,0,1.0,0.085262,0.699147,4.0,0,40,0,0,0,1.0,0.085262,0.699147,4.0,0,0.085262,0.085262,0.059683,0.112058
base,random-tod,30,pm,754,754,11,lucid,intraday,960,24,20,0,0,0,1.0,0.06821,0.762485,4.0,0,20,0,0,0,1.0,0.06821,0.762485,4.0,0,0.06821,0.06821,0.042631,0.095006
base,random-tod,30,pm,769,769,12,apex,eod,1440,36,100,0,0,0,1.0,0.465286,0.534714,1.0,0,100,0,0,0,1.0,0.465286,0.534714,1.0,0,0.465286,0.465286,0.414129,0.503045
base,random-tod,30,pm,769,769,12,apex,intraday,1440,36,20,0,0,0,1.0,0.264312,0.699147,2.0,0,20,0,0,0,1.0,0.264312,0.699147,2.0,0,0.264312,0.264312,0.208283,0.311815
base,random-tod,30,pm,769,769,12,lucid,eod,960,24,30,0,0,0,1.0,0.081608,0.684531,4.0,0,30,0,0,0,1.0,0.081608,0.684531,4.0,0,0.081608,0.081608,0.045067,0.114495
base,random-tod,30,pm,769,769,12,lucid,intraday,960,24,20,0,0,0,1.0,0.066991,0.757613,4.0,0,20,0,0,0,1.0,0.066991,0.757613,4.0,0,0.066991,0.066991,0.035323,0.097442
