cell,vi,xi,sess,trades,net,t,pf,win,max_mae_usd
s3_offatr0p25_atr1p5-r0,0,0,all,252,49842.0,1.5207,1.3247,0.25,2575.0
s3_offatr0p25_atr1p5-r0,0,0,london,111,37926.0,1.5816,1.5957,0.2613,1830.0
s3_offatr0p25_atr1p5-r0,0,0,pre,92,4202.0,0.2392,1.071,0.2283,2575.0
s3_offatr0p25_atr1p5-r0,0,0,nyam,49,7714.0,0.5536,1.2516,0.2653,2450.0
s3_offatr0p25_atr1p5-r1,0,1,all,252,14862.0,1.0025,1.1536,0.5476,2575.0
s3_offatr0p25_atr1p5-r1,0,1,london,111,3846.0,0.4419,1.0946,0.5405,1830.0
s3_offatr0p25_atr1p5-r1,0,1,pre,92,-5013.0,-0.5805,0.8761,0.5109,2575.0
s3_offatr0p25_atr1p5-r1,0,1,nyam,49,16029.0,1.9626,2.0257,0.6327,2035.0
s3_offatr0p25_atr1p5-r2,0,2,all,252,13067.0,0.6625,1.0993,0.3651,2575.0
s3_offatr0p25_atr1p5-r2,0,2,london,111,7206.0,0.5856,1.1334,0.3874,1830.0
s3_offatr0p25_atr1p5-r2,0,2,pre,92,-4673.0,-0.3971,0.9108,0.3261,2575.0
s3_offatr0p25_atr1p5-r2,0,2,nyam,49,10534.0,1.0522,1.4193,0.3878,2450.0
s3_offatr0p25_atr1p5-r3,0,3,all,252,14327.0,0.6094,1.0976,0.2937,2575.0
s3_offatr0p25_atr1p5-r3,0,3,london,111,8211.0,0.5639,1.1365,0.3243,1830.0
s3_offatr0p25_atr1p5-r3,0,3,pre,92,92.0,0.0063,1.0016,0.2609,2575.0
s3_offatr0p25_atr1p5-r3,0,3,nyam,49,6024.0,0.5211,1.202,0.2857,2450.0
s3_offatr0p25_atr3-r0,0,4,all,252,57172.0,1.3688,1.2452,0.3929,4895.0
s3_offatr0p25_atr3-r0,0,4,london,111,24066.0,0.846,1.2278,0.3694,3665.0
s3_offatr0p25_atr3-r0,0,4,pre,92,30242.0,1.1716,1.3717,0.4022,3535.0
s3_offatr0p25_atr3-r0,0,4,nyam,49,2864.0,0.1711,1.0621,0.4286,4895.0
s3_offatr0p25_atr3-r1,0,5,all,252,20897.0,0.7626,1.1107,0.5238,4895.0
s3_offatr0p25_atr3-r1,0,5,london,111,4331.0,0.2509,1.0528,0.5315,3665.0
s3_offatr0p25_atr3-r1,0,5,pre,92,-813.0,-0.0483,0.9889,0.4783,3535.0
s3_offatr0p25_atr3-r1,0,5,nyam,49,17379.0,1.3265,1.5169,0.5918,4895.0
s3_offatr0p25_atr3-r2,0,6,all,252,29112.0,0.8305,1.1273,0.4167,4895.0
s3_offatr0p25_atr3-r2,0,6,london,111,4426.0,0.1976,1.0431,0.4054,3665.0
s3_offatr0p25_atr3-r2,0,6,pre,92,18962.0,0.8672,1.2358,0.413,3535.0
s3_offatr0p25_atr3-r2,0,6,nyam,49,5724.0,0.3564,1.1258,0.449,4895.0
s3_offatr0p25_atr3-r3,0,7,all,252,39112.0,1.0078,1.1687,0.4008,4895.0
s3_offatr0p25_atr3-r3,0,7,london,111,6046.0,0.2425,1.0576,0.3784,3665.0
s3_offatr0p25_atr3-r3,0,7,pre,92,20947.0,0.8823,1.2574,0.4022,3535.0
s3_offatr0p25_atr3-r3,0,7,nyam,49,12119.0,0.6655,1.2662,0.449,4895.0
s3_offatr0p25_pts10-r0,0,8,all,252,23507.0,1.2478,1.483,0.0794,230.0
s3_offatr0p25_pts10-r0,0,8,london,111,27416.0,1.7543,2.3212,0.1081,210.0
s3_offatr0p25_pts10-r0,0,8,pre,92,-3978.0,-0.4727,0.7843,0.0435,215.0
s3_offatr0p25_pts10-r0,0,8,nyam,49,69.0,0.0113,1.0073,0.0816,230.0
s3_offatr0p25_pts10-r1,0,9,all,252,-938.0,-0.2906,0.964,0.5079,215.0
s3_offatr0p25_pts10-r1,0,9,london,111,1886.0,0.885,1.1837,0.5586,210.0
s3_offatr0p25_pts10-r1,0,9,pre,92,-2263.0,-1.1605,0.7844,0.4565,215.0
s3_offatr0p25_pts10-r1,0,9,nyam,49,-561.0,-0.3902,0.8934,0.4898,215.0
s3_offatr0p25_pts10-r2,0,10,all,252,-8048.0,-1.8337,0.7845,0.2937,230.0
s3_offatr0p25_pts10-r2,0,10,london,111,-2059.0,-0.6915,0.8707,0.3153,210.0
s3_offatr0p25_pts10-r2,0,10,pre,92,-4753.0,-1.853,0.6666,0.2609,215.0
s3_offatr0p25_pts10-r2,0,10,nyam,49,-1236.0,-0.6245,0.8278,0.3061,230.0
s3_offatr0p25_pts10-r3,0,11,all,252,-4528.0,-0.8294,0.8876,0.2381,230.0
s3_offatr0p25_pts10-r3,0,11,london,111,911.0,0.2406,1.0537,0.2703,210.0
s3_offatr0p25_pts10-r3,0,11,pre,92,-2368.0,-0.7261,0.8409,0.2283,215.0
s3_offatr0p25_pts10-r3,0,11,nyam,49,-3071.0,-1.3896,0.6359,0.1837,230.0
s3_offatr0p25_pts20-r0,0,12,all,252,37282.0,1.5659,1.4293,0.1587,420.0
s3_offatr0p25_pts20-r0,0,12,london,111,34626.0,1.8326,1.9283,0.1802,420.0
s3_offatr0p25_pts20-r0,0,12,pre,92,1427.0,0.1227,1.0436,0.1304,415.0
s3_offatr0p25_pts20-r0,0,12,nyam,49,1229.0,0.1437,1.0732,0.1633,405.0
s3_offatr0p25_pts20-r1,0,13,all,252,-4938.0,-0.7711,0.9073,0.4841,420.0
s3_offatr0p25_pts20-r1,0,13,london,111,-359.0,-0.0842,0.9841,0.5045,420.0
s3_offatr0p25_pts20-r1,0,13,pre,92,-3838.0,-0.992,0.8125,0.4565,415.0
s3_offatr0p25_pts20-r1,0,13,nyam,49,-741.0,-0.2601,0.9277,0.4898,405.0
s3_offatr0p25_pts20-r2,0,14,all,252,4077.0,0.4448,1.0611,0.3532,420.0
s3_offatr0p25_pts20-r2,0,14,london,111,6366.0,1.024,1.2285,0.3874,420.0
s3_offatr0p25_pts20-r2,0,14,pre,92,-1503.0,-0.2758,0.9408,0.3261,415.0
s3_offatr0p25_pts20-r2,0,14,nyam,49,-786.0,-0.1965,0.9419,0.3265,405.0
s3_offatr0p25_pts20-r3,0,15,all,252,9172.0,0.8018,1.123,0.2778,420.0
s3_offatr0p25_pts20-r3,0,15,london,111,9111.0,1.163,1.2888,0.3063,420.0
s3_offatr0p25_pts20-r3,0,15,pre,92,-2343.0,-0.3548,0.9182,0.2391,415.0
s3_offatr0p25_pts20-r3,0,15,nyam,49,2404.0,0.4686,1.1676,0.2857,405.0
s3_offatr0p25_pts30-r0,0,16,all,252,66057.0,2.1247,1.5554,0.2222,635.0
s3_offatr0p25_pts30-r0,0,16,london,111,44866.0,1.9799,1.8961,0.2523,635.0
s3_offatr0p25_pts30-r0,0,16,pre,92,15977.0,0.9053,1.3544,0.1957,615.0
s3_offatr0p25_pts30-r0,0,16,nyam,49,5214.0,0.4336,1.2193,0.2041,610.0
s3_offatr0p25_pts30-r1,0,17,all,252,13942.0,1.4617,1.2023,0.5516,625.0
s3_offatr0p25_pts30-r1,0,17,london,111,7061.0,1.1141,1.2362,0.5586,625.0
s3_offatr0p25_pts30-r1,0,17,pre,92,1792.0,0.3086,1.0668,0.5217,615.0
s3_offatr0p25_pts30-r1,0,17,nyam,49,5089.0,1.2142,1.4173,0.5918,610.0
s3_offatr0p25_pts30-r2,0,18,all,252,10657.0,0.7724,1.1085,0.3611,635.0
s3_offatr0p25_pts30-r2,0,18,london,111,8116.0,0.8753,1.1927,0.3784,635.0
s3_offatr0p25_pts30-r2,0,18,pre,92,-3703.0,-0.4578,0.9035,0.3152,615.0
s3_offatr0p25_pts30-r2,0,18,nyam,49,6244.0,0.9949,1.3532,0.4082,610.0
s3_offatr0p25_pts30-r3,0,19,all,252,12677.0,0.7506,1.1149,0.2817,635.0
s3_offatr0p25_pts30-r3,0,19,london,111,18106.0,1.5459,1.4009,0.3333,635.0
s3_offatr0p25_pts30-r3,0,19,pre,92,-3433.0,-0.3487,0.9195,0.2391,615.0
s3_offatr0p25_pts30-r3,0,19,nyam,49,-1996.0,-0.2799,0.9115,0.2449,610.0
s3_offatr0p25_pts45-r0,0,20,all,252,64112.0,1.8412,1.3944,0.2778,915.0
s3_offatr0p25_pts45-r0,0,20,london,111,35776.0,1.4737,1.5072,0.2883,915.0
s3_offatr0p25_pts45-r0,0,20,pre,92,19112.0,0.9035,1.3085,0.25,910.0
s3_offatr0p25_pts45-r0,0,20,nyam,49,9224.0,0.6801,1.307,0.3061,910.0
s3_offatr0p25_pts45-r1,0,21,all,252,23532.0,1.6487,1.2309,0.5556,915.0
s3_offatr0p25_pts45-r1,0,21,london,111,5536.0,0.5804,1.117,0.5315,915.0
s3_offatr0p25_pts45-r1,0,21,pre,92,6597.0,0.7606,1.1727,0.5435,910.0
s3_offatr0p25_pts45-r1,0,21,nyam,49,11399.0,1.8514,1.696,0.6327,910.0
s3_offatr0p25_pts45-r2,0,22,all,252,22152.0,1.0855,1.1569,0.377,915.0
s3_offatr0p25_pts45-r2,0,22,london,111,12161.0,0.8884,1.1965,0.3874,915.0
s3_offatr0p25_pts45-r2,0,22,pre,92,4462.0,0.3623,1.0844,0.3587,910.0
s3_offatr0p25_pts45-r2,0,22,nyam,49,5529.0,0.6162,1.2094,0.3878,910.0
s3_offatr0p25_pts45-r3,0,23,all,252,34592.0,1.3814,1.2241,0.3135,915.0
s3_offatr0p25_pts45-r3,0,23,london,111,16101.0,0.9743,1.2407,0.3243,915.0
s3_offatr0p25_pts45-r3,0,23,pre,92,5772.0,0.383,1.0975,0.2826,910.0
s3_offatr0p25_pts45-r3,0,23,nyam,49,12719.0,1.1127,1.4507,0.3469,910.0
s3_offatr0p25_pct0p1-r0,0,24,all,252,35347.0,1.5171,1.4205,0.1548,445.0
s3_offatr0p25_pct0p1-r0,0,24,london,111,30716.0,1.6754,1.8417,0.1712,445.0
s3_offatr0p25_pct0p1-r0,0,24,pre,92,2792.0,0.241,1.089,0.1304,435.0
s3_offatr0p25_pct0p1-r0,0,24,nyam,49,1839.0,0.2158,1.1136,0.1633,445.0
s3_offatr0p25_pct0p1-r1,0,25,all,252,-2053.0,-0.3322,0.9588,0.496,445.0
s3_offatr0p25_pct0p1-r1,0,25,london,111,906.0,0.2194,1.0428,0.5135,440.0
s3_offatr0p25_pct0p1-r1,0,25,pre,92,-963.0,-0.2587,0.9471,0.5,435.0
s3_offatr0p25_pct0p1-r1,0,25,nyam,49,-1996.0,-0.729,0.8101,0.449,445.0
s3_offatr0p25_pct0p1-r2,0,26,all,252,4232.0,0.4779,1.066,0.3532,445.0
s3_offatr0p25_pct0p1-r2,0,26,london,111,4196.0,0.7002,1.1519,0.3694,440.0
s3_offatr0p25_pct0p1-r2,0,26,pre,92,2812.0,0.5248,1.1231,0.3696,435.0
s3_offatr0p25_pct0p1-r2,0,26,nyam,49,-2776.0,-0.7397,0.7974,0.2857,445.0
s3_offatr0p25_pct0p1-r3,0,27,all,252,7272.0,0.6618,1.1008,0.2738,445.0
s3_offatr0p25_pct0p1-r3,0,27,london,111,5781.0,0.7734,1.1846,0.2883,440.0
s3_offatr0p25_pct0p1-r3,0,27,pre,92,512.0,0.079,1.0192,0.2609,435.0
s3_offatr0p25_pct0p1-r3,0,27,nyam,49,979.0,0.2011,1.0692,0.2653,445.0
s3_offatr0p25_pct0p2-r0,0,28,all,252,68912.0,2.0849,1.4808,0.2619,900.0
s3_offatr0p25_pct0p2-r0,0,28,london,111,45756.0,1.9247,1.7555,0.2883,880.0
s3_offatr0p25_pct0p2-r0,0,28,pre,92,13217.0,0.6972,1.2373,0.2174,870.0
s3_offatr0p25_pct0p2-r0,0,28,nyam,49,9939.0,0.7575,1.367,0.2857,900.0
s3_offatr0p25_pct0p2-r1,0,29,all,252,19127.0,1.562,1.2182,0.5516,880.0
s3_offatr0p25_pct0p2-r1,0,29,london,111,6336.0,0.7717,1.1588,0.5405,880.0
s3_offatr0p25_pct0p2-r1,0,29,pre,92,3932.0,0.5311,1.118,0.5326,870.0
s3_offatr0p25_pct0p2-r1,0,29,nyam,49,8859.0,1.6674,1.6128,0.6122,875.0
s3_offatr0p25_pct0p2-r2,0,30,all,252,16457.0,0.9329,1.133,0.369,900.0
s3_offatr0p25_pct0p2-r2,0,30,london,111,18386.0,1.5307,1.3614,0.4144,880.0
s3_offatr0p25_pct0p2-r2,0,30,pre,92,-7118.0,-0.6977,0.8566,0.3043,870.0
s3_offatr0p25_pct0p2-r2,0,30,nyam,49,5189.0,0.6577,1.2229,0.3878,900.0
s3_offatr0p25_pct0p2-r3,0,31,all,252,35202.0,1.6029,1.2628,0.3135,900.0
s3_offatr0p25_pct0p2-r3,0,31,london,111,26836.0,1.7833,1.4811,0.3514,880.0
s3_offatr0p25_pct0p2-r3,0,31,pre,92,622.0,0.0488,1.0118,0.2609,870.0
s3_offatr0p25_pct0p2-r3,0,31,nyam,49,7744.0,0.797,1.3031,0.3265,900.0
s3_offatr0p5_atr1p5-r0,1,0,all,251,31851.0,1.0174,1.207,0.243,2930.0
s3_offatr0p5_atr1p5-r0,1,0,london,97,33387.0,1.4826,1.6043,0.2577,1830.0
s3_offatr0p5_atr1p5-r0,1,0,pre,94,-17161.0,-1.1343,0.7262,0.1809,2575.0
s3_offatr0p5_atr1p5-r0,1,0,nyam,60,15625.0,1.0147,1.4345,0.3167,2930.0
s3_offatr0p5_atr1p5-r1,1,1,all,251,4246.0,0.2861,1.0417,0.5179,2930.0
s3_offatr0p5_atr1p5-r1,1,1,london,97,-5638.0,-0.6912,0.8591,0.4948,1830.0
s3_offatr0p5_atr1p5-r1,1,1,pre,94,-2321.0,-0.2748,0.9403,0.5106,2575.0
s3_offatr0p5_atr1p5-r1,1,1,nyam,60,12205.0,1.3513,1.5335,0.5667,2930.0
s3_offatr0p5_atr1p5-r2,1,2,all,251,7991.0,0.4073,1.0604,0.3506,2930.0
s3_offatr0p5_atr1p5-r2,1,2,london,97,1707.0,0.15,1.0351,0.3608,1830.0
s3_offatr0p5_atr1p5-r2,1,2,pre,94,-1101.0,-0.0925,0.9783,0.3298,2575.0
s3_offatr0p5_atr1p5-r2,1,2,nyam,60,7385.0,0.6845,1.223,0.3667,2930.0
s3_offatr0p5_atr1p5-r3,1,3,all,251,7776.0,0.3346,1.0527,0.2829,2930.0
s3_offatr0p5_atr1p5-r3,1,3,london,97,9227.0,0.6622,1.1769,0.3196,1830.0
s3_offatr0p5_atr1p5-r3,1,3,pre,94,-11886.0,-0.882,0.8003,0.2234,2575.0
s3_offatr0p5_atr1p5-r3,1,3,nyam,60,10435.0,0.8128,1.2902,0.3167,2930.0
s3_offatr0p5_atr3-r0,1,4,all,251,49851.0,1.2078,1.215,0.3904,4890.0
s3_offatr0p5_atr3-r0,1,4,london,97,28322.0,1.0546,1.3225,0.3711,3665.0
s3_offatr0p5_atr3-r0,1,4,pre,94,14444.0,0.5656,1.1631,0.3723,3535.0
s3_offatr0p5_atr3-r0,1,4,nyam,60,7085.0,0.3831,1.1278,0.45,4890.0
s3_offatr0p5_atr3-r1,1,5,all,251,29596.0,1.0902,1.1623,0.5339,4890.0
s3_offatr0p5_atr3-r1,1,5,london,97,6472.0,0.4022,1.0931,0.5464,3665.0
s3_offatr0p5_atr3-r1,1,5,pre,94,5479.0,0.3342,1.079,0.5,3310.0
s3_offatr0p5_atr3-r1,1,5,nyam,60,17645.0,1.2092,1.4065,0.5667,4890.0
s3_offatr0p5_atr3-r2,1,6,all,251,33356.0,0.9517,1.1478,0.4223,4890.0
s3_offatr0p5_atr3-r2,1,6,london,97,18572.0,0.8687,1.2229,0.433,3665.0
s3_offatr0p5_atr3-r2,1,6,pre,94,5334.0,0.2478,1.0609,0.383,3535.0
s3_offatr0p5_atr3-r2,1,6,nyam,60,9450.0,0.5306,1.1728,0.4667,4890.0
s3_offatr0p5_atr3-r3,1,7,all,251,42566.0,1.0849,1.1848,0.3984,4890.0
s3_offatr0p5_atr3-r3,1,7,london,97,14827.0,0.6208,1.1701,0.3814,3665.0
s3_offatr0p5_atr3-r3,1,7,pre,94,13934.0,0.5653,1.1573,0.3723,3535.0
s3_offatr0p5_atr3-r3,1,7,nyam,60,13805.0,0.7144,1.2525,0.4667,4890.0
s3_offatr0p5_pts10-r0,1,8,all,251,8551.0,0.5264,1.1746,0.0717,240.0
s3_offatr0p5_pts10-r0,1,8,london,97,23742.0,1.6333,2.2986,0.1031,240.0
s3_offatr0p5_pts10-r0,1,8,pre,94,-8036.0,-1.5138,0.5654,0.0638,230.0
s3_offatr0p5_pts10-r0,1,8,nyam,60,-7155.0,-1.6402,0.4139,0.0333,235.0
s3_offatr0p5_pts10-r1,1,9,all,251,-4419.0,-1.3726,0.8407,0.4741,235.0
s3_offatr0p5_pts10-r1,1,9,london,97,-4108.0,-2.0792,0.656,0.4124,210.0
s3_offatr0p5_pts10-r1,1,9,pre,94,969.0,0.4916,1.1073,0.5426,215.0
s3_offatr0p5_pts10-r1,1,9,nyam,60,-1280.0,-0.8058,0.8109,0.4667,235.0
s3_offatr0p5_pts10-r2,1,10,all,251,-624.0,-0.1366,0.982,0.3426,235.0
s3_offatr0p5_pts10-r2,1,10,london,97,-1563.0,-0.559,0.8871,0.3196,210.0
s3_offatr0p5_pts10-r2,1,10,pre,94,2064.0,0.7185,1.1693,0.383,230.0
s3_offatr0p5_pts10-r2,1,10,nyam,60,-1125.0,-0.51,0.8699,0.3167,235.0
s3_offatr0p5_pts10-r3,1,11,all,251,-1209.0,-0.2167,0.9693,0.255,240.0
s3_offatr0p5_pts10-r3,1,11,london,97,-1043.0,-0.3028,0.932,0.2474,240.0
s3_offatr0p5_pts10-r3,1,11,pre,94,1989.0,0.5591,1.141,0.2872,230.0
s3_offatr0p5_pts10-r3,1,11,nyam,60,-2155.0,-0.83,0.7824,0.2167,235.0
s3_offatr0p5_pts20-r0,1,12,all,251,19586.0,0.8822,1.2223,0.1394,415.0
s3_offatr0p5_pts20-r0,1,12,london,97,26172.0,1.5157,1.7871,0.1546,410.0
s3_offatr0p5_pts20-r0,1,12,pre,94,-2521.0,-0.2234,0.9249,0.1277,405.0
s3_offatr0p5_pts20-r0,1,12,nyam,60,-4065.0,-0.5038,0.8091,0.1333,415.0
s3_offatr0p5_pts20-r1,1,13,all,251,1121.0,0.1754,1.0224,0.5139,415.0
s3_offatr0p5_pts20-r1,1,13,london,97,-248.0,-0.0622,0.9874,0.5052,410.0
s3_offatr0p5_pts20-r1,1,13,pre,94,5004.0,1.289,1.3055,0.5745,405.0
s3_offatr0p5_pts20-r1,1,13,nyam,60,-3635.0,-1.1655,0.7391,0.4333,415.0
s3_offatr0p5_pts20-r2,1,14,all,251,6916.0,0.7518,1.1056,0.3625,415.0
s3_offatr0p5_pts20-r2,1,14,london,97,4877.0,0.8412,1.1985,0.3814,410.0
s3_offatr0p5_pts20-r2,1,14,pre,94,4914.0,0.8604,1.207,0.383,405.0
s3_offatr0p5_pts20-r2,1,14,nyam,60,-2875.0,-0.6662,0.8329,0.3,415.0
s3_offatr0p5_pts20-r3,1,15,all,251,8006.0,0.7036,1.1074,0.2749,415.0
s3_offatr0p5_pts20-r3,1,15,london,97,5232.0,0.7264,1.1852,0.2887,410.0
s3_offatr0p5_pts20-r3,1,15,pre,94,1659.0,0.24,1.0587,0.266,405.0
s3_offatr0p5_pts20-r3,1,15,nyam,60,1115.0,0.201,1.0619,0.2667,415.0
s3_offatr0p5_pts30-r0,1,16,all,251,24241.0,0.9115,1.1975,0.1912,620.0
s3_offatr0p5_pts30-r0,1,16,london,97,27187.0,1.4056,1.5908,0.2062,620.0
s3_offatr0p5_pts30-r0,1,16,pre,94,-1701.0,-0.1158,0.9642,0.1702,605.0
s3_offatr0p5_pts30-r0,1,16,nyam,60,-1245.0,-0.1149,0.9574,0.2,605.0
s3_offatr0p5_pts30-r1,1,17,all,251,76.0,0.0079,1.001,0.506,620.0
s3_offatr0p5_pts30-r1,1,17,london,97,1087.0,0.182,1.0379,0.5155,620.0
s3_offatr0p5_pts30-r1,1,17,pre,94,2999.0,0.5117,1.1119,0.5319,605.0
s3_offatr0p5_pts30-r1,1,17,nyam,60,-4010.0,-0.8562,0.8005,0.45,605.0
s3_offatr0p5_pts30-r2,1,18,all,251,446.0,0.0329,1.0044,0.3386,620.0
s3_offatr0p5_pts30-r2,1,18,london,97,-1418.0,-0.1686,0.9643,0.3299,620.0
s3_offatr0p5_pts30-r2,1,18,pre,94,-4906.0,-0.6037,0.8761,0.3085,605.0
s3_offatr0p5_pts30-r2,1,18,nyam,60,6770.0,0.98,1.3087,0.4,605.0
s3_offatr0p5_pts30-r3,1,19,all,251,616.0,0.0373,1.0054,0.259,620.0
s3_offatr0p5_pts30-r3,1,19,london,97,8132.0,0.7531,1.1929,0.2887,620.0
s3_offatr0p5_pts30-r3,1,19,pre,94,-8356.0,-0.8763,0.8121,0.2234,605.0
s3_offatr0p5_pts30-r3,1,19,nyam,60,840.0,0.1032,1.0313,0.2667,605.0
s3_offatr0p5_pts45-r0,1,20,all,251,44226.0,1.3336,1.2703,0.2749,915.0
s3_offatr0p5_pts45-r0,1,20,london,97,27792.0,1.2293,1.4501,0.2784,915.0
s3_offatr0p5_pts45-r0,1,20,pre,94,5819.0,0.3039,1.0914,0.2553,915.0
s3_offatr0p5_pts45-r0,1,20,nyam,60,10615.0,0.7027,1.2779,0.3,905.0
s3_offatr0p5_pts45-r1,1,21,all,251,20851.0,1.4621,1.2028,0.5498,915.0
s3_offatr0p5_pts45-r1,1,21,london,97,5642.0,0.6328,1.1378,0.5361,910.0
s3_offatr0p5_pts45-r1,1,21,pre,94,10194.0,1.168,1.2733,0.5638,915.0
s3_offatr0p5_pts45-r1,1,21,nyam,60,5015.0,0.7148,1.2043,0.55,905.0
s3_offatr0p5_pts45-r2,1,22,all,251,7506.0,0.3727,1.0514,0.3586,915.0
s3_offatr0p5_pts45-r2,1,22,london,97,4047.0,0.3208,1.0722,0.3608,915.0
s3_offatr0p5_pts45-r2,1,22,pre,94,-156.0,-0.0128,0.9972,0.3511,915.0
s3_offatr0p5_pts45-r2,1,22,nyam,60,3615.0,0.361,1.1046,0.3667,905.0
s3_offatr0p5_pts45-r3,1,23,all,251,28966.0,1.1673,1.1865,0.3147,915.0
s3_offatr0p5_pts45-r3,1,23,london,97,13497.0,0.8678,1.229,0.3196,915.0
s3_offatr0p5_pts45-r3,1,23,pre,94,8449.0,0.5573,1.1429,0.3085,915.0
s3_offatr0p5_pts45-r3,1,23,nyam,60,7020.0,0.5753,1.1883,0.3167,905.0
s3_offatr0p5_pct0p1-r0,1,24,all,251,20086.0,0.9129,1.236,0.1355,445.0
s3_offatr0p5_pct0p1-r0,1,24,london,97,27407.0,1.5916,1.856,0.1546,445.0
s3_offatr0p5_pct0p1-r0,1,24,pre,94,-4071.0,-0.3717,0.8752,0.117,440.0
s3_offatr0p5_pct0p1-r0,1,24,nyam,60,-3250.0,-0.4044,0.8413,0.1333,445.0
s3_offatr0p5_pct0p1-r1,1,25,all,251,5026.0,0.817,1.1091,0.5339,445.0
s3_offatr0p5_pct0p1-r1,1,25,london,97,637.0,0.1656,1.0345,0.5155,440.0
s3_offatr0p5_pct0p1-r1,1,25,pre,94,7049.0,1.9079,1.4832,0.6064,435.0
s3_offatr0p5_pct0p1-r1,1,25,nyam,60,-2660.0,-0.879,0.7953,0.45,445.0
s3_offatr0p5_pct0p1-r2,1,26,all,251,11741.0,1.3093,1.1915,0.3785,445.0
s3_offatr0p5_pct0p1-r2,1,26,london,97,7337.0,1.2958,1.3225,0.4021,440.0
s3_offatr0p5_pct0p1-r2,1,26,pre,94,8169.0,1.4657,1.3776,0.4149,440.0
s3_offatr0p5_pct0p1-r2,1,26,nyam,60,-3765.0,-0.9142,0.7776,0.2833,445.0
s3_offatr0p5_pct0p1-r3,1,27,all,251,6216.0,0.5687,1.0862,0.2709,445.0
s3_offatr0p5_pct0p1-r3,1,27,london,97,3587.0,0.5206,1.13,0.2784,440.0
s3_offatr0p5_pct0p1-r3,1,27,pre,94,1279.0,0.1931,1.047,0.266,440.0
s3_offatr0p5_pct0p1-r3,1,27,nyam,60,1350.0,0.2502,1.078,0.2667,445.0
s3_offatr0p5_pct0p2-r0,1,28,all,251,35181.0,1.1559,1.2399,0.239,890.0
s3_offatr0p5_pct0p2-r0,1,28,london,97,22957.0,1.1425,1.4169,0.2474,875.0
s3_offatr0p5_pct0p2-r0,1,28,pre,94,2284.0,0.1277,1.0398,0.2128,875.0
s3_offatr0p5_pct0p2-r0,1,28,nyam,60,9940.0,0.6897,1.2908,0.2667,890.0
s3_offatr0p5_pct0p2-r1,1,29,all,251,6006.0,0.4892,1.064,0.5179,890.0
s3_offatr0p5_pct0p2-r1,1,29,london,97,2122.0,0.2767,1.0583,0.5155,875.0
s3_offatr0p5_pct0p2-r1,1,29,pre,94,2474.0,0.3292,1.0708,0.5213,875.0
s3_offatr0p5_pct0p2-r1,1,29,nyam,60,1410.0,0.2329,1.0627,0.5167,890.0
s3_offatr0p5_pct0p2-r2,1,30,all,251,5426.0,0.3104,1.0426,0.3466,890.0
s3_offatr0p5_pct0p2-r2,1,30,london,97,4817.0,0.4391,1.1,0.3608,875.0
s3_offatr0p5_pct0p2-r2,1,30,pre,94,-1476.0,-0.1393,0.9698,0.3298,875.0
s3_offatr0p5_pct0p2-r2,1,30,nyam,60,2085.0,0.2403,1.0687,0.35,890.0
s3_offatr0p5_pct0p2-r3,1,31,all,251,16991.0,0.7928,1.1233,0.2908,890.0
s3_offatr0p5_pct0p2-r3,1,31,london,97,15377.0,1.1123,1.3018,0.3196,875.0
s3_offatr0p5_pct0p2-r3,1,31,pre,94,-1306.0,-0.1034,0.9756,0.266,875.0
s3_offatr0p5_pct0p2-r3,1,31,nyam,60,2920.0,0.2774,1.0875,0.2833,890.0
s3_offatr1_atr1p5-r0,2,0,all,215,8945.0,0.3393,1.0674,0.2279,2575.0
s3_offatr1_atr1p5-r0,2,0,london,45,8975.0,0.6733,1.3656,0.2222,1625.0
s3_offatr1_atr1p5-r0,2,0,pre,83,-4217.0,-0.2673,0.919,0.1928,1815.0
s3_offatr1_atr1p5-r0,2,0,nyam,87,4187.0,0.2532,1.0746,0.2644,2575.0
s3_offatr1_atr1p5-r1,2,1,all,215,-5340.0,-0.3874,0.9413,0.4884,2575.0
s3_offatr1_atr1p5-r1,2,1,london,45,2905.0,0.5549,1.1967,0.5556,1370.0
s3_offatr1_atr1p5-r1,2,1,pre,83,-9652.0,-1.2908,0.7357,0.4337,1815.0
s3_offatr1_atr1p5-r1,2,1,nyam,87,1407.0,0.1359,1.0355,0.5057,2575.0
s3_offatr1_atr1p5-r2,2,2,all,215,-75.0,-0.0043,0.9993,0.3488,2575.0
s3_offatr1_atr1p5-r2,2,2,london,45,5030.0,0.688,1.2607,0.4222,1625.0
s3_offatr1_atr1p5-r2,2,2,pre,83,-6192.0,-0.6042,0.8608,0.3133,1815.0
s3_offatr1_atr1p5-r2,2,2,nyam,87,1087.0,0.0885,1.0216,0.3448,2575.0
s3_offatr1_atr1p5-r3,2,3,all,215,-4515.0,-0.2191,0.9646,0.2744,2575.0
s3_offatr1_atr1p5-r3,2,3,london,45,2965.0,0.334,1.1295,0.3111,1625.0
s3_offatr1_atr1p5-r3,2,3,pre,83,-7967.0,-0.6678,0.8395,0.241,1815.0
s3_offatr1_atr1p5-r3,2,3,nyam,87,487.0,0.0339,1.0088,0.2874,2575.0
s3_offatr1_atr3-r0,2,4,all,215,21955.0,0.6339,1.1143,0.3907,4890.0
s3_offatr1_atr3-r0,2,4,london,45,10840.0,0.6821,1.3078,0.3778,2810.0
s3_offatr1_atr3-r0,2,4,pre,83,-4047.0,-0.1786,0.9506,0.3253,3630.0
s3_offatr1_atr3-r0,2,4,nyam,87,15162.0,0.7215,1.2024,0.4598,4890.0
s3_offatr1_atr3-r1,2,5,all,215,15050.0,0.612,1.0961,0.5349,4890.0
s3_offatr1_atr3-r1,2,5,london,45,4785.0,0.502,1.1794,0.6,2810.0
s3_offatr1_atr3-r1,2,5,pre,83,-7277.0,-0.4884,0.8897,0.4819,3630.0
s3_offatr1_atr3-r1,2,5,nyam,87,17542.0,1.0239,1.2743,0.5517,4890.0
s3_offatr1_atr3-r2,2,6,all,215,19575.0,0.6269,1.1041,0.4279,4890.0
s3_offatr1_atr3-r2,2,6,london,45,9030.0,0.6884,1.2689,0.4667,2810.0
s3_offatr1_atr3-r2,2,6,pre,83,-6817.0,-0.3514,0.9142,0.3735,3630.0
s3_offatr1_atr3-r2,2,6,nyam,87,17362.0,0.836,1.2317,0.4598,4890.0
s3_offatr1_atr3-r3,2,7,all,215,21780.0,0.6403,1.1138,0.3953,4890.0
s3_offatr1_atr3-r3,2,7,london,45,7180.0,0.5077,1.2078,0.4,2810.0
s3_offatr1_atr3-r3,2,7,pre,83,-6227.0,-0.2843,0.9239,0.3253,3630.0
s3_offatr1_atr3-r3,2,7,nyam,87,20827.0,0.9473,1.278,0.4598,4890.0
s3_offatr1_pts10-r0,2,8,all,215,-4630.0,-0.348,0.8918,0.0512,280.0
s3_offatr1_pts10-r0,2,8,london,45,7350.0,0.7676,1.8504,0.0667,205.0
s3_offatr1_pts10-r0,2,8,pre,83,-5507.0,-0.8007,0.6713,0.0482,280.0
s3_offatr1_pts10-r0,2,8,nyam,87,-6473.0,-1.0456,0.6276,0.046,210.0
s3_offatr1_pts10-r1,2,9,all,215,-2250.0,-0.7515,0.9023,0.493,280.0
s3_offatr1_pts10-r1,2,9,london,45,3140.0,2.4674,2.0713,0.6889,205.0
s3_offatr1_pts10-r1,2,9,pre,83,-552.0,-0.2931,0.9372,0.506,280.0
s3_offatr1_pts10-r1,2,9,nyam,87,-4838.0,-2.6218,0.5721,0.3793,210.0
s3_offatr1_pts10-r2,2,10,all,215,185.0,0.0435,1.0063,0.3488,280.0
s3_offatr1_pts10-r2,2,10,london,45,3290.0,1.6068,1.6552,0.4667,205.0
s3_offatr1_pts10-r2,2,10,pre,83,-27.0,-0.0101,0.9977,0.3494,280.0
s3_offatr1_pts10-r2,2,10,nyam,87,-3078.0,-1.1977,0.7628,0.2874,210.0
s3_offatr1_pts10-r3,2,11,all,215,-4960.0,-0.9902,0.8573,0.2326,280.0
s3_offatr1_pts10-r3,2,11,london,45,1050.0,0.4243,1.1569,0.2889,205.0
s3_offatr1_pts10-r3,2,11,pre,83,-3092.0,-1.0116,0.7763,0.2169,280.0
s3_offatr1_pts10-r3,2,11,nyam,87,-2918.0,-0.9347,0.7951,0.2184,210.0
s3_offatr1_pts20-r0,2,12,all,215,7275.0,0.3765,1.0946,0.1302,735.0
s3_offatr1_pts20-r0,2,12,london,45,10050.0,0.8756,1.6417,0.1333,425.0
s3_offatr1_pts20-r0,2,12,pre,83,-6642.0,-0.6232,0.7849,0.1084,735.0
s3_offatr1_pts20-r0,2,12,nyam,87,3867.0,0.3399,1.1275,0.1494,420.0
s3_offatr1_pts20-r1,2,13,all,215,-2460.0,-0.4119,0.9451,0.4977,735.0
s3_offatr1_pts20-r1,2,13,london,45,3315.0,1.2385,1.4497,0.6,405.0
s3_offatr1_pts20-r1,2,13,pre,83,-3137.0,-0.8338,0.8312,0.4699,735.0
s3_offatr1_pts20-r1,2,13,nyam,87,-2638.0,-0.6986,0.8602,0.4713,420.0
s3_offatr1_pts20-r2,2,14,all,215,-5485.0,-0.6602,0.9092,0.3209,735.0
s3_offatr1_pts20-r2,2,14,london,45,3265.0,0.8151,1.2953,0.4,405.0
s3_offatr1_pts20-r2,2,14,pre,83,-6847.0,-1.3695,0.7278,0.2771,735.0
s3_offatr1_pts20-r2,2,14,nyam,87,-1903.0,-0.36,0.9213,0.3218,420.0
s3_offatr1_pts20-r3,2,15,all,215,-1975.0,-0.1924,0.9703,0.2512,735.0
s3_offatr1_pts20-r3,2,15,london,45,5640.0,1.0981,1.4585,0.3333,410.0
s3_offatr1_pts20-r3,2,15,pre,83,-5672.0,-0.9283,0.7915,0.2169,735.0
s3_offatr1_pts20-r3,2,15,nyam,87,-1943.0,-0.3014,0.9282,0.2414,420.0
s3_offatr1_pts30-r0,2,16,all,215,9245.0,0.4111,1.0882,0.1907,735.0
s3_offatr1_pts30-r0,2,16,london,45,8275.0,0.6543,1.3762,0.1778,610.0
s3_offatr1_pts30-r0,2,16,pre,83,4703.0,0.3343,1.117,0.2048,735.0
s3_offatr1_pts30-r0,2,16,nyam,87,-3733.0,-0.303,0.9125,0.1839,635.0
s3_offatr1_pts30-r1,2,17,all,215,-1080.0,-0.1217,0.9835,0.5023,735.0
s3_offatr1_pts30-r1,2,17,london,45,2705.0,0.6658,1.2219,0.5556,610.0
s3_offatr1_pts30-r1,2,17,pre,83,-2577.0,-0.4647,0.9024,0.4819,735.0
s3_offatr1_pts30-r1,2,17,nyam,87,-1208.0,-0.2136,0.955,0.4943,635.0
s3_offatr1_pts30-r2,2,18,all,215,540.0,0.0429,1.0062,0.3395,735.0
s3_offatr1_pts30-r2,2,18,london,45,6875.0,1.1364,1.4338,0.4222,610.0
s3_offatr1_pts30-r2,2,18,pre,83,-3847.0,-0.5001,0.8899,0.3133,735.0
s3_offatr1_pts30-r2,2,18,nyam,87,-2488.0,-0.3144,0.9308,0.3218,635.0
s3_offatr1_pts30-r3,2,19,all,215,2270.0,0.1487,1.0237,0.2698,735.0
s3_offatr1_pts30-r3,2,19,london,45,3845.0,0.5198,1.1971,0.2889,610.0
s3_offatr1_pts30-r3,2,19,pre,83,-2567.0,-0.28,0.9313,0.2651,735.0
s3_offatr1_pts30-r3,2,19,nyam,87,992.0,0.1012,1.0254,0.2644,635.0
s3_offatr1_pts45-r0,2,20,all,215,31565.0,1.1044,1.2284,0.2744,915.0
s3_offatr1_pts45-r0,2,20,london,45,19790.0,1.3329,1.7405,0.3111,905.0
s3_offatr1_pts45-r0,2,20,pre,83,10323.0,0.5471,1.1874,0.253,915.0
s3_offatr1_pts45-r0,2,20,nyam,87,1452.0,0.0931,1.0257,0.2759,905.0
s3_offatr1_pts45-r1,2,21,all,215,-560.0,-0.0422,0.9942,0.5023,915.0
s3_offatr1_pts45-r1,2,21,london,45,11440.0,1.9522,1.7868,0.6444,900.0
s3_offatr1_pts45-r1,2,21,pre,83,-12322.0,-1.5073,0.7179,0.4217,915.0
s3_offatr1_pts45-r1,2,21,nyam,87,322.0,0.038,1.0082,0.5057,905.0
s3_offatr1_pts45-r2,2,22,all,215,9460.0,0.5066,1.0765,0.3674,915.0
s3_offatr1_pts45-r2,2,22,london,45,14395.0,1.5932,1.6598,0.4667,905.0
s3_offatr1_pts45-r2,2,22,pre,83,-4457.0,-0.3965,0.9109,0.3373,915.0
s3_offatr1_pts45-r2,2,22,nyam,87,-478.0,-0.0405,0.9908,0.3448,905.0
s3_offatr1_pts45-r3,2,23,all,215,30850.0,1.3409,1.2366,0.3256,915.0
s3_offatr1_pts45-r3,2,23,london,45,16180.0,1.443,1.6512,0.3778,905.0
s3_offatr1_pts45-r3,2,23,pre,83,6903.0,0.4908,1.1331,0.3133,915.0
s3_offatr1_pts45-r3,2,23,nyam,87,7767.0,0.5382,1.1447,0.3103,905.0
s3_offatr1_pct0p1-r0,2,24,all,215,8870.0,0.4624,1.1204,0.1256,450.0
s3_offatr1_pct0p1-r0,2,24,london,45,8620.0,0.7577,1.5565,0.1111,450.0
s3_offatr1_pct0p1-r0,2,24,pre,83,-4862.0,-0.4588,0.8329,0.1084,445.0
s3_offatr1_pct0p1-r0,2,24,nyam,87,5112.0,0.4512,1.1757,0.1494,445.0
s3_offatr1_pct0p1-r1,2,25,all,215,2380.0,0.4177,1.0589,0.5256,450.0
s3_offatr1_pct0p1-r1,2,25,london,45,3970.0,1.535,1.5844,0.6222,450.0
s3_offatr1_pct0p1-r1,2,25,pre,83,-577.0,-0.163,0.9645,0.506,445.0
s3_offatr1_pct0p1-r1,2,25,nyam,87,-1013.0,-0.2787,0.9415,0.4943,435.0
s3_offatr1_pct0p1-r2,2,26,all,215,-2420.0,-0.3013,0.9573,0.3302,450.0
s3_offatr1_pct0p1-r2,2,26,london,45,3305.0,0.8436,1.3084,0.4,450.0
s3_offatr1_pct0p1-r2,2,26,pre,83,-5222.0,-1.0945,0.7754,0.2892,445.0
s3_offatr1_pct0p1-r2,2,26,nyam,87,-503.0,-0.0978,0.9779,0.3333,435.0
s3_offatr1_pct0p1-r3,2,27,all,215,-4655.0,-0.479,0.9276,0.2419,450.0
s3_offatr1_pct0p1-r3,2,27,london,45,2525.0,0.5221,1.1986,0.2889,450.0
s3_offatr1_pct0p1-r3,2,27,pre,83,-5357.0,-0.9319,0.7907,0.2169,445.0
s3_offatr1_pct0p1-r3,2,27,nyam,87,-1823.0,-0.2937,0.9298,0.2414,445.0
s3_offatr1_pct0p2-r0,2,28,all,215,16405.0,0.6258,1.1301,0.2279,895.0
s3_offatr1_pct0p2-r0,2,28,london,45,10630.0,0.767,1.3986,0.2222,895.0
s3_offatr1_pct0p2-r0,2,28,pre,83,9658.0,0.5504,1.1993,0.2289,875.0
s3_offatr1_pct0p2-r0,2,28,nyam,87,-3883.0,-0.2806,0.9239,0.2299,895.0
s3_offatr1_pct0p2-r1,2,29,all,215,420.0,0.037,1.0051,0.5023,875.0
s3_offatr1_pct0p2-r1,2,29,london,45,5415.0,1.0334,1.3651,0.5778,870.0
s3_offatr1_pct0p2-r1,2,29,pre,83,-4217.0,-0.6002,0.8756,0.4699,875.0
s3_offatr1_pct0p2-r1,2,29,nyam,87,-778.0,-0.1075,0.977,0.4943,870.0
s3_offatr1_pct0p2-r2,2,30,all,215,8390.0,0.5165,1.0779,0.3535,895.0
s3_offatr1_pct0p2-r2,2,30,london,45,13965.0,1.7553,1.7426,0.4667,870.0
s3_offatr1_pct0p2-r2,2,30,pre,83,-2327.0,-0.2361,0.9462,0.3253,875.0
s3_offatr1_pct0p2-r2,2,30,nyam,87,-3248.0,-0.3221,0.9287,0.3218,895.0
s3_offatr1_pct0p2-r3,2,31,all,215,17855.0,0.8896,1.1517,0.293,895.0
s3_offatr1_pct0p2-r3,2,31,london,45,8730.0,0.8825,1.3594,0.3111,895.0
s3_offatr1_pct0p2-r3,2,31,pre,83,5648.0,0.4637,1.1262,0.3012,875.0
s3_offatr1_pct0p2-r3,2,31,nyam,87,3477.0,0.275,1.0715,0.2759,895.0
s3_offptsA_atr1p5-r0,3,0,all,252,55117.0,1.6978,1.3666,0.2619,2575.0
s3_offptsA_atr1p5-r0,3,0,london,101,37386.0,1.633,1.6491,0.2673,1815.0
s3_offptsA_atr1p5-r0,3,0,pre,98,6438.0,0.3592,1.1053,0.2449,2575.0
s3_offptsA_atr1p5-r0,3,0,nyam,53,11293.0,0.7752,1.3571,0.283,2445.0
s3_offptsA_atr1p5-r1,3,1,all,252,12277.0,0.8272,1.1251,0.5357,2575.0
s3_offptsA_atr1p5-r1,3,1,london,101,6941.0,0.8186,1.1915,0.5347,1440.0
s3_offptsA_atr1p5-r1,3,1,pre,98,-1097.0,-0.1251,0.9727,0.5408,2575.0
s3_offptsA_atr1p5-r1,3,1,nyam,53,6433.0,0.7539,1.2973,0.5283,2445.0
s3_offptsA_atr1p5-r2,3,2,all,252,18682.0,0.9287,1.1438,0.3651,2575.0
s3_offptsA_atr1p5-r2,3,2,london,101,8646.0,0.6976,1.1738,0.3663,1815.0
s3_offptsA_atr1p5-r2,3,2,pre,98,1838.0,0.1519,1.035,0.3673,2575.0
s3_offptsA_atr1p5-r2,3,2,nyam,53,8198.0,0.7912,1.2955,0.3585,2445.0
s3_offptsA_atr1p5-r3,3,3,all,252,22557.0,0.9374,1.1555,0.2937,2575.0
s3_offptsA_atr1p5-r3,3,3,london,101,13221.0,0.8909,1.242,0.3168,1815.0
s3_offptsA_atr1p5-r3,3,3,pre,98,2713.0,0.183,1.0461,0.2755,2575.0
s3_offptsA_atr1p5-r3,3,3,nyam,53,6623.0,0.5534,1.2094,0.283,2445.0
s3_offptsA_atr3-r0,3,4,all,252,69517.0,1.7018,1.3117,0.4008,5150.0
s3_offptsA_atr3-r0,3,4,london,101,36576.0,1.3411,1.4112,0.3861,3640.0
s3_offptsA_atr3-r0,3,4,pre,98,17388.0,0.6926,1.1933,0.398,5150.0
s3_offptsA_atr3-r0,3,4,nyam,53,15553.0,0.8895,1.3523,0.434,3190.0
s3_offptsA_atr3-r1,3,5,all,252,40577.0,1.4821,1.2269,0.5357,5150.0
s3_offptsA_atr3-r1,3,5,london,101,25876.0,1.5543,1.3949,0.5743,3640.0
s3_offptsA_atr3-r1,3,5,pre,98,-7787.0,-0.4588,0.9018,0.4898,5150.0
s3_offptsA_atr3-r1,3,5,nyam,53,22488.0,1.6757,1.662,0.5472,3190.0
s3_offptsA_atr3-r2,3,6,all,252,58842.0,1.6368,1.2708,0.4286,5150.0
s3_offptsA_atr3-r2,3,6,london,101,30861.0,1.3656,1.364,0.4356,3640.0
s3_offptsA_atr3-r2,3,6,pre,98,10008.0,0.4427,1.1124,0.4082,5150.0
s3_offptsA_atr3-r2,3,6,nyam,53,17973.0,1.0777,1.4133,0.4528,3190.0
s3_offptsA_atr3-r3,3,7,all,252,66907.0,1.6819,1.3017,0.4087,5150.0
s3_offptsA_atr3-r3,3,7,london,101,27776.0,1.1105,1.3145,0.396,3640.0
s3_offptsA_atr3-r3,3,7,pre,98,15378.0,0.6203,1.171,0.398,5150.0
s3_offptsA_atr3-r3,3,7,nyam,53,23753.0,1.2656,1.5462,0.4528,3190.0
s3_offptsA_pts10-r0,3,8,all,252,25327.0,1.3561,1.5231,0.0833,225.0
s3_offptsA_pts10-r0,3,8,london,101,20971.0,1.5063,2.0989,0.099,220.0
s3_offptsA_pts10-r0,3,8,pre,98,5263.0,0.4843,1.2764,0.0714,205.0
s3_offptsA_pts10-r0,3,8,nyam,53,-907.0,-0.1487,0.9119,0.0755,225.0
s3_offptsA_pts10-r1,3,9,all,252,-3348.0,-1.0381,0.8772,0.4841,225.0
s3_offptsA_pts10-r1,3,9,london,101,-894.0,-0.4364,0.9164,0.495,205.0
s3_offptsA_pts10-r1,3,9,pre,98,-642.0,-0.3185,0.9373,0.5,205.0
s3_offptsA_pts10-r1,3,9,nyam,53,-1812.0,-1.223,0.7133,0.434,225.0
s3_offptsA_pts10-r2,3,10,all,252,-4973.0,-1.1129,0.8628,0.3135,225.0
s3_offptsA_pts10-r2,3,10,london,101,-2389.0,-0.847,0.8371,0.3069,205.0
s3_offptsA_pts10-r2,3,10,pre,98,-1137.0,-0.4026,0.9177,0.3265,205.0
s3_offptsA_pts10-r2,3,10,nyam,53,-1447.0,-0.7072,0.8141,0.3019,225.0
s3_offptsA_pts10-r3,3,11,all,252,-1253.0,-0.2247,0.9682,0.254,225.0
s3_offptsA_pts10-r3,3,11,london,101,-1019.0,-0.2902,0.936,0.2475,205.0
s3_offptsA_pts10-r3,3,11,pre,98,2043.0,0.5644,1.1395,0.2857,205.0
s3_offptsA_pts10-r3,3,11,nyam,53,-2277.0,-0.9474,0.7422,0.2075,225.0
s3_offptsA_pts20-r0,3,12,all,252,15587.0,0.6977,1.1737,0.131,420.0
s3_offptsA_pts20-r0,3,12,london,101,18416.0,1.1146,1.5162,0.1386,420.0
s3_offptsA_pts20-r0,3,12,pre,98,6718.0,0.4968,1.1953,0.1429,420.0
s3_offptsA_pts20-r0,3,12,nyam,53,-9547.0,-1.4736,0.5141,0.0943,405.0
s3_offptsA_pts20-r1,3,13,all,252,-4918.0,-0.7681,0.9076,0.4841,420.0
s3_offptsA_pts20-r1,3,13,london,101,-2679.0,-0.6597,0.8765,0.4752,405.0
s3_offptsA_pts20-r1,3,13,pre,98,1743.0,0.4356,1.0925,0.5306,420.0
s3_offptsA_pts20-r1,3,13,nyam,53,-3982.0,-1.3651,0.6863,0.4151,405.0
s3_offptsA_pts20-r2,3,14,all,252,452.0,0.0497,1.0066,0.3413,420.0
s3_offptsA_pts20-r2,3,14,london,101,2021.0,0.3465,1.0759,0.3564,420.0
s3_offptsA_pts20-r2,3,14,pre,98,3253.0,0.5624,1.1281,0.3673,420.0
s3_offptsA_pts20-r2,3,14,nyam,53,-4822.0,-1.2345,0.698,0.2642,405.0
s3_offptsA_pts20-r3,3,15,all,252,2732.0,0.2433,1.0359,0.2619,420.0
s3_offptsA_pts20-r3,3,15,london,101,3561.0,0.4904,1.119,0.2772,420.0
s3_offptsA_pts20-r3,3,15,pre,98,1603.0,0.2273,1.0544,0.2653,420.0
s3_offptsA_pts20-r3,3,15,nyam,53,-2432.0,-0.4925,0.8551,0.2264,405.0
s3_offptsA_pts30-r0,3,16,all,252,45482.0,1.5494,1.3744,0.2063,620.0
s3_offptsA_pts30-r0,3,16,london,101,30046.0,1.4267,1.6212,0.2079,620.0
s3_offptsA_pts30-r0,3,16,pre,98,12378.0,0.7387,1.2605,0.2041,610.0
s3_offptsA_pts30-r0,3,16,nyam,53,3058.0,0.2572,1.1194,0.2075,615.0
s3_offptsA_pts30-r1,3,17,all,252,5517.0,0.576,1.0754,0.5238,620.0
s3_offptsA_pts30-r1,3,17,london,101,-119.0,-0.0195,0.9961,0.505,620.0
s3_offptsA_pts30-r1,3,17,pre,98,6588.0,1.1071,1.2515,0.5612,605.0
s3_offptsA_pts30-r1,3,17,nyam,53,-952.0,-0.215,0.9421,0.4906,605.0
s3_offptsA_pts30-r2,3,18,all,252,1637.0,0.1202,1.0162,0.3413,620.0
s3_offptsA_pts30-r2,3,18,london,101,1561.0,0.1798,1.0387,0.3465,620.0
s3_offptsA_pts30-r2,3,18,pre,98,-3742.0,-0.448,0.9083,0.3163,610.0
s3_offptsA_pts30-r2,3,18,nyam,53,3818.0,0.5937,1.1899,0.3774,605.0
s3_offptsA_pts30-r3,3,19,all,252,5882.0,0.3523,1.0524,0.2698,620.0
s3_offptsA_pts30-r3,3,19,london,101,10526.0,0.9477,1.2428,0.297,620.0
s3_offptsA_pts30-r3,3,19,pre,98,-4937.0,-0.4977,0.8905,0.2449,610.0
s3_offptsA_pts30-r3,3,19,nyam,53,293.0,0.0385,1.0123,0.2642,610.0
s3_offptsA_pts45-r0,3,20,all,252,57962.0,1.7078,1.3564,0.2817,935.0
s3_offptsA_pts45-r0,3,20,london,101,29421.0,1.2828,1.4506,0.2772,935.0
s3_offptsA_pts45-r0,3,20,pre,98,22223.0,1.0615,1.3491,0.2857,910.0
s3_offptsA_pts45-r0,3,20,nyam,53,6318.0,0.452,1.1875,0.283,910.0
s3_offptsA_pts45-r1,3,21,all,252,21752.0,1.5228,1.2116,0.5516,915.0
s3_offptsA_pts45-r1,3,21,london,101,3816.0,0.419,1.0874,0.5248,915.0
s3_offptsA_pts45-r1,3,21,pre,98,13778.0,1.5546,1.3694,0.5816,910.0
s3_offptsA_pts45-r1,3,21,nyam,53,4158.0,0.6295,1.1905,0.5472,910.0
s3_offptsA_pts45-r2,3,22,all,252,18632.0,0.9131,1.1304,0.373,915.0
s3_offptsA_pts45-r2,3,22,london,101,9646.0,0.7344,1.1683,0.3762,915.0
s3_offptsA_pts45-r2,3,22,pre,98,8978.0,0.7041,1.1645,0.3878,910.0
s3_offptsA_pts45-r2,3,22,nyam,53,8.0,0.0009,1.0003,0.3396,910.0
s3_offptsA_pts45-r3,3,23,all,252,27537.0,1.115,1.1772,0.3135,935.0
s3_offptsA_pts45-r3,3,23,london,101,15961.0,0.9935,1.2589,0.3168,935.0
s3_offptsA_pts45-r3,3,23,pre,98,9848.0,0.6372,1.1616,0.3163,910.0
s3_offptsA_pts45-r3,3,23,nyam,53,1728.0,0.1596,1.0527,0.3019,910.0
s3_offptsA_pct0p1-r0,3,24,all,252,19142.0,0.8596,1.2222,0.131,450.0
s3_offptsA_pct0p1-r0,3,24,london,101,19681.0,1.1943,1.572,0.1386,450.0
s3_offptsA_pct0p1-r0,3,24,pre,98,8183.0,0.6073,1.2485,0.1429,435.0
s3_offptsA_pct0p1-r0,3,24,nyam,53,-8722.0,-1.3518,0.5366,0.0943,445.0
s3_offptsA_pct0p1-r1,3,25,all,252,-1363.0,-0.2206,0.9725,0.5,450.0
s3_offptsA_pct0p1-r1,3,25,london,101,-1479.0,-0.3751,0.9276,0.4851,450.0
s3_offptsA_pct0p1-r1,3,25,pre,98,2863.0,0.747,1.1641,0.551,435.0
s3_offptsA_pct0p1-r1,3,25,nyam,53,-2747.0,-0.972,0.7638,0.434,445.0
s3_offptsA_pct0p1-r2,3,26,all,252,4592.0,0.518,1.0718,0.3532,450.0
s3_offptsA_pct0p1-r2,3,26,london,101,3586.0,0.6271,1.1422,0.3663,450.0
s3_offptsA_pct0p1-r2,3,26,pre,98,6428.0,1.142,1.2771,0.398,435.0
s3_offptsA_pct0p1-r2,3,26,nyam,53,-5422.0,-1.4606,0.6521,0.2453,445.0
s3_offptsA_pct0p1-r3,3,27,all,252,3247.0,0.2988,1.0444,0.2619,450.0
s3_offptsA_pct0p1-r3,3,27,london,101,2396.0,0.3418,1.0821,0.2673,450.0
s3_offptsA_pct0p1-r3,3,27,pre,98,4293.0,0.6225,1.1559,0.2857,435.0
s3_offptsA_pct0p1-r3,3,27,nyam,53,-3442.0,-0.7361,0.7899,0.2075,445.0
s3_offptsA_pct0p2-r0,3,28,all,252,58557.0,1.7969,1.4035,0.254,890.0
s3_offptsA_pct0p2-r0,3,28,london,101,27236.0,1.2425,1.4672,0.2475,880.0
s3_offptsA_pct0p2-r0,3,28,pre,98,22998.0,1.1441,1.4059,0.2551,865.0
s3_offptsA_pct0p2-r0,3,28,nyam,53,8323.0,0.6117,1.276,0.2642,890.0
s3_offptsA_pct0p2-r1,3,29,all,252,9682.0,0.7872,1.1047,0.5278,890.0
s3_offptsA_pct0p2-r1,3,29,london,101,436.0,0.0554,1.0112,0.505,880.0
s3_offptsA_pct0p2-r1,3,29,pre,98,6748.0,0.8839,1.1968,0.551,865.0
s3_offptsA_pct0p2-r1,3,29,nyam,53,2498.0,0.4409,1.1303,0.5283,890.0
s3_offptsA_pct0p2-r2,3,30,all,252,13857.0,0.7833,1.1106,0.3611,890.0
s3_offptsA_pct0p2-r2,3,30,london,101,9136.0,0.8032,1.1863,0.3762,880.0
s3_offptsA_pct0p2-r2,3,30,pre,98,1838.0,0.1685,1.0369,0.3469,865.0
s3_offptsA_pct0p2-r2,3,30,nyam,53,2883.0,0.3527,1.1093,0.3585,890.0
s3_offptsA_pct0p2-r3,3,31,all,252,28592.0,1.309,1.2108,0.3056,890.0
s3_offptsA_pct0p2-r3,3,31,london,101,17826.0,1.2422,1.3337,0.3168,880.0
s3_offptsA_pct0p2-r3,3,31,pre,98,5653.0,0.4283,1.1055,0.2959,865.0
s3_offptsA_pct0p2-r3,3,31,nyam,53,5113.0,0.511,1.1785,0.3019,890.0
s3_offptsB_atr1p5-r0,4,0,all,229,28189.0,0.9336,1.1972,0.2402,2575.0
s3_offptsB_atr1p5-r0,4,0,london,62,21642.0,1.1295,1.549,0.2581,1830.0
s3_offptsB_atr1p5-r0,4,0,pre,91,-1959.0,-0.1116,0.9666,0.1978,2575.0
s3_offptsB_atr1p5-r0,4,0,nyam,76,8506.0,0.549,1.19,0.2763,2445.0
s3_offptsB_atr1p5-r1,4,1,all,229,6009.0,0.4124,1.0636,0.4978,2575.0
s3_offptsB_atr1p5-r1,4,1,london,62,922.0,0.1264,1.0353,0.5323,1830.0
s3_offptsB_atr1p5-r1,4,1,pre,91,-10759.0,-1.2734,0.7468,0.4286,2575.0
s3_offptsB_atr1p5-r1,4,1,nyam,76,15846.0,1.718,1.6112,0.5526,1535.0
s3_offptsB_atr1p5-r2,4,2,all,229,5554.0,0.2861,1.0444,0.3406,2575.0
s3_offptsB_atr1p5-r2,4,2,london,62,5712.0,0.5579,1.1729,0.4032,1830.0
s3_offptsB_atr1p5-r2,4,2,pre,91,-1949.0,-0.1634,0.961,0.3187,2575.0
s3_offptsB_atr1p5-r2,4,2,nyam,76,1791.0,0.1554,1.0426,0.3158,2445.0
s3_offptsB_atr1p5-r3,4,3,all,229,7279.0,0.3173,1.0527,0.2795,2575.0
s3_offptsB_atr1p5-r3,4,3,london,62,2432.0,0.2014,1.0639,0.3065,1830.0
s3_offptsB_atr1p5-r3,4,3,pre,91,591.0,0.0413,1.0107,0.2637,2575.0
s3_offptsB_atr1p5-r3,4,3,nyam,76,4256.0,0.3172,1.0951,0.2763,2445.0
s3_offptsB_atr3-r0,4,4,all,229,51984.0,1.3162,1.2484,0.3974,4890.0
s3_offptsB_atr3-r0,4,4,london,62,22882.0,1.009,1.3916,0.4194,3665.0
s3_offptsB_atr3-r0,4,4,pre,91,16191.0,0.6319,1.1916,0.3407,3535.0
s3_offptsB_atr3-r0,4,4,nyam,76,12911.0,0.6444,1.1947,0.4474,4890.0
s3_offptsB_atr3-r1,4,5,all,229,27884.0,1.0448,1.1633,0.524,4890.0
s3_offptsB_atr3-r1,4,5,london,62,8342.0,0.5886,1.1786,0.5968,3665.0
s3_offptsB_atr3-r1,4,5,pre,91,10721.0,0.6471,1.1615,0.4835,3310.0
s3_offptsB_atr3-r1,4,5,nyam,76,8821.0,0.5656,1.1531,0.5132,4890.0
s3_offptsB_atr3-r2,4,6,all,229,33744.0,0.9758,1.1629,0.4192,4890.0
s3_offptsB_atr3-r2,4,6,london,62,8132.0,0.4478,1.1402,0.4516,3665.0
s3_offptsB_atr3-r2,4,6,pre,91,14626.0,0.6466,1.1765,0.3736,3535.0
s3_offptsB_atr3-r2,4,6,nyam,76,10986.0,0.5751,1.1657,0.4474,4890.0
s3_offptsB_atr3-r3,4,7,all,229,50584.0,1.3057,1.2417,0.3974,4890.0
s3_offptsB_atr3-r3,4,7,london,62,14367.0,0.6986,1.2458,0.4194,3665.0
s3_offptsB_atr3-r3,4,7,pre,91,20166.0,0.7809,1.2387,0.3407,3535.0
s3_offptsB_atr3-r3,4,7,nyam,76,16051.0,0.7793,1.242,0.4474,4890.0
s3_offptsB_pts10-r0,4,8,all,229,-5321.0,-0.3766,0.8834,0.048,240.0
s3_offptsB_pts10-r0,4,8,london,62,8632.0,0.8091,1.7174,0.0645,210.0
s3_offptsB_pts10-r0,4,8,pre,91,-3249.0,-0.3971,0.8205,0.0549,240.0
s3_offptsB_pts10-r0,4,8,nyam,76,-10704.0,-2.5197,0.3092,0.0263,210.0
s3_offptsB_pts10-r1,4,9,all,229,-5056.0,-1.6466,0.8043,0.4629,225.0
s3_offptsB_pts10-r1,4,9,london,62,-843.0,-0.5233,0.8746,0.4839,210.0
s3_offptsB_pts10-r1,4,9,pre,91,-869.0,-0.4455,0.9103,0.4945,225.0
s3_offptsB_pts10-r1,4,9,nyam,76,-3344.0,-1.9129,0.645,0.4079,210.0
s3_offptsB_pts10-r2,4,10,all,229,-246.0,-0.0563,0.9922,0.345,240.0
s3_offptsB_pts10-r2,4,10,london,62,922.0,0.3968,1.1126,0.371,210.0
s3_offptsB_pts10-r2,4,10,pre,91,2036.0,0.7185,1.1722,0.3846,240.0
s3_offptsB_pts10-r2,4,10,nyam,76,-3204.0,-1.3485,0.7219,0.2763,210.0
s3_offptsB_pts10-r3,4,11,all,229,-3781.0,-0.7239,0.8966,0.2402,240.0
s3_offptsB_pts10-r3,4,11,london,62,-118.0,-0.0422,0.9878,0.2581,210.0
s3_offptsB_pts10-r3,4,11,pre,91,981.0,0.2839,1.0705,0.2747,240.0
s3_offptsB_pts10-r3,4,11,nyam,76,-4644.0,-1.6947,0.6424,0.1842,210.0
s3_offptsB_pts20-r0,4,12,all,229,31554.0,1.4327,1.3995,0.1528,420.0
s3_offptsB_pts20-r0,4,12,london,62,19432.0,1.4141,1.9256,0.1613,420.0
s3_offptsB_pts20-r0,4,12,pre,91,12211.0,0.8452,1.3842,0.1429,420.0
s3_offptsB_pts20-r0,4,12,nyam,76,-89.0,-0.0095,0.9966,0.1579,410.0
s3_offptsB_pts20-r1,4,13,all,229,-3581.0,-0.5863,0.9253,0.4891,420.0
s3_offptsB_pts20-r1,4,13,london,62,1207.0,0.3785,1.1018,0.5323,400.0
s3_offptsB_pts20-r1,4,13,pre,91,-259.0,-0.067,0.986,0.5055,420.0
s3_offptsB_pts20-r1,4,13,nyam,76,-4529.0,-1.2931,0.7426,0.4342,405.0
s3_offptsB_pts20-r2,4,14,all,229,-1006.0,-0.1164,0.9839,0.3362,420.0
s3_offptsB_pts20-r2,4,14,london,62,2327.0,0.5033,1.1456,0.371,415.0
s3_offptsB_pts20-r2,4,14,pre,91,56.0,0.0102,1.0023,0.3407,420.0
s3_offptsB_pts20-r2,4,14,nyam,76,-3389.0,-0.6974,0.8438,0.3026,410.0
s3_offptsB_pts20-r3,4,15,all,229,7319.0,0.673,1.1076,0.2751,420.0
s3_offptsB_pts20-r3,4,15,london,62,1892.0,0.3327,1.1026,0.2742,415.0
s3_offptsB_pts20-r3,4,15,pre,91,6036.0,0.8576,1.2299,0.2967,420.0
s3_offptsB_pts20-r3,4,15,nyam,76,-609.0,-0.0998,0.9739,0.25,410.0
s3_offptsB_pts30-r0,4,16,all,229,12784.0,0.5236,1.1125,0.179,620.0
s3_offptsB_pts30-r0,4,16,london,62,16202.0,1.0612,1.5401,0.1935,620.0
s3_offptsB_pts30-r0,4,16,pre,91,5656.0,0.3556,1.1249,0.1758,610.0
s3_offptsB_pts30-r0,4,16,nyam,76,-9074.0,-0.8633,0.7635,0.1711,600.0
s3_offptsB_pts30-r1,4,17,all,229,-3346.0,-0.3661,0.9527,0.4934,620.0
s3_offptsB_pts30-r1,4,17,london,62,5582.0,1.1811,1.3516,0.5806,620.0
s3_offptsB_pts30-r1,4,17,pre,91,-6024.0,-1.0473,0.8022,0.4505,610.0
s3_offptsB_pts30-r1,4,17,nyam,76,-2904.0,-0.55,0.8808,0.4737,600.0
s3_offptsB_pts30-r2,4,18,all,229,1244.0,0.0959,1.0135,0.3406,620.0
s3_offptsB_pts30-r2,4,18,london,62,5487.0,0.7853,1.2363,0.3871,620.0
s3_offptsB_pts30-r2,4,18,pre,91,-3084.0,-0.3822,0.9183,0.3187,610.0
s3_offptsB_pts30-r2,4,18,nyam,76,-1159.0,-0.1557,0.9627,0.3289,600.0
s3_offptsB_pts30-r3,4,19,all,229,-1886.0,-0.1204,0.9818,0.2576,620.0
s3_offptsB_pts30-r3,4,19,london,62,7852.0,0.8914,1.2989,0.3065,620.0
s3_offptsB_pts30-r3,4,19,pre,91,-3054.0,-0.3148,0.9263,0.2527,610.0
s3_offptsB_pts30-r3,4,19,nyam,76,-6684.0,-0.7763,0.814,0.2237,600.0
s3_offptsB_pts45-r0,4,20,all,229,35784.0,1.1656,1.2402,0.2707,945.0
s3_offptsB_pts45-r0,4,20,london,62,26337.0,1.3659,1.6811,0.2903,945.0
s3_offptsB_pts45-r0,4,20,pre,91,-1484.0,-0.0842,0.9761,0.2308,905.0
s3_offptsB_pts45-r0,4,20,nyam,76,10931.0,0.6762,1.2268,0.3026,910.0
s3_offptsB_pts45-r1,4,21,all,229,1124.0,0.0821,1.0109,0.5066,945.0
s3_offptsB_pts45-r1,4,21,london,62,8557.0,1.2085,1.3611,0.5806,945.0
s3_offptsB_pts45-r1,4,21,pre,91,-8729.0,-1.0131,0.808,0.4505,905.0
s3_offptsB_pts45-r1,4,21,nyam,76,1296.0,0.1637,1.0385,0.5132,910.0
s3_offptsB_pts45-r2,4,22,all,229,209.0,0.0109,1.0015,0.3493,945.0
s3_offptsB_pts45-r2,4,22,london,62,4287.0,0.4187,1.1207,0.371,945.0
s3_offptsB_pts45-r2,4,22,pre,91,-6724.0,-0.5748,0.8788,0.3297,905.0
s3_offptsB_pts45-r2,4,22,nyam,76,2646.0,0.2355,1.0594,0.3553,910.0
s3_offptsB_pts45-r3,4,23,all,229,16634.0,0.7146,1.1162,0.31,945.0
s3_offptsB_pts45-r3,4,23,london,62,10987.0,0.8767,1.2987,0.3387,945.0
s3_offptsB_pts45-r3,4,23,pre,91,36.0,0.0025,1.0006,0.2857,905.0
s3_offptsB_pts45-r3,4,23,nyam,76,5611.0,0.4176,1.1186,0.3158,910.0
s3_offptsB_pct0p1-r0,4,24,all,229,26479.0,1.2251,1.3426,0.1397,460.0
s3_offptsB_pct0p1-r0,4,24,london,62,14232.0,1.0702,1.6729,0.129,445.0
s3_offptsB_pct0p1-r0,4,24,pre,91,13406.0,0.9307,1.4382,0.1429,460.0
s3_offptsB_pct0p1-r0,4,24,nyam,76,-1159.0,-0.1258,0.9546,0.1447,445.0
s3_offptsB_pct0p1-r1,4,25,all,229,-5256.0,-0.8907,0.8885,0.4803,460.0
s3_offptsB_pct0p1-r1,4,25,london,62,-418.0,-0.1338,0.9662,0.5,445.0
s3_offptsB_pct0p1-r1,4,25,pre,91,201.0,0.054,1.0115,0.5165,460.0
s3_offptsB_pct0p1-r1,4,25,nyam,76,-5039.0,-1.4987,0.708,0.4211,440.0
s3_offptsB_pct0p1-r2,4,26,all,229,-2101.0,-0.2522,0.9653,0.3319,460.0
s3_offptsB_pct0p1-r2,4,26,london,62,2517.0,0.5548,1.1624,0.371,445.0
s3_offptsB_pct0p1-r2,4,26,pre,91,-199.0,-0.0378,0.9916,0.3407,460.0
s3_offptsB_pct0p1-r2,4,26,nyam,76,-4419.0,-0.9563,0.792,0.2895,440.0
s3_offptsB_pct0p1-r3,4,27,all,229,4009.0,0.385,1.0604,0.2664,460.0
s3_offptsB_pct0p1-r3,4,27,london,62,-1093.0,-0.2038,0.9416,0.2419,445.0
s3_offptsB_pct0p1-r3,4,27,pre,91,7091.0,1.039,1.2848,0.3077,460.0
s3_offptsB_pct0p1-r3,4,27,nyam,76,-1989.0,-0.3436,0.9127,0.2368,440.0
s3_offptsB_pct0p2-r0,4,28,all,229,35494.0,1.2648,1.2711,0.2533,905.0
s3_offptsB_pct0p2-r0,4,28,london,62,20787.0,1.2579,1.6016,0.2742,880.0
s3_offptsB_pct0p2-r0,4,28,pre,91,5216.0,0.3045,1.097,0.2198,875.0
s3_offptsB_pct0p2-r0,4,28,nyam,76,9491.0,0.6326,1.2229,0.2763,905.0
s3_offptsB_pct0p2-r1,4,29,all,229,1314.0,0.1117,1.0149,0.5066,880.0
s3_offptsB_pct0p2-r1,4,29,london,62,7992.0,1.3032,1.3952,0.5806,880.0
s3_offptsB_pct0p2-r1,4,29,pre,91,-10934.0,-1.494,0.7301,0.4286,875.0
s3_offptsB_pct0p2-r1,4,29,nyam,76,4256.0,0.6292,1.1567,0.5395,865.0
s3_offptsB_pct0p2-r2,4,30,all,229,8024.0,0.4808,1.0701,0.3581,905.0
s3_offptsB_pct0p2-r2,4,30,london,62,8842.0,0.9756,1.3046,0.4032,880.0
s3_offptsB_pct0p2-r2,4,30,pre,91,-3319.0,-0.3245,0.9299,0.3297,875.0
s3_offptsB_pct0p2-r2,4,30,nyam,76,2501.0,0.2592,1.0657,0.3553,905.0
s3_offptsB_pct0p2-r3,4,31,all,229,21714.0,1.0498,1.1757,0.3057,905.0
s3_offptsB_pct0p2-r3,4,31,london,62,7862.0,0.716,1.2389,0.3226,880.0
s3_offptsB_pct0p2-r3,4,31,pre,91,5166.0,0.4042,1.1041,0.2967,875.0
s3_offptsB_pct0p2-r3,4,31,nyam,76,8686.0,0.715,1.2116,0.3026,905.0
s4_offatr0p25_atr1p5-r0,0,0,all,252,-21668.0,-0.7183,0.8703,0.1786,5090.0
s4_offatr0p25_atr1p5-r0,0,0,london,127,-26743.0,-1.3405,0.696,0.1339,5090.0
s4_offatr0p25_atr1p5-r0,0,0,pre,80,22035.0,1.0482,1.461,0.2375,2075.0
s4_offatr0p25_atr1p5-r0,0,0,nyam,45,-16960.0,-2.1871,0.4589,0.2,1690.0
s4_offatr0p25_atr1p5-r1,0,1,all,252,4052.0,0.2724,1.0395,0.4921,5090.0
s4_offatr0p25_atr1p5-r1,0,1,london,127,17.0,0.0016,1.0003,0.4882,5090.0
s4_offatr0p25_atr1p5-r1,0,1,pre,80,-890.0,-0.1088,0.9739,0.4875,2075.0
s4_offatr0p25_atr1p5-r1,0,1,nyam,45,4925.0,0.7486,1.2693,0.5111,1420.0
s4_offatr0p25_atr1p5-r2,0,2,all,252,-5818.0,-0.2816,0.9589,0.3135,5090.0
s4_offatr0p25_atr1p5-r2,0,2,london,127,-21548.0,-1.5953,0.7107,0.2677,5090.0
s4_offatr0p25_atr1p5-r2,0,2,pre,80,7915.0,0.6634,1.1869,0.3625,2075.0
s4_offatr0p25_atr1p5-r2,0,2,nyam,45,7815.0,0.7811,1.3161,0.3556,1690.0
s4_offatr0p25_atr1p5-r3,0,3,all,252,-808.0,-0.0328,0.9948,0.246,5090.0
s4_offatr0p25_atr1p5-r3,0,3,london,127,-12843.0,-0.7708,0.8366,0.2205,5090.0
s4_offatr0p25_atr1p5-r3,0,3,pre,80,14610.0,0.9711,1.3159,0.2875,2075.0
s4_offatr0p25_atr1p5-r3,0,3,nyam,45,-2575.0,-0.2522,0.9132,0.2444,1690.0
s4_offatr0p25_atr3-r0,0,4,all,252,-61268.0,-1.5404,0.7743,0.2659,8330.0
s4_offatr0p25_atr3-r0,0,4,london,127,-51928.0,-2.0873,0.6325,0.2362,8330.0
s4_offatr0p25_atr3-r0,0,4,pre,80,19180.0,0.6786,1.2458,0.3,3765.0
s4_offatr0p25_atr3-r0,0,4,nyam,45,-28520.0,-2.3519,0.453,0.2889,3380.0
s4_offatr0p25_atr3-r1,0,5,all,252,-45923.0,-1.5849,0.7955,0.4087,8330.0
s4_offatr0p25_atr3-r1,0,5,london,127,-33078.0,-1.6141,0.7076,0.3858,8330.0
s4_offatr0p25_atr3-r1,0,5,pre,80,-7955.0,-0.4993,0.8836,0.425,3765.0
s4_offatr0p25_atr3-r1,0,5,nyam,45,-4890.0,-0.3738,0.8866,0.4444,3380.0
s4_offatr0p25_atr3-r2,0,6,all,252,-61178.0,-1.816,0.7673,0.2976,8330.0
s4_offatr0p25_atr3-r2,0,6,london,127,-46873.0,-2.091,0.6541,0.2756,8330.0
s4_offatr0p25_atr3-r2,0,6,pre,80,4205.0,0.2011,1.0558,0.3375,3765.0
s4_offatr0p25_atr3-r2,0,6,nyam,45,-18510.0,-1.3285,0.645,0.2889,3380.0
s4_offatr0p25_atr3-r3,0,7,all,252,-61173.0,-1.6469,0.7736,0.2738,8330.0
s4_offatr0p25_atr3-r3,0,7,london,127,-54533.0,-2.2784,0.6141,0.2362,8330.0
s4_offatr0p25_atr3-r3,0,7,pre,80,16580.0,0.674,1.2159,0.325,3765.0
s4_offatr0p25_atr3-r3,0,7,nyam,45,-23220.0,-1.6907,0.5546,0.2889,3380.0
s4_offatr0p25_pts10-r0,0,8,all,252,7032.0,0.4241,1.1411,0.0556,210.0
s4_offatr0p25_pts10-r0,0,8,london,127,-6068.0,-0.6559,0.7625,0.0394,210.0
s4_offatr0p25_pts10-r0,0,8,pre,80,17360.0,1.341,2.1356,0.0875,210.0
s4_offatr0p25_pts10-r0,0,8,nyam,45,-4260.0,-0.9617,0.5273,0.0444,210.0
s4_offatr0p25_pts10-r1,0,9,all,252,307.0,0.0952,1.0121,0.5198,210.0
s4_offatr0p25_pts10-r1,0,9,london,127,2582.0,1.1358,1.224,0.5669,210.0
s4_offatr0p25_pts10-r1,0,9,pre,80,-145.0,-0.0794,0.9823,0.5125,210.0
s4_offatr0p25_pts10-r1,0,9,nyam,45,-2130.0,-1.5803,0.6235,0.4,205.0
s4_offatr0p25_pts10-r2,0,10,all,252,-1938.0,-0.4269,0.9449,0.3333,210.0
s4_offatr0p25_pts10-r2,0,10,london,127,-1178.0,-0.3656,0.9338,0.3307,210.0
s4_offatr0p25_pts10-r2,0,10,pre,80,795.0,0.3034,1.0744,0.3625,210.0
s4_offatr0p25_pts10-r2,0,10,nyam,45,-1555.0,-0.8352,0.768,0.2889,205.0
s4_offatr0p25_pts10-r3,0,11,all,252,-3663.0,-0.6675,0.9085,0.2421,210.0
s4_offatr0p25_pts10-r3,0,11,london,127,-4058.0,-1.0743,0.8043,0.2205,210.0
s4_offatr0p25_pts10-r3,0,11,pre,80,2570.0,0.7735,1.219,0.3,210.0
s4_offatr0p25_pts10-r3,0,11,nyam,45,-2175.0,-0.9952,0.7115,0.2,205.0
s4_offatr0p25_pts20-r0,0,12,all,252,1867.0,0.0814,1.0202,0.1032,435.0
s4_offatr0p25_pts20-r0,0,12,london,127,-3978.0,-0.2549,0.9163,0.0866,420.0
s4_offatr0p25_pts20-r0,0,12,pre,80,15260.0,0.9558,1.5447,0.1375,435.0
s4_offatr0p25_pts20-r0,0,12,nyam,45,-9415.0,-1.8213,0.4387,0.0889,405.0
s4_offatr0p25_pts20-r1,0,13,all,252,2267.0,0.354,1.0457,0.5198,435.0
s4_offatr0p25_pts20-r1,0,13,london,127,2747.0,0.6042,1.1136,0.5354,410.0
s4_offatr0p25_pts20-r1,0,13,pre,80,215.0,0.0592,1.0134,0.5125,435.0
s4_offatr0p25_pts20-r1,0,13,nyam,45,-695.0,-0.2546,0.9261,0.4889,400.0
s4_offatr0p25_pts20-r2,0,14,all,252,412.0,0.0453,1.0061,0.3413,435.0
s4_offatr0p25_pts20-r2,0,14,london,127,-5028.0,-0.799,0.8606,0.3071,420.0
s4_offatr0p25_pts20-r2,0,14,pre,80,5770.0,1.0846,1.2929,0.4,435.0
s4_offatr0p25_pts20-r2,0,14,nyam,45,-330.0,-0.0856,0.9731,0.3333,400.0
s4_offatr0p25_pts20-r3,0,15,all,252,-2113.0,-0.1911,0.9727,0.25,435.0
s4_offatr0p25_pts20-r3,0,15,london,127,-7093.0,-0.9418,0.8252,0.2205,420.0
s4_offatr0p25_pts20-r3,0,15,pre,80,4125.0,0.6304,1.1764,0.2875,435.0
s4_offatr0p25_pts20-r3,0,15,nyam,45,855.0,0.1776,1.0633,0.2667,400.0
s4_offatr0p25_pts30-r0,0,16,all,252,-26363.0,-1.0758,0.8009,0.1349,615.0
s4_offatr0p25_pts30-r0,0,16,london,127,-16813.0,-0.9822,0.7539,0.1181,615.0
s4_offatr0p25_pts30-r0,0,16,pre,80,3775.0,0.2283,1.0922,0.15,605.0
s4_offatr0p25_pts30-r0,0,16,nyam,45,-13325.0,-2.2626,0.4243,0.1556,605.0
s4_offatr0p25_pts30-r1,0,17,all,252,-1723.0,-0.1797,0.9776,0.5,615.0
s4_offatr0p25_pts30-r1,0,17,london,127,-1503.0,-0.2203,0.9615,0.4961,615.0
s4_offatr0p25_pts30-r1,0,17,pre,80,680.0,0.1254,1.0286,0.5125,605.0
s4_offatr0p25_pts30-r1,0,17,nyam,45,-900.0,-0.2202,0.9358,0.4889,605.0
s4_offatr0p25_pts30-r2,0,18,all,252,-3768.0,-0.2792,0.9634,0.3294,615.0
s4_offatr0p25_pts30-r2,0,18,london,127,-7048.0,-0.7478,0.8687,0.3071,615.0
s4_offatr0p25_pts30-r2,0,18,pre,80,1810.0,0.2336,1.0571,0.35,605.0
s4_offatr0p25_pts30-r2,0,18,nyam,45,1470.0,0.2508,1.0832,0.3556,605.0
s4_offatr0p25_pts30-r3,0,19,all,252,-6038.0,-0.3696,0.9479,0.246,615.0
s4_offatr0p25_pts30-r3,0,19,london,127,-13548.0,-1.2327,0.7779,0.2126,615.0
s4_offatr0p25_pts30-r3,0,19,pre,80,8990.0,0.9062,1.2635,0.3,605.0
s4_offatr0p25_pts30-r3,0,19,nyam,45,-1480.0,-0.2148,0.9285,0.2444,605.0
s4_offatr0p25_pts45-r0,0,20,all,252,-26668.0,-0.8795,0.8525,0.1944,925.0
s4_offatr0p25_pts45-r0,0,20,london,127,-26508.0,-1.3125,0.7252,0.1654,925.0
s4_offatr0p25_pts45-r0,0,20,pre,80,15520.0,0.734,1.2907,0.225,925.0
s4_offatr0p25_pts45-r0,0,20,nyam,45,-15680.0,-2.0301,0.4938,0.2222,910.0
s4_offatr0p25_pts45-r1,0,21,all,252,-18028.0,-1.2584,0.8533,0.4643,925.0
s4_offatr0p25_pts45-r1,0,21,london,127,-12643.0,-1.244,0.8016,0.4488,925.0
s4_offatr0p25_pts45-r1,0,21,pre,80,-2375.0,-0.2923,0.9364,0.4875,925.0
s4_offatr0p25_pts45-r1,0,21,nyam,45,-3010.0,-0.4926,0.8621,0.4667,910.0
s4_offatr0p25_pts45-r2,0,22,all,252,-23763.0,-1.2127,0.8503,0.3016,925.0
s4_offatr0p25_pts45-r2,0,22,london,127,-24598.0,-1.8319,0.7093,0.2677,925.0
s4_offatr0p25_pts45-r2,0,22,pre,80,3820.0,0.3299,1.0822,0.35,925.0
s4_offatr0p25_pts45-r2,0,22,nyam,45,-2985.0,-0.3573,0.8919,0.3111,910.0
s4_offatr0p25_pts45-r3,0,23,all,252,-24668.0,-1.0664,0.8562,0.2421,925.0
s4_offatr0p25_pts45-r3,0,23,london,127,-25933.0,-1.6452,0.715,0.2126,925.0
s4_offatr0p25_pts45-r3,0,23,pre,80,3205.0,0.2323,1.0627,0.275,925.0
s4_offatr0p25_pts45-r3,0,23,nyam,45,-1940.0,-0.1964,0.9341,0.2667,910.0
s4_offatr0p25_pct0p1-r0,0,24,all,252,5237.0,0.2288,1.0589,0.1032,450.0
s4_offatr0p25_pct0p1-r0,0,24,london,127,-2158.0,-0.1386,0.9528,0.0866,450.0
s4_offatr0p25_pct0p1-r0,0,24,pre,80,16330.0,1.0253,1.606,0.1375,445.0
s4_offatr0p25_pct0p1-r0,0,24,nyam,45,-8935.0,-1.734,0.4516,0.0889,440.0
s4_offatr0p25_pct0p1-r1,0,25,all,252,3927.0,0.6364,1.0839,0.5317,450.0
s4_offatr0p25_pct0p1-r1,0,25,london,127,5012.0,1.1518,1.2281,0.5669,450.0
s4_offatr0p25_pct0p1-r1,0,25,pre,80,-420.0,-0.1198,0.9733,0.5,445.0
s4_offatr0p25_pct0p1-r1,0,25,nyam,45,-665.0,-0.2512,0.9269,0.4889,440.0
s4_offatr0p25_pct0p1-r2,0,26,all,252,-3438.0,-0.396,0.9485,0.3294,450.0
s4_offatr0p25_pct0p1-r2,0,26,london,127,-5258.0,-0.8718,0.8489,0.3071,450.0
s4_offatr0p25_pct0p1-r2,0,26,pre,80,3475.0,0.6826,1.1766,0.375,445.0
s4_offatr0p25_pct0p1-r2,0,26,nyam,45,-1655.0,-0.4534,0.8657,0.3111,440.0
s4_offatr0p25_pct0p1-r3,0,27,all,252,-2593.0,-0.2439,0.9653,0.25,450.0
s4_offatr0p25_pct0p1-r3,0,27,london,127,-7013.0,-0.9697,0.8204,0.2205,450.0
s4_offatr0p25_pct0p1-r3,0,27,pre,80,5450.0,0.8533,1.2463,0.3,445.0
s4_offatr0p25_pct0p1-r3,0,27,nyam,45,-1030.0,-0.2298,0.9239,0.2444,440.0
s4_offatr0p25_pct0p2-r0,0,28,all,252,-29673.0,-1.0801,0.8164,0.1667,895.0
s4_offatr0p25_pct0p2-r0,0,28,london,127,-22683.0,-1.1942,0.7321,0.1417,895.0
s4_offatr0p25_pct0p2-r0,0,28,pre,80,8245.0,0.4446,1.1692,0.1875,890.0
s4_offatr0p25_pct0p2-r0,0,28,nyam,45,-15235.0,-2.1809,0.4601,0.2,875.0
s4_offatr0p25_pct0p2-r1,0,29,all,252,-15328.0,-1.2476,0.8541,0.4683,895.0
s4_offatr0p25_pct0p2-r1,0,29,london,127,-13163.0,-1.5176,0.7632,0.4409,895.0
s4_offatr0p25_pct0p2-r1,0,29,pre,80,1095.0,0.1572,1.0361,0.5125,885.0
s4_offatr0p25_pct0p2-r1,0,29,nyam,45,-3260.0,-0.6194,0.8295,0.4667,875.0
s4_offatr0p25_pct0p2-r2,0,30,all,252,-25338.0,-1.5178,0.8169,0.2976,895.0
s4_offatr0p25_pct0p2-r2,0,30,london,127,-25533.0,-2.2637,0.6544,0.252,895.0
s4_offatr0p25_pct0p2-r2,0,30,pre,80,-720.0,-0.0735,0.9827,0.3375,890.0
s4_offatr0p25_pct0p2-r2,0,30,nyam,45,915.0,0.1233,1.0399,0.3556,875.0
s4_offatr0p25_pct0p2-r3,0,31,all,252,-8478.0,-0.4084,0.9425,0.25,895.0
s4_offatr0p25_pct0p2-r3,0,31,london,127,-14313.0,-1.0064,0.8137,0.2205,895.0
s4_offatr0p25_pct0p2-r3,0,31,pre,80,9005.0,0.7233,1.2055,0.3,890.0
s4_offatr0p25_pct0p2-r3,0,31,nyam,45,-3170.0,-0.3673,0.8818,0.2444,875.0
s4_offatr0p5_atr1p5-r0,1,0,all,249,7129.0,0.2244,1.0441,0.1968,5095.0
s4_offatr0p5_atr1p5-r0,1,0,london,111,-12724.0,-0.6387,0.831,0.1441,5095.0
s4_offatr0p5_atr1p5-r0,1,0,pre,87,24072.0,1.0769,1.445,0.1954,2075.0
s4_offatr0p5_atr1p5-r0,1,0,nyam,51,-4219.0,-0.3989,0.8691,0.3137,1710.0
s4_offatr0p5_atr1p5-r1,1,1,all,249,18809.0,1.2748,1.2001,0.5141,2075.0
s4_offatr0p5_atr1p5-r1,1,1,london,111,441.0,0.0436,1.01,0.4505,1610.0
s4_offatr0p5_atr1p5-r1,1,1,pre,87,10207.0,1.2741,1.3412,0.5632,2075.0
s4_offatr0p5_atr1p5-r1,1,1,nyam,51,8161.0,1.1311,1.4048,0.5686,1710.0
s4_offatr0p5_atr1p5-r2,1,2,all,249,12369.0,0.5898,1.0923,0.3454,5095.0
s4_offatr0p5_atr1p5-r2,1,2,london,111,-21799.0,-1.7275,0.6702,0.2613,5095.0
s4_offatr0p5_atr1p5-r2,1,2,pre,87,18967.0,1.5715,1.4679,0.4138,2075.0
s4_offatr0p5_atr1p5-r2,1,2,nyam,51,15201.0,1.3521,1.5555,0.4118,1710.0
s4_offatr0p5_atr1p5-r3,1,3,all,249,15174.0,0.6118,1.1027,0.2731,5095.0
s4_offatr0p5_atr1p5-r3,1,3,london,111,-11469.0,-0.7322,0.8338,0.2252,5095.0
s4_offatr0p5_atr1p5-r3,1,3,pre,87,19792.0,1.2867,1.417,0.2989,2075.0
s4_offatr0p5_atr1p5-r3,1,3,nyam,51,6851.0,0.5949,1.2194,0.3333,1710.0
s4_offatr0p5_atr3-r0,1,4,all,249,-38956.0,-0.9751,0.8499,0.2972,10180.0
s4_offatr0p5_atr3-r0,1,4,london,111,-41254.0,-1.6074,0.6674,0.2523,10180.0
s4_offatr0p5_atr3-r0,1,4,pre,87,3152.0,0.1235,1.0361,0.2759,3760.0
s4_offatr0p5_atr3-r0,1,4,nyam,51,-854.0,-0.0502,0.9823,0.4314,3415.0
s4_offatr0p5_atr3-r1,1,5,all,249,-23891.0,-0.8257,0.8865,0.4538,10180.0
s4_offatr0p5_atr3-r1,1,5,london,111,-42634.0,-2.2277,0.5898,0.3874,10180.0
s4_offatr0p5_atr3-r1,1,5,pre,87,872.0,0.0547,1.0129,0.4828,3760.0
s4_offatr0p5_atr3-r1,1,5,nyam,51,17871.0,1.2528,1.4604,0.549,3415.0
s4_offatr0p5_atr3-r2,1,6,all,249,-28131.0,-0.7857,0.8874,0.3414,10180.0
s4_offatr0p5_atr3-r2,1,6,london,111,-35309.0,-1.5194,0.7014,0.3153,10180.0
s4_offatr0p5_atr3-r2,1,6,pre,87,-3923.0,-0.1843,0.9536,0.3103,3760.0
s4_offatr0p5_atr3-r2,1,6,nyam,51,11101.0,0.6534,1.2358,0.451,3415.0
s4_offatr0p5_atr3-r3,1,7,all,249,-34891.0,-0.8829,0.8655,0.3012,10180.0
s4_offatr0p5_atr3-r3,1,7,london,111,-43549.0,-1.7553,0.6489,0.2523,10180.0
s4_offatr0p5_atr3-r3,1,7,pre,87,3717.0,0.1497,1.0427,0.2874,3760.0
s4_offatr0p5_atr3-r3,1,7,nyam,51,4941.0,0.2719,1.1025,0.4314,3415.0
s4_offatr0p5_pts10-r0,1,8,all,249,11374.0,0.6524,1.2331,0.0683,340.0
s4_offatr0p5_pts10-r0,1,8,london,111,8856.0,0.6997,1.4094,0.0721,215.0
s4_offatr0p5_pts10-r0,1,8,pre,87,3987.0,0.3743,1.2304,0.0575,340.0
s4_offatr0p5_pts10-r0,1,8,nyam,51,-1469.0,-0.2595,0.8509,0.0784,205.0
s4_offatr0p5_pts10-r1,1,9,all,249,374.0,0.1162,1.0149,0.5221,340.0
s4_offatr0p5_pts10-r1,1,9,london,111,-1799.0,-0.8379,0.8524,0.4775,215.0
s4_offatr0p5_pts10-r1,1,9,pre,87,1097.0,0.5732,1.132,0.5517,340.0
s4_offatr0p5_pts10-r1,1,9,nyam,51,1076.0,0.7429,1.2335,0.5686,205.0
s4_offatr0p5_pts10-r2,1,10,all,249,1544.0,0.3357,1.0458,0.3574,340.0
s4_offatr0p5_pts10-r2,1,10,london,111,-3319.0,-1.132,0.7975,0.2973,215.0
s4_offatr0p5_pts10-r2,1,10,pre,87,3432.0,1.2197,1.3171,0.4138,340.0
s4_offatr0p5_pts10-r2,1,10,nyam,51,1431.0,0.6713,1.2205,0.3922,205.0
s4_offatr0p5_pts10-r3,1,11,all,249,3219.0,0.5638,1.0849,0.2771,340.0
s4_offatr0p5_pts10-r3,1,11,london,111,-1569.0,-0.4286,0.9112,0.2432,215.0
s4_offatr0p5_pts10-r3,1,11,pre,87,1777.0,0.5178,1.1354,0.2874,340.0
s4_offatr0p5_pts10-r3,1,11,nyam,51,3011.0,1.0995,1.4228,0.3333,205.0
s4_offatr0p5_pts20-r0,1,12,all,249,5089.0,0.2324,1.0564,0.1124,435.0
s4_offatr0p5_pts20-r0,1,12,london,111,-709.0,-0.0474,0.9828,0.0901,435.0
s4_offatr0p5_pts20-r0,1,12,pre,87,10152.0,0.6956,1.3219,0.1149,420.0
s4_offatr0p5_pts20-r0,1,12,nyam,51,-4354.0,-0.6554,0.7526,0.1569,405.0
s4_offatr0p5_pts20-r1,1,13,all,249,-2136.0,-0.3352,0.9583,0.498,435.0
s4_offatr0p5_pts20-r1,1,13,london,111,-7659.0,-1.816,0.7085,0.4234,435.0
s4_offatr0p5_pts20-r1,1,13,pre,87,7072.0,1.9185,1.5082,0.6092,410.0
s4_offatr0p5_pts20-r1,1,13,nyam,51,-1549.0,-0.5343,0.8599,0.4706,405.0
s4_offatr0p5_pts20-r2,1,14,all,249,-1976.0,-0.2198,0.971,0.3333,435.0
s4_offatr0p5_pts20-r2,1,14,london,111,-11774.0,-2.1233,0.6543,0.2523,435.0
s4_offatr0p5_pts20-r2,1,14,pre,87,6567.0,1.1842,1.3084,0.4023,410.0
s4_offatr0p5_pts20-r2,1,14,nyam,51,3231.0,0.7612,1.2546,0.3922,405.0
s4_offatr0p5_pts20-r3,1,15,all,249,-4091.0,-0.3746,0.9469,0.245,435.0
s4_offatr0p5_pts20-r3,1,15,london,111,-16629.0,-2.6537,0.5642,0.1622,435.0
s4_offatr0p5_pts20-r3,1,15,pre,87,9332.0,1.3263,1.3863,0.3218,410.0
s4_offatr0p5_pts20-r3,1,15,nyam,51,3206.0,0.6077,1.2176,0.2941,405.0
s4_offatr0p5_pts30-r0,1,16,all,249,9529.0,0.3546,1.076,0.1647,620.0
s4_offatr0p5_pts30-r0,1,16,london,111,-6834.0,-0.3997,0.8836,0.1171,615.0
s4_offatr0p5_pts30-r0,1,16,pre,87,18432.0,0.9704,1.4235,0.1724,620.0
s4_offatr0p5_pts30-r0,1,16,nyam,51,-2069.0,-0.2466,0.9106,0.2549,610.0
s4_offatr0p5_pts30-r1,1,17,all,249,-3486.0,-0.3658,0.9546,0.494,615.0
s4_offatr0p5_pts30-r1,1,17,london,111,-12219.0,-1.9437,0.6917,0.4144,615.0
s4_offatr0p5_pts30-r1,1,17,pre,87,8462.0,1.5195,1.3858,0.5862,605.0
s4_offatr0p5_pts30-r1,1,17,nyam,51,271.0,0.0624,1.0178,0.5098,600.0
s4_offatr0p5_pts30-r2,1,18,all,249,-3696.0,-0.2755,0.9637,0.3293,615.0
s4_offatr0p5_pts30-r2,1,18,london,111,-20724.0,-2.5606,0.6001,0.2342,615.0
s4_offatr0p5_pts30-r2,1,18,pre,87,8377.0,1.0138,1.2595,0.3908,605.0
s4_offatr0p5_pts30-r2,1,18,nyam,51,8651.0,1.3417,1.4898,0.4314,600.0
s4_offatr0p5_pts30-r3,1,19,all,249,-1046.0,-0.0638,0.9907,0.257,620.0
s4_offatr0p5_pts30-r3,1,19,london,111,-19554.0,-1.9983,0.6475,0.1802,615.0
s4_offatr0p5_pts30-r3,1,19,pre,87,8152.0,0.7997,1.2193,0.2989,620.0
s4_offatr0p5_pts30-r3,1,19,nyam,51,10356.0,1.2875,1.515,0.3529,610.0
s4_offatr0p5_pts45-r0,1,20,all,249,-15951.0,-0.5376,0.9077,0.2129,925.0
s4_offatr0p5_pts45-r0,1,20,london,111,-18714.0,-0.9761,0.772,0.1712,915.0
s4_offatr0p5_pts45-r0,1,20,pre,87,11572.0,0.5626,1.1998,0.2184,925.0
s4_offatr0p5_pts45-r0,1,20,nyam,51,-8809.0,-0.9239,0.7309,0.2941,905.0
s4_offatr0p5_pts45-r1,1,21,all,249,-836.0,-0.0586,0.9926,0.502,925.0
s4_offatr0p5_pts45-r1,1,21,london,111,-16129.0,-1.7078,0.7231,0.4234,915.0
s4_offatr0p5_pts45-r1,1,21,pre,87,11117.0,1.3269,1.33,0.5747,925.0
s4_offatr0p5_pts45-r1,1,21,nyam,51,4176.0,0.6446,1.1997,0.549,905.0
s4_offatr0p5_pts45-r2,1,22,all,249,-8836.0,-0.4499,0.9408,0.3293,925.0
s4_offatr0p5_pts45-r2,1,22,london,111,-28744.0,-2.3879,0.6194,0.2523,915.0
s4_offatr0p5_pts45-r2,1,22,pre,87,11332.0,0.9383,1.2433,0.3793,925.0
s4_offatr0p5_pts45-r2,1,22,nyam,51,8576.0,0.914,1.3144,0.4118,905.0
s4_offatr0p5_pts45-r3,1,23,all,249,-15146.0,-0.6568,0.9073,0.261,925.0
s4_offatr0p5_pts45-r3,1,23,london,111,-24184.0,-1.6597,0.6948,0.2072,915.0
s4_offatr0p5_pts45-r3,1,23,pre,87,2802.0,0.1984,1.0518,0.2759,925.0
s4_offatr0p5_pts45-r3,1,23,nyam,51,6236.0,0.5714,1.2079,0.3529,905.0
s4_offatr0p5_pct0p1-r0,1,24,all,249,12289.0,0.555,1.1416,0.1165,450.0
s4_offatr0p5_pct0p1-r0,1,24,london,111,646.0,0.0433,1.0162,0.0901,435.0
s4_offatr0p5_pct0p1-r0,1,24,pre,87,11407.0,0.7839,1.3767,0.1149,450.0
s4_offatr0p5_pct0p1-r0,1,24,nyam,51,236.0,0.0309,1.0141,0.1765,435.0
s4_offatr0p5_pct0p1-r1,1,25,all,249,-2261.0,-0.3681,0.9542,0.502,450.0
s4_offatr0p5_pct0p1-r1,1,25,london,111,-7404.0,-1.8288,0.7062,0.4324,435.0
s4_offatr0p5_pct0p1-r1,1,25,pre,87,6617.0,1.8568,1.4907,0.6092,450.0
s4_offatr0p5_pct0p1-r1,1,25,nyam,51,-1474.0,-0.524,0.8621,0.4706,435.0
s4_offatr0p5_pct0p1-r2,1,26,all,249,374.0,0.043,1.0058,0.3454,450.0
s4_offatr0p5_pct0p1-r2,1,26,london,111,-8829.0,-1.6289,0.7225,0.2793,435.0
s4_offatr0p5_pct0p1-r2,1,26,pre,87,5087.0,0.955,1.2431,0.3908,450.0
s4_offatr0p5_pct0p1-r2,1,26,nyam,51,4116.0,0.994,1.3441,0.4118,435.0
s4_offatr0p5_pct0p1-r3,1,27,all,249,-3216.0,-0.3052,0.9565,0.249,450.0
s4_offatr0p5_pct0p1-r3,1,27,london,111,-13694.0,-2.2221,0.6198,0.1802,435.0
s4_offatr0p5_pct0p1-r3,1,27,pre,87,5942.0,0.891,1.2471,0.2989,450.0
s4_offatr0p5_pct0p1-r3,1,27,nyam,51,4536.0,0.8716,1.3257,0.3137,435.0
s4_offatr0p5_pct0p2-r0,1,28,all,249,-13406.0,-0.4763,0.9138,0.1807,895.0
s4_offatr0p5_pct0p2-r0,1,28,london,111,-15929.0,-0.8698,0.7828,0.1351,875.0
s4_offatr0p5_pct0p2-r0,1,28,pre,87,11152.0,0.5724,1.2123,0.1954,895.0
s4_offatr0p5_pct0p2-r0,1,28,nyam,51,-8629.0,-0.9747,0.7096,0.2549,865.0
s4_offatr0p5_pct0p2-r1,1,29,all,249,-681.0,-0.0556,0.9929,0.506,895.0
s4_offatr0p5_pct0p2-r1,1,29,london,111,-10269.0,-1.2652,0.7857,0.4505,875.0
s4_offatr0p5_pct0p2-r1,1,29,pre,87,7157.0,0.9917,1.2388,0.5632,895.0
s4_offatr0p5_pct0p2-r1,1,29,nyam,51,2431.0,0.4339,1.1308,0.5294,865.0
s4_offatr0p5_pct0p2-r2,1,30,all,249,-9841.0,-0.5822,0.9245,0.3253,895.0
s4_offatr0p5_pct0p2-r2,1,30,london,111,-27619.0,-2.7121,0.5827,0.2342,875.0
s4_offatr0p5_pct0p2-r2,1,30,pre,87,7482.0,0.7197,1.1797,0.3793,895.0
s4_offatr0p5_pct0p2-r2,1,30,nyam,51,10296.0,1.2568,1.4567,0.4314,865.0
s4_offatr0p5_pct0p2-r3,1,31,all,249,-4666.0,-0.2254,0.9674,0.257,895.0
s4_offatr0p5_pct0p2-r3,1,31,london,111,-20609.0,-1.622,0.7022,0.1982,875.0
s4_offatr0p5_pct0p2-r3,1,31,pre,87,10672.0,0.82,1.2281,0.2989,895.0
s4_offatr0p5_pct0p2-r3,1,31,nyam,51,5271.0,0.5389,1.1932,0.3137,865.0
s4_offatr1_atr1p5-r0,2,0,all,212,26877.0,0.8916,1.2045,0.2123,2595.0
s4_offatr1_atr1p5-r0,2,0,london,60,8345.0,0.5417,1.2404,0.1833,1830.0
s4_offatr1_atr1p5-r0,2,0,pre,74,23689.0,1.2126,1.5196,0.2162,2595.0
s4_offatr1_atr1p5-r0,2,0,nyam,78,-5157.0,-0.3015,0.8992,0.2308,1880.0
s4_offatr1_atr1p5-r1,2,1,all,212,-7493.0,-0.5842,0.9162,0.5,2595.0
s4_offatr1_atr1p5-r1,2,1,london,60,-10720.0,-1.8652,0.5941,0.4333,1830.0
s4_offatr1_atr1p5-r1,2,1,pre,74,3819.0,0.5182,1.1419,0.5676,2595.0
s4_offatr1_atr1p5-r1,2,1,nyam,78,-592.0,-0.0675,0.9836,0.4872,1880.0
s4_offatr1_atr1p5-r2,2,2,all,212,-1268.0,-0.0706,0.9889,0.3396,2595.0
s4_offatr1_atr1p5-r2,2,2,london,60,-6600.0,-0.8527,0.7827,0.3167,1830.0
s4_offatr1_atr1p5-r2,2,2,pre,74,1384.0,0.1361,1.0363,0.3649,2595.0
s4_offatr1_atr1p5-r2,2,2,nyam,78,3948.0,0.3112,1.0868,0.3333,1880.0
s4_offatr1_atr1p5-r3,2,3,all,212,-4618.0,-0.2222,0.9633,0.2642,2595.0
s4_offatr1_atr1p5-r3,2,3,london,60,-5330.0,-0.5757,0.8388,0.25,1830.0
s4_offatr1_atr1p5-r3,2,3,pre,74,1919.0,0.1542,1.0448,0.2703,2595.0
s4_offatr1_atr1p5-r3,2,3,nyam,78,-1207.0,-0.0865,0.9758,0.2692,1880.0
s4_offatr1_atr3-r0,2,4,all,212,-1298.0,-0.0353,0.9938,0.3113,5190.0
s4_offatr1_atr3-r0,2,4,london,60,-4145.0,-0.2242,0.9284,0.25,3665.0
s4_offatr1_atr3-r0,2,4,pre,74,24739.0,1.0489,1.3573,0.3378,5190.0
s4_offatr1_atr3-r0,2,4,nyam,78,-21892.0,-1.0263,0.7385,0.3333,3770.0
s4_offatr1_atr3-r1,2,5,all,212,-10763.0,-0.4268,0.9376,0.4764,5190.0
s4_offatr1_atr3-r1,2,5,london,60,-8965.0,-0.7865,0.7995,0.4333,3340.0
s4_offatr1_atr3-r1,2,5,pre,74,6964.0,0.4747,1.1299,0.5135,5190.0
s4_offatr1_atr3-r1,2,5,nyam,78,-8762.0,-0.511,0.8818,0.4744,3770.0
s4_offatr1_atr3-r2,2,6,all,212,-11528.0,-0.3604,0.944,0.3443,5190.0
s4_offatr1_atr3-r2,2,6,london,60,-16720.0,-1.185,0.7067,0.2833,3665.0
s4_offatr1_atr3-r2,2,6,pre,74,12169.0,0.6349,1.1835,0.3784,5190.0
s4_offatr1_atr3-r2,2,6,nyam,78,-6977.0,-0.3256,0.9153,0.359,3770.0
s4_offatr1_atr3-r3,2,7,all,212,-193.0,-0.0053,0.9991,0.3113,5190.0
s4_offatr1_atr3-r3,2,7,london,60,-9145.0,-0.5459,0.842,0.25,3665.0
s4_offatr1_atr3-r3,2,7,pre,74,20934.0,0.923,1.3023,0.3378,5190.0
s4_offatr1_atr3-r3,2,7,nyam,78,-11982.0,-0.5087,0.8569,0.3333,3770.0
s4_offatr1_pts10-r0,2,8,all,212,2512.0,0.1767,1.0596,0.0566,410.0
s4_offatr1_pts10-r0,2,8,london,60,-7140.0,-1.8705,0.4129,0.0333,220.0
s4_offatr1_pts10-r0,2,8,pre,74,15074.0,1.2306,2.043,0.0811,410.0
s4_offatr1_pts10-r0,2,8,nyam,78,-5422.0,-0.9183,0.6509,0.0513,210.0
s4_offatr1_pts10-r1,2,9,all,212,-2863.0,-0.9608,0.8758,0.4858,410.0
s4_offatr1_pts10-r1,2,9,london,60,-2835.0,-1.8273,0.624,0.4,210.0
s4_offatr1_pts10-r1,2,9,pre,74,104.0,0.0581,1.0138,0.527,410.0
s4_offatr1_pts10-r1,2,9,nyam,78,-132.0,-0.0732,0.9834,0.5128,210.0
s4_offatr1_pts10-r2,2,10,all,212,767.0,0.1808,1.0265,0.3538,410.0
s4_offatr1_pts10-r2,2,10,london,60,-1685.0,-0.7769,0.8088,0.3,220.0
s4_offatr1_pts10-r2,2,10,pre,74,644.0,0.2524,1.0641,0.3649,410.0
s4_offatr1_pts10-r2,2,10,nyam,78,1808.0,0.6901,1.1795,0.3846,210.0
s4_offatr1_pts10-r3,2,11,all,212,1272.0,0.2434,1.0389,0.2689,410.0
s4_offatr1_pts10-r3,2,11,london,60,-2110.0,-0.8137,0.786,0.2167,220.0
s4_offatr1_pts10-r3,2,11,pre,74,2019.0,0.6288,1.182,0.2973,410.0
s4_offatr1_pts10-r3,2,11,nyam,78,1363.0,0.4229,1.116,0.2821,210.0
s4_offatr1_pts20-r0,2,12,all,212,12127.0,0.5776,1.1584,0.1179,415.0
s4_offatr1_pts20-r0,2,12,london,60,8480.0,0.6513,1.391,0.1167,410.0
s4_offatr1_pts20-r0,2,12,pre,74,22639.0,1.5128,1.8907,0.1622,415.0
s4_offatr1_pts20-r0,2,12,nyam,78,-18992.0,-3.0191,0.3557,0.0769,410.0
s4_offatr1_pts20-r1,2,13,all,212,-1423.0,-0.2421,0.9672,0.5,410.0
s4_offatr1_pts20-r1,2,13,london,60,-395.0,-0.1256,0.9678,0.5,410.0
s4_offatr1_pts20-r1,2,13,pre,74,1109.0,0.3184,1.0774,0.527,410.0
s4_offatr1_pts20-r1,2,13,nyam,78,-2137.0,-0.5977,0.8727,0.4744,410.0
s4_offatr1_pts20-r2,2,14,all,212,-3628.0,-0.4401,0.938,0.3255,410.0
s4_offatr1_pts20-r2,2,14,london,60,-2855.0,-0.6616,0.8339,0.3,410.0
s4_offatr1_pts20-r2,2,14,pre,74,1029.0,0.2064,1.0523,0.3514,410.0
s4_offatr1_pts20-r2,2,14,nyam,78,-1802.0,-0.3604,0.917,0.3205,410.0
s4_offatr1_pts20-r3,2,15,all,212,-1718.0,-0.1693,0.9736,0.25,410.0
s4_offatr1_pts20-r3,2,15,london,60,-2075.0,-0.3912,0.8898,0.2333,410.0
s4_offatr1_pts20-r3,2,15,pre,74,3394.0,0.5413,1.1562,0.2838,410.0
s4_offatr1_pts20-r3,2,15,nyam,78,-3037.0,-0.5051,0.8764,0.2308,410.0
s4_offatr1_pts30-r0,2,16,all,212,-218.0,-0.0093,0.998,0.1557,625.0
s4_offatr1_pts30-r0,2,16,london,60,8750.0,0.6043,1.2892,0.1667,625.0
s4_offatr1_pts30-r0,2,16,pre,74,19989.0,1.2073,1.5468,0.1892,610.0
s4_offatr1_pts30-r0,2,16,nyam,78,-28957.0,-4.1114,0.3033,0.1154,610.0
s4_offatr1_pts30-r1,2,17,all,212,-8698.0,-0.99,0.8727,0.4717,625.0
s4_offatr1_pts30-r1,2,17,london,60,-5275.0,-1.1288,0.7461,0.4333,625.0
s4_offatr1_pts30-r1,2,17,pre,74,714.0,0.1368,1.0326,0.5135,610.0
s4_offatr1_pts30-r1,2,17,nyam,78,-4137.0,-0.7745,0.8384,0.4615,610.0
s4_offatr1_pts30-r2,2,18,all,212,-8263.0,-0.6744,0.9065,0.316,625.0
s4_offatr1_pts30-r2,2,18,london,60,-5920.0,-0.9308,0.7745,0.2833,625.0
s4_offatr1_pts30-r2,2,18,pre,74,1854.0,0.2484,1.0634,0.3514,610.0
s4_offatr1_pts30-r2,2,18,nyam,78,-4197.0,-0.5667,0.8724,0.3077,610.0
s4_offatr1_pts30-r3,2,19,all,212,-14473.0,-0.9956,0.8544,0.2311,625.0
s4_offatr1_pts30-r3,2,19,london,60,-3365.0,-0.428,0.8802,0.2333,625.0
s4_offatr1_pts30-r3,2,19,pre,74,614.0,0.0675,1.0183,0.2568,610.0
s4_offatr1_pts30-r3,2,19,nyam,78,-11722.0,-1.4245,0.6897,0.2051,610.0
s4_offatr1_pts45-r0,2,20,all,212,-2313.0,-0.0825,0.9842,0.2217,925.0
s4_offatr1_pts45-r0,2,20,london,60,8250.0,0.4983,1.1986,0.2167,915.0
s4_offatr1_pts45-r0,2,20,pre,74,9349.0,0.5115,1.1776,0.2027,925.0
s4_offatr1_pts45-r0,2,20,nyam,78,-19912.0,-1.4951,0.6176,0.2436,905.0
s4_offatr1_pts45-r1,2,21,all,212,-15858.0,-1.2071,0.847,0.4623,915.0
s4_offatr1_pts45-r1,2,21,london,60,-7635.0,-1.0921,0.7532,0.4333,915.0
s4_offatr1_pts45-r1,2,21,pre,74,-9511.0,-1.228,0.7509,0.4324,905.0
s4_offatr1_pts45-r1,2,21,nyam,78,1288.0,0.1606,1.0373,0.5128,905.0
s4_offatr1_pts45-r2,2,22,all,212,-21813.0,-1.2253,0.8361,0.3066,925.0
s4_offatr1_pts45-r2,2,22,london,60,-3595.0,-0.3683,0.9036,0.3167,915.0
s4_offatr1_pts45-r2,2,22,pre,74,-9861.0,-0.9359,0.7927,0.2838,925.0
s4_offatr1_pts45-r2,2,22,nyam,78,-8357.0,-0.7844,0.8266,0.3205,905.0
s4_offatr1_pts45-r3,2,23,all,212,-23698.0,-1.1383,0.8335,0.25,925.0
s4_offatr1_pts45-r3,2,23,london,60,-8745.0,-0.788,0.7895,0.2167,915.0
s4_offatr1_pts45-r3,2,23,pre,74,-6846.0,-0.5339,0.8653,0.2297,925.0
s4_offatr1_pts45-r3,2,23,nyam,78,-8107.0,-0.6623,0.8379,0.2949,905.0
s4_offatr1_pct0p1-r0,2,24,all,212,20257.0,0.9474,1.2777,0.1226,465.0
s4_offatr1_pct0p1-r0,2,24,london,60,9740.0,0.7511,1.4768,0.1167,425.0
s4_offatr1_pct0p1-r0,2,24,pre,74,28474.0,1.8402,2.1828,0.1757,465.0
s4_offatr1_pct0p1-r0,2,24,nyam,78,-17957.0,-2.8652,0.3687,0.0769,445.0
s4_offatr1_pct0p1-r1,2,25,all,212,47.0,0.0083,1.0011,0.5094,465.0
s4_offatr1_pct0p1-r1,2,25,london,60,-1195.0,-0.4015,0.9006,0.4833,425.0
s4_offatr1_pct0p1-r1,2,25,pre,74,924.0,0.2739,1.0664,0.527,465.0
s4_offatr1_pct0p1-r1,2,25,nyam,78,318.0,0.0919,1.0212,0.5128,440.0
s4_offatr1_pct0p1-r2,2,26,all,212,2392.0,0.2965,1.0442,0.3491,465.0
s4_offatr1_pct0p1-r2,2,26,london,60,-510.0,-0.1216,0.9671,0.3333,425.0
s4_offatr1_pct0p1-r2,2,26,pre,74,4529.0,0.9168,1.2546,0.3919,465.0
s4_offatr1_pct0p1-r2,2,26,nyam,78,-1627.0,-0.3362,0.922,0.3205,440.0
s4_offatr1_pct0p1-r3,2,27,all,212,6137.0,0.6105,1.1015,0.2736,465.0
s4_offatr1_pct0p1-r3,2,27,london,60,-435.0,-0.0846,0.975,0.25,425.0
s4_offatr1_pct0p1-r3,2,27,pre,74,8069.0,1.2765,1.4086,0.3243,465.0
s4_offatr1_pct0p1-r3,2,27,nyam,78,-1497.0,-0.2535,0.9358,0.2436,445.0
s4_offatr1_pct0p2-r0,2,28,all,212,12702.0,0.4642,1.099,0.2028,900.0
s4_offatr1_pct0p2-r0,2,28,london,60,14875.0,0.9219,1.4261,0.2167,850.0
s4_offatr1_pct0p2-r0,2,28,pre,74,16384.0,0.9167,1.3593,0.2027,900.0
s4_offatr1_pct0p2-r0,2,28,nyam,78,-18557.0,-1.4435,0.6112,0.1923,890.0
s4_offatr1_pct0p2-r1,2,29,all,212,-7163.0,-0.6371,0.9158,0.4811,900.0
s4_offatr1_pct0p2-r1,2,29,london,60,-5055.0,-0.8568,0.8001,0.45,850.0
s4_offatr1_pct0p2-r1,2,29,pre,74,-311.0,-0.0463,0.9892,0.5,900.0
s4_offatr1_pct0p2-r1,2,29,nyam,78,-1797.0,-0.261,0.9421,0.4872,865.0
s4_offatr1_pct0p2-r2,2,30,all,212,-13788.0,-0.8897,0.8781,0.3113,900.0
s4_offatr1_pct0p2-r2,2,30,london,60,-2360.0,-0.2841,0.9245,0.3167,850.0
s4_offatr1_pct0p2-r2,2,30,pre,74,-6676.0,-0.7244,0.8354,0.2973,900.0
s4_offatr1_pct0p2-r2,2,30,nyam,78,-4752.0,-0.5054,0.8849,0.3205,890.0
s4_offatr1_pct0p2-r3,2,31,all,212,-4778.0,-0.2502,0.9608,0.2547,900.0
s4_offatr1_pct0p2-r3,2,31,london,60,2300.0,0.2206,1.0686,0.2667,850.0
s4_offatr1_pct0p2-r3,2,31,pre,74,-941.0,-0.0808,0.9782,0.2432,900.0
s4_offatr1_pct0p2-r3,2,31,nyam,78,-6137.0,-0.5524,0.8641,0.2564,890.0
s4_offptsA_atr1p5-r0,3,0,all,249,18864.0,0.5734,1.1166,0.2048,5090.0
s4_offptsA_atr1p5-r0,3,0,london,117,-6128.0,-0.29,0.9237,0.1624,5090.0
s4_offptsA_atr1p5-r0,3,0,pre,85,40360.0,1.7198,1.8077,0.2471,2080.0
s4_offptsA_atr1p5-r0,3,0,nyam,47,-15368.0,-1.8404,0.513,0.234,1690.0
s4_offptsA_atr1p5-r1,3,1,all,249,29749.0,2.0194,1.3339,0.5422,2080.0
s4_offptsA_atr1p5-r1,3,1,london,117,14982.0,1.4464,1.3741,0.5299,1730.0
s4_offptsA_atr1p5-r1,3,1,pre,85,6270.0,0.758,1.1955,0.5412,2080.0
s4_offptsA_atr1p5-r1,3,1,nyam,47,8497.0,1.3002,1.5004,0.5745,1430.0
s4_offptsA_atr1p5-r2,3,2,all,249,12724.0,0.6062,1.0946,0.3534,5090.0
s4_offptsA_atr1p5-r2,3,2,london,117,-13238.0,-0.9782,0.8055,0.3077,5090.0
s4_offptsA_atr1p5-r2,3,2,pre,85,15495.0,1.246,1.3694,0.3882,2080.0
s4_offptsA_atr1p5-r2,3,2,nyam,47,10467.0,1.0442,1.4268,0.4043,1690.0
s4_offptsA_atr1p5-r3,3,3,all,249,16944.0,0.6729,1.1138,0.2771,5090.0
s4_offptsA_atr1p5-r3,3,3,london,117,162.0,0.0096,1.0023,0.265,5090.0
s4_offptsA_atr1p5-r3,3,3,pre,85,22460.0,1.4093,1.4809,0.3059,2080.0
s4_offptsA_atr1p5-r3,3,3,nyam,47,-5678.0,-0.5856,0.8164,0.2553,1690.0
s4_offptsA_atr3-r0,3,4,all,249,-28071.0,-0.6937,0.8928,0.3052,10180.0
s4_offptsA_atr3-r0,3,4,london,117,-34148.0,-1.2397,0.7451,0.2735,10180.0
s4_offptsA_atr3-r0,3,4,pre,85,34135.0,1.2802,1.449,0.3412,3760.0
s4_offptsA_atr3-r0,3,4,nyam,47,-28058.0,-2.3562,0.4602,0.3191,3380.0
s4_offptsA_atr3-r1,3,5,all,249,-31516.0,-1.0866,0.8539,0.4578,10180.0
s4_offptsA_atr3-r1,3,5,london,117,-37933.0,-1.8889,0.6541,0.4274,10180.0
s4_offptsA_atr3-r1,3,5,pre,85,7180.0,0.4433,1.1122,0.4824,3760.0
s4_offptsA_atr3-r1,3,5,nyam,47,-763.0,-0.0579,0.9819,0.4894,3380.0
s4_offptsA_atr3-r2,3,6,all,249,-30346.0,-0.8386,0.8807,0.3414,10180.0
s4_offptsA_atr3-r2,3,6,london,117,-35843.0,-1.452,0.7221,0.3248,10180.0
s4_offptsA_atr3-r2,3,6,pre,85,21250.0,0.9582,1.2896,0.3765,3760.0
s4_offptsA_atr3-r2,3,6,nyam,47,-15753.0,-1.1126,0.697,0.3191,3380.0
s4_offptsA_atr3-r3,3,7,all,249,-23776.0,-0.5878,0.9092,0.3092,10180.0
s4_offptsA_atr3-r3,3,7,london,117,-36993.0,-1.3884,0.7239,0.2735,10180.0
s4_offptsA_atr3-r3,3,7,pre,85,35920.0,1.3393,1.4734,0.3529,3760.0
s4_offptsA_atr3-r3,3,7,nyam,47,-22703.0,-1.6772,0.5633,0.3191,3380.0
s4_offptsA_pts10-r0,3,8,all,249,-406.0,-0.0275,0.9917,0.0602,250.0
s4_offptsA_pts10-r0,3,8,london,117,-833.0,-0.085,0.9643,0.0513,250.0
s4_offptsA_pts10-r0,3,8,pre,85,3570.0,0.3517,1.2131,0.0588,210.0
s4_offptsA_pts10-r0,3,8,nyam,47,-3143.0,-0.6991,0.6512,0.0851,210.0
s4_offptsA_pts10-r1,3,9,all,249,1749.0,0.5466,1.0719,0.5341,210.0
s4_offptsA_pts10-r1,3,9,london,117,2652.0,1.2167,1.2531,0.5726,210.0
s4_offptsA_pts10-r1,3,9,pre,85,-775.0,-0.4122,0.914,0.4941,205.0
s4_offptsA_pts10-r1,3,9,nyam,47,-128.0,-0.091,0.9735,0.5106,210.0
s4_offptsA_pts10-r2,3,10,all,249,1104.0,0.2412,1.0327,0.3534,210.0
s4_offptsA_pts10-r2,3,10,london,117,-298.0,-0.0955,0.9815,0.3419,210.0
s4_offptsA_pts10-r2,3,10,pre,85,965.0,0.357,1.0853,0.3647,205.0
s4_offptsA_pts10-r2,3,10,nyam,47,437.0,0.2166,1.0694,0.3617,210.0
s4_offptsA_pts10-r3,3,11,all,249,914.0,0.1625,1.0238,0.2651,250.0
s4_offptsA_pts10-r3,3,11,london,117,377.0,0.0975,1.0208,0.265,250.0
s4_offptsA_pts10-r3,3,11,pre,85,725.0,0.2185,1.0558,0.2706,205.0
s4_offptsA_pts10-r3,3,11,nyam,47,-188.0,-0.0772,0.9744,0.2553,210.0
s4_offptsA_pts20-r0,3,12,all,249,21189.0,0.8706,1.236,0.1165,430.0
s4_offptsA_pts20-r0,3,12,london,117,2042.0,0.1318,1.0473,0.094,430.0
s4_offptsA_pts20-r0,3,12,pre,85,25745.0,1.4617,1.8618,0.1412,405.0
s4_offptsA_pts20-r0,3,12,nyam,47,-6598.0,-1.0544,0.6067,0.1277,405.0
s4_offptsA_pts20-r1,3,13,all,249,8389.0,1.324,1.1829,0.5502,420.0
s4_offptsA_pts20-r1,3,13,london,117,3622.0,0.8312,1.1667,0.547,420.0
s4_offptsA_pts20-r1,3,13,pre,85,4675.0,1.2671,1.3174,0.5765,405.0
s4_offptsA_pts20-r1,3,13,nyam,47,92.0,0.033,1.0098,0.5106,405.0
s4_offptsA_pts20-r2,3,14,all,249,1659.0,0.183,1.0248,0.3454,430.0
s4_offptsA_pts20-r2,3,14,london,117,-5793.0,-0.9654,0.8279,0.2991,430.0
s4_offptsA_pts20-r2,3,14,pre,85,6195.0,1.1314,1.2969,0.4,405.0
s4_offptsA_pts20-r2,3,14,nyam,47,1257.0,0.3132,1.1024,0.3617,405.0
s4_offptsA_pts20-r3,3,15,all,249,3959.0,0.3533,1.0528,0.2651,430.0
s4_offptsA_pts20-r3,3,15,london,117,-6238.0,-0.8599,0.8329,0.2222,430.0
s4_offptsA_pts20-r3,3,15,pre,85,6955.0,1.0139,1.2881,0.3059,405.0
s4_offptsA_pts20-r3,3,15,nyam,47,3242.0,0.6373,1.2401,0.2979,405.0
s4_offptsA_pts30-r0,3,16,all,249,18074.0,0.6488,1.1442,0.1647,635.0
s4_offptsA_pts30-r0,3,16,london,117,1767.0,0.0968,1.0292,0.1368,635.0
s4_offptsA_pts30-r0,3,16,pre,85,26355.0,1.335,1.6329,0.1882,610.0
s4_offptsA_pts30-r0,3,16,nyam,47,-10048.0,-1.4331,0.5659,0.1915,605.0
s4_offptsA_pts30-r1,3,17,all,249,3744.0,0.3931,1.0512,0.5181,620.0
s4_offptsA_pts30-r1,3,17,london,117,1002.0,0.153,1.0288,0.5128,620.0
s4_offptsA_pts30-r1,3,17,pre,85,4855.0,0.8735,1.2097,0.5529,605.0
s4_offptsA_pts30-r1,3,17,nyam,47,-2113.0,-0.5071,0.8612,0.4681,600.0
s4_offptsA_pts30-r2,3,18,all,249,9894.0,0.7236,1.1021,0.3614,635.0
s4_offptsA_pts30-r2,3,18,london,117,-958.0,-0.1036,0.9799,0.3333,635.0
s4_offptsA_pts30-r2,3,18,pre,85,6985.0,0.8635,1.2204,0.3882,605.0
s4_offptsA_pts30-r2,3,18,nyam,47,3867.0,0.636,1.219,0.383,600.0
s4_offptsA_pts30-r3,3,19,all,249,12089.0,0.7205,1.1108,0.2811,635.0
s4_offptsA_pts30-r3,3,19,london,117,-5258.0,-0.4786,0.9032,0.2393,635.0
s4_offptsA_pts30-r3,3,19,pre,85,16555.0,1.5832,1.485,0.3412,610.0
s4_offptsA_pts30-r3,3,19,nyam,47,792.0,0.111,1.0382,0.2766,605.0
s4_offptsA_pts45-r0,3,20,all,249,14079.0,0.4345,1.0831,0.2249,940.0
s4_offptsA_pts45-r0,3,20,london,117,-5763.0,-0.2743,0.9321,0.188,940.0
s4_offptsA_pts45-r0,3,20,pre,85,35575.0,1.5476,1.6758,0.2706,905.0
s4_offptsA_pts45-r0,3,20,nyam,47,-15733.0,-1.9132,0.5071,0.234,910.0
s4_offptsA_pts45-r1,3,21,all,249,-4436.0,-0.3107,0.9613,0.494,940.0
s4_offptsA_pts45-r1,3,21,london,117,-10778.0,-1.1034,0.815,0.453,940.0
s4_offptsA_pts45-r1,3,21,pre,85,7560.0,0.9082,1.2188,0.5529,905.0
s4_offptsA_pts45-r1,3,21,nyam,47,-1218.0,-0.1948,0.9442,0.4894,910.0
s4_offptsA_pts45-r2,3,22,all,249,-516.0,-0.026,0.9965,0.3414,940.0
s4_offptsA_pts45-r2,3,22,london,117,-14783.0,-1.1217,0.8019,0.2991,940.0
s4_offptsA_pts45-r2,3,22,pre,85,17730.0,1.4596,1.4054,0.4118,905.0
s4_offptsA_pts45-r2,3,22,nyam,47,-3463.0,-0.412,0.8787,0.3191,910.0
s4_offptsA_pts45-r3,3,23,all,249,-946.0,-0.0401,0.9941,0.2771,940.0
s4_offptsA_pts45-r3,3,23,london,117,-8193.0,-0.5089,0.8967,0.2479,940.0
s4_offptsA_pts45-r3,3,23,pre,85,12535.0,0.8665,1.2492,0.3176,905.0
s4_offptsA_pts45-r3,3,23,nyam,47,-5288.0,-0.5576,0.8259,0.2766,910.0
s4_offptsA_pct0p1-r0,3,24,all,249,24494.0,1.0091,1.2833,0.1165,445.0
s4_offptsA_pct0p1-r0,3,24,london,117,3642.0,0.2357,1.0877,0.094,445.0
s4_offptsA_pct0p1-r0,3,24,pre,85,26990.0,1.5367,1.9428,0.1412,445.0
s4_offptsA_pct0p1-r0,3,24,nyam,47,-6138.0,-0.9837,0.6238,0.1277,435.0
s4_offptsA_pct0p1-r1,3,25,all,249,6144.0,1.0034,1.1362,0.5462,445.0
s4_offptsA_pct0p1-r1,3,25,london,117,1857.0,0.4412,1.0856,0.5385,445.0
s4_offptsA_pct0p1-r1,3,25,pre,85,4175.0,1.1726,1.2918,0.5765,445.0
s4_offptsA_pct0p1-r1,3,25,nyam,47,112.0,0.0414,1.0123,0.5106,435.0
s4_offptsA_pct0p1-r2,3,26,all,249,1294.0,0.1486,1.0201,0.3494,445.0
s4_offptsA_pct0p1-r2,3,26,london,117,-5123.0,-0.8875,0.8408,0.3077,445.0
s4_offptsA_pct0p1-r2,3,26,pre,85,6620.0,1.2548,1.3338,0.4118,445.0
s4_offptsA_pct0p1-r2,3,26,nyam,47,-203.0,-0.0532,0.9836,0.3404,435.0
s4_offptsA_pct0p1-r3,3,27,all,249,4279.0,0.3965,1.0594,0.2691,445.0
s4_offptsA_pct0p1-r3,3,27,london,117,-6563.0,-0.9487,0.8178,0.2222,445.0
s4_offptsA_pct0p1-r3,3,27,pre,85,7930.0,1.1916,1.3464,0.3176,445.0
s4_offptsA_pct0p1-r3,3,27,nyam,47,2912.0,0.5936,1.2217,0.2979,435.0
s4_offptsA_pct0p2-r0,3,28,all,249,23074.0,0.7341,1.1521,0.2008,895.0
s4_offptsA_pct0p2-r0,3,28,london,117,-1423.0,-0.071,0.981,0.1624,895.0
s4_offptsA_pct0p2-r0,3,28,pre,85,37765.0,1.6699,1.7865,0.2471,890.0
s4_offptsA_pct0p2-r0,3,28,nyam,47,-13268.0,-1.6755,0.5405,0.2128,865.0
s4_offptsA_pct0p2-r1,3,29,all,249,49.0,0.004,1.0005,0.51,895.0
s4_offptsA_pct0p2-r1,3,29,london,117,-5473.0,-0.6528,0.8856,0.4786,895.0
s4_offptsA_pct0p2-r1,3,29,pre,85,8465.0,1.1924,1.2973,0.5765,890.0
s4_offptsA_pct0p2-r1,3,29,nyam,47,-2943.0,-0.5467,0.8509,0.4681,865.0
s4_offptsA_pct0p2-r2,3,30,all,249,2379.0,0.1383,1.0188,0.3494,895.0
s4_offptsA_pct0p2-r2,3,30,london,117,-11193.0,-0.9816,0.8247,0.2991,895.0
s4_offptsA_pct0p2-r2,3,30,pre,85,12540.0,1.2022,1.3193,0.4118,890.0
s4_offptsA_pct0p2-r2,3,30,nyam,47,1032.0,0.1373,1.0438,0.3617,865.0
s4_offptsA_pct0p2-r3,3,31,all,249,17084.0,0.798,1.1237,0.2892,895.0
s4_offptsA_pct0p2-r3,3,31,london,117,2022.0,0.1395,1.0303,0.265,895.0
s4_offptsA_pct0p2-r3,3,31,pre,85,17980.0,1.3717,1.4107,0.3412,890.0
s4_offptsA_pct0p2-r3,3,31,nyam,47,-2918.0,-0.3322,0.8938,0.2553,865.0
s4_offptsB_atr1p5-r0,4,0,all,229,14934.0,0.4692,1.0971,0.2052,5090.0
s4_offptsB_atr1p5-r0,4,0,london,77,-843.0,-0.0433,0.9857,0.1688,5090.0
s4_offptsB_atr1p5-r0,4,0,pre,88,34743.0,1.5093,1.6476,0.2159,2075.0
s4_offptsB_atr1p5-r0,4,0,nyam,64,-18966.0,-1.9689,0.5391,0.2344,1690.0
s4_offptsB_atr1p5-r1,4,1,all,229,17854.0,1.2253,1.1997,0.5284,2075.0
s4_offptsB_atr1p5-r1,4,1,london,77,5292.0,0.554,1.1644,0.4935,1925.0
s4_offptsB_atr1p5-r1,4,1,pre,88,7793.0,0.9359,1.2421,0.5568,2075.0
s4_offptsB_atr1p5-r1,4,1,nyam,64,4769.0,0.6513,1.1906,0.5312,1690.0
s4_offptsB_atr1p5-r2,4,2,all,229,9099.0,0.4429,1.0708,0.3537,5090.0
s4_offptsB_atr1p5-r2,4,2,london,77,-13503.0,-1.1212,0.7359,0.2987,5090.0
s4_offptsB_atr1p5-r2,4,2,pre,88,16433.0,1.3211,1.384,0.4091,2075.0
s4_offptsB_atr1p5-r2,4,2,nyam,64,6169.0,0.5625,1.1782,0.3438,1690.0
s4_offptsB_atr1p5-r3,4,3,all,229,9234.0,0.3798,1.065,0.2751,5090.0
s4_offptsB_atr1p5-r3,4,3,london,77,-4048.0,-0.2709,0.9243,0.2597,5090.0
s4_offptsB_atr1p5-r3,4,3,pre,88,16683.0,1.071,1.3384,0.2955,2075.0
s4_offptsB_atr1p5-r3,4,3,nyam,64,-3401.0,-0.3019,0.9135,0.2656,1690.0
s4_offptsB_atr3-r0,4,4,all,229,-20411.0,-0.501,0.9178,0.3057,10185.0
s4_offptsB_atr3-r0,4,4,london,77,-22418.0,-0.8944,0.7686,0.2597,10185.0
s4_offptsB_atr3-r0,4,4,pre,88,29233.0,1.071,1.3406,0.3182,3760.0
s4_offptsB_atr3-r0,4,4,nyam,64,-27226.0,-1.6434,0.5847,0.3438,3185.0
s4_offptsB_atr3-r1,4,5,all,229,-23656.0,-0.8259,0.8827,0.4672,10185.0
s4_offptsB_atr3-r1,4,5,london,77,-27248.0,-1.4839,0.6573,0.4286,10185.0
s4_offptsB_atr3-r1,4,5,pre,88,3108.0,0.1879,1.045,0.5,3760.0
s4_offptsB_atr3-r1,4,5,nyam,64,484.0,0.0334,1.0091,0.4688,3185.0
s4_offptsB_atr3-r2,4,6,all,229,-28236.0,-0.7938,0.883,0.3406,10185.0
s4_offptsB_atr3-r2,4,6,london,77,-33318.0,-1.5525,0.6495,0.2987,10185.0
s4_offptsB_atr3-r2,4,6,pre,88,13103.0,0.5841,1.1579,0.3523,3760.0
s4_offptsB_atr3-r2,4,6,nyam,64,-8021.0,-0.4644,0.8731,0.375,3185.0
s4_offptsB_atr3-r3,4,7,all,229,-24291.0,-0.6115,0.9022,0.3057,10185.0
s4_offptsB_atr3-r3,4,7,london,77,-27773.0,-1.1731,0.7133,0.2597,10185.0
s4_offptsB_atr3-r3,4,7,pre,88,24818.0,0.9446,1.2891,0.3182,3760.0
s4_offptsB_atr3-r3,4,7,nyam,64,-21336.0,-1.195,0.6746,0.3438,3185.0
s4_offptsB_pts10-r0,4,8,all,229,7039.0,0.4291,1.1541,0.0568,405.0
s4_offptsB_pts10-r0,4,8,london,77,717.0,0.0753,1.0467,0.0519,230.0
s4_offptsB_pts10-r0,4,8,pre,88,12193.0,0.9747,1.6938,0.0682,405.0
s4_offptsB_pts10-r0,4,8,nyam,64,-5871.0,-1.2508,0.5397,0.0469,205.0
s4_offptsB_pts10-r1,4,9,all,229,-3176.0,-1.0266,0.8726,0.4847,405.0
s4_offptsB_pts10-r1,4,9,london,77,-3573.0,-2.0328,0.6297,0.4026,210.0
s4_offptsB_pts10-r1,4,9,pre,88,413.0,0.2125,1.0469,0.5341,405.0
s4_offptsB_pts10-r1,4,9,nyam,64,-16.0,-0.0098,0.9975,0.5156,205.0
s4_offptsB_pts10-r2,4,10,all,229,-3581.0,-0.8287,0.8911,0.3231,405.0
s4_offptsB_pts10-r2,4,10,london,77,-4068.0,-1.7322,0.6607,0.2597,230.0
s4_offptsB_pts10-r2,4,10,pre,88,558.0,0.1999,1.0461,0.3636,405.0
s4_offptsB_pts10-r2,4,10,nyam,64,-71.0,-0.0306,0.9919,0.3438,205.0
s4_offptsB_pts10-r3,4,11,all,229,-6516.0,-1.2677,0.8263,0.2271,405.0
s4_offptsB_pts10-r3,4,11,london,77,-4903.0,-1.7849,0.6299,0.1818,230.0
s4_offptsB_pts10-r3,4,11,pre,88,-1917.0,-0.5857,0.8672,0.2386,405.0
s4_offptsB_pts10-r3,4,11,nyam,64,304.0,0.106,1.0309,0.2656,205.0
s4_offptsB_pts20-r0,4,12,all,229,10439.0,0.4817,1.126,0.1135,450.0
s4_offptsB_pts20-r0,4,12,london,77,2922.0,0.2163,1.1029,0.0909,450.0
s4_offptsB_pts20-r0,4,12,pre,88,17938.0,1.1591,1.576,0.1364,415.0
s4_offptsB_pts20-r0,4,12,nyam,64,-10421.0,-1.5292,0.553,0.1094,400.0
s4_offptsB_pts20-r1,4,13,all,229,-9251.0,-1.5189,0.818,0.4585,450.0
s4_offptsB_pts20-r1,4,13,london,77,-5813.0,-1.6551,0.6855,0.4156,450.0
s4_offptsB_pts20-r1,4,13,pre,88,-607.0,-0.1597,0.9663,0.5,415.0
s4_offptsB_pts20-r1,4,13,nyam,64,-2831.0,-0.8762,0.8022,0.4531,400.0
s4_offptsB_pts20-r2,4,14,all,229,-10656.0,-1.2699,0.8375,0.3013,450.0
s4_offptsB_pts20-r2,4,14,london,77,-9898.0,-2.1943,0.5914,0.2338,450.0
s4_offptsB_pts20-r2,4,14,pre,88,113.0,0.021,1.0048,0.3409,415.0
s4_offptsB_pts20-r2,4,14,nyam,64,-871.0,-0.1909,0.9505,0.3281,400.0
s4_offptsB_pts20-r3,4,15,all,229,-3921.0,-0.3746,0.9447,0.2445,450.0
s4_offptsB_pts20-r3,4,15,london,77,-9118.0,-1.666,0.6474,0.1818,450.0
s4_offptsB_pts20-r3,4,15,pre,88,7298.0,1.0446,1.292,0.3068,415.0
s4_offptsB_pts20-r3,4,15,nyam,64,-2101.0,-0.3832,0.8952,0.2344,400.0
s4_offptsB_pts30-r0,4,16,all,229,11344.0,0.4298,1.0967,0.1528,625.0
s4_offptsB_pts30-r0,4,16,london,77,3697.0,0.2333,1.0924,0.1299,625.0
s4_offptsB_pts30-r0,4,16,pre,88,22728.0,1.177,1.511,0.1705,605.0
s4_offptsB_pts30-r0,4,16,nyam,64,-15081.0,-1.8142,0.5415,0.1562,605.0
s4_offptsB_pts30-r1,4,17,all,229,-7001.0,-0.7663,0.9035,0.4803,625.0
s4_offptsB_pts30-r1,4,17,london,77,-7198.0,-1.3648,0.7321,0.4286,625.0
s4_offptsB_pts30-r1,4,17,pre,88,3028.0,0.5338,1.1212,0.5341,605.0
s4_offptsB_pts30-r1,4,17,nyam,64,-2831.0,-0.5838,0.8633,0.4688,605.0
s4_offptsB_pts30-r2,4,18,all,229,-4176.0,-0.325,0.9555,0.3275,625.0
s4_offptsB_pts30-r2,4,18,london,77,-10863.0,-1.5528,0.6877,0.2597,625.0
s4_offptsB_pts30-r2,4,18,pre,88,5958.0,0.7226,1.1778,0.375,605.0
s4_offptsB_pts30-r2,4,18,nyam,64,729.0,0.1055,1.0285,0.3438,605.0
s4_offptsB_pts30-r3,4,19,all,229,5729.0,0.3573,1.0559,0.2664,625.0
s4_offptsB_pts30-r3,4,19,london,77,-1268.0,-0.1384,0.9642,0.2468,625.0
s4_offptsB_pts30-r3,4,19,pre,88,4113.0,0.407,1.1055,0.2727,605.0
s4_offptsB_pts30-r3,4,19,nyam,64,2884.0,0.3374,1.1029,0.2812,605.0
s4_offptsB_pts45-r0,4,20,all,229,13164.0,0.426,1.0829,0.2183,990.0
s4_offptsB_pts45-r0,4,20,london,77,10097.0,0.5251,1.1859,0.1948,915.0
s4_offptsB_pts45-r0,4,20,pre,88,23718.0,1.0773,1.3901,0.2159,990.0
s4_offptsB_pts45-r0,4,20,nyam,64,-20651.0,-2.1273,0.5268,0.25,905.0
s4_offptsB_pts45-r1,4,21,all,229,2889.0,0.211,1.0283,0.5109,990.0
s4_offptsB_pts45-r1,4,21,london,77,-3233.0,-0.4057,0.9111,0.4805,915.0
s4_offptsB_pts45-r1,4,21,pre,88,4738.0,0.5569,1.1268,0.5341,990.0
s4_offptsB_pts45-r1,4,21,nyam,64,1384.0,0.1903,1.0491,0.5156,905.0
s4_offptsB_pts45-r2,4,22,all,229,10304.0,0.5299,1.0774,0.3581,990.0
s4_offptsB_pts45-r2,4,22,london,77,3012.0,0.2641,1.0662,0.3506,915.0
s4_offptsB_pts45-r2,4,22,pre,88,7098.0,0.5794,1.1409,0.3636,990.0
s4_offptsB_pts45-r2,4,22,nyam,64,194.0,0.0193,1.0052,0.3594,905.0
s4_offptsB_pts45-r3,4,23,all,229,12669.0,0.538,1.0864,0.2882,990.0
s4_offptsB_pts45-r3,4,23,london,77,5347.0,0.3817,1.1062,0.2727,915.0
s4_offptsB_pts45-r3,4,23,pre,88,12823.0,0.84,1.2318,0.2955,990.0
s4_offptsB_pts45-r3,4,23,nyam,64,-5501.0,-0.4864,0.8655,0.2969,905.0
s4_offptsB_pct0p1-r0,4,24,all,229,11524.0,0.5349,1.144,0.1092,450.0
s4_offptsB_pct0p1-r0,4,24,london,77,4257.0,0.3162,1.1573,0.0909,450.0
s4_offptsB_pct0p1-r0,4,24,pre,88,19018.0,1.2322,1.6326,0.1364,445.0
s4_offptsB_pct0p1-r0,4,24,nyam,64,-11751.0,-1.8043,0.4868,0.0938,445.0
s4_offptsB_pct0p1-r1,4,25,all,229,-6296.0,-1.0713,0.8675,0.476,450.0
s4_offptsB_pct0p1-r1,4,25,london,77,-5213.0,-1.5507,0.7013,0.4286,450.0
s4_offptsB_pct0p1-r1,4,25,pre,88,2353.0,0.6419,1.1479,0.5455,445.0
s4_offptsB_pct0p1-r1,4,25,nyam,64,-3436.0,-1.1049,0.7571,0.4375,440.0
s4_offptsB_pct0p1-r2,4,26,all,229,-5691.0,-0.6935,0.9074,0.3188,450.0
s4_offptsB_pct0p1-r2,4,26,london,77,-5148.0,-1.1265,0.7621,0.2857,450.0
s4_offptsB_pct0p1-r2,4,26,pre,88,1423.0,0.2699,1.0632,0.3523,445.0
s4_offptsB_pct0p1-r2,4,26,nyam,64,-1966.0,-0.4515,0.8865,0.3125,440.0
s4_offptsB_pct0p1-r3,4,27,all,229,-3631.0,-0.3596,0.9467,0.2445,450.0
s4_offptsB_pct0p1-r3,4,27,london,77,-8843.0,-1.699,0.6419,0.1818,450.0
s4_offptsB_pct0p1-r3,4,27,pre,88,7453.0,1.0948,1.3101,0.3068,445.0
s4_offptsB_pct0p1-r3,4,27,nyam,64,-2241.0,-0.4257,0.8843,0.2344,445.0
s4_offptsB_pct0p2-r0,4,28,all,229,14789.0,0.5094,1.1055,0.1965,895.0
s4_offptsB_pct0p2-r0,4,28,london,77,12632.0,0.6902,1.2676,0.1818,860.0
s4_offptsB_pct0p2-r0,4,28,pre,88,20468.0,0.9953,1.378,0.1932,895.0
s4_offptsB_pct0p2-r0,4,28,nyam,64,-18311.0,-2.0391,0.5279,0.2188,890.0
s4_offptsB_pct0p2-r1,4,29,all,229,-4456.0,-0.3805,0.9507,0.4891,895.0
s4_offptsB_pct0p2-r1,4,29,london,77,-2413.0,-0.357,0.9212,0.4805,860.0
s4_offptsB_pct0p2-r1,4,29,pre,88,1038.0,0.1418,1.0309,0.5114,895.0
s4_offptsB_pct0p2-r1,4,29,nyam,64,-3081.0,-0.4941,0.8827,0.4688,865.0
s4_offptsB_pct0p2-r2,4,30,all,229,-2816.0,-0.1709,0.9762,0.3319,895.0
s4_offptsB_pct0p2-r2,4,30,london,77,-1548.0,-0.1623,0.9612,0.3247,860.0
s4_offptsB_pct0p2-r2,4,30,pre,88,1413.0,0.1353,1.0313,0.3409,895.0
s4_offptsB_pct0p2-r2,4,30,nyam,64,-2681.0,-0.3125,0.9196,0.3281,890.0
s4_offptsB_pct0p2-r3,4,31,all,229,8584.0,0.4186,1.0665,0.2707,895.0
s4_offptsB_pct0p2-r3,4,31,london,77,-528.0,-0.0449,0.9881,0.2468,860.0
s4_offptsB_pct0p2-r3,4,31,pre,88,9723.0,0.7299,1.1988,0.2841,895.0
s4_offptsB_pct0p2-r3,4,31,nyam,64,-611.0,-0.0589,0.9829,0.2812,890.0
s5_offatr0p25_atr1p5-r0,0,0,all,252,43222.0,1.2865,1.2715,0.2183,2575.0
s5_offatr0p25_atr1p5-r0,0,0,london,117,7807.0,0.3632,1.1042,0.188,2575.0
s5_offatr0p25_atr1p5-r0,0,0,pre,94,29174.0,1.2919,1.5115,0.234,1770.0
s5_offatr0p25_atr1p5-r0,0,0,nyam,41,6241.0,0.4896,1.2294,0.2683,1720.0
s5_offatr0p25_atr1p5-r1,0,1,all,252,11692.0,0.788,1.1187,0.5198,2575.0
s5_offatr0p25_atr1p5-r1,0,1,london,117,17042.0,1.8067,1.4445,0.5812,2575.0
s5_offatr0p25_atr1p5-r1,0,1,pre,94,639.0,0.0793,1.0175,0.5,1675.0
s5_offatr0p25_atr1p5-r1,0,1,nyam,41,-5989.0,-0.7395,0.7472,0.3902,1720.0
s5_offatr0p25_atr1p5-r2,0,2,all,252,4602.0,0.2093,1.0335,0.3373,2575.0
s5_offatr0p25_atr1p5-r2,0,2,london,117,3052.0,0.2295,1.0496,0.359,2575.0
s5_offatr0p25_atr1p5-r2,0,2,pre,94,2184.0,0.188,1.045,0.3404,1675.0
s5_offatr0p25_atr1p5-r2,0,2,nyam,41,-634.0,-0.0477,0.9767,0.2683,1720.0
s5_offatr0p25_atr1p5-r3,0,3,all,252,23062.0,0.9428,1.1573,0.2897,2575.0
s5_offatr0p25_atr1p5-r3,0,3,london,117,12002.0,0.7247,1.1792,0.2906,2575.0
s5_offatr0p25_atr1p5-r3,0,3,pre,94,9379.0,0.6533,1.179,0.2979,1770.0
s5_offatr0p25_atr1p5-r3,0,3,nyam,41,1681.0,0.1516,1.0618,0.2683,1720.0
s5_offatr0p25_atr3-r0,0,4,all,252,48067.0,1.1062,1.2008,0.3571,5055.0
s5_offatr0p25_atr3-r0,0,4,london,117,15457.0,0.5554,1.1395,0.359,5055.0
s5_offatr0p25_atr3-r0,0,4,pre,94,35629.0,1.2054,1.4151,0.3617,3345.0
s5_offatr0p25_atr3-r0,0,4,nyam,41,-3019.0,-0.1918,0.9295,0.3415,2845.0
s5_offatr0p25_atr3-r1,0,5,all,252,19737.0,0.6792,1.1033,0.5198,5055.0
s5_offatr0p25_atr3-r1,0,5,london,117,22557.0,1.2085,1.2821,0.5641,5055.0
s5_offatr0p25_atr3-r1,0,5,pre,94,-646.0,-0.0407,0.991,0.5106,3345.0
s5_offatr0p25_atr3-r1,0,5,nyam,41,-2174.0,-0.1376,0.9446,0.4146,2845.0
s5_offatr0p25_atr3-r2,0,6,all,252,21162.0,0.5978,1.0911,0.3968,5055.0
s5_offatr0p25_atr3-r2,0,6,london,117,11287.0,0.4748,1.1055,0.4103,5055.0
s5_offatr0p25_atr3-r2,0,6,pre,94,7114.0,0.3428,1.0849,0.3936,3345.0
s5_offatr0p25_atr3-r2,0,6,nyam,41,2761.0,0.1685,1.0663,0.3659,2845.0
s5_offatr0p25_atr3-r3,0,7,all,252,41947.0,1.0421,1.1764,0.3651,5055.0
s5_offatr0p25_atr3-r3,0,7,london,117,8377.0,0.328,1.0756,0.359,5055.0
s5_offatr0p25_atr3-r3,0,7,pre,94,24979.0,0.9954,1.2926,0.3723,3345.0
s5_offatr0p25_atr3-r3,0,7,nyam,41,8591.0,0.4588,1.2063,0.3659,2845.0
s5_offatr0p25_pts10-r0,0,8,all,252,6642.0,0.3641,1.1315,0.0437,215.0
s5_offatr0p25_pts10-r0,0,8,london,117,3497.0,0.2695,1.1489,0.0427,215.0
s5_offatr0p25_pts10-r0,0,8,pre,94,11724.0,0.918,1.6364,0.0638,205.0
s5_offatr0p25_pts10-r0,0,8,nyam,41,-8579.0,-857.9,0.0,0.0,210.0
s5_offatr0p25_pts10-r1,0,9,all,252,-1293.0,-0.4009,0.9506,0.504,210.0
s5_offatr0p25_pts10-r1,0,9,london,117,2242.0,1.0255,1.2096,0.5641,210.0
s5_offatr0p25_pts10-r1,0,9,pre,94,-1436.0,-0.7276,0.86,0.4787,205.0
s5_offatr0p25_pts10-r1,0,9,nyam,41,-2099.0,-1.6373,0.599,0.3902,210.0
s5_offatr0p25_pts10-r2,0,10,all,252,-6783.0,-1.5342,0.8161,0.3016,215.0
s5_offatr0p25_pts10-r2,0,10,london,117,-2133.0,-0.6968,0.873,0.3162,215.0
s5_offatr0p25_pts10-r2,0,10,pre,94,-911.0,-0.3284,0.9309,0.3298,205.0
s5_offatr0p25_pts10-r2,0,10,nyam,41,-3739.0,-2.4044,0.4587,0.1951,210.0
s5_offatr0p25_pts10-r3,0,11,all,252,-6883.0,-1.2839,0.8315,0.2262,215.0
s5_offatr0p25_pts10-r3,0,11,london,117,-1978.0,-0.5295,0.8941,0.2393,215.0
s5_offatr0p25_pts10-r3,0,11,pre,94,-1156.0,-0.3425,0.9222,0.2447,205.0
s5_offatr0p25_pts10-r3,0,11,nyam,41,-3749.0,-2.0318,0.4882,0.1463,210.0
s5_offatr0p25_pts20-r0,0,12,all,252,38652.0,1.5418,1.4328,0.131,415.0
s5_offatr0p25_pts20-r0,0,12,london,117,18597.0,1.0587,1.4488,0.1282,415.0
s5_offatr0p25_pts20-r0,0,12,pre,94,18614.0,1.1573,1.5618,0.1383,405.0
s5_offatr0p25_pts20-r0,0,12,nyam,41,1441.0,0.1789,1.0978,0.122,405.0
s5_offatr0p25_pts20-r1,0,13,all,252,-4928.0,-0.7695,0.9074,0.4841,415.0
s5_offatr0p25_pts20-r1,0,13,london,117,-2028.0,-0.4633,0.9176,0.4872,415.0
s5_offatr0p25_pts20-r1,0,13,pre,94,-1421.0,-0.3622,0.9276,0.4894,405.0
s5_offatr0p25_pts20-r1,0,13,nyam,41,-1479.0,-0.5682,0.8357,0.4634,405.0
s5_offatr0p25_pts20-r2,0,14,all,252,4107.0,0.4481,1.0615,0.3532,415.0
s5_offatr0p25_pts20-r2,0,14,london,117,8722.0,1.358,1.304,0.4017,415.0
s5_offatr0p25_pts20-r2,0,14,pre,94,109.0,0.0196,1.0043,0.3404,405.0
s5_offatr0p25_pts20-r2,0,14,nyam,41,-4724.0,-1.408,0.6276,0.2439,405.0
s5_offatr0p25_pts20-r3,0,15,all,252,-428.0,-0.0385,0.9944,0.254,415.0
s5_offatr0p25_pts20-r3,0,15,london,117,9857.0,1.2241,1.2969,0.3077,415.0
s5_offatr0p25_pts20-r3,0,15,pre,94,-4746.0,-0.7283,0.8411,0.2234,405.0
s5_offatr0p25_pts20-r3,0,15,nyam,41,-5539.0,-1.4147,0.6018,0.1707,405.0
s5_offatr0p25_pts30-r0,0,16,all,252,35022.0,1.2453,1.2791,0.1746,635.0
s5_offatr0p25_pts30-r0,0,16,london,117,3957.0,0.215,1.0661,0.1453,635.0
s5_offatr0p25_pts30-r0,0,16,pre,94,22659.0,1.253,1.4978,0.2021,605.0
s5_offatr0p25_pts30-r0,0,16,nyam,41,8406.0,0.7394,1.4179,0.1951,605.0
s5_offatr0p25_pts30-r1,0,17,all,252,3127.0,0.3263,1.0421,0.5159,615.0
s5_offatr0p25_pts30-r1,0,17,london,117,8247.0,1.2697,1.2652,0.5641,615.0
s5_offatr0p25_pts30-r1,0,17,pre,94,-1826.0,-0.3109,0.9376,0.4894,605.0
s5_offatr0p25_pts30-r1,0,17,nyam,41,-3294.0,-0.8492,0.7651,0.439,605.0
s5_offatr0p25_pts30-r2,0,18,all,252,7097.0,0.517,1.0714,0.3532,615.0
s5_offatr0p25_pts30-r2,0,18,london,117,15342.0,1.59,1.3647,0.4103,615.0
s5_offatr0p25_pts30-r2,0,18,pre,94,-1306.0,-0.1579,0.966,0.3298,605.0
s5_offatr0p25_pts30-r2,0,18,nyam,41,-6939.0,-1.3804,0.6328,0.2439,605.0
s5_offatr0p25_pts30-r3,0,19,all,252,5867.0,0.3498,1.052,0.2659,615.0
s5_offatr0p25_pts30-r3,0,19,london,117,3257.0,0.2824,1.0621,0.265,615.0
s5_offatr0p25_pts30-r3,0,19,pre,94,5954.0,0.5722,1.1459,0.2872,605.0
s5_offatr0p25_pts30-r3,0,19,nyam,41,-3344.0,-0.518,0.8286,0.2195,605.0
s5_offatr0p25_pts45-r0,0,20,all,252,17652.0,0.5672,1.1032,0.2341,925.0
s5_offatr0p25_pts45-r0,0,20,london,117,-533.0,-0.0254,0.9935,0.2137,925.0
s5_offatr0p25_pts45-r0,0,20,pre,94,11774.0,0.6082,1.1904,0.2447,905.0
s5_offatr0p25_pts45-r0,0,20,nyam,41,6411.0,0.5075,1.235,0.2683,905.0
s5_offatr0p25_pts45-r1,0,21,all,252,12717.0,0.8873,1.1185,0.5317,925.0
s5_offatr0p25_pts45-r1,0,21,london,117,19927.0,2.0711,1.4656,0.5983,925.0
s5_offatr0p25_pts45-r1,0,21,pre,94,1189.0,0.1352,1.0284,0.5106,905.0
s5_offatr0p25_pts45-r1,0,21,nyam,41,-8399.0,-1.4711,0.6306,0.3902,905.0
s5_offatr0p25_pts45-r2,0,22,all,252,14572.0,0.7161,1.1008,0.369,925.0
s5_offatr0p25_pts45-r2,0,22,london,117,5552.0,0.4017,1.0824,0.3675,925.0
s5_offatr0p25_pts45-r2,0,22,pre,94,11134.0,0.8833,1.2148,0.3936,905.0
s5_offatr0p25_pts45-r2,0,22,nyam,41,-2114.0,-0.259,0.917,0.3171,905.0
s5_offatr0p25_pts45-r3,0,23,all,252,19222.0,0.7788,1.1211,0.2976,925.0
s5_offatr0p25_pts45-r3,0,23,london,117,3487.0,0.2101,1.0462,0.2821,925.0
s5_offatr0p25_pts45-r3,0,23,pre,94,12144.0,0.7973,1.2136,0.3191,905.0
s5_offatr0p25_pts45-r3,0,23,nyam,41,3591.0,0.3483,1.1362,0.2927,905.0
s5_offatr0p25_pct0p1-r0,0,24,all,252,40992.0,1.6364,1.4733,0.127,465.0
s5_offatr0p25_pct0p1-r0,0,24,london,117,19967.0,1.1397,1.4984,0.1282,465.0
s5_offatr0p25_pct0p1-r0,0,24,pre,94,19234.0,1.1936,1.5982,0.1277,445.0
s5_offatr0p25_pct0p1-r0,0,24,nyam,41,1791.0,0.2228,1.1245,0.122,445.0
s5_offatr0p25_pct0p1-r1,0,25,all,252,-4998.0,-0.8086,0.9027,0.4841,465.0
s5_offatr0p25_pct0p1-r1,0,25,london,117,-1523.0,-0.3617,0.9349,0.4957,465.0
s5_offatr0p25_pct0p1-r1,0,25,pre,94,-3066.0,-0.8133,0.8446,0.4681,445.0
s5_offatr0p25_pct0p1-r1,0,25,nyam,41,-409.0,-0.1599,0.9506,0.4878,445.0
s5_offatr0p25_pct0p1-r2,0,26,all,252,2537.0,0.2879,1.0392,0.3492,465.0
s5_offatr0p25_pct0p1-r2,0,26,london,117,6072.0,0.9902,1.2145,0.3846,465.0
s5_offatr0p25_pct0p1-r2,0,26,pre,94,1069.0,0.1984,1.0445,0.3511,445.0
s5_offatr0p25_pct0p1-r2,0,26,nyam,41,-4604.0,-1.3998,0.6284,0.2439,445.0
s5_offatr0p25_pct0p1-r3,0,27,all,252,-3393.0,-0.3193,0.9547,0.246,465.0
s5_offatr0p25_pct0p1-r3,0,27,london,117,7872.0,1.0248,1.2439,0.2991,465.0
s5_offatr0p25_pct0p1-r3,0,27,pre,94,-5891.0,-0.9508,0.7971,0.2128,445.0
s5_offatr0p25_pct0p1-r3,0,27,nyam,41,-5374.0,-1.3974,0.6043,0.1707,445.0
s5_offatr0p25_pct0p2-r0,0,28,all,252,28622.0,0.9499,1.188,0.2063,890.0
s5_offatr0p25_pct0p2-r0,0,28,london,117,3877.0,0.1932,1.0539,0.188,880.0
s5_offatr0p25_pct0p2-r0,0,28,pre,94,15844.0,0.8373,1.2838,0.2128,890.0
s5_offatr0p25_pct0p2-r0,0,28,nyam,41,8901.0,0.7196,1.3635,0.2439,890.0
s5_offatr0p25_pct0p2-r1,0,29,all,252,8052.0,0.6544,1.0863,0.5238,890.0
s5_offatr0p25_pct0p2-r1,0,29,london,117,18992.0,2.3206,1.5355,0.6068,880.0
s5_offatr0p25_pct0p2-r1,0,29,pre,94,-3611.0,-0.48,0.9051,0.4787,845.0
s5_offatr0p25_pct0p2-r1,0,29,nyam,41,-7329.0,-1.474,0.6292,0.3902,890.0
s5_offatr0p25_pct0p2-r2,0,30,all,252,7617.0,0.4347,1.0601,0.3532,890.0
s5_offatr0p25_pct0p2-r2,0,30,london,117,13972.0,1.1472,1.2538,0.3932,880.0
s5_offatr0p25_pct0p2-r2,0,30,pre,94,-2416.0,-0.23,0.9506,0.3298,890.0
s5_offatr0p25_pct0p2-r2,0,30,nyam,41,-3939.0,-0.5637,0.8275,0.2927,890.0
s5_offatr0p25_pct0p2-r3,0,31,all,252,13442.0,0.6236,1.0956,0.2778,890.0
s5_offatr0p25_pct0p2-r3,0,31,london,117,7747.0,0.5249,1.1195,0.2821,880.0
s5_offatr0p25_pct0p2-r3,0,31,pre,94,3394.0,0.2616,1.065,0.2766,890.0
s5_offatr0p25_pct0p2-r3,0,31,nyam,41,2301.0,0.2538,1.0973,0.2683,890.0
s5_offatr0p5_atr1p5-r0,1,0,all,250,76280.0,2.1061,1.5018,0.236,2580.0
s5_offatr0p5_atr1p5-r0,1,0,london,104,32304.0,1.4771,1.5403,0.2212,2580.0
s5_offatr0p5_atr1p5-r0,1,0,pre,97,43867.0,1.7017,1.7462,0.2474,1925.0
s5_offatr0p5_atr1p5-r0,1,0,nyam,49,109.0,0.0083,1.0033,0.2449,1720.0
s5_offatr0p5_atr1p5-r1,1,1,all,250,17895.0,1.2092,1.1889,0.528,2580.0
s5_offatr0p5_atr1p5-r1,1,1,london,104,16844.0,2.0333,1.543,0.5865,2580.0
s5_offatr0p5_atr1p5-r1,1,1,pre,97,7527.0,0.8531,1.2065,0.5258,1825.0
s5_offatr0p5_atr1p5-r1,1,1,nyam,49,-6476.0,-0.7648,0.7624,0.4082,1720.0
s5_offatr0p5_atr1p5-r2,1,2,all,250,17910.0,0.8823,1.1374,0.36,2580.0
s5_offatr0p5_atr1p5-r2,1,2,london,104,12914.0,1.0588,1.2676,0.3942,2580.0
s5_offatr0p5_atr1p5-r2,1,2,pre,97,13357.0,1.0107,1.2706,0.3711,1925.0
s5_offatr0p5_atr1p5-r2,1,2,nyam,49,-8361.0,-0.8893,0.7446,0.2653,1720.0
s5_offatr0p5_atr1p5-r3,1,3,all,250,29715.0,1.1984,1.2076,0.296,2580.0
s5_offatr0p5_atr1p5-r3,1,3,london,104,16399.0,1.105,1.3004,0.3173,2580.0
s5_offatr0p5_atr1p5-r3,1,3,pre,97,17547.0,1.0613,1.3183,0.299,1925.0
s5_offatr0p5_atr1p5-r3,1,3,nyam,49,-4231.0,-0.3806,0.8735,0.2449,1720.0
s5_offatr0p5_atr3-r0,1,4,all,250,72375.0,1.7079,1.322,0.38,5150.0
s5_offatr0p5_atr3-r0,1,4,london,104,32599.0,1.2407,1.3561,0.375,5150.0
s5_offatr0p5_atr3-r0,1,4,pre,97,40487.0,1.3894,1.4586,0.3814,3850.0
s5_offatr0p5_atr3-r0,1,4,nyam,49,-711.0,-0.0438,0.9842,0.3878,2850.0
s5_offatr0p5_atr3-r1,1,5,all,250,29765.0,1.1038,1.167,0.532,5150.0
s5_offatr0p5_atr3-r1,1,5,london,104,19974.0,1.2164,1.3003,0.5673,5150.0
s5_offatr0p5_atr3-r1,1,5,pre,97,5277.0,0.3027,1.0699,0.5052,3850.0
s5_offatr0p5_atr3-r1,1,5,nyam,49,4514.0,0.3583,1.1246,0.5102,2850.0
s5_offatr0p5_atr3-r2,1,6,all,250,48720.0,1.3509,1.2239,0.416,5150.0
s5_offatr0p5_atr3-r2,1,6,london,104,18029.0,0.8314,1.2038,0.4231,5150.0
s5_offatr0p5_atr3-r2,1,6,pre,97,19047.0,0.8144,1.2201,0.4021,3850.0
s5_offatr0p5_atr3-r2,1,6,nyam,49,11644.0,0.6788,1.2734,0.4286,2850.0
s5_offatr0p5_atr3-r3,1,7,all,250,67815.0,1.6577,1.3033,0.384,5150.0
s5_offatr0p5_atr3-r3,1,7,london,104,25434.0,1.0392,1.2778,0.375,5150.0
s5_offatr0p5_atr3-r3,1,7,pre,97,31487.0,1.1715,1.3567,0.3814,3850.0
s5_offatr0p5_atr3-r3,1,7,nyam,49,10894.0,0.5697,1.2489,0.4082,2850.0
s5_offatr0p5_pts10-r0,1,8,all,250,22360.0,1.1185,1.4595,0.072,215.0
s5_offatr0p5_pts10-r0,1,8,london,104,13664.0,1.0064,1.6783,0.0769,215.0
s5_offatr0p5_pts10-r0,1,8,pre,97,16607.0,1.1452,1.8902,0.0825,215.0
s5_offatr0p5_pts10-r0,1,8,nyam,49,-7911.0,-4.2426,0.1979,0.0408,210.0
s5_offatr0p5_pts10-r1,1,9,all,250,-6175.0,-1.9284,0.7835,0.456,215.0
s5_offatr0p5_pts10-r1,1,9,london,104,-2321.0,-1.12,0.8022,0.4615,215.0
s5_offatr0p5_pts10-r1,1,9,pre,97,-3298.0,-1.6574,0.714,0.433,215.0
s5_offatr0p5_pts10-r1,1,9,nyam,49,-556.0,-0.3869,0.8943,0.4898,210.0
s5_offatr0p5_pts10-r2,1,10,all,250,-3970.0,-0.8867,0.8887,0.32,215.0
s5_offatr0p5_pts10-r2,1,10,london,104,-596.0,-0.2032,0.9588,0.3365,215.0
s5_offatr0p5_pts10-r2,1,10,pre,97,-2168.0,-0.7823,0.8457,0.3093,215.0
s5_offatr0p5_pts10-r2,1,10,nyam,49,-1206.0,-0.6103,0.8312,0.3061,210.0
s5_offatr0p5_pts10-r3,1,11,all,250,-4895.0,-0.9029,0.8778,0.236,215.0
s5_offatr0p5_pts10-r3,1,11,london,104,759.0,0.2072,1.0476,0.2692,215.0
s5_offatr0p5_pts10-r3,1,11,pre,97,-1813.0,-0.5344,0.8832,0.2371,215.0
s5_offatr0p5_pts10-r3,1,11,nyam,49,-3841.0,-1.823,0.5538,0.1633,210.0
s5_offatr0p5_pts20-r0,1,12,all,250,47000.0,1.7527,1.5373,0.144,430.0
s5_offatr0p5_pts20-r0,1,12,london,104,30439.0,1.6721,1.8441,0.1538,415.0
s5_offatr0p5_pts20-r0,1,12,pre,97,22377.0,1.1857,1.6544,0.134,420.0
s5_offatr0p5_pts20-r0,1,12,nyam,49,-5816.0,-1.0577,0.6623,0.1429,430.0
s5_offatr0p5_pts20-r1,1,13,all,250,-5765.0,-0.9037,0.8918,0.48,420.0
s5_offatr0p5_pts20-r1,1,13,london,104,-1536.0,-0.3719,0.9293,0.4904,415.0
s5_offatr0p5_pts20-r1,1,13,pre,97,-3498.0,-0.8791,0.8359,0.4639,420.0
s5_offatr0p5_pts20-r1,1,13,nyam,49,-731.0,-0.2567,0.9286,0.4898,405.0
s5_offatr0p5_pts20-r2,1,14,all,250,-4820.0,-0.539,0.9304,0.324,430.0
s5_offatr0p5_pts20-r2,1,14,london,104,6809.0,1.1273,1.2636,0.3942,415.0
s5_offatr0p5_pts20-r2,1,14,pre,97,-4798.0,-0.8778,0.8279,0.299,420.0
s5_offatr0p5_pts20-r2,1,14,nyam,49,-6831.0,-1.9191,0.5618,0.2245,430.0
s5_offatr0p5_pts20-r3,1,15,all,250,-1320.0,-0.1195,0.9828,0.252,430.0
s5_offatr0p5_pts20-r3,1,15,london,104,8759.0,1.1531,1.2967,0.3077,415.0
s5_offatr0p5_pts20-r3,1,15,pre,97,-6043.0,-0.9228,0.8061,0.2165,420.0
s5_offatr0p5_pts20-r3,1,15,nyam,49,-4036.0,-0.8815,0.7477,0.2041,430.0
s5_offatr0p5_pts30-r0,1,16,all,250,75255.0,2.4117,1.6406,0.216,635.0
s5_offatr0p5_pts30-r0,1,16,london,104,27489.0,1.3972,1.5467,0.1923,635.0
s5_offatr0p5_pts30-r0,1,16,pre,97,48702.0,2.1936,2.1213,0.2474,605.0
s5_offatr0p5_pts30-r0,1,16,nyam,49,-936.0,-0.0979,0.9606,0.2041,610.0
s5_offatr0p5_pts30-r1,1,17,all,250,3125.0,0.3274,1.0424,0.516,635.0
s5_offatr0p5_pts30-r1,1,17,london,104,5299.0,0.8613,1.1848,0.5481,635.0
s5_offatr0p5_pts30-r1,1,17,pre,97,3577.0,0.6011,1.1305,0.5361,605.0
s5_offatr0p5_pts30-r1,1,17,nyam,49,-5751.0,-1.3726,0.6746,0.4082,605.0
s5_offatr0p5_pts30-r2,1,18,all,250,13730.0,0.9952,1.1426,0.368,635.0
s5_offatr0p5_pts30-r2,1,18,london,104,10609.0,1.1729,1.276,0.3942,635.0
s5_offatr0p5_pts30-r2,1,18,pre,97,7702.0,0.8872,1.2107,0.3814,605.0
s5_offatr0p5_pts30-r2,1,18,nyam,49,-4581.0,-0.7942,0.7852,0.2857,605.0
s5_offatr0p5_pts30-r3,1,19,all,250,29120.0,1.6788,1.2762,0.308,635.0
s5_offatr0p5_pts30-r3,1,19,london,104,8754.0,0.7837,1.194,0.2885,635.0
s5_offatr0p5_pts30-r3,1,19,pre,97,17702.0,1.6064,1.4541,0.3402,605.0
s5_offatr0p5_pts30-r3,1,19,nyam,49,2664.0,0.3549,1.1249,0.2857,605.0
s5_offatr0p5_pts45-r0,1,20,all,250,52930.0,1.56,1.3239,0.256,925.0
s5_offatr0p5_pts45-r0,1,20,london,104,12584.0,0.5996,1.1766,0.2308,925.0
s5_offatr0p5_pts45-r0,1,20,pre,97,38107.0,1.6239,1.6319,0.268,925.0
s5_offatr0p5_pts45-r0,1,20,nyam,49,2239.0,0.1751,1.0703,0.2857,910.0
s5_offatr0p5_pts45-r1,1,21,all,250,18135.0,1.2726,1.1748,0.544,925.0
s5_offatr0p5_pts45-r1,1,21,london,104,19129.0,2.1144,1.5124,0.6058,915.0
s5_offatr0p5_pts45-r1,1,21,pre,97,5652.0,0.634,1.1381,0.5361,925.0
s5_offatr0p5_pts45-r1,1,21,nyam,49,-6646.0,-1.0518,0.739,0.4286,905.0
s5_offatr0p5_pts45-r2,1,22,all,250,28855.0,1.4112,1.2096,0.388,925.0
s5_offatr0p5_pts45-r2,1,22,london,104,3099.0,0.237,1.0508,0.3558,915.0
s5_offatr0p5_pts45-r2,1,22,pre,97,18932.0,1.4702,1.3762,0.4124,925.0
s5_offatr0p5_pts45-r2,1,22,nyam,49,6824.0,0.7479,1.2588,0.4082,905.0
s5_offatr0p5_pts45-r3,1,23,all,250,24325.0,0.9866,1.1569,0.296,925.0
s5_offatr0p5_pts45-r3,1,23,london,104,559.0,0.0358,1.0082,0.2692,925.0
s5_offatr0p5_pts45-r3,1,23,pre,97,22297.0,1.4027,1.3999,0.3196,925.0
s5_offatr0p5_pts45-r3,1,23,nyam,49,1469.0,0.1381,1.0475,0.3061,910.0
s5_offatr0p5_pct0p1-r0,1,24,all,250,50320.0,1.8815,1.5979,0.144,445.0
s5_offatr0p5_pct0p1-r0,1,24,london,104,31934.0,1.7597,1.9238,0.1538,445.0
s5_offatr0p5_pct0p1-r0,1,24,pre,97,23742.0,1.2611,1.7232,0.134,445.0
s5_offatr0p5_pct0p1-r0,1,24,nyam,49,-5356.0,-0.9779,0.6805,0.1429,445.0
s5_offatr0p5_pct0p1-r1,1,25,all,250,-3410.0,-0.5537,0.9321,0.492,445.0
s5_offatr0p5_pct0p1-r1,1,25,london,104,-671.0,-0.1689,0.9672,0.5,445.0
s5_offatr0p5_pct0p1-r1,1,25,pre,97,-2108.0,-0.5491,0.8938,0.4845,445.0
s5_offatr0p5_pct0p1-r1,1,25,nyam,49,-631.0,-0.2272,0.9364,0.4898,440.0
s5_offatr0p5_pct0p1-r2,1,26,all,250,-2210.0,-0.2544,0.9665,0.332,445.0
s5_offatr0p5_pct0p1-r2,1,26,london,104,6714.0,1.1534,1.2715,0.3942,445.0
s5_offatr0p5_pct0p1-r2,1,26,pre,97,-3348.0,-0.6282,0.8731,0.3093,445.0
s5_offatr0p5_pct0p1-r2,1,26,nyam,49,-5576.0,-1.57,0.6224,0.2449,445.0
s5_offatr0p5_pct0p1-r3,1,27,all,250,-945.0,-0.0884,0.9872,0.252,445.0
s5_offatr0p5_pct0p1-r3,1,27,london,104,7204.0,0.9899,1.2515,0.2981,445.0
s5_offatr0p5_pct0p1-r3,1,27,pre,97,-4118.0,-0.6395,0.8606,0.2268,445.0
s5_offatr0p5_pct0p1-r3,1,27,nyam,49,-4031.0,-0.9099,0.7409,0.2041,445.0
s5_offatr0p5_pct0p2-r0,1,28,all,250,59350.0,1.7979,1.4051,0.228,895.0
s5_offatr0p5_pct0p2-r0,1,28,london,104,13984.0,0.6892,1.2192,0.1923,880.0
s5_offatr0p5_pct0p2-r0,1,28,pre,97,41677.0,1.8216,1.7806,0.2577,895.0
s5_offatr0p5_pct0p2-r0,1,28,nyam,49,3689.0,0.2945,1.1257,0.2449,890.0
s5_offatr0p5_pct0p2-r1,1,29,all,250,3360.0,0.274,1.0354,0.516,890.0
s5_offatr0p5_pct0p2-r1,1,29,london,104,11814.0,1.5125,1.3468,0.5769,880.0
s5_offatr0p5_pct0p2-r1,1,29,pre,97,4072.0,0.533,1.1152,0.5361,865.0
s5_offatr0p5_pct0p2-r1,1,29,nyam,49,-12526.0,-2.3903,0.5071,0.3469,890.0
s5_offatr0p5_pct0p2-r2,1,30,all,250,15640.0,0.8907,1.1271,0.368,895.0
s5_offatr0p5_pct0p2-r2,1,30,london,104,-91.0,-0.0081,0.9983,0.3365,880.0
s5_offatr0p5_pct0p2-r2,1,30,pre,97,15287.0,1.3779,1.3469,0.4124,895.0
s5_offatr0p5_pct0p2-r2,1,30,nyam,49,444.0,0.0568,1.0175,0.3469,890.0
s5_offatr0p5_pct0p2-r3,1,31,all,250,17195.0,0.8055,1.1256,0.284,895.0
s5_offatr0p5_pct0p2-r3,1,31,london,104,-976.0,-0.0717,0.9838,0.25,880.0
s5_offatr0p5_pct0p2-r3,1,31,pre,97,20572.0,1.4991,1.4276,0.3299,895.0
s5_offatr0p5_pct0p2-r3,1,31,nyam,49,-2401.0,-0.2646,0.9158,0.2653,890.0
s5_offatr1_atr1p5-r0,2,0,all,216,80511.0,2.4509,1.6391,0.2639,3275.0
s5_offatr1_atr1p5-r0,2,0,london,52,14662.0,0.9391,1.4884,0.2115,1685.0
s5_offatr1_atr1p5-r0,2,0,pre,80,57925.0,2.5363,2.3628,0.3125,1830.0
s5_offatr1_atr1p5-r0,2,0,nyam,84,7924.0,0.4524,1.1483,0.25,3275.0
s5_offatr1_atr1p5-r1,2,1,all,216,406.0,0.0299,1.0046,0.5,3275.0
s5_offatr1_atr1p5-r1,2,1,london,52,-4953.0,-0.9106,0.7654,0.4808,1685.0
s5_offatr1_atr1p5-r1,2,1,pre,80,7345.0,0.961,1.264,0.55,1830.0
s5_offatr1_atr1p5-r1,2,1,nyam,84,-1986.0,-0.2025,0.9486,0.4643,3275.0
s5_offatr1_atr1p5-r2,2,2,all,216,13281.0,0.7362,1.1205,0.3611,3275.0
s5_offatr1_atr1p5-r2,2,2,london,52,-2218.0,-0.3,0.9136,0.3462,1685.0
s5_offatr1_atr1p5-r2,2,2,pre,80,20845.0,1.7725,1.5928,0.425,1830.0
s5_offatr1_atr1p5-r2,2,2,nyam,84,-5346.0,-0.4683,0.8917,0.3095,3275.0
s5_offatr1_atr1p5-r3,2,3,all,216,23326.0,1.0504,1.1925,0.3009,3275.0
s5_offatr1_atr1p5-r3,2,3,london,52,4247.0,0.4544,1.1579,0.3077,1685.0
s5_offatr1_atr1p5-r3,2,3,pre,80,23990.0,1.6218,1.5874,0.35,1830.0
s5_offatr1_atr1p5-r3,2,3,nyam,84,-4911.0,-0.3601,0.9081,0.25,3275.0
s5_offatr1_atr3-r0,2,4,all,216,71841.0,1.7648,1.3588,0.3796,3645.0
s5_offatr1_atr3-r0,2,4,london,52,-988.0,-0.0553,0.9808,0.2885,3360.0
s5_offatr1_atr3-r0,2,4,pre,80,70150.0,2.4943,2.073,0.45,3645.0
s5_offatr1_atr3-r0,2,4,nyam,84,2679.0,0.117,1.0322,0.369,3440.0
s5_offatr1_atr3-r1,2,5,all,216,1901.0,0.0783,1.0116,0.5093,3645.0
s5_offatr1_atr3-r1,2,5,london,52,-6518.0,-0.6195,0.8322,0.5,3360.0
s5_offatr1_atr3-r1,2,5,pre,80,12355.0,0.82,1.2233,0.5375,3645.0
s5_offatr1_atr3-r1,2,5,nyam,84,-3936.0,-0.2471,0.9436,0.4881,3440.0
s5_offatr1_atr3-r2,2,6,all,216,38946.0,1.1698,1.2019,0.412,3645.0
s5_offatr1_atr3-r2,2,6,london,52,-3688.0,-0.2653,0.9225,0.3654,3360.0
s5_offatr1_atr3-r2,2,6,pre,80,43340.0,1.9624,1.6853,0.475,3645.0
s5_offatr1_atr3-r2,2,6,nyam,84,-706.0,-0.0344,0.9914,0.381,3440.0
s5_offatr1_atr3-r3,2,7,all,216,55516.0,1.4784,1.2773,0.3796,3645.0
s5_offatr1_atr3-r3,2,7,london,52,-2743.0,-0.1664,0.9468,0.2885,3360.0
s5_offatr1_atr3-r3,2,7,pre,80,55035.0,2.1734,1.8418,0.45,3645.0
s5_offatr1_atr3-r3,2,7,nyam,84,3224.0,0.1463,1.0387,0.369,3440.0
s5_offatr1_pts10-r0,2,8,all,216,64781.0,2.737,2.6109,0.1157,275.0
s5_offatr1_pts10-r0,2,8,london,52,16032.0,1.3464,2.6572,0.1154,225.0
s5_offatr1_pts10-r0,2,8,pre,80,49945.0,2.6463,4.5277,0.1625,275.0
s5_offatr1_pts10-r0,2,8,nyam,84,-1196.0,-0.168,0.927,0.0714,230.0
s5_offatr1_pts10-r1,2,9,all,216,1621.0,0.5418,1.0768,0.537,275.0
s5_offatr1_pts10-r1,2,9,london,52,2062.0,1.4317,1.4898,0.6154,225.0
s5_offatr1_pts10-r1,2,9,pre,80,1790.0,0.9838,1.2477,0.575,275.0
s5_offatr1_pts10-r1,2,9,nyam,84,-2231.0,-1.196,0.7695,0.4524,230.0
s5_offatr1_pts10-r2,2,10,all,216,4816.0,1.107,1.1717,0.3843,275.0
s5_offatr1_pts10-r2,2,10,london,52,4227.0,1.9156,1.7445,0.4808,225.0
s5_offatr1_pts10-r2,2,10,pre,80,1285.0,0.4849,1.1213,0.375,275.0
s5_offatr1_pts10-r2,2,10,nyam,84,-696.0,-0.264,0.9409,0.3333,230.0
s5_offatr1_pts10-r3,2,11,all,216,3696.0,0.6907,1.1131,0.2824,275.0
s5_offatr1_pts10-r3,2,11,london,52,4387.0,1.5511,1.632,0.3654,225.0
s5_offatr1_pts10-r3,2,11,pre,80,4870.0,1.4162,1.434,0.3375,275.0
s5_offatr1_pts10-r3,2,11,nyam,84,-5561.0,-1.9533,0.6165,0.1786,230.0
s5_offatr1_pts20-r0,2,12,all,216,68316.0,2.5524,1.9296,0.1759,735.0
s5_offatr1_pts20-r0,2,12,london,52,13602.0,1.0469,1.7539,0.1538,420.0
s5_offatr1_pts20-r0,2,12,pre,80,55625.0,2.6747,3.1416,0.225,735.0
s5_offatr1_pts20-r0,2,12,nyam,84,-911.0,-0.0906,0.9691,0.1429,405.0
s5_offatr1_pts20-r1,2,13,all,216,2031.0,0.3398,1.0475,0.5231,735.0
s5_offatr1_pts20-r1,2,13,london,52,2077.0,0.7131,1.2207,0.5577,405.0
s5_offatr1_pts20-r1,2,13,pre,80,2935.0,0.7964,1.1972,0.5625,735.0
s5_offatr1_pts20-r1,2,13,nyam,84,-2981.0,-0.8049,0.8382,0.4643,405.0
s5_offatr1_pts20-r2,2,14,all,216,216.0,0.0255,1.0037,0.3426,735.0
s5_offatr1_pts20-r2,2,14,london,52,1607.0,0.38,1.1188,0.3654,410.0
s5_offatr1_pts20-r2,2,14,pre,80,5270.0,0.9799,1.2609,0.4,735.0
s5_offatr1_pts20-r2,2,14,nyam,84,-6661.0,-1.3441,0.7332,0.2738,405.0
s5_offatr1_pts20-r3,2,15,all,216,5696.0,0.5389,1.0878,0.2731,735.0
s5_offatr1_pts20-r3,2,15,london,52,2787.0,0.526,1.1839,0.2885,410.0
s5_offatr1_pts20-r3,2,15,pre,80,8395.0,1.2302,1.3698,0.325,735.0
s5_offatr1_pts20-r3,2,15,nyam,84,-5486.0,-0.9033,0.7969,0.2143,405.0
s5_offatr1_pts30-r0,2,16,all,216,70791.0,2.4137,1.6958,0.2269,735.0
s5_offatr1_pts30-r0,2,16,london,52,14367.0,0.9867,1.5615,0.1923,605.0
s5_offatr1_pts30-r0,2,16,pre,80,56445.0,2.617,2.6167,0.2875,735.0
s5_offatr1_pts30-r0,2,16,nyam,84,-21.0,-0.0016,0.9995,0.1905,610.0
s5_offatr1_pts30-r1,2,17,all,216,-1639.0,-0.1843,0.9752,0.5,735.0
s5_offatr1_pts30-r1,2,17,london,52,2072.0,0.4737,1.1418,0.5385,600.0
s5_offatr1_pts30-r1,2,17,pre,80,6515.0,1.209,1.3117,0.575,735.0
s5_offatr1_pts30-r1,2,17,nyam,84,-10226.0,-1.8739,0.6646,0.4048,610.0
s5_offatr1_pts30-r2,2,18,all,216,5391.0,0.4241,1.063,0.3519,735.0
s5_offatr1_pts30-r2,2,18,london,52,2627.0,0.415,1.1307,0.3654,605.0
s5_offatr1_pts30-r2,2,18,pre,80,12450.0,1.5463,1.4413,0.425,735.0
s5_offatr1_pts30-r2,2,18,nyam,84,-9686.0,-1.3047,0.7396,0.2738,610.0
s5_offatr1_pts30-r3,2,19,all,216,18151.0,1.1388,1.1955,0.2963,735.0
s5_offatr1_pts30-r3,2,19,london,52,1997.0,0.257,1.0863,0.2692,605.0
s5_offatr1_pts30-r3,2,19,pre,80,19870.0,1.9245,1.6357,0.3625,735.0
s5_offatr1_pts30-r3,2,19,nyam,84,-3716.0,-0.4012,0.9033,0.25,610.0
s5_offatr1_pts45-r0,2,20,all,216,99446.0,2.8881,1.749,0.3148,930.0
s5_offatr1_pts45-r0,2,20,london,52,13077.0,0.8146,1.3749,0.25,930.0
s5_offatr1_pts45-r0,2,20,pre,80,67550.0,2.8581,2.4793,0.3625,915.0
s5_offatr1_pts45-r0,2,20,nyam,84,18819.0,0.99,1.3603,0.3095,915.0
s5_offatr1_pts45-r1,2,21,all,216,5746.0,0.4323,1.0607,0.5185,915.0
s5_offatr1_pts45-r1,2,21,london,52,8682.0,1.3458,1.4546,0.5962,905.0
s5_offatr1_pts45-r1,2,21,pre,80,1245.0,0.1532,1.0351,0.5125,915.0
s5_offatr1_pts45-r1,2,21,nyam,84,-4181.0,-0.5029,0.8955,0.4762,915.0
s5_offatr1_pts45-r2,2,22,all,216,31461.0,1.6426,1.268,0.4028,930.0
s5_offatr1_pts45-r2,2,22,london,52,3472.0,0.3696,1.1156,0.3654,930.0
s5_offatr1_pts45-r2,2,22,pre,80,23660.0,1.9658,1.5909,0.45,915.0
s5_offatr1_pts45-r2,2,22,nyam,84,4329.0,0.3736,1.0915,0.381,915.0
s5_offatr1_pts45-r3,2,23,all,216,52166.0,2.1837,1.4098,0.3426,930.0
s5_offatr1_pts45-r3,2,23,london,52,5107.0,0.4452,1.1545,0.2885,930.0
s5_offatr1_pts45-r3,2,23,pre,80,38670.0,2.5109,1.9007,0.4,915.0
s5_offatr1_pts45-r3,2,23,nyam,84,8389.0,0.5936,1.1635,0.3214,915.0
s5_offatr1_pct0p1-r0,2,24,all,216,70531.0,2.6434,1.9997,0.1713,560.0
s5_offatr1_pct0p1-r0,2,24,london,52,14417.0,1.1132,1.8369,0.1538,435.0
s5_offatr1_pct0p1-r0,2,24,pre,80,56130.0,2.7067,3.2682,0.2125,560.0
s5_offatr1_pct0p1-r0,2,24,nyam,84,-16.0,-0.0016,0.9994,0.1429,450.0
s5_offatr1_pct0p1-r1,2,25,all,216,1686.0,0.2945,1.0411,0.5185,560.0
s5_offatr1_pct0p1-r1,2,25,london,52,1557.0,0.5546,1.1683,0.5385,430.0
s5_offatr1_pct0p1-r1,2,25,pre,80,2360.0,0.6784,1.1655,0.55,560.0
s5_offatr1_pct0p1-r1,2,25,nyam,84,-2231.0,-0.6204,0.8724,0.4762,450.0
s5_offatr1_pct0p1-r2,2,26,all,216,-4069.0,-0.5072,0.9294,0.3241,560.0
s5_offatr1_pct0p1-r2,2,26,london,52,607.0,0.1503,1.0457,0.3462,435.0
s5_offatr1_pct0p1-r2,2,26,pre,80,2860.0,0.5679,1.1443,0.375,560.0
s5_offatr1_pct0p1-r2,2,26,nyam,84,-7536.0,-1.586,0.6929,0.2619,450.0
s5_offatr1_pct0p1-r3,2,27,all,216,3916.0,0.3881,1.0626,0.2685,560.0
s5_offatr1_pct0p1-r3,2,27,london,52,2712.0,0.5318,1.1867,0.2885,435.0
s5_offatr1_pct0p1-r3,2,27,pre,80,6810.0,1.0573,1.3127,0.3125,560.0
s5_offatr1_pct0p1-r3,2,27,nyam,84,-5606.0,-0.9582,0.7862,0.2143,450.0
s5_offatr1_pct0p2-r0,2,28,all,216,95001.0,2.9082,1.8009,0.287,895.0
s5_offatr1_pct0p2-r0,2,28,london,52,18317.0,1.1688,1.618,0.25,860.0
s5_offatr1_pct0p2-r0,2,28,pre,80,71290.0,3.0738,2.7814,0.35,880.0
s5_offatr1_pct0p2-r0,2,28,nyam,84,5394.0,0.3315,1.1102,0.25,895.0
s5_offatr1_pct0p2-r1,2,29,all,216,1601.0,0.1406,1.0194,0.5093,895.0
s5_offatr1_pct0p2-r1,2,29,london,52,7577.0,1.3733,1.4672,0.5962,855.0
s5_offatr1_pct0p2-r1,2,29,pre,80,5185.0,0.7529,1.1849,0.55,880.0
s5_offatr1_pct0p2-r1,2,29,nyam,84,-11161.0,-1.5775,0.7079,0.4167,895.0
s5_offatr1_pct0p2-r2,2,30,all,216,19536.0,1.1971,1.189,0.3843,895.0
s5_offatr1_pct0p2-r2,2,30,london,52,3742.0,0.4624,1.1475,0.3654,860.0
s5_offatr1_pct0p2-r2,2,30,pre,80,19890.0,1.9457,1.584,0.45,880.0
s5_offatr1_pct0p2-r2,2,30,nyam,84,-4096.0,-0.4199,0.9068,0.3333,895.0
s5_offatr1_pct0p2-r3,2,31,all,216,35011.0,1.7138,1.3098,0.3241,895.0
s5_offatr1_pct0p2-r3,2,31,london,52,8107.0,0.7951,1.2927,0.3077,860.0
s5_offatr1_pct0p2-r3,2,31,pre,80,30525.0,2.3105,1.807,0.3875,880.0
s5_offatr1_pct0p2-r3,2,31,nyam,84,-3621.0,-0.3113,0.9238,0.2738,895.0
s5_offptsA_atr1p5-r0,3,0,all,252,59167.0,1.6534,1.3687,0.2341,5390.0
s5_offptsA_atr1p5-r0,3,0,london,109,25589.0,1.1274,1.3681,0.2202,2575.0
s5_offptsA_atr1p5-r0,3,0,pre,93,41248.0,1.6751,1.75,0.2366,1765.0
s5_offptsA_atr1p5-r0,3,0,nyam,50,-7670.0,-0.6127,0.7867,0.26,5390.0
s5_offptsA_atr1p5-r1,3,1,all,252,2517.0,0.1695,1.0244,0.5198,5390.0
s5_offptsA_atr1p5-r1,3,1,london,109,18744.0,2.0305,1.533,0.5872,2575.0
s5_offptsA_atr1p5-r1,3,1,pre,93,-1362.0,-0.1694,0.9633,0.4946,1670.0
s5_offptsA_atr1p5-r1,3,1,nyam,50,-14865.0,-1.8432,0.5159,0.42,5390.0
s5_offptsA_atr1p5-r2,3,2,all,252,-7293.0,-0.3649,0.9483,0.3413,5390.0
s5_offptsA_atr1p5-r2,3,2,london,109,5914.0,0.4504,1.1029,0.3761,2575.0
s5_offptsA_atr1p5-r2,3,2,pre,93,1213.0,0.1045,1.0251,0.3333,1670.0
s5_offptsA_atr1p5-r2,3,2,nyam,50,-14420.0,-1.5083,0.5909,0.28,5390.0
s5_offptsA_atr1p5-r3,3,3,all,252,13877.0,0.5682,1.0923,0.2937,5390.0
s5_offptsA_atr1p5-r3,3,3,london,109,16454.0,1.0015,1.2637,0.3119,2575.0
s5_offptsA_atr1p5-r3,3,3,pre,93,7288.0,0.5147,1.14,0.2903,1765.0
s5_offptsA_atr1p5-r3,3,3,nyam,50,-9865.0,-0.8769,0.7257,0.26,5390.0
s5_offptsA_atr3-r0,3,4,all,252,38552.0,0.9029,1.1582,0.3611,10775.0
s5_offptsA_atr3-r0,3,4,london,109,11284.0,0.4247,1.1056,0.3394,4825.0
s5_offptsA_atr3-r0,3,4,pre,93,50853.0,1.8288,1.6463,0.3978,3340.0
s5_offptsA_atr3-r0,3,4,nyam,50,-23585.0,-1.3108,0.5942,0.34,10775.0
s5_offptsA_atr3-r1,3,5,all,252,-10733.0,-0.3709,0.9476,0.5,10775.0
s5_offptsA_atr3-r1,3,5,london,109,7769.0,0.4248,1.0942,0.5229,4825.0
s5_offptsA_atr3-r1,3,5,pre,93,-1457.0,-0.0922,0.9796,0.4946,3340.0
s5_offptsA_atr3-r1,3,5,nyam,50,-17045.0,-1.0685,0.6663,0.46,10775.0
s5_offptsA_atr3-r2,3,6,all,252,20402.0,0.5551,1.0864,0.4008,10775.0
s5_offptsA_atr3-r2,3,6,london,109,2299.0,0.0995,1.0219,0.3761,4825.0
s5_offptsA_atr3-r2,3,6,pre,93,28913.0,1.3693,1.383,0.4409,3340.0
s5_offptsA_atr3-r2,3,6,nyam,50,-10810.0,-0.559,0.8061,0.38,10775.0
s5_offptsA_atr3-r3,3,7,all,252,38882.0,0.9408,1.1607,0.369,10775.0
s5_offptsA_atr3-r3,3,7,london,109,8449.0,0.3336,1.0791,0.3394,4825.0
s5_offptsA_atr3-r3,3,7,pre,93,42793.0,1.7035,1.5475,0.4086,3340.0
s5_offptsA_atr3-r3,3,7,nyam,50,-12360.0,-0.5943,0.7829,0.36,10775.0
s5_offptsA_pts10-r0,3,8,all,252,40117.0,1.8079,1.8249,0.0794,250.0
s5_offptsA_pts10-r0,3,8,london,109,23264.0,1.5216,2.1211,0.0917,210.0
s5_offptsA_pts10-r0,3,8,pre,93,24938.0,1.5727,2.4022,0.086,210.0
s5_offptsA_pts10-r0,3,8,nyam,50,-8085.0,-4.2895,0.1993,0.04,250.0
s5_offptsA_pts10-r1,3,9,all,252,-108.0,-0.0335,0.9958,0.5159,250.0
s5_offptsA_pts10-r1,3,9,london,109,1084.0,0.5114,1.1034,0.5413,210.0
s5_offptsA_pts10-r1,3,9,pre,93,-407.0,-0.2072,0.9577,0.5054,205.0
s5_offptsA_pts10-r1,3,9,nyam,50,-785.0,-0.54,0.857,0.48,250.0
s5_offptsA_pts10-r2,3,10,all,252,-2578.0,-0.5693,0.9273,0.3294,250.0
s5_offptsA_pts10-r2,3,10,london,109,-441.0,-0.1466,0.9708,0.3394,210.0
s5_offptsA_pts10-r2,3,10,pre,93,-697.0,-0.252,0.9463,0.3333,210.0
s5_offptsA_pts10-r2,3,10,nyam,50,-1440.0,-0.7247,0.8049,0.3,250.0
s5_offptsA_pts10-r3,3,11,all,252,-3698.0,-0.6736,0.9077,0.2421,250.0
s5_offptsA_pts10-r3,3,11,london,109,-1096.0,-0.3005,0.9362,0.2477,210.0
s5_offptsA_pts10-r3,3,11,pre,93,-137.0,-0.0401,0.9905,0.2581,210.0
s5_offptsA_pts10-r3,3,11,nyam,50,-2465.0,-1.0693,0.7074,0.2,250.0
s5_offptsA_pts20-r0,3,12,all,252,57157.0,2.0955,1.6507,0.1468,415.0
s5_offptsA_pts20-r0,3,12,london,109,35759.0,1.8902,1.9579,0.1651,415.0
s5_offptsA_pts20-r0,3,12,pre,93,21863.0,1.2056,1.6564,0.1183,405.0
s5_offptsA_pts20-r0,3,12,nyam,50,-465.0,-0.0609,0.973,0.16,415.0
s5_offptsA_pts20-r1,3,13,all,252,-118.0,-0.0184,0.9977,0.5079,415.0
s5_offptsA_pts20-r1,3,13,london,109,-1986.0,-0.4699,0.9136,0.4862,415.0
s5_offptsA_pts20-r1,3,13,pre,93,1403.0,0.36,1.0779,0.5269,405.0
s5_offptsA_pts20-r1,3,13,nyam,50,465.0,0.1617,1.0473,0.52,415.0
s5_offptsA_pts20-r2,3,14,all,252,1642.0,0.1801,1.0243,0.3452,415.0
s5_offptsA_pts20-r2,3,14,london,109,8354.0,1.3457,1.3132,0.4037,415.0
s5_offptsA_pts20-r2,3,14,pre,93,-4312.0,-0.8044,0.8379,0.3011,405.0
s5_offptsA_pts20-r2,3,14,nyam,50,-2400.0,-0.6081,0.8326,0.3,415.0
s5_offptsA_pts20-r3,3,15,all,252,2717.0,0.2419,1.0356,0.2619,415.0
s5_offptsA_pts20-r3,3,15,london,109,14699.0,1.8423,1.4974,0.3394,415.0
s5_offptsA_pts20-r3,3,15,pre,93,-7557.0,-1.2043,0.7504,0.2043,405.0
s5_offptsA_pts20-r3,3,15,nyam,50,-4425.0,-0.9646,0.7299,0.2,415.0
s5_offptsA_pts30-r0,3,16,all,252,64387.0,2.1131,1.532,0.2024,620.0
s5_offptsA_pts30-r0,3,16,london,109,26909.0,1.3529,1.5107,0.1927,615.0
s5_offptsA_pts30-r0,3,16,pre,93,38328.0,1.8349,1.8721,0.2151,600.0
s5_offptsA_pts30-r0,3,16,nyam,50,-850.0,-0.0863,0.9651,0.2,620.0
s5_offptsA_pts30-r1,3,17,all,252,6742.0,0.7043,1.093,0.5278,620.0
s5_offptsA_pts30-r1,3,17,london,109,8294.0,1.3243,1.2894,0.5688,615.0
s5_offptsA_pts30-r1,3,17,pre,93,-2.0,-0.0003,0.9999,0.5054,600.0
s5_offptsA_pts30-r1,3,17,nyam,50,-1550.0,-0.3602,0.9022,0.48,620.0
s5_offptsA_pts30-r2,3,18,all,252,12512.0,0.9049,1.1283,0.3651,620.0
s5_offptsA_pts30-r2,3,18,london,109,18399.0,1.9614,1.4866,0.4312,615.0
s5_offptsA_pts30-r2,3,18,pre,93,1123.0,0.1351,1.0302,0.3441,600.0
s5_offptsA_pts30-r2,3,18,nyam,50,-7010.0,-1.2391,0.6892,0.26,620.0
s5_offptsA_pts30-r3,3,19,all,252,18912.0,1.103,1.1734,0.2897,620.0
s5_offptsA_pts30-r3,3,19,london,109,10524.0,0.9159,1.2242,0.2936,615.0
s5_offptsA_pts30-r3,3,19,pre,93,11158.0,1.0531,1.2863,0.3118,600.0
s5_offptsA_pts30-r3,3,19,nyam,50,-2770.0,-0.3883,0.8804,0.24,620.0
s5_offptsA_pts45-r0,3,20,all,252,45487.0,1.3608,1.2698,0.246,925.0
s5_offptsA_pts45-r0,3,20,london,109,18369.0,0.8269,1.2453,0.2294,925.0
s5_offptsA_pts45-r0,3,20,pre,93,32328.0,1.4505,1.5381,0.2581,905.0
s5_offptsA_pts45-r0,3,20,nyam,50,-5210.0,-0.4596,0.8452,0.26,905.0
s5_offptsA_pts45-r1,3,21,all,252,3672.0,0.2557,1.0328,0.5119,925.0
s5_offptsA_pts45-r1,3,21,london,109,14564.0,1.5563,1.3477,0.578,925.0
s5_offptsA_pts45-r1,3,21,pre,93,-1517.0,-0.1733,0.9645,0.4946,905.0
s5_offptsA_pts45-r1,3,21,nyam,50,-9375.0,-1.4836,0.6565,0.4,905.0
s5_offptsA_pts45-r2,3,22,all,252,18517.0,0.9064,1.1294,0.369,925.0
s5_offptsA_pts45-r2,3,22,london,109,8344.0,0.6131,1.1329,0.367,925.0
s5_offptsA_pts45-r2,3,22,pre,93,9723.0,0.781,1.19,0.3763,905.0
s5_offptsA_pts45-r2,3,22,nyam,50,450.0,0.0503,1.0155,0.36,905.0
s5_offptsA_pts45-r3,3,23,all,252,23537.0,0.946,1.1485,0.2937,925.0
s5_offptsA_pts45-r3,3,23,london,109,9949.0,0.5978,1.1417,0.2844,925.0
s5_offptsA_pts45-r3,3,23,pre,93,16618.0,1.0777,1.2992,0.3118,905.0
s5_offptsA_pts45-r3,3,23,nyam,50,-3030.0,-0.2925,0.9075,0.28,905.0
s5_offptsA_pct0p1-r0,3,24,all,252,51767.0,1.9345,1.6051,0.1349,495.0
s5_offptsA_pct0p1-r0,3,24,london,109,32289.0,1.7597,1.8945,0.156,495.0
s5_offptsA_pct0p1-r0,3,24,pre,93,23328.0,1.29,1.7326,0.1183,450.0
s5_offptsA_pct0p1-r0,3,24,nyam,50,-3850.0,-0.5333,0.7814,0.12,445.0
s5_offptsA_pct0p1-r1,3,25,all,252,7.0,0.0011,1.0001,0.5079,495.0
s5_offptsA_pct0p1-r1,3,25,london,109,-981.0,-0.2411,0.9545,0.4954,495.0
s5_offptsA_pct0p1-r1,3,25,pre,93,1188.0,0.3169,1.0685,0.5269,450.0
s5_offptsA_pct0p1-r1,3,25,nyam,50,-200.0,-0.0711,0.9798,0.5,440.0
s5_offptsA_pct0p1-r2,3,26,all,252,-1413.0,-0.1615,0.9786,0.3333,495.0
s5_offptsA_pct0p1-r2,3,26,london,109,6254.0,1.0505,1.2389,0.3853,495.0
s5_offptsA_pct0p1-r2,3,26,pre,93,-2867.0,-0.5493,0.8858,0.3118,450.0
s5_offptsA_pct0p1-r2,3,26,nyam,50,-4800.0,-1.3061,0.6759,0.26,445.0
s5_offptsA_pct0p1-r3,3,27,all,252,-1083.0,-0.1008,0.9854,0.25,495.0
s5_offptsA_pct0p1-r3,3,27,london,109,12074.0,1.5763,1.4181,0.3211,495.0
s5_offptsA_pct0p1-r3,3,27,pre,93,-5577.0,-0.9039,0.8053,0.2151,450.0
s5_offptsA_pct0p1-r3,3,27,nyam,50,-7580.0,-1.8606,0.5488,0.16,445.0
s5_offptsA_pct0p2-r0,3,28,all,252,65647.0,2.0123,1.4495,0.2381,895.0
s5_offptsA_pct0p2-r0,3,28,london,109,29809.0,1.376,1.4699,0.2294,880.0
s5_offptsA_pct0p2-r0,3,28,pre,93,37818.0,1.7374,1.7223,0.2473,890.0
s5_offptsA_pct0p2-r0,3,28,nyam,50,-1980.0,-0.179,0.9345,0.24,895.0
s5_offptsA_pct0p2-r1,3,29,all,252,9262.0,0.7533,1.1,0.5278,895.0
s5_offptsA_pct0p2-r1,3,29,london,109,16304.0,2.0569,1.4834,0.5963,880.0
s5_offptsA_pct0p2-r1,3,29,pre,93,1473.0,0.197,1.042,0.5161,860.0
s5_offptsA_pct0p2-r1,3,29,nyam,50,-8515.0,-1.5536,0.6431,0.4,895.0
s5_offptsA_pct0p2-r2,3,30,all,252,12852.0,0.7312,1.103,0.3611,895.0
s5_offptsA_pct0p2-r2,3,30,london,109,12774.0,1.082,1.2473,0.3853,880.0
s5_offptsA_pct0p2-r2,3,30,pre,93,4863.0,0.4592,1.1072,0.3656,890.0
s5_offptsA_pct0p2-r2,3,30,nyam,50,-4785.0,-0.6266,0.8278,0.3,895.0
s5_offptsA_pct0p2-r3,3,31,all,252,27632.0,1.2679,1.2037,0.2976,895.0
s5_offptsA_pct0p2-r3,3,31,london,109,19449.0,1.3079,1.3373,0.3119,880.0
s5_offptsA_pct0p2-r3,3,31,pre,93,11283.0,0.8609,1.2324,0.3011,890.0
s5_offptsA_pct0p2-r3,3,31,nyam,50,-3100.0,-0.3388,0.8946,0.26,895.0
s5_offptsB_atr1p5-r0,4,0,all,233,85048.0,2.4248,1.5973,0.2661,2590.0
s5_offptsB_atr1p5-r0,4,0,london,73,17843.0,0.9071,1.355,0.2192,2590.0
s5_offptsB_atr1p5-r0,4,0,pre,91,59806.0,2.4106,2.1712,0.3077,1825.0
s5_offptsB_atr1p5-r0,4,0,nyam,69,7399.0,0.494,1.1802,0.2609,1720.0
s5_offptsB_atr1p5-r1,4,1,all,233,348.0,0.0239,1.0035,0.5021,2590.0
s5_offptsB_atr1p5-r1,4,1,london,73,613.0,0.0742,1.0195,0.5205,2590.0
s5_offptsB_atr1p5-r1,4,1,pre,91,9271.0,1.1354,1.2885,0.5714,1825.0
s5_offptsB_atr1p5-r1,4,1,nyam,69,-9536.0,-1.0851,0.7236,0.3913,1720.0
s5_offptsB_atr1p5-r2,4,2,all,233,21438.0,0.9757,1.1725,0.3691,2590.0
s5_offptsB_atr1p5-r2,4,2,london,73,-4627.0,-0.4121,0.895,0.3288,2590.0
s5_offptsB_atr1p5-r2,4,2,pre,91,26806.0,2.1749,1.666,0.4615,1825.0
s5_offptsB_atr1p5-r2,4,2,nyam,69,-741.0,-0.052,0.9815,0.2899,1720.0
s5_offptsB_atr1p5-r3,4,3,all,233,36723.0,1.5133,1.2742,0.3176,2590.0
s5_offptsB_atr1p5-r3,4,3,london,73,1393.0,0.1024,1.0296,0.274,2590.0
s5_offptsB_atr1p5-r3,4,3,pre,91,33161.0,2.1524,1.719,0.3846,1825.0
s5_offptsB_atr1p5-r3,4,3,nyam,69,2169.0,0.1688,1.0533,0.2754,1720.0
s5_offptsB_atr3-r0,4,4,all,233,96723.0,2.2892,1.4661,0.4077,5030.0
s5_offptsB_atr3-r0,4,4,london,73,33288.0,1.3934,1.5085,0.411,5030.0
s5_offptsB_atr3-r0,4,4,pre,91,54636.0,1.9286,1.6797,0.4286,3645.0
s5_offptsB_atr3-r0,4,4,nyam,69,8799.0,0.4303,1.1427,0.3768,2850.0
s5_offptsB_atr3-r1,4,5,all,233,36958.0,1.3008,1.217,0.5365,5030.0
s5_offptsB_atr3-r1,4,5,london,73,21603.0,1.3636,1.4343,0.5753,5030.0
s5_offptsB_atr3-r1,4,5,pre,91,10176.0,0.6274,1.1513,0.5495,3645.0
s5_offptsB_atr3-r1,4,5,nyam,69,5179.0,0.2999,1.0972,0.4783,2850.0
s5_offptsB_atr3-r2,4,6,all,233,61848.0,1.7515,1.3061,0.4335,5030.0
s5_offptsB_atr3-r2,4,6,london,73,25058.0,1.2175,1.3959,0.4521,5030.0
s5_offptsB_atr3-r2,4,6,pre,91,26981.0,1.2526,1.3448,0.4505,3645.0
s5_offptsB_atr3-r2,4,6,nyam,69,9809.0,0.5109,1.1622,0.3913,2850.0
s5_offptsB_atr3-r3,4,7,all,233,83753.0,2.089,1.4036,0.4077,5030.0
s5_offptsB_atr3-r3,4,7,london,73,30283.0,1.3362,1.4626,0.411,5030.0
s5_offptsB_atr3-r3,4,7,pre,91,40966.0,1.6135,1.5096,0.4286,3645.0
s5_offptsB_atr3-r3,4,7,nyam,69,12504.0,0.5831,1.2028,0.3768,2850.0
s5_offptsB_pts10-r0,4,8,all,233,17233.0,0.9588,1.3752,0.073,440.0
s5_offptsB_pts10-r0,4,8,london,73,7248.0,0.635,1.5066,0.0685,220.0
s5_offptsB_pts10-r0,4,8,pre,91,16826.0,1.2805,1.9342,0.0879,440.0
s5_offptsB_pts10-r0,4,8,nyam,69,-6841.0,-1.5521,0.4975,0.058,210.0
s5_offptsB_pts10-r1,4,9,all,233,-5472.0,-1.7474,0.7946,0.4635,440.0
s5_offptsB_pts10-r1,4,9,london,73,-312.0,-0.1786,0.9588,0.5068,210.0
s5_offptsB_pts10-r1,4,9,pre,91,-2874.0,-1.442,0.7366,0.4505,440.0
s5_offptsB_pts10-r1,4,9,nyam,69,-2286.0,-1.3595,0.7201,0.4348,205.0
s5_offptsB_pts10-r2,4,10,all,233,-5872.0,-1.359,0.8292,0.309,440.0
s5_offptsB_pts10-r2,4,10,london,73,408.0,0.1633,1.0413,0.3562,220.0
s5_offptsB_pts10-r2,4,10,pre,91,-2129.0,-0.7687,0.8436,0.3187,440.0
s5_offptsB_pts10-r2,4,10,nyam,69,-4151.0,-1.902,0.6186,0.2464,205.0
s5_offptsB_pts10-r3,4,11,all,233,-1937.0,-0.3592,0.9478,0.2532,440.0
s5_offptsB_pts10-r3,4,11,london,73,3193.0,0.9908,1.3037,0.3151,220.0
s5_offptsB_pts10-r3,4,11,pre,91,-1159.0,-0.3398,0.922,0.2527,440.0
s5_offptsB_pts10-r3,4,11,nyam,69,-3971.0,-1.5071,0.6611,0.1884,205.0
s5_offptsB_pts20-r0,4,12,all,233,39118.0,1.5959,1.4791,0.1459,470.0
s5_offptsB_pts20-r0,4,12,london,73,10248.0,0.7287,1.3906,0.1233,415.0
s5_offptsB_pts20-r0,4,12,pre,91,35686.0,1.9194,2.1566,0.1758,470.0
s5_offptsB_pts20-r0,4,12,nyam,69,-6816.0,-0.941,0.7225,0.1304,410.0
s5_offptsB_pts20-r1,4,13,all,233,-9402.0,-1.5284,0.8184,0.4592,470.0
s5_offptsB_pts20-r1,4,13,london,73,-1727.0,-0.4984,0.8892,0.4795,415.0
s5_offptsB_pts20-r1,4,13,pre,91,-1164.0,-0.3001,0.9387,0.4945,470.0
s5_offptsB_pts20-r1,4,13,nyam,69,-6511.0,-1.9791,0.6215,0.3913,410.0
s5_offptsB_pts20-r2,4,14,all,233,-5177.0,-0.6003,0.9202,0.3219,470.0
s5_offptsB_pts20-r2,4,14,london,73,2628.0,0.5246,1.1393,0.3699,415.0
s5_offptsB_pts20-r2,4,14,pre,91,2366.0,0.4246,1.099,0.3626,470.0
s5_offptsB_pts20-r2,4,14,nyam,69,-10171.0,-2.4447,0.54,0.2174,410.0
s5_offptsB_pts20-r3,4,15,all,233,-857.0,-0.0802,0.988,0.2532,470.0
s5_offptsB_pts20-r3,4,15,london,73,2193.0,0.3559,1.1009,0.274,415.0
s5_offptsB_pts20-r3,4,15,pre,91,5936.0,0.8425,1.2252,0.2967,470.0
s5_offptsB_pts20-r3,4,15,nyam,69,-8986.0,-1.7648,0.615,0.1739,410.0
s5_offptsB_pts30-r0,4,16,all,233,68438.0,2.3429,1.6208,0.2232,660.0
s5_offptsB_pts30-r0,4,16,london,73,16888.0,1.0055,1.461,0.1781,615.0
s5_offptsB_pts30-r0,4,16,pre,91,49196.0,2.3531,2.2014,0.2637,660.0
s5_offptsB_pts30-r0,4,16,nyam,69,2354.0,0.206,1.0721,0.2174,610.0
s5_offptsB_pts30-r1,4,17,all,233,1293.0,0.1401,1.0186,0.5107,660.0
s5_offptsB_pts30-r1,4,17,london,73,8523.0,1.6782,1.4815,0.6027,615.0
s5_offptsB_pts30-r1,4,17,pre,91,1076.0,0.1858,1.0399,0.5165,660.0
s5_offptsB_pts30-r1,4,17,nyam,69,-8306.0,-1.6767,0.6677,0.4058,610.0
s5_offptsB_pts30-r2,4,18,all,233,9488.0,0.715,1.1043,0.3605,660.0
s5_offptsB_pts30-r2,4,18,london,73,6013.0,0.7956,1.2189,0.3836,615.0
s5_offptsB_pts30-r2,4,18,pre,91,11226.0,1.3181,1.3399,0.4066,660.0
s5_offptsB_pts30-r2,4,18,nyam,69,-7751.0,-1.1486,0.7457,0.2754,610.0
s5_offptsB_pts30-r3,4,19,all,233,21588.0,1.2958,1.2156,0.2961,660.0
s5_offptsB_pts30-r3,4,19,london,73,1148.0,0.1264,1.0348,0.2603,615.0
s5_offptsB_pts30-r3,4,19,pre,91,22956.0,2.0839,1.6473,0.3626,660.0
s5_offptsB_pts30-r3,4,19,nyam,69,-2516.0,-0.2964,0.9206,0.2464,610.0
s5_offptsB_pts45-r0,4,20,all,233,76948.0,2.2692,1.5166,0.2833,925.0
s5_offptsB_pts45-r0,4,20,london,73,11043.0,0.5971,1.217,0.2192,925.0
s5_offptsB_pts45-r0,4,20,pre,91,53806.0,2.3272,1.9788,0.3187,915.0
s5_offptsB_pts45-r0,4,20,nyam,69,12099.0,0.7328,1.2808,0.3043,900.0
s5_offptsB_pts45-r1,4,21,all,233,10098.0,0.7321,1.1009,0.5279,925.0
s5_offptsB_pts45-r1,4,21,london,73,14793.0,1.9562,1.5795,0.6164,925.0
s5_offptsB_pts45-r1,4,21,pre,91,5681.0,0.6578,1.1486,0.5385,915.0
s5_offptsB_pts45-r1,4,21,nyam,69,-10376.0,-1.3918,0.7146,0.4203,900.0
s5_offptsB_pts45-r2,4,22,all,233,26693.0,1.345,1.2058,0.3863,925.0
s5_offptsB_pts45-r2,4,22,london,73,908.0,0.0831,1.021,0.3425,925.0
s5_offptsB_pts45-r2,4,22,pre,91,29996.0,2.3306,1.6728,0.4615,915.0
s5_offptsB_pts45-r2,4,22,nyam,69,-4211.0,-0.411,0.8993,0.3333,900.0
s5_offptsB_pts45-r3,4,23,all,233,38408.0,1.5796,1.2711,0.3176,925.0
s5_offptsB_pts45-r3,4,23,london,73,4428.0,0.329,1.0937,0.274,925.0
s5_offptsB_pts45-r3,4,23,pre,91,33546.0,2.0781,1.6534,0.3626,915.0
s5_offptsB_pts45-r3,4,23,nyam,69,434.0,0.0357,1.0101,0.3043,900.0
s5_offptsB_pct0p1-r0,4,24,all,233,42328.0,1.732,1.5396,0.1459,445.0
s5_offptsB_pct0p1-r0,4,24,london,73,11288.0,0.8049,1.448,0.1233,440.0
s5_offptsB_pct0p1-r0,4,24,pre,91,37176.0,2.0064,2.266,0.1758,440.0
s5_offptsB_pct0p1-r0,4,24,nyam,69,-6136.0,-0.8502,0.7431,0.1304,445.0
s5_offptsB_pct0p1-r1,4,25,all,233,-5987.0,-1.0072,0.8759,0.4764,445.0
s5_offptsB_pct0p1-r1,4,25,london,73,-72.0,-0.0215,0.9949,0.5068,440.0
s5_offptsB_pct0p1-r1,4,25,pre,91,501.0,0.135,1.0289,0.5165,440.0
s5_offptsB_pct0p1-r1,4,25,nyam,69,-6416.0,-2.0058,0.6168,0.3913,445.0
s5_offptsB_pct0p1-r2,4,26,all,233,-7457.0,-0.9042,0.8821,0.3133,445.0
s5_offptsB_pct0p1-r2,4,26,london,73,3773.0,0.7739,1.2126,0.3836,440.0
s5_offptsB_pct0p1-r2,4,26,pre,91,1166.0,0.2201,1.0503,0.3516,440.0
s5_offptsB_pct0p1-r2,4,26,nyam,69,-12396.0,-3.2517,0.4446,0.1884,445.0
s5_offptsB_pct0p1-r3,4,27,all,233,-632.0,-0.0612,0.9908,0.2532,445.0
s5_offptsB_pct0p1-r3,4,27,london,73,3743.0,0.6191,1.1826,0.2877,440.0
s5_offptsB_pct0p1-r3,4,27,pre,91,4451.0,0.6641,1.1747,0.2857,440.0
s5_offptsB_pct0p1-r3,4,27,nyam,69,-8826.0,-1.7887,0.6108,0.1739,445.0
s5_offptsB_pct0p2-r0,4,28,all,233,82898.0,2.5144,1.6275,0.2618,895.0
s5_offptsB_pct0p2-r0,4,28,london,73,15028.0,0.8334,1.3349,0.2055,880.0
s5_offptsB_pct0p2-r0,4,28,pre,91,55356.0,2.4618,2.1473,0.2967,875.0
s5_offptsB_pct0p2-r0,4,28,nyam,69,12514.0,0.7826,1.3209,0.2754,895.0
s5_offptsB_pct0p2-r1,4,29,all,233,-1072.0,-0.0905,0.9882,0.5021,895.0
s5_offptsB_pct0p2-r1,4,29,london,73,8688.0,1.3217,1.3649,0.5753,880.0
s5_offptsB_pct0p2-r1,4,29,pre,91,1436.0,0.1948,1.042,0.5165,875.0
s5_offptsB_pct0p2-r1,4,29,nyam,69,-11196.0,-1.7501,0.6554,0.4058,895.0
s5_offptsB_pct0p2-r2,4,30,all,233,19783.0,1.1613,1.1759,0.3777,895.0
s5_offptsB_pct0p2-r2,4,30,london,73,-212.0,-0.0225,0.9944,0.3288,880.0
s5_offptsB_pct0p2-r2,4,30,pre,91,23201.0,2.1223,1.6001,0.4505,875.0
s5_offptsB_pct0p2-r2,4,30,nyam,69,-3206.0,-0.3585,0.9116,0.3333,895.0
s5_offptsB_pct0p2-r3,4,31,all,233,32303.0,1.5212,1.2606,0.309,895.0
s5_offptsB_pct0p2-r3,4,31,london,73,4943.0,0.418,1.1211,0.274,880.0
s5_offptsB_pct0p2-r3,4,31,pre,91,29156.0,2.0965,1.6603,0.3626,875.0
s5_offptsB_pct0p2-r3,4,31,nyam,69,-1796.0,-0.1666,0.9539,0.2754,895.0
s6_offatr0p25_atr1p5-r0,0,0,all,252,12497.0,0.3683,1.0757,0.2143,5395.0
s6_offatr0p25_atr1p5-r0,0,0,london,109,5474.0,0.225,1.0805,0.1743,2595.0
s6_offatr0p25_atr1p5-r0,0,0,pre,85,15580.0,0.8069,1.2998,0.2588,2185.0
s6_offatr0p25_atr1p5-r0,0,0,nyam,58,-8557.0,-0.618,0.8104,0.2241,5395.0
s6_offatr0p25_atr1p5-r1,0,1,all,252,2732.0,0.1819,1.0263,0.5238,5395.0
s6_offatr0p25_atr1p5-r1,0,1,london,109,4104.0,0.4734,1.1053,0.5505,2595.0
s6_offatr0p25_atr1p5-r1,0,1,pre,85,7220.0,0.849,1.2209,0.5412,1900.0
s6_offatr0p25_atr1p5-r1,0,1,nyam,58,-8592.0,-0.9721,0.7333,0.4483,5395.0
s6_offatr0p25_atr1p5-r2,0,2,all,252,-1503.0,-0.0738,0.9893,0.3532,5395.0
s6_offatr0p25_atr1p5-r2,0,2,london,109,-4056.0,-0.3473,0.9272,0.3486,2595.0
s6_offatr0p25_atr1p5-r2,0,2,pre,85,7385.0,0.6058,1.1602,0.3765,2185.0
s6_offatr0p25_atr1p5-r2,0,2,nyam,58,-4832.0,-0.4197,0.8758,0.3276,5395.0
s6_offatr0p25_atr1p5-r3,0,3,all,252,24502.0,0.9672,1.1636,0.3016,5395.0
s6_offatr0p25_atr1p5-r3,0,3,london,109,-1396.0,-0.0989,0.9771,0.2752,2595.0
s6_offatr0p25_atr1p5-r3,0,3,pre,85,19840.0,1.2916,1.4085,0.3412,2185.0
s6_offatr0p25_atr1p5-r3,0,3,nyam,58,6058.0,0.4188,1.1509,0.2931,5395.0
s6_offatr0p25_atr3-r0,0,4,all,252,19397.0,0.4545,1.0787,0.3611,9490.0
s6_offatr0p25_atr3-r0,0,4,london,109,6244.0,0.2122,1.0604,0.3394,4645.0
s6_offatr0p25_atr3-r0,0,4,pre,85,21425.0,0.8309,1.2651,0.3765,4365.0
s6_offatr0p25_atr3-r0,0,4,nyam,58,-8272.0,-0.4787,0.8672,0.3793,9490.0
s6_offatr0p25_atr3-r1,0,5,all,252,2542.0,0.092,1.0128,0.5198,9490.0
s6_offatr0p25_atr3-r1,0,5,london,109,7564.0,0.447,1.1006,0.5413,4645.0
s6_offatr0p25_atr3-r1,0,5,pre,85,2160.0,0.1287,1.0311,0.5294,4365.0
s6_offatr0p25_atr3-r1,0,5,nyam,58,-7182.0,-0.5074,0.8667,0.4655,9490.0
s6_offatr0p25_atr3-r2,0,6,all,252,3562.0,0.1029,1.015,0.3889,9490.0
s6_offatr0p25_atr3-r2,0,6,london,109,-17861.0,-0.8869,0.8231,0.3578,4645.0
s6_offatr0p25_atr3-r2,0,6,pre,85,11420.0,0.5342,1.1457,0.4118,4365.0
s6_offatr0p25_atr3-r2,0,6,nyam,58,10003.0,0.5419,1.1723,0.4138,9490.0
s6_offatr0p25_atr3-r3,0,7,all,252,7497.0,0.1959,1.0304,0.3611,9490.0
s6_offatr0p25_atr3-r3,0,7,london,109,-8286.0,-0.3602,0.9198,0.3394,4645.0
s6_offatr0p25_atr3-r3,0,7,pre,85,18985.0,0.7705,1.2349,0.3765,4365.0
s6_offatr0p25_atr3-r3,0,7,nyam,58,-3202.0,-0.1747,0.9486,0.3793,9490.0
s6_offatr0p25_pts10-r0,0,8,all,252,7777.0,0.3944,1.1585,0.0714,260.0
s6_offatr0p25_pts10-r0,0,8,london,109,3234.0,0.1918,1.1498,0.055,205.0
s6_offatr0p25_pts10-r0,0,8,pre,85,-2320.0,-0.3134,0.862,0.0588,260.0
s6_offatr0p25_pts10-r0,0,8,nyam,58,6863.0,0.9556,1.643,0.1207,205.0
s6_offatr0p25_pts10-r1,0,9,all,252,-978.0,-0.3028,0.9625,0.5079,260.0
s6_offatr0p25_pts10-r1,0,9,london,109,-1361.0,-0.64,0.8841,0.4862,205.0
s6_offatr0p25_pts10-r1,0,9,pre,85,370.0,0.1962,1.0438,0.5294,260.0
s6_offatr0p25_pts10-r1,0,9,nyam,58,13.0,0.0084,1.0022,0.5172,205.0
s6_offatr0p25_pts10-r2,0,10,all,252,417.0,0.0907,1.0121,0.3492,260.0
s6_offatr0p25_pts10-r2,0,10,london,109,764.0,0.2509,1.052,0.3578,205.0
s6_offatr0p25_pts10-r2,0,10,pre,85,-915.0,-0.346,0.9238,0.3294,260.0
s6_offatr0p25_pts10-r2,0,10,nyam,58,568.0,0.2541,1.0733,0.3621,205.0
s6_offatr0p25_pts10-r3,0,11,all,252,302.0,0.0536,1.0077,0.2619,260.0
s6_offatr0p25_pts10-r3,0,11,london,109,2929.0,0.7611,1.1814,0.2936,205.0
s6_offatr0p25_pts10-r3,0,11,pre,85,-1760.0,-0.5546,0.8713,0.2353,260.0
s6_offatr0p25_pts10-r3,0,11,nyam,58,-867.0,-0.3275,0.9059,0.2414,205.0
s6_offatr0p25_pts20-r0,0,12,all,252,6297.0,0.2625,1.07,0.123,420.0
s6_offatr0p25_pts20-r0,0,12,london,109,10604.0,0.522,1.2695,0.1193,420.0
s6_offatr0p25_pts20-r0,0,12,pre,85,-3325.0,-0.3277,0.8894,0.1176,410.0
s6_offatr0p25_pts20-r0,0,12,nyam,58,-982.0,-0.1242,0.952,0.1379,405.0
s6_offatr0p25_pts20-r1,0,13,all,252,3107.0,0.4854,1.0632,0.5238,420.0
s6_offatr0p25_pts20-r1,0,13,london,109,2049.0,0.4856,1.0979,0.5321,420.0
s6_offatr0p25_pts20-r1,0,13,pre,85,1450.0,0.389,1.0886,0.5294,410.0
s6_offatr0p25_pts20-r1,0,13,nyam,58,-392.0,-0.1267,0.967,0.5,405.0
s6_offatr0p25_pts20-r2,0,14,all,252,11302.0,1.216,1.1757,0.377,420.0
s6_offatr0p25_pts20-r2,0,14,london,109,9569.0,1.5363,1.3645,0.4128,420.0
s6_offatr0p25_pts20-r2,0,14,pre,85,1375.0,0.2574,1.0611,0.3529,410.0
s6_offatr0p25_pts20-r2,0,14,nyam,58,358.0,0.0813,1.023,0.3448,405.0
s6_offatr0p25_pts20-r3,0,15,all,252,13992.0,1.2078,1.1908,0.2897,420.0
s6_offatr0p25_pts20-r3,0,15,london,109,9914.0,1.2704,1.3224,0.3119,420.0
s6_offatr0p25_pts20-r3,0,15,pre,85,535.0,0.0821,1.0208,0.2588,410.0
s6_offatr0p25_pts20-r3,0,15,nyam,58,3543.0,0.6311,1.211,0.2931,405.0
s6_offatr0p25_pts30-r0,0,16,all,252,21252.0,0.714,1.1698,0.1746,630.0
s6_offatr0p25_pts30-r0,0,16,london,109,9389.0,0.4196,1.1692,0.156,630.0
s6_offatr0p25_pts30-r0,0,16,pre,85,9740.0,0.5917,1.2374,0.1882,615.0
s6_offatr0p25_pts30-r0,0,16,nyam,58,2123.0,0.1934,1.0741,0.1897,610.0
s6_offatr0p25_pts30-r1,0,17,all,252,5507.0,0.5749,1.0753,0.5238,630.0
s6_offatr0p25_pts30-r1,0,17,london,109,2234.0,0.3535,1.0704,0.5229,630.0
s6_offatr0p25_pts30-r1,0,17,pre,85,6060.0,1.0933,1.2688,0.5647,615.0
s6_offatr0p25_pts30-r1,0,17,nyam,58,-2787.0,-0.6036,0.8524,0.4655,600.0
s6_offatr0p25_pts30-r2,0,18,all,252,12507.0,0.9045,1.1282,0.3651,630.0
s6_offatr0p25_pts30-r2,0,18,london,109,5749.0,0.6297,1.1366,0.367,630.0
s6_offatr0p25_pts30-r2,0,18,pre,85,4175.0,0.5181,1.1269,0.3647,615.0
s6_offatr0p25_pts30-r2,0,18,nyam,58,2583.0,0.3876,1.1146,0.3621,600.0
s6_offatr0p25_pts30-r3,0,19,all,252,4077.0,0.2437,1.036,0.2619,630.0
s6_offatr0p25_pts30-r3,0,19,london,109,-5021.0,-0.4736,0.9008,0.2385,630.0
s6_offatr0p25_pts30-r3,0,19,pre,85,5940.0,0.5916,1.1598,0.2824,615.0
s6_offatr0p25_pts30-r3,0,19,nyam,58,3158.0,0.3824,1.1235,0.2759,600.0
s6_offatr0p25_pts45-r0,0,20,all,252,26702.0,0.7809,1.1588,0.25,920.0
s6_offatr0p25_pts45-r0,0,20,london,109,759.0,0.0308,1.0099,0.211,920.0
s6_offatr0p25_pts45-r0,0,20,pre,85,21530.0,1.094,1.4051,0.2824,910.0
s6_offatr0p25_pts45-r0,0,20,nyam,58,4413.0,0.3276,1.1156,0.2759,905.0
s6_offatr0p25_pts45-r1,0,21,all,252,14547.0,1.0157,1.1367,0.5357,915.0
s6_offatr0p25_pts45-r1,0,21,london,109,5559.0,0.5882,1.1198,0.5321,915.0
s6_offatr0p25_pts45-r1,0,21,pre,85,5755.0,0.6898,1.1623,0.5412,910.0
s6_offatr0p25_pts45-r1,0,21,nyam,58,3233.0,0.4674,1.1317,0.5345,900.0
s6_offatr0p25_pts45-r2,0,22,all,252,8642.0,0.4248,1.0585,0.3532,920.0
s6_offatr0p25_pts45-r2,0,22,london,109,-10126.0,-0.7932,0.8505,0.3119,920.0
s6_offatr0p25_pts45-r2,0,22,pre,85,14685.0,1.1947,1.3166,0.4,910.0
s6_offatr0p25_pts45-r2,0,22,nyam,58,4083.0,0.4088,1.1214,0.3621,900.0
s6_offatr0p25_pts45-r3,0,23,all,252,10067.0,0.4168,1.0627,0.2897,920.0
s6_offatr0p25_pts45-r3,0,23,london,109,-17376.0,-1.1997,0.7655,0.2385,920.0
s6_offatr0p25_pts45-r3,0,23,pre,85,14600.0,1.0012,1.2861,0.3294,910.0
s6_offatr0p25_pts45-r3,0,23,nyam,58,12843.0,1.0211,1.3622,0.3276,905.0
s6_offatr0p25_pct0p1-r0,0,24,all,252,8197.0,0.3427,1.0941,0.119,450.0
s6_offatr0p25_pct0p1-r0,0,24,london,109,10894.0,0.5376,1.2855,0.1101,440.0
s6_offatr0p25_pct0p1-r0,0,24,pre,85,-2470.0,-0.2441,0.9155,0.1176,450.0
s6_offatr0p25_pct0p1-r0,0,24,nyam,58,-227.0,-0.0288,0.9885,0.1379,440.0
s6_offatr0p25_pct0p1-r1,0,25,all,252,3282.0,0.5319,1.0696,0.5278,440.0
s6_offatr0p25_pct0p1-r1,0,25,london,109,1089.0,0.2691,1.0533,0.5229,440.0
s6_offatr0p25_pct0p1-r1,0,25,pre,85,2670.0,0.7395,1.1755,0.5529,435.0
s6_offatr0p25_pct0p1-r1,0,25,nyam,58,-477.0,-0.1598,0.9585,0.5,435.0
s6_offatr0p25_pct0p1-r2,0,26,all,252,5532.0,0.6245,1.0868,0.3611,440.0
s6_offatr0p25_pct0p1-r2,0,26,london,109,6509.0,1.1017,1.2504,0.3945,440.0
s6_offatr0p25_pct0p1-r2,0,26,pre,85,-210.0,-0.041,0.9906,0.3412,435.0
s6_offatr0p25_pct0p1-r2,0,26,nyam,58,-767.0,-0.1826,0.9501,0.3276,435.0
s6_offatr0p25_pct0p1-r3,0,27,all,252,12307.0,1.1083,1.1737,0.2897,440.0
s6_offatr0p25_pct0p1-r3,0,27,london,109,10264.0,1.373,1.3513,0.3211,440.0
s6_offatr0p25_pct0p1-r3,0,27,pre,85,560.0,0.0882,1.0224,0.2588,435.0
s6_offatr0p25_pct0p1-r3,0,27,nyam,58,1483.0,0.2817,1.0891,0.2759,440.0
s6_offatr0p25_pct0p2-r0,0,28,all,252,29317.0,0.9074,1.1962,0.2262,875.0
s6_offatr0p25_pct0p2-r0,0,28,london,109,-2606.0,-0.114,0.9622,0.1743,875.0
s6_offatr0p25_pct0p2-r0,0,28,pre,85,28460.0,1.4774,1.6158,0.2824,875.0
s6_offatr0p25_pct0p2-r0,0,28,nyam,58,3463.0,0.2816,1.1013,0.2414,875.0
s6_offatr0p25_pct0p2-r1,0,29,all,252,10882.0,0.8855,1.1185,0.5317,875.0
s6_offatr0p25_pct0p2-r1,0,29,london,109,404.0,0.0501,1.0097,0.5046,875.0
s6_offatr0p25_pct0p2-r1,0,29,pre,85,10730.0,1.5055,1.3883,0.5882,875.0
s6_offatr0p25_pct0p2-r1,0,29,nyam,58,-252.0,-0.0424,0.9888,0.5,865.0
s6_offatr0p25_pct0p2-r2,0,30,all,252,13417.0,0.7593,1.1069,0.3611,875.0
s6_offatr0p25_pct0p2-r2,0,30,london,109,-4601.0,-0.4104,0.9197,0.3211,875.0
s6_offatr0p25_pct0p2-r2,0,30,pre,85,10545.0,0.9961,1.2591,0.3882,875.0
s6_offatr0p25_pct0p2-r2,0,30,nyam,58,7473.0,0.8612,1.272,0.3966,875.0
s6_offatr0p25_pct0p2-r3,0,31,all,252,25607.0,1.1764,1.187,0.2976,875.0
s6_offatr0p25_pct0p2-r3,0,31,london,109,-14721.0,-1.1549,0.7735,0.2202,875.0
s6_offatr0p25_pct0p2-r3,0,31,pre,85,28405.0,2.092,1.6836,0.3765,875.0
s6_offatr0p25_pct0p2-r3,0,31,nyam,58,11923.0,1.0907,1.3921,0.3276,875.0
s6_offatr0p5_atr1p5-r0,1,0,all,250,12610.0,0.3721,1.078,0.216,5385.0
s6_offatr0p5_atr1p5-r0,1,0,london,96,11136.0,0.4878,1.195,0.1875,1670.0
s6_offatr0p5_atr1p5-r0,1,0,pre,87,18532.0,0.8759,1.3557,0.2414,2595.0
s6_offatr0p5_atr1p5-r0,1,0,nyam,67,-17058.0,-1.2745,0.6745,0.2239,5385.0
s6_offatr0p5_atr1p5-r1,1,1,all,250,6500.0,0.4413,1.065,0.528,5385.0
s6_offatr0p5_atr1p5-r1,1,1,london,96,-1039.0,-0.136,0.9707,0.5104,1670.0
s6_offatr0p5_atr1p5-r1,1,1,pre,87,5037.0,0.6015,1.1523,0.5517,2185.0
s6_offatr0p5_atr1p5-r1,1,1,nyam,67,2502.0,0.2635,1.0796,0.5224,5385.0
s6_offatr0p5_atr1p5-r2,1,2,all,250,1745.0,0.0863,1.0128,0.352,5385.0
s6_offatr0p5_atr1p5-r2,1,2,london,96,-989.0,-0.0932,0.9786,0.3438,1670.0
s6_offatr0p5_atr1p5-r2,1,2,pre,87,7267.0,0.6073,1.1607,0.3793,2595.0
s6_offatr0p5_atr1p5-r2,1,2,nyam,67,-4533.0,-0.3633,0.8998,0.3284,5385.0
s6_offatr0p5_atr1p5-r3,1,3,all,250,8990.0,0.3663,1.0602,0.28,5385.0
s6_offatr0p5_atr1p5-r3,1,3,london,96,-11944.0,-0.9972,0.7799,0.2292,1670.0
s6_offatr0p5_atr1p5-r3,1,3,pre,87,18747.0,1.2327,1.3925,0.3333,2595.0
s6_offatr0p5_atr1p5-r3,1,3,nyam,67,2187.0,0.145,1.0463,0.2836,5385.0
s6_offatr0p5_atr3-r0,1,4,all,250,-18265.0,-0.4426,0.9296,0.336,10405.0
s6_offatr0p5_atr3-r0,1,4,london,96,2461.0,0.0894,1.0263,0.3229,3340.0
s6_offatr0p5_atr3-r0,1,4,pre,87,14752.0,0.5815,1.1786,0.3678,5190.0
s6_offatr0p5_atr3-r0,1,4,nyam,67,-35478.0,-2.068,0.5737,0.3134,10405.0
s6_offatr0p5_atr3-r1,1,5,all,250,-35420.0,-1.305,0.8355,0.48,10405.0
s6_offatr0p5_atr3-r1,1,5,london,96,-3034.0,-0.2032,0.9561,0.5208,3340.0
s6_offatr0p5_atr3-r1,1,5,pre,87,-5458.0,-0.3308,0.9243,0.4943,5190.0
s6_offatr0p5_atr3-r1,1,5,nyam,67,-26928.0,-1.7328,0.6366,0.403,10405.0
s6_offatr0p5_atr3-r2,1,6,all,250,-33000.0,-0.9914,0.8675,0.368,10405.0
s6_offatr0p5_atr3-r2,1,6,london,96,-22109.0,-1.2109,0.7582,0.3438,3340.0
s6_offatr0p5_atr3-r2,1,6,pre,87,7837.0,0.38,1.0996,0.4138,5190.0
s6_offatr0p5_atr3-r2,1,6,nyam,67,-18728.0,-0.9983,0.7629,0.3433,10405.0
s6_offatr0p5_atr3-r3,1,7,all,250,-34975.0,-0.9568,0.8652,0.336,10405.0
s6_offatr0p5_atr3-r3,1,7,london,96,-14454.0,-0.6952,0.8457,0.3229,3340.0
s6_offatr0p5_atr3-r3,1,7,pre,87,9482.0,0.3991,1.1148,0.3678,5190.0
s6_offatr0p5_atr3-r3,1,7,nyam,67,-30003.0,-1.6307,0.6395,0.3134,10405.0
s6_offatr0p5_pts10-r0,1,8,all,250,9445.0,0.4445,1.1932,0.072,260.0
s6_offatr0p5_pts10-r0,1,8,london,96,12676.0,0.7284,1.6842,0.0833,255.0
s6_offatr0p5_pts10-r0,1,8,pre,87,-1468.0,-0.1341,0.9162,0.046,260.0
s6_offatr0p5_pts10-r0,1,8,nyam,67,-1763.0,-0.3184,0.8627,0.0896,235.0
s6_offatr0p5_pts10-r1,1,9,all,250,-5440.0,-1.6943,0.8069,0.464,260.0
s6_offatr0p5_pts10-r1,1,9,london,96,-1469.0,-0.7359,0.8599,0.4792,210.0
s6_offatr0p5_pts10-r1,1,9,pre,87,-2868.0,-1.5154,0.722,0.4368,260.0
s6_offatr0p5_pts10-r1,1,9,nyam,67,-1103.0,-0.6582,0.8504,0.4776,235.0
s6_offatr0p5_pts10-r2,1,10,all,250,-4110.0,-0.9167,0.8852,0.32,260.0
s6_offatr0p5_pts10-r2,1,10,london,96,1646.0,0.5694,1.1305,0.375,220.0
s6_offatr0p5_pts10-r2,1,10,pre,87,-3183.0,-1.2346,0.7567,0.2874,260.0
s6_offatr0p5_pts10-r2,1,10,nyam,67,-2573.0,-1.1414,0.7452,0.2836,235.0
s6_offatr0p5_pts10-r3,1,11,all,250,-2665.0,-0.4827,0.9327,0.248,260.0
s6_offatr0p5_pts10-r3,1,11,london,96,3956.0,1.0737,1.2841,0.3125,255.0
s6_offatr0p5_pts10-r3,1,11,pre,87,-3018.0,-0.9647,0.7896,0.2184,260.0
s6_offatr0p5_pts10-r3,1,11,nyam,67,-3603.0,-1.3702,0.6826,0.194,235.0
s6_offatr0p5_pts20-r0,1,12,all,250,25110.0,0.9499,1.2845,0.136,430.0
s6_offatr0p5_pts20-r0,1,12,london,96,14041.0,0.7035,1.4079,0.125,430.0
s6_offatr0p5_pts20-r0,1,12,pre,87,10897.0,0.709,1.3526,0.1264,410.0
s6_offatr0p5_pts20-r0,1,12,nyam,67,172.0,0.0208,1.0075,0.1642,420.0
s6_offatr0p5_pts20-r1,1,13,all,250,3905.0,0.6127,1.0807,0.528,430.0
s6_offatr0p5_pts20-r1,1,13,london,96,1716.0,0.4329,1.0929,0.5312,430.0
s6_offatr0p5_pts20-r1,1,13,pre,87,1432.0,0.3797,1.0853,0.5287,410.0
s6_offatr0p5_pts20-r1,1,13,nyam,67,757.0,0.2281,1.0578,0.5224,405.0
s6_offatr0p5_pts20-r2,1,14,all,250,7300.0,0.7943,1.1121,0.364,430.0
s6_offatr0p5_pts20-r2,1,14,london,96,2836.0,0.496,1.1134,0.3646,430.0
s6_offatr0p5_pts20-r2,1,14,pre,87,2962.0,0.5432,1.1316,0.3678,410.0
s6_offatr0p5_pts20-r2,1,14,nyam,67,1502.0,0.3151,1.0853,0.3582,405.0
s6_offatr0p5_pts20-r3,1,15,all,250,1945.0,0.1743,1.0257,0.26,430.0
s6_offatr0p5_pts20-r3,1,15,london,96,-819.0,-0.1196,0.9723,0.25,430.0
s6_offatr0p5_pts20-r3,1,15,pre,87,-293.0,-0.0448,0.989,0.2529,410.0
s6_offatr0p5_pts20-r3,1,15,nyam,67,3057.0,0.5121,1.1554,0.2836,420.0
s6_offatr0p5_pts30-r0,1,16,all,250,1155.0,0.0409,1.0091,0.16,625.0
s6_offatr0p5_pts30-r0,1,16,london,96,8881.0,0.4138,1.1797,0.1562,625.0
s6_offatr0p5_pts30-r0,1,16,pre,87,3282.0,0.2021,1.0749,0.1609,615.0
s6_offatr0p5_pts30-r0,1,16,nyam,67,-11008.0,-1.2456,0.6774,0.1642,615.0
s6_offatr0p5_pts30-r1,1,17,all,250,5530.0,0.5797,1.0762,0.524,625.0
s6_offatr0p5_pts30-r1,1,17,london,96,4121.0,0.696,1.1534,0.5417,625.0
s6_offatr0p5_pts30-r1,1,17,pre,87,2447.0,0.4336,1.098,0.5287,600.0
s6_offatr0p5_pts30-r1,1,17,nyam,67,-1038.0,-0.2089,0.9499,0.4925,600.0
s6_offatr0p5_pts30-r2,1,18,all,250,1085.0,0.0801,1.0108,0.34,625.0
s6_offatr0p5_pts30-r2,1,18,london,96,-779.0,-0.0929,0.98,0.3333,625.0
s6_offatr0p5_pts30-r2,1,18,pre,87,-2443.0,-0.3088,0.932,0.3218,600.0
s6_offatr0p5_pts30-r2,1,18,nyam,67,4307.0,0.5981,1.1683,0.3731,615.0
s6_offatr0p5_pts30-r3,1,19,all,250,-4610.0,-0.2817,0.9598,0.248,625.0
s6_offatr0p5_pts30-r3,1,19,london,96,-6994.0,-0.7141,0.8451,0.2292,625.0
s6_offatr0p5_pts30-r3,1,19,pre,87,-88.0,-0.009,0.9978,0.2529,615.0
s6_offatr0p5_pts30-r3,1,19,nyam,67,2472.0,0.2811,1.0828,0.2687,615.0
s6_offatr0p5_pts45-r0,1,20,all,250,1700.0,0.0508,1.0098,0.224,915.0
s6_offatr0p5_pts45-r0,1,20,london,96,926.0,0.0399,1.0136,0.2083,915.0
s6_offatr0p5_pts45-r0,1,20,pre,87,5852.0,0.2844,1.0967,0.2184,905.0
s6_offatr0p5_pts45-r0,1,20,nyam,67,-5078.0,-0.3958,0.8883,0.2537,905.0
s6_offatr0p5_pts45-r1,1,21,all,250,12750.0,0.8933,1.1198,0.532,915.0
s6_offatr0p5_pts45-r1,1,21,london,96,8356.0,0.9447,1.2136,0.5521,915.0
s6_offatr0p5_pts45-r1,1,21,pre,87,-1478.0,-0.1746,0.9631,0.4943,905.0
s6_offatr0p5_pts45-r1,1,21,nyam,67,5872.0,0.7931,1.2152,0.5522,905.0
s6_offatr0p5_pts45-r2,1,22,all,250,3690.0,0.1827,1.0249,0.344,915.0
s6_offatr0p5_pts45-r2,1,22,london,96,-7774.0,-0.644,0.8688,0.3125,915.0
s6_offatr0p5_pts45-r2,1,22,pre,87,4752.0,0.391,1.0933,0.3563,905.0
s6_offatr0p5_pts45-r2,1,22,nyam,67,6712.0,0.622,1.1758,0.3731,905.0
s6_offatr0p5_pts45-r3,1,23,all,250,735.0,0.0309,1.0045,0.28,915.0
s6_offatr0p5_pts45-r3,1,23,london,96,-9469.0,-0.665,0.8536,0.25,915.0
s6_offatr0p5_pts45-r3,1,23,pre,87,1987.0,0.1407,1.0357,0.2874,905.0
s6_offatr0p5_pts45-r3,1,23,nyam,67,8217.0,0.6347,1.1965,0.3134,905.0
s6_offatr0p5_pct0p1-r0,1,24,all,250,15785.0,0.6227,1.1829,0.124,450.0
s6_offatr0p5_pct0p1-r0,1,24,london,96,5346.0,0.2872,1.1589,0.1042,440.0
s6_offatr0p5_pct0p1-r0,1,24,pre,87,9497.0,0.6225,1.3115,0.1149,450.0
s6_offatr0p5_pct0p1-r0,1,24,nyam,67,942.0,0.1144,1.0425,0.1642,445.0
s6_offatr0p5_pct0p1-r1,1,25,all,250,635.0,0.1031,1.0132,0.512,445.0
s6_offatr0p5_pct0p1-r1,1,25,london,96,126.0,0.0331,1.0068,0.5104,435.0
s6_offatr0p5_pct0p1-r1,1,25,pre,87,522.0,0.1424,1.0313,0.5172,440.0
s6_offatr0p5_pct0p1-r1,1,25,nyam,67,-13.0,-0.004,0.999,0.5075,445.0
s6_offatr0p5_pct0p1-r2,1,26,all,250,9720.0,1.0921,1.1573,0.376,445.0
s6_offatr0p5_pct0p1-r2,1,26,london,96,3356.0,0.6131,1.1418,0.375,440.0
s6_offatr0p5_pct0p1-r2,1,26,pre,87,5102.0,0.9533,1.2425,0.3908,440.0
s6_offatr0p5_pct0p1-r2,1,26,nyam,67,1262.0,0.2742,1.0739,0.3582,445.0
s6_offatr0p5_pct0p1-r3,1,27,all,250,7365.0,0.6739,1.1029,0.276,445.0
s6_offatr0p5_pct0p1-r3,1,27,london,96,1996.0,0.2981,1.0726,0.2708,440.0
s6_offatr0p5_pct0p1-r3,1,27,pre,87,2812.0,0.4302,1.1126,0.2759,440.0
s6_offatr0p5_pct0p1-r3,1,27,nyam,67,2557.0,0.4463,1.1338,0.2836,445.0
s6_offatr0p5_pct0p2-r0,1,28,all,250,13975.0,0.4326,1.0919,0.208,875.0
s6_offatr0p5_pct0p2-r0,1,28,london,96,9821.0,0.4306,1.1669,0.1979,875.0
s6_offatr0p5_pct0p2-r0,1,28,pre,87,9772.0,0.4926,1.1853,0.2069,865.0
s6_offatr0p5_pct0p2-r0,1,28,nyam,67,-5618.0,-0.4818,0.8612,0.2239,875.0
s6_offatr0p5_pct0p2-r1,1,29,all,250,15640.0,1.2798,1.1764,0.544,875.0
s6_offatr0p5_pct0p2-r1,1,29,london,96,5351.0,0.7086,1.1568,0.5417,875.0
s6_offatr0p5_pct0p2-r1,1,29,pre,87,6497.0,0.8941,1.213,0.5517,865.0
s6_offatr0p5_pct0p2-r1,1,29,nyam,67,3792.0,0.5943,1.1578,0.5373,875.0
s6_offatr0p5_pct0p2-r2,1,30,all,250,10860.0,0.6182,1.0867,0.356,875.0
s6_offatr0p5_pct0p2-r2,1,30,london,96,916.0,0.0856,1.0188,0.3438,875.0
s6_offatr0p5_pct0p2-r2,1,30,pre,87,-453.0,-0.0438,0.99,0.3333,865.0
s6_offatr0p5_pct0p2-r2,1,30,nyam,67,10397.0,1.1046,1.333,0.403,875.0
s6_offatr0p5_pct0p2-r3,1,31,all,250,-4215.0,-0.2049,0.9703,0.264,875.0
s6_offatr0p5_pct0p2-r3,1,31,london,96,-4879.0,-0.3888,0.9112,0.25,875.0
s6_offatr0p5_pct0p2-r3,1,31,pre,87,447.0,0.0365,1.0092,0.2759,865.0
s6_offatr0p5_pct0p2-r3,1,31,nyam,67,217.0,0.0199,1.0057,0.2687,875.0
s6_offatr1_atr1p5-r0,2,0,all,222,29187.0,0.8938,1.2099,0.2342,3785.0
s6_offatr1_atr1p5-r0,2,0,london,48,-1482.0,-0.1457,0.9431,0.2083,1350.0
s6_offatr1_atr1p5-r0,2,0,pre,73,23973.0,0.9577,1.5192,0.1918,2595.0
s6_offatr1_atr1p5-r0,2,0,nyam,101,6696.0,0.3626,1.1002,0.2772,3785.0
s6_offatr1_atr1p5-r1,2,1,all,222,3022.0,0.2317,1.0341,0.527,3785.0
s6_offatr1_atr1p5-r1,2,1,london,48,5873.0,1.1713,1.432,0.5833,1275.0
s6_offatr1_atr1p5-r1,2,1,pre,73,-12697.0,-1.7846,0.6312,0.4384,2595.0
s6_offatr1_atr1p5-r1,2,1,nyam,101,9846.0,1.027,1.2424,0.5644,3785.0
s6_offatr1_atr1p5-r2,2,2,all,222,8962.0,0.492,1.0775,0.3649,3785.0
s6_offatr1_atr1p5-r2,2,2,london,48,4463.0,0.6124,1.2239,0.375,1275.0
s6_offatr1_atr1p5-r2,2,2,pre,73,-14697.0,-1.6326,0.6504,0.274,2595.0
s6_offatr1_atr1p5-r2,2,2,nyam,101,19196.0,1.3796,1.358,0.4257,3785.0
s6_offatr1_atr1p5-r3,2,3,all,222,-8143.0,-0.3884,0.9391,0.2658,3785.0
s6_offatr1_atr1p5-r3,2,3,london,48,-5317.0,-0.6857,0.7914,0.2292,1350.0
s6_offatr1_atr1p5-r3,2,3,pre,73,-13272.0,-1.2328,0.7053,0.2192,2595.0
s6_offatr1_atr1p5-r3,2,3,nyam,101,10446.0,0.6439,1.1651,0.3168,3785.0
s6_offatr1_atr3-r0,2,4,all,222,-15548.0,-0.4044,0.9309,0.3333,5190.0
s6_offatr1_atr3-r0,2,4,london,48,-20262.0,-1.5448,0.5897,0.25,2695.0
s6_offatr1_atr3-r0,2,4,pre,73,8008.0,0.2859,1.1028,0.3014,5190.0
s6_offatr1_atr3-r0,2,4,nyam,101,-3294.0,-0.1436,0.9663,0.396,4320.0
s6_offatr1_atr3-r1,2,5,all,222,-22093.0,-0.8882,0.8786,0.4685,5190.0
s6_offatr1_atr3-r1,2,5,london,48,-11227.0,-1.1474,0.701,0.4167,2555.0
s6_offatr1_atr3-r1,2,5,pre,73,-31102.0,-2.2535,0.5579,0.3836,5190.0
s6_offatr1_atr3-r1,2,5,nyam,101,20236.0,1.1318,1.2731,0.5545,4320.0
s6_offatr1_atr3-r2,2,6,all,222,-31678.0,-1.018,0.8551,0.3559,5190.0
s6_offatr1_atr3-r2,2,6,london,48,-21852.0,-1.8251,0.5575,0.25,2695.0
s6_offatr1_atr3-r2,2,6,pre,73,-13202.0,-0.7447,0.8197,0.3562,5190.0
s6_offatr1_atr3-r2,2,6,nyam,101,3376.0,0.1494,1.0352,0.4059,4320.0
s6_offatr1_atr3-r3,2,7,all,222,-26958.0,-0.7764,0.8801,0.3333,5190.0
s6_offatr1_atr3-r3,2,7,london,48,-19102.0,-1.4262,0.6132,0.25,2695.0
s6_offatr1_atr3-r3,2,7,pre,73,-14937.0,-0.7474,0.8083,0.3014,5190.0
s6_offatr1_atr3-r3,2,7,nyam,101,7081.0,0.2824,1.0725,0.396,4320.0
s6_offatr1_pts10-r0,2,8,all,222,24697.0,1.0672,1.5657,0.0721,400.0
s6_offatr1_pts10-r0,2,8,london,48,-2987.0,-0.707,0.6757,0.0833,205.0
s6_offatr1_pts10-r0,2,8,pre,73,24443.0,1.1931,2.6547,0.0685,400.0
s6_offatr1_pts10-r0,2,8,nyam,101,3241.0,0.3292,1.1647,0.0693,220.0
s6_offatr1_pts10-r1,2,9,all,222,-4063.0,-1.3402,0.8351,0.473,280.0
s6_offatr1_pts10-r1,2,9,london,48,1288.0,0.921,1.3074,0.5833,205.0
s6_offatr1_pts10-r1,2,9,pre,73,-2052.0,-1.1704,0.7592,0.4521,280.0
s6_offatr1_pts10-r1,2,9,nyam,101,-3299.0,-1.6258,0.7233,0.4356,205.0
s6_offatr1_pts10-r2,2,10,all,222,-1333.0,-0.3108,0.957,0.3378,320.0
s6_offatr1_pts10-r2,2,10,london,48,2653.0,1.2627,1.4693,0.4375,205.0
s6_offatr1_pts10-r2,2,10,pre,73,-412.0,-0.1649,0.96,0.3425,320.0
s6_offatr1_pts10-r2,2,10,nyam,101,-3574.0,-1.2925,0.7627,0.2871,205.0
s6_offatr1_pts10-r3,2,11,all,222,-1838.0,-0.3504,0.9478,0.2523,400.0
s6_offatr1_pts10-r3,2,11,london,48,2828.0,1.0648,1.4222,0.3333,205.0
s6_offatr1_pts10-r3,2,11,pre,73,-1257.0,-0.4152,0.8951,0.2466,400.0
s6_offatr1_pts10-r3,2,11,nyam,101,-3409.0,-1.0156,0.7937,0.2178,205.0
s6_offatr1_pts20-r0,2,12,all,222,32812.0,1.2237,1.4206,0.1441,485.0
s6_offatr1_pts20-r0,2,12,london,48,-782.0,-0.1014,0.9534,0.1458,405.0
s6_offatr1_pts20-r0,2,12,pre,73,22973.0,1.0656,1.8683,0.1233,485.0
s6_offatr1_pts20-r0,2,12,nyam,101,10621.0,0.7558,1.3054,0.1584,410.0
s6_offatr1_pts20-r1,2,13,all,222,-913.0,-0.1514,0.9798,0.5045,485.0
s6_offatr1_pts20-r1,2,13,london,48,2893.0,1.0413,1.3535,0.5833,405.0
s6_offatr1_pts20-r1,2,13,pre,73,483.0,0.1383,1.0332,0.5205,485.0
s6_offatr1_pts20-r1,2,13,nyam,101,-4289.0,-1.059,0.8094,0.4554,410.0
s6_offatr1_pts20-r2,2,14,all,222,-728.0,-0.0854,0.988,0.3378,485.0
s6_offatr1_pts20-r2,2,14,london,48,3248.0,0.7872,1.2736,0.3958,405.0
s6_offatr1_pts20-r2,2,14,pre,73,-2422.0,-0.5005,0.8832,0.3151,485.0
s6_offatr1_pts20-r2,2,14,nyam,101,-1554.0,-0.2722,0.9441,0.3267,410.0
s6_offatr1_pts20-r3,2,15,all,222,-6043.0,-0.5907,0.913,0.2387,485.0
s6_offatr1_pts20-r3,2,15,london,48,1213.0,0.2429,1.0846,0.2708,405.0
s6_offatr1_pts20-r3,2,15,pre,73,-2852.0,-0.4871,0.877,0.2329,485.0
s6_offatr1_pts20-r3,2,15,nyam,101,-4404.0,-0.6478,0.862,0.2277,410.0
s6_offatr1_pts30-r0,2,16,all,222,38427.0,1.303,1.3547,0.2027,935.0
s6_offatr1_pts30-r0,2,16,london,48,-3817.0,-0.4382,0.8396,0.1875,625.0
s6_offatr1_pts30-r0,2,16,pre,73,18878.0,0.836,1.494,0.1507,935.0
s6_offatr1_pts30-r0,2,16,nyam,101,23366.0,1.3781,1.5046,0.2475,605.0
s6_offatr1_pts30-r1,2,17,all,222,12832.0,1.4326,1.2122,0.5541,665.0
s6_offatr1_pts30-r1,2,17,london,48,5668.0,1.372,1.4884,0.6042,625.0
s6_offatr1_pts30-r1,2,17,pre,73,1213.0,0.2335,1.0566,0.5205,665.0
s6_offatr1_pts30-r1,2,17,nyam,101,5951.0,0.9834,1.217,0.5545,605.0
s6_offatr1_pts30-r2,2,18,all,222,8672.0,0.6685,1.0997,0.3604,935.0
s6_offatr1_pts30-r2,2,18,london,48,3208.0,0.524,1.1752,0.375,625.0
s6_offatr1_pts30-r2,2,18,pre,73,-10622.0,-1.5497,0.6815,0.2603,935.0
s6_offatr1_pts30-r2,2,18,nyam,101,16086.0,1.7842,1.4552,0.4257,605.0
s6_offatr1_pts30-r3,2,19,all,222,4962.0,0.3157,1.05,0.2703,935.0
s6_offatr1_pts30-r3,2,19,london,48,1548.0,0.2094,1.0725,0.2708,625.0
s6_offatr1_pts30-r3,2,19,pre,73,-10052.0,-1.226,0.7191,0.2055,935.0
s6_offatr1_pts30-r3,2,19,nyam,101,13466.0,1.2083,1.3203,0.3168,605.0
s6_offatr1_pts45-r0,2,20,all,222,19492.0,0.5934,1.1281,0.2432,935.0
s6_offatr1_pts45-r0,2,20,london,48,-9107.0,-0.8702,0.7294,0.2292,910.0
s6_offatr1_pts45-r0,2,20,pre,73,20798.0,0.821,1.394,0.2055,935.0
s6_offatr1_pts45-r0,2,20,nyam,101,7801.0,0.4289,1.1187,0.2772,910.0
s6_offatr1_pts45-r1,2,21,all,222,-8758.0,-0.65,0.9163,0.482,935.0
s6_offatr1_pts45-r1,2,21,london,48,-327.0,-0.0517,0.985,0.5,905.0
s6_offatr1_pts45-r1,2,21,pre,73,-17682.0,-2.3569,0.5777,0.3699,935.0
s6_offatr1_pts45-r1,2,21,nyam,101,9251.0,1.0207,1.226,0.5545,910.0
s6_offatr1_pts45-r2,2,22,all,222,-11433.0,-0.6165,0.9156,0.3288,935.0
s6_offatr1_pts45-r2,2,22,london,48,-5002.0,-0.589,0.8333,0.3125,905.0
s6_offatr1_pts45-r2,2,22,pre,73,-16237.0,-1.6163,0.6697,0.2603,935.0
s6_offatr1_pts45-r2,2,22,nyam,101,9806.0,0.7534,1.1739,0.3861,910.0
s6_offatr1_pts45-r3,2,23,all,222,-5373.0,-0.2405,0.9634,0.2703,935.0
s6_offatr1_pts45-r3,2,23,london,48,-5147.0,-0.5109,0.8428,0.25,910.0
s6_offatr1_pts45-r3,2,23,pre,73,-12017.0,-0.9755,0.7684,0.2192,935.0
s6_offatr1_pts45-r3,2,23,nyam,101,11791.0,0.7513,1.1893,0.3168,910.0
s6_offatr1_pct0p1-r0,2,24,all,222,35732.0,1.3355,1.4758,0.1441,485.0
s6_offatr1_pct0p1-r0,2,24,london,48,43.0,0.0056,1.0027,0.1458,435.0
s6_offatr1_pct0p1-r0,2,24,pre,73,23978.0,1.1139,1.9421,0.1233,485.0
s6_offatr1_pct0p1-r0,2,24,nyam,101,11711.0,0.8356,1.3477,0.1584,440.0
s6_offatr1_pct0p1-r1,2,25,all,222,-628.0,-0.1078,0.9856,0.509,485.0
s6_offatr1_pct0p1-r1,2,25,london,48,2463.0,0.9259,1.31,0.5833,435.0
s6_offatr1_pct0p1-r1,2,25,pre,73,1778.0,0.5261,1.1325,0.5479,485.0
s6_offatr1_pct0p1-r1,2,25,nyam,101,-4869.0,-1.2419,0.7801,0.4455,440.0
s6_offatr1_pct0p1-r2,2,26,all,222,3657.0,0.439,1.0644,0.3559,485.0
s6_offatr1_pct0p1-r2,2,26,london,48,4073.0,1.0296,1.3716,0.4167,435.0
s6_offatr1_pct0p1-r2,2,26,pre,73,-57.0,-0.0119,0.997,0.3425,485.0
s6_offatr1_pct0p1-r2,2,26,nyam,101,-359.0,-0.0644,0.9865,0.3366,440.0
s6_offatr1_pct0p1-r3,2,27,all,222,-7583.0,-0.7732,0.8875,0.2342,485.0
s6_offatr1_pct0p1-r3,2,27,london,48,1078.0,0.2269,1.079,0.2708,435.0
s6_offatr1_pct0p1-r3,2,27,pre,73,-4032.0,-0.7194,0.8229,0.2192,485.0
s6_offatr1_pct0p1-r3,2,27,nyam,101,-4629.0,-0.7068,0.8506,0.2277,440.0
s6_offatr1_pct0p2-r0,2,28,all,222,38887.0,1.2082,1.2963,0.2387,935.0
s6_offatr1_pct0p2-r0,2,28,london,48,-4047.0,-0.4001,0.8585,0.2292,870.0
s6_offatr1_pct0p2-r0,2,28,pre,73,26033.0,1.0423,1.5657,0.1918,935.0
s6_offatr1_pct0p2-r0,2,28,nyam,101,16901.0,0.955,1.2984,0.2772,875.0
s6_offatr1_pct0p2-r1,2,29,all,222,10692.0,0.9242,1.1327,0.536,935.0
s6_offatr1_pct0p2-r1,2,29,london,48,3863.0,0.7251,1.2357,0.5625,870.0
s6_offatr1_pct0p2-r1,2,29,pre,73,-5887.0,-0.8794,0.8126,0.4521,935.0
s6_offatr1_pct0p2-r1,2,29,nyam,101,12716.0,1.6421,1.3879,0.5842,875.0
s6_offatr1_pct0p2-r2,2,30,all,222,7472.0,0.4527,1.0669,0.3559,935.0
s6_offatr1_pct0p2-r2,2,30,london,48,533.0,0.0708,1.0222,0.3542,870.0
s6_offatr1_pct0p2-r2,2,30,pre,73,-10322.0,-1.1443,0.7515,0.274,935.0
s6_offatr1_pct0p2-r2,2,30,nyam,101,17261.0,1.499,1.3737,0.4158,875.0
s6_offatr1_pct0p2-r3,2,31,all,222,8877.0,0.4416,1.0714,0.2793,935.0
s6_offatr1_pct0p2-r3,2,31,london,48,-87.0,-0.0096,0.9968,0.2708,870.0
s6_offatr1_pct0p2-r3,2,31,pre,73,-11042.0,-1.0206,0.7561,0.2055,935.0
s6_offatr1_pct0p2-r3,2,31,nyam,101,20006.0,1.4063,1.3841,0.3366,875.0
s6_offptsA_atr1p5-r0,3,0,all,250,9570.0,0.2792,1.0576,0.212,5390.0
s6_offptsA_atr1p5-r0,3,0,london,96,6536.0,0.2804,1.1056,0.1875,2615.0
s6_offptsA_atr1p5-r0,3,0,pre,95,14085.0,0.6522,1.2351,0.2316,2185.0
s6_offptsA_atr1p5-r0,3,0,nyam,59,-11051.0,-0.8482,0.7515,0.2203,5390.0
s6_offptsA_atr1p5-r1,3,1,all,250,13140.0,0.8771,1.1339,0.552,5390.0
s6_offptsA_atr1p5-r1,3,1,london,96,3696.0,0.4393,1.1044,0.5521,2615.0
s6_offptsA_atr1p5-r1,3,1,pre,95,11695.0,1.3184,1.3428,0.5579,1725.0
s6_offptsA_atr1p5-r1,3,1,nyam,59,-2251.0,-0.2583,0.9213,0.5424,5390.0
s6_offptsA_atr1p5-r2,3,2,all,250,6180.0,0.301,1.0449,0.364,5390.0
s6_offptsA_atr1p5-r2,3,2,london,96,-4299.0,-0.38,0.9153,0.3438,2615.0
s6_offptsA_atr1p5-r2,3,2,pre,95,8385.0,0.6458,1.1654,0.3684,2185.0
s6_offptsA_atr1p5-r2,3,2,nyam,59,2094.0,0.1854,1.0581,0.3898,5390.0
s6_offptsA_atr1p5-r3,3,3,all,250,13765.0,0.5484,1.0907,0.284,5390.0
s6_offptsA_atr1p5-r3,3,3,london,96,-7819.0,-0.5885,0.8627,0.25,2615.0
s6_offptsA_atr1p5-r3,3,3,pre,95,19060.0,1.1523,1.3506,0.3158,2185.0
s6_offptsA_atr1p5-r3,3,3,nyam,59,2524.0,0.1874,1.0624,0.2881,5390.0
s6_offptsA_atr3-r0,3,4,all,250,10065.0,0.2401,1.0405,0.356,8790.0
s6_offptsA_atr3-r0,3,4,london,96,14291.0,0.4979,1.1542,0.3542,4430.0
s6_offptsA_atr3-r0,3,4,pre,95,13810.0,0.5262,1.1493,0.3684,4365.0
s6_offptsA_atr3-r0,3,4,nyam,59,-18036.0,-1.1443,0.714,0.339,8790.0
s6_offptsA_atr3-r1,3,5,all,250,-7460.0,-0.2712,0.9632,0.504,8790.0
s6_offptsA_atr3-r1,3,5,london,96,9811.0,0.5949,1.1451,0.5625,4430.0
s6_offptsA_atr3-r1,3,5,pre,95,-9345.0,-0.5327,0.8866,0.4737,4365.0
s6_offptsA_atr3-r1,3,5,nyam,59,-7926.0,-0.5904,0.8495,0.4576,8790.0
s6_offptsA_atr3-r2,3,6,all,250,-6415.0,-0.1886,0.9732,0.384,8790.0
s6_offptsA_atr3-r2,3,6,london,96,-11884.0,-0.6044,0.8686,0.375,4430.0
s6_offptsA_atr3-r2,3,6,pre,95,3375.0,0.1562,1.0375,0.4,4365.0
s6_offptsA_atr3-r2,3,6,nyam,59,2094.0,0.1186,1.0356,0.3729,8790.0
s6_offptsA_atr3-r3,3,7,all,250,-10655.0,-0.2915,0.9571,0.356,8790.0
s6_offptsA_atr3-r3,3,7,london,96,-3059.0,-0.1374,0.967,0.3542,4430.0
s6_offptsA_atr3-r3,3,7,pre,95,5145.0,0.2177,1.0556,0.3684,4365.0
s6_offptsA_atr3-r3,3,7,nyam,59,-12741.0,-0.749,0.798,0.339,8790.0
s6_offptsA_pts10-r0,3,8,all,250,10270.0,0.48,1.2096,0.068,265.0
s6_offptsA_pts10-r0,3,8,london,96,12656.0,0.7272,1.6848,0.0833,230.0
s6_offptsA_pts10-r0,3,8,pre,95,395.0,0.0346,1.0208,0.0526,265.0
s6_offptsA_pts10-r0,3,8,nyam,59,-2781.0,-0.5445,0.7582,0.0678,205.0
s6_offptsA_pts10-r1,3,9,all,250,-1320.0,-0.4106,0.9493,0.504,260.0
s6_offptsA_pts10-r1,3,9,london,96,-1869.0,-0.9375,0.8251,0.4688,210.0
s6_offptsA_pts10-r1,3,9,pre,95,-890.0,-0.4468,0.9119,0.4947,260.0
s6_offptsA_pts10-r1,3,9,nyam,59,1439.0,0.9281,1.2754,0.5763,200.0
s6_offptsA_pts10-r2,3,10,all,250,-1580.0,-0.3484,0.9547,0.336,260.0
s6_offptsA_pts10-r2,3,10,london,96,1051.0,0.3658,1.0821,0.3646,230.0
s6_offptsA_pts10-r2,3,10,pre,95,-1795.0,-0.6498,0.8687,0.3158,260.0
s6_offptsA_pts10-r2,3,10,nyam,59,-836.0,-0.3817,0.9,0.322,200.0
s6_offptsA_pts10-r3,3,11,all,250,-2560.0,-0.4641,0.9352,0.248,260.0
s6_offptsA_pts10-r3,3,11,london,96,2396.0,0.6638,1.1676,0.2917,230.0
s6_offptsA_pts10-r3,3,11,pre,95,-2285.0,-0.6849,0.8516,0.2316,260.0
s6_offptsA_pts10-r3,3,11,nyam,59,-2671.0,-1.064,0.7281,0.2034,200.0
s6_offptsA_pts20-r0,3,12,all,250,11345.0,0.4494,1.1272,0.124,420.0
s6_offptsA_pts20-r0,3,12,london,96,7286.0,0.3787,1.2089,0.1146,420.0
s6_offptsA_pts20-r0,3,12,pre,95,6045.0,0.4158,1.1809,0.1263,405.0
s6_offptsA_pts20-r0,3,12,nyam,59,-1986.0,-0.257,0.9049,0.1356,405.0
s6_offptsA_pts20-r1,3,13,all,250,3920.0,0.6151,1.0811,0.528,420.0
s6_offptsA_pts20-r1,3,13,london,96,1731.0,0.4368,1.0937,0.5312,420.0
s6_offptsA_pts20-r1,3,13,pre,95,1385.0,0.3516,1.0752,0.5263,405.0
s6_offptsA_pts20-r1,3,13,nyam,59,804.0,0.2579,1.0701,0.5254,405.0
s6_offptsA_pts20-r2,3,14,all,250,10905.0,1.1785,1.1706,0.376,420.0
s6_offptsA_pts20-r2,3,14,london,96,6441.0,1.1084,1.2706,0.3958,420.0
s6_offptsA_pts20-r2,3,14,pre,95,3310.0,0.5811,1.1348,0.3684,405.0
s6_offptsA_pts20-r2,3,14,nyam,59,1154.0,0.2581,1.0742,0.3559,405.0
s6_offptsA_pts20-r3,3,15,all,250,13180.0,1.1441,1.1807,0.288,420.0
s6_offptsA_pts20-r3,3,15,london,96,7186.0,0.9891,1.2613,0.3021,420.0
s6_offptsA_pts20-r3,3,15,pre,95,1255.0,0.1812,1.0438,0.2632,405.0
s6_offptsA_pts20-r3,3,15,nyam,59,4739.0,0.8275,1.2823,0.3051,405.0
s6_offptsA_pts30-r0,3,16,all,250,33680.0,1.0687,1.2715,0.18,630.0
s6_offptsA_pts30-r0,3,16,london,96,20406.0,0.9053,1.4288,0.1875,620.0
s6_offptsA_pts30-r0,3,16,pre,95,14815.0,0.7645,1.3179,0.1789,630.0
s6_offptsA_pts30-r0,3,16,nyam,59,-1541.0,-0.1439,0.9484,0.1695,605.0
s6_offptsA_pts30-r1,3,17,all,250,12760.0,1.3422,1.1852,0.548,620.0
s6_offptsA_pts30-r1,3,17,london,96,4136.0,0.6986,1.154,0.5417,620.0
s6_offptsA_pts30-r1,3,17,pre,95,7210.0,1.2328,1.2887,0.5684,605.0
s6_offptsA_pts30-r1,3,17,nyam,59,1414.0,0.3032,1.0829,0.5254,605.0
s6_offptsA_pts30-r2,3,18,all,250,15500.0,1.1209,1.1619,0.372,630.0
s6_offptsA_pts30-r2,3,18,london,96,8256.0,0.9536,1.2294,0.3854,620.0
s6_offptsA_pts30-r2,3,18,pre,95,1670.0,0.1982,1.0442,0.3474,630.0
s6_offptsA_pts30-r2,3,18,nyam,59,5574.0,0.8172,1.2541,0.3898,605.0
s6_offptsA_pts30-r3,3,19,all,250,4580.0,0.2746,1.0408,0.264,630.0
s6_offptsA_pts30-r3,3,19,london,96,-2589.0,-0.2576,0.9411,0.25,620.0
s6_offptsA_pts30-r3,3,19,pre,95,7035.0,0.6617,1.1697,0.2842,630.0
s6_offptsA_pts30-r3,3,19,nyam,59,134.0,0.0165,1.005,0.2542,605.0
s6_offptsA_pts45-r0,3,20,all,250,18685.0,0.5404,1.109,0.236,915.0
s6_offptsA_pts45-r0,3,20,london,96,971.0,0.0415,1.0142,0.2083,915.0
s6_offptsA_pts45-r0,3,20,pre,95,17230.0,0.7741,1.2695,0.2421,910.0
s6_offptsA_pts45-r0,3,20,nyam,59,484.0,0.0382,1.0124,0.2712,905.0
s6_offptsA_pts45-r1,3,21,all,250,14555.0,1.0203,1.138,0.536,915.0
s6_offptsA_pts45-r1,3,21,london,96,2946.0,0.3315,1.0704,0.5208,915.0
s6_offptsA_pts45-r1,3,21,pre,95,3875.0,0.4387,1.0947,0.5263,910.0
s6_offptsA_pts45-r1,3,21,nyam,59,7734.0,1.1191,1.3403,0.5763,905.0
s6_offptsA_pts45-r2,3,22,all,250,12700.0,0.6234,1.0873,0.36,915.0
s6_offptsA_pts45-r2,3,22,london,96,-8929.0,-0.7407,0.8513,0.3125,915.0
s6_offptsA_pts45-r2,3,22,pre,95,13710.0,1.0606,1.2599,0.3895,910.0
s6_offptsA_pts45-r2,3,22,nyam,59,7919.0,0.7815,1.242,0.3898,905.0
s6_offptsA_pts45-r3,3,23,all,250,15130.0,0.6234,1.0954,0.296,915.0
s6_offptsA_pts45-r3,3,23,london,96,-10634.0,-0.7569,0.8356,0.25,915.0
s6_offptsA_pts45-r3,3,23,pre,95,9470.0,0.6219,1.1597,0.3053,910.0
s6_offptsA_pts45-r3,3,23,nyam,59,16294.0,1.2928,1.4716,0.3559,905.0
s6_offptsA_pct0p1-r0,3,24,all,250,7405.0,0.3048,1.0857,0.12,445.0
s6_offptsA_pct0p1-r0,3,24,london,96,1686.0,0.0936,1.0499,0.1042,435.0
s6_offptsA_pct0p1-r0,3,24,pre,95,6905.0,0.4758,1.2121,0.1263,445.0
s6_offptsA_pct0p1-r0,3,24,nyam,59,-1186.0,-0.1542,0.941,0.1356,440.0
s6_offptsA_pct0p1-r1,3,25,all,250,3460.0,0.5624,1.0741,0.528,435.0
s6_offptsA_pct0p1-r1,3,25,london,96,1626.0,0.4277,1.0919,0.5312,435.0
s6_offptsA_pct0p1-r1,3,25,pre,95,1005.0,0.2623,1.0558,0.5263,435.0
s6_offptsA_pct0p1-r1,3,25,nyam,59,829.0,0.2759,1.0753,0.5254,415.0
s6_offptsA_pct0p1-r2,3,26,all,250,15490.0,1.7225,1.2587,0.396,435.0
s6_offptsA_pct0p1-r2,3,26,london,96,4616.0,0.8355,1.198,0.3854,435.0
s6_offptsA_pct0p1-r2,3,26,pre,95,9640.0,1.7034,1.4459,0.4316,435.0
s6_offptsA_pct0p1-r2,3,26,nyam,59,1234.0,0.2853,1.0826,0.3559,430.0
s6_offptsA_pct0p1-r3,3,27,all,250,18130.0,1.611,1.2633,0.304,440.0
s6_offptsA_pct0p1-r3,3,27,london,96,7971.0,1.1398,1.3061,0.3125,435.0
s6_offptsA_pct0p1-r3,3,27,pre,95,5895.0,0.8452,1.2217,0.2947,435.0
s6_offptsA_pct0p1-r3,3,27,nyam,59,4264.0,0.7772,1.2627,0.3051,440.0
s6_offptsA_pct0p2-r0,3,28,all,250,31745.0,0.9431,1.2115,0.216,875.0
s6_offptsA_pct0p2-r0,3,28,london,96,9941.0,0.4323,1.1689,0.1979,875.0
s6_offptsA_pct0p2-r0,3,28,pre,95,21735.0,1.0101,1.3917,0.2316,865.0
s6_offptsA_pct0p2-r0,3,28,nyam,59,69.0,0.0057,1.0019,0.2203,875.0
s6_offptsA_pct0p2-r1,3,29,all,250,23150.0,1.9027,1.2728,0.564,875.0
s6_offptsA_pct0p2-r1,3,29,london,96,5536.0,0.7335,1.1627,0.5417,875.0
s6_offptsA_pct0p2-r1,3,29,pre,95,15450.0,2.0718,1.5302,0.6105,865.0
s6_offptsA_pct0p2-r1,3,29,nyam,59,2164.0,0.3613,1.0997,0.5254,860.0
s6_offptsA_pct0p2-r2,3,30,all,250,21455.0,1.2104,1.1768,0.376,875.0
s6_offptsA_pct0p2-r2,3,30,london,96,6951.0,0.6411,1.1502,0.375,875.0
s6_offptsA_pct0p2-r2,3,30,pre,95,5375.0,0.4878,1.1129,0.3579,865.0
s6_offptsA_pct0p2-r2,3,30,nyam,59,9129.0,1.0376,1.3328,0.4068,875.0
s6_offptsA_pct0p2-r3,3,31,all,250,19085.0,0.8861,1.1394,0.288,875.0
s6_offptsA_pct0p2-r3,3,31,london,96,-1979.0,-0.1559,0.9634,0.2604,875.0
s6_offptsA_pct0p2-r3,3,31,pre,95,11550.0,0.8526,1.2271,0.3053,865.0
s6_offptsA_pct0p2-r3,3,31,nyam,59,9514.0,0.8632,1.2977,0.3051,875.0
s6_offptsB_atr1p5-r0,4,0,all,232,13207.0,0.3953,1.0848,0.2241,5390.0
s6_offptsB_atr1p5-r0,4,0,london,60,-10530.0,-0.8098,0.7561,0.2,2595.0
s6_offptsB_atr1p5-r0,4,0,pre,88,38228.0,1.4171,1.7128,0.2273,2185.0
s6_offptsB_atr1p5-r0,4,0,nyam,84,-14491.0,-1.0055,0.7545,0.2381,5390.0
s6_offptsB_atr1p5-r1,4,1,all,232,-7503.0,-0.5077,0.9273,0.5,5390.0
s6_offptsB_atr1p5-r1,4,1,london,60,-7345.0,-0.985,0.7538,0.4833,2595.0
s6_offptsB_atr1p5-r1,4,1,pre,88,-67.0,-0.0082,0.9981,0.5,1925.0
s6_offptsB_atr1p5-r1,4,1,nyam,84,-91.0,-0.0093,0.9976,0.5119,5390.0
s6_offptsB_atr1p5-r2,4,2,all,232,-10623.0,-0.5333,0.9217,0.3362,5390.0
s6_offptsB_atr1p5-r2,4,2,london,60,-6275.0,-0.6376,0.8278,0.3333,2595.0
s6_offptsB_atr1p5-r2,4,2,pre,88,-5042.0,-0.4406,0.8973,0.3182,2185.0
s6_offptsB_atr1p5-r2,4,2,nyam,84,694.0,0.0529,1.0139,0.3571,5390.0
s6_offptsB_atr1p5-r3,4,3,all,232,-10288.0,-0.4324,0.9307,0.2586,5390.0
s6_offptsB_atr1p5-r3,4,3,london,60,-11370.0,-1.0208,0.7246,0.2333,2595.0
s6_offptsB_atr1p5-r3,4,3,pre,88,113.0,0.0078,1.0021,0.25,2185.0
s6_offptsB_atr1p5-r3,4,3,nyam,84,969.0,0.063,1.0179,0.2857,5390.0
s6_offptsB_atr3-r0,4,4,all,232,-57983.0,-1.494,0.7778,0.306,9005.0
s6_offptsB_atr3-r0,4,4,london,60,-39470.0,-2.4375,0.4815,0.25,4620.0
s6_offptsB_atr3-r0,4,4,pre,88,18183.0,0.6094,1.2053,0.3409,4365.0
s6_offptsB_atr3-r0,4,4,nyam,84,-36696.0,-2.0066,0.619,0.3095,9005.0
s6_offptsB_atr3-r1,4,5,all,232,-67598.0,-2.5088,0.6997,0.431,9005.0
s6_offptsB_atr3-r1,4,5,london,60,-24555.0,-1.6945,0.6137,0.4,4620.0
s6_offptsB_atr3-r1,4,5,pre,88,-21187.0,-1.324,0.735,0.4432,4365.0
s6_offptsB_atr3-r1,4,5,nyam,84,-21856.0,-1.3421,0.7321,0.4405,9005.0
s6_offptsB_atr3-r2,4,6,all,232,-69163.0,-2.1589,0.7264,0.3319,9005.0
s6_offptsB_atr3-r2,4,6,london,60,-41375.0,-2.7321,0.4565,0.25,4620.0
s6_offptsB_atr3-r2,4,6,pre,88,-7597.0,-0.3787,0.9102,0.3864,4365.0
s6_offptsB_atr3-r2,4,6,nyam,84,-20191.0,-1.0227,0.7807,0.3333,9005.0
s6_offptsB_atr3-r3,4,7,all,232,-72868.0,-2.1009,0.7208,0.306,9005.0
s6_offptsB_atr3-r3,4,7,london,60,-38255.0,-2.3254,0.4974,0.25,4620.0
s6_offptsB_atr3-r3,4,7,pre,88,-2332.0,-0.0985,0.9737,0.3409,4365.0
s6_offptsB_atr3-r3,4,7,nyam,84,-32281.0,-1.682,0.6648,0.3095,9005.0
s6_offptsB_pts10-r0,4,8,all,232,25167.0,1.1015,1.5557,0.0776,315.0
s6_offptsB_pts10-r0,4,8,london,60,-5625.0,-1.3395,0.5229,0.0667,225.0
s6_offptsB_pts10-r0,4,8,pre,88,33733.0,1.5833,2.9652,0.0909,315.0
s6_offptsB_pts10-r0,4,8,nyam,84,-2941.0,-0.4465,0.8199,0.0714,205.0
s6_offptsB_pts10-r1,4,9,all,232,-3763.0,-1.2121,0.8525,0.4784,300.0
s6_offptsB_pts10-r1,4,9,london,60,-35.0,-0.022,0.9943,0.5167,215.0
s6_offptsB_pts10-r1,4,9,pre,88,-737.0,-0.3817,0.9213,0.5,300.0
s6_offptsB_pts10-r1,4,9,nyam,84,-2991.0,-1.6173,0.7023,0.4286,205.0
s6_offptsB_pts10-r2,4,10,all,232,-4188.0,-0.9675,0.875,0.319,315.0
s6_offptsB_pts10-r2,4,10,london,60,80.0,0.0354,1.0097,0.35,225.0
s6_offptsB_pts10-r2,4,10,pre,88,-2.0,-0.0007,0.9998,0.3523,315.0
s6_offptsB_pts10-r2,4,10,nyam,84,-4266.0,-1.7385,0.6713,0.2619,205.0
s6_offptsB_pts10-r3,4,11,all,232,-4768.0,-0.9083,0.873,0.2371,315.0
s6_offptsB_pts10-r3,4,11,london,60,1060.0,0.3732,1.1168,0.2833,225.0
s6_offptsB_pts10-r3,4,11,pre,88,-1932.0,-0.5911,0.8663,0.2386,315.0
s6_offptsB_pts10-r3,4,11,nyam,84,-3896.0,-1.3059,0.7223,0.2024,205.0
s6_offptsB_pts20-r0,4,12,all,232,18387.0,0.7277,1.2228,0.1336,485.0
s6_offptsB_pts20-r0,4,12,london,60,-5905.0,-0.7635,0.7287,0.1167,430.0
s6_offptsB_pts20-r0,4,12,pre,88,30048.0,1.3489,1.9734,0.1477,485.0
s6_offptsB_pts20-r0,4,12,nyam,84,-5756.0,-0.6542,0.8075,0.131,420.0
s6_offptsB_pts20-r1,4,13,all,232,-7378.0,-1.2001,0.854,0.4698,485.0
s6_offptsB_pts20-r1,4,13,london,60,1130.0,0.3588,1.0979,0.5333,430.0
s6_offptsB_pts20-r1,4,13,pre,88,-697.0,-0.1829,0.9615,0.5,485.0
s6_offptsB_pts20-r1,4,13,nyam,84,-7811.0,-2.1537,0.6259,0.3929,415.0
s6_offptsB_pts20-r2,4,14,all,232,-2403.0,-0.277,0.9623,0.3319,485.0
s6_offptsB_pts20-r2,4,14,london,60,6700.0,1.4332,1.4787,0.4333,430.0
s6_offptsB_pts20-r2,4,14,pre,88,-2442.0,-0.4599,0.9013,0.3182,485.0
s6_offptsB_pts20-r2,4,14,nyam,84,-6661.0,-1.3441,0.7332,0.2738,415.0
s6_offptsB_pts20-r3,4,15,all,232,1112.0,0.1035,1.0157,0.2586,485.0
s6_offptsB_pts20-r3,4,15,london,60,5865.0,1.0043,1.3479,0.3167,430.0
s6_offptsB_pts20-r3,4,15,pre,88,-4082.0,-0.6421,0.8542,0.2273,485.0
s6_offptsB_pts20-r3,4,15,nyam,84,-671.0,-0.1047,0.974,0.25,415.0
s6_offptsB_pts30-r0,4,16,all,232,8507.0,0.3094,1.073,0.1724,630.0
s6_offptsB_pts30-r0,4,16,london,60,-8085.0,-0.8179,0.7405,0.15,630.0
s6_offptsB_pts30-r0,4,16,pre,88,21333.0,0.915,1.4762,0.1591,610.0
s6_offptsB_pts30-r0,4,16,nyam,84,-4741.0,-0.4431,0.8832,0.2024,610.0
s6_offptsB_pts30-r1,4,17,all,232,-1628.0,-0.1769,0.977,0.5,630.0
s6_offptsB_pts30-r1,4,17,london,60,1945.0,0.4133,1.1136,0.5333,630.0
s6_offptsB_pts30-r1,4,17,pre,88,-4227.0,-0.7448,0.8525,0.4659,610.0
s6_offptsB_pts30-r1,4,17,nyam,84,654.0,0.1177,1.0262,0.5119,605.0
s6_offptsB_pts30-r2,4,18,all,232,8392.0,0.6351,1.0923,0.3578,630.0
s6_offptsB_pts30-r2,4,18,london,60,4890.0,0.7124,1.2162,0.3833,630.0
s6_offptsB_pts30-r2,4,18,pre,88,-8512.0,-1.1079,0.7784,0.2841,610.0
s6_offptsB_pts30-r2,4,18,nyam,84,12014.0,1.4642,1.4025,0.4167,605.0
s6_offptsB_pts30-r3,4,19,all,232,7297.0,0.4524,1.0708,0.2716,630.0
s6_offptsB_pts30-r3,4,19,london,60,-555.0,-0.0682,0.9798,0.25,630.0
s6_offptsB_pts30-r3,4,19,pre,88,-8052.0,-0.8778,0.8058,0.2273,610.0
s6_offptsB_pts30-r3,4,19,nyam,84,15904.0,1.527,1.4662,0.3333,605.0
s6_offptsB_pts45-r0,4,20,all,232,132.0,0.0041,1.0008,0.2284,930.0
s6_offptsB_pts45-r0,4,20,london,60,-9945.0,-0.7837,0.7674,0.2167,920.0
s6_offptsB_pts45-r0,4,20,pre,88,19483.0,0.7453,1.3134,0.2159,930.0
s6_offptsB_pts45-r0,4,20,nyam,84,-9406.0,-0.6881,0.8343,0.25,905.0
s6_offptsB_pts45-r1,4,21,all,232,-7018.0,-0.5094,0.9352,0.4871,930.0
s6_offptsB_pts45-r1,4,21,london,60,3185.0,0.4525,1.125,0.5333,920.0
s6_offptsB_pts45-r1,4,21,pre,88,-11462.0,-1.3579,0.7481,0.4318,930.0
s6_offptsB_pts45-r1,4,21,nyam,84,1259.0,0.1513,1.0338,0.5119,900.0
s6_offptsB_pts45-r2,4,22,all,232,-11313.0,-0.5945,0.9203,0.3276,930.0
s6_offptsB_pts45-r2,4,22,london,60,-7515.0,-0.7913,0.8034,0.3,920.0
s6_offptsB_pts45-r2,4,22,pre,88,-14947.0,-1.3324,0.7393,0.2841,930.0
s6_offptsB_pts45-r2,4,22,nyam,84,11149.0,0.9265,1.2405,0.3929,900.0
s6_offptsB_pts45-r3,4,23,all,232,-8528.0,-0.3766,0.9443,0.2716,930.0
s6_offptsB_pts45-r3,4,23,london,60,-6420.0,-0.5656,0.8432,0.25,920.0
s6_offptsB_pts45-r3,4,23,pre,88,-10217.0,-0.7545,0.8299,0.25,930.0
s6_offptsB_pts45-r3,4,23,nyam,84,8109.0,0.5698,1.1554,0.3095,900.0
s6_offptsB_pct0p1-r0,4,24,all,232,20472.0,0.812,1.2563,0.1293,485.0
s6_offptsB_pct0p1-r0,4,24,london,60,-4960.0,-0.6444,0.7618,0.1167,435.0
s6_offptsB_pct0p1-r0,4,24,pre,88,30228.0,1.3586,2.004,0.1364,485.0
s6_offptsB_pct0p1-r0,4,24,nyam,84,-4796.0,-0.5473,0.8343,0.131,440.0
s6_offptsB_pct0p1-r1,4,25,all,232,-7533.0,-1.267,0.8462,0.4698,485.0
s6_offptsB_pct0p1-r1,4,25,london,60,830.0,0.2746,1.0743,0.5333,435.0
s6_offptsB_pct0p1-r1,4,25,pre,88,-1627.0,-0.4394,0.9098,0.4886,485.0
s6_offptsB_pct0p1-r1,4,25,nyam,84,-6736.0,-1.9076,0.6591,0.4048,435.0
s6_offptsB_pct0p1-r2,4,26,all,232,-2703.0,-0.3226,0.9561,0.3319,485.0
s6_offptsB_pct0p1-r2,4,26,london,60,7155.0,1.5982,1.5451,0.45,435.0
s6_offptsB_pct0p1-r2,4,26,pre,88,-3127.0,-0.6072,0.8711,0.3068,485.0
s6_offptsB_pct0p1-r2,4,26,nyam,84,-6731.0,-1.4101,0.7222,0.2738,440.0
s6_offptsB_pct0p1-r3,4,27,all,232,-5268.0,-0.5191,0.9246,0.2414,485.0
s6_offptsB_pct0p1-r3,4,27,london,60,2460.0,0.4542,1.1452,0.2833,435.0
s6_offptsB_pct0p1-r3,4,27,pre,88,-5012.0,-0.8158,0.8174,0.2159,485.0
s6_offptsB_pct0p1-r3,4,27,nyam,84,-2716.0,-0.4497,0.8933,0.2381,440.0
s6_offptsB_pct0p2-r0,4,28,all,232,17227.0,0.5491,1.1225,0.2155,875.0
s6_offptsB_pct0p2-r0,4,28,london,60,-4490.0,-0.364,0.8791,0.2,875.0
s6_offptsB_pct0p2-r0,4,28,pre,88,26103.0,1.0139,1.4835,0.2045,870.0
s6_offptsB_pct0p2-r0,4,28,nyam,84,-4386.0,-0.3363,0.9115,0.2381,875.0
s6_offptsB_pct0p2-r1,4,29,all,232,-4188.0,-0.3534,0.9545,0.4914,875.0
s6_offptsB_pct0p2-r1,4,29,london,60,3740.0,0.6239,1.1767,0.55,875.0
s6_offptsB_pct0p2-r1,4,29,pre,88,-8917.0,-1.221,0.7697,0.4318,870.0
s6_offptsB_pct0p2-r1,4,29,nyam,84,989.0,0.138,1.0308,0.5119,875.0
s6_offptsB_pct0p2-r2,4,30,all,232,-4458.0,-0.2685,0.9632,0.3319,875.0
s6_offptsB_pct0p2-r2,4,30,london,60,-2755.0,-0.3283,0.9133,0.3167,875.0
s6_offptsB_pct0p2-r2,4,30,pre,88,-13122.0,-1.3393,0.7372,0.2727,870.0
s6_offptsB_pct0p2-r2,4,30,nyam,84,11419.0,1.0979,1.2906,0.4048,875.0
s6_offptsB_pct0p2-r3,4,31,all,232,-10978.0,-0.5574,0.9183,0.2543,875.0
s6_offptsB_pct0p2-r3,4,31,london,60,-4910.0,-0.491,0.8619,0.2333,875.0
s6_offptsB_pct0p2-r3,4,31,pre,88,-11997.0,-1.0286,0.7733,0.2273,870.0
s6_offptsB_pct0p2-r3,4,31,nyam,84,5929.0,0.4788,1.1293,0.2976,875.0
s7_offatr0p25_atr1p5-r0,0,0,all,252,31352.0,0.9315,1.1969,0.2103,2495.0
s7_offatr0p25_atr1p5-r0,0,0,london,110,3015.0,0.1346,1.0438,0.1545,2495.0
s7_offatr0p25_atr1p5-r0,0,0,pre,90,-5565.0,-0.3311,0.9087,0.2,2185.0
s7_offatr0p25_atr1p5-r0,0,0,nyam,52,33902.0,1.8386,2.15,0.3462,1840.0
s7_offatr0p25_atr1p5-r1,0,1,all,252,-2603.0,-0.1738,0.9755,0.4841,2185.0
s7_offatr0p25_atr1p5-r1,0,1,london,110,-3520.0,-0.4026,0.9195,0.4727,1835.0
s7_offatr0p25_atr1p5-r1,0,1,pre,90,-8680.0,-1.0052,0.7938,0.4556,2185.0
s7_offatr0p25_atr1p5-r1,0,1,nyam,52,9597.0,1.1255,1.4648,0.5577,1840.0
s7_offatr0p25_atr1p5-r2,0,2,all,252,10802.0,0.4843,1.0796,0.3373,2495.0
s7_offatr0p25_atr1p5-r2,0,2,london,110,-10760.0,-0.9108,0.8179,0.2909,2495.0
s7_offatr0p25_atr1p5-r2,0,2,pre,90,-2345.0,-0.1976,0.954,0.3333,2185.0
s7_offatr0p25_atr1p5-r2,0,2,nyam,52,23907.0,1.6487,1.9313,0.4423,1840.0
s7_offatr0p25_atr1p5-r3,0,3,all,252,-3108.0,-0.1294,0.9797,0.25,2495.0
s7_offatr0p25_atr1p5-r3,0,3,london,110,-14560.0,-1.0434,0.7774,0.2,2495.0
s7_offatr0p25_atr1p5-r3,0,3,pre,90,-11435.0,-0.8603,0.8041,0.2444,2185.0
s7_offatr0p25_atr1p5-r3,0,3,nyam,52,22887.0,1.6292,1.7783,0.3654,1840.0
s7_offatr0p25_atr3-r0,0,4,all,252,-16118.0,-0.4006,0.9384,0.3095,4990.0
s7_offatr0p25_atr3-r0,0,4,london,110,-30145.0,-1.135,0.7512,0.2182,4990.0
s7_offatr0p25_atr3-r0,0,4,pre,90,-7935.0,-0.363,0.9133,0.3444,4155.0
s7_offatr0p25_atr3-r0,0,4,nyam,52,21962.0,1.0569,1.4495,0.4423,3685.0
s7_offatr0p25_atr3-r1,0,5,all,252,-14863.0,-0.5063,0.9297,0.4643,4990.0
s7_offatr0p25_atr3-r1,0,5,london,110,-29105.0,-1.7305,0.6962,0.4,4990.0
s7_offatr0p25_atr3-r1,0,5,pre,90,-5920.0,-0.3502,0.9216,0.4889,4155.0
s7_offatr0p25_atr3-r1,0,5,nyam,52,20162.0,1.1923,1.5046,0.5577,3685.0
s7_offatr0p25_atr3-r2,0,6,all,252,-40558.0,-1.1899,0.8422,0.3333,4990.0
s7_offatr0p25_atr3-r2,0,6,london,110,-42085.0,-2.0173,0.64,0.2545,4990.0
s7_offatr0p25_atr3-r2,0,6,pre,90,-11450.0,-0.5603,0.8746,0.3556,4155.0
s7_offatr0p25_atr3-r2,0,6,nyam,52,12977.0,0.7437,1.266,0.4615,3685.0
s7_offatr0p25_atr3-r3,0,7,all,252,-28948.0,-0.7692,0.8893,0.3095,4990.0
s7_offatr0p25_atr3-r3,0,7,london,110,-38730.0,-1.6212,0.6804,0.2182,4990.0
s7_offatr0p25_atr3-r3,0,7,pre,90,-3970.0,-0.1747,0.9566,0.3444,4155.0
s7_offatr0p25_atr3-r3,0,7,nyam,52,13752.0,0.7608,1.2815,0.4423,3685.0
s7_offatr0p25_pts10-r0,0,8,all,252,12882.0,0.6702,1.2584,0.0556,215.0
s7_offatr0p25_pts10-r0,0,8,london,110,2235.0,0.1796,1.1016,0.0455,210.0
s7_offatr0p25_pts10-r0,0,8,pre,90,7195.0,0.6506,1.409,0.0667,215.0
s7_offatr0p25_pts10-r0,0,8,nyam,52,3452.0,0.3537,1.3367,0.0577,205.0
s7_offatr0p25_pts10-r1,0,9,all,252,-5778.0,-1.7969,0.7973,0.4603,215.0
s7_offatr0p25_pts10-r1,0,9,london,110,-4410.0,-2.0921,0.6714,0.4182,210.0
s7_offatr0p25_pts10-r1,0,9,pre,90,-210.0,-0.1085,0.9772,0.5111,215.0
s7_offatr0p25_pts10-r1,0,9,nyam,52,-1158.0,-0.787,0.8025,0.4615,205.0
s7_offatr0p25_pts10-r2,0,10,all,252,-9808.0,-2.2636,0.7414,0.2817,215.0
s7_offatr0p25_pts10-r2,0,10,london,110,-6105.0,-2.1962,0.6449,0.2545,210.0
s7_offatr0p25_pts10-r2,0,10,pre,90,-1295.0,-0.4797,0.8987,0.3222,215.0
s7_offatr0p25_pts10-r2,0,10,nyam,52,-2408.0,-1.2318,0.6972,0.2692,205.0
s7_offatr0p25_pts10-r3,0,11,all,252,-5268.0,-0.971,0.8697,0.2341,215.0
s7_offatr0p25_pts10-r3,0,11,london,110,-2115.0,-0.5865,0.8799,0.2364,210.0
s7_offatr0p25_pts10-r3,0,11,pre,90,-1130.0,-0.3422,0.9207,0.2444,215.0
s7_offatr0p25_pts10-r3,0,11,nyam,52,-2023.0,-0.8448,0.7642,0.2115,205.0
s7_offatr0p25_pts20-r0,0,12,all,252,28607.0,1.107,1.3142,0.1151,420.0
s7_offatr0p25_pts20-r0,0,12,london,110,2150.0,0.1321,1.0519,0.0818,420.0
s7_offatr0p25_pts20-r0,0,12,pre,90,3925.0,0.2925,1.1199,0.1111,405.0
s7_offatr0p25_pts20-r0,0,12,nyam,52,22532.0,1.5115,2.3358,0.1923,415.0
s7_offatr0p25_pts20-r1,0,13,all,252,-13823.0,-2.1724,0.7608,0.4405,415.0
s7_offatr0p25_pts20-r1,0,13,london,110,-8860.0,-2.1208,0.6679,0.4091,415.0
s7_offatr0p25_pts20-r1,0,13,pre,90,-3810.0,-0.996,0.8099,0.4556,405.0
s7_offatr0p25_pts20-r1,0,13,nyam,52,-1153.0,-0.3935,0.8957,0.4808,405.0
s7_offatr0p25_pts20-r2,0,14,all,252,-3178.0,-0.3526,0.9541,0.3294,415.0
s7_offatr0p25_pts20-r2,0,14,london,110,-1705.0,-0.2859,0.9438,0.3273,415.0
s7_offatr0p25_pts20-r2,0,14,pre,90,-665.0,-0.1227,0.9729,0.3333,405.0
s7_offatr0p25_pts20-r2,0,14,nyam,52,-808.0,-0.1962,0.9437,0.3269,415.0
s7_offatr0p25_pts20-r3,0,15,all,252,-503.0,-0.0452,0.9935,0.254,420.0
s7_offatr0p25_pts20-r3,0,15,london,110,-4990.0,-0.7035,0.857,0.2273,420.0
s7_offatr0p25_pts20-r3,0,15,pre,90,100.0,0.015,1.0036,0.2556,405.0
s7_offatr0p25_pts20-r3,0,15,nyam,52,4387.0,0.813,1.2974,0.3077,415.0
s7_offatr0p25_pts30-r0,0,16,all,252,29692.0,1.0323,1.2353,0.1746,610.0
s7_offatr0p25_pts30-r0,0,16,london,110,-10175.0,-0.5942,0.8278,0.1182,605.0
s7_offatr0p25_pts30-r0,0,16,pre,90,6060.0,0.393,1.1344,0.1778,610.0
s7_offatr0p25_pts30-r0,0,16,nyam,52,33807.0,2.0061,2.5365,0.2885,605.0
s7_offatr0p25_pts30-r1,0,17,all,252,-1683.0,-0.1756,0.9781,0.5,610.0
s7_offatr0p25_pts30-r1,0,17,london,110,-4355.0,-0.6868,0.8768,0.4727,605.0
s7_offatr0p25_pts30-r1,0,17,pre,90,-1805.0,-0.314,0.9356,0.4889,610.0
s7_offatr0p25_pts30-r1,0,17,nyam,52,4477.0,1.0326,1.334,0.5769,605.0
s7_offatr0p25_pts30-r2,0,18,all,252,-93.0,-0.0069,0.9991,0.3373,610.0
s7_offatr0p25_pts30-r2,0,18,london,110,-11065.0,-1.293,0.7702,0.2818,605.0
s7_offatr0p25_pts30-r2,0,18,pre,90,2935.0,0.356,1.0831,0.3556,610.0
s7_offatr0p25_pts30-r2,0,18,nyam,52,8037.0,1.2376,1.4398,0.4231,605.0
s7_offatr0p25_pts30-r3,0,19,all,252,-93.0,-0.0056,0.9992,0.254,610.0
s7_offatr0p25_pts30-r3,0,19,london,110,-21325.0,-2.226,0.6154,0.1727,605.0
s7_offatr0p25_pts30-r3,0,19,pre,90,9615.0,0.9204,1.2505,0.3,610.0
s7_offatr0p25_pts30-r3,0,19,nyam,52,11617.0,1.3943,1.5609,0.3462,605.0
s7_offatr0p25_pts45-r0,0,20,all,252,-2238.0,-0.0713,0.9874,0.2143,915.0
s7_offatr0p25_pts45-r0,0,20,london,110,-30185.0,-1.6337,0.6455,0.1455,915.0
s7_offatr0p25_pts45-r0,0,20,pre,90,-3520.0,-0.2088,0.9433,0.2333,910.0
s7_offatr0p25_pts45-r0,0,20,nyam,52,31467.0,1.7016,2.0156,0.3269,905.0
s7_offatr0p25_pts45-r1,0,21,all,252,-23378.0,-1.6354,0.8138,0.4524,915.0
s7_offatr0p25_pts45-r1,0,21,london,110,-18820.0,-2.0118,0.6818,0.4091,915.0
s7_offatr0p25_pts45-r1,0,21,pre,90,-7830.0,-0.9128,0.8243,0.4556,910.0
s7_offatr0p25_pts45-r1,0,21,nyam,52,3272.0,0.4994,1.15,0.5385,900.0
s7_offatr0p25_pts45-r2,0,22,all,252,-29978.0,-1.5479,0.8129,0.2976,915.0
s7_offatr0p25_pts45-r2,0,22,london,110,-41005.0,-3.6404,0.4855,0.2,915.0
s7_offatr0p25_pts45-r2,0,22,pre,90,2895.0,0.2385,1.0553,0.3556,910.0
s7_offatr0p25_pts45-r2,0,22,nyam,52,8132.0,0.8536,1.2885,0.4038,905.0
s7_offatr0p25_pts45-r3,0,23,all,252,-29183.0,-1.289,0.8293,0.246,915.0
s7_offatr0p25_pts45-r3,0,23,london,110,-38370.0,-2.8952,0.5345,0.1727,915.0
s7_offatr0p25_pts45-r3,0,23,pre,90,-4090.0,-0.2977,0.9301,0.2778,910.0
s7_offatr0p25_pts45-r3,0,23,nyam,52,13277.0,1.1263,1.4414,0.3462,905.0
s7_offatr0p25_pct0p1-r0,0,24,all,252,26157.0,1.0656,1.2979,0.1151,450.0
s7_offatr0p25_pct0p1-r0,0,24,london,110,3710.0,0.2285,1.093,0.0818,450.0
s7_offatr0p25_pct0p1-r0,0,24,pre,90,5280.0,0.3948,1.1683,0.1111,440.0
s7_offatr0p25_pct0p1-r0,0,24,nyam,52,17167.0,1.3499,2.0374,0.1923,440.0
s7_offatr0p25_pct0p1-r1,0,25,all,252,-16503.0,-2.7028,0.7114,0.4286,440.0
s7_offatr0p25_pct0p1-r1,0,25,london,110,-8850.0,-2.2033,0.6569,0.4091,440.0
s7_offatr0p25_pct0p1-r1,0,25,pre,90,-5580.0,-1.5219,0.7246,0.4333,440.0
s7_offatr0p25_pct0p1-r1,0,25,nyam,52,-2073.0,-0.7354,0.8137,0.4615,440.0
s7_offatr0p25_pct0p1-r2,0,26,all,252,-2773.0,-0.3194,0.9583,0.3333,450.0
s7_offatr0p25_pct0p1-r2,0,26,london,110,-940.0,-0.1633,0.9675,0.3364,450.0
s7_offatr0p25_pct0p1-r2,0,26,pre,90,-1020.0,-0.1961,0.9571,0.3333,440.0
s7_offatr0p25_pct0p1-r2,0,26,nyam,52,-813.0,-0.2047,0.9412,0.3269,440.0
s7_offatr0p25_pct0p1-r3,0,27,all,252,3417.0,0.3155,1.0467,0.2659,450.0
s7_offatr0p25_pct0p1-r3,0,27,london,110,-3435.0,-0.4972,0.8965,0.2364,450.0
s7_offatr0p25_pct0p1-r3,0,27,pre,90,2635.0,0.402,1.1024,0.2778,440.0
s7_offatr0p25_pct0p1-r3,0,27,nyam,52,4217.0,0.8097,1.2969,0.3077,440.0
s7_offatr0p25_pct0p2-r0,0,28,all,252,7067.0,0.2325,1.0447,0.1865,895.0
s7_offatr0p25_pct0p2-r0,0,28,london,110,-23035.0,-1.289,0.6916,0.1273,895.0
s7_offatr0p25_pct0p2-r0,0,28,pre,90,-5730.0,-0.3592,0.8993,0.1778,875.0
s7_offatr0p25_pct0p2-r0,0,28,nyam,52,35832.0,1.9761,2.3461,0.3269,885.0
s7_offatr0p25_pct0p2-r1,0,29,all,252,-12113.0,-0.9853,0.8828,0.4762,895.0
s7_offatr0p25_pct0p2-r1,0,29,london,110,-8020.0,-0.9871,0.8275,0.4636,895.0
s7_offatr0p25_pct0p2-r1,0,29,pre,90,-5120.0,-0.6955,0.8627,0.4667,875.0
s7_offatr0p25_pct0p2-r1,0,29,nyam,52,1027.0,0.1821,1.0524,0.5192,880.0
s7_offatr0p25_pct0p2-r2,0,30,all,252,-21058.0,-1.2487,0.846,0.3016,895.0
s7_offatr0p25_pct0p2-r2,0,30,london,110,-21340.0,-2.0127,0.6666,0.2545,895.0
s7_offatr0p25_pct0p2-r2,0,30,pre,90,-6780.0,-0.6672,0.8603,0.3,875.0
s7_offatr0p25_pct0p2-r2,0,30,nyam,52,7062.0,0.8615,1.2922,0.4038,880.0
s7_offatr0p25_pct0p2-r3,0,31,all,252,-14108.0,-0.6859,0.9047,0.2421,895.0
s7_offatr0p25_pct0p2-r3,0,31,london,110,-29525.0,-2.4684,0.5827,0.1727,895.0
s7_offatr0p25_pct0p2-r3,0,31,pre,90,1435.0,0.1116,1.0278,0.2556,875.0
s7_offatr0p25_pct0p2-r3,0,31,nyam,52,13982.0,1.3508,1.5423,0.3654,885.0
s7_offatr0p5_atr1p5-r0,1,0,all,251,54906.0,1.5919,1.3552,0.2351,2495.0
s7_offatr0p5_atr1p5-r0,1,0,london,94,-17841.0,-1.0243,0.7113,0.1277,2495.0
s7_offatr0p5_atr1p5-r0,1,0,pre,99,22284.0,1.0808,1.3505,0.2525,2185.0
s7_offatr0p5_atr1p5-r0,1,0,nyam,58,50463.0,2.4303,2.7294,0.3793,1380.0
s7_offatr0p5_atr1p5-r1,1,1,all,251,2021.0,0.135,1.0195,0.49,2185.0
s7_offatr0p5_atr1p5-r1,1,1,london,94,-9881.0,-1.261,0.7528,0.4255,1825.0
s7_offatr0p5_atr1p5-r1,1,1,pre,99,-3286.0,-0.358,0.9246,0.5051,2185.0
s7_offatr0p5_atr1p5-r1,1,1,nyam,58,15188.0,1.7505,1.7473,0.569,1320.0
s7_offatr0p5_atr1p5-r2,1,2,all,251,20851.0,0.9213,1.1568,0.3426,2495.0
s7_offatr0p5_atr1p5-r2,1,2,london,94,-29006.0,-3.1585,0.4873,0.2128,2495.0
s7_offatr0p5_atr1p5-r2,1,2,pre,99,15344.0,1.1629,1.3033,0.3939,2185.0
s7_offatr0p5_atr1p5-r2,1,2,nyam,58,34513.0,2.2848,2.337,0.4655,1320.0
s7_offatr0p5_atr1p5-r3,1,3,all,251,10666.0,0.4367,1.071,0.2629,2495.0
s7_offatr0p5_atr1p5-r3,1,3,london,94,-31486.0,-2.9858,0.4812,0.1489,2495.0
s7_offatr0p5_atr1p5-r3,1,3,pre,99,934.0,0.0633,1.0152,0.2828,2185.0
s7_offatr0p5_atr1p5-r3,1,3,nyam,58,41218.0,2.6984,2.4574,0.4138,1320.0
s7_offatr0p5_atr3-r0,1,4,all,251,31526.0,0.746,1.1297,0.3466,4990.0
s7_offatr0p5_atr3-r0,1,4,london,94,-26521.0,-1.0701,0.737,0.234,4990.0
s7_offatr0p5_atr3-r0,1,4,pre,99,24299.0,0.9715,1.268,0.404,3445.0
s7_offatr0p5_atr3-r0,1,4,nyam,58,33748.0,1.4636,1.6549,0.431,2635.0
s7_offatr0p5_atr3-r1,1,5,all,251,18571.0,0.635,1.096,0.4821,4990.0
s7_offatr0p5_atr3-r1,1,5,london,94,-35656.0,-2.4145,0.5814,0.3617,4990.0
s7_offatr0p5_atr3-r1,1,5,pre,99,30324.0,1.7293,1.4699,0.5657,3445.0
s7_offatr0p5_atr3-r1,1,5,nyam,58,23903.0,1.3667,1.5474,0.5345,2635.0
s7_offatr0p5_atr3-r2,1,6,all,251,-12924.0,-0.3732,0.9465,0.3546,4990.0
s7_offatr0p5_atr3-r2,1,6,london,94,-44091.0,-2.404,0.5601,0.2447,4990.0
s7_offatr0p5_atr3-r2,1,6,pre,99,4424.0,0.2058,1.0488,0.404,3445.0
s7_offatr0p5_atr3-r2,1,6,nyam,58,26743.0,1.3744,1.5264,0.4483,2635.0
s7_offatr0p5_atr3-r3,1,7,all,251,16101.0,0.4075,1.0663,0.3466,4990.0
s7_offatr0p5_atr3-r3,1,7,london,94,-35271.0,-1.6294,0.6502,0.234,4990.0
s7_offatr0p5_atr3-r3,1,7,pre,99,25584.0,1.0103,1.2822,0.404,3445.0
s7_offatr0p5_atr3-r3,1,7,nyam,58,25788.0,1.2382,1.5004,0.431,2635.0
s7_offatr0p5_pts10-r0,1,8,all,251,13426.0,0.6976,1.2709,0.0598,255.0
s7_offatr0p5_pts10-r0,1,8,london,94,4729.0,0.38,1.2528,0.0532,255.0
s7_offatr0p5_pts10-r0,1,8,pre,99,-1386.0,-0.1438,0.9297,0.0505,225.0
s7_offatr0p5_pts10-r0,1,8,nyam,58,10083.0,0.9031,1.9062,0.0862,215.0
s7_offatr0p5_pts10-r1,1,9,all,251,-5199.0,-1.6172,0.8152,0.4661,225.0
s7_offatr0p5_pts10-r1,1,9,london,94,-2266.0,-1.1502,0.7881,0.4574,215.0
s7_offatr0p5_pts10-r1,1,9,pre,99,-1306.0,-0.6434,0.8781,0.4848,225.0
s7_offatr0p5_pts10-r1,1,9,nyam,58,-1627.0,-1.0486,0.758,0.4483,215.0
s7_offatr0p5_pts10-r2,1,10,all,251,-8434.0,-1.9311,0.7741,0.2908,225.0
s7_offatr0p5_pts10-r2,1,10,london,94,-3346.0,-1.2529,0.7616,0.2872,215.0
s7_offatr0p5_pts10-r2,1,10,pre,99,-6236.0,-2.4015,0.6038,0.2424,225.0
s7_offatr0p5_pts10-r2,1,10,nyam,58,1148.0,0.5081,1.1518,0.3793,215.0
s7_offatr0p5_pts10-r3,1,11,all,251,-5969.0,-1.1066,0.8528,0.2311,255.0
s7_offatr0p5_pts10-r3,1,11,london,94,-1221.0,-0.3613,0.9182,0.2447,255.0
s7_offatr0p5_pts10-r3,1,11,pre,99,-3851.0,-1.1689,0.7647,0.2121,225.0
s7_offatr0p5_pts10-r3,1,11,nyam,58,-897.0,-0.3385,0.9029,0.2414,215.0
s7_offatr0p5_pts20-r0,1,12,all,251,25426.0,1.0144,1.2796,0.1155,420.0
s7_offatr0p5_pts20-r0,1,12,london,94,934.0,0.0619,1.0265,0.0851,415.0
s7_offatr0p5_pts20-r0,1,12,pre,99,14489.0,0.9163,1.4064,0.1212,420.0
s7_offatr0p5_pts20-r0,1,12,nyam,58,10003.0,0.8053,1.4988,0.1552,405.0
s7_offatr0p5_pts20-r1,1,13,all,251,-8599.0,-1.3476,0.8434,0.4661,420.0
s7_offatr0p5_pts20-r1,1,13,london,94,-5501.0,-1.4125,0.7468,0.4362,415.0
s7_offatr0p5_pts20-r1,1,13,pre,99,-4321.0,-1.0766,0.8048,0.4545,420.0
s7_offatr0p5_pts20-r1,1,13,nyam,58,1223.0,0.3963,1.1106,0.5345,405.0
s7_offatr0p5_pts20-r2,1,14,all,251,-13629.0,-1.5617,0.8121,0.2948,420.0
s7_offatr0p5_pts20-r2,1,14,london,94,-7176.0,-1.3651,0.7425,0.2766,415.0
s7_offatr0p5_pts20-r2,1,14,pre,99,-5616.0,-1.0232,0.8043,0.2929,420.0
s7_offatr0p5_pts20-r2,1,14,nyam,58,-837.0,-0.1926,0.9476,0.3276,405.0
s7_offatr0p5_pts20-r3,1,15,all,251,-12924.0,-1.2179,0.8382,0.2231,420.0
s7_offatr0p5_pts20-r3,1,15,london,94,-6411.0,-1.0009,0.7886,0.2128,415.0
s7_offatr0p5_pts20-r3,1,15,pre,99,-3646.0,-0.5376,0.883,0.2323,420.0
s7_offatr0p5_pts20-r3,1,15,nyam,58,-2867.0,-0.5575,0.8443,0.2241,405.0
s7_offatr0p5_pts30-r0,1,16,all,251,42286.0,1.4256,1.343,0.1912,610.0
s7_offatr0p5_pts30-r0,1,16,london,94,-4961.0,-0.2961,0.8995,0.1383,610.0
s7_offatr0p5_pts30-r0,1,16,pre,99,16889.0,0.955,1.3462,0.1919,610.0
s7_offatr0p5_pts30-r0,1,16,nyam,58,30358.0,1.8079,2.2074,0.2759,605.0
s7_offatr0p5_pts30-r1,1,17,all,251,-8334.0,-0.8718,0.8956,0.4781,610.0
s7_offatr0p5_pts30-r1,1,17,london,94,-7866.0,-1.3502,0.7564,0.4362,605.0
s7_offatr0p5_pts30-r1,1,17,pre,99,-1296.0,-0.2149,0.9575,0.4949,610.0
s7_offatr0p5_pts30-r1,1,17,nyam,58,828.0,0.179,1.0486,0.5172,600.0
s7_offatr0p5_pts30-r2,1,18,all,251,-3134.0,-0.2324,0.9694,0.3307,610.0
s7_offatr0p5_pts30-r2,1,18,london,94,-8546.0,-1.0734,0.7907,0.2872,610.0
s7_offatr0p5_pts30-r2,1,18,pre,99,-781.0,-0.0917,0.9806,0.3333,610.0
s7_offatr0p5_pts30-r2,1,18,nyam,58,6193.0,0.913,1.2905,0.3966,600.0
s7_offatr0p5_pts30-r3,1,19,all,251,-74.0,-0.0045,0.9993,0.259,610.0
s7_offatr0p5_pts30-r3,1,19,london,94,-20161.0,-2.3439,0.5758,0.1702,610.0
s7_offatr0p5_pts30-r3,1,19,pre,99,2499.0,0.2382,1.0569,0.2727,610.0
s7_offatr0p5_pts30-r3,1,19,nyam,58,17588.0,1.9619,1.8022,0.3793,600.0
s7_offatr0p5_pts45-r0,1,20,all,251,21026.0,0.6425,1.1218,0.239,915.0
s7_offatr0p5_pts45-r0,1,20,london,94,-27211.0,-1.5456,0.6248,0.1489,915.0
s7_offatr0p5_pts45-r0,1,20,pre,99,13599.0,0.685,1.2052,0.2626,910.0
s7_offatr0p5_pts45-r0,1,20,nyam,58,34638.0,1.8587,2.0244,0.3448,905.0
s7_offatr0p5_pts45-r1,1,21,all,251,-18854.0,-1.3194,0.8464,0.4622,915.0
s7_offatr0p5_pts45-r1,1,21,london,94,-18696.0,-2.1746,0.6394,0.3936,915.0
s7_offatr0p5_pts45-r1,1,21,pre,99,-3381.0,-0.3747,0.9271,0.4848,910.0
s7_offatr0p5_pts45-r1,1,21,nyam,58,3223.0,0.4659,1.1313,0.5345,905.0
s7_offatr0p5_pts45-r2,1,22,all,251,-15664.0,-0.7937,0.899,0.3187,915.0
s7_offatr0p5_pts45-r2,1,22,london,94,-37921.0,-3.731,0.4495,0.1915,915.0
s7_offatr0p5_pts45-r2,1,22,pre,99,7364.0,0.574,1.1309,0.3737,910.0
s7_offatr0p5_pts45-r2,1,22,nyam,58,14893.0,1.447,1.4963,0.431,905.0
s7_offatr0p5_pts45-r3,1,23,all,251,-5174.0,-0.2186,0.9685,0.2749,915.0
s7_offatr0p5_pts45-r3,1,23,london,94,-35231.0,-2.9379,0.5017,0.1702,915.0
s7_offatr0p5_pts45-r3,1,23,pre,99,7934.0,0.5184,1.1285,0.3131,910.0
s7_offatr0p5_pts45-r3,1,23,nyam,58,22123.0,1.725,1.6915,0.3793,905.0
s7_offatr0p5_pct0p1-r0,1,24,all,251,34526.0,1.3603,1.3985,0.1235,450.0
s7_offatr0p5_pct0p1-r0,1,24,london,94,2859.0,0.19,1.0853,0.0957,450.0
s7_offatr0p5_pct0p1-r0,1,24,pre,99,20914.0,1.2784,1.6186,0.1313,440.0
s7_offatr0p5_pct0p1-r0,1,24,nyam,58,10753.0,0.8681,1.557,0.1552,445.0
s7_offatr0p5_pct0p1-r1,1,25,all,251,-8669.0,-1.4093,0.8365,0.4661,445.0
s7_offatr0p5_pct0p1-r1,1,25,london,94,-4616.0,-1.2274,0.7752,0.4468,435.0
s7_offatr0p5_pct0p1-r1,1,25,pre,99,-4291.0,-1.1083,0.7993,0.4545,440.0
s7_offatr0p5_pct0p1-r1,1,25,nyam,58,238.0,0.0798,1.0214,0.5172,445.0
s7_offatr0p5_pct0p1-r2,1,26,all,251,-11709.0,-1.3877,0.8311,0.3028,450.0
s7_offatr0p5_pct0p1-r2,1,26,london,94,-8441.0,-1.7004,0.6908,0.266,450.0
s7_offatr0p5_pct0p1-r2,1,26,pre,99,-1176.0,-0.2153,0.9551,0.3333,440.0
s7_offatr0p5_pct0p1-r2,1,26,nyam,58,-2092.0,-0.5076,0.8676,0.3103,445.0
s7_offatr0p5_pct0p1-r3,1,27,all,251,-9789.0,-0.9477,0.8715,0.2311,450.0
s7_offatr0p5_pct0p1-r3,1,27,london,94,-4781.0,-0.7645,0.8338,0.2234,450.0
s7_offatr0p5_pct0p1-r3,1,27,pre,99,-391.0,-0.058,0.9866,0.2525,440.0
s7_offatr0p5_pct0p1-r3,1,27,nyam,58,-4617.0,-0.9688,0.7464,0.2069,445.0
s7_offatr0p5_pct0p2-r0,1,28,all,251,38236.0,1.1963,1.2532,0.2231,895.0
s7_offatr0p5_pct0p2-r0,1,28,london,94,-18781.0,-1.0901,0.7027,0.1383,895.0
s7_offatr0p5_pct0p2-r0,1,28,pre,99,20389.0,1.0525,1.3511,0.2424,875.0
s7_offatr0p5_pct0p2-r0,1,28,nyam,58,36628.0,2.0076,2.2312,0.3276,890.0
s7_offatr0p5_pct0p2-r1,1,29,all,251,-14224.0,-1.1607,0.8632,0.4701,895.0
s7_offatr0p5_pct0p2-r1,1,29,london,94,-18286.0,-2.5037,0.5975,0.383,895.0
s7_offatr0p5_pct0p2-r1,1,29,pre,99,259.0,0.0334,1.0068,0.5051,875.0
s7_offatr0p5_pct0p2-r1,1,29,nyam,58,3803.0,0.6426,1.1858,0.5517,890.0
s7_offatr0p5_pct0p2-r2,1,30,all,251,-1754.0,-0.1012,0.9865,0.3347,895.0
s7_offatr0p5_pct0p2-r2,1,30,london,94,-25356.0,-2.7234,0.5551,0.2234,895.0
s7_offatr0p5_pct0p2-r2,1,30,pre,99,9084.0,0.8068,1.189,0.3737,875.0
s7_offatr0p5_pct0p2-r2,1,30,nyam,58,14518.0,1.6446,1.5791,0.4483,890.0
s7_offatr0p5_pct0p2-r3,1,31,all,251,14021.0,0.6555,1.1007,0.2869,895.0
s7_offatr0p5_pct0p2-r3,1,31,london,94,-34781.0,-3.4976,0.4422,0.1489,895.0
s7_offatr0p5_pct0p2-r3,1,31,pre,99,21459.0,1.4994,1.4198,0.3333,875.0
s7_offatr0p5_pct0p2-r3,1,31,nyam,58,27343.0,2.4197,2.0601,0.431,890.0
s7_offatr1_atr1p5-r0,2,0,all,218,88143.0,2.5898,1.6824,0.2615,2500.0
s7_offatr1_atr1p5-r0,2,0,london,52,30967.0,1.6905,2.1425,0.2308,1545.0
s7_offatr1_atr1p5-r0,2,0,pre,74,-261.0,-0.016,0.9948,0.1892,2500.0
s7_offatr1_atr1p5-r0,2,0,nyam,92,57437.0,2.4552,2.1049,0.337,2230.0
s7_offatr1_atr1p5-r1,2,1,all,218,19578.0,1.3946,1.2399,0.5413,2230.0
s7_offatr1_atr1p5-r1,2,1,london,52,-2273.0,-0.4374,0.8785,0.4808,1545.0
s7_offatr1_atr1p5-r1,2,1,pre,74,-2966.0,-0.383,0.9065,0.4865,2075.0
s7_offatr1_atr1p5-r1,2,1,nyam,92,24817.0,2.4046,1.7963,0.6196,2230.0
s7_offatr1_atr1p5-r2,2,2,all,218,33353.0,1.7369,1.3083,0.3899,2500.0
s7_offatr1_atr1p5-r2,2,2,london,52,-373.0,-0.0516,0.9842,0.3462,1545.0
s7_offatr1_atr1p5-r2,2,2,pre,74,-3546.0,-0.3422,0.9148,0.3378,2500.0
s7_offatr1_atr1p5-r2,2,2,nyam,92,37272.0,2.6233,1.8688,0.4565,2230.0
s7_offatr1_atr1p5-r3,2,3,all,218,29863.0,1.294,1.2412,0.3028,2500.0
s7_offatr1_atr1p5-r3,2,3,london,52,507.0,0.057,1.0192,0.2692,1545.0
s7_offatr1_atr1p5-r3,2,3,pre,74,-13121.0,-1.1538,0.7281,0.2297,2500.0
s7_offatr1_atr1p5-r3,2,3,nyam,92,42477.0,2.4105,1.8634,0.3804,2230.0
s7_offatr1_atr3-r0,2,4,all,218,116213.0,2.8388,1.6424,0.4358,4990.0
s7_offatr1_atr3-r0,2,4,london,52,26707.0,1.1741,1.5745,0.3077,2860.0
s7_offatr1_atr3-r0,2,4,pre,74,22189.0,0.9582,1.3159,0.3919,4990.0
s7_offatr1_atr3-r0,2,4,nyam,92,67317.0,2.6803,2.0492,0.5435,3465.0
s7_offatr1_atr3-r1,2,5,all,218,67293.0,2.6989,1.4873,0.578,4990.0
s7_offatr1_atr3-r1,2,5,london,52,-2568.0,-0.2472,0.9293,0.4808,2860.0
s7_offatr1_atr3-r1,2,5,pre,74,13834.0,0.9107,1.2649,0.5405,4990.0
s7_offatr1_atr3-r1,2,5,nyam,92,56027.0,3.3956,2.1314,0.663,3465.0
s7_offatr1_atr3-r2,2,6,all,218,75063.0,2.2382,1.4247,0.4541,4990.0
s7_offatr1_atr3-r2,2,6,london,52,2872.0,0.1933,1.0646,0.3462,2860.0
s7_offatr1_atr3-r2,2,6,pre,74,5724.0,0.2881,1.0815,0.3919,4990.0
s7_offatr1_atr3-r2,2,6,nyam,92,66467.0,2.9838,2.0714,0.5652,3465.0
s7_offatr1_atr3-r3,2,7,all,218,102353.0,2.6642,1.5692,0.4404,4990.0
s7_offatr1_atr3-r3,2,7,london,52,11787.0,0.6354,1.2535,0.3077,2860.0
s7_offatr1_atr3-r3,2,7,pre,74,22799.0,0.9588,1.3246,0.3919,4990.0
s7_offatr1_atr3-r3,2,7,nyam,92,67767.0,2.8423,2.0741,0.5543,3465.0
s7_offatr1_pts10-r0,2,8,all,218,19198.0,1.0328,1.4477,0.0642,225.0
s7_offatr1_pts10-r0,2,8,london,52,-5068.0,-1.0437,0.518,0.0385,225.0
s7_offatr1_pts10-r0,2,8,pre,74,5179.0,0.506,1.3511,0.0541,225.0
s7_offatr1_pts10-r0,2,8,nyam,92,19087.0,1.2965,2.0832,0.087,210.0
s7_offatr1_pts10-r1,2,9,all,218,-3952.0,-1.318,0.8363,0.4725,210.0
s7_offatr1_pts10-r1,2,9,london,52,-2368.0,-1.6375,0.6345,0.4038,200.0
s7_offatr1_pts10-r1,2,9,pre,74,-926.0,-0.5268,0.884,0.4865,210.0
s7_offatr1_pts10-r1,2,9,nyam,92,-658.0,-0.3358,0.932,0.5,210.0
s7_offatr1_pts10-r2,2,10,all,218,223.0,0.0522,1.0075,0.3486,225.0
s7_offatr1_pts10-r2,2,10,london,52,-1833.0,-0.9174,0.764,0.2885,225.0
s7_offatr1_pts10-r2,2,10,pre,74,-431.0,-0.1734,0.9583,0.3378,225.0
s7_offatr1_pts10-r2,2,10,nyam,92,2487.0,0.8717,1.2113,0.3913,210.0
s7_offatr1_pts10-r3,2,11,all,218,-3097.0,-0.6052,0.9107,0.2431,225.0
s7_offatr1_pts10-r3,2,11,london,52,-1248.0,-0.505,0.8513,0.2308,225.0
s7_offatr1_pts10-r3,2,11,pre,74,-1071.0,-0.3573,0.9092,0.2432,225.0
s7_offatr1_pts10-r3,2,11,nyam,92,-778.0,-0.2312,0.9463,0.25,210.0
s7_offatr1_pts20-r0,2,12,all,218,65753.0,2.4498,1.8766,0.1606,435.0
s7_offatr1_pts20-r0,2,12,london,52,19602.0,1.3065,2.0859,0.1538,425.0
s7_offatr1_pts20-r0,2,12,pre,74,7254.0,0.5722,1.2719,0.1216,435.0
s7_offatr1_pts20-r0,2,12,nyam,92,38897.0,2.1196,2.2845,0.1957,410.0
s7_offatr1_pts20-r1,2,13,all,218,5743.0,0.9665,1.1401,0.5413,425.0
s7_offatr1_pts20-r1,2,13,london,52,2037.0,0.6985,1.2157,0.5577,425.0
s7_offatr1_pts20-r1,2,13,pre,74,289.0,0.0828,1.0196,0.5135,420.0
s7_offatr1_pts20-r1,2,13,nyam,92,3417.0,0.8852,1.2036,0.5543,410.0
s7_offatr1_pts20-r2,2,14,all,218,5908.0,0.6887,1.1037,0.3624,435.0
s7_offatr1_pts20-r2,2,14,london,52,1587.0,0.3752,1.1172,0.3654,425.0
s7_offatr1_pts20-r2,2,14,pre,74,-1421.0,-0.2905,0.9308,0.3243,435.0
s7_offatr1_pts20-r2,2,14,nyam,92,5742.0,1.0122,1.2506,0.3913,410.0
s7_offatr1_pts20-r3,2,15,all,218,15023.0,1.3818,1.2395,0.2982,435.0
s7_offatr1_pts20-r3,2,15,london,52,2757.0,0.5203,1.1816,0.2885,425.0
s7_offatr1_pts20-r3,2,15,pre,74,1754.0,0.2839,1.0791,0.2703,435.0
s7_offatr1_pts20-r3,2,15,nyam,92,10512.0,1.4485,1.4144,0.3261,410.0
s7_offatr1_pts30-r0,2,16,all,218,77308.0,2.5514,1.7377,0.211,755.0
s7_offatr1_pts30-r0,2,16,london,52,27647.0,1.5861,2.1055,0.2115,620.0
s7_offatr1_pts30-r0,2,16,pre,74,6864.0,0.4643,1.1807,0.1622,755.0
s7_offatr1_pts30-r0,2,16,nyam,92,42797.0,2.1486,2.0238,0.25,610.0
s7_offatr1_pts30-r1,2,17,all,218,2093.0,0.2347,1.0324,0.5138,625.0
s7_offatr1_pts30-r1,2,17,london,52,827.0,0.1885,1.0542,0.5192,620.0
s7_offatr1_pts30-r1,2,17,pre,74,-6566.0,-1.2684,0.7439,0.4324,625.0
s7_offatr1_pts30-r1,2,17,nyam,92,7832.0,1.3636,1.3297,0.5761,605.0
s7_offatr1_pts30-r2,2,18,all,218,14968.0,1.1553,1.1801,0.3761,755.0
s7_offatr1_pts30-r2,2,18,london,52,782.0,0.125,1.0377,0.3462,620.0
s7_offatr1_pts30-r2,2,18,pre,74,-1971.0,-0.2686,0.9357,0.3243,755.0
s7_offatr1_pts30-r2,2,18,nyam,92,16157.0,1.872,1.51,0.4348,610.0
s7_offatr1_pts30-r3,2,19,all,218,8853.0,0.5594,1.0912,0.2706,755.0
s7_offatr1_pts30-r3,2,19,london,52,-2848.0,-0.3858,0.8833,0.2308,620.0
s7_offatr1_pts30-r3,2,19,pre,74,-9216.0,-1.0986,0.7451,0.2027,755.0
s7_offatr1_pts30-r3,2,19,nyam,92,20917.0,1.8933,1.5722,0.3478,610.0
s7_offatr1_pts45-r0,2,20,all,218,79298.0,2.4111,1.5756,0.2982,930.0
s7_offatr1_pts45-r0,2,20,london,52,25342.0,1.3444,1.7324,0.2692,930.0
s7_offatr1_pts45-r0,2,20,pre,74,11129.0,0.6523,1.2264,0.2568,915.0
s7_offatr1_pts45-r0,2,20,nyam,92,42827.0,2.0398,1.7928,0.3478,915.0
s7_offatr1_pts45-r1,2,21,all,218,18363.0,1.3814,1.206,0.5505,930.0
s7_offatr1_pts45-r1,2,21,london,52,5032.0,0.77,1.2402,0.5577,930.0
s7_offatr1_pts45-r1,2,21,pre,74,-2316.0,-0.2963,0.933,0.4865,915.0
s7_offatr1_pts45-r1,2,21,nyam,92,15647.0,1.8331,1.4652,0.5978,900.0
s7_offatr1_pts45-r2,2,22,all,218,31558.0,1.6332,1.2648,0.3991,930.0
s7_offatr1_pts45-r2,2,22,london,52,-5543.0,-0.6226,0.8309,0.3077,930.0
s7_offatr1_pts45-r2,2,22,pre,74,1364.0,0.1235,1.0312,0.3514,915.0
s7_offatr1_pts45-r2,2,22,nyam,92,35737.0,2.7785,1.8361,0.4891,915.0
s7_offatr1_pts45-r3,2,23,all,218,46543.0,1.95,1.3567,0.3394,930.0
s7_offatr1_pts45-r3,2,23,london,52,3227.0,0.283,1.0958,0.2885,930.0
s7_offatr1_pts45-r3,2,23,pre,74,2404.0,0.1836,1.0508,0.2973,915.0
s7_offatr1_pts45-r3,2,23,nyam,92,40912.0,2.5142,1.8269,0.4022,915.0
s7_offatr1_pct0p1-r0,2,24,all,218,64408.0,2.4141,1.8877,0.1514,455.0
s7_offatr1_pct0p1-r0,2,24,london,52,20597.0,1.3776,2.2076,0.1538,435.0
s7_offatr1_pct0p1-r0,2,24,pre,74,5869.0,0.4689,1.2245,0.1081,445.0
s7_offatr1_pct0p1-r0,2,24,nyam,92,37942.0,2.0787,2.2921,0.1848,455.0
s7_offatr1_pct0p1-r1,2,25,all,218,6493.0,1.1362,1.1671,0.5505,445.0
s7_offatr1_pct0p1-r1,2,25,london,52,3372.0,1.2279,1.4095,0.5962,435.0
s7_offatr1_pct0p1-r1,2,25,pre,74,-996.0,-0.2943,0.9333,0.5,445.0
s7_offatr1_pct0p1-r1,2,25,nyam,92,4117.0,1.1108,1.2623,0.5652,430.0
s7_offatr1_pct0p1-r2,2,26,all,218,5498.0,0.6663,1.1004,0.3624,445.0
s7_offatr1_pct0p1-r2,2,26,london,52,2827.0,0.6931,1.2281,0.3846,435.0
s7_offatr1_pct0p1-r2,2,26,pre,74,-1781.0,-0.3782,0.9109,0.3243,445.0
s7_offatr1_pct0p1-r2,2,26,nyam,92,4452.0,0.8179,1.1989,0.3804,440.0
s7_offatr1_pct0p1-r3,2,27,all,218,11353.0,1.0941,1.186,0.289,445.0
s7_offatr1_pct0p1-r3,2,27,london,52,2712.0,0.5366,1.1886,0.2885,435.0
s7_offatr1_pct0p1-r3,2,27,pre,74,-191.0,-0.0326,0.9913,0.2568,445.0
s7_offatr1_pct0p1-r3,2,27,nyam,92,8832.0,1.2685,1.3572,0.3152,440.0
s7_offatr1_pct0p2-r0,2,28,all,218,79503.0,2.5217,1.6516,0.2706,895.0
s7_offatr1_pct0p2-r0,2,28,london,52,22272.0,1.2494,1.7258,0.2308,870.0
s7_offatr1_pct0p2-r0,2,28,pre,74,8189.0,0.5102,1.1839,0.2162,895.0
s7_offatr1_pct0p2-r0,2,28,nyam,92,49042.0,2.3911,2.0479,0.337,890.0
s7_offatr1_pct0p2-r1,2,29,all,218,10533.0,0.9232,1.1338,0.5367,895.0
s7_offatr1_pct0p2-r1,2,29,london,52,1202.0,0.2161,1.0626,0.5192,870.0
s7_offatr1_pct0p2-r1,2,29,pre,74,-6926.0,-1.0334,0.7851,0.4459,895.0
s7_offatr1_pct0p2-r1,2,29,nyam,92,16257.0,2.2447,1.5961,0.6196,875.0
s7_offatr1_pct0p2-r2,2,30,all,218,19243.0,1.1676,1.1835,0.3807,895.0
s7_offatr1_pct0p2-r2,2,30,london,52,-8998.0,-1.2404,0.6916,0.2692,870.0
s7_offatr1_pct0p2-r2,2,30,pre,74,-3681.0,-0.3948,0.9063,0.3243,895.0
s7_offatr1_pct0p2-r2,2,30,nyam,92,31922.0,2.8756,1.8767,0.4891,875.0
s7_offatr1_pct0p2-r3,2,31,all,218,30028.0,1.4632,1.2592,0.3119,895.0
s7_offatr1_pct0p2-r3,2,31,london,52,-5003.0,-0.5466,0.837,0.2308,870.0
s7_offatr1_pct0p2-r3,2,31,pre,74,774.0,0.0667,1.0184,0.2703,895.0
s7_offatr1_pct0p2-r3,2,31,nyam,92,34257.0,2.4398,1.797,0.3913,890.0
s7_offptsA_atr1p5-r0,3,0,all,249,52814.0,1.5005,1.337,0.2289,2495.0
s7_offptsA_atr1p5-r0,3,0,london,99,4659.0,0.2087,1.0735,0.1717,2495.0
s7_offptsA_atr1p5-r0,3,0,pre,94,18039.0,0.9037,1.2937,0.234,2185.0
s7_offptsA_atr1p5-r0,3,0,nyam,56,30116.0,1.6242,1.9448,0.3214,1845.0
s7_offptsA_atr1p5-r1,3,1,all,249,2374.0,0.1592,1.0231,0.506,2185.0
s7_offptsA_atr1p5-r1,3,1,london,99,-586.0,-0.069,0.9849,0.4949,1825.0
s7_offptsA_atr1p5-r1,3,1,pre,94,-3821.0,-0.4368,0.9063,0.5106,2185.0
s7_offptsA_atr1p5-r1,3,1,nyam,56,6781.0,0.7832,1.2927,0.5179,1845.0
s7_offptsA_atr1p5-r2,3,2,all,249,12779.0,0.5755,1.0952,0.3454,2495.0
s7_offptsA_atr1p5-r2,3,2,london,99,-12731.0,-1.1198,0.7711,0.2828,2495.0
s7_offptsA_atr1p5-r2,3,2,pre,94,5769.0,0.4778,1.116,0.383,2185.0
s7_offptsA_atr1p5-r2,3,2,nyam,56,19741.0,1.3482,1.6826,0.3929,1845.0
s7_offptsA_atr1p5-r3,3,3,all,249,4954.0,0.2048,1.0328,0.2651,2495.0
s7_offptsA_atr1p5-r3,3,3,london,99,-13446.0,-0.9973,0.7788,0.2121,2495.0
s7_offptsA_atr1p5-r3,3,3,pre,94,-4451.0,-0.3275,0.9241,0.2766,2185.0
s7_offptsA_atr1p5-r3,3,3,nyam,56,22851.0,1.5677,1.7209,0.3393,1845.0
s7_offptsA_atr3-r0,3,4,all,249,10029.0,0.24,1.0393,0.3414,4990.0
s7_offptsA_atr3-r0,3,4,london,99,-25326.0,-0.948,0.7743,0.2424,4990.0
s7_offptsA_atr3-r0,3,4,pre,94,17959.0,0.7347,1.1978,0.3936,4155.0
s7_offptsA_atr3-r0,3,4,nyam,56,17396.0,0.834,1.3338,0.4286,3690.0
s7_offptsA_atr3-r1,3,5,all,249,-9876.0,-0.3365,0.9524,0.4739,4990.0
s7_offptsA_atr3-r1,3,5,london,99,-33496.0,-2.047,0.6379,0.3838,4990.0
s7_offptsA_atr3-r1,3,5,pre,94,4489.0,0.2631,1.0619,0.5319,4155.0
s7_offptsA_atr3-r1,3,5,nyam,56,19131.0,1.119,1.4483,0.5357,3690.0
s7_offptsA_atr3-r2,3,6,all,249,-39501.0,-1.1583,0.8448,0.3454,4990.0
s7_offptsA_atr3-r2,3,6,london,99,-46341.0,-2.305,0.5848,0.2525,4990.0
s7_offptsA_atr3-r2,3,6,pre,94,-1281.0,-0.0611,0.9859,0.3936,4155.0
s7_offptsA_atr3-r2,3,6,nyam,56,8121.0,0.4595,1.1558,0.4286,3690.0
s7_offptsA_atr3-r3,3,7,all,249,-7371.0,-0.1907,0.9711,0.3414,4990.0
s7_offptsA_atr3-r3,3,7,london,99,-33491.0,-1.4094,0.7015,0.2424,4990.0
s7_offptsA_atr3-r3,3,7,pre,94,16779.0,0.688,1.1848,0.3936,4155.0
s7_offptsA_atr3-r3,3,7,nyam,56,9341.0,0.5134,1.1793,0.4286,3690.0
s7_offptsA_pts10-r0,3,8,all,249,37314.0,1.6955,1.771,0.0763,300.0
s7_offptsA_pts10-r0,3,8,london,99,3924.0,0.3124,1.1987,0.0505,235.0
s7_offptsA_pts10-r0,3,8,pre,94,25754.0,1.7819,2.4513,0.1064,300.0
s7_offptsA_pts10-r0,3,8,nyam,56,7636.0,0.7,1.7004,0.0714,215.0
s7_offptsA_pts10-r1,3,9,all,249,-1536.0,-0.4786,0.941,0.502,215.0
s7_offptsA_pts10-r1,3,9,london,99,-91.0,-0.0448,0.991,0.5152,210.0
s7_offptsA_pts10-r1,3,9,pre,94,154.0,0.0779,1.0163,0.5213,215.0
s7_offptsA_pts10-r1,3,9,nyam,56,-1599.0,-1.0501,0.754,0.4464,205.0
s7_offptsA_pts10-r2,3,10,all,249,-1466.0,-0.3233,0.9578,0.3373,300.0
s7_offptsA_pts10-r2,3,10,london,99,429.0,0.1481,1.0319,0.3535,210.0
s7_offptsA_pts10-r2,3,10,pre,94,-441.0,-0.1571,0.9664,0.3404,300.0
s7_offptsA_pts10-r2,3,10,nyam,56,-1454.0,-0.6912,0.8224,0.3036,215.0
s7_offptsA_pts10-r3,3,11,all,249,5639.0,0.9751,1.1513,0.2892,300.0
s7_offptsA_pts10-r3,3,11,london,99,4174.0,1.1161,1.2918,0.3131,235.0
s7_offptsA_pts10-r3,3,11,pre,94,3544.0,0.9746,1.2579,0.3085,300.0
s7_offptsA_pts10-r3,3,11,nyam,56,-2079.0,-0.8327,0.7748,0.2143,215.0
s7_offptsA_pts20-r0,3,12,all,249,46409.0,1.7397,1.5272,0.1365,435.0
s7_offptsA_pts20-r0,3,12,london,99,10984.0,0.6504,1.3046,0.1111,435.0
s7_offptsA_pts20-r0,3,12,pre,94,27839.0,1.6555,1.8608,0.1596,410.0
s7_offptsA_pts20-r0,3,12,nyam,56,7586.0,0.6247,1.3864,0.1429,400.0
s7_offptsA_pts20-r1,3,13,all,249,-6121.0,-0.962,0.885,0.4779,435.0
s7_offptsA_pts20-r1,3,13,london,99,-4336.0,-1.0799,0.8043,0.4545,435.0
s7_offptsA_pts20-r1,3,13,pre,94,189.0,0.0482,1.01,0.5106,405.0
s7_offptsA_pts20-r1,3,13,nyam,56,-1974.0,-0.6512,0.8391,0.4643,400.0
s7_offptsA_pts20-r2,3,14,all,249,484.0,0.0535,1.0072,0.3414,435.0
s7_offptsA_pts20-r2,3,14,london,99,1614.0,0.2799,1.0615,0.3535,435.0
s7_offptsA_pts20-r2,3,14,pre,94,1289.0,0.2298,1.0516,0.3511,410.0
s7_offptsA_pts20-r2,3,14,nyam,56,-2419.0,-0.5782,0.8483,0.3036,400.0
s7_offptsA_pts20-r3,3,15,all,249,7199.0,0.6365,1.0971,0.2731,435.0
s7_offptsA_pts20-r3,3,15,london,99,1169.0,0.1654,1.0391,0.2626,435.0
s7_offptsA_pts20-r3,3,15,pre,94,6464.0,0.9032,1.2392,0.2979,410.0
s7_offptsA_pts20-r3,3,15,nyam,56,-434.0,-0.0827,0.9747,0.25,400.0
s7_offptsA_pts30-r0,3,16,all,249,53609.0,1.7746,1.4458,0.2048,625.0
s7_offptsA_pts30-r0,3,16,london,99,-2636.0,-0.1505,0.9491,0.1414,625.0
s7_offptsA_pts30-r0,3,16,pre,94,26109.0,1.4513,1.5869,0.2234,610.0
s7_offptsA_pts30-r0,3,16,nyam,56,30136.0,1.807,2.2588,0.2857,605.0
s7_offptsA_pts30-r1,3,17,all,249,4934.0,0.5182,1.068,0.5221,625.0
s7_offptsA_pts30-r1,3,17,london,99,-1301.0,-0.2157,0.9574,0.4949,625.0
s7_offptsA_pts30-r1,3,17,pre,94,4199.0,0.7175,1.1603,0.5426,605.0
s7_offptsA_pts30-r1,3,17,nyam,56,2036.0,0.4485,1.1285,0.5357,605.0
s7_offptsA_pts30-r2,3,18,all,249,10729.0,0.7823,1.1107,0.3614,625.0
s7_offptsA_pts30-r2,3,18,london,99,-4391.0,-0.5243,0.8941,0.3131,625.0
s7_offptsA_pts30-r2,3,18,pre,94,9524.0,1.1079,1.2742,0.3936,605.0
s7_offptsA_pts30-r2,3,18,nyam,56,5596.0,0.8405,1.2701,0.3929,605.0
s7_offptsA_pts30-r3,3,19,all,249,10614.0,0.632,1.0967,0.2771,625.0
s7_offptsA_pts30-r3,3,19,london,99,-16086.0,-1.7325,0.6703,0.1919,625.0
s7_offptsA_pts30-r3,3,19,pre,94,15119.0,1.3966,1.3939,0.3298,605.0
s7_offptsA_pts30-r3,3,19,nyam,56,11581.0,1.3467,1.5137,0.3393,605.0
s7_offptsA_pts45-r0,3,20,all,249,29654.0,0.8875,1.1737,0.241,915.0
s7_offptsA_pts45-r0,3,20,london,99,-22626.0,-1.2159,0.6992,0.1616,915.0
s7_offptsA_pts45-r0,3,20,pre,94,24754.0,1.2201,1.4012,0.2766,905.0
s7_offptsA_pts45-r0,3,20,nyam,56,27526.0,1.4787,1.814,0.3214,905.0
s7_offptsA_pts45-r1,3,21,all,249,-15201.0,-1.067,0.8734,0.4699,915.0
s7_offptsA_pts45-r1,3,21,london,99,-12406.0,-1.3861,0.7564,0.4343,915.0
s7_offptsA_pts45-r1,3,21,pre,94,-2426.0,-0.2758,0.9444,0.4894,905.0
s7_offptsA_pts45-r1,3,21,nyam,56,-369.0,-0.0541,0.9855,0.5,905.0
s7_offptsA_pts45-r2,3,22,all,249,-8296.0,-0.4202,0.9449,0.3333,915.0
s7_offptsA_pts45-r2,3,22,london,99,-30036.0,-2.7082,0.5638,0.2323,915.0
s7_offptsA_pts45-r2,3,22,pre,94,14614.0,1.1511,1.2877,0.4043,905.0
s7_offptsA_pts45-r2,3,22,nyam,56,7126.0,0.7244,1.2305,0.3929,905.0
s7_offptsA_pts45-r3,3,23,all,249,-6476.0,-0.2753,0.9604,0.2731,915.0
s7_offptsA_pts45-r3,3,23,london,99,-29171.0,-2.2262,0.5976,0.1919,915.0
s7_offptsA_pts45-r3,3,23,pre,94,11844.0,0.7786,1.204,0.3191,905.0
s7_offptsA_pts45-r3,3,23,nyam,56,10851.0,0.9087,1.3297,0.3393,905.0
s7_offptsA_pct0p1-r0,3,24,all,249,46389.0,1.7533,1.5455,0.1325,445.0
s7_offptsA_pct0p1-r0,3,24,london,99,12299.0,0.73,1.354,0.1111,445.0
s7_offptsA_pct0p1-r0,3,24,pre,94,25844.0,1.5619,1.8252,0.1489,440.0
s7_offptsA_pct0p1-r0,3,24,nyam,56,8246.0,0.6807,1.4346,0.1429,445.0
s7_offptsA_pct0p1-r1,3,25,all,249,-7681.0,-1.2529,0.8527,0.4739,445.0
s7_offptsA_pct0p1-r1,3,25,london,99,-4366.0,-1.1284,0.796,0.4545,435.0
s7_offptsA_pct0p1-r1,3,25,pre,94,-1001.0,-0.2647,0.9465,0.5,440.0
s7_offptsA_pct0p1-r1,3,25,nyam,56,-2314.0,-0.7913,0.8076,0.4643,445.0
s7_offptsA_pct0p1-r2,3,26,all,249,1739.0,0.1995,1.0271,0.3494,445.0
s7_offptsA_pct0p1-r2,3,26,london,99,2499.0,0.4479,1.1003,0.3636,445.0
s7_offptsA_pct0p1-r2,3,26,pre,94,1884.0,0.3485,1.0792,0.3617,440.0
s7_offptsA_pct0p1-r2,3,26,nyam,56,-2644.0,-0.6599,0.8292,0.3036,445.0
s7_offptsA_pct0p1-r3,3,27,all,249,2109.0,0.1964,1.0291,0.261,445.0
s7_offptsA_pct0p1-r3,3,27,london,99,2749.0,0.3978,1.0968,0.2727,445.0
s7_offptsA_pct0p1-r3,3,27,pre,94,3079.0,0.4569,1.115,0.2766,440.0
s7_offptsA_pct0p1-r3,3,27,nyam,56,-3719.0,-0.7803,0.7863,0.2143,445.0
s7_offptsA_pct0p2-r0,3,28,all,249,36029.0,1.133,1.2397,0.2209,895.0
s7_offptsA_pct0p2-r0,3,28,london,99,-15626.0,-0.8671,0.7616,0.1515,895.0
s7_offptsA_pct0p2-r0,3,28,pre,94,28289.0,1.4417,1.5234,0.2553,875.0
s7_offptsA_pct0p2-r0,3,28,nyam,56,23366.0,1.3617,1.7609,0.2857,890.0
s7_offptsA_pct0p2-r1,3,29,all,249,-5471.0,-0.4474,0.9446,0.494,895.0
s7_offptsA_pct0p2-r1,3,29,london,99,-5021.0,-0.65,0.8767,0.4747,895.0
s7_offptsA_pct0p2-r1,3,29,pre,94,2379.0,0.3162,1.0679,0.5213,875.0
s7_offptsA_pct0p2-r1,3,29,nyam,56,-2829.0,-0.4843,0.8773,0.4821,890.0
s7_offptsA_pct0p2-r2,3,30,all,249,-5706.0,-0.3345,0.9559,0.3333,895.0
s7_offptsA_pct0p2-r2,3,30,london,99,-19116.0,-1.922,0.664,0.2626,895.0
s7_offptsA_pct0p2-r2,3,30,pre,94,11369.0,1.0388,1.2575,0.3936,875.0
s7_offptsA_pct0p2-r2,3,30,nyam,56,2041.0,0.2447,1.0722,0.3571,890.0
s7_offptsA_pct0p2-r3,3,31,all,249,2859.0,0.1371,1.0204,0.2731,895.0
s7_offptsA_pct0p2-r3,3,31,london,99,-27596.0,-2.4876,0.5628,0.1818,895.0
s7_offptsA_pct0p2-r3,3,31,pre,94,22524.0,1.6071,1.4701,0.3404,875.0
s7_offptsA_pct0p2-r3,3,31,nyam,56,7931.0,0.7755,1.2718,0.3214,890.0
s7_offptsB_atr1p5-r0,4,0,all,230,75885.0,2.2382,1.5283,0.2652,2495.0
s7_offptsB_atr1p5-r0,4,0,london,67,12032.0,0.6345,1.2614,0.194,2495.0
s7_offptsB_atr1p5-r0,4,0,pre,86,801.0,0.0432,1.0132,0.1977,2185.0
s7_offptsB_atr1p5-r0,4,0,nyam,77,63052.0,3.0492,2.7076,0.4026,1845.0
s7_offptsB_atr1p5-r1,4,1,all,230,13625.0,0.9258,1.1475,0.5348,2185.0
s7_offptsB_atr1p5-r1,4,1,london,67,-4728.0,-0.6306,0.8446,0.4478,1825.0
s7_offptsB_atr1p5-r1,4,1,pre,86,-4084.0,-0.4698,0.8959,0.5,2185.0
s7_offptsB_atr1p5-r1,4,1,nyam,77,22437.0,2.5028,1.9894,0.6494,1845.0
s7_offptsB_atr1p5-r2,4,2,all,230,40195.0,1.802,1.3392,0.4,2495.0
s7_offptsB_atr1p5-r2,4,2,london,67,-15968.0,-1.6929,0.6275,0.2687,2495.0
s7_offptsB_atr1p5-r2,4,2,pre,86,10226.0,0.8395,1.2242,0.3953,2185.0
s7_offptsB_atr1p5-r2,4,2,nyam,77,45937.0,2.9727,2.5303,0.5195,1845.0
s7_offptsB_atr1p5-r3,4,3,all,230,22260.0,0.9211,1.1605,0.2957,2495.0
s7_offptsB_atr1p5-r3,4,3,london,67,-15213.0,-1.4034,0.6663,0.209,2495.0
s7_offptsB_atr1p5-r3,4,3,pre,86,-12154.0,-0.9262,0.7887,0.2442,2185.0
s7_offptsB_atr1p5-r3,4,3,nyam,77,49627.0,3.0541,2.3959,0.4286,1845.0
s7_offptsB_atr3-r0,4,4,all,230,76805.0,1.8484,1.357,0.4261,4990.0
s7_offptsB_atr3-r0,4,4,london,67,11577.0,0.4587,1.1611,0.3284,4990.0
s7_offptsB_atr3-r0,4,4,pre,86,16461.0,0.6951,1.1958,0.4302,4160.0
s7_offptsB_atr3-r0,4,4,nyam,77,48767.0,2.1103,1.823,0.5065,3690.0
s7_offptsB_atr3-r1,4,5,all,230,58545.0,2.0478,1.3605,0.5739,4990.0
s7_offptsB_atr3-r1,4,5,london,67,-11073.0,-0.761,0.8145,0.4478,4990.0
s7_offptsB_atr3-r1,4,5,pre,86,25996.0,1.5695,1.4495,0.6047,4160.0
s7_offptsB_atr3-r1,4,5,nyam,77,43622.0,2.4435,1.9729,0.6494,3690.0
s7_offptsB_atr3-r2,4,6,all,230,32295.0,0.9449,1.1529,0.4435,4990.0
s7_offptsB_atr3-r2,4,6,london,67,-12823.0,-0.7117,0.8179,0.3433,4990.0
s7_offptsB_atr3-r2,4,6,pre,86,-1319.0,-0.0656,0.9842,0.4419,4160.0
s7_offptsB_atr3-r2,4,6,nyam,77,46437.0,2.2586,1.8093,0.5325,3690.0
s7_offptsB_atr3-r3,4,7,all,230,62965.0,1.626,1.2941,0.4304,4990.0
s7_offptsB_atr3-r3,4,7,london,67,-848.0,-0.0391,0.9882,0.3284,4990.0
s7_offptsB_atr3-r3,4,7,pre,86,14771.0,0.6232,1.1757,0.4302,4160.0
s7_offptsB_atr3-r3,4,7,nyam,77,49042.0,2.2748,1.843,0.5195,3690.0
s7_offptsB_pts10-r0,4,8,all,230,15215.0,0.8138,1.3356,0.0609,230.0
s7_offptsB_pts10-r0,4,8,london,67,7827.0,0.6964,1.6017,0.0746,210.0
s7_offptsB_pts10-r0,4,8,pre,86,-1784.0,-0.1899,0.898,0.0349,230.0
s7_offptsB_pts10-r0,4,8,nyam,77,9172.0,0.7833,1.6177,0.0779,205.0
s7_offptsB_pts10-r1,4,9,all,230,-8500.0,-2.786,0.6932,0.4261,220.0
s7_offptsB_pts10-r1,4,9,london,67,-4728.0,-2.9745,0.4881,0.3433,210.0
s7_offptsB_pts10-r1,4,9,pre,86,-3064.0,-1.6317,0.703,0.4302,220.0
s7_offptsB_pts10-r1,4,9,nyam,77,-708.0,-0.3958,0.9132,0.4935,205.0
s7_offptsB_pts10-r2,4,10,all,230,-7690.0,-1.8376,0.7753,0.2913,225.0
s7_offptsB_pts10-r2,4,10,london,67,-3153.0,-1.4237,0.6933,0.2687,210.0
s7_offptsB_pts10-r2,4,10,pre,86,-2954.0,-1.1493,0.7702,0.2907,225.0
s7_offptsB_pts10-r2,4,10,nyam,77,-1583.0,-0.6394,0.8572,0.3117,205.0
s7_offptsB_pts10-r3,4,11,all,230,-7210.0,-1.4166,0.8083,0.2217,230.0
s7_offptsB_pts10-r3,4,11,london,67,-2783.0,-1.0298,0.7499,0.209,210.0
s7_offptsB_pts10-r3,4,11,pre,86,-3619.0,-1.1816,0.7478,0.2093,230.0
s7_offptsB_pts10-r3,4,11,nyam,77,-808.0,-0.2635,0.9334,0.2468,205.0
s7_offptsB_pts20-r0,4,12,all,230,35660.0,1.4521,1.4346,0.1304,495.0
s7_offptsB_pts20-r0,4,12,london,67,4712.0,0.3505,1.1915,0.1045,435.0
s7_offptsB_pts20-r0,4,12,pre,86,12786.0,0.8595,1.4091,0.1163,495.0
s7_offptsB_pts20-r0,4,12,nyam,77,18162.0,1.2674,1.6937,0.1688,405.0
s7_offptsB_pts20-r1,4,13,all,230,-1690.0,-0.2756,0.9642,0.5,495.0
s7_offptsB_pts20-r1,4,13,london,67,-893.0,-0.2685,0.936,0.4925,435.0
s7_offptsB_pts20-r1,4,13,pre,86,111.0,0.0294,1.0064,0.5116,495.0
s7_offptsB_pts20-r1,4,13,nyam,77,-908.0,-0.2554,0.9431,0.4935,405.0
s7_offptsB_pts20-r2,4,14,all,230,-12370.0,-1.4782,0.814,0.2957,495.0
s7_offptsB_pts20-r2,4,14,london,67,-3368.0,-0.7397,0.8254,0.2985,435.0
s7_offptsB_pts20-r2,4,14,pre,86,-5219.0,-1.02,0.7922,0.2907,495.0
s7_offptsB_pts20-r2,4,14,nyam,77,-3783.0,-0.7765,0.8288,0.2987,405.0
s7_offptsB_pts20-r3,4,15,all,230,-2825.0,-0.268,0.9602,0.2478,495.0
s7_offptsB_pts20-r3,4,15,london,67,-183.0,-0.0317,0.9911,0.2537,435.0
s7_offptsB_pts20-r3,4,15,pre,86,-34.0,-0.0052,0.9987,0.2558,495.0
s7_offptsB_pts20-r3,4,15,nyam,77,-2608.0,-0.4347,0.8919,0.2338,405.0
s7_offptsB_pts30-r0,4,16,all,230,76580.0,2.5529,1.7034,0.2217,615.0
s7_offptsB_pts30-r0,4,16,london,67,20692.0,1.1677,1.6171,0.1791,615.0
s7_offptsB_pts30-r0,4,16,pre,86,17006.0,1.0095,1.4043,0.1977,610.0
s7_offptsB_pts30-r0,4,16,nyam,77,38882.0,2.2221,2.1685,0.2857,610.0
s7_offptsB_pts30-r1,4,17,all,230,5660.0,0.6186,1.0852,0.5261,615.0
s7_offptsB_pts30-r1,4,17,london,67,-2268.0,-0.4566,0.8937,0.4776,615.0
s7_offptsB_pts30-r1,4,17,pre,86,-1804.0,-0.3208,0.9328,0.4884,610.0
s7_offptsB_pts30-r1,4,17,nyam,77,9732.0,1.8745,1.5324,0.6104,610.0
s7_offptsB_pts30-r2,4,18,all,230,18695.0,1.4017,1.216,0.3826,615.0
s7_offptsB_pts30-r2,4,18,london,67,-2923.0,-0.4232,0.8958,0.3134,615.0
s7_offptsB_pts30-r2,4,18,pre,86,8956.0,1.0875,1.2825,0.3953,610.0
s7_offptsB_pts30-r2,4,18,nyam,77,12662.0,1.6047,1.4724,0.4286,610.0
s7_offptsB_pts30-r3,4,19,all,230,37825.0,2.2147,1.3978,0.3217,615.0
s7_offptsB_pts30-r3,4,19,london,67,-4753.0,-0.5748,0.85,0.2239,615.0
s7_offptsB_pts30-r3,4,19,pre,86,14926.0,1.4194,1.4221,0.3256,610.0
s7_offptsB_pts30-r3,4,19,nyam,77,27652.0,2.6541,1.9867,0.4026,610.0
s7_offptsB_pts45-r0,4,20,all,230,79945.0,2.3992,1.5515,0.3043,915.0
s7_offptsB_pts45-r0,4,20,london,67,7742.0,0.4163,1.1606,0.209,915.0
s7_offptsB_pts45-r0,4,20,pre,86,19221.0,1.0162,1.3465,0.2907,910.0
s7_offptsB_pts45-r0,4,20,nyam,77,52982.0,2.6406,2.2832,0.4026,905.0
s7_offptsB_pts45-r1,4,21,all,230,18310.0,1.3406,1.1936,0.5478,915.0
s7_offptsB_pts45-r1,4,21,london,67,437.0,0.0587,1.0146,0.5075,915.0
s7_offptsB_pts45-r1,4,21,pre,86,4841.0,0.5763,1.1331,0.5349,910.0
s7_offptsB_pts45-r1,4,21,nyam,77,13032.0,1.6666,1.4624,0.5974,905.0
s7_offptsB_pts45-r2,4,22,all,230,43655.0,2.175,1.3556,0.413,915.0
s7_offptsB_pts45-r2,4,22,london,67,-11163.0,-1.1311,0.7443,0.2836,915.0
s7_offptsB_pts45-r2,4,22,pre,86,22841.0,1.836,1.5233,0.4419,910.0
s7_offptsB_pts45-r2,4,22,nyam,77,31977.0,2.692,1.9019,0.4935,905.0
s7_offptsB_pts45-r3,4,23,all,230,48965.0,2.0073,1.358,0.3435,915.0
s7_offptsB_pts45-r3,4,23,london,67,-7563.0,-0.6289,0.837,0.2388,915.0
s7_offptsB_pts45-r3,4,23,pre,86,15911.0,1.0827,1.3125,0.3488,910.0
s7_offptsB_pts45-r3,4,23,nyam,77,40617.0,2.7101,2.029,0.4286,905.0
s7_offptsB_pct0p1-r0,4,24,all,230,44485.0,1.7881,1.5679,0.1348,495.0
s7_offptsB_pct0p1-r0,4,24,london,67,10367.0,0.7402,1.4482,0.1194,445.0
s7_offptsB_pct0p1-r0,4,24,pre,86,11876.0,0.8049,1.3903,0.1047,495.0
s7_offptsB_pct0p1-r0,4,24,nyam,77,22242.0,1.5367,1.8979,0.1818,455.0
s7_offptsB_pct0p1-r1,4,25,all,230,-2345.0,-0.3968,0.9488,0.5,495.0
s7_offptsB_pct0p1-r1,4,25,london,67,-2763.0,-0.8701,0.807,0.4627,445.0
s7_offptsB_pct0p1-r1,4,25,pre,86,-359.0,-0.0985,0.9788,0.5116,495.0
s7_offptsB_pct0p1-r1,4,25,nyam,77,777.0,0.2267,1.0535,0.5195,430.0
s7_offptsB_pct0p1-r2,4,26,all,230,-2885.0,-0.3476,0.9526,0.3304,495.0
s7_offptsB_pct0p1-r2,4,26,london,67,62.0,0.0137,1.0036,0.3433,445.0
s7_offptsB_pct0p1-r2,4,26,pre,86,-4159.0,-0.8357,0.8261,0.3023,495.0
s7_offptsB_pct0p1-r2,4,26,nyam,77,1212.0,0.2464,1.0618,0.3506,430.0
s7_offptsB_pct0p1-r3,4,27,all,230,3515.0,0.3381,1.0527,0.2652,495.0
s7_offptsB_pct0p1-r3,4,27,london,67,2927.0,0.5109,1.1555,0.2836,445.0
s7_offptsB_pct0p1-r3,4,27,pre,86,1296.0,0.2027,1.0517,0.2674,495.0
s7_offptsB_pct0p1-r3,4,27,nyam,77,-708.0,-0.1193,0.9689,0.2468,440.0
s7_offptsB_pct0p2-r0,4,28,all,230,80845.0,2.5038,1.6194,0.2652,895.0
s7_offptsB_pct0p2-r0,4,28,london,67,11567.0,0.6353,1.2712,0.1791,895.0
s7_offptsB_pct0p2-r0,4,28,pre,86,14121.0,0.7838,1.2724,0.2209,875.0
s7_offptsB_pct0p2-r0,4,28,nyam,77,55157.0,2.8284,2.5309,0.3896,890.0
s7_offptsB_pct0p2-r1,4,29,all,230,7660.0,0.6527,1.0903,0.5261,895.0
s7_offptsB_pct0p2-r1,4,29,london,67,-4628.0,-0.7301,0.8353,0.4627,895.0
s7_offptsB_pct0p2-r1,4,29,pre,86,-2089.0,-0.2892,0.9391,0.4884,875.0
s7_offptsB_pct0p2-r1,4,29,nyam,77,14377.0,2.1735,1.6404,0.6234,860.0
s7_offptsB_pct0p2-r2,4,30,all,230,25090.0,1.4646,1.2279,0.3826,895.0
s7_offptsB_pct0p2-r2,4,30,london,67,-15008.0,-1.844,0.6204,0.2388,895.0
s7_offptsB_pct0p2-r2,4,30,pre,86,14376.0,1.3485,1.3628,0.407,875.0
s7_offptsB_pct0p2-r2,4,30,nyam,77,25722.0,2.5182,1.8312,0.4805,875.0
s7_offptsB_pct0p2-r3,4,31,all,230,45790.0,2.124,1.3823,0.3261,895.0
s7_offptsB_pct0p2-r3,4,31,london,67,-12463.0,-1.2528,0.7027,0.194,895.0
s7_offptsB_pct0p2-r3,4,31,pre,86,21856.0,1.6085,1.496,0.3372,875.0
s7_offptsB_pct0p2-r3,4,31,nyam,77,36397.0,2.7997,2.0768,0.4286,890.0
s8_offatr0p25_atr1p5-r0,0,0,all,252,14617.0,0.4575,1.09,0.2183,4980.0
s8_offatr0p25_atr1p5-r0,0,0,london,113,11178.0,0.5206,1.1671,0.1947,1925.0
s8_offatr0p25_atr1p5-r0,0,0,pre,96,1721.0,0.0857,1.0258,0.2292,4980.0
s8_offatr0p25_atr1p5-r0,0,0,nyam,43,1718.0,0.134,1.0599,0.2558,2450.0
s8_offatr0p25_atr1p5-r1,0,1,all,252,-7918.0,-0.5345,0.9269,0.4841,4980.0
s8_offatr0p25_atr1p5-r1,0,1,london,113,-8957.0,-1.0244,0.8116,0.4425,1825.0
s8_offatr0p25_atr1p5-r1,0,1,pre,96,-5389.0,-0.5282,0.8806,0.5,4980.0
s8_offatr0p25_atr1p5-r1,0,1,nyam,43,6428.0,1.0292,1.4114,0.5581,1735.0
s8_offatr0p25_atr1p5-r2,0,2,all,252,-13203.0,-0.6668,0.9078,0.3254,4980.0
s8_offatr0p25_atr1p5-r2,0,2,london,113,-10427.0,-0.8666,0.8291,0.2832,1925.0
s8_offatr0p25_atr1p5-r2,0,2,pre,96,391.0,0.0291,1.0069,0.375,4980.0
s8_offatr0p25_atr1p5-r2,0,2,nyam,43,-3167.0,-0.3795,0.8771,0.3256,2450.0
s8_offatr0p25_atr1p5-r3,0,3,all,252,-5498.0,-0.229,0.9647,0.2579,4980.0
s8_offatr0p25_atr1p5-r3,0,3,london,113,-5157.0,-0.346,0.9205,0.2301,1925.0
s8_offatr0p25_atr1p5-r3,0,3,pre,96,1131.0,0.0699,1.0179,0.2812,4980.0
s8_offatr0p25_atr1p5-r3,0,3,nyam,43,-1472.0,-0.1495,0.9469,0.2791,2450.0
s8_offatr0p25_atr3-r0,0,4,all,252,35447.0,0.796,1.143,0.377,9955.0
s8_offatr0p25_atr3-r0,0,4,london,113,19218.0,0.7448,1.1994,0.3717,3855.0
s8_offatr0p25_atr3-r0,0,4,pre,96,6971.0,0.2156,1.0626,0.3542,9955.0
s8_offatr0p25_atr3-r0,0,4,nyam,43,9258.0,0.5471,1.2308,0.4419,4895.0
s8_offatr0p25_atr3-r1,0,5,all,252,-3123.0,-0.1077,0.9846,0.504,9955.0
s8_offatr0p25_atr3-r1,0,5,london,113,12298.0,0.7241,1.1609,0.5044,3855.0
s8_offatr0p25_atr3-r1,0,5,pre,96,-11589.0,-0.5716,0.8708,0.5,9955.0
s8_offatr0p25_atr3-r1,0,5,nyam,43,-3832.0,-0.318,0.8953,0.5116,4895.0
s8_offatr0p25_atr3-r2,0,6,all,252,26637.0,0.7074,1.1119,0.4048,9955.0
s8_offatr0p25_atr3-r2,0,6,london,113,27103.0,1.1699,1.2972,0.4071,3855.0
s8_offatr0p25_atr3-r2,0,6,pre,96,-3329.0,-0.1286,0.9688,0.3854,9955.0
s8_offatr0p25_atr3-r2,0,6,nyam,43,2863.0,0.1938,1.0714,0.4419,4895.0
s8_offatr0p25_atr3-r3,0,7,all,252,34022.0,0.8094,1.1379,0.381,9955.0
s8_offatr0p25_atr3-r3,0,7,london,113,21048.0,0.8225,1.2183,0.3717,3855.0
s8_offatr0p25_atr3-r3,0,7,pre,96,-329.0,-0.0116,0.997,0.3646,9955.0
s8_offatr0p25_atr3-r3,0,7,nyam,43,13303.0,0.7516,1.3316,0.4419,4895.0
s8_offatr0p25_pts10-r0,0,8,all,252,-2538.0,-0.173,0.9493,0.0556,245.0
s8_offatr0p25_pts10-r0,0,8,london,113,-8527.0,-1.0385,0.6239,0.0442,220.0
s8_offatr0p25_pts10-r0,0,8,pre,96,6826.0,0.6118,1.3601,0.0625,245.0
s8_offatr0p25_pts10-r0,0,8,nyam,43,-837.0,-0.1715,0.9002,0.0698,210.0
s8_offatr0p25_pts10-r1,0,9,all,252,-8623.0,-2.6976,0.7124,0.4325,210.0
s8_offatr0p25_pts10-r1,0,9,london,113,-6657.0,-3.1813,0.5527,0.3717,210.0
s8_offatr0p25_pts10-r1,0,9,pre,96,-1069.0,-0.535,0.896,0.4896,210.0
s8_offatr0p25_pts10-r1,0,9,nyam,43,-897.0,-0.6685,0.8138,0.4651,205.0
s8_offatr0p25_pts10-r2,0,10,all,252,-11088.0,-2.5799,0.7113,0.2738,240.0
s8_offatr0p25_pts10-r2,0,10,london,113,-7947.0,-2.9195,0.5644,0.2301,210.0
s8_offatr0p25_pts10-r2,0,10,pre,96,-2604.0,-0.9496,0.8152,0.3021,240.0
s8_offatr0p25_pts10-r2,0,10,nyam,43,-537.0,-0.2852,0.9117,0.3256,210.0
s8_offatr0p25_pts10-r3,0,11,all,252,-10243.0,-1.9598,0.7551,0.2103,245.0
s8_offatr0p25_pts10-r3,0,11,london,113,-9202.0,-2.9225,0.5383,0.1593,210.0
s8_offatr0p25_pts10-r3,0,11,pre,96,726.0,0.2055,1.0492,0.2708,245.0
s8_offatr0p25_pts10-r3,0,11,nyam,43,-1767.0,-0.8125,0.7522,0.2093,210.0
s8_offatr0p25_pts20-r0,0,12,all,252,16032.0,0.6813,1.1768,0.119,430.0
s8_offatr0p25_pts20-r0,0,12,london,113,15653.0,0.8664,1.3884,0.1239,430.0
s8_offatr0p25_pts20-r0,0,12,pre,96,-2024.0,-0.1602,0.9425,0.1042,420.0
s8_offatr0p25_pts20-r0,0,12,nyam,43,2403.0,0.2865,1.1586,0.1395,405.0
s8_offatr0p25_pts20-r1,0,13,all,252,-9028.0,-1.412,0.8369,0.4643,430.0
s8_offatr0p25_pts20-r1,0,13,london,113,-6077.0,-1.4206,0.7651,0.4425,430.0
s8_offatr0p25_pts20-r1,0,13,pre,96,-3869.0,-0.9788,0.8183,0.4583,410.0
s8_offatr0p25_pts20-r1,0,13,nyam,43,918.0,0.3444,1.1121,0.5349,405.0
s8_offatr0p25_pts20-r2,0,14,all,252,-4443.0,-0.4943,0.9363,0.3254,430.0
s8_offatr0p25_pts20-r2,0,14,london,113,-8982.0,-1.563,0.7331,0.2743,430.0
s8_offatr0p25_pts20-r2,0,14,pre,96,4061.0,0.7062,1.1651,0.375,420.0
s8_offatr0p25_pts20-r2,0,14,nyam,43,478.0,0.1254,1.0417,0.3488,405.0
s8_offatr0p25_pts20-r3,0,15,all,252,-5348.0,-0.4888,0.9317,0.2421,430.0
s8_offatr0p25_pts20-r3,0,15,london,113,-9422.0,-1.3646,0.7448,0.2035,430.0
s8_offatr0p25_pts20-r3,0,15,pre,96,-799.0,-0.1167,0.9729,0.25,420.0
s8_offatr0p25_pts20-r3,0,15,nyam,43,4873.0,0.9763,1.4105,0.3256,405.0
s8_offatr0p25_pts30-r0,0,16,all,252,-1843.0,-0.0708,0.9858,0.1548,635.0
s8_offatr0p25_pts30-r0,0,16,london,113,2208.0,0.1163,1.0376,0.1416,635.0
s8_offatr0p25_pts30-r0,0,16,pre,96,-3169.0,-0.2045,0.9358,0.1562,630.0
s8_offatr0p25_pts30-r0,0,16,nyam,43,-882.0,-0.0975,0.9586,0.186,605.0
s8_offatr0p25_pts30-r1,0,17,all,252,-10243.0,-1.0694,0.8738,0.4722,635.0
s8_offatr0p25_pts30-r1,0,17,london,113,-8682.0,-1.3567,0.7744,0.4425,635.0
s8_offatr0p25_pts30-r1,0,17,pre,96,-674.0,-0.1135,0.977,0.5,630.0
s8_offatr0p25_pts30-r1,0,17,nyam,43,-887.0,-0.2219,0.9338,0.4884,605.0
s8_offatr0p25_pts30-r2,0,18,all,252,-12878.0,-0.9697,0.8787,0.3095,635.0
s8_offatr0p25_pts30-r2,0,18,london,113,-14807.0,-1.7384,0.7078,0.2655,635.0
s8_offatr0p25_pts30-r2,0,18,pre,96,-2564.0,-0.3083,0.9353,0.3229,630.0
s8_offatr0p25_pts30-r2,0,18,nyam,43,4493.0,0.7672,1.2837,0.3953,605.0
s8_offatr0p25_pts30-r3,0,19,all,252,-8618.0,-0.5302,0.926,0.2421,635.0
s8_offatr0p25_pts30-r3,0,19,london,113,-13642.0,-1.3187,0.7517,0.2035,635.0
s8_offatr0p25_pts30-r3,0,19,pre,96,2356.0,0.2282,1.0552,0.2708,630.0
s8_offatr0p25_pts30-r3,0,19,nyam,43,2668.0,0.3727,1.1413,0.2791,605.0
s8_offatr0p25_pts45-r0,0,20,all,252,25977.0,0.8009,1.153,0.25,945.0
s8_offatr0p25_pts45-r0,0,20,london,113,-2712.0,-0.1279,0.9658,0.2212,945.0
s8_offatr0p25_pts45-r0,0,20,pre,96,10991.0,0.5455,1.1695,0.25,915.0
s8_offatr0p25_pts45-r0,0,20,nyam,43,17698.0,1.2536,1.6916,0.3256,900.0
s8_offatr0p25_pts45-r1,0,21,all,252,3617.0,0.2519,1.0323,0.5119,940.0
s8_offatr0p25_pts45-r1,0,21,london,113,28.0,0.0029,1.0005,0.5044,940.0
s8_offatr0p25_pts45-r1,0,21,pre,96,-644.0,-0.0724,0.9852,0.5,915.0
s8_offatr0p25_pts45-r1,0,21,nyam,43,4233.0,0.7117,1.2451,0.5581,900.0
s8_offatr0p25_pts45-r2,0,22,all,252,57.0,0.0028,1.0004,0.3452,940.0
s8_offatr0p25_pts45-r2,0,22,london,113,-14872.0,-1.1547,0.7933,0.3009,940.0
s8_offatr0p25_pts45-r2,0,22,pre,96,4711.0,0.3751,1.0849,0.3646,915.0
s8_offatr0p25_pts45-r2,0,22,nyam,43,10218.0,1.1665,1.4654,0.4186,900.0
s8_offatr0p25_pts45-r3,0,23,all,252,847.0,0.0354,1.0052,0.2817,945.0
s8_offatr0p25_pts45-r3,0,23,london,113,-13327.0,-0.8654,0.8279,0.2478,945.0
s8_offatr0p25_pts45-r3,0,23,pre,96,2031.0,0.1341,1.0324,0.2812,915.0
s8_offatr0p25_pts45-r3,0,23,nyam,43,12143.0,1.1744,1.5108,0.3721,900.0
s8_offatr0p25_pct0p1-r0,0,24,all,252,14867.0,0.643,1.1694,0.1151,445.0
s8_offatr0p25_pct0p1-r0,0,24,london,113,17058.0,0.9464,1.4385,0.1239,445.0
s8_offatr0p25_pct0p1-r0,0,24,pre,96,-5264.0,-0.4423,0.8469,0.0938,445.0
s8_offatr0p25_pct0p1-r0,0,24,nyam,43,3073.0,0.3679,1.2123,0.1395,440.0
s8_offatr0p25_pct0p1-r1,0,25,all,252,-12373.0,-2.0135,0.7756,0.4444,445.0
s8_offatr0p25_pct0p1-r1,0,25,london,113,-6002.0,-1.4535,0.76,0.4336,445.0
s8_offatr0p25_pct0p1-r1,0,25,pre,96,-6539.0,-1.7251,0.7024,0.4271,445.0
s8_offatr0p25_pct0p1-r1,0,25,nyam,43,168.0,0.066,1.0206,0.5116,440.0
s8_offatr0p25_pct0p1-r2,0,26,all,252,-4193.0,-0.4835,0.9375,0.3254,445.0
s8_offatr0p25_pct0p1-r2,0,26,london,113,-5677.0,-0.9945,0.8194,0.292,445.0
s8_offatr0p25_pct0p1-r2,0,26,pre,96,1076.0,0.1971,1.0436,0.3542,445.0
s8_offatr0p25_pct0p1-r2,0,26,nyam,43,408.0,0.1123,1.0373,0.3488,440.0
s8_offatr0p25_pct0p1-r3,0,27,all,252,-3233.0,-0.3038,0.9568,0.246,445.0
s8_offatr0p25_pct0p1-r3,0,27,london,113,-6407.0,-0.9265,0.8165,0.2124,445.0
s8_offatr0p25_pct0p1-r3,0,27,pre,96,-1529.0,-0.2339,0.9467,0.25,445.0
s8_offatr0p25_pct0p1-r3,0,27,nyam,43,4703.0,0.9858,1.4169,0.3256,440.0
s8_offatr0p25_pct0p2-r0,0,28,all,252,10427.0,0.3552,1.0685,0.2103,890.0
s8_offatr0p25_pct0p2-r0,0,28,london,113,823.0,0.0411,1.0118,0.1947,885.0
s8_offatr0p25_pct0p2-r0,0,28,pre,96,8876.0,0.4651,1.1535,0.2188,890.0
s8_offatr0p25_pct0p2-r0,0,28,nyam,43,728.0,0.0721,1.0295,0.2326,840.0
s8_offatr0p25_pct0p2-r1,0,29,all,252,-1953.0,-0.1586,0.9801,0.496,885.0
s8_offatr0p25_pct0p2-r1,0,29,london,113,-2982.0,-0.3598,0.9341,0.4779,885.0
s8_offatr0p25_pct0p2-r1,0,29,pre,96,1831.0,0.2397,1.0506,0.5208,875.0
s8_offatr0p25_pct0p2-r1,0,29,nyam,43,-802.0,-0.158,0.9523,0.4884,840.0
s8_offatr0p25_pct0p2-r2,0,30,all,252,-7928.0,-0.4616,0.9398,0.3214,890.0
s8_offatr0p25_pct0p2-r2,0,30,london,113,-13112.0,-1.1673,0.7908,0.2832,885.0
s8_offatr0p25_pct0p2-r2,0,30,pre,96,901.0,0.0836,1.0184,0.3438,890.0
s8_offatr0p25_pct0p2-r2,0,30,nyam,43,4283.0,0.5863,1.2136,0.3721,840.0
s8_offatr0p25_pct0p2-r3,0,31,all,252,2877.0,0.1368,1.0203,0.2698,890.0
s8_offatr0p25_pct0p2-r3,0,31,london,113,-5282.0,-0.3802,0.9198,0.2478,885.0
s8_offatr0p25_pct0p2-r3,0,31,pre,96,5996.0,0.4505,1.1134,0.2917,890.0
s8_offatr0p25_pct0p2-r3,0,31,nyam,43,2163.0,0.2502,1.0932,0.2791,840.0
s8_offatr0p5_atr1p5-r0,1,0,all,249,16699.0,0.5428,1.104,0.2249,4980.0
s8_offatr0p5_atr1p5-r0,1,0,london,97,28672.0,1.4549,1.5562,0.2474,1925.0
s8_offatr0p5_atr1p5-r0,1,0,pre,98,-10647.0,-0.5514,0.8512,0.1939,4980.0
s8_offatr0p5_atr1p5-r0,1,0,nyam,54,-1326.0,-0.0977,0.9646,0.2407,2445.0
s8_offatr0p5_atr1p5-r1,1,1,all,249,8474.0,0.5733,1.0853,0.5261,4980.0
s8_offatr0p5_atr1p5-r1,1,1,london,97,8072.0,1.0356,1.254,0.5361,1600.0
s8_offatr0p5_atr1p5-r1,1,1,pre,98,-5622.0,-0.5423,0.8789,0.5102,4980.0
s8_offatr0p5_atr1p5-r1,1,1,nyam,54,6024.0,0.8463,1.2848,0.537,1735.0
s8_offatr0p5_atr1p5-r2,1,2,all,249,1509.0,0.075,1.0109,0.3574,4980.0
s8_offatr0p5_atr1p5-r2,1,2,london,97,7322.0,0.6367,1.1609,0.3505,1925.0
s8_offatr0p5_atr1p5-r2,1,2,pre,98,-1397.0,-0.1031,0.9762,0.3776,4980.0
s8_offatr0p5_atr1p5-r2,1,2,nyam,54,-4416.0,-0.4631,0.8684,0.3333,2445.0
s8_offatr0p5_atr1p5-r3,1,3,all,249,-2636.0,-0.1085,0.983,0.261,4980.0
s8_offatr0p5_atr1p5-r3,1,3,london,97,14692.0,1.002,1.2958,0.2887,1925.0
s8_offatr0p5_atr1p5-r3,1,3,pre,98,-12272.0,-0.7779,0.8211,0.2347,4980.0
s8_offatr0p5_atr1p5-r3,1,3,nyam,54,-5056.0,-0.448,0.8615,0.2593,2445.0
s8_offatr0p5_atr3-r0,1,4,all,249,7434.0,0.1808,1.0298,0.3655,9960.0
s8_offatr0p5_atr3-r0,1,4,london,97,38112.0,1.5813,1.5047,0.4021,3850.0
s8_offatr0p5_atr3-r0,1,4,pre,98,-24032.0,-0.8469,0.7978,0.3163,9960.0
s8_offatr0p5_atr3-r0,1,4,nyam,54,-6646.0,-0.3868,0.8796,0.3889,4890.0
s8_offatr0p5_atr3-r1,1,5,all,249,-4751.0,-0.1646,0.9764,0.5221,9960.0
s8_offatr0p5_atr3-r1,1,5,london,97,19387.0,1.2876,1.33,0.5567,3850.0
s8_offatr0p5_atr3-r1,1,5,pre,98,-9582.0,-0.4668,0.894,0.5204,9960.0
s8_offatr0p5_atr3-r1,1,5,nyam,54,-14556.0,-1.0754,0.7189,0.463,4890.0
s8_offatr0p5_atr3-r2,1,6,all,249,3139.0,0.0871,1.0132,0.3976,9960.0
s8_offatr0p5_atr3-r2,1,6,london,97,32902.0,1.6232,1.4652,0.4433,3850.0
s8_offatr0p5_atr3-r2,1,6,pre,98,-20157.0,-0.8089,0.8207,0.3571,9960.0
s8_offatr0p5_atr3-r2,1,6,nyam,54,-9606.0,-0.5958,0.8259,0.3889,4890.0
s8_offatr0p5_atr3-r3,1,7,all,249,-536.0,-0.0135,0.9979,0.3655,9960.0
s8_offatr0p5_atr3-r3,1,7,london,97,29892.0,1.3385,1.3959,0.4021,3850.0
s8_offatr0p5_atr3-r3,1,7,pre,98,-24062.0,-0.862,0.7975,0.3163,9960.0
s8_offatr0p5_atr3-r3,1,7,nyam,54,-6366.0,-0.371,0.8846,0.3889,4890.0
s8_offatr0p5_pts10-r0,1,8,all,249,7104.0,0.4186,1.1445,0.0643,315.0
s8_offatr0p5_pts10-r0,1,8,london,97,16142.0,1.2789,1.8834,0.1031,215.0
s8_offatr0p5_pts10-r0,1,8,pre,98,-6737.0,-0.6593,0.6697,0.0204,315.0
s8_offatr0p5_pts10-r0,1,8,nyam,54,-2301.0,-0.4778,0.7809,0.0741,220.0
s8_offatr0p5_pts10-r1,1,9,all,249,-4496.0,-1.3988,0.8373,0.4739,270.0
s8_offatr0p5_pts10-r1,1,9,london,97,-58.0,-0.0289,0.9941,0.5155,215.0
s8_offatr0p5_pts10-r1,1,9,pre,98,-2827.0,-1.3986,0.7531,0.449,270.0
s8_offatr0p5_pts10-r1,1,9,nyam,54,-1611.0,-1.0751,0.7449,0.4444,220.0
s8_offatr0p5_pts10-r2,1,10,all,249,-5256.0,-1.1794,0.8546,0.3133,315.0
s8_offatr0p5_pts10-r2,1,10,london,97,-2803.0,-1.0203,0.8038,0.299,215.0
s8_offatr0p5_pts10-r2,1,10,pre,98,-2617.0,-0.9356,0.8195,0.3061,315.0
s8_offatr0p5_pts10-r2,1,10,nyam,54,164.0,0.0764,1.0223,0.3519,220.0
s8_offatr0p5_pts10-r3,1,11,all,249,-5796.0,-1.0738,0.8564,0.2329,315.0
s8_offatr0p5_pts10-r3,1,11,london,97,-1038.0,-0.3014,0.9323,0.2474,215.0
s8_offatr0p5_pts10-r3,1,11,pre,98,-5502.0,-1.7272,0.673,0.1939,315.0
s8_offatr0p5_pts10-r3,1,11,nyam,54,744.0,0.2778,1.0908,0.2778,220.0
s8_offatr0p5_pts20-r0,1,12,all,249,24169.0,1.0454,1.274,0.1365,455.0
s8_offatr0p5_pts20-r0,1,12,london,97,21167.0,1.3414,1.6373,0.1649,420.0
s8_offatr0p5_pts20-r0,1,12,pre,98,7663.0,0.5131,1.2168,0.1224,455.0
s8_offatr0p5_pts20-r0,1,12,nyam,54,-4661.0,-0.5866,0.7629,0.1111,410.0
s8_offatr0p5_pts20-r1,1,13,all,249,2674.0,0.42,1.0548,0.5221,425.0
s8_offatr0p5_pts20-r1,1,13,london,97,522.0,0.1309,1.0271,0.5155,410.0
s8_offatr0p5_pts20-r1,1,13,pre,98,2528.0,0.6323,1.1369,0.5408,425.0
s8_offatr0p5_pts20-r1,1,13,nyam,54,-376.0,-0.1258,0.966,0.5,410.0
s8_offatr0p5_pts20-r2,1,14,all,249,5139.0,0.562,1.0782,0.3574,455.0
s8_offatr0p5_pts20-r2,1,14,london,97,-1193.0,-0.2125,0.9553,0.3299,420.0
s8_offatr0p5_pts20-r2,1,14,pre,98,6753.0,1.148,1.278,0.398,455.0
s8_offatr0p5_pts20-r2,1,14,nyam,54,-421.0,-0.0999,0.9715,0.3333,410.0
s8_offatr0p5_pts20-r3,1,15,all,249,10239.0,0.8966,1.1393,0.2811,455.0
s8_offatr0p5_pts20-r3,1,15,london,97,3577.0,0.5019,1.1246,0.2784,420.0
s8_offatr0p5_pts20-r3,1,15,pre,98,4698.0,0.6502,1.1632,0.2857,455.0
s8_offatr0p5_pts20-r3,1,15,nyam,54,1964.0,0.3682,1.1229,0.2778,410.0
s8_offatr0p5_pts30-r0,1,16,all,249,37554.0,1.3337,1.3084,0.1928,655.0
s8_offatr0p5_pts30-r0,1,16,london,97,16007.0,0.9007,1.3393,0.1959,615.0
s8_offatr0p5_pts30-r0,1,16,pre,98,13603.0,0.7502,1.2797,0.1837,655.0
s8_offatr0p5_pts30-r0,1,16,nyam,54,7944.0,0.6392,1.3062,0.2037,610.0
s8_offatr0p5_pts30-r1,1,17,all,249,4854.0,0.5095,1.0668,0.5221,655.0
s8_offatr0p5_pts30-r1,1,17,london,97,-2488.0,-0.417,0.9184,0.4845,615.0
s8_offatr0p5_pts30-r1,1,17,pre,98,7708.0,1.2967,1.3003,0.5714,655.0
s8_offatr0p5_pts30-r1,1,17,nyam,54,-366.0,-0.0819,0.9778,0.5,610.0
s8_offatr0p5_pts30-r2,1,18,all,249,8774.0,0.641,1.0898,0.3574,655.0
s8_offatr0p5_pts30-r2,1,18,london,97,-1373.0,-0.1633,0.9654,0.3299,615.0
s8_offatr0p5_pts30-r2,1,18,pre,98,3338.0,0.3873,1.0867,0.3571,655.0
s8_offatr0p5_pts30-r2,1,18,nyam,54,6809.0,1.0348,1.3491,0.4074,610.0
s8_offatr0p5_pts30-r3,1,19,all,249,10219.0,0.6102,1.093,0.2771,655.0
s8_offatr0p5_pts30-r3,1,19,london,97,-1413.0,-0.1375,0.9683,0.2474,615.0
s8_offatr0p5_pts30-r3,1,19,pre,98,4508.0,0.4301,1.1054,0.2857,655.0
s8_offatr0p5_pts30-r3,1,19,nyam,54,7124.0,0.8735,1.3159,0.3148,610.0
s8_offatr0p5_pts45-r0,1,20,all,249,22084.0,0.7164,1.1336,0.253,915.0
s8_offatr0p5_pts45-r0,1,20,london,97,12412.0,0.6314,1.1942,0.268,915.0
s8_offatr0p5_pts45-r0,1,20,pre,98,-2467.0,-0.1268,0.9642,0.2041,905.0
s8_offatr0p5_pts45-r0,1,20,nyam,54,12139.0,0.8794,1.3745,0.3148,905.0
s8_offatr0p5_pts45-r1,1,21,all,249,17269.0,1.2142,1.1666,0.5422,915.0
s8_offatr0p5_pts45-r1,1,21,london,97,7452.0,0.8373,1.1862,0.5464,915.0
s8_offatr0p5_pts45-r1,1,21,pre,98,4758.0,0.5307,1.1137,0.5306,905.0
s8_offatr0p5_pts45-r1,1,21,nyam,54,5059.0,0.7603,1.2318,0.5556,905.0
s8_offatr0p5_pts45-r2,1,22,all,249,16629.0,0.8242,1.1178,0.3735,915.0
s8_offatr0p5_pts45-r2,1,22,london,97,2277.0,0.1819,1.0404,0.3608,915.0
s8_offatr0p5_pts45-r2,1,22,pre,98,-2837.0,-0.2285,0.952,0.3367,905.0
s8_offatr0p5_pts45-r2,1,22,nyam,54,17189.0,1.7637,1.6687,0.463,905.0
s8_offatr0p5_pts45-r3,1,23,all,249,-8326.0,-0.3609,0.9483,0.2771,915.0
s8_offatr0p5_pts45-r3,1,23,london,97,412.0,0.0277,1.0066,0.2887,915.0
s8_offatr0p5_pts45-r3,1,23,pre,98,-13452.0,-0.9521,0.7987,0.2347,905.0
s8_offatr0p5_pts45-r3,1,23,nyam,54,4714.0,0.4418,1.1496,0.3333,905.0
s8_offatr0p5_pct0p1-r0,1,24,all,249,29744.0,1.2626,1.3496,0.1325,450.0
s8_offatr0p5_pct0p1-r0,1,24,london,97,22532.0,1.4327,1.7075,0.1649,450.0
s8_offatr0p5_pct0p1-r0,1,24,pre,98,11128.0,0.7099,1.3242,0.1122,440.0
s8_offatr0p5_pct0p1-r0,1,24,nyam,54,-3916.0,-0.4946,0.7929,0.1111,450.0
s8_offatr0p5_pct0p1-r1,1,25,all,249,979.0,0.1593,1.0205,0.5141,450.0
s8_offatr0p5_pct0p1-r1,1,25,london,97,1192.0,0.3102,1.0656,0.5258,450.0
s8_offatr0p5_pct0p1-r1,1,25,pre,98,983.0,0.2533,1.0529,0.5204,435.0
s8_offatr0p5_pct0p1-r1,1,25,nyam,54,-1196.0,-0.4175,0.8914,0.4815,450.0
s8_offatr0p5_pct0p1-r2,1,26,all,249,3019.0,0.3432,1.0472,0.3494,450.0
s8_offatr0p5_pct0p1-r2,1,26,london,97,-1113.0,-0.2054,0.9566,0.3299,450.0
s8_offatr0p5_pct0p1-r2,1,26,pre,98,5798.0,1.0177,1.2445,0.3878,440.0
s8_offatr0p5_pct0p1-r2,1,26,nyam,54,-1666.0,-0.419,0.8855,0.3148,450.0
s8_offatr0p5_pct0p1-r3,1,27,all,249,7524.0,0.6856,1.1054,0.2731,450.0
s8_offatr0p5_pct0p1-r3,1,27,london,97,2182.0,0.3197,1.078,0.268,450.0
s8_offatr0p5_pct0p1-r3,1,27,pre,98,528.0,0.0774,1.0183,0.2551,440.0
s8_offatr0p5_pct0p1-r3,1,27,nyam,54,4814.0,0.9096,1.3308,0.3148,450.0
s8_offatr0p5_pct0p2-r0,1,28,all,249,39999.0,1.331,1.2774,0.241,895.0
s8_offatr0p5_pct0p2-r0,1,28,london,97,21022.0,1.0956,1.3803,0.2577,895.0
s8_offatr0p5_pct0p2-r0,1,28,pre,98,7478.0,0.3934,1.1266,0.2041,880.0
s8_offatr0p5_pct0p2-r0,1,28,nyam,54,11499.0,0.8579,1.3847,0.2778,895.0
s8_offatr0p5_pct0p2-r1,1,29,all,249,12679.0,1.039,1.1413,0.5341,895.0
s8_offatr0p5_pct0p2-r1,1,29,london,97,5512.0,0.7217,1.159,0.5361,875.0
s8_offatr0p5_pct0p2-r1,1,29,pre,98,5708.0,0.7418,1.1628,0.5408,865.0
s8_offatr0p5_pct0p2-r1,1,29,nyam,54,1459.0,0.2557,1.073,0.5185,895.0
s8_offatr0p5_pct0p2-r2,1,30,all,249,10824.0,0.6228,1.0877,0.3614,895.0
s8_offatr0p5_pct0p2-r2,1,30,london,97,1542.0,0.1429,1.0315,0.3505,875.0
s8_offatr0p5_pct0p2-r2,1,30,pre,98,1908.0,0.1742,1.0383,0.3469,880.0
s8_offatr0p5_pct0p2-r2,1,30,nyam,54,7374.0,0.8964,1.298,0.4074,895.0
s8_offatr0p5_pct0p2-r3,1,31,all,249,12444.0,0.5863,1.0902,0.2811,895.0
s8_offatr0p5_pct0p2-r3,1,31,london,97,7947.0,0.5859,1.1486,0.2887,895.0
s8_offatr0p5_pct0p2-r3,1,31,pre,98,-1702.0,-0.1302,0.9696,0.2551,880.0
s8_offatr0p5_pct0p2-r3,1,31,nyam,54,6199.0,0.6242,1.2186,0.3148,895.0
s8_offatr1_atr1p5-r0,2,0,all,217,48687.0,1.5634,1.3715,0.2304,2750.0
s8_offatr1_atr1p5-r0,2,0,london,52,11862.0,0.903,1.4625,0.2308,1275.0
s8_offatr1_atr1p5-r0,2,0,pre,76,14121.0,0.7193,1.2903,0.1974,2750.0
s8_offatr1_atr1p5-r0,2,0,nyam,89,22704.0,1.1074,1.3998,0.2584,2445.0
s8_offatr1_atr1p5-r1,2,1,all,217,8137.0,0.5929,1.0956,0.5253,2750.0
s8_offatr1_atr1p5-r1,2,1,london,52,897.0,0.1716,1.0517,0.5,1275.0
s8_offatr1_atr1p5-r1,2,1,pre,76,-1214.0,-0.1334,0.963,0.5132,2750.0
s8_offatr1_atr1p5-r1,2,1,nyam,89,8454.0,0.9493,1.2415,0.5506,2445.0
s8_offatr1_atr1p5-r2,2,2,all,217,18777.0,0.9108,1.1676,0.3548,2750.0
s8_offatr1_atr1p5-r2,2,2,london,52,-1478.0,-0.2032,0.9377,0.3077,1275.0
s8_offatr1_atr1p5-r2,2,2,pre,76,3931.0,0.2759,1.0941,0.3421,2750.0
s8_offatr1_atr1p5-r2,2,2,nyam,89,16324.0,1.2478,1.3507,0.3933,2445.0
s8_offatr1_atr1p5-r3,2,3,all,217,24887.0,1.0738,1.2017,0.2857,2750.0
s8_offatr1_atr1p5-r3,2,3,london,52,9107.0,0.94,1.384,0.3077,1275.0
s8_offatr1_atr1p5-r3,2,3,pre,76,6671.0,0.462,1.1489,0.2763,2750.0
s8_offatr1_atr1p5-r3,2,3,nyam,89,9109.0,0.5888,1.1661,0.2809,2445.0
s8_offatr1_atr3-r0,2,4,all,217,25037.0,0.6533,1.1205,0.3502,5190.0
s8_offatr1_atr3-r0,2,4,london,52,-418.0,-0.0273,0.9906,0.2885,2555.0
s8_offatr1_atr3-r0,2,4,pre,76,22006.0,0.8539,1.3014,0.3553,5190.0
s8_offatr1_atr3-r0,2,4,nyam,89,3449.0,0.1432,1.0382,0.382,4895.0
s8_offatr1_atr3-r1,2,5,all,217,2652.0,0.0986,1.0155,0.5023,5190.0
s8_offatr1_atr3-r1,2,5,london,52,-178.0,-0.0177,0.9947,0.4808,2555.0
s8_offatr1_atr3-r1,2,5,pre,76,-304.0,-0.0168,0.9952,0.5,5190.0
s8_offatr1_atr3-r1,2,5,nyam,89,3134.0,0.1804,1.0426,0.5169,4895.0
s8_offatr1_atr3-r2,2,6,all,217,16887.0,0.5078,1.0846,0.3825,5190.0
s8_offatr1_atr3-r2,2,6,london,52,2617.0,0.1874,1.0623,0.3269,2555.0
s8_offatr1_atr3-r2,2,6,pre,76,11131.0,0.5254,1.1572,0.3947,5190.0
s8_offatr1_atr3-r2,2,6,nyam,89,3139.0,0.1446,1.0362,0.4045,4895.0
s8_offatr1_atr3-r3,2,7,all,217,31192.0,0.8246,1.1509,0.3548,5190.0
s8_offatr1_atr3-r3,2,7,london,52,3027.0,0.1941,1.0682,0.2885,2555.0
s8_offatr1_atr3-r3,2,7,pre,76,19676.0,0.7884,1.2695,0.3553,5190.0
s8_offatr1_atr3-r3,2,7,nyam,89,8489.0,0.3537,1.0951,0.3933,4895.0
s8_offatr1_pts10-r0,2,8,all,217,1117.0,0.0744,1.0257,0.0553,510.0
s8_offatr1_pts10-r0,2,8,london,52,2052.0,0.2946,1.2033,0.0769,210.0
s8_offatr1_pts10-r0,2,8,pre,76,-1539.0,-0.181,0.9026,0.0395,510.0
s8_offatr1_pts10-r0,2,8,nyam,89,604.0,0.0586,1.0343,0.0562,215.0
s8_offatr1_pts10-r1,2,9,all,217,-288.0,-0.0955,0.9871,0.5161,355.0
s8_offatr1_pts10-r1,2,9,london,52,1252.0,0.8556,1.2702,0.5769,210.0
s8_offatr1_pts10-r1,2,9,pre,76,91.0,0.0503,1.0117,0.5263,355.0
s8_offatr1_pts10-r1,2,9,nyam,89,-1631.0,-0.8485,0.8346,0.4719,215.0
s8_offatr1_pts10-r2,2,10,all,217,-1213.0,-0.2834,0.9603,0.341,510.0
s8_offatr1_pts10-r2,2,10,london,52,1192.0,0.5546,1.177,0.3846,210.0
s8_offatr1_pts10-r2,2,10,pre,76,-1294.0,-0.5053,0.8844,0.3289,510.0
s8_offatr1_pts10-r2,2,10,nyam,89,-1111.0,-0.4123,0.9118,0.3258,215.0
s8_offatr1_pts10-r3,2,11,all,217,-4928.0,-0.9708,0.8605,0.235,510.0
s8_offatr1_pts10-r3,2,11,london,52,362.0,0.139,1.0453,0.2692,210.0
s8_offatr1_pts10-r3,2,11,pre,76,-1124.0,-0.361,0.9097,0.25,510.0
s8_offatr1_pts10-r3,2,11,nyam,89,-4166.0,-1.3567,0.7203,0.2022,215.0
s8_offatr1_pts20-r0,2,12,all,217,19802.0,0.8615,1.2523,0.1198,510.0
s8_offatr1_pts20-r0,2,12,london,52,6012.0,0.5647,1.3255,0.1346,415.0
s8_offatr1_pts20-r0,2,12,pre,76,11181.0,0.7544,1.4049,0.1184,510.0
s8_offatr1_pts20-r0,2,12,nyam,89,2609.0,0.1847,1.0805,0.1124,445.0
s8_offatr1_pts20-r1,2,13,all,217,-523.0,-0.0877,0.9881,0.5069,510.0
s8_offatr1_pts20-r1,2,13,london,52,417.0,0.142,1.0406,0.5192,415.0
s8_offatr1_pts20-r1,2,13,pre,76,2531.0,0.7151,1.1795,0.5526,510.0
s8_offatr1_pts20-r1,2,13,nyam,89,-3471.0,-0.9099,0.8239,0.4607,445.0
s8_offatr1_pts20-r2,2,14,all,217,-7143.0,-0.8637,0.8834,0.3134,510.0
s8_offatr1_pts20-r2,2,14,london,52,372.0,0.089,1.0266,0.3462,415.0
s8_offatr1_pts20-r2,2,14,pre,76,1251.0,0.2463,1.0618,0.3553,510.0
s8_offatr1_pts20-r2,2,14,nyam,89,-8766.0,-1.7497,0.6762,0.2584,445.0
s8_offatr1_pts20-r3,2,15,all,217,-15258.0,-1.5733,0.7829,0.212,510.0
s8_offatr1_pts20-r3,2,15,london,52,-3663.0,-0.7669,0.7822,0.2115,415.0
s8_offatr1_pts20-r3,2,15,pre,76,-794.0,-0.1299,0.9662,0.25,510.0
s8_offatr1_pts20-r3,2,15,nyam,89,-10801.0,-1.8459,0.6392,0.1798,445.0
s8_offatr1_pts30-r0,2,16,all,217,20437.0,0.7935,1.1889,0.1797,690.0
s8_offatr1_pts30-r0,2,16,london,52,12147.0,0.9332,1.4854,0.2115,635.0
s8_offatr1_pts30-r0,2,16,pre,76,9581.0,0.5964,1.2557,0.1842,690.0
s8_offatr1_pts30-r0,2,16,nyam,89,-1291.0,-0.0833,0.9717,0.1573,605.0
s8_offatr1_pts30-r1,2,17,all,217,6212.0,0.6983,1.0997,0.53,690.0
s8_offatr1_pts30-r1,2,17,london,52,2017.0,0.4601,1.1374,0.5385,635.0
s8_offatr1_pts30-r1,2,17,pre,76,5386.0,1.0237,1.2661,0.5658,690.0
s8_offatr1_pts30-r1,2,17,nyam,89,-1191.0,-0.2083,0.9566,0.4944,605.0
s8_offatr1_pts30-r2,2,18,all,217,-9633.0,-0.7786,0.8941,0.3134,690.0
s8_offatr1_pts30-r2,2,18,london,52,-2843.0,-0.4683,0.8706,0.3077,635.0
s8_offatr1_pts30-r2,2,18,pre,76,2301.0,0.303,1.0767,0.3553,690.0
s8_offatr1_pts30-r2,2,18,nyam,89,-9091.0,-1.181,0.7668,0.2809,605.0
s8_offatr1_pts30-r3,2,19,all,217,937.0,0.0611,1.0096,0.2627,690.0
s8_offatr1_pts30-r3,2,19,london,52,-458.0,-0.0604,0.9808,0.25,635.0
s8_offatr1_pts30-r3,2,19,pre,76,3771.0,0.4065,1.1141,0.2895,690.0
s8_offatr1_pts30-r3,2,19,nyam,89,-2376.0,-0.2453,0.9418,0.2472,605.0
s8_offatr1_pts45-r0,2,20,all,217,28522.0,0.9455,1.1976,0.2535,1045.0
s8_offatr1_pts45-r0,2,20,london,52,7452.0,0.5323,1.2182,0.2692,925.0
s8_offatr1_pts45-r0,2,20,pre,76,12286.0,0.6498,1.2425,0.2368,1045.0
s8_offatr1_pts45-r0,2,20,nyam,89,8784.0,0.4599,1.1475,0.2584,905.0
s8_offatr1_pts45-r1,2,21,all,217,10162.0,0.7632,1.1094,0.53,1045.0
s8_offatr1_pts45-r1,2,21,london,52,3267.0,0.4985,1.1497,0.5385,905.0
s8_offatr1_pts45-r1,2,21,pre,76,4771.0,0.6027,1.1493,0.5395,1045.0
s8_offatr1_pts45-r1,2,21,nyam,89,2124.0,0.2482,1.0543,0.5169,905.0
s8_offatr1_pts45-r2,2,22,all,217,10762.0,0.5733,1.0863,0.3641,1045.0
s8_offatr1_pts45-r2,2,22,london,52,-1313.0,-0.1421,0.9588,0.3269,925.0
s8_offatr1_pts45-r2,2,22,pre,76,4461.0,0.3993,1.1035,0.3684,1045.0
s8_offatr1_pts45-r2,2,22,nyam,89,7614.0,0.6323,1.1533,0.382,905.0
s8_offatr1_pts45-r3,2,23,all,217,1822.0,0.0829,1.0131,0.2857,1045.0
s8_offatr1_pts45-r3,2,23,london,52,-458.0,-0.0418,0.9866,0.2692,925.0
s8_offatr1_pts45-r3,2,23,pre,76,2956.0,0.2217,1.0618,0.2895,1045.0
s8_offatr1_pts45-r3,2,23,nyam,89,-676.0,-0.0491,0.9881,0.2921,905.0
s8_offatr1_pct0p1-r0,2,24,all,217,21512.0,0.9397,1.2848,0.1152,510.0
s8_offatr1_pct0p1-r0,2,24,london,52,6962.0,0.6568,1.3974,0.1346,445.0
s8_offatr1_pct0p1-r0,2,24,pre,76,12421.0,0.8407,1.471,0.1184,510.0
s8_offatr1_pct0p1-r0,2,24,nyam,89,2129.0,0.1515,1.0673,0.1011,450.0
s8_offatr1_pct0p1-r1,2,25,all,217,-338.0,-0.059,0.992,0.5069,450.0
s8_offatr1_pct0p1-r1,2,25,london,52,1122.0,0.4007,1.119,0.5385,445.0
s8_offatr1_pct0p1-r1,2,25,pre,76,2561.0,0.7571,1.1913,0.5526,445.0
s8_offatr1_pct0p1-r1,2,25,nyam,89,-4021.0,-1.0933,0.792,0.4494,450.0
s8_offatr1_pct0p1-r2,2,26,all,217,-8523.0,-1.0793,0.8564,0.3088,510.0
s8_offatr1_pct0p1-r2,2,26,london,52,1427.0,0.3535,1.1102,0.3654,445.0
s8_offatr1_pct0p1-r2,2,26,pre,76,1026.0,0.2106,1.0527,0.3553,510.0
s8_offatr1_pct0p1-r2,2,26,nyam,89,-10976.0,-2.3485,0.5927,0.236,450.0
s8_offatr1_pct0p1-r3,2,27,all,217,-14603.0,-1.5646,0.7834,0.212,510.0
s8_offatr1_pct0p1-r3,2,27,london,52,-368.0,-0.0759,0.9759,0.25,445.0
s8_offatr1_pct0p1-r3,2,27,pre,76,-1909.0,-0.3276,0.9165,0.2368,510.0
s8_offatr1_pct0p1-r3,2,27,nyam,89,-12326.0,-2.2617,0.5798,0.1685,450.0
s8_offatr1_pct0p2-r0,2,28,all,217,31367.0,1.0837,1.2441,0.2304,1045.0
s8_offatr1_pct0p2-r0,2,28,london,52,6802.0,0.5068,1.2215,0.2308,890.0
s8_offatr1_pct0p2-r0,2,28,pre,76,19376.0,1.0474,1.4446,0.2368,1045.0
s8_offatr1_pct0p2-r0,2,28,nyam,89,5189.0,0.2894,1.0957,0.2247,890.0
s8_offatr1_pct0p2-r1,2,29,all,217,15807.0,1.3907,1.2087,0.553,1045.0
s8_offatr1_pct0p2-r1,2,29,london,52,1157.0,0.207,1.0598,0.5192,890.0
s8_offatr1_pct0p2-r1,2,29,pre,76,11541.0,1.7337,1.4904,0.6053,1045.0
s8_offatr1_pct0p2-r1,2,29,nyam,89,3109.0,0.4227,1.0945,0.5281,880.0
s8_offatr1_pct0p2-r2,2,30,all,217,6927.0,0.4267,1.0636,0.3548,1045.0
s8_offatr1_pct0p2-r2,2,30,london,52,-3168.0,-0.4079,0.8858,0.3077,890.0
s8_offatr1_pct0p2-r2,2,30,pre,76,7746.0,0.7847,1.2129,0.3816,1045.0
s8_offatr1_pct0p2-r2,2,30,nyam,89,2349.0,0.2267,1.0524,0.3596,890.0
s8_offatr1_pct0p2-r3,2,31,all,217,4267.0,0.2198,1.0351,0.2811,1045.0
s8_offatr1_pct0p2-r3,2,31,london,52,-2053.0,-0.2178,0.9316,0.25,890.0
s8_offatr1_pct0p2-r3,2,31,pre,76,4911.0,0.4115,1.1177,0.2895,1045.0
s8_offatr1_pct0p2-r3,2,31,nyam,89,1409.0,0.1155,1.0283,0.2921,890.0
s8_offptsA_atr1p5-r0,3,0,all,250,45395.0,1.3645,1.2899,0.244,4980.0
s8_offptsA_atr1p5-r0,3,0,london,104,35009.0,1.5668,1.5979,0.2596,1925.0
s8_offptsA_atr1p5-r0,3,0,pre,98,-3742.0,-0.1876,0.9462,0.1939,4980.0
s8_offptsA_atr1p5-r0,3,0,nyam,48,14128.0,0.9729,1.4959,0.3125,2445.0
s8_offptsA_atr1p5-r1,3,1,all,250,6270.0,0.4224,1.0619,0.532,4980.0
s8_offptsA_atr1p5-r1,3,1,london,104,11119.0,1.2876,1.3118,0.5481,1400.0
s8_offptsA_atr1p5-r1,3,1,pre,98,-14917.0,-1.4782,0.7021,0.4796,4980.0
s8_offptsA_atr1p5-r1,3,1,nyam,48,10068.0,1.5877,1.6493,0.6042,1555.0
s8_offptsA_atr1p5-r2,3,2,all,250,15010.0,0.7308,1.1117,0.38,4980.0
s8_offptsA_atr1p5-r2,3,2,london,104,4999.0,0.3976,1.0934,0.3462,1925.0
s8_offptsA_atr1p5-r2,3,2,pre,98,908.0,0.0678,1.016,0.3878,4980.0
s8_offptsA_atr1p5-r2,3,2,nyam,48,9103.0,0.977,1.3763,0.4375,2445.0
s8_offptsA_atr1p5-r3,3,3,all,250,13260.0,0.5337,1.0879,0.284,4980.0
s8_offptsA_atr1p5-r3,3,3,london,104,17009.0,1.0568,1.2999,0.2981,1925.0
s8_offptsA_atr1p5-r3,3,3,pre,98,-10467.0,-0.6729,0.8429,0.2449,4980.0
s8_offptsA_atr1p5-r3,3,3,nyam,48,6718.0,0.621,1.2441,0.3333,2445.0
s8_offptsA_atr3-r0,3,4,all,250,44565.0,1.0867,1.1904,0.396,9955.0
s8_offptsA_atr3-r0,3,4,london,104,39244.0,1.5149,1.4667,0.4135,3855.0
s8_offptsA_atr3-r0,3,4,pre,98,-12702.0,-0.4794,0.8849,0.3367,9955.0
s8_offptsA_atr3-r0,3,4,nyam,48,18023.0,1.0292,1.4555,0.4792,4890.0
s8_offptsA_atr3-r1,3,5,all,250,32920.0,1.1395,1.1795,0.56,9955.0
s8_offptsA_atr3-r1,3,5,london,104,21274.0,1.2827,1.3167,0.5577,3855.0
s8_offptsA_atr3-r1,3,5,pre,98,5448.0,0.2687,1.067,0.551,9955.0
s8_offptsA_atr3-r1,3,5,nyam,48,6198.0,0.4993,1.1777,0.5833,4890.0
s8_offptsA_atr3-r2,3,6,all,250,48480.0,1.3227,1.2175,0.432,9955.0
s8_offptsA_atr3-r2,3,6,london,104,44414.0,1.9738,1.5703,0.4615,3855.0
s8_offptsA_atr3-r2,3,6,pre,98,-8542.0,-0.3499,0.919,0.3776,9955.0
s8_offptsA_atr3-r2,3,6,nyam,48,12608.0,0.8173,1.3187,0.4792,4890.0
s8_offptsA_atr3-r3,3,7,all,250,38105.0,0.9543,1.1628,0.396,9955.0
s8_offptsA_atr3-r3,3,7,london,104,35669.0,1.4302,1.4242,0.4135,3855.0
s8_offptsA_atr3-r3,3,7,pre,98,-16082.0,-0.6243,0.8543,0.3367,9955.0
s8_offptsA_atr3-r3,3,7,nyam,48,18518.0,1.0599,1.468,0.4792,4890.0
s8_offptsA_pts10-r0,3,8,all,250,-5770.0,-0.4394,0.8827,0.064,245.0
s8_offptsA_pts10-r0,3,8,london,104,-841.0,-0.1,0.9583,0.0769,230.0
s8_offptsA_pts10-r0,3,8,pre,98,-4077.0,-0.4591,0.794,0.0408,245.0
s8_offptsA_pts10-r0,3,8,nyam,48,-852.0,-0.1738,0.9077,0.0833,220.0
s8_offptsA_pts10-r1,3,9,all,250,-7110.0,-2.2191,0.7554,0.448,245.0
s8_offptsA_pts10-r1,3,9,london,104,-2356.0,-1.1357,0.7997,0.4615,210.0
s8_offptsA_pts10-r1,3,9,pre,98,-1982.0,-0.9791,0.8198,0.4694,245.0
s8_offptsA_pts10-r1,3,9,nyam,48,-2772.0,-2.014,0.56,0.375,220.0
s8_offptsA_pts10-r2,3,10,all,250,-10170.0,-2.3569,0.7316,0.28,245.0
s8_offptsA_pts10-r2,3,10,london,104,-3696.0,-1.3126,0.7627,0.2885,230.0
s8_offptsA_pts10-r2,3,10,pre,98,-4882.0,-1.831,0.6784,0.2653,245.0
s8_offptsA_pts10-r2,3,10,nyam,48,-1592.0,-0.8256,0.7769,0.2917,220.0
s8_offptsA_pts10-r3,3,11,all,250,-8255.0,-1.5596,0.7988,0.22,245.0
s8_offptsA_pts10-r3,3,11,london,104,-2526.0,-0.7255,0.8499,0.2308,230.0
s8_offptsA_pts10-r3,3,11,pre,98,-5327.0,-1.6783,0.6801,0.1939,245.0
s8_offptsA_pts10-r3,3,11,nyam,48,-402.0,-0.1645,0.9468,0.25,220.0
s8_offptsA_pts20-r0,3,12,all,250,23285.0,0.9762,1.2608,0.128,420.0
s8_offptsA_pts20-r0,3,12,london,104,22389.0,1.2345,1.6135,0.1442,420.0
s8_offptsA_pts20-r0,3,12,pre,98,-1202.0,-0.0938,0.9666,0.102,415.0
s8_offptsA_pts20-r0,3,12,nyam,48,2098.0,0.2384,1.1251,0.1458,405.0
s8_offptsA_pts20-r1,3,13,all,250,-5745.0,-0.9008,0.8921,0.48,420.0
s8_offptsA_pts20-r1,3,13,london,104,-1546.0,-0.3743,0.9289,0.4904,420.0
s8_offptsA_pts20-r1,3,13,pre,98,-3882.0,-0.9719,0.8211,0.4592,415.0
s8_offptsA_pts20-r1,3,13,nyam,48,-317.0,-0.1125,0.9677,0.5,405.0
s8_offptsA_pts20-r2,3,14,all,250,-1160.0,-0.1286,0.9829,0.336,420.0
s8_offptsA_pts20-r2,3,14,london,104,-2861.0,-0.4973,0.9018,0.3173,420.0
s8_offptsA_pts20-r2,3,14,pre,98,-352.0,-0.0621,0.9868,0.3367,415.0
s8_offptsA_pts20-r2,3,14,nyam,48,2053.0,0.5026,1.1673,0.375,405.0
s8_offptsA_pts20-r3,3,15,all,250,1945.0,0.1743,1.0257,0.26,420.0
s8_offptsA_pts20-r3,3,15,london,104,-2501.0,-0.3556,0.9228,0.2404,420.0
s8_offptsA_pts20-r3,3,15,pre,98,-1597.0,-0.2325,0.9473,0.2449,415.0
s8_offptsA_pts20-r3,3,15,nyam,48,6043.0,1.1406,1.4615,0.3333,405.0
s8_offptsA_pts30-r0,3,16,all,250,25335.0,0.9326,1.2059,0.184,620.0
s8_offptsA_pts30-r0,3,16,london,104,20699.0,1.0429,1.4071,0.1923,620.0
s8_offptsA_pts30-r0,3,16,pre,98,948.0,0.062,1.0192,0.1633,610.0
s8_offptsA_pts30-r0,3,16,nyam,48,3688.0,0.3452,1.1614,0.2083,600.0
s8_offptsA_pts30-r1,3,17,all,250,1885.0,0.1974,1.0253,0.512,620.0
s8_offptsA_pts30-r1,3,17,london,104,4049.0,0.6567,1.1381,0.5385,620.0
s8_offptsA_pts30-r1,3,17,pre,98,-4262.0,-0.7121,0.8655,0.4694,610.0
s8_offptsA_pts30-r1,3,17,nyam,48,2098.0,0.4991,1.1566,0.5417,600.0
s8_offptsA_pts30-r2,3,18,all,250,8285.0,0.6048,1.0844,0.356,620.0
s8_offptsA_pts30-r2,3,18,london,104,1544.0,0.1753,1.0372,0.3462,620.0
s8_offptsA_pts30-r2,3,18,pre,98,-127.0,-0.015,0.9968,0.3367,610.0
s8_offptsA_pts30-r2,3,18,nyam,48,6868.0,1.1023,1.4028,0.4167,600.0
s8_offptsA_pts30-r3,3,19,all,250,11910.0,0.7081,1.1085,0.28,620.0
s8_offptsA_pts30-r3,3,19,london,104,1494.0,0.1382,1.0318,0.2596,620.0
s8_offptsA_pts30-r3,3,19,pre,98,4528.0,0.4328,1.1062,0.2857,610.0
s8_offptsA_pts30-r3,3,19,nyam,48,5888.0,0.7702,1.293,0.3125,600.0
s8_offptsA_pts45-r0,3,20,all,250,48290.0,1.4606,1.2995,0.268,920.0
s8_offptsA_pts45-r0,3,20,london,104,22334.0,1.0077,1.3309,0.2692,920.0
s8_offptsA_pts45-r0,3,20,pre,98,7863.0,0.3905,1.1177,0.2245,905.0
s8_offptsA_pts45-r0,3,20,nyam,48,18093.0,1.2726,1.6721,0.3542,900.0
s8_offptsA_pts45-r1,3,21,all,250,7315.0,0.5118,1.067,0.52,920.0
s8_offptsA_pts45-r1,3,21,london,104,8299.0,0.901,1.194,0.5481,920.0
s8_offptsA_pts45-r1,3,21,pre,98,-6087.0,-0.6788,0.8713,0.4694,905.0
s8_offptsA_pts45-r1,3,21,nyam,48,5103.0,0.814,1.2673,0.5625,900.0
s8_offptsA_pts45-r2,3,22,all,250,12670.0,0.6293,1.0886,0.364,920.0
s8_offptsA_pts45-r2,3,22,london,104,-1566.0,-0.122,0.9747,0.3365,920.0
s8_offptsA_pts45-r2,3,22,pre,98,-267.0,-0.0213,0.9954,0.3469,905.0
s8_offptsA_pts45-r2,3,22,nyam,48,14503.0,1.5859,1.6317,0.4583,900.0
s8_offptsA_pts45-r3,3,23,all,250,7485.0,0.3178,1.0478,0.292,920.0
s8_offptsA_pts45-r3,3,23,london,104,6164.0,0.3935,1.0941,0.2981,920.0
s8_offptsA_pts45-r3,3,23,pre,98,-11782.0,-0.8337,0.8212,0.2347,905.0
s8_offptsA_pts45-r3,3,23,nyam,48,13103.0,1.2556,1.522,0.3958,900.0
s8_offptsA_pct0p1-r0,3,24,all,250,25845.0,1.0867,1.3,0.124,445.0
s8_offptsA_pct0p1-r0,3,24,london,104,23839.0,1.318,1.6803,0.1442,445.0
s8_offptsA_pct0p1-r0,3,24,pre,98,-837.0,-0.0656,0.9761,0.0918,445.0
s8_offptsA_pct0p1-r0,3,24,nyam,48,2843.0,0.3244,1.1774,0.1458,440.0
s8_offptsA_pct0p1-r1,3,25,all,250,-5425.0,-0.8816,0.8941,0.48,445.0
s8_offptsA_pct0p1-r1,3,25,london,104,-511.0,-0.1279,0.975,0.5,445.0
s8_offptsA_pct0p1-r1,3,25,pre,98,-3877.0,-1.0025,0.8157,0.4592,445.0
s8_offptsA_pct0p1-r1,3,25,nyam,48,-1037.0,-0.3865,0.8931,0.4792,440.0
s8_offptsA_pct0p1-r2,3,26,all,250,-2005.0,-0.2307,0.9695,0.332,445.0
s8_offptsA_pct0p1-r2,3,26,london,104,-2476.0,-0.4434,0.9116,0.3173,445.0
s8_offptsA_pct0p1-r2,3,26,pre,98,928.0,0.1677,1.0367,0.3469,445.0
s8_offptsA_pct0p1-r2,3,26,nyam,48,-457.0,-0.121,0.9634,0.3333,440.0
s8_offptsA_pct0p1-r3,3,27,all,250,-2080.0,-0.1953,0.9719,0.248,445.0
s8_offptsA_pct0p1-r3,3,27,london,104,-3446.0,-0.5092,0.8907,0.2308,445.0
s8_offptsA_pct0p1-r3,3,27,pre,98,-2832.0,-0.4298,0.9044,0.2347,445.0
s8_offptsA_pct0p1-r3,3,27,nyam,48,4198.0,0.8462,1.327,0.3125,440.0
s8_offptsA_pct0p2-r0,3,28,all,250,60255.0,1.8869,1.4253,0.256,890.0
s8_offptsA_pct0p2-r0,3,28,london,104,23889.0,1.1315,1.3984,0.25,875.0
s8_offptsA_pct0p2-r0,3,28,pre,98,17263.0,0.8772,1.3008,0.2245,890.0
s8_offptsA_pct0p2-r0,3,28,nyam,48,19103.0,1.3739,1.7852,0.3333,845.0
s8_offptsA_pct0p2-r1,3,29,all,250,12715.0,1.0396,1.1411,0.536,890.0
s8_offptsA_pct0p2-r1,3,29,london,104,9314.0,1.1803,1.2619,0.5577,875.0
s8_offptsA_pct0p2-r1,3,29,pre,98,-2477.0,-0.3206,0.9368,0.4898,890.0
s8_offptsA_pct0p2-r1,3,29,nyam,48,5878.0,1.1141,1.3833,0.5833,845.0
s8_offptsA_pct0p2-r2,3,30,all,250,14740.0,0.8414,1.1199,0.368,890.0
s8_offptsA_pct0p2-r2,3,30,london,104,-596.0,-0.0532,0.9889,0.3365,875.0
s8_offptsA_pct0p2-r2,3,30,pre,98,3753.0,0.3411,1.0763,0.3571,890.0
s8_offptsA_pct0p2-r2,3,30,nyam,48,11583.0,1.4857,1.5767,0.4583,845.0
s8_offptsA_pct0p2-r3,3,31,all,250,24205.0,1.1234,1.1791,0.3,890.0
s8_offptsA_pct0p2-r3,3,31,london,104,8344.0,0.5926,1.1451,0.2885,875.0
s8_offptsA_pct0p2-r3,3,31,pre,98,3363.0,0.2526,1.0614,0.2755,890.0
s8_offptsA_pct0p2-r3,3,31,nyam,48,12498.0,1.3115,1.5467,0.375,845.0
s8_offptsB_atr1p5-r0,4,0,all,227,46052.0,1.3683,1.3088,0.2247,2770.0
s8_offptsB_atr1p5-r0,4,0,london,66,14021.0,0.8149,1.338,0.2273,1925.0
s8_offptsB_atr1p5-r0,4,0,pre,94,17529.0,0.7386,1.2686,0.1915,2770.0
s8_offptsB_atr1p5-r0,4,0,nyam,67,14502.0,0.8618,1.3419,0.2687,2445.0
s8_offptsB_atr1p5-r1,4,1,all,227,13457.0,0.9259,1.1481,0.533,2770.0
s8_offptsB_atr1p5-r1,4,1,london,66,436.0,0.0602,1.016,0.5,1815.0
s8_offptsB_atr1p5-r1,4,1,pre,94,2004.0,0.1954,1.0489,0.5213,2770.0
s8_offptsB_atr1p5-r1,4,1,nyam,67,11017.0,1.4937,1.4871,0.5821,1735.0
s8_offptsB_atr1p5-r2,4,2,all,227,-1973.0,-0.0933,0.985,0.3348,2770.0
s8_offptsB_atr1p5-r2,4,2,london,66,-2834.0,-0.2824,0.9249,0.3182,1925.0
s8_offptsB_atr1p5-r2,4,2,pre,94,-271.0,-0.0174,0.9952,0.3298,2770.0
s8_offptsB_atr1p5-r2,4,2,nyam,67,1132.0,0.1091,1.0304,0.3582,2445.0
s8_offptsB_atr1p5-r3,4,3,all,227,10767.0,0.3953,1.075,0.2687,2770.0
s8_offptsB_atr1p5-r3,4,3,london,66,3336.0,0.2668,1.0837,0.2727,1925.0
s8_offptsB_atr1p5-r3,4,3,pre,94,5694.0,0.2733,1.092,0.2553,2770.0
s8_offptsB_atr1p5-r3,4,3,nyam,67,1737.0,0.1384,1.0416,0.2836,2445.0
s8_offptsB_atr3-r0,4,4,all,227,30642.0,0.7401,1.1344,0.37,5190.0
s8_offptsB_atr3-r0,4,4,london,66,12786.0,0.6138,1.2033,0.3636,3855.0
s8_offptsB_atr3-r0,4,4,pre,94,7679.0,0.2548,1.0723,0.3191,5190.0
s8_offptsB_atr3-r0,4,4,nyam,67,10177.0,0.5179,1.1729,0.4478,4890.0
s8_offptsB_atr3-r1,4,5,all,227,-3158.0,-0.1111,0.9833,0.5154,5190.0
s8_offptsB_atr3-r1,4,5,london,66,-2109.0,-0.1504,0.9609,0.4848,3855.0
s8_offptsB_atr3-r1,4,5,pre,94,344.0,0.017,1.0042,0.5106,5190.0
s8_offptsB_atr3-r1,4,5,nyam,67,-1393.0,-0.0971,0.9737,0.5522,4890.0
s8_offptsB_atr3-r2,4,6,all,227,9262.0,0.2608,1.042,0.3965,5190.0
s8_offptsB_atr3-r2,4,6,london,66,8831.0,0.4731,1.1437,0.3788,3855.0
s8_offptsB_atr3-r2,4,6,pre,94,-6416.0,-0.2603,0.9368,0.3617,5190.0
s8_offptsB_atr3-r2,4,6,nyam,67,6847.0,0.3864,1.1185,0.4627,4890.0
s8_offptsB_atr3-r3,4,7,all,227,27422.0,0.6878,1.1208,0.3744,5190.0
s8_offptsB_atr3-r3,4,7,london,66,14901.0,0.7208,1.237,0.3636,3855.0
s8_offptsB_atr3-r3,4,7,pre,94,-1866.0,-0.0659,0.9824,0.3191,5190.0
s8_offptsB_atr3-r3,4,7,nyam,67,14387.0,0.7462,1.249,0.4627,4890.0
s8_offptsB_pts10-r0,4,8,all,227,8262.0,0.4968,1.1832,0.0617,425.0
s8_offptsB_pts10-r0,4,8,london,66,-364.0,-0.0498,0.972,0.0606,215.0
s8_offptsB_pts10-r0,4,8,pre,94,9219.0,0.6925,1.483,0.0532,425.0
s8_offptsB_pts10-r0,4,8,nyam,67,-593.0,-0.0861,0.9544,0.0746,220.0
s8_offptsB_pts10-r1,4,9,all,227,-5048.0,-1.6312,0.8045,0.467,425.0
s8_offptsB_pts10-r1,4,9,london,66,-1669.0,-1.0092,0.7789,0.4545,215.0
s8_offptsB_pts10-r1,4,9,pre,94,-3521.0,-1.7458,0.6953,0.4362,425.0
s8_offptsB_pts10-r1,4,9,nyam,67,142.0,0.0849,1.0211,0.5224,220.0
s8_offptsB_pts10-r2,4,10,all,227,-1413.0,-0.3242,0.9557,0.3392,425.0
s8_offptsB_pts10-r2,4,10,london,66,696.0,0.2918,1.079,0.3636,215.0
s8_offptsB_pts10-r2,4,10,pre,94,-3191.0,-1.1641,0.7765,0.2979,425.0
s8_offptsB_pts10-r2,4,10,nyam,67,1082.0,0.4477,1.1227,0.3731,220.0
s8_offptsB_pts10-r3,4,11,all,227,1902.0,0.3493,1.0543,0.2731,425.0
s8_offptsB_pts10-r3,4,11,london,66,2266.0,0.7474,1.2347,0.303,215.0
s8_offptsB_pts10-r3,4,11,pre,94,-1616.0,-0.4738,0.8945,0.2447,425.0
s8_offptsB_pts10-r3,4,11,nyam,67,1252.0,0.4179,1.1243,0.2836,220.0
s8_offptsB_pts20-r0,4,12,all,227,30452.0,1.2964,1.3808,0.141,430.0
s8_offptsB_pts20-r0,4,12,london,66,12486.0,0.9971,1.5531,0.1667,430.0
s8_offptsB_pts20-r0,4,12,pre,94,14319.0,0.8882,1.4257,0.1277,425.0
s8_offptsB_pts20-r0,4,12,nyam,67,3647.0,0.3091,1.1535,0.1343,410.0
s8_offptsB_pts20-r1,4,13,all,227,1187.0,0.1951,1.0263,0.5154,430.0
s8_offptsB_pts20-r1,4,13,london,66,1931.0,0.5871,1.1567,0.5455,430.0
s8_offptsB_pts20-r1,4,13,pre,94,-2301.0,-0.5858,0.8856,0.4787,425.0
s8_offptsB_pts20-r1,4,13,nyam,67,1557.0,0.47,1.1226,0.5373,410.0
s8_offptsB_pts20-r2,4,14,all,227,6977.0,0.7953,1.1181,0.3656,430.0
s8_offptsB_pts20-r2,4,14,london,66,3061.0,0.6388,1.1818,0.3788,430.0
s8_offptsB_pts20-r2,4,14,pre,94,1224.0,0.218,1.0489,0.3511,425.0
s8_offptsB_pts20-r2,4,14,nyam,67,2692.0,0.5598,1.1564,0.3731,410.0
s8_offptsB_pts20-r3,4,15,all,227,1652.0,0.1553,1.024,0.2599,430.0
s8_offptsB_pts20-r3,4,15,london,66,1821.0,0.3109,1.0924,0.2727,430.0
s8_offptsB_pts20-r3,4,15,pre,94,-1626.0,-0.2416,0.9442,0.2447,425.0
s8_offptsB_pts20-r3,4,15,nyam,67,1457.0,0.2482,1.0726,0.2687,410.0
s8_offptsB_pts30-r0,4,16,all,227,48202.0,1.6942,1.4342,0.1982,630.0
s8_offptsB_pts30-r0,4,16,london,66,13626.0,0.8982,1.4215,0.197,610.0
s8_offptsB_pts30-r0,4,16,pre,94,15544.0,0.8159,1.3224,0.1596,630.0
s8_offptsB_pts30-r0,4,16,nyam,67,19032.0,1.2748,1.6246,0.2537,610.0
s8_offptsB_pts30-r1,4,17,all,227,11032.0,1.2164,1.1755,0.5463,630.0
s8_offptsB_pts30-r1,4,17,london,66,-469.0,-0.095,0.9767,0.5,610.0
s8_offptsB_pts30-r1,4,17,pre,94,4124.0,0.7036,1.157,0.5426,630.0
s8_offptsB_pts30-r1,4,17,nyam,67,7377.0,1.5125,1.4481,0.597,610.0
s8_offptsB_pts30-r2,4,18,all,227,12407.0,0.9456,1.1422,0.37,630.0
s8_offptsB_pts30-r2,4,18,london,66,1281.0,0.1818,1.0488,0.3485,610.0
s8_offptsB_pts30-r2,4,18,pre,94,424.0,0.0508,1.0112,0.3404,630.0
s8_offptsB_pts30-r2,4,18,nyam,67,10702.0,1.4645,1.462,0.4328,610.0
s8_offptsB_pts30-r3,4,19,all,227,12922.0,0.7997,1.13,0.2819,630.0
s8_offptsB_pts30-r3,4,19,london,66,641.0,0.0744,1.0214,0.2576,610.0
s8_offptsB_pts30-r3,4,19,pre,94,-4431.0,-0.4462,0.8992,0.234,630.0
s8_offptsB_pts30-r3,4,19,nyam,67,16712.0,1.7923,1.6529,0.3731,610.0
s8_offptsB_pts45-r0,4,20,all,227,40067.0,1.2974,1.2716,0.2687,935.0
s8_offptsB_pts45-r0,4,20,london,66,7456.0,0.4555,1.1658,0.2424,915.0
s8_offptsB_pts45-r0,4,20,pre,94,6609.0,0.3239,1.1016,0.2128,935.0
s8_offptsB_pts45-r0,4,20,nyam,67,26002.0,1.5725,1.6944,0.3731,905.0
s8_offptsB_pts45-r1,4,21,all,227,24597.0,1.8188,1.273,0.5639,935.0
s8_offptsB_pts45-r1,4,21,london,66,3151.0,0.4271,1.1117,0.5303,915.0
s8_offptsB_pts45-r1,4,21,pre,94,2939.0,0.3341,1.0717,0.5213,935.0
s8_offptsB_pts45-r1,4,21,nyam,67,18507.0,2.6178,1.8848,0.6567,905.0
s8_offptsB_pts45-r2,4,22,all,227,14212.0,0.7387,1.1101,0.37,935.0
s8_offptsB_pts45-r2,4,22,london,66,-5944.0,-0.5838,0.858,0.303,915.0
s8_offptsB_pts45-r2,4,22,pre,94,-10561.0,-0.8881,0.8222,0.2979,935.0
s8_offptsB_pts45-r2,4,22,nyam,67,30717.0,2.886,2.1048,0.5373,905.0
s8_offptsB_pts45-r3,4,23,all,227,8397.0,0.3709,1.0587,0.2952,935.0
s8_offptsB_pts45-r3,4,23,london,66,-1819.0,-0.1477,0.9587,0.2576,915.0
s8_offptsB_pts45-r3,4,23,pre,94,-11241.0,-0.7989,0.8248,0.234,935.0
s8_offptsB_pts45-r3,4,23,nyam,67,21457.0,1.6988,1.6181,0.4179,905.0
s8_offptsB_pct0p1-r0,4,24,all,227,41117.0,1.6775,1.5339,0.1366,450.0
s8_offptsB_pct0p1-r0,4,24,london,66,12356.0,0.9899,1.561,0.1515,445.0
s8_offptsB_pct0p1-r0,4,24,pre,94,25834.0,1.4653,1.8133,0.1383,440.0
s8_offptsB_pct0p1-r0,4,24,nyam,67,2927.0,0.25,1.126,0.1194,450.0
s8_offptsB_pct0p1-r1,4,25,all,227,4402.0,0.7521,1.1055,0.5374,450.0
s8_offptsB_pct0p1-r1,4,25,london,66,1586.0,0.4997,1.1323,0.5455,445.0
s8_offptsB_pct0p1-r1,4,25,pre,94,-61.0,-0.0161,0.9967,0.5106,440.0
s8_offptsB_pct0p1-r1,4,25,nyam,67,2877.0,0.9081,1.2508,0.5672,450.0
s8_offptsB_pct0p1-r2,4,26,all,227,11297.0,1.3242,1.2045,0.3833,450.0
s8_offptsB_pct0p1-r2,4,26,london,66,3976.0,0.8561,1.2509,0.3939,445.0
s8_offptsB_pct0p1-r2,4,26,pre,94,7139.0,1.2799,1.3234,0.4043,440.0
s8_offptsB_pct0p1-r2,4,26,nyam,67,182.0,0.0402,1.0105,0.3433,450.0
s8_offptsB_pct0p1-r3,4,27,all,227,8067.0,0.7695,1.1249,0.2775,450.0
s8_offptsB_pct0p1-r3,4,27,london,66,3326.0,0.5794,1.1794,0.2879,445.0
s8_offptsB_pct0p1-r3,4,27,pre,94,2039.0,0.3028,1.0752,0.266,440.0
s8_offptsB_pct0p1-r3,4,27,nyam,67,2702.0,0.4735,1.1429,0.2836,450.0
s8_offptsB_pct0p2-r0,4,28,all,227,41522.0,1.3807,1.3093,0.2291,895.0
s8_offptsB_pct0p2-r0,4,28,london,66,5166.0,0.3302,1.1267,0.197,895.0
s8_offptsB_pct0p2-r0,4,28,pre,94,12694.0,0.6355,1.221,0.1915,880.0
s8_offptsB_pct0p2-r0,4,28,nyam,67,23662.0,1.4514,1.6571,0.3134,890.0
s8_offptsB_pct0p2-r1,4,29,all,227,23812.0,2.0607,1.3152,0.5727,875.0
s8_offptsB_pct0p2-r1,4,29,london,66,2696.0,0.4258,1.1116,0.5303,875.0
s8_offptsB_pct0p2-r1,4,29,pre,94,10679.0,1.4332,1.3457,0.5745,865.0
s8_offptsB_pct0p2-r1,4,29,nyam,67,10437.0,1.6786,1.5091,0.6119,875.0
s8_offptsB_pct0p2-r2,4,30,all,227,9337.0,0.5618,1.0826,0.3612,895.0
s8_offptsB_pct0p2-r2,4,30,london,66,-7204.0,-0.8351,0.8029,0.2879,895.0
s8_offptsB_pct0p2-r2,4,30,pre,94,-1756.0,-0.1658,0.964,0.3298,880.0
s8_offptsB_pct0p2-r2,4,30,nyam,67,18297.0,1.9662,1.6598,0.4776,890.0
s8_offptsB_pct0p2-r3,4,31,all,227,19107.0,0.9308,1.1536,0.2952,895.0
s8_offptsB_pct0p2-r3,4,31,london,66,1391.0,0.1252,1.0366,0.2576,895.0
s8_offptsB_pct0p2-r3,4,31,pre,94,-4301.0,-0.3377,0.9216,0.2447,880.0
s8_offptsB_pct0p2-r3,4,31,nyam,67,22017.0,1.9049,1.7003,0.403,890.0
s9_offatr0p25_atr1p5-r0,0,0,all,252,61257.0,1.6362,1.3885,0.2421,5260.0
s9_offatr0p25_atr1p5-r0,0,0,london,113,34233.0,1.3503,1.5051,0.2124,2525.0
s9_offatr0p25_atr1p5-r0,0,0,pre,95,32860.0,1.26,1.5241,0.2632,5260.0
s9_offatr0p25_atr1p5-r0,0,0,nyam,44,-5836.0,-0.6513,0.7855,0.2727,2290.0
s9_offatr0p25_atr1p5-r1,0,1,all,252,-6538.0,-0.4399,0.9392,0.504,5260.0
s9_offatr0p25_atr1p5-r1,0,1,london,113,-12947.0,-1.452,0.7407,0.4602,2525.0
s9_offatr0p25_atr1p5-r1,0,1,pre,95,10015.0,0.9894,1.2722,0.5895,5260.0
s9_offatr0p25_atr1p5-r1,0,1,nyam,44,-3606.0,-0.5844,0.8263,0.4318,2290.0
s9_offatr0p25_atr1p5-r2,0,2,all,252,12177.0,0.5903,1.0902,0.3651,5260.0
s9_offatr0p25_atr1p5-r2,0,2,london,113,-7182.0,-0.594,0.8808,0.3274,2525.0
s9_offatr0p25_atr1p5-r2,0,2,pre,95,16360.0,1.1589,1.3241,0.4211,5260.0
s9_offatr0p25_atr1p5-r2,0,2,nyam,44,2999.0,0.3337,1.1233,0.3409,2290.0
s9_offatr0p25_atr1p5-r3,0,3,all,252,33167.0,1.3028,1.2265,0.3056,5260.0
s9_offatr0p25_atr1p5-r3,0,3,london,113,-8057.0,-0.5643,0.8785,0.2478,2525.0
s9_offatr0p25_atr1p5-r3,0,3,pre,95,29450.0,1.6932,1.5372,0.3684,5260.0
s9_offatr0p25_atr1p5-r3,0,3,nyam,44,11774.0,0.9994,1.4654,0.3182,2290.0
s9_offatr0p25_atr3-r0,0,4,all,252,38932.0,0.884,1.1611,0.373,10525.0
s9_offatr0p25_atr3-r0,0,4,london,113,34283.0,1.1811,1.3477,0.3628,4465.0
s9_offatr0p25_atr3-r0,0,4,pre,95,16935.0,0.5519,1.1685,0.3789,10525.0
s9_offatr0p25_atr3-r0,0,4,nyam,44,-12286.0,-0.9777,0.7117,0.3864,4585.0
s9_offatr0p25_atr3-r1,0,5,all,252,17987.0,0.6172,1.0933,0.5437,10525.0
s9_offatr0p25_atr3-r1,0,5,london,113,11368.0,0.6599,1.1489,0.5487,4465.0
s9_offatr0p25_atr3-r1,0,5,pre,95,6750.0,0.3339,1.0853,0.5579,10525.0
s9_offatr0p25_atr3-r1,0,5,nyam,44,-131.0,-0.0107,0.9965,0.5,4585.0
s9_offatr0p25_atr3-r2,0,6,all,252,23142.0,0.6347,1.0991,0.4008,10525.0
s9_offatr0p25_atr3-r2,0,6,london,113,10958.0,0.4927,1.1136,0.3894,4465.0
s9_offatr0p25_atr3-r2,0,6,pre,95,4910.0,0.201,1.0506,0.4105,10525.0
s9_offatr0p25_atr3-r2,0,6,nyam,44,7274.0,0.4611,1.1819,0.4091,4585.0
s9_offatr0p25_atr3-r3,0,7,all,252,17082.0,0.4388,1.0709,0.377,10525.0
s9_offatr0p25_atr3-r3,0,7,london,113,22758.0,0.8876,1.2324,0.3717,4465.0
s9_offatr0p25_atr3-r3,0,7,pre,95,6600.0,0.2489,1.0657,0.3789,10525.0
s9_offatr0p25_atr3-r3,0,7,nyam,44,-12276.0,-0.9766,0.7119,0.3864,4585.0
s9_offatr0p25_pts10-r0,0,8,all,252,28217.0,1.1485,1.5706,0.0635,215.0
s9_offatr0p25_pts10-r0,0,8,london,113,16723.0,1.0365,1.7521,0.0619,210.0
s9_offatr0p25_pts10-r0,0,8,pre,95,18455.0,1.0008,2.0029,0.0737,205.0
s9_offatr0p25_pts10-r0,0,8,nyam,44,-6961.0,-4.1366,0.2101,0.0455,215.0
s9_offatr0p25_pts10-r1,0,9,all,252,327.0,0.1015,1.0129,0.5198,205.0
s9_offatr0p25_pts10-r1,0,9,london,113,-167.0,-0.0772,0.9855,0.5133,205.0
s9_offatr0p25_pts10-r1,0,9,pre,95,1600.0,0.8114,1.1821,0.5579,205.0
s9_offatr0p25_pts10-r1,0,9,nyam,44,-1106.0,-0.8165,0.7799,0.4545,205.0
s9_offatr0p25_pts10-r2,0,10,all,252,-2558.0,-0.5651,0.9278,0.3294,215.0
s9_offatr0p25_pts10-r2,0,10,london,113,-2512.0,-0.84,0.8465,0.3097,210.0
s9_offatr0p25_pts10-r2,0,10,pre,95,2520.0,0.8715,1.2077,0.3895,205.0
s9_offatr0p25_pts10-r2,0,10,nyam,44,-2566.0,-1.4579,0.6293,0.25,215.0
s9_offatr0p25_pts10-r3,0,11,all,252,-3678.0,-0.6702,0.9081,0.2421,215.0
s9_offatr0p25_pts10-r3,0,11,london,113,-8402.0,-2.6119,0.574,0.1681,210.0
s9_offatr0p25_pts10-r3,0,11,pre,95,7505.0,1.9844,1.5882,0.3579,205.0
s9_offatr0p25_pts10-r3,0,11,nyam,44,-2781.0,-1.3337,0.6316,0.1818,215.0
s9_offatr0p25_pts20-r0,0,12,all,252,61152.0,1.985,1.694,0.1468,430.0
s9_offatr0p25_pts20-r0,0,12,london,113,39673.0,1.7965,1.9964,0.1416,430.0
s9_offatr0p25_pts20-r0,0,12,pre,95,26700.0,1.2921,1.8154,0.1579,420.0
s9_offatr0p25_pts20-r0,0,12,nyam,44,-5221.0,-0.9087,0.6643,0.1364,405.0
s9_offatr0p25_pts20-r1,0,13,all,252,-1778.0,-0.2774,0.9656,0.5,430.0
s9_offatr0p25_pts20-r1,0,13,london,113,-442.0,-0.1026,0.9808,0.5044,430.0
s9_offatr0p25_pts20-r1,0,13,pre,95,4590.0,1.174,1.2733,0.5684,420.0
s9_offatr0p25_pts20-r1,0,13,nyam,44,-5926.0,-2.314,0.5006,0.3409,405.0
s9_offatr0p25_pts20-r2,0,14,all,252,-803.0,-0.0885,0.9883,0.3373,430.0
s9_offatr0p25_pts20-r2,0,14,london,113,-1762.0,-0.2915,0.9435,0.3274,430.0
s9_offatr0p25_pts20-r2,0,14,pre,95,6910.0,1.1942,1.2961,0.4,420.0
s9_offatr0p25_pts20-r2,0,14,nyam,44,-5951.0,-1.7561,0.5722,0.2273,405.0
s9_offatr0p25_pts20-r3,0,15,all,252,7497.0,0.6582,1.0999,0.2738,430.0
s9_offatr0p25_pts20-r3,0,15,london,113,183.0,0.0244,1.0053,0.2566,430.0
s9_offatr0p25_pts20-r3,0,15,pre,95,12480.0,1.6786,1.4839,0.3368,420.0
s9_offatr0p25_pts20-r3,0,15,nyam,44,-5166.0,-1.2435,0.6494,0.1818,405.0
s9_offatr0p25_pts30-r0,0,16,all,252,56847.0,1.7135,1.4612,0.1944,635.0
s9_offatr0p25_pts30-r0,0,16,london,113,35643.0,1.4923,1.6341,0.177,625.0
s9_offatr0p25_pts30-r0,0,16,pre,95,25580.0,1.1762,1.5594,0.2105,635.0
s9_offatr0p25_pts30-r0,0,16,nyam,44,-4376.0,-0.5727,0.7947,0.2045,605.0
s9_offatr0p25_pts30-r1,0,17,all,252,-568.0,-0.0592,0.9926,0.504,635.0
s9_offatr0p25_pts30-r1,0,17,london,113,-9857.0,-1.5444,0.7476,0.4336,625.0
s9_offatr0p25_pts30-r1,0,17,pre,95,14400.0,2.5256,1.6742,0.6316,635.0
s9_offatr0p25_pts30-r1,0,17,nyam,44,-5111.0,-1.2855,0.6773,0.4091,605.0
s9_offatr0p25_pts30-r2,0,18,all,252,7017.0,0.5111,1.0706,0.3532,635.0
s9_offatr0p25_pts30-r2,0,18,london,113,-2142.0,-0.2367,0.9538,0.3274,625.0
s9_offatr0p25_pts30-r2,0,18,pre,95,12495.0,1.4355,1.3659,0.4105,635.0
s9_offatr0p25_pts30-r2,0,18,nyam,44,-3336.0,-0.6037,0.8233,0.2955,605.0
s9_offatr0p25_pts30-r3,0,19,all,252,11052.0,0.6509,1.099,0.2738,635.0
s9_offatr0p25_pts30-r3,0,19,london,113,-6402.0,-0.5921,0.8794,0.2301,625.0
s9_offatr0p25_pts30-r3,0,19,pre,95,19060.0,1.7108,1.4962,0.3368,635.0
s9_offatr0p25_pts30-r3,0,19,nyam,44,-1606.0,-0.2374,0.9201,0.25,605.0
s9_offatr0p25_pts45-r0,0,20,all,252,67392.0,1.8007,1.4121,0.2698,915.0
s9_offatr0p25_pts45-r0,0,20,london,113,35918.0,1.3912,1.4802,0.2566,915.0
s9_offatr0p25_pts45-r0,0,20,pre,95,35155.0,1.3703,1.5673,0.2632,915.0
s9_offatr0p25_pts45-r0,0,20,nyam,44,-3681.0,-0.4158,0.8625,0.3182,905.0
s9_offatr0p25_pts45-r1,0,21,all,252,9607.0,0.6709,1.0884,0.5238,915.0
s9_offatr0p25_pts45-r1,0,21,london,113,113.0,0.0117,1.0022,0.5044,915.0
s9_offatr0p25_pts45-r1,0,21,pre,95,11090.0,1.2656,1.2974,0.5684,915.0
s9_offatr0p25_pts45-r1,0,21,nyam,44,-1596.0,-0.2661,0.9218,0.4773,905.0
s9_offatr0p25_pts45-r2,0,22,all,252,19797.0,0.969,1.1389,0.369,915.0
s9_offatr0p25_pts45-r2,0,22,london,113,-7737.0,-0.5901,0.8883,0.3186,915.0
s9_offatr0p25_pts45-r2,0,22,pre,95,22595.0,1.7323,1.4588,0.4211,915.0
s9_offatr0p25_pts45-r2,0,22,nyam,44,4939.0,0.5752,1.2054,0.3864,905.0
s9_offatr0p25_pts45-r3,0,23,all,252,16567.0,0.6783,1.1042,0.2897,915.0
s9_offatr0p25_pts45-r3,0,23,london,113,-6062.0,-0.3858,0.919,0.2566,915.0
s9_offatr0p25_pts45-r3,0,23,pre,95,13940.0,0.8993,1.239,0.3053,915.0
s9_offatr0p25_pts45-r3,0,23,nyam,44,8689.0,0.8238,1.3359,0.3409,905.0
s9_offatr0p25_pct0p1-r0,0,24,all,252,61512.0,2.0092,1.7256,0.1429,445.0
s9_offatr0p25_pct0p1-r0,0,24,london,113,41353.0,1.8774,2.0843,0.1416,445.0
s9_offatr0p25_pct0p1-r0,0,24,pre,95,24700.0,1.2078,1.7776,0.1474,440.0
s9_offatr0p25_pct0p1-r0,0,24,nyam,44,-4541.0,-0.7949,0.6947,0.1364,440.0
s9_offatr0p25_pct0p1-r1,0,25,all,252,-2303.0,-0.3726,0.9539,0.496,440.0
s9_offatr0p25_pct0p1-r1,0,25,london,113,-1192.0,-0.2878,0.9469,0.4956,435.0
s9_offatr0p25_pct0p1-r1,0,25,pre,95,4555.0,1.2026,1.2817,0.5684,440.0
s9_offatr0p25_pct0p1-r1,0,25,nyam,44,-5666.0,-2.3033,0.5013,0.3409,435.0
s9_offatr0p25_pct0p1-r2,0,26,all,252,3272.0,0.3701,1.0508,0.3492,440.0
s9_offatr0p25_pct0p1-r2,0,26,london,113,-602.0,-0.103,0.9796,0.3363,435.0
s9_offatr0p25_pct0p1-r2,0,26,pre,95,9325.0,1.6446,1.4305,0.4211,440.0
s9_offatr0p25_pct0p1-r2,0,26,nyam,44,-5451.0,-1.6549,0.5883,0.2273,435.0
s9_offatr0p25_pct0p1-r3,0,27,all,252,10062.0,0.905,1.1409,0.2778,440.0
s9_offatr0p25_pct0p1-r3,0,27,london,113,1838.0,0.2521,1.0563,0.2655,435.0
s9_offatr0p25_pct0p1-r3,0,27,pre,95,12890.0,1.7698,1.5212,0.3368,440.0
s9_offatr0p25_pct0p1-r3,0,27,nyam,44,-4666.0,-1.1513,0.6676,0.1818,435.0
s9_offatr0p25_pct0p2-r0,0,28,all,252,56957.0,1.6245,1.3853,0.2341,875.0
s9_offatr0p25_pct0p2-r0,0,28,london,113,39553.0,1.5621,1.5928,0.2301,870.0
s9_offatr0p25_pct0p2-r0,0,28,pre,95,23230.0,1.019,1.4176,0.2316,875.0
s9_offatr0p25_pct0p2-r0,0,28,nyam,44,-5826.0,-0.7021,0.7715,0.25,875.0
s9_offatr0p25_pct0p2-r1,0,29,all,252,6702.0,0.5447,1.0713,0.5198,875.0
s9_offatr0p25_pct0p2-r1,0,29,london,113,-1652.0,-0.2,0.9628,0.4956,870.0
s9_offatr0p25_pct0p2-r1,0,29,pre,95,11365.0,1.5128,1.3658,0.5789,875.0
s9_offatr0p25_pct0p2-r1,0,29,nyam,44,-3011.0,-0.5842,0.8366,0.4545,870.0
s9_offatr0p25_pct0p2-r2,0,30,all,252,12117.0,0.6887,1.0968,0.3611,875.0
s9_offatr0p25_pct0p2-r2,0,30,london,113,-6647.0,-0.5862,0.8891,0.3186,870.0
s9_offatr0p25_pct0p2-r2,0,30,pre,95,23710.0,2.088,1.5745,0.4421,875.0
s9_offatr0p25_pct0p2-r2,0,30,nyam,44,-4946.0,-0.7129,0.7938,0.2955,875.0
s9_offatr0p25_pct0p2-r3,0,31,all,252,17067.0,0.7869,1.1222,0.2817,875.0
s9_offatr0p25_pct0p2-r3,0,31,london,113,-3502.0,-0.2524,0.9463,0.2566,870.0
s9_offatr0p25_pct0p2-r3,0,31,pre,95,19785.0,1.3997,1.3981,0.3158,875.0
s9_offatr0p25_pct0p2-r3,0,31,nyam,44,784.0,0.0883,1.0317,0.2727,875.0
s9_offatr0p5_atr1p5-r0,1,0,all,249,69539.0,1.8489,1.4559,0.253,5260.0
s9_offatr0p5_atr1p5-r0,1,0,london,101,38176.0,1.5937,1.6763,0.2178,1565.0
s9_offatr0p5_atr1p5-r0,1,0,pre,97,14487.0,0.5649,1.2088,0.2371,5260.0
s9_offatr0p5_atr1p5-r0,1,0,nyam,51,16876.0,1.2218,1.632,0.3529,1305.0
s9_offatr0p5_atr1p5-r1,1,1,all,249,7559.0,0.5126,1.0764,0.506,5260.0
s9_offatr0p5_atr1p5-r1,1,1,london,101,-9969.0,-1.2824,0.7613,0.4257,1565.0
s9_offatr0p5_atr1p5-r1,1,1,pre,97,7912.0,0.7532,1.2014,0.567,5260.0
s9_offatr0p5_atr1p5-r1,1,1,nyam,51,9616.0,1.4305,1.539,0.549,1275.0
s9_offatr0p5_atr1p5-r2,1,2,all,249,15154.0,0.7257,1.1145,0.3534,5260.0
s9_offatr0p5_atr1p5-r2,1,2,london,101,-8544.0,-0.7885,0.8359,0.2871,1565.0
s9_offatr0p5_atr1p5-r2,1,2,pre,97,3997.0,0.2863,1.0707,0.3918,5260.0
s9_offatr0p5_atr1p5-r2,1,2,nyam,51,19701.0,1.7989,1.8304,0.4118,1275.0
s9_offatr0p5_atr1p5-r3,1,3,all,249,19164.0,0.7939,1.1319,0.2932,5260.0
s9_offatr0p5_atr1p5-r3,1,3,london,101,-2309.0,-0.1753,0.958,0.2475,1565.0
s9_offatr0p5_atr1p5-r3,1,3,pre,97,-3043.0,-0.1922,0.9536,0.2887,5260.0
s9_offatr0p5_atr1p5-r3,1,3,nyam,51,24516.0,1.982,1.9942,0.3922,1275.0
s9_offatr0p5_atr3-r0,1,4,all,249,59169.0,1.3024,1.2533,0.3896,10530.0
s9_offatr0p5_atr3-r0,1,4,london,101,61241.0,2.1228,1.8096,0.3861,3010.0
s9_offatr0p5_atr3-r0,1,4,pre,97,-17403.0,-0.561,0.8551,0.3402,10530.0
s9_offatr0p5_atr3-r0,1,4,nyam,51,15331.0,0.9631,1.4054,0.4902,2605.0
s9_offatr0p5_atr3-r1,1,5,all,249,22699.0,0.7864,1.1219,0.5301,10530.0
s9_offatr0p5_atr3-r1,1,5,london,101,20266.0,1.3777,1.3472,0.5347,3010.0
s9_offatr0p5_atr3-r1,1,5,pre,97,-17043.0,-0.8113,0.8205,0.5155,10530.0
s9_offatr0p5_atr3-r1,1,5,nyam,51,19476.0,1.4945,1.5932,0.549,2350.0
s9_offatr0p5_atr3-r2,1,6,all,249,30189.0,0.8357,1.1341,0.4177,10530.0
s9_offatr0p5_atr3-r2,1,6,london,101,38256.0,1.8088,1.5311,0.4257,3010.0
s9_offatr0p5_atr3-r2,1,6,pre,97,-29093.0,-1.171,0.7532,0.3608,10530.0
s9_offatr0p5_atr3-r2,1,6,nyam,51,21026.0,1.4108,1.5972,0.5098,2350.0
s9_offatr0p5_atr3-r3,1,7,all,249,34334.0,0.8626,1.1474,0.3936,10530.0
s9_offatr0p5_atr3-r3,1,7,london,101,50876.0,2.0033,1.6784,0.396,3010.0
s9_offatr0p5_atr3-r3,1,7,pre,97,-30753.0,-1.1703,0.7439,0.3402,10530.0
s9_offatr0p5_atr3-r3,1,7,nyam,51,14211.0,0.9457,1.3758,0.4902,2605.0
s9_offatr0p5_pts10-r0,1,8,all,249,16599.0,0.6913,1.335,0.0522,255.0
s9_offatr0p5_pts10-r0,1,8,london,101,16161.0,0.9929,1.8097,0.0594,255.0
s9_offatr0p5_pts10-r0,1,8,pre,97,8657.0,0.4929,1.4482,0.0515,215.0
s9_offatr0p5_pts10-r0,1,8,nyam,51,-8219.0,-4.6884,0.2002,0.0392,210.0
s9_offatr0p5_pts10-r1,1,9,all,249,-5141.0,-1.6066,0.8156,0.4659,215.0
s9_offatr0p5_pts10-r1,1,9,london,101,-3304.0,-1.6271,0.7231,0.4356,205.0
s9_offatr0p5_pts10-r1,1,9,pre,97,-1293.0,-0.6435,0.8769,0.4845,215.0
s9_offatr0p5_pts10-r1,1,9,nyam,51,-544.0,-0.3722,0.9001,0.4902,205.0
s9_offatr0p5_pts10-r2,1,10,all,249,-6176.0,-1.4002,0.8298,0.3052,215.0
s9_offatr0p5_pts10-r2,1,10,london,101,-8444.0,-3.4005,0.4963,0.2079,215.0
s9_offatr0p5_pts10-r2,1,10,pre,97,2652.0,0.9054,1.2139,0.3918,215.0
s9_offatr0p5_pts10-r2,1,10,nyam,51,-384.0,-0.1866,0.946,0.3333,205.0
s9_offatr0p5_pts10-r3,1,11,all,249,-3931.0,-0.7211,0.901,0.241,255.0
s9_offatr0p5_pts10-r3,1,11,london,101,-7524.0,-2.4682,0.574,0.1683,255.0
s9_offatr0p5_pts10-r3,1,11,pre,97,2187.0,0.6047,1.1508,0.2887,215.0
s9_offatr0p5_pts10-r3,1,11,nyam,51,1406.0,0.5313,1.1866,0.2941,205.0
s9_offatr0p5_pts20-r0,1,12,all,249,48199.0,1.603,1.5475,0.1365,425.0
s9_offatr0p5_pts20-r0,1,12,london,101,33101.0,1.5831,1.9283,0.1386,425.0
s9_offatr0p5_pts20-r0,1,12,pre,97,28512.0,1.3492,1.8498,0.1546,405.0
s9_offatr0p5_pts20-r0,1,12,nyam,51,-13414.0,-3.8024,0.2874,0.098,410.0
s9_offatr0p5_pts20-r1,1,13,all,249,-5281.0,-0.8299,0.9,0.4819,415.0
s9_offatr0p5_pts20-r1,1,13,london,101,-10749.0,-2.7267,0.5834,0.3762,415.0
s9_offatr0p5_pts20-r1,1,13,pre,97,7812.0,2.0074,1.5023,0.6082,405.0
s9_offatr0p5_pts20-r1,1,13,nyam,51,-2344.0,-0.8113,0.7953,0.451,400.0
s9_offatr0p5_pts20-r2,1,14,all,249,5324.0,0.5828,1.0813,0.3574,425.0
s9_offatr0p5_pts20-r2,1,14,london,101,-6429.0,-1.1665,0.7822,0.2871,425.0
s9_offatr0p5_pts20-r2,1,14,pre,97,15742.0,2.642,1.7541,0.4742,405.0
s9_offatr0p5_pts20-r2,1,14,nyam,51,-3989.0,-1.0285,0.7364,0.2745,400.0
s9_offatr0p5_pts20-r3,1,15,all,249,794.0,0.0716,1.0105,0.257,425.0
s9_offatr0p5_pts20-r3,1,15,london,101,-7674.0,-1.1656,0.766,0.2079,425.0
s9_offatr0p5_pts20-r3,1,15,pre,97,13277.0,1.7634,1.5069,0.3402,405.0
s9_offatr0p5_pts20-r3,1,15,nyam,51,-4809.0,-1.0463,0.7132,0.1961,400.0
s9_offatr0p5_pts30-r0,1,16,all,249,35209.0,1.0925,1.2828,0.1767,605.0
s9_offatr0p5_pts30-r0,1,16,london,101,29731.0,1.3119,1.5859,0.1683,605.0
s9_offatr0p5_pts30-r0,1,16,pre,97,19152.0,0.8765,1.403,0.1959,605.0
s9_offatr0p5_pts30-r0,1,16,nyam,51,-13674.0,-2.0857,0.4783,0.1569,605.0
s9_offatr0p5_pts30-r1,1,17,all,249,-3481.0,-0.3652,0.9547,0.494,605.0
s9_offatr0p5_pts30-r1,1,17,london,101,-9724.0,-1.6146,0.725,0.4257,605.0
s9_offatr0p5_pts30-r1,1,17,pre,97,7182.0,1.2146,1.2806,0.567,605.0
s9_offatr0p5_pts30-r1,1,17,nyam,51,-939.0,-0.2161,0.9407,0.4902,605.0
s9_offatr0p5_pts30-r2,1,18,all,249,-9111.0,-0.6857,0.9121,0.3173,605.0
s9_offatr0p5_pts30-r2,1,18,london,101,-12804.0,-1.5862,0.7161,0.2673,605.0
s9_offatr0p5_pts30-r2,1,18,pre,97,9497.0,1.0885,1.2642,0.3918,605.0
s9_offatr0p5_pts30-r2,1,18,nyam,51,-5804.0,-0.9988,0.7426,0.2745,605.0
s9_offatr0p5_pts30-r3,1,19,all,249,-2526.0,-0.1545,0.9777,0.253,605.0
s9_offatr0p5_pts30-r3,1,19,london,101,-3819.0,-0.3693,0.9186,0.2376,605.0
s9_offatr0p5_pts30-r3,1,19,pre,97,7262.0,0.6814,1.1727,0.2887,605.0
s9_offatr0p5_pts30-r3,1,19,nyam,51,-5969.0,-0.8657,0.7551,0.2157,605.0
s9_offatr0p5_pts45-r0,1,20,all,249,46919.0,1.3072,1.2872,0.2651,935.0
s9_offatr0p5_pts45-r0,1,20,london,101,32891.0,1.3486,1.4977,0.2673,915.0
s9_offatr0p5_pts45-r0,1,20,pre,97,11542.0,0.4975,1.1764,0.2474,910.0
s9_offatr0p5_pts45-r0,1,20,nyam,51,2486.0,0.1958,1.078,0.2941,935.0
s9_offatr0p5_pts45-r1,1,21,all,249,8259.0,0.5792,1.0763,0.5221,915.0
s9_offatr0p5_pts45-r1,1,21,london,101,-5194.0,-0.5703,0.8923,0.4752,915.0
s9_offatr0p5_pts45-r1,1,21,pre,97,16492.0,1.8816,1.4649,0.5979,905.0
s9_offatr0p5_pts45-r1,1,21,nyam,51,-3039.0,-0.4677,0.8762,0.4706,900.0
s9_offatr0p5_pts45-r2,1,22,all,249,3499.0,0.176,1.0241,0.3494,915.0
s9_offatr0p5_pts45-r2,1,22,london,101,-564.0,-0.0446,0.9905,0.3465,915.0
s9_offatr0p5_pts45-r2,1,22,pre,97,2557.0,0.2039,1.0451,0.3505,910.0
s9_offatr0p5_pts45-r2,1,22,nyam,51,1506.0,0.1665,1.0518,0.3529,900.0
s9_offatr0p5_pts45-r3,1,23,all,249,10349.0,0.4333,1.0659,0.2932,915.0
s9_offatr0p5_pts45-r3,1,23,london,101,-2294.0,-0.1538,0.9648,0.2772,915.0
s9_offatr0p5_pts45-r3,1,23,pre,97,3697.0,0.2465,1.0598,0.2887,910.0
s9_offatr0p5_pts45-r3,1,23,nyam,51,8946.0,0.7951,1.2982,0.3333,900.0
s9_offatr0p5_pct0p1-r0,1,24,all,249,43949.0,1.4824,1.5168,0.1285,450.0
s9_offatr0p5_pct0p1-r0,1,24,london,101,27146.0,1.3282,1.7749,0.1188,450.0
s9_offatr0p5_pct0p1-r0,1,24,pre,97,27817.0,1.3222,1.8581,0.1443,435.0
s9_offatr0p5_pct0p1-r0,1,24,nyam,51,-11014.0,-2.9238,0.3738,0.1176,440.0
s9_offatr0p5_pct0p1-r1,1,25,all,249,-5946.0,-0.9696,0.8839,0.4779,450.0
s9_offatr0p5_pct0p1-r1,1,25,london,101,-11409.0,-3.0256,0.55,0.3663,450.0
s9_offatr0p5_pct0p1-r1,1,25,pre,97,8417.0,2.2541,1.5802,0.6186,435.0
s9_offatr0p5_pct0p1-r1,1,25,nyam,51,-2954.0,-1.0661,0.74,0.4314,435.0
s9_offatr0p5_pct0p1-r2,1,26,all,249,5644.0,0.6393,1.0898,0.3574,450.0
s9_offatr0p5_pct0p1-r2,1,26,london,101,-6504.0,-1.2323,0.7715,0.2871,450.0
s9_offatr0p5_pct0p1-r2,1,26,pre,97,13407.0,2.3264,1.6476,0.4536,435.0
s9_offatr0p5_pct0p1-r2,1,26,nyam,51,-1259.0,-0.3217,0.9079,0.3137,435.0
s9_offatr0p5_pct0p1-r3,1,27,all,249,169.0,0.0158,1.0023,0.253,450.0
s9_offatr0p5_pct0p1-r3,1,27,london,101,-7569.0,-1.1995,0.7601,0.2079,450.0
s9_offatr0p5_pct0p1-r3,1,27,pre,97,13647.0,1.8574,1.5456,0.3402,435.0
s9_offatr0p5_pct0p1-r3,1,27,nyam,51,-5909.0,-1.3722,0.6407,0.1765,440.0
s9_offatr0p5_pct0p2-r0,1,28,all,249,44519.0,1.2823,1.3006,0.2289,875.0
s9_offatr0p5_pct0p2-r0,1,28,london,101,24926.0,1.0653,1.4048,0.2079,875.0
s9_offatr0p5_pct0p2-r0,1,28,pre,97,19037.0,0.8349,1.3339,0.2371,870.0
s9_offatr0p5_pct0p2-r0,1,28,nyam,51,556.0,0.0462,1.0188,0.2549,875.0
s9_offatr0p5_pct0p2-r1,1,29,all,249,-7866.0,-0.6433,0.9214,0.4819,875.0
s9_offatr0p5_pct0p2-r1,1,29,london,101,-13859.0,-1.8,0.6984,0.4158,875.0
s9_offatr0p5_pct0p2-r1,1,29,pre,97,7107.0,0.932,1.2098,0.5464,860.0
s9_offatr0p5_pct0p2-r1,1,29,nyam,51,-1114.0,-0.1998,0.9449,0.4902,870.0
s9_offatr0p5_pct0p2-r2,1,30,all,249,-1546.0,-0.0898,0.988,0.3373,875.0
s9_offatr0p5_pct0p2-r2,1,30,london,101,-12984.0,-1.2424,0.7689,0.2871,875.0
s9_offatr0p5_pct0p2-r2,1,30,pre,97,15127.0,1.3401,1.336,0.4021,870.0
s9_offatr0p5_pct0p2-r2,1,30,nyam,51,-3689.0,-0.4843,0.8645,0.3137,875.0
s9_offatr0p5_pct0p2-r3,1,31,all,249,11994.0,0.5636,1.0865,0.2811,875.0
s9_offatr0p5_pct0p2-r3,1,31,london,101,-10044.0,-0.7941,0.8322,0.2376,875.0
s9_offatr0p5_pct0p2-r3,1,31,pre,97,16132.0,1.1526,1.3126,0.3093,870.0
s9_offatr0p5_pct0p2-r3,1,31,nyam,51,5906.0,0.6002,1.2169,0.3137,875.0
s9_offatr1_atr1p5-r0,2,0,all,218,68363.0,1.9403,1.5423,0.2477,2495.0
s9_offatr1_atr1p5-r0,2,0,london,52,29207.0,1.6268,2.1057,0.2308,1030.0
s9_offatr1_atr1p5-r0,2,0,pre,82,37807.0,1.4977,1.8004,0.2439,2495.0
s9_offatr1_atr1p5-r0,2,0,nyam,84,1349.0,0.0805,1.0257,0.2619,1995.0
s9_offatr1_atr1p5-r1,2,1,all,218,-5107.0,-0.3698,0.9443,0.4633,2495.0
s9_offatr1_atr1p5-r1,2,1,london,52,-7103.0,-1.44,0.6608,0.3846,1030.0
s9_offatr1_atr1p5-r1,2,1,pre,82,1872.0,0.2434,1.061,0.5366,2495.0
s9_offatr1_atr1p5-r1,2,1,nyam,84,124.0,0.0119,1.0031,0.4405,1860.0
s9_offatr1_atr1p5-r2,2,2,all,218,31933.0,1.5076,1.2996,0.367,2495.0
s9_offatr1_atr1p5-r2,2,2,london,52,-983.0,-0.1378,0.9583,0.3077,1030.0
s9_offatr1_atr1p5-r2,2,2,pre,82,9092.0,0.811,1.2314,0.3902,2495.0
s9_offatr1_atr1p5-r2,2,2,nyam,84,23824.0,1.4428,1.5448,0.381,1860.0
s9_offatr1_atr1p5-r3,2,3,all,218,31353.0,1.3794,1.266,0.3073,2495.0
s9_offatr1_atr1p5-r3,2,3,london,52,4152.0,0.4547,1.1651,0.2692,1030.0
s9_offatr1_atr1p5-r3,2,3,pre,82,14262.0,1.0028,1.3291,0.3171,2495.0
s9_offatr1_atr1p5-r3,2,3,nyam,84,12939.0,0.8437,1.262,0.3214,1995.0
s9_offatr1_atr3-r0,2,4,all,218,62568.0,1.5209,1.3194,0.3853,4990.0
s9_offatr1_atr3-r0,2,4,london,52,18737.0,0.9445,1.4212,0.3269,2060.0
s9_offatr1_atr3-r0,2,4,pre,82,30312.0,1.0815,1.4053,0.378,4990.0
s9_offatr1_atr3-r0,2,4,nyam,84,13519.0,0.5891,1.1764,0.4286,3995.0
s9_offatr1_atr3-r1,2,5,all,218,34288.0,1.2828,1.2221,0.5275,4990.0
s9_offatr1_atr3-r1,2,5,london,52,-2703.0,-0.277,0.9218,0.4808,2060.0
s9_offatr1_atr3-r1,2,5,pre,82,2577.0,0.1683,1.0419,0.5122,4990.0
s9_offatr1_atr3-r1,2,5,nyam,84,34414.0,1.7612,1.5899,0.5714,3720.0
s9_offatr1_atr3-r2,2,6,all,218,34763.0,1.0445,1.1828,0.4037,4990.0
s9_offatr1_atr3-r2,2,6,london,52,-188.0,-0.0137,0.9957,0.3462,2060.0
s9_offatr1_atr3-r2,2,6,pre,82,14007.0,0.6645,1.1937,0.4024,4990.0
s9_offatr1_atr3-r2,2,6,nyam,84,20944.0,0.954,1.2829,0.4405,3995.0
s9_offatr1_atr3-r3,2,7,all,218,43568.0,1.1846,1.2231,0.3899,4990.0
s9_offatr1_atr3-r3,2,7,london,52,16732.0,0.9481,1.3817,0.3462,2060.0
s9_offatr1_atr3-r3,2,7,pre,82,10052.0,0.4559,1.1344,0.378,4990.0
s9_offatr1_atr3-r3,2,7,nyam,84,16784.0,0.7053,1.219,0.4286,3995.0
s9_offatr1_pts10-r0,2,8,all,218,-887.0,-0.0602,0.9796,0.055,300.0
s9_offatr1_pts10-r0,2,8,london,52,7992.0,0.7714,1.7955,0.0769,210.0
s9_offatr1_pts10-r0,2,8,pre,82,-2053.0,-0.2294,0.8781,0.0366,300.0
s9_offatr1_pts10-r0,2,8,nyam,84,-6826.0,-1.2366,0.5871,0.0595,205.0
s9_offatr1_pts10-r1,2,9,all,218,-3102.0,-1.0343,0.869,0.4817,230.0
s9_offatr1_pts10-r1,2,9,london,52,-3583.0,-2.5529,0.4961,0.3462,205.0
s9_offatr1_pts10-r1,2,9,pre,82,2657.0,1.4626,1.3825,0.5976,230.0
s9_offatr1_pts10-r1,2,9,nyam,84,-2176.0,-1.1701,0.7739,0.4524,205.0
s9_offatr1_pts10-r2,2,10,all,218,-1132.0,-0.2658,0.9628,0.3394,300.0
s9_offatr1_pts10-r2,2,10,london,52,-4228.0,-2.3486,0.5075,0.2115,210.0
s9_offatr1_pts10-r2,2,10,pre,82,3117.0,1.134,1.3012,0.4146,300.0
s9_offatr1_pts10-r2,2,10,nyam,84,-21.0,-0.0079,0.9982,0.3452,205.0
s9_offatr1_pts10-r3,2,11,all,218,-5657.0,-1.1262,0.8405,0.2294,300.0
s9_offatr1_pts10-r3,2,11,london,52,-3638.0,-1.6398,0.5959,0.1731,210.0
s9_offatr1_pts10-r3,2,11,pre,82,1062.0,0.3199,1.084,0.2805,300.0
s9_offatr1_pts10-r3,2,11,nyam,84,-3081.0,-1.0114,0.7769,0.2143,205.0
s9_offatr1_pts20-r0,2,12,all,218,28708.0,1.0363,1.3668,0.1239,430.0
s9_offatr1_pts20-r0,2,12,london,52,15527.0,1.0846,1.8427,0.1346,410.0
s9_offatr1_pts20-r0,2,12,pre,82,19017.0,0.8777,1.6352,0.1098,430.0
s9_offatr1_pts20-r0,2,12,nyam,84,-5836.0,-0.6,0.8048,0.131,410.0
s9_offatr1_pts20-r1,2,13,all,218,-717.0,-0.1202,0.9838,0.5046,430.0
s9_offatr1_pts20-r1,2,13,london,52,-5188.0,-1.8179,0.6042,0.3846,410.0
s9_offatr1_pts20-r1,2,13,pre,82,3422.0,0.9378,1.2313,0.561,430.0
s9_offatr1_pts20-r1,2,13,nyam,84,1049.0,0.2829,1.0641,0.5238,405.0
s9_offatr1_pts20-r2,2,14,all,218,-8537.0,-1.0369,0.862,0.3073,430.0
s9_offatr1_pts20-r2,2,14,london,52,-4418.0,-1.1347,0.7161,0.2692,410.0
s9_offatr1_pts20-r2,2,14,pre,82,-2278.0,-0.4454,0.9008,0.3171,430.0
s9_offatr1_pts20-r2,2,14,nyam,84,-1841.0,-0.3547,0.9211,0.3214,405.0
s9_offatr1_pts20-r3,2,15,all,218,-1927.0,-0.1879,0.9711,0.2523,430.0
s9_offatr1_pts20-r3,2,15,london,52,-2028.0,-0.4117,0.8762,0.2308,410.0
s9_offatr1_pts20-r3,2,15,pre,82,87.0,0.0136,1.0035,0.2561,430.0
s9_offatr1_pts20-r3,2,15,nyam,84,14.0,0.0022,1.0006,0.2619,405.0
s9_offatr1_pts30-r0,2,16,all,218,45498.0,1.4429,1.4217,0.1881,610.0
s9_offatr1_pts30-r0,2,16,london,52,23817.0,1.3684,1.9301,0.1923,610.0
s9_offatr1_pts30-r0,2,16,pre,82,36787.0,1.5473,1.9429,0.2195,610.0
s9_offatr1_pts30-r0,2,16,nyam,84,-15106.0,-1.4084,0.6508,0.1548,610.0
s9_offatr1_pts30-r1,2,17,all,218,4553.0,0.511,1.0718,0.5229,610.0
s9_offatr1_pts30-r1,2,17,london,52,-6383.0,-1.4818,0.6623,0.4038,610.0
s9_offatr1_pts30-r1,2,17,pre,82,12692.0,2.3981,1.6936,0.6341,610.0
s9_offatr1_pts30-r1,2,17,nyam,84,-1756.0,-0.3162,0.933,0.4881,605.0
s9_offatr1_pts30-r2,2,18,all,218,5228.0,0.411,1.0608,0.3532,610.0
s9_offatr1_pts30-r2,2,18,london,52,-4623.0,-0.776,0.7951,0.2885,610.0
s9_offatr1_pts30-r2,2,18,pre,82,13197.0,1.6216,1.4604,0.4268,610.0
s9_offatr1_pts30-r2,2,18,nyam,84,-3346.0,-0.4357,0.9036,0.3214,605.0
s9_offatr1_pts30-r3,2,19,all,218,14428.0,0.9108,1.1527,0.289,610.0
s9_offatr1_pts30-r3,2,19,london,52,-433.0,-0.0571,0.9818,0.25,610.0
s9_offatr1_pts30-r3,2,19,pre,82,12227.0,1.2225,1.3646,0.3293,610.0
s9_offatr1_pts30-r3,2,19,nyam,84,2634.0,0.2706,1.0709,0.2738,605.0
s9_offatr1_pts45-r0,2,20,all,218,49278.0,1.4304,1.3443,0.2706,915.0
s9_offatr1_pts45-r0,2,20,london,52,19247.0,1.0341,1.5291,0.2308,905.0
s9_offatr1_pts45-r0,2,20,pre,82,42247.0,1.6439,1.8112,0.2927,905.0
s9_offatr1_pts45-r0,2,20,nyam,84,-12216.0,-0.9323,0.7765,0.2738,915.0
s9_offatr1_pts45-r1,2,21,all,218,-3247.0,-0.2431,0.9675,0.4954,915.0
s9_offatr1_pts45-r1,2,21,london,52,-3958.0,-0.604,0.8446,0.4615,905.0
s9_offatr1_pts45-r1,2,21,pre,82,3077.0,0.3747,1.0868,0.5244,900.0
s9_offatr1_pts45-r1,2,21,nyam,84,-2366.0,-0.2844,0.9395,0.4881,915.0
s9_offatr1_pts45-r2,2,22,all,218,14598.0,0.7692,1.1172,0.3716,915.0
s9_offatr1_pts45-r2,2,22,london,52,-6708.0,-0.7516,0.8006,0.2885,905.0
s9_offatr1_pts45-r2,2,22,pre,82,8962.0,0.7649,1.1972,0.3902,905.0
s9_offatr1_pts45-r2,2,22,nyam,84,12344.0,1.0292,1.2715,0.4048,915.0
s9_offatr1_pts45-r3,2,23,all,218,17653.0,0.7765,1.1292,0.3073,915.0
s9_offatr1_pts45-r3,2,23,london,52,-1063.0,-0.0947,0.97,0.25,905.0
s9_offatr1_pts45-r3,2,23,pre,82,15537.0,1.0699,1.3148,0.3293,905.0
s9_offatr1_pts45-r3,2,23,nyam,84,3179.0,0.235,1.0613,0.3214,915.0
s9_offatr1_pct0p1-r0,2,24,all,218,29578.0,1.0705,1.3898,0.1147,445.0
s9_offatr1_pct0p1-r0,2,24,london,52,16312.0,1.1425,1.9247,0.1346,445.0
s9_offatr1_pct0p1-r0,2,24,pre,82,20032.0,0.9258,1.6926,0.1098,440.0
s9_offatr1_pct0p1-r0,2,24,nyam,84,-6766.0,-0.7051,0.7692,0.1071,445.0
s9_offatr1_pct0p1-r1,2,25,all,218,-617.0,-0.1071,0.9855,0.5,445.0
s9_offatr1_pct0p1-r1,2,25,london,52,-6293.0,-2.3205,0.5271,0.3462,445.0
s9_offatr1_pct0p1-r1,2,25,pre,82,4262.0,1.2066,1.3075,0.5732,440.0
s9_offatr1_pct0p1-r1,2,25,nyam,84,1414.0,0.3976,1.0914,0.5238,430.0
s9_offatr1_pct0p1-r2,2,26,all,218,-6842.0,-0.8526,0.8843,0.3073,445.0
s9_offatr1_pct0p1-r2,2,26,london,52,-4988.0,-1.3356,0.6733,0.25,445.0
s9_offatr1_pct0p1-r2,2,26,pre,82,-633.0,-0.1254,0.9708,0.3293,440.0
s9_offatr1_pct0p1-r2,2,26,nyam,84,-1221.0,-0.2429,0.9449,0.3214,430.0
s9_offatr1_pct0p1-r3,2,27,all,218,-5852.0,-0.5954,0.9108,0.2339,445.0
s9_offatr1_pct0p1-r3,2,27,london,52,-3008.0,-0.6386,0.8129,0.2115,445.0
s9_offatr1_pct0p1-r3,2,27,pre,82,-933.0,-0.1511,0.9619,0.2439,440.0
s9_offatr1_pct0p1-r3,2,27,nyam,84,-1911.0,-0.3137,0.9237,0.2381,445.0
s9_offatr1_pct0p2-r0,2,28,all,218,50558.0,1.5066,1.3951,0.2339,890.0
s9_offatr1_pct0p2-r0,2,28,london,52,24707.0,1.3551,1.7992,0.2308,890.0
s9_offatr1_pct0p2-r0,2,28,pre,82,38777.0,1.5373,1.8136,0.2439,875.0
s9_offatr1_pct0p2-r0,2,28,nyam,84,-12926.0,-1.0632,0.7383,0.2262,875.0
s9_offatr1_pct0p2-r1,2,29,all,218,-2532.0,-0.2208,0.9704,0.4908,875.0
s9_offatr1_pct0p2-r1,2,29,london,52,-1358.0,-0.2408,0.9347,0.4808,840.0
s9_offatr1_pct0p2-r1,2,29,pre,82,4822.0,0.6812,1.1637,0.5366,875.0
s9_offatr1_pct0p2-r1,2,29,nyam,84,-5996.0,-0.8474,0.8301,0.4524,865.0
s9_offatr1_pct0p2-r2,2,30,all,218,18728.0,1.1274,1.1771,0.3716,890.0
s9_offatr1_pct0p2-r2,2,30,london,52,-2733.0,-0.3467,0.9018,0.3077,890.0
s9_offatr1_pct0p2-r2,2,30,pre,82,17647.0,1.6792,1.4843,0.4268,875.0
s9_offatr1_pct0p2-r2,2,30,nyam,84,3814.0,0.3752,1.0919,0.3571,875.0
s9_offatr1_pct0p2-r3,2,31,all,218,20993.0,1.0332,1.1771,0.2936,890.0
s9_offatr1_pct0p2-r3,2,31,london,52,3482.0,0.3448,1.1186,0.2692,890.0
s9_offatr1_pct0p2-r3,2,31,pre,82,11127.0,0.8748,1.2543,0.3049,875.0
s9_offatr1_pct0p2-r3,2,31,nyam,84,6384.0,0.5166,1.1405,0.2976,875.0
s9_offptsA_atr1p5-r0,3,0,all,251,86221.0,2.2367,1.5724,0.255,3130.0
s9_offptsA_atr1p5-r0,3,0,london,106,28761.0,1.1607,1.4308,0.1981,2505.0
s9_offptsA_atr1p5-r0,3,0,pre,97,59657.0,2.1447,2.07,0.299,3130.0
s9_offptsA_atr1p5-r0,3,0,nyam,48,-2197.0,-0.2278,0.9219,0.2917,2295.0
s9_offptsA_atr1p5-r1,3,1,all,251,4251.0,0.2862,1.0417,0.494,3130.0
s9_offptsA_atr1p5-r1,3,1,london,106,-21139.0,-2.4426,0.5957,0.3868,2505.0
s9_offptsA_atr1p5-r1,3,1,pre,97,26972.0,2.7368,1.9361,0.6289,3130.0
s9_offptsA_atr1p5-r1,3,1,nyam,48,-1582.0,-0.2547,0.9239,0.4583,2295.0
s9_offptsA_atr1p5-r2,3,2,all,251,23026.0,1.0215,1.1752,0.3506,3130.0
s9_offptsA_atr1p5-r2,3,2,london,106,-22364.0,-1.9653,0.6464,0.2453,2505.0
s9_offptsA_atr1p5-r2,3,2,pre,97,40657.0,2.4239,1.9446,0.4639,3130.0
s9_offptsA_atr1p5-r2,3,2,nyam,48,4733.0,0.526,1.1881,0.3542,2295.0
s9_offptsA_atr1p5-r3,3,3,all,251,48701.0,1.8547,1.3473,0.3068,3130.0
s9_offptsA_atr1p5-r3,3,3,london,106,-14764.0,-1.0704,0.7752,0.217,2505.0
s9_offptsA_atr1p5-r3,3,3,pre,97,50237.0,2.6815,2.0364,0.3918,3130.0
s9_offptsA_atr1p5-r3,3,3,nyam,48,13228.0,1.1541,1.507,0.3333,2295.0
s9_offptsA_atr3-r0,3,4,all,251,84371.0,1.9121,1.3798,0.4024,4590.0
s9_offptsA_atr3-r0,3,4,london,106,31436.0,1.0998,1.3266,0.3679,4415.0
s9_offptsA_atr3-r0,3,4,pre,97,54887.0,1.7783,1.6441,0.4227,3855.0
s9_offptsA_atr3-r0,3,4,nyam,48,-1952.0,-0.146,0.952,0.4375,4590.0
s9_offptsA_atr3-r1,3,5,all,251,34956.0,1.2071,1.1922,0.5299,4590.0
s9_offptsA_atr3-r1,3,5,london,106,-3954.0,-0.2317,0.9509,0.4906,4415.0
s9_offptsA_atr3-r1,3,5,pre,97,35727.0,1.7843,1.544,0.5876,3720.0
s9_offptsA_atr3-r1,3,5,nyam,48,3183.0,0.265,1.0892,0.5,4590.0
s9_offptsA_atr3-r2,3,6,all,251,55046.0,1.5402,1.2561,0.4263,4590.0
s9_offptsA_atr3-r2,3,6,london,106,11361.0,0.5168,1.1227,0.4057,4415.0
s9_offptsA_atr3-r2,3,6,pre,97,32297.0,1.3402,1.3834,0.433,3855.0
s9_offptsA_atr3-r2,3,6,nyam,48,11388.0,0.7664,1.299,0.4583,4590.0
s9_offptsA_atr3-r3,3,7,all,251,66406.0,1.6636,1.2998,0.4064,4590.0
s9_offptsA_atr3-r3,3,7,london,106,23291.0,0.9071,1.2437,0.3774,4415.0
s9_offptsA_atr3-r3,3,7,pre,97,43072.0,1.5761,1.5055,0.4227,3855.0
s9_offptsA_atr3-r3,3,7,nyam,48,43.0,0.0031,1.0011,0.4375,4590.0
s9_offptsA_pts10-r0,3,8,all,251,31326.0,1.2241,1.6324,0.0598,250.0
s9_offptsA_pts10-r0,3,8,london,106,15686.0,0.9472,1.747,0.0566,215.0
s9_offptsA_pts10-r0,3,8,pre,97,21627.0,1.1215,2.144,0.0722,250.0
s9_offptsA_pts10-r0,3,8,nyam,48,-5987.0,-2.0177,0.3782,0.0417,210.0
s9_offptsA_pts10-r1,3,9,all,251,-2294.0,-0.7129,0.9138,0.494,210.0
s9_offptsA_pts10-r1,3,9,london,106,-3974.0,-1.9155,0.6894,0.4245,210.0
s9_offptsA_pts10-r1,3,9,pre,97,3617.0,1.8474,1.4551,0.6082,205.0
s9_offptsA_pts10-r1,3,9,nyam,48,-1937.0,-1.385,0.6693,0.4167,205.0
s9_offptsA_pts10-r2,3,10,all,251,-3604.0,-0.8014,0.899,0.3227,250.0
s9_offptsA_pts10-r2,3,10,london,106,-8924.0,-3.5103,0.494,0.2075,215.0
s9_offptsA_pts10-r2,3,10,pre,97,6282.0,2.1022,1.5638,0.4536,250.0
s9_offptsA_pts10-r2,3,10,nyam,48,-962.0,-0.4898,0.8606,0.3125,205.0
s9_offptsA_pts10-r3,3,11,all,251,506.0,0.0898,1.013,0.2629,250.0
s9_offptsA_pts10-r3,3,11,london,106,-9369.0,-3.1385,0.5044,0.1509,215.0
s9_offptsA_pts10-r3,3,11,pre,97,11057.0,2.8255,1.9073,0.4021,250.0
s9_offptsA_pts10-r3,3,11,nyam,48,-1182.0,-0.4989,0.8472,0.2292,205.0
s9_offptsA_pts20-r0,3,12,all,251,55571.0,1.8124,1.6308,0.1434,425.0
s9_offptsA_pts20-r0,3,12,london,106,33486.0,1.5731,1.8883,0.1321,420.0
s9_offptsA_pts20-r0,3,12,pre,97,32417.0,1.5019,1.977,0.1649,410.0
s9_offptsA_pts20-r0,3,12,nyam,48,-10332.0,-2.6251,0.3998,0.125,425.0
s9_offptsA_pts20-r1,3,13,all,251,-2114.0,-0.3306,0.959,0.498,410.0
s9_offptsA_pts20-r1,3,13,london,106,-6369.0,-1.5417,0.7409,0.434,410.0
s9_offptsA_pts20-r1,3,13,pre,97,9397.0,2.4377,1.6367,0.6289,410.0
s9_offptsA_pts20-r1,3,13,nyam,48,-5142.0,-1.8845,0.5809,0.375,400.0
s9_offptsA_pts20-r2,3,14,all,251,861.0,0.0948,1.0127,0.3426,420.0
s9_offptsA_pts20-r2,3,14,london,106,-10889.0,-2.0034,0.6637,0.2547,420.0
s9_offptsA_pts20-r2,3,14,pre,97,15717.0,2.6368,1.752,0.4742,410.0
s9_offptsA_pts20-r2,3,14,nyam,48,-3967.0,-1.0581,0.7229,0.2708,400.0
s9_offptsA_pts20-r3,3,15,all,251,4756.0,0.4218,1.0631,0.2669,420.0
s9_offptsA_pts20-r3,3,15,london,106,-9719.0,-1.4679,0.721,0.1981,420.0
s9_offptsA_pts20-r3,3,15,pre,97,18062.0,2.3518,1.7227,0.3711,410.0
s9_offptsA_pts20-r3,3,15,nyam,48,-3587.0,-0.7859,0.7693,0.2083,405.0
s9_offptsA_pts30-r0,3,16,all,251,49686.0,1.4954,1.3996,0.1873,615.0
s9_offptsA_pts30-r0,3,16,london,106,25806.0,1.1214,1.4702,0.1509,615.0
s9_offptsA_pts30-r0,3,16,pre,97,31252.0,1.3757,1.684,0.2268,610.0
s9_offptsA_pts30-r0,3,16,nyam,48,-7372.0,-0.9688,0.6898,0.1875,610.0
s9_offptsA_pts30-r1,3,17,all,251,-7134.0,-0.746,0.91,0.4821,615.0
s9_offptsA_pts30-r1,3,17,london,106,-11604.0,-1.8875,0.6932,0.4151,615.0
s9_offptsA_pts30-r1,3,17,pre,97,12012.0,2.0623,1.5188,0.6082,610.0
s9_offptsA_pts30-r1,3,17,nyam,48,-7542.0,-1.8465,0.5872,0.375,600.0
s9_offptsA_pts30-r2,3,18,all,251,476.0,0.0351,1.0047,0.3386,615.0
s9_offptsA_pts30-r2,3,18,london,106,-14084.0,-1.71,0.7039,0.2642,615.0
s9_offptsA_pts30-r2,3,18,pre,97,18527.0,2.0867,1.5631,0.4433,610.0
s9_offptsA_pts30-r2,3,18,nyam,48,-3967.0,-0.6905,0.8085,0.2917,605.0
s9_offptsA_pts30-r3,3,19,all,251,10066.0,0.5974,1.0907,0.2749,615.0
s9_offptsA_pts30-r3,3,19,london,106,-9309.0,-0.9075,0.8161,0.217,615.0
s9_offptsA_pts30-r3,3,19,pre,97,21127.0,1.8838,1.5504,0.3505,610.0
s9_offptsA_pts30-r3,3,19,nyam,48,-1752.0,-0.2478,0.9201,0.25,605.0
s9_offptsA_pts45-r0,3,20,all,251,62201.0,1.6556,1.3765,0.2629,915.0
s9_offptsA_pts45-r0,3,20,london,106,23051.0,0.922,1.3081,0.217,915.0
s9_offptsA_pts45-r0,3,20,pre,97,44132.0,1.6725,1.7308,0.299,910.0
s9_offptsA_pts45-r0,3,20,nyam,48,-4982.0,-0.5275,0.834,0.2917,910.0
s9_offptsA_pts45-r1,3,21,all,251,-8064.0,-0.5628,0.9313,0.4861,915.0
s9_offptsA_pts45-r1,3,21,london,106,-22439.0,-2.4657,0.6208,0.3868,915.0
s9_offptsA_pts45-r1,3,21,pre,97,18302.0,2.0975,1.5295,0.6082,910.0
s9_offptsA_pts45-r1,3,21,nyam,48,-3927.0,-0.6236,0.8339,0.4583,905.0
s9_offptsA_pts45-r2,3,22,all,251,11351.0,0.5609,1.0783,0.3586,915.0
s9_offptsA_pts45-r2,3,22,london,106,-13854.0,-1.0991,0.7971,0.2925,915.0
s9_offptsA_pts45-r2,3,22,pre,97,21002.0,1.6169,1.418,0.4227,910.0
s9_offptsA_pts45-r2,3,22,nyam,48,4203.0,0.4727,1.1594,0.375,905.0
s9_offptsA_pts45-r3,3,23,all,251,9931.0,0.4117,1.0622,0.2869,915.0
s9_offptsA_pts45-r3,3,23,london,106,-13944.0,-0.9275,0.8113,0.2264,915.0
s9_offptsA_pts45-r3,3,23,pre,97,16527.0,1.0662,1.2866,0.3299,910.0
s9_offptsA_pts45-r3,3,23,nyam,48,7348.0,0.6858,1.2606,0.3333,905.0
s9_offptsA_pct0p1-r0,3,24,all,251,57101.0,1.869,1.6739,0.1394,445.0
s9_offptsA_pct0p1-r0,3,24,london,106,34946.0,1.6455,1.9643,0.1321,445.0
s9_offptsA_pct0p1-r0,3,24,pre,97,31687.0,1.4742,1.9877,0.1546,435.0
s9_offptsA_pct0p1-r0,3,24,nyam,48,-9532.0,-2.4447,0.4192,0.125,440.0
s9_offptsA_pct0p1-r1,3,25,all,251,-1674.0,-0.2716,0.9661,0.498,435.0
s9_offptsA_pct0p1-r1,3,25,london,106,-6919.0,-1.7448,0.7119,0.4245,435.0
s9_offptsA_pct0p1-r1,3,25,pre,97,9397.0,2.5282,1.6686,0.6289,430.0
s9_offptsA_pct0p1-r1,3,25,nyam,48,-4152.0,-1.5662,0.635,0.3958,435.0
s9_offptsA_pct0p1-r2,3,26,all,251,3051.0,0.3456,1.0475,0.3466,435.0
s9_offptsA_pct0p1-r2,3,26,london,106,-10589.0,-2.0277,0.6601,0.2547,435.0
s9_offptsA_pct0p1-r2,3,26,pre,97,15952.0,2.7533,1.8027,0.4742,430.0
s9_offptsA_pct0p1-r2,3,26,nyam,48,-2312.0,-0.6198,0.8253,0.2917,435.0
s9_offptsA_pct0p1-r3,3,27,all,251,1881.0,0.1733,1.0257,0.255,435.0
s9_offptsA_pct0p1-r3,3,27,london,106,-10754.0,-1.713,0.6822,0.1887,435.0
s9_offptsA_pct0p1-r3,3,27,pre,97,15547.0,2.0908,1.6327,0.3505,435.0
s9_offptsA_pct0p1-r3,3,27,nyam,48,-2912.0,-0.6481,0.8031,0.2083,435.0
s9_offptsA_pct0p2-r0,3,28,all,251,53096.0,1.5099,1.3571,0.2311,880.0
s9_offptsA_pct0p2-r0,3,28,london,106,31401.0,1.2823,1.4857,0.2075,875.0
s9_offptsA_pct0p2-r0,3,28,pre,97,29612.0,1.2507,1.5332,0.2577,875.0
s9_offptsA_pct0p2-r0,3,28,nyam,48,-7917.0,-0.9078,0.7221,0.2292,880.0
s9_offptsA_pct0p2-r1,3,29,all,251,-11669.0,-0.951,0.8865,0.4701,875.0
s9_offptsA_pct0p2-r1,3,29,london,106,-20889.0,-2.6944,0.5937,0.3774,875.0
s9_offptsA_pct0p2-r1,3,29,pre,97,15067.0,2.0055,1.5034,0.5979,855.0
s9_offptsA_pct0p2-r1,3,29,nyam,48,-5847.0,-1.0949,0.7271,0.4167,865.0
s9_offptsA_pct0p2-r2,3,30,all,251,2841.0,0.163,1.0222,0.3426,880.0
s9_offptsA_pct0p2-r2,3,30,london,106,-14349.0,-1.3437,0.7578,0.283,875.0
s9_offptsA_pct0p2-r2,3,30,pre,97,22612.0,1.9742,1.5306,0.433,875.0
s9_offptsA_pct0p2-r2,3,30,nyam,48,-5422.0,-0.7448,0.7931,0.2917,880.0
s9_offptsA_pct0p2-r3,3,31,all,251,14466.0,0.6732,1.1038,0.2829,880.0
s9_offptsA_pct0p2-r3,3,31,london,106,-8889.0,-0.6753,0.8587,0.2358,875.0
s9_offptsA_pct0p2-r3,3,31,pre,97,20387.0,1.4449,1.4061,0.3299,875.0
s9_offptsA_pct0p2-r3,3,31,nyam,48,2968.0,0.3152,1.1132,0.2917,880.0
s9_offptsB_atr1p5-r0,4,0,all,228,67753.0,1.8525,1.4793,0.2456,3345.0
s9_offptsB_atr1p5-r0,4,0,london,66,41421.0,1.8045,1.9648,0.2576,2515.0
s9_offptsB_atr1p5-r0,4,0,pre,101,28801.0,1.1008,1.4552,0.2178,3345.0
s9_offptsB_atr1p5-r0,4,0,nyam,61,-2469.0,-0.2226,0.9298,0.2787,2295.0
s9_offptsB_atr1p5-r1,4,1,all,228,8593.0,0.5916,1.0927,0.5132,3345.0
s9_offptsB_atr1p5-r1,4,1,london,66,-3814.0,-0.4911,0.8755,0.5,2515.0
s9_offptsB_atr1p5-r1,4,1,pre,101,17961.0,1.7775,1.5217,0.5743,3345.0
s9_offptsB_atr1p5-r1,4,1,nyam,61,-5554.0,-0.8128,0.799,0.4262,2295.0
s9_offptsB_atr1p5-r2,4,2,all,228,32133.0,1.4481,1.2706,0.3772,3345.0
s9_offptsB_atr1p5-r2,4,2,london,66,-274.0,-0.0255,0.9929,0.3485,2515.0
s9_offptsB_atr1p5-r2,4,2,pre,101,26571.0,1.595,1.5398,0.4059,3345.0
s9_offptsB_atr1p5-r2,4,2,nyam,61,5836.0,0.5827,1.1883,0.3607,2295.0
s9_offptsB_atr1p5-r3,4,3,all,228,36683.0,1.4568,1.2784,0.2982,3345.0
s9_offptsB_atr1p5-r3,4,3,london,66,3381.0,0.2571,1.0803,0.2727,2515.0
s9_offptsB_atr1p5-r3,4,3,pre,101,19781.0,1.1235,1.3463,0.297,3345.0
s9_offptsB_atr1p5-r3,4,3,nyam,61,13521.0,1.0842,1.4157,0.3279,2295.0
s9_offptsB_atr3-r0,4,4,all,228,50923.0,1.1918,1.2305,0.386,4590.0
s9_offptsB_atr3-r0,4,4,london,66,42841.0,1.6902,1.7226,0.4091,4455.0
s9_offptsB_atr3-r0,4,4,pre,101,706.0,0.0236,1.0064,0.3168,3995.0
s9_offptsB_atr3-r0,4,4,nyam,61,7376.0,0.4337,1.1454,0.4754,4590.0
s9_offptsB_atr3-r1,4,5,all,228,14893.0,0.5202,1.082,0.5132,4590.0
s9_offptsB_atr3-r1,4,5,london,66,12491.0,0.8379,1.2598,0.5455,4455.0
s9_offptsB_atr3-r1,4,5,pre,101,-3809.0,-0.1856,0.957,0.4752,3720.0
s9_offptsB_atr3-r1,4,5,nyam,61,6211.0,0.4615,1.1388,0.541,4590.0
s9_offptsB_atr3-r2,4,6,all,228,24303.0,0.6972,1.1133,0.4035,4590.0
s9_offptsB_atr3-r2,4,6,london,66,20766.0,1.0787,1.359,0.4242,4455.0
s9_offptsB_atr3-r2,4,6,pre,101,-14314.0,-0.6124,0.868,0.3366,3995.0
s9_offptsB_atr3-r2,4,6,nyam,61,17851.0,1.0346,1.371,0.4918,4590.0
s9_offptsB_atr3-r3,4,7,all,228,28803.0,0.7659,1.1304,0.386,4590.0
s9_offptsB_atr3-r3,4,7,london,66,34551.0,1.5259,1.5827,0.4091,4455.0
s9_offptsB_atr3-r3,4,7,pre,101,-11794.0,-0.4676,0.8936,0.3168,3995.0
s9_offptsB_atr3-r3,4,7,nyam,61,6046.0,0.3742,1.1192,0.4754,4590.0
s9_offptsB_pts10-r0,4,8,all,228,-1437.0,-0.0845,0.9687,0.0439,280.0
s9_offptsB_pts10-r0,4,8,london,66,15046.0,1.0357,2.1531,0.0606,220.0
s9_offptsB_pts10-r0,4,8,pre,101,-10414.0,-1.3837,0.4988,0.0297,280.0
s9_offptsB_pts10-r0,4,8,nyam,61,-6069.0,-1.3925,0.5004,0.0492,205.0
s9_offptsB_pts10-r1,4,9,all,228,-9012.0,-2.9641,0.6762,0.4211,250.0
s9_offptsB_pts10-r1,4,9,london,66,-4139.0,-2.5851,0.5319,0.3636,210.0
s9_offptsB_pts10-r1,4,9,pre,101,-1414.0,-0.6864,0.8717,0.4851,250.0
s9_offptsB_pts10-r1,4,9,nyam,61,-3459.0,-2.2341,0.5658,0.377,205.0
s9_offptsB_pts10-r2,4,10,all,228,-7422.0,-1.7737,0.7814,0.2939,250.0
s9_offptsB_pts10-r2,4,10,london,66,-6014.0,-3.0448,0.4612,0.197,220.0
s9_offptsB_pts10-r2,4,10,pre,101,476.0,0.1618,1.0345,0.3564,250.0
s9_offptsB_pts10-r2,4,10,nyam,61,-1884.0,-0.8662,0.7909,0.2951,205.0
s9_offptsB_pts10-r3,4,11,all,228,-9417.0,-1.8904,0.7523,0.2105,280.0
s9_offptsB_pts10-r3,4,11,london,66,-6639.0,-2.9297,0.4469,0.1364,220.0
s9_offptsB_pts10-r3,4,11,pre,101,-1274.0,-0.3612,0.9212,0.2475,280.0
s9_offptsB_pts10-r3,4,11,nyam,61,-1504.0,-0.5638,0.8473,0.2295,205.0
s9_offptsB_pts20-r0,4,12,all,228,16558.0,0.5979,1.1954,0.0965,570.0
s9_offptsB_pts20-r0,4,12,london,66,28221.0,1.4967,2.2066,0.1364,410.0
s9_offptsB_pts20-r0,4,12,pre,101,306.0,0.0158,1.0079,0.0693,570.0
s9_offptsB_pts20-r0,4,12,nyam,61,-11969.0,-2.1266,0.4689,0.0984,420.0
s9_offptsB_pts20-r1,4,13,all,228,-7372.0,-1.2092,0.8518,0.4693,495.0
s9_offptsB_pts20-r1,4,13,london,66,-6129.0,-1.8995,0.6268,0.3939,410.0
s9_offptsB_pts20-r1,4,13,pre,101,2786.0,0.6845,1.1467,0.5446,495.0
s9_offptsB_pts20-r1,4,13,nyam,61,-4029.0,-1.2847,0.7187,0.4262,410.0
s9_offptsB_pts20-r2,4,14,all,228,-6957.0,-0.8185,0.8918,0.3158,570.0
s9_offptsB_pts20-r2,4,14,london,66,-2959.0,-0.6519,0.8433,0.303,410.0
s9_offptsB_pts20-r2,4,14,pre,101,1691.0,0.2885,1.0627,0.3564,570.0
s9_offptsB_pts20-r2,4,14,nyam,61,-5689.0,-1.3624,0.6912,0.2623,410.0
s9_offptsB_pts20-r3,4,15,all,228,-7057.0,-0.6821,0.9015,0.2368,570.0
s9_offptsB_pts20-r3,4,15,london,66,-4599.0,-0.8554,0.7845,0.2121,410.0
s9_offptsB_pts20-r3,4,15,pre,101,1646.0,0.2286,1.0537,0.2673,570.0
s9_offptsB_pts20-r3,4,15,nyam,61,-4104.0,-0.7927,0.7912,0.2131,410.0
s9_offptsB_pts30-r0,4,16,all,228,35768.0,1.1583,1.3153,0.1842,625.0
s9_offptsB_pts30-r0,4,16,london,66,37501.0,1.8208,2.1823,0.2121,615.0
s9_offptsB_pts30-r0,4,16,pre,101,15176.0,0.7,1.2999,0.1782,620.0
s9_offptsB_pts30-r0,4,16,nyam,61,-16909.0,-2.538,0.4565,0.1639,625.0
s9_offptsB_pts30-r1,4,17,all,228,-8822.0,-0.9682,0.8795,0.4737,620.0
s9_offptsB_pts30-r1,4,17,london,66,-5299.0,-1.0811,0.7654,0.4394,615.0
s9_offptsB_pts30-r1,4,17,pre,101,5931.0,0.9798,1.2161,0.5545,620.0
s9_offptsB_pts30-r1,4,17,nyam,61,-9454.0,-2.0547,0.5918,0.377,610.0
s9_offptsB_pts30-r2,4,18,all,228,-4572.0,-0.3576,0.951,0.3289,620.0
s9_offptsB_pts30-r2,4,18,london,66,-4144.0,-0.6099,0.8523,0.303,615.0
s9_offptsB_pts30-r2,4,18,pre,101,8841.0,0.9957,1.2339,0.3861,620.0
s9_offptsB_pts30-r2,4,18,nyam,61,-9269.0,-1.515,0.6621,0.2623,610.0
s9_offptsB_pts30-r3,4,19,all,228,943.0,0.06,1.0092,0.2632,620.0
s9_offptsB_pts30-r3,4,19,london,66,641.0,0.0744,1.0214,0.2576,615.0
s9_offptsB_pts30-r3,4,19,pre,101,5381.0,0.5037,1.1226,0.2871,620.0
s9_offptsB_pts30-r3,4,19,nyam,61,-5079.0,-0.6557,0.8227,0.2295,610.0
s9_offptsB_pts45-r0,4,20,all,228,48363.0,1.3818,1.3181,0.2588,915.0
s9_offptsB_pts45-r0,4,20,london,66,36131.0,1.6103,1.8105,0.2576,915.0
s9_offptsB_pts45-r0,4,20,pre,101,7981.0,0.3461,1.1152,0.2277,915.0
s9_offptsB_pts45-r0,4,20,nyam,61,4251.0,0.3084,1.1113,0.3115,900.0
s9_offptsB_pts45-r1,4,21,all,228,-10572.0,-0.7746,0.9023,0.4781,915.0
s9_offptsB_pts45-r1,4,21,london,66,-464.0,-0.0628,0.9845,0.5,915.0
s9_offptsB_pts45-r1,4,21,pre,101,-1589.0,-0.1743,0.9657,0.495,915.0
s9_offptsB_pts45-r1,4,21,nyam,61,-8519.0,-1.2119,0.7322,0.4262,900.0
s9_offptsB_pts45-r2,4,22,all,228,1748.0,0.091,1.0129,0.3465,915.0
s9_offptsB_pts45-r2,4,22,london,66,-5929.0,-0.5824,0.8583,0.303,915.0
s9_offptsB_pts45-r2,4,22,pre,101,2721.0,0.2122,1.046,0.3564,915.0
s9_offptsB_pts45-r2,4,22,nyam,61,4956.0,0.4886,1.1435,0.377,900.0
s9_offptsB_pts45-r3,4,23,all,228,6213.0,0.2703,1.0421,0.2851,915.0
s9_offptsB_pts45-r3,4,23,london,66,701.0,0.0548,1.0157,0.2576,915.0
s9_offptsB_pts45-r3,4,23,pre,101,1846.0,0.1203,1.0281,0.2772,915.0
s9_offptsB_pts45-r3,4,23,nyam,61,3666.0,0.3172,1.0984,0.3279,900.0
s9_offptsB_pct0p1-r0,4,24,all,228,23633.0,0.8431,1.2905,0.0965,570.0
s9_offptsB_pct0p1-r0,4,24,london,66,34366.0,1.7787,2.5512,0.1515,445.0
s9_offptsB_pct0p1-r0,4,24,pre,101,1931.0,0.1002,1.0519,0.0693,570.0
s9_offptsB_pct0p1-r0,4,24,nyam,61,-12664.0,-2.342,0.4239,0.082,440.0
s9_offptsB_pct0p1-r1,4,25,all,228,-2992.0,-0.5065,0.9348,0.4912,495.0
s9_offptsB_pct0p1-r1,4,25,london,66,-4374.0,-1.3779,0.711,0.4242,445.0
s9_offptsB_pct0p1-r1,4,25,pre,101,3501.0,0.892,1.1958,0.5545,495.0
s9_offptsB_pct0p1-r1,4,25,nyam,61,-2119.0,-0.696,0.8354,0.459,425.0
s9_offptsB_pct0p1-r2,4,26,all,228,-3567.0,-0.4289,0.9414,0.3246,570.0
s9_offptsB_pct0p1-r2,4,26,london,66,-339.0,-0.0746,0.9806,0.3333,445.0
s9_offptsB_pct0p1-r2,4,26,pre,101,2976.0,0.5217,1.1167,0.3663,570.0
s9_offptsB_pct0p1-r2,4,26,nyam,61,-6204.0,-1.556,0.6544,0.2459,435.0
s9_offptsB_pct0p1-r3,4,27,all,228,-4097.0,-0.4034,0.9401,0.2412,570.0
s9_offptsB_pct0p1-r3,4,27,london,66,-2379.0,-0.4374,0.8821,0.2273,445.0
s9_offptsB_pct0p1-r3,4,27,pre,101,3411.0,0.4829,1.1174,0.2772,570.0
s9_offptsB_pct0p1-r3,4,27,nyam,61,-5129.0,-1.0466,0.7326,0.1967,440.0
s9_offptsB_pct0p2-r0,4,28,all,228,48703.0,1.4634,1.3632,0.2325,895.0
s9_offptsB_pct0p2-r0,4,28,london,66,39131.0,1.7796,2.0018,0.2424,895.0
s9_offptsB_pct0p2-r0,4,28,pre,101,13381.0,0.5937,1.2217,0.2079,875.0
s9_offptsB_pct0p2-r0,4,28,nyam,61,-3809.0,-0.362,0.8902,0.2623,875.0
s9_offptsB_pct0p2-r1,4,29,all,228,-6552.0,-0.5584,0.9284,0.4825,875.0
s9_offptsB_pct0p2-r1,4,29,london,66,141.0,0.0221,1.0055,0.5,870.0
s9_offptsB_pct0p2-r1,4,29,pre,101,3001.0,0.384,1.08,0.5248,875.0
s9_offptsB_pct0p2-r1,4,29,nyam,61,-9694.0,-1.6264,0.6585,0.3934,865.0
s9_offptsB_pct0p2-r2,4,30,all,228,6103.0,0.3647,1.053,0.3465,875.0
s9_offptsB_pct0p2-r2,4,30,london,66,-4064.0,-0.456,0.8864,0.303,870.0
s9_offptsB_pct0p2-r2,4,30,pre,101,9621.0,0.8493,1.1978,0.3762,875.0
s9_offptsB_pct0p2-r2,4,30,nyam,61,546.0,0.0636,1.0177,0.3443,875.0
s9_offptsB_pct0p2-r3,4,31,all,228,13798.0,0.6709,1.1092,0.2807,895.0
s9_offptsB_pct0p2-r3,4,31,london,66,-1114.0,-0.1005,0.9715,0.2424,895.0
s9_offptsB_pct0p2-r3,4,31,pre,101,9181.0,0.6622,1.1673,0.2871,875.0
s9_offptsB_pct0p2-r3,4,31,nyam,61,5731.0,0.5439,1.1769,0.3115,875.0
s10_offatr0p25_atr1p5-r0,0,0,all,252,41897.0,1.114,1.2528,0.2222,5090.0
s10_offatr0p25_atr1p5-r0,0,0,london,101,1461.0,0.0591,1.0202,0.1683,5090.0
s10_offatr0p25_atr1p5-r0,0,0,pre,100,38295.0,1.505,1.6213,0.25,1860.0
s10_offatr0p25_atr1p5-r0,0,0,nyam,51,2141.0,0.1702,1.0675,0.2745,2005.0
s10_offatr0p25_atr1p5-r1,0,1,all,252,-2578.0,-0.1734,0.9757,0.496,2525.0
s10_offatr0p25_atr1p5-r1,0,1,london,101,1611.0,0.1604,1.0393,0.505,2525.0
s10_offatr0p25_atr1p5-r1,0,1,pre,100,-5720.0,-0.6576,0.8683,0.49,1805.0
s10_offatr0p25_atr1p5-r1,0,1,nyam,51,1531.0,0.2258,1.0701,0.4902,1750.0
s10_offatr0p25_atr1p5-r2,0,2,all,252,5442.0,0.2685,1.0397,0.3571,5090.0
s10_offatr0p25_atr1p5-r2,0,2,london,101,-5829.0,-0.4523,0.8992,0.3465,5090.0
s10_offatr0p25_atr1p5-r2,0,2,pre,100,7045.0,0.5774,1.1367,0.38,1860.0
s10_offatr0p25_atr1p5-r2,0,2,nyam,51,4226.0,0.4263,1.1534,0.3333,1750.0
s10_offatr0p25_atr1p5-r3,0,3,all,252,24692.0,0.9967,1.1657,0.3056,5090.0
s10_offatr0p25_atr1p5-r3,0,3,london,101,376.0,0.0244,1.006,0.2871,5090.0
s10_offatr0p25_atr1p5-r3,0,3,pre,100,16845.0,1.1065,1.302,0.33,1860.0
s10_offatr0p25_atr1p5-r3,0,3,nyam,51,7471.0,0.6148,1.2455,0.2941,2005.0
s10_offatr0p25_atr3-r0,0,4,all,252,-3168.0,-0.0705,0.9881,0.3413,10180.0
s10_offatr0p25_atr3-r0,0,4,london,101,-13169.0,-0.431,0.8849,0.297,10180.0
s10_offatr0p25_atr3-r0,0,4,pre,100,14915.0,0.5118,1.1446,0.35,3720.0
s10_offatr0p25_atr3-r0,0,4,nyam,51,-4914.0,-0.3141,0.8985,0.4118,4010.0
s10_offatr0p25_atr3-r1,0,5,all,252,-32888.0,-1.1394,0.8487,0.4802,10180.0
s10_offatr0p25_atr3-r1,0,5,london,101,-23289.0,-1.1882,0.7486,0.4653,10180.0
s10_offatr0p25_atr3-r1,0,5,pre,100,-17670.0,-1.0389,0.799,0.47,3720.0
s10_offatr0p25_atr3-r1,0,5,nyam,51,8071.0,0.6366,1.2194,0.5294,3500.0
s10_offatr0p25_atr3-r2,0,6,all,252,-41228.0,-1.1937,0.8386,0.373,10180.0
s10_offatr0p25_atr3-r2,0,6,london,101,-37354.0,-1.7407,0.6592,0.3366,10180.0
s10_offatr0p25_atr3-r2,0,6,pre,100,-11450.0,-0.5275,0.8864,0.37,3720.0
s10_offatr0p25_atr3-r2,0,6,nyam,51,7576.0,0.4686,1.1683,0.451,4010.0
s10_offatr0p25_atr3-r3,0,7,all,252,-42423.0,-1.1274,0.8405,0.3413,10180.0
s10_offatr0p25_atr3-r3,0,7,london,101,-39779.0,-1.7464,0.6523,0.297,10180.0
s10_offatr0p25_atr3-r3,0,7,pre,100,1860.0,0.0729,1.018,0.35,3720.0
s10_offatr0p25_atr3-r3,0,7,nyam,51,-4504.0,-0.2856,0.907,0.4118,4010.0
s10_offatr0p25_pts10-r0,0,8,all,252,37927.0,1.5169,1.7806,0.0794,210.0
s10_offatr0p25_pts10-r0,0,8,london,101,18886.0,0.9874,1.9586,0.0693,210.0
s10_offatr0p25_pts10-r0,0,8,pre,100,22795.0,1.4761,2.2096,0.1,210.0
s10_offatr0p25_pts10-r0,0,8,nyam,51,-3754.0,-0.8106,0.6262,0.0588,205.0
s10_offatr0p25_pts10-r1,0,9,all,252,-1708.0,-0.5295,0.9353,0.5,210.0
s10_offatr0p25_pts10-r1,0,9,london,101,1131.0,0.5541,1.1172,0.5446,210.0
s10_offatr0p25_pts10-r1,0,9,pre,100,-1090.0,-0.5348,0.8981,0.49,210.0
s10_offatr0p25_pts10-r1,0,9,nyam,51,-1749.0,-1.209,0.7114,0.4314,200.0
s10_offatr0p25_pts10-r2,0,10,all,252,-6773.0,-1.5323,0.8163,0.3016,210.0
s10_offatr0p25_pts10-r2,0,10,london,101,-3614.0,-1.3058,0.7606,0.2871,210.0
s10_offatr0p25_pts10-r2,0,10,pre,100,-970.0,-0.339,0.9309,0.33,210.0
s10_offatr0p25_pts10-r2,0,10,nyam,51,-2189.0,-1.1241,0.7169,0.2745,200.0
s10_offatr0p25_pts10-r3,0,11,all,252,-1233.0,-0.2211,0.9687,0.254,210.0
s10_offatr0p25_pts10-r3,0,11,london,101,-1839.0,-0.531,0.8861,0.2376,210.0
s10_offatr0p25_pts10-r3,0,11,pre,100,800.0,0.2226,1.0523,0.27,210.0
s10_offatr0p25_pts10-r3,0,11,nyam,51,-194.0,-0.0767,0.9756,0.2549,200.0
s10_offatr0p25_pts20-r0,0,12,all,252,54632.0,1.7451,1.6176,0.1429,410.0
s10_offatr0p25_pts20-r0,0,12,london,101,17176.0,0.8084,1.4658,0.1089,410.0
s10_offatr0p25_pts20-r0,0,12,pre,100,42600.0,1.9442,2.2689,0.18,410.0
s10_offatr0p25_pts20-r0,0,12,nyam,51,-5144.0,-0.7663,0.7144,0.1373,405.0
s10_offatr0p25_pts20-r1,0,13,all,252,-123.0,-0.0192,0.9976,0.5079,410.0
s10_offatr0p25_pts20-r1,0,13,london,101,506.0,0.1244,1.0252,0.5149,410.0
s10_offatr0p25_pts20-r1,0,13,pre,100,120.0,0.0296,1.006,0.51,410.0
s10_offatr0p25_pts20-r1,0,13,nyam,51,-749.0,-0.2579,0.9297,0.4902,405.0
s10_offatr0p25_pts20-r2,0,14,all,252,2867.0,0.3136,1.0427,0.3492,410.0
s10_offatr0p25_pts20-r2,0,14,london,101,5631.0,0.9496,1.2216,0.3861,410.0
s10_offatr0p25_pts20-r2,0,14,pre,100,35.0,0.0061,1.0013,0.34,410.0
s10_offatr0p25_pts20-r2,0,14,nyam,51,-2799.0,-0.7066,0.8101,0.2941,405.0
s10_offatr0p25_pts20-r3,0,15,all,252,4362.0,0.3866,1.0576,0.2659,410.0
s10_offatr0p25_pts20-r3,0,15,london,101,5181.0,0.7061,1.1756,0.2871,410.0
s10_offatr0p25_pts20-r3,0,15,pre,100,5610.0,0.7662,1.193,0.29,410.0
s10_offatr0p25_pts20-r3,0,15,nyam,51,-6429.0,-1.4565,0.6261,0.1765,405.0
s10_offatr0p25_pts30-r0,0,16,all,252,47407.0,1.3981,1.3758,0.1786,630.0
s10_offatr0p25_pts30-r0,0,16,london,101,13041.0,0.5687,1.2458,0.1386,630.0
s10_offatr0p25_pts30-r0,0,16,pre,100,38075.0,1.6562,1.8015,0.22,600.0
s10_offatr0p25_pts30-r0,0,16,nyam,51,-3709.0,-0.3793,0.855,0.1765,605.0
s10_offatr0p25_pts30-r1,0,17,all,252,3152.0,0.329,1.0424,0.5159,610.0
s10_offatr0p25_pts30-r1,0,17,london,101,2331.0,0.3834,1.0797,0.5248,610.0
s10_offatr0p25_pts30-r1,0,17,pre,100,-1855.0,-0.3064,0.9403,0.49,600.0
s10_offatr0p25_pts30-r1,0,17,nyam,51,2676.0,0.6187,1.191,0.549,605.0
s10_offatr0p25_pts30-r2,0,18,all,252,1687.0,0.1239,1.0167,0.3413,630.0
s10_offatr0p25_pts30-r2,0,18,london,101,1596.0,0.1839,1.0396,0.3465,630.0
s10_offatr0p25_pts30-r2,0,18,pre,100,2275.0,0.2629,1.0575,0.35,600.0
s10_offatr0p25_pts30-r2,0,18,nyam,51,-2184.0,-0.3615,0.8976,0.3137,605.0
s10_offatr0p25_pts30-r3,0,19,all,252,16612.0,0.9724,1.1514,0.2857,630.0
s10_offatr0p25_pts30-r3,0,19,london,101,3356.0,0.3121,1.0744,0.2673,630.0
s10_offatr0p25_pts30-r3,0,19,pre,100,16595.0,1.4826,1.4067,0.33,600.0
s10_offatr0p25_pts30-r3,0,19,nyam,51,-3339.0,-0.4667,0.8595,0.2353,605.0
s10_offatr0p25_pts45-r0,0,20,all,252,57747.0,1.5003,1.3422,0.254,945.0
s10_offatr0p25_pts45-r0,0,20,london,101,12901.0,0.4975,1.175,0.198,945.0
s10_offatr0p25_pts45-r0,0,20,pre,100,39120.0,1.5321,1.6136,0.28,900.0
s10_offatr0p25_pts45-r0,0,20,nyam,51,5726.0,0.448,1.1829,0.3137,905.0
s10_offatr0p25_pts45-r1,0,21,all,252,1897.0,0.1321,1.0168,0.5079,945.0
s10_offatr0p25_pts45-r1,0,21,london,101,176.0,0.0193,1.0039,0.505,945.0
s10_offatr0p25_pts45-r1,0,21,pre,100,-650.0,-0.0717,0.9857,0.5,900.0
s10_offatr0p25_pts45-r1,0,21,nyam,51,2371.0,0.3648,1.1087,0.5294,905.0
s10_offatr0p25_pts45-r2,0,22,all,252,15357.0,0.7527,1.1062,0.369,945.0
s10_offatr0p25_pts45-r2,0,22,london,101,-3424.0,-0.269,0.9447,0.3267,945.0
s10_offatr0p25_pts45-r2,0,22,pre,100,16585.0,1.2635,1.3092,0.41,900.0
s10_offatr0p25_pts45-r2,0,22,nyam,51,2196.0,0.2406,1.0755,0.3725,905.0
s10_offatr0p25_pts45-r3,0,23,all,252,25587.0,1.0373,1.164,0.3095,945.0
s10_offatr0p25_pts45-r3,0,23,london,101,1171.0,0.075,1.0174,0.2673,945.0
s10_offatr0p25_pts45-r3,0,23,pre,100,14710.0,0.9477,1.2484,0.33,900.0
s10_offatr0p25_pts45-r3,0,23,nyam,51,9706.0,0.8599,1.3292,0.3529,905.0
s10_offatr0p25_pct0p1-r0,0,24,all,252,56157.0,1.7996,1.6591,0.1389,445.0
s10_offatr0p25_pct0p1-r0,0,24,london,101,18951.0,0.894,1.5399,0.1089,440.0
s10_offatr0p25_pct0p1-r0,0,24,pre,100,41560.0,1.9022,2.2637,0.17,440.0
s10_offatr0p25_pct0p1-r0,0,24,nyam,51,-4354.0,-0.6519,0.7472,0.1373,445.0
s10_offatr0p25_pct0p1-r1,0,25,all,252,437.0,0.0708,1.009,0.5079,445.0
s10_offatr0p25_pct0p1-r1,0,25,london,101,1861.0,0.4778,1.1005,0.5248,440.0
s10_offatr0p25_pct0p1-r1,0,25,pre,100,835.0,0.2128,1.0438,0.52,440.0
s10_offatr0p25_pct0p1-r1,0,25,nyam,51,-2259.0,-0.8146,0.7941,0.451,445.0
s10_offatr0p25_pct0p1-r2,0,26,all,252,2507.0,0.2841,1.0388,0.3452,445.0
s10_offatr0p25_pct0p1-r2,0,26,london,101,3931.0,0.6919,1.1583,0.3663,440.0
s10_offatr0p25_pct0p1-r2,0,26,pre,100,1105.0,0.1973,1.0428,0.35,440.0
s10_offatr0p25_pct0p1-r2,0,26,nyam,51,-2529.0,-0.6628,0.82,0.2941,445.0
s10_offatr0p25_pct0p1-r3,0,27,all,252,8447.0,0.7643,1.1177,0.2738,445.0
s10_offatr0p25_pct0p1-r3,0,27,london,101,5866.0,0.8222,1.2093,0.2871,440.0
s10_offatr0p25_pct0p1-r3,0,27,pre,100,5360.0,0.7552,1.1903,0.29,440.0
s10_offatr0p25_pct0p1-r3,0,27,nyam,51,-2779.0,-0.6017,0.8217,0.2157,445.0
s10_offatr0p25_pct0p2-r0,0,28,all,252,52542.0,1.4401,1.3459,0.2183,890.0
s10_offatr0p25_pct0p2-r0,0,28,london,101,18216.0,0.7193,1.2851,0.1782,880.0
s10_offatr0p25_pct0p2-r0,0,28,pre,100,35955.0,1.5007,1.6214,0.25,880.0
s10_offatr0p25_pct0p2-r0,0,28,nyam,51,-1629.0,-0.1489,0.946,0.2353,890.0
s10_offatr0p25_pct0p2-r1,0,29,all,252,-8198.0,-0.6662,0.9192,0.4802,890.0
s10_offatr0p25_pct0p2-r1,0,29,london,101,2396.0,0.3081,1.0637,0.5149,880.0
s10_offatr0p25_pct0p2-r1,0,29,pre,100,-8110.0,-1.0401,0.8112,0.45,880.0
s10_offatr0p25_pct0p2-r1,0,29,nyam,51,-2484.0,-0.4477,0.8809,0.4706,890.0
s10_offatr0p25_pct0p2-r2,0,30,all,252,10857.0,0.6151,1.086,0.3532,890.0
s10_offatr0p25_pct0p2-r2,0,30,london,101,-1744.0,-0.1595,0.9666,0.3267,880.0
s10_offatr0p25_pct0p2-r2,0,30,pre,100,10475.0,0.9179,1.2161,0.38,880.0
s10_offatr0p25_pct0p2-r2,0,30,nyam,51,2126.0,0.2667,1.0833,0.3529,890.0
s10_offatr0p25_pct0p2-r3,0,31,all,252,29487.0,1.337,1.2161,0.2976,890.0
s10_offatr0p25_pct0p2-r3,0,31,london,101,7871.0,0.5661,1.1403,0.2772,880.0
s10_offatr0p25_pct0p2-r3,0,31,pre,100,19570.0,1.3768,1.3785,0.33,880.0
s10_offatr0p25_pct0p2-r3,0,31,nyam,51,2046.0,0.2112,1.0715,0.2745,890.0
s10_offatr0p5_atr1p5-r0,1,0,all,251,58246.0,1.5269,1.3681,0.2231,5090.0
s10_offatr0p5_atr1p5-r0,1,0,london,89,16894.0,0.7187,1.3025,0.2135,5090.0
s10_offatr0p5_atr1p5-r0,1,0,pre,99,14304.0,0.6161,1.2225,0.1919,2495.0
s10_offatr0p5_atr1p5-r0,1,0,nyam,63,27048.0,1.4023,1.71,0.2857,2005.0
s10_offatr0p5_atr1p5-r1,1,1,all,251,14986.0,1.0117,1.1543,0.506,1750.0
s10_offatr0p5_atr1p5-r1,1,1,london,89,5089.0,0.5632,1.156,0.5056,1705.0
s10_offatr0p5_atr1p5-r1,1,1,pre,99,6609.0,0.7433,1.1767,0.5152,1670.0
s10_offatr0p5_atr1p5-r1,1,1,nyam,63,3288.0,0.4227,1.1214,0.4921,1750.0
s10_offatr0p5_atr1p5-r2,1,2,all,251,23546.0,1.1118,1.1804,0.3586,5090.0
s10_offatr0p5_atr1p5-r2,1,2,london,89,714.0,0.0595,1.0153,0.3596,5090.0
s10_offatr0p5_atr1p5-r2,1,2,pre,99,8449.0,0.6562,1.165,0.3535,2495.0
s10_offatr0p5_atr1p5-r2,1,2,nyam,63,14383.0,1.2124,1.4426,0.3651,1750.0
s10_offatr0p5_atr1p5-r3,1,3,all,251,36036.0,1.3733,1.2475,0.2908,5090.0
s10_offatr0p5_atr1p5-r3,1,3,london,89,-1121.0,-0.0777,0.979,0.2584,5090.0
s10_offatr0p5_atr1p5-r3,1,3,pre,99,10624.0,0.6664,1.1838,0.2828,2495.0
s10_offatr0p5_atr1p5-r3,1,3,nyam,63,26533.0,1.7696,1.7688,0.3492,2005.0
s10_offatr0p5_atr3-r0,1,4,all,251,36431.0,0.7977,1.148,0.3665,10175.0
s10_offatr0p5_atr3-r0,1,4,london,89,10554.0,0.3608,1.1178,0.3371,10175.0
s10_offatr0p5_atr3-r0,1,4,pre,99,15504.0,0.5572,1.1602,0.3737,4990.0
s10_offatr0p5_atr3-r0,1,4,nyam,63,10373.0,0.4772,1.1735,0.3968,4010.0
s10_offatr0p5_atr3-r1,1,5,all,251,5531.0,0.192,1.0283,0.5179,10175.0
s10_offatr0p5_atr3-r1,1,5,london,89,-2911.0,-0.1633,0.9581,0.5281,10175.0
s10_offatr0p5_atr3-r1,1,5,pre,99,-4046.0,-0.233,0.9496,0.4949,4990.0
s10_offatr0p5_atr3-r1,1,5,nyam,63,12488.0,0.8532,1.2731,0.5397,3505.0
s10_offatr0p5_atr3-r2,1,6,all,251,11931.0,0.3254,1.0506,0.4024,10175.0
s10_offatr0p5_atr3-r2,1,6,london,89,-7351.0,-0.3508,0.9134,0.382,10175.0
s10_offatr0p5_atr3-r2,1,6,pre,99,5819.0,0.2483,1.0612,0.3939,4990.0
s10_offatr0p5_atr3-r2,1,6,nyam,63,13463.0,0.7058,1.2417,0.4444,4010.0
s10_offatr0p5_atr3-r3,1,7,all,251,7916.0,0.1984,1.0321,0.3665,10175.0
s10_offatr0p5_atr3-r3,1,7,london,89,-10966.0,-0.4924,0.8776,0.3371,10175.0
s10_offatr0p5_atr3-r3,1,7,pre,99,10024.0,0.3865,1.1036,0.3737,4990.0
s10_offatr0p5_atr3-r3,1,7,nyam,63,8858.0,0.426,1.1481,0.3968,4010.0
s10_offatr0p5_pts10-r0,1,8,all,251,59216.0,2.208,2.2544,0.1036,235.0
s10_offatr0p5_pts10-r0,1,8,london,89,38629.0,1.8969,3.3944,0.1348,220.0
s10_offatr0p5_pts10-r0,1,8,pre,99,14179.0,1.0148,1.7414,0.0808,235.0
s10_offatr0p5_pts10-r0,1,8,nyam,63,6408.0,0.6129,1.5363,0.0952,220.0
s10_offatr0p5_pts10-r1,1,9,all,251,-6019.0,-1.8737,0.7893,0.4582,235.0
s10_offatr0p5_pts10-r1,1,9,london,89,-3626.0,-1.9127,0.6668,0.4157,205.0
s10_offatr0p5_pts10-r1,1,9,pre,99,-1341.0,-0.6594,0.8752,0.4848,235.0
s10_offatr0p5_pts10-r1,1,9,nyam,63,-1052.0,-0.6483,0.8482,0.4762,220.0
s10_offatr0p5_pts10-r2,1,10,all,251,-6024.0,-1.3579,0.8351,0.3068,235.0
s10_offatr0p5_pts10-r2,1,10,london,89,-2886.0,-1.1047,0.7811,0.2921,205.0
s10_offatr0p5_pts10-r2,1,10,pre,99,-1431.0,-0.5044,0.8985,0.3232,235.0
s10_offatr0p5_pts10-r2,1,10,nyam,63,-1707.0,-0.7673,0.8151,0.3016,220.0
s10_offatr0p5_pts10-r3,1,11,all,251,-3524.0,-0.6421,0.9116,0.243,235.0
s10_offatr0p5_pts10-r3,1,11,london,89,-121.0,-0.0362,0.9913,0.2584,220.0
s10_offatr0p5_pts10-r3,1,11,pre,99,-666.0,-0.1901,0.9572,0.2525,235.0
s10_offatr0p5_pts10-r3,1,11,nyam,63,-2737.0,-1.0491,0.739,0.2063,220.0
s10_offatr0p5_pts20-r0,1,12,all,251,61701.0,1.992,1.7082,0.1514,440.0
s10_offatr0p5_pts20-r0,1,12,london,89,28074.0,1.3292,1.9128,0.1573,440.0
s10_offatr0p5_pts20-r0,1,12,pre,99,22909.0,1.2283,1.6611,0.1414,405.0
s10_offatr0p5_pts20-r0,1,12,nyam,63,10718.0,0.8171,1.4935,0.1587,410.0
s10_offatr0p5_pts20-r1,1,13,all,251,-6124.0,-0.9587,0.8859,0.4781,420.0
s10_offatr0p5_pts20-r1,1,13,london,89,-6636.0,-1.7616,0.6883,0.4157,420.0
s10_offatr0p5_pts20-r1,1,13,pre,99,1359.0,0.338,1.0707,0.5253,405.0
s10_offatr0p5_pts20-r1,1,13,nyam,63,-847.0,-0.2627,0.9355,0.4921,410.0
s10_offatr0p5_pts20-r2,1,14,all,251,4461.0,0.4871,1.0672,0.3546,440.0
s10_offatr0p5_pts20-r2,1,14,london,89,2084.0,0.3794,1.0891,0.3596,440.0
s10_offatr0p5_pts20-r2,1,14,pre,99,4084.0,0.7004,1.161,0.3737,405.0
s10_offatr0p5_pts20-r2,1,14,nyam,63,-1707.0,-0.3801,0.9032,0.3175,410.0
s10_offatr0p5_pts20-r3,1,15,all,251,9566.0,0.8368,1.129,0.2789,440.0
s10_offatr0p5_pts20-r3,1,15,london,89,-2771.0,-0.4282,0.9007,0.236,440.0
s10_offatr0p5_pts20-r3,1,15,pre,99,9254.0,1.2431,1.3326,0.3131,405.0
s10_offatr0p5_pts20-r3,1,15,nyam,63,3083.0,0.5311,1.1671,0.2857,410.0
s10_offatr0p5_pts30-r0,1,16,all,251,48436.0,1.4258,1.3884,0.1793,615.0
s10_offatr0p5_pts30-r0,1,16,london,89,19119.0,0.8745,1.4295,0.1798,615.0
s10_offatr0p5_pts30-r0,1,16,pre,99,25419.0,1.1456,1.5187,0.1818,600.0
s10_offatr0p5_pts30-r0,1,16,nyam,63,3898.0,0.2821,1.1251,0.1746,605.0
s10_offatr0p5_pts30-r1,1,17,all,251,-9519.0,-0.9962,0.8817,0.4741,615.0
s10_offatr0p5_pts30-r1,1,17,london,89,-1226.0,-0.2143,0.9553,0.4944,615.0
s10_offatr0p5_pts30-r1,1,17,pre,99,-2451.0,-0.407,0.9211,0.4848,600.0
s10_offatr0p5_pts30-r1,1,17,nyam,63,-5842.0,-1.2242,0.7337,0.4286,605.0
s10_offatr0p5_pts30-r2,1,18,all,251,-3109.0,-0.2306,0.9696,0.3307,615.0
s10_offatr0p5_pts30-r2,1,18,london,89,-1911.0,-0.2379,0.9478,0.3258,615.0
s10_offatr0p5_pts30-r2,1,18,pre,99,2884.0,0.3342,1.074,0.3535,600.0
s10_offatr0p5_pts30-r2,1,18,nyam,63,-4082.0,-0.6158,0.8477,0.3016,605.0
s10_offatr0p5_pts30-r3,1,19,all,251,18206.0,1.0621,1.1669,0.2869,615.0
s10_offatr0p5_pts30-r3,1,19,london,89,1059.0,0.106,1.0263,0.2584,615.0
s10_offatr0p5_pts30-r3,1,19,pre,99,12234.0,1.1161,1.2954,0.3131,600.0
s10_offatr0p5_pts30-r3,1,19,nyam,63,4913.0,0.5651,1.1792,0.2857,605.0
s10_offatr0p5_pts45-r0,1,20,all,251,70416.0,1.7822,1.4198,0.251,910.0
s10_offatr0p5_pts45-r0,1,20,london,89,24599.0,0.9684,1.3995,0.236,910.0
s10_offatr0p5_pts45-r0,1,20,pre,99,28239.0,1.1646,1.4333,0.2525,905.0
s10_offatr0p5_pts45-r0,1,20,nyam,63,17578.0,0.9529,1.4287,0.2698,900.0
s10_offatr0p5_pts45-r1,1,21,all,251,-774.0,-0.054,0.9932,0.502,910.0
s10_offatr0p5_pts45-r1,1,21,london,89,3899.0,0.4558,1.102,0.5281,910.0
s10_offatr0p5_pts45-r1,1,21,pre,99,-3361.0,-0.3725,0.9275,0.4848,905.0
s10_offatr0p5_pts45-r1,1,21,nyam,63,-1312.0,-0.1817,0.9549,0.4921,900.0
s10_offatr0p5_pts45-r2,1,22,all,251,24061.0,1.1707,1.1706,0.3745,910.0
s10_offatr0p5_pts45-r2,1,22,london,89,1459.0,0.1208,1.0278,0.3483,910.0
s10_offatr0p5_pts45-r2,1,22,pre,99,14949.0,1.1517,1.2817,0.3939,905.0
s10_offatr0p5_pts45-r2,1,22,nyam,63,7653.0,0.7282,1.2159,0.381,900.0
s10_offatr0p5_pts45-r3,1,23,all,251,35496.0,1.4107,1.2295,0.3147,910.0
s10_offatr0p5_pts45-r3,1,23,london,89,439.0,0.0301,1.0075,0.2697,910.0
s10_offatr0p5_pts45-r3,1,23,pre,99,16824.0,1.0759,1.2875,0.3333,905.0
s10_offatr0p5_pts45-r3,1,23,nyam,63,18233.0,1.3651,1.4892,0.3492,900.0
s10_offatr0p5_pct0p1-r0,1,24,all,251,60906.0,1.9828,1.7233,0.1474,445.0
s10_offatr0p5_pct0p1-r0,1,24,london,89,25434.0,1.2226,1.8568,0.1461,440.0
s10_offatr0p5_pct0p1-r0,1,24,pre,99,23989.0,1.2887,1.7145,0.1414,440.0
s10_offatr0p5_pct0p1-r0,1,24,nyam,63,11483.0,0.8776,1.5481,0.1587,445.0
s10_offatr0p5_pct0p1-r1,1,25,all,251,-4394.0,-0.7128,0.9136,0.4861,445.0
s10_offatr0p5_pct0p1-r1,1,25,london,89,-6936.0,-1.9193,0.6654,0.4045,440.0
s10_offatr0p5_pct0p1-r1,1,25,pre,99,2134.0,0.548,1.1174,0.5354,440.0
s10_offatr0p5_pct0p1-r1,1,25,nyam,63,408.0,0.1319,1.0342,0.5238,445.0
s10_offatr0p5_pct0p1-r2,1,26,all,251,6881.0,0.7748,1.1093,0.3625,445.0
s10_offatr0p5_pct0p1-r2,1,26,london,89,1564.0,0.2955,1.0692,0.3483,440.0
s10_offatr0p5_pct0p1-r2,1,26,pre,99,5044.0,0.8886,1.2088,0.3838,440.0
s10_offatr0p5_pct0p1-r2,1,26,nyam,63,273.0,0.0623,1.0168,0.3492,445.0
s10_offatr0p5_pct0p1-r3,1,27,all,251,9446.0,0.856,1.1326,0.2789,445.0
s10_offatr0p5_pct0p1-r3,1,27,london,89,-3521.0,-0.5674,0.8695,0.2247,440.0
s10_offatr0p5_pct0p1-r3,1,27,pre,99,10429.0,1.4349,1.3932,0.3232,440.0
s10_offatr0p5_pct0p1-r3,1,27,nyam,63,2538.0,0.4602,1.1429,0.2857,445.0
s10_offatr0p5_pct0p2-r0,1,28,all,251,61316.0,1.6357,1.4036,0.2151,890.0
s10_offatr0p5_pct0p2-r0,1,28,london,89,18634.0,0.7991,1.3393,0.2022,880.0
s10_offatr0p5_pct0p2-r0,1,28,pre,99,27414.0,1.1675,1.4611,0.2222,875.0
s10_offatr0p5_pct0p2-r0,1,28,nyam,63,15268.0,0.8522,1.4065,0.2222,890.0
s10_offatr0p5_pct0p2-r1,1,29,all,251,9276.0,0.7563,1.1006,0.5259,880.0
s10_offatr0p5_pct0p2-r1,1,29,london,89,8714.0,1.2003,1.2914,0.5618,880.0
s10_offatr0p5_pct0p2-r1,1,29,pre,99,509.0,0.0655,1.0134,0.5051,875.0
s10_offatr0p5_pct0p2-r1,1,29,nyam,63,53.0,0.0086,1.0022,0.5079,860.0
s10_offatr0p5_pct0p2-r2,1,30,all,251,22356.0,1.2545,1.1832,0.3745,890.0
s10_offatr0p5_pct0p2-r2,1,30,london,89,3244.0,0.3083,1.0724,0.3483,880.0
s10_offatr0p5_pct0p2-r2,1,30,pre,99,13524.0,1.1881,1.2895,0.3939,875.0
s10_offatr0p5_pct0p2-r2,1,30,nyam,63,5588.0,0.6271,1.183,0.381,890.0
s10_offatr0p5_pct0p2-r3,1,31,all,251,29706.0,1.3455,1.2171,0.2988,890.0
s10_offatr0p5_pct0p2-r3,1,31,london,89,2824.0,0.2179,1.0554,0.2584,880.0
s10_offatr0p5_pct0p2-r3,1,31,pre,99,18379.0,1.2944,1.3521,0.3232,875.0
s10_offatr0p5_pct0p2-r3,1,31,nyam,63,8503.0,0.7742,1.2527,0.3175,890.0
s10_offatr1_atr1p5-r0,2,0,all,219,72129.0,1.926,1.5348,0.2466,5090.0
s10_offatr1_atr1p5-r0,2,0,london,38,7308.0,0.3805,1.2694,0.1842,5090.0
s10_offatr1_atr1p5-r0,2,0,pre,83,33028.0,1.4553,1.7041,0.2289,2495.0
s10_offatr1_atr1p5-r0,2,0,nyam,98,31793.0,1.3779,1.5227,0.2857,2005.0
s10_offatr1_atr1p5-r1,2,1,all,219,11029.0,0.7942,1.1295,0.5114,2495.0
s10_offatr1_atr1p5-r1,2,1,london,38,4228.0,0.6137,1.3124,0.5526,1860.0
s10_offatr1_atr1p5-r1,2,1,pre,83,6488.0,0.864,1.2318,0.5301,2495.0
s10_offatr1_atr1p5-r1,2,1,nyam,98,313.0,0.0329,1.0072,0.4796,1860.0
s10_offatr1_atr1p5-r2,2,2,all,219,29814.0,1.5045,1.2692,0.3881,5090.0
s10_offatr1_atr1p5-r2,2,2,london,38,-6087.0,-0.7552,0.7351,0.3421,5090.0
s10_offatr1_atr1p5-r2,2,2,pre,83,23898.0,2.0692,1.707,0.4337,2495.0
s10_offatr1_atr1p5-r2,2,2,nyam,98,12003.0,0.865,1.2224,0.3673,2005.0
s10_offatr1_atr1p5-r3,2,3,all,219,34854.0,1.4444,1.2797,0.3105,5090.0
s10_offatr1_atr1p5-r3,2,3,london,38,-9467.0,-1.0928,0.6355,0.2368,5090.0
s10_offatr1_atr1p5-r3,2,3,pre,83,21818.0,1.4783,1.5241,0.3133,2495.0
s10_offatr1_atr1p5-r3,2,3,nyam,98,22503.0,1.3294,1.3949,0.3367,2005.0
s10_offatr1_atr3-r0,2,4,all,219,54039.0,1.2272,1.2595,0.3699,10180.0
s10_offatr1_atr3-r0,2,4,london,38,4148.0,0.1717,1.0911,0.3158,10180.0
s10_offatr1_atr3-r0,2,4,pre,83,18483.0,0.7288,1.2486,0.3494,4990.0
s10_offatr1_atr3-r0,2,4,nyam,98,31408.0,1.1607,1.3555,0.4082,4010.0
s10_offatr1_atr3-r1,2,5,all,219,9394.0,0.3484,1.0561,0.516,10180.0
s10_offatr1_atr3-r1,2,5,london,38,-12437.0,-0.9098,0.6642,0.5,10180.0
s10_offatr1_atr3-r1,2,5,pre,83,16168.0,1.1057,1.313,0.5422,4990.0
s10_offatr1_atr3-r1,2,5,nyam,98,5663.0,0.3133,1.072,0.5,4010.0
s10_offatr1_atr3-r2,2,6,all,219,25104.0,0.7205,1.126,0.4064,10180.0
s10_offatr1_atr3-r2,2,6,london,38,-17787.0,-1.1857,0.604,0.3421,10180.0
s10_offatr1_atr3-r2,2,6,pre,83,12283.0,0.5944,1.1745,0.3976,4990.0
s10_offatr1_atr3-r2,2,6,nyam,98,30608.0,1.2976,1.3647,0.4388,4010.0
s10_offatr1_atr3-r3,2,7,all,219,27479.0,0.7252,1.1324,0.3744,10180.0
s10_offatr1_atr3-r3,2,7,london,38,-8492.0,-0.4879,0.8135,0.3158,10180.0
s10_offatr1_atr3-r3,2,7,pre,83,10003.0,0.4479,1.1358,0.3614,4990.0
s10_offatr1_atr3-r3,2,7,nyam,98,25968.0,1.0255,1.2939,0.4082,4010.0
s10_offatr1_pts10-r0,2,8,all,219,45944.0,2.0452,2.103,0.0959,265.0
s10_offatr1_pts10-r0,2,8,london,38,7723.0,1.068,2.1157,0.1316,215.0
s10_offatr1_pts10-r0,2,8,pre,83,27748.0,1.6948,2.7707,0.1084,265.0
s10_offatr1_pts10-r0,2,8,nyam,98,10473.0,0.7676,1.5495,0.0714,210.0
s10_offatr1_pts10-r1,2,9,all,219,-4236.0,-1.407,0.8266,0.4703,265.0
s10_offatr1_pts10-r1,2,9,london,38,138.0,0.1089,1.0365,0.5263,215.0
s10_offatr1_pts10-r1,2,9,pre,83,-1277.0,-0.6829,0.8599,0.4819,265.0
s10_offatr1_pts10-r1,2,9,nyam,98,-3097.0,-1.5465,0.7313,0.4388,210.0
s10_offatr1_pts10-r2,2,10,all,219,-3041.0,-0.722,0.9024,0.3242,265.0
s10_offatr1_pts10-r2,2,10,london,38,2323.0,1.2341,1.5269,0.4474,215.0
s10_offatr1_pts10-r2,2,10,pre,83,-582.0,-0.2207,0.9501,0.3373,265.0
s10_offatr1_pts10-r2,2,10,nyam,98,-4782.0,-1.798,0.6828,0.2653,210.0
s10_offatr1_pts10-r3,2,11,all,219,-941.0,-0.1803,0.9726,0.2557,265.0
s10_offatr1_pts10-r3,2,11,london,38,3303.0,1.3598,1.6552,0.3684,215.0
s10_offatr1_pts10-r3,2,11,pre,83,-637.0,-0.1978,0.9516,0.253,265.0
s10_offatr1_pts10-r3,2,11,nyam,98,-3607.0,-1.0969,0.7763,0.2143,210.0
s10_offatr1_pts20-r0,2,12,all,219,75504.0,2.4026,2.0054,0.1644,475.0
s10_offatr1_pts20-r0,2,12,london,38,21683.0,1.2169,2.7001,0.1842,455.0
s10_offatr1_pts20-r0,2,12,pre,83,30418.0,1.6116,2.0573,0.1566,475.0
s10_offatr1_pts20-r0,2,12,nyam,98,23403.0,1.3039,1.6971,0.1633,425.0
s10_offatr1_pts20-r1,2,13,all,219,-3546.0,-0.5934,0.9228,0.4886,425.0
s10_offatr1_pts20-r1,2,13,london,38,1348.0,0.5385,1.1935,0.5526,410.0
s10_offatr1_pts20-r1,2,13,pre,83,608.0,0.1646,1.037,0.5181,425.0
s10_offatr1_pts20-r1,2,13,nyam,98,-5502.0,-1.3831,0.7558,0.4388,425.0
s10_offatr1_pts20-r2,2,14,all,219,-2986.0,-0.3553,0.9505,0.3288,455.0
s10_offatr1_pts20-r2,2,14,london,38,1253.0,0.3441,1.1267,0.3684,455.0
s10_offatr1_pts20-r2,2,14,pre,83,933.0,0.177,1.0421,0.3494,425.0
s10_offatr1_pts20-r2,2,14,nyam,98,-5172.0,-0.9446,0.817,0.2959,425.0
s10_offatr1_pts20-r3,2,15,all,219,8159.0,0.764,1.1259,0.2785,455.0
s10_offatr1_pts20-r3,2,15,london,38,3643.0,0.7802,1.3402,0.3158,455.0
s10_offatr1_pts20-r3,2,15,pre,83,4508.0,0.6754,1.1863,0.2892,425.0
s10_offatr1_pts20-r3,2,15,nyam,98,8.0,0.0011,1.0003,0.2551,425.0
s10_offatr1_pts30-r0,2,16,all,219,65314.0,1.9795,1.6195,0.21,625.0
s10_offatr1_pts30-r0,2,16,london,38,15523.0,0.8543,1.8207,0.1842,615.0
s10_offatr1_pts30-r0,2,16,pre,83,34113.0,1.6777,1.8748,0.2289,610.0
s10_offatr1_pts30-r0,2,16,nyam,98,15678.0,0.8333,1.3299,0.2041,625.0
s10_offatr1_pts30-r1,2,17,all,219,3929.0,0.4398,1.0614,0.5205,625.0
s10_offatr1_pts30-r1,2,17,london,38,928.0,0.2465,1.0844,0.5263,615.0
s10_offatr1_pts30-r1,2,17,pre,83,10893.0,2.0255,1.5585,0.6145,610.0
s10_offatr1_pts30-r1,2,17,nyam,98,-7892.0,-1.3259,0.7646,0.4388,625.0
s10_offatr1_pts30-r2,2,18,all,219,12754.0,0.9864,1.1516,0.3699,625.0
s10_offatr1_pts30-r2,2,18,london,38,288.0,0.0538,1.0189,0.3421,615.0
s10_offatr1_pts30-r2,2,18,pre,83,16218.0,1.9717,1.5785,0.4458,610.0
s10_offatr1_pts30-r2,2,18,nyam,98,-3752.0,-0.4491,0.9081,0.3163,625.0
s10_offatr1_pts30-r3,2,19,all,219,26984.0,1.6513,1.2932,0.3105,625.0
s10_offatr1_pts30-r3,2,19,london,38,873.0,0.1319,1.0511,0.2632,615.0
s10_offatr1_pts30-r3,2,19,pre,83,26393.0,2.4595,1.8492,0.3855,610.0
s10_offatr1_pts30-r3,2,19,nyam,98,-282.0,-0.0275,0.9936,0.2653,625.0
s10_offatr1_pts45-r0,2,20,all,219,63874.0,1.7076,1.4362,0.2603,910.0
s10_offatr1_pts45-r0,2,20,london,38,8758.0,0.4675,1.321,0.2105,910.0
s10_offatr1_pts45-r0,2,20,pre,83,28698.0,1.2396,1.5207,0.2651,905.0
s10_offatr1_pts45-r0,2,20,nyam,98,26418.0,1.1513,1.4125,0.2755,905.0
s10_offatr1_pts45-r1,2,21,all,219,-7781.0,-0.5814,0.9243,0.484,910.0
s10_offatr1_pts45-r1,2,21,london,38,-2067.0,-0.367,0.8864,0.4737,910.0
s10_offatr1_pts45-r1,2,21,pre,83,2153.0,0.2604,1.0592,0.5181,905.0
s10_offatr1_pts45-r1,2,21,nyam,98,-7867.0,-0.8789,0.8367,0.4592,905.0
s10_offatr1_pts45-r2,2,22,all,219,22644.0,1.1766,1.1845,0.3836,910.0
s10_offatr1_pts45-r2,2,22,london,38,-2097.0,-0.2669,0.9113,0.3158,910.0
s10_offatr1_pts45-r2,2,22,pre,83,22268.0,1.8307,1.5324,0.4458,905.0
s10_offatr1_pts45-r2,2,22,nyam,98,2473.0,0.1954,1.0432,0.3571,905.0
s10_offatr1_pts45-r3,2,23,all,219,16579.0,0.7186,1.1192,0.3014,910.0
s10_offatr1_pts45-r3,2,23,london,38,-6807.0,-0.7652,0.7505,0.2105,910.0
s10_offatr1_pts45-r3,2,23,pre,83,7218.0,0.5068,1.1393,0.3133,905.0
s10_offatr1_pts45-r3,2,23,nyam,98,16168.0,1.0191,1.2694,0.3265,905.0
s10_offatr1_pct0p1-r0,2,24,all,219,74779.0,2.395,2.0314,0.1598,475.0
s10_offatr1_pct0p1-r0,2,24,london,38,22283.0,1.2529,2.8334,0.1842,435.0
s10_offatr1_pct0p1-r0,2,24,pre,83,28103.0,1.5112,2.0122,0.1446,475.0
s10_offatr1_pct0p1-r0,2,24,nyam,98,24393.0,1.3617,1.7486,0.1633,445.0
s10_offatr1_pct0p1-r1,2,25,all,219,-4831.0,-0.8388,0.8924,0.4795,440.0
s10_offatr1_pct0p1-r1,2,25,london,38,2098.0,0.8726,1.332,0.5789,435.0
s10_offatr1_pct0p1-r1,2,25,pre,83,-2382.0,-0.6744,0.8614,0.4699,430.0
s10_offatr1_pct0p1-r1,2,25,nyam,98,-4547.0,-1.1768,0.7874,0.449,440.0
s10_offatr1_pct0p1-r2,2,26,all,219,-4671.0,-0.5788,0.9203,0.3196,445.0
s10_offatr1_pct0p1-r2,2,26,london,38,1603.0,0.4508,1.1706,0.3684,435.0
s10_offatr1_pct0p1-r2,2,26,pre,83,-1202.0,-0.2416,0.945,0.3253,435.0
s10_offatr1_pct0p1-r2,2,26,nyam,98,-5072.0,-0.9569,0.8145,0.2959,445.0
s10_offatr1_pct0p1-r3,2,27,all,219,3544.0,0.3489,1.0559,0.2648,445.0
s10_offatr1_pct0p1-r3,2,27,london,38,2368.0,0.5301,1.2232,0.2895,435.0
s10_offatr1_pct0p1-r3,2,27,pre,83,2898.0,0.4584,1.1235,0.2771,435.0
s10_offatr1_pct0p1-r3,2,27,nyam,98,-1722.0,-0.2595,0.9413,0.2449,445.0
s10_offatr1_pct0p2-r0,2,28,all,219,67644.0,1.8592,1.523,0.2374,895.0
s10_offatr1_pct0p2-r0,2,28,london,38,10483.0,0.5677,1.4376,0.1842,875.0
s10_offatr1_pct0p2-r0,2,28,pre,83,36978.0,1.6287,1.7896,0.2651,875.0
s10_offatr1_pct0p2-r0,2,28,nyam,98,20183.0,0.9224,1.3447,0.2347,895.0
s10_offatr1_pct0p2-r1,2,29,all,219,-16441.0,-1.4379,0.8229,0.4566,895.0
s10_offatr1_pct0p2-r1,2,29,london,38,-2967.0,-0.6142,0.817,0.4474,875.0
s10_offatr1_pct0p2-r1,2,29,pre,83,1683.0,0.2391,1.0544,0.5181,875.0
s10_offatr1_pct0p2-r1,2,29,nyam,98,-15157.0,-1.9954,0.668,0.4082,895.0
s10_offatr1_pct0p2-r2,2,30,all,219,13849.0,0.842,1.1288,0.3699,895.0
s10_offatr1_pct0p2-r2,2,30,london,38,-3297.0,-0.4914,0.8416,0.2895,875.0
s10_offatr1_pct0p2-r2,2,30,pre,83,21413.0,2.0576,1.6155,0.4578,875.0
s10_offatr1_pct0p2-r2,2,30,nyam,98,-4267.0,-0.3987,0.9178,0.3265,895.0
s10_offatr1_pct0p2-r3,2,31,all,219,33354.0,1.6143,1.2874,0.3196,895.0
s10_offatr1_pct0p2-r3,2,31,london,38,-3717.0,-0.4552,0.8393,0.2105,875.0
s10_offatr1_pct0p2-r3,2,31,pre,83,32058.0,2.3905,1.8308,0.3976,875.0
s10_offatr1_pct0p2-r3,2,31,nyam,98,5013.0,0.3776,1.0923,0.2959,895.0
s10_offptsA_atr1p5-r0,3,0,all,250,56040.0,1.4585,1.3491,0.228,5090.0
s10_offptsA_atr1p5-r0,3,0,london,92,14312.0,0.5656,1.2264,0.2065,5090.0
s10_offptsA_atr1p5-r0,3,0,pre,103,34523.0,1.3368,1.5345,0.2136,1860.0
s10_offptsA_atr1p5-r0,3,0,nyam,55,7205.0,0.5404,1.2201,0.2909,2005.0
s10_offptsA_atr1p5-r1,3,1,all,250,7790.0,0.5248,1.0774,0.512,2505.0
s10_offptsA_atr1p5-r1,3,1,london,92,12587.0,1.2823,1.3799,0.5652,2505.0
s10_offptsA_atr1p5-r1,3,1,pre,103,-4102.0,-0.4682,0.9056,0.4854,1805.0
s10_offptsA_atr1p5-r1,3,1,nyam,55,-695.0,-0.101,0.9711,0.4727,2005.0
s10_offptsA_atr1p5-r2,3,2,all,250,13700.0,0.6656,1.1025,0.364,5090.0
s10_offptsA_atr1p5-r2,3,2,london,92,8537.0,0.6286,1.171,0.3913,5090.0
s10_offptsA_atr1p5-r2,3,2,pre,103,3463.0,0.2816,1.0643,0.3495,1860.0
s10_offptsA_atr1p5-r2,3,2,nyam,55,1700.0,0.178,1.0569,0.3455,2005.0
s10_offptsA_atr1p5-r3,3,3,all,250,27640.0,1.0777,1.187,0.292,5090.0
s10_offptsA_atr1p5-r3,3,3,london,92,6812.0,0.4101,1.118,0.2826,5090.0
s10_offptsA_atr1p5-r3,3,3,pre,103,8643.0,0.5678,1.1456,0.2816,1860.0
s10_offptsA_atr1p5-r3,3,3,nyam,55,12185.0,0.9798,1.3966,0.3273,2005.0
s10_offptsA_atr3-r0,3,4,all,250,19655.0,0.4307,1.0772,0.356,10180.0
s10_offptsA_atr3-r0,3,4,london,92,16767.0,0.5387,1.1756,0.3587,10180.0
s10_offptsA_atr3-r0,3,4,pre,103,12368.0,0.4213,1.1181,0.3398,3720.0
s10_offptsA_atr3-r0,3,4,nyam,55,-9480.0,-0.5851,0.8253,0.3818,4010.0
s10_offptsA_atr3-r1,3,5,all,250,-16885.0,-0.5848,0.9187,0.496,10180.0
s10_offptsA_atr3-r1,3,5,london,92,5652.0,0.2902,1.077,0.5435,10180.0
s10_offptsA_atr3-r1,3,5,pre,103,-19507.0,-1.1458,0.7826,0.4466,3720.0
s10_offptsA_atr3-r1,3,5,nyam,55,-3030.0,-0.2337,0.9319,0.5091,4010.0
s10_offptsA_atr3-r2,3,6,all,250,-13140.0,-0.3669,0.9462,0.384,10180.0
s10_offptsA_atr3-r2,3,6,london,92,-2183.0,-0.0945,0.976,0.4022,10180.0
s10_offptsA_atr3-r2,3,6,pre,103,-14167.0,-0.6452,0.8628,0.3495,3720.0
s10_offptsA_atr3-r2,3,6,nyam,55,3210.0,0.1933,1.0639,0.4182,4010.0
s10_offptsA_atr3-r3,3,7,all,250,-11390.0,-0.2889,0.9552,0.356,10180.0
s10_offptsA_atr3-r3,3,7,london,92,-4868.0,-0.197,0.949,0.3587,10180.0
s10_offptsA_atr3-r3,3,7,pre,103,-382.0,-0.0148,0.9964,0.3398,3720.0
s10_offptsA_atr3-r3,3,7,nyam,55,-6140.0,-0.362,0.8868,0.3818,4010.0
s10_offptsA_pts10-r0,3,8,all,250,29515.0,1.2539,1.6145,0.084,220.0
s10_offptsA_pts10-r0,3,8,london,92,21702.0,1.1754,2.245,0.0978,215.0
s10_offptsA_pts10-r0,3,8,pre,103,8358.0,0.6203,1.415,0.068,220.0
s10_offptsA_pts10-r0,3,8,nyam,55,-545.0,-0.0946,0.9479,0.0909,205.0
s10_offptsA_pts10-r1,3,9,all,250,-4115.0,-1.2826,0.85,0.476,210.0
s10_offptsA_pts10-r1,3,9,london,92,-628.0,-0.321,0.9349,0.5,210.0
s10_offptsA_pts10-r1,3,9,pre,103,-3327.0,-1.6222,0.7261,0.4369,210.0
s10_offptsA_pts10-r1,3,9,nyam,55,-160.0,-0.1055,0.9717,0.5091,205.0
s10_offptsA_pts10-r2,3,10,all,250,-4575.0,-1.0254,0.8724,0.316,215.0
s10_offptsA_pts10-r2,3,10,london,92,-1758.0,-0.6472,0.8672,0.3152,215.0
s10_offptsA_pts10-r2,3,10,pre,103,-4022.0,-1.448,0.7406,0.2816,210.0
s10_offptsA_pts10-r2,3,10,nyam,55,1205.0,0.5476,1.1695,0.3818,205.0
s10_offptsA_pts10-r3,3,11,all,250,-2490.0,-0.4516,0.9369,0.248,215.0
s10_offptsA_pts10-r3,3,11,london,92,2422.0,0.684,1.1772,0.2935,215.0
s10_offptsA_pts10-r3,3,11,pre,103,-4677.0,-1.4128,0.728,0.2039,210.0
s10_offptsA_pts10-r3,3,11,nyam,55,-235.0,-0.0895,0.9726,0.2545,205.0
s10_offptsA_pts20-r0,3,12,all,250,64435.0,2.0456,1.746,0.156,410.0
s10_offptsA_pts20-r0,3,12,london,92,22477.0,1.0794,1.6946,0.1413,410.0
s10_offptsA_pts20-r0,3,12,pre,103,42518.0,1.9091,2.2084,0.165,405.0
s10_offptsA_pts20-r0,3,12,nyam,55,-560.0,-0.0706,0.9703,0.1636,405.0
s10_offptsA_pts20-r1,3,13,all,250,-55.0,-0.0086,0.9989,0.508,410.0
s10_offptsA_pts20-r1,3,13,london,92,-1428.0,-0.3677,0.9258,0.4891,410.0
s10_offptsA_pts20-r1,3,13,pre,103,-1082.0,-0.2635,0.9491,0.4951,405.0
s10_offptsA_pts20-r1,3,13,nyam,55,2455.0,0.8214,1.25,0.5636,405.0
s10_offptsA_pts20-r2,3,14,all,250,3735.0,0.4095,1.0563,0.352,410.0
s10_offptsA_pts20-r2,3,14,london,92,2102.0,0.3769,1.087,0.3587,410.0
s10_offptsA_pts20-r2,3,14,pre,103,38.0,0.0065,1.0014,0.3398,405.0
s10_offptsA_pts20-r2,3,14,nyam,55,1595.0,0.3676,1.1113,0.3636,405.0
s10_offptsA_pts20-r3,3,15,all,250,5225.0,0.4638,1.0698,0.268,410.0
s10_offptsA_pts20-r3,3,15,london,92,5667.0,0.8037,1.2128,0.2935,410.0
s10_offptsA_pts20-r3,3,15,pre,103,1198.0,0.1664,1.0385,0.2621,405.0
s10_offptsA_pts20-r3,3,15,nyam,55,-1640.0,-0.3213,0.9046,0.2364,405.0
s10_offptsA_pts30-r0,3,16,all,250,46135.0,1.3807,1.371,0.184,615.0
s10_offptsA_pts30-r0,3,16,london,92,14432.0,0.6596,1.3072,0.163,615.0
s10_offptsA_pts30-r0,3,16,pre,103,28003.0,1.2226,1.5472,0.1845,610.0
s10_offptsA_pts30-r0,3,16,nyam,55,3700.0,0.3382,1.1412,0.2182,605.0
s10_offptsA_pts30-r1,3,17,all,250,-5325.0,-0.5577,0.9318,0.488,615.0
s10_offptsA_pts30-r1,3,17,london,92,2947.0,0.5076,1.1122,0.5326,615.0
s10_offptsA_pts30-r1,3,17,pre,103,-7307.0,-1.1958,0.7896,0.4466,605.0
s10_offptsA_pts30-r1,3,17,nyam,55,-965.0,-0.214,0.9434,0.4909,605.0
s10_offptsA_pts30-r2,3,18,all,250,-6140.0,-0.4586,0.9404,0.324,615.0
s10_offptsA_pts30-r2,3,18,london,92,5262.0,0.6258,1.1486,0.3696,615.0
s10_offptsA_pts30-r2,3,18,pre,103,-8587.0,-1.0266,0.8069,0.2913,605.0
s10_offptsA_pts30-r2,3,18,nyam,55,-2815.0,-0.4509,0.8784,0.3091,605.0
s10_offptsA_pts30-r3,3,19,all,250,13885.0,0.818,1.1265,0.28,615.0
s10_offptsA_pts30-r3,3,19,london,92,6422.0,0.6146,1.1595,0.2826,615.0
s10_offptsA_pts30-r3,3,19,pre,103,4893.0,0.4523,1.1086,0.2816,605.0
s10_offptsA_pts30-r3,3,19,nyam,55,2570.0,0.3205,1.1055,0.2727,605.0
s10_offptsA_pts45-r0,3,20,all,250,74530.0,1.8708,1.4468,0.256,910.0
s10_offptsA_pts45-r0,3,20,london,92,30797.0,1.1422,1.486,0.2391,910.0
s10_offptsA_pts45-r0,3,20,pre,103,34983.0,1.3355,1.504,0.2427,905.0
s10_offptsA_pts45-r0,3,20,nyam,55,8750.0,0.6446,1.2572,0.3091,905.0
s10_offptsA_pts45-r1,3,21,all,250,7355.0,0.5147,1.0674,0.52,910.0
s10_offptsA_pts45-r1,3,21,london,92,13812.0,1.6107,1.3995,0.587,910.0
s10_offptsA_pts45-r1,3,21,pre,103,-8802.0,-0.9599,0.8271,0.4563,905.0
s10_offptsA_pts45-r1,3,21,nyam,55,2345.0,0.3476,1.0992,0.5273,905.0
s10_offptsA_pts45-r2,3,22,all,250,15055.0,0.7414,1.1054,0.364,910.0
s10_offptsA_pts45-r2,3,22,london,92,6842.0,0.5493,1.1304,0.3696,910.0
s10_offptsA_pts45-r2,3,22,pre,103,5838.0,0.4495,1.0998,0.3592,905.0
s10_offptsA_pts45-r2,3,22,nyam,55,2375.0,0.2479,1.0746,0.3636,905.0
s10_offptsA_pts45-r3,3,23,all,250,31945.0,1.2753,1.2061,0.308,910.0
s10_offptsA_pts45-r3,3,23,london,92,12157.0,0.7861,1.2099,0.3043,910.0
s10_offptsA_pts45-r3,3,23,pre,103,7143.0,0.4556,1.1101,0.2913,905.0
s10_offptsA_pts45-r3,3,23,nyam,55,12645.0,1.0438,1.3927,0.3455,905.0
s10_offptsA_pct0p1-r0,3,24,all,250,67765.0,2.156,1.8161,0.156,445.0
s10_offptsA_pct0p1-r0,3,24,london,92,23902.0,1.1503,1.7726,0.1413,440.0
s10_offptsA_pct0p1-r0,3,24,pre,103,43698.0,1.9658,2.2851,0.165,440.0
s10_offptsA_pct0p1-r0,3,24,nyam,55,165.0,0.0209,1.0091,0.1636,445.0
s10_offptsA_pct0p1-r1,3,25,all,250,-530.0,-0.0861,0.9891,0.504,445.0
s10_offptsA_pct0p1-r1,3,25,london,92,-903.0,-0.2416,0.9505,0.4891,440.0
s10_offptsA_pct0p1-r1,3,25,pre,103,-1102.0,-0.2768,0.9465,0.4951,440.0
s10_offptsA_pct0p1-r1,3,25,nyam,55,1475.0,0.5115,1.1497,0.5455,445.0
s10_offptsA_pct0p1-r2,3,26,all,250,5375.0,0.6072,1.0849,0.356,445.0
s10_offptsA_pct0p1-r2,3,26,london,92,2702.0,0.4987,1.1174,0.3587,440.0
s10_offptsA_pct0p1-r2,3,26,pre,103,93.0,0.0165,1.0035,0.3398,440.0
s10_offptsA_pct0p1-r2,3,26,nyam,55,2580.0,0.614,1.193,0.3818,445.0
s10_offptsA_pct0p1-r3,3,27,all,250,5890.0,0.5388,1.0819,0.268,445.0
s10_offptsA_pct0p1-r3,3,27,london,92,6327.0,0.919,1.2493,0.2935,440.0
s10_offptsA_pct0p1-r3,3,27,pre,103,1073.0,0.154,1.0356,0.2621,440.0
s10_offptsA_pct0p1-r3,3,27,nyam,55,-1510.0,-0.3074,0.9083,0.2364,445.0
s10_offptsA_pct0p2-r0,3,28,all,250,37015.0,1.0507,1.2407,0.208,895.0
s10_offptsA_pct0p2-r0,3,28,london,92,10782.0,0.4687,1.1855,0.1848,880.0
s10_offptsA_pct0p2-r0,3,28,pre,103,27138.0,1.1219,1.4303,0.2136,880.0
s10_offptsA_pct0p2-r0,3,28,nyam,55,-905.0,-0.0785,0.9722,0.2364,895.0
s10_offptsA_pct0p2-r1,3,29,all,250,-730.0,-0.0595,0.9925,0.5,880.0
s10_offptsA_pct0p2-r1,3,29,london,92,10617.0,1.4435,1.3528,0.5761,880.0
s10_offptsA_pct0p2-r1,3,29,pre,103,-10292.0,-1.3071,0.772,0.4369,880.0
s10_offptsA_pct0p2-r1,3,29,nyam,55,-1055.0,-0.1829,0.9513,0.4909,860.0
s10_offptsA_pct0p2-r2,3,30,all,250,3420.0,0.1958,1.0267,0.34,895.0
s10_offptsA_pct0p2-r2,3,30,london,92,7677.0,0.7098,1.1712,0.3696,880.0
s10_offptsA_pct0p2-r2,3,30,pre,103,-3207.0,-0.2883,0.9411,0.3204,880.0
s10_offptsA_pct0p2-r2,3,30,nyam,55,-1050.0,-0.1293,0.9634,0.3273,895.0
s10_offptsA_pct0p2-r3,3,31,all,250,19445.0,0.8929,1.1399,0.284,895.0
s10_offptsA_pct0p2-r3,3,31,london,92,15567.0,1.1296,1.3144,0.3043,880.0
s10_offptsA_pct0p2-r3,3,31,pre,103,3298.0,0.2393,1.0564,0.2718,880.0
s10_offptsA_pct0p2-r3,3,31,nyam,55,580.0,0.0589,1.0187,0.2727,895.0
s10_offptsB_atr1p5-r0,4,0,all,234,37769.0,1.0333,1.2434,0.2179,5095.0
s10_offptsB_atr1p5-r0,4,0,london,52,992.0,0.0478,1.0228,0.1923,5095.0
s10_offptsB_atr1p5-r0,4,0,pre,98,21053.0,0.9071,1.3414,0.2041,1860.0
s10_offptsB_atr1p5-r0,4,0,nyam,84,15724.0,0.8092,1.3142,0.25,2005.0
s10_offptsB_atr1p5-r1,4,1,all,234,-9661.0,-0.6639,0.9068,0.4829,2515.0
s10_offptsB_atr1p5-r1,4,1,london,52,-4188.0,-0.4764,0.8488,0.5,2515.0
s10_offptsB_atr1p5-r1,4,1,pre,98,-902.0,-0.1063,0.9769,0.5102,1815.0
s10_offptsB_atr1p5-r1,4,1,nyam,84,-4571.0,-0.5699,0.8758,0.4405,1750.0
s10_offptsB_atr1p5-r2,4,2,all,234,4839.0,0.2439,1.0375,0.3547,5095.0
s10_offptsB_atr1p5-r2,4,2,london,52,-13053.0,-1.252,0.6619,0.3077,5095.0
s10_offptsB_atr1p5-r2,4,2,pre,98,9063.0,0.7555,1.1878,0.3878,1860.0
s10_offptsB_atr1p5-r2,4,2,nyam,84,8829.0,0.7474,1.2097,0.3452,1750.0
s10_offptsB_atr1p5-r3,4,3,all,234,3959.0,0.1675,1.0274,0.2778,5095.0
s10_offptsB_atr1p5-r3,4,3,london,52,-16268.0,-1.3903,0.6186,0.2115,5095.0
s10_offptsB_atr1p5-r3,4,3,pre,98,5448.0,0.3777,1.0969,0.2857,1860.0
s10_offptsB_atr1p5-r3,4,3,nyam,84,14779.0,1.0183,1.3227,0.3095,2005.0
s10_offptsB_atr3-r0,4,4,all,234,27209.0,0.616,1.1156,0.3761,10180.0
s10_offptsB_atr3-r0,4,4,london,52,-403.0,-0.0152,0.994,0.3462,10180.0
s10_offptsB_atr3-r0,4,4,pre,98,13053.0,0.4786,1.1355,0.3571,3720.0
s10_offptsB_atr3-r0,4,4,nyam,84,14559.0,0.6379,1.202,0.4167,4010.0
s10_offptsB_atr3-r1,4,5,all,234,-16316.0,-0.5791,0.9163,0.4957,10180.0
s10_offptsB_atr3-r1,4,5,london,52,-22878.0,-1.3408,0.6249,0.4423,10180.0
s10_offptsB_atr3-r1,4,5,pre,98,2928.0,0.1777,1.0404,0.5306,3720.0
s10_offptsB_atr3-r1,4,5,nyam,84,3634.0,0.2399,1.0591,0.4881,3500.0
s10_offptsB_atr3-r2,4,6,all,234,-9891.0,-0.2881,0.9565,0.406,10180.0
s10_offptsB_atr3-r2,4,6,london,52,-24988.0,-1.362,0.627,0.3462,10180.0
s10_offptsB_atr3-r2,4,6,pre,98,1668.0,0.0768,1.018,0.398,3720.0
s10_offptsB_atr3-r2,4,6,nyam,84,13429.0,0.7001,1.1978,0.4524,4010.0
s10_offptsB_atr3-r3,4,7,all,234,-1596.0,-0.0424,0.9932,0.3803,10180.0
s10_offptsB_atr3-r3,4,7,london,52,-13183.0,-0.6418,0.8032,0.3462,10180.0
s10_offptsB_atr3-r3,4,7,pre,98,2748.0,0.1143,1.0287,0.3673,3720.0
s10_offptsB_atr3-r3,4,7,nyam,84,8839.0,0.429,1.1226,0.4167,4010.0
s10_offptsB_pts10-r0,4,8,all,234,21014.0,1.0985,1.4611,0.0769,325.0
s10_offptsB_pts10-r0,4,8,london,52,9172.0,1.0922,1.9471,0.1154,225.0
s10_offptsB_pts10-r0,4,8,pre,98,14618.0,1.0224,1.7567,0.0714,325.0
s10_offptsB_pts10-r0,4,8,nyam,84,-2776.0,-0.2895,0.8324,0.0595,210.0
s10_offptsB_pts10-r1,4,9,all,234,-5446.0,-1.7484,0.7954,0.4615,325.0
s10_offptsB_pts10-r1,4,9,london,52,-403.0,-0.2716,0.9267,0.5,225.0
s10_offptsB_pts10-r1,4,9,pre,98,-1632.0,-0.8019,0.8495,0.4796,325.0
s10_offptsB_pts10-r1,4,9,nyam,84,-3411.0,-1.85,0.6679,0.4167,210.0
s10_offptsB_pts10-r2,4,10,all,234,-5691.0,-1.3242,0.8336,0.3077,325.0
s10_offptsB_pts10-r2,4,10,london,52,2377.0,1.0882,1.3752,0.4231,225.0
s10_offptsB_pts10-r2,4,10,pre,98,-3172.0,-1.1466,0.7836,0.2959,325.0
s10_offptsB_pts10-r2,4,10,nyam,84,-4896.0,-2.0245,0.6294,0.25,210.0
s10_offptsB_pts10-r3,4,11,all,234,-6591.0,-1.2725,0.8274,0.2265,325.0
s10_offptsB_pts10-r3,4,11,london,52,1942.0,0.7161,1.2557,0.3077,225.0
s10_offptsB_pts10-r3,4,11,pre,98,-3007.0,-0.8956,0.8134,0.2245,325.0
s10_offptsB_pts10-r3,4,11,nyam,84,-5526.0,-1.9423,0.618,0.1786,210.0
s10_offptsB_pts20-r0,4,12,all,234,43669.0,1.527,1.5302,0.141,440.0
s10_offptsB_pts20-r0,4,12,london,52,20717.0,1.1214,2.1474,0.1538,420.0
s10_offptsB_pts20-r0,4,12,pre,98,21538.0,1.2298,1.6328,0.1531,440.0
s10_offptsB_pts20-r0,4,12,nyam,84,1414.0,0.1074,1.0467,0.119,405.0
s10_offptsB_pts20-r1,4,13,all,234,-3271.0,-0.5294,0.933,0.4915,440.0
s10_offptsB_pts20-r1,4,13,london,52,407.0,0.1386,1.0396,0.5192,420.0
s10_offptsB_pts20-r1,4,13,pre,98,2513.0,0.6283,1.136,0.5408,440.0
s10_offptsB_pts20-r1,4,13,nyam,84,-6191.0,-1.6915,0.6912,0.4167,405.0
s10_offptsB_pts20-r2,4,14,all,234,1759.0,0.2,1.028,0.3462,440.0
s10_offptsB_pts20-r2,4,14,london,52,2772.0,0.6484,1.2108,0.3846,420.0
s10_offptsB_pts20-r2,4,14,pre,98,4433.0,0.7619,1.1772,0.3776,440.0
s10_offptsB_pts20-r2,4,14,nyam,84,-5446.0,-1.0849,0.7782,0.2857,405.0
s10_offptsB_pts20-r3,4,15,all,234,10084.0,0.9103,1.1465,0.2821,440.0
s10_offptsB_pts20-r3,4,15,london,52,1142.0,0.2201,1.0732,0.2692,420.0
s10_offptsB_pts20-r3,4,15,pre,98,11208.0,1.4955,1.4141,0.3265,440.0
s10_offptsB_pts20-r3,4,15,nyam,84,-2266.0,-0.3595,0.9135,0.2381,405.0
s10_offptsB_pts30-r0,4,16,all,234,68369.0,2.0093,1.6063,0.2051,615.0
s10_offptsB_pts30-r0,4,16,london,52,16182.0,0.8448,1.6169,0.1731,615.0
s10_offptsB_pts30-r0,4,16,pre,98,44223.0,1.9588,1.9714,0.2347,615.0
s10_offptsB_pts30-r0,4,16,nyam,84,7964.0,0.4708,1.1942,0.1905,605.0
s10_offptsB_pts30-r1,4,17,all,234,819.0,0.0886,1.0117,0.5085,615.0
s10_offptsB_pts30-r1,4,17,london,52,-368.0,-0.0838,0.9768,0.5,615.0
s10_offptsB_pts30-r1,4,17,pre,98,6563.0,1.1024,1.2503,0.5612,615.0
s10_offptsB_pts30-r1,4,17,nyam,84,-5376.0,-0.972,0.8082,0.4524,605.0
s10_offptsB_pts30-r2,4,18,all,234,12639.0,0.9471,1.1401,0.3675,615.0
s10_offptsB_pts30-r2,4,18,london,52,777.0,0.1242,1.0374,0.3462,615.0
s10_offptsB_pts30-r2,4,18,pre,98,14293.0,1.6128,1.4114,0.4184,615.0
s10_offptsB_pts30-r2,4,18,nyam,84,-2431.0,-0.3127,0.93,0.3214,605.0
s10_offptsB_pts30-r3,4,19,all,234,38764.0,2.2546,1.4025,0.3248,615.0
s10_offptsB_pts30-r3,4,19,london,52,4362.0,0.5495,1.1932,0.2885,615.0
s10_offptsB_pts30-r3,4,19,pre,98,26868.0,2.3285,1.711,0.3673,615.0
s10_offptsB_pts30-r3,4,19,nyam,84,7534.0,0.7535,1.2096,0.2976,605.0
s10_offptsB_pts45-r0,4,20,all,234,44779.0,1.2314,1.2819,0.2479,915.0
s10_offptsB_pts45-r0,4,20,london,52,11302.0,0.557,1.3032,0.2115,905.0
s10_offptsB_pts45-r0,4,20,pre,98,24188.0,1.0255,1.367,0.2551,915.0
s10_offptsB_pts45-r0,4,20,nyam,84,9289.0,0.4857,1.1669,0.2619,905.0
s10_offptsB_pts45-r1,4,21,all,234,-14201.0,-1.0281,0.8741,0.4701,915.0
s10_offptsB_pts45-r1,4,21,london,52,-348.0,-0.0529,0.9853,0.5,905.0
s10_offptsB_pts45-r1,4,21,pre,98,-2472.0,-0.2752,0.9456,0.4898,915.0
s10_offptsB_pts45-r1,4,21,nyam,84,-11381.0,-1.3818,0.7392,0.4286,905.0
s10_offptsB_pts45-r2,4,22,all,234,21344.0,1.0728,1.1608,0.3761,915.0
s10_offptsB_pts45-r2,4,22,london,52,1412.0,0.1507,1.0457,0.3462,905.0
s10_offptsB_pts45-r2,4,22,pre,98,17348.0,1.321,1.3289,0.4082,915.0
s10_offptsB_pts45-r2,4,22,nyam,84,2584.0,0.2202,1.0526,0.3571,905.0
s10_offptsB_pts45-r3,4,23,all,234,14804.0,0.6256,1.0993,0.2991,915.0
s10_offptsB_pts45-r3,4,23,london,52,-1513.0,-0.1357,0.9573,0.25,905.0
s10_offptsB_pts45-r3,4,23,pre,98,8368.0,0.5382,1.1353,0.3061,915.0
s10_offptsB_pts45-r3,4,23,nyam,84,7949.0,0.5648,1.1534,0.3214,905.0
s10_offptsB_pct0p1-r0,4,24,all,234,44114.0,1.5616,1.5553,0.1368,445.0
s10_offptsB_pct0p1-r0,4,24,london,52,21557.0,1.1692,2.2521,0.1538,435.0
s10_offptsB_pct0p1-r0,4,24,pre,98,25933.0,1.4544,1.7914,0.1531,445.0
s10_offptsB_pct0p1-r0,4,24,nyam,84,-3376.0,-0.2848,0.8854,0.1071,445.0
s10_offptsB_pct0p1-r1,4,25,all,234,-1001.0,-0.1681,0.9782,0.5043,445.0
s10_offptsB_pct0p1-r1,4,25,london,52,1477.0,0.5241,1.1583,0.5385,435.0
s10_offptsB_pct0p1-r1,4,25,pre,98,3628.0,0.9392,1.2105,0.5612,445.0
s10_offptsB_pct0p1-r1,4,25,nyam,84,-6106.0,-1.7427,0.683,0.4167,445.0
s10_offptsB_pct0p1-r2,4,26,all,234,6454.0,0.7529,1.11,0.3632,445.0
s10_offptsB_pct0p1-r2,4,26,london,52,4457.0,1.0615,1.3705,0.4038,435.0
s10_offptsB_pct0p1-r2,4,26,pre,98,5338.0,0.9439,1.2242,0.3878,445.0
s10_offptsB_pct0p1-r2,4,26,nyam,84,-3341.0,-0.6838,0.8537,0.3095,445.0
s10_offptsB_pct0p1-r3,4,27,all,234,9974.0,0.9327,1.1508,0.2821,445.0
s10_offptsB_pct0p1-r3,4,27,london,52,1802.0,0.3529,1.1215,0.2692,435.0
s10_offptsB_pct0p1-r3,4,27,pre,98,8973.0,1.2521,1.3371,0.3163,445.0
s10_offptsB_pct0p1-r3,4,27,nyam,84,-801.0,-0.1309,0.9676,0.25,445.0
s10_offptsB_pct0p2-r0,4,28,all,234,56209.0,1.5853,1.4021,0.2265,895.0
s10_offptsB_pct0p2-r0,4,28,london,52,9382.0,0.4813,1.284,0.1731,865.0
s10_offptsB_pct0p2-r0,4,28,pre,98,31418.0,1.3546,1.5386,0.2347,880.0
s10_offptsB_pct0p2-r0,4,28,nyam,84,15409.0,0.8238,1.3183,0.25,895.0
s10_offptsB_pct0p2-r1,4,29,all,234,-7076.0,-0.5974,0.9246,0.4872,895.0
s10_offptsB_pct0p2-r1,4,29,london,52,1722.0,0.3076,1.0901,0.5192,865.0
s10_offptsB_pct0p2-r1,4,29,pre,98,-2922.0,-0.3776,0.926,0.4898,880.0
s10_offptsB_pct0p2-r1,4,29,nyam,84,-5876.0,-0.8313,0.833,0.4643,895.0
s10_offptsB_pct0p2-r2,4,30,all,234,19454.0,1.1377,1.1712,0.3761,895.0
s10_offptsB_pct0p2-r2,4,30,london,52,-4743.0,-0.6136,0.8326,0.2885,865.0
s10_offptsB_pct0p2-r2,4,30,pre,98,17858.0,1.5665,1.398,0.4184,880.0
s10_offptsB_pct0p2-r2,4,30,nyam,84,6339.0,0.6259,1.1567,0.381,895.0
s10_offptsB_pct0p2-r3,4,31,all,234,29324.0,1.385,1.2326,0.3077,895.0
s10_offptsB_pct0p2-r3,4,31,london,52,-8328.0,-0.9173,0.7415,0.1923,865.0
s10_offptsB_pct0p2-r3,4,31,pre,98,28783.0,1.9794,1.582,0.3571,880.0
s10_offptsB_pct0p2-r3,4,31,nyam,84,8869.0,0.7218,1.1996,0.3214,895.0
