cell,vi,xi,sess,trades,net,t,pf,win,max_mae_usd
s1_atr1p5-r0,0,0,all,7205,-116980.0,-1.3622,0.9513,0.2944,5010.0
s1_atr1p5-r0,0,0,eve,1509,-21966.0,-0.491,0.9576,0.161,5010.0
s1_atr1p5-r0,0,0,asia,932,-36858.0,-1.0429,0.8912,0.1835,2470.0
s1_atr1p5-r0,0,0,london,1370,-23760.0,-0.5485,0.9573,0.2336,2680.0
s1_atr1p5-r0,0,0,pre,771,-3324.0,-0.1099,0.9894,0.3022,2290.0
s1_atr1p5-r0,0,0,nyam,763,-13132.0,-0.5028,0.9536,0.4037,2370.0
s1_atr1p5-r0,0,0,mid,946,9336.0,0.4293,1.0385,0.4641,1970.0
s1_atr1p5-r0,0,0,pm,914,-27276.0,-2.0168,0.8137,0.4453,2970.0
s1_atr1p5-r1,0,1,all,8385,-232060.0,-4.1706,0.8938,0.4724,5880.0
s1_atr1p5-r1,0,1,eve,2001,-28924.0,-1.0536,0.9375,0.4733,5880.0
s1_atr1p5-r1,0,1,asia,1013,-40442.0,-2.3428,0.8386,0.4768,2470.0
s1_atr1p5-r1,0,1,london,1838,-68252.0,-2.5432,0.8752,0.4695,2370.0
s1_atr1p5-r1,0,1,pre,813,-41202.0,-2.1826,0.8444,0.4686,2290.0
s1_atr1p5-r1,0,1,nyam,801,-28044.0,-1.3657,0.8965,0.4806,2370.0
s1_atr1p5-r1,0,1,mid,981,5916.0,0.3017,1.0245,0.4862,2630.0
s1_atr1p5-r1,0,1,pm,938,-31112.0,-2.449,0.7912,0.4531,2970.0
s1_atr1p5-r2,0,2,all,7584,-164746.0,-2.4616,0.9294,0.3668,5010.0
s1_atr1p5-r2,0,2,eve,1705,-42270.0,-1.3057,0.9167,0.312,5010.0
s1_atr1p5-r2,0,2,asia,946,-25634.0,-1.1216,0.9129,0.3309,2470.0
s1_atr1p5-r2,0,2,london,1509,-40956.0,-1.2537,0.9261,0.3287,2680.0
s1_atr1p5-r2,0,2,pre,788,-25682.0,-1.0431,0.9162,0.3439,2290.0
s1_atr1p5-r2,0,2,nyam,768,-17732.0,-0.7283,0.9374,0.4115,2370.0
s1_atr1p5-r2,0,2,mid,949,14204.0,0.6566,1.0589,0.4679,1970.0
s1_atr1p5-r2,0,2,pm,919,-26676.0,-2.0074,0.8179,0.4461,2970.0
s1_atr1p5-r3,0,3,all,7343,-143202.0,-1.9355,0.9396,0.3278,5010.0
s1_atr1p5-r3,0,3,eve,1590,-31510.0,-0.8632,0.9383,0.2403,5010.0
s1_atr1p5-r3,0,3,asia,935,-41280.0,-1.5497,0.8708,0.2481,2470.0
s1_atr1p5-r3,0,3,london,1411,-32234.0,-0.8778,0.9421,0.275,2680.0
s1_atr1p5-r3,0,3,pre,782,-5568.0,-0.1986,0.9823,0.3159,2290.0
s1_atr1p5-r3,0,3,nyam,763,-15132.0,-0.5926,0.9465,0.4063,2370.0
s1_atr1p5-r3,0,3,mid,946,6266.0,0.292,1.0258,0.4641,1970.0
s1_atr1p5-r3,0,3,pm,916,-23744.0,-1.7343,0.8374,0.4465,2970.0
s1_atr3-r0,0,4,all,6290,-103520.0,-1.0468,0.9623,0.3978,8390.0
s1_atr3-r0,0,4,eve,1151,13976.0,0.2585,1.0226,0.285,8390.0
s1_atr3-r0,0,4,asia,843,-38372.0,-0.911,0.9154,0.331,4790.0
s1_atr3-r0,0,4,london,1045,-41930.0,-0.8903,0.9307,0.3751,5110.0
s1_atr3-r0,0,4,pre,733,-1032.0,-0.0287,0.9973,0.4447,4200.0
s1_atr3-r0,0,4,nyam,725,-10560.0,-0.3617,0.9644,0.48,4750.0
s1_atr3-r0,0,4,mid,905,6960.0,0.3035,1.0289,0.4785,3920.0
s1_atr3-r0,0,4,pm,888,-32562.0,-2.2943,0.7816,0.4459,4250.0
s1_atr3-r1,0,5,all,6664,-157946.0,-1.9907,0.9392,0.4809,8390.0
s1_atr3-r1,0,5,eve,1353,-63882.0,-1.606,0.8924,0.4715,8390.0
s1_atr3-r1,0,5,asia,855,-16220.0,-0.5571,0.9564,0.4971,4790.0
s1_atr3-r1,0,5,london,1174,-27146.0,-0.7094,0.9533,0.4898,5110.0
s1_atr3-r1,0,5,pre,751,-10734.0,-0.3512,0.9704,0.4993,4200.0
s1_atr3-r1,0,5,nyam,730,-18790.0,-0.685,0.9368,0.4877,4750.0
s1_atr3-r1,0,5,mid,908,10348.0,0.454,1.0432,0.4813,3920.0
s1_atr3-r1,0,5,pm,893,-31522.0,-2.2386,0.7888,0.4468,4250.0
s1_atr3-r2,0,6,all,6350,-130870.0,-1.439,0.9517,0.4175,8390.0
s1_atr3-r2,0,6,eve,1189,-19856.0,-0.4265,0.9669,0.3482,8390.0
s1_atr3-r2,0,6,asia,844,-29486.0,-0.8057,0.9323,0.3685,4790.0
s1_atr3-r2,0,6,london,1059,-55686.0,-1.2637,0.9084,0.3909,5110.0
s1_atr3-r2,0,6,pre,738,6768.0,0.1908,1.0178,0.4512,4200.0
s1_atr3-r2,0,6,nyam,725,-13670.0,-0.4733,0.954,0.48,4750.0
s1_atr3-r2,0,6,mid,905,6760.0,0.2972,1.0281,0.4785,3920.0
s1_atr3-r2,0,6,pm,890,-25700.0,-1.7398,0.8263,0.4472,4250.0
s1_atr3-r3,0,7,all,6300,-136150.0,-1.4409,0.9502,0.4037,8390.0
s1_atr3-r3,0,7,eve,1159,3534.0,0.0707,1.0058,0.3106,8390.0
s1_atr3-r3,0,7,asia,844,-46866.0,-1.196,0.896,0.3377,4790.0
s1_atr3-r3,0,7,london,1046,-49464.0,-1.0848,0.9182,0.3776,5110.0
s1_atr3-r3,0,7,pre,733,-4432.0,-0.1251,0.9884,0.4447,4200.0
s1_atr3-r3,0,7,nyam,725,-12590.0,-0.4344,0.9576,0.48,4750.0
s1_atr3-r3,0,7,mid,905,6230.0,0.273,1.0259,0.4785,3920.0
s1_atr3-r3,0,7,pm,888,-32562.0,-2.2943,0.7816,0.4459,4250.0
s1_pts2-r0,0,8,all,9247,-194398.0,-3.1452,0.8812,0.1568,320.0
s1_pts2-r0,0,8,eve,1841,-15734.0,-0.4464,0.9561,0.0902,220.0
s1_pts2-r0,0,8,asia,1084,-33406.0,-1.3745,0.8419,0.0895,210.0
s1_pts2-r0,0,8,london,2045,-82770.0,-2.6729,0.792,0.09,220.0
s1_pts2-r0,0,8,pre,865,-5200.0,-0.2609,0.968,0.1237,320.0
s1_pts2-r0,0,8,nyam,873,1248.0,0.0719,1.0081,0.1718,300.0
s1_pts2-r0,0,8,mid,1352,-30628.0,-2.0124,0.8573,0.2426,220.0
s1_pts2-r0,0,8,pm,1187,-27908.0,-2.81,0.7973,0.3521,230.0
s1_pts2-r1,0,9,all,11332,-304198.0,-14.1872,0.7647,0.4546,320.0
s1_pts2-r1,0,9,eve,2464,-66966.0,-6.5986,0.7669,0.4562,220.0
s1_pts2-r1,0,9,asia,1234,-28846.0,-4.0121,0.7959,0.4652,210.0
s1_pts2-r1,0,9,london,2654,-79546.0,-7.5659,0.746,0.4491,220.0
s1_pts2-r1,0,9,pre,930,-24340.0,-3.8961,0.7747,0.4591,320.0
s1_pts2-r1,0,9,nyam,944,-20826.0,-3.3028,0.8065,0.4693,300.0
s1_pts2-r1,0,9,mid,1684,-38436.0,-4.6037,0.7984,0.4662,210.0
s1_pts2-r1,0,9,pm,1422,-45238.0,-6.6591,0.6867,0.4262,230.0
s1_pts2-r2,0,10,all,10473,-285022.0,-10.172,0.8103,0.3162,320.0
s1_pts2-r2,0,10,eve,2212,-75598.0,-5.7721,0.7738,0.2952,220.0
s1_pts2-r2,0,10,asia,1140,-29420.0,-3.0894,0.8257,0.3088,210.0
s1_pts2-r2,0,10,london,2479,-75816.0,-5.4395,0.7958,0.3009,220.0
s1_pts2-r2,0,10,pre,914,-20926.0,-2.4407,0.8445,0.314,320.0
s1_pts2-r2,0,10,nyam,926,-17164.0,-1.982,0.8724,0.3218,300.0
s1_pts2-r2,0,10,mid,1519,-37356.0,-3.5074,0.8265,0.3246,210.0
s1_pts2-r2,0,10,pm,1283,-28742.0,-3.5145,0.7998,0.3765,230.0
s1_pts2-r3,0,11,all,9974,-276266.0,-8.4734,0.8233,0.253,320.0
s1_pts2-r3,0,11,eve,2049,-55096.0,-3.5611,0.8368,0.2313,220.0
s1_pts2-r3,0,11,asia,1109,-27346.0,-2.3943,0.8497,0.2344,210.0
s1_pts2-r3,0,11,london,2355,-74280.0,-4.5196,0.8099,0.2255,220.0
s1_pts2-r3,0,11,pre,891,-23774.0,-2.3289,0.838,0.2323,320.0
s1_pts2-r3,0,11,nyam,908,-23922.0,-2.3538,0.8375,0.239,300.0
s1_pts2-r3,0,11,mid,1429,-39726.0,-3.3293,0.8178,0.2736,210.0
s1_pts2-r3,0,11,pm,1233,-32122.0,-3.7393,0.7733,0.3593,230.0
s1_pts3-r0,0,12,all,8203,-70852.0,-1.0045,0.9632,0.2192,370.0
s1_pts3-r0,0,12,eve,1570,23110.0,0.5754,1.0547,0.1414,320.0
s1_pts3-r0,0,12,asia,974,-14116.0,-0.5052,0.9456,0.1509,320.0
s1_pts3-r0,0,12,london,1747,-56558.0,-1.6164,0.8789,0.1454,330.0
s1_pts3-r0,0,12,pre,827,16232.0,0.686,1.0776,0.1935,330.0
s1_pts3-r0,0,12,nyam,837,1012.0,0.053,1.0053,0.2557,370.0
s1_pts3-r0,0,12,mid,1187,-11648.0,-0.6509,0.9501,0.3227,330.0
s1_pts3-r0,0,12,pm,1061,-28884.0,-2.7238,0.7953,0.394,340.0
s1_pts3-r1,0,13,all,10081,-227414.0,-7.639,0.8568,0.4735,370.0
s1_pts3-r1,0,13,eve,2119,-44686.0,-3.183,0.8709,0.4804,320.0
s1_pts3-r1,0,13,asia,1085,-22990.0,-2.2884,0.8703,0.4802,320.0
s1_pts3-r1,0,13,london,2399,-52006.0,-3.4825,0.8675,0.4794,330.0
s1_pts3-r1,0,13,pre,899,-20316.0,-2.2198,0.8624,0.4783,330.0
s1_pts3-r1,0,13,nyam,918,-29162.0,-3.167,0.8113,0.4619,370.0
s1_pts3-r1,0,13,mid,1440,-22150.0,-1.9701,0.8999,0.4826,330.0
s1_pts3-r1,0,13,pm,1221,-36104.0,-4.2976,0.758,0.4382,340.0
s1_pts3-r2,0,14,all,9022,-185398.0,-4.8316,0.8962,0.3409,370.0
s1_pts3-r2,0,14,eve,1796,-32904.0,-1.8202,0.9136,0.3252,320.0
s1_pts3-r2,0,14,asia,1003,-11192.0,-0.8244,0.9467,0.334,320.0
s1_pts3-r2,0,14,london,2113,-45782.0,-2.3426,0.8984,0.3213,330.0
s1_pts3-r2,0,14,pre,858,-19412.0,-1.5617,0.8939,0.3217,330.0
s1_pts3-r2,0,14,nyam,881,-21314.0,-1.7359,0.8835,0.3303,370.0
s1_pts3-r2,0,14,mid,1264,-21826.0,-1.594,0.9067,0.3663,330.0
s1_pts3-r2,0,14,pm,1107,-32968.0,-3.5276,0.7731,0.4047,340.0
s1_pts3-r3,0,15,all,8610,-148970.0,-3.3306,0.9196,0.2839,370.0
s1_pts3-r3,0,15,eve,1681,-9324.0,-0.4312,0.9763,0.2558,320.0
s1_pts3-r3,0,15,asia,987,-17098.0,-1.0503,0.9265,0.2482,320.0
s1_pts3-r3,0,15,london,1945,-57030.0,-2.5294,0.8774,0.2375,330.0
s1_pts3-r3,0,15,pre,849,-7926.0,-0.5248,0.9597,0.2615,330.0
s1_pts3-r3,0,15,nyam,861,-10074.0,-0.6986,0.9466,0.2869,370.0
s1_pts3-r3,0,15,mid,1213,-16282.0,-1.0783,0.9301,0.3397,330.0
s1_pts3-r3,0,15,pm,1074,-31236.0,-3.185,0.7813,0.3966,340.0
s1_pts5-r0,0,16,all,7101,-29404.0,-0.3644,0.9872,0.3021,550.0
s1_pts5-r0,0,16,eve,1287,10252.0,0.2355,1.0199,0.2098,520.0
s1_pts5-r0,0,16,asia,884,-24086.0,-0.7335,0.9297,0.2398,550.0
s1_pts5-r0,0,16,london,1373,-9172.0,-0.2188,0.9828,0.2272,530.0
s1_pts5-r0,0,16,pre,779,5934.0,0.2171,1.0211,0.2824,540.0
s1_pts5-r0,0,16,nyam,791,8616.0,0.385,1.0361,0.3654,540.0
s1_pts5-r0,0,16,mid,1029,4284.0,0.2134,1.0176,0.4198,510.0
s1_pts5-r0,0,16,pm,958,-25232.0,-2.1704,0.8219,0.428,520.0
s1_pts5-r1,0,17,all,8240,-212150.0,-4.9294,0.8935,0.4782,550.0
s1_pts5-r1,0,17,eve,1597,-72248.0,-3.5885,0.8357,0.464,510.0
s1_pts5-r1,0,17,asia,932,-11508.0,-0.7459,0.9523,0.4968,550.0
s1_pts5-r1,0,17,london,1867,-39408.0,-1.8084,0.9196,0.4879,530.0
s1_pts5-r1,0,17,pre,830,-28540.0,-1.9731,0.8717,0.4735,540.0
s1_pts5-r1,0,17,nyam,847,-29738.0,-2.0921,0.8639,0.477,540.0
s1_pts5-r1,0,17,mid,1146,-3714.0,-0.2503,0.9842,0.4974,510.0
s1_pts5-r1,0,17,pm,1021,-26994.0,-2.6685,0.8138,0.4486,520.0
s1_pts5-r2,0,18,all,7445,-178510.0,-3.2837,0.9188,0.3632,550.0
s1_pts5-r2,0,18,eve,1381,-42484.0,-1.6335,0.9112,0.3215,510.0
s1_pts5-r2,0,18,asia,896,-28514.0,-1.3781,0.9067,0.3326,550.0
s1_pts5-r2,0,18,london,1543,-52622.0,-1.9347,0.9007,0.3234,530.0
s1_pts5-r2,0,18,pre,796,-18114.0,-0.9419,0.9311,0.343,540.0
s1_pts5-r2,0,18,nyam,810,-5280.0,-0.2923,0.9777,0.3914,540.0
s1_pts5-r2,0,18,mid,1049,-4286.0,-0.2491,0.9822,0.4337,510.0
s1_pts5-r2,0,18,pm,970,-27210.0,-2.4809,0.8104,0.4309,520.0
s1_pts5-r3,0,19,all,7233,-125542.0,-2.0178,0.9444,0.326,550.0
s1_pts5-r3,0,19,eve,1333,-38172.0,-1.2495,0.9244,0.2558,510.0
s1_pts5-r3,0,19,asia,887,-27768.0,-1.1543,0.9147,0.2807,550.0
s1_pts5-r3,0,19,london,1434,-23566.0,-0.753,0.9552,0.272,530.0
s1_pts5-r3,0,19,pre,789,-18536.0,-0.835,0.9336,0.2966,540.0
s1_pts5-r3,0,19,nyam,795,9430.0,0.4626,1.0396,0.3723,540.0
s1_pts5-r3,0,19,mid,1033,-1822.0,-0.0987,0.9925,0.423,510.0
s1_pts5-r3,0,19,pm,962,-25108.0,-2.1873,0.8238,0.4272,520.0
s1_pts7-r0,0,20,all,6648,-129682.0,-1.4971,0.9497,0.3533,760.0
s1_pts7-r0,0,20,eve,1153,-3292.0,-0.0712,0.9943,0.2749,760.0
s1_pts7-r0,0,20,asia,855,-29900.0,-0.8144,0.9268,0.3099,760.0
s1_pts7-r0,0,20,london,1212,-45578.0,-1.0437,0.9224,0.288,720.0
s1_pts7-r0,0,20,pre,759,-12766.0,-0.4213,0.9618,0.3439,720.0
s1_pts7-r0,0,20,nyam,764,-18916.0,-0.7758,0.9322,0.4018,730.0
s1_pts7-r0,0,20,mid,977,6872.0,0.3276,1.0282,0.4534,710.0
s1_pts7-r0,0,20,pm,928,-26102.0,-2.0617,0.8209,0.4386,710.0
s1_pts7-r1,0,21,all,7344,-254966.0,-4.6849,0.8903,0.4762,760.0
s1_pts7-r1,0,21,eve,1346,-43054.0,-1.6704,0.9128,0.4844,760.0
s1_pts7-r1,0,21,asia,881,-15504.0,-0.746,0.9508,0.496,760.0
s1_pts7-r1,0,21,london,1531,-76244.0,-2.7957,0.8661,0.4716,720.0
s1_pts7-r1,0,21,pre,788,-39852.0,-2.0746,0.8606,0.4695,720.0
s1_pts7-r1,0,21,nyam,800,-49530.0,-2.7426,0.8159,0.4662,730.0
s1_pts7-r1,0,21,mid,1033,-142.0,-0.0083,0.9994,0.4937,710.0
s1_pts7-r1,0,21,pm,965,-30640.0,-2.6813,0.7955,0.4487,710.0
s1_pts7-r2,0,22,all,6809,-213276.0,-3.1742,0.9152,0.3846,760.0
s1_pts7-r2,0,22,eve,1212,-33278.0,-1.0022,0.9402,0.3416,760.0
s1_pts7-r2,0,22,asia,860,-32320.0,-1.1997,0.9154,0.3593,760.0
s1_pts7-r2,0,22,london,1285,-52170.0,-1.5684,0.91,0.3447,720.0
s1_pts7-r2,0,22,pre,770,-45030.0,-1.8651,0.8631,0.3636,720.0
s1_pts7-r2,0,22,nyam,768,-22672.0,-1.037,0.9183,0.4128,730.0
s1_pts7-r2,0,22,mid,981,-1164.0,-0.0604,0.9952,0.4557,710.0
s1_pts7-r2,0,22,pm,933,-26642.0,-2.1742,0.818,0.4384,710.0
s1_pts7-r3,0,23,all,6720,-196900.0,-2.6334,0.9235,0.3622,760.0
s1_pts7-r3,0,23,eve,1185,-13600.0,-0.3524,0.9765,0.297,760.0
s1_pts7-r3,0,23,asia,857,-65508.0,-2.2208,0.8381,0.3186,760.0
s1_pts7-r3,0,23,london,1240,-68860.0,-1.8795,0.8833,0.3048,720.0
s1_pts7-r3,0,23,pre,763,-10902.0,-0.3935,0.9671,0.3526,720.0
s1_pts7-r3,0,23,nyam,764,-23696.0,-1.0272,0.9149,0.4031,730.0
s1_pts7-r3,0,23,mid,980,8150.0,0.3956,1.0333,0.4541,710.0
s1_pts7-r3,0,23,pm,931,-22484.0,-1.7536,0.8454,0.4393,710.0
s1_pct0p1-r0,0,24,all,9141,-186684.0,-2.9247,0.8922,0.1663,370.0
s1_pct0p1-r0,0,24,eve,1830,-25730.0,-0.7266,0.9333,0.0951,360.0
s1_pct0p1-r0,0,24,asia,1070,-26040.0,-1.0133,0.8834,0.0981,360.0
s1_pct0p1-r0,0,24,london,2015,-86280.0,-2.7048,0.7949,0.0973,350.0
s1_pct0p1-r0,0,24,pre,859,8764.0,0.4074,1.0509,0.135,350.0
s1_pct0p1-r0,0,24,nyam,871,2226.0,0.1238,1.0137,0.1848,370.0
s1_pct0p1-r0,0,24,mid,1333,-29812.0,-1.8751,0.8682,0.2596,350.0
s1_pct0p1-r0,0,24,pm,1163,-29812.0,-2.9258,0.7899,0.3629,360.0
s1_pct0p1-r1,0,25,all,11306,-285004.0,-11.9576,0.7933,0.46,370.0
s1_pct0p1-r1,0,25,eve,2479,-64036.0,-5.6496,0.7933,0.4591,360.0
s1_pct0p1-r1,0,25,asia,1228,-29262.0,-3.666,0.8077,0.4674,350.0
s1_pct0p1-r1,0,25,london,2653,-72112.0,-6.1783,0.783,0.4561,350.0
s1_pct0p1-r1,0,25,pre,929,-22436.0,-3.2362,0.8052,0.4661,350.0
s1_pct0p1-r1,0,25,nyam,944,-19086.0,-2.7385,0.8336,0.4778,370.0
s1_pct0p1-r1,0,25,mid,1675,-35410.0,-3.7946,0.8268,0.471,350.0
s1_pct0p1-r1,0,25,pm,1398,-42662.0,-5.6939,0.7164,0.4335,360.0
s1_pct0p1-r2,0,26,all,10376,-257454.0,-8.2306,0.8391,0.3222,370.0
s1_pct0p1-r2,0,26,eve,2210,-64370.0,-4.3249,0.8206,0.3023,360.0
s1_pct0p1-r2,0,26,asia,1126,-28014.0,-2.6458,0.8445,0.3117,350.0
s1_pct0p1-r2,0,26,london,2476,-61704.0,-3.9387,0.844,0.311,350.0
s1_pct0p1-r2,0,26,pre,909,-15106.0,-1.5827,0.8939,0.3267,350.0
s1_pct0p1-r2,0,26,nyam,924,-19156.0,-2.0042,0.8682,0.3193,370.0
s1_pct0p1-r2,0,26,mid,1483,-37142.0,-3.1376,0.8379,0.3277,350.0
s1_pct0p1-r2,0,26,pm,1248,-31962.0,-3.6365,0.7847,0.3814,360.0
s1_pct0p1-r3,0,27,all,9842,-240378.0,-6.5882,0.8553,0.2588,370.0
s1_pct0p1-r3,0,27,eve,2045,-45350.0,-2.5661,0.8759,0.2347,360.0
s1_pct0p1-r3,0,27,asia,1093,-15972.0,-1.2373,0.9166,0.2452,360.0
s1_pct0p1-r3,0,27,london,2328,-80082.0,-4.4194,0.809,0.2251,350.0
s1_pct0p1-r3,0,27,pre,886,-14554.0,-1.2643,0.9062,0.2449,350.0
s1_pct0p1-r3,0,27,nyam,904,-21546.0,-1.8968,0.863,0.2412,370.0
s1_pct0p1-r3,0,27,mid,1386,-32754.0,-2.4614,0.8561,0.285,350.0
s1_pct0p1-r3,0,27,pm,1200,-30120.0,-3.2533,0.7923,0.3708,360.0
s1_pct0p2-r0,0,28,all,7389,-64506.0,-0.8085,0.9712,0.2757,710.0
s1_pct0p2-r0,0,28,eve,1367,-8888.0,-0.2077,0.9825,0.18,700.0
s1_pct0p2-r0,0,28,asia,906,-21154.0,-0.6391,0.935,0.2009,710.0
s1_pct0p2-r0,0,28,london,1462,-5098.0,-0.1239,0.9901,0.2066,700.0
s1_pct0p2-r0,0,28,pre,794,7304.0,0.2687,1.0275,0.2506,690.0
s1_pct0p2-r0,0,28,nyam,814,-7686.0,-0.3499,0.9677,0.3133,690.0
s1_pct0p2-r0,0,28,mid,1060,-2460.0,-0.1235,0.9901,0.4038,690.0
s1_pct0p2-r0,0,28,pm,986,-26524.0,-2.3136,0.8144,0.431,690.0
s1_pct0p2-r1,0,29,all,8846,-237954.0,-5.8253,0.8779,0.4756,690.0
s1_pct0p2-r1,0,29,eve,1782,-74478.0,-3.8426,0.8301,0.4596,690.0
s1_pct0p2-r1,0,29,asia,967,-27968.0,-1.9905,0.8773,0.4809,690.0
s1_pct0p2-r1,0,29,london,2065,-39040.0,-1.892,0.9183,0.4891,690.0
s1_pct0p2-r1,0,29,pre,858,-21332.0,-1.6203,0.8931,0.4837,690.0
s1_pct0p2-r1,0,29,nyam,881,-34314.0,-2.5984,0.8358,0.4654,690.0
s1_pct0p2-r1,0,29,mid,1222,-9998.0,-0.6768,0.9593,0.4943,690.0
s1_pct0p2-r1,0,29,pm,1071,-30824.0,-3.0255,0.7951,0.4519,690.0
s1_pct0p2-r2,0,30,all,7845,-174940.0,-3.3772,0.9179,0.3559,710.0
s1_pct0p2-r2,0,30,eve,1484,-39236.0,-1.5754,0.9153,0.3214,700.0
s1_pct0p2-r2,0,30,asia,920,-19140.0,-1.0029,0.9312,0.3315,710.0
s1_pct0p2-r2,0,30,london,1705,-37500.0,-1.4367,0.9275,0.3261,690.0
s1_pct0p2-r2,0,30,pre,815,-19090.0,-1.0756,0.9219,0.3325,690.0
s1_pct0p2-r2,0,30,nyam,835,-24370.0,-1.425,0.8965,0.3473,690.0
s1_pct0p2-r2,0,30,mid,1081,-8684.0,-0.5099,0.9645,0.4218,690.0
s1_pct0p2-r2,0,30,pm,1005,-26920.0,-2.4407,0.8152,0.4348,690.0
s1_pct0p2-r3,0,31,all,7541,-125194.0,-2.0909,0.9427,0.3092,710.0
s1_pct0p2-r3,0,31,eve,1413,-32082.0,-1.082,0.9342,0.2442,700.0
s1_pct0p2-r3,0,31,asia,909,-26206.0,-1.1555,0.9141,0.2552,710.0
s1_pct0p2-r3,0,31,london,1533,-18812.0,-0.6273,0.9629,0.2596,700.0
s1_pct0p2-r3,0,31,pre,805,1680.0,0.0786,1.0066,0.2882,690.0
s1_pct0p2-r3,0,31,nyam,823,-14662.0,-0.7589,0.9384,0.3208,690.0
s1_pct0p2-r3,0,31,mid,1068,-9382.0,-0.5126,0.9621,0.4064,690.0
s1_pct0p2-r3,0,31,pm,990,-25730.0,-2.2597,0.821,0.4313,690.0
s2_atr1p5-r0,1,0,all,7096,16956.0,0.1938,1.0073,0.3072,4710.0
s2_atr1p5-r0,1,0,eve,1473,62808.0,1.3193,1.1277,0.186,4710.0
s2_atr1p5-r0,1,0,asia,914,9064.0,0.2517,1.0279,0.1849,2170.0
s2_atr1p5-r0,1,0,london,1356,-724.0,-0.0164,0.9987,0.2485,2550.0
s2_atr1p5-r0,1,0,pre,786,-3684.0,-0.1242,0.9881,0.3206,2480.0
s2_atr1p5-r0,1,0,nyam,726,13816.0,0.5365,1.053,0.4146,2170.0
s2_atr1p5-r0,1,0,mid,934,-39566.0,-1.8524,0.8495,0.4604,2910.0
s2_atr1p5-r0,1,0,pm,907,-24758.0,-1.9832,0.8183,0.4598,2110.0
s2_atr1p5-r1,1,1,all,8313,-155662.0,-2.8591,0.926,0.4889,4710.0
s2_atr1p5-r1,1,1,eve,1991,-13914.0,-0.5223,0.9687,0.4947,4710.0
s2_atr1p5-r1,1,1,asia,1001,-12194.0,-0.7354,0.947,0.4885,1810.0
s2_atr1p5-r1,1,1,london,1824,-43556.0,-1.6436,0.9172,0.4896,2470.0
s2_atr1p5-r1,1,1,pre,829,314.0,0.0163,1.0013,0.4994,2480.0
s2_atr1p5-r1,1,1,nyam,767,-11758.0,-0.5864,0.9532,0.4993,2170.0
s2_atr1p5-r1,1,1,mid,967,-55228.0,-2.8934,0.7925,0.4747,2910.0
s2_atr1p5-r1,1,1,pm,934,-19326.0,-1.6334,0.8576,0.4722,2110.0
s2_atr1p5-r2,1,2,all,7454,-85106.0,-1.2798,0.9623,0.3809,4710.0
s2_atr1p5-r2,1,2,eve,1658,4678.0,0.1424,1.0098,0.3372,4710.0
s2_atr1p5-r2,1,2,asia,930,1250.0,0.0552,1.0045,0.3366,2170.0
s2_atr1p5-r2,1,2,london,1486,-22684.0,-0.6942,0.9584,0.3419,2550.0
s2_atr1p5-r2,1,2,pre,798,-6692.0,-0.2702,0.9777,0.3659,2480.0
s2_atr1p5-r2,1,2,nyam,730,3610.0,0.1539,1.014,0.426,2170.0
s2_atr1p5-r2,1,2,mid,939,-44736.0,-2.1355,0.8312,0.4622,2910.0
s2_atr1p5-r2,1,2,pm,913,-20532.0,-1.6234,0.8491,0.4622,2110.0
s2_atr1p5-r3,1,3,all,7223,-23752.0,-0.3171,0.9897,0.3403,4710.0
s2_atr1p5-r3,1,3,eve,1548,58578.0,1.5164,1.123,0.2739,4710.0
s2_atr1p5-r3,1,3,asia,917,-19658.0,-0.7309,0.9362,0.2432,2170.0
s2_atr1p5-r3,1,3,london,1395,-23810.0,-0.6463,0.9567,0.2796,2550.0
s2_atr1p5-r3,1,3,pre,793,7018.0,0.2496,1.0228,0.3367,2480.0
s2_atr1p5-r3,1,3,nyam,726,10386.0,0.4208,1.0399,0.4174,2170.0
s2_atr1p5-r3,1,3,mid,934,-40186.0,-1.8664,0.8471,0.4604,2910.0
s2_atr1p5-r3,1,3,pm,910,-16080.0,-1.2271,0.8812,0.4626,2110.0
s2_atr3-r0,1,4,all,6235,29920.0,0.3015,1.0112,0.4072,7850.0
s2_atr3-r0,1,4,eve,1148,63288.0,1.2051,1.1076,0.3136,7850.0
s2_atr3-r0,1,4,asia,837,15162.0,0.3433,1.0338,0.325,5210.0
s2_atr3-r0,1,4,london,1043,8838.0,0.1824,1.0152,0.395,4960.0
s2_atr3-r0,1,4,pre,738,-30252.0,-0.845,0.9222,0.4295,4960.0
s2_atr3-r0,1,4,nyam,692,24362.0,0.8488,1.0897,0.4884,3780.0
s2_atr3-r0,1,4,mid,891,-29224.0,-1.2805,0.8858,0.4804,3780.0
s2_atr3-r0,1,4,pm,886,-22254.0,-1.7246,0.8352,0.465,2450.0
s2_atr3-r1,1,5,all,6571,-59354.0,-0.7567,0.9762,0.4941,7850.0
s2_atr3-r1,1,5,eve,1322,-3798.0,-0.098,0.993,0.5068,7850.0
s2_atr3-r1,1,5,asia,853,-2642.0,-0.0917,0.9927,0.4959,5210.0
s2_atr3-r1,1,5,london,1156,14296.0,0.3691,1.0255,0.5087,4960.0
s2_atr3-r1,1,5,pre,753,-32102.0,-1.0403,0.9139,0.4861,4960.0
s2_atr3-r1,1,5,nyam,696,15126.0,0.5697,1.0566,0.5014,3780.0
s2_atr3-r1,1,5,mid,896,-33274.0,-1.4972,0.8698,0.4821,3780.0
s2_atr3-r1,1,5,pm,895,-16960.0,-1.2965,0.8741,0.4682,2450.0
s2_atr3-r2,1,6,all,6283,4148.0,0.0461,1.0016,0.4296,7850.0
s2_atr3-r2,1,6,eve,1176,54676.0,1.2216,1.0977,0.3869,7850.0
s2_atr3-r2,1,6,asia,839,-10906.0,-0.2962,0.9748,0.3623,5210.0
s2_atr3-r2,1,6,london,1055,-30.0,-0.0007,0.9999,0.4114,4960.0
s2_atr3-r2,1,6,pre,743,-24822.0,-0.706,0.9362,0.4361,4960.0
s2_atr3-r2,1,6,nyam,692,27872.0,0.9727,1.1031,0.4899,3780.0
s2_atr3-r2,1,6,mid,891,-30344.0,-1.3367,0.8814,0.4804,3780.0
s2_atr3-r2,1,6,pm,887,-12298.0,-0.8978,0.9075,0.4679,2450.0
s2_atr3-r3,1,7,all,6242,17032.0,0.1797,1.0064,0.4141,7850.0
s2_atr3-r3,1,7,eve,1153,47838.0,1.0169,1.0832,0.3426,7850.0
s2_atr3-r3,1,7,asia,837,12262.0,0.2961,1.0276,0.3345,5210.0
s2_atr3-r3,1,7,london,1044,15624.0,0.3273,1.0269,0.3975,4960.0
s2_atr3-r3,1,7,pre,739,-30246.0,-0.8455,0.9226,0.429,4960.0
s2_atr3-r3,1,7,nyam,692,22552.0,0.7921,1.0831,0.4884,3780.0
s2_atr3-r3,1,7,mid,891,-28744.0,-1.2561,0.8876,0.4804,3780.0
s2_atr3-r3,1,7,pm,886,-22254.0,-1.7246,0.8352,0.465,2450.0
s2_pts2-r0,1,8,all,9094,-156316.0,-2.5903,0.902,0.1636,610.0
s2_pts2-r0,1,8,eve,1825,-28160.0,-0.8819,0.9204,0.0948,230.0
s2_pts2-r0,1,8,asia,1039,-15916.0,-0.6485,0.9211,0.0953,610.0
s2_pts2-r0,1,8,london,1972,-40358.0,-1.2464,0.8938,0.1004,220.0
s2_pts2-r0,1,8,pre,892,-9798.0,-0.4985,0.9413,0.1278,340.0
s2_pts2-r0,1,8,nyam,835,14030.0,0.8309,1.0974,0.188,220.0
s2_pts2-r0,1,8,mid,1346,-36344.0,-2.4297,0.829,0.2452,230.0
s2_pts2-r0,1,8,pm,1185,-39770.0,-4.5348,0.7073,0.3519,220.0
s2_pts2-r1,1,9,all,11242,-229868.0,-10.7452,0.8151,0.4701,340.0
s2_pts2-r1,1,9,eve,2450,-49140.0,-4.8445,0.8223,0.4735,230.0
s2_pts2-r1,1,9,asia,1231,-11854.0,-1.6464,0.9103,0.4988,210.0
s2_pts2-r1,1,9,london,2625,-57760.0,-5.5061,0.8067,0.4686,220.0
s2_pts2-r1,1,9,pre,960,-22540.0,-3.5394,0.7957,0.4667,340.0
s2_pts2-r1,1,9,nyam,912,-14928.0,-2.4094,0.8524,0.4825,220.0
s2_pts2-r1,1,9,mid,1641,-39664.0,-4.8209,0.7875,0.4625,230.0
s2_pts2-r1,1,9,pm,1423,-33982.0,-4.9961,0.7528,0.4455,220.0
s2_pts2-r2,1,10,all,10264,-191106.0,-6.8215,0.8668,0.3319,340.0
s2_pts2-r2,1,10,eve,2165,-58810.0,-4.4896,0.8172,0.3067,230.0
s2_pts2-r2,1,10,asia,1111,-12264.0,-1.2786,0.9228,0.333,210.0
s2_pts2-r2,1,10,london,2410,-39220.0,-2.7953,0.8876,0.3245,300.0
s2_pts2-r2,1,10,pre,942,-11958.0,-1.3534,0.9118,0.3312,340.0
s2_pts2-r2,1,10,nyam,889,-1036.0,-0.1195,0.9916,0.3498,220.0
s2_pts2-r2,1,10,mid,1467,-38248.0,-3.682,0.8154,0.3265,230.0
s2_pts2-r2,1,10,pm,1280,-29570.0,-3.7213,0.7879,0.382,220.0
s2_pts2-r3,1,11,all,9766,-193684.0,-5.9285,0.8713,0.2648,340.0
s2_pts2-r3,1,11,eve,2023,-41422.0,-2.6632,0.8744,0.2392,230.0
s2_pts2-r3,1,11,asia,1071,-15164.0,-1.3263,0.9122,0.2474,210.0
s2_pts2-r3,1,11,london,2259,-44066.0,-2.6771,0.8802,0.2404,220.0
s2_pts2-r3,1,11,pre,918,-13262.0,-1.25,0.9107,0.2473,340.0
s2_pts2-r3,1,11,nyam,869,3084.0,0.2941,1.0229,0.275,220.0
s2_pts2-r3,1,11,mid,1397,-49488.0,-4.3234,0.7677,0.272,230.0
s2_pts2-r3,1,11,pm,1229,-33366.0,-3.9907,0.7584,0.3645,220.0
s2_pts3-r0,1,12,all,8125,-52450.0,-0.7437,0.9724,0.2236,390.0
s2_pts3-r0,1,12,eve,1552,6562.0,0.1743,1.0157,0.1437,330.0
s2_pts3-r0,1,12,asia,952,-4238.0,-0.1507,0.9834,0.1492,330.0
s2_pts3-r0,1,12,london,1722,-7488.0,-0.1945,0.9836,0.1504,320.0
s2_pts3-r0,1,12,pre,857,-11028.0,-0.4889,0.9492,0.1855,390.0
s2_pts3-r0,1,12,nyam,804,18274.0,0.9413,1.1008,0.2649,330.0
s2_pts3-r0,1,12,mid,1188,-23162.0,-1.3266,0.9011,0.3291,360.0
s2_pts3-r0,1,12,pm,1050,-31370.0,-3.2089,0.7691,0.4095,320.0
s2_pts3-r1,1,13,all,9971,-168554.0,-5.6932,0.8905,0.4853,390.0
s2_pts3-r1,1,13,eve,2087,-27858.0,-1.9983,0.9162,0.4931,320.0
s2_pts3-r1,1,13,asia,1081,-11414.0,-1.1371,0.9331,0.4977,330.0
s2_pts3-r1,1,13,london,2366,-51664.0,-3.484,0.8665,0.4793,320.0
s2_pts3-r1,1,13,pre,934,-17396.0,-1.8631,0.8852,0.485,390.0
s2_pts3-r1,1,13,nyam,884,-4406.0,-0.4866,0.9677,0.5068,330.0
s2_pts3-r1,1,13,mid,1407,-32058.0,-2.8908,0.8549,0.4769,360.0
s2_pts3-r1,1,13,pm,1212,-23758.0,-2.8477,0.8305,0.467,320.0
s2_pts3-r2,1,14,all,8898,-164892.0,-4.3272,0.9058,0.3465,390.0
s2_pts3-r2,1,14,eve,1775,-37220.0,-2.076,0.9016,0.3223,330.0
s2_pts3-r2,1,14,asia,987,-12048.0,-0.8947,0.9418,0.3323,330.0
s2_pts3-r2,1,14,london,2052,-38998.0,-2.0219,0.9103,0.325,320.0
s2_pts3-r2,1,14,pre,884,-21816.0,-1.7342,0.8843,0.3201,390.0
s2_pts3-r2,1,14,nyam,845,7450.0,0.6003,1.0447,0.3657,330.0
s2_pts3-r2,1,14,mid,1253,-39102.0,-2.9411,0.8339,0.3631,360.0
s2_pts3-r2,1,14,pm,1102,-23158.0,-2.4642,0.8334,0.4256,320.0
s2_pts3-r3,1,15,all,8504,-129256.0,-2.9096,0.9288,0.2899,390.0
s2_pts3-r3,1,15,eve,1664,-26156.0,-1.2308,0.9335,0.2482,330.0
s2_pts3-r3,1,15,asia,964,-5106.0,-0.3122,0.9773,0.2573,330.0
s2_pts3-r3,1,15,london,1888,-38302.0,-1.7071,0.9141,0.2463,320.0
s2_pts3-r3,1,15,pre,873,-13542.0,-0.8948,0.933,0.2589,390.0
s2_pts3-r3,1,15,nyam,830,11950.0,0.8174,1.0674,0.3072,330.0
s2_pts3-r3,1,15,mid,1216,-32014.0,-2.1834,0.8641,0.3413,360.0
s2_pts3-r3,1,15,pm,1069,-26086.0,-2.6967,0.8101,0.4144,320.0
s2_pts5-r0,1,16,all,7059,-29356.0,-0.3655,0.9871,0.3056,550.0
s2_pts5-r0,1,16,eve,1281,37156.0,0.8547,1.0735,0.2264,550.0
s2_pts5-r0,1,16,asia,876,-16124.0,-0.4823,0.9535,0.2249,520.0
s2_pts5-r0,1,16,london,1370,-3140.0,-0.0763,0.994,0.2423,530.0
s2_pts5-r0,1,16,pre,800,3430.0,0.1258,1.0123,0.29,530.0
s2_pts5-r0,1,16,nyam,751,4816.0,0.2151,1.0208,0.3475,520.0
s2_pts5-r0,1,16,mid,1030,-28980.0,-1.4844,0.8871,0.4049,550.0
s2_pts5-r0,1,16,pm,951,-26514.0,-2.3666,0.8079,0.4501,540.0
s2_pts5-r1,1,17,all,8183,-198832.0,-4.6327,0.8991,0.4832,550.0
s2_pts5-r1,1,17,eve,1575,-54610.0,-2.7277,0.8716,0.4749,550.0
s2_pts5-r1,1,17,asia,928,-28622.0,-1.861,0.885,0.4784,520.0
s2_pts5-r1,1,17,london,1848,-25092.0,-1.1564,0.9476,0.4957,530.0
s2_pts5-r1,1,17,pre,853,-10912.0,-0.7441,0.9501,0.4959,530.0
s2_pts5-r1,1,17,nyam,812,-18958.0,-1.3588,0.9075,0.4865,520.0
s2_pts5-r1,1,17,mid,1136,-39284.0,-2.6458,0.8443,0.4771,550.0
s2_pts5-r1,1,17,pm,1031,-21354.0,-2.0907,0.8502,0.4714,540.0
s2_pts5-r2,1,18,all,7386,-118364.0,-2.1719,0.9453,0.3708,550.0
s2_pts5-r2,1,18,eve,1365,3620.0,0.1375,1.0079,0.3458,550.0
s2_pts5-r2,1,18,asia,886,-24354.0,-1.1719,0.92,0.3284,520.0
s2_pts5-r2,1,18,london,1523,-28272.0,-1.0392,0.945,0.3362,530.0
s2_pts5-r2,1,18,pre,815,-1270.0,-0.0651,0.9951,0.3595,530.0
s2_pts5-r2,1,18,nyam,775,-6730.0,-0.38,0.9705,0.3806,520.0
s2_pts5-r2,1,18,mid,1052,-38168.0,-2.2399,0.852,0.4144,550.0
s2_pts5-r2,1,18,pm,970,-23190.0,-2.101,0.8352,0.4536,540.0
s2_pts5-r3,1,19,all,7165,-131030.0,-2.1167,0.9414,0.329,550.0
s2_pts5-r3,1,19,eve,1315,-19410.0,-0.6363,0.9605,0.2692,550.0
s2_pts5-r3,1,19,asia,879,-18736.0,-0.7601,0.9428,0.2708,520.0
s2_pts5-r3,1,19,london,1424,-29196.0,-0.9463,0.9438,0.2788,530.0
s2_pts5-r3,1,19,pre,807,-1188.0,-0.053,0.9957,0.3135,530.0
s2_pts5-r3,1,19,nyam,755,-1290.0,-0.065,0.9944,0.3523,520.0
s2_pts5-r3,1,19,mid,1032,-38858.0,-2.1699,0.8489,0.406,550.0
s2_pts5-r3,1,19,pm,953,-22352.0,-1.9744,0.8374,0.4512,540.0
s2_pts7-r0,1,20,all,6557,-61938.0,-0.7156,0.9753,0.3605,730.0
s2_pts7-r0,1,20,eve,1149,39774.0,0.853,1.0711,0.3003,720.0
s2_pts7-r0,1,20,asia,847,-19418.0,-0.5173,0.953,0.2963,720.0
s2_pts7-r0,1,20,london,1190,3520.0,0.0809,1.0064,0.3092,730.0
s2_pts7-r0,1,20,pre,773,-18672.0,-0.6336,0.9433,0.348,720.0
s2_pts7-r0,1,20,nyam,724,4914.0,0.2024,1.0194,0.4033,720.0
s2_pts7-r0,1,20,mid,956,-45154.0,-2.2022,0.8308,0.4372,720.0
s2_pts7-r0,1,20,pm,918,-26902.0,-2.2791,0.8055,0.4586,710.0
s2_pts7-r1,1,21,all,7212,-114908.0,-2.13,0.948,0.4917,730.0
s2_pts7-r1,1,21,eve,1331,-14034.0,-0.5479,0.9703,0.4996,720.0
s2_pts7-r1,1,21,asia,872,-21328.0,-1.0356,0.9318,0.4885,720.0
s2_pts7-r1,1,21,london,1477,6772.0,0.2526,1.0133,0.5078,730.0
s2_pts7-r1,1,21,pre,803,-13172.0,-0.6808,0.9522,0.4907,720.0
s2_pts7-r1,1,21,nyam,768,-13042.0,-0.7344,0.9457,0.487,720.0
s2_pts7-r1,1,21,mid,1007,-41668.0,-2.4244,0.8396,0.4826,720.0
s2_pts7-r1,1,21,pm,954,-18436.0,-1.6336,0.8683,0.4727,710.0
s2_pts7-r2,1,22,all,6695,-158520.0,-2.3736,0.9352,0.3909,730.0
s2_pts7-r2,1,22,eve,1188,-11522.0,-0.351,0.9784,0.3577,720.0
s2_pts7-r2,1,22,asia,850,-31630.0,-1.1641,0.9176,0.3494,720.0
s2_pts7-r2,1,22,london,1256,-22184.0,-0.6762,0.9595,0.3583,730.0
s2_pts7-r2,1,22,pre,782,-17248.0,-0.6974,0.9465,0.3734,720.0
s2_pts7-r2,1,22,nyam,730,-7430.0,-0.3486,0.9708,0.4096,720.0
s2_pts7-r2,1,22,mid,963,-51642.0,-2.7443,0.8059,0.4424,720.0
s2_pts7-r2,1,22,pm,926,-16864.0,-1.3751,0.8782,0.4622,710.0
s2_pts7-r3,1,23,all,6611,-124124.0,-1.661,0.9504,0.3679,730.0
s2_pts7-r3,1,23,eve,1173,29258.0,0.7592,1.0528,0.3223,720.0
s2_pts7-r3,1,23,asia,847,-38678.0,-1.2521,0.9048,0.3081,720.0
s2_pts7-r3,1,23,london,1212,-29898.0,-0.8198,0.9463,0.3177,730.0
s2_pts7-r3,1,23,pre,777,-20508.0,-0.7545,0.9379,0.3501,720.0
s2_pts7-r3,1,23,nyam,725,7020.0,0.3031,1.0278,0.4069,720.0
s2_pts7-r3,1,23,mid,958,-49702.0,-2.511,0.8142,0.4363,720.0
s2_pts7-r3,1,23,pm,919,-21616.0,-1.7736,0.8429,0.4603,710.0
s2_pct0p1-r0,1,24,all,8965,-123780.0,-1.9043,0.9267,0.1716,610.0
s2_pct0p1-r0,1,24,eve,1785,-3370.0,-0.0961,0.991,0.1053,370.0
s2_pct0p1-r0,1,24,asia,1032,-32898.0,-1.3322,0.8488,0.0959,610.0
s2_pct0p1-r0,1,24,london,1952,-26678.0,-0.7406,0.9344,0.1045,350.0
s2_pct0p1-r0,1,24,pre,884,-8046.0,-0.3932,0.9546,0.1335,390.0
s2_pct0p1-r0,1,24,nyam,832,13562.0,0.7648,1.0888,0.1983,360.0
s2_pct0p1-r0,1,24,mid,1325,-35900.0,-2.2049,0.8406,0.2543,350.0
s2_pct0p1-r0,1,24,pm,1155,-30450.0,-3.2176,0.7757,0.3697,340.0
s2_pct0p1-r1,1,25,all,11202,-223358.0,-9.4268,0.8322,0.4724,390.0
s2_pct0p1-r1,1,25,eve,2450,-56760.0,-5.0471,0.812,0.4694,370.0
s2_pct0p1-r1,1,25,asia,1222,-14748.0,-1.8467,0.8976,0.4951,350.0
s2_pct0p1-r1,1,25,london,2626,-62964.0,-5.411,0.8061,0.4653,350.0
s2_pct0p1-r1,1,25,pre,957,-16138.0,-2.2967,0.8592,0.4817,390.0
s2_pct0p1-r1,1,25,nyam,916,-7314.0,-1.065,0.9306,0.5022,360.0
s2_pct0p1-r1,1,25,mid,1632,-38248.0,-4.1909,0.8084,0.4657,340.0
s2_pct0p1-r1,1,25,pm,1399,-27186.0,-3.6354,0.8073,0.4532,350.0
s2_pct0p1-r2,1,26,all,10187,-162938.0,-5.2131,0.8937,0.3364,390.0
s2_pct0p1-r2,1,26,eve,2168,-50802.0,-3.4484,0.8536,0.3178,370.0
s2_pct0p1-r2,1,26,asia,1104,-13406.0,-1.2546,0.9221,0.3306,350.0
s2_pct0p1-r2,1,26,london,2399,-29796.0,-1.8925,0.9203,0.3281,350.0
s2_pct0p1-r2,1,26,pre,931,-8614.0,-0.8837,0.9398,0.3362,390.0
s2_pct0p1-r2,1,26,nyam,887,2562.0,0.2658,1.0193,0.354,360.0
s2_pct0p1-r2,1,26,mid,1449,-40096.0,-3.4729,0.8205,0.3264,350.0
s2_pct0p1-r2,1,26,pm,1249,-22786.0,-2.6068,0.8385,0.3891,350.0
s2_pct0p1-r3,1,27,all,9626,-167814.0,-4.6124,0.8951,0.2689,390.0
s2_pct0p1-r3,1,27,eve,1989,-37016.0,-2.1306,0.8952,0.2438,370.0
s2_pct0p1-r3,1,27,asia,1059,-17846.0,-1.4042,0.9044,0.2427,360.0
s2_pct0p1-r3,1,27,london,2234,-34426.0,-1.8728,0.9121,0.2457,350.0
s2_pct0p1-r3,1,27,pre,914,-10296.0,-0.8703,0.9352,0.2484,390.0
s2_pct0p1-r3,1,27,nyam,871,3896.0,0.3351,1.0267,0.2755,360.0
s2_pct0p1-r3,1,27,mid,1367,-46088.0,-3.5901,0.7957,0.2772,350.0
s2_pct0p1-r3,1,27,pm,1192,-26038.0,-2.867,0.8113,0.3784,350.0
s2_pct0p2-r0,1,28,all,7355,-88570.0,-1.1318,0.9603,0.2789,710.0
s2_pct0p2-r0,1,28,eve,1350,10890.0,0.257,1.022,0.1978,690.0
s2_pct0p2-r0,1,28,asia,892,-12468.0,-0.3833,0.9615,0.1962,710.0
s2_pct0p2-r0,1,28,london,1472,-25558.0,-0.6404,0.9508,0.2092,700.0
s2_pct0p2-r0,1,28,pre,821,4736.0,0.177,1.0177,0.2582,690.0
s2_pct0p2-r0,1,28,nyam,769,1564.0,0.0713,1.0069,0.3147,690.0
s2_pct0p2-r0,1,28,mid,1068,-33052.0,-1.7403,0.8712,0.3914,690.0
s2_pct0p2-r0,1,28,pm,983,-34682.0,-3.1538,0.7561,0.4364,680.0
s2_pct0p2-r1,1,29,all,8775,-187550.0,-4.619,0.9014,0.4828,700.0
s2_pct0p2-r1,1,29,eve,1760,-54120.0,-2.8158,0.8716,0.4813,700.0
s2_pct0p2-r1,1,29,asia,968,-11672.0,-0.8253,0.9471,0.4948,690.0
s2_pct0p2-r1,1,29,london,2040,-34150.0,-1.6617,0.9275,0.4897,700.0
s2_pct0p2-r1,1,29,pre,882,-12888.0,-0.9703,0.9353,0.4887,690.0
s2_pct0p2-r1,1,29,nyam,843,-8402.0,-0.6479,0.9552,0.497,690.0
s2_pct0p2-r1,1,29,mid,1208,-43702.0,-3.0131,0.8301,0.4702,690.0
s2_pct0p2-r1,1,29,pm,1074,-22616.0,-2.235,0.8433,0.46,680.0
s2_pct0p2-r2,1,30,all,7772,-143198.0,-2.7723,0.9317,0.3608,710.0
s2_pct0p2-r2,1,30,eve,1461,-8874.0,-0.3573,0.9801,0.3402,700.0
s2_pct0p2-r2,1,30,asia,899,-15126.0,-0.7904,0.9445,0.3281,710.0
s2_pct0p2-r2,1,30,london,1676,-35684.0,-1.3819,0.9298,0.33,700.0
s2_pct0p2-r2,1,30,pre,842,-5158.0,-0.2834,0.979,0.3432,690.0
s2_pct0p2-r2,1,30,nyam,798,-14122.0,-0.8372,0.9369,0.3546,690.0
s2_pct0p2-r2,1,30,mid,1096,-32094.0,-1.8933,0.8751,0.4069,690.0
s2_pct0p2-r2,1,30,pm,1000,-32140.0,-2.9793,0.7775,0.441,680.0
s2_pct0p2-r3,1,31,all,7504,-124236.0,-2.0845,0.9428,0.3126,710.0
s2_pct0p2-r3,1,31,eve,1388,-1142.0,-0.0386,0.9976,0.2644,700.0
s2_pct0p2-r3,1,31,asia,895,-10090.0,-0.4335,0.9664,0.2559,710.0
s2_pct0p2-r3,1,31,london,1545,-48480.0,-1.6448,0.9067,0.2537,700.0
s2_pct0p2-r3,1,31,pre,832,2082.0,0.0973,1.008,0.2921,690.0
s2_pct0p2-r3,1,31,nyam,780,-1240.0,-0.0647,0.9945,0.3295,690.0
s2_pct0p2-r3,1,31,mid,1075,-38610.0,-2.1718,0.8499,0.3926,690.0
s2_pct0p2-r3,1,31,pm,989,-26756.0,-2.363,0.8114,0.4408,680.0
s3_atr1p5-r0,2,0,all,7159,-66636.0,-0.7817,0.9714,0.2974,5710.0
s3_atr1p5-r0,2,0,eve,1487,24302.0,0.5118,1.0485,0.1722,5710.0
s3_atr1p5-r0,2,0,asia,907,-4608.0,-0.136,0.9858,0.1786,2470.0
s3_atr1p5-r0,2,0,london,1399,-48426.0,-1.1515,0.9151,0.2309,2680.0
s3_atr1p5-r0,2,0,pre,776,-46244.0,-1.5907,0.8539,0.2835,2290.0
s3_atr1p5-r0,2,0,nyam,750,38600.0,1.5309,1.1569,0.4533,2190.0
s3_atr1p5-r0,2,0,mid,925,-33010.0,-1.5829,0.8655,0.4465,2910.0
s3_atr1p5-r0,2,0,pm,915,2750.0,0.2066,1.0212,0.4536,2050.0
s3_atr1p5-r1,2,1,all,8297,-90198.0,-1.6475,0.9565,0.4839,5710.0
s3_atr1p5-r1,2,1,eve,1961,-41274.0,-1.5011,0.9109,0.4737,5710.0
s3_atr1p5-r1,2,1,asia,990,-1790.0,-0.1081,0.992,0.504,2470.0
s3_atr1p5-r1,2,1,london,1842,-7258.0,-0.2748,0.9858,0.4935,2430.0
s3_atr1p5-r1,2,1,pre,804,-41526.0,-2.2345,0.8404,0.4565,2290.0
s3_atr1p5-r1,2,1,nyam,790,33850.0,1.6763,1.1447,0.5316,2190.0
s3_atr1p5-r1,2,1,mid,970,-24740.0,-1.2953,0.8994,0.4742,2910.0
s3_atr1p5-r1,2,1,pm,940,-7460.0,-0.6097,0.9442,0.4585,2050.0
s3_atr1p5-r2,2,2,all,7475,-25230.0,-0.3785,0.9886,0.3774,5710.0
s3_atr1p5-r2,2,2,eve,1655,26710.0,0.7884,1.0564,0.3372,5710.0
s3_atr1p5-r2,2,2,asia,918,-2702.0,-0.1223,0.9901,0.3377,2470.0
s3_atr1p5-r2,2,2,london,1506,-36634.0,-1.117,0.9336,0.3254,2680.0
s3_atr1p5-r2,2,2,pre,784,-32126.0,-1.3311,0.8928,0.3418,2290.0
s3_atr1p5-r2,2,2,nyam,756,47636.0,1.9889,1.1962,0.4656,2190.0
s3_atr1p5-r2,2,2,mid,932,-32248.0,-1.6113,0.8683,0.4517,2910.0
s3_atr1p5-r2,2,2,pm,924,4134.0,0.3152,1.0316,0.4567,2050.0
s3_atr1p5-r3,2,3,all,7249,-53326.0,-0.7295,0.9765,0.3338,5710.0
s3_atr1p5-r3,2,3,eve,1544,30424.0,0.8065,1.0632,0.261,5710.0
s3_atr1p5-r3,2,3,asia,907,-9208.0,-0.3544,0.9693,0.2569,2470.0
s3_atr1p5-r3,2,3,london,1426,-44704.0,-1.2315,0.9201,0.2658,2680.0
s3_atr1p5-r3,2,3,pre,777,-49388.0,-1.8645,0.8419,0.2934,2290.0
s3_atr1p5-r3,2,3,nyam,751,46796.0,1.8731,1.1915,0.4581,2190.0
s3_atr1p5-r3,2,3,mid,925,-32360.0,-1.5874,0.8676,0.4486,2910.0
s3_atr1p5-r3,2,3,pm,919,5114.0,0.3787,1.039,0.4548,2050.0
s3_atr3-r0,2,4,all,6279,-54986.0,-0.5598,0.9796,0.3996,8390.0
s3_atr3-r0,2,4,eve,1160,27110.0,0.5,1.0449,0.2845,8390.0
s3_atr3-r0,2,4,asia,825,10010.0,0.2383,1.0225,0.3273,4940.0
s3_atr3-r0,2,4,london,1056,-42044.0,-0.8927,0.9312,0.3883,5110.0
s3_atr3-r0,2,4,pre,739,-48536.0,-1.3749,0.8766,0.4222,4200.0
s3_atr3-r0,2,4,nyam,717,28042.0,0.988,1.1033,0.5091,3780.0
s3_atr3-r0,2,4,mid,891,-26514.0,-1.214,0.8896,0.4669,3880.0
s3_atr3-r0,2,4,pm,891,-3054.0,-0.2161,0.977,0.4557,2900.0
s3_atr3-r1,2,5,all,6609,-28656.0,-0.3661,0.9885,0.4892,8390.0
s3_atr3-r1,2,5,eve,1343,22248.0,0.5698,1.041,0.4922,8390.0
s3_atr3-r1,2,5,asia,836,-17164.0,-0.5951,0.9529,0.494,4940.0
s3_atr3-r1,2,5,london,1157,-7458.0,-0.1938,0.9869,0.5004,5110.0
s3_atr3-r1,2,5,pre,751,-34394.0,-1.1373,0.9069,0.486,4200.0
s3_atr3-r1,2,5,nyam,723,37088.0,1.3636,1.1389,0.5228,3780.0
s3_atr3-r1,2,5,mid,898,-26432.0,-1.2593,0.8895,0.471,3880.0
s3_atr3-r1,2,5,pm,901,-2544.0,-0.1817,0.9811,0.4595,2900.0
s3_atr3-r2,2,6,all,6329,-64916.0,-0.7227,0.9754,0.4214,8390.0
s3_atr3-r2,2,6,eve,1191,19436.0,0.4186,1.0334,0.3518,8390.0
s3_atr3-r2,2,6,asia,825,930.0,0.0251,1.0022,0.3709,4940.0
s3_atr3-r2,2,6,london,1070,-28960.0,-0.6574,0.9518,0.4075,5110.0
s3_atr3-r2,2,6,pre,741,-57264.0,-1.7149,0.8533,0.4265,4200.0
s3_atr3-r2,2,6,nyam,717,28822.0,1.0125,1.1062,0.5091,3780.0
s3_atr3-r2,2,6,mid,891,-26324.0,-1.2259,0.8898,0.468,3880.0
s3_atr3-r2,2,6,pm,894,-1556.0,-0.1055,0.9885,0.4564,2900.0
s3_atr3-r3,2,7,all,6291,-97244.0,-1.0403,0.9638,0.4041,8390.0
s3_atr3-r3,2,7,eve,1168,8888.0,0.1799,1.0149,0.3048,8390.0
s3_atr3-r3,2,7,asia,825,-6190.0,-0.1576,0.986,0.3309,4940.0
s3_atr3-r3,2,7,london,1059,-49266.0,-1.0875,0.9193,0.39,5110.0
s3_atr3-r3,2,7,pre,739,-50696.0,-1.4539,0.8711,0.4222,4200.0
s3_atr3-r3,2,7,nyam,717,29032.0,1.0189,1.107,0.5091,3780.0
s3_atr3-r3,2,7,mid,891,-26804.0,-1.2316,0.8884,0.4669,3880.0
s3_atr3-r3,2,7,pm,892,-2208.0,-0.1555,0.9834,0.4563,2900.0
s3_pts2-r0,2,8,all,9185,-227130.0,-3.6688,0.8601,0.1574,610.0
s3_pts2-r0,2,8,eve,1819,14804.0,0.3897,1.042,0.0951,230.0
s3_pts2-r0,2,8,asia,1046,-51254.0,-2.3632,0.7506,0.0841,610.0
s3_pts2-r0,2,8,london,2018,-93162.0,-3.0224,0.764,0.0862,300.0
s3_pts2-r0,2,8,pre,879,-12946.0,-0.666,0.9213,0.1274,270.0
s3_pts2-r0,2,8,nyam,881,-17124.0,-1.0736,0.889,0.1782,300.0
s3_pts2-r0,2,8,mid,1344,-44826.0,-2.9444,0.791,0.2344,220.0
s3_pts2-r0,2,8,pm,1198,-22622.0,-2.2193,0.8353,0.3564,230.0
s3_pts2-r1,2,9,all,11295,-259420.0,-12.1053,0.7949,0.4648,300.0
s3_pts2-r1,2,9,eve,2438,-49422.0,-4.8847,0.8206,0.4729,230.0
s3_pts2-r1,2,9,asia,1234,-22306.0,-3.0976,0.8383,0.4781,210.0
s3_pts2-r1,2,9,london,2640,-59340.0,-5.6414,0.803,0.4674,230.0
s3_pts2-r1,2,9,pre,930,-35960.0,-5.7926,0.685,0.429,270.0
s3_pts2-r1,2,9,nyam,954,-20756.0,-3.2772,0.8088,0.4696,300.0
s3_pts2-r1,2,9,mid,1656,-34694.0,-4.1896,0.8134,0.4698,220.0
s3_pts2-r1,2,9,pm,1443,-36942.0,-5.3821,0.7387,0.4491,230.0
s3_pts2-r2,2,10,all,10349,-258806.0,-9.2688,0.8244,0.3208,300.0
s3_pts2-r2,2,10,eve,2155,-68810.0,-5.3044,0.7875,0.2988,230.0
s3_pts2-r2,2,10,asia,1113,-19372.0,-2.0347,0.8801,0.3226,210.0
s3_pts2-r2,2,10,london,2437,-62138.0,-4.4605,0.8277,0.3094,300.0
s3_pts2-r2,2,10,pre,911,-31904.0,-3.7958,0.7689,0.2942,270.0
s3_pts2-r2,2,10,nyam,933,-9802.0,-1.116,0.9262,0.3355,300.0
s3_pts2-r2,2,10,mid,1498,-39452.0,-3.733,0.8151,0.3204,260.0
s3_pts2-r2,2,10,pm,1302,-27328.0,-3.3352,0.8094,0.3856,230.0
s3_pts2-r3,2,11,all,9869,-263456.0,-8.1161,0.8291,0.2547,300.0
s3_pts2-r3,2,11,eve,2006,-59624.0,-3.9159,0.8204,0.2278,230.0
s3_pts2-r3,2,11,asia,1072,-16598.0,-1.4533,0.9042,0.2453,220.0
s3_pts2-r3,2,11,london,2309,-79996.0,-4.9443,0.7923,0.2217,300.0
s3_pts2-r3,2,11,pre,900,-29910.0,-2.9514,0.8003,0.2244,270.0
s3_pts2-r3,2,11,nyam,916,-14704.0,-1.4136,0.8992,0.2533,300.0
s3_pts2-r3,2,11,mid,1419,-35326.0,-2.9648,0.8351,0.277,260.0
s3_pts2-r3,2,11,pm,1247,-27298.0,-3.1115,0.8073,0.3649,230.0
s3_pts3-r0,2,12,all,8165,-122600.0,-1.7169,0.9364,0.2153,610.0
s3_pts3-r0,2,12,eve,1561,30756.0,0.7274,1.0731,0.1409,320.0
s3_pts3-r0,2,12,asia,954,-10236.0,-0.3641,0.9603,0.1394,610.0
s3_pts3-r0,2,12,london,1750,-58560.0,-1.6325,0.8757,0.1383,330.0
s3_pts3-r0,2,12,pre,838,-24092.0,-1.0855,0.8884,0.173,370.0
s3_pts3-r0,2,12,nyam,826,-5894.0,-0.3221,0.9687,0.2639,320.0
s3_pts3-r0,2,12,mid,1174,-34606.0,-2.0373,0.8529,0.3186,320.0
s3_pts3-r0,2,12,pm,1062,-19968.0,-1.8321,0.8553,0.4011,320.0
s3_pts3-r1,2,13,all,9995,-214490.0,-7.2392,0.8631,0.4769,370.0
s3_pts3-r1,2,13,eve,2089,-55326.0,-3.9729,0.8405,0.4715,320.0
s3_pts3-r1,2,13,asia,1071,-10724.0,-1.0733,0.9365,0.4986,330.0
s3_pts3-r1,2,13,london,2389,-52036.0,-3.4912,0.8669,0.4793,330.0
s3_pts3-r1,2,13,pre,893,-33672.0,-3.7042,0.7807,0.4535,370.0
s3_pts3-r1,2,13,nyam,914,-11546.0,-1.2538,0.9203,0.4934,310.0
s3_pts3-r1,2,13,mid,1415,-27460.0,-2.4634,0.8754,0.4799,310.0
s3_pts3-r1,2,13,pm,1224,-23726.0,-2.83,0.8327,0.4641,320.0
s3_pts3-r2,2,14,all,8938,-202192.0,-5.3085,0.886,0.3397,370.0
s3_pts3-r2,2,14,eve,1763,-50642.0,-2.855,0.8668,0.3137,320.0
s3_pts3-r2,2,14,asia,982,-9708.0,-0.7214,0.9527,0.335,330.0
s3_pts3-r2,2,14,london,2094,-59706.0,-3.0903,0.8676,0.3142,330.0
s3_pts3-r2,2,14,pre,861,-35554.0,-2.9069,0.812,0.3008,370.0
s3_pts3-r2,2,14,nyam,871,-2434.0,-0.1951,0.9861,0.3548,320.0
s3_pts3-r2,2,14,mid,1255,-24020.0,-1.7619,0.8973,0.3681,310.0
s3_pts3-r2,2,14,pm,1112,-20128.0,-2.1149,0.8562,0.4191,320.0
s3_pts3-r3,2,15,all,8543,-164502.0,-3.6995,0.9107,0.283,370.0
s3_pts3-r3,2,15,eve,1666,-34884.0,-1.6501,0.9119,0.2437,320.0
s3_pts3-r3,2,15,asia,962,-12878.0,-0.7951,0.9431,0.2505,330.0
s3_pts3-r3,2,15,london,1924,-59026.0,-2.6371,0.8718,0.2375,330.0
s3_pts3-r3,2,15,pre,850,-13840.0,-0.9214,0.9303,0.2518,370.0
s3_pts3-r3,2,15,nyam,848,-2472.0,-0.1705,0.9866,0.2948,320.0
s3_pts3-r3,2,15,mid,1212,-21428.0,-1.411,0.9093,0.3375,320.0
s3_pts3-r3,2,15,pm,1081,-19974.0,-1.9828,0.8564,0.408,320.0
s3_pts5-r0,2,16,all,7095,-62140.0,-0.7631,0.9729,0.2992,610.0
s3_pts5-r0,2,16,eve,1286,55096.0,1.1689,1.1092,0.2278,550.0
s3_pts5-r0,2,16,asia,858,11598.0,0.3422,1.0347,0.2331,610.0
s3_pts5-r0,2,16,london,1403,-51662.0,-1.2916,0.9056,0.2238,540.0
s3_pts5-r0,2,16,pre,784,-30576.0,-1.1597,0.8924,0.2679,520.0
s3_pts5-r0,2,16,nyam,777,12892.0,0.6018,1.057,0.3861,520.0
s3_pts5-r0,2,16,mid,1016,-44794.0,-2.3684,0.8231,0.3829,510.0
s3_pts5-r0,2,16,pm,971,-14694.0,-1.2155,0.8955,0.4295,510.0
s3_pts5-r1,2,17,all,8188,-170772.0,-3.9826,0.9127,0.4819,540.0
s3_pts5-r1,2,17,eve,1577,-47418.0,-2.3659,0.8877,0.4794,530.0
s3_pts5-r1,2,17,asia,900,-1170.0,-0.0772,0.9949,0.5078,520.0
s3_pts5-r1,2,17,london,1859,-38856.0,-1.786,0.9204,0.4879,540.0
s3_pts5-r1,2,17,pre,824,-39346.0,-2.7381,0.8258,0.4612,520.0
s3_pts5-r1,2,17,nyam,849,4844.0,0.3402,1.0241,0.5171,520.0
s3_pts5-r1,2,17,mid,1134,-26446.0,-1.7931,0.8915,0.4709,510.0
s3_pts5-r1,2,17,pm,1045,-22380.0,-2.1673,0.8472,0.4526,510.0
s3_pts5-r2,2,18,all,7428,-131032.0,-2.4055,0.9396,0.3658,550.0
s3_pts5-r2,2,18,eve,1388,-12212.0,-0.4628,0.974,0.3365,550.0
s3_pts5-r2,2,18,asia,865,-2640.0,-0.1269,0.9909,0.3445,520.0
s3_pts5-r2,2,18,london,1546,-52694.0,-1.9436,0.9001,0.3279,540.0
s3_pts5-r2,2,18,pre,796,-27824.0,-1.4691,0.8942,0.3342,520.0
s3_pts5-r2,2,18,nyam,797,21152.0,1.1663,1.0954,0.4166,520.0
s3_pts5-r2,2,18,mid,1045,-38680.0,-2.2937,0.8472,0.401,510.0
s3_pts5-r2,2,18,pm,991,-18134.0,-1.5874,0.8743,0.4319,510.0
s3_pts5-r3,2,19,all,7221,-140964.0,-2.2745,0.9373,0.3235,610.0
s3_pts5-r3,2,19,eve,1336,-7544.0,-0.2441,0.9848,0.2725,550.0
s3_pts5-r3,2,19,asia,861,-10654.0,-0.4367,0.9663,0.2776,610.0
s3_pts5-r3,2,19,london,1449,-53196.0,-1.715,0.901,0.2636,540.0
s3_pts5-r3,2,19,pre,787,-41728.0,-1.9658,0.85,0.2859,520.0
s3_pts5-r3,2,19,nyam,783,29708.0,1.461,1.1321,0.3959,520.0
s3_pts5-r3,2,19,mid,1027,-43258.0,-2.4251,0.8303,0.3856,510.0
s3_pts5-r3,2,19,pm,978,-14292.0,-1.1889,0.8998,0.4294,510.0
s3_pts7-r0,2,20,all,6592,-38378.0,-0.4369,0.9847,0.3601,860.0
s3_pts7-r0,2,20,eve,1158,69128.0,1.3567,1.1222,0.2988,730.0
s3_pts7-r0,2,20,asia,832,-8628.0,-0.2332,0.9788,0.2933,720.0
s3_pts7-r0,2,20,london,1210,-32920.0,-0.7786,0.9424,0.3041,860.0
s3_pts7-r0,2,20,pre,756,-39294.0,-1.3506,0.8802,0.3413,760.0
s3_pts7-r0,2,20,nyam,753,21448.0,0.9036,1.086,0.4475,720.0
s3_pts7-r0,2,20,mid,952,-43388.0,-2.1938,0.8292,0.4233,740.0
s3_pts7-r0,2,20,pm,931,-4724.0,-0.3745,0.9648,0.449,710.0
s3_pts7-r1,2,21,all,7266,-97434.0,-1.8059,0.9558,0.4894,760.0
s3_pts7-r1,2,21,eve,1345,-9530.0,-0.3699,0.98,0.5019,710.0
s3_pts7-r1,2,21,asia,855,-20840.0,-1.0202,0.9323,0.4889,720.0
s3_pts7-r1,2,21,london,1496,-18514.0,-0.6873,0.9648,0.496,720.0
s3_pts7-r1,2,21,pre,786,-33794.0,-1.775,0.8788,0.4771,760.0
s3_pts7-r1,2,21,nyam,796,19836.0,1.1025,1.0859,0.5289,720.0
s3_pts7-r1,2,21,mid,1018,-22482.0,-1.3191,0.9095,0.4725,740.0
s3_pts7-r1,2,21,pm,970,-12110.0,-1.0711,0.9125,0.4577,710.0
s3_pts7-r2,2,22,all,6742,-93768.0,-1.3975,0.9614,0.3939,860.0
s3_pts7-r2,2,22,eve,1213,-11312.0,-0.34,0.9793,0.357,720.0
s3_pts7-r2,2,22,asia,836,-25924.0,-0.958,0.931,0.3505,720.0
s3_pts7-r2,2,22,london,1266,-4574.0,-0.1373,0.9917,0.3657,860.0
s3_pts7-r2,2,22,pre,761,-53064.0,-2.2694,0.8337,0.364,760.0
s3_pts7-r2,2,22,nyam,760,37310.0,1.6861,1.1512,0.4605,720.0
s3_pts7-r2,2,22,mid,965,-36240.0,-1.9299,0.8575,0.4301,740.0
s3_pts7-r2,2,22,pm,941,36.0,0.0028,1.0003,0.4516,710.0
s3_pts7-r3,2,23,all,6653,-128422.0,-1.7317,0.9486,0.369,860.0
s3_pts7-r3,2,23,eve,1188,20928.0,0.5419,1.0372,0.3215,730.0
s3_pts7-r3,2,23,asia,835,-43080.0,-1.4081,0.8928,0.3054,720.0
s3_pts7-r3,2,23,london,1227,-36098.0,-0.9809,0.9366,0.3178,860.0
s3_pts7-r3,2,23,pre,757,-47248.0,-1.8259,0.855,0.3474,760.0
s3_pts7-r3,2,23,nyam,756,23246.0,1.0248,1.0932,0.4497,720.0
s3_pts7-r3,2,23,mid,955,-43600.0,-2.2779,0.8285,0.4241,740.0
s3_pts7-r3,2,23,pm,935,-2570.0,-0.1997,0.981,0.4492,710.0
s3_pct0p1-r0,2,24,all,9051,-182144.0,-2.7573,0.8938,0.1668,610.0
s3_pct0p1-r0,2,24,eve,1795,33640.0,0.8254,1.0899,0.1036,370.0
s3_pct0p1-r0,2,24,asia,1031,-27914.0,-1.1294,0.8716,0.0951,610.0
s3_pct0p1-r0,2,24,london,1979,-88236.0,-2.7276,0.7887,0.0945,350.0
s3_pct0p1-r0,2,24,pre,874,-21446.0,-1.0755,0.8784,0.1259,370.0
s3_pct0p1-r0,2,24,nyam,875,-13900.0,-0.8425,0.9139,0.1909,350.0
s3_pct0p1-r0,2,24,mid,1317,-42228.0,-2.6153,0.8135,0.2498,350.0
s3_pct0p1-r0,2,24,pm,1180,-22060.0,-2.0737,0.8441,0.3669,350.0
s3_pct0p1-r1,2,25,all,11258,-238892.0,-10.0459,0.8227,0.47,370.0
s3_pct0p1-r1,2,25,eve,2446,-54374.0,-4.8223,0.8194,0.4706,370.0
s3_pct0p1-r1,2,25,asia,1222,-17868.0,-2.2375,0.8773,0.4861,350.0
s3_pct0p1-r1,2,25,london,2643,-55622.0,-4.7687,0.8275,0.4737,350.0
s3_pct0p1-r1,2,25,pre,931,-34824.0,-5.0739,0.7127,0.4372,370.0
s3_pct0p1-r1,2,25,nyam,956,-12844.0,-1.8371,0.8858,0.4822,350.0
s3_pct0p1-r1,2,25,mid,1640,-34110.0,-3.7116,0.8287,0.4732,350.0
s3_pct0p1-r1,2,25,pm,1420,-29250.0,-3.8394,0.7993,0.4577,350.0
s3_pct0p1-r2,2,26,all,10265,-220530.0,-7.0612,0.8593,0.3268,370.0
s3_pct0p1-r2,2,26,eve,2165,-54070.0,-3.654,0.8448,0.3095,370.0
s3_pct0p1-r2,2,26,asia,1091,-10884.0,-1.0194,0.9358,0.3327,350.0
s3_pct0p1-r2,2,26,london,2441,-58594.0,-3.7588,0.8497,0.3138,350.0
s3_pct0p1-r2,2,26,pre,907,-30258.0,-3.2558,0.7937,0.2999,370.0
s3_pct0p1-r2,2,26,nyam,933,-3872.0,-0.3945,0.9726,0.3387,350.0
s3_pct0p1-r2,2,26,mid,1464,-39686.0,-3.3873,0.8252,0.3224,350.0
s3_pct0p1-r2,2,26,pm,1264,-23166.0,-2.6002,0.8401,0.3924,350.0
s3_pct0p1-r3,2,27,all,9733,-203832.0,-5.5816,0.8751,0.2624,370.0
s3_pct0p1-r3,2,27,eve,1999,-35426.0,-2.0117,0.9003,0.2401,370.0
s3_pct0p1-r3,2,27,asia,1053,-12392.0,-0.9703,0.9328,0.2498,350.0
s3_pct0p1-r3,2,27,london,2276,-70674.0,-3.9078,0.827,0.2276,350.0
s3_pct0p1-r3,2,27,pre,893,-22362.0,-1.9661,0.858,0.2329,370.0
s3_pct0p1-r3,2,27,nyam,912,-4298.0,-0.3659,0.9721,0.261,350.0
s3_pct0p1-r3,2,27,mid,1385,-32660.0,-2.4503,0.8566,0.283,350.0
s3_pct0p1-r3,2,27,pm,1215,-26020.0,-2.7654,0.8196,0.3745,350.0
s3_pct0p2-r0,2,28,all,7354,-52666.0,-0.655,0.9763,0.2763,700.0
s3_pct0p2-r0,2,28,eve,1356,57536.0,1.2276,1.1179,0.2006,700.0
s3_pct0p2-r0,2,28,asia,871,-5674.0,-0.1758,0.982,0.1975,700.0
s3_pct0p2-r0,2,28,london,1488,-23542.0,-0.5857,0.9554,0.2063,700.0
s3_pct0p2-r0,2,28,pre,796,-19584.0,-0.7564,0.9262,0.2399,690.0
s3_pct0p2-r0,2,28,nyam,795,3460.0,0.1653,1.0155,0.3384,690.0
s3_pct0p2-r0,2,28,mid,1052,-42098.0,-2.2248,0.8352,0.3783,690.0
s3_pct0p2-r0,2,28,pm,996,-22764.0,-1.9037,0.8438,0.4247,690.0
s3_pct0p2-r1,2,29,all,8760,-166920.0,-4.11,0.9117,0.482,700.0
s3_pct0p2-r1,2,29,eve,1748,-43982.0,-2.2878,0.894,0.4788,700.0
s3_pct0p2-r1,2,29,asia,932,1542.0,0.1111,1.0075,0.515,700.0
s3_pct0p2-r1,2,29,london,2056,-41324.0,-2.007,0.9134,0.4864,690.0
s3_pct0p2-r1,2,29,pre,849,-27186.0,-2.0836,0.864,0.4711,690.0
s3_pct0p2-r1,2,29,nyam,877,1862.0,0.1411,1.0098,0.5051,690.0
s3_pct0p2-r1,2,29,mid,1218,-33402.0,-2.2757,0.8693,0.4688,680.0
s3_pct0p2-r1,2,29,pm,1080,-24430.0,-2.4011,0.8339,0.4546,690.0
s3_pct0p2-r2,2,30,all,7757,-154588.0,-2.9996,0.9261,0.3552,700.0
s3_pct0p2-r2,2,30,eve,1472,-9738.0,-0.3894,0.9782,0.3349,700.0
s3_pct0p2-r2,2,30,asia,879,-15516.0,-0.8259,0.9417,0.3322,700.0
s3_pct0p2-r2,2,30,london,1673,-54222.0,-2.1106,0.8943,0.3174,690.0
s3_pct0p2-r2,2,30,pre,812,-26128.0,-1.4965,0.8925,0.3239,690.0
s3_pct0p2-r2,2,30,nyam,817,12472.0,0.7154,1.057,0.3782,690.0
s3_pct0p2-r2,2,30,mid,1089,-36006.0,-2.1342,0.8602,0.3958,690.0
s3_pct0p2-r2,2,30,pm,1015,-25450.0,-2.2813,0.8273,0.4296,690.0
s3_pct0p2-r3,2,31,all,7500,-102700.0,-1.7214,0.9524,0.3112,700.0
s3_pct0p2-r3,2,31,eve,1408,37408.0,1.2209,1.0803,0.2706,700.0
s3_pct0p2-r3,2,31,asia,874,-16986.0,-0.7512,0.942,0.2586,700.0
s3_pct0p2-r3,2,31,london,1550,-45850.0,-1.5471,0.9116,0.2548,700.0
s3_pct0p2-r3,2,31,pre,801,-34944.0,-1.7575,0.8644,0.2684,690.0
s3_pct0p2-r3,2,31,nyam,802,26312.0,1.3323,1.1194,0.3554,690.0
s3_pct0p2-r3,2,31,mid,1061,-42864.0,-2.4238,0.8329,0.3808,690.0
s3_pct0p2-r3,2,31,pm,1004,-25776.0,-2.2622,0.8246,0.4263,690.0
s4_atr1p5-r0,3,0,all,7115,4120.0,0.0469,1.0018,0.3054,6180.0
s4_atr1p5-r0,3,0,eve,1514,16164.0,0.3321,1.0308,0.1704,6180.0
s4_atr1p5-r0,3,0,asia,920,39870.0,1.1237,1.1282,0.2087,2470.0
s4_atr1p5-r0,3,0,london,1367,-12948.0,-0.297,0.9767,0.2531,2680.0
s4_atr1p5-r0,3,0,pre,743,2588.0,0.0877,1.0089,0.3096,1900.0
s4_atr1p5-r0,3,0,nyam,749,-12506.0,-0.4956,0.9547,0.4032,2190.0
s4_atr1p5-r0,3,0,mid,926,-14234.0,-0.6436,0.9428,0.4579,2710.0
s4_atr1p5-r0,3,0,pm,896,-14814.0,-1.0527,0.8947,0.4699,1840.0
s4_atr1p5-r1,3,1,all,8316,-154414.0,-2.7964,0.9274,0.4847,6180.0
s4_atr1p5-r1,3,1,eve,2005,-44330.0,-1.5906,0.9067,0.4793,6180.0
s4_atr1p5-r1,3,1,asia,993,-7252.0,-0.4387,0.9677,0.4935,2470.0
s4_atr1p5-r1,3,1,london,1842,-17338.0,-0.647,0.9667,0.5022,2680.0
s4_atr1p5-r1,3,1,pre,786,-31754.0,-1.7342,0.8728,0.4682,1900.0
s4_atr1p5-r1,3,1,nyam,787,-16248.0,-0.801,0.9377,0.4765,2170.0
s4_atr1p5-r1,3,1,mid,982,-16558.0,-0.8467,0.9342,0.4857,2710.0
s4_atr1p5-r1,3,1,pm,921,-20934.0,-1.6902,0.8538,0.4723,1840.0
s4_atr1p5-r2,3,2,all,7498,-58072.0,-0.8573,0.9746,0.3808,6180.0
s4_atr1p5-r2,3,2,eve,1715,9940.0,0.2836,1.0196,0.3359,6180.0
s4_atr1p5-r2,3,2,asia,931,21746.0,0.9434,1.0809,0.348,2470.0
s4_atr1p5-r2,3,2,london,1507,-36838.0,-1.1239,0.9342,0.3437,2680.0
s4_atr1p5-r2,3,2,pre,761,-2534.0,-0.1032,0.9911,0.3535,1900.0
s4_atr1p5-r2,3,2,nyam,753,-15292.0,-0.646,0.9441,0.4117,2190.0
s4_atr1p5-r2,3,2,mid,930,-16950.0,-0.8185,0.9313,0.4645,2710.0
s4_atr1p5-r2,3,2,pm,901,-18144.0,-1.4166,0.8714,0.4728,1840.0
s4_atr1p5-r3,3,3,all,7257,-15518.0,-0.2077,0.9933,0.3434,6180.0
s4_atr1p5-r3,3,3,eve,1594,4954.0,0.1307,1.0096,0.2647,6180.0
s4_atr1p5-r3,3,3,asia,922,29292.0,1.0588,1.1006,0.2722,2470.0
s4_atr1p5-r3,3,3,london,1412,-3898.0,-0.1047,0.9929,0.2967,2680.0
s4_atr1p5-r3,3,3,pre,752,4442.0,0.1615,1.0152,0.3258,1900.0
s4_atr1p5-r3,3,3,nyam,751,-20174.0,-0.8309,0.9269,0.4048,2190.0
s4_atr1p5-r3,3,3,mid,926,-13504.0,-0.6183,0.9454,0.4611,2710.0
s4_atr1p5-r3,3,3,pm,900,-16630.0,-1.2617,0.8825,0.4711,1840.0
s4_atr3-r0,3,4,all,6217,-30178.0,-0.3087,0.9887,0.406,8470.0
s4_atr3-r0,3,4,eve,1154,-30126.0,-0.5777,0.9512,0.2808,8470.0
s4_atr3-r0,3,4,asia,848,39958.0,0.9409,1.0917,0.3491,4180.0
s4_atr3-r0,3,4,london,1040,-16390.0,-0.342,0.9725,0.3933,4580.0
s4_atr3-r0,3,4,pre,705,24030.0,0.7001,1.0709,0.4567,3720.0
s4_atr3-r0,3,4,nyam,713,-17692.0,-0.6188,0.9404,0.4783,4390.0
s4_atr3-r0,3,4,mid,887,-18308.0,-0.7928,0.9256,0.4679,4510.0
s4_atr3-r0,3,4,pm,870,-11650.0,-0.7977,0.9152,0.4793,2250.0
s4_atr3-r1,3,5,all,6583,-56152.0,-0.7068,0.9777,0.4955,8470.0
s4_atr3-r1,3,5,eve,1341,-8734.0,-0.2129,0.9847,0.5034,8470.0
s4_atr3-r1,3,5,asia,860,16830.0,0.5784,1.0473,0.5105,4560.0
s4_atr3-r1,3,5,london,1173,-32142.0,-0.8245,0.9458,0.4987,4580.0
s4_atr3-r1,3,5,pre,725,22210.0,0.7495,1.0678,0.509,3720.0
s4_atr3-r1,3,5,nyam,717,-20578.0,-0.7601,0.9297,0.4881,4390.0
s4_atr3-r1,3,5,mid,891,-17694.0,-0.8124,0.9268,0.4747,4510.0
s4_atr3-r1,3,5,pm,876,-16044.0,-1.1979,0.8842,0.4806,2250.0
s4_atr3-r2,3,6,all,6270,-31550.0,-0.3526,0.988,0.43,8470.0
s4_atr3-r2,3,6,eve,1183,-20292.0,-0.4518,0.9659,0.3584,8470.0
s4_atr3-r2,3,6,asia,849,39694.0,1.0495,1.0953,0.3899,4180.0
s4_atr3-r2,3,6,london,1055,-19230.0,-0.4366,0.9675,0.4133,4580.0
s4_atr3-r2,3,6,pre,712,16462.0,0.4967,1.0482,0.4621,3720.0
s4_atr3-r2,3,6,nyam,713,-17292.0,-0.6126,0.9416,0.4797,4390.0
s4_atr3-r2,3,6,mid,887,-14298.0,-0.6192,0.9414,0.4701,4510.0
s4_atr3-r2,3,6,pm,871,-16594.0,-1.1948,0.8805,0.4788,2250.0
s4_atr3-r3,3,7,all,6230,-18860.0,-0.1997,0.9929,0.4125,8470.0
s4_atr3-r3,3,7,eve,1161,-27054.0,-0.5576,0.9555,0.3058,8470.0
s4_atr3-r3,3,7,asia,849,44614.0,1.0911,1.1034,0.3592,4180.0
s4_atr3-r3,3,7,london,1042,-6658.0,-0.1414,0.9888,0.3973,4580.0
s4_atr3-r3,3,7,pre,707,21582.0,0.6397,1.0634,0.4569,3720.0
s4_atr3-r3,3,7,nyam,713,-17782.0,-0.6257,0.9401,0.4783,4390.0
s4_atr3-r3,3,7,mid,887,-19078.0,-0.8305,0.9225,0.4679,4510.0
s4_atr3-r3,3,7,pm,871,-14484.0,-1.01,0.8957,0.4788,2250.0
s4_pts2-r0,3,8,all,9119,-223236.0,-3.7938,0.8609,0.1634,610.0
s4_pts2-r0,3,8,eve,1864,-54186.0,-1.6818,0.8522,0.0821,240.0
s4_pts2-r0,3,8,asia,1048,-23952.0,-1.0209,0.8823,0.0945,610.0
s4_pts2-r0,3,8,london,2000,-62950.0,-2.038,0.8364,0.102,220.0
s4_pts2-r0,3,8,pre,852,-23788.0,-1.2621,0.8519,0.1221,340.0
s4_pts2-r0,3,8,nyam,874,-26896.0,-1.816,0.8265,0.1636,260.0
s4_pts2-r0,3,8,mid,1297,-11908.0,-0.7567,0.9408,0.2614,220.0
s4_pts2-r0,3,8,pm,1184,-19556.0,-1.9642,0.8525,0.3784,240.0
s4_pts2-r1,3,9,all,11217,-249758.0,-11.6912,0.8005,0.4676,340.0
s4_pts2-r1,3,9,eve,2471,-71734.0,-7.0645,0.753,0.4516,230.0
s4_pts2-r1,3,9,asia,1197,-27488.0,-3.8812,0.7991,0.4662,220.0
s4_pts2-r1,3,9,london,2647,-45298.0,-4.2945,0.8462,0.4805,220.0
s4_pts2-r1,3,9,pre,906,-28914.0,-4.6931,0.7325,0.4459,340.0
s4_pts2-r1,3,9,nyam,948,-22642.0,-3.5914,0.7921,0.4641,260.0
s4_pts2-r1,3,9,mid,1626,-25434.0,-3.0939,0.8572,0.4834,220.0
s4_pts2-r1,3,9,pm,1422,-28248.0,-4.1443,0.7904,0.4705,240.0
s4_pts2-r2,3,10,all,10317,-205808.0,-7.3287,0.8581,0.3305,340.0
s4_pts2-r2,3,10,eve,2215,-64050.0,-4.8468,0.8062,0.3038,230.0
s4_pts2-r2,3,10,asia,1103,-19652.0,-2.0747,0.8774,0.3218,220.0
s4_pts2-r2,3,10,london,2451,-32254.0,-2.271,0.9084,0.3297,220.0
s4_pts2-r2,3,10,pre,893,-33212.0,-3.9997,0.7561,0.2912,340.0
s4_pts2-r2,3,10,nyam,926,-22934.0,-2.67,0.8321,0.3099,260.0
s4_pts2-r2,3,10,mid,1461,-17264.0,-1.6213,0.914,0.347,220.0
s4_pts2-r2,3,10,pm,1268,-16442.0,-2.0218,0.8776,0.4101,240.0
s4_pts2-r3,3,11,all,9849,-192076.0,-5.8377,0.8738,0.2651,340.0
s4_pts2-r3,3,11,eve,2064,-51866.0,-3.329,0.8471,0.2335,230.0
s4_pts2-r3,3,11,asia,1072,-24358.0,-2.1616,0.861,0.2369,220.0
s4_pts2-r3,3,11,london,2324,-34596.0,-2.0568,0.9078,0.2466,220.0
s4_pts2-r3,3,11,pre,877,-30138.0,-3.0155,0.7942,0.2235,340.0
s4_pts2-r3,3,11,nyam,906,-25364.0,-2.4959,0.8284,0.2351,260.0
s4_pts2-r3,3,11,mid,1385,-10260.0,-0.8383,0.9498,0.3004,220.0
s4_pts2-r3,3,11,pm,1221,-15494.0,-1.7656,0.8841,0.3907,240.0
s4_pts3-r0,3,12,all,8123,-196472.0,-2.9325,0.8978,0.2169,390.0
s4_pts3-r0,3,12,eve,1611,-52184.0,-1.4289,0.8823,0.1229,330.0
s4_pts3-r0,3,12,asia,948,-4962.0,-0.1823,0.9803,0.154,310.0
s4_pts3-r0,3,12,london,1696,-40414.0,-1.1673,0.9099,0.1557,340.0
s4_pts3-r0,3,12,pre,809,-20446.0,-0.9104,0.9028,0.1693,390.0
s4_pts3-r0,3,12,nyam,840,-34320.0,-2.0081,0.8281,0.231,310.0
s4_pts3-r0,3,12,mid,1159,-21236.0,-1.213,0.9075,0.327,320.0
s4_pts3-r0,3,12,pm,1060,-22910.0,-2.1345,0.8353,0.4189,330.0
s4_pts3-r1,3,13,all,9985,-211810.0,-7.1442,0.8648,0.4791,390.0
s4_pts3-r1,3,13,eve,2125,-58280.0,-4.149,0.8354,0.4701,330.0
s4_pts3-r1,3,13,asia,1054,-10796.0,-1.0895,0.935,0.4981,310.0
s4_pts3-r1,3,13,london,2378,-22372.0,-1.5031,0.9402,0.4996,340.0
s4_pts3-r1,3,13,pre,875,-36070.0,-4.0111,0.7629,0.448,390.0
s4_pts3-r1,3,13,nyam,926,-30304.0,-3.2765,0.8062,0.46,310.0
s4_pts3-r1,3,13,mid,1418,-31192.0,-2.7969,0.8599,0.4788,320.0
s4_pts3-r1,3,13,pm,1209,-22796.0,-2.7118,0.8387,0.4756,330.0
s4_pts3-r2,3,14,all,8955,-221260.0,-5.806,0.8763,0.3386,390.0
s4_pts3-r2,3,14,eve,1833,-57332.0,-3.1769,0.8556,0.311,330.0
s4_pts3-r2,3,14,asia,977,-19838.0,-1.4914,0.9045,0.3234,310.0
s4_pts3-r2,3,14,london,2063,-41772.0,-2.1615,0.9047,0.3238,340.0
s4_pts3-r2,3,14,pre,844,-36706.0,-3.0374,0.8027,0.2998,390.0
s4_pts3-r2,3,14,nyam,877,-31848.0,-2.6161,0.8294,0.3158,310.0
s4_pts3-r2,3,14,mid,1253,-13862.0,-1.0057,0.9401,0.3759,320.0
s4_pts3-r2,3,14,pm,1108,-19902.0,-2.0739,0.8598,0.4305,330.0
s4_pts3-r3,3,15,all,8538,-149672.0,-3.3575,0.9187,0.2867,390.0
s4_pts3-r3,3,15,eve,1713,-41082.0,-1.9233,0.8994,0.2411,330.0
s4_pts3-r3,3,15,asia,957,-13198.0,-0.8185,0.9413,0.2508,310.0
s4_pts3-r3,3,15,london,1889,-19866.0,-0.8743,0.9551,0.2546,340.0
s4_pts3-r3,3,15,pre,832,-16588.0,-1.1163,0.9154,0.25,390.0
s4_pts3-r3,3,15,nyam,858,-22942.0,-1.6156,0.8811,0.2727,310.0
s4_pts3-r3,3,15,mid,1205,-17250.0,-1.1433,0.926,0.3444,320.0
s4_pts3-r3,3,15,pm,1084,-18746.0,-1.8243,0.8675,0.4216,330.0
s4_pts5-r0,3,16,all,7067,-95518.0,-1.2067,0.9585,0.3044,550.0
s4_pts5-r0,3,16,eve,1294,-29126.0,-0.6961,0.9441,0.211,550.0
s4_pts5-r0,3,16,asia,876,30496.0,0.8779,1.0915,0.2523,520.0
s4_pts5-r0,3,16,london,1381,-25504.0,-0.64,0.952,0.2397,530.0
s4_pts5-r0,3,16,pre,757,5182.0,0.1908,1.0192,0.2893,540.0
s4_pts5-r0,3,16,nyam,787,-31068.0,-1.4761,0.8761,0.338,540.0
s4_pts5-r0,3,16,mid,1014,-21976.0,-1.106,0.9117,0.3984,510.0
s4_pts5-r0,3,16,pm,958,-23522.0,-1.9476,0.8366,0.4562,510.0
s4_pts5-r1,3,17,all,8225,-169420.0,-3.9325,0.914,0.4862,550.0
s4_pts5-r1,3,17,eve,1612,-46358.0,-2.2873,0.8923,0.4808,550.0
s4_pts5-r1,3,17,asia,916,-2674.0,-0.1749,0.9885,0.5066,520.0
s4_pts5-r1,3,17,london,1874,-19336.0,-0.885,0.9599,0.4989,540.0
s4_pts5-r1,3,17,pre,809,-32586.0,-2.2832,0.8512,0.4697,540.0
s4_pts5-r1,3,17,nyam,842,-35388.0,-2.4994,0.8391,0.4703,540.0
s4_pts5-r1,3,17,mid,1146,-9114.0,-0.6111,0.9619,0.493,510.0
s4_pts5-r1,3,17,pm,1026,-23964.0,-2.3113,0.8371,0.4717,510.0
s4_pts5-r2,3,18,all,7434,-92626.0,-1.6863,0.9574,0.3737,550.0
s4_pts5-r2,3,18,eve,1396,-7544.0,-0.2849,0.984,0.341,550.0
s4_pts5-r2,3,18,asia,884,4434.0,0.2099,1.0151,0.3484,520.0
s4_pts5-r2,3,18,london,1544,-16546.0,-0.5999,0.9681,0.342,530.0
s4_pts5-r2,3,18,pre,774,-3496.0,-0.1825,0.9861,0.3579,540.0
s4_pts5-r2,3,18,nyam,805,-20650.0,-1.1569,0.9147,0.3801,540.0
s4_pts5-r2,3,18,mid,1048,-26262.0,-1.5355,0.8953,0.4141,510.0
s4_pts5-r2,3,18,pm,983,-22562.0,-1.96,0.8474,0.4568,510.0
s4_pts5-r3,3,19,all,7207,-95168.0,-1.5215,0.9578,0.3319,550.0
s4_pts5-r3,3,19,eve,1337,-14588.0,-0.4727,0.9707,0.27,550.0
s4_pts5-r3,3,19,asia,879,10454.0,0.4181,1.0329,0.2924,520.0
s4_pts5-r3,3,19,london,1446,-16834.0,-0.5365,0.9681,0.2822,530.0
s4_pts5-r3,3,19,pre,766,-13464.0,-0.6162,0.9496,0.3055,540.0
s4_pts5-r3,3,19,nyam,788,-20622.0,-1.041,0.9165,0.349,540.0
s4_pts5-r3,3,19,mid,1023,-20932.0,-1.1394,0.9158,0.4047,510.0
s4_pts5-r3,3,19,pm,968,-19182.0,-1.5931,0.8687,0.4576,510.0
s4_pts7-r0,3,20,all,6548,-46592.0,-0.5378,0.9815,0.3648,760.0
s4_pts7-r0,3,20,eve,1152,-52278.0,-1.1649,0.9116,0.27,720.0
s4_pts7-r0,3,20,asia,849,43234.0,1.1102,1.1094,0.3263,760.0
s4_pts7-r0,3,20,london,1211,23936.0,0.5472,1.0431,0.327,720.0
s4_pts7-r0,3,20,pre,727,5272.0,0.1771,1.0172,0.3673,710.0
s4_pts7-r0,3,20,nyam,750,-28230.0,-1.2054,0.8967,0.3973,720.0
s4_pts7-r0,3,20,mid,954,-24526.0,-1.1643,0.9037,0.4329,720.0
s4_pts7-r0,3,20,pm,905,-14000.0,-1.0381,0.9007,0.4718,710.0
s4_pts7-r1,3,21,all,7241,-107564.0,-1.9858,0.9516,0.4929,760.0
s4_pts7-r1,3,21,eve,1345,-30970.0,-1.2016,0.9365,0.4914,720.0
s4_pts7-r1,3,21,asia,867,-7308.0,-0.3545,0.9761,0.5006,760.0
s4_pts7-r1,3,21,london,1514,5184.0,0.1909,1.0099,0.5106,720.0
s4_pts7-r1,3,21,pre,760,-10910.0,-0.5797,0.958,0.4961,710.0
s4_pts7-r1,3,21,nyam,788,-20052.0,-1.1112,0.9201,0.4886,720.0
s4_pts7-r1,3,21,mid,1024,-23306.0,-1.351,0.908,0.4785,720.0
s4_pts7-r1,3,21,pm,943,-20202.0,-1.7601,0.8601,0.4761,710.0
s4_pts7-r2,3,22,all,6727,-69888.0,-1.0328,0.9714,0.3993,760.0
s4_pts7-r2,3,22,eve,1213,-41002.0,-1.2352,0.9271,0.343,720.0
s4_pts7-r2,3,22,asia,852,11112.0,0.4009,1.03,0.3732,760.0
s4_pts7-r2,3,22,london,1290,21960.0,0.6495,1.0399,0.3798,720.0
s4_pts7-r2,3,22,pre,738,-4582.0,-0.1905,0.9846,0.3957,710.0
s4_pts7-r2,3,22,nyam,752,-24058.0,-1.1288,0.91,0.4109,720.0
s4_pts7-r2,3,22,mid,966,-20264.0,-1.0512,0.9197,0.4431,720.0
s4_pts7-r2,3,22,pm,916,-13054.0,-1.0223,0.9093,0.4727,710.0
s4_pts7-r3,3,23,all,6613,-68192.0,-0.9064,0.9728,0.3749,760.0
s4_pts7-r3,3,23,eve,1178,-57552.0,-1.5347,0.9018,0.292,720.0
s4_pts7-r3,3,23,asia,850,19370.0,0.6109,1.0499,0.3424,760.0
s4_pts7-r3,3,23,london,1237,36882.0,0.9711,1.0665,0.3452,720.0
s4_pts7-r3,3,23,pre,732,-7518.0,-0.2823,0.9756,0.3689,710.0
s4_pts7-r3,3,23,nyam,751,-24154.0,-1.0609,0.9112,0.4008,720.0
s4_pts7-r3,3,23,mid,958,-18032.0,-0.8773,0.929,0.4363,720.0
s4_pts7-r3,3,23,pm,907,-17188.0,-1.3743,0.8787,0.4719,710.0
s4_pct0p1-r0,3,24,all,8989,-205156.0,-3.2866,0.8793,0.1719,610.0
s4_pct0p1-r0,3,24,eve,1840,-32710.0,-0.9343,0.9162,0.0918,350.0
s4_pct0p1-r0,3,24,asia,1035,-4200.0,-0.1604,0.9803,0.1034,610.0
s4_pct0p1-r0,3,24,london,1963,-81272.0,-2.6104,0.8008,0.107,350.0
s4_pct0p1-r0,3,24,pre,843,-14362.0,-0.7129,0.9149,0.1317,390.0
s4_pct0p1-r0,3,24,nyam,874,-33846.0,-2.1772,0.8,0.1636,350.0
s4_pct0p1-r0,3,24,mid,1271,-15064.0,-0.9289,0.9288,0.2769,350.0
s4_pct0p1-r0,3,24,pm,1163,-23702.0,-2.3048,0.8283,0.3895,360.0
s4_pct0p1-r1,3,25,all,11164,-240386.0,-10.1393,0.8205,0.4702,390.0
s4_pct0p1-r1,3,25,eve,2471,-64374.0,-5.6835,0.7919,0.4593,350.0
s4_pct0p1-r1,3,25,asia,1186,-24374.0,-3.1283,0.8307,0.4713,350.0
s4_pct0p1-r1,3,25,london,2647,-42778.0,-3.6505,0.8651,0.4805,360.0
s4_pct0p1-r1,3,25,pre,906,-28404.0,-4.1648,0.7539,0.4536,390.0
s4_pct0p1-r1,3,25,nyam,951,-28734.0,-4.1226,0.7614,0.4543,350.0
s4_pct0p1-r1,3,25,mid,1617,-24388.0,-2.6743,0.8724,0.4886,350.0
s4_pct0p1-r1,3,25,pm,1386,-27334.0,-3.6061,0.8076,0.469,360.0
s4_pct0p1-r2,3,26,all,10208,-169632.0,-5.4153,0.89,0.3367,390.0
s4_pct0p1-r2,3,26,eve,2198,-47382.0,-3.1605,0.865,0.3139,350.0
s4_pct0p1-r2,3,26,asia,1086,-16204.0,-1.5532,0.9039,0.3269,350.0
s4_pct0p1-r2,3,26,london,2445,-13940.0,-0.8724,0.9628,0.3395,360.0
s4_pct0p1-r2,3,26,pre,884,-30686.0,-3.3484,0.7864,0.2998,390.0
s4_pct0p1-r2,3,26,nyam,925,-26610.0,-2.8023,0.821,0.307,350.0
s4_pct0p1-r2,3,26,mid,1429,-14176.0,-1.1996,0.9335,0.3513,350.0
s4_pct0p1-r2,3,26,pm,1241,-20634.0,-2.3327,0.8546,0.4118,360.0
s4_pct0p1-r3,3,27,all,9704,-164776.0,-4.4997,0.898,0.2699,390.0
s4_pct0p1-r3,3,27,eve,2046,-26874.0,-1.4985,0.9254,0.2439,350.0
s4_pct0p1-r3,3,27,asia,1051,-15034.0,-1.2009,0.9175,0.2464,350.0
s4_pct0p1-r3,3,27,london,2287,-32668.0,-1.7518,0.9184,0.2466,360.0
s4_pct0p1-r3,3,27,pre,870,-19990.0,-1.7764,0.8696,0.2379,390.0
s4_pct0p1-r3,3,27,nyam,903,-31262.0,-2.8093,0.8057,0.2315,350.0
s4_pct0p1-r3,3,27,mid,1350,-14800.0,-1.1112,0.9319,0.3044,350.0
s4_pct0p1-r3,3,27,pm,1197,-24148.0,-2.5838,0.8288,0.3926,360.0
s4_pct0p2-r0,3,28,all,7342,-131208.0,-1.6768,0.9414,0.2769,700.0
s4_pct0p2-r0,3,28,eve,1372,-36468.0,-0.8801,0.9283,0.1822,700.0
s4_pct0p2-r0,3,28,asia,893,26258.0,0.7722,1.0847,0.2184,690.0
s4_pct0p2-r0,3,28,london,1466,-23844.0,-0.5985,0.954,0.2149,700.0
s4_pct0p2-r0,3,28,pre,774,-9496.0,-0.3584,0.9633,0.239,690.0
s4_pct0p2-r0,3,28,nyam,805,-39370.0,-1.9199,0.8395,0.2932,690.0
s4_pct0p2-r0,3,28,mid,1055,-19030.0,-0.9502,0.9242,0.3905,690.0
s4_pct0p2-r0,3,28,pm,977,-29258.0,-2.4687,0.8016,0.4504,690.0
s4_pct0p2-r1,3,29,all,8782,-160088.0,-3.9262,0.9157,0.488,700.0
s4_pct0p2-r1,3,29,eve,1778,-39542.0,-2.0379,0.9057,0.4809,690.0
s4_pct0p2-r1,3,29,asia,950,-300.0,-0.0216,0.9986,0.5116,690.0
s4_pct0p2-r1,3,29,london,2063,-13832.0,-0.6687,0.9703,0.5061,700.0
s4_pct0p2-r1,3,29,pre,829,-34786.0,-2.7087,0.8251,0.4608,690.0
s4_pct0p2-r1,3,29,nyam,879,-29696.0,-2.248,0.856,0.4676,690.0
s4_pct0p2-r1,3,29,mid,1224,-16826.0,-1.1366,0.9328,0.4918,680.0
s4_pct0p2-r1,3,29,pm,1059,-25106.0,-2.4254,0.8311,0.4778,690.0
s4_pct0p2-r2,3,30,all,7795,-150100.0,-2.8899,0.929,0.3588,700.0
s4_pct0p2-r2,3,30,eve,1486,-35194.0,-1.4135,0.9236,0.3223,700.0
s4_pct0p2-r2,3,30,asia,900,10420.0,0.543,1.0399,0.3489,690.0
s4_pct0p2-r2,3,30,london,1686,-31464.0,-1.2004,0.9387,0.3286,700.0
s4_pct0p2-r2,3,30,pre,794,-20556.0,-1.1801,0.9133,0.3287,690.0
s4_pct0p2-r2,3,30,nyam,829,-26166.0,-1.536,0.8896,0.3462,690.0
s4_pct0p2-r2,3,30,mid,1098,-19692.0,-1.1426,0.9227,0.4098,690.0
s4_pct0p2-r2,3,30,pm,1002,-27448.0,-2.3818,0.8184,0.4511,690.0
s4_pct0p2-r3,3,31,all,7521,-103044.0,-1.7096,0.9529,0.3121,700.0
s4_pct0p2-r3,3,31,eve,1429,-22836.0,-0.7641,0.9532,0.2491,700.0
s4_pct0p2-r3,3,31,asia,895,20040.0,0.8495,1.0693,0.2715,690.0
s4_pct0p2-r3,3,31,london,1551,-10344.0,-0.3397,0.98,0.2669,700.0
s4_pct0p2-r3,3,31,pre,786,-4864.0,-0.2319,0.9806,0.2786,690.0
s4_pct0p2-r3,3,31,nyam,810,-37550.0,-2.0288,0.8449,0.3062,690.0
s4_pct0p2-r3,3,31,mid,1067,-22048.0,-1.2032,0.9126,0.3955,690.0
s4_pct0p2-r3,3,31,pm,983,-25442.0,-2.1632,0.828,0.4527,690.0
s5_atr1p5-r0,4,0,all,7168,-226222.0,-2.6768,0.9061,0.291,6180.0
s5_atr1p5-r0,4,0,eve,1534,-6506.0,-0.1358,0.9878,0.1649,6180.0
s5_atr1p5-r0,4,0,asia,914,-61986.0,-1.8704,0.8169,0.163,2320.0
s5_atr1p5-r0,4,0,london,1374,-53516.0,-1.2986,0.9042,0.2336,2680.0
s5_atr1p5-r0,4,0,pre,764,-30856.0,-1.0864,0.9006,0.305,2290.0
s5_atr1p5-r0,4,0,nyam,747,-44368.0,-1.8429,0.8436,0.3909,2690.0
s5_atr1p5-r0,4,0,mid,924,-8586.0,-0.3924,0.9644,0.4513,2170.0
s5_atr1p5-r0,4,0,pm,911,-20404.0,-1.4975,0.8573,0.4621,1840.0
s5_atr1p5-r1,4,1,all,8331,-314114.0,-5.6733,0.858,0.4651,6180.0
s5_atr1p5-r1,4,1,eve,1996,-86754.0,-3.1496,0.8239,0.4519,6180.0
s5_atr1p5-r1,4,1,asia,982,-72398.0,-4.3466,0.722,0.4338,2470.0
s5_atr1p5-r1,4,1,london,1870,-44910.0,-1.678,0.9167,0.4834,2680.0
s5_atr1p5-r1,4,1,pre,806,-30184.0,-1.5944,0.883,0.4727,2290.0
s5_atr1p5-r1,4,1,nyam,778,-36372.0,-1.7708,0.8656,0.4743,2690.0
s5_atr1p5-r1,4,1,mid,967,-20368.0,-1.0473,0.9182,0.4726,2630.0
s5_atr1p5-r1,4,1,pm,932,-23128.0,-1.8603,0.8375,0.4678,1840.0
s5_atr1p5-r2,4,2,all,7523,-191622.0,-2.8591,0.9176,0.3658,6180.0
s5_atr1p5-r2,4,2,eve,1711,-14414.0,-0.4104,0.9717,0.3133,6180.0
s5_atr1p5-r2,4,2,asia,927,-65638.0,-3.0717,0.7819,0.2923,2320.0
s5_atr1p5-r2,4,2,london,1509,-24606.0,-0.757,0.9552,0.3406,2680.0
s5_atr1p5-r2,4,2,pre,781,-15744.0,-0.6377,0.9475,0.3611,2290.0
s5_atr1p5-r2,4,2,nyam,749,-38156.0,-1.6567,0.864,0.4019,2690.0
s5_atr1p5-r2,4,2,mid,931,-9934.0,-0.4732,0.9589,0.4544,2170.0
s5_atr1p5-r2,4,2,pm,915,-23130.0,-1.8025,0.8381,0.4645,1840.0
s5_atr1p5-r3,4,3,all,7288,-233422.0,-3.2004,0.9016,0.3249,6180.0
s5_atr1p5-r3,4,3,eve,1607,-31638.0,-0.8136,0.94,0.2439,6180.0
s5_atr1p5-r3,4,3,asia,915,-64000.0,-2.5288,0.8002,0.223,2320.0
s5_atr1p5-r3,4,3,london,1412,-47998.0,-1.3281,0.9133,0.2698,2680.0
s5_atr1p5-r3,4,3,pre,770,-18380.0,-0.6981,0.9398,0.3299,2290.0
s5_atr1p5-r3,4,3,nyam,747,-36598.0,-1.5481,0.87,0.3963,2690.0
s5_atr1p5-r3,4,3,mid,924,-11786.0,-0.561,0.951,0.4535,2170.0
s5_atr1p5-r3,4,3,pm,913,-23022.0,-1.7696,0.8394,0.4622,1840.0
s5_atr3-r0,4,4,all,6255,-228360.0,-2.3821,0.9166,0.3925,8470.0
s5_atr3-r0,4,4,eve,1175,-18780.0,-0.359,0.9701,0.2826,8470.0
s5_atr3-r0,4,4,asia,840,-50930.0,-1.2403,0.8883,0.3095,3690.0
s5_atr3-r0,4,4,london,1046,-61984.0,-1.359,0.8969,0.3748,4960.0
s5_atr3-r0,4,4,pre,724,-47736.0,-1.3991,0.8762,0.4337,4570.0
s5_atr3-r0,4,4,nyam,720,-23080.0,-0.8204,0.9206,0.4708,5380.0
s5_atr3-r0,4,4,mid,874,-6176.0,-0.2687,0.974,0.4668,3880.0
s5_atr3-r0,4,4,pm,876,-19674.0,-1.3641,0.8608,0.468,2560.0
s5_atr3-r1,4,5,all,6584,-138826.0,-1.7638,0.9455,0.4827,8470.0
s5_atr3-r1,4,5,eve,1344,-26196.0,-0.6543,0.9542,0.4792,8470.0
s5_atr3-r1,4,5,asia,852,-47418.0,-1.6717,0.8758,0.4707,3690.0
s5_atr3-r1,4,5,london,1161,2846.0,0.0748,1.0051,0.5047,4960.0
s5_atr3-r1,4,5,pre,742,-20578.0,-0.6736,0.9434,0.4973,4570.0
s5_atr3-r1,4,5,nyam,722,-16628.0,-0.6132,0.942,0.4834,5380.0
s5_atr3-r1,4,5,mid,881,-9174.0,-0.4143,0.9615,0.4688,3880.0
s5_atr3-r1,4,5,pm,882,-21678.0,-1.5961,0.846,0.4717,2560.0
s5_atr3-r2,4,6,all,6302,-238458.0,-2.7114,0.9113,0.4138,8470.0
s5_atr3-r2,4,6,eve,1204,-36916.0,-0.8087,0.9392,0.348,8470.0
s5_atr3-r2,4,6,asia,841,-60664.0,-1.7239,0.8626,0.346,3690.0
s5_atr3-r2,4,6,london,1059,-58086.0,-1.358,0.9023,0.3919,4960.0
s5_atr3-r2,4,6,pre,727,-39058.0,-1.183,0.8973,0.4443,4570.0
s5_atr3-r2,4,6,nyam,720,-19300.0,-0.6917,0.9333,0.4722,5380.0
s5_atr3-r2,4,6,mid,874,-2386.0,-0.1042,0.9899,0.4691,3880.0
s5_atr3-r2,4,6,pm,877,-22048.0,-1.5821,0.8443,0.4675,2560.0
s5_atr3-r3,4,7,all,6267,-264458.0,-2.906,0.9031,0.3981,8470.0
s5_atr3-r3,4,7,eve,1183,-44932.0,-0.9507,0.9277,0.3043,8470.0
s5_atr3-r3,4,7,asia,841,-61184.0,-1.6284,0.8648,0.3199,3690.0
s5_atr3-r3,4,7,london,1047,-60238.0,-1.3514,0.8995,0.3773,4960.0
s5_atr3-r3,4,7,pre,725,-48480.0,-1.4361,0.8743,0.4331,4570.0
s5_atr3-r3,4,7,nyam,720,-21700.0,-0.7714,0.9253,0.4708,5380.0
s5_atr3-r3,4,7,mid,874,-7046.0,-0.3083,0.9703,0.4668,3880.0
s5_atr3-r3,4,7,pm,877,-20878.0,-1.4722,0.8526,0.4675,2560.0
s5_pts2-r0,4,8,all,9134,-213536.0,-3.4528,0.8679,0.1554,610.0
s5_pts2-r0,4,8,eve,1860,23780.0,0.6193,1.0658,0.0925,220.0
s5_pts2-r0,4,8,asia,1068,-45572.0,-1.9095,0.7834,0.0815,610.0
s5_pts2-r0,4,8,london,1992,-61508.0,-2.0086,0.8402,0.0974,230.0
s5_pts2-r0,4,8,pre,847,-14178.0,-0.7722,0.91,0.1311,320.0
s5_pts2-r0,4,8,nyam,868,-59102.0,-4.6478,0.6255,0.1417,370.0
s5_pts2-r0,4,8,mid,1292,-34248.0,-2.3288,0.8319,0.2438,550.0
s5_pts2-r0,4,8,pm,1207,-22708.0,-2.0269,0.839,0.3455,260.0
s5_pts2-r1,4,9,all,11209,-268946.0,-12.5942,0.7868,0.4622,370.0
s5_pts2-r1,4,9,eve,2450,-63030.0,-6.2262,0.7778,0.4596,220.0
s5_pts2-r1,4,9,asia,1226,-41524.0,-5.822,0.7178,0.4396,220.0
s5_pts2-r1,4,9,london,2639,-53826.0,-5.1147,0.8195,0.4725,230.0
s5_pts2-r1,4,9,pre,917,-20608.0,-3.3122,0.8035,0.4689,320.0
s5_pts2-r1,4,9,nyam,929,-31106.0,-4.9988,0.7209,0.4413,370.0
s5_pts2-r1,4,9,mid,1619,-26466.0,-3.2301,0.8511,0.4818,210.0
s5_pts2-r1,4,9,pm,1429,-32386.0,-4.7114,0.7658,0.4542,260.0
s5_pts2-r2,4,10,all,10301,-258224.0,-9.2721,0.8239,0.3204,370.0
s5_pts2-r2,4,10,eve,2170,-71370.0,-5.4915,0.7816,0.2972,220.0
s5_pts2-r2,4,10,asia,1125,-42080.0,-4.5297,0.7542,0.2898,220.0
s5_pts2-r2,4,10,london,2456,-47074.0,-3.3374,0.8685,0.3196,230.0
s5_pts2-r2,4,10,pre,891,-13244.0,-1.5456,0.8972,0.3277,320.0
s5_pts2-r2,4,10,nyam,909,-34696.0,-4.1733,0.7486,0.2904,370.0
s5_pts2-r2,4,10,mid,1449,-23616.0,-2.2554,0.8817,0.343,260.0
s5_pts2-r2,4,10,pm,1301,-26144.0,-3.1493,0.8185,0.3774,260.0
s5_pts2-r3,4,11,all,9832,-270508.0,-8.3544,0.8243,0.2528,550.0
s5_pts2-r3,4,11,eve,2049,-52536.0,-3.3885,0.844,0.2328,220.0
s5_pts2-r3,4,11,asia,1092,-45588.0,-4.1602,0.7523,0.2134,220.0
s5_pts2-r3,4,11,london,2315,-52770.0,-3.1858,0.8607,0.2363,230.0
s5_pts2-r3,4,11,pre,870,-14830.0,-1.4433,0.895,0.2448,320.0
s5_pts2-r3,4,11,nyam,893,-41482.0,-4.2905,0.7226,0.2139,370.0
s5_pts2-r3,4,11,mid,1366,-30354.0,-2.5878,0.8517,0.284,550.0
s5_pts2-r3,4,11,pm,1247,-32948.0,-3.7592,0.7719,0.3504,260.0
s5_pts3-r0,4,12,all,8144,-190846.0,-2.7377,0.901,0.213,550.0
s5_pts3-r0,4,12,eve,1607,33392.0,0.7917,1.0767,0.1375,330.0
s5_pts3-r0,4,12,asia,959,-45656.0,-1.6862,0.8255,0.1272,320.0
s5_pts3-r0,4,12,london,1722,-48438.0,-1.3707,0.8949,0.1463,330.0
s5_pts3-r0,4,12,pre,813,-29392.0,-1.412,0.859,0.1796,370.0
s5_pts3-r0,4,12,nyam,824,-52296.0,-3.3325,0.7315,0.2257,370.0
s5_pts3-r0,4,12,mid,1144,-33806.0,-2.0216,0.8515,0.3164,550.0
s5_pts3-r0,4,12,pm,1075,-14650.0,-1.25,0.8945,0.4149,340.0
s5_pts3-r1,4,13,all,9927,-251678.0,-8.5294,0.8403,0.4712,370.0
s5_pts3-r1,4,13,eve,2097,-78698.0,-5.6549,0.7815,0.4535,330.0
s5_pts3-r1,4,13,asia,1069,-35726.0,-3.5904,0.803,0.4602,320.0
s5_pts3-r1,4,13,london,2382,-46178.0,-3.1018,0.8806,0.4832,350.0
s5_pts3-r1,4,13,pre,886,-19944.0,-2.1945,0.8629,0.4786,370.0
s5_pts3-r1,4,13,nyam,887,-30218.0,-3.3411,0.7989,0.4589,370.0
s5_pts3-r1,4,13,mid,1384,-23936.0,-2.1805,0.8874,0.4848,330.0
s5_pts3-r1,4,13,pm,1222,-16978.0,-2.0125,0.8778,0.4763,340.0
s5_pts3-r2,4,14,all,8920,-281630.0,-7.4725,0.8433,0.3305,550.0
s5_pts3-r2,4,14,eve,1809,-52436.0,-2.9187,0.8657,0.3134,330.0
s5_pts3-r2,4,14,asia,986,-49964.0,-3.8542,0.7729,0.2901,320.0
s5_pts3-r2,4,14,london,2086,-65004.0,-3.3785,0.856,0.3116,350.0
s5_pts3-r2,4,14,pre,840,-25940.0,-2.1263,0.8569,0.3143,370.0
s5_pts3-r2,4,14,nyam,854,-31396.0,-2.6216,0.8268,0.3138,370.0
s5_pts3-r2,4,14,mid,1228,-35002.0,-2.6365,0.8482,0.3599,550.0
s5_pts3-r2,4,14,pm,1117,-21888.0,-2.2905,0.8461,0.4217,340.0
s5_pts3-r3,4,15,all,8537,-250898.0,-5.7405,0.8649,0.2769,550.0
s5_pts3-r3,4,15,eve,1714,-51736.0,-2.4388,0.8743,0.2357,330.0
s5_pts3-r3,4,15,asia,972,-48768.0,-3.1424,0.7948,0.2212,320.0
s5_pts3-r3,4,15,london,1916,-48174.0,-2.1495,0.894,0.2443,330.0
s5_pts3-r3,4,15,pre,831,-9294.0,-0.6212,0.9519,0.2599,370.0
s5_pts3-r3,4,15,nyam,839,-33696.0,-2.4598,0.8228,0.2598,370.0
s5_pts3-r3,4,15,mid,1175,-35600.0,-2.4676,0.8444,0.3328,550.0
s5_pts3-r3,4,15,pm,1090,-23630.0,-2.3886,0.8324,0.4147,340.0
s5_pts5-r0,4,16,all,7066,-119954.0,-1.4878,0.9481,0.2958,790.0
s5_pts5-r0,4,16,eve,1312,47842.0,1.0363,1.0915,0.2203,600.0
s5_pts5-r0,4,16,asia,880,-51730.0,-1.6191,0.8523,0.2114,520.0
s5_pts5-r0,4,16,london,1379,-26176.0,-0.6427,0.951,0.2328,540.0
s5_pts5-r0,4,16,pre,770,-20140.0,-0.7602,0.9279,0.2753,530.0
s5_pts5-r0,4,16,nyam,777,-38448.0,-1.8868,0.8436,0.3282,510.0
s5_pts5-r0,4,16,mid,984,-8196.0,-0.4056,0.9652,0.4024,790.0
s5_pts5-r0,4,16,pm,964,-23106.0,-1.8116,0.8417,0.4471,510.0
s5_pts5-r1,4,17,all,8161,-262594.0,-6.1265,0.8688,0.4735,790.0
s5_pts5-r1,4,17,eve,1590,-65350.0,-3.2505,0.8496,0.4686,530.0
s5_pts5-r1,4,17,asia,919,-51316.0,-3.3638,0.8012,0.4538,520.0
s5_pts5-r1,4,17,london,1859,-38746.0,-1.781,0.9206,0.489,540.0
s5_pts5-r1,4,17,pre,817,-39038.0,-2.7249,0.8259,0.4614,530.0
s5_pts5-r1,4,17,nyam,827,-34218.0,-2.4339,0.8418,0.4667,510.0
s5_pts5-r1,4,17,mid,1109,-8916.0,-0.6089,0.9614,0.4896,790.0
s5_pts5-r1,4,17,pm,1040,-25010.0,-2.394,0.8313,0.4683,510.0
s5_pts5-r2,4,18,all,7421,-244584.0,-4.5243,0.8897,0.3582,790.0
s5_pts5-r2,4,18,eve,1412,-48888.0,-1.8629,0.9005,0.3215,530.0
s5_pts5-r2,4,18,asia,889,-53266.0,-2.6251,0.8295,0.3105,520.0
s5_pts5-r2,4,18,london,1541,-47974.0,-1.7681,0.9088,0.3297,540.0
s5_pts5-r2,4,18,pre,790,-13870.0,-0.7196,0.9467,0.3443,530.0
s5_pts5-r2,4,18,nyam,791,-29394.0,-1.6766,0.8773,0.359,510.0
s5_pts5-r2,4,18,mid,1014,-22006.0,-1.3149,0.9076,0.4142,790.0
s5_pts5-r2,4,18,pm,984,-29186.0,-2.578,0.8045,0.4512,510.0
s5_pts5-r3,4,19,all,7221,-230254.0,-3.7376,0.8994,0.3187,790.0
s5_pts5-r3,4,19,eve,1372,-31958.0,-1.028,0.9383,0.2624,600.0
s5_pts5-r3,4,19,asia,883,-59752.0,-2.5303,0.8218,0.2492,520.0
s5_pts5-r3,4,19,london,1440,-60900.0,-1.9898,0.8861,0.266,540.0
s5_pts5-r3,4,19,pre,778,-16412.0,-0.7457,0.9398,0.3008,530.0
s5_pts5-r3,4,19,nyam,780,-22720.0,-1.1669,0.9066,0.3385,510.0
s5_pts5-r3,4,19,mid,996,-12884.0,-0.7098,0.9455,0.4066,790.0
s5_pts5-r3,4,19,pm,972,-25628.0,-2.1462,0.8269,0.4475,510.0
s5_pts7-r0,4,20,all,6574,-109176.0,-1.2511,0.9572,0.3531,860.0
s5_pts7-r0,4,20,eve,1161,42706.0,0.8772,1.074,0.2877,760.0
s5_pts7-r0,4,20,asia,861,-35084.0,-0.9565,0.9157,0.295,720.0
s5_pts7-r0,4,20,london,1196,-23424.0,-0.541,0.9588,0.301,860.0
s5_pts7-r0,4,20,pre,749,-10326.0,-0.345,0.9681,0.3525,760.0
s5_pts7-r0,4,20,nyam,751,-50434.0,-2.25,0.8173,0.3782,720.0
s5_pts7-r0,4,20,mid,929,-9646.0,-0.4555,0.96,0.4338,790.0
s5_pts7-r0,4,20,pm,927,-22968.0,-1.7145,0.844,0.4552,710.0
s5_pts7-r1,4,21,all,7252,-201308.0,-3.7222,0.9112,0.4796,790.0
s5_pts7-r1,4,21,eve,1338,-39832.0,-1.5486,0.9187,0.4858,760.0
s5_pts7-r1,4,21,asia,881,-34784.0,-1.6785,0.8926,0.4801,720.0
s5_pts7-r1,4,21,london,1512,-7678.0,-0.2834,0.9854,0.5026,740.0
s5_pts7-r1,4,21,pre,780,-22160.0,-1.1527,0.9197,0.4808,760.0
s5_pts7-r1,4,21,nyam,783,-39402.0,-2.216,0.846,0.4598,720.0
s5_pts7-r1,4,21,mid,996,-26184.0,-1.5553,0.893,0.4679,790.0
s5_pts7-r1,4,21,pm,962,-31268.0,-2.7258,0.7923,0.4615,710.0
s5_pts7-r2,4,22,all,6760,-217360.0,-3.2489,0.9129,0.3843,860.0
s5_pts7-r2,4,22,eve,1226,-31034.0,-0.9283,0.9449,0.345,760.0
s5_pts7-r2,4,22,asia,864,-57436.0,-2.1454,0.8542,0.3391,720.0
s5_pts7-r2,4,22,london,1276,-39974.0,-1.2181,0.9286,0.3574,860.0
s5_pts7-r2,4,22,pre,760,-10280.0,-0.4192,0.9671,0.3829,760.0
s5_pts7-r2,4,22,nyam,754,-37416.0,-1.7763,0.8627,0.3912,720.0
s5_pts7-r2,4,22,mid,942,-16028.0,-0.8441,0.9337,0.4384,790.0
s5_pts7-r2,4,22,pm,938,-25192.0,-1.986,0.8319,0.4552,710.0
s5_pts7-r3,4,23,all,6649,-173156.0,-2.3113,0.932,0.3613,860.0
s5_pts7-r3,4,23,eve,1194,-9796.0,-0.2536,0.9831,0.304,760.0
s5_pts7-r3,4,23,asia,863,-52032.0,-1.7041,0.8735,0.3048,720.0
s5_pts7-r3,4,23,london,1225,-17940.0,-0.4785,0.9684,0.3192,860.0
s5_pts7-r3,4,23,pre,751,-17224.0,-0.643,0.9463,0.3595,760.0
s5_pts7-r3,4,23,nyam,752,-43388.0,-1.98,0.842,0.3816,720.0
s5_pts7-r3,4,23,mid,935,-5380.0,-0.2606,0.9778,0.4342,790.0
s5_pts7-r3,4,23,pm,929,-27396.0,-2.1575,0.8157,0.4543,710.0
s5_pct0p1-r0,4,24,all,8984,-192796.0,-2.9512,0.8868,0.1642,610.0
s5_pct0p1-r0,4,24,eve,1822,36542.0,0.8984,1.0956,0.0999,350.0
s5_pct0p1-r0,4,24,asia,1056,-52194.0,-2.1332,0.7668,0.0871,610.0
s5_pct0p1-r0,4,24,london,1950,-59470.0,-1.8271,0.8536,0.1021,350.0
s5_pct0p1-r0,4,24,pre,843,-19632.0,-1.0366,0.8837,0.1329,360.0
s5_pct0p1-r0,4,24,nyam,867,-49058.0,-3.3831,0.7047,0.1592,370.0
s5_pct0p1-r0,4,24,mid,1269,-33266.0,-2.1078,0.8448,0.2514,550.0
s5_pct0p1-r0,4,24,pm,1177,-15718.0,-1.3556,0.8886,0.3679,340.0
s5_pct0p1-r1,4,25,all,11150,-269580.0,-11.4069,0.8005,0.4641,370.0
s5_pct0p1-r1,4,25,eve,2447,-71178.0,-6.3307,0.7702,0.4585,350.0
s5_pct0p1-r1,4,25,asia,1219,-43426.0,-5.4787,0.7262,0.4397,350.0
s5_pct0p1-r1,4,25,london,2636,-52844.0,-4.5327,0.835,0.4769,350.0
s5_pct0p1-r1,4,25,pre,916,-22014.0,-3.2231,0.8048,0.4618,350.0
s5_pct0p1-r1,4,25,nyam,932,-28128.0,-4.0674,0.7621,0.4474,370.0
s5_pct0p1-r1,4,25,mid,1603,-27132.0,-3.0058,0.8574,0.4772,350.0
s5_pct0p1-r1,4,25,pm,1397,-24858.0,-3.2846,0.8243,0.4689,350.0
s5_pct0p1-r2,4,26,all,10179,-257096.0,-8.3185,0.8359,0.321,370.0
s5_pct0p1-r2,4,26,eve,2156,-61944.0,-4.2218,0.823,0.3061,350.0
s5_pct0p1-r2,4,26,asia,1116,-42314.0,-4.0654,0.7704,0.2903,360.0
s5_pct0p1-r2,4,26,london,2435,-46540.0,-2.9738,0.8789,0.3207,350.0
s5_pct0p1-r2,4,26,pre,888,-21002.0,-2.2623,0.8504,0.3164,350.0
s5_pct0p1-r2,4,26,nyam,909,-30646.0,-3.2606,0.7921,0.2948,370.0
s5_pct0p1-r2,4,26,mid,1410,-30840.0,-2.6965,0.8553,0.3312,350.0
s5_pct0p1-r2,4,26,pm,1265,-23810.0,-2.6378,0.8385,0.3842,350.0
s5_pct0p1-r3,4,27,all,9667,-254088.0,-7.0644,0.8444,0.2567,370.0
s5_pct0p1-r3,4,27,eve,2015,-52580.0,-3.0375,0.8548,0.2352,350.0
s5_pct0p1-r3,4,27,asia,1076,-43304.0,-3.5157,0.7794,0.2156,360.0
s5_pct0p1-r3,4,27,london,2278,-39102.0,-2.1132,0.9024,0.2441,350.0
s5_pct0p1-r3,4,27,pre,866,-16414.0,-1.4513,0.8918,0.2413,350.0
s5_pct0p1-r3,4,27,nyam,893,-33392.0,-3.0033,0.7903,0.2228,370.0
s5_pct0p1-r3,4,27,mid,1326,-44114.0,-3.4952,0.7978,0.273,350.0
s5_pct0p1-r3,4,27,pm,1213,-25182.0,-2.6661,0.8261,0.371,350.0
s5_pct0p2-r0,4,28,all,7359,-204456.0,-2.6071,0.9096,0.2661,790.0
s5_pct0p2-r0,4,28,eve,1400,30800.0,0.6808,1.0604,0.1907,690.0
s5_pct0p2-r0,4,28,asia,902,-65918.0,-2.157,0.8023,0.1741,700.0
s5_pct0p2-r0,4,28,london,1466,-50584.0,-1.2555,0.9044,0.1944,700.0
s5_pct0p2-r0,4,28,pre,783,-21232.0,-0.8472,0.9186,0.2478,700.0
s5_pct0p2-r0,4,28,nyam,798,-52522.0,-2.7211,0.7822,0.2857,690.0
s5_pct0p2-r0,4,28,mid,1027,-23948.0,-1.2251,0.9011,0.3817,790.0
s5_pct0p2-r0,4,28,pm,983,-21052.0,-1.6557,0.8553,0.4425,680.0
s5_pct0p2-r1,4,29,all,8732,-280238.0,-6.9058,0.8561,0.47,790.0
s5_pct0p2-r1,4,29,eve,1762,-81648.0,-4.2448,0.8131,0.4569,690.0
s5_pct0p2-r1,4,29,asia,962,-45018.0,-3.2024,0.8097,0.4563,700.0
s5_pct0p2-r1,4,29,london,2041,-44814.0,-2.1842,0.9058,0.4855,700.0
s5_pct0p2-r1,4,29,pre,843,-24332.0,-1.8779,0.8762,0.4792,700.0
s5_pct0p2-r1,4,29,nyam,854,-39626.0,-3.0312,0.8084,0.4532,690.0
s5_pct0p2-r1,4,29,mid,1198,-21002.0,-1.4471,0.9143,0.4841,790.0
s5_pct0p2-r1,4,29,pm,1072,-23798.0,-2.2839,0.8408,0.4646,680.0
s5_pct0p2-r2,4,30,all,7827,-264518.0,-5.1401,0.8775,0.3465,790.0
s5_pct0p2-r2,4,30,eve,1531,-42824.0,-1.6962,0.9104,0.3194,690.0
s5_pct0p2-r2,4,30,asia,912,-57658.0,-3.1047,0.8013,0.2971,700.0
s5_pct0p2-r2,4,30,london,1687,-58998.0,-2.2881,0.8866,0.3195,700.0
s5_pct0p2-r2,4,30,pre,807,-10908.0,-0.6163,0.9542,0.3408,700.0
s5_pct0p2-r2,4,30,nyam,813,-39462.0,-2.3648,0.8322,0.3247,690.0
s5_pct0p2-r2,4,30,mid,1070,-30890.0,-1.8488,0.876,0.3963,790.0
s5_pct0p2-r2,4,30,pm,1007,-23778.0,-2.0799,0.8394,0.4469,680.0
s5_pct0p2-r3,4,31,all,7536,-243754.0,-4.1116,0.8902,0.2987,790.0
s5_pct0p2-r3,4,31,eve,1463,-25292.0,-0.8361,0.9496,0.2468,690.0
s5_pct0p2-r3,4,31,asia,906,-61254.0,-2.7757,0.8048,0.2274,700.0
s5_pct0p2-r3,4,31,london,1542,-69088.0,-2.3557,0.8681,0.2458,700.0
s5_pct0p2-r3,4,31,pre,796,-804.0,-0.0381,0.9968,0.2864,700.0
s5_pct0p2-r3,4,31,nyam,802,-35238.0,-1.8981,0.8524,0.298,690.0
s5_pct0p2-r3,4,31,mid,1038,-29632.0,-1.6563,0.8789,0.3834,790.0
s5_pct0p2-r3,4,31,pm,989,-22446.0,-1.8739,0.8466,0.4449,680.0
s6_atr1p5-r0,5,0,all,7075,36290.0,0.4167,1.0157,0.309,5710.0
s6_atr1p5-r0,5,0,eve,1466,39826.0,0.8486,1.0784,0.1767,5710.0
s6_atr1p5-r0,5,0,asia,903,-8572.0,-0.2524,0.9731,0.1927,2380.0
s6_atr1p5-r0,5,0,london,1369,-6256.0,-0.1423,0.9885,0.2432,2240.0
s6_atr1p5-r0,5,0,pre,764,60954.0,1.923,1.2099,0.3325,2270.0
s6_atr1p5-r0,5,0,nyam,732,-16998.0,-0.6661,0.9382,0.4112,2690.0
s6_atr1p5-r0,5,0,mid,935,6680.0,0.3074,1.0287,0.4909,2910.0
s6_atr1p5-r0,5,0,pm,906,-39344.0,-3.0528,0.7317,0.4481,2970.0
s6_atr1p5-r1,5,1,all,8294,-144726.0,-2.6233,0.9314,0.4864,5710.0
s6_atr1p5-r1,5,1,eve,1993,-33032.0,-1.21,0.9284,0.4942,5710.0
s6_atr1p5-r1,5,1,asia,980,-490.0,-0.0285,0.9978,0.4949,2380.0
s6_atr1p5-r1,5,1,london,1853,-30182.0,-1.1322,0.9428,0.4841,2240.0
s6_atr1p5-r1,5,1,pre,800,-5800.0,-0.308,0.9763,0.4838,2270.0
s6_atr1p5-r1,5,1,nyam,768,-32202.0,-1.5681,0.8791,0.4805,2690.0
s6_atr1p5-r1,5,1,mid,975,-1100.0,-0.0573,0.9954,0.5046,2910.0
s6_atr1p5-r1,5,1,pm,925,-41920.0,-3.455,0.7159,0.453,2970.0
s6_atr1p5-r2,5,2,all,7451,-54074.0,-0.7893,0.9761,0.3793,5710.0
s6_atr1p5-r2,5,2,eve,1673,-9302.0,-0.2684,0.9815,0.3359,5710.0
s6_atr1p5-r2,5,2,asia,914,-11806.0,-0.5076,0.9578,0.3249,2380.0
s6_atr1p5-r2,5,2,london,1502,-9708.0,-0.2899,0.9822,0.3316,2240.0
s6_atr1p5-r2,5,2,pre,778,34508.0,1.3485,1.1226,0.374,2270.0
s6_atr1p5-r2,5,2,nyam,735,-18390.0,-0.7587,0.9328,0.4163,2690.0
s6_atr1p5-r2,5,2,mid,938,1618.0,0.0787,1.0069,0.4957,2910.0
s6_atr1p5-r2,5,2,pm,911,-40994.0,-3.1943,0.7232,0.4468,2970.0
s6_atr1p5-r3,5,3,all,7218,13988.0,0.1838,1.0061,0.3448,5710.0
s6_atr1p5-r3,5,3,eve,1560,23000.0,0.5845,1.0458,0.2731,5710.0
s6_atr1p5-r3,5,3,asia,904,-856.0,-0.0311,0.9971,0.26,2380.0
s6_atr1p5-r3,5,3,london,1410,-16450.0,-0.4418,0.9697,0.2773,2240.0
s6_atr1p5-r3,5,3,pre,769,52624.0,1.8292,1.1832,0.3459,2270.0
s6_atr1p5-r3,5,3,nyam,733,-13302.0,-0.5219,0.9515,0.4134,2690.0
s6_atr1p5-r3,5,3,mid,935,6260.0,0.2944,1.027,0.493,2910.0
s6_atr1p5-r3,5,3,pm,907,-37288.0,-2.8798,0.7451,0.4487,2970.0
s6_atr3-r0,5,4,all,6215,-19100.0,-0.194,0.9929,0.4077,8390.0
s6_atr3-r0,5,4,eve,1127,7232.0,0.1405,1.012,0.2981,8390.0
s6_atr3-r0,5,4,asia,848,-20692.0,-0.4812,0.9552,0.316,4180.0
s6_atr3-r0,5,4,london,1056,-23644.0,-0.4988,0.9601,0.3949,4480.0
s6_atr3-r0,5,4,pre,729,59084.0,1.6146,1.167,0.4513,4130.0
s6_atr3-r0,5,4,nyam,686,-22034.0,-0.7286,0.927,0.4781,5200.0
s6_atr3-r0,5,4,mid,891,8506.0,0.3733,1.0374,0.5107,5020.0
s6_atr3-r0,5,4,pm,878,-27552.0,-2.075,0.8016,0.4567,3710.0
s6_atr3-r1,5,5,all,6588,-74282.0,-0.9301,0.9707,0.4917,8390.0
s6_atr3-r1,5,5,eve,1341,-14444.0,-0.3627,0.9745,0.5026,8390.0
s6_atr3-r1,5,5,asia,859,-31506.0,-1.0594,0.9181,0.475,4180.0
s6_atr3-r1,5,5,london,1169,-6386.0,-0.1633,0.989,0.4987,4480.0
s6_atr3-r1,5,5,pre,746,30556.0,0.999,1.0897,0.5,4130.0
s6_atr3-r1,5,5,nyam,690,-27950.0,-0.9919,0.9064,0.4855,5200.0
s6_atr3-r1,5,5,mid,894,4344.0,0.1993,1.0191,0.5157,5020.0
s6_atr3-r1,5,5,pm,889,-28896.0,-2.1868,0.7957,0.4556,3710.0
s6_atr3-r2,5,6,all,6277,-31138.0,-0.3423,0.9882,0.4303,8390.0
s6_atr3-r2,5,6,eve,1171,816.0,0.018,1.0014,0.3723,8390.0
s6_atr3-r2,5,6,asia,848,-16992.0,-0.4479,0.9618,0.3608,4180.0
s6_atr3-r2,5,6,london,1068,-36792.0,-0.8323,0.9381,0.4082,4480.0
s6_atr3-r2,5,6,pre,732,51372.0,1.4615,1.1451,0.4549,4130.0
s6_atr3-r2,5,6,nyam,687,-20338.0,-0.6834,0.9323,0.4803,5200.0
s6_atr3-r2,5,6,mid,891,13296.0,0.5856,1.059,0.5129,5020.0
s6_atr3-r2,5,6,pm,880,-22500.0,-1.647,0.8374,0.458,3710.0
s6_atr3-r3,5,7,all,6223,-15202.0,-0.1603,0.9943,0.4154,8390.0
s6_atr3-r3,5,7,eve,1134,22224.0,0.4556,1.0375,0.3289,8390.0
s6_atr3-r3,5,7,asia,848,-25662.0,-0.6377,0.9441,0.3267,4180.0
s6_atr3-r3,5,7,london,1057,-26438.0,-0.5804,0.9553,0.3992,4480.0
s6_atr3-r3,5,7,pre,729,59254.0,1.6172,1.1675,0.4513,4130.0
s6_atr3-r3,5,7,nyam,686,-24804.0,-0.8314,0.9178,0.4781,5200.0
s6_atr3-r3,5,7,mid,891,7776.0,0.3432,1.0342,0.5107,5020.0
s6_atr3-r3,5,7,pm,878,-27552.0,-2.075,0.8016,0.4567,3710.0
s6_pts2-r0,5,8,all,9021,-179784.0,-2.9371,0.8871,0.1592,550.0
s6_pts2-r0,5,8,eve,1802,29602.0,0.8269,1.0853,0.101,230.0
s6_pts2-r0,5,8,asia,1048,-43462.0,-1.8977,0.7876,0.0897,430.0
s6_pts2-r0,5,8,london,1975,-57020.0,-1.7522,0.8511,0.0942,300.0
s6_pts2-r0,5,8,pre,848,-4852.0,-0.2538,0.9695,0.1262,340.0
s6_pts2-r0,5,8,nyam,845,-22690.0,-1.4839,0.8495,0.1609,370.0
s6_pts2-r0,5,8,mid,1310,-44330.0,-3.1739,0.7869,0.2443,550.0
s6_pts2-r0,5,8,pm,1193,-37032.0,-3.993,0.736,0.3445,230.0
s6_pts2-r1,5,9,all,11188,-260322.0,-12.196,0.7927,0.4634,370.0
s6_pts2-r1,5,9,eve,2472,-42868.0,-4.2039,0.8444,0.4802,230.0
s6_pts2-r1,5,9,asia,1216,-27064.0,-3.7903,0.8047,0.4679,210.0
s6_pts2-r1,5,9,london,2647,-57088.0,-5.4192,0.8102,0.4696,220.0
s6_pts2-r1,5,9,pre,907,-25838.0,-4.1848,0.7576,0.4542,340.0
s6_pts2-r1,5,9,nyam,904,-33956.0,-5.5456,0.6924,0.4314,370.0
s6_pts2-r1,5,9,mid,1620,-34040.0,-4.1555,0.8129,0.4704,210.0
s6_pts2-r1,5,9,pm,1422,-39468.0,-5.7662,0.722,0.4374,230.0
s6_pts2-r2,5,10,all,10249,-236646.0,-8.4877,0.8372,0.3235,370.0
s6_pts2-r2,5,10,eve,2194,-45006.0,-3.3799,0.8598,0.3177,230.0
s6_pts2-r2,5,10,asia,1102,-23138.0,-2.4541,0.8566,0.3167,210.0
s6_pts2-r2,5,10,london,2437,-47448.0,-3.3774,0.8665,0.3192,300.0
s6_pts2-r2,5,10,pre,889,-28076.0,-3.3585,0.7902,0.3003,340.0
s6_pts2-r2,5,10,nyam,891,-25124.0,-2.9955,0.8104,0.3053,370.0
s6_pts2-r2,5,10,mid,1457,-36288.0,-3.4809,0.8243,0.326,210.0
s6_pts2-r2,5,10,pm,1279,-31566.0,-3.9097,0.7795,0.3737,230.0
s6_pts2-r3,5,11,all,9745,-241110.0,-7.4352,0.8415,0.2567,550.0
s6_pts2-r3,5,11,eve,2036,-37874.0,-2.4187,0.8856,0.2417,230.0
s6_pts2-r3,5,11,asia,1072,-36448.0,-3.3041,0.7958,0.2229,220.0
s6_pts2-r3,5,11,london,2280,-38170.0,-2.2967,0.8967,0.2439,300.0
s6_pts2-r3,5,11,pre,873,-26742.0,-2.6624,0.8155,0.2279,340.0
s6_pts2-r3,5,11,nyam,877,-27788.0,-2.7985,0.807,0.2315,370.0
s6_pts2-r3,5,11,mid,1371,-37344.0,-3.1969,0.8214,0.2764,550.0
s6_pts2-r3,5,11,pm,1236,-36744.0,-4.3077,0.745,0.3511,230.0
s6_pts3-r0,5,12,all,8127,-144478.0,-2.0494,0.9249,0.2142,430.0
s6_pts3-r0,5,12,eve,1562,43932.0,1.0812,1.1047,0.1434,330.0
s6_pts3-r0,5,12,asia,964,-33656.0,-1.2605,0.8701,0.1432,430.0
s6_pts3-r0,5,12,london,1729,-53586.0,-1.4399,0.8846,0.1405,320.0
s6_pts3-r0,5,12,pre,816,5376.0,0.2329,1.0258,0.1838,430.0
s6_pts3-r0,5,12,nyam,810,-34930.0,-2.0231,0.8187,0.2259,370.0
s6_pts3-r0,5,12,mid,1173,-34762.0,-2.0564,0.8514,0.3257,310.0
s6_pts3-r0,5,12,pm,1073,-36852.0,-3.6367,0.745,0.3924,340.0
s6_pts3-r1,5,13,all,9972,-240808.0,-8.137,0.8473,0.4722,430.0
s6_pts3-r1,5,13,eve,2116,-28534.0,-2.0324,0.9154,0.4929,320.0
s6_pts3-r1,5,13,asia,1073,-19792.0,-1.9806,0.8861,0.4846,320.0
s6_pts3-r1,5,13,london,2392,-53138.0,-3.5638,0.8644,0.4787,320.0
s6_pts3-r1,5,13,pre,878,-26872.0,-2.971,0.8184,0.4658,430.0
s6_pts3-r1,5,13,nyam,875,-36250.0,-4.0445,0.7608,0.4469,370.0
s6_pts3-r1,5,13,mid,1414,-41746.0,-3.758,0.816,0.4639,360.0
s6_pts3-r1,5,13,pm,1224,-34476.0,-4.0951,0.7674,0.4453,340.0
s6_pts3-r2,5,14,all,8933,-252742.0,-6.6737,0.8589,0.3343,430.0
s6_pts3-r2,5,14,eve,1806,-42504.0,-2.3554,0.89,0.3195,330.0
s6_pts3-r2,5,14,asia,995,-30860.0,-2.3221,0.8566,0.3116,320.0
s6_pts3-r2,5,14,london,2076,-44894.0,-2.3192,0.8984,0.3223,320.0
s6_pts3-r2,5,14,pre,845,-26620.0,-2.1746,0.8544,0.3136,430.0
s6_pts3-r2,5,14,nyam,848,-32632.0,-2.7364,0.8193,0.3137,370.0
s6_pts3-r2,5,14,mid,1245,-40410.0,-3.0311,0.8293,0.3598,310.0
s6_pts3-r2,5,14,pm,1118,-34822.0,-3.7085,0.7641,0.4034,340.0
s6_pts3-r3,5,15,all,8514,-215246.0,-4.8958,0.8834,0.2804,430.0
s6_pts3-r3,5,15,eve,1683,-14942.0,-0.6936,0.9621,0.2537,330.0
s6_pts3-r3,5,15,asia,980,-28270.0,-1.7638,0.8794,0.2388,320.0
s6_pts3-r3,5,15,london,1898,-52842.0,-2.37,0.8832,0.2397,320.0
s6_pts3-r3,5,15,pre,834,-11356.0,-0.7602,0.9416,0.2566,430.0
s6_pts3-r3,5,15,nyam,826,-34854.0,-2.5681,0.8144,0.2627,370.0
s6_pts3-r3,5,15,mid,1205,-36050.0,-2.4601,0.8474,0.3394,310.0
s6_pts3-r3,5,15,pm,1088,-36932.0,-3.8254,0.746,0.3961,340.0
s6_pts5-r0,5,16,all,7053,-21572.0,-0.2675,0.9905,0.3088,600.0
s6_pts5-r0,5,16,eve,1266,65926.0,1.5068,1.1344,0.2385,600.0
s6_pts5-r0,5,16,asia,881,-22984.0,-0.7026,0.9332,0.2316,520.0
s6_pts5-r0,5,16,london,1376,-40904.0,-0.9928,0.9236,0.2297,540.0
s6_pts5-r0,5,16,pre,777,48542.0,1.6666,1.1794,0.3063,530.0
s6_pts5-r0,5,16,nyam,761,-26974.0,-1.2928,0.8871,0.3403,510.0
s6_pts5-r0,5,16,mid,1025,-9120.0,-0.4576,0.9623,0.4283,510.0
s6_pts5-r0,5,16,pm,967,-36058.0,-3.1162,0.7578,0.4343,540.0
s6_pts5-r1,5,17,all,8179,-174186.0,-4.0646,0.9109,0.4847,540.0
s6_pts5-r1,5,17,eve,1589,-19236.0,-0.9554,0.9532,0.4972,520.0
s6_pts5-r1,5,17,asia,927,-27698.0,-1.8025,0.8883,0.479,520.0
s6_pts5-r1,5,17,london,1841,-31974.0,-1.4771,0.9334,0.4927,540.0
s6_pts5-r1,5,17,pre,827,-18998.0,-1.3143,0.9123,0.4861,530.0
s6_pts5-r1,5,17,nyam,819,-31746.0,-2.2831,0.8496,0.4676,510.0
s6_pts5-r1,5,17,mid,1138,-15932.0,-1.0781,0.9333,0.4947,510.0
s6_pts5-r1,5,17,pm,1038,-28602.0,-2.7713,0.8085,0.4576,540.0
s6_pts5-r2,5,18,all,7404,-178166.0,-3.2957,0.9182,0.3689,540.0
s6_pts5-r2,5,18,eve,1376,4576.0,0.1734,1.01,0.3467,520.0
s6_pts5-r2,5,18,asia,895,-28470.0,-1.3703,0.9075,0.3285,520.0
s6_pts5-r2,5,18,london,1533,-57832.0,-2.1424,0.8903,0.3249,540.0
s6_pts5-r2,5,18,pre,794,-546.0,-0.0282,0.9979,0.3627,530.0
s6_pts5-r2,5,18,nyam,775,-31760.0,-1.862,0.8632,0.3716,510.0
s6_pts5-r2,5,18,mid,1049,-26196.0,-1.5641,0.8933,0.4366,510.0
s6_pts5-r2,5,18,pm,982,-37938.0,-3.4576,0.7477,0.4358,540.0
s6_pts5-r3,5,19,all,7204,-124356.0,-2.0077,0.9445,0.3331,600.0
s6_pts5-r3,5,19,eve,1321,13676.0,0.4397,1.0283,0.2816,600.0
s6_pts5-r3,5,19,asia,887,-38138.0,-1.5857,0.8848,0.2683,520.0
s6_pts5-r3,5,19,london,1439,-33436.0,-1.0763,0.9366,0.2773,540.0
s6_pts5-r3,5,19,pre,784,15804.0,0.6977,1.0594,0.3253,530.0
s6_pts5-r3,5,19,nyam,766,-27594.0,-1.456,0.8838,0.3499,510.0
s6_pts5-r3,5,19,mid,1033,-19162.0,-1.072,0.9212,0.4308,510.0
s6_pts5-r3,5,19,pm,974,-35506.0,-3.0748,0.7636,0.4343,540.0
s6_pts7-r0,5,20,all,6558,-53722.0,-0.618,0.9787,0.3637,1130.0
s6_pts7-r0,5,20,eve,1144,10934.0,0.2397,1.0191,0.2867,720.0
s6_pts7-r0,5,20,asia,856,-35544.0,-0.9581,0.9151,0.2921,710.0
s6_pts7-r0,5,20,london,1209,3024.0,0.0676,1.0053,0.3193,1130.0
s6_pts7-r0,5,20,pre,751,39316.0,1.2667,1.1271,0.3755,760.0
s6_pts7-r0,5,20,nyam,728,-29662.0,-1.2566,0.8903,0.3997,720.0
s6_pts7-r0,5,20,mid,952,-5898.0,-0.2829,0.9754,0.4643,720.0
s6_pts7-r0,5,20,pm,918,-35892.0,-2.9797,0.7539,0.4423,710.0
s6_pts7-r1,5,21,all,7240,-173600.0,-3.2197,0.9226,0.4874,760.0
s6_pts7-r1,5,21,eve,1335,-27500.0,-1.0709,0.9429,0.4936,720.0
s6_pts7-r1,5,21,asia,880,-35240.0,-1.703,0.8909,0.4795,720.0
s6_pts7-r1,5,21,london,1503,-21022.0,-0.7784,0.9603,0.4997,730.0
s6_pts7-r1,5,21,pre,789,-10316.0,-0.5389,0.9616,0.4981,760.0
s6_pts7-r1,5,21,nyam,762,-33598.0,-1.8906,0.8662,0.4777,720.0
s6_pts7-r1,5,21,mid,1014,-14986.0,-0.8891,0.9378,0.497,720.0
s6_pts7-r1,5,21,pm,957,-30938.0,-2.7637,0.7886,0.4556,710.0
s6_pts7-r2,5,22,all,6739,-149616.0,-2.2334,0.9391,0.3965,1130.0
s6_pts7-r2,5,22,eve,1209,-25696.0,-0.7716,0.9536,0.3482,720.0
s6_pts7-r2,5,22,asia,863,-57092.0,-2.1216,0.8562,0.3395,710.0
s6_pts7-r2,5,22,london,1284,-4476.0,-0.1342,0.9919,0.3762,1130.0
s6_pts7-r2,5,22,pre,759,13984.0,0.5687,1.0466,0.4032,760.0
s6_pts7-r2,5,22,nyam,736,-30124.0,-1.43,0.8871,0.4158,720.0
s6_pts7-r2,5,22,mid,960,-12920.0,-0.6933,0.9458,0.4708,720.0
s6_pts7-r2,5,22,pm,928,-33292.0,-2.7507,0.774,0.4429,710.0
s6_pts7-r3,5,23,all,6627,-135248.0,-1.814,0.9462,0.3727,1130.0
s6_pts7-r3,5,23,eve,1171,-12874.0,-0.3378,0.9774,0.3066,720.0
s6_pts7-r3,5,23,asia,859,-56506.0,-1.8561,0.8633,0.305,710.0
s6_pts7-r3,5,23,london,1238,-19202.0,-0.5209,0.966,0.3368,1130.0
s6_pts7-r3,5,23,pre,753,21578.0,0.7822,1.0698,0.3785,760.0
s6_pts7-r3,5,23,nyam,729,-26276.0,-1.1567,0.9021,0.4047,720.0
s6_pts7-r3,5,23,mid,956,-6194.0,-0.3117,0.9741,0.4665,720.0
s6_pts7-r3,5,23,pm,921,-35774.0,-2.9309,0.7569,0.4408,710.0
s6_pct0p1-r0,5,24,all,8934,-135666.0,-2.0563,0.92,0.1682,550.0
s6_pct0p1-r0,5,24,eve,1798,35288.0,0.9431,1.094,0.1085,360.0
s6_pct0p1-r0,5,24,asia,1028,-24082.0,-0.9306,0.8879,0.1002,430.0
s6_pct0p1-r0,5,24,london,1951,-49754.0,-1.4126,0.8778,0.1005,350.0
s6_pct0p1-r0,5,24,pre,842,7172.0,0.3414,1.0426,0.1366,390.0
s6_pct0p1-r0,5,24,nyam,843,-26762.0,-1.6854,0.8352,0.1684,370.0
s6_pct0p1-r0,5,24,mid,1300,-43530.0,-2.7404,0.8068,0.2492,550.0
s6_pct0p1-r0,5,24,pm,1172,-33998.0,-3.4775,0.7622,0.3652,350.0
s6_pct0p1-r1,5,25,all,11186,-265284.0,-11.1799,0.8043,0.4656,390.0
s6_pct0p1-r1,5,25,eve,2490,-42160.0,-3.7018,0.8593,0.4811,360.0
s6_pct0p1-r1,5,25,asia,1215,-23380.0,-2.9305,0.842,0.4774,350.0
s6_pct0p1-r1,5,25,london,2658,-64312.0,-5.4912,0.8046,0.4669,360.0
s6_pct0p1-r1,5,25,pre,906,-26004.0,-3.8149,0.7721,0.4592,390.0
s6_pct0p1-r1,5,25,nyam,908,-33992.0,-4.9904,0.7136,0.4361,370.0
s6_pct0p1-r1,5,25,mid,1610,-41630.0,-4.5813,0.7914,0.464,350.0
s6_pct0p1-r1,5,25,pm,1399,-33806.0,-4.4757,0.7688,0.4503,350.0
s6_pct0p1-r2,5,26,all,10183,-244202.0,-7.8802,0.844,0.3251,390.0
s6_pct0p1-r2,5,26,eve,2205,-50400.0,-3.3696,0.8573,0.3138,360.0
s6_pct0p1-r2,5,26,asia,1090,-20670.0,-1.9546,0.8805,0.3202,350.0
s6_pct0p1-r2,5,26,london,2437,-37088.0,-2.3524,0.9029,0.3258,360.0
s6_pct0p1-r2,5,26,pre,881,-26034.0,-2.824,0.8164,0.3087,390.0
s6_pct0p1-r2,5,26,nyam,889,-24466.0,-2.6285,0.8278,0.3116,370.0
s6_pct0p1-r2,5,26,mid,1430,-55090.0,-4.8531,0.7578,0.3091,350.0
s6_pct0p1-r2,5,26,pm,1251,-30454.0,-3.4993,0.7918,0.3877,350.0
s6_pct0p1-r3,5,27,all,9628,-218332.0,-6.023,0.8655,0.2616,390.0
s6_pct0p1-r3,5,27,eve,2024,-30946.0,-1.7445,0.9137,0.2441,360.0
s6_pct0p1-r3,5,27,asia,1052,-25018.0,-1.9895,0.8667,0.2348,360.0
s6_pct0p1-r3,5,27,london,2257,-25158.0,-1.3489,0.9361,0.249,360.0
s6_pct0p1-r3,5,27,pre,867,-20488.0,-1.8223,0.8663,0.2364,390.0
s6_pct0p1-r3,5,27,nyam,874,-31576.0,-2.8922,0.7977,0.2311,370.0
s6_pct0p1-r3,5,27,mid,1351,-52894.0,-4.1644,0.7685,0.2694,350.0
s6_pct0p1-r3,5,27,pm,1203,-32252.0,-3.4719,0.7789,0.3699,350.0
s6_pct0p2-r0,5,28,all,7297,-78708.0,-0.9972,0.9645,0.2797,710.0
s6_pct0p2-r0,5,28,eve,1340,42650.0,0.9981,1.0882,0.2022,700.0
s6_pct0p2-r0,5,28,asia,893,-29902.0,-0.949,0.907,0.196,710.0
s6_pct0p2-r0,5,28,london,1472,-29408.0,-0.704,0.9441,0.2031,700.0
s6_pct0p2-r0,5,28,pre,788,31308.0,1.1463,1.1227,0.2678,680.0
s6_pct0p2-r0,5,28,nyam,779,-41556.0,-2.0481,0.8257,0.2978,690.0
s6_pct0p2-r0,5,28,mid,1045,-9870.0,-0.5048,0.959,0.4124,690.0
s6_pct0p2-r0,5,28,pm,980,-41930.0,-3.764,0.7211,0.4306,690.0
s6_pct0p2-r1,5,29,all,8707,-222798.0,-5.5002,0.8833,0.4795,700.0
s6_pct0p2-r1,5,29,eve,1769,-42516.0,-2.2036,0.8983,0.4816,690.0
s6_pct0p2-r1,5,29,asia,957,-22408.0,-1.594,0.8999,0.4869,700.0
s6_pct0p2-r1,5,29,london,2024,-33956.0,-1.6567,0.9274,0.4906,700.0
s6_pct0p2-r1,5,29,pre,846,-19204.0,-1.4732,0.9016,0.4846,700.0
s6_pct0p2-r1,5,29,nyam,845,-39750.0,-3.0608,0.8053,0.4615,690.0
s6_pct0p2-r1,5,29,mid,1204,-28076.0,-1.9449,0.8863,0.4801,690.0
s6_pct0p2-r1,5,29,pm,1062,-36888.0,-3.6114,0.7591,0.4576,690.0
s6_pct0p2-r2,5,30,all,7742,-164428.0,-3.1884,0.9216,0.3592,710.0
s6_pct0p2-r2,5,30,eve,1466,3076.0,0.1225,1.007,0.3411,700.0
s6_pct0p2-r2,5,30,asia,904,-28616.0,-1.5174,0.8967,0.3219,710.0
s6_pct0p2-r2,5,30,london,1679,-49226.0,-1.895,0.9046,0.3204,700.0
s6_pct0p2-r2,5,30,pre,811,2666.0,0.1488,1.0114,0.3514,700.0
s6_pct0p2-r2,5,30,nyam,797,-32388.0,-1.9497,0.8588,0.345,690.0
s6_pct0p2-r2,5,30,mid,1087,-18308.0,-1.0872,0.9259,0.4232,690.0
s6_pct0p2-r2,5,30,pm,998,-41632.0,-3.8395,0.7265,0.4329,690.0
s6_pct0p2-r3,5,31,all,7467,-140848.0,-2.3628,0.935,0.3118,710.0
s6_pct0p2-r3,5,31,eve,1400,4270.0,0.1428,1.0091,0.2607,700.0
s6_pct0p2-r3,5,31,asia,899,-27326.0,-1.203,0.9096,0.2514,710.0
s6_pct0p2-r3,5,31,london,1543,-27242.0,-0.8985,0.9472,0.256,700.0
s6_pct0p2-r3,5,31,pre,797,11452.0,0.5385,1.0462,0.2974,680.0
s6_pct0p2-r3,5,31,nyam,786,-42634.0,-2.3305,0.8204,0.3079,690.0
s6_pct0p2-r3,5,31,mid,1052,-18998.0,-1.0778,0.9213,0.4154,690.0
s6_pct0p2-r3,5,31,pm,990,-40370.0,-3.5999,0.7339,0.4303,690.0
s7_atr1p5-r0,6,0,all,7143,-189522.0,-2.2448,0.9209,0.2943,3880.0
s7_atr1p5-r0,6,0,eve,1510,-22350.0,-0.4834,0.9571,0.1623,3880.0
s7_atr1p5-r0,6,0,asia,928,-16132.0,-0.4751,0.9516,0.1843,2670.0
s7_atr1p5-r0,6,0,london,1343,-39562.0,-0.9597,0.9285,0.2435,2680.0
s7_atr1p5-r0,6,0,pre,759,-40546.0,-1.3316,0.8754,0.2727,2110.0
s7_atr1p5-r0,6,0,nyam,748,-26592.0,-1.0999,0.903,0.4118,2780.0
s7_atr1p5-r0,6,0,mid,937,-6238.0,-0.292,0.9741,0.4749,2310.0
s7_atr1p5-r0,6,0,pm,918,-38102.0,-2.8912,0.7456,0.4346,2620.0
s7_atr1p5-r1,6,1,all,8330,-232850.0,-4.2087,0.8924,0.4759,5880.0
s7_atr1p5-r1,6,1,eve,1996,-53564.0,-1.9569,0.8863,0.4639,5880.0
s7_atr1p5-r1,6,1,asia,1005,-20910.0,-1.2249,0.9122,0.4886,2470.0
s7_atr1p5-r1,6,1,london,1823,-32512.0,-1.213,0.9382,0.5008,2260.0
s7_atr1p5-r1,6,1,pre,806,-63094.0,-3.3797,0.7694,0.4429,2110.0
s7_atr1p5-r1,6,1,nyam,773,-9022.0,-0.4373,0.9648,0.4929,2780.0
s7_atr1p5-r1,6,1,mid,985,-10190.0,-0.5248,0.9588,0.4893,2310.0
s7_atr1p5-r1,6,1,pm,942,-43558.0,-3.5576,0.7119,0.4395,2620.0
s7_atr1p5-r2,6,2,all,7500,-218130.0,-3.308,0.9058,0.3697,3880.0
s7_atr1p5-r2,6,2,eve,1690,-47450.0,-1.4609,0.9055,0.3189,3880.0
s7_atr1p5-r2,6,2,asia,943,-17752.0,-0.7948,0.9383,0.3287,2670.0
s7_atr1p5-r2,6,2,london,1472,-16078.0,-0.4896,0.9703,0.3478,2680.0
s7_atr1p5-r2,6,2,pre,773,-56152.0,-2.3363,0.8214,0.3169,2110.0
s7_atr1p5-r2,6,2,nyam,752,-24488.0,-1.0274,0.9109,0.4162,2780.0
s7_atr1p5-r2,6,2,mid,942,-12978.0,-0.642,0.9463,0.4766,2310.0
s7_atr1p5-r2,6,2,pm,928,-43232.0,-3.3934,0.7181,0.4364,2620.0
s7_atr1p5-r3,6,3,all,7274,-205036.0,-2.8368,0.9131,0.3304,3880.0
s7_atr1p5-r3,6,3,eve,1579,-41636.0,-1.1887,0.9178,0.2527,3880.0
s7_atr1p5-r3,6,3,asia,930,-21660.0,-0.818,0.9308,0.2516,2670.0
s7_atr1p5-r3,6,3,london,1387,-21348.0,-0.575,0.9612,0.2812,2680.0
s7_atr1p5-r3,6,3,pre,767,-47658.0,-1.7621,0.8522,0.2907,2110.0
s7_atr1p5-r3,6,3,nyam,749,-20846.0,-0.8569,0.9238,0.4139,2780.0
s7_atr1p5-r3,6,3,mid,937,-10398.0,-0.5032,0.9567,0.4749,2310.0
s7_atr1p5-r3,6,3,pm,925,-41490.0,-3.1827,0.7293,0.4346,2620.0
s7_atr3-r0,6,4,all,6256,-162414.0,-1.666,0.9406,0.3929,7540.0
s7_atr3-r0,6,4,eve,1151,-50184.0,-0.9535,0.92,0.265,7540.0
s7_atr3-r0,6,4,asia,846,36036.0,0.8566,1.0827,0.3404,5210.0
s7_atr3-r0,6,4,london,1043,-15622.0,-0.3367,0.9732,0.3854,5110.0
s7_atr3-r0,6,4,pre,712,-44678.0,-1.2467,0.8855,0.4101,4120.0
s7_atr3-r0,6,4,nyam,718,-48822.0,-1.7289,0.843,0.4721,4390.0
s7_atr3-r0,6,4,mid,893,-4652.0,-0.2014,0.9808,0.4916,4200.0
s7_atr3-r0,6,4,pm,893,-34492.0,-2.4523,0.7651,0.4401,3710.0
s7_atr3-r1,6,5,all,6594,-177266.0,-2.2626,0.9304,0.4847,7540.0
s7_atr3-r1,6,5,eve,1328,-65802.0,-1.6819,0.886,0.4782,7540.0
s7_atr3-r1,6,5,asia,862,16412.0,0.5741,1.0465,0.5116,5210.0
s7_atr3-r1,6,5,london,1151,30626.0,0.8093,1.0569,0.5161,5110.0
s7_atr3-r1,6,5,pre,728,-54322.0,-1.8124,0.8536,0.4643,4120.0
s7_atr3-r1,6,5,nyam,722,-46918.0,-1.678,0.8496,0.4792,4390.0
s7_atr3-r1,6,5,mid,898,-15832.0,-0.716,0.9354,0.4922,4200.0
s7_atr3-r1,6,5,pm,905,-41430.0,-3.0389,0.728,0.442,3710.0
s7_atr3-r2,6,6,all,6304,-184226.0,-2.0754,0.9314,0.4166,7540.0
s7_atr3-r2,6,6,eve,1176,-54254.0,-1.2324,0.9095,0.3435,7540.0
s7_atr3-r2,6,6,asia,847,19202.0,0.5298,1.046,0.3802,5210.0
s7_atr3-r2,6,6,london,1056,-23774.0,-0.5481,0.9591,0.4006,5110.0
s7_atr3-r2,6,6,pre,716,-42804.0,-1.233,0.8892,0.4204,4120.0
s7_atr3-r2,6,6,nyam,719,-38346.0,-1.3378,0.8759,0.4757,4390.0
s7_atr3-r2,6,6,mid,893,-6852.0,-0.2999,0.9716,0.4916,4200.0
s7_atr3-r2,6,6,pm,897,-37398.0,-2.6398,0.7515,0.4404,3710.0
s7_atr3-r3,6,7,all,6265,-167250.0,-1.7895,0.9385,0.4003,7540.0
s7_atr3-r3,6,7,eve,1155,-47610.0,-0.9899,0.9224,0.2952,7540.0
s7_atr3-r3,6,7,asia,846,33096.0,0.8383,1.0768,0.3511,5210.0
s7_atr3-r3,6,7,london,1044,-23396.0,-0.5192,0.9598,0.3879,5110.0
s7_atr3-r3,6,7,pre,714,-40116.0,-1.1093,0.8973,0.4104,4120.0
s7_atr3-r3,6,7,nyam,719,-49476.0,-1.7595,0.8409,0.4729,4390.0
s7_atr3-r3,6,7,mid,893,-5382.0,-0.2343,0.9777,0.4916,4200.0
s7_atr3-r3,6,7,pm,894,-34366.0,-2.3832,0.7685,0.4396,3710.0
s7_pts2-r0,6,8,all,9156,-258804.0,-4.4041,0.8405,0.1566,330.0
s7_pts2-r0,6,8,eve,1856,-44554.0,-1.3673,0.8772,0.0878,230.0
s7_pts2-r0,6,8,asia,1068,-35362.0,-1.5072,0.8305,0.088,220.0
s7_pts2-r0,6,8,london,1947,-61168.0,-2.0572,0.8374,0.0976,230.0
s7_pts2-r0,6,8,pre,850,-2650.0,-0.1247,0.9836,0.1153,330.0
s7_pts2-r0,6,8,nyam,875,-39260.0,-2.7821,0.751,0.152,300.0
s7_pts2-r0,6,8,mid,1340,-37320.0,-2.614,0.822,0.2537,230.0
s7_pts2-r0,6,8,pm,1220,-38490.0,-3.7851,0.7363,0.341,220.0
s7_pts2-r1,6,9,all,11259,-268566.0,-12.5439,0.7881,0.4623,330.0
s7_pts2-r1,6,9,eve,2461,-64324.0,-6.3386,0.7748,0.4588,230.0
s7_pts2-r1,6,9,asia,1234,-30126.0,-4.1908,0.7879,0.4627,220.0
s7_pts2-r1,6,9,london,2601,-39974.0,-3.8218,0.8608,0.4848,230.0
s7_pts2-r1,6,9,pre,927,-28488.0,-4.5689,0.7411,0.4488,330.0
s7_pts2-r1,6,9,nyam,930,-31680.0,-5.0924,0.7167,0.4398,300.0
s7_pts2-r1,6,9,mid,1661,-25054.0,-3.0156,0.8619,0.484,230.0
s7_pts2-r1,6,9,pm,1445,-48920.0,-7.1084,0.672,0.4256,220.0
s7_pts2-r2,6,10,all,10361,-239484.0,-8.5401,0.8372,0.3238,330.0
s7_pts2-r2,6,10,eve,2185,-61400.0,-4.6713,0.8114,0.3053,230.0
s7_pts2-r2,6,10,asia,1124,-18126.0,-1.8909,0.8886,0.3247,220.0
s7_pts2-r2,6,10,london,2424,-38536.0,-2.7374,0.8901,0.3251,230.0
s7_pts2-r2,6,10,pre,907,-28878.0,-3.4215,0.7886,0.2999,330.0
s7_pts2-r2,6,10,nyam,914,-33356.0,-3.9773,0.7595,0.291,300.0
s7_pts2-r2,6,10,mid,1510,-13740.0,-1.2635,0.9335,0.3503,230.0
s7_pts2-r2,6,10,pm,1297,-45448.0,-5.7169,0.6974,0.3608,220.0
s7_pts2-r3,6,11,all,9823,-235212.0,-7.2209,0.8463,0.2589,330.0
s7_pts2-r3,6,11,eve,2048,-50152.0,-3.2272,0.8508,0.2344,230.0
s7_pts2-r3,6,11,asia,1090,-27770.0,-2.4543,0.845,0.233,220.0
s7_pts2-r3,6,11,london,2232,-39998.0,-2.4375,0.8896,0.2424,230.0
s7_pts2-r3,6,11,pre,885,-28990.0,-2.8809,0.8032,0.226,330.0
s7_pts2-r3,6,11,nyam,898,-22752.0,-2.2312,0.8447,0.2372,300.0
s7_pts2-r3,6,11,mid,1416,-20894.0,-1.7276,0.9006,0.2959,230.0
s7_pts2-r3,6,11,pm,1254,-44656.0,-5.3027,0.6986,0.3477,220.0
s7_pts3-r0,6,12,all,8187,-222808.0,-3.3196,0.8852,0.2134,450.0
s7_pts3-r0,6,12,eve,1578,-54712.0,-1.5004,0.8741,0.121,350.0
s7_pts3-r0,6,12,asia,978,-17412.0,-0.625,0.9337,0.1452,330.0
s7_pts3-r0,6,12,london,1705,-61700.0,-1.8283,0.8649,0.1455,320.0
s7_pts3-r0,6,12,pre,815,-5840.0,-0.2459,0.9725,0.1718,390.0
s7_pts3-r0,6,12,nyam,828,-29952.0,-1.7668,0.8464,0.2355,450.0
s7_pts3-r0,6,12,mid,1196,-22094.0,-1.3081,0.9049,0.3353,310.0
s7_pts3-r0,6,12,pm,1087,-31098.0,-2.7726,0.7898,0.3956,330.0
s7_pts3-r1,6,13,all,9987,-230398.0,-7.7793,0.8536,0.474,450.0
s7_pts3-r1,6,13,eve,2089,-57406.0,-4.1214,0.8351,0.4701,350.0
s7_pts3-r1,6,13,asia,1088,-22752.0,-2.2612,0.8719,0.4807,330.0
s7_pts3-r1,6,13,london,2352,-31778.0,-2.1474,0.9152,0.4928,320.0
s7_pts3-r1,6,13,pre,899,-24866.0,-2.7162,0.8343,0.4705,390.0
s7_pts3-r1,6,13,nyam,898,-35092.0,-3.8579,0.7731,0.4499,450.0
s7_pts3-r1,6,13,mid,1447,-14518.0,-1.2911,0.9332,0.4934,310.0
s7_pts3-r1,6,13,pm,1214,-43986.0,-5.2775,0.71,0.4357,330.0
s7_pts3-r2,6,14,all,8956,-218084.0,-5.7327,0.8777,0.3387,450.0
s7_pts3-r2,6,14,eve,1797,-56618.0,-3.17,0.8545,0.3111,350.0
s7_pts3-r2,6,14,asia,1006,-26674.0,-1.9861,0.8766,0.3161,330.0
s7_pts3-r2,6,14,london,2027,-37978.0,-1.9796,0.9117,0.3246,320.0
s7_pts3-r2,6,14,pre,856,-28204.0,-2.2925,0.8481,0.3119,390.0
s7_pts3-r2,6,14,nyam,858,-17182.0,-1.4,0.9038,0.3298,450.0
s7_pts3-r2,6,14,mid,1282,-13828.0,-1.0077,0.9403,0.3838,310.0
s7_pts3-r2,6,14,pm,1130,-37600.0,-3.9653,0.7517,0.4035,330.0
s7_pts3-r3,6,15,all,8556,-228174.0,-5.1895,0.8772,0.2793,450.0
s7_pts3-r3,6,15,eve,1688,-65002.0,-3.1182,0.8411,0.2287,350.0
s7_pts3-r3,6,15,asia,990,-21820.0,-1.3414,0.9073,0.2434,330.0
s7_pts3-r3,6,15,london,1870,-31780.0,-1.4161,0.928,0.2481,320.0
s7_pts3-r3,6,15,pre,830,-27360.0,-1.8785,0.8618,0.241,390.0
s7_pts3-r3,6,15,nyam,841,-28364.0,-2.0421,0.8509,0.2675,450.0
s7_pts3-r3,6,15,mid,1233,-15102.0,-1.001,0.9354,0.3536,310.0
s7_pts3-r3,6,15,pm,1104,-38746.0,-3.909,0.7425,0.3967,330.0
s7_pts5-r0,6,16,all,7096,-198724.0,-2.5579,0.9144,0.2948,600.0
s7_pts5-r0,6,16,eve,1287,-52908.0,-1.2736,0.8992,0.2005,600.0
s7_pts5-r0,6,16,asia,887,20862.0,0.6053,1.0609,0.2413,520.0
s7_pts5-r0,6,16,london,1360,-59580.0,-1.5774,0.8872,0.2279,540.0
s7_pts5-r0,6,16,pre,771,-29064.0,-1.0506,0.8997,0.2542,540.0
s7_pts5-r0,6,16,nyam,785,-34100.0,-1.7153,0.8601,0.3414,510.0
s7_pts5-r0,6,16,mid,1035,-13880.0,-0.7052,0.9433,0.4135,510.0
s7_pts5-r0,6,16,pm,971,-30054.0,-2.4585,0.7973,0.4305,560.0
s7_pts5-r1,6,17,all,8210,-227540.0,-5.3002,0.8857,0.4772,560.0
s7_pts5-r1,6,17,eve,1591,-58974.0,-2.9312,0.8633,0.4727,540.0
s7_pts5-r1,6,17,asia,932,-22678.0,-1.4704,0.9081,0.485,520.0
s7_pts5-r1,6,17,london,1823,-36782.0,-1.7083,0.923,0.4888,540.0
s7_pts5-r1,6,17,pre,841,-50504.0,-3.4909,0.7853,0.4507,540.0
s7_pts5-r1,6,17,nyam,830,-17350.0,-1.2342,0.9163,0.4843,510.0
s7_pts5-r1,6,17,mid,1163,-8312.0,-0.5548,0.9656,0.4944,510.0
s7_pts5-r1,6,17,pm,1030,-32940.0,-3.214,0.7804,0.4534,560.0
s7_pts5-r2,6,18,all,7428,-205012.0,-3.7865,0.9067,0.3619,560.0
s7_pts5-r2,6,18,eve,1385,-54210.0,-2.0921,0.8879,0.3184,540.0
s7_pts5-r2,6,18,asia,898,178.0,0.0084,1.0006,0.3452,520.0
s7_pts5-r2,6,18,london,1511,-23894.0,-0.8813,0.953,0.3369,540.0
s7_pts5-r2,6,18,pre,784,-50916.0,-2.735,0.8115,0.3163,540.0
s7_pts5-r2,6,18,nyam,798,-24572.0,-1.3998,0.8965,0.3722,510.0
s7_pts5-r2,6,18,mid,1065,-16570.0,-0.9683,0.9331,0.4272,510.0
s7_pts5-r2,6,18,pm,987,-35028.0,-3.1347,0.7675,0.4336,560.0
s7_pts5-r3,6,19,all,7235,-209010.0,-3.3911,0.9083,0.3209,600.0
s7_pts5-r3,6,19,eve,1334,-68046.0,-2.2768,0.8667,0.2511,600.0
s7_pts5-r3,6,19,asia,891,-3974.0,-0.1592,0.9878,0.2806,520.0
s7_pts5-r3,6,19,london,1417,-31908.0,-1.0341,0.9386,0.2724,540.0
s7_pts5-r3,6,19,pre,778,-48262.0,-2.2449,0.8304,0.2738,540.0
s7_pts5-r3,6,19,nyam,789,-14236.0,-0.7221,0.9409,0.3536,510.0
s7_pts5-r3,6,19,mid,1047,-11818.0,-0.6437,0.952,0.4174,510.0
s7_pts5-r3,6,19,pm,979,-30766.0,-2.5743,0.7957,0.4311,560.0
s7_pts7-r0,6,20,all,6569,-147856.0,-1.6978,0.9423,0.3512,1060.0
s7_pts7-r0,6,20,eve,1134,-2886.0,-0.0608,0.995,0.2778,720.0
s7_pts7-r0,6,20,asia,856,14466.0,0.3652,1.0351,0.3002,720.0
s7_pts7-r0,6,20,london,1206,-33614.0,-0.8042,0.9413,0.301,1060.0
s7_pts7-r0,6,20,pre,736,-40284.0,-1.326,0.8798,0.3193,760.0
s7_pts7-r0,6,20,nyam,751,-31104.0,-1.38,0.8839,0.4008,1040.0
s7_pts7-r0,6,20,mid,959,-24246.0,-1.1883,0.9038,0.4494,720.0
s7_pts7-r0,6,20,pm,927,-30188.0,-2.2974,0.7979,0.4369,710.0
s7_pts7-r1,6,21,all,7212,-218168.0,-4.0534,0.9034,0.4795,1040.0
s7_pts7-r1,6,21,eve,1327,-42978.0,-1.6802,0.9117,0.483,720.0
s7_pts7-r1,6,21,asia,877,-15398.0,-0.7453,0.9506,0.4914,720.0
s7_pts7-r1,6,21,london,1474,-15406.0,-0.5755,0.9703,0.4966,730.0
s7_pts7-r1,6,21,pre,774,-53106.0,-2.8067,0.8143,0.4587,760.0
s7_pts7-r1,6,21,nyam,780,-22810.0,-1.2772,0.908,0.4795,1040.0
s7_pts7-r1,6,21,mid,1022,-25338.0,-1.4732,0.9002,0.4902,720.0
s7_pts7-r1,6,21,pm,958,-43132.0,-3.8329,0.72,0.4426,710.0
s7_pts7-r2,6,22,all,6741,-237004.0,-3.5513,0.9051,0.3832,1060.0
s7_pts7-r2,6,22,eve,1193,-61972.0,-1.9066,0.8886,0.3345,720.0
s7_pts7-r2,6,22,asia,860,-7170.0,-0.2592,0.9812,0.3581,720.0
s7_pts7-r2,6,22,london,1277,-23058.0,-0.6951,0.9588,0.3571,1060.0
s7_pts7-r2,6,22,pre,745,-66030.0,-2.7991,0.7988,0.3423,760.0
s7_pts7-r2,6,22,nyam,757,-25568.0,-1.2092,0.9037,0.4122,1040.0
s7_pts7-r2,6,22,mid,970,-20060.0,-1.0435,0.9208,0.4546,720.0
s7_pts7-r2,6,22,pm,939,-33146.0,-2.6311,0.784,0.4388,710.0
s7_pts7-r3,6,23,all,6632,-239348.0,-3.2313,0.9064,0.3589,1060.0
s7_pts7-r3,6,23,eve,1161,-29844.0,-0.7914,0.9476,0.2997,720.0
s7_pts7-r3,6,23,asia,857,-19868.0,-0.6346,0.9509,0.3139,720.0
s7_pts7-r3,6,23,london,1224,-52176.0,-1.4374,0.9089,0.3121,1060.0
s7_pts7-r3,6,23,pre,740,-56440.0,-2.1276,0.8324,0.3203,760.0
s7_pts7-r3,6,23,nyam,754,-25146.0,-1.1208,0.9061,0.4032,1040.0
s7_pts7-r3,6,23,mid,964,-22166.0,-1.1113,0.9126,0.4492,720.0
s7_pts7-r3,6,23,pm,932,-33708.0,-2.6248,0.7776,0.4367,710.0
s7_pct0p1-r0,6,24,all,9055,-219240.0,-3.4788,0.8726,0.1666,450.0
s7_pct0p1-r0,6,24,eve,1832,-9028.0,-0.2495,0.9765,0.1015,360.0
s7_pct0p1-r0,6,24,asia,1060,-18460.0,-0.7176,0.9161,0.1028,360.0
s7_pct0p1-r0,6,24,london,1920,-69480.0,-2.2612,0.8266,0.1026,360.0
s7_pct0p1-r0,6,24,pre,846,-8704.0,-0.3994,0.9498,0.1194,390.0
s7_pct0p1-r0,6,24,nyam,875,-33770.0,-2.2087,0.7991,0.1634,450.0
s7_pct0p1-r0,6,24,mid,1325,-43820.0,-2.8602,0.8057,0.2596,350.0
s7_pct0p1-r0,6,24,pm,1197,-35978.0,-3.3724,0.7594,0.3584,350.0
s7_pct0p1-r1,6,25,all,11228,-263332.0,-11.0702,0.8064,0.4634,450.0
s7_pct0p1-r1,6,25,eve,2474,-68266.0,-6.0352,0.7807,0.4572,360.0
s7_pct0p1-r1,6,25,asia,1220,-27340.0,-3.4423,0.8178,0.4697,350.0
s7_pct0p1-r1,6,25,london,2609,-36676.0,-3.1562,0.8814,0.4856,360.0
s7_pct0p1-r1,6,25,pre,929,-27616.0,-3.9965,0.7652,0.4489,390.0
s7_pct0p1-r1,6,25,nyam,933,-27292.0,-3.9492,0.7682,0.4491,450.0
s7_pct0p1-r1,6,25,mid,1655,-26170.0,-2.8115,0.8678,0.4822,350.0
s7_pct0p1-r1,6,25,pm,1408,-49972.0,-6.6022,0.6805,0.4247,350.0
s7_pct0p1-r2,6,26,all,10245,-236880.0,-7.6011,0.8494,0.3249,450.0
s7_pct0p1-r2,6,26,eve,2177,-60548.0,-4.102,0.8282,0.3068,360.0
s7_pct0p1-r2,6,26,asia,1110,-17470.0,-1.6449,0.8995,0.3252,360.0
s7_pct0p1-r2,6,26,london,2409,-38906.0,-2.4876,0.897,0.3246,360.0
s7_pct0p1-r2,6,26,pre,904,-33726.0,-3.6424,0.7722,0.2954,390.0
s7_pct0p1-r2,6,26,nyam,913,-26782.0,-2.831,0.8174,0.299,450.0
s7_pct0p1-r2,6,26,mid,1474,-19656.0,-1.6323,0.9119,0.3426,350.0
s7_pct0p1-r2,6,26,pm,1258,-39792.0,-4.5782,0.7376,0.376,350.0
s7_pct0p1-r3,6,27,all,9703,-238872.0,-6.6063,0.8541,0.2605,450.0
s7_pct0p1-r3,6,27,eve,2032,-54158.0,-3.1264,0.8515,0.2343,360.0
s7_pct0p1-r3,6,27,asia,1079,-20356.0,-1.5992,0.8929,0.24,360.0
s7_pct0p1-r3,6,27,london,2210,-16940.0,-0.9135,0.9558,0.2529,360.0
s7_pct0p1-r3,6,27,pre,876,-34794.0,-3.1937,0.7801,0.2226,390.0
s7_pct0p1-r3,6,27,nyam,899,-29056.0,-2.5933,0.8181,0.2291,450.0
s7_pct0p1-r3,6,27,mid,1386,-38624.0,-2.9305,0.8316,0.2843,350.0
s7_pct0p1-r3,6,27,pm,1221,-44944.0,-4.9299,0.7046,0.3595,350.0
s7_pct0p2-r0,6,28,all,7389,-204726.0,-2.6007,0.9101,0.2674,700.0
s7_pct0p2-r0,6,28,eve,1367,-16818.0,-0.3853,0.9668,0.1814,690.0
s7_pct0p2-r0,6,28,asia,905,4580.0,0.1316,1.0141,0.1989,700.0
s7_pct0p2-r0,6,28,london,1473,-47712.0,-1.2303,0.9096,0.2016,700.0
s7_pct0p2-r0,6,28,pre,784,-32016.0,-1.2219,0.8824,0.2219,690.0
s7_pct0p2-r0,6,28,nyam,800,-55770.0,-2.9153,0.7736,0.2925,690.0
s7_pct0p2-r0,6,28,mid,1071,-20264.0,-1.0364,0.9189,0.3987,690.0
s7_pct0p2-r0,6,28,pm,989,-36726.0,-3.0575,0.7567,0.4206,680.0
s7_pct0p2-r1,6,29,all,8765,-245200.0,-6.0332,0.8732,0.4747,700.0
s7_pct0p2-r1,6,29,eve,1760,-53980.0,-2.7964,0.8724,0.4773,690.0
s7_pct0p2-r1,6,29,asia,960,-16900.0,-1.2087,0.9233,0.4917,700.0
s7_pct0p2-r1,6,29,london,2035,-44820.0,-2.1888,0.9054,0.486,700.0
s7_pct0p2-r1,6,29,pre,863,-41312.0,-3.1505,0.8033,0.4554,690.0
s7_pct0p2-r1,6,29,nyam,859,-35426.0,-2.7128,0.8269,0.4552,690.0
s7_pct0p2-r1,6,29,mid,1237,-13808.0,-0.9289,0.9449,0.4931,690.0
s7_pct0p2-r1,6,29,pm,1051,-38954.0,-3.8787,0.7425,0.4434,680.0
s7_pct0p2-r2,6,30,all,7810,-229040.0,-4.456,0.8929,0.3517,700.0
s7_pct0p2-r2,6,30,eve,1485,-36700.0,-1.4814,0.9204,0.3266,690.0
s7_pct0p2-r2,6,30,asia,915,-22310.0,-1.1741,0.9197,0.3235,700.0
s7_pct0p2-r2,6,30,london,1676,-17864.0,-0.6826,0.9646,0.3347,700.0
s7_pct0p2-r2,6,30,pre,803,-50542.0,-2.9703,0.7985,0.3051,690.0
s7_pct0p2-r2,6,30,nyam,817,-37748.0,-2.2635,0.8404,0.339,690.0
s7_pct0p2-r2,6,30,mid,1107,-23698.0,-1.3847,0.9068,0.4128,690.0
s7_pct0p2-r2,6,30,pm,1007,-40178.0,-3.6387,0.7379,0.423,680.0
s7_pct0p2-r3,6,31,all,7554,-249846.0,-4.2385,0.8878,0.3009,700.0
s7_pct0p2-r3,6,31,eve,1420,-44510.0,-1.5235,0.9093,0.2437,690.0
s7_pct0p2-r3,6,31,asia,908,-21572.0,-0.9411,0.9291,0.2489,700.0
s7_pct0p2-r3,6,31,london,1543,-30852.0,-1.0321,0.9402,0.2592,700.0
s7_pct0p2-r3,6,31,pre,793,-46722.0,-2.3397,0.8241,0.2509,690.0
s7_pct0p2-r3,6,31,nyam,808,-48702.0,-2.639,0.8023,0.2995,690.0
s7_pct0p2-r3,6,31,mid,1084,-20256.0,-1.1142,0.9194,0.4041,690.0
s7_pct0p2-r3,6,31,pm,998,-37232.0,-3.2243,0.7554,0.4228,680.0
s8_atr1p5-r0,7,0,all,7155,-26300.0,-0.305,0.9887,0.304,5710.0
s8_atr1p5-r0,7,0,eve,1505,45250.0,0.9226,1.0886,0.1754,5710.0
s8_atr1p5-r0,7,0,asia,910,-17620.0,-0.5202,0.9453,0.1714,2460.0
s8_atr1p5-r0,7,0,london,1365,-47930.0,-1.1661,0.9142,0.2396,2590.0
s8_atr1p5-r0,7,0,pre,775,25400.0,0.8206,1.0856,0.3329,2070.0
s8_atr1p5-r0,7,0,nyam,747,-27008.0,-1.1133,0.9003,0.4177,2120.0
s8_atr1p5-r0,7,0,mid,926,28206.0,1.2906,1.124,0.4957,2910.0
s8_atr1p5-r0,7,0,pm,927,-32598.0,-2.5207,0.7815,0.4304,2970.0
s8_atr1p5-r1,7,1,all,8287,-76528.0,-1.3911,0.9631,0.4859,5710.0
s8_atr1p5-r1,7,1,eve,1946,-41134.0,-1.5072,0.9106,0.4635,5710.0
s8_atr1p5-r1,7,1,asia,993,-19942.0,-1.2088,0.9137,0.4814,2460.0
s8_atr1p5-r1,7,1,london,1836,4086.0,0.1522,1.008,0.5076,2550.0
s8_atr1p5-r1,7,1,pre,808,-3512.0,-0.1887,0.9855,0.4988,2070.0
s8_atr1p5-r1,7,1,nyam,779,-11786.0,-0.5885,0.9533,0.5006,2020.0
s8_atr1p5-r1,7,1,mid,973,31768.0,1.6322,1.1402,0.5242,2910.0
s8_atr1p5-r1,7,1,pm,952,-36008.0,-2.8332,0.7656,0.4328,2970.0
s8_atr1p5-r2,7,2,all,7465,-64760.0,-0.9553,0.9712,0.3759,5710.0
s8_atr1p5-r2,7,2,eve,1666,-3924.0,-0.1112,0.992,0.3193,5710.0
s8_atr1p5-r2,7,2,asia,923,-12402.0,-0.5527,0.9554,0.3229,2460.0
s8_atr1p5-r2,7,2,london,1480,-26090.0,-0.7893,0.9523,0.3372,2590.0
s8_atr1p5-r2,7,2,pre,780,18930.0,0.7512,1.0666,0.3744,2070.0
s8_atr1p5-r2,7,2,nyam,751,-29064.0,-1.2692,0.8924,0.4274,2120.0
s8_atr1p5-r2,7,2,mid,931,23236.0,1.1259,1.1024,0.4984,2910.0
s8_atr1p5-r2,7,2,pm,934,-35446.0,-2.7341,0.767,0.4283,2970.0
s8_atr1p5-r3,7,3,all,7260,-19720.0,-0.2603,0.9914,0.3382,5710.0
s8_atr1p5-r3,7,3,eve,1564,36434.0,0.8846,1.0734,0.257,5710.0
s8_atr1p5-r3,7,3,asia,912,-6228.0,-0.2297,0.9793,0.2467,2460.0
s8_atr1p5-r3,7,3,london,1405,-38840.0,-1.0473,0.9309,0.2719,2590.0
s8_atr1p5-r3,7,3,pre,777,30442.0,1.0876,1.1044,0.3514,2070.0
s8_atr1p5-r3,7,3,nyam,747,-34798.0,-1.5094,0.8713,0.419,2120.0
s8_atr1p5-r3,7,3,mid,926,25326.0,1.1984,1.1116,0.4968,2910.0
s8_atr1p5-r3,7,3,pm,929,-32056.0,-2.4572,0.7865,0.4306,2970.0
s8_atr3-r0,7,4,all,6258,-98862.0,-1.025,0.9631,0.4006,8390.0
s8_atr3-r0,7,4,eve,1156,6466.0,0.1227,1.0106,0.2907,8390.0
s8_atr3-r0,7,4,asia,822,-30048.0,-0.7584,0.9312,0.3114,3930.0
s8_atr3-r0,7,4,london,1050,-55280.0,-1.1957,0.9087,0.3771,5190.0
s8_atr3-r0,7,4,pre,726,8036.0,0.2263,1.0223,0.4518,4140.0
s8_atr3-r0,7,4,nyam,721,-39834.0,-1.3638,0.8705,0.4716,3770.0
s8_atr3-r0,7,4,mid,888,36838.0,1.6138,1.1697,0.5158,3880.0
s8_atr3-r0,7,4,pm,895,-25040.0,-1.8412,0.8267,0.4391,3520.0
s8_atr3-r1,7,5,all,6578,-141312.0,-1.7981,0.9442,0.4799,8390.0
s8_atr3-r1,7,5,eve,1331,-37314.0,-0.9307,0.9349,0.4688,8390.0
s8_atr3-r1,7,5,asia,835,-23100.0,-0.8196,0.9359,0.4802,4560.0
s8_atr3-r1,7,5,london,1158,-37072.0,-0.9621,0.9366,0.4827,5190.0
s8_atr3-r1,7,5,pre,733,3268.0,0.109,1.0096,0.5007,4140.0
s8_atr3-r1,7,5,nyam,725,-50910.0,-1.8678,0.8353,0.48,3770.0
s8_atr3-r1,7,5,mid,893,33498.0,1.5508,1.1557,0.5185,3880.0
s8_atr3-r1,7,5,pm,903,-29682.0,-2.2063,0.7989,0.4374,3520.0
s8_atr3-r2,7,6,all,6303,-76242.0,-0.8505,0.9711,0.4223,8390.0
s8_atr3-r2,7,6,eve,1186,4226.0,0.0916,1.0072,0.3567,8390.0
s8_atr3-r2,7,6,asia,822,-12928.0,-0.3615,0.9689,0.3613,3930.0
s8_atr3-r2,7,6,london,1062,-45268.0,-1.0166,0.925,0.3908,5190.0
s8_atr3-r2,7,6,pre,727,7312.0,0.2165,1.0205,0.4594,4140.0
s8_atr3-r2,7,6,nyam,721,-45504.0,-1.6127,0.8521,0.4716,3770.0
s8_atr3-r2,7,6,mid,888,40008.0,1.7562,1.1853,0.5169,3880.0
s8_atr3-r2,7,6,pm,897,-24088.0,-1.7422,0.8348,0.4392,3520.0
s8_atr3-r3,7,7,all,6269,-91426.0,-0.9732,0.9658,0.4064,8390.0
s8_atr3-r3,7,7,eve,1165,15270.0,0.3044,1.0253,0.3142,8390.0
s8_atr3-r3,7,7,asia,822,-24898.0,-0.6415,0.9425,0.3212,3930.0
s8_atr3-r3,7,7,london,1051,-59764.0,-1.3329,0.9012,0.3796,5190.0
s8_atr3-r3,7,7,pre,726,8346.0,0.2361,1.0231,0.4518,4140.0
s8_atr3-r3,7,7,nyam,721,-41444.0,-1.4346,0.8653,0.4716,3770.0
s8_atr3-r3,7,7,mid,888,36278.0,1.5988,1.1671,0.5158,3880.0
s8_atr3-r3,7,7,pm,896,-25214.0,-1.8128,0.8274,0.4386,3520.0
s8_pts2-r0,7,8,all,9183,-214532.0,-3.5399,0.8674,0.159,340.0
s8_pts2-r0,7,8,eve,1871,-19274.0,-0.5426,0.9472,0.0887,230.0
s8_pts2-r0,7,8,asia,1052,-51488.0,-2.4153,0.7509,0.0827,220.0
s8_pts2-r0,7,8,london,1998,-56532.0,-1.806,0.8532,0.1001,230.0
s8_pts2-r0,7,8,pre,858,-32242.0,-1.7266,0.8022,0.1154,340.0
s8_pts2-r0,7,8,nyam,866,-16224.0,-1.0377,0.8928,0.1755,260.0
s8_pts2-r0,7,8,mid,1323,-2672.0,-0.1573,0.9869,0.263,220.0
s8_pts2-r0,7,8,pm,1215,-36100.0,-3.6958,0.7473,0.3358,230.0
s8_pts2-r1,7,9,all,11261,-273084.0,-12.7666,0.7847,0.4606,340.0
s8_pts2-r1,7,9,eve,2423,-64202.0,-6.3794,0.772,0.4577,230.0
s8_pts2-r1,7,9,asia,1229,-22476.0,-3.1276,0.8366,0.4776,220.0
s8_pts2-r1,7,9,london,2653,-58502.0,-5.5466,0.8064,0.4685,230.0
s8_pts2-r1,7,9,pre,921,-33164.0,-5.359,0.7033,0.4354,340.0
s8_pts2-r1,7,9,nyam,930,-19240.0,-3.0773,0.8173,0.472,260.0
s8_pts2-r1,7,9,mid,1657,-27248.0,-3.2907,0.85,0.4804,220.0
s8_pts2-r1,7,9,pm,1448,-48252.0,-7.02,0.6747,0.4227,230.0
s8_pts2-r2,7,10,all,10337,-256238.0,-9.1815,0.8257,0.3207,340.0
s8_pts2-r2,7,10,eve,2178,-73082.0,-5.6188,0.7775,0.2961,230.0
s8_pts2-r2,7,10,asia,1112,-25248.0,-2.6725,0.8455,0.3138,220.0
s8_pts2-r2,7,10,london,2454,-51086.0,-3.6305,0.8578,0.317,230.0
s8_pts2-r2,7,10,pre,897,-27158.0,-3.2307,0.798,0.3021,340.0
s8_pts2-r2,7,10,nyam,906,-18754.0,-2.1958,0.8582,0.3179,260.0
s8_pts2-r2,7,10,mid,1480,-18370.0,-1.7224,0.9093,0.3514,220.0
s8_pts2-r2,7,10,pm,1310,-42540.0,-5.2785,0.7166,0.3542,230.0
s8_pts2-r3,7,11,all,9843,-229292.0,-7.0226,0.85,0.2585,340.0
s8_pts2-r3,7,11,eve,2058,-58502.0,-3.7847,0.8278,0.2293,230.0
s8_pts2-r3,7,11,asia,1076,-36484.0,-3.3007,0.7963,0.223,220.0
s8_pts2-r3,7,11,london,2287,-46078.0,-2.7851,0.8764,0.2396,230.0
s8_pts2-r3,7,11,pre,880,-23670.0,-2.3345,0.8367,0.233,340.0
s8_pts2-r3,7,11,nyam,896,-11834.0,-1.1485,0.9164,0.2567,260.0
s8_pts2-r3,7,11,mid,1393,-14892.0,-1.2265,0.9274,0.3001,220.0
s8_pts2-r3,7,11,pm,1253,-37832.0,-4.3719,0.7407,0.344,230.0
s8_pts3-r0,7,12,all,8185,-223560.0,-3.3083,0.8844,0.2145,740.0
s8_pts3-r0,7,12,eve,1605,-57090.0,-1.5113,0.8707,0.1215,330.0
s8_pts3-r0,7,12,asia,957,-49298.0,-1.9705,0.8119,0.1275,320.0
s8_pts3-r0,7,12,london,1720,-42240.0,-1.1985,0.9075,0.1523,340.0
s8_pts3-r0,7,12,pre,826,-28764.0,-1.3083,0.8644,0.178,390.0
s8_pts3-r0,7,12,nyam,824,-10306.0,-0.5574,0.9453,0.2549,370.0
s8_pts3-r0,7,12,mid,1153,1518.0,0.0834,1.0069,0.3478,740.0
s8_pts3-r0,7,12,pm,1100,-37380.0,-3.4647,0.7535,0.3809,320.0
s8_pts3-r1,7,13,all,9995,-251330.0,-8.4883,0.8415,0.4702,390.0
s8_pts3-r1,7,13,eve,2082,-83738.0,-6.044,0.7677,0.4491,330.0
s8_pts3-r1,7,13,asia,1072,-15858.0,-1.587,0.9076,0.4907,320.0
s8_pts3-r1,7,13,london,2386,-49374.0,-3.3151,0.8731,0.4811,340.0
s8_pts3-r1,7,13,pre,897,-27708.0,-3.0344,0.8167,0.4649,390.0
s8_pts3-r1,7,13,nyam,895,-15920.0,-1.7466,0.8896,0.4849,370.0
s8_pts3-r1,7,13,mid,1408,-7592.0,-0.6835,0.9636,0.5071,310.0
s8_pts3-r1,7,13,pm,1255,-51140.0,-6.0196,0.6816,0.4191,320.0
s8_pts3-r2,7,14,all,8939,-236056.0,-6.222,0.8677,0.3357,740.0
s8_pts3-r2,7,14,eve,1805,-80290.0,-4.5448,0.7988,0.2964,330.0
s8_pts3-r2,7,14,asia,984,-28876.0,-2.1825,0.8638,0.314,320.0
s8_pts3-r2,7,14,london,2052,-48698.0,-2.5346,0.889,0.3192,340.0
s8_pts3-r2,7,14,pre,854,-19176.0,-1.5508,0.8942,0.3255,390.0
s8_pts3-r2,7,14,nyam,861,-12484.0,-1.0217,0.9287,0.3403,370.0
s8_pts3-r2,7,14,mid,1238,-6372.0,-0.4665,0.9713,0.3926,740.0
s8_pts3-r2,7,14,pm,1145,-40160.0,-4.145,0.7426,0.3886,320.0
s8_pts3-r3,7,15,all,8559,-220676.0,-5.0076,0.8812,0.2787,740.0
s8_pts3-r3,7,15,eve,1707,-76938.0,-3.7072,0.8151,0.2238,330.0
s8_pts3-r3,7,15,asia,969,-37336.0,-2.3651,0.8409,0.2291,320.0
s8_pts3-r3,7,15,london,1888,-46542.0,-2.0834,0.8964,0.2426,340.0
s8_pts3-r3,7,15,pre,842,-8408.0,-0.561,0.9568,0.2625,390.0
s8_pts3-r3,7,15,nyam,842,-7098.0,-0.4978,0.9613,0.291,370.0
s8_pts3-r3,7,15,mid,1192,-1168.0,-0.0763,0.9948,0.3624,740.0
s8_pts3-r3,7,15,pm,1119,-43186.0,-4.3164,0.7218,0.3798,320.0
s8_pts5-r0,7,16,all,7098,-158722.0,-2.0372,0.931,0.3009,740.0
s8_pts5-r0,7,16,eve,1286,-10674.0,-0.2502,0.9792,0.2201,530.0
s8_pts5-r0,7,16,asia,854,-17336.0,-0.5353,0.9487,0.2225,520.0
s8_pts5-r0,7,16,london,1391,-61044.0,-1.582,0.8868,0.2315,540.0
s8_pts5-r0,7,16,pre,787,-16218.0,-0.6089,0.942,0.2872,530.0
s8_pts5-r0,7,16,nyam,777,-24418.0,-1.1533,0.8977,0.3501,510.0
s8_pts5-r0,7,16,mid,1017,10012.0,0.4929,1.0425,0.4287,740.0
s8_pts5-r0,7,16,pm,986,-39044.0,-3.2501,0.751,0.4128,560.0
s8_pts5-r1,7,17,all,8186,-214384.0,-4.9985,0.8916,0.4785,740.0
s8_pts5-r1,7,17,eve,1568,-72962.0,-3.6563,0.8315,0.463,530.0
s8_pts5-r1,7,17,asia,902,-23318.0,-1.5373,0.9027,0.4834,510.0
s8_pts5-r1,7,17,london,1851,-35894.0,-1.6543,0.9259,0.49,540.0
s8_pts5-r1,7,17,pre,828,-20312.0,-1.4037,0.9068,0.4855,530.0
s8_pts5-r1,7,17,nyam,832,-20208.0,-1.4411,0.9029,0.488,510.0
s8_pts5-r1,7,17,mid,1147,1832.0,0.1229,1.0079,0.5126,740.0
s8_pts5-r1,7,17,pm,1058,-43522.0,-4.1207,0.7311,0.4272,560.0
s8_pts5-r2,7,18,all,7414,-187326.0,-3.4618,0.9143,0.364,740.0
s8_pts5-r2,7,18,eve,1371,-50314.0,-1.9469,0.8948,0.3209,530.0
s8_pts5-r2,7,18,asia,863,-32702.0,-1.6074,0.8904,0.3244,520.0
s8_pts5-r2,7,18,london,1547,-46648.0,-1.7149,0.9115,0.3303,540.0
s8_pts5-r2,7,18,pre,797,1582.0,0.0819,1.0062,0.3651,530.0
s8_pts5-r2,7,18,nyam,789,-20236.0,-1.1688,0.9124,0.3828,510.0
s8_pts5-r2,7,18,mid,1041,3386.0,0.195,1.0143,0.4419,740.0
s8_pts5-r2,7,18,pm,1006,-42394.0,-3.6868,0.736,0.4125,560.0
s8_pts5-r3,7,19,all,7231,-228434.0,-3.7408,0.8995,0.3226,740.0
s8_pts5-r3,7,19,eve,1336,-44724.0,-1.4752,0.9115,0.262,530.0
s8_pts5-r3,7,19,asia,856,-36564.0,-1.5324,0.8864,0.264,520.0
s8_pts5-r3,7,19,london,1453,-64442.0,-2.1072,0.8805,0.267,540.0
s8_pts5-r3,7,19,pre,788,-20852.0,-0.9683,0.9232,0.3096,530.0
s8_pts5-r3,7,19,nyam,781,-21004.0,-1.0978,0.9116,0.3572,510.0
s8_pts5-r3,7,19,mid,1024,-2466.0,-0.1357,0.9896,0.4277,740.0
s8_pts5-r3,7,19,pm,993,-38382.0,-3.1674,0.758,0.4109,560.0
s8_pts7-r0,7,20,all,6584,-170966.0,-1.9833,0.9331,0.3551,760.0
s8_pts7-r0,7,20,eve,1151,27466.0,0.5519,1.0476,0.2815,730.0
s8_pts7-r0,7,20,asia,828,-34922.0,-0.9797,0.9141,0.2899,760.0
s8_pts7-r0,7,20,london,1209,-72826.0,-1.7759,0.8755,0.2936,740.0
s8_pts7-r0,7,20,pre,755,-23620.0,-0.8134,0.9263,0.3603,720.0
s8_pts7-r0,7,20,nyam,748,-40222.0,-1.7304,0.852,0.4024,720.0
s8_pts7-r0,7,20,mid,956,10316.0,0.4835,1.0428,0.4655,740.0
s8_pts7-r0,7,20,pm,937,-37158.0,-2.9102,0.7605,0.428,710.0
s8_pts7-r1,7,21,all,7216,-191344.0,-3.5481,0.915,0.4831,760.0
s8_pts7-r1,7,21,eve,1323,-54492.0,-2.1368,0.8889,0.4777,720.0
s8_pts7-r1,7,21,asia,851,-19474.0,-0.9547,0.9363,0.4935,760.0
s8_pts7-r1,7,21,london,1488,-44772.0,-1.6614,0.917,0.4852,740.0
s8_pts7-r1,7,21,pre,781,-8684.0,-0.4552,0.9674,0.5045,720.0
s8_pts7-r1,7,21,nyam,779,-26266.0,-1.4803,0.894,0.4852,720.0
s8_pts7-r1,7,21,mid,1023,7348.0,0.423,1.0306,0.5103,740.0
s8_pts7-r1,7,21,pm,971,-45004.0,-3.8697,0.7205,0.4305,710.0
s8_pts7-r2,7,22,all,6746,-264694.0,-3.9857,0.8942,0.3848,760.0
s8_pts7-r2,7,22,eve,1208,-48432.0,-1.4681,0.9136,0.3377,720.0
s8_pts7-r2,7,22,asia,831,-42064.0,-1.5766,0.8887,0.349,760.0
s8_pts7-r2,7,22,london,1287,-77278.0,-2.3517,0.868,0.3395,740.0
s8_pts7-r2,7,22,pre,756,-17544.0,-0.7332,0.9427,0.3915,720.0
s8_pts7-r2,7,22,nyam,753,-40472.0,-1.9501,0.8504,0.4117,720.0
s8_pts7-r2,7,22,mid,965,-1370.0,-0.0715,0.9944,0.4674,740.0
s8_pts7-r2,7,22,pm,946,-37534.0,-2.9544,0.7625,0.4271,710.0
s8_pts7-r3,7,23,all,6643,-234472.0,-3.178,0.908,0.3635,760.0
s8_pts7-r3,7,23,eve,1175,-49060.0,-1.3122,0.9152,0.2945,730.0
s8_pts7-r3,7,23,asia,829,-55226.0,-1.8383,0.862,0.304,760.0
s8_pts7-r3,7,23,london,1235,-29480.0,-0.7868,0.9491,0.3158,740.0
s8_pts7-r3,7,23,pre,755,-30700.0,-1.1772,0.9037,0.3642,720.0
s8_pts7-r3,7,23,nyam,750,-41120.0,-1.8772,0.8485,0.4053,720.0
s8_pts7-r3,7,23,mid,960,9080.0,0.4444,1.0375,0.4656,740.0
s8_pts7-r3,7,23,pm,939,-37966.0,-2.9695,0.7573,0.4271,710.0
s8_pct0p1-r0,7,24,all,9087,-202628.0,-3.1554,0.8822,0.1676,390.0
s8_pct0p1-r0,7,24,eve,1851,-39514.0,-1.0743,0.8997,0.0902,360.0
s8_pct0p1-r0,7,24,asia,1045,-45580.0,-1.9616,0.7936,0.0909,350.0
s8_pct0p1-r0,7,24,london,1958,-39112.0,-1.1663,0.9033,0.1093,350.0
s8_pct0p1-r0,7,24,pre,854,-26056.0,-1.3039,0.8495,0.1253,390.0
s8_pct0p1-r0,7,24,nyam,860,-8690.0,-0.5099,0.9455,0.1907,370.0
s8_pct0p1-r0,7,24,mid,1319,-6986.0,-0.3958,0.9682,0.2729,350.0
s8_pct0p1-r0,7,24,pm,1200,-36690.0,-3.5584,0.7536,0.3467,350.0
s8_pct0p1-r1,7,25,all,11240,-279480.0,-11.777,0.7954,0.4621,390.0
s8_pct0p1-r1,7,25,eve,2428,-79092.0,-7.0508,0.7469,0.4477,360.0
s8_pct0p1-r1,7,25,asia,1227,-21508.0,-2.6927,0.8545,0.4849,350.0
s8_pct0p1-r1,7,25,london,2653,-57232.0,-4.8954,0.8237,0.4704,350.0
s8_pct0p1-r1,7,25,pre,921,-29544.0,-4.3008,0.7491,0.4463,390.0
s8_pct0p1-r1,7,25,nyam,933,-11162.0,-1.6088,0.898,0.4887,370.0
s8_pct0p1-r1,7,25,mid,1654,-28406.0,-3.0972,0.8553,0.4813,350.0
s8_pct0p1-r1,7,25,pm,1424,-52536.0,-6.961,0.6664,0.4221,350.0
s8_pct0p1-r2,7,26,all,10243,-272012.0,-8.7877,0.8281,0.3204,390.0
s8_pct0p1-r2,7,26,eve,2171,-89604.0,-6.2094,0.7525,0.2906,360.0
s8_pct0p1-r2,7,26,asia,1100,-33790.0,-3.2498,0.8111,0.3064,350.0
s8_pct0p1-r2,7,26,london,2437,-58628.0,-3.7626,0.8492,0.3114,360.0
s8_pct0p1-r2,7,26,pre,892,-21268.0,-2.2629,0.85,0.3117,390.0
s8_pct0p1-r2,7,26,nyam,902,-10888.0,-1.1359,0.9219,0.3304,370.0
s8_pct0p1-r2,7,26,mid,1459,-16416.0,-1.3874,0.9241,0.3544,350.0
s8_pct0p1-r2,7,26,pm,1282,-41418.0,-4.6824,0.7335,0.3604,350.0
s8_pct0p1-r3,7,27,all,9720,-239020.0,-6.6011,0.8542,0.2595,390.0
s8_pct0p1-r3,7,27,eve,2028,-74492.0,-4.376,0.799,0.2244,360.0
s8_pct0p1-r3,7,27,asia,1066,-30524.0,-2.4551,0.8405,0.2336,350.0
s8_pct0p1-r3,7,27,london,2256,-46944.0,-2.5588,0.8823,0.2385,350.0
s8_pct0p1-r3,7,27,pre,876,-14554.0,-1.2707,0.9048,0.2432,390.0
s8_pct0p1-r3,7,27,nyam,890,-7240.0,-0.625,0.9522,0.2596,370.0
s8_pct0p1-r3,7,27,mid,1375,-25620.0,-1.9297,0.8849,0.2953,350.0
s8_pct0p1-r3,7,27,pm,1229,-39646.0,-4.2135,0.7398,0.3499,350.0
s8_pct0p2-r0,7,28,all,7359,-158866.0,-2.0338,0.9292,0.275,740.0
s8_pct0p2-r0,7,28,eve,1373,5978.0,0.132,1.0118,0.1894,690.0
s8_pct0p2-r0,7,28,asia,885,-33250.0,-1.0817,0.8961,0.1864,690.0
s8_pct0p2-r0,7,28,london,1463,-52822.0,-1.3929,0.8987,0.2051,700.0
s8_pct0p2-r0,7,28,pre,798,-16502.0,-0.6344,0.9379,0.2519,700.0
s8_pct0p2-r0,7,28,nyam,795,-26760.0,-1.2645,0.8866,0.3119,690.0
s8_pct0p2-r0,7,28,mid,1048,6618.0,0.3283,1.0277,0.4218,740.0
s8_pct0p2-r0,7,28,pm,997,-42128.0,-3.5596,0.7323,0.4092,690.0
s8_pct0p2-r1,7,29,all,8741,-240964.0,-5.9414,0.8748,0.4774,700.0
s8_pct0p2-r1,7,29,eve,1751,-85564.0,-4.4572,0.8042,0.4603,700.0
s8_pct0p2-r1,7,29,asia,948,-25072.0,-1.803,0.8871,0.4842,690.0
s8_pct0p2-r1,7,29,london,2032,-39198.0,-1.9147,0.9167,0.4897,690.0
s8_pct0p2-r1,7,29,pre,848,-20102.0,-1.5386,0.8976,0.4823,700.0
s8_pct0p2-r1,7,29,nyam,853,-25872.0,-1.986,0.8697,0.476,690.0
s8_pct0p2-r1,7,29,mid,1220,4010.0,0.274,1.017,0.5254,690.0
s8_pct0p2-r1,7,29,pm,1089,-49166.0,-4.7316,0.7016,0.4197,690.0
s8_pct0p2-r2,7,30,all,7777,-147418.0,-2.8505,0.93,0.3604,740.0
s8_pct0p2-r2,7,30,eve,1484,-60996.0,-2.4793,0.8705,0.316,700.0
s8_pct0p2-r2,7,30,asia,896,-8704.0,-0.4597,0.9674,0.3382,690.0
s8_pct0p2-r2,7,30,london,1660,-3370.0,-0.129,0.9932,0.3422,690.0
s8_pct0p2-r2,7,30,pre,813,-13812.0,-0.7828,0.9424,0.3419,700.0
s8_pct0p2-r2,7,30,nyam,821,-18474.0,-1.0859,0.9196,0.3557,690.0
s8_pct0p2-r2,7,30,mid,1088,5648.0,0.3252,1.0233,0.4393,740.0
s8_pct0p2-r2,7,30,pm,1015,-47710.0,-4.2633,0.7037,0.4089,690.0
s8_pct0p2-r3,7,31,all,7515,-187690.0,-3.176,0.9145,0.3078,740.0
s8_pct0p2-r3,7,31,eve,1420,-20990.0,-0.7066,0.957,0.2549,700.0
s8_pct0p2-r3,7,31,asia,888,-31412.0,-1.4021,0.8953,0.2432,690.0
s8_pct0p2-r3,7,31,london,1543,-38892.0,-1.3,0.9249,0.2534,700.0
s8_pct0p2-r3,7,31,pre,801,-16494.0,-0.8081,0.9352,0.2859,700.0
s8_pct0p2-r3,7,31,nyam,800,-31560.0,-1.724,0.8651,0.3225,690.0
s8_pct0p2-r3,7,31,mid,1059,-3346.0,-0.1842,0.9862,0.423,740.0
s8_pct0p2-r3,7,31,pm,1004,-44996.0,-3.9103,0.7169,0.4074,690.0
s9_atr1p5-r0,8,0,all,7129,9674.0,0.1115,1.0041,0.3055,3880.0
s9_atr1p5-r0,8,0,eve,1465,39680.0,0.8085,1.0786,0.1747,3880.0
s9_atr1p5-r0,8,0,asia,907,-13508.0,-0.4157,0.9579,0.1863,2670.0
s9_atr1p5-r0,8,0,london,1388,-6902.0,-0.1579,0.9876,0.2428,2470.0
s9_atr1p5-r0,8,0,pre,785,16780.0,0.5621,1.0554,0.3287,2480.0
s9_atr1p5-r0,8,0,nyam,741,8386.0,0.3349,1.0323,0.4238,2690.0
s9_atr1p5-r0,8,0,mid,937,-7288.0,-0.3377,0.9698,0.4771,2710.0
s9_atr1p5-r0,8,0,pm,906,-27474.0,-2.0898,0.8102,0.4382,2560.0
s9_atr1p5-r1,8,1,all,8278,-167842.0,-3.0532,0.9209,0.4789,5880.0
s9_atr1p5-r1,8,1,eve,1940,-44510.0,-1.641,0.9029,0.4747,5880.0
s9_atr1p5-r1,8,1,asia,985,-18610.0,-1.1003,0.9202,0.4721,2130.0
s9_atr1p5-r1,8,1,london,1835,-63400.0,-2.3892,0.8823,0.4736,2470.0
s9_atr1p5-r1,8,1,pre,829,-3686.0,-0.1932,0.9852,0.4982,2480.0
s9_atr1p5-r1,8,1,nyam,787,15982.0,0.7828,1.0647,0.5146,2690.0
s9_atr1p5-r1,8,1,mid,972,-18268.0,-0.9526,0.9258,0.4918,2710.0
s9_atr1p5-r1,8,1,pm,930,-35350.0,-2.91,0.7622,0.4441,2560.0
s9_atr1p5-r2,8,2,all,7510,-76530.0,-1.133,0.9665,0.375,3880.0
s9_atr1p5-r2,8,2,eve,1671,-55604.0,-1.698,0.8906,0.3184,3880.0
s9_atr1p5-r2,8,2,asia,918,-22762.0,-1.0072,0.9195,0.3181,2670.0
s9_atr1p5-r2,8,2,london,1513,-6752.0,-0.2017,0.9877,0.3358,2470.0
s9_atr1p5-r2,8,2,pre,803,22368.0,0.8758,1.0763,0.3786,2480.0
s9_atr1p5-r2,8,2,nyam,747,26012.0,1.0793,1.1016,0.4404,2690.0
s9_atr1p5-r2,8,2,mid,943,-5242.0,-0.2449,0.9786,0.4783,2710.0
s9_atr1p5-r2,8,2,pm,915,-34550.0,-2.6776,0.77,0.4372,2560.0
s9_atr1p5-r3,8,3,all,7256,-27324.0,-0.3652,0.9881,0.339,3880.0
s9_atr1p5-r3,8,3,eve,1539,-12776.0,-0.3399,0.9743,0.258,3880.0
s9_atr1p5-r3,8,3,asia,908,-8792.0,-0.3215,0.971,0.25,2670.0
s9_atr1p5-r3,8,3,london,1427,-23568.0,-0.6396,0.9575,0.2761,2470.0
s9_atr1p5-r3,8,3,pre,792,40442.0,1.3993,1.1348,0.3485,2480.0
s9_atr1p5-r3,8,3,nyam,742,10752.0,0.4407,1.0416,0.4286,2690.0
s9_atr1p5-r3,8,3,mid,937,-4168.0,-0.1918,0.9827,0.4792,2710.0
s9_atr1p5-r3,8,3,pm,911,-29214.0,-2.2017,0.8025,0.438,2560.0
s9_atr3-r0,8,4,all,6233,-36812.0,-0.3714,0.9863,0.4037,7540.0
s9_atr3-r0,8,4,eve,1138,57208.0,1.0328,1.0951,0.3023,7540.0
s9_atr3-r0,8,4,asia,836,-5524.0,-0.1313,0.9877,0.3242,5210.0
s9_atr3-r0,8,4,london,1048,-34262.0,-0.7234,0.9428,0.3798,4950.0
s9_atr3-r0,8,4,pre,737,-9908.0,-0.2798,0.9738,0.4559,4960.0
s9_atr3-r0,8,4,nyam,707,-3168.0,-0.1124,0.9887,0.4823,4830.0
s9_atr3-r0,8,4,mid,891,-9674.0,-0.4352,0.9587,0.4893,4510.0
s9_atr3-r0,8,4,pm,876,-31484.0,-2.2075,0.7891,0.4452,4250.0
s9_atr3-r1,8,5,all,6585,-123920.0,-1.5597,0.9515,0.4849,7540.0
s9_atr3-r1,8,5,eve,1331,-51654.0,-1.3013,0.911,0.4831,7540.0
s9_atr3-r1,8,5,asia,847,-32588.0,-1.1236,0.9134,0.4782,5210.0
s9_atr3-r1,8,5,london,1158,-21422.0,-0.5539,0.963,0.487,4950.0
s9_atr3-r1,8,5,pre,757,2992.0,0.0953,1.0083,0.5152,4960.0
s9_atr3-r1,8,5,nyam,713,18528.0,0.6806,1.0678,0.5007,4830.0
s9_atr3-r1,8,5,mid,897,-4578.0,-0.2087,0.9805,0.4905,4510.0
s9_atr3-r1,8,5,pm,882,-35198.0,-2.5199,0.7686,0.4467,4250.0
s9_atr3-r2,8,6,all,6280,-90150.0,-1.0037,0.9661,0.4242,7540.0
s9_atr3-r2,8,6,eve,1169,21954.0,0.4778,1.038,0.3713,7540.0
s9_atr3-r2,8,6,asia,836,-28624.0,-0.7826,0.9345,0.3577,5210.0
s9_atr3-r2,8,6,london,1058,-48082.0,-1.0999,0.9201,0.3932,4950.0
s9_atr3-r2,8,6,pre,740,500.0,0.0144,1.0013,0.4635,4960.0
s9_atr3-r2,8,6,nyam,707,-918.0,-0.0327,0.9967,0.4837,4830.0
s9_atr3-r2,8,6,mid,891,-6864.0,-0.3071,0.9706,0.4905,4510.0
s9_atr3-r2,8,6,pm,879,-28116.0,-1.9089,0.8137,0.4471,4250.0
s9_atr3-r3,8,7,all,6240,-78530.0,-0.8351,0.9707,0.4091,7540.0
s9_atr3-r3,8,7,eve,1142,23112.0,0.4676,1.039,0.3231,7540.0
s9_atr3-r3,8,7,asia,836,-9944.0,-0.2498,0.9777,0.3337,5210.0
s9_atr3-r3,8,7,london,1050,-39610.0,-0.8674,0.9339,0.3819,4950.0
s9_atr3-r3,8,7,pre,737,-9978.0,-0.2838,0.9736,0.4559,4960.0
s9_atr3-r3,8,7,nyam,707,-4198.0,-0.1497,0.9851,0.4823,4830.0
s9_atr3-r3,8,7,mid,891,-6254.0,-0.2794,0.9732,0.4905,4510.0
s9_atr3-r3,8,7,pm,877,-31658.0,-2.1747,0.7901,0.4447,4250.0
s9_pts2-r0,8,8,all,9097,-201358.0,-3.3347,0.8744,0.1587,320.0
s9_pts2-r0,8,8,eve,1831,-24614.0,-0.7317,0.931,0.0912,230.0
s9_pts2-r0,8,8,asia,1045,-6220.0,-0.2397,0.9692,0.0976,240.0
s9_pts2-r0,8,8,london,1993,-54052.0,-1.7308,0.8596,0.0983,220.0
s9_pts2-r0,8,8,pre,863,-22872.0,-1.268,0.8586,0.1263,320.0
s9_pts2-r0,8,8,nyam,867,-27108.0,-1.7431,0.826,0.1522,290.0
s9_pts2-r0,8,8,mid,1310,-37220.0,-2.597,0.8194,0.2458,230.0
s9_pts2-r0,8,8,pm,1188,-29272.0,-3.0044,0.7847,0.3502,240.0
s9_pts2-r1,8,9,all,11164,-308176.0,-14.4932,0.7586,0.4523,320.0
s9_pts2-r1,8,9,eve,2434,-75746.0,-7.5233,0.7377,0.4466,230.0
s9_pts2-r1,8,9,asia,1209,-33396.0,-4.6993,0.7635,0.4549,240.0
s9_pts2-r1,8,9,london,2626,-68644.0,-6.552,0.7747,0.4585,220.0
s9_pts2-r1,8,9,pre,930,-21510.0,-3.4384,0.7982,0.4667,320.0
s9_pts2-r1,8,9,nyam,926,-33644.0,-5.4291,0.7008,0.4341,290.0
s9_pts2-r1,8,9,mid,1627,-36028.0,-4.392,0.8038,0.4677,230.0
s9_pts2-r1,8,9,pm,1412,-39208.0,-5.7974,0.7185,0.4334,240.0
s9_pts2-r2,8,10,all,10268,-246922.0,-8.8785,0.8304,0.3224,320.0
s9_pts2-r2,8,10,eve,2175,-65880.0,-5.0412,0.7977,0.3016,230.0
s9_pts2-r2,8,10,asia,1101,-28464.0,-3.0408,0.8255,0.3088,240.0
s9_pts2-r2,8,10,london,2432,-54908.0,-3.9294,0.8464,0.3141,300.0
s9_pts2-r2,8,10,pre,911,-11844.0,-1.3649,0.9096,0.3304,320.0
s9_pts2-r2,8,10,nyam,914,-28616.0,-3.3888,0.7909,0.302,290.0
s9_pts2-r2,8,10,mid,1463,-26482.0,-2.5174,0.8696,0.3383,230.0
s9_pts2-r2,8,10,pm,1272,-30728.0,-3.8817,0.7787,0.3758,240.0
s9_pts2-r3,8,11,all,9751,-239314.0,-7.387,0.8423,0.2571,320.0
s9_pts2-r3,8,11,eve,2019,-45496.0,-2.9384,0.8623,0.2368,230.0
s9_pts2-r3,8,11,asia,1068,-25112.0,-2.2354,0.8564,0.236,240.0
s9_pts2-r3,8,11,london,2281,-68164.0,-4.2007,0.8194,0.2275,220.0
s9_pts2-r3,8,11,pre,893,-19902.0,-1.9324,0.8637,0.2385,320.0
s9_pts2-r3,8,11,nyam,899,-20856.0,-2.0377,0.857,0.2403,290.0
s9_pts2-r3,8,11,mid,1370,-26740.0,-2.2635,0.8694,0.2854,230.0
s9_pts2-r3,8,11,pm,1221,-33044.0,-3.9373,0.7606,0.3587,240.0
s9_pts3-r0,8,12,all,8152,-168258.0,-2.4513,0.9124,0.216,430.0
s9_pts3-r0,8,12,eve,1572,19662.0,0.4944,1.0465,0.1425,350.0
s9_pts3-r0,8,12,asia,951,-7384.0,-0.2663,0.971,0.1451,330.0
s9_pts3-r0,8,12,london,1751,-67184.0,-1.9047,0.8572,0.1428,340.0
s9_pts3-r0,8,12,pre,832,-18988.0,-0.8968,0.9099,0.1875,430.0
s9_pts3-r0,8,12,nyam,824,-33946.0,-1.95,0.8261,0.2257,330.0
s9_pts3-r0,8,12,mid,1166,-38124.0,-2.4027,0.8343,0.3293,330.0
s9_pts3-r0,8,12,pm,1056,-22294.0,-2.0899,0.8377,0.4006,340.0
s9_pts3-r1,8,13,all,9914,-252776.0,-8.5717,0.8395,0.4699,430.0
s9_pts3-r1,8,13,eve,2083,-49382.0,-3.5483,0.856,0.4762,350.0
s9_pts3-r1,8,13,asia,1059,-30176.0,-3.043,0.8295,0.4684,330.0
s9_pts3-r1,8,13,london,2375,-81690.0,-5.5117,0.7978,0.4585,340.0
s9_pts3-r1,8,13,pre,902,-15718.0,-1.7137,0.8921,0.4867,430.0
s9_pts3-r1,8,13,nyam,896,-25414.0,-2.7923,0.8296,0.4676,330.0
s9_pts3-r1,8,13,mid,1403,-20212.0,-1.8235,0.9056,0.4932,310.0
s9_pts3-r1,8,13,pm,1196,-30184.0,-3.6552,0.7868,0.4448,340.0
s9_pts3-r2,8,14,all,8901,-238484.0,-6.3019,0.866,0.3351,430.0
s9_pts3-r2,8,14,eve,1785,-42270.0,-2.3565,0.8893,0.3193,350.0
s9_pts3-r2,8,14,asia,977,-19858.0,-1.4926,0.9044,0.3234,330.0
s9_pts3-r2,8,14,london,2071,-93944.0,-4.9712,0.7951,0.2955,340.0
s9_pts3-r2,8,14,pre,870,-15770.0,-1.2575,0.9141,0.3287,430.0
s9_pts3-r2,8,14,nyam,865,-20240.0,-1.6569,0.8875,0.3295,330.0
s9_pts3-r2,8,14,mid,1237,-20568.0,-1.5246,0.9096,0.3759,310.0
s9_pts3-r2,8,14,pm,1096,-25834.0,-2.7589,0.8161,0.4097,340.0
s9_pts3-r3,8,15,all,8523,-225302.0,-5.1292,0.8783,0.2778,430.0
s9_pts3-r3,8,15,eve,1668,-37402.0,-1.7699,0.9059,0.2422,350.0
s9_pts3-r3,8,15,asia,963,-28402.0,-1.7859,0.8769,0.2368,330.0
s9_pts3-r3,8,15,london,1926,-80454.0,-3.6447,0.8277,0.2279,340.0
s9_pts3-r3,8,15,pre,852,-6738.0,-0.4455,0.9657,0.2629,430.0
s9_pts3-r3,8,15,nyam,849,-19356.0,-1.3596,0.8981,0.2709,330.0
s9_pts3-r3,8,15,mid,1195,-26780.0,-1.8226,0.8842,0.3439,320.0
s9_pts3-r3,8,15,pm,1070,-26170.0,-2.6727,0.8117,0.4037,340.0
s9_pts5-r0,8,16,all,7072,-79608.0,-0.9909,0.9653,0.3008,540.0
s9_pts5-r0,8,16,eve,1287,46442.0,0.995,1.0904,0.2183,540.0
s9_pts5-r0,8,16,asia,856,-21384.0,-0.672,0.9363,0.2266,520.0
s9_pts5-r0,8,16,london,1404,-60656.0,-1.53,0.89,0.2244,540.0
s9_pts5-r0,8,16,pre,778,29708.0,1.0912,1.111,0.3098,540.0
s9_pts5-r0,8,16,nyam,770,-18750.0,-0.8787,0.9215,0.3416,510.0
s9_pts5-r0,8,16,mid,1017,-33588.0,-1.8014,0.8634,0.41,510.0
s9_pts5-r0,8,16,pm,960,-21380.0,-1.773,0.8497,0.4333,540.0
s9_pts5-r1,8,17,all,8168,-179152.0,-4.1797,0.9084,0.4831,540.0
s9_pts5-r1,8,17,eve,1589,-52856.0,-2.6276,0.8765,0.4764,540.0
s9_pts5-r1,8,17,asia,898,-29402.0,-1.9435,0.8783,0.4766,520.0
s9_pts5-r1,8,17,london,1854,-54776.0,-2.5235,0.8893,0.479,540.0
s9_pts5-r1,8,17,pre,835,-1450.0,-0.1,0.9931,0.5078,540.0
s9_pts5-r1,8,17,nyam,835,-970.0,-0.0686,0.9952,0.5078,510.0
s9_pts5-r1,8,17,mid,1132,-15988.0,-1.0873,0.9325,0.4956,510.0
s9_pts5-r1,8,17,pm,1025,-23710.0,-2.3021,0.8361,0.4527,540.0
s9_pts5-r2,8,18,all,7413,-183392.0,-3.3794,0.9163,0.3634,540.0
s9_pts5-r2,8,18,eve,1384,-31016.0,-1.183,0.935,0.328,540.0
s9_pts5-r2,8,18,asia,868,-32612.0,-1.5957,0.8916,0.3214,520.0
s9_pts5-r2,8,18,london,1554,-73086.0,-2.7029,0.8647,0.3179,540.0
s9_pts5-r2,8,18,pre,799,8274.0,0.4246,1.0328,0.3692,540.0
s9_pts5-r2,8,18,nyam,792,-1028.0,-0.0574,0.9955,0.3876,510.0
s9_pts5-r2,8,18,mid,1039,-30226.0,-1.8056,0.8774,0.4216,510.0
s9_pts5-r2,8,18,pm,977,-23698.0,-2.0926,0.8369,0.4371,540.0
s9_pts5-r3,8,19,all,7207,-125388.0,-2.0119,0.9444,0.3265,540.0
s9_pts5-r3,8,19,eve,1332,-348.0,-0.0111,0.9993,0.2725,540.0
s9_pts5-r3,8,19,asia,859,-36416.0,-1.5271,0.8871,0.2619,520.0
s9_pts5-r3,8,19,london,1461,-71724.0,-2.3251,0.8695,0.2601,540.0
s9_pts5-r3,8,19,pre,785,31960.0,1.392,1.1227,0.3338,540.0
s9_pts5-r3,8,19,nyam,775,4960.0,0.2473,1.0213,0.3613,510.0
s9_pts5-r3,8,19,mid,1025,-31110.0,-1.7503,0.8743,0.4127,510.0
s9_pts5-r3,8,19,pm,970,-22710.0,-1.9108,0.8435,0.433,540.0
s9_pts7-r0,8,20,all,6569,-86686.0,-0.9943,0.9659,0.357,860.0
s9_pts7-r0,8,20,eve,1149,29284.0,0.5923,1.0509,0.2846,720.0
s9_pts7-r0,8,20,asia,839,-23056.0,-0.6375,0.9439,0.2908,710.0
s9_pts7-r0,8,20,london,1216,-26584.0,-0.6181,0.9539,0.3076,860.0
s9_pts7-r0,8,20,pre,763,8658.0,0.2951,1.0274,0.3748,750.0
s9_pts7-r0,8,20,nyam,736,-14774.0,-0.6168,0.9443,0.394,720.0
s9_pts7-r0,8,20,mid,952,-38258.0,-1.9008,0.8494,0.4401,720.0
s9_pts7-r0,8,20,pm,914,-21956.0,-1.7245,0.8456,0.4431,710.0
s9_pts7-r1,8,21,all,7217,-182498.0,-3.3842,0.9187,0.4823,750.0
s9_pts7-r1,8,21,eve,1328,-52222.0,-2.0445,0.8936,0.4797,720.0
s9_pts7-r1,8,21,asia,862,-30288.0,-1.4772,0.9038,0.4803,710.0
s9_pts7-r1,8,21,london,1488,-43292.0,-1.6122,0.9192,0.4845,740.0
s9_pts7-r1,8,21,pre,801,-1494.0,-0.0775,0.9944,0.5094,750.0
s9_pts7-r1,8,21,nyam,782,962.0,0.0537,1.004,0.5,710.0
s9_pts7-r1,8,21,mid,1009,-29976.0,-1.7576,0.8811,0.4767,720.0
s9_pts7-r1,8,21,pm,947,-26188.0,-2.2826,0.8211,0.453,710.0
s9_pts7-r2,8,22,all,6713,-135612.0,-2.0153,0.9449,0.3907,860.0
s9_pts7-r2,8,22,eve,1194,-27656.0,-0.8384,0.9494,0.3484,720.0
s9_pts7-r2,8,22,asia,842,-36408.0,-1.3443,0.9053,0.342,710.0
s9_pts7-r2,8,22,london,1278,-29172.0,-0.878,0.9484,0.3599,860.0
s9_pts7-r2,8,22,pre,771,18716.0,0.751,1.0617,0.4086,750.0
s9_pts7-r2,8,22,nyam,742,4732.0,0.217,1.0184,0.4178,720.0
s9_pts7-r2,8,22,mid,962,-40238.0,-2.1479,0.843,0.4428,720.0
s9_pts7-r2,8,22,pm,924,-25586.0,-2.0483,0.8259,0.4416,710.0
s9_pts7-r3,8,23,all,6626,-170104.0,-2.2832,0.9329,0.3646,860.0
s9_pts7-r3,8,23,eve,1167,-28528.0,-0.7574,0.9499,0.3033,720.0
s9_pts7-r3,8,23,asia,841,-62054.0,-2.0573,0.8486,0.2949,710.0
s9_pts7-r3,8,23,london,1238,-25652.0,-0.6893,0.9555,0.3223,860.0
s9_pts7-r3,8,23,pre,767,17912.0,0.646,1.057,0.382,750.0
s9_pts7-r3,8,23,nyam,736,-9564.0,-0.4171,0.9636,0.3995,720.0
s9_pts7-r3,8,23,mid,957,-38448.0,-1.9787,0.8495,0.441,720.0
s9_pts7-r3,8,23,pm,920,-23770.0,-1.8493,0.8366,0.4413,710.0
s9_pct0p1-r0,8,24,all,8977,-196908.0,-3.0704,0.8842,0.1658,370.0
s9_pct0p1-r0,8,24,eve,1803,1138.0,0.0298,1.003,0.0982,370.0
s9_pct0p1-r0,8,24,asia,1030,-26580.0,-1.0939,0.8758,0.1,360.0
s9_pct0p1-r0,8,24,london,1973,-53052.0,-1.5919,0.8709,0.1044,350.0
s9_pct0p1-r0,8,24,pre,859,-15356.0,-0.7977,0.91,0.1362,350.0
s9_pct0p1-r0,8,24,nyam,862,-25868.0,-1.6007,0.8426,0.1636,350.0
s9_pct0p1-r0,8,24,mid,1300,-53330.0,-3.5837,0.7633,0.2492,340.0
s9_pct0p1-r0,8,24,pm,1150,-23860.0,-2.3416,0.8252,0.3652,360.0
s9_pct0p1-r1,8,25,all,11139,-299506.0,-12.6832,0.7807,0.4554,370.0
s9_pct0p1-r1,8,25,eve,2441,-76764.0,-6.8307,0.7543,0.4482,370.0
s9_pct0p1-r1,8,25,asia,1202,-29598.0,-3.7666,0.8011,0.4626,350.0
s9_pct0p1-r1,8,25,london,2635,-75500.0,-6.4873,0.7728,0.4558,350.0
s9_pct0p1-r1,8,25,pre,932,-14858.0,-2.1514,0.866,0.4828,350.0
s9_pct0p1-r1,8,25,nyam,927,-24728.0,-3.5929,0.7863,0.4552,350.0
s9_pct0p1-r1,8,25,mid,1626,-40274.0,-4.3808,0.8004,0.4649,350.0
s9_pct0p1-r1,8,25,pm,1376,-37784.0,-5.1097,0.7378,0.4317,360.0
s9_pct0p1-r2,8,26,all,10167,-236278.0,-7.6202,0.8484,0.3236,370.0
s9_pct0p1-r2,8,26,eve,2156,-62154.0,-4.2263,0.8224,0.3033,370.0
s9_pct0p1-r2,8,26,asia,1085,-23660.0,-2.269,0.8625,0.3143,350.0
s9_pct0p1-r2,8,26,london,2442,-51618.0,-3.2955,0.8668,0.3165,350.0
s9_pct0p1-r2,8,26,pre,906,-7874.0,-0.8222,0.9432,0.3355,350.0
s9_pct0p1-r2,8,26,nyam,913,-18922.0,-1.9832,0.8683,0.3143,350.0
s9_pct0p1-r2,8,26,mid,1440,-42910.0,-3.6968,0.8096,0.325,350.0
s9_pct0p1-r2,8,26,pm,1225,-29140.0,-3.3921,0.7941,0.378,360.0
s9_pct0p1-r3,8,27,all,9628,-251162.0,-6.9789,0.8457,0.2565,370.0
s9_pct0p1-r3,8,27,eve,1990,-48690.0,-2.8109,0.8636,0.2342,370.0
s9_pct0p1-r3,8,27,asia,1046,-22454.0,-1.8031,0.8783,0.238,360.0
s9_pct0p1-r3,8,27,london,2277,-75488.0,-4.1725,0.8161,0.224,350.0
s9_pct0p1-r3,8,27,pre,890,1060.0,0.0899,1.007,0.2629,350.0
s9_pct0p1-r3,8,27,nyam,898,-25192.0,-2.2276,0.8407,0.2339,350.0
s9_pct0p1-r3,8,27,mid,1353,-51872.0,-4.0571,0.7731,0.2712,350.0
s9_pct0p1-r3,8,27,pm,1174,-28526.0,-3.1448,0.7944,0.3697,360.0
s9_pct0p2-r0,8,28,all,7380,-139540.0,-1.7757,0.9379,0.2729,710.0
s9_pct0p2-r0,8,28,eve,1358,45388.0,0.992,1.0917,0.1951,700.0
s9_pct0p2-r0,8,28,asia,887,-17798.0,-0.567,0.944,0.195,710.0
s9_pct0p2-r0,8,28,london,1500,-81620.0,-2.0976,0.8499,0.1933,700.0
s9_pct0p2-r0,8,28,pre,802,3442.0,0.1335,1.0133,0.2606,690.0
s9_pct0p2-r0,8,28,nyam,796,-34564.0,-1.6848,0.8545,0.294,690.0
s9_pct0p2-r0,8,28,mid,1051,-27874.0,-1.4692,0.8871,0.3996,690.0
s9_pct0p2-r0,8,28,pm,986,-26514.0,-2.277,0.8176,0.429,690.0
s9_pct0p2-r1,8,29,all,8743,-184512.0,-4.545,0.9027,0.4797,700.0
s9_pct0p2-r1,8,29,eve,1754,-40106.0,-2.0773,0.9034,0.4818,700.0
s9_pct0p2-r1,8,29,asia,941,-21054.0,-1.516,0.9038,0.4803,690.0
s9_pct0p2-r1,8,29,london,2050,-50450.0,-2.4561,0.8949,0.481,700.0
s9_pct0p2-r1,8,29,pre,865,-12820.0,-0.9738,0.9346,0.4879,690.0
s9_pct0p2-r1,8,29,nyam,868,-10622.0,-0.8076,0.9453,0.485,690.0
s9_pct0p2-r1,8,29,mid,1203,-20392.0,-1.399,0.9167,0.4929,690.0
s9_pct0p2-r1,8,29,pm,1062,-29068.0,-2.8684,0.8035,0.4473,690.0
s9_pct0p2-r2,8,30,all,7791,-220724.0,-4.2898,0.8963,0.3492,710.0
s9_pct0p2-r2,8,30,eve,1464,-34136.0,-1.3816,0.9249,0.3231,700.0
s9_pct0p2-r2,8,30,asia,897,-27458.0,-1.4579,0.9,0.3177,710.0
s9_pct0p2-r2,8,30,london,1703,-93512.0,-3.6579,0.8262,0.3024,700.0
s9_pct0p2-r2,8,30,pre,825,2710.0,0.1495,1.0114,0.3467,690.0
s9_pct0p2-r2,8,30,nyam,819,-16726.0,-0.9795,0.9266,0.3443,690.0
s9_pct0p2-r2,8,30,mid,1077,-24278.0,-1.4474,0.9019,0.4141,690.0
s9_pct0p2-r2,8,30,pm,1006,-27324.0,-2.4252,0.8162,0.4314,690.0
s9_pct0p2-r3,8,31,all,7528,-179732.0,-3.0256,0.9181,0.3042,710.0
s9_pct0p2-r3,8,31,eve,1401,-5734.0,-0.1931,0.9879,0.2562,700.0
s9_pct0p2-r3,8,31,asia,890,-28000.0,-1.2323,0.9071,0.2416,710.0
s9_pct0p2-r3,8,31,london,1567,-82288.0,-2.8017,0.8469,0.2387,700.0
s9_pct0p2-r3,8,31,pre,813,6828.0,0.3189,1.027,0.2903,690.0
s9_pct0p2-r3,8,31,nyam,805,-15990.0,-0.8397,0.9316,0.313,690.0
s9_pct0p2-r3,8,31,mid,1058,-29102.0,-1.6474,0.8825,0.4026,690.0
s9_pct0p2-r3,8,31,pm,994,-25446.0,-2.1924,0.8266,0.4306,690.0
s10_atr1p5-r0,9,0,all,7148,-96792.0,-1.133,0.9592,0.2988,3860.0
s10_atr1p5-r0,9,0,eve,1477,50342.0,1.0698,1.1018,0.1814,3860.0
s10_atr1p5-r0,9,0,asia,913,9638.0,0.2756,1.0311,0.1939,1850.0
s10_atr1p5-r0,9,0,london,1407,-24718.0,-0.5763,0.9565,0.2345,2550.0
s10_atr1p5-r0,9,0,pre,764,-42636.0,-1.522,0.8641,0.288,2480.0
s10_atr1p5-r0,9,0,nyam,753,-51532.0,-2.0937,0.8266,0.3984,2690.0
s10_atr1p5-r0,9,0,mid,934,-23316.0,-1.0951,0.9072,0.4732,2580.0
s10_atr1p5-r0,9,0,pm,900,-14570.0,-1.1004,0.8917,0.4433,2560.0
s10_atr1p5-r1,9,1,all,8332,-148088.0,-2.6695,0.9305,0.4808,5590.0
s10_atr1p5-r1,9,1,eve,1975,-47650.0,-1.735,0.8984,0.4729,5590.0
s10_atr1p5-r1,9,1,asia,1003,5558.0,0.3343,1.0252,0.5065,2470.0
s10_atr1p5-r1,9,1,london,1866,-17314.0,-0.642,0.9671,0.4807,2470.0
s10_atr1p5-r1,9,1,pre,794,-24906.0,-1.3383,0.9006,0.4748,2480.0
s10_atr1p5-r1,9,1,nyam,786,-39654.0,-1.9191,0.856,0.4784,2690.0
s10_atr1p5-r1,9,1,mid,983,-18872.0,-0.9513,0.9269,0.4985,2580.0
s10_atr1p5-r1,9,1,pm,925,-5250.0,-0.4246,0.9602,0.4584,2560.0
s10_atr1p5-r2,9,2,all,7496,-92694.0,-1.3868,0.9593,0.3754,3860.0
s10_atr1p5-r2,9,2,eve,1667,25612.0,0.7744,1.0537,0.3455,3860.0
s10_atr1p5-r2,9,2,asia,930,21710.0,0.9495,1.0824,0.343,1850.0
s10_atr1p5-r2,9,2,london,1530,-21340.0,-0.6401,0.9616,0.3294,2550.0
s10_atr1p5-r2,9,2,pre,771,-32234.0,-1.3379,0.8927,0.3359,2480.0
s10_atr1p5-r2,9,2,nyam,758,-46972.0,-1.97,0.8415,0.405,2690.0
s10_atr1p5-r2,9,2,mid,935,-27510.0,-1.334,0.8904,0.4749,2580.0
s10_atr1p5-r2,9,2,pm,905,-11960.0,-0.935,0.9107,0.4475,2560.0
s10_atr1p5-r3,9,3,all,7274,-79836.0,-1.064,0.9657,0.3346,3860.0
s10_atr1p5-r3,9,3,eve,1549,28864.0,0.768,1.0598,0.2699,3860.0
s10_atr1p5-r3,9,3,asia,918,15458.0,0.5519,1.0531,0.2647,1850.0
s10_atr1p5-r3,9,3,london,1450,-17890.0,-0.4711,0.9683,0.2717,2550.0
s10_atr1p5-r3,9,3,pre,765,-27490.0,-1.0024,0.9111,0.302,2480.0
s10_atr1p5-r3,9,3,nyam,754,-45156.0,-1.8141,0.8477,0.4005,2690.0
s10_atr1p5-r3,9,3,mid,934,-24726.0,-1.1732,0.9014,0.4743,2580.0
s10_atr1p5-r3,9,3,pm,904,-8896.0,-0.6728,0.9337,0.4458,2560.0
s10_atr3-r0,9,4,all,6221,-138114.0,-1.4138,0.9492,0.4009,7710.0
s10_atr3-r0,9,4,eve,1124,44644.0,0.8162,1.0759,0.3052,7710.0
s10_atr3-r0,9,4,asia,836,-27304.0,-0.6739,0.9379,0.3278,3690.0
s10_atr3-r0,9,4,london,1053,-6112.0,-0.1292,0.9897,0.3894,4960.0
s10_atr3-r0,9,4,pre,720,-52820.0,-1.5484,0.8625,0.4292,4960.0
s10_atr3-r0,9,4,nyam,713,-53992.0,-1.9221,0.8306,0.4628,3450.0
s10_atr3-r0,9,4,mid,892,-30238.0,-1.3282,0.8825,0.4888,3770.0
s10_atr3-r0,9,4,pm,883,-12292.0,-0.8648,0.9096,0.4439,4250.0
s10_atr3-r1,9,5,all,6568,-123062.0,-1.5557,0.9517,0.4883,7710.0
s10_atr3-r1,9,5,eve,1317,3342.0,0.0828,1.0061,0.5034,7710.0
s10_atr3-r1,9,5,asia,853,-6172.0,-0.2194,0.9828,0.4947,3690.0
s10_atr3-r1,9,5,london,1168,13048.0,0.3368,1.023,0.5086,4960.0
s10_atr3-r1,9,5,pre,730,-34650.0,-1.145,0.9044,0.4877,4960.0
s10_atr3-r1,9,5,nyam,718,-50032.0,-1.823,0.8428,0.4694,3450.0
s10_atr3-r1,9,5,mid,893,-36792.0,-1.6642,0.8572,0.4882,3770.0
s10_atr3-r1,9,5,pm,889,-11806.0,-0.883,0.9123,0.4488,4250.0
s10_atr3-r2,9,6,all,6279,-114716.0,-1.2665,0.9571,0.4228,7710.0
s10_atr3-r2,9,6,eve,1159,14204.0,0.3028,1.0248,0.3676,7710.0
s10_atr3-r2,9,6,asia,839,-10216.0,-0.2826,0.9759,0.3695,3690.0
s10_atr3-r2,9,6,london,1070,14500.0,0.321,1.0246,0.414,4960.0
s10_atr3-r2,9,6,pre,720,-41540.0,-1.2186,0.8908,0.4361,4960.0
s10_atr3-r2,9,6,nyam,713,-53232.0,-1.8912,0.833,0.4628,3450.0
s10_atr3-r2,9,6,mid,892,-33028.0,-1.4817,0.8717,0.4888,3770.0
s10_atr3-r2,9,6,pm,886,-5404.0,-0.3764,0.9598,0.447,4250.0
s10_atr3-r3,9,7,all,6237,-125428.0,-1.319,0.9538,0.4069,7710.0
s10_atr3-r3,9,7,eve,1136,37466.0,0.733,1.0641,0.3275,7710.0
s10_atr3-r3,9,7,asia,837,-10248.0,-0.2563,0.9765,0.3381,3690.0
s10_atr3-r3,9,7,london,1056,-3514.0,-0.0756,0.9941,0.3939,4960.0
s10_atr3-r3,9,7,pre,720,-51540.0,-1.5057,0.8659,0.4292,4960.0
s10_atr3-r3,9,7,nyam,713,-53602.0,-1.9051,0.8319,0.4628,3450.0
s10_atr3-r3,9,7,mid,892,-30818.0,-1.3619,0.8803,0.4888,3770.0
s10_atr3-r3,9,7,pm,883,-13172.0,-0.9431,0.9031,0.4439,4250.0
s10_pts2-r0,9,8,all,9172,-275628.0,-4.8465,0.8298,0.1568,270.0
s10_pts2-r0,9,8,eve,1828,-23452.0,-0.7046,0.934,0.0925,230.0
s10_pts2-r0,9,8,asia,1051,-50854.0,-2.4487,0.751,0.0923,240.0
s10_pts2-r0,9,8,london,2008,-79772.0,-2.7928,0.7943,0.0971,220.0
s10_pts2-r0,9,8,pre,856,-29464.0,-1.6209,0.8202,0.1063,270.0
s10_pts2-r0,9,8,nyam,861,-20934.0,-1.4104,0.8632,0.1649,230.0
s10_pts2-r0,9,8,mid,1360,-44090.0,-2.9979,0.7967,0.2426,220.0
s10_pts2-r0,9,8,pm,1208,-27062.0,-2.5433,0.805,0.3427,240.0
s10_pts2-r1,9,9,all,11263,-283342.0,-13.2505,0.7775,0.4586,270.0
s10_pts2-r1,9,9,eve,2434,-64016.0,-6.3471,0.7734,0.4581,230.0
s10_pts2-r1,9,9,asia,1228,-23942.0,-3.3333,0.8268,0.4748,240.0
s10_pts2-r1,9,9,london,2636,-69074.0,-6.5816,0.7742,0.4583,220.0
s10_pts2-r1,9,9,pre,912,-29188.0,-4.729,0.7316,0.4452,270.0
s10_pts2-r1,9,9,nyam,940,-21620.0,-3.4445,0.7988,0.466,220.0
s10_pts2-r1,9,9,mid,1680,-38320.0,-4.5909,0.7989,0.4673,230.0
s10_pts2-r1,9,9,pm,1433,-37182.0,-5.437,0.7349,0.4396,240.0
s10_pts2-r2,9,10,all,10374,-236456.0,-8.4314,0.8391,0.3234,270.0
s10_pts2-r2,9,10,eve,2181,-60814.0,-4.6323,0.8126,0.3054,230.0
s10_pts2-r2,9,10,asia,1119,-17036.0,-1.7791,0.8946,0.3262,240.0
s10_pts2-r2,9,10,london,2465,-43320.0,-3.0597,0.8789,0.3221,220.0
s10_pts2-r2,9,10,pre,890,-20770.0,-2.4554,0.8418,0.3135,270.0
s10_pts2-r2,9,10,nyam,918,-23892.0,-2.8051,0.8237,0.3094,230.0
s10_pts2-r2,9,10,mid,1509,-40966.0,-3.8785,0.81,0.3247,230.0
s10_pts2-r2,9,10,pm,1292,-29658.0,-3.635,0.7926,0.3692,240.0
s10_pts2-r3,9,11,all,9851,-245764.0,-7.5553,0.8399,0.2562,270.0
s10_pts2-r3,9,11,eve,2034,-57366.0,-3.7318,0.8291,0.2296,230.0
s10_pts2-r3,9,11,asia,1078,-13842.0,-1.2032,0.9203,0.2486,240.0
s10_pts2-r3,9,11,london,2293,-64042.0,-3.9228,0.8306,0.2298,220.0
s10_pts2-r3,9,11,pre,875,-19290.0,-1.8883,0.8653,0.2377,270.0
s10_pts2-r3,9,11,nyam,896,-25184.0,-2.5056,0.8271,0.2377,230.0
s10_pts2-r3,9,11,mid,1428,-36762.0,-3.0761,0.8307,0.2794,230.0
s10_pts2-r3,9,11,pm,1247,-29278.0,-3.377,0.7926,0.3545,240.0
s10_pts3-r0,9,12,all,8173,-220542.0,-3.3318,0.8858,0.2136,740.0
s10_pts3-r0,9,12,eve,1570,1500.0,0.0396,1.0035,0.1395,350.0
s10_pts3-r0,9,12,asia,961,-24954.0,-0.9467,0.9027,0.1488,320.0
s10_pts3-r0,9,12,london,1748,-71772.0,-2.1245,0.8469,0.143,340.0
s10_pts3-r0,9,12,pre,825,-40890.0,-1.9726,0.8109,0.1612,430.0
s10_pts3-r0,9,12,nyam,829,-28626.0,-1.6974,0.8529,0.2328,310.0
s10_pts3-r0,9,12,mid,1188,-33082.0,-2.0223,0.8582,0.335,740.0
s10_pts3-r0,9,12,pm,1052,-22718.0,-2.0038,0.8362,0.3897,320.0
s10_pts3-r1,9,13,all,10040,-265620.0,-8.9426,0.8342,0.4669,430.0
s10_pts3-r1,9,13,eve,2104,-61996.0,-4.4378,0.8242,0.4667,350.0
s10_pts3-r1,9,13,asia,1086,-16524.0,-1.6434,0.905,0.4899,310.0
s10_pts3-r1,9,13,london,2419,-54766.0,-3.6519,0.862,0.4779,340.0
s10_pts3-r1,9,13,pre,885,-30710.0,-3.3882,0.7965,0.4588,430.0
s10_pts3-r1,9,13,nyam,911,-37644.0,-4.1225,0.7611,0.4457,310.0
s10_pts3-r1,9,13,mid,1430,-34860.0,-3.1144,0.8459,0.4706,320.0
s10_pts3-r1,9,13,pm,1205,-29120.0,-3.4726,0.7978,0.4423,320.0
s10_pts3-r2,9,14,all,8955,-208060.0,-5.4593,0.8832,0.3385,740.0
s10_pts3-r2,9,14,eve,1804,-58126.0,-3.2501,0.8515,0.3099,350.0
s10_pts3-r2,9,14,asia,992,-1248.0,-0.0916,0.9939,0.3438,310.0
s10_pts3-r2,9,14,london,2080,-52640.0,-2.7236,0.882,0.3178,340.0
s10_pts3-r2,9,14,pre,846,-22614.0,-1.8401,0.8753,0.3191,430.0
s10_pts3-r2,9,14,nyam,866,-29694.0,-2.458,0.8379,0.3164,310.0
s10_pts3-r2,9,14,mid,1272,-24238.0,-1.7806,0.8967,0.3758,740.0
s10_pts3-r2,9,14,pm,1095,-19500.0,-2.0394,0.8609,0.4091,320.0
s10_pts3-r3,9,15,all,8579,-197506.0,-4.4602,0.8937,0.2799,740.0
s10_pts3-r3,9,15,eve,1701,-40404.0,-1.896,0.9004,0.2404,350.0
s10_pts3-r3,9,15,asia,976,-2584.0,-0.1567,0.9886,0.2592,310.0
s10_pts3-r3,9,15,london,1924,-50026.0,-2.2213,0.8909,0.2401,340.0
s10_pts3-r3,9,15,pre,837,-30758.0,-2.1245,0.8456,0.2401,430.0
s10_pts3-r3,9,15,nyam,845,-27900.0,-1.9984,0.8541,0.2639,310.0
s10_pts3-r3,9,15,mid,1223,-24662.0,-1.6559,0.8954,0.3491,740.0
s10_pts3-r3,9,15,pm,1073,-21172.0,-2.0959,0.8491,0.397,320.0
s10_pts5-r0,9,16,all,7068,-187012.0,-2.455,0.9186,0.2992,740.0
s10_pts5-r0,9,16,eve,1261,12316.0,0.2926,1.0248,0.226,540.0
s10_pts5-r0,9,16,asia,874,-42526.0,-1.403,0.8749,0.2357,520.0
s10_pts5-r0,9,16,london,1403,-41572.0,-1.0404,0.9243,0.2245,530.0
s10_pts5-r0,9,16,pre,773,-27072.0,-1.0768,0.9034,0.2704,530.0
s10_pts5-r0,9,16,nyam,781,-29664.0,-1.4846,0.8786,0.3457,540.0
s10_pts5-r0,9,16,mid,1022,-40738.0,-2.2169,0.8372,0.409,740.0
s10_pts5-r0,9,16,pm,954,-17756.0,-1.4528,0.8705,0.4319,560.0
s10_pts5-r1,9,17,all,8176,-131274.0,-3.0572,0.9323,0.4887,740.0
s10_pts5-r1,9,17,eve,1578,-24842.0,-1.2381,0.9395,0.4937,540.0
s10_pts5-r1,9,17,asia,929,2164.0,0.1405,1.0093,0.5113,510.0
s10_pts5-r1,9,17,london,1858,-32472.0,-1.4922,0.9331,0.4919,530.0
s10_pts5-r1,9,17,pre,812,-14868.0,-1.0394,0.9293,0.4901,530.0
s10_pts5-r1,9,17,nyam,837,-15498.0,-1.0933,0.926,0.4922,540.0
s10_pts5-r1,9,17,mid,1144,-30596.0,-2.0575,0.8773,0.4825,740.0
s10_pts5-r1,9,17,pm,1018,-15162.0,-1.4819,0.8912,0.4578,560.0
s10_pts5-r2,9,18,all,7425,-147280.0,-2.7078,0.9324,0.3675,740.0
s10_pts5-r2,9,18,eve,1379,-13956.0,-0.531,0.9702,0.3379,540.0
s10_pts5-r2,9,18,asia,888,-4272.0,-0.2031,0.9856,0.3435,520.0
s10_pts5-r2,9,18,london,1557,-40588.0,-1.481,0.9234,0.3308,530.0
s10_pts5-r2,9,18,pre,784,-27486.0,-1.4668,0.8935,0.338,530.0
s10_pts5-r2,9,18,nyam,796,-12274.0,-0.6911,0.9477,0.3844,540.0
s10_pts5-r2,9,18,mid,1045,-34850.0,-2.0739,0.8613,0.423,740.0
s10_pts5-r2,9,18,pm,976,-13854.0,-1.2303,0.9,0.4406,560.0
s10_pts5-r3,9,19,all,7210,-161030.0,-2.6071,0.9287,0.3255,740.0
s10_pts5-r3,9,19,eve,1315,560.0,0.0182,1.0012,0.2783,540.0
s10_pts5-r3,9,19,asia,878,-13832.0,-0.5664,0.957,0.2802,520.0
s10_pts5-r3,9,19,london,1466,-62494.0,-2.0188,0.8858,0.2626,530.0
s10_pts5-r3,9,19,pre,775,-22700.0,-1.0462,0.9165,0.2955,530.0
s10_pts5-r3,9,19,nyam,783,-8032.0,-0.4022,0.9668,0.3563,540.0
s10_pts5-r3,9,19,mid,1031,-43354.0,-2.4951,0.8282,0.4103,740.0
s10_pts5-r3,9,19,pm,962,-11178.0,-0.9341,0.9186,0.4356,560.0
s10_pts7-r0,9,20,all,6547,-146838.0,-1.7411,0.9418,0.3589,760.0
s10_pts7-r0,9,20,eve,1111,41166.0,0.8953,1.0766,0.3069,730.0
s10_pts7-r0,9,20,asia,849,-15806.0,-0.4263,0.9611,0.3062,760.0
s10_pts7-r0,9,20,london,1222,-38278.0,-0.911,0.9343,0.2987,730.0
s10_pts7-r0,9,20,pre,747,-38928.0,-1.3862,0.8803,0.3387,720.0
s10_pts7-r0,9,20,nyam,751,-51454.0,-2.3012,0.8191,0.3941,730.0
s10_pts7-r0,9,20,mid,954,-31106.0,-1.5645,0.8762,0.4549,740.0
s10_pts7-r0,9,20,pm,913,-12432.0,-0.9414,0.9094,0.4392,710.0
s10_pts7-r1,9,21,all,7209,-118266.0,-2.1918,0.9466,0.4909,760.0
s10_pts7-r1,9,21,eve,1306,-9904.0,-0.3906,0.9785,0.4992,720.0
s10_pts7-r1,9,21,asia,879,-7326.0,-0.3529,0.9764,0.4994,760.0
s10_pts7-r1,9,21,london,1508,-19002.0,-0.7018,0.9643,0.4973,730.0
s10_pts7-r1,9,21,pre,767,-18678.0,-0.9904,0.9296,0.4928,720.0
s10_pts7-r1,9,21,nyam,782,-31528.0,-1.7517,0.8768,0.4859,730.0
s10_pts7-r1,9,21,mid,1020,-19440.0,-1.1246,0.9227,0.499,740.0
s10_pts7-r1,9,21,pm,947,-12388.0,-1.0953,0.9101,0.4551,710.0
s10_pts7-r2,9,22,all,6724,-155516.0,-2.3202,0.9369,0.3916,760.0
s10_pts7-r2,9,22,eve,1178,-8992.0,-0.2741,0.9831,0.3582,720.0
s10_pts7-r2,9,22,asia,854,-9506.0,-0.3463,0.9748,0.3607,760.0
s10_pts7-r2,9,22,london,1296,-38914.0,-1.1681,0.9323,0.3534,730.0
s10_pts7-r2,9,22,pre,751,-32604.0,-1.3684,0.8956,0.3715,720.0
s10_pts7-r2,9,22,nyam,755,-28390.0,-1.302,0.8984,0.4119,730.0
s10_pts7-r2,9,22,mid,967,-30738.0,-1.6407,0.8788,0.4602,740.0
s10_pts7-r2,9,22,pm,923,-6372.0,-0.5019,0.9536,0.4442,710.0
s10_pts7-r3,9,23,all,6615,-165260.0,-2.2299,0.9344,0.3672,760.0
s10_pts7-r3,9,23,eve,1139,15624.0,0.4143,1.0289,0.3213,730.0
s10_pts7-r3,9,23,asia,852,-31678.0,-1.0363,0.921,0.3181,760.0
s10_pts7-r3,9,23,london,1249,-32066.0,-0.8598,0.9449,0.3155,730.0
s10_pts7-r3,9,23,pre,749,-34386.0,-1.3054,0.8933,0.3471,720.0
s10_pts7-r3,9,23,nyam,751,-45864.0,-2.0449,0.8387,0.3941,730.0
s10_pts7-r3,9,23,mid,956,-30334.0,-1.569,0.8793,0.4561,740.0
s10_pts7-r3,9,23,pm,919,-6556.0,-0.4943,0.9523,0.4418,710.0
s10_pct0p1-r0,9,24,all,9028,-273952.0,-4.5404,0.8401,0.1637,360.0
s10_pct0p1-r0,9,24,eve,1797,-6608.0,-0.1867,0.9824,0.1007,360.0
s10_pct0p1-r0,9,24,asia,1033,-55832.0,-2.5676,0.7422,0.0949,350.0
s10_pct0p1-r0,9,24,london,1965,-78420.0,-2.5178,0.8092,0.1008,350.0
s10_pct0p1-r0,9,24,pre,852,-35918.0,-1.9261,0.7937,0.108,350.0
s10_pct0p1-r0,9,24,nyam,862,-23638.0,-1.531,0.8558,0.174,360.0
s10_pct0p1-r0,9,24,mid,1336,-42994.0,-2.7764,0.8119,0.2582,340.0
s10_pct0p1-r0,9,24,pm,1183,-30542.0,-2.807,0.7867,0.35,360.0
s10_pct0p1-r1,9,25,all,11232,-280878.0,-11.8423,0.7944,0.4612,360.0
s10_pct0p1-r1,9,25,eve,2446,-64464.0,-5.7258,0.7896,0.4599,360.0
s10_pct0p1-r1,9,25,asia,1214,-23336.0,-2.9408,0.8416,0.4778,350.0
s10_pct0p1-r1,9,25,london,2653,-65952.0,-5.6311,0.8001,0.4621,350.0
s10_pct0p1-r1,9,25,pre,911,-25534.0,-3.7599,0.7758,0.4544,350.0
s10_pct0p1-r1,9,25,nyam,941,-23264.0,-3.3568,0.8,0.4655,360.0
s10_pct0p1-r1,9,25,mid,1666,-43474.0,-4.7242,0.7891,0.4658,340.0
s10_pct0p1-r1,9,25,pm,1401,-34854.0,-4.6139,0.7622,0.4433,360.0
s10_pct0p1-r2,9,26,all,10272,-223778.0,-7.1667,0.8576,0.3252,360.0
s10_pct0p1-r2,9,26,eve,2178,-52552.0,-3.5416,0.8497,0.3118,360.0
s10_pct0p1-r2,9,26,asia,1101,-16354.0,-1.5435,0.9051,0.327,350.0
s10_pct0p1-r2,9,26,london,2457,-45388.0,-2.8761,0.883,0.3203,350.0
s10_pct0p1-r2,9,26,pre,885,-11830.0,-1.2542,0.9134,0.3243,350.0
s10_pct0p1-r2,9,26,nyam,919,-26226.0,-2.7755,0.8218,0.3047,360.0
s10_pct0p1-r2,9,26,mid,1476,-41594.0,-3.5522,0.8193,0.3259,340.0
s10_pct0p1-r2,9,26,pm,1256,-29834.0,-3.3686,0.7977,0.371,360.0
s10_pct0p1-r3,9,27,all,9716,-208824.0,-5.7393,0.8719,0.2615,360.0
s10_pct0p1-r3,9,27,eve,2022,-46598.0,-2.6653,0.8712,0.2364,360.0
s10_pct0p1-r3,9,27,asia,1057,-8518.0,-0.6683,0.9535,0.2545,350.0
s10_pct0p1-r3,9,27,london,2270,-39510.0,-2.132,0.9012,0.2432,350.0
s10_pct0p1-r3,9,27,pre,870,-22000.0,-1.9604,0.8565,0.2299,350.0
s10_pct0p1-r3,9,27,nyam,894,-23276.0,-2.0677,0.8515,0.2394,360.0
s10_pct0p1-r3,9,27,mid,1388,-39442.0,-3.0145,0.8284,0.2831,340.0
s10_pct0p1-r3,9,27,pm,1215,-29480.0,-3.1264,0.7977,0.358,360.0
s10_pct0p2-r0,9,28,all,7416,-227854.0,-2.9717,0.8998,0.2685,740.0
s10_pct0p2-r0,9,28,eve,1355,14370.0,0.3327,1.0291,0.1911,690.0
s10_pct0p2-r0,9,28,asia,895,-32660.0,-1.0276,0.8985,0.2011,690.0
s10_pct0p2-r0,9,28,london,1526,-69454.0,-1.7709,0.8744,0.1907,700.0
s10_pct0p2-r0,9,28,pre,796,-34034.0,-1.3755,0.8729,0.2286,690.0
s10_pct0p2-r0,9,28,nyam,799,-46976.0,-2.4415,0.8072,0.2979,690.0
s10_pct0p2-r0,9,28,mid,1069,-40596.0,-2.2185,0.8401,0.3985,740.0
s10_pct0p2-r0,9,28,pm,976,-18504.0,-1.5189,0.8668,0.4252,690.0
s10_pct0p2-r1,9,29,all,8793,-193252.0,-4.7465,0.8991,0.479,700.0
s10_pct0p2-r1,9,29,eve,1770,-37700.0,-1.9485,0.9095,0.4842,690.0
s10_pct0p2-r1,9,29,asia,964,-14776.0,-1.0497,0.9332,0.4948,700.0
s10_pct0p2-r1,9,29,london,2071,-58624.0,-2.8379,0.8802,0.4766,700.0
s10_pct0p2-r1,9,29,pre,844,-10966.0,-0.8485,0.942,0.487,690.0
s10_pct0p2-r1,9,29,nyam,870,-29560.0,-2.2451,0.8555,0.4678,690.0
s10_pct0p2-r1,9,29,mid,1223,-30112.0,-2.0538,0.8819,0.4841,690.0
s10_pct0p2-r1,9,29,pm,1051,-11514.0,-1.1302,0.9172,0.4577,690.0
s10_pct0p2-r2,9,30,all,7829,-192166.0,-3.7189,0.9097,0.3529,740.0
s10_pct0p2-r2,9,30,eve,1484,-34406.0,-1.3766,0.9255,0.3214,700.0
s10_pct0p2-r2,9,30,asia,908,1048.0,0.0546,1.0039,0.3458,690.0
s10_pct0p2-r2,9,30,london,1710,-49100.0,-1.8758,0.9065,0.3187,700.0
s10_pct0p2-r2,9,30,pre,810,-26630.0,-1.5286,0.8897,0.321,690.0
s10_pct0p2-r2,9,30,nyam,819,-35436.0,-2.1147,0.8501,0.3394,690.0
s10_pct0p2-r2,9,30,mid,1103,-34272.0,-2.0412,0.8667,0.4125,740.0
s10_pct0p2-r2,9,30,pm,995,-13370.0,-1.1899,0.9037,0.4362,690.0
s10_pct0p2-r3,9,31,all,7573,-250812.0,-4.2557,0.8873,0.2994,740.0
s10_pct0p2-r3,9,31,eve,1410,-21740.0,-0.7327,0.9549,0.2475,690.0
s10_pct0p2-r3,9,31,asia,899,-40366.0,-1.8148,0.868,0.2436,690.0
s10_pct0p2-r3,9,31,london,1600,-76380.0,-2.5563,0.8605,0.2387,700.0
s10_pct0p2-r3,9,31,pre,800,-27630.0,-1.3565,0.8925,0.265,690.0
s10_pct0p2-r3,9,31,nyam,803,-36662.0,-1.9787,0.8482,0.3088,690.0
s10_pct0p2-r3,9,31,mid,1077,-35688.0,-2.0327,0.8596,0.403,740.0
s10_pct0p2-r3,9,31,pm,984,-12346.0,-1.0417,0.9109,0.4299,690.0
