unit,side,cell,dead,trades,net,t
rsi2-NQ-tf30|eve|,all,th5_atr1p5-r0,False,425,13600.0,0.342
rsi2-NQ-tf30|eve|,all,th5_atr1p5-r1,False,448,13868.0,0.825
rsi2-NQ-tf30|eve|,all,th5_atr1p5-r2,False,435,38155.0,1.613
rsi2-NQ-tf30|eve|,all,th5_atr1p5-r3,False,430,41605.0,1.462
rsi2-NQ-tf30|eve|,all,th5_atr3-r0,False,370,68870.0,1.309
rsi2-NQ-tf30|eve|,all,th5_atr3-r1,False,378,70183.0,2.359
rsi2-NQ-tf30|eve|,all,th5_atr3-r2,False,371,57126.0,1.444
rsi2-NQ-tf30|eve|,all,th5_atr3-r3,False,370,59860.0,1.304
rsi2-NQ-tf30|eve|,all,th5_pts10-r0,False,571,18756.0,0.666
rsi2-NQ-tf30|eve|,all,th5_pts10-r1,False,605,-2265.0,-0.454
rsi2-NQ-tf30|eve|,all,th5_pts10-r2,False,595,3725.0,0.526
rsi2-NQ-tf30|eve|,all,th5_pts10-r3,False,591,16361.0,1.832
rsi2-NQ-tf30|eve|,all,th5_pts20-r0,False,480,30830.0,0.901
rsi2-NQ-tf30|eve|,all,th5_pts20-r1,False,505,12355.0,1.368
rsi2-NQ-tf30|eve|,all,th5_pts20-r2,False,500,26760.0,2.039
rsi2-NQ-tf30|eve|,all,th5_pts20-r3,False,493,34193.0,2.095
rsi2-NQ-tf30|eve|,all,th5_pts30-r0,False,429,40994.0,1.039
rsi2-NQ-tf30|eve|,all,th5_pts30-r1,False,451,28931.0,2.274
rsi2-NQ-tf30|eve|,all,th5_pts30-r2,False,441,38951.0,2.11
rsi2-NQ-tf30|eve|,all,th5_pts30-r3,False,436,42786.0,1.876
rsi2-NQ-tf30|eve|,all,th5_pts45-r0,False,394,12599.0,0.301
rsi2-NQ-tf30|eve|,all,th5_pts45-r1,False,409,28124.0,1.546
rsi2-NQ-tf30|eve|,all,th5_pts45-r2,False,400,41700.0,1.604
rsi2-NQ-tf30|eve|,all,th5_pts45-r3,False,398,59693.0,1.866
rsi2-NQ-tf30|eve|,all,th5_pct0p1-r0,False,530,24435.0,0.777
rsi2-NQ-tf30|eve|,all,th5_pct0p1-r1,False,564,2709.0,0.407
rsi2-NQ-tf30|eve|,all,th5_pct0p1-r2,False,551,11706.0,1.232
rsi2-NQ-tf30|eve|,all,th5_pct0p1-r3,False,550,19125.0,1.613
rsi2-NQ-tf30|eve|,all,th5_pct0p2-r0,False,441,38436.0,0.993
rsi2-NQ-tf30|eve|,all,th5_pct0p2-r1,False,463,21773.0,1.818
rsi2-NQ-tf30|eve|,all,th5_pct0p2-r2,False,455,42660.0,2.451
rsi2-NQ-tf30|eve|,all,th5_pct0p2-r3,False,453,45643.0,2.118
rsi2-NQ-tf30|eve|,all,th10_atr1p5-r0,False,595,61435.0,1.23
rsi2-NQ-tf30|eve|,all,th10_atr1p5-r1,False,681,22341.0,1.084
rsi2-NQ-tf30|eve|,all,th10_atr1p5-r2,False,625,57620.0,2.022
rsi2-NQ-tf30|eve|,all,th10_atr1p5-r3,False,605,62540.0,1.841
rsi2-NQ-tf30|eve|,all,th10_atr3-r0,False,505,101020.0,1.613
rsi2-NQ-tf30|eve|,all,th10_atr3-r1,False,530,69420.0,1.93
rsi2-NQ-tf30|eve|,all,th10_atr3-r2,False,509,64794.0,1.392
rsi2-NQ-tf30|eve|,all,th10_atr3-r3,False,506,69466.0,1.307
rsi2-NQ-tf30|eve|,all,th10_pts10-r0,False,826,68976.0,1.892
rsi2-NQ-tf30|eve|,all,th10_pts10-r1,False,938,943.0,0.152
rsi2-NQ-tf30|eve|,all,th10_pts10-r2,False,916,5491.0,0.625
rsi2-NQ-tf30|eve|,all,th10_pts10-r3,False,897,19902.0,1.821
rsi2-NQ-tf30|eve|,all,th10_pts20-r0,False,676,96336.0,2.163
rsi2-NQ-tf30|eve|,all,th10_pts20-r1,False,775,16195.0,1.447
rsi2-NQ-tf30|eve|,all,th10_pts20-r2,False,734,37034.0,2.333
rsi2-NQ-tf30|eve|,all,th10_pts20-r3,False,706,54561.0,2.781
rsi2-NQ-tf30|eve|,all,th10_pts30-r0,False,596,81926.0,1.686
rsi2-NQ-tf30|eve|,all,th10_pts30-r1,False,678,21953.0,1.401
rsi2-NQ-tf30|eve|,all,th10_pts30-r2,False,629,41794.0,1.907
rsi2-NQ-tf30|eve|,all,th10_pts30-r3,False,612,63582.0,2.344
rsi2-NQ-tf30|eve|,all,th10_pts45-r0,False,543,57663.0,1.123
rsi2-NQ-tf30|eve|,all,th10_pts45-r1,False,590,35040.0,1.602
rsi2-NQ-tf30|eve|,all,th10_pts45-r2,False,557,62117.0,2.02
rsi2-NQ-tf30|eve|,all,th10_pts45-r3,False,549,84349.0,2.247
rsi2-NQ-tf30|eve|,all,th10_pct0p1-r0,False,762,74657.0,1.88
rsi2-NQ-tf30|eve|,all,th10_pct0p1-r1,False,872,3332.0,0.403
rsi2-NQ-tf30|eve|,all,th10_pct0p1-r2,False,836,16231.0,1.393
rsi2-NQ-tf30|eve|,all,th10_pct0p1-r3,False,813,30573.0,2.123
rsi2-NQ-tf30|eve|,all,th10_pct0p2-r0,False,608,80723.0,1.698
rsi2-NQ-tf30|eve|,all,th10_pct0p2-r1,False,692,14037.0,0.958
rsi2-NQ-tf30|eve|,all,th10_pct0p2-r2,False,643,46228.0,2.259
rsi2-NQ-tf30|eve|,all,th10_pct0p2-r3,False,633,68433.0,2.686
rsi2-NQ-tf30|eve|,all,th15_atr1p5-r0,False,681,98071.0,1.786
rsi2-NQ-tf30|eve|,all,th15_atr1p5-r1,False,842,22672.0,0.98
rsi2-NQ-tf30|eve|,all,th15_atr1p5-r2,False,724,79539.0,2.556
rsi2-NQ-tf30|eve|,all,th15_atr1p5-r3,False,692,88482.0,2.384
rsi2-NQ-tf30|eve|,all,th15_atr3-r0,False,572,166272.0,2.46
rsi2-NQ-tf30|eve|,all,th15_atr3-r1,False,610,116645.0,3.008
rsi2-NQ-tf30|eve|,all,th15_atr3-r2,False,577,101702.0,2.022
rsi2-NQ-tf30|eve|,all,th15_atr3-r3,False,573,108393.0,1.869
rsi2-NQ-tf30|eve|,all,th15_pts10-r0,False,1007,125267.0,2.887
rsi2-NQ-tf30|eve|,all,th15_pts10-r1,False,1230,940.0,0.132
rsi2-NQ-tf30|eve|,all,th15_pts10-r2,False,1183,11248.0,1.123
rsi2-NQ-tf30|eve|,all,th15_pts10-r3,False,1142,26512.0,2.148
rsi2-NQ-tf30|eve|,all,th15_pts20-r0,False,796,129971.0,2.619
rsi2-NQ-tf30|eve|,all,th15_pts20-r1,False,994,26384.0,2.084
rsi2-NQ-tf30|eve|,all,th15_pts20-r2,False,906,49736.0,2.815
rsi2-NQ-tf30|eve|,all,th15_pts20-r3,False,850,67785.0,3.144
rsi2-NQ-tf30|eve|,all,th15_pts30-r0,False,694,147344.0,2.686
rsi2-NQ-tf30|eve|,all,th15_pts30-r1,False,849,35859.0,2.047
rsi2-NQ-tf30|eve|,all,th15_pts30-r2,False,753,63718.0,2.644
rsi2-NQ-tf30|eve|,all,th15_pts30-r3,False,720,81950.0,2.773
rsi2-NQ-tf30|eve|,all,th15_pts45-r0,False,624,110159.0,1.941
rsi2-NQ-tf30|eve|,all,th15_pts45-r1,False,710,50470.0,2.106
rsi2-NQ-tf30|eve|,all,th15_pts45-r2,False,647,82447.0,2.476
rsi2-NQ-tf30|eve|,all,th15_pts45-r3,False,632,132442.0,3.22
rsi2-NQ-tf30|eve|,all,th15_pct0p1-r0,False,914,121224.0,2.657
rsi2-NQ-tf30|eve|,all,th15_pct0p1-r1,False,1130,11735.0,1.255
rsi2-NQ-tf30|eve|,all,th15_pct0p1-r2,False,1060,24590.0,1.883
rsi2-NQ-tf30|eve|,all,th15_pct0p1-r3,False,1011,45916.0,2.855
rsi2-NQ-tf30|eve|,all,th15_pct0p2-r0,False,714,142624.0,2.66
rsi2-NQ-tf30|eve|,all,th15_pct0p2-r1,False,874,27224.0,1.669
rsi2-NQ-tf30|eve|,all,th15_pct0p2-r2,False,782,63192.0,2.808
rsi2-NQ-tf30|eve|,all,th15_pct0p2-r3,False,754,92584.0,3.324
rsi2-NQ-tf30|eve|,adx_hi,th5_atr1p5-r0,False,189,-3981.0,-0.149
rsi2-NQ-tf30|eve|,adx_hi,th5_atr1p5-r1,False,199,12999.0,1.038
rsi2-NQ-tf30|eve|,adx_hi,th5_atr1p5-r2,False,191,18161.0,1.06
rsi2-NQ-tf30|eve|,adx_hi,th5_atr1p5-r3,False,190,15145.0,0.734
rsi2-NQ-tf30|eve|,adx_hi,th5_atr3-r0,False,174,42809.0,1.064
rsi2-NQ-tf30|eve|,adx_hi,th5_atr3-r1,False,176,33771.0,1.507
rsi2-NQ-tf30|eve|,adx_hi,th5_atr3-r2,False,174,21544.0,0.723
rsi2-NQ-tf30|eve|,adx_hi,th5_atr3-r3,False,174,46289.0,1.266
rsi2-NQ-tf30|eve|,adx_hi,th5_pts10-r0,False,258,-22242.0,-1.908
rsi2-NQ-tf30|eve|,adx_hi,th5_pts10-r1,False,272,-2273.0,-0.678
rsi2-NQ-tf30|eve|,adx_hi,th5_pts10-r2,False,267,-253.0,-0.054
rsi2-NQ-tf30|eve|,adx_hi,th5_pts10-r3,False,264,5889.0,0.992
rsi2-NQ-tf30|eve|,adx_hi,th5_pts20-r0,False,219,15694.0,0.679
rsi2-NQ-tf30|eve|,adx_hi,th5_pts20-r1,False,227,10177.0,1.688
rsi2-NQ-tf30|eve|,adx_hi,th5_pts20-r2,False,224,19204.0,2.159
rsi2-NQ-tf30|eve|,adx_hi,th5_pts20-r3,False,222,23112.0,2.067
rsi2-NQ-tf30|eve|,adx_hi,th5_pts30-r0,False,198,10348.0,0.41
rsi2-NQ-tf30|eve|,adx_hi,th5_pts30-r1,False,207,24527.0,2.885
rsi2-NQ-tf30|eve|,adx_hi,th5_pts30-r2,False,202,29367.0,2.32
rsi2-NQ-tf30|eve|,adx_hi,th5_pts30-r3,False,200,19640.0,1.273
rsi2-NQ-tf30|eve|,adx_hi,th5_pts45-r0,False,186,891.0,0.032
rsi2-NQ-tf30|eve|,adx_hi,th5_pts45-r1,False,191,25981.0,2.108
rsi2-NQ-tf30|eve|,adx_hi,th5_pts45-r2,False,187,20647.0,1.161
rsi2-NQ-tf30|eve|,adx_hi,th5_pts45-r3,False,187,19497.0,0.904
rsi2-NQ-tf30|eve|,adx_hi,th5_pct0p1-r0,False,238,-14097.0,-0.859
rsi2-NQ-tf30|eve|,adx_hi,th5_pct0p1-r1,False,250,2215.0,0.493
rsi2-NQ-tf30|eve|,adx_hi,th5_pct0p1-r2,False,243,4583.0,0.717
rsi2-NQ-tf30|eve|,adx_hi,th5_pct0p1-r3,False,243,10163.0,1.263
rsi2-NQ-tf30|eve|,adx_hi,th5_pct0p2-r0,False,200,5395.0,0.223
rsi2-NQ-tf30|eve|,adx_hi,th5_pct0p2-r1,False,208,18833.0,2.338
rsi2-NQ-tf30|eve|,adx_hi,th5_pct0p2-r2,False,205,29690.0,2.481
rsi2-NQ-tf30|eve|,adx_hi,th5_pct0p2-r3,False,203,20643.0,1.423
rsi2-NQ-tf30|eve|,adx_hi,th10_atr1p5-r0,False,260,26275.0,0.733
rsi2-NQ-tf30|eve|,adx_hi,th10_atr1p5-r1,False,297,22737.0,1.458
rsi2-NQ-tf30|eve|,adx_hi,th10_atr1p5-r2,False,269,29414.0,1.387
rsi2-NQ-tf30|eve|,adx_hi,th10_atr1p5-r3,False,261,22796.0,0.912
rsi2-NQ-tf30|eve|,adx_hi,th10_atr3-r0,False,229,66929.0,1.374
rsi2-NQ-tf30|eve|,adx_hi,th10_atr3-r1,False,237,28627.0,1.035
rsi2-NQ-tf30|eve|,adx_hi,th10_atr3-r2,False,230,21855.0,0.614
rsi2-NQ-tf30|eve|,adx_hi,th10_atr3-r3,False,229,47679.0,1.136
rsi2-NQ-tf30|eve|,adx_hi,th10_pts10-r0,False,372,1147.0,0.057
rsi2-NQ-tf30|eve|,adx_hi,th10_pts10-r1,False,428,723.0,0.172
rsi2-NQ-tf30|eve|,adx_hi,th10_pts10-r2,False,414,-176.0,-0.03
rsi2-NQ-tf30|eve|,adx_hi,th10_pts10-r3,False,404,7154.0,0.98
rsi2-NQ-tf30|eve|,adx_hi,th10_pts20-r0,False,307,68547.0,2.09
rsi2-NQ-tf30|eve|,adx_hi,th10_pts20-r1,False,349,16599.0,2.224
rsi2-NQ-tf30|eve|,adx_hi,th10_pts20-r2,False,326,25646.0,2.397
rsi2-NQ-tf30|eve|,adx_hi,th10_pts20-r3,False,318,35168.0,2.621
rsi2-NQ-tf30|eve|,adx_hi,th10_pts30-r0,False,269,37674.0,1.133
rsi2-NQ-tf30|eve|,adx_hi,th10_pts30-r1,False,304,28064.0,2.702
rsi2-NQ-tf30|eve|,adx_hi,th10_pts30-r2,False,284,31769.0,2.132
rsi2-NQ-tf30|eve|,adx_hi,th10_pts30-r3,False,276,29166.0,1.6
rsi2-NQ-tf30|eve|,adx_hi,th10_pts45-r0,False,247,31827.0,0.88
rsi2-NQ-tf30|eve|,adx_hi,th10_pts45-r1,False,265,39915.0,2.758
rsi2-NQ-tf30|eve|,adx_hi,th10_pts45-r2,False,253,33338.0,1.602
rsi2-NQ-tf30|eve|,adx_hi,th10_pts45-r3,False,249,29494.0,1.179
rsi2-NQ-tf30|eve|,adx_hi,th10_pct0p1-r0,False,345,21555.0,0.874
rsi2-NQ-tf30|eve|,adx_hi,th10_pct0p1-r1,False,392,4362.0,0.781
rsi2-NQ-tf30|eve|,adx_hi,th10_pct0p1-r2,False,376,8676.0,1.099
rsi2-NQ-tf30|eve|,adx_hi,th10_pct0p1-r3,False,364,22169.0,2.236
rsi2-NQ-tf30|eve|,adx_hi,th10_pct0p2-r0,False,272,35307.0,1.091
rsi2-NQ-tf30|eve|,adx_hi,th10_pct0p2-r1,False,306,18421.0,1.891
rsi2-NQ-tf30|eve|,adx_hi,th10_pct0p2-r2,False,287,32637.0,2.346
rsi2-NQ-tf30|eve|,adx_hi,th10_pct0p2-r3,False,281,28296.0,1.668
rsi2-NQ-tf30|eve|,adx_hi,th15_atr1p5-r0,False,289,37564.0,0.983
rsi2-NQ-tf30|eve|,adx_hi,th15_atr1p5-r1,False,359,28224.0,1.641
rsi2-NQ-tf30|eve|,adx_hi,th15_atr1p5-r2,False,304,46399.0,2.022
rsi2-NQ-tf30|eve|,adx_hi,th15_atr1p5-r3,False,291,34141.0,1.268
rsi2-NQ-tf30|eve|,adx_hi,th15_atr3-r0,False,252,95837.0,1.883
rsi2-NQ-tf30|eve|,adx_hi,th15_atr3-r1,False,265,56515.0,1.921
rsi2-NQ-tf30|eve|,adx_hi,th15_atr3-r2,False,254,51179.0,1.327
rsi2-NQ-tf30|eve|,adx_hi,th15_atr3-r3,False,252,73472.0,1.626
rsi2-NQ-tf30|eve|,adx_hi,th15_pts10-r0,False,451,19916.0,0.795
rsi2-NQ-tf30|eve|,adx_hi,th15_pts10-r1,False,558,168.0,0.035
rsi2-NQ-tf30|eve|,adx_hi,th15_pts10-r2,False,531,1856.0,0.278
rsi2-NQ-tf30|eve|,adx_hi,th15_pts10-r3,False,511,8816.0,1.075
rsi2-NQ-tf30|eve|,adx_hi,th15_pts20-r0,False,359,76019.0,2.159
rsi2-NQ-tf30|eve|,adx_hi,th15_pts20-r1,False,446,19551.0,2.314
rsi2-NQ-tf30|eve|,adx_hi,th15_pts20-r2,False,401,33476.0,2.817
rsi2-NQ-tf30|eve|,adx_hi,th15_pts20-r3,False,383,43833.0,2.971
rsi2-NQ-tf30|eve|,adx_hi,th15_pts30-r0,False,307,64842.0,1.756
rsi2-NQ-tf30|eve|,adx_hi,th15_pts30-r1,False,382,38387.0,3.307
rsi2-NQ-tf30|eve|,adx_hi,th15_pts30-r2,False,338,47618.0,2.911
rsi2-NQ-tf30|eve|,adx_hi,th15_pts30-r3,False,321,42641.0,2.146
rsi2-NQ-tf30|eve|,adx_hi,th15_pts45-r0,False,278,47268.0,1.207
rsi2-NQ-tf30|eve|,adx_hi,th15_pts45-r1,False,319,52164.0,3.293
rsi2-NQ-tf30|eve|,adx_hi,th15_pts45-r2,False,290,45475.0,2.03
rsi2-NQ-tf30|eve|,adx_hi,th15_pts45-r3,False,281,43421.0,1.611
rsi2-NQ-tf30|eve|,adx_hi,th15_pct0p1-r0,False,417,41397.0,1.435
rsi2-NQ-tf30|eve|,adx_hi,th15_pct0p1-r1,False,508,8468.0,1.346
rsi2-NQ-tf30|eve|,adx_hi,th15_pct0p1-r2,False,479,12834.0,1.45
rsi2-NQ-tf30|eve|,adx_hi,th15_pct0p1-r3,False,458,32908.0,2.95
rsi2-NQ-tf30|eve|,adx_hi,th15_pct0p2-r0,False,313,50663.0,1.433
rsi2-NQ-tf30|eve|,adx_hi,th15_pct0p2-r1,False,389,26124.0,2.408
rsi2-NQ-tf30|eve|,adx_hi,th15_pct0p2-r2,False,348,41073.0,2.696
rsi2-NQ-tf30|eve|,adx_hi,th15_pct0p2-r3,False,332,37592.0,2.037
rsi2-NQ-tf30|eve|,adx_lo,th5_atr1p5-r0,False,206,18886.0,0.664
rsi2-NQ-tf30|eve|,adx_lo,th5_atr1p5-r1,False,219,4324.0,0.414
rsi2-NQ-tf30|eve|,adx_lo,th5_atr1p5-r2,False,214,23819.0,1.554
rsi2-NQ-tf30|eve|,adx_lo,th5_atr1p5-r3,False,210,31050.0,1.669
rsi2-NQ-tf30|eve|,adx_lo,th5_atr3-r0,False,175,16245.0,0.498
rsi2-NQ-tf30|eve|,adx_lo,th5_atr3-r1,False,181,32251.0,1.748
rsi2-NQ-tf30|eve|,adx_lo,th5_atr3-r2,False,176,28336.0,1.147
rsi2-NQ-tf30|eve|,adx_lo,th5_atr3-r3,False,175,3715.0,0.143
rsi2-NQ-tf30|eve|,adx_lo,th5_pts10-r0,False,274,43979.0,1.76
rsi2-NQ-tf30|eve|,adx_lo,th5_pts10-r1,False,294,2099.0,0.604
rsi2-NQ-tf30|eve|,adx_lo,th5_pts10-r2,False,289,6094.0,1.218
rsi2-NQ-tf30|eve|,adx_lo,th5_pts10-r3,False,288,11393.0,1.801
rsi2-NQ-tf30|eve|,adx_lo,th5_pts20-r0,False,227,14882.0,0.619
rsi2-NQ-tf30|eve|,adx_lo,th5_pts20-r1,False,244,3214.0,0.511
rsi2-NQ-tf30|eve|,adx_lo,th5_pts20-r2,False,242,9427.0,1.038
rsi2-NQ-tf30|eve|,adx_lo,th5_pts20-r3,False,237,15372.0,1.361
rsi2-NQ-tf30|eve|,adx_lo,th5_pts30-r0,False,201,32706.0,1.118
rsi2-NQ-tf30|eve|,adx_lo,th5_pts30-r1,False,214,5819.0,0.66
rsi2-NQ-tf30|eve|,adx_lo,th5_pts30-r2,False,209,15234.0,1.201
rsi2-NQ-tf30|eve|,adx_lo,th5_pts30-r3,False,206,31816.0,1.98
rsi2-NQ-tf30|eve|,adx_lo,th5_pts45-r0,False,184,5794.0,0.192
rsi2-NQ-tf30|eve|,adx_lo,th5_pts45-r1,False,194,5914.0,0.47
rsi2-NQ-tf30|eve|,adx_lo,th5_pts45-r2,False,189,22094.0,1.227
rsi2-NQ-tf30|eve|,adx_lo,th5_pts45-r3,False,187,34937.0,1.57
rsi2-NQ-tf30|eve|,adx_lo,th5_pct0p1-r0,False,257,39822.0,1.535
rsi2-NQ-tf30|eve|,adx_lo,th5_pct0p1-r1,False,279,2209.0,0.482
rsi2-NQ-tf30|eve|,adx_lo,th5_pct0p1-r2,False,273,7023.0,1.071
rsi2-NQ-tf30|eve|,adx_lo,th5_pct0p1-r3,False,272,12572.0,1.522
rsi2-NQ-tf30|eve|,adx_lo,th5_pct0p2-r0,False,211,35076.0,1.207
rsi2-NQ-tf30|eve|,adx_lo,th5_pct0p2-r1,False,225,4310.0,0.526
rsi2-NQ-tf30|eve|,adx_lo,th5_pct0p2-r2,False,220,18635.0,1.575
rsi2-NQ-tf30|eve|,adx_lo,th5_pct0p2-r3,False,220,33610.0,2.217
rsi2-NQ-tf30|eve|,adx_lo,th10_atr1p5-r0,False,296,34646.0,1.031
rsi2-NQ-tf30|eve|,adx_lo,th10_atr1p5-r1,False,340,195.0,0.015
rsi2-NQ-tf30|eve|,adx_lo,th10_atr1p5-r2,False,315,33945.0,1.888
rsi2-NQ-tf30|eve|,adx_lo,th10_atr1p5-r3,False,304,43889.0,2.002
rsi2-NQ-tf30|eve|,adx_lo,th10_atr3-r0,False,246,25626.0,0.678
rsi2-NQ-tf30|eve|,adx_lo,th10_atr3-r1,False,261,43256.0,2.003
rsi2-NQ-tf30|eve|,adx_lo,th10_atr3-r2,False,249,36134.0,1.272
rsi2-NQ-tf30|eve|,adx_lo,th10_atr3-r3,False,247,12817.0,0.418
rsi2-NQ-tf30|eve|,adx_lo,th10_pts10-r0,False,402,69732.0,2.353
rsi2-NQ-tf30|eve|,adx_lo,th10_pts10-r1,False,455,1225.0,0.283
rsi2-NQ-tf30|eve|,adx_lo,th10_pts10-r2,False,447,5707.0,0.924
rsi2-NQ-tf30|eve|,adx_lo,th10_pts10-r3,False,439,12804.0,1.66
rsi2-NQ-tf30|eve|,adx_lo,th10_pts20-r0,False,325,29220.0,1.007
rsi2-NQ-tf30|eve|,adx_lo,th10_pts20-r1,False,377,327.0,0.042
rsi2-NQ-tf30|eve|,adx_lo,th10_pts20-r2,False,359,12164.0,1.103
rsi2-NQ-tf30|eve|,adx_lo,th10_pts20-r3,False,343,24973.0,1.83
rsi2-NQ-tf30|eve|,adx_lo,th10_pts30-r0,False,286,45656.0,1.333
rsi2-NQ-tf30|eve|,adx_lo,th10_pts30-r1,False,328,-4592.0,-0.42
rsi2-NQ-tf30|eve|,adx_lo,th10_pts30-r2,False,303,17568.0,1.156
rsi2-NQ-tf30|eve|,adx_lo,th10_pts30-r3,False,294,43179.0,2.255
rsi2-NQ-tf30|eve|,adx_lo,th10_pts45-r0,False,263,19818.0,0.567
rsi2-NQ-tf30|eve|,adx_lo,th10_pts45-r1,False,287,-2818.0,-0.184
rsi2-NQ-tf30|eve|,adx_lo,th10_pts45-r2,False,271,29886.0,1.389
rsi2-NQ-tf30|eve|,adx_lo,th10_pts45-r3,False,267,47817.0,1.808
rsi2-NQ-tf30|eve|,adx_lo,th10_pct0p1-r0,False,370,58035.0,1.907
rsi2-NQ-tf30|eve|,adx_lo,th10_pct0p1-r1,False,429,174.0,0.03
rsi2-NQ-tf30|eve|,adx_lo,th10_pct0p1-r2,False,410,6675.0,0.833
rsi2-NQ-tf30|eve|,adx_lo,th10_pct0p1-r3,False,399,10604.0,1.081
rsi2-NQ-tf30|eve|,adx_lo,th10_pct0p2-r0,False,295,46765.0,1.391
rsi2-NQ-tf30|eve|,adx_lo,th10_pct0p2-r1,False,340,-4130.0,-0.408
rsi2-NQ-tf30|eve|,adx_lo,th10_pct0p2-r2,False,314,21064.0,1.497
rsi2-NQ-tf30|eve|,adx_lo,th10_pct0p2-r3,False,310,48730.0,2.71
rsi2-NQ-tf30|eve|,adx_lo,th15_atr1p5-r0,False,349,62484.0,1.631
rsi2-NQ-tf30|eve|,adx_lo,th15_atr1p5-r1,False,428,-1697.0,-0.117
rsi2-NQ-tf30|eve|,adx_lo,th15_atr1p5-r2,False,375,41530.0,2.08
rsi2-NQ-tf30|eve|,adx_lo,th15_atr1p5-r3,False,357,61102.0,2.496
rsi2-NQ-tf30|eve|,adx_lo,th15_atr3-r0,False,287,62357.0,1.449
rsi2-NQ-tf30|eve|,adx_lo,th15_atr3-r1,False,309,65594.0,2.756
rsi2-NQ-tf30|eve|,adx_lo,th15_atr3-r2,False,290,43660.0,1.423
rsi2-NQ-tf30|eve|,adx_lo,th15_atr3-r3,False,288,26593.0,0.773
rsi2-NQ-tf30|eve|,adx_lo,th15_pts10-r0,False,497,111712.0,3.189
rsi2-NQ-tf30|eve|,adx_lo,th15_pts10-r1,False,604,2464.0,0.495
rsi2-NQ-tf30|eve|,adx_lo,th15_pts10-r2,False,584,9119.0,1.289
rsi2-NQ-tf30|eve|,adx_lo,th15_pts10-r3,False,565,18645.0,2.122
rsi2-NQ-tf30|eve|,adx_lo,th15_pts20-r0,False,389,62424.0,1.816
rsi2-NQ-tf30|eve|,adx_lo,th15_pts20-r1,False,489,7629.0,0.857
rsi2-NQ-tf30|eve|,adx_lo,th15_pts20-r2,False,449,22324.0,1.798
rsi2-NQ-tf30|eve|,adx_lo,th15_pts20-r3,False,417,33197.0,2.198
rsi2-NQ-tf30|eve|,adx_lo,th15_pts30-r0,False,341,86951.0,2.203
rsi2-NQ-tf30|eve|,adx_lo,th15_pts30-r1,False,412,857.0,0.07
rsi2-NQ-tf30|eve|,adx_lo,th15_pts30-r2,False,367,27297.0,1.625
rsi2-NQ-tf30|eve|,adx_lo,th15_pts30-r3,False,352,51117.0,2.441
rsi2-NQ-tf30|eve|,adx_lo,th15_pts45-r0,False,310,59560.0,1.498
rsi2-NQ-tf30|eve|,adx_lo,th15_pts45-r1,False,347,5817.0,0.346
rsi2-NQ-tf30|eve|,adx_lo,th15_pts45-r2,False,321,40806.0,1.735
rsi2-NQ-tf30|eve|,adx_lo,th15_pts45-r3,False,315,84710.0,2.862
rsi2-NQ-tf30|eve|,adx_lo,th15_pct0p1-r0,False,445,89280.0,2.552
rsi2-NQ-tf30|eve|,adx_lo,th15_pct0p1-r1,False,558,5388.0,0.832
rsi2-NQ-tf30|eve|,adx_lo,th15_pct0p1-r2,False,521,12111.0,1.344
rsi2-NQ-tf30|eve|,adx_lo,th15_pct0p1-r3,False,495,17620.0,1.607
rsi2-NQ-tf30|eve|,adx_lo,th15_pct0p2-r0,False,355,96355.0,2.459
rsi2-NQ-tf30|eve|,adx_lo,th15_pct0p2-r1,False,430,4415.0,0.391
rsi2-NQ-tf30|eve|,adx_lo,th15_pct0p2-r2,False,386,33236.0,2.127
rsi2-NQ-tf30|eve|,adx_lo,th15_pct0p2-r3,False,375,66630.0,3.357
rsi2-NQ-tf30|eve|,vol_hi,th5_atr1p5-r0,False,200,-23350.0,-0.825
rsi2-NQ-tf30|eve|,vol_hi,th5_atr1p5-r1,False,210,13555.0,1.041
rsi2-NQ-tf30|eve|,vol_hi,th5_atr1p5-r2,False,205,27690.0,1.511
rsi2-NQ-tf30|eve|,vol_hi,th5_atr1p5-r3,False,203,29648.0,1.307
rsi2-NQ-tf30|eve|,vol_hi,th5_atr3-r0,False,175,45450.0,1.072
rsi2-NQ-tf30|eve|,vol_hi,th5_atr3-r1,False,179,46459.0,2.021
rsi2-NQ-tf30|eve|,vol_hi,th5_atr3-r2,False,176,36171.0,1.154
rsi2-NQ-tf30|eve|,vol_hi,th5_atr3-r3,False,175,38145.0,1.048
rsi2-NQ-tf30|eve|,vol_hi,th5_pts10-r0,False,271,7776.0,0.352
rsi2-NQ-tf30|eve|,vol_hi,th5_pts10-r1,False,288,-1122.0,-0.326
rsi2-NQ-tf30|eve|,vol_hi,th5_pts10-r2,False,283,2493.0,0.509
rsi2-NQ-tf30|eve|,vol_hi,th5_pts10-r3,False,283,8403.0,1.355
rsi2-NQ-tf30|eve|,vol_hi,th5_pts20-r0,False,231,-12714.0,-0.553
rsi2-NQ-tf30|eve|,vol_hi,th5_pts20-r1,False,243,4428.0,0.705
rsi2-NQ-tf30|eve|,vol_hi,th5_pts20-r2,False,242,17862.0,1.94
rsi2-NQ-tf30|eve|,vol_hi,th5_pts20-r3,False,238,22988.0,1.994
rsi2-NQ-tf30|eve|,vol_hi,th5_pts30-r0,False,209,2414.0,0.083
rsi2-NQ-tf30|eve|,vol_hi,th5_pts30-r1,False,221,12401.0,1.389
rsi2-NQ-tf30|eve|,vol_hi,th5_pts30-r2,False,215,22465.0,1.732
rsi2-NQ-tf30|eve|,vol_hi,th5_pts30-r3,False,214,23889.0,1.486
rsi2-NQ-tf30|eve|,vol_hi,th5_pts45-r0,False,190,-18970.0,-0.627
rsi2-NQ-tf30|eve|,vol_hi,th5_pts45-r1,False,198,18533.0,1.464
rsi2-NQ-tf30|eve|,vol_hi,th5_pts45-r2,False,194,18259.0,1.005
rsi2-NQ-tf30|eve|,vol_hi,th5_pts45-r3,False,193,18793.0,0.843
rsi2-NQ-tf30|eve|,vol_hi,th5_pct0p1-r0,False,255,-3500.0,-0.155
rsi2-NQ-tf30|eve|,vol_hi,th5_pct0p1-r1,False,271,-1549.0,-0.335
rsi2-NQ-tf30|eve|,vol_hi,th5_pct0p1-r2,False,266,5416.0,0.821
rsi2-NQ-tf30|eve|,vol_hi,th5_pct0p1-r3,False,265,12530.0,1.509
rsi2-NQ-tf30|eve|,vol_hi,th5_pct0p2-r0,False,213,-2417.0,-0.086
rsi2-NQ-tf30|eve|,vol_hi,th5_pct0p2-r1,False,226,6536.0,0.78
rsi2-NQ-tf30|eve|,vol_hi,th5_pct0p2-r2,False,221,25491.0,2.101
rsi2-NQ-tf30|eve|,vol_hi,th5_pct0p2-r3,False,220,25505.0,1.693
rsi2-NQ-tf30|eve|,vol_hi,th10_atr1p5-r0,False,280,-2025.0,-0.055
rsi2-NQ-tf30|eve|,vol_hi,th10_atr1p5-r1,False,312,13067.0,0.814
rsi2-NQ-tf30|eve|,vol_hi,th10_atr1p5-r2,False,292,29707.0,1.346
rsi2-NQ-tf30|eve|,vol_hi,th10_atr1p5-r3,False,284,40484.0,1.493
rsi2-NQ-tf30|eve|,vol_hi,th10_atr3-r0,False,237,42977.0,0.88
rsi2-NQ-tf30|eve|,vol_hi,th10_atr3-r1,False,247,32597.0,1.154
rsi2-NQ-tf30|eve|,vol_hi,th10_atr3-r2,False,239,31209.0,0.855
rsi2-NQ-tf30|eve|,vol_hi,th10_atr3-r3,False,238,33978.0,0.822
rsi2-NQ-tf30|eve|,vol_hi,th10_pts10-r0,False,399,16144.0,0.623
rsi2-NQ-tf30|eve|,vol_hi,th10_pts10-r1,False,441,-4799.0,-1.126
rsi2-NQ-tf30|eve|,vol_hi,th10_pts10-r2,False,432,-3298.0,-0.555
rsi2-NQ-tf30|eve|,vol_hi,th10_pts10-r3,False,429,359.0,0.049
rsi2-NQ-tf30|eve|,vol_hi,th10_pts20-r0,False,328,14523.0,0.466
rsi2-NQ-tf30|eve|,vol_hi,th10_pts20-r1,False,371,-2064.0,-0.266
rsi2-NQ-tf30|eve|,vol_hi,th10_pts20-r2,False,352,12597.0,1.153
rsi2-NQ-tf30|eve|,vol_hi,th10_pts20-r3,False,342,28567.0,2.083
rsi2-NQ-tf30|eve|,vol_hi,th10_pts30-r0,False,288,18983.0,0.53
rsi2-NQ-tf30|eve|,vol_hi,th10_pts30-r1,False,325,4455.0,0.41
rsi2-NQ-tf30|eve|,vol_hi,th10_pts30-r2,False,304,16974.0,1.116
rsi2-NQ-tf30|eve|,vol_hi,th10_pts30-r3,False,298,35243.0,1.851
rsi2-NQ-tf30|eve|,vol_hi,th10_pts45-r0,False,260,-15635.0,-0.434
rsi2-NQ-tf30|eve|,vol_hi,th10_pts45-r1,False,279,13494.0,0.895
rsi2-NQ-tf30|eve|,vol_hi,th10_pts45-r2,False,269,18904.0,0.889
rsi2-NQ-tf30|eve|,vol_hi,th10_pts45-r3,False,265,26260.0,1.009
rsi2-NQ-tf30|eve|,vol_hi,th10_pct0p1-r0,False,374,16654.0,0.598
rsi2-NQ-tf30|eve|,vol_hi,th10_pct0p1-r1,False,416,-6879.0,-1.206
rsi2-NQ-tf30|eve|,vol_hi,th10_pct0p1-r2,False,402,1127.0,0.142
rsi2-NQ-tf30|eve|,vol_hi,th10_pct0p1-r3,False,391,8366.0,0.853
rsi2-NQ-tf30|eve|,vol_hi,th10_pct0p2-r0,False,292,18602.0,0.531
rsi2-NQ-tf30|eve|,vol_hi,th10_pct0p2-r1,False,330,-3975.0,-0.393
rsi2-NQ-tf30|eve|,vol_hi,th10_pct0p2-r2,False,310,20830.0,1.473
rsi2-NQ-tf30|eve|,vol_hi,th10_pct0p2-r3,False,306,42446.0,2.374
rsi2-NQ-tf30|eve|,vol_hi,th15_atr1p5-r0,False,324,-9641.0,-0.25
rsi2-NQ-tf30|eve|,vol_hi,th15_atr1p5-r1,False,389,10094.0,0.557
rsi2-NQ-tf30|eve|,vol_hi,th15_atr1p5-r2,False,341,46496.0,1.907
rsi2-NQ-tf30|eve|,vol_hi,th15_atr1p5-r3,False,328,43338.0,1.481
rsi2-NQ-tf30|eve|,vol_hi,th15_atr3-r0,False,270,38155.0,0.762
rsi2-NQ-tf30|eve|,vol_hi,th15_atr3-r1,False,285,60180.0,1.971
rsi2-NQ-tf30|eve|,vol_hi,th15_atr3-r2,False,272,35217.0,0.911
rsi2-NQ-tf30|eve|,vol_hi,th15_atr3-r3,False,271,23776.0,0.54
rsi2-NQ-tf30|eve|,vol_hi,th15_pts10-r0,False,489,25524.0,0.887
rsi2-NQ-tf30|eve|,vol_hi,th15_pts10-r1,False,585,275.0,0.056
rsi2-NQ-tf30|eve|,vol_hi,th15_pts10-r2,False,565,3310.0,0.48
rsi2-NQ-tf30|eve|,vol_hi,th15_pts10-r3,False,554,7159.0,0.844
rsi2-NQ-tf30|eve|,vol_hi,th15_pts20-r0,False,392,13292.0,0.397
rsi2-NQ-tf30|eve|,vol_hi,th15_pts20-r1,False,486,8831.0,0.996
rsi2-NQ-tf30|eve|,vol_hi,th15_pts20-r2,False,448,22698.0,1.829
rsi2-NQ-tf30|eve|,vol_hi,th15_pts20-r3,False,423,38728.0,2.528
rsi2-NQ-tf30|eve|,vol_hi,th15_pts30-r0,False,340,20190.0,0.53
rsi2-NQ-tf30|eve|,vol_hi,th15_pts30-r1,False,415,17090.0,1.395
rsi2-NQ-tf30|eve|,vol_hi,th15_pts30-r2,False,374,26664.0,1.574
rsi2-NQ-tf30|eve|,vol_hi,th15_pts30-r3,False,359,36549.0,1.76
rsi2-NQ-tf30|eve|,vol_hi,th15_pts45-r0,False,302,-22833.0,-0.608
rsi2-NQ-tf30|eve|,vol_hi,th15_pts45-r1,False,345,14835.0,0.885
rsi2-NQ-tf30|eve|,vol_hi,th15_pts45-r2,False,319,18969.0,0.82
rsi2-NQ-tf30|eve|,vol_hi,th15_pts45-r3,False,308,46613.0,1.626
rsi2-NQ-tf30|eve|,vol_hi,th15_pct0p1-r0,False,449,20199.0,0.666
rsi2-NQ-tf30|eve|,vol_hi,th15_pct0p1-r1,False,544,-806.0,-0.124
rsi2-NQ-tf30|eve|,vol_hi,th15_pct0p1-r2,False,516,6451.0,0.716
rsi2-NQ-tf30|eve|,vol_hi,th15_pct0p1-r3,False,493,16688.0,1.506
rsi2-NQ-tf30|eve|,vol_hi,th15_pct0p2-r0,False,348,18988.0,0.509
rsi2-NQ-tf30|eve|,vol_hi,th15_pct0p2-r1,False,427,6702.0,0.589
rsi2-NQ-tf30|eve|,vol_hi,th15_pct0p2-r2,False,388,25183.0,1.603
rsi2-NQ-tf30|eve|,vol_hi,th15_pct0p2-r3,False,374,48259.0,2.461
rsi2-NQ-tf30|eve|,vol_lo,th5_atr1p5-r0,False,203,36018.0,1.35
rsi2-NQ-tf30|eve|,vol_lo,th5_atr1p5-r1,False,216,4611.0,0.465
rsi2-NQ-tf30|eve|,vol_lo,th5_atr1p5-r2,False,208,12258.0,0.876
rsi2-NQ-tf30|eve|,vol_lo,th5_atr1p5-r3,False,205,15135.0,0.934
rsi2-NQ-tf30|eve|,vol_lo,th5_atr3-r0,False,180,15145.0,0.507
rsi2-NQ-tf30|eve|,vol_lo,th5_atr3-r1,False,184,19674.0,1.105
rsi2-NQ-tf30|eve|,vol_lo,th5_atr3-r2,False,180,16635.0,0.725
rsi2-NQ-tf30|eve|,vol_lo,th5_atr3-r3,False,180,12985.0,0.491
rsi2-NQ-tf30|eve|,vol_lo,th5_pts10-r0,False,271,11871.0,0.708
rsi2-NQ-tf30|eve|,vol_lo,th5_pts10-r1,False,288,883.0,0.256
rsi2-NQ-tf30|eve|,vol_lo,th5_pts10-r2,False,283,3678.0,0.748
rsi2-NQ-tf30|eve|,vol_lo,th5_pts10-r3,False,279,9204.0,1.489
rsi2-NQ-tf30|eve|,vol_lo,th5_pts20-r0,False,223,40018.0,1.663
rsi2-NQ-tf30|eve|,vol_lo,th5_pts20-r1,False,236,9716.0,1.579
rsi2-NQ-tf30|eve|,vol_lo,th5_pts20-r2,False,232,9907.0,1.112
rsi2-NQ-tf30|eve|,vol_lo,th5_pts20-r3,False,229,12224.0,1.109
rsi2-NQ-tf30|eve|,vol_lo,th5_pts30-r0,False,197,38022.0,1.49
rsi2-NQ-tf30|eve|,vol_lo,th5_pts30-r1,False,207,18502.0,2.156
rsi2-NQ-tf30|eve|,vol_lo,th5_pts30-r2,False,203,19678.0,1.567
rsi2-NQ-tf30|eve|,vol_lo,th5_pts30-r3,False,199,25709.0,1.645
rsi2-NQ-tf30|eve|,vol_lo,th5_pts45-r0,False,186,25736.0,0.938
rsi2-NQ-tf30|eve|,vol_lo,th5_pts45-r1,False,193,11513.0,0.92
rsi2-NQ-tf30|eve|,vol_lo,th5_pts45-r2,False,188,23573.0,1.322
rsi2-NQ-tf30|eve|,vol_lo,th5_pts45-r3,False,187,35632.0,1.634
rsi2-NQ-tf30|eve|,vol_lo,th5_pct0p1-r0,False,249,26349.0,1.257
rsi2-NQ-tf30|eve|,vol_lo,th5_pct0p1-r1,False,267,6232.0,1.377
rsi2-NQ-tf30|eve|,vol_lo,th5_pct0p1-r2,False,259,7049.0,1.083
rsi2-NQ-tf30|eve|,vol_lo,th5_pct0p1-r3,False,259,8574.0,1.057
rsi2-NQ-tf30|eve|,vol_lo,th5_pct0p2-r0,False,205,40150.0,1.581
rsi2-NQ-tf30|eve|,vol_lo,th5_pct0p2-r1,False,214,17174.0,2.134
rsi2-NQ-tf30|eve|,vol_lo,th5_pct0p2-r2,False,211,20301.0,1.711
rsi2-NQ-tf30|eve|,vol_lo,th5_pct0p2-r3,False,210,26835.0,1.808
rsi2-NQ-tf30|eve|,vol_lo,th10_atr1p5-r0,False,285,64300.0,1.967
rsi2-NQ-tf30|eve|,vol_lo,th10_atr1p5-r1,False,335,9795.0,0.803
rsi2-NQ-tf30|eve|,vol_lo,th10_atr1p5-r2,False,301,33046.0,1.937
rsi2-NQ-tf30|eve|,vol_lo,th10_atr1p5-r3,False,290,26940.0,1.382
rsi2-NQ-tf30|eve|,vol_lo,th10_atr3-r0,False,245,54685.0,1.439
rsi2-NQ-tf30|eve|,vol_lo,th10_atr3-r1,False,258,40798.0,1.943
rsi2-NQ-tf30|eve|,vol_lo,th10_atr3-r2,False,247,32562.0,1.179
rsi2-NQ-tf30|eve|,vol_lo,th10_atr3-r3,False,245,31950.0,0.998
rsi2-NQ-tf30|eve|,vol_lo,th10_pts10-r0,False,387,56047.0,2.234
rsi2-NQ-tf30|eve|,vol_lo,th10_pts10-r1,False,456,6656.0,1.544
rsi2-NQ-tf30|eve|,vol_lo,th10_pts10-r2,False,443,9533.0,1.538
rsi2-NQ-tf30|eve|,vol_lo,th10_pts10-r3,False,427,20102.0,2.589
rsi2-NQ-tf30|eve|,vol_lo,th10_pts20-r0,False,313,83583.0,2.705
rsi2-NQ-tf30|eve|,vol_lo,th10_pts20-r1,False,365,18925.0,2.483
rsi2-NQ-tf30|eve|,vol_lo,th10_pts20-r2,False,343,24738.0,2.259
rsi2-NQ-tf30|eve|,vol_lo,th10_pts20-r3,False,328,29498.0,2.189
rsi2-NQ-tf30|eve|,vol_lo,th10_pts30-r0,False,275,65340.0,2.055
rsi2-NQ-tf30|eve|,vol_lo,th10_pts30-r1,False,316,19561.0,1.835
rsi2-NQ-tf30|eve|,vol_lo,th10_pts30-r2,False,291,31101.0,2.064
rsi2-NQ-tf30|eve|,vol_lo,th10_pts30-r3,False,280,37040.0,1.993
rsi2-NQ-tf30|eve|,vol_lo,th10_pts45-r0,False,257,70972.0,2.014
rsi2-NQ-tf30|eve|,vol_lo,th10_pts45-r1,False,281,21741.0,1.442
rsi2-NQ-tf30|eve|,vol_lo,th10_pts45-r2,False,262,45207.0,2.125
rsi2-NQ-tf30|eve|,vol_lo,th10_pts45-r3,False,258,53738.0,2.084
rsi2-NQ-tf30|eve|,vol_lo,th10_pct0p1-r0,False,351,63671.0,2.292
rsi2-NQ-tf30|eve|,vol_lo,th10_pct0p1-r1,False,417,11972.0,2.116
rsi2-NQ-tf30|eve|,vol_lo,th10_pct0p1-r2,False,395,15375.0,1.903
rsi2-NQ-tf30|eve|,vol_lo,th10_pct0p1-r3,False,383,23378.0,2.327
rsi2-NQ-tf30|eve|,vol_lo,th10_pct0p2-r0,False,283,64343.0,2.07
rsi2-NQ-tf30|eve|,vol_lo,th10_pct0p2-r1,False,325,18815.0,1.895
rsi2-NQ-tf30|eve|,vol_lo,th10_pct0p2-r2,False,299,31559.0,2.247
rsi2-NQ-tf30|eve|,vol_lo,th10_pct0p2-r3,False,293,34498.0,1.988
rsi2-NQ-tf30|eve|,vol_lo,th15_atr1p5-r0,False,325,110120.0,2.91
rsi2-NQ-tf30|eve|,vol_lo,th15_atr1p5-r1,False,413,16878.0,1.247
rsi2-NQ-tf30|eve|,vol_lo,th15_atr1p5-r2,False,349,39904.0,2.172
rsi2-NQ-tf30|eve|,vol_lo,th15_atr1p5-r3,False,331,51721.0,2.365
rsi2-NQ-tf30|eve|,vol_lo,th15_atr3-r0,False,278,125503.0,2.842
rsi2-NQ-tf30|eve|,vol_lo,th15_atr3-r1,False,298,63663.0,2.824
rsi2-NQ-tf30|eve|,vol_lo,th15_atr3-r2,False,281,66691.0,2.155
rsi2-NQ-tf30|eve|,vol_lo,th15_atr3-r3,False,278,82078.0,2.261
rsi2-NQ-tf30|eve|,vol_lo,th15_pts10-r0,False,472,107207.0,3.324
rsi2-NQ-tf30|eve|,vol_lo,th15_pts10-r1,False,596,2436.0,0.492
rsi2-NQ-tf30|eve|,vol_lo,th15_pts10-r2,False,569,9139.0,1.307
rsi2-NQ-tf30|eve|,vol_lo,th15_pts10-r3,False,539,20774.0,2.404
rsi2-NQ-tf30|eve|,vol_lo,th15_pts20-r0,False,366,125076.0,3.473
rsi2-NQ-tf30|eve|,vol_lo,th15_pts20-r1,False,463,19868.0,2.308
rsi2-NQ-tf30|eve|,vol_lo,th15_pts20-r2,False,414,31804.0,2.64
rsi2-NQ-tf30|eve|,vol_lo,th15_pts20-r3,False,387,35812.0,2.443
rsi2-NQ-tf30|eve|,vol_lo,th15_pts30-r0,False,318,131378.0,3.427
rsi2-NQ-tf30|eve|,vol_lo,th15_pts30-r1,False,392,22672.0,1.908
rsi2-NQ-tf30|eve|,vol_lo,th15_pts30-r2,False,341,45771.0,2.79
rsi2-NQ-tf30|eve|,vol_lo,th15_pts30-r3,False,324,55929.0,2.758
rsi2-NQ-tf30|eve|,vol_lo,th15_pts45-r0,False,294,132444.0,3.224
rsi2-NQ-tf30|eve|,vol_lo,th15_pts45-r1,False,330,40375.0,2.487
rsi2-NQ-tf30|eve|,vol_lo,th15_pts45-r2,False,300,67290.0,2.93
rsi2-NQ-tf30|eve|,vol_lo,th15_pts45-r3,False,296,83296.0,2.947
rsi2-NQ-tf30|eve|,vol_lo,th15_pct0p1-r0,False,424,110894.0,3.278
rsi2-NQ-tf30|eve|,vol_lo,th15_pct0p1-r1,False,539,16119.0,2.521
rsi2-NQ-tf30|eve|,vol_lo,th15_pct0p1-r2,False,497,19937.0,2.212
rsi2-NQ-tf30|eve|,vol_lo,th15_pct0p1-r3,False,472,32492.0,2.91
rsi2-NQ-tf30|eve|,vol_lo,th15_pct0p2-r0,False,330,127645.0,3.419
rsi2-NQ-tf30|eve|,vol_lo,th15_pct0p2-r1,False,404,23739.0,2.158
rsi2-NQ-tf30|eve|,vol_lo,th15_pct0p2-r2,False,356,46556.0,3.033
rsi2-NQ-tf30|eve|,vol_lo,th15_pct0p2-r3,False,343,54623.0,2.874
rsi2-NQ-tf30|eve|,news_only,th5_atr1p5-r0,False,54,-1991.0,-0.157
rsi2-NQ-tf30|eve|,news_only,th5_atr1p5-r1,False,57,9197.0,1.724
rsi2-NQ-tf30|eve|,news_only,th5_atr1p5-r2,False,54,11064.0,1.65
rsi2-NQ-tf30|eve|,news_only,th5_atr1p5-r3,False,54,13049.0,1.481
rsi2-NQ-tf30|eve|,news_only,th5_atr3-r0,False,48,4938.0,0.288
rsi2-NQ-tf30|eve|,news_only,th5_atr3-r1,False,48,17523.0,2.141
rsi2-NQ-tf30|eve|,news_only,th5_atr3-r2,False,48,10763.0,0.844
rsi2-NQ-tf30|eve|,news_only,th5_atr3-r3,False,48,15213.0,0.963
rsi2-NQ-tf30|eve|,news_only,th5_pts10-r0,False,65,4340.0,0.386
rsi2-NQ-tf30|eve|,news_only,th5_pts10-r1,False,67,2587.0,1.587
rsi2-NQ-tf30|eve|,news_only,th5_pts10-r2,False,67,2312.0,0.944
rsi2-NQ-tf30|eve|,news_only,th5_pts10-r3,False,66,3086.0,1.005
rsi2-NQ-tf30|eve|,news_only,th5_pts20-r0,False,55,2810.0,0.227
rsi2-NQ-tf30|eve|,news_only,th5_pts20-r1,False,58,6053.0,2.035
rsi2-NQ-tf30|eve|,news_only,th5_pts20-r2,False,56,12031.0,2.645
rsi2-NQ-tf30|eve|,news_only,th5_pts20-r3,False,56,17211.0,2.856
rsi2-NQ-tf30|eve|,news_only,th5_pts30-r0,False,53,-4237.0,-0.331
rsi2-NQ-tf30|eve|,news_only,th5_pts30-r1,False,55,7460.0,1.702
rsi2-NQ-tf30|eve|,news_only,th5_pts30-r2,False,54,15789.0,2.356
rsi2-NQ-tf30|eve|,news_only,th5_pts30-r3,False,53,1298.0,0.166
rsi2-NQ-tf30|eve|,news_only,th5_pts45-r0,False,48,-16077.0,-1.633
rsi2-NQ-tf30|eve|,news_only,th5_pts45-r1,False,49,11369.0,1.845
rsi2-NQ-tf30|eve|,news_only,th5_pts45-r2,False,48,-3127.0,-0.356
rsi2-NQ-tf30|eve|,news_only,th5_pts45-r3,False,48,-4047.0,-0.381
rsi2-NQ-tf30|eve|,news_only,th5_pct0p1-r0,False,61,956.0,0.084
rsi2-NQ-tf30|eve|,news_only,th5_pct0p1-r1,False,63,2193.0,1.0
rsi2-NQ-tf30|eve|,news_only,th5_pct0p1-r2,False,62,5237.0,1.609
rsi2-NQ-tf30|eve|,news_only,th5_pct0p1-r3,False,62,6717.0,1.6
rsi2-NQ-tf30|eve|,news_only,th5_pct0p2-r0,False,53,-1707.0,-0.135
rsi2-NQ-tf30|eve|,news_only,th5_pct0p2-r1,False,55,9880.0,2.531
rsi2-NQ-tf30|eve|,news_only,th5_pct0p2-r2,False,54,13994.0,2.27
rsi2-NQ-tf30|eve|,news_only,th5_pct0p2-r3,False,53,4773.0,0.647
rsi2-NQ-tf30|eve|,news_only,th10_atr1p5-r0,False,69,-2786.0,-0.173
rsi2-NQ-tf30|eve|,news_only,th10_atr1p5-r1,False,79,11459.0,1.707
rsi2-NQ-tf30|eve|,news_only,th10_atr1p5-r2,False,72,7567.0,0.908
rsi2-NQ-tf30|eve|,news_only,th10_atr1p5-r3,False,70,16095.0,1.528
rsi2-NQ-tf30|eve|,news_only,th10_atr3-r0,False,60,24440.0,1.043
rsi2-NQ-tf30|eve|,news_only,th10_atr3-r1,False,63,7408.0,0.647
rsi2-NQ-tf30|eve|,news_only,th10_atr3-r2,False,60,19095.0,1.246
rsi2-NQ-tf30|eve|,news_only,th10_atr3-r3,False,60,26865.0,1.4
rsi2-NQ-tf30|eve|,news_only,th10_pts10-r0,False,96,6956.0,0.483
rsi2-NQ-tf30|eve|,news_only,th10_pts10-r1,False,109,1894.0,0.897
rsi2-NQ-tf30|eve|,news_only,th10_pts10-r2,False,107,1192.0,0.394
rsi2-NQ-tf30|eve|,news_only,th10_pts10-r3,False,103,2578.0,0.691
rsi2-NQ-tf30|eve|,news_only,th10_pts20-r0,False,71,8796.0,0.564
rsi2-NQ-tf30|eve|,news_only,th10_pts20-r1,False,86,5871.0,1.591
rsi2-NQ-tf30|eve|,news_only,th10_pts20-r2,False,78,12648.0,2.363
rsi2-NQ-tf30|eve|,news_only,th10_pts20-r3,False,75,19055.0,2.764
rsi2-NQ-tf30|eve|,news_only,th10_pts30-r0,False,68,-2152.0,-0.134
rsi2-NQ-tf30|eve|,news_only,th10_pts30-r1,False,78,3068.0,0.574
rsi2-NQ-tf30|eve|,news_only,th10_pts30-r2,False,72,12092.0,1.583
rsi2-NQ-tf30|eve|,news_only,th10_pts30-r3,False,70,-1790.0,-0.206
rsi2-NQ-tf30|eve|,news_only,th10_pts45-r0,False,61,6606.0,0.361
rsi2-NQ-tf30|eve|,news_only,th10_pts45-r1,False,67,13057.0,1.798
rsi2-NQ-tf30|eve|,news_only,th10_pts45-r2,False,62,372.0,0.037
rsi2-NQ-tf30|eve|,news_only,th10_pts45-r3,False,61,7626.0,0.599
rsi2-NQ-tf30|eve|,news_only,th10_pct0p1-r0,False,88,-1007.0,-0.071
rsi2-NQ-tf30|eve|,news_only,th10_pct0p1-r1,False,102,717.0,0.255
rsi2-NQ-tf30|eve|,news_only,th10_pct0p1-r2,False,99,2364.0,0.593
rsi2-NQ-tf30|eve|,news_only,th10_pct0p1-r3,False,93,7108.0,1.419
rsi2-NQ-tf30|eve|,news_only,th10_pct0p2-r0,False,69,234.0,0.015
rsi2-NQ-tf30|eve|,news_only,th10_pct0p2-r1,False,82,4957.0,0.985
rsi2-NQ-tf30|eve|,news_only,th10_pct0p2-r2,False,73,8743.0,1.248
rsi2-NQ-tf30|eve|,news_only,th10_pct0p2-r3,False,71,2141.0,0.261
rsi2-NQ-tf30|eve|,news_only,th15_atr1p5-r0,False,83,5428.0,0.29
rsi2-NQ-tf30|eve|,news_only,th15_atr1p5-r1,False,100,11770.0,1.582
rsi2-NQ-tf30|eve|,news_only,th15_atr1p5-r2,False,88,13893.0,1.5
rsi2-NQ-tf30|eve|,news_only,th15_atr1p5-r3,False,84,14694.0,1.333
rsi2-NQ-tf30|eve|,news_only,th15_atr3-r0,False,70,18295.0,0.764
rsi2-NQ-tf30|eve|,news_only,th15_atr3-r1,False,75,2550.0,0.204
rsi2-NQ-tf30|eve|,news_only,th15_atr3-r2,False,70,4445.0,0.279
rsi2-NQ-tf30|eve|,news_only,th15_atr3-r3,False,70,19915.0,0.984
rsi2-NQ-tf30|eve|,news_only,th15_pts10-r0,False,125,12255.0,0.738
rsi2-NQ-tf30|eve|,news_only,th15_pts10-r1,False,152,2612.0,1.048
rsi2-NQ-tf30|eve|,news_only,th15_pts10-r2,False,145,2300.0,0.65
rsi2-NQ-tf30|eve|,news_only,th15_pts10-r3,False,135,5525.0,1.27
rsi2-NQ-tf30|eve|,news_only,th15_pts20-r0,False,90,17875.0,0.98
rsi2-NQ-tf30|eve|,news_only,th15_pts20-r1,False,115,9290.0,2.194
rsi2-NQ-tf30|eve|,news_only,th15_pts20-r2,False,100,15675.0,2.591
rsi2-NQ-tf30|eve|,news_only,th15_pts20-r3,False,96,20071.0,2.607
rsi2-NQ-tf30|eve|,news_only,th15_pts30-r0,False,84,9104.0,0.483
rsi2-NQ-tf30|eve|,news_only,th15_pts30-r1,False,100,6520.0,1.083
rsi2-NQ-tf30|eve|,news_only,th15_pts30-r2,False,90,17360.0,2.028
rsi2-NQ-tf30|eve|,news_only,th15_pts30-r3,False,86,2881.0,0.29
rsi2-NQ-tf30|eve|,news_only,th15_pts45-r0,False,73,15768.0,0.757
rsi2-NQ-tf30|eve|,news_only,th15_pts45-r1,False,80,13860.0,1.74
rsi2-NQ-tf30|eve|,news_only,th15_pts45-r2,False,74,2974.0,0.266
rsi2-NQ-tf30|eve|,news_only,th15_pts45-r3,False,73,11093.0,0.791
rsi2-NQ-tf30|eve|,news_only,th15_pct0p1-r0,False,114,8474.0,0.496
rsi2-NQ-tf30|eve|,news_only,th15_pct0p1-r1,False,138,3608.0,1.116
rsi2-NQ-tf30|eve|,news_only,th15_pct0p1-r2,False,128,7793.0,1.694
rsi2-NQ-tf30|eve|,news_only,th15_pct0p1-r3,False,123,10713.0,1.861
rsi2-NQ-tf30|eve|,news_only,th15_pct0p2-r0,False,88,11308.0,0.599
rsi2-NQ-tf30|eve|,news_only,th15_pct0p2-r1,False,105,9825.0,1.758
rsi2-NQ-tf30|eve|,news_only,th15_pct0p2-r2,False,94,13594.0,1.71
rsi2-NQ-tf30|eve|,news_only,th15_pct0p2-r3,False,90,9790.0,1.021
rsi2-NQ-tf30|eve|,news_never,th5_atr1p5-r0,False,371,15591.0,0.413
rsi2-NQ-tf30|eve|,news_never,th5_atr1p5-r1,False,391,4671.0,0.294
rsi2-NQ-tf30|eve|,news_never,th5_atr1p5-r2,False,381,27091.0,1.194
rsi2-NQ-tf30|eve|,news_never,th5_atr1p5-r3,False,376,28556.0,1.055
rsi2-NQ-tf30|eve|,news_never,th5_atr3-r0,False,322,63932.0,1.284
rsi2-NQ-tf30|eve|,news_never,th5_atr3-r1,False,330,52660.0,1.842
rsi2-NQ-tf30|eve|,news_never,th5_atr3-r2,False,323,46363.0,1.237
rsi2-NQ-tf30|eve|,news_never,th5_atr3-r3,False,322,44647.0,1.035
rsi2-NQ-tf30|eve|,news_never,th5_pts10-r0,False,506,14416.0,0.557
rsi2-NQ-tf30|eve|,news_never,th5_pts10-r1,False,538,-4852.0,-1.031
rsi2-NQ-tf30|eve|,news_never,th5_pts10-r2,False,528,1413.0,0.213
rsi2-NQ-tf30|eve|,news_never,th5_pts10-r3,False,525,13275.0,1.581
rsi2-NQ-tf30|eve|,news_never,th5_pts20-r0,False,425,28020.0,0.877
rsi2-NQ-tf30|eve|,news_never,th5_pts20-r1,False,447,6302.0,0.74
rsi2-NQ-tf30|eve|,news_never,th5_pts20-r2,False,444,14729.0,1.202
rsi2-NQ-tf30|eve|,news_never,th5_pts20-r3,False,437,16982.0,1.127
rsi2-NQ-tf30|eve|,news_never,th5_pts30-r0,False,376,45231.0,1.211
rsi2-NQ-tf30|eve|,news_never,th5_pts30-r1,False,396,21471.0,1.797
rsi2-NQ-tf30|eve|,news_never,th5_pts30-r2,False,387,23162.0,1.35
rsi2-NQ-tf30|eve|,news_never,th5_pts30-r3,False,383,41488.0,1.934
rsi2-NQ-tf30|eve|,news_never,th5_pts45-r0,False,346,28676.0,0.707
rsi2-NQ-tf30|eve|,news_never,th5_pts45-r1,False,360,16755.0,0.98
rsi2-NQ-tf30|eve|,news_never,th5_pts45-r2,False,352,44827.0,1.832
rsi2-NQ-tf30|eve|,news_never,th5_pts45-r3,False,350,63740.0,2.113
rsi2-NQ-tf30|eve|,news_never,th5_pct0p1-r0,False,469,23479.0,0.799
rsi2-NQ-tf30|eve|,news_never,th5_pct0p1-r1,False,501,516.0,0.082
rsi2-NQ-tf30|eve|,news_never,th5_pct0p1-r2,False,489,6469.0,0.725
rsi2-NQ-tf30|eve|,news_never,th5_pct0p1-r3,False,488,12408.0,1.119
rsi2-NQ-tf30|eve|,news_never,th5_pct0p2-r0,False,388,40143.0,1.097
rsi2-NQ-tf30|eve|,news_never,th5_pct0p2-r1,False,408,11893.0,1.054
rsi2-NQ-tf30|eve|,news_never,th5_pct0p2-r2,False,401,28666.0,1.764
rsi2-NQ-tf30|eve|,news_never,th5_pct0p2-r3,False,400,40870.0,2.015
rsi2-NQ-tf30|eve|,news_never,th10_atr1p5-r0,False,526,64221.0,1.358
rsi2-NQ-tf30|eve|,news_never,th10_atr1p5-r1,False,602,10882.0,0.559
rsi2-NQ-tf30|eve|,news_never,th10_atr1p5-r2,False,553,50053.0,1.836
rsi2-NQ-tf30|eve|,news_never,th10_atr1p5-r3,False,535,46445.0,1.437
rsi2-NQ-tf30|eve|,news_never,th10_atr3-r0,False,445,76580.0,1.318
rsi2-NQ-tf30|eve|,news_never,th10_atr3-r1,False,467,62012.0,1.817
rsi2-NQ-tf30|eve|,news_never,th10_atr3-r2,False,449,45699.0,1.039
rsi2-NQ-tf30|eve|,news_never,th10_atr3-r3,False,446,42601.0,0.859
rsi2-NQ-tf30|eve|,news_never,th10_pts10-r0,False,730,62020.0,1.851
rsi2-NQ-tf30|eve|,news_never,th10_pts10-r1,False,829,-951.0,-0.163
rsi2-NQ-tf30|eve|,news_never,th10_pts10-r2,False,809,4299.0,0.521
rsi2-NQ-tf30|eve|,news_never,th10_pts10-r3,False,794,17324.0,1.686
rsi2-NQ-tf30|eve|,news_never,th10_pts20-r0,False,605,87540.0,2.097
rsi2-NQ-tf30|eve|,news_never,th10_pts20-r1,False,689,10324.0,0.978
rsi2-NQ-tf30|eve|,news_never,th10_pts20-r2,False,656,24386.0,1.635
rsi2-NQ-tf30|eve|,news_never,th10_pts20-r3,False,631,35506.0,1.939
rsi2-NQ-tf30|eve|,news_never,th10_pts30-r0,False,528,84078.0,1.832
rsi2-NQ-tf30|eve|,news_never,th10_pts30-r1,False,600,18885.0,1.281
rsi2-NQ-tf30|eve|,news_never,th10_pts30-r2,False,557,29702.0,1.446
rsi2-NQ-tf30|eve|,news_never,th10_pts30-r3,False,542,65372.0,2.544
rsi2-NQ-tf30|eve|,news_never,th10_pts45-r0,False,482,51057.0,1.063
rsi2-NQ-tf30|eve|,news_never,th10_pts45-r1,False,523,21983.0,1.066
rsi2-NQ-tf30|eve|,news_never,th10_pts45-r2,False,495,61745.0,2.126
rsi2-NQ-tf30|eve|,news_never,th10_pts45-r3,False,488,76723.0,2.17
rsi2-NQ-tf30|eve|,news_never,th10_pct0p1-r0,False,674,75664.0,2.039
rsi2-NQ-tf30|eve|,news_never,th10_pct0p1-r1,False,770,2615.0,0.336
rsi2-NQ-tf30|eve|,news_never,th10_pct0p1-r2,False,737,13867.0,1.266
rsi2-NQ-tf30|eve|,news_never,th10_pct0p1-r3,False,720,23465.0,1.738
rsi2-NQ-tf30|eve|,news_never,th10_pct0p2-r0,False,539,80489.0,1.795
rsi2-NQ-tf30|eve|,news_never,th10_pct0p2-r1,False,610,9080.0,0.66
rsi2-NQ-tf30|eve|,news_never,th10_pct0p2-r2,False,570,37485.0,1.948
rsi2-NQ-tf30|eve|,news_never,th10_pct0p2-r3,False,562,66292.0,2.747
rsi2-NQ-tf30|eve|,news_never,th15_atr1p5-r0,False,598,92643.0,1.794
rsi2-NQ-tf30|eve|,news_never,th15_atr1p5-r1,False,742,10902.0,0.498
rsi2-NQ-tf30|eve|,news_never,th15_atr1p5-r2,False,636,65646.0,2.209
rsi2-NQ-tf30|eve|,news_never,th15_atr1p5-r3,False,608,73788.0,2.081
rsi2-NQ-tf30|eve|,news_never,th15_atr3-r0,False,502,147977.0,2.338
rsi2-NQ-tf30|eve|,news_never,th15_atr3-r1,False,535,114095.0,3.107
rsi2-NQ-tf30|eve|,news_never,th15_atr3-r2,False,507,97257.0,2.037
rsi2-NQ-tf30|eve|,news_never,th15_atr3-r3,False,503,88478.0,1.626
rsi2-NQ-tf30|eve|,news_never,th15_pts10-r0,False,882,113012.0,2.817
rsi2-NQ-tf30|eve|,news_never,th15_pts10-r1,False,1078,-1672.0,-0.251
rsi2-NQ-tf30|eve|,news_never,th15_pts10-r2,False,1038,8948.0,0.955
rsi2-NQ-tf30|eve|,news_never,th15_pts10-r3,False,1007,20987.0,1.816
rsi2-NQ-tf30|eve|,news_never,th15_pts20-r0,False,706,112096.0,2.427
rsi2-NQ-tf30|eve|,news_never,th15_pts20-r1,False,879,17094.0,1.434
rsi2-NQ-tf30|eve|,news_never,th15_pts20-r2,False,806,34061.0,2.055
rsi2-NQ-tf30|eve|,news_never,th15_pts20-r3,False,754,47714.0,2.373
rsi2-NQ-tf30|eve|,news_never,th15_pts30-r0,False,610,138240.0,2.682
rsi2-NQ-tf30|eve|,news_never,th15_pts30-r1,False,749,29339.0,1.783
rsi2-NQ-tf30|eve|,news_never,th15_pts30-r2,False,663,46358.0,2.059
rsi2-NQ-tf30|eve|,news_never,th15_pts30-r3,False,634,79069.0,2.84
rsi2-NQ-tf30|eve|,news_never,th15_pts45-r0,False,551,94391.0,1.786
rsi2-NQ-tf30|eve|,news_never,th15_pts45-r1,False,630,36610.0,1.62
rsi2-NQ-tf30|eve|,news_never,th15_pts45-r2,False,573,79473.0,2.533
rsi2-NQ-tf30|eve|,news_never,th15_pts45-r3,False,559,121349.0,3.136
rsi2-NQ-tf30|eve|,news_never,th15_pct0p1-r0,False,800,112750.0,2.663
rsi2-NQ-tf30|eve|,news_never,th15_pct0p1-r1,False,992,8127.0,0.926
rsi2-NQ-tf30|eve|,news_never,th15_pct0p1-r2,False,932,16797.0,1.375
rsi2-NQ-tf30|eve|,news_never,th15_pct0p1-r3,False,888,35203.0,2.344
rsi2-NQ-tf30|eve|,news_never,th15_pct0p2-r0,False,626,131316.0,2.615
rsi2-NQ-tf30|eve|,news_never,th15_pct0p2-r1,False,769,17399.0,1.136
rsi2-NQ-tf30|eve|,news_never,th15_pct0p2-r2,False,688,49598.0,2.355
rsi2-NQ-tf30|eve|,news_never,th15_pct0p2-r3,False,664,82794.0,3.164
rsi2-NQ-tf30|eve|,long,th5_atr1p5-r0,False,200,-10480.0,-0.409
rsi2-NQ-tf30|eve|,long,th5_atr1p5-r1,False,218,10248.0,0.79
rsi2-NQ-tf30|eve|,long,th5_atr1p5-r2,False,206,37951.0,2.042
rsi2-NQ-tf30|eve|,long,th5_atr1p5-r3,False,203,26858.0,1.227
rsi2-NQ-tf30|eve|,long,th5_atr3-r0,False,173,15023.0,0.429
rsi2-NQ-tf30|eve|,long,th5_atr3-r1,False,177,59997.0,2.766
rsi2-NQ-tf30|eve|,long,th5_atr3-r2,False,174,47544.0,1.646
rsi2-NQ-tf30|eve|,long,th5_atr3-r3,False,173,37773.0,1.128
rsi2-NQ-tf30|eve|,long,th5_pts10-r0,False,276,-18954.0,-1.506
rsi2-NQ-tf30|eve|,long,th5_pts10-r1,False,298,-4072.0,-1.161
rsi2-NQ-tf30|eve|,long,th5_pts10-r2,False,293,353.0,0.071
rsi2-NQ-tf30|eve|,long,th5_pts10-r3,False,289,4679.0,0.759
rsi2-NQ-tf30|eve|,long,th5_pts20-r0,False,236,5176.0,0.233
rsi2-NQ-tf30|eve|,long,th5_pts20-r1,False,252,9582.0,1.505
rsi2-NQ-tf30|eve|,long,th5_pts20-r2,False,248,21403.0,2.287
rsi2-NQ-tf30|eve|,long,th5_pts20-r3,False,245,23305.0,1.994
rsi2-NQ-tf30|eve|,long,th5_pts30-r0,False,205,-20040.0,-0.916
rsi2-NQ-tf30|eve|,long,th5_pts30-r1,False,220,6955.0,0.778
rsi2-NQ-tf30|eve|,long,th5_pts30-r2,False,214,16609.0,1.295
rsi2-NQ-tf30|eve|,long,th5_pts30-r3,False,211,27151.0,1.689
rsi2-NQ-tf30|eve|,long,th5_pts45-r0,False,188,-14687.0,-0.562
rsi2-NQ-tf30|eve|,long,th5_pts45-r1,False,198,6998.0,0.551
rsi2-NQ-tf30|eve|,long,th5_pts45-r2,False,193,36593.0,1.982
rsi2-NQ-tf30|eve|,long,th5_pts45-r3,False,191,45526.0,2.006
rsi2-NQ-tf30|eve|,long,th5_pct0p1-r0,False,254,-16286.0,-1.018
rsi2-NQ-tf30|eve|,long,th5_pct0p1-r1,False,276,891.0,0.192
rsi2-NQ-tf30|eve|,long,th5_pct0p1-r2,False,268,5603.0,0.849
rsi2-NQ-tf30|eve|,long,th5_pct0p1-r3,False,267,10932.0,1.32
rsi2-NQ-tf30|eve|,long,th5_pct0p2-r0,False,212,-19373.0,-0.901
rsi2-NQ-tf30|eve|,long,th5_pct0p2-r1,False,226,8516.0,1.023
rsi2-NQ-tf30|eve|,long,th5_pct0p2-r2,False,221,20171.0,1.676
rsi2-NQ-tf30|eve|,long,th5_pct0p2-r3,False,220,25945.0,1.726
rsi2-NQ-tf30|eve|,long,th10_atr1p5-r0,False,288,14483.0,0.448
rsi2-NQ-tf30|eve|,long,th10_atr1p5-r1,False,339,15834.0,1.024
rsi2-NQ-tf30|eve|,long,th10_atr1p5-r2,False,304,44734.0,2.086
rsi2-NQ-tf30|eve|,long,th10_atr1p5-r3,False,295,34295.0,1.35
rsi2-NQ-tf30|eve|,long,th10_atr3-r0,False,242,52102.0,1.212
rsi2-NQ-tf30|eve|,long,th10_atr3-r1,False,254,65294.0,2.548
rsi2-NQ-tf30|eve|,long,th10_atr3-r2,False,245,71320.0,2.075
rsi2-NQ-tf30|eve|,long,th10_atr3-r3,False,243,63648.0,1.643
rsi2-NQ-tf30|eve|,long,th10_pts10-r0,False,401,6736.0,0.328
rsi2-NQ-tf30|eve|,long,th10_pts10-r1,False,464,-751.0,-0.172
rsi2-NQ-tf30|eve|,long,th10_pts10-r2,False,453,128.0,0.021
rsi2-NQ-tf30|eve|,long,th10_pts10-r3,False,443,7038.0,0.923
rsi2-NQ-tf30|eve|,long,th10_pts20-r0,False,340,33045.0,1.158
rsi2-NQ-tf30|eve|,long,th10_pts20-r1,False,390,11075.0,1.396
rsi2-NQ-tf30|eve|,long,th10_pts20-r2,False,371,26496.0,2.327
rsi2-NQ-tf30|eve|,long,th10_pts20-r3,False,358,34853.0,2.465
rsi2-NQ-tf30|eve|,long,th10_pts30-r0,False,292,8747.0,0.299
rsi2-NQ-tf30|eve|,long,th10_pts30-r1,False,335,7955.0,0.721
rsi2-NQ-tf30|eve|,long,th10_pts30-r2,False,311,24326.0,1.573
rsi2-NQ-tf30|eve|,long,th10_pts30-r3,False,304,37874.0,1.965
rsi2-NQ-tf30|eve|,long,th10_pts45-r0,False,266,19876.0,0.578
rsi2-NQ-tf30|eve|,long,th10_pts45-r1,False,292,11797.0,0.766
rsi2-NQ-tf30|eve|,long,th10_pts45-r2,False,277,42732.0,1.947
rsi2-NQ-tf30|eve|,long,th10_pts45-r3,False,271,51851.0,1.952
rsi2-NQ-tf30|eve|,long,th10_pct0p1-r0,False,368,7693.0,0.331
rsi2-NQ-tf30|eve|,long,th10_pct0p1-r1,False,431,2381.0,0.409
rsi2-NQ-tf30|eve|,long,th10_pct0p1-r2,False,410,4925.0,0.606
rsi2-NQ-tf30|eve|,long,th10_pct0p1-r3,False,400,11660.0,1.162
rsi2-NQ-tf30|eve|,long,th10_pct0p2-r0,False,301,-849.0,-0.03
rsi2-NQ-tf30|eve|,long,th10_pct0p2-r1,False,341,6726.0,0.653
rsi2-NQ-tf30|eve|,long,th10_pct0p2-r2,False,319,26604.0,1.838
rsi2-NQ-tf30|eve|,long,th10_pct0p2-r3,False,316,33866.0,1.878
rsi2-NQ-tf30|eve|,long,th15_atr1p5-r0,False,332,46812.0,1.247
rsi2-NQ-tf30|eve|,long,th15_atr1p5-r1,False,419,25269.0,1.486
rsi2-NQ-tf30|eve|,long,th15_atr1p5-r2,False,357,47617.0,2.068
rsi2-NQ-tf30|eve|,long,th15_atr1p5-r3,False,340,40105.0,1.472
rsi2-NQ-tf30|eve|,long,th15_atr3-r0,False,280,114550.0,2.348
rsi2-NQ-tf30|eve|,long,th15_atr3-r1,False,300,86865.0,3.152
rsi2-NQ-tf30|eve|,long,th15_atr3-r2,False,284,87519.0,2.368
rsi2-NQ-tf30|eve|,long,th15_atr3-r3,False,281,88311.0,2.085
rsi2-NQ-tf30|eve|,long,th15_pts10-r0,False,482,50572.0,1.793
rsi2-NQ-tf30|eve|,long,th15_pts10-r1,False,611,-2784.0,-0.555
rsi2-NQ-tf30|eve|,long,th15_pts10-r2,False,583,708.0,0.102
rsi2-NQ-tf30|eve|,long,th15_pts10-r3,False,556,9906.0,1.157
rsi2-NQ-tf30|eve|,long,th15_pts20-r0,False,398,60478.0,1.798
rsi2-NQ-tf30|eve|,long,th15_pts20-r1,False,503,12333.0,1.368
rsi2-NQ-tf30|eve|,long,th15_pts20-r2,False,455,33080.0,2.623
rsi2-NQ-tf30|eve|,long,th15_pts20-r3,False,431,40276.0,2.602
rsi2-NQ-tf30|eve|,long,th15_pts30-r0,False,346,61771.0,1.701
rsi2-NQ-tf30|eve|,long,th15_pts30-r1,False,421,13416.0,1.086
rsi2-NQ-tf30|eve|,long,th15_pts30-r2,False,379,33439.0,1.954
rsi2-NQ-tf30|eve|,long,th15_pts30-r3,False,363,52428.0,2.47
rsi2-NQ-tf30|eve|,long,th15_pts45-r0,False,313,66408.0,1.66
rsi2-NQ-tf30|eve|,long,th15_pts45-r1,False,355,19485.0,1.148
rsi2-NQ-tf30|eve|,long,th15_pts45-r2,False,328,61263.0,2.551
rsi2-NQ-tf30|eve|,long,th15_pts45-r3,False,320,86000.0,2.909
rsi2-NQ-tf30|eve|,long,th15_pct0p1-r0,False,438,52123.0,1.715
rsi2-NQ-tf30|eve|,long,th15_pct0p1-r1,False,562,517.0,0.078
rsi2-NQ-tf30|eve|,long,th15_pct0p1-r2,False,521,9021.0,0.987
rsi2-NQ-tf30|eve|,long,th15_pct0p1-r3,False,497,20467.0,1.815
rsi2-NQ-tf30|eve|,long,th15_pct0p2-r0,False,358,58993.0,1.663
rsi2-NQ-tf30|eve|,long,th15_pct0p2-r1,False,434,12789.0,1.111
rsi2-NQ-tf30|eve|,long,th15_pct0p2-r2,False,391,39941.0,2.496
rsi2-NQ-tf30|eve|,long,th15_pct0p2-r3,False,381,52126.0,2.616
rsi2-NQ-tf30|eve|,short,th5_atr1p5-r0,False,225,24080.0,0.79
rsi2-NQ-tf30|eve|,short,th5_atr1p5-r1,False,230,3620.0,0.338
rsi2-NQ-tf30|eve|,short,th5_atr1p5-r2,False,229,204.0,0.014
rsi2-NQ-tf30|eve|,short,th5_atr1p5-r3,False,227,14747.0,0.809
rsi2-NQ-tf30|eve|,short,th5_atr3-r0,False,197,53847.0,1.369
rsi2-NQ-tf30|eve|,short,th5_atr3-r1,False,201,10186.0,0.504
rsi2-NQ-tf30|eve|,short,th5_atr3-r2,False,197,9582.0,0.355
rsi2-NQ-tf30|eve|,short,th5_atr3-r3,False,197,22087.0,0.702
rsi2-NQ-tf30|eve|,short,th5_pts10-r0,False,295,37710.0,1.501
rsi2-NQ-tf30|eve|,short,th5_pts10-r1,False,307,1807.0,0.509
rsi2-NQ-tf30|eve|,short,th5_pts10-r2,False,302,3372.0,0.665
rsi2-NQ-tf30|eve|,short,th5_pts10-r3,False,302,11682.0,1.805
rsi2-NQ-tf30|eve|,short,th5_pts20-r0,False,244,25654.0,0.984
rsi2-NQ-tf30|eve|,short,th5_pts20-r1,False,253,2773.0,0.433
rsi2-NQ-tf30|eve|,short,th5_pts20-r2,False,252,5357.0,0.583
rsi2-NQ-tf30|eve|,short,th5_pts20-r3,False,248,10888.0,0.955
rsi2-NQ-tf30|eve|,short,th5_pts30-r0,False,224,61034.0,1.868
rsi2-NQ-tf30|eve|,short,th5_pts30-r1,False,231,21976.0,2.429
rsi2-NQ-tf30|eve|,short,th5_pts30-r2,False,227,22342.0,1.679
rsi2-NQ-tf30|eve|,short,th5_pts30-r3,False,225,15635.0,0.965
rsi2-NQ-tf30|eve|,short,th5_pts45-r0,False,206,27286.0,0.836
rsi2-NQ-tf30|eve|,short,th5_pts45-r1,False,211,21126.0,1.618
rsi2-NQ-tf30|eve|,short,th5_pts45-r2,False,207,5107.0,0.279
rsi2-NQ-tf30|eve|,short,th5_pts45-r3,False,207,14167.0,0.629
rsi2-NQ-tf30|eve|,short,th5_pct0p1-r0,False,276,40721.0,1.507
rsi2-NQ-tf30|eve|,short,th5_pct0p1-r1,False,288,1818.0,0.38
rsi2-NQ-tf30|eve|,short,th5_pct0p1-r2,False,283,6103.0,0.892
rsi2-NQ-tf30|eve|,short,th5_pct0p1-r3,False,283,8193.0,0.964
rsi2-NQ-tf30|eve|,short,th5_pct0p2-r0,False,229,57809.0,1.806
rsi2-NQ-tf30|eve|,short,th5_pct0p2-r1,False,237,13257.0,1.538
rsi2-NQ-tf30|eve|,short,th5_pct0p2-r2,False,234,22489.0,1.784
rsi2-NQ-tf30|eve|,short,th5_pct0p2-r3,False,233,19698.0,1.272
rsi2-NQ-tf30|eve|,short,th10_atr1p5-r0,False,307,46952.0,1.231
rsi2-NQ-tf30|eve|,short,th10_atr1p5-r1,False,342,6507.0,0.477
rsi2-NQ-tf30|eve|,short,th10_atr1p5-r2,False,321,12886.0,0.687
rsi2-NQ-tf30|eve|,short,th10_atr1p5-r3,False,310,28245.0,1.249
rsi2-NQ-tf30|eve|,short,th10_atr3-r0,False,263,48918.0,1.073
rsi2-NQ-tf30|eve|,short,th10_atr3-r1,False,276,4126.0,0.164
rsi2-NQ-tf30|eve|,short,th10_atr3-r2,False,264,-6526.0,-0.209
rsi2-NQ-tf30|eve|,short,th10_atr3-r3,False,263,5818.0,0.16
rsi2-NQ-tf30|eve|,short,th10_pts10-r0,False,425,62240.0,2.068
rsi2-NQ-tf30|eve|,short,th10_pts10-r1,False,474,1694.0,0.384
rsi2-NQ-tf30|eve|,short,th10_pts10-r2,False,463,5363.0,0.854
rsi2-NQ-tf30|eve|,short,th10_pts10-r3,False,454,12864.0,1.642
rsi2-NQ-tf30|eve|,short,th10_pts20-r0,False,336,63291.0,1.85
rsi2-NQ-tf30|eve|,short,th10_pts20-r1,False,385,5120.0,0.648
rsi2-NQ-tf30|eve|,short,th10_pts20-r2,False,363,10538.0,0.953
rsi2-NQ-tf30|eve|,short,th10_pts20-r3,False,348,19708.0,1.448
rsi2-NQ-tf30|eve|,short,th10_pts30-r0,False,304,73179.0,1.889
rsi2-NQ-tf30|eve|,short,th10_pts30-r1,False,343,13998.0,1.256
rsi2-NQ-tf30|eve|,short,th10_pts30-r2,False,318,17468.0,1.123
rsi2-NQ-tf30|eve|,short,th10_pts30-r3,False,308,25708.0,1.345
rsi2-NQ-tf30|eve|,short,th10_pts45-r0,False,277,37787.0,0.989
rsi2-NQ-tf30|eve|,short,th10_pts45-r1,False,298,23243.0,1.495
rsi2-NQ-tf30|eve|,short,th10_pts45-r2,False,280,19385.0,0.899
rsi2-NQ-tf30|eve|,short,th10_pts45-r3,False,278,32498.0,1.223
rsi2-NQ-tf30|eve|,short,th10_pct0p1-r0,False,394,66964.0,2.082
rsi2-NQ-tf30|eve|,short,th10_pct0p1-r1,False,441,951.0,0.162
rsi2-NQ-tf30|eve|,short,th10_pct0p1-r2,False,426,11306.0,1.354
rsi2-NQ-tf30|eve|,short,th10_pct0p1-r3,False,413,18913.0,1.83
rsi2-NQ-tf30|eve|,short,th10_pct0p2-r0,False,307,81572.0,2.123
rsi2-NQ-tf30|eve|,short,th10_pct0p2-r1,False,351,7311.0,0.7
rsi2-NQ-tf30|eve|,short,th10_pct0p2-r2,False,324,19624.0,1.355
rsi2-NQ-tf30|eve|,short,th10_pct0p2-r3,False,317,34567.0,1.917
rsi2-NQ-tf30|eve|,short,th15_atr1p5-r0,False,349,51259.0,1.278
rsi2-NQ-tf30|eve|,short,th15_atr1p5-r1,False,423,-2597.0,-0.166
rsi2-NQ-tf30|eve|,short,th15_atr1p5-r2,False,367,31922.0,1.524
rsi2-NQ-tf30|eve|,short,th15_atr1p5-r3,False,352,48377.0,1.916
rsi2-NQ-tf30|eve|,short,th15_atr3-r0,False,292,51722.0,1.105
rsi2-NQ-tf30|eve|,short,th15_atr3-r1,False,310,29780.0,1.094
rsi2-NQ-tf30|eve|,short,th15_atr3-r2,False,293,14183.0,0.417
rsi2-NQ-tf30|eve|,short,th15_atr3-r3,False,292,20082.0,0.507
rsi2-NQ-tf30|eve|,short,th15_pts10-r0,False,525,74695.0,2.264
rsi2-NQ-tf30|eve|,short,th15_pts10-r1,False,619,3724.0,0.739
rsi2-NQ-tf30|eve|,short,th15_pts10-r2,False,600,10540.0,1.467
rsi2-NQ-tf30|eve|,short,th15_pts10-r3,False,586,16606.0,1.866
rsi2-NQ-tf30|eve|,short,th15_pts20-r0,False,398,69493.0,1.903
rsi2-NQ-tf30|eve|,short,th15_pts20-r1,False,491,14051.0,1.579
rsi2-NQ-tf30|eve|,short,th15_pts20-r2,False,451,16656.0,1.346
rsi2-NQ-tf30|eve|,short,th15_pts20-r3,False,419,27509.0,1.832
rsi2-NQ-tf30|eve|,short,th15_pts30-r0,False,348,85573.0,2.079
rsi2-NQ-tf30|eve|,short,th15_pts30-r1,False,428,22443.0,1.807
rsi2-NQ-tf30|eve|,short,th15_pts30-r2,False,374,30279.0,1.782
rsi2-NQ-tf30|eve|,short,th15_pts30-r3,False,357,29522.0,1.435
rsi2-NQ-tf30|eve|,short,th15_pts45-r0,False,311,43751.0,1.085
rsi2-NQ-tf30|eve|,short,th15_pts45-r1,False,355,30985.0,1.829
rsi2-NQ-tf30|eve|,short,th15_pts45-r2,False,319,21184.0,0.919
rsi2-NQ-tf30|eve|,short,th15_pts45-r3,False,312,46442.0,1.624
rsi2-NQ-tf30|eve|,short,th15_pct0p1-r0,False,476,69101.0,2.028
rsi2-NQ-tf30|eve|,short,th15_pct0p1-r1,False,568,11218.0,1.7
rsi2-NQ-tf30|eve|,short,th15_pct0p1-r2,False,539,15569.0,1.668
rsi2-NQ-tf30|eve|,short,th15_pct0p1-r3,False,514,25449.0,2.217
rsi2-NQ-tf30|eve|,short,th15_pct0p2-r0,False,356,83631.0,2.079
rsi2-NQ-tf30|eve|,short,th15_pct0p2-r1,False,440,14435.0,1.247
rsi2-NQ-tf30|eve|,short,th15_pct0p2-r2,False,391,23251.0,1.468
rsi2-NQ-tf30|eve|,short,th15_pct0p2-r3,False,373,40458.0,2.077
rsi2-NQ-tf15|asia|,all,th5_atr1p5-r0,False,553,21798.0,0.575
rsi2-NQ-tf15|asia|,all,th5_atr1p5-r1,False,600,7655.0,0.683
rsi2-NQ-tf15|asia|,all,th5_atr1p5-r2,False,580,20690.0,1.284
rsi2-NQ-tf15|asia|,all,th5_atr1p5-r3,False,568,9503.0,0.493
rsi2-NQ-tf15|asia|,all,th5_atr3-r0,False,458,43523.0,0.901
rsi2-NQ-tf15|asia|,all,th5_atr3-r1,False,485,6580.0,0.328
rsi2-NQ-tf15|asia|,all,th5_atr3-r2,False,466,6231.0,0.226
rsi2-NQ-tf15|asia|,all,th5_atr3-r3,False,458,25183.0,0.742
rsi2-NQ-tf15|asia|,all,th5_pts10-r0,False,629,994.0,0.037
rsi2-NQ-tf15|asia|,all,th5_pts10-r1,False,674,-14296.0,-2.721
rsi2-NQ-tf15|asia|,all,th5_pts10-r2,False,670,-12015.0,-1.647
rsi2-NQ-tf15|asia|,all,th5_pts10-r3,False,663,-9242.0,-1.038
rsi2-NQ-tf15|asia|,all,th5_pts20-r0,False,519,15794.0,0.424
rsi2-NQ-tf15|asia|,all,th5_pts20-r1,False,561,-2614.0,-0.274
rsi2-NQ-tf15|asia|,all,th5_pts20-r2,False,541,7481.0,0.558
rsi2-NQ-tf15|asia|,all,th5_pts20-r3,False,534,12484.0,0.757
rsi2-NQ-tf15|asia|,all,th5_pts30-r0,False,456,54181.0,1.272
rsi2-NQ-tf15|asia|,all,th5_pts30-r1,False,489,9354.0,0.702
rsi2-NQ-tf15|asia|,all,th5_pts30-r2,False,471,34281.0,1.802
rsi2-NQ-tf15|asia|,all,th5_pts30-r3,False,457,43782.0,1.868
rsi2-NQ-tf15|asia|,all,th5_pts45-r0,False,425,29925.0,0.633
rsi2-NQ-tf15|asia|,all,th5_pts45-r1,False,443,18583.0,0.979
rsi2-NQ-tf15|asia|,all,th5_pts45-r2,False,426,29471.0,1.101
rsi2-NQ-tf15|asia|,all,th5_pts45-r3,False,425,32130.0,0.983
rsi2-NQ-tf15|asia|,all,th5_pct0p1-r0,False,576,17886.0,0.517
rsi2-NQ-tf15|asia|,all,th5_pct0p1-r1,False,621,-4429.0,-0.637
rsi2-NQ-tf15|asia|,all,th5_pct0p1-r2,False,606,2936.0,0.3
rsi2-NQ-tf15|asia|,all,th5_pct0p1-r3,False,597,9727.0,0.803
rsi2-NQ-tf15|asia|,all,th5_pct0p2-r0,False,468,57908.0,1.393
rsi2-NQ-tf15|asia|,all,th5_pct0p2-r1,False,501,10161.0,0.819
rsi2-NQ-tf15|asia|,all,th5_pct0p2-r2,False,484,33704.0,1.889
rsi2-NQ-tf15|asia|,all,th5_pct0p2-r3,False,470,49695.0,2.243
rsi2-NQ-tf15|asia|,all,th10_atr1p5-r0,False,751,6446.0,0.154
rsi2-NQ-tf15|asia|,all,th10_atr1p5-r1,False,889,7204.0,0.538
rsi2-NQ-tf15|asia|,all,th10_atr1p5-r2,False,821,7876.0,0.426
rsi2-NQ-tf15|asia|,all,th10_atr1p5-r3,False,781,-12759.0,-0.593
rsi2-NQ-tf15|asia|,all,th10_atr3-r0,False,599,62674.0,1.154
rsi2-NQ-tf15|asia|,all,th10_atr3-r1,False,666,741.0,0.032
rsi2-NQ-tf15|asia|,all,th10_atr3-r2,False,616,23086.0,0.729
rsi2-NQ-tf15|asia|,all,th10_atr3-r3,False,599,48414.0,1.243
rsi2-NQ-tf15|asia|,all,th10_pts10-r0,False,890,-13290.0,-0.443
rsi2-NQ-tf15|asia|,all,th10_pts10-r1,False,1024,-24736.0,-3.825
rsi2-NQ-tf15|asia|,all,th10_pts10-r2,False,995,-24360.0,-2.768
rsi2-NQ-tf15|asia|,all,th10_pts10-r3,False,966,-17929.0,-1.683
rsi2-NQ-tf15|asia|,all,th10_pts20-r0,False,695,745.0,0.018
rsi2-NQ-tf15|asia|,all,th10_pts20-r1,False,821,-6804.0,-0.589
rsi2-NQ-tf15|asia|,all,th10_pts20-r2,False,755,9025.0,0.571
rsi2-NQ-tf15|asia|,all,th10_pts20-r3,False,723,8938.0,0.47
rsi2-NQ-tf15|asia|,all,th10_pts30-r0,False,603,74498.0,1.519
rsi2-NQ-tf15|asia|,all,th10_pts30-r1,False,692,11002.0,0.694
rsi2-NQ-tf15|asia|,all,th10_pts30-r2,False,630,33045.0,1.512
rsi2-NQ-tf15|asia|,all,th10_pts30-r3,False,606,39126.0,1.471
rsi2-NQ-tf15|asia|,all,th10_pts45-r0,False,544,50174.0,0.953
rsi2-NQ-tf15|asia|,all,th10_pts45-r1,False,589,28414.0,1.299
rsi2-NQ-tf15|asia|,all,th10_pts45-r2,False,547,45887.0,1.508
rsi2-NQ-tf15|asia|,all,th10_pts45-r3,False,544,74824.0,1.986
rsi2-NQ-tf15|asia|,all,th10_pct0p1-r0,False,799,6564.0,0.173
rsi2-NQ-tf15|asia|,all,th10_pct0p1-r1,False,931,-12144.0,-1.433
rsi2-NQ-tf15|asia|,all,th10_pct0p1-r2,False,891,-3189.0,-0.271
rsi2-NQ-tf15|asia|,all,th10_pct0p1-r3,False,851,-644.0,-0.046
rsi2-NQ-tf15|asia|,all,th10_pct0p2-r0,False,623,74528.0,1.561
rsi2-NQ-tf15|asia|,all,th10_pct0p2-r1,False,722,11682.0,0.787
rsi2-NQ-tf15|asia|,all,th10_pct0p2-r2,False,654,42394.0,2.055
rsi2-NQ-tf15|asia|,all,th10_pct0p2-r3,False,629,44119.0,1.754
rsi2-NQ-tf15|asia|,all,th15_atr1p5-r0,False,867,7277.0,0.163
rsi2-NQ-tf15|asia|,all,th15_atr1p5-r1,False,1102,4102.0,0.281
rsi2-NQ-tf15|asia|,all,th15_atr1p5-r2,False,964,26879.0,1.352
rsi2-NQ-tf15|asia|,all,th15_atr1p5-r3,False,902,1097.0,0.048
rsi2-NQ-tf15|asia|,all,th15_atr3-r0,False,666,31886.0,0.581
rsi2-NQ-tf15|asia|,all,th15_atr3-r1,False,755,19205.0,0.799
rsi2-NQ-tf15|asia|,all,th15_atr3-r2,False,682,28402.0,0.873
rsi2-NQ-tf15|asia|,all,th15_atr3-r3,False,666,33076.0,0.838
rsi2-NQ-tf15|asia|,all,th15_pts10-r0,False,1022,-11538.0,-0.351
rsi2-NQ-tf15|asia|,all,th15_pts10-r1,False,1263,-26167.0,-3.639
rsi2-NQ-tf15|asia|,all,th15_pts10-r2,False,1184,-25211.0,-2.613
rsi2-NQ-tf15|asia|,all,th15_pts10-r3,False,1135,-20330.0,-1.759
rsi2-NQ-tf15|asia|,all,th15_pts20-r0,False,792,19177.0,0.425
rsi2-NQ-tf15|asia|,all,th15_pts20-r1,False,984,-16396.0,-1.297
rsi2-NQ-tf15|asia|,all,th15_pts20-r2,False,867,13782.0,0.812
rsi2-NQ-tf15|asia|,all,th15_pts20-r3,False,824,18919.0,0.925
rsi2-NQ-tf15|asia|,all,th15_pts30-r0,False,676,63851.0,1.259
rsi2-NQ-tf15|asia|,all,th15_pts30-r1,False,802,15092.0,0.884
rsi2-NQ-tf15|asia|,all,th15_pts30-r2,False,707,47537.0,2.044
rsi2-NQ-tf15|asia|,all,th15_pts30-r3,False,680,39685.0,1.412
rsi2-NQ-tf15|asia|,all,th15_pts45-r0,False,603,36613.0,0.672
rsi2-NQ-tf15|asia|,all,th15_pts45-r1,False,655,42430.0,1.842
rsi2-NQ-tf15|asia|,all,th15_pts45-r2,False,607,64322.0,1.997
rsi2-NQ-tf15|asia|,all,th15_pts45-r3,False,603,68198.0,1.733
rsi2-NQ-tf15|asia|,all,th15_pct0p1-r0,False,907,23807.0,0.569
rsi2-NQ-tf15|asia|,all,th15_pct0p1-r1,False,1137,-15383.0,-1.642
rsi2-NQ-tf15|asia|,all,th15_pct0p1-r2,False,1050,-3650.0,-0.286
rsi2-NQ-tf15|asia|,all,th15_pct0p1-r3,False,978,793.0,0.052
rsi2-NQ-tf15|asia|,all,th15_pct0p2-r0,False,700,73000.0,1.456
rsi2-NQ-tf15|asia|,all,th15_pct0p2-r1,False,845,12200.0,0.761
rsi2-NQ-tf15|asia|,all,th15_pct0p2-r2,False,736,50256.0,2.299
rsi2-NQ-tf15|asia|,all,th15_pct0p2-r3,False,709,48199.0,1.813
rsi2-NQ-tf15|asia|,adx_hi,th5_atr1p5-r0,False,245,35365.0,1.077
rsi2-NQ-tf15|asia|,adx_hi,th5_atr1p5-r1,False,270,8635.0,0.988
rsi2-NQ-tf15|asia|,adx_hi,th5_atr1p5-r2,False,258,12608.0,1.005
rsi2-NQ-tf15|asia|,adx_hi,th5_atr1p5-r3,False,253,2888.0,0.193
rsi2-NQ-tf15|asia|,adx_hi,th5_atr3-r0,False,209,49584.0,1.244
rsi2-NQ-tf15|asia|,adx_hi,th5_atr3-r1,False,221,1841.0,0.118
rsi2-NQ-tf15|asia|,adx_hi,th5_atr3-r2,False,213,3408.0,0.158
rsi2-NQ-tf15|asia|,adx_hi,th5_atr3-r3,False,209,2384.0,0.091
rsi2-NQ-tf15|asia|,adx_hi,th5_pts10-r0,False,288,15433.0,0.679
rsi2-NQ-tf15|asia|,adx_hi,th5_pts10-r1,False,307,-4753.0,-1.336
rsi2-NQ-tf15|asia|,adx_hi,th5_pts10-r2,False,304,-5006.0,-1.015
rsi2-NQ-tf15|asia|,adx_hi,th5_pts10-r3,False,303,-3117.0,-0.514
rsi2-NQ-tf15|asia|,adx_hi,th5_pts20-r0,False,243,35978.0,1.124
rsi2-NQ-tf15|asia|,adx_hi,th5_pts20-r1,False,262,-2618.0,-0.401
rsi2-NQ-tf15|asia|,adx_hi,th5_pts20-r2,False,255,6430.0,0.694
rsi2-NQ-tf15|asia|,adx_hi,th5_pts20-r3,False,251,-4909.0,-0.449
rsi2-NQ-tf15|asia|,adx_hi,th5_pts30-r0,False,217,60497.0,1.714
rsi2-NQ-tf15|asia|,adx_hi,th5_pts30-r1,False,235,9835.0,1.065
rsi2-NQ-tf15|asia|,adx_hi,th5_pts30-r2,False,226,8451.0,0.648
rsi2-NQ-tf15|asia|,adx_hi,th5_pts30-r3,False,218,11408.0,0.717
rsi2-NQ-tf15|asia|,adx_hi,th5_pts45-r0,False,206,48056.0,1.226
rsi2-NQ-tf15|asia|,adx_hi,th5_pts45-r1,False,217,11057.0,0.833
rsi2-NQ-tf15|asia|,adx_hi,th5_pts45-r2,False,207,5072.0,0.274
rsi2-NQ-tf15|asia|,adx_hi,th5_pts45-r3,False,206,19566.0,0.852
rsi2-NQ-tf15|asia|,adx_hi,th5_pct0p1-r0,False,268,32973.0,1.088
rsi2-NQ-tf15|asia|,adx_hi,th5_pct0p1-r1,False,288,3648.0,0.766
rsi2-NQ-tf15|asia|,adx_hi,th5_pct0p1-r2,False,281,4711.0,0.695
rsi2-NQ-tf15|asia|,adx_hi,th5_pct0p1-r3,False,279,6809.0,0.811
rsi2-NQ-tf15|asia|,adx_hi,th5_pct0p2-r0,False,221,56761.0,1.658
rsi2-NQ-tf15|asia|,adx_hi,th5_pct0p2-r1,False,238,9253.0,1.077
rsi2-NQ-tf15|asia|,adx_hi,th5_pct0p2-r2,False,230,9140.0,0.746
rsi2-NQ-tf15|asia|,adx_hi,th5_pct0p2-r3,False,222,10412.0,0.699
rsi2-NQ-tf15|asia|,adx_hi,th10_atr1p5-r0,False,329,35359.0,1.011
rsi2-NQ-tf15|asia|,adx_hi,th10_atr1p5-r1,False,388,3423.0,0.334
rsi2-NQ-tf15|asia|,adx_hi,th10_atr1p5-r2,False,353,4128.0,0.294
rsi2-NQ-tf15|asia|,adx_hi,th10_atr1p5-r3,False,340,-6360.0,-0.386
rsi2-NQ-tf15|asia|,adx_hi,th10_atr3-r0,False,271,68976.0,1.581
rsi2-NQ-tf15|asia|,adx_hi,th10_atr3-r1,False,291,3801.0,0.216
rsi2-NQ-tf15|asia|,adx_hi,th10_atr3-r2,False,276,19971.0,0.808
rsi2-NQ-tf15|asia|,adx_hi,th10_atr3-r3,False,271,30596.0,1.001
rsi2-NQ-tf15|asia|,adx_hi,th10_pts10-r0,False,404,12114.0,0.496
rsi2-NQ-tf15|asia|,adx_hi,th10_pts10-r1,False,457,-9818.0,-2.268
rsi2-NQ-tf15|asia|,adx_hi,th10_pts10-r2,False,442,-12118.0,-2.073
rsi2-NQ-tf15|asia|,adx_hi,th10_pts10-r3,False,432,-10808.0,-1.534
rsi2-NQ-tf15|asia|,adx_hi,th10_pts20-r0,False,314,33554.0,0.982
rsi2-NQ-tf15|asia|,adx_hi,th10_pts20-r1,False,368,-5777.0,-0.747
rsi2-NQ-tf15|asia|,adx_hi,th10_pts20-r2,False,344,7334.0,0.683
rsi2-NQ-tf15|asia|,adx_hi,th10_pts20-r3,False,330,-5155.0,-0.41
rsi2-NQ-tf15|asia|,adx_hi,th10_pts30-r0,False,281,68261.0,1.742
rsi2-NQ-tf15|asia|,adx_hi,th10_pts30-r1,False,319,10474.0,0.973
rsi2-NQ-tf15|asia|,adx_hi,th10_pts30-r2,False,296,3691.0,0.25
rsi2-NQ-tf15|asia|,adx_hi,th10_pts30-r3,False,283,7443.0,0.417
rsi2-NQ-tf15|asia|,adx_hi,th10_pts45-r0,False,255,65790.0,1.567
rsi2-NQ-tf15|asia|,adx_hi,th10_pts45-r1,False,277,12442.0,0.829
rsi2-NQ-tf15|asia|,adx_hi,th10_pts45-r2,False,257,19902.0,0.957
rsi2-NQ-tf15|asia|,adx_hi,th10_pts45-r3,False,255,46400.0,1.776
rsi2-NQ-tf15|asia|,adx_hi,th10_pct0p1-r0,False,366,29641.0,0.936
rsi2-NQ-tf15|asia|,adx_hi,th10_pct0p1-r1,False,422,-723.0,-0.126
rsi2-NQ-tf15|asia|,adx_hi,th10_pct0p1-r2,False,403,803.0,0.101
rsi2-NQ-tf15|asia|,adx_hi,th10_pct0p1-r3,False,390,-420.0,-0.044
rsi2-NQ-tf15|asia|,adx_hi,th10_pct0p2-r0,False,284,68084.0,1.79
rsi2-NQ-tf15|asia|,adx_hi,th10_pct0p2-r1,False,327,9042.0,0.904
rsi2-NQ-tf15|asia|,adx_hi,th10_pct0p2-r2,False,301,9301.0,0.671
rsi2-NQ-tf15|asia|,adx_hi,th10_pct0p2-r3,False,288,13583.0,0.806
rsi2-NQ-tf15|asia|,adx_hi,th15_atr1p5-r0,False,384,43029.0,1.167
rsi2-NQ-tf15|asia|,adx_hi,th15_atr1p5-r1,False,489,6934.0,0.625
rsi2-NQ-tf15|asia|,adx_hi,th15_atr1p5-r2,False,424,19244.0,1.273
rsi2-NQ-tf15|asia|,adx_hi,th15_atr1p5-r3,False,397,2162.0,0.124
rsi2-NQ-tf15|asia|,adx_hi,th15_atr3-r0,False,299,59094.0,1.344
rsi2-NQ-tf15|asia|,adx_hi,th15_atr3-r1,False,333,19848.0,1.086
rsi2-NQ-tf15|asia|,adx_hi,th15_atr3-r2,False,303,29598.0,1.169
rsi2-NQ-tf15|asia|,adx_hi,th15_atr3-r3,False,299,30164.0,0.967
rsi2-NQ-tf15|asia|,adx_hi,th15_pts10-r0,False,466,8756.0,0.344
rsi2-NQ-tf15|asia|,adx_hi,th15_pts10-r1,False,568,-11177.0,-2.315
rsi2-NQ-tf15|asia|,adx_hi,th15_pts10-r2,False,534,-10186.0,-1.566
rsi2-NQ-tf15|asia|,adx_hi,th15_pts10-r3,False,515,-11270.0,-1.457
rsi2-NQ-tf15|asia|,adx_hi,th15_pts20-r0,False,363,45428.0,1.246
rsi2-NQ-tf15|asia|,adx_hi,th15_pts20-r1,False,453,-12427.0,-1.449
rsi2-NQ-tf15|asia|,adx_hi,th15_pts20-r2,False,399,8904.0,0.77
rsi2-NQ-tf15|asia|,adx_hi,th15_pts20-r3,False,381,-1974.0,-0.145
rsi2-NQ-tf15|asia|,adx_hi,th15_pts30-r0,False,314,68774.0,1.711
rsi2-NQ-tf15|asia|,adx_hi,th15_pts30-r1,False,373,8903.0,0.765
rsi2-NQ-tf15|asia|,adx_hi,th15_pts30-r2,False,332,16067.0,1.013
rsi2-NQ-tf15|asia|,adx_hi,th15_pts30-r3,False,317,20342.0,1.057
rsi2-NQ-tf15|asia|,adx_hi,th15_pts45-r0,False,281,52671.0,1.256
rsi2-NQ-tf15|asia|,adx_hi,th15_pts45-r1,False,309,24879.0,1.575
rsi2-NQ-tf15|asia|,adx_hi,th15_pts45-r2,False,284,43994.0,1.983
rsi2-NQ-tf15|asia|,adx_hi,th15_pts45-r3,False,281,49181.0,1.799
rsi2-NQ-tf15|asia|,adx_hi,th15_pct0p1-r0,False,416,41516.0,1.218
rsi2-NQ-tf15|asia|,adx_hi,th15_pct0p1-r1,False,518,-3327.0,-0.524
rsi2-NQ-tf15|asia|,adx_hi,th15_pct0p1-r2,False,481,-1449.0,-0.167
rsi2-NQ-tf15|asia|,adx_hi,th15_pct0p1-r3,False,450,-755.0,-0.073
rsi2-NQ-tf15|asia|,adx_hi,th15_pct0p2-r0,False,320,77110.0,1.932
rsi2-NQ-tf15|asia|,adx_hi,th15_pct0p2-r1,False,388,6103.0,0.56
rsi2-NQ-tf15|asia|,adx_hi,th15_pct0p2-r2,False,341,19076.0,1.283
rsi2-NQ-tf15|asia|,adx_hi,th15_pct0p2-r3,False,327,27737.0,1.521
rsi2-NQ-tf15|asia|,adx_lo,th5_atr1p5-r0,False,275,-14200.0,-0.807
rsi2-NQ-tf15|asia|,adx_lo,th5_atr1p5-r1,False,296,-369.0,-0.055
rsi2-NQ-tf15|asia|,adx_lo,th5_atr1p5-r2,False,288,8058.0,0.833
rsi2-NQ-tf15|asia|,adx_lo,th5_atr1p5-r3,False,282,7287.0,0.623
rsi2-NQ-tf15|asia|,adx_lo,th5_atr3-r0,False,223,-23092.0,-0.955
rsi2-NQ-tf15|asia|,adx_lo,th5_atr3-r1,False,237,4577.0,0.382
rsi2-NQ-tf15|asia|,adx_lo,th5_atr3-r2,False,227,-2038.0,-0.125
rsi2-NQ-tf15|asia|,adx_lo,th5_atr3-r3,False,223,13728.0,0.672
rsi2-NQ-tf15|asia|,adx_lo,th5_pts10-r0,False,304,-16781.0,-1.292
rsi2-NQ-tf15|asia|,adx_lo,th5_pts10-r1,False,329,-8081.0,-2.203
rsi2-NQ-tf15|asia|,adx_lo,th5_pts10-r2,False,328,-4512.0,-0.879
rsi2-NQ-tf15|asia|,adx_lo,th5_pts10-r3,False,322,-3818.0,-0.613
rsi2-NQ-tf15|asia|,adx_lo,th5_pts20-r0,False,248,-23297.0,-1.344
rsi2-NQ-tf15|asia|,adx_lo,th5_pts20-r1,False,270,610.0,0.092
rsi2-NQ-tf15|asia|,adx_lo,th5_pts20-r2,False,257,877.0,0.095
rsi2-NQ-tf15|asia|,adx_lo,th5_pts20-r3,False,254,18039.0,1.537
rsi2-NQ-tf15|asia|,adx_lo,th5_pts30-r0,False,215,-24580.0,-1.22
rsi2-NQ-tf15|asia|,adx_lo,th5_pts30-r1,False,229,-3326.0,-0.364
rsi2-NQ-tf15|asia|,adx_lo,th5_pts30-r2,False,220,19400.0,1.485
rsi2-NQ-tf15|asia|,adx_lo,th5_pts30-r3,False,215,27755.0,1.702
rsi2-NQ-tf15|asia|,adx_lo,th5_pts45-r0,False,197,-33078.0,-1.434
rsi2-NQ-tf15|asia|,adx_lo,th5_pts45-r1,False,203,1358.0,0.105
rsi2-NQ-tf15|asia|,adx_lo,th5_pts45-r2,False,197,22502.0,1.222
rsi2-NQ-tf15|asia|,adx_lo,th5_pts45-r3,False,197,3467.0,0.159
rsi2-NQ-tf15|asia|,adx_lo,th5_pct0p1-r0,False,277,-15668.0,-1.032
rsi2-NQ-tf15|asia|,adx_lo,th5_pct0p1-r1,False,301,-5999.0,-1.262
rsi2-NQ-tf15|asia|,adx_lo,th5_pct0p1-r2,False,293,23.0,0.003
rsi2-NQ-tf15|asia|,adx_lo,th5_pct0p1-r3,False,286,3216.0,0.391
rsi2-NQ-tf15|asia|,adx_lo,th5_pct0p2-r0,False,223,-17057.0,-0.856
rsi2-NQ-tf15|asia|,adx_lo,th5_pct0p2-r1,False,238,-1872.0,-0.222
rsi2-NQ-tf15|asia|,adx_lo,th5_pct0p2-r2,False,229,18094.0,1.491
rsi2-NQ-tf15|asia|,adx_lo,th5_pct0p2-r3,False,224,32294.0,2.104
rsi2-NQ-tf15|asia|,adx_lo,th10_atr1p5-r0,False,381,-28039.0,-1.288
rsi2-NQ-tf15|asia|,adx_lo,th10_atr1p5-r1,False,452,3482.0,0.426
rsi2-NQ-tf15|asia|,adx_lo,th10_atr1p5-r2,False,420,4945.0,0.435
rsi2-NQ-tf15|asia|,adx_lo,th10_atr1p5-r3,False,397,-1503.0,-0.113
rsi2-NQ-tf15|asia|,adx_lo,th10_atr3-r0,False,299,-26776.0,-0.909
rsi2-NQ-tf15|asia|,adx_lo,th10_atr3-r1,False,340,-2335.0,-0.165
rsi2-NQ-tf15|asia|,adx_lo,th10_atr3-r2,False,309,164.0,0.009
rsi2-NQ-tf15|asia|,adx_lo,th10_atr3-r3,False,299,7719.0,0.336
rsi2-NQ-tf15|asia|,adx_lo,th10_pts10-r0,False,435,-27070.0,-1.716
rsi2-NQ-tf15|asia|,adx_lo,th10_pts10-r1,False,512,-12333.0,-2.697
rsi2-NQ-tf15|asia|,adx_lo,th10_pts10-r2,False,498,-8007.0,-1.27
rsi2-NQ-tf15|asia|,adx_lo,th10_pts10-r3,False,479,-3676.0,-0.481
rsi2-NQ-tf15|asia|,adx_lo,th10_pts20-r0,False,345,-35095.0,-1.619
rsi2-NQ-tf15|asia|,adx_lo,th10_pts20-r1,False,408,1298.0,0.159
rsi2-NQ-tf15|asia|,adx_lo,th10_pts20-r2,False,369,2019.0,0.183
rsi2-NQ-tf15|asia|,adx_lo,th10_pts20-r3,False,355,12000.0,0.886
rsi2-NQ-tf15|asia|,adx_lo,th10_pts30-r0,False,292,-19628.0,-0.754
rsi2-NQ-tf15|asia|,adx_lo,th10_pts30-r1,False,333,-1612.0,-0.146
rsi2-NQ-tf15|asia|,adx_lo,th10_pts30-r2,False,301,18771.0,1.238
rsi2-NQ-tf15|asia|,adx_lo,th10_pts30-r3,False,292,24112.0,1.294
rsi2-NQ-tf15|asia|,adx_lo,th10_pts45-r0,False,262,-32948.0,-1.148
rsi2-NQ-tf15|asia|,adx_lo,th10_pts45-r1,False,280,10770.0,0.713
rsi2-NQ-tf15|asia|,adx_lo,th10_pts45-r2,False,262,24132.0,1.139
rsi2-NQ-tf15|asia|,adx_lo,th10_pts45-r3,False,262,20922.0,0.813
rsi2-NQ-tf15|asia|,adx_lo,th10_pct0p1-r0,False,391,-22624.0,-1.144
rsi2-NQ-tf15|asia|,adx_lo,th10_pct0p1-r1,False,461,-8639.0,-1.465
rsi2-NQ-tf15|asia|,adx_lo,th10_pct0p1-r2,False,440,5.0,0.001
rsi2-NQ-tf15|asia|,adx_lo,th10_pct0p1-r3,False,415,3160.0,0.321
rsi2-NQ-tf15|asia|,adx_lo,th10_pct0p2-r0,False,310,-15085.0,-0.587
rsi2-NQ-tf15|asia|,adx_lo,th10_pct0p2-r1,False,356,1186.0,0.115
rsi2-NQ-tf15|asia|,adx_lo,th10_pct0p2-r2,False,321,23661.0,1.651
rsi2-NQ-tf15|asia|,adx_lo,th10_pct0p2-r3,False,311,22281.0,1.271
rsi2-NQ-tf15|asia|,adx_lo,th15_atr1p5-r0,False,440,-43775.0,-1.953
rsi2-NQ-tf15|asia|,adx_lo,th15_atr1p5-r1,False,551,-3754.0,-0.418
rsi2-NQ-tf15|asia|,adx_lo,th15_atr1p5-r2,False,488,3998.0,0.327
rsi2-NQ-tf15|asia|,adx_lo,th15_atr1p5-r3,False,458,-2222.0,-0.156
rsi2-NQ-tf15|asia|,adx_lo,th15_atr3-r0,False,336,-43329.0,-1.439
rsi2-NQ-tf15|asia|,adx_lo,th15_atr3-r1,False,384,-2746.0,-0.184
rsi2-NQ-tf15|asia|,adx_lo,th15_atr3-r2,False,346,-6369.0,-0.328
rsi2-NQ-tf15|asia|,adx_lo,th15_atr3-r3,False,336,-2674.0,-0.116
rsi2-NQ-tf15|asia|,adx_lo,th15_pts10-r0,False,503,-30062.0,-1.706
rsi2-NQ-tf15|asia|,adx_lo,th15_pts10-r1,False,625,-13715.0,-2.712
rsi2-NQ-tf15|asia|,adx_lo,th15_pts10-r2,False,586,-13139.0,-1.939
rsi2-NQ-tf15|asia|,adx_lo,th15_pts10-r3,False,559,-8381.0,-1.027
rsi2-NQ-tf15|asia|,adx_lo,th15_pts20-r0,False,391,-32969.0,-1.371
rsi2-NQ-tf15|asia|,adx_lo,th15_pts20-r1,False,478,-1592.0,-0.181
rsi2-NQ-tf15|asia|,adx_lo,th15_pts20-r2,False,421,4841.0,0.41
rsi2-NQ-tf15|asia|,adx_lo,th15_pts20-r3,False,402,16817.0,1.161
rsi2-NQ-tf15|asia|,adx_lo,th15_pts30-r0,False,330,-29280.0,-1.06
rsi2-NQ-tf15|asia|,adx_lo,th15_pts30-r1,False,384,3474.0,0.294
rsi2-NQ-tf15|asia|,adx_lo,th15_pts30-r2,False,340,20295.0,1.26
rsi2-NQ-tf15|asia|,adx_lo,th15_pts30-r3,False,330,12985.0,0.669
rsi2-NQ-tf15|asia|,adx_lo,th15_pts45-r0,False,293,-31277.0,-0.974
rsi2-NQ-tf15|asia|,adx_lo,th15_pts45-r1,False,311,11466.0,0.72
rsi2-NQ-tf15|asia|,adx_lo,th15_pts45-r2,False,293,17588.0,0.791
rsi2-NQ-tf15|asia|,adx_lo,th15_pts45-r3,False,293,9728.0,0.363
rsi2-NQ-tf15|asia|,adx_lo,th15_pct0p1-r0,False,448,-22192.0,-1.016
rsi2-NQ-tf15|asia|,adx_lo,th15_pct0p1-r1,False,560,-11340.0,-1.748
rsi2-NQ-tf15|asia|,adx_lo,th15_pct0p1-r2,False,515,930.0,0.105
rsi2-NQ-tf15|asia|,adx_lo,th15_pct0p1-r3,False,479,2239.0,0.212
rsi2-NQ-tf15|asia|,adx_lo,th15_pct0p2-r0,False,349,-24091.0,-0.882
rsi2-NQ-tf15|asia|,adx_lo,th15_pct0p2-r1,False,413,5308.0,0.479
rsi2-NQ-tf15|asia|,adx_lo,th15_pct0p2-r2,False,361,21201.0,1.405
rsi2-NQ-tf15|asia|,adx_lo,th15_pct0p2-r3,False,350,13540.0,0.744
rsi2-NQ-tf15|asia|,vol_hi,th5_atr1p5-r0,False,252,19527.0,0.628
rsi2-NQ-tf15|asia|,vol_hi,th5_atr1p5-r1,False,273,5743.0,0.659
rsi2-NQ-tf15|asia|,vol_hi,th5_atr1p5-r2,False,266,14281.0,1.125
rsi2-NQ-tf15|asia|,vol_hi,th5_atr1p5-r3,False,260,9620.0,0.632
rsi2-NQ-tf15|asia|,vol_hi,th5_atr3-r0,False,208,21493.0,0.575
rsi2-NQ-tf15|asia|,vol_hi,th5_atr3-r1,False,221,7766.0,0.497
rsi2-NQ-tf15|asia|,vol_hi,th5_atr3-r2,False,212,11087.0,0.51
rsi2-NQ-tf15|asia|,vol_hi,th5_atr3-r3,False,208,15443.0,0.574
rsi2-NQ-tf15|asia|,vol_hi,th5_pts10-r0,False,292,-5103.0,-0.262
rsi2-NQ-tf15|asia|,vol_hi,th5_pts10-r1,False,316,-7839.0,-2.179
rsi2-NQ-tf15|asia|,vol_hi,th5_pts10-r2,False,316,-5684.0,-1.133
rsi2-NQ-tf15|asia|,vol_hi,th5_pts10-r3,False,313,-2802.0,-0.454
rsi2-NQ-tf15|asia|,vol_hi,th5_pts20-r0,False,250,21930.0,0.723
rsi2-NQ-tf15|asia|,vol_hi,th5_pts20-r1,False,271,-3059.0,-0.46
rsi2-NQ-tf15|asia|,vol_hi,th5_pts20-r2,False,263,4398.0,0.47
rsi2-NQ-tf15|asia|,vol_hi,th5_pts20-r3,False,259,12724.0,1.088
rsi2-NQ-tf15|asia|,vol_hi,th5_pts30-r0,False,216,21536.0,0.677
rsi2-NQ-tf15|asia|,vol_hi,th5_pts30-r1,False,234,5649.0,0.612
rsi2-NQ-tf15|asia|,vol_hi,th5_pts30-r2,False,225,23515.0,1.771
rsi2-NQ-tf15|asia|,vol_hi,th5_pts30-r3,False,217,16842.0,1.05
rsi2-NQ-tf15|asia|,vol_hi,th5_pts45-r0,False,198,25943.0,0.712
rsi2-NQ-tf15|asia|,vol_hi,th5_pts45-r1,False,209,6704.0,0.513
rsi2-NQ-tf15|asia|,vol_hi,th5_pts45-r2,False,199,16459.0,0.892
rsi2-NQ-tf15|asia|,vol_hi,th5_pts45-r3,False,198,28738.0,1.248
rsi2-NQ-tf15|asia|,vol_hi,th5_pct0p1-r0,False,273,17443.0,0.616
rsi2-NQ-tf15|asia|,vol_hi,th5_pct0p1-r1,False,295,-4050.0,-0.842
rsi2-NQ-tf15|asia|,vol_hi,th5_pct0p1-r2,False,289,-866.0,-0.128
rsi2-NQ-tf15|asia|,vol_hi,th5_pct0p1-r3,False,285,5230.0,0.621
rsi2-NQ-tf15|asia|,vol_hi,th5_pct0p2-r0,False,223,27883.0,0.882
rsi2-NQ-tf15|asia|,vol_hi,th5_pct0p2-r1,False,241,7786.0,0.906
rsi2-NQ-tf15|asia|,vol_hi,th5_pct0p2-r2,False,232,24767.0,1.986
rsi2-NQ-tf15|asia|,vol_hi,th5_pct0p2-r3,False,225,26120.0,1.707
rsi2-NQ-tf15|asia|,vol_hi,th10_atr1p5-r0,False,350,12275.0,0.359
rsi2-NQ-tf15|asia|,vol_hi,th10_atr1p5-r1,False,420,13405.0,1.291
rsi2-NQ-tf15|asia|,vol_hi,th10_atr1p5-r2,False,382,9972.0,0.691
rsi2-NQ-tf15|asia|,vol_hi,th10_atr1p5-r3,False,362,-1773.0,-0.106
rsi2-NQ-tf15|asia|,vol_hi,th10_atr3-r0,False,282,32957.0,0.774
rsi2-NQ-tf15|asia|,vol_hi,th10_atr3-r1,False,312,447.0,0.025
rsi2-NQ-tf15|asia|,vol_hi,th10_atr3-r2,False,289,13534.0,0.549
rsi2-NQ-tf15|asia|,vol_hi,th10_atr3-r3,False,282,24597.0,0.816
rsi2-NQ-tf15|asia|,vol_hi,th10_pts10-r0,False,435,-15325.0,-0.711
rsi2-NQ-tf15|asia|,vol_hi,th10_pts10-r1,False,498,-8272.0,-1.828
rsi2-NQ-tf15|asia|,vol_hi,th10_pts10-r2,False,487,-7623.0,-1.221
rsi2-NQ-tf15|asia|,vol_hi,th10_pts10-r3,False,475,-4545.0,-0.598
rsi2-NQ-tf15|asia|,vol_hi,th10_pts20-r0,False,340,13685.0,0.408
rsi2-NQ-tf15|asia|,vol_hi,th10_pts20-r1,False,404,479.0,0.059
rsi2-NQ-tf15|asia|,vol_hi,th10_pts20-r2,False,374,8339.0,0.745
rsi2-NQ-tf15|asia|,vol_hi,th10_pts20-r3,False,358,15518.0,1.133
rsi2-NQ-tf15|asia|,vol_hi,th10_pts30-r0,False,296,37866.0,0.991
rsi2-NQ-tf15|asia|,vol_hi,th10_pts30-r1,False,344,9709.0,0.869
rsi2-NQ-tf15|asia|,vol_hi,th10_pts30-r2,False,313,27623.0,1.773
rsi2-NQ-tf15|asia|,vol_hi,th10_pts30-r3,False,297,18547.0,0.995
rsi2-NQ-tf15|asia|,vol_hi,th10_pts45-r0,False,261,31571.0,0.772
rsi2-NQ-tf15|asia|,vol_hi,th10_pts45-r1,False,288,14293.0,0.933
rsi2-NQ-tf15|asia|,vol_hi,th10_pts45-r2,False,262,25287.0,1.195
rsi2-NQ-tf15|asia|,vol_hi,th10_pts45-r3,False,261,37886.0,1.436
rsi2-NQ-tf15|asia|,vol_hi,th10_pct0p1-r0,False,389,10634.0,0.344
rsi2-NQ-tf15|asia|,vol_hi,th10_pct0p1-r1,False,457,-1493.0,-0.251
rsi2-NQ-tf15|asia|,vol_hi,th10_pct0p1-r2,False,437,2077.0,0.251
rsi2-NQ-tf15|asia|,vol_hi,th10_pct0p1-r3,False,417,2927.0,0.294
rsi2-NQ-tf15|asia|,vol_hi,th10_pct0p2-r0,False,308,45493.0,1.198
rsi2-NQ-tf15|asia|,vol_hi,th10_pct0p2-r1,False,359,10039.0,0.963
rsi2-NQ-tf15|asia|,vol_hi,th10_pct0p2-r2,False,326,31961.0,2.185
rsi2-NQ-tf15|asia|,vol_hi,th10_pct0p2-r3,False,312,25842.0,1.459
rsi2-NQ-tf15|asia|,vol_hi,th15_atr1p5-r0,False,414,4879.0,0.139
rsi2-NQ-tf15|asia|,vol_hi,th15_atr1p5-r1,False,520,7025.0,0.624
rsi2-NQ-tf15|asia|,vol_hi,th15_atr1p5-r2,False,461,17231.0,1.117
rsi2-NQ-tf15|asia|,vol_hi,th15_atr1p5-r3,False,429,3739.0,0.207
rsi2-NQ-tf15|asia|,vol_hi,th15_atr3-r0,False,318,9843.0,0.234
rsi2-NQ-tf15|asia|,vol_hi,th15_atr3-r1,False,358,6198.0,0.333
rsi2-NQ-tf15|asia|,vol_hi,th15_atr3-r2,False,325,9190.0,0.36
rsi2-NQ-tf15|asia|,vol_hi,th15_atr3-r3,False,318,17293.0,0.557
rsi2-NQ-tf15|asia|,vol_hi,th15_pts10-r0,False,510,-18080.0,-0.799
rsi2-NQ-tf15|asia|,vol_hi,th15_pts10-r1,False,611,-11684.0,-2.333
rsi2-NQ-tf15|asia|,vol_hi,th15_pts10-r2,False,585,-13040.0,-1.924
rsi2-NQ-tf15|asia|,vol_hi,th15_pts10-r3,False,564,-14366.0,-1.786
rsi2-NQ-tf15|asia|,vol_hi,th15_pts20-r0,False,395,16200.0,0.46
rsi2-NQ-tf15|asia|,vol_hi,th15_pts20-r1,False,490,-6600.0,-0.739
rsi2-NQ-tf15|asia|,vol_hi,th15_pts20-r2,False,435,1415.0,0.118
rsi2-NQ-tf15|asia|,vol_hi,th15_pts20-r3,False,414,10209.0,0.703
rsi2-NQ-tf15|asia|,vol_hi,th15_pts30-r0,False,336,25676.0,0.656
rsi2-NQ-tf15|asia|,vol_hi,th15_pts30-r1,False,400,2095.0,0.174
rsi2-NQ-tf15|asia|,vol_hi,th15_pts30-r2,False,355,21905.0,1.33
rsi2-NQ-tf15|asia|,vol_hi,th15_pts30-r3,False,337,11027.0,0.564
rsi2-NQ-tf15|asia|,vol_hi,th15_pts45-r0,False,292,-658.0,-0.016
rsi2-NQ-tf15|asia|,vol_hi,th15_pts45-r1,False,323,9548.0,0.588
rsi2-NQ-tf15|asia|,vol_hi,th15_pts45-r2,False,293,18728.0,0.843
rsi2-NQ-tf15|asia|,vol_hi,th15_pts45-r3,False,292,20372.0,0.747
rsi2-NQ-tf15|asia|,vol_hi,th15_pct0p1-r0,False,456,15521.0,0.476
rsi2-NQ-tf15|asia|,vol_hi,th15_pct0p1-r1,False,559,-6761.0,-1.03
rsi2-NQ-tf15|asia|,vol_hi,th15_pct0p1-r2,False,525,-530.0,-0.059
rsi2-NQ-tf15|asia|,vol_hi,th15_pct0p1-r3,False,490,-1875.0,-0.176
rsi2-NQ-tf15|asia|,vol_hi,th15_pct0p2-r0,False,351,33526.0,0.861
rsi2-NQ-tf15|asia|,vol_hi,th15_pct0p2-r1,False,424,2459.0,0.217
rsi2-NQ-tf15|asia|,vol_hi,th15_pct0p2-r2,False,371,23656.0,1.535
rsi2-NQ-tf15|asia|,vol_hi,th15_pct0p2-r3,False,356,21541.0,1.154
rsi2-NQ-tf15|asia|,vol_lo,th5_atr1p5-r0,False,276,-434.0,-0.021
rsi2-NQ-tf15|asia|,vol_lo,th5_atr1p5-r1,False,301,1431.0,0.211
rsi2-NQ-tf15|asia|,vol_lo,th5_atr1p5-r2,False,288,5008.0,0.526
rsi2-NQ-tf15|asia|,vol_lo,th5_atr1p5-r3,False,283,-587.0,-0.052
rsi2-NQ-tf15|asia|,vol_lo,th5_atr3-r0,False,230,5620.0,0.199
rsi2-NQ-tf15|asia|,vol_lo,th5_atr3-r1,False,243,-2357.0,-0.195
rsi2-NQ-tf15|asia|,vol_lo,th5_atr3-r2,False,234,-9746.0,-0.604
rsi2-NQ-tf15|asia|,vol_lo,th5_atr3-r3,False,230,1610.0,0.082
rsi2-NQ-tf15|asia|,vol_lo,th5_pts10-r0,False,308,2083.0,0.119
rsi2-NQ-tf15|asia|,vol_lo,th5_pts10-r1,False,328,-5857.0,-1.595
rsi2-NQ-tf15|asia|,vol_lo,th5_pts10-r2,False,324,-4901.0,-0.962
rsi2-NQ-tf15|asia|,vol_lo,th5_pts10-r3,False,320,-5000.0,-0.811
rsi2-NQ-tf15|asia|,vol_lo,th5_pts20-r0,False,247,-8243.0,-0.401
rsi2-NQ-tf15|asia|,vol_lo,th5_pts20-r1,False,267,197.0,0.03
rsi2-NQ-tf15|asia|,vol_lo,th5_pts20-r2,False,255,2855.0,0.311
rsi2-NQ-tf15|asia|,vol_lo,th5_pts20-r3,False,252,1152.0,0.103
rsi2-NQ-tf15|asia|,vol_lo,th5_pts30-r0,False,221,15006.0,0.581
rsi2-NQ-tf15|asia|,vol_lo,th5_pts30-r1,False,235,225.0,0.024
rsi2-NQ-tf15|asia|,vol_lo,th5_pts30-r2,False,226,4901.0,0.378
rsi2-NQ-tf15|asia|,vol_lo,th5_pts30-r3,False,221,21681.0,1.328
rsi2-NQ-tf15|asia|,vol_lo,th5_pts45-r0,False,210,-11540.0,-0.417
rsi2-NQ-tf15|asia|,vol_lo,th5_pts45-r1,False,216,4776.0,0.36
rsi2-NQ-tf15|asia|,vol_lo,th5_pts45-r2,False,210,9275.0,0.497
rsi2-NQ-tf15|asia|,vol_lo,th5_pts45-r3,False,210,-6645.0,-0.304
rsi2-NQ-tf15|asia|,vol_lo,th5_pct0p1-r0,False,279,1004.0,0.053
rsi2-NQ-tf15|asia|,vol_lo,th5_pct0p1-r1,False,301,711.0,0.148
rsi2-NQ-tf15|asia|,vol_lo,th5_pct0p1-r2,False,292,5232.0,0.769
rsi2-NQ-tf15|asia|,vol_lo,th5_pct0p1-r3,False,287,5047.0,0.606
rsi2-NQ-tf15|asia|,vol_lo,th5_pct0p2-r0,False,226,12371.0,0.508
rsi2-NQ-tf15|asia|,vol_lo,th5_pct0p2-r1,False,240,-1060.0,-0.124
rsi2-NQ-tf15|asia|,vol_lo,th5_pct0p2-r2,False,232,3052.0,0.253
rsi2-NQ-tf15|asia|,vol_lo,th5_pct0p2-r3,False,226,15946.0,1.054
rsi2-NQ-tf15|asia|,vol_lo,th10_atr1p5-r0,False,372,-8243.0,-0.357
rsi2-NQ-tf15|asia|,vol_lo,th10_atr1p5-r1,False,432,-7448.0,-0.927
rsi2-NQ-tf15|asia|,vol_lo,th10_atr1p5-r2,False,403,-3492.0,-0.32
rsi2-NQ-tf15|asia|,vol_lo,th10_atr1p5-r3,False,387,-8448.0,-0.65
rsi2-NQ-tf15|asia|,vol_lo,th10_atr3-r0,False,296,12436.0,0.394
rsi2-NQ-tf15|asia|,vol_lo,th10_atr3-r1,False,327,62.0,0.004
rsi2-NQ-tf15|asia|,vol_lo,th10_atr3-r2,False,304,7179.0,0.376
rsi2-NQ-tf15|asia|,vol_lo,th10_atr3-r3,False,296,15821.0,0.667
rsi2-NQ-tf15|asia|,vol_lo,th10_pts10-r0,False,417,-2348.0,-0.12
rsi2-NQ-tf15|asia|,vol_lo,th10_pts10-r1,False,484,-14976.0,-3.38
rsi2-NQ-tf15|asia|,vol_lo,th10_pts10-r2,False,466,-13404.0,-2.24
rsi2-NQ-tf15|asia|,vol_lo,th10_pts10-r3,False,449,-11046.0,-1.538
rsi2-NQ-tf15|asia|,vol_lo,th10_pts20-r0,False,328,-15452.0,-0.673
rsi2-NQ-tf15|asia|,vol_lo,th10_pts20-r1,False,381,-6239.0,-0.793
rsi2-NQ-tf15|asia|,vol_lo,th10_pts20-r2,False,348,-272.0,-0.026
rsi2-NQ-tf15|asia|,vol_lo,th10_pts20-r3,False,336,-9159.0,-0.73
rsi2-NQ-tf15|asia|,vol_lo,th10_pts30-r0,False,285,18170.0,0.64
rsi2-NQ-tf15|asia|,vol_lo,th10_pts30-r1,False,316,-899.0,-0.084
rsi2-NQ-tf15|asia|,vol_lo,th10_pts30-r2,False,292,-2813.0,-0.193
rsi2-NQ-tf15|asia|,vol_lo,th10_pts30-r3,False,286,15351.0,0.844
rsi2-NQ-tf15|asia|,vol_lo,th10_pts45-r0,False,263,2858.0,0.093
rsi2-NQ-tf15|asia|,vol_lo,th10_pts45-r1,False,276,7971.0,0.532
rsi2-NQ-tf15|asia|,vol_lo,th10_pts45-r2,False,264,17794.0,0.844
rsi2-NQ-tf15|asia|,vol_lo,th10_pts45-r3,False,263,30283.0,1.171
rsi2-NQ-tf15|asia|,vol_lo,th10_pct0p1-r0,False,379,-3741.0,-0.176
rsi2-NQ-tf15|asia|,vol_lo,th10_pct0p1-r1,False,437,-8883.0,-1.542
rsi2-NQ-tf15|asia|,vol_lo,th10_pct0p1-r2,False,417,-1963.0,-0.246
rsi2-NQ-tf15|asia|,vol_lo,th10_pct0p1-r3,False,399,-1201.0,-0.125
rsi2-NQ-tf15|asia|,vol_lo,th10_pct0p2-r0,False,293,10503.0,0.398
rsi2-NQ-tf15|asia|,vol_lo,th10_pct0p2-r1,False,331,-479.0,-0.048
rsi2-NQ-tf15|asia|,vol_lo,th10_pct0p2-r2,False,303,2183.0,0.159
rsi2-NQ-tf15|asia|,vol_lo,th10_pct0p2-r3,False,294,10594.0,0.626
rsi2-NQ-tf15|asia|,vol_lo,th15_atr1p5-r0,False,423,-9012.0,-0.358
rsi2-NQ-tf15|asia|,vol_lo,th15_atr1p5-r1,False,539,-3616.0,-0.408
rsi2-NQ-tf15|asia|,vol_lo,th15_atr1p5-r2,False,465,5120.0,0.43
rsi2-NQ-tf15|asia|,vol_lo,th15_atr1p5-r3,False,439,-4376.0,-0.326
rsi2-NQ-tf15|asia|,vol_lo,th15_atr3-r0,False,326,5291.0,0.159
rsi2-NQ-tf15|asia|,vol_lo,th15_atr3-r1,False,369,10914.0,0.749
rsi2-NQ-tf15|asia|,vol_lo,th15_atr3-r2,False,333,15658.0,0.809
rsi2-NQ-tf15|asia|,vol_lo,th15_atr3-r3,False,326,11666.0,0.497
rsi2-NQ-tf15|asia|,vol_lo,th15_pts10-r0,False,472,-5943.0,-0.281
rsi2-NQ-tf15|asia|,vol_lo,th15_pts10-r1,False,602,-13343.0,-2.689
rsi2-NQ-tf15|asia|,vol_lo,th15_pts10-r2,False,551,-9394.0,-1.419
rsi2-NQ-tf15|asia|,vol_lo,th15_pts10-r3,False,524,-4186.0,-0.524
rsi2-NQ-tf15|asia|,vol_lo,th15_pts20-r0,False,369,-7841.0,-0.301
rsi2-NQ-tf15|asia|,vol_lo,th15_pts20-r1,False,453,-7507.0,-0.875
rsi2-NQ-tf15|asia|,vol_lo,th15_pts20-r2,False,395,11845.0,1.026
rsi2-NQ-tf15|asia|,vol_lo,th15_pts20-r3,False,379,5349.0,0.388
rsi2-NQ-tf15|asia|,vol_lo,th15_pts30-r0,False,317,20317.0,0.678
rsi2-NQ-tf15|asia|,vol_lo,th15_pts30-r1,False,367,11422.0,0.99
rsi2-NQ-tf15|asia|,vol_lo,th15_pts30-r2,False,326,18001.0,1.143
rsi2-NQ-tf15|asia|,vol_lo,th15_pts30-r3,False,319,24034.0,1.239
rsi2-NQ-tf15|asia|,vol_lo,th15_pts45-r0,False,290,22435.0,0.649
rsi2-NQ-tf15|asia|,vol_lo,th15_pts45-r1,False,305,26745.0,1.706
rsi2-NQ-tf15|asia|,vol_lo,th15_pts45-r2,False,292,40992.0,1.823
rsi2-NQ-tf15|asia|,vol_lo,th15_pts45-r3,False,290,38475.0,1.412
rsi2-NQ-tf15|asia|,vol_lo,th15_pct0p1-r0,False,419,294.0,0.012
rsi2-NQ-tf15|asia|,vol_lo,th15_pct0p1-r1,False,534,-7706.0,-1.207
rsi2-NQ-tf15|asia|,vol_lo,th15_pct0p1-r2,False,483,-87.0,-0.01
rsi2-NQ-tf15|asia|,vol_lo,th15_pct0p1-r3,False,450,3560.0,0.345
rsi2-NQ-tf15|asia|,vol_lo,th15_pct0p2-r0,False,326,21551.0,0.737
rsi2-NQ-tf15|asia|,vol_lo,th15_pct0p2-r1,False,386,8241.0,0.762
rsi2-NQ-tf15|asia|,vol_lo,th15_pct0p2-r2,False,339,18989.0,1.285
rsi2-NQ-tf15|asia|,vol_lo,th15_pct0p2-r3,False,329,19629.0,1.088
rsi2-NQ-tf15|asia|,news_only,th5_atr1p5-r0,False,72,2352.0,0.193
rsi2-NQ-tf15|asia|,news_only,th5_atr1p5-r1,False,83,1778.0,0.462
rsi2-NQ-tf15|asia|,news_only,th5_atr1p5-r2,False,79,-386.0,-0.075
rsi2-NQ-tf15|asia|,news_only,th5_atr1p5-r3,False,75,-170.0,-0.028
rsi2-NQ-tf15|asia|,news_only,th5_atr3-r0,False,58,-2682.0,-0.187
rsi2-NQ-tf15|asia|,news_only,th5_atr3-r1,False,64,-3211.0,-0.486
rsi2-NQ-tf15|asia|,news_only,th5_atr3-r2,False,59,6439.0,0.735
rsi2-NQ-tf15|asia|,news_only,th5_atr3-r3,False,58,12073.0,1.113
rsi2-NQ-tf15|asia|,news_only,th5_pts10-r0,False,82,-3593.0,-0.368
rsi2-NQ-tf15|asia|,news_only,th5_pts10-r1,False,89,-1611.0,-0.839
rsi2-NQ-tf15|asia|,news_only,th5_pts10-r2,False,88,-3292.0,-1.278
rsi2-NQ-tf15|asia|,news_only,th5_pts10-r3,False,87,-2918.0,-0.935
rsi2-NQ-tf15|asia|,news_only,th5_pts20-r0,False,70,-2985.0,-0.249
rsi2-NQ-tf15|asia|,news_only,th5_pts20-r1,False,77,677.0,0.19
rsi2-NQ-tf15|asia|,news_only,th5_pts20-r2,False,74,4639.0,0.91
rsi2-NQ-tf15|asia|,news_only,th5_pts20-r3,False,73,2198.0,0.357
rsi2-NQ-tf15|asia|,news_only,th5_pts30-r0,False,59,10154.0,0.687
rsi2-NQ-tf15|asia|,news_only,th5_pts30-r1,False,67,4947.0,1.004
rsi2-NQ-tf15|asia|,news_only,th5_pts30-r2,False,63,12143.0,1.691
rsi2-NQ-tf15|asia|,news_only,th5_pts30-r3,False,59,12134.0,1.375
rsi2-NQ-tf15|asia|,news_only,th5_pts45-r0,False,54,-301.0,-0.019
rsi2-NQ-tf15|asia|,news_only,th5_pts45-r1,False,59,9514.0,1.384
rsi2-NQ-tf15|asia|,news_only,th5_pts45-r2,False,54,10349.0,1.049
rsi2-NQ-tf15|asia|,news_only,th5_pts45-r3,False,54,12124.0,0.976
rsi2-NQ-tf15|asia|,news_only,th5_pct0p1-r0,False,73,4248.0,0.361
rsi2-NQ-tf15|asia|,news_only,th5_pct0p1-r1,False,81,2436.0,0.96
rsi2-NQ-tf15|asia|,news_only,th5_pct0p1-r2,False,78,5218.0,1.402
rsi2-NQ-tf15|asia|,news_only,th5_pct0p1-r3,False,77,4367.0,0.947
rsi2-NQ-tf15|asia|,news_only,th5_pct0p2-r0,False,61,12011.0,0.806
rsi2-NQ-tf15|asia|,news_only,th5_pct0p2-r1,False,69,6889.0,1.502
rsi2-NQ-tf15|asia|,news_only,th5_pct0p2-r2,False,66,11566.0,1.683
rsi2-NQ-tf15|asia|,news_only,th5_pct0p2-r3,False,61,14196.0,1.66
rsi2-NQ-tf15|asia|,news_only,th10_atr1p5-r0,False,92,-13.0,-0.001
rsi2-NQ-tf15|asia|,news_only,th10_atr1p5-r1,False,115,3000.0,0.67
rsi2-NQ-tf15|asia|,news_only,th10_atr1p5-r2,False,102,-2453.0,-0.432
rsi2-NQ-tf15|asia|,news_only,th10_atr1p5-r3,False,94,-4391.0,-0.701
rsi2-NQ-tf15|asia|,news_only,th10_atr3-r0,False,74,99.0,0.006
rsi2-NQ-tf15|asia|,news_only,th10_atr3-r1,False,84,-2496.0,-0.328
rsi2-NQ-tf15|asia|,news_only,th10_atr3-r2,False,75,10820.0,1.049
rsi2-NQ-tf15|asia|,news_only,th10_atr3-r3,False,74,23619.0,1.872
rsi2-NQ-tf15|asia|,news_only,th10_pts10-r0,False,115,-10495.0,-1.074
rsi2-NQ-tf15|asia|,news_only,th10_pts10-r1,False,130,-2890.0,-1.25
rsi2-NQ-tf15|asia|,news_only,th10_pts10-r2,False,128,-6207.0,-2.044
rsi2-NQ-tf15|asia|,news_only,th10_pts10-r3,False,125,-4425.0,-1.189
rsi2-NQ-tf15|asia|,news_only,th10_pts20-r0,False,90,-6480.0,-0.444
rsi2-NQ-tf15|asia|,news_only,th10_pts20-r1,False,106,891.0,0.214
rsi2-NQ-tf15|asia|,news_only,th10_pts20-r2,False,98,3273.0,0.566
rsi2-NQ-tf15|asia|,news_only,th10_pts20-r3,False,93,473.0,0.069
rsi2-NQ-tf15|asia|,news_only,th10_pts30-r0,False,75,6870.0,0.407
rsi2-NQ-tf15|asia|,news_only,th10_pts30-r1,False,89,8429.0,1.495
rsi2-NQ-tf15|asia|,news_only,th10_pts30-r2,False,79,11434.0,1.436
rsi2-NQ-tf15|asia|,news_only,th10_pts30-r3,False,75,9595.0,0.992
rsi2-NQ-tf15|asia|,news_only,th10_pts45-r0,False,67,2807.0,0.153
rsi2-NQ-tf15|asia|,news_only,th10_pts45-r1,False,74,10324.0,1.338
rsi2-NQ-tf15|asia|,news_only,th10_pts45-r2,False,67,17462.0,1.579
rsi2-NQ-tf15|asia|,news_only,th10_pts45-r3,False,67,21932.0,1.553
rsi2-NQ-tf15|asia|,news_only,th10_pct0p1-r0,False,102,1202.0,0.084
rsi2-NQ-tf15|asia|,news_only,th10_pct0p1-r1,False,120,315.0,0.104
rsi2-NQ-tf15|asia|,news_only,th10_pct0p1-r2,False,115,1460.0,0.341
rsi2-NQ-tf15|asia|,news_only,th10_pct0p1-r3,False,108,-117.0,-0.023
rsi2-NQ-tf15|asia|,news_only,th10_pct0p2-r0,False,78,9353.0,0.554
rsi2-NQ-tf15|asia|,news_only,th10_pct0p2-r1,False,94,8029.0,1.515
rsi2-NQ-tf15|asia|,news_only,th10_pct0p2-r2,False,83,9688.0,1.292
rsi2-NQ-tf15|asia|,news_only,th10_pct0p2-r3,False,78,9068.0,0.99
rsi2-NQ-tf15|asia|,news_only,th15_atr1p5-r0,False,109,-4631.0,-0.314
rsi2-NQ-tf15|asia|,news_only,th15_atr1p5-r1,False,141,961.0,0.203
rsi2-NQ-tf15|asia|,news_only,th15_atr1p5-r2,False,122,-3643.0,-0.614
rsi2-NQ-tf15|asia|,news_only,th15_atr1p5-r3,False,113,-5687.0,-0.869
rsi2-NQ-tf15|asia|,news_only,th15_atr3-r0,False,83,-5027.0,-0.289
rsi2-NQ-tf15|asia|,news_only,th15_atr3-r1,False,95,-475.0,-0.06
rsi2-NQ-tf15|asia|,news_only,th15_atr3-r2,False,84,12794.0,1.199
rsi2-NQ-tf15|asia|,news_only,th15_atr3-r3,False,83,18448.0,1.433
rsi2-NQ-tf15|asia|,news_only,th15_pts10-r0,False,128,-13217.0,-1.351
rsi2-NQ-tf15|asia|,news_only,th15_pts10-r1,False,156,-3879.0,-1.534
rsi2-NQ-tf15|asia|,news_only,th15_pts10-r2,False,145,-8555.0,-2.708
rsi2-NQ-tf15|asia|,news_only,th15_pts10-r3,False,141,-5359.0,-1.364
rsi2-NQ-tf15|asia|,news_only,th15_pts20-r0,False,102,-7238.0,-0.479
rsi2-NQ-tf15|asia|,news_only,th15_pts20-r1,False,122,-3248.0,-0.728
rsi2-NQ-tf15|asia|,news_only,th15_pts20-r2,False,111,1571.0,0.258
rsi2-NQ-tf15|asia|,news_only,th15_pts20-r3,False,105,-1240.0,-0.174
rsi2-NQ-tf15|asia|,news_only,th15_pts30-r0,False,83,3053.0,0.179
rsi2-NQ-tf15|asia|,news_only,th15_pts30-r1,False,100,10170.0,1.707
rsi2-NQ-tf15|asia|,news_only,th15_pts30-r2,False,87,13792.0,1.647
rsi2-NQ-tf15|asia|,news_only,th15_pts30-r3,False,83,4728.0,0.479
rsi2-NQ-tf15|asia|,news_only,th15_pts45-r0,False,75,-760.0,-0.041
rsi2-NQ-tf15|asia|,news_only,th15_pts45-r1,False,83,12958.0,1.592
rsi2-NQ-tf15|asia|,news_only,th15_pts45-r2,False,75,21015.0,1.794
rsi2-NQ-tf15|asia|,news_only,th15_pts45-r3,False,75,25480.0,1.703
rsi2-NQ-tf15|asia|,news_only,th15_pct0p1-r0,False,115,-2435.0,-0.169
rsi2-NQ-tf15|asia|,news_only,th15_pct0p1-r1,False,145,-2800.0,-0.84
rsi2-NQ-tf15|asia|,news_only,th15_pct0p1-r2,False,131,-424.0,-0.094
rsi2-NQ-tf15|asia|,news_only,th15_pct0p1-r3,False,123,-1097.0,-0.208
rsi2-NQ-tf15|asia|,news_only,th15_pct0p2-r0,False,87,5497.0,0.322
rsi2-NQ-tf15|asia|,news_only,th15_pct0p2-r1,False,105,8420.0,1.503
rsi2-NQ-tf15|asia|,news_only,th15_pct0p2-r2,False,93,8683.0,1.106
rsi2-NQ-tf15|asia|,news_only,th15_pct0p2-r3,False,87,3517.0,0.379
rsi2-NQ-tf15|asia|,news_never,th5_atr1p5-r0,False,481,19446.0,0.541
rsi2-NQ-tf15|asia|,news_never,th5_atr1p5-r1,False,517,5877.0,0.558
rsi2-NQ-tf15|asia|,news_never,th5_atr1p5-r2,False,501,21076.0,1.38
rsi2-NQ-tf15|asia|,news_never,th5_atr1p5-r3,False,493,9673.0,0.528
rsi2-NQ-tf15|asia|,news_never,th5_atr3-r0,False,400,46205.0,1.001
rsi2-NQ-tf15|asia|,news_never,th5_atr3-r1,False,421,9791.0,0.517
rsi2-NQ-tf15|asia|,news_never,th5_atr3-r2,False,407,-208.0,-0.008
rsi2-NQ-tf15|asia|,news_never,th5_atr3-r3,False,400,13110.0,0.408
rsi2-NQ-tf15|asia|,news_never,th5_pts10-r0,False,547,4587.0,0.181
rsi2-NQ-tf15|asia|,news_never,th5_pts10-r1,False,585,-12685.0,-2.591
rsi2-NQ-tf15|asia|,news_never,th5_pts10-r2,False,582,-8723.0,-1.278
rsi2-NQ-tf15|asia|,news_never,th5_pts10-r3,False,576,-6324.0,-0.758
rsi2-NQ-tf15|asia|,news_never,th5_pts20-r0,False,449,18779.0,0.532
rsi2-NQ-tf15|asia|,news_never,th5_pts20-r1,False,484,-3291.0,-0.371
rsi2-NQ-tf15|asia|,news_never,th5_pts20-r2,False,467,2842.0,0.229
rsi2-NQ-tf15|asia|,news_never,th5_pts20-r3,False,461,10286.0,0.672
rsi2-NQ-tf15|asia|,news_never,th5_pts30-r0,False,397,44027.0,1.101
rsi2-NQ-tf15|asia|,news_never,th5_pts30-r1,False,422,4407.0,0.356
rsi2-NQ-tf15|asia|,news_never,th5_pts30-r2,False,408,22138.0,1.257
rsi2-NQ-tf15|asia|,news_never,th5_pts30-r3,False,398,31648.0,1.457
rsi2-NQ-tf15|asia|,news_never,th5_pts45-r0,False,371,30226.0,0.676
rsi2-NQ-tf15|asia|,news_never,th5_pts45-r1,False,384,9069.0,0.513
rsi2-NQ-tf15|asia|,news_never,th5_pts45-r2,False,372,19122.0,0.768
rsi2-NQ-tf15|asia|,news_never,th5_pts45-r3,False,371,20006.0,0.661
rsi2-NQ-tf15|asia|,news_never,th5_pct0p1-r0,False,503,13638.0,0.419
rsi2-NQ-tf15|asia|,news_never,th5_pct0p1-r1,False,540,-6865.0,-1.062
rsi2-NQ-tf15|asia|,news_never,th5_pct0p1-r2,False,528,-2282.0,-0.252
rsi2-NQ-tf15|asia|,news_never,th5_pct0p1-r3,False,520,5360.0,0.479
rsi2-NQ-tf15|asia|,news_never,th5_pct0p2-r0,False,407,45897.0,1.181
rsi2-NQ-tf15|asia|,news_never,th5_pct0p2-r1,False,432,3272.0,0.284
rsi2-NQ-tf15|asia|,news_never,th5_pct0p2-r2,False,418,22138.0,1.345
rsi2-NQ-tf15|asia|,news_never,th5_pct0p2-r3,False,409,35499.0,1.737
rsi2-NQ-tf15|asia|,news_never,th10_atr1p5-r0,False,659,6459.0,0.164
rsi2-NQ-tf15|asia|,news_never,th10_atr1p5-r1,False,774,4204.0,0.333
rsi2-NQ-tf15|asia|,news_never,th10_atr1p5-r2,False,719,10329.0,0.588
rsi2-NQ-tf15|asia|,news_never,th10_atr1p5-r3,False,687,-8368.0,-0.406
rsi2-NQ-tf15|asia|,news_never,th10_atr3-r0,False,525,62575.0,1.216
rsi2-NQ-tf15|asia|,news_never,th10_atr3-r1,False,582,3237.0,0.148
rsi2-NQ-tf15|asia|,news_never,th10_atr3-r2,False,541,12266.0,0.41
rsi2-NQ-tf15|asia|,news_never,th10_atr3-r3,False,525,24795.0,0.673
rsi2-NQ-tf15|asia|,news_never,th10_pts10-r0,False,775,-2795.0,-0.099
rsi2-NQ-tf15|asia|,news_never,th10_pts10-r1,False,894,-21846.0,-3.615
rsi2-NQ-tf15|asia|,news_never,th10_pts10-r2,False,867,-18153.0,-2.197
rsi2-NQ-tf15|asia|,news_never,th10_pts10-r3,False,841,-13504.0,-1.352
rsi2-NQ-tf15|asia|,news_never,th10_pts20-r0,False,605,7225.0,0.187
rsi2-NQ-tf15|asia|,news_never,th10_pts20-r1,False,715,-7695.0,-0.714
rsi2-NQ-tf15|asia|,news_never,th10_pts20-r2,False,657,5752.0,0.391
rsi2-NQ-tf15|asia|,news_never,th10_pts20-r3,False,630,8465.0,0.476
rsi2-NQ-tf15|asia|,news_never,th10_pts30-r0,False,528,67628.0,1.468
rsi2-NQ-tf15|asia|,news_never,th10_pts30-r1,False,603,2573.0,0.174
rsi2-NQ-tf15|asia|,news_never,th10_pts30-r2,False,551,21611.0,1.062
rsi2-NQ-tf15|asia|,news_never,th10_pts30-r3,False,531,29531.0,1.191
rsi2-NQ-tf15|asia|,news_never,th10_pts45-r0,False,477,47367.0,0.959
rsi2-NQ-tf15|asia|,news_never,th10_pts45-r1,False,515,18090.0,0.884
rsi2-NQ-tf15|asia|,news_never,th10_pts45-r2,False,480,28425.0,1.003
rsi2-NQ-tf15|asia|,news_never,th10_pts45-r3,False,477,52892.0,1.514
rsi2-NQ-tf15|asia|,news_never,th10_pct0p1-r0,False,697,5362.0,0.152
rsi2-NQ-tf15|asia|,news_never,th10_pct0p1-r1,False,811,-12459.0,-1.574
rsi2-NQ-tf15|asia|,news_never,th10_pct0p1-r2,False,776,-4649.0,-0.425
rsi2-NQ-tf15|asia|,news_never,th10_pct0p1-r3,False,743,-527.0,-0.04
rsi2-NQ-tf15|asia|,news_never,th10_pct0p2-r0,False,545,65175.0,1.457
rsi2-NQ-tf15|asia|,news_never,th10_pct0p2-r1,False,628,3653.0,0.263
rsi2-NQ-tf15|asia|,news_never,th10_pct0p2-r2,False,571,32706.0,1.701
rsi2-NQ-tf15|asia|,news_never,th10_pct0p2-r3,False,551,35051.0,1.495
rsi2-NQ-tf15|asia|,news_never,th15_atr1p5-r0,False,758,11908.0,0.282
rsi2-NQ-tf15|asia|,news_never,th15_atr1p5-r1,False,961,3141.0,0.227
rsi2-NQ-tf15|asia|,news_never,th15_atr1p5-r2,False,842,30522.0,1.608
rsi2-NQ-tf15|asia|,news_never,th15_atr1p5-r3,False,789,6784.0,0.309
rsi2-NQ-tf15|asia|,news_never,th15_atr3-r0,False,583,36913.0,0.708
rsi2-NQ-tf15|asia|,news_never,th15_atr3-r1,False,660,19680.0,0.866
rsi2-NQ-tf15|asia|,news_never,th15_atr3-r2,False,598,15608.0,0.508
rsi2-NQ-tf15|asia|,news_never,th15_atr3-r3,False,583,14628.0,0.392
rsi2-NQ-tf15|asia|,news_never,th15_pts10-r0,False,894,1679.0,0.053
rsi2-NQ-tf15|asia|,news_never,th15_pts10-r1,False,1107,-22288.0,-3.309
rsi2-NQ-tf15|asia|,news_never,th15_pts10-r2,False,1039,-16656.0,-1.829
rsi2-NQ-tf15|asia|,news_never,th15_pts10-r3,False,994,-14971.0,-1.377
rsi2-NQ-tf15|asia|,news_never,th15_pts20-r0,False,690,26415.0,0.621
rsi2-NQ-tf15|asia|,news_never,th15_pts20-r1,False,862,-13148.0,-1.111
rsi2-NQ-tf15|asia|,news_never,th15_pts20-r2,False,756,12211.0,0.77
rsi2-NQ-tf15|asia|,news_never,th15_pts20-r3,False,719,20159.0,1.051
rsi2-NQ-tf15|asia|,news_never,th15_pts30-r0,False,593,60798.0,1.272
rsi2-NQ-tf15|asia|,news_never,th15_pts30-r1,False,702,4922.0,0.308
rsi2-NQ-tf15|asia|,news_never,th15_pts30-r2,False,620,33745.0,1.555
rsi2-NQ-tf15|asia|,news_never,th15_pts30-r3,False,597,34957.0,1.328
rsi2-NQ-tf15|asia|,news_never,th15_pts45-r0,False,528,37373.0,0.729
rsi2-NQ-tf15|asia|,news_never,th15_pts45-r1,False,572,29472.0,1.368
rsi2-NQ-tf15|asia|,news_never,th15_pts45-r2,False,532,43307.0,1.444
rsi2-NQ-tf15|asia|,news_never,th15_pts45-r3,False,528,42718.0,1.174
rsi2-NQ-tf15|asia|,news_never,th15_pct0p1-r0,False,792,26242.0,0.668
rsi2-NQ-tf15|asia|,news_never,th15_pct0p1-r1,False,992,-12583.0,-1.436
rsi2-NQ-tf15|asia|,news_never,th15_pct0p1-r2,False,919,-3226.0,-0.27
rsi2-NQ-tf15|asia|,news_never,th15_pct0p1-r3,False,855,1890.0,0.133
rsi2-NQ-tf15|asia|,news_never,th15_pct0p2-r0,False,613,67503.0,1.43
rsi2-NQ-tf15|asia|,news_never,th15_pct0p2-r1,False,740,3780.0,0.252
rsi2-NQ-tf15|asia|,news_never,th15_pct0p2-r2,False,643,41573.0,2.036
rsi2-NQ-tf15|asia|,news_never,th15_pct0p2-r3,False,622,44682.0,1.793
rsi2-NQ-tf15|asia|,long,th5_atr1p5-r0,False,277,36827.0,1.235
rsi2-NQ-tf15|asia|,long,th5_atr1p5-r1,False,302,-1808.0,-0.229
rsi2-NQ-tf15|asia|,long,th5_atr1p5-r2,False,292,8802.0,0.768
rsi2-NQ-tf15|asia|,long,th5_atr1p5-r3,False,284,14289.0,1.007
rsi2-NQ-tf15|asia|,long,th5_atr3-r0,False,229,48789.0,1.348
rsi2-NQ-tf15|asia|,long,th5_atr3-r1,False,243,2553.0,0.185
rsi2-NQ-tf15|asia|,long,th5_atr3-r2,False,232,11652.0,0.604
rsi2-NQ-tf15|asia|,long,th5_atr3-r3,False,229,27854.0,1.141
rsi2-NQ-tf15|asia|,long,th5_pts10-r0,False,311,2801.0,0.155
rsi2-NQ-tf15|asia|,long,th5_pts10-r1,False,334,-8726.0,-2.363
rsi2-NQ-tf15|asia|,long,th5_pts10-r2,False,332,-7178.0,-1.404
rsi2-NQ-tf15|asia|,long,th5_pts10-r3,False,330,-3880.0,-0.615
rsi2-NQ-tf15|asia|,long,th5_pts20-r0,False,259,27144.0,0.935
rsi2-NQ-tf15|asia|,long,th5_pts20-r1,False,279,-1471.0,-0.218
rsi2-NQ-tf15|asia|,long,th5_pts20-r2,False,271,2351.0,0.248
rsi2-NQ-tf15|asia|,long,th5_pts20-r3,False,267,9467.0,0.805
rsi2-NQ-tf15|asia|,long,th5_pts30-r0,False,225,61590.0,1.866
rsi2-NQ-tf15|asia|,long,th5_pts30-r1,False,244,5554.0,0.589
rsi2-NQ-tf15|asia|,long,th5_pts30-r2,False,234,19844.0,1.474
rsi2-NQ-tf15|asia|,long,th5_pts30-r3,False,225,38445.0,2.271
rsi2-NQ-tf15|asia|,long,th5_pts45-r0,False,210,47155.0,1.314
rsi2-NQ-tf15|asia|,long,th5_pts45-r1,False,221,4826.0,0.359
rsi2-NQ-tf15|asia|,long,th5_pts45-r2,False,210,29565.0,1.547
rsi2-NQ-tf15|asia|,long,th5_pts45-r3,False,210,34535.0,1.463
rsi2-NQ-tf15|asia|,long,th5_pct0p1-r0,False,283,25463.0,0.945
rsi2-NQ-tf15|asia|,long,th5_pct0p1-r1,False,305,-4100.0,-0.85
rsi2-NQ-tf15|asia|,long,th5_pct0p1-r2,False,299,3894.0,0.566
rsi2-NQ-tf15|asia|,long,th5_pct0p1-r3,False,294,9084.0,1.059
rsi2-NQ-tf15|asia|,long,th5_pct0p2-r0,False,234,55254.0,1.743
rsi2-NQ-tf15|asia|,long,th5_pct0p2-r1,False,253,4168.0,0.477
rsi2-NQ-tf15|asia|,long,th5_pct0p2-r2,False,243,14883.0,1.187
rsi2-NQ-tf15|asia|,long,th5_pct0p2-r3,False,235,31770.0,2.016
rsi2-NQ-tf15|asia|,long,th10_atr1p5-r0,False,374,30659.0,0.954
rsi2-NQ-tf15|asia|,long,th10_atr1p5-r1,False,447,6882.0,0.724
rsi2-NQ-tf15|asia|,long,th10_atr1p5-r2,False,411,8191.0,0.621
rsi2-NQ-tf15|asia|,long,th10_atr1p5-r3,False,388,7203.0,0.453
rsi2-NQ-tf15|asia|,long,th10_atr3-r0,False,304,44934.0,1.151
rsi2-NQ-tf15|asia|,long,th10_atr3-r1,False,338,4883.0,0.304
rsi2-NQ-tf15|asia|,long,th10_atr3-r2,False,312,20807.0,0.931
rsi2-NQ-tf15|asia|,long,th10_atr3-r3,False,304,38689.0,1.37
rsi2-NQ-tf15|asia|,long,th10_pts10-r0,False,439,-4561.0,-0.226
rsi2-NQ-tf15|asia|,long,th10_pts10-r1,False,508,-9092.0,-1.991
rsi2-NQ-tf15|asia|,long,th10_pts10-r2,False,500,-8460.0,-1.34
rsi2-NQ-tf15|asia|,long,th10_pts10-r3,False,485,-4935.0,-0.644
rsi2-NQ-tf15|asia|,long,th10_pts20-r0,False,350,18370.0,0.578
rsi2-NQ-tf15|asia|,long,th10_pts20-r1,False,421,2381.0,0.288
rsi2-NQ-tf15|asia|,long,th10_pts20-r2,False,388,6253.0,0.55
rsi2-NQ-tf15|asia|,long,th10_pts20-r3,False,368,1818.0,0.135
rsi2-NQ-tf15|asia|,long,th10_pts30-r0,False,299,67899.0,1.85
rsi2-NQ-tf15|asia|,long,th10_pts30-r1,False,352,4827.0,0.426
rsi2-NQ-tf15|asia|,long,th10_pts30-r2,False,317,17997.0,1.158
rsi2-NQ-tf15|asia|,long,th10_pts30-r3,False,301,37806.0,1.963
rsi2-NQ-tf15|asia|,long,th10_pts45-r0,False,272,52292.0,1.326
rsi2-NQ-tf15|asia|,long,th10_pts45-r1,False,301,13301.0,0.849
rsi2-NQ-tf15|asia|,long,th10_pts45-r2,False,274,38699.0,1.773
rsi2-NQ-tf15|asia|,long,th10_pts45-r3,False,272,57532.0,2.12
rsi2-NQ-tf15|asia|,long,th10_pct0p1-r0,False,399,14954.0,0.522
rsi2-NQ-tf15|asia|,long,th10_pct0p1-r1,False,467,-3598.0,-0.605
rsi2-NQ-tf15|asia|,long,th10_pct0p1-r2,False,452,6717.0,0.796
rsi2-NQ-tf15|asia|,long,th10_pct0p1-r3,False,429,4709.0,0.466
rsi2-NQ-tf15|asia|,long,th10_pct0p2-r0,False,310,53775.0,1.534
rsi2-NQ-tf15|asia|,long,th10_pct0p2-r1,False,371,5846.0,0.555
rsi2-NQ-tf15|asia|,long,th10_pct0p2-r2,False,330,21320.0,1.467
rsi2-NQ-tf15|asia|,long,th10_pct0p2-r3,False,313,29283.0,1.645
rsi2-NQ-tf15|asia|,long,th15_atr1p5-r0,False,439,31919.0,0.94
rsi2-NQ-tf15|asia|,long,th15_atr1p5-r1,False,557,7957.0,0.781
rsi2-NQ-tf15|asia|,long,th15_atr1p5-r2,False,486,18206.0,1.31
rsi2-NQ-tf15|asia|,long,th15_atr1p5-r3,False,455,16390.0,1.002
rsi2-NQ-tf15|asia|,long,th15_atr3-r0,False,340,36645.0,0.936
rsi2-NQ-tf15|asia|,long,th15_atr3-r1,False,382,20137.0,1.232
rsi2-NQ-tf15|asia|,long,th15_atr3-r2,False,347,32432.0,1.45
rsi2-NQ-tf15|asia|,long,th15_atr3-r3,False,340,35170.0,1.263
rsi2-NQ-tf15|asia|,long,th15_pts10-r0,False,513,-2517.0,-0.11
rsi2-NQ-tf15|asia|,long,th15_pts10-r1,False,635,-10150.0,-1.987
rsi2-NQ-tf15|asia|,long,th15_pts10-r2,False,605,-5625.0,-0.802
rsi2-NQ-tf15|asia|,long,th15_pts10-r3,False,582,-288.0,-0.034
rsi2-NQ-tf15|asia|,long,th15_pts20-r0,False,399,26389.0,0.774
rsi2-NQ-tf15|asia|,long,th15_pts20-r1,False,505,-615.0,-0.068
rsi2-NQ-tf15|asia|,long,th15_pts20-r2,False,450,12185.0,0.99
rsi2-NQ-tf15|asia|,long,th15_pts20-r3,False,421,12196.0,0.83
rsi2-NQ-tf15|asia|,long,th15_pts30-r0,False,340,59805.0,1.587
rsi2-NQ-tf15|asia|,long,th15_pts30-r1,False,411,14676.0,1.202
rsi2-NQ-tf15|asia|,long,th15_pts30-r2,False,361,30901.0,1.848
rsi2-NQ-tf15|asia|,long,th15_pts30-r3,False,343,36253.0,1.777
rsi2-NQ-tf15|asia|,long,th15_pts45-r0,False,306,40056.0,0.985
rsi2-NQ-tf15|asia|,long,th15_pts45-r1,False,340,21175.0,1.274
rsi2-NQ-tf15|asia|,long,th15_pts45-r2,False,309,39354.0,1.702
rsi2-NQ-tf15|asia|,long,th15_pts45-r3,False,306,42296.0,1.5
rsi2-NQ-tf15|asia|,long,th15_pct0p1-r0,False,458,24008.0,0.765
rsi2-NQ-tf15|asia|,long,th15_pct0p1-r1,False,575,-2810.0,-0.425
rsi2-NQ-tf15|asia|,long,th15_pct0p1-r2,False,539,11919.0,1.285
rsi2-NQ-tf15|asia|,long,th15_pct0p1-r3,False,502,9602.0,0.871
rsi2-NQ-tf15|asia|,long,th15_pct0p2-r0,False,353,55358.0,1.497
rsi2-NQ-tf15|asia|,long,th15_pct0p2-r1,False,436,13156.0,1.152
rsi2-NQ-tf15|asia|,long,th15_pct0p2-r2,False,377,32262.0,2.063
rsi2-NQ-tf15|asia|,long,th15_pct0p2-r3,False,358,35588.0,1.865
rsi2-NQ-tf15|asia|,short,th5_atr1p5-r0,False,276,-15029.0,-0.642
rsi2-NQ-tf15|asia|,short,th5_atr1p5-r1,False,298,9463.0,1.192
rsi2-NQ-tf15|asia|,short,th5_atr1p5-r2,False,288,11888.0,1.047
rsi2-NQ-tf15|asia|,short,th5_atr1p5-r3,False,284,-4786.0,-0.367
rsi2-NQ-tf15|asia|,short,th5_atr3-r0,False,229,-5266.0,-0.165
rsi2-NQ-tf15|asia|,short,th5_atr3-r1,False,242,4027.0,0.277
rsi2-NQ-tf15|asia|,short,th5_atr3-r2,False,234,-5421.0,-0.275
rsi2-NQ-tf15|asia|,short,th5_atr3-r3,False,229,-2671.0,-0.113
rsi2-NQ-tf15|asia|,short,th5_pts10-r0,False,318,-1807.0,-0.089
rsi2-NQ-tf15|asia|,short,th5_pts10-r1,False,340,-5570.0,-1.489
rsi2-NQ-tf15|asia|,short,th5_pts10-r2,False,338,-4837.0,-0.928
rsi2-NQ-tf15|asia|,short,th5_pts10-r3,False,333,-5362.0,-0.852
rsi2-NQ-tf15|asia|,short,th5_pts20-r0,False,260,-11350.0,-0.486
rsi2-NQ-tf15|asia|,short,th5_pts20-r1,False,282,-1143.0,-0.169
rsi2-NQ-tf15|asia|,short,th5_pts20-r2,False,270,5130.0,0.54
rsi2-NQ-tf15|asia|,short,th5_pts20-r3,False,267,3017.0,0.261
rsi2-NQ-tf15|asia|,short,th5_pts30-r0,False,231,-7409.0,-0.276
rsi2-NQ-tf15|asia|,short,th5_pts30-r1,False,245,3800.0,0.402
rsi2-NQ-tf15|asia|,short,th5_pts30-r2,False,237,14437.0,1.073
rsi2-NQ-tf15|asia|,short,th5_pts30-r3,False,232,5337.0,0.33
rsi2-NQ-tf15|asia|,short,th5_pts45-r0,False,215,-17230.0,-0.561
rsi2-NQ-tf15|asia|,short,th5_pts45-r1,False,222,13757.0,1.026
rsi2-NQ-tf15|asia|,short,th5_pts45-r2,False,216,-94.0,-0.005
rsi2-NQ-tf15|asia|,short,th5_pts45-r3,False,215,-2405.0,-0.107
rsi2-NQ-tf15|asia|,short,th5_pct0p1-r0,False,293,-7577.0,-0.35
rsi2-NQ-tf15|asia|,short,th5_pct0p1-r1,False,316,-329.0,-0.066
rsi2-NQ-tf15|asia|,short,th5_pct0p1-r2,False,307,-958.0,-0.137
rsi2-NQ-tf15|asia|,short,th5_pct0p1-r3,False,303,643.0,0.075
rsi2-NQ-tf15|asia|,short,th5_pct0p2-r0,False,234,2654.0,0.099
rsi2-NQ-tf15|asia|,short,th5_pct0p2-r1,False,248,5993.0,0.68
rsi2-NQ-tf15|asia|,short,th5_pct0p2-r2,False,241,18821.0,1.481
rsi2-NQ-tf15|asia|,short,th5_pct0p2-r3,False,235,17925.0,1.149
rsi2-NQ-tf15|asia|,short,th10_atr1p5-r0,False,377,-24213.0,-0.901
rsi2-NQ-tf15|asia|,short,th10_atr1p5-r1,False,442,322.0,0.034
rsi2-NQ-tf15|asia|,short,th10_atr1p5-r2,False,410,-315.0,-0.024
rsi2-NQ-tf15|asia|,short,th10_atr1p5-r3,False,393,-19962.0,-1.379
rsi2-NQ-tf15|asia|,short,th10_atr3-r0,False,295,17740.0,0.469
rsi2-NQ-tf15|asia|,short,th10_atr3-r1,False,328,-4142.0,-0.25
rsi2-NQ-tf15|asia|,short,th10_atr3-r2,False,304,2279.0,0.102
rsi2-NQ-tf15|asia|,short,th10_atr3-r3,False,295,9725.0,0.362
rsi2-NQ-tf15|asia|,short,th10_pts10-r0,False,451,-8729.0,-0.394
rsi2-NQ-tf15|asia|,short,th10_pts10-r1,False,516,-15644.0,-3.417
rsi2-NQ-tf15|asia|,short,th10_pts10-r2,False,495,-15900.0,-2.591
rsi2-NQ-tf15|asia|,short,th10_pts10-r3,False,481,-12994.0,-1.755
rsi2-NQ-tf15|asia|,short,th10_pts20-r0,False,345,-17625.0,-0.669
rsi2-NQ-tf15|asia|,short,th10_pts20-r1,False,400,-9185.0,-1.139
rsi2-NQ-tf15|asia|,short,th10_pts20-r2,False,367,2772.0,0.252
rsi2-NQ-tf15|asia|,short,th10_pts20-r3,False,355,7120.0,0.531
rsi2-NQ-tf15|asia|,short,th10_pts30-r0,False,304,6599.0,0.203
rsi2-NQ-tf15|asia|,short,th10_pts30-r1,False,340,6175.0,0.555
rsi2-NQ-tf15|asia|,short,th10_pts30-r2,False,313,15048.0,0.977
rsi2-NQ-tf15|asia|,short,th10_pts30-r3,False,305,1320.0,0.072
rsi2-NQ-tf15|asia|,short,th10_pts45-r0,False,272,-2118.0,-0.061
rsi2-NQ-tf15|asia|,short,th10_pts45-r1,False,288,15113.0,0.989
rsi2-NQ-tf15|asia|,short,th10_pts45-r2,False,273,7188.0,0.339
rsi2-NQ-tf15|asia|,short,th10_pts45-r3,False,272,17292.0,0.662
rsi2-NQ-tf15|asia|,short,th10_pct0p1-r0,False,400,-8390.0,-0.336
rsi2-NQ-tf15|asia|,short,th10_pct0p1-r1,False,464,-8546.0,-1.415
rsi2-NQ-tf15|asia|,short,th10_pct0p1-r2,False,439,-9906.0,-1.213
rsi2-NQ-tf15|asia|,short,th10_pct0p1-r3,False,422,-5353.0,-0.541
rsi2-NQ-tf15|asia|,short,th10_pct0p2-r0,False,313,20753.0,0.639
rsi2-NQ-tf15|asia|,short,th10_pct0p2-r1,False,351,5836.0,0.557
rsi2-NQ-tf15|asia|,short,th10_pct0p2-r2,False,324,21074.0,1.437
rsi2-NQ-tf15|asia|,short,th10_pct0p2-r3,False,316,14836.0,0.834
rsi2-NQ-tf15|asia|,short,th15_atr1p5-r0,False,428,-24642.0,-0.85
rsi2-NQ-tf15|asia|,short,th15_atr1p5-r1,False,545,-3855.0,-0.368
rsi2-NQ-tf15|asia|,short,th15_atr1p5-r2,False,478,8673.0,0.609
rsi2-NQ-tf15|asia|,short,th15_atr1p5-r3,False,447,-15293.0,-0.955
rsi2-NQ-tf15|asia|,short,th15_atr3-r0,False,326,-4759.0,-0.124
rsi2-NQ-tf15|asia|,short,th15_atr3-r1,False,373,-932.0,-0.053
rsi2-NQ-tf15|asia|,short,th15_atr3-r2,False,335,-4030.0,-0.171
rsi2-NQ-tf15|asia|,short,th15_atr3-r3,False,326,-2094.0,-0.075
rsi2-NQ-tf15|asia|,short,th15_pts10-r0,False,509,-9021.0,-0.381
rsi2-NQ-tf15|asia|,short,th15_pts10-r1,False,628,-16017.0,-3.163
rsi2-NQ-tf15|asia|,short,th15_pts10-r2,False,579,-19586.0,-2.959
rsi2-NQ-tf15|asia|,short,th15_pts10-r3,False,553,-20042.0,-2.572
rsi2-NQ-tf15|asia|,short,th15_pts20-r0,False,393,-7212.0,-0.244
rsi2-NQ-tf15|asia|,short,th15_pts20-r1,False,479,-15781.0,-1.792
rsi2-NQ-tf15|asia|,short,th15_pts20-r2,False,417,1597.0,0.136
rsi2-NQ-tf15|asia|,short,th15_pts20-r3,False,403,6723.0,0.472
rsi2-NQ-tf15|asia|,short,th15_pts30-r0,False,336,4046.0,0.119
rsi2-NQ-tf15|asia|,short,th15_pts30-r1,False,391,416.0,0.035
rsi2-NQ-tf15|asia|,short,th15_pts30-r2,False,346,16636.0,1.028
rsi2-NQ-tf15|asia|,short,th15_pts30-r3,False,337,3432.0,0.178
rsi2-NQ-tf15|asia|,short,th15_pts45-r0,False,297,-3443.0,-0.095
rsi2-NQ-tf15|asia|,short,th15_pts45-r1,False,315,21255.0,1.331
rsi2-NQ-tf15|asia|,short,th15_pts45-r2,False,298,24968.0,1.112
rsi2-NQ-tf15|asia|,short,th15_pts45-r3,False,297,25902.0,0.942
rsi2-NQ-tf15|asia|,short,th15_pct0p1-r0,False,449,-201.0,-0.007
rsi2-NQ-tf15|asia|,short,th15_pct0p1-r1,False,562,-12573.0,-1.896
rsi2-NQ-tf15|asia|,short,th15_pct0p1-r2,False,511,-15569.0,-1.787
rsi2-NQ-tf15|asia|,short,th15_pct0p1-r3,False,476,-8809.0,-0.847
rsi2-NQ-tf15|asia|,short,th15_pct0p2-r0,False,347,17642.0,0.52
rsi2-NQ-tf15|asia|,short,th15_pct0p2-r1,False,409,-956.0,-0.085
rsi2-NQ-tf15|asia|,short,th15_pct0p2-r2,False,359,17994.0,1.177
rsi2-NQ-tf15|asia|,short,th15_pct0p2-r3,False,351,12611.0,0.681
