cell,vi,xi,sess,trades,net,t,pf,win,max_mae_usd
s1_atr1p5-r0,0,0,all,13128,-243112.0,-2.7865,0.9138,0.1833,5200.0
s1_atr1p5-r0,0,0,eve,2242,-59048.0,-1.4511,0.8595,0.0669,5200.0
s1_atr1p5-r0,0,0,asia,2198,-10892.0,-0.2962,0.9686,0.0632,890.0
s1_atr1p5-r0,0,0,london,2192,-54418.0,-1.4545,0.8862,0.1054,1240.0
s1_atr1p5-r0,0,0,pre,1663,-38892.0,-1.1567,0.9147,0.172,1230.0
s1_atr1p5-r0,0,0,nyam,1665,30640.0,0.8807,1.0638,0.2919,1460.0
s1_atr1p5-r0,0,0,mid,1547,-59208.0,-2.3492,0.8491,0.3348,1630.0
s1_atr1p5-r0,0,0,pm,1621,-51294.0,-3.3994,0.7901,0.3677,1400.0
s1_atr1p5-r1,0,1,all,17706,-392704.0,-8.8048,0.8512,0.4606,5200.0
s1_atr1p5-r1,0,1,eve,2760,-76880.0,-4.6061,0.7508,0.4384,5200.0
s1_atr1p5-r1,0,1,asia,2789,-75046.0,-7.4538,0.7175,0.4231,850.0
s1_atr1p5-r1,0,1,london,2808,-36462.0,-2.5387,0.8977,0.4811,1120.0
s1_atr1p5-r1,0,1,pre,2299,-42896.0,-2.4331,0.8952,0.4802,1230.0
s1_atr1p5-r1,0,1,nyam,2486,-31144.0,-1.3634,0.9424,0.4964,1510.0
s1_atr1p5-r1,0,1,mid,2274,-67466.0,-3.3516,0.8556,0.4591,1630.0
s1_atr1p5-r1,0,1,pm,2290,-62810.0,-4.8892,0.7846,0.4511,1530.0
s1_atr1p5-r2,0,2,all,15706,-371294.0,-6.692,0.8713,0.3246,5200.0
s1_atr1p5-r2,0,2,eve,2679,-78286.0,-3.7014,0.7971,0.2912,5200.0
s1_atr1p5-r2,0,2,asia,2697,-84588.0,-6.0756,0.7481,0.2829,990.0
s1_atr1p5-r2,0,2,london,2760,-63780.0,-3.2515,0.8641,0.3163,1240.0
s1_atr1p5-r2,0,2,pre,1948,-37442.0,-1.6414,0.917,0.3208,1230.0
s1_atr1p5-r2,0,2,nyam,2046,21796.0,0.76,1.0398,0.3627,1460.0
s1_atr1p5-r2,0,2,mid,1745,-67430.0,-2.966,0.8428,0.3559,1630.0
s1_atr1p5-r2,0,2,pm,1831,-61564.0,-4.4569,0.7685,0.379,1400.0
s1_atr1p5-r3,0,3,all,14682,-326548.0,-5.281,0.8871,0.272,5200.0
s1_atr1p5-r3,0,3,eve,2582,-57458.0,-2.2844,0.8606,0.2242,5200.0
s1_atr1p5-r3,0,3,asia,2543,-59232.0,-3.5025,0.8284,0.2238,990.0
s1_atr1p5-r3,0,3,london,2639,-42926.0,-1.806,0.9138,0.2455,1240.0
s1_atr1p5-r3,0,3,pre,1798,-59942.0,-2.371,0.8707,0.2447,1230.0
s1_atr1p5-r3,0,3,nyam,1809,15264.0,0.5037,1.0299,0.3184,1460.0
s1_atr1p5-r3,0,3,mid,1610,-63810.0,-2.652,0.8434,0.3416,1630.0
s1_atr1p5-r3,0,3,pm,1701,-58444.0,-4.107,0.7709,0.3715,1400.0
s1_atr3-r0,0,4,all,9836,-198614.0,-1.9984,0.9384,0.2742,6360.0
s1_atr3-r0,0,4,eve,1774,-14786.0,-0.2929,0.9746,0.1477,6360.0
s1_atr3-r0,0,4,asia,1690,-35190.0,-0.86,0.9248,0.1308,1750.0
s1_atr3-r0,0,4,london,1706,-57024.0,-1.2698,0.9109,0.197,2420.0
s1_atr3-r0,0,4,pre,1216,-63754.0,-1.7153,0.8783,0.2969,2000.0
s1_atr3-r0,0,4,nyam,1234,-7736.0,-0.2139,0.9843,0.41,2910.0
s1_atr3-r0,0,4,mid,1078,13838.0,0.5282,1.0449,0.4722,2310.0
s1_atr3-r0,0,4,pm,1138,-33962.0,-2.0821,0.8365,0.4411,2740.0
s1_atr3-r1,0,5,all,12969,-319406.0,-4.7786,0.9011,0.4722,6360.0
s1_atr3-r1,0,5,eve,2474,-75506.0,-2.6816,0.8566,0.4665,6360.0
s1_atr3-r1,0,5,asia,2366,-65944.0,-3.4275,0.8465,0.4552,1800.0
s1_atr3-r1,0,5,london,2520,-64440.0,-2.4046,0.8982,0.4806,2240.0
s1_atr3-r1,0,5,pre,1477,-65468.0,-2.4127,0.871,0.4726,2000.0
s1_atr3-r1,0,5,nyam,1564,8134.0,0.2527,1.0147,0.4942,2910.0
s1_atr3-r1,0,5,mid,1244,-3636.0,-0.1519,0.9894,0.4904,2740.0
s1_atr3-r1,0,5,pm,1324,-52546.0,-3.3865,0.7768,0.4539,2740.0
s1_atr3-r2,0,6,all,10995,-348880.0,-4.4654,0.895,0.3567,6360.0
s1_atr3-r2,0,6,eve,2115,-66450.0,-1.8762,0.8876,0.3111,6360.0
s1_atr3-r2,0,6,asia,1962,-56858.0,-2.2784,0.8768,0.3043,1970.0
s1_atr3-r2,0,6,london,2062,-109978.0,-3.2886,0.8422,0.3065,2420.0
s1_atr3-r2,0,6,pre,1281,-70934.0,-2.2126,0.8664,0.3427,2000.0
s1_atr3-r2,0,6,nyam,1298,-7772.0,-0.2255,0.9848,0.4268,2910.0
s1_atr3-r2,0,6,mid,1101,4066.0,0.161,1.0128,0.4723,2310.0
s1_atr3-r2,0,6,pm,1176,-40954.0,-2.5668,0.8103,0.4439,2740.0
s1_atr3-r3,0,7,all,10283,-244982.0,-2.8748,0.9247,0.3182,6360.0
s1_atr3-r3,0,7,eve,1927,-64348.0,-1.6057,0.8916,0.2387,6360.0
s1_atr3-r3,0,7,asia,1792,-49588.0,-1.7322,0.8923,0.2294,2140.0
s1_atr3-r3,0,7,london,1835,-36070.0,-0.9541,0.9448,0.2567,2420.0
s1_atr3-r3,0,7,pre,1244,-63426.0,-1.8254,0.8799,0.3151,2000.0
s1_atr3-r3,0,7,nyam,1249,-10386.0,-0.2914,0.9791,0.4107,2910.0
s1_atr3-r3,0,7,mid,1084,11904.0,0.4626,1.0385,0.4732,2310.0
s1_atr3-r3,0,7,pm,1152,-33068.0,-2.0161,0.8432,0.4444,2740.0
s1_pts2-r0,0,8,all,14106,-377294.0,-5.0251,0.8517,0.1461,540.0
s1_pts2-r0,0,8,eve,2102,-49398.0,-1.3827,0.8802,0.0847,260.0
s1_pts2-r0,0,8,asia,1901,-28394.0,-0.8179,0.9234,0.09,320.0
s1_pts2-r0,0,8,london,2200,-51860.0,-1.5537,0.8779,0.0982,230.0
s1_pts2-r0,0,8,pre,1942,-77198.0,-2.8359,0.7921,0.1071,320.0
s1_pts2-r0,0,8,nyam,2144,-49586.0,-1.927,0.8721,0.1539,250.0
s1_pts2-r0,0,8,mid,2038,-64192.0,-3.0215,0.8117,0.2056,540.0
s1_pts2-r0,0,8,pm,1779,-56666.0,-4.1236,0.7606,0.303,220.0
s1_pts2-r1,0,9,all,18677,-486458.0,-17.5703,0.7725,0.4576,320.0
s1_pts2-r1,0,9,eve,2741,-75394.0,-7.0457,0.7644,0.4553,230.0
s1_pts2-r1,0,9,asia,2612,-78568.0,-7.5293,0.7453,0.4491,320.0
s1_pts2-r1,0,9,london,2797,-54828.0,-5.0599,0.8259,0.4744,220.0
s1_pts2-r1,0,9,pre,2606,-60484.0,-5.7861,0.7973,0.4658,320.0
s1_pts2-r1,0,9,nyam,2781,-66814.0,-6.1892,0.791,0.4639,260.0
s1_pts2-r1,0,9,mid,2725,-78460.0,-7.3867,0.7535,0.4517,210.0
s1_pts2-r1,0,9,pm,2415,-71910.0,-7.7054,0.7219,0.4406,220.0
s1_pts2-r2,0,10,all,17196,-453644.0,-12.5227,0.8175,0.3147,320.0
s1_pts2-r2,0,10,eve,2543,-89822.0,-6.4079,0.7668,0.2934,260.0
s1_pts2-r2,0,10,asia,2300,-67620.0,-5.0251,0.8032,0.303,320.0
s1_pts2-r2,0,10,london,2715,-62230.0,-4.2182,0.8441,0.3134,220.0
s1_pts2-r2,0,10,pre,2368,-64482.0,-4.7073,0.8168,0.3066,320.0
s1_pts2-r2,0,10,nyam,2659,-38906.0,-2.6373,0.8984,0.3276,250.0
s1_pts2-r2,0,10,mid,2523,-67452.0,-4.88,0.8146,0.3175,210.0
s1_pts2-r2,0,10,pm,2088,-63132.0,-5.7496,0.7563,0.3443,220.0
s1_pts2-r3,0,11,all,16080,-461370.0,-11.0363,0.8198,0.2458,540.0
s1_pts2-r3,0,11,eve,2357,-85448.0,-5.2439,0.7832,0.2198,260.0
s1_pts2-r3,0,11,asia,2096,-69694.0,-4.5097,0.8002,0.2238,320.0
s1_pts2-r3,0,11,london,2595,-41380.0,-2.3315,0.9014,0.2447,230.0
s1_pts2-r3,0,11,pre,2197,-68108.0,-4.2922,0.8128,0.2276,320.0
s1_pts2-r3,0,11,nyam,2529,-57166.0,-3.3244,0.8608,0.2408,250.0
s1_pts2-r3,0,11,mid,2356,-74444.0,-4.7644,0.7994,0.2538,540.0
s1_pts2-r3,0,11,pm,1950,-65130.0,-5.574,0.7422,0.3195,220.0
s1_pts3-r0,0,12,all,12010,-191510.0,-2.2356,0.9337,0.2092,350.0
s1_pts3-r0,0,12,eve,1801,-4364.0,-0.1038,0.9911,0.1349,320.0
s1_pts3-r0,0,12,asia,1576,12996.0,0.3298,1.0308,0.1466,330.0
s1_pts3-r0,0,12,london,1952,-49718.0,-1.3143,0.9048,0.1445,350.0
s1_pts3-r0,0,12,pre,1626,-45424.0,-1.4499,0.8931,0.1667,330.0
s1_pts3-r0,0,12,nyam,1845,-9090.0,-0.3087,0.9792,0.2341,340.0
s1_pts3-r0,0,12,mid,1759,-62226.0,-2.6717,0.8353,0.2848,310.0
s1_pts3-r0,0,12,pm,1451,-33684.0,-2.4022,0.8456,0.3811,340.0
s1_pts3-r1,0,13,all,16615,-377250.0,-9.7972,0.8574,0.4751,370.0
s1_pts3-r1,0,13,eve,2482,-67388.0,-4.4387,0.8369,0.4706,320.0
s1_pts3-r1,0,13,asia,2195,-52050.0,-3.6444,0.856,0.4761,320.0
s1_pts3-r1,0,13,london,2677,-52708.0,-3.3404,0.8789,0.4826,320.0
s1_pts3-r1,0,13,pre,2233,-50192.0,-3.4824,0.863,0.4783,330.0
s1_pts3-r1,0,13,nyam,2628,-41862.0,-2.6804,0.9006,0.4882,370.0
s1_pts3-r1,0,13,mid,2451,-76364.0,-5.1792,0.8093,0.4619,310.0
s1_pts3-r1,0,13,pm,1949,-36686.0,-3.2132,0.8523,0.4643,340.0
s1_pts3-r2,0,14,all,14327,-341568.0,-7.0012,0.8823,0.3346,350.0
s1_pts3-r2,0,14,eve,2134,-71906.0,-3.7014,0.8451,0.3083,320.0
s1_pts3-r2,0,14,asia,1800,-31850.0,-1.7596,0.9165,0.3261,320.0
s1_pts3-r2,0,14,london,2432,-57658.0,-2.7562,0.8891,0.3195,350.0
s1_pts3-r2,0,14,pre,1908,-44012.0,-2.377,0.8918,0.3213,330.0
s1_pts3-r2,0,14,nyam,2320,-33350.0,-1.6418,0.9304,0.3362,340.0
s1_pts3-r2,0,14,mid,2107,-67098.0,-3.7471,0.8381,0.3431,310.0
s1_pts3-r2,0,14,pm,1626,-35694.0,-2.8059,0.8491,0.4034,340.0
s1_pts3-r3,0,15,all,13215,-294740.0,-5.2705,0.8991,0.2741,350.0
s1_pts3-r3,0,15,eve,1973,-26032.0,-1.121,0.9441,0.2494,320.0
s1_pts3-r3,0,15,asia,1675,-31840.0,-1.4997,0.9198,0.2454,330.0
s1_pts3-r3,0,15,london,2242,-60958.0,-2.5074,0.8863,0.2386,350.0
s1_pts3-r3,0,15,pre,1760,-43030.0,-2.0089,0.8964,0.2472,330.0
s1_pts3-r3,0,15,nyam,2109,-30326.0,-1.3201,0.9362,0.2726,340.0
s1_pts3-r3,0,15,mid,1927,-79648.0,-4.1345,0.804,0.2999,310.0
s1_pts3-r3,0,15,pm,1529,-22906.0,-1.6668,0.8988,0.3898,340.0
s1_pts5-r0,0,16,all,9609,-168926.0,-1.7826,0.9478,0.2914,550.0
s1_pts5-r0,0,16,eve,1443,8558.0,0.1822,1.0148,0.2155,550.0
s1_pts5-r0,0,16,asia,1253,11558.0,0.2709,1.0239,0.237,540.0
s1_pts5-r0,0,16,london,1562,-66228.0,-1.5556,0.8935,0.2132,540.0
s1_pts5-r0,0,16,pre,1317,-51778.0,-1.5003,0.8949,0.2566,540.0
s1_pts5-r0,0,16,nyam,1498,-13912.0,-0.4222,0.9716,0.3271,520.0
s1_pts5-r0,0,16,mid,1356,-29294.0,-1.1638,0.92,0.385,520.0
s1_pts5-r0,0,16,pm,1180,-27830.0,-1.8247,0.8658,0.4314,520.0
s1_pts5-r1,0,17,all,12697,-310208.0,-5.7108,0.9012,0.482,550.0
s1_pts5-r1,0,17,eve,1901,-38854.0,-1.7644,0.9222,0.4887,550.0
s1_pts5-r1,0,17,asia,1552,-33938.0,-1.7061,0.917,0.4871,540.0
s1_pts5-r1,0,17,london,2222,-57258.0,-2.4079,0.9028,0.4833,540.0
s1_pts5-r1,0,17,pre,1703,-50382.0,-2.427,0.8888,0.4803,540.0
s1_pts5-r1,0,17,nyam,2111,-41034.0,-1.808,0.9234,0.4927,520.0
s1_pts5-r1,0,17,mid,1817,-45418.0,-2.3208,0.8918,0.4772,520.0
s1_pts5-r1,0,17,pm,1391,-43324.0,-3.259,0.8136,0.4572,520.0
s1_pts5-r2,0,18,all,10631,-258624.0,-3.8907,0.9204,0.3593,550.0
s1_pts5-r2,0,18,eve,1586,-19244.0,-0.6836,0.9643,0.3361,550.0
s1_pts5-r2,0,18,asia,1331,-15894.0,-0.6209,0.9645,0.3403,540.0
s1_pts5-r2,0,18,london,1832,-92908.0,-3.1509,0.8557,0.3122,540.0
s1_pts5-r2,0,18,pre,1424,-48636.0,-1.8884,0.8988,0.3336,540.0
s1_pts5-r2,0,18,nyam,1737,-31228.0,-1.1492,0.9418,0.3673,520.0
s1_pts5-r2,0,18,mid,1482,-31688.0,-1.4448,0.9184,0.4069,520.0
s1_pts5-r2,0,18,pm,1239,-19026.0,-1.2856,0.9113,0.4407,520.0
s1_pts5-r3,0,19,all,10022,-206468.0,-2.7619,0.9365,0.319,550.0
s1_pts5-r3,0,19,eve,1507,-13698.0,-0.4156,0.9757,0.2687,550.0
s1_pts5-r3,0,19,asia,1283,2758.0,0.0922,1.006,0.2884,540.0
s1_pts5-r3,0,19,london,1672,-82718.0,-2.4859,0.8698,0.2524,540.0
s1_pts5-r3,0,19,pre,1365,-46490.0,-1.5883,0.9056,0.2842,540.0
s1_pts5-r3,0,19,nyam,1592,-5558.0,-0.1865,0.9891,0.3417,520.0
s1_pts5-r3,0,19,mid,1402,-36798.0,-1.6079,0.9019,0.3909,520.0
s1_pts5-r3,0,19,pm,1201,-23964.0,-1.5762,0.8863,0.433,520.0
s1_pts7-r0,0,20,all,8385,-144880.0,-1.4418,0.9571,0.3497,740.0
s1_pts7-r0,0,20,eve,1235,24930.0,0.4925,1.04,0.2794,740.0
s1_pts7-r0,0,20,asia,1104,-19416.0,-0.4335,0.9639,0.2917,730.0
s1_pts7-r0,0,20,london,1355,-42540.0,-0.9331,0.9351,0.29,720.0
s1_pts7-r0,0,20,pre,1150,-58390.0,-1.6049,0.8867,0.3287,720.0
s1_pts7-r0,0,20,nyam,1290,-13190.0,-0.3786,0.9735,0.3837,720.0
s1_pts7-r0,0,20,mid,1179,-11146.0,-0.4349,0.9675,0.4394,720.0
s1_pts7-r0,0,20,pm,1072,-25128.0,-1.56,0.8761,0.4487,710.0
s1_pts7-r1,0,21,all,10322,-240778.0,-3.6553,0.9272,0.4856,740.0
s1_pts7-r1,0,21,eve,1513,-42542.0,-1.557,0.9229,0.4858,740.0
s1_pts7-r1,0,21,asia,1269,-38796.0,-1.5547,0.9161,0.4838,730.0
s1_pts7-r1,0,21,london,1813,-56412.0,-1.9023,0.914,0.4815,740.0
s1_pts7-r1,0,21,pre,1373,-55562.0,-2.1905,0.8868,0.4771,720.0
s1_pts7-r1,0,21,nyam,1711,-22754.0,-0.8327,0.959,0.495,720.0
s1_pts7-r1,0,21,mid,1440,950.0,0.0433,1.0025,0.5028,720.0
s1_pts7-r1,0,21,pm,1203,-25662.0,-1.7343,0.8816,0.4688,710.0
s1_pts7-r2,0,22,all,8860,-164200.0,-2.0747,0.9512,0.3869,740.0
s1_pts7-r2,0,22,eve,1318,-16422.0,-0.4702,0.9727,0.3498,740.0
s1_pts7-r2,0,22,asia,1139,-45196.0,-1.4414,0.9121,0.3477,730.0
s1_pts7-r2,0,22,london,1468,-46522.0,-1.3011,0.9294,0.346,720.0
s1_pts7-r2,0,22,pre,1204,-43016.0,-1.3966,0.9156,0.3671,720.0
s1_pts7-r2,0,22,nyam,1397,13322.0,0.4212,1.0257,0.4109,720.0
s1_pts7-r2,0,22,mid,1234,-4546.0,-0.1885,0.9872,0.4473,720.0
s1_pts7-r2,0,22,pm,1100,-21820.0,-1.3701,0.8949,0.45,710.0
s1_pts7-r3,0,23,all,8566,-207504.0,-2.3902,0.9389,0.3598,740.0
s1_pts7-r3,0,23,eve,1283,-1912.0,-0.0473,0.9969,0.3055,740.0
s1_pts7-r3,0,23,asia,1118,-68462.0,-1.966,0.8721,0.305,730.0
s1_pts7-r3,0,23,london,1395,-37750.0,-0.9453,0.9428,0.3068,720.0
s1_pts7-r3,0,23,pre,1167,-51748.0,-1.5395,0.8996,0.3385,720.0
s1_pts7-r3,0,23,nyam,1322,-17458.0,-0.5326,0.9657,0.3865,720.0
s1_pts7-r3,0,23,mid,1199,-9786.0,-0.3924,0.972,0.4404,720.0
s1_pts7-r3,0,23,pm,1082,-20388.0,-1.2374,0.9007,0.4501,710.0
s1_pct0p1-r0,0,24,all,13901,-286094.0,-3.4884,0.8937,0.1552,370.0
s1_pct0p1-r0,0,24,eve,2084,-6616.0,-0.161,0.985,0.0921,370.0
s1_pct0p1-r0,0,24,asia,1892,-15288.0,-0.4037,0.9615,0.0967,360.0
s1_pct0p1-r0,0,24,london,2166,-24054.0,-0.6624,0.9464,0.109,350.0
s1_pct0p1-r0,0,24,pre,1908,-69582.0,-2.3846,0.8225,0.1148,360.0
s1_pct0p1-r0,0,24,nyam,2095,-31000.0,-1.1184,0.9228,0.1661,360.0
s1_pct0p1-r0,0,24,mid,2018,-87352.0,-4.0942,0.7617,0.2146,350.0
s1_pct0p1-r0,0,24,pm,1738,-52202.0,-3.6075,0.785,0.3142,350.0
s1_pct0p1-r1,0,25,all,18683,-519232.0,-16.9275,0.7757,0.4555,370.0
s1_pct0p1-r1,0,25,eve,2752,-84738.0,-7.139,0.7578,0.4499,360.0
s1_pct0p1-r1,0,25,asia,2636,-96334.0,-8.299,0.7195,0.4374,360.0
s1_pct0p1-r1,0,25,london,2798,-57092.0,-4.7634,0.8321,0.4753,350.0
s1_pct0p1-r1,0,25,pre,2595,-61650.0,-5.3483,0.8072,0.4647,360.0
s1_pct0p1-r1,0,25,nyam,2783,-63222.0,-5.2934,0.8149,0.4671,370.0
s1_pct0p1-r1,0,25,mid,2741,-76214.0,-6.4418,0.7777,0.4586,350.0
s1_pct0p1-r1,0,25,pm,2378,-79982.0,-7.7749,0.7114,0.4319,350.0
s1_pct0p1-r2,0,26,all,17099,-484116.0,-12.0585,0.8194,0.314,370.0
s1_pct0p1-r2,0,26,eve,2571,-91674.0,-5.8187,0.7823,0.2956,370.0
s1_pct0p1-r2,0,26,asia,2298,-69262.0,-4.6013,0.8144,0.305,360.0
s1_pct0p1-r2,0,26,london,2718,-52742.0,-3.1988,0.8768,0.3194,350.0
s1_pct0p1-r2,0,26,pre,2322,-66058.0,-4.3941,0.8226,0.3053,360.0
s1_pct0p1-r2,0,26,nyam,2656,-49774.0,-3.0594,0.8807,0.3223,360.0
s1_pct0p1-r2,0,26,mid,2512,-92568.0,-6.0854,0.7701,0.3061,350.0
s1_pct0p1-r2,0,26,pm,2022,-62038.0,-5.1909,0.7664,0.3492,350.0
s1_pct0p1-r3,0,27,all,15896,-450844.0,-9.6894,0.8354,0.2484,370.0
s1_pct0p1-r3,0,27,eve,2386,-88374.0,-4.8079,0.7964,0.2225,370.0
s1_pct0p1-r3,0,27,asia,2075,-50940.0,-2.8929,0.8627,0.2347,360.0
s1_pct0p1-r3,0,27,london,2593,-40122.0,-2.0275,0.9116,0.2449,350.0
s1_pct0p1-r3,0,27,pre,2160,-69310.0,-3.9685,0.8205,0.2278,360.0
s1_pct0p1-r3,0,27,nyam,2479,-53986.0,-2.8481,0.8756,0.2428,360.0
s1_pct0p1-r3,0,27,mid,2326,-90584.0,-5.2901,0.7743,0.2537,350.0
s1_pct0p1-r3,0,27,pm,1877,-57528.0,-4.4419,0.7769,0.3261,350.0
s1_pct0p2-r0,0,28,all,10267,-148568.0,-1.5567,0.9539,0.2676,700.0
s1_pct0p2-r0,0,28,eve,1547,31382.0,0.642,1.055,0.1875,690.0
s1_pct0p2-r0,0,28,asia,1351,-8844.0,-0.2062,0.9821,0.1984,700.0
s1_pct0p2-r0,0,28,london,1678,-40262.0,-0.9555,0.9331,0.2008,700.0
s1_pct0p2-r0,0,28,pre,1388,-44632.0,-1.3061,0.9066,0.232,690.0
s1_pct0p2-r0,0,28,nyam,1587,-8238.0,-0.25,0.9829,0.2968,690.0
s1_pct0p2-r0,0,28,mid,1473,-42992.0,-1.7234,0.8877,0.3625,690.0
s1_pct0p2-r0,0,28,pm,1243,-34982.0,-2.3027,0.8371,0.4224,690.0
s1_pct0p2-r1,0,29,all,14131,-293854.0,-5.6274,0.9059,0.4846,700.0
s1_pct0p2-r1,0,29,eve,2160,-66970.0,-3.1515,0.8704,0.475,690.0
s1_pct0p2-r1,0,29,asia,1749,-53836.0,-2.8,0.8718,0.4803,690.0
s1_pct0p2-r1,0,29,london,2457,-37898.0,-1.6893,0.9327,0.4933,700.0
s1_pct0p2-r1,0,29,pre,1845,-39370.0,-2.0437,0.9073,0.4878,690.0
s1_pct0p2-r1,0,29,nyam,2357,-19558.0,-0.8995,0.9627,0.4981,690.0
s1_pct0p2-r1,0,29,mid,2037,-37568.0,-1.9286,0.9136,0.4885,690.0
s1_pct0p2-r1,0,29,pm,1526,-38654.0,-2.8879,0.8381,0.4594,690.0
s1_pct0p2-r2,0,30,all,11636,-208594.0,-3.2292,0.9355,0.3545,710.0
s1_pct0p2-r2,0,30,eve,1759,-26706.0,-0.9814,0.9507,0.3303,690.0
s1_pct0p2-r2,0,30,asia,1445,-38270.0,-1.5715,0.9148,0.3273,700.0
s1_pct0p2-r2,0,30,london,2039,-38326.0,-1.337,0.938,0.3301,710.0
s1_pct0p2-r2,0,30,pre,1540,-41900.0,-1.7202,0.9097,0.3292,690.0
s1_pct0p2-r2,0,30,nyam,1901,11036.0,0.411,1.021,0.3645,690.0
s1_pct0p2-r2,0,30,mid,1640,-42520.0,-1.9146,0.8969,0.3854,690.0
s1_pct0p2-r2,0,30,pm,1312,-31908.0,-2.1979,0.8574,0.4314,690.0
s1_pct0p2-r3,0,31,all,10794,-190226.0,-2.6076,0.9411,0.3043,700.0
s1_pct0p2-r3,0,31,eve,1634,-1496.0,-0.0461,0.9973,0.257,690.0
s1_pct0p2-r3,0,31,asia,1375,-37040.0,-1.2961,0.9211,0.2545,700.0
s1_pct0p2-r3,0,31,london,1818,-34792.0,-1.0703,0.9428,0.2574,700.0
s1_pct0p2-r3,0,31,pre,1451,-44054.0,-1.5798,0.9077,0.2688,690.0
s1_pct0p2-r3,0,31,nyam,1711,-5014.0,-0.1722,0.9901,0.3174,690.0
s1_pct0p2-r3,0,31,mid,1535,-44160.0,-1.9029,0.8886,0.37,690.0
s1_pct0p2-r3,0,31,pm,1270,-23670.0,-1.5465,0.8912,0.4299,690.0
s2_atr1p5-r0,1,0,all,13071,-170244.0,-1.9171,0.9394,0.1915,4520.0
s2_atr1p5-r0,1,0,eve,2226,-9964.0,-0.2322,0.9764,0.0768,4520.0
s2_atr1p5-r0,1,0,asia,2166,25276.0,0.6451,1.0748,0.0683,890.0
s2_atr1p5-r0,1,0,london,2159,-21926.0,-0.5687,0.9529,0.1107,1200.0
s2_atr1p5-r0,1,0,pre,1669,-24736.0,-0.7327,0.9452,0.1863,1600.0
s2_atr1p5-r0,1,0,nyam,1711,-56264.0,-1.776,0.8894,0.2724,1550.0
s2_atr1p5-r0,1,0,mid,1524,-37556.0,-1.4912,0.9007,0.3504,1500.0
s2_atr1p5-r0,1,0,pm,1616,-45074.0,-2.8697,0.8165,0.3923,1590.0
s2_atr1p5-r1,1,1,all,17721,-424364.0,-9.5613,0.8399,0.4611,4250.0
s2_atr1p5-r1,1,1,eve,2778,-71882.0,-4.2904,0.7694,0.4356,4250.0
s2_atr1p5-r1,1,1,asia,2794,-63586.0,-6.289,0.7553,0.4427,790.0
s2_atr1p5-r1,1,1,london,2808,-37122.0,-2.5953,0.8958,0.4754,1130.0
s2_atr1p5-r1,1,1,pre,2312,-48538.0,-2.7552,0.8825,0.4771,1600.0
s2_atr1p5-r1,1,1,nyam,2466,-97034.0,-4.282,0.8298,0.468,1550.0
s2_atr1p5-r1,1,1,mid,2250,-34740.0,-1.753,0.9214,0.4804,1630.0
s2_atr1p5-r1,1,1,pm,2313,-71462.0,-5.5592,0.7601,0.4544,1590.0
s2_atr1p5-r2,1,2,all,15751,-403824.0,-7.364,0.8607,0.3318,4520.0
s2_atr1p5-r2,1,2,eve,2695,-82740.0,-4.0016,0.7873,0.2998,4520.0
s2_atr1p5-r2,1,2,asia,2695,-80320.0,-5.715,0.7588,0.292,980.0
s2_atr1p5-r2,1,2,london,2768,-3092.0,-0.1529,0.9931,0.3389,1140.0
s2_atr1p5-r2,1,2,pre,1965,-57760.0,-2.5669,0.8752,0.316,1600.0
s2_atr1p5-r2,1,2,nyam,2050,-54970.0,-1.98,0.9039,0.3395,1550.0
s2_atr1p5-r2,1,2,mid,1730,-70220.0,-3.1585,0.8334,0.3642,1500.0
s2_atr1p5-r2,1,2,pm,1848,-54722.0,-3.8637,0.7977,0.4037,1590.0
s2_atr1p5-r3,1,3,all,14700,-388500.0,-6.4185,0.8665,0.276,4520.0
s2_atr1p5-r3,1,3,eve,2599,-78496.0,-3.2531,0.8144,0.2282,4520.0
s2_atr1p5-r3,1,3,asia,2549,-58006.0,-3.429,0.8314,0.2268,1030.0
s2_atr1p5-r3,1,3,london,2630,-39020.0,-1.6858,0.9209,0.2498,1200.0
s2_atr1p5-r3,1,3,pre,1790,-43420.0,-1.6956,0.9051,0.2486,1600.0
s2_atr1p5-r3,1,3,nyam,1845,-66830.0,-2.2886,0.8767,0.2921,1550.0
s2_atr1p5-r3,1,3,mid,1588,-54982.0,-2.3726,0.8607,0.3564,1500.0
s2_atr1p5-r3,1,3,pm,1699,-47746.0,-3.2568,0.8129,0.3996,1590.0
s2_atr3-r0,1,4,all,9769,-168986.0,-1.6996,0.9472,0.2845,7550.0
s2_atr3-r0,1,4,eve,1757,-33178.0,-0.6899,0.9429,0.1577,7550.0
s2_atr3-r0,1,4,asia,1642,32842.0,0.7362,1.0714,0.1382,1690.0
s2_atr3-r0,1,4,london,1674,-67696.0,-1.5333,0.891,0.1995,2390.0
s2_atr3-r0,1,4,pre,1221,-26884.0,-0.7213,0.9464,0.326,3200.0
s2_atr3-r0,1,4,nyam,1252,-29218.0,-0.8136,0.9424,0.4137,3090.0
s2_atr3-r0,1,4,mid,1092,-24068.0,-0.9189,0.9274,0.4597,2460.0
s2_atr3-r0,1,4,pm,1131,-20784.0,-1.2624,0.8965,0.4624,2650.0
s2_atr3-r1,1,5,all,12984,-373186.0,-5.579,0.8859,0.4766,7550.0
s2_atr3-r1,1,5,eve,2460,-110500.0,-4.0066,0.7954,0.4589,7550.0
s2_atr3-r1,1,5,asia,2381,-80034.0,-4.0751,0.8198,0.4645,1970.0
s2_atr3-r1,1,5,london,2514,-18936.0,-0.7097,0.9688,0.4992,1930.0
s2_atr3-r1,1,5,pre,1488,-37002.0,-1.3562,0.9257,0.4866,3200.0
s2_atr3-r1,1,5,nyam,1556,-42704.0,-1.3166,0.9264,0.4794,3090.0
s2_atr3-r1,1,5,mid,1247,-50268.0,-2.0966,0.8637,0.4747,2460.0
s2_atr3-r1,1,5,pm,1338,-33742.0,-2.1547,0.8545,0.4753,2650.0
s2_atr3-r2,1,6,all,10900,-322200.0,-4.1954,0.9017,0.3714,7550.0
s2_atr3-r2,1,6,eve,2064,-76566.0,-2.2225,0.8689,0.3222,7550.0
s2_atr3-r2,1,6,asia,1932,-36508.0,-1.4874,0.919,0.3282,1720.0
s2_atr3-r2,1,6,london,2030,-72930.0,-2.2434,0.8905,0.3251,2390.0
s2_atr3-r2,1,6,pre,1272,-32348.0,-1.0216,0.9352,0.3711,3200.0
s2_atr3-r2,1,6,nyam,1317,-35948.0,-1.055,0.9315,0.4282,3090.0
s2_atr3-r2,1,6,mid,1112,-34598.0,-1.3818,0.8973,0.4604,2460.0
s2_atr3-r2,1,6,pm,1173,-33302.0,-2.0487,0.846,0.4612,2650.0
s2_atr3-r3,1,7,all,10221,-277704.0,-3.3382,0.9142,0.3269,7550.0
s2_atr3-r3,1,7,eve,1882,-75438.0,-2.0328,0.8697,0.2428,7550.0
s2_atr3-r3,1,7,asia,1769,-25966.0,-0.9154,0.9428,0.2493,2140.0
s2_atr3-r3,1,7,london,1814,-63576.0,-1.726,0.9013,0.2541,2390.0
s2_atr3-r3,1,7,pre,1241,-25154.0,-0.7237,0.9501,0.3392,3200.0
s2_atr3-r3,1,7,nyam,1267,-32948.0,-0.9385,0.9356,0.4152,3090.0
s2_atr3-r3,1,7,mid,1097,-28288.0,-1.0903,0.9155,0.4585,2460.0
s2_atr3-r3,1,7,pm,1151,-26334.0,-1.5978,0.8746,0.4622,2650.0
s2_pts2-r0,1,8,all,13991,-183264.0,-2.3415,0.9266,0.157,340.0
s2_pts2-r0,1,8,eve,2059,2224.0,0.0574,1.0055,0.0913,240.0
s2_pts2-r0,1,8,asia,1846,29686.0,0.8171,1.0837,0.1024,220.0
s2_pts2-r0,1,8,london,2178,-23662.0,-0.6802,0.9433,0.1051,240.0
s2_pts2-r0,1,8,pre,1935,-44860.0,-1.59,0.8769,0.1204,340.0
s2_pts2-r0,1,8,nyam,2196,-71004.0,-2.7823,0.8223,0.1444,230.0
s2_pts2-r0,1,8,mid,2031,-45724.0,-2.1514,0.8636,0.2186,230.0
s2_pts2-r0,1,8,pm,1746,-29924.0,-2.1389,0.8662,0.3419,240.0
s2_pts2-r1,1,9,all,18664,-418316.0,-15.0941,0.8009,0.4669,340.0
s2_pts2-r1,1,9,eve,2734,-56716.0,-5.2936,0.8168,0.4718,240.0
s2_pts2-r1,1,9,asia,2617,-58108.0,-5.548,0.8051,0.4681,220.0
s2_pts2-r1,1,9,london,2797,-44098.0,-4.0669,0.8574,0.4837,220.0
s2_pts2-r1,1,9,pre,2582,-63968.0,-6.1453,0.7853,0.4624,340.0
s2_pts2-r1,1,9,nyam,2791,-83674.0,-7.7578,0.746,0.4493,230.0
s2_pts2-r1,1,9,mid,2738,-57582.0,-5.3903,0.8136,0.4715,230.0
s2_pts2-r1,1,9,pm,2405,-54170.0,-5.8033,0.7816,0.4607,240.0
s2_pts2-r2,1,10,all,17157,-381748.0,-10.4868,0.8446,0.3235,340.0
s2_pts2-r2,1,10,eve,2534,-56156.0,-3.9339,0.8491,0.3149,240.0
s2_pts2-r2,1,10,asia,2285,-58650.0,-4.3506,0.8266,0.309,220.0
s2_pts2-r2,1,10,london,2720,-31830.0,-2.1238,0.9182,0.332,230.0
s2_pts2-r2,1,10,pre,2353,-65152.0,-4.772,0.814,0.306,340.0
s2_pts2-r2,1,10,nyam,2663,-67242.0,-4.6203,0.8291,0.3098,230.0
s2_pts2-r2,1,10,mid,2540,-58150.0,-4.1646,0.8402,0.3252,230.0
s2_pts2-r2,1,10,pm,2062,-44568.0,-4.0367,0.8214,0.3744,240.0
s2_pts2-r3,1,11,all,15982,-327208.0,-7.7371,0.8696,0.2581,340.0
s2_pts2-r3,1,11,eve,2343,-69592.0,-4.2282,0.8206,0.2279,240.0
s2_pts2-r3,1,11,asia,2069,-28076.0,-1.7649,0.9158,0.2479,220.0
s2_pts2-r3,1,11,london,2585,-27550.0,-1.5419,0.9335,0.2515,230.0
s2_pts2-r3,1,11,pre,2185,-53350.0,-3.3231,0.8513,0.2348,340.0
s2_pts2-r3,1,11,nyam,2530,-61690.0,-3.6024,0.85,0.2387,230.0
s2_pts2-r3,1,11,mid,2348,-55832.0,-3.5358,0.847,0.267,230.0
s2_pts2-r3,1,11,pm,1922,-31118.0,-2.5847,0.87,0.3559,240.0
s2_pts3-r0,1,12,all,12038,-243522.0,-2.9061,0.9159,0.2117,450.0
s2_pts3-r0,1,12,eve,1764,-3916.0,-0.0961,0.9918,0.1372,330.0
s2_pts3-r0,1,12,asia,1581,-17304.0,-0.4587,0.9596,0.136,320.0
s2_pts3-r0,1,12,london,1928,-64782.0,-1.781,0.8746,0.1452,330.0
s2_pts3-r0,1,12,pre,1662,-46028.0,-1.4649,0.8922,0.1745,390.0
s2_pts3-r0,1,12,nyam,1907,-45078.0,-1.5151,0.9025,0.2124,450.0
s2_pts3-r0,1,12,mid,1724,-33846.0,-1.4722,0.9056,0.308,320.0
s2_pts3-r0,1,12,pm,1472,-32568.0,-2.2114,0.8552,0.3974,360.0
s2_pts3-r1,1,13,all,16675,-408270.0,-10.5838,0.8472,0.4732,450.0
s2_pts3-r1,1,13,eve,2470,-69080.0,-4.5621,0.8324,0.4692,330.0
s2_pts3-r1,1,13,asia,2192,-56428.0,-3.9561,0.8446,0.4726,320.0
s2_pts3-r1,1,13,london,2692,-50258.0,-3.1753,0.8848,0.4844,340.0
s2_pts3-r1,1,13,pre,2267,-64038.0,-4.4133,0.8309,0.4689,390.0
s2_pts3-r1,1,13,nyam,2625,-87320.0,-5.6113,0.8033,0.4598,450.0
s2_pts3-r1,1,13,mid,2453,-42732.0,-2.8929,0.8884,0.4863,360.0
s2_pts3-r1,1,13,pm,1976,-38414.0,-3.3199,0.8497,0.4696,360.0
s2_pts3-r2,1,14,all,14337,-315788.0,-6.464,0.8909,0.3386,450.0
s2_pts3-r2,1,14,eve,2097,-31078.0,-1.5862,0.9297,0.329,330.0
s2_pts3-r2,1,14,asia,1818,-53402.0,-2.9689,0.8638,0.313,320.0
s2_pts3-r2,1,14,london,2422,-33198.0,-1.5768,0.9348,0.3311,330.0
s2_pts3-r2,1,14,pre,1943,-57432.0,-3.0946,0.8627,0.3145,390.0
s2_pts3-r2,1,14,nyam,2315,-62170.0,-3.1002,0.8726,0.3214,450.0
s2_pts3-r2,1,14,mid,2083,-45962.0,-2.5645,0.8857,0.361,310.0
s2_pts3-r2,1,14,pm,1659,-32546.0,-2.5068,0.8664,0.4135,360.0
s2_pts3-r3,1,15,all,13279,-314446.0,-5.6349,0.8928,0.2768,450.0
s2_pts3-r3,1,15,eve,1933,-37652.0,-1.6498,0.918,0.2447,340.0
s2_pts3-r3,1,15,asia,1691,-30704.0,-1.4375,0.9233,0.2448,320.0
s2_pts3-r3,1,15,london,2241,-50894.0,-2.0872,0.9042,0.2441,330.0
s2_pts3-r3,1,15,pre,1800,-46790.0,-2.1728,0.8897,0.2472,390.0
s2_pts3-r3,1,15,nyam,2146,-60704.0,-2.6639,0.8765,0.2586,450.0
s2_pts3-r3,1,15,mid,1917,-47058.0,-2.4119,0.8798,0.3234,310.0
s2_pts3-r3,1,15,pm,1551,-40644.0,-3.03,0.8283,0.4004,360.0
s2_pts5-r0,1,16,all,9573,-90342.0,-0.9472,0.9718,0.2974,810.0
s2_pts5-r0,1,16,eve,1414,13454.0,0.2889,1.0238,0.2171,530.0
s2_pts5-r0,1,16,asia,1239,45714.0,1.0329,1.0942,0.2284,810.0
s2_pts5-r0,1,16,london,1536,-38124.0,-0.8925,0.9363,0.2318,550.0
s2_pts5-r0,1,16,pre,1324,-16006.0,-0.4525,0.9663,0.2742,530.0
s2_pts5-r0,1,16,nyam,1520,-32840.0,-1.0196,0.9341,0.3211,540.0
s2_pts5-r0,1,16,mid,1350,-33550.0,-1.3494,0.9081,0.3896,520.0
s2_pts5-r0,1,16,pm,1190,-28990.0,-1.8756,0.8626,0.4403,510.0
s2_pts5-r1,1,17,all,12729,-254506.0,-4.6765,0.9184,0.4865,840.0
s2_pts5-r1,1,17,eve,1886,-59964.0,-2.7362,0.8816,0.4777,520.0
s2_pts5-r1,1,17,asia,1564,-51006.0,-2.5562,0.8787,0.477,520.0
s2_pts5-r1,1,17,london,2216,2886.0,0.1215,1.0052,0.5104,550.0
s2_pts5-r1,1,17,pre,1698,-14682.0,-0.7081,0.9661,0.5006,530.0
s2_pts5-r1,1,17,nyam,2123,-61162.0,-2.682,0.8889,0.4809,840.0
s2_pts5-r1,1,17,mid,1817,-33378.0,-1.7019,0.9195,0.4882,520.0
s2_pts5-r1,1,17,pm,1425,-37200.0,-2.7426,0.8429,0.4611,510.0
s2_pts5-r2,1,18,all,10649,-223746.0,-3.3666,0.9308,0.3644,550.0
s2_pts5-r2,1,18,eve,1570,-38860.0,-1.3949,0.9282,0.328,530.0
s2_pts5-r2,1,18,asia,1326,-15764.0,-0.6148,0.9648,0.3371,510.0
s2_pts5-r2,1,18,london,1820,-46460.0,-1.5632,0.9252,0.3313,550.0
s2_pts5-r2,1,18,pre,1434,-7066.0,-0.2717,0.9848,0.355,530.0
s2_pts5-r2,1,18,nyam,1747,-34138.0,-1.259,0.9367,0.3692,540.0
s2_pts5-r2,1,18,mid,1490,-47960.0,-2.21,0.8783,0.4054,520.0
s2_pts5-r2,1,18,pm,1262,-33498.0,-2.2615,0.852,0.4422,510.0
s2_pts5-r3,1,19,all,10015,-196020.0,-2.6278,0.9394,0.3219,810.0
s2_pts5-r3,1,19,eve,1479,-34016.0,-1.0525,0.9391,0.2623,530.0
s2_pts5-r3,1,19,asia,1275,10500.0,0.3444,1.0225,0.2808,810.0
s2_pts5-r3,1,19,london,1662,-51138.0,-1.5338,0.917,0.269,550.0
s2_pts5-r3,1,19,pre,1366,-18964.0,-0.6499,0.96,0.3009,530.0
s2_pts5-r3,1,19,nyam,1614,-23986.0,-0.8105,0.9537,0.3371,540.0
s2_pts5-r3,1,19,mid,1399,-53436.0,-2.3659,0.8596,0.386,520.0
s2_pts5-r3,1,19,pm,1220,-24980.0,-1.604,0.8854,0.4393,510.0
s2_pts7-r0,1,20,all,8352,-15008.0,-0.1474,0.9955,0.3596,810.0
s2_pts7-r0,1,20,eve,1248,31348.0,0.617,1.0501,0.2837,730.0
s2_pts7-r0,1,20,asia,1102,45732.0,0.9559,1.0852,0.294,810.0
s2_pts7-r0,1,20,london,1305,15930.0,0.3514,1.0264,0.3195,730.0
s2_pts7-r0,1,20,pre,1166,-28904.0,-0.7777,0.9426,0.3448,720.0
s2_pts7-r0,1,20,nyam,1299,-39406.0,-1.1682,0.9221,0.3795,730.0
s2_pts7-r0,1,20,mid,1166,-21814.0,-0.847,0.9364,0.4417,720.0
s2_pts7-r0,1,20,pm,1066,-17894.0,-1.1161,0.9085,0.4672,730.0
s2_pts7-r1,1,21,all,10257,-223358.0,-3.4033,0.9319,0.4877,730.0
s2_pts7-r1,1,21,eve,1514,-58296.0,-2.1356,0.8958,0.4802,730.0
s2_pts7-r1,1,21,asia,1255,-44930.0,-1.8135,0.9023,0.4789,710.0
s2_pts7-r1,1,21,london,1790,25610.0,0.8689,1.0422,0.5162,730.0
s2_pts7-r1,1,21,pre,1375,-31660.0,-1.2454,0.9341,0.4916,720.0
s2_pts7-r1,1,21,nyam,1700,-55940.0,-2.0531,0.9019,0.4776,730.0
s2_pts7-r1,1,21,mid,1422,-32148.0,-1.4787,0.9169,0.488,720.0
s2_pts7-r1,1,21,pm,1201,-25994.0,-1.7624,0.8804,0.4729,730.0
s2_pts7-r2,1,22,all,8879,-141336.0,-1.785,0.9579,0.3918,810.0
s2_pts7-r2,1,22,eve,1329,-26256.0,-0.7513,0.9569,0.3476,730.0
s2_pts7-r2,1,22,asia,1142,-20328.0,-0.6326,0.9606,0.3494,810.0
s2_pts7-r2,1,22,london,1456,23636.0,0.6583,1.0381,0.3757,730.0
s2_pts7-r2,1,22,pre,1216,-30784.0,-0.9972,0.9391,0.3766,720.0
s2_pts7-r2,1,22,nyam,1406,-30994.0,-0.995,0.942,0.3969,730.0
s2_pts7-r2,1,22,mid,1227,-41268.0,-1.7615,0.8865,0.4401,720.0
s2_pts7-r2,1,22,pm,1103,-15342.0,-0.9581,0.9251,0.4669,730.0
s2_pts7-r3,1,23,all,8525,-70080.0,-0.7978,0.979,0.3682,810.0
s2_pts7-r3,1,23,eve,1286,-654.0,-0.0162,0.999,0.3056,730.0
s2_pts7-r3,1,23,asia,1111,-4804.0,-0.1305,0.9909,0.3105,810.0
s2_pts7-r3,1,23,london,1350,41650.0,1.0372,1.0684,0.3378,730.0
s2_pts7-r3,1,23,pre,1180,-36450.0,-1.0802,0.9283,0.3475,720.0
s2_pts7-r3,1,23,nyam,1328,-31192.0,-0.9449,0.9396,0.3818,730.0
s2_pts7-r3,1,23,mid,1187,-30748.0,-1.2574,0.9127,0.4398,720.0
s2_pts7-r3,1,23,pm,1083,-7882.0,-0.465,0.9607,0.4672,730.0
s2_pct0p1-r0,1,24,all,13798,-241662.0,-3.0157,0.9089,0.1642,450.0
s2_pct0p1-r0,1,24,eve,2046,-9614.0,-0.2417,0.9778,0.0953,360.0
s2_pct0p1-r0,1,24,asia,1817,9482.0,0.2589,1.025,0.1057,350.0
s2_pct0p1-r0,1,24,london,2160,-30330.0,-0.8663,0.9319,0.1111,350.0
s2_pct0p1-r0,1,24,pre,1892,-56168.0,-1.9207,0.8541,0.1237,390.0
s2_pct0p1-r0,1,24,nyam,2166,-72794.0,-2.7049,0.8286,0.1542,450.0
s2_pct0p1-r0,1,24,mid,2016,-53454.0,-2.4206,0.8501,0.2272,350.0
s2_pct0p1-r0,1,24,pm,1701,-28784.0,-2.009,0.8733,0.3598,360.0
s2_pct0p1-r1,1,25,all,18686,-465424.0,-15.1588,0.7964,0.4632,450.0
s2_pct0p1-r1,1,25,eve,2747,-68218.0,-5.7403,0.7997,0.4681,360.0
s2_pct0p1-r1,1,25,asia,2633,-63342.0,-5.4295,0.8057,0.4687,350.0
s2_pct0p1-r1,1,25,london,2801,-59274.0,-4.9446,0.8264,0.4698,350.0
s2_pct0p1-r1,1,25,pre,2572,-72228.0,-6.2832,0.7766,0.4584,390.0
s2_pct0p1-r1,1,25,nyam,2793,-80672.0,-6.7537,0.7706,0.4561,450.0
s2_pct0p1-r1,1,25,mid,2764,-64646.0,-5.4402,0.8094,0.4664,350.0
s2_pct0p1-r1,1,25,pm,2376,-57044.0,-5.5457,0.7835,0.4537,350.0
s2_pct0p1-r2,1,26,all,17070,-393270.0,-9.7367,0.8512,0.3244,450.0
s2_pct0p1-r2,1,26,eve,2555,-46300.0,-2.8804,0.8851,0.3221,360.0
s2_pct0p1-r2,1,26,asia,2259,-53436.0,-3.549,0.8524,0.3161,350.0
s2_pct0p1-r2,1,26,london,2726,-41284.0,-2.4878,0.9028,0.325,350.0
s2_pct0p1-r2,1,26,pre,2318,-67392.0,-4.4829,0.8194,0.3063,390.0
s2_pct0p1-r2,1,26,nyam,2661,-73514.0,-4.5649,0.8274,0.3089,450.0
s2_pct0p1-r2,1,26,mid,2547,-69368.0,-4.4509,0.8265,0.3172,350.0
s2_pct0p1-r2,1,26,pm,2004,-41976.0,-3.5126,0.8349,0.3862,350.0
s2_pct0p1-r3,1,27,all,15758,-380392.0,-8.1607,0.8589,0.2564,450.0
s2_pct0p1-r3,1,27,eve,2350,-69290.0,-3.7293,0.8365,0.2294,360.0
s2_pct0p1-r3,1,27,asia,2020,-40370.0,-2.3129,0.8877,0.2436,350.0
s2_pct0p1-r3,1,27,london,2584,-41606.0,-2.1126,0.9081,0.2454,350.0
s2_pct0p1-r3,1,27,pre,2126,-58004.0,-3.3099,0.8469,0.2338,390.0
s2_pct0p1-r3,1,27,nyam,2518,-68092.0,-3.5885,0.8469,0.2367,450.0
s2_pct0p1-r3,1,27,mid,2312,-71758.0,-4.1355,0.8177,0.2612,350.0
s2_pct0p1-r3,1,27,pm,1848,-31272.0,-2.4196,0.8712,0.3674,350.0
s2_pct0p2-r0,1,28,all,10242,-74958.0,-0.7843,0.9764,0.2763,810.0
s2_pct0p2-r0,1,28,eve,1536,-4284.0,-0.0918,0.9925,0.1882,710.0
s2_pct0p2-r0,1,28,asia,1325,46470.0,1.0111,1.0961,0.1925,810.0
s2_pct0p2-r0,1,28,london,1645,-28870.0,-0.6917,0.9501,0.2116,700.0
s2_pct0p2-r0,1,28,pre,1408,-13962.0,-0.3968,0.9702,0.2443,690.0
s2_pct0p2-r0,1,28,nyam,1642,-43588.0,-1.3701,0.9139,0.2893,690.0
s2_pct0p2-r0,1,28,mid,1445,-12060.0,-0.4854,0.9664,0.3882,690.0
s2_pct0p2-r0,1,28,pm,1241,-18664.0,-1.2065,0.9098,0.4496,690.0
s2_pct0p2-r1,1,29,all,14164,-286856.0,-5.4931,0.9081,0.4845,710.0
s2_pct0p2-r1,1,29,eve,2158,-45032.0,-2.1183,0.9109,0.4884,710.0
s2_pct0p2-r1,1,29,asia,1755,-44890.0,-2.3339,0.8922,0.4838,700.0
s2_pct0p2-r1,1,29,london,2443,-20512.0,-0.9179,0.9627,0.4982,700.0
s2_pct0p2-r1,1,29,pre,1858,-42852.0,-2.2178,0.9002,0.4812,690.0
s2_pct0p2-r1,1,29,nyam,2355,-74420.0,-3.4176,0.8654,0.4735,690.0
s2_pct0p2-r1,1,29,mid,2042,-29968.0,-1.5419,0.9302,0.4878,690.0
s2_pct0p2-r1,1,29,pm,1553,-29182.0,-2.1696,0.8772,0.4746,690.0
s2_pct0p2-r2,1,30,all,11612,-208288.0,-3.237,0.9353,0.3567,710.0
s2_pct0p2-r2,1,30,eve,1734,-33306.0,-1.2328,0.938,0.327,710.0
s2_pct0p2-r2,1,30,asia,1425,-27990.0,-1.1451,0.9365,0.3256,700.0
s2_pct0p2-r2,1,30,london,2019,-2956.0,-0.1029,0.9951,0.3413,700.0
s2_pct0p2-r2,1,30,pre,1561,-35274.0,-1.4415,0.9241,0.3306,690.0
s2_pct0p2-r2,1,30,nyam,1931,-44104.0,-1.6572,0.9205,0.3433,690.0
s2_pct0p2-r2,1,30,mid,1621,-43054.0,-1.9845,0.8933,0.3979,690.0
s2_pct0p2-r2,1,30,pm,1321,-21604.0,-1.4832,0.902,0.4527,690.0
s2_pct0p2-r3,1,31,all,10793,-216132.0,-2.9895,0.9328,0.3067,710.0
s2_pct0p2-r3,1,31,eve,1618,-37742.0,-1.1977,0.9327,0.2515,710.0
s2_pct0p2-r3,1,31,asia,1351,-24724.0,-0.8589,0.9462,0.2487,700.0
s2_pct0p2-r3,1,31,london,1803,-25142.0,-0.7773,0.9578,0.2607,700.0
s2_pct0p2-r3,1,31,pre,1466,-27934.0,-0.9972,0.9406,0.2756,690.0
s2_pct0p2-r3,1,31,nyam,1773,-46722.0,-1.6156,0.9129,0.3057,690.0
s2_pct0p2-r3,1,31,mid,1505,-31340.0,-1.3824,0.917,0.3867,690.0
s2_pct0p2-r3,1,31,pm,1277,-22528.0,-1.4953,0.8956,0.4456,690.0
s3_atr1p5-r0,2,0,all,13234,-283676.0,-3.2409,0.9006,0.1819,4990.0
s3_atr1p5-r0,2,0,eve,2227,-1998.0,-0.047,0.995,0.0696,4990.0
s3_atr1p5-r0,2,0,asia,2154,34054.0,0.8894,1.1019,0.0701,1010.0
s3_atr1p5-r0,2,0,london,2240,-147610.0,-4.3319,0.7056,0.0906,1210.0
s3_atr1p5-r0,2,0,pre,1686,-38564.0,-1.1244,0.9168,0.1762,1600.0
s3_atr1p5-r0,2,0,nyam,1735,-30050.0,-0.8789,0.9422,0.2697,1410.0
s3_atr1p5-r0,2,0,mid,1549,-62646.0,-2.5148,0.8393,0.3305,1500.0
s3_atr1p5-r0,2,0,pm,1643,-36862.0,-2.3107,0.8504,0.378,1550.0
s3_atr1p5-r1,2,1,all,17746,-448954.0,-10.0992,0.8319,0.4568,4990.0
s3_atr1p5-r1,2,1,eve,2760,-47160.0,-2.8168,0.8406,0.4391,4990.0
s3_atr1p5-r1,2,1,asia,2798,-66012.0,-6.4799,0.7486,0.4428,1010.0
s3_atr1p5-r1,2,1,london,2810,-79830.0,-5.5859,0.7891,0.4548,1170.0
s3_atr1p5-r1,2,1,pre,2294,-78366.0,-4.4629,0.8165,0.4608,1600.0
s3_atr1p5-r1,2,1,nyam,2491,-77884.0,-3.4425,0.8615,0.4721,1340.0
s3_atr1p5-r1,2,1,mid,2278,-55072.0,-2.7459,0.8801,0.4671,1460.0
s3_atr1p5-r1,2,1,pm,2315,-44630.0,-3.469,0.8438,0.467,1450.0
s3_atr1p5-r2,2,2,all,15715,-496050.0,-9.002,0.8305,0.3199,4990.0
s3_atr1p5-r2,2,2,eve,2669,-42466.0,-1.8479,0.8857,0.2881,4990.0
s3_atr1p5-r2,2,2,asia,2698,-64772.0,-4.6366,0.8029,0.298,1010.0
s3_atr1p5-r2,2,2,london,2758,-97322.0,-5.0735,0.7981,0.3035,1170.0
s3_atr1p5-r2,2,2,pre,1924,-77286.0,-3.4956,0.8324,0.3051,1600.0
s3_atr1p5-r2,2,2,nyam,2073,-69372.0,-2.5036,0.8812,0.3362,1510.0
s3_atr1p5-r2,2,2,mid,1754,-91116.0,-4.1381,0.7896,0.3518,1590.0
s3_atr1p5-r2,2,2,pm,1839,-53716.0,-3.767,0.7986,0.3899,1550.0
s3_atr1p5-r3,2,3,all,14742,-341578.0,-5.4516,0.8827,0.2698,4990.0
s3_atr1p5-r3,2,3,eve,2560,4300.0,0.1536,1.011,0.2293,4990.0
s3_atr1p5-r3,2,3,asia,2548,-24182.0,-1.3916,0.9281,0.2347,1010.0
s3_atr1p5-r3,2,3,london,2647,-83078.0,-3.6174,0.8368,0.232,1170.0
s3_atr1p5-r3,2,3,pre,1788,-51252.0,-1.9822,0.889,0.2438,1600.0
s3_atr1p5-r3,2,3,nyam,1871,-58334.0,-1.9584,0.894,0.2918,1410.0
s3_atr1p5-r3,2,3,mid,1616,-85284.0,-3.6912,0.7917,0.3348,1590.0
s3_atr1p5-r3,2,3,pm,1712,-43748.0,-2.9414,0.8281,0.3826,1550.0
s3_atr3-r0,2,4,all,9840,-33860.0,-0.3337,0.9894,0.2817,6830.0
s3_atr3-r0,2,4,eve,1765,77480.0,1.5232,1.1437,0.1649,6830.0
s3_atr3-r0,2,4,asia,1621,69156.0,1.5962,1.1592,0.1481,2010.0
s3_atr3-r0,2,4,london,1733,-49742.0,-1.0783,0.9236,0.202,2420.0
s3_atr3-r0,2,4,pre,1238,-73602.0,-1.952,0.8621,0.3053,3200.0
s3_atr3-r0,2,4,nyam,1258,-22962.0,-0.6312,0.9552,0.4118,2800.0
s3_atr3-r0,2,4,mid,1085,-29600.0,-1.1421,0.9106,0.4525,2200.0
s3_atr3-r0,2,4,pm,1140,-4590.0,-0.2735,0.9771,0.4421,2170.0
s3_atr3-r1,2,5,all,12971,-340164.0,-5.1014,0.8952,0.4759,6830.0
s3_atr3-r1,2,5,eve,2466,-14534.0,-0.5247,0.9705,0.4785,6830.0
s3_atr3-r1,2,5,asia,2368,-58622.0,-3.0378,0.8628,0.4738,2010.0
s3_atr3-r1,2,5,london,2517,-80308.0,-2.9954,0.8749,0.4768,2330.0
s3_atr3-r1,2,5,pre,1457,-74318.0,-2.7577,0.8532,0.4708,3200.0
s3_atr3-r1,2,5,nyam,1575,-55370.0,-1.7175,0.9059,0.4832,3020.0
s3_atr3-r1,2,5,mid,1256,-46484.0,-1.9319,0.8744,0.4833,2420.0
s3_atr3-r1,2,5,pm,1332,-10528.0,-0.6758,0.9521,0.4632,2130.0
s3_atr3-r2,2,6,all,11015,-184110.0,-2.3372,0.9438,0.3672,6830.0
s3_atr3-r2,2,6,eve,2111,48856.0,1.3424,1.0897,0.3292,6830.0
s3_atr3-r2,2,6,asia,1934,8754.0,0.3559,1.0204,0.3438,2140.0
s3_atr3-r2,2,6,london,2078,-106382.0,-3.2069,0.8474,0.3133,2420.0
s3_atr3-r2,2,6,pre,1283,-74802.0,-2.3466,0.8578,0.3531,3200.0
s3_atr3-r2,2,6,nyam,1324,-23186.0,-0.6613,0.9563,0.4184,2800.0
s3_atr3-r2,2,6,mid,1105,-30170.0,-1.1785,0.9104,0.4543,2200.0
s3_atr3-r2,2,6,pm,1180,-7180.0,-0.4382,0.9655,0.4449,2130.0
s3_atr3-r3,2,7,all,10326,-167184.0,-1.9583,0.9486,0.3246,6830.0
s3_atr3-r3,2,7,eve,1937,18042.0,0.4589,1.0322,0.2602,6830.0
s3_atr3-r3,2,7,asia,1745,31080.0,1.0631,1.0728,0.2619,2220.0
s3_atr3-r3,2,7,london,1860,-79800.0,-2.1085,0.8811,0.2468,2420.0
s3_atr3-r3,2,7,pre,1255,-87810.0,-2.5501,0.8361,0.3163,3200.0
s3_atr3-r3,2,7,nyam,1277,-8908.0,-0.2437,0.9828,0.415,2800.0
s3_atr3-r3,2,7,mid,1090,-32590.0,-1.2711,0.9023,0.4523,2200.0
s3_atr3-r3,2,7,pm,1162,-7198.0,-0.4361,0.9651,0.4406,2130.0
s3_pts2-r0,2,8,all,14111,-267334.0,-3.4714,0.8943,0.1516,940.0
s3_pts2-r0,2,8,eve,2085,-33020.0,-0.9044,0.919,0.0873,320.0
s3_pts2-r0,2,8,asia,1853,36198.0,0.9408,1.1011,0.0982,270.0
s3_pts2-r0,2,8,london,2252,-123558.0,-4.1671,0.7185,0.0893,230.0
s3_pts2-r0,2,8,pre,1957,-24658.0,-0.835,0.9329,0.1231,270.0
s3_pts2-r0,2,8,nyam,2168,-30042.0,-1.1127,0.9231,0.1536,230.0
s3_pts2-r0,2,8,mid,2037,-52358.0,-2.5344,0.8444,0.216,240.0
s3_pts2-r0,2,8,pm,1759,-39896.0,-2.7749,0.8269,0.3184,940.0
s3_pts2-r1,2,9,all,18644,-459206.0,-16.5842,0.7835,0.461,940.0
s3_pts2-r1,2,9,eve,2737,-68008.0,-6.3527,0.7846,0.4618,250.0
s3_pts2-r1,2,9,asia,2618,-59962.0,-5.7252,0.7996,0.4664,220.0
s3_pts2-r1,2,9,london,2797,-76288.0,-7.0572,0.7661,0.4558,230.0
s3_pts2-r1,2,9,pre,2582,-75248.0,-7.2464,0.7523,0.4516,270.0
s3_pts2-r1,2,9,nyam,2788,-55852.0,-5.1625,0.8225,0.4735,220.0
s3_pts2-r1,2,9,mid,2720,-67330.0,-6.3334,0.7842,0.4618,210.0
s3_pts2-r1,2,9,pm,2402,-56518.0,-6.0332,0.773,0.455,940.0
s3_pts2-r2,2,10,all,17184,-439856.0,-12.1325,0.8225,0.3172,940.0
s3_pts2-r2,2,10,eve,2543,-66702.0,-4.6913,0.8231,0.3083,250.0
s3_pts2-r2,2,10,asia,2311,-51444.0,-3.7757,0.8484,0.3146,210.0
s3_pts2-r2,2,10,london,2715,-67720.0,-4.6037,0.8312,0.3101,230.0
s3_pts2-r2,2,10,pre,2352,-65948.0,-4.836,0.8117,0.3053,270.0
s3_pts2-r2,2,10,nyam,2665,-63490.0,-4.3544,0.8381,0.3126,230.0
s3_pts2-r2,2,10,mid,2525,-70060.0,-5.0715,0.8081,0.3152,240.0
s3_pts2-r2,2,10,pm,2073,-54492.0,-4.9501,0.7851,0.3618,940.0
s3_pts2-r3,2,11,all,16068,-413252.0,-9.8302,0.8378,0.2501,940.0
s3_pts2-r3,2,11,eve,2373,-72022.0,-4.3531,0.8169,0.2271,250.0
s3_pts2-r3,2,11,asia,2097,-23828.0,-1.4821,0.9292,0.2504,210.0
s3_pts2-r3,2,11,london,2612,-79808.0,-4.6026,0.8155,0.2266,230.0
s3_pts2-r3,2,11,pre,2189,-65506.0,-4.1243,0.8191,0.2284,270.0
s3_pts2-r3,2,11,nyam,2540,-52680.0,-3.0426,0.8721,0.2421,230.0
s3_pts2-r3,2,11,mid,2337,-64048.0,-4.1041,0.8239,0.261,240.0
s3_pts2-r3,2,11,pm,1920,-55360.0,-4.6984,0.7756,0.3318,940.0
s3_pts3-r0,2,12,all,12115,-183940.0,-2.1102,0.9372,0.2073,940.0
s3_pts3-r0,2,12,eve,1788,-11752.0,-0.2884,0.9757,0.1365,410.0
s3_pts3-r0,2,12,asia,1533,66128.0,1.5935,1.1626,0.1533,330.0
s3_pts3-r0,2,12,london,1982,-89378.0,-2.3466,0.8336,0.1357,350.0
s3_pts3-r0,2,12,pre,1685,-32890.0,-0.9977,0.9247,0.1691,370.0
s3_pts3-r0,2,12,nyam,1901,-23264.0,-0.7652,0.9493,0.2209,310.0
s3_pts3-r0,2,12,mid,1737,-62208.0,-2.759,0.8339,0.2838,320.0
s3_pts3-r0,2,12,pm,1489,-30576.0,-1.9691,0.8677,0.3794,940.0
s3_pts3-r1,2,13,all,16628,-459492.0,-11.9311,0.8294,0.4675,940.0
s3_pts3-r1,2,13,eve,2469,-49186.0,-3.245,0.8776,0.4824,350.0
s3_pts3-r1,2,13,asia,2181,-36714.0,-2.5766,0.8955,0.4874,320.0
s3_pts3-r1,2,13,london,2686,-65394.0,-4.1397,0.8524,0.4751,330.0
s3_pts3-r1,2,13,pre,2258,-87902.0,-6.0887,0.7743,0.4513,370.0
s3_pts3-r1,2,13,nyam,2636,-80644.0,-5.165,0.8178,0.4643,330.0
s3_pts3-r1,2,13,mid,2426,-87774.0,-5.9894,0.7821,0.4551,330.0
s3_pts3-r1,2,13,pm,1972,-51878.0,-4.4904,0.8017,0.4549,940.0
s3_pts3-r2,2,14,all,14366,-320524.0,-6.5367,0.8899,0.3361,940.0
s3_pts3-r2,2,14,eve,2129,-40676.0,-2.0688,0.91,0.3246,350.0
s3_pts3-r2,2,14,asia,1791,-1914.0,-0.1046,0.9948,0.3439,330.0
s3_pts3-r2,2,14,london,2434,-57896.0,-2.7675,0.8887,0.3196,350.0
s3_pts3-r2,2,14,pre,1941,-60274.0,-3.2562,0.8559,0.3132,370.0
s3_pts3-r2,2,14,nyam,2341,-44424.0,-2.1762,0.9094,0.3285,690.0
s3_pts3-r2,2,14,mid,2070,-70140.0,-3.9483,0.8295,0.3425,320.0
s3_pts3-r2,2,14,pm,1660,-45200.0,-3.467,0.8199,0.3958,940.0
s3_pts3-r3,2,15,all,13239,-313566.0,-5.6055,0.8932,0.2728,940.0
s3_pts3-r3,2,15,eve,1961,-17644.0,-0.7589,0.9616,0.2534,350.0
s3_pts3-r3,2,15,asia,1635,11750.0,0.544,1.0312,0.2654,330.0
s3_pts3-r3,2,15,london,2246,-94944.0,-3.9818,0.8257,0.2275,350.0
s3_pts3-r3,2,15,pre,1796,-54244.0,-2.5303,0.8724,0.2428,370.0
s3_pts3-r3,2,15,nyam,2136,-48804.0,-2.1278,0.9001,0.2645,310.0
s3_pts3-r3,2,15,mid,1895,-68370.0,-3.5309,0.8285,0.3013,320.0
s3_pts3-r3,2,15,pm,1570,-41310.0,-2.9871,0.8301,0.3809,940.0
s3_pts5-r0,2,16,all,9680,-55030.0,-0.5638,0.983,0.2942,940.0
s3_pts5-r0,2,16,eve,1449,59344.0,1.1913,1.1039,0.2257,550.0
s3_pts5-r0,2,16,asia,1206,57496.0,1.3316,1.1239,0.2388,520.0
s3_pts5-r0,2,16,london,1597,-69298.0,-1.6054,0.8904,0.2198,520.0
s3_pts5-r0,2,16,pre,1348,-54222.0,-1.5182,0.8918,0.2567,520.0
s3_pts5-r0,2,16,nyam,1540,-8890.0,-0.2621,0.9823,0.3292,510.0
s3_pts5-r0,2,16,mid,1362,-28038.0,-1.1215,0.9235,0.3847,540.0
s3_pts5-r0,2,16,pm,1178,-11422.0,-0.7074,0.9447,0.4287,940.0
s3_pts5-r1,2,17,all,12774,-265856.0,-4.88,0.9151,0.4848,940.0
s3_pts5-r1,2,17,eve,1903,-24752.0,-1.1235,0.9498,0.4966,530.0
s3_pts5-r1,2,17,asia,1572,-9928.0,-0.4957,0.9753,0.5025,530.0
s3_pts5-r1,2,17,london,2224,-44166.0,-1.8566,0.9242,0.4892,550.0
s3_pts5-r1,2,17,pre,1684,-69406.0,-3.3678,0.8484,0.4679,520.0
s3_pts5-r1,2,17,nyam,2112,-49038.0,-2.163,0.909,0.4858,520.0
s3_pts5-r1,2,17,mid,1855,-48610.0,-2.4607,0.8865,0.4771,540.0
s3_pts5-r1,2,17,pm,1424,-19956.0,-1.4606,0.9131,0.4712,940.0
s3_pts5-r2,2,18,all,10676,-237664.0,-3.5688,0.9269,0.3606,940.0
s3_pts5-r2,2,18,eve,1604,4474.0,0.1569,1.0083,0.3466,520.0
s3_pts5-r2,2,18,asia,1300,17490.0,0.6809,1.0409,0.3546,520.0
s3_pts5-r2,2,18,london,1846,-113684.0,-3.8835,0.8257,0.3077,520.0
s3_pts5-r2,2,18,pre,1436,-81724.0,-3.2282,0.8336,0.3203,520.0
s3_pts5-r2,2,18,nyam,1748,-31762.0,-1.1709,0.9409,0.3724,520.0
s3_pts5-r2,2,18,mid,1492,-23558.0,-1.0634,0.9394,0.4082,540.0
s3_pts5-r2,2,18,pm,1250,-8900.0,-0.5842,0.959,0.436,940.0
s3_pts5-r3,2,19,all,10098,-206762.0,-2.7635,0.9366,0.3203,940.0
s3_pts5-r3,2,19,eve,1536,3666.0,0.1101,1.0065,0.2793,520.0
s3_pts5-r3,2,19,asia,1242,8992.0,0.3015,1.0199,0.2842,520.0
s3_pts5-r3,2,19,london,1698,-97062.0,-2.9418,0.8488,0.2574,520.0
s3_pts5-r3,2,19,pre,1380,-77360.0,-2.7086,0.845,0.2783,520.0
s3_pts5-r3,2,19,nyam,1622,-3048.0,-0.1013,0.9941,0.3453,510.0
s3_pts5-r3,2,19,mid,1413,-35782.0,-1.5518,0.9054,0.3892,540.0
s3_pts5-r3,2,19,pm,1207,-6168.0,-0.386,0.9708,0.4316,940.0
s3_pts7-r0,2,20,all,8424,-44596.0,-0.4303,0.9868,0.3502,940.0
s3_pts7-r0,2,20,eve,1240,59910.0,1.1246,1.0973,0.2927,720.0
s3_pts7-r0,2,20,asia,1076,81526.0,1.7427,1.1592,0.3067,720.0
s3_pts7-r0,2,20,london,1373,-70502.0,-1.5322,0.8948,0.284,730.0
s3_pts7-r0,2,20,pre,1177,-52988.0,-1.416,0.899,0.3347,760.0
s3_pts7-r0,2,20,nyam,1317,-11568.0,-0.3259,0.9773,0.3857,740.0
s3_pts7-r0,2,20,mid,1165,-36900.0,-1.445,0.8951,0.4249,740.0
s3_pts7-r0,2,20,pm,1076,-14074.0,-0.8479,0.9298,0.4368,940.0
s3_pts7-r1,2,21,all,10276,-234514.0,-3.5668,0.9288,0.4844,940.0
s3_pts7-r1,2,21,eve,1520,-12770.0,-0.4665,0.9763,0.502,720.0
s3_pts7-r1,2,21,asia,1257,7292.0,0.2937,1.0168,0.5076,710.0
s3_pts7-r1,2,21,london,1799,-104556.0,-3.5454,0.8452,0.4641,730.0
s3_pts7-r1,2,21,pre,1366,-47464.0,-1.8785,0.9018,0.4832,760.0
s3_pts7-r1,2,21,nyam,1697,-35978.0,-1.317,0.9359,0.4862,740.0
s3_pts7-r1,2,21,mid,1427,-30608.0,-1.401,0.921,0.487,720.0
s3_pts7-r1,2,21,pm,1210,-10430.0,-0.6973,0.9512,0.4645,940.0
s3_pts7-r2,2,22,all,8931,-227564.0,-2.8695,0.9334,0.383,940.0
s3_pts7-r2,2,22,eve,1350,-4370.0,-0.1239,0.9928,0.3622,720.0
s3_pts7-r2,2,22,asia,1119,26484.0,0.8203,1.0541,0.3691,720.0
s3_pts7-r2,2,22,london,1498,-100732.0,-2.8463,0.8533,0.3338,730.0
s3_pts7-r2,2,22,pre,1213,-76612.0,-2.5228,0.853,0.3611,760.0
s3_pts7-r2,2,22,nyam,1413,-10632.0,-0.3374,0.98,0.4027,740.0
s3_pts7-r2,2,22,mid,1226,-43984.0,-1.8474,0.8813,0.4282,740.0
s3_pts7-r2,2,22,pm,1112,-17718.0,-1.0904,0.9156,0.4379,940.0
s3_pts7-r3,2,23,all,8618,-160132.0,-1.8215,0.9532,0.3596,940.0
s3_pts7-r3,2,23,eve,1302,10282.0,0.2524,1.0164,0.3157,720.0
s3_pts7-r3,2,23,asia,1087,25162.0,0.6859,1.0497,0.3229,720.0
s3_pts7-r3,2,23,london,1411,-79704.0,-2.019,0.8821,0.2991,730.0
s3_pts7-r3,2,23,pre,1190,-53010.0,-1.5538,0.8993,0.342,760.0
s3_pts7-r3,2,23,nyam,1349,-17816.0,-0.5366,0.9659,0.387,740.0
s3_pts7-r3,2,23,mid,1188,-43132.0,-1.7638,0.8802,0.4259,740.0
s3_pts7-r3,2,23,pm,1091,-1914.0,-0.1106,0.9906,0.44,940.0
s3_pct0p1-r0,2,24,all,13909,-253536.0,-3.0582,0.9056,0.1582,940.0
s3_pct0p1-r0,2,24,eve,2061,-16504.0,-0.4042,0.9621,0.0907,410.0
s3_pct0p1-r0,2,24,asia,1829,40814.0,1.027,1.1075,0.105,350.0
s3_pct0p1-r0,2,24,london,2220,-101670.0,-2.965,0.7818,0.0955,380.0
s3_pct0p1-r0,2,24,pre,1916,-35784.0,-1.1594,0.9081,0.1268,370.0
s3_pct0p1-r0,2,24,nyam,2140,-41380.0,-1.4653,0.9002,0.1561,350.0
s3_pct0p1-r0,2,24,mid,2022,-65048.0,-2.9896,0.8215,0.2206,640.0
s3_pct0p1-r0,2,24,pm,1721,-33964.0,-2.2668,0.8557,0.3405,940.0
s3_pct0p1-r1,2,25,all,18673,-459402.0,-14.9576,0.7987,0.463,940.0
s3_pct0p1-r1,2,25,eve,2751,-64794.0,-5.4442,0.8091,0.4653,350.0
s3_pct0p1-r1,2,25,asia,2635,-58550.0,-5.014,0.8192,0.4683,350.0
s3_pct0p1-r1,2,25,london,2802,-80088.0,-6.6952,0.7727,0.4561,380.0
s3_pct0p1-r1,2,25,pre,2568,-74762.0,-6.5041,0.7697,0.4572,370.0
s3_pct0p1-r1,2,25,nyam,2787,-54878.0,-4.5892,0.8374,0.4754,350.0
s3_pct0p1-r1,2,25,mid,2740,-76420.0,-6.4608,0.7771,0.4577,350.0
s3_pct0p1-r1,2,25,pm,2390,-49910.0,-4.8191,0.8092,0.4603,940.0
s3_pct0p1-r2,2,26,all,17057,-439588.0,-10.9017,0.8347,0.3183,940.0
s3_pct0p1-r2,2,26,eve,2559,-63696.0,-3.9815,0.8446,0.3099,350.0
s3_pct0p1-r2,2,26,asia,2289,-46446.0,-3.0421,0.8723,0.3159,350.0
s3_pct0p1-r2,2,26,london,2723,-85592.0,-5.2799,0.8055,0.303,380.0
s3_pct0p1-r2,2,26,pre,2300,-59790.0,-3.9712,0.8376,0.3109,370.0
s3_pct0p1-r2,2,26,nyam,2652,-58798.0,-3.6282,0.8597,0.3149,350.0
s3_pct0p1-r2,2,26,mid,2517,-76348.0,-4.9484,0.808,0.3123,350.0
s3_pct0p1-r2,2,26,pm,2017,-48918.0,-4.0338,0.813,0.3733,940.0
s3_pct0p1-r3,2,27,all,15862,-347968.0,-7.3908,0.8714,0.2563,940.0
s3_pct0p1-r3,2,27,eve,2378,-47322.0,-2.4803,0.8878,0.2363,350.0
s3_pct0p1-r3,2,27,asia,2054,-15186.0,-0.8435,0.9576,0.2537,350.0
s3_pct0p1-r3,2,27,london,2612,-65458.0,-3.3536,0.8589,0.2351,380.0
s3_pct0p1-r3,2,27,pre,2128,-58182.0,-3.3227,0.8465,0.234,370.0
s3_pct0p1-r3,2,27,nyam,2523,-43332.0,-2.2411,0.9012,0.2457,350.0
s3_pct0p1-r3,2,27,mid,2325,-71210.0,-4.0754,0.8205,0.2594,640.0
s3_pct0p1-r3,2,27,pm,1842,-47278.0,-3.7169,0.8087,0.3512,940.0
s3_pct0p2-r0,2,28,all,10366,-122314.0,-1.2687,0.9623,0.2672,940.0
s3_pct0p2-r0,2,28,eve,1565,14070.0,0.2959,1.0247,0.193,690.0
s3_pct0p2-r0,2,28,asia,1294,52464.0,1.2082,1.114,0.2079,700.0
s3_pct0p2-r0,2,28,london,1716,-80304.0,-1.8763,0.8713,0.19,700.0
s3_pct0p2-r0,2,28,pre,1424,-24756.0,-0.6944,0.9488,0.236,690.0
s3_pct0p2-r0,2,28,nyam,1659,-23946.0,-0.7028,0.9533,0.2869,690.0
s3_pct0p2-r0,2,28,mid,1462,-50868.0,-2.0522,0.8671,0.3611,690.0
s3_pct0p2-r0,2,28,pm,1246,-8974.0,-0.5488,0.9572,0.4278,940.0
s3_pct0p2-r1,2,29,all,14152,-364778.0,-6.9882,0.8845,0.4766,940.0
s3_pct0p2-r1,2,29,eve,2156,-49964.0,-2.3519,0.9015,0.481,690.0
s3_pct0p2-r1,2,29,asia,1750,-9440.0,-0.4912,0.9762,0.5023,700.0
s3_pct0p2-r1,2,29,london,2454,-83126.0,-3.711,0.858,0.4719,700.0
s3_pct0p2-r1,2,29,pre,1852,-44368.0,-2.295,0.8967,0.4822,690.0
s3_pct0p2-r1,2,29,nyam,2343,-78582.0,-3.6391,0.8569,0.4716,690.0
s3_pct0p2-r1,2,29,mid,2051,-70054.0,-3.6023,0.8449,0.4671,690.0
s3_pct0p2-r1,2,29,pm,1546,-29244.0,-2.1561,0.8777,0.4625,940.0
s3_pct0p2-r2,2,30,all,11666,-311954.0,-4.8575,0.9046,0.3472,940.0
s3_pct0p2-r2,2,30,eve,1766,-18214.0,-0.6649,0.9663,0.3318,690.0
s3_pct0p2-r2,2,30,asia,1394,9914.0,0.4066,1.0238,0.3458,700.0
s3_pct0p2-r2,2,30,london,2047,-96718.0,-3.4364,0.8488,0.3083,700.0
s3_pct0p2-r2,2,30,pre,1552,-59198.0,-2.4482,0.8742,0.3222,690.0
s3_pct0p2-r2,2,30,nyam,1944,-59276.0,-2.2241,0.8947,0.3364,690.0
s3_pct0p2-r2,2,30,mid,1637,-66688.0,-3.0713,0.8404,0.3806,690.0
s3_pct0p2-r2,2,30,pm,1326,-21774.0,-1.4696,0.9026,0.4336,940.0
s3_pct0p2-r3,2,31,all,10872,-267338.0,-3.6779,0.9181,0.2994,940.0
s3_pct0p2-r3,2,31,eve,1665,13100.0,0.4003,1.0235,0.2667,690.0
s3_pct0p2-r3,2,31,asia,1329,20764.0,0.7181,1.0475,0.2724,700.0
s3_pct0p2-r3,2,31,london,1839,-110926.0,-3.5096,0.8249,0.2338,700.0
s3_pct0p2-r3,2,31,pre,1466,-54284.0,-1.9545,0.8869,0.2653,690.0
s3_pct0p2-r3,2,31,nyam,1768,-54922.0,-1.8916,0.8982,0.3009,690.0
s3_pct0p2-r3,2,31,mid,1525,-66410.0,-2.9128,0.8341,0.3613,690.0
s3_pct0p2-r3,2,31,pm,1280,-14660.0,-0.9482,0.9321,0.4273,940.0
s4_atr1p5-r0,3,0,all,13189,-256686.0,-2.949,0.9098,0.1864,4100.0
s4_atr1p5-r0,3,0,eve,2253,-54492.0,-1.3444,0.8688,0.0652,4100.0
s4_atr1p5-r0,3,0,asia,2163,30548.0,0.7982,1.091,0.0721,1010.0
s4_atr1p5-r0,3,0,london,2224,-97016.0,-2.7681,0.8029,0.1012,1220.0
s4_atr1p5-r0,3,0,pre,1625,-110.0,-0.0033,0.9997,0.1938,1210.0
s4_atr1p5-r0,3,0,nyam,1743,-30322.0,-0.8852,0.9419,0.2674,1500.0
s4_atr1p5-r0,3,0,mid,1563,-62462.0,-2.3908,0.8445,0.3423,1470.0
s4_atr1p5-r0,3,0,pm,1618,-42832.0,-2.7657,0.8238,0.3801,1550.0
s4_atr1p5-r1,3,1,all,17699,-467606.0,-10.5256,0.8251,0.46,4100.0
s4_atr1p5-r1,3,1,eve,2770,-63140.0,-3.7444,0.7933,0.4292,4100.0
s4_atr1p5-r1,3,1,asia,2783,-54832.0,-5.4101,0.7849,0.4535,1010.0
s4_atr1p5-r1,3,1,london,2810,-59060.0,-4.1089,0.8398,0.4719,1210.0
s4_atr1p5-r1,3,1,pre,2298,-65692.0,-3.7448,0.8439,0.4708,1650.0
s4_atr1p5-r1,3,1,nyam,2473,-79522.0,-3.5145,0.8584,0.4747,1510.0
s4_atr1p5-r1,3,1,mid,2269,-72756.0,-3.6428,0.8443,0.4694,1470.0
s4_atr1p5-r1,3,1,pm,2296,-72604.0,-5.7117,0.7537,0.4543,1450.0
s4_atr1p5-r2,3,2,all,15698,-380622.0,-6.8577,0.8687,0.3299,4100.0
s4_atr1p5-r2,3,2,eve,2682,-35278.0,-1.5791,0.9048,0.2979,4100.0
s4_atr1p5-r2,3,2,asia,2686,-49734.0,-3.4974,0.8452,0.3075,1010.0
s4_atr1p5-r2,3,2,london,2776,-57924.0,-2.9469,0.8774,0.3206,1220.0
s4_atr1p5-r2,3,2,pre,1899,-31816.0,-1.431,0.9277,0.3307,1650.0
s4_atr1p5-r2,3,2,nyam,2074,-70316.0,-2.4988,0.8815,0.3264,1510.0
s4_atr1p5-r2,3,2,mid,1740,-82990.0,-3.7114,0.8088,0.3638,1470.0
s4_atr1p5-r2,3,2,pm,1841,-52564.0,-3.6612,0.8038,0.3944,1550.0
s4_atr1p5-r3,3,3,all,14734,-332226.0,-5.3626,0.886,0.2734,4100.0
s4_atr1p5-r3,3,3,eve,2573,-51342.0,-2.061,0.8737,0.2211,4100.0
s4_atr1p5-r3,3,3,asia,2547,-37498.0,-2.1748,0.8895,0.2348,1010.0
s4_atr1p5-r3,3,3,london,2654,-60056.0,-2.536,0.8816,0.2366,1220.0
s4_atr1p5-r3,3,3,pre,1738,-24012.0,-0.9418,0.9454,0.2555,1210.0
s4_atr1p5-r3,3,3,nyam,1888,-42472.0,-1.3894,0.9237,0.2908,1500.0
s4_atr1p5-r3,3,3,mid,1633,-74342.0,-3.151,0.8205,0.3527,1470.0
s4_atr1p5-r3,3,3,pm,1701,-42504.0,-2.8737,0.8309,0.3904,1550.0
s4_atr3-r0,3,4,all,9820,-137830.0,-1.3816,0.9571,0.2824,5880.0
s4_atr3-r0,3,4,eve,1782,-36018.0,-0.7464,0.9376,0.1453,5880.0
s4_atr3-r0,3,4,asia,1645,5560.0,0.1337,1.0123,0.1404,2010.0
s4_atr3-r0,3,4,london,1684,2844.0,0.0624,1.0046,0.2197,2420.0
s4_atr3-r0,3,4,pre,1204,32974.0,0.8493,1.0679,0.3364,2120.0
s4_atr3-r0,3,4,nyam,1262,-72888.0,-2.027,0.8632,0.3914,3010.0
s4_atr3-r0,3,4,mid,1106,-54164.0,-2.0145,0.8452,0.4448,2940.0
s4_atr3-r0,3,4,pm,1137,-16138.0,-0.9443,0.9208,0.4591,2130.0
s4_atr3-r1,3,5,all,12981,-286134.0,-4.2295,0.9117,0.4798,5880.0
s4_atr3-r1,3,5,eve,2460,-27880.0,-0.9674,0.9447,0.4736,5880.0
s4_atr3-r1,3,5,asia,2391,-54954.0,-2.796,0.8729,0.4739,2010.0
s4_atr3-r1,3,5,london,2512,-48998.0,-1.8298,0.9214,0.4916,2420.0
s4_atr3-r1,3,5,pre,1472,-10388.0,-0.3812,0.9784,0.498,3310.0
s4_atr3-r1,3,5,nyam,1551,-68104.0,-2.089,0.886,0.4662,3010.0
s4_atr3-r1,3,5,mid,1258,-53022.0,-2.1837,0.8581,0.4801,2940.0
s4_atr3-r1,3,5,pm,1337,-22788.0,-1.4459,0.8993,0.4749,2130.0
s4_atr3-r2,3,6,all,10989,-259056.0,-3.3196,0.9214,0.3692,5880.0
s4_atr3-r2,3,6,eve,2099,-70676.0,-2.076,0.8788,0.3116,5880.0
s4_atr3-r2,3,6,asia,1938,-33362.0,-1.3434,0.9258,0.323,2220.0
s4_atr3-r2,3,6,london,2075,-33830.0,-1.0115,0.9494,0.3388,2420.0
s4_atr3-r2,3,6,pre,1260,29340.0,0.8898,1.0605,0.3865,2120.0
s4_atr3-r2,3,6,nyam,1310,-69330.0,-1.9994,0.8726,0.4053,3010.0
s4_atr3-r2,3,6,mid,1129,-68066.0,-2.7012,0.81,0.4455,2940.0
s4_atr3-r2,3,6,pm,1178,-13132.0,-0.8017,0.9365,0.4694,2130.0
s4_atr3-r3,3,7,all,10294,-176696.0,-2.0708,0.9457,0.3278,5880.0
s4_atr3-r3,3,7,eve,1932,-38588.0,-1.0149,0.9333,0.2448,5880.0
s4_atr3-r3,3,7,asia,1768,-31592.0,-1.1033,0.9303,0.2449,2220.0
s4_atr3-r3,3,7,london,1830,5350.0,0.1395,1.0084,0.2738,2420.0
s4_atr3-r3,3,7,pre,1229,36564.0,1.0013,1.0752,0.3548,2120.0
s4_atr3-r3,3,7,nyam,1275,-72730.0,-2.0508,0.8649,0.3945,3010.0
s4_atr3-r3,3,7,mid,1110,-59550.0,-2.2985,0.8303,0.4468,2940.0
s4_atr3-r3,3,7,pm,1150,-16150.0,-0.9664,0.9216,0.4626,2130.0
s4_pts2-r0,3,8,all,14111,-259394.0,-3.3948,0.8974,0.1533,540.0
s4_pts2-r0,3,8,eve,2105,-87220.0,-2.5687,0.7903,0.0784,250.0
s4_pts2-r0,3,8,asia,1865,30680.0,0.8253,1.0857,0.1035,220.0
s4_pts2-r0,3,8,london,2217,-53238.0,-1.637,0.8752,0.1015,240.0
s4_pts2-r0,3,8,pre,1922,-2558.0,-0.0872,0.9929,0.1296,340.0
s4_pts2-r0,3,8,nyam,2195,-50190.0,-1.8863,0.8744,0.1485,300.0
s4_pts2-r0,3,8,mid,2028,-52822.0,-2.4072,0.8441,0.2106,540.0
s4_pts2-r0,3,8,pm,1779,-44046.0,-3.1549,0.8095,0.3249,290.0
s4_pts2-r1,3,9,all,18626,-440624.0,-15.9278,0.791,0.4644,340.0
s4_pts2-r1,3,9,eve,2735,-85670.0,-8.0285,0.7362,0.4461,250.0
s4_pts2-r1,3,9,asia,2601,-51034.0,-4.8835,0.8258,0.4744,220.0
s4_pts2-r1,3,9,london,2792,-47738.0,-4.406,0.8464,0.4807,220.0
s4_pts2-r1,3,9,pre,2582,-68438.0,-6.58,0.7721,0.4582,340.0
s4_pts2-r1,3,9,nyam,2779,-66926.0,-6.2028,0.7905,0.4638,300.0
s4_pts2-r1,3,9,mid,2736,-62764.0,-5.88,0.7985,0.4667,230.0
s4_pts2-r1,3,9,pm,2401,-58054.0,-6.2534,0.7662,0.4598,240.0
s4_pts2-r2,3,10,all,17151,-429114.0,-11.8367,0.8263,0.3188,340.0
s4_pts2-r2,3,10,eve,2562,-83498.0,-5.9088,0.7835,0.2978,250.0
s4_pts2-r2,3,10,asia,2285,-42250.0,-3.1022,0.8729,0.3208,220.0
s4_pts2-r2,3,10,london,2719,-51066.0,-3.4385,0.871,0.3203,220.0
s4_pts2-r2,3,10,pre,2333,-43782.0,-3.1801,0.8712,0.3206,340.0
s4_pts2-r2,3,10,nyam,2664,-82626.0,-5.725,0.793,0.3011,300.0
s4_pts2-r2,3,10,mid,2524,-74136.0,-5.3676,0.7984,0.3122,240.0
s4_pts2-r2,3,10,pm,2064,-51756.0,-4.729,0.793,0.3692,290.0
s4_pts2-r3,3,11,all,16020,-390470.0,-9.2723,0.846,0.2522,540.0
s4_pts2-r3,3,11,eve,2376,-94494.0,-5.8166,0.7636,0.2155,250.0
s4_pts2-r3,3,11,asia,2086,-19934.0,-1.2393,0.9403,0.2526,220.0
s4_pts2-r3,3,11,london,2610,-56100.0,-3.1819,0.8684,0.2379,230.0
s4_pts2-r3,3,11,pre,2162,-40818.0,-2.534,0.8838,0.2424,340.0
s4_pts2-r3,3,11,nyam,2539,-68956.0,-4.0251,0.8344,0.2343,300.0
s4_pts2-r3,3,11,mid,2318,-55952.0,-3.5575,0.845,0.264,540.0
s4_pts2-r3,3,11,pm,1929,-54216.0,-4.5972,0.7808,0.337,290.0
s4_pts3-r0,3,12,all,12069,-232776.0,-2.7734,0.9199,0.2104,390.0
s4_pts3-r0,3,12,eve,1816,-64994.0,-1.6492,0.8701,0.1217,330.0
s4_pts3-r0,3,12,asia,1572,16822.0,0.4255,1.0398,0.1444,320.0
s4_pts3-r0,3,12,london,1939,-59426.0,-1.6737,0.8846,0.1521,340.0
s4_pts3-r0,3,12,pre,1614,-286.0,-0.009,0.9993,0.1877,390.0
s4_pts3-r0,3,12,nyam,1915,-41620.0,-1.4063,0.9104,0.2167,340.0
s4_pts3-r0,3,12,mid,1735,-57800.0,-2.4538,0.8444,0.2888,330.0
s4_pts3-r0,3,12,pm,1478,-25472.0,-1.6821,0.8863,0.3904,320.0
s4_pts3-r1,3,13,all,16570,-355890.0,-9.2575,0.8645,0.4786,390.0
s4_pts3-r1,3,13,eve,2463,-66222.0,-4.3789,0.8383,0.471,350.0
s4_pts3-r1,3,13,asia,2166,-41594.0,-2.9306,0.8817,0.4834,310.0
s4_pts3-r1,3,13,london,2679,-29836.0,-1.8891,0.9296,0.4968,330.0
s4_pts3-r1,3,13,pre,2249,-46116.0,-3.1871,0.8742,0.4815,390.0
s4_pts3-r1,3,13,nyam,2626,-82264.0,-5.2841,0.8137,0.4634,340.0
s4_pts3-r1,3,13,mid,2435,-51560.0,-3.5082,0.8658,0.4797,310.0
s4_pts3-r1,3,13,pm,1952,-38298.0,-3.353,0.8467,0.4734,320.0
s4_pts3-r2,3,14,all,14331,-357704.0,-7.3252,0.8774,0.3333,690.0
s4_pts3-r2,3,14,eve,2134,-87786.0,-4.5551,0.8129,0.3004,350.0
s4_pts3-r2,3,14,asia,1805,-29740.0,-1.6394,0.922,0.3274,320.0
s4_pts3-r2,3,14,london,2433,-41492.0,-1.9718,0.9193,0.3272,330.0
s4_pts3-r2,3,14,pre,1899,-31236.0,-1.6823,0.9219,0.3296,390.0
s4_pts3-r2,3,14,nyam,2349,-83616.0,-4.1527,0.8347,0.3086,690.0
s4_pts3-r2,3,14,mid,2057,-46218.0,-2.5748,0.8848,0.3525,320.0
s4_pts3-r2,3,14,pm,1654,-37616.0,-2.8969,0.8462,0.4063,320.0
s4_pts3-r3,3,15,all,13296,-276494.0,-4.9251,0.9057,0.2773,390.0
s4_pts3-r3,3,15,eve,1990,-67340.0,-2.9605,0.8596,0.2332,350.0
s4_pts3-r3,3,15,asia,1692,-6048.0,-0.2787,0.9846,0.2583,320.0
s4_pts3-r3,3,15,london,2238,-44172.0,-1.8051,0.9166,0.2462,320.0
s4_pts3-r3,3,15,pre,1749,-1656.0,-0.0758,0.9959,0.2687,390.0
s4_pts3-r3,3,15,nyam,2169,-69376.0,-3.0377,0.8613,0.255,340.0
s4_pts3-r3,3,15,mid,1891,-54154.0,-2.8039,0.8613,0.3157,320.0
s4_pts3-r3,3,15,pm,1567,-33748.0,-2.4364,0.858,0.3925,320.0
s4_pts5-r0,3,16,all,9655,-147810.0,-1.5526,0.9544,0.2968,540.0
s4_pts5-r0,3,16,eve,1439,-34726.0,-0.736,0.941,0.2008,530.0
s4_pts5-r0,3,16,asia,1238,47578.0,1.0775,1.099,0.2367,540.0
s4_pts5-r0,3,16,london,1570,-73070.0,-1.8043,0.8801,0.2293,530.0
s4_pts5-r0,3,16,pre,1297,10262.0,0.294,1.0222,0.2914,540.0
s4_pts5-r0,3,16,nyam,1543,-32392.0,-0.9879,0.9361,0.3247,520.0
s4_pts5-r0,3,16,mid,1373,-44752.0,-1.6972,0.8825,0.3765,540.0
s4_pts5-r0,3,16,pm,1195,-20710.0,-1.2886,0.9017,0.4418,520.0
s4_pts5-r1,3,17,all,12712,-327808.0,-6.0341,0.8959,0.4817,550.0
s4_pts5-r1,3,17,eve,1896,-61604.0,-2.8042,0.8791,0.4773,530.0
s4_pts5-r1,3,17,asia,1554,-11186.0,-0.5616,0.9719,0.5019,540.0
s4_pts5-r1,3,17,london,2222,-60768.0,-2.5577,0.8971,0.482,550.0
s4_pts5-r1,3,17,pre,1669,-26686.0,-1.2977,0.9383,0.4943,540.0
s4_pts5-r1,3,17,nyam,2109,-77496.0,-3.4299,0.8595,0.4699,540.0
s4_pts5-r1,3,17,mid,1830,-48640.0,-2.4659,0.8861,0.4809,540.0
s4_pts5-r1,3,17,pm,1432,-41428.0,-3.0432,0.8265,0.4686,520.0
s4_pts5-r2,3,18,all,10739,-269356.0,-4.0383,0.9179,0.3624,540.0
s4_pts5-r2,3,18,eve,1605,-62900.0,-2.2558,0.8876,0.3196,530.0
s4_pts5-r2,3,18,asia,1343,-23002.0,-0.8933,0.9496,0.3351,540.0
s4_pts5-r2,3,18,london,1843,-31162.0,-1.036,0.9501,0.3359,530.0
s4_pts5-r2,3,18,pre,1400,-870.0,-0.0337,0.9981,0.3614,540.0
s4_pts5-r2,3,18,nyam,1769,-55696.0,-2.0502,0.8996,0.3601,520.0
s4_pts5-r2,3,18,mid,1503,-70042.0,-3.2326,0.8282,0.3945,540.0
s4_pts5-r2,3,18,pm,1276,-25684.0,-1.6986,0.8855,0.4498,520.0
s4_pts5-r3,3,19,all,10118,-221152.0,-2.9488,0.9326,0.3214,540.0
s4_pts5-r3,3,19,eve,1518,-77882.0,-2.4357,0.8664,0.2503,530.0
s4_pts5-r3,3,19,asia,1280,9350.0,0.3076,1.02,0.2828,540.0
s4_pts5-r3,3,19,london,1687,-45198.0,-1.3432,0.9275,0.2703,530.0
s4_pts5-r3,3,19,pre,1341,-1314.0,-0.0448,0.9972,0.3117,540.0
s4_pts5-r3,3,19,nyam,1637,-31028.0,-1.0396,0.9416,0.3348,520.0
s4_pts5-r3,3,19,mid,1430,-62450.0,-2.6931,0.8424,0.3776,540.0
s4_pts5-r3,3,19,pm,1225,-12630.0,-0.7867,0.9411,0.4473,520.0
s4_pts7-r0,3,20,all,8372,-36268.0,-0.3582,0.9891,0.3606,740.0
s4_pts7-r0,3,20,eve,1240,-23370.0,-0.4592,0.9634,0.2677,730.0
s4_pts7-r0,3,20,asia,1090,75920.0,1.6582,1.1482,0.3174,730.0
s4_pts7-r0,3,20,london,1331,2186.0,0.0484,1.0036,0.3193,720.0
s4_pts7-r0,3,20,pre,1145,5020.0,0.1351,1.0103,0.3598,710.0
s4_pts7-r0,3,20,nyam,1316,-59964.0,-1.7577,0.8843,0.3746,720.0
s4_pts7-r0,3,20,mid,1183,-17602.0,-0.6573,0.9497,0.4328,740.0
s4_pts7-r0,3,20,pm,1067,-18458.0,-1.129,0.9065,0.4677,720.0
s4_pts7-r1,3,21,all,10252,-201908.0,-3.0791,0.9381,0.49,740.0
s4_pts7-r1,3,21,eve,1514,-56826.0,-2.0811,0.8983,0.4802,740.0
s4_pts7-r1,3,21,asia,1256,3796.0,0.153,1.0087,0.5096,730.0
s4_pts7-r1,3,21,london,1792,-33398.0,-1.135,0.9474,0.495,720.0
s4_pts7-r1,3,21,pre,1371,-2834.0,-0.1115,0.9939,0.5033,710.0
s4_pts7-r1,3,21,nyam,1691,-61484.0,-2.2655,0.892,0.476,720.0
s4_pts7-r1,3,21,mid,1429,-26986.0,-1.2433,0.9295,0.4871,740.0
s4_pts7-r1,3,21,pm,1199,-24176.0,-1.6332,0.8882,0.4821,720.0
s4_pts7-r2,3,22,all,8883,-162472.0,-2.0565,0.9516,0.3925,740.0
s4_pts7-r2,3,22,eve,1332,-61448.0,-1.7773,0.9011,0.3393,730.0
s4_pts7-r2,3,22,asia,1138,22728.0,0.7031,1.0459,0.3726,730.0
s4_pts7-r2,3,22,london,1462,7912.0,0.2207,1.0126,0.3721,720.0
s4_pts7-r2,3,22,pre,1197,-12668.0,-0.4101,0.9743,0.3851,710.0
s4_pts7-r2,3,22,nyam,1412,-64728.0,-2.1102,0.8816,0.3888,720.0
s4_pts7-r2,3,22,mid,1243,-39052.0,-1.6414,0.8942,0.432,740.0
s4_pts7-r2,3,22,pm,1099,-15216.0,-0.9553,0.9247,0.4732,720.0
s4_pts7-r3,3,23,all,8557,-149138.0,-1.7173,0.9556,0.3678,740.0
s4_pts7-r3,3,23,eve,1287,-58148.0,-1.4746,0.9091,0.2937,730.0
s4_pts7-r3,3,23,asia,1106,31406.0,0.8557,1.0617,0.3327,730.0
s4_pts7-r3,3,23,london,1375,-570.0,-0.0144,0.9991,0.3302,720.0
s4_pts7-r3,3,23,pre,1163,-4992.0,-0.1463,0.9899,0.362,710.0
s4_pts7-r3,3,23,nyam,1350,-70210.0,-2.1765,0.8686,0.3726,720.0
s4_pts7-r3,3,23,mid,1201,-29774.0,-1.2008,0.9167,0.4313,740.0
s4_pts7-r3,3,23,pm,1075,-16850.0,-1.0433,0.915,0.4698,720.0
s4_pct0p1-r0,3,24,all,13883,-221422.0,-2.7342,0.917,0.1626,390.0
s4_pct0p1-r0,3,24,eve,2079,-35226.0,-0.8977,0.9204,0.0895,350.0
s4_pct0p1-r0,3,24,asia,1832,18352.0,0.4854,1.0481,0.1064,350.0
s4_pct0p1-r0,3,24,london,2191,-40334.0,-1.1635,0.9111,0.1086,350.0
s4_pct0p1-r0,3,24,pre,1879,-16946.0,-0.5721,0.955,0.1352,390.0
s4_pct0p1-r0,3,24,nyam,2156,-43844.0,-1.5683,0.8946,0.16,350.0
s4_pct0p1-r0,3,24,mid,2002,-62578.0,-2.7714,0.8256,0.2188,340.0
s4_pct0p1-r0,3,24,pm,1744,-40846.0,-2.7611,0.8298,0.3446,350.0
s4_pct0p1-r1,3,25,all,18651,-440284.0,-14.3395,0.8061,0.466,390.0
s4_pct0p1-r1,3,25,eve,2746,-86914.0,-7.3311,0.7519,0.449,350.0
s4_pct0p1-r1,3,25,asia,2621,-44614.0,-3.8241,0.8585,0.4781,350.0
s4_pct0p1-r1,3,25,london,2796,-40204.0,-3.3529,0.8786,0.4843,350.0
s4_pct0p1-r1,3,25,pre,2576,-70094.0,-6.0948,0.7827,0.4581,390.0
s4_pct0p1-r1,3,25,nyam,2780,-66780.0,-5.5933,0.8054,0.4658,350.0
s4_pct0p1-r1,3,25,mid,2741,-62384.0,-5.265,0.8142,0.4692,350.0
s4_pct0p1-r1,3,25,pm,2391,-69294.0,-6.706,0.7454,0.4559,350.0
s4_pct0p1-r2,3,26,all,17052,-426028.0,-10.5748,0.8395,0.3218,390.0
s4_pct0p1-r2,3,26,eve,2559,-71356.0,-4.4964,0.8269,0.3083,350.0
s4_pct0p1-r2,3,26,asia,2264,-28686.0,-1.8696,0.9191,0.3282,350.0
s4_pct0p1-r2,3,26,london,2733,-75192.0,-4.6005,0.8284,0.3088,350.0
s4_pct0p1-r2,3,26,pre,2284,-51206.0,-3.4172,0.8585,0.3196,390.0
s4_pct0p1-r2,3,26,nyam,2666,-83674.0,-5.2144,0.8057,0.3035,350.0
s4_pct0p1-r2,3,26,mid,2516,-59534.0,-3.8264,0.8479,0.3215,340.0
s4_pct0p1-r2,3,26,pm,2030,-56380.0,-4.6889,0.7876,0.3759,350.0
s4_pct0p1-r3,3,27,all,15865,-352030.0,-7.479,0.8701,0.257,390.0
s4_pct0p1-r3,3,27,eve,2385,-65790.0,-3.4985,0.8463,0.2298,350.0
s4_pct0p1-r3,3,27,asia,2055,-9380.0,-0.5174,0.9738,0.2569,350.0
s4_pct0p1-r3,3,27,london,2622,-56928.0,-2.8903,0.8773,0.2387,350.0
s4_pct0p1-r3,3,27,pre,2105,-32490.0,-1.8353,0.9116,0.248,390.0
s4_pct0p1-r3,3,27,nyam,2526,-64954.0,-3.3919,0.8546,0.2356,350.0
s4_pct0p1-r3,3,27,mid,2291,-73264.0,-4.2521,0.8125,0.2562,340.0
s4_pct0p1-r3,3,27,pm,1881,-49224.0,-3.797,0.8076,0.3573,350.0
s4_pct0p2-r0,3,28,all,10319,-189856.0,-1.9976,0.9414,0.2692,700.0
s4_pct0p2-r0,3,28,eve,1554,-40656.0,-0.8556,0.9304,0.1718,700.0
s4_pct0p2-r0,3,28,asia,1313,38528.0,0.8974,1.082,0.2056,700.0
s4_pct0p2-r0,3,28,london,1685,-78160.0,-1.8917,0.8719,0.1982,700.0
s4_pct0p2-r0,3,28,pre,1372,16642.0,0.4757,1.0369,0.2587,690.0
s4_pct0p2-r0,3,28,nyam,1664,-50596.0,-1.5504,0.9027,0.2843,690.0
s4_pct0p2-r0,3,28,mid,1484,-43986.0,-1.6787,0.8865,0.3632,690.0
s4_pct0p2-r0,3,28,pm,1247,-31628.0,-2.0067,0.8534,0.433,690.0
s4_pct0p2-r1,3,29,all,14076,-403554.0,-7.7514,0.8724,0.4771,700.0
s4_pct0p2-r1,3,29,eve,2149,-68086.0,-3.2112,0.8678,0.4756,700.0
s4_pct0p2-r1,3,29,asia,1731,-37554.0,-1.967,0.9077,0.4841,700.0
s4_pct0p2-r1,3,29,london,2453,-68032.0,-3.0364,0.8822,0.4823,700.0
s4_pct0p2-r1,3,29,pre,1826,-31004.0,-1.6145,0.9256,0.4923,690.0
s4_pct0p2-r1,3,29,nyam,2327,-106438.0,-4.9329,0.8107,0.4602,690.0
s4_pct0p2-r1,3,29,mid,2047,-42458.0,-2.1741,0.9033,0.4807,690.0
s4_pct0p2-r1,3,29,pm,1543,-49982.0,-3.7398,0.7963,0.466,690.0
s4_pct0p2-r2,3,30,all,11726,-257624.0,-3.985,0.9213,0.3537,700.0
s4_pct0p2-r2,3,30,eve,1775,-62380.0,-2.3064,0.8883,0.3149,700.0
s4_pct0p2-r2,3,30,asia,1424,-9706.0,-0.3963,0.9775,0.3371,700.0
s4_pct0p2-r2,3,30,london,2058,-27852.0,-0.9651,0.9552,0.3348,700.0
s4_pct0p2-r2,3,30,pre,1521,-6814.0,-0.2787,0.9847,0.3485,690.0
s4_pct0p2-r2,3,30,nyam,1964,-55606.0,-2.067,0.9029,0.3381,690.0
s4_pct0p2-r2,3,30,mid,1650,-68440.0,-3.1485,0.8372,0.3824,690.0
s4_pct0p2-r2,3,30,pm,1334,-26826.0,-1.8037,0.8808,0.4453,690.0
s4_pct0p2-r3,3,31,all,10877,-252438.0,-3.4606,0.9228,0.3027,700.0
s4_pct0p2-r3,3,31,eve,1649,-56336.0,-1.7757,0.9017,0.2395,700.0
s4_pct0p2-r3,3,31,asia,1352,-8288.0,-0.2869,0.9818,0.2589,700.0
s4_pct0p2-r3,3,31,london,1835,-36670.0,-1.1229,0.9405,0.2589,700.0
s4_pct0p2-r3,3,31,pre,1434,1664.0,0.0587,1.0037,0.2887,690.0
s4_pct0p2-r3,3,31,nyam,1776,-54854.0,-1.8817,0.8997,0.2995,690.0
s4_pct0p2-r3,3,31,mid,1554,-67196.0,-2.9203,0.8344,0.3655,690.0
s4_pct0p2-r3,3,31,pm,1277,-30758.0,-2.0181,0.8604,0.437,690.0
s5_atr1p5-r0,4,0,all,13208,-224672.0,-2.6214,0.9196,0.1864,4100.0
s5_atr1p5-r0,4,0,eve,2271,-41004.0,-1.0583,0.8988,0.0638,4100.0
s5_atr1p5-r0,4,0,asia,2233,-392.0,-0.0105,0.9989,0.0681,1010.0
s5_atr1p5-r0,4,0,london,2209,-77146.0,-2.0816,0.8397,0.1037,1210.0
s5_atr1p5-r0,4,0,pre,1669,-41766.0,-1.2791,0.9076,0.1845,1660.0
s5_atr1p5-r0,4,0,nyam,1690,-25380.0,-0.7739,0.95,0.2763,1520.0
s5_atr1p5-r0,4,0,mid,1549,-14806.0,-0.5657,0.9597,0.3641,1500.0
s5_atr1p5-r0,4,0,pm,1587,-24178.0,-1.5277,0.8943,0.3762,1410.0
s5_atr1p5-r1,4,1,all,17689,-421686.0,-9.4641,0.8407,0.4528,4100.0
s5_atr1p5-r1,4,1,eve,2761,-69024.0,-4.0404,0.7749,0.4147,4100.0
s5_atr1p5-r1,4,1,asia,2798,-74322.0,-7.3726,0.7209,0.4214,1010.0
s5_atr1p5-r1,4,1,london,2809,-78026.0,-5.4677,0.7933,0.456,1210.0
s5_atr1p5-r1,4,1,pre,2305,-63180.0,-3.5713,0.8501,0.4664,1600.0
s5_atr1p5-r1,4,1,nyam,2460,-56030.0,-2.4757,0.8976,0.4894,1590.0
s5_atr1p5-r1,4,1,mid,2260,-46010.0,-2.3031,0.8978,0.4717,1630.0
s5_atr1p5-r1,4,1,pm,2296,-35094.0,-2.738,0.8735,0.4617,1410.0
s5_atr1p5-r2,4,2,all,15694,-374296.0,-6.7425,0.8698,0.3227,4100.0
s5_atr1p5-r2,4,2,eve,2686,-53714.0,-2.4286,0.8556,0.2829,4100.0
s5_atr1p5-r2,4,2,asia,2711,-79764.0,-5.7741,0.7613,0.2855,1010.0
s5_atr1p5-r2,4,2,london,2779,-85476.0,-4.3591,0.8222,0.3051,1220.0
s5_atr1p5-r2,4,2,pre,1921,-60164.0,-2.7006,0.8682,0.3165,1660.0
s5_atr1p5-r2,4,2,nyam,2032,-35228.0,-1.2524,0.9381,0.3455,1520.0
s5_atr1p5-r2,4,2,mid,1764,-25316.0,-1.11,0.9379,0.3827,1600.0
s5_atr1p5-r2,4,2,pm,1801,-34634.0,-2.3891,0.864,0.3876,1410.0
s5_atr1p5-r3,4,3,all,14742,-322328.0,-5.2301,0.8883,0.27,4100.0
s5_atr1p5-r3,4,3,eve,2589,-51836.0,-2.081,0.871,0.2128,4100.0
s5_atr1p5-r3,4,3,asia,2577,-45588.0,-2.6965,0.8675,0.2282,1010.0
s5_atr1p5-r3,4,3,london,2666,-101284.0,-4.4079,0.8042,0.2247,1220.0
s5_atr1p5-r3,4,3,pre,1777,-32328.0,-1.2589,0.9286,0.2555,1660.0
s5_atr1p5-r3,4,3,nyam,1858,-41302.0,-1.3707,0.9247,0.2992,1520.0
s5_atr1p5-r3,4,3,mid,1611,-25954.0,-1.0877,0.9322,0.3706,1600.0
s5_atr1p5-r3,4,3,pm,1664,-24036.0,-1.5923,0.8989,0.3822,1410.0
s5_atr3-r0,4,4,all,9918,-197452.0,-2.018,0.9387,0.2784,5710.0
s5_atr3-r0,4,4,eve,1799,29874.0,0.6018,1.0527,0.1501,5710.0
s5_atr3-r0,4,4,asia,1709,-28456.0,-0.6866,0.9409,0.1322,2010.0
s5_atr3-r0,4,4,london,1697,-104218.0,-2.4908,0.8361,0.1962,2420.0
s5_atr3-r0,4,4,pre,1240,-38860.0,-1.0392,0.9244,0.3089,3200.0
s5_atr3-r0,4,4,nyam,1227,-28078.0,-0.805,0.9433,0.4108,2910.0
s5_atr3-r0,4,4,mid,1089,-9636.0,-0.3538,0.9702,0.4683,2400.0
s5_atr3-r0,4,4,pm,1157,-18078.0,-1.0716,0.9127,0.4624,1970.0
s5_atr3-r1,4,5,all,12974,-340806.0,-5.0663,0.8954,0.4723,5710.0
s5_atr3-r1,4,5,eve,2472,-41138.0,-1.4485,0.9192,0.4652,5710.0
s5_atr3-r1,4,5,asia,2382,-100378.0,-5.1658,0.7783,0.4521,2010.0
s5_atr3-r1,4,5,london,2505,-45220.0,-1.6917,0.9272,0.487,2420.0
s5_atr3-r1,4,5,pre,1492,-67158.0,-2.4691,0.8687,0.4718,3200.0
s5_atr3-r1,4,5,nyam,1533,-27342.0,-0.8463,0.9517,0.4853,2910.0
s5_atr3-r1,4,5,mid,1254,-25236.0,-1.0403,0.9301,0.4856,2710.0
s5_atr3-r1,4,5,pm,1336,-34334.0,-2.1505,0.8545,0.4671,1970.0
s5_atr3-r2,4,6,all,11034,-318236.0,-4.0978,0.9039,0.3603,5710.0
s5_atr3-r2,4,6,eve,2121,-48424.0,-1.3927,0.9165,0.3008,5710.0
s5_atr3-r2,4,6,asia,1964,-74396.0,-3.0487,0.8421,0.304,2220.0
s5_atr3-r2,4,6,london,2070,-105130.0,-3.194,0.8483,0.3155,2420.0
s5_atr3-r2,4,6,pre,1295,-44610.0,-1.3814,0.9137,0.3514,3200.0
s5_atr3-r2,4,6,nyam,1293,-5012.0,-0.1462,0.9902,0.4285,2910.0
s5_atr3-r2,4,6,mid,1107,-16628.0,-0.6464,0.9494,0.4752,2710.0
s5_atr3-r2,4,6,pm,1184,-24036.0,-1.4765,0.887,0.4662,1970.0
s5_atr3-r3,4,7,all,10371,-306724.0,-3.6812,0.9064,0.3196,5710.0
s5_atr3-r3,4,7,eve,1943,-71532.0,-1.9129,0.8771,0.2342,5710.0
s5_atr3-r3,4,7,asia,1806,-65194.0,-2.2953,0.8625,0.2259,2220.0
s5_atr3-r3,4,7,london,1853,-79412.0,-2.1505,0.8812,0.252,2420.0
s5_atr3-r3,4,7,pre,1263,-37082.0,-1.0654,0.9284,0.327,3200.0
s5_atr3-r3,4,7,nyam,1241,-26214.0,-0.7578,0.9478,0.4118,2910.0
s5_atr3-r3,4,7,mid,1094,-6596.0,-0.2484,0.9797,0.4717,2400.0
s5_atr3-r3,4,7,pm,1171,-20694.0,-1.2756,0.901,0.4654,1970.0
s5_pts2-r0,4,8,all,14138,-382292.0,-5.2428,0.8494,0.1503,1040.0
s5_pts2-r0,4,8,eve,2127,-110818.0,-3.4978,0.7375,0.0738,250.0
s5_pts2-r0,4,8,asia,1920,-12940.0,-0.3804,0.9652,0.0974,390.0
s5_pts2-r0,4,8,london,2209,-99546.0,-3.3496,0.7669,0.0964,230.0
s5_pts2-r0,4,8,pre,1924,-46326.0,-1.6572,0.872,0.1195,320.0
s5_pts2-r0,4,8,nyam,2143,-28472.0,-1.0316,0.9265,0.1512,260.0
s5_pts2-r0,4,8,mid,2061,-50114.0,-2.2025,0.8533,0.2159,220.0
s5_pts2-r0,4,8,pm,1754,-34076.0,-2.3478,0.8499,0.3244,1040.0
s5_pts2-r1,4,9,all,18663,-510252.0,-18.4354,0.7626,0.4553,1040.0
s5_pts2-r1,4,9,eve,2731,-80814.0,-7.5707,0.7489,0.4504,250.0
s5_pts2-r1,4,9,asia,2622,-75598.0,-7.2296,0.7544,0.4519,220.0
s5_pts2-r1,4,9,london,2795,-82760.0,-7.6679,0.7487,0.4501,230.0
s5_pts2-r1,4,9,pre,2595,-70380.0,-6.7523,0.7674,0.4566,320.0
s5_pts2-r1,4,9,nyam,2782,-61658.0,-5.7074,0.8055,0.4684,260.0
s5_pts2-r1,4,9,mid,2725,-84260.0,-7.9398,0.7379,0.4466,220.0
s5_pts2-r1,4,9,pm,2413,-54782.0,-5.8276,0.7801,0.4637,1040.0
s5_pts2-r2,4,10,all,17157,-493048.0,-13.6793,0.8022,0.3121,1040.0
s5_pts2-r2,4,10,eve,2548,-117272.0,-8.5127,0.7036,0.2759,250.0
s5_pts2-r2,4,10,asia,2309,-58356.0,-4.3033,0.8291,0.3097,220.0
s5_pts2-r2,4,10,london,2714,-70526.0,-4.8028,0.8246,0.3084,230.0
s5_pts2-r2,4,10,pre,2314,-54466.0,-3.9983,0.8404,0.3129,320.0
s5_pts2-r2,4,10,nyam,2666,-69424.0,-4.7747,0.824,0.3087,260.0
s5_pts2-r2,4,10,mid,2539,-65386.0,-4.7069,0.8212,0.3206,220.0
s5_pts2-r2,4,10,pm,2067,-57618.0,-5.2727,0.7715,0.3575,1040.0
s5_pts2-r3,4,11,all,16133,-433682.0,-10.321,0.8307,0.2491,1040.0
s5_pts2-r3,4,11,eve,2399,-92996.0,-5.6845,0.7692,0.2168,250.0
s5_pts2-r3,4,11,asia,2128,-55292.0,-3.5031,0.842,0.2326,220.0
s5_pts2-r3,4,11,london,2605,-62140.0,-3.5436,0.8544,0.2349,230.0
s5_pts2-r3,4,11,pre,2181,-50534.0,-3.1457,0.8585,0.2366,320.0
s5_pts2-r3,4,11,nyam,2523,-65262.0,-3.8146,0.8417,0.2354,260.0
s5_pts2-r3,4,11,mid,2380,-60770.0,-3.8426,0.8359,0.266,220.0
s5_pts2-r3,4,11,pm,1917,-46688.0,-3.9359,0.8073,0.3385,1040.0
s5_pts3-r0,4,12,all,12151,-335534.0,-3.992,0.8862,0.2045,1040.0
s5_pts3-r0,4,12,eve,1820,-45110.0,-1.1225,0.9099,0.122,340.0
s5_pts3-r0,4,12,asia,1607,-24768.0,-0.6439,0.9433,0.1344,600.0
s5_pts3-r0,4,12,london,1975,-114910.0,-3.2141,0.7854,0.1352,330.0
s5_pts3-r0,4,12,pre,1656,-54904.0,-1.8057,0.8714,0.1715,370.0
s5_pts3-r0,4,12,nyam,1876,-21134.0,-0.7002,0.9532,0.2228,370.0
s5_pts3-r0,4,12,mid,1752,-48378.0,-1.9399,0.8701,0.2968,720.0
s5_pts3-r0,4,12,pm,1465,-26330.0,-1.7181,0.8826,0.3809,1040.0
s5_pts3-r1,4,13,all,16630,-443750.0,-11.5219,0.8347,0.4691,1040.0
s5_pts3-r1,4,13,eve,2475,-77900.0,-5.1439,0.8134,0.4634,340.0
s5_pts3-r1,4,13,asia,2181,-62184.0,-4.3726,0.8294,0.4681,320.0
s5_pts3-r1,4,13,london,2681,-79284.0,-5.0293,0.8236,0.4666,330.0
s5_pts3-r1,4,13,pre,2254,-75906.0,-5.254,0.8017,0.4601,370.0
s5_pts3-r1,4,13,nyam,2639,-47146.0,-3.011,0.8893,0.4854,370.0
s5_pts3-r1,4,13,mid,2439,-63556.0,-4.3237,0.8376,0.4731,320.0
s5_pts3-r1,4,13,pm,1961,-37774.0,-3.2724,0.8505,0.464,1040.0
s5_pts3-r2,4,14,all,14378,-411122.0,-8.4427,0.8603,0.3298,1040.0
s5_pts3-r2,4,14,eve,2139,-62526.0,-3.201,0.8646,0.3132,340.0
s5_pts3-r2,4,14,asia,1831,-61274.0,-3.4073,0.8459,0.3086,320.0
s5_pts3-r2,4,14,london,2435,-99170.0,-4.8168,0.8146,0.3006,330.0
s5_pts3-r2,4,14,pre,1928,-58252.0,-3.1515,0.8598,0.3133,370.0
s5_pts3-r2,4,14,nyam,2309,-37736.0,-1.8601,0.9215,0.3326,370.0
s5_pts3-r2,4,14,mid,2104,-53026.0,-2.9459,0.8706,0.3579,720.0
s5_pts3-r2,4,14,pm,1632,-39138.0,-3.0434,0.838,0.3983,1040.0
s5_pts3-r3,4,15,all,13304,-377606.0,-6.7894,0.8725,0.2705,1040.0
s5_pts3-r3,4,15,eve,1970,-69520.0,-3.0723,0.854,0.2305,340.0
s5_pts3-r3,4,15,asia,1707,-46328.0,-2.1818,0.8865,0.2384,320.0
s5_pts3-r3,4,15,london,2263,-96362.0,-4.0289,0.8245,0.2271,330.0
s5_pts3-r3,4,15,pre,1771,-40424.0,-1.8796,0.9029,0.2473,370.0
s5_pts3-r3,4,15,nyam,2122,-32588.0,-1.4156,0.932,0.2729,370.0
s5_pts3-r3,4,15,mid,1932,-59118.0,-3.0433,0.8515,0.3173,720.0
s5_pts3-r3,4,15,pm,1539,-33266.0,-2.4218,0.8583,0.386,1040.0
s5_pts5-r0,4,16,all,9704,-206866.0,-2.1912,0.9367,0.2924,1040.0
s5_pts5-r0,4,16,eve,1467,-3088.0,-0.0656,0.9948,0.2072,560.0
s5_pts5-r0,4,16,asia,1273,-162.0,-0.0038,0.9997,0.22,520.0
s5_pts5-r0,4,16,london,1581,-91044.0,-2.1825,0.8546,0.2188,540.0
s5_pts5-r0,4,16,pre,1349,-63016.0,-1.8795,0.8726,0.2646,530.0
s5_pts5-r0,4,16,nyam,1516,-32714.0,-1.0034,0.9346,0.316,540.0
s5_pts5-r0,4,16,mid,1343,-11652.0,-0.4419,0.967,0.3984,720.0
s5_pts5-r0,4,16,pm,1175,-5190.0,-0.326,0.9737,0.4562,1040.0
s5_pts5-r1,4,17,all,12746,-325564.0,-5.9866,0.8967,0.4805,1040.0
s5_pts5-r1,4,17,eve,1913,-66922.0,-3.0325,0.8705,0.4746,560.0
s5_pts5-r1,4,17,asia,1576,-49374.0,-2.4645,0.8832,0.4778,520.0
s5_pts5-r1,4,17,london,2221,-41684.0,-1.7525,0.9283,0.4908,550.0
s5_pts5-r1,4,17,pre,1699,-69246.0,-3.3457,0.8498,0.4685,530.0
s5_pts5-r1,4,17,nyam,2088,-40672.0,-1.8046,0.9231,0.4871,540.0
s5_pts5-r1,4,17,mid,1823,-30542.0,-1.5622,0.9257,0.4909,720.0
s5_pts5-r1,4,17,pm,1426,-27124.0,-1.9937,0.8825,0.467,1040.0
s5_pts5-r2,4,18,all,10733,-294322.0,-4.4195,0.9105,0.3585,1040.0
s5_pts5-r2,4,18,eve,1625,-43610.0,-1.5406,0.9223,0.3249,560.0
s5_pts5-r2,4,18,asia,1355,-32070.0,-1.2446,0.9308,0.3306,520.0
s5_pts5-r2,4,18,london,1855,-92930.0,-3.1401,0.857,0.3159,540.0
s5_pts5-r2,4,18,pre,1444,-49646.0,-1.9203,0.8975,0.331,530.0
s5_pts5-r2,4,18,nyam,1738,-39322.0,-1.451,0.9272,0.3596,540.0
s5_pts5-r2,4,18,mid,1473,-32532.0,-1.4968,0.9147,0.4121,720.0
s5_pts5-r2,4,18,pm,1243,-4212.0,-0.2844,0.9796,0.4634,1040.0
s5_pts5-r3,4,19,all,10127,-278748.0,-3.7405,0.9153,0.3177,1040.0
s5_pts5-r3,4,19,eve,1532,-46308.0,-1.4172,0.9202,0.2578,560.0
s5_pts5-r3,4,19,asia,1300,-22760.0,-0.7582,0.9527,0.2708,520.0
s5_pts5-r3,4,19,london,1696,-89144.0,-2.6872,0.8608,0.2565,540.0
s5_pts5-r3,4,19,pre,1399,-44116.0,-1.4993,0.9113,0.2888,530.0
s5_pts5-r3,4,19,nyam,1604,-40486.0,-1.38,0.9227,0.3254,540.0
s5_pts5-r3,4,19,mid,1388,-33722.0,-1.4866,0.9078,0.3991,720.0
s5_pts5-r3,4,19,pm,1208,-2212.0,-0.1415,0.9891,0.4594,1040.0
s5_pts7-r0,4,20,all,8413,-129692.0,-1.2717,0.9618,0.3498,1040.0
s5_pts7-r0,4,20,eve,1234,77764.0,1.4591,1.1255,0.2836,730.0
s5_pts7-r0,4,20,asia,1105,7600.0,0.1641,1.014,0.286,720.0
s5_pts7-r0,4,20,london,1351,-79814.0,-1.7807,0.8797,0.285,720.0
s5_pts7-r0,4,20,pre,1161,-40764.0,-1.1438,0.9189,0.348,760.0
s5_pts7-r0,4,20,nyam,1313,-45302.0,-1.3437,0.9113,0.3663,720.0
s5_pts7-r0,4,20,mid,1173,-26832.0,-0.9973,0.9238,0.4322,720.0
s5_pts7-r0,4,20,pm,1076,-22344.0,-1.3555,0.8902,0.4647,1040.0
s5_pts7-r1,4,21,all,10301,-218824.0,-3.3255,0.9335,0.4871,1040.0
s5_pts7-r1,4,21,eve,1523,-17842.0,-0.651,0.9671,0.4977,730.0
s5_pts7-r1,4,21,asia,1253,-34492.0,-1.3908,0.9242,0.4868,710.0
s5_pts7-r1,4,21,london,1815,-34400.0,-1.1584,0.9467,0.4915,720.0
s5_pts7-r1,4,21,pre,1365,-45240.0,-1.7868,0.9064,0.4791,760.0
s5_pts7-r1,4,21,nyam,1693,-43302.0,-1.5945,0.9226,0.4784,720.0
s5_pts7-r1,4,21,mid,1446,-15284.0,-0.6953,0.9603,0.4959,720.0
s5_pts7-r1,4,21,pm,1206,-28264.0,-1.898,0.8718,0.4784,1040.0
s5_pts7-r2,4,22,all,8937,-251388.0,-3.1743,0.9267,0.3847,1040.0
s5_pts7-r2,4,22,eve,1325,-23940.0,-0.6845,0.9606,0.3487,730.0
s5_pts7-r2,4,22,asia,1139,-31156.0,-0.9793,0.9395,0.3503,720.0
s5_pts7-r2,4,22,london,1489,-69586.0,-1.9462,0.8971,0.3412,720.0
s5_pts7-r2,4,22,pre,1218,-27442.0,-0.8846,0.9459,0.3785,760.0
s5_pts7-r2,4,22,nyam,1420,-47890.0,-1.5428,0.9121,0.3817,720.0
s5_pts7-r2,4,22,mid,1235,-32530.0,-1.3563,0.9119,0.4397,720.0
s5_pts7-r2,4,22,pm,1111,-18844.0,-1.1683,0.9102,0.4707,1040.0
s5_pts7-r3,4,23,all,8620,-207920.0,-2.3754,0.9395,0.3593,1040.0
s5_pts7-r3,4,23,eve,1288,23788.0,0.5781,1.0381,0.309,730.0
s5_pts7-r3,4,23,asia,1121,-41074.0,-1.1363,0.9241,0.3015,720.0
s5_pts7-r3,4,23,london,1408,-52782.0,-1.3141,0.9217,0.3033,720.0
s5_pts7-r3,4,23,pre,1174,-41866.0,-1.2619,0.9171,0.3535,760.0
s5_pts7-r3,4,23,nyam,1343,-41492.0,-1.2755,0.9203,0.3693,720.0
s5_pts7-r3,4,23,mid,1197,-30348.0,-1.2131,0.9157,0.4336,720.0
s5_pts7-r3,4,23,pm,1089,-24146.0,-1.4809,0.8839,0.4628,1040.0
s5_pct0p1-r0,4,24,all,13905,-322710.0,-4.0238,0.8795,0.158,390.0
s5_pct0p1-r0,4,24,eve,2086,-40064.0,-1.0391,0.9094,0.0892,360.0
s5_pct0p1-r0,4,24,asia,1888,-412.0,-0.0109,0.999,0.1017,390.0
s5_pct0p1-r0,4,24,london,2190,-101470.0,-3.0536,0.7791,0.0995,350.0
s5_pct0p1-r0,4,24,pre,1883,-55222.0,-1.9066,0.8553,0.1248,360.0
s5_pct0p1-r0,4,24,nyam,2131,-46104.0,-1.6317,0.8891,0.1534,370.0
s5_pct0p1-r0,4,24,mid,2030,-58420.0,-2.5006,0.8378,0.2217,340.0
s5_pct0p1-r0,4,24,pm,1697,-21018.0,-1.4005,0.9069,0.3471,350.0
s5_pct0p1-r1,4,25,all,18658,-485212.0,-15.8214,0.7885,0.4589,370.0
s5_pct0p1-r1,4,25,eve,2746,-72964.0,-6.1412,0.7874,0.4596,360.0
s5_pct0p1-r1,4,25,asia,2634,-62446.0,-5.3501,0.8084,0.4628,360.0
s5_pct0p1-r1,4,25,london,2796,-87304.0,-7.3137,0.7544,0.4524,350.0
s5_pct0p1-r1,4,25,pre,2578,-78522.0,-6.8377,0.7599,0.4527,360.0
s5_pct0p1-r1,4,25,nyam,2786,-64974.0,-5.4331,0.8106,0.4666,370.0
s5_pct0p1-r1,4,25,mid,2745,-77140.0,-6.5123,0.7759,0.4525,350.0
s5_pct0p1-r1,4,25,pm,2373,-41862.0,-4.0775,0.8358,0.4669,350.0
s5_pct0p1-r2,4,26,all,17041,-496894.0,-12.3931,0.8142,0.3114,370.0
s5_pct0p1-r2,4,26,eve,2554,-93986.0,-5.9779,0.776,0.2905,360.0
s5_pct0p1-r2,4,26,asia,2294,-54186.0,-3.5445,0.8527,0.3082,350.0
s5_pct0p1-r2,4,26,london,2715,-74750.0,-4.591,0.8282,0.3079,350.0
s5_pct0p1-r2,4,26,pre,2274,-59046.0,-3.9628,0.8373,0.3118,360.0
s5_pct0p1-r2,4,26,nyam,2661,-80814.0,-5.0359,0.8114,0.3033,370.0
s5_pct0p1-r2,4,26,mid,2530,-81290.0,-5.2509,0.7977,0.3063,350.0
s5_pct0p1-r2,4,26,pm,2013,-52822.0,-4.4228,0.7961,0.3631,350.0
s5_pct0p1-r3,4,27,all,15898,-465942.0,-10.0427,0.8297,0.2475,370.0
s5_pct0p1-r3,4,27,eve,2384,-102326.0,-5.6234,0.7655,0.2135,360.0
s5_pct0p1-r3,4,27,asia,2095,-57690.0,-3.2736,0.8465,0.2296,350.0
s5_pct0p1-r3,4,27,london,2617,-82388.0,-4.2752,0.8243,0.2289,350.0
s5_pct0p1-r3,4,27,pre,2100,-58900.0,-3.4016,0.8422,0.2329,360.0
s5_pct0p1-r3,4,27,nyam,2509,-58926.0,-3.0801,0.8666,0.2379,370.0
s5_pct0p1-r3,4,27,mid,2350,-72150.0,-4.1279,0.8185,0.2591,340.0
s5_pct0p1-r3,4,27,pm,1843,-33562.0,-2.5873,0.8616,0.3532,360.0
s5_pct0p2-r0,4,28,all,10393,-220532.0,-2.3212,0.9324,0.2674,1040.0
s5_pct0p2-r0,4,28,eve,1560,44080.0,0.8851,1.0764,0.1853,690.0
s5_pct0p2-r0,4,28,asia,1362,-2298.0,-0.0525,0.9954,0.1872,700.0
s5_pct0p2-r0,4,28,london,1706,-111674.0,-2.791,0.8196,0.1946,710.0
s5_pct0p2-r0,4,28,pre,1432,-73638.0,-2.2636,0.8489,0.2332,690.0
s5_pct0p2-r0,4,28,nyam,1636,-45844.0,-1.433,0.9099,0.2855,690.0
s5_pct0p2-r0,4,28,mid,1456,-18654.0,-0.7129,0.9491,0.3819,720.0
s5_pct0p2-r0,4,28,pm,1241,-12504.0,-0.7752,0.9395,0.44,1040.0
s5_pct0p2-r1,4,29,all,14142,-352548.0,-6.7512,0.8882,0.4779,1040.0
s5_pct0p2-r1,4,29,eve,2160,-48390.0,-2.2751,0.9047,0.4829,690.0
s5_pct0p2-r1,4,29,asia,1750,-58030.0,-3.02,0.8626,0.4697,700.0
s5_pct0p2-r1,4,29,london,2457,-38318.0,-1.7073,0.932,0.4921,710.0
s5_pct0p2-r1,4,29,pre,1861,-58434.0,-3.0202,0.8667,0.475,690.0
s5_pct0p2-r1,4,29,nyam,2339,-57826.0,-2.671,0.8927,0.481,690.0
s5_pct0p2-r1,4,29,mid,2037,-60208.0,-3.0877,0.8653,0.4723,690.0
s5_pct0p2-r1,4,29,pm,1538,-31342.0,-2.343,0.8669,0.4636,1040.0
s5_pct0p2-r2,4,30,all,11771,-267514.0,-4.1318,0.9186,0.3511,1040.0
s5_pct0p2-r2,4,30,eve,1777,-8438.0,-0.3063,0.9844,0.3376,690.0
s5_pct0p2-r2,4,30,asia,1450,-52420.0,-2.1579,0.8843,0.3103,700.0
s5_pct0p2-r2,4,30,london,2091,-78514.0,-2.7311,0.879,0.3142,710.0
s5_pct0p2-r2,4,30,pre,1574,-58596.0,-2.3982,0.8773,0.3202,690.0
s5_pct0p2-r2,4,30,nyam,1931,-17964.0,-0.6673,0.9672,0.3527,690.0
s5_pct0p2-r2,4,30,mid,1628,-34352.0,-1.574,0.9143,0.3986,720.0
s5_pct0p2-r2,4,30,pm,1320,-17230.0,-1.1665,0.9209,0.4485,1040.0
s5_pct0p2-r3,4,31,all,10959,-302756.0,-4.15,0.9085,0.299,1040.0
s5_pct0p2-r3,4,31,eve,1649,-7966.0,-0.245,0.9859,0.2559,690.0
s5_pct0p2-r3,4,31,asia,1392,-41178.0,-1.4333,0.9132,0.245,700.0
s5_pct0p2-r3,4,31,london,1868,-100492.0,-3.1207,0.8441,0.2377,710.0
s5_pct0p2-r3,4,31,pre,1495,-55010.0,-1.9531,0.8879,0.2629,690.0
s5_pct0p2-r3,4,31,nyam,1753,-43272.0,-1.4854,0.9191,0.3006,690.0
s5_pct0p2-r3,4,31,mid,1526,-40234.0,-1.7547,0.8962,0.3834,720.0
s5_pct0p2-r3,4,31,pm,1276,-14604.0,-0.9525,0.9311,0.4428,1040.0
s6_atr1p5-r0,5,0,all,13174,-99196.0,-1.1066,0.9647,0.1911,4990.0
s6_atr1p5-r0,5,0,eve,2212,12072.0,0.2795,1.0295,0.0769,4990.0
s6_atr1p5-r0,5,0,asia,2204,18714.0,0.4875,1.0549,0.0703,870.0
s6_atr1p5-r0,5,0,london,2190,-54460.0,-1.4547,0.8855,0.1059,1170.0
s6_atr1p5-r0,5,0,pre,1617,23482.0,0.6677,1.054,0.1942,1500.0
s6_atr1p5-r0,5,0,nyam,1745,-26760.0,-0.7918,0.9486,0.2768,1510.0
s6_atr1p5-r0,5,0,mid,1559,-27186.0,-1.0538,0.9285,0.3579,1670.0
s6_atr1p5-r0,5,0,pm,1647,-45058.0,-2.8469,0.8174,0.3673,1480.0
s6_atr1p5-r1,5,1,all,17717,-490608.0,-10.9826,0.8178,0.4547,4990.0
s6_atr1p5-r1,5,1,eve,2769,-81246.0,-4.7959,0.7414,0.4352,4990.0
s6_atr1p5-r1,5,1,asia,2789,-65166.0,-6.4344,0.7503,0.4381,870.0
s6_atr1p5-r1,5,1,london,2811,-61474.0,-4.3066,0.8334,0.4635,1170.0
s6_atr1p5-r1,5,1,pre,2289,-73366.0,-4.1527,0.8276,0.4714,1500.0
s6_atr1p5-r1,5,1,nyam,2482,-90148.0,-3.9466,0.8423,0.467,1440.0
s6_atr1p5-r1,5,1,mid,2277,-55868.0,-2.7819,0.8785,0.4682,1670.0
s6_atr1p5-r1,5,1,pm,2300,-63340.0,-4.9265,0.7833,0.4443,1450.0
s6_atr1p5-r2,5,2,all,15778,-286422.0,-5.0869,0.9003,0.3331,4990.0
s6_atr1p5-r2,5,2,eve,2686,-68494.0,-3.0287,0.822,0.2952,4990.0
s6_atr1p5-r2,5,2,asia,2693,-63752.0,-4.5194,0.8051,0.2971,920.0
s6_atr1p5-r2,5,2,london,2772,-30128.0,-1.5113,0.9345,0.3297,1230.0
s6_atr1p5-r2,5,2,pre,1886,-11914.0,-0.5284,0.9724,0.3383,1500.0
s6_atr1p5-r2,5,2,nyam,2103,-38082.0,-1.3309,0.9351,0.34,1510.0
s6_atr1p5-r2,5,2,mid,1782,-28258.0,-1.228,0.9326,0.3799,1670.0
s6_atr1p5-r2,5,2,pm,1856,-45794.0,-3.1881,0.8276,0.3874,1480.0
s6_atr1p5-r3,5,3,all,14787,-275508.0,-4.3728,0.9051,0.2752,4990.0
s6_atr1p5-r3,5,3,eve,2596,-45294.0,-1.6632,0.8901,0.2238,4990.0
s6_atr1p5-r3,5,3,asia,2562,-58578.0,-3.4737,0.8305,0.2252,990.0
s6_atr1p5-r3,5,3,london,2636,-36444.0,-1.5282,0.9262,0.2439,1230.0
s6_atr1p5-r3,5,3,pre,1755,-1230.0,-0.0472,0.9972,0.2667,1500.0
s6_atr1p5-r3,5,3,nyam,1900,-42530.0,-1.3939,0.9241,0.3,1510.0
s6_atr1p5-r3,5,3,mid,1615,-41420.0,-1.7757,0.8948,0.3641,1670.0
s6_atr1p5-r3,5,3,pm,1723,-50012.0,-3.3663,0.8054,0.3726,1480.0
s6_atr3-r0,5,4,all,9825,-38800.0,-0.385,0.9878,0.2846,5980.0
s6_atr3-r0,5,4,eve,1718,65398.0,1.319,1.1214,0.1659,5980.0
s6_atr3-r0,5,4,asia,1694,39074.0,0.9002,1.085,0.1452,1750.0
s6_atr3-r0,5,4,london,1709,-45426.0,-1.0227,0.9279,0.206,2330.0
s6_atr3-r0,5,4,pre,1189,33534.0,0.8639,1.0699,0.3305,2610.0
s6_atr3-r0,5,4,nyam,1269,-83076.0,-2.2764,0.8474,0.3767,3020.0
s6_atr3-r0,5,4,mid,1095,-2130.0,-0.0791,0.9934,0.4868,2980.0
s6_atr3-r0,5,4,pm,1151,-46174.0,-2.8143,0.7855,0.4422,2920.0
s6_atr3-r1,5,5,all,12973,-268372.0,-3.9819,0.9168,0.4782,5980.0
s6_atr3-r1,5,5,eve,2457,-33768.0,-1.1946,0.9328,0.479,5980.0
s6_atr3-r1,5,5,asia,2376,-59104.0,-3.0241,0.8629,0.4689,1750.0
s6_atr3-r1,5,5,london,2511,-35774.0,-1.3404,0.942,0.4799,2440.0
s6_atr3-r1,5,5,pre,1459,-16296.0,-0.5959,0.9662,0.4983,2610.0
s6_atr3-r1,5,5,nyam,1568,-72122.0,-2.2184,0.8791,0.4611,3020.0
s6_atr3-r1,5,5,mid,1269,-10466.0,-0.43,0.9708,0.5028,2980.0
s6_atr3-r1,5,5,pm,1333,-40842.0,-2.5698,0.8277,0.4651,2920.0
s6_atr3-r2,5,6,all,10964,-236406.0,-3.0304,0.9277,0.3683,5980.0
s6_atr3-r2,5,6,eve,2061,-6944.0,-0.2022,0.9873,0.3309,5980.0
s6_atr3-r2,5,6,asia,1973,-13892.0,-0.5436,0.9692,0.3264,2420.0
s6_atr3-r2,5,6,london,2059,-77956.0,-2.3348,0.8853,0.3142,2330.0
s6_atr3-r2,5,6,pre,1245,-5250.0,-0.163,0.9892,0.3719,2610.0
s6_atr3-r2,5,6,nyam,1324,-90576.0,-2.6375,0.8378,0.392,3020.0
s6_atr3-r2,5,6,mid,1111,-1624.0,-0.0638,0.995,0.4923,2980.0
s6_atr3-r2,5,6,pm,1191,-40164.0,-2.4406,0.8179,0.45,2920.0
s6_atr3-r3,5,7,all,10324,-155536.0,-1.8111,0.9522,0.3271,5980.0
s6_atr3-r3,5,7,eve,1896,26996.0,0.6901,1.0491,0.2685,5980.0
s6_atr3-r3,5,7,asia,1818,-4662.0,-0.1556,0.9898,0.2464,2240.0
s6_atr3-r3,5,7,london,1839,-72286.0,-1.9237,0.8906,0.2474,2330.0
s6_atr3-r3,5,7,pre,1217,12832.0,0.3635,1.0262,0.3443,2610.0
s6_atr3-r3,5,7,nyam,1283,-81672.0,-2.2655,0.8515,0.3788,3020.0
s6_atr3-r3,5,7,mid,1101,-1024.0,-0.0391,0.9968,0.4886,2980.0
s6_atr3-r3,5,7,pm,1170,-35720.0,-2.0613,0.8368,0.4462,2920.0
s6_pts2-r0,5,8,all,14125,-334660.0,-4.431,0.8682,0.1492,340.0
s6_pts2-r0,5,8,eve,2067,-52438.0,-1.5511,0.8706,0.0851,250.0
s6_pts2-r0,5,8,asia,1895,-11140.0,-0.3163,0.9696,0.0955,260.0
s6_pts2-r0,5,8,london,2202,-54008.0,-1.6208,0.8726,0.1004,230.0
s6_pts2-r0,5,8,pre,1900,-6750.0,-0.2248,0.981,0.1242,340.0
s6_pts2-r0,5,8,nyam,2175,-62710.0,-2.3793,0.8422,0.1434,230.0
s6_pts2-r0,5,8,mid,2082,-83878.0,-4.0576,0.76,0.2051,230.0
s6_pts2-r0,5,8,pm,1804,-63736.0,-4.6572,0.7353,0.3071,240.0
s6_pts2-r1,5,9,all,18656,-469624.0,-16.9698,0.7792,0.4601,340.0
s6_pts2-r1,5,9,eve,2744,-73256.0,-6.8386,0.7705,0.4574,250.0
s6_pts2-r1,5,9,asia,2598,-68722.0,-6.5965,0.7723,0.4577,220.0
s6_pts2-r1,5,9,london,2798,-57432.0,-5.3012,0.8185,0.4721,230.0
s6_pts2-r1,5,9,pre,2590,-56590.0,-5.4238,0.8081,0.4695,340.0
s6_pts2-r1,5,9,nyam,2788,-78002.0,-7.2303,0.7608,0.4541,230.0
s6_pts2-r1,5,9,mid,2726,-72114.0,-6.7853,0.771,0.4571,220.0
s6_pts2-r1,5,9,pm,2412,-63508.0,-6.8042,0.7495,0.4519,240.0
s6_pts2-r2,5,10,all,17189,-465246.0,-12.8604,0.813,0.3144,340.0
s6_pts2-r2,5,10,eve,2560,-69080.0,-4.8482,0.8184,0.307,250.0
s6_pts2-r2,5,10,asia,2300,-56960.0,-4.206,0.8323,0.3104,220.0
s6_pts2-r2,5,10,london,2715,-67790.0,-4.6085,0.831,0.3101,230.0
s6_pts2-r2,5,10,pre,2312,-46778.0,-3.4191,0.8617,0.3183,340.0
s6_pts2-r2,5,10,nyam,2676,-72664.0,-4.9974,0.8169,0.3072,230.0
s6_pts2-r2,5,10,mid,2539,-83306.0,-6.0571,0.7762,0.3068,220.0
s6_pts2-r2,5,10,pm,2087,-68668.0,-6.3119,0.7357,0.3479,240.0
s6_pts2-r3,5,11,all,16072,-431768.0,-10.2956,0.8308,0.2488,340.0
s6_pts2-r3,5,11,eve,2377,-55818.0,-3.3282,0.8567,0.2356,250.0
s6_pts2-r3,5,11,asia,2098,-59782.0,-3.8345,0.8273,0.2297,220.0
s6_pts2-r3,5,11,london,2583,-56712.0,-3.2365,0.8656,0.2373,230.0
s6_pts2-r3,5,11,pre,2143,-44932.0,-2.811,0.8715,0.2394,340.0
s6_pts2-r3,5,11,nyam,2554,-66776.0,-3.8871,0.8399,0.2357,230.0
s6_pts2-r3,5,11,mid,2370,-78370.0,-5.029,0.7906,0.2532,220.0
s6_pts2-r3,5,11,pm,1947,-69378.0,-5.9907,0.7259,0.3231,240.0
s6_pts3-r0,5,12,all,12081,-240094.0,-2.8021,0.9178,0.2064,430.0
s6_pts3-r0,5,12,eve,1763,2748.0,0.0663,1.0058,0.1361,350.0
s6_pts3-r0,5,12,asia,1601,-19084.0,-0.4879,0.9561,0.133,340.0
s6_pts3-r0,5,12,london,1953,-93342.0,-2.5795,0.8233,0.1372,340.0
s6_pts3-r0,5,12,pre,1609,-1766.0,-0.0532,0.9957,0.1759,430.0
s6_pts3-r0,5,12,nyam,1928,-39622.0,-1.3156,0.9149,0.2178,340.0
s6_pts3-r0,5,12,mid,1737,-40018.0,-1.6865,0.8914,0.3005,330.0
s6_pts3-r0,5,12,pm,1490,-49010.0,-3.3703,0.7889,0.3678,340.0
s6_pts3-r1,5,13,all,16612,-396078.0,-10.2958,0.8507,0.4728,430.0
s6_pts3-r1,5,13,eve,2469,-20616.0,-1.3591,0.9467,0.5014,350.0
s6_pts3-r1,5,13,asia,2189,-62926.0,-4.4165,0.8281,0.4678,320.0
s6_pts3-r1,5,13,london,2687,-54128.0,-3.4238,0.8763,0.482,320.0
s6_pts3-r1,5,13,pre,2232,-47868.0,-3.3191,0.8689,0.4803,430.0
s6_pts3-r1,5,13,nyam,2634,-90486.0,-5.8111,0.7974,0.4582,320.0
s6_pts3-r1,5,13,mid,2436,-67234.0,-4.5813,0.8286,0.468,330.0
s6_pts3-r1,5,13,pm,1965,-52820.0,-4.6234,0.7957,0.4468,340.0
s6_pts3-r2,5,14,all,14351,-379254.0,-7.7808,0.8703,0.3313,430.0
s6_pts3-r2,5,14,eve,2109,-43626.0,-2.2321,0.9028,0.3229,350.0
s6_pts3-r2,5,14,asia,1828,-60302.0,-3.3545,0.8479,0.3091,320.0
s6_pts3-r2,5,14,london,2424,-53776.0,-2.5709,0.896,0.3214,340.0
s6_pts3-r2,5,14,pre,1883,-52562.0,-2.8687,0.8702,0.3165,430.0
s6_pts3-r2,5,14,nyam,2372,-69698.0,-3.4387,0.8614,0.3175,340.0
s6_pts3-r2,5,14,mid,2082,-47948.0,-2.6601,0.8821,0.3549,330.0
s6_pts3-r2,5,14,pm,1653,-51342.0,-4.0289,0.7926,0.3884,340.0
s6_pts3-r3,5,15,all,13261,-345844.0,-6.2103,0.8825,0.2722,430.0
s6_pts3-r3,5,15,eve,1930,-27590.0,-1.2029,0.9394,0.2487,350.0
s6_pts3-r3,5,15,asia,1704,-56026.0,-2.6642,0.8631,0.2342,320.0
s6_pts3-r3,5,15,london,2234,-58436.0,-2.4095,0.8902,0.2413,340.0
s6_pts3-r3,5,15,pre,1753,-36542.0,-1.7037,0.9112,0.251,430.0
s6_pts3-r3,5,15,nyam,2173,-67972.0,-2.9721,0.8641,0.2582,340.0
s6_pts3-r3,5,15,mid,1897,-40878.0,-2.0849,0.8952,0.3216,330.0
s6_pts3-r3,5,15,pm,1570,-58400.0,-4.3772,0.761,0.3701,340.0
s6_pts5-r0,5,16,all,9661,-112894.0,-1.1764,0.9652,0.2937,550.0
s6_pts5-r0,5,16,eve,1412,43032.0,0.9117,1.0771,0.2245,550.0
s6_pts5-r0,5,16,asia,1242,1772.0,0.0411,1.0036,0.2206,520.0
s6_pts5-r0,5,16,london,1604,-70836.0,-1.66,0.8885,0.2195,530.0
s6_pts5-r0,5,16,pre,1302,24962.0,0.689,1.0539,0.2849,530.0
s6_pts5-r0,5,16,nyam,1536,-60214.0,-1.841,0.8833,0.3027,510.0
s6_pts5-r0,5,16,mid,1376,-23284.0,-0.8985,0.9367,0.391,510.0
s6_pts5-r0,5,16,pm,1189,-28326.0,-1.8139,0.8659,0.4373,520.0
s6_pts5-r1,5,17,all,12733,-326802.0,-6.0098,0.8963,0.4804,550.0
s6_pts5-r1,5,17,eve,1896,-43954.0,-1.9989,0.9123,0.4863,550.0
s6_pts5-r1,5,17,asia,1559,-35546.0,-1.7829,0.9136,0.4862,520.0
s6_pts5-r1,5,17,london,2239,-49986.0,-2.0936,0.9152,0.4868,540.0
s6_pts5-r1,5,17,pre,1691,-40864.0,-1.9762,0.9081,0.4843,530.0
s6_pts5-r1,5,17,nyam,2098,-87662.0,-3.8896,0.842,0.4647,510.0
s6_pts5-r1,5,17,mid,1839,-33896.0,-1.7219,0.9188,0.485,510.0
s6_pts5-r1,5,17,pm,1411,-34894.0,-2.5755,0.8507,0.4685,520.0
s6_pts5-r2,5,18,all,10704,-265556.0,-3.9865,0.9187,0.3597,550.0
s6_pts5-r2,5,18,eve,1569,-13476.0,-0.4806,0.9746,0.3384,550.0
s6_pts5-r2,5,18,asia,1327,-57468.0,-2.2847,0.8754,0.3203,520.0
s6_pts5-r2,5,18,london,1851,-74084.0,-2.487,0.8848,0.3198,530.0
s6_pts5-r2,5,18,pre,1418,-7982.0,-0.3078,0.9826,0.354,530.0
s6_pts5-r2,5,18,nyam,1759,-58776.0,-2.1607,0.8943,0.3513,510.0
s6_pts5-r2,5,18,mid,1520,-23530.0,-1.0564,0.9401,0.4112,510.0
s6_pts5-r2,5,18,pm,1260,-30240.0,-2.0261,0.8644,0.4421,520.0
s6_pts5-r3,5,19,all,10084,-248906.0,-3.3426,0.9238,0.3194,550.0
s6_pts5-r3,5,19,eve,1486,10576.0,0.3215,1.0194,0.2813,550.0
s6_pts5-r3,5,19,asia,1274,-51256.0,-1.7557,0.8929,0.2622,520.0
s6_pts5-r3,5,19,london,1705,-89710.0,-2.6955,0.8608,0.2575,530.0
s6_pts5-r3,5,19,pre,1349,-6226.0,-0.2128,0.9866,0.3076,530.0
s6_pts5-r3,5,19,nyam,1628,-56112.0,-1.9103,0.8952,0.3188,510.0
s6_pts5-r3,5,19,mid,1423,-34502.0,-1.4957,0.9091,0.3928,510.0
s6_pts5-r3,5,19,pm,1219,-21676.0,-1.3693,0.8996,0.4405,520.0
s6_pts7-r0,5,20,all,8389,-43626.0,-0.4245,0.987,0.3545,760.0
s6_pts7-r0,5,20,eve,1225,34200.0,0.6802,1.0557,0.2833,730.0
s6_pts7-r0,5,20,asia,1100,-9480.0,-0.2017,0.9826,0.2873,710.0
s6_pts7-r0,5,20,london,1352,-15638.0,-0.3348,0.9757,0.2973,720.0
s6_pts7-r0,5,20,pre,1142,44352.0,1.1478,1.0924,0.3625,760.0
s6_pts7-r0,5,20,nyam,1325,-65990.0,-1.8931,0.8759,0.3615,720.0
s6_pts7-r0,5,20,mid,1169,-1966.0,-0.0754,0.9941,0.4602,710.0
s6_pts7-r0,5,20,pm,1076,-29104.0,-1.8284,0.857,0.4442,740.0
s6_pts7-r1,5,21,all,10283,-289982.0,-4.4125,0.9127,0.4826,760.0
s6_pts7-r1,5,21,eve,1526,-35204.0,-1.2816,0.9364,0.4902,730.0
s6_pts7-r1,5,21,asia,1264,-43286.0,-1.7406,0.9063,0.4834,710.0
s6_pts7-r1,5,21,london,1788,-55152.0,-1.874,0.9146,0.4827,720.0
s6_pts7-r1,5,21,pre,1366,-29954.0,-1.1806,0.9372,0.489,760.0
s6_pts7-r1,5,21,nyam,1705,-80010.0,-2.9462,0.862,0.4704,720.0
s6_pts7-r1,5,21,mid,1433,-5692.0,-0.2597,0.9849,0.5038,710.0
s6_pts7-r1,5,21,pm,1201,-40684.0,-2.75,0.8197,0.4571,740.0
s6_pts7-r2,5,22,all,8899,-200106.0,-2.5333,0.9408,0.389,760.0
s6_pts7-r2,5,22,eve,1321,-14524.0,-0.4155,0.9758,0.3535,730.0
s6_pts7-r2,5,22,asia,1141,-60534.0,-1.9247,0.8849,0.3409,710.0
s6_pts7-r2,5,22,london,1480,-37890.0,-1.0564,0.9424,0.3507,720.0
s6_pts7-r2,5,22,pre,1192,2882.0,0.0933,1.006,0.3909,760.0
s6_pts7-r2,5,22,nyam,1425,-70460.0,-2.2751,0.8733,0.3839,720.0
s6_pts7-r2,5,22,mid,1228,2348.0,0.0982,1.0067,0.4682,710.0
s6_pts7-r2,5,22,pm,1112,-21928.0,-1.3655,0.8949,0.4487,740.0
s6_pts7-r3,5,23,all,8575,-187470.0,-2.1499,0.9448,0.3624,760.0
s6_pts7-r3,5,23,eve,1269,3314.0,0.0823,1.0054,0.3081,730.0
s6_pts7-r3,5,23,asia,1113,-77772.0,-2.2222,0.8567,0.2992,710.0
s6_pts7-r3,5,23,london,1399,-57146.0,-1.4432,0.9138,0.3038,720.0
s6_pts7-r3,5,23,pre,1163,27068.0,0.7776,1.0556,0.3663,760.0
s6_pts7-r3,5,23,nyam,1359,-61206.0,-1.8453,0.8871,0.3664,720.0
s6_pts7-r3,5,23,mid,1185,-9850.0,-0.4055,0.9711,0.4599,710.0
s6_pts7-r3,5,23,pm,1087,-11878.0,-0.7029,0.9415,0.4508,740.0
s6_pct0p1-r0,5,24,all,13906,-306624.0,-3.8084,0.8858,0.1579,390.0
s6_pct0p1-r0,5,24,eve,2061,-49344.0,-1.2933,0.8878,0.0878,360.0
s6_pct0p1-r0,5,24,asia,1854,-10316.0,-0.2762,0.9735,0.1009,350.0
s6_pct0p1-r0,5,24,london,2173,-57562.0,-1.6682,0.8723,0.104,350.0
s6_pct0p1-r0,5,24,pre,1876,-17524.0,-0.5699,0.9537,0.129,390.0
s6_pct0p1-r0,5,24,nyam,2156,-52634.0,-1.8694,0.8747,0.1563,350.0
s6_pct0p1-r0,5,24,mid,2036,-65514.0,-2.908,0.82,0.22,350.0
s6_pct0p1-r0,5,24,pm,1750,-53730.0,-3.8305,0.7781,0.3286,360.0
s6_pct0p1-r1,5,25,all,18695,-498380.0,-16.2368,0.7837,0.4579,390.0
s6_pct0p1-r1,5,25,eve,2754,-81876.0,-6.8907,0.7651,0.4539,370.0
s6_pct0p1-r1,5,25,asia,2621,-71544.0,-6.155,0.7825,0.459,350.0
s6_pct0p1-r1,5,25,london,2802,-59508.0,-4.9641,0.8258,0.4711,350.0
s6_pct0p1-r1,5,25,pre,2581,-66904.0,-5.8045,0.792,0.4614,390.0
s6_pct0p1-r1,5,25,nyam,2786,-79554.0,-6.6696,0.7729,0.4541,350.0
s6_pct0p1-r1,5,25,mid,2750,-71390.0,-6.0213,0.7908,0.4578,350.0
s6_pct0p1-r1,5,25,pm,2401,-67604.0,-6.5468,0.7515,0.4469,350.0
s6_pct0p1-r2,5,26,all,17098,-470242.0,-11.6976,0.8242,0.3159,390.0
s6_pct0p1-r2,5,26,eve,2575,-90460.0,-5.7477,0.7852,0.299,350.0
s6_pct0p1-r2,5,26,asia,2271,-56674.0,-3.7633,0.8445,0.3131,350.0
s6_pct0p1-r2,5,26,london,2723,-60362.0,-3.6739,0.86,0.3151,350.0
s6_pct0p1-r2,5,26,pre,2279,-51846.0,-3.4548,0.8567,0.3172,390.0
s6_pct0p1-r2,5,26,nyam,2671,-71894.0,-4.4388,0.8316,0.3059,360.0
s6_pct0p1-r2,5,26,mid,2534,-78176.0,-5.0556,0.8048,0.3094,350.0
s6_pct0p1-r2,5,26,pm,2045,-60830.0,-5.0488,0.7736,0.3614,360.0
s6_pct0p1-r3,5,27,all,15886,-448754.0,-9.6514,0.8361,0.2497,390.0
s6_pct0p1-r3,5,27,eve,2383,-90482.0,-4.9587,0.7916,0.2245,360.0
s6_pct0p1-r3,5,27,asia,2063,-47462.0,-2.7048,0.8711,0.239,350.0
s6_pct0p1-r3,5,27,london,2593,-55432.0,-2.8373,0.8789,0.2395,350.0
s6_pct0p1-r3,5,27,pre,2108,-45102.0,-2.5478,0.8789,0.2377,390.0
s6_pct0p1-r3,5,27,nyam,2542,-67678.0,-3.5338,0.8493,0.2349,360.0
s6_pct0p1-r3,5,27,mid,2323,-80072.0,-4.6331,0.799,0.2536,350.0
s6_pct0p1-r3,5,27,pm,1874,-62526.0,-4.9334,0.7569,0.3367,360.0
s6_pct0p2-r0,5,28,all,10331,-155804.0,-1.6271,0.9519,0.2676,710.0
s6_pct0p2-r0,5,28,eve,1519,22584.0,0.4785,1.0402,0.1889,710.0
s6_pct0p2-r0,5,28,asia,1341,-17964.0,-0.4083,0.9637,0.1834,700.0
s6_pct0p2-r0,5,28,london,1720,-83580.0,-2.0249,0.866,0.1907,700.0
s6_pct0p2-r0,5,28,pre,1357,30802.0,0.8489,1.0686,0.252,690.0
s6_pct0p2-r0,5,28,nyam,1667,-51318.0,-1.551,0.902,0.2795,700.0
s6_pct0p2-r0,5,28,mid,1465,-22420.0,-0.8758,0.9399,0.3829,690.0
s6_pct0p2-r0,5,28,pm,1262,-33908.0,-2.2068,0.8436,0.4239,690.0
s6_pct0p2-r1,5,29,all,14151,-393544.0,-7.5336,0.8761,0.4755,710.0
s6_pct0p2-r1,5,29,eve,2159,-39046.0,-1.8355,0.9223,0.491,710.0
s6_pct0p2-r1,5,29,asia,1754,-72986.0,-3.8042,0.8304,0.4647,700.0
s6_pct0p2-r1,5,29,london,2465,-62670.0,-2.7847,0.8917,0.4763,700.0
s6_pct0p2-r1,5,29,pre,1825,-39230.0,-2.0424,0.9069,0.4866,690.0
s6_pct0p2-r1,5,29,nyam,2333,-79882.0,-3.6881,0.8548,0.4702,690.0
s6_pct0p2-r1,5,29,mid,2054,-51486.0,-2.6419,0.8838,0.4796,690.0
s6_pct0p2-r1,5,29,pm,1561,-48244.0,-3.5538,0.8071,0.4548,690.0
s6_pct0p2-r2,5,30,all,11664,-324716.0,-5.051,0.901,0.3476,710.0
s6_pct0p2-r2,5,30,eve,1742,-19888.0,-0.7323,0.9628,0.3347,710.0
s6_pct0p2-r2,5,30,asia,1434,-75166.0,-3.1404,0.8357,0.302,700.0
s6_pct0p2-r2,5,30,london,2044,-87186.0,-3.0691,0.8634,0.3092,700.0
s6_pct0p2-r2,5,30,pre,1513,-14702.0,-0.6035,0.9669,0.3404,690.0
s6_pct0p2-r2,5,30,nyam,1963,-60442.0,-2.2417,0.8946,0.3357,690.0
s6_pct0p2-r2,5,30,mid,1638,-32882.0,-1.494,0.9191,0.4017,690.0
s6_pct0p2-r2,5,30,pm,1330,-34450.0,-2.3751,0.8471,0.4316,690.0
s6_pct0p2-r3,5,31,all,10867,-290078.0,-3.9945,0.9114,0.3001,710.0
s6_pct0p2-r3,5,31,eve,1605,-7530.0,-0.2357,0.9862,0.2592,710.0
s6_pct0p2-r3,5,31,asia,1372,-69948.0,-2.4876,0.8531,0.2332,700.0
s6_pct0p2-r3,5,31,london,1854,-88686.0,-2.7439,0.8609,0.2395,700.0
s6_pct0p2-r3,5,31,pre,1429,6724.0,0.2352,1.0149,0.2869,690.0
s6_pct0p2-r3,5,31,nyam,1790,-69280.0,-2.3883,0.8746,0.2944,700.0
s6_pct0p2-r3,5,31,mid,1521,-33434.0,-1.4667,0.9132,0.3866,690.0
s6_pct0p2-r3,5,31,pm,1296,-27924.0,-1.8102,0.8742,0.429,690.0
s7_atr1p5-r0,6,0,all,13130,-286800.0,-3.3139,0.8983,0.1835,6220.0
s7_atr1p5-r0,6,0,eve,2261,-54744.0,-1.313,0.8689,0.0646,6220.0
s7_atr1p5-r0,6,0,asia,2178,-3552.0,-0.0962,0.9898,0.0689,1050.0
s7_atr1p5-r0,6,0,london,2192,-80688.0,-2.2737,0.8342,0.1072,1210.0
s7_atr1p5-r0,6,0,pre,1641,-45444.0,-1.3436,0.8984,0.17,1010.0
s7_atr1p5-r0,6,0,nyam,1703,-12.0,-0.0004,1.0,0.2772,1200.0
s7_atr1p5-r0,6,0,mid,1538,-40362.0,-1.5892,0.8932,0.3485,1500.0
s7_atr1p5-r0,6,0,pm,1617,-61998.0,-4.1466,0.751,0.3655,1450.0
s7_atr1p5-r1,6,1,all,17666,-372364.0,-8.3641,0.8578,0.4613,6220.0
s7_atr1p5-r1,6,1,eve,2764,-53546.0,-3.1422,0.8216,0.4342,6220.0
s7_atr1p5-r1,6,1,asia,2794,-81816.0,-8.0503,0.6977,0.4388,870.0
s7_atr1p5-r1,6,1,london,2811,-77474.0,-5.4094,0.7953,0.4582,1170.0
s7_atr1p5-r1,6,1,pre,2282,-44748.0,-2.5651,0.8898,0.4763,1030.0
s7_atr1p5-r1,6,1,nyam,2477,-11798.0,-0.5184,0.9777,0.499,1500.0
s7_atr1p5-r1,6,1,mid,2245,-47140.0,-2.3693,0.8948,0.4744,1630.0
s7_atr1p5-r1,6,1,pm,2293,-55842.0,-4.3517,0.805,0.4566,1450.0
s7_atr1p5-r2,6,2,all,15692,-366178.0,-6.5563,0.8726,0.3251,6220.0
s7_atr1p5-r2,6,2,eve,2677,-70268.0,-3.1292,0.815,0.2817,6220.0
s7_atr1p5-r2,6,2,asia,2705,-63220.0,-4.4587,0.8093,0.3035,1050.0
s7_atr1p5-r2,6,2,london,2760,-87210.0,-4.5077,0.8177,0.3062,1170.0
s7_atr1p5-r2,6,2,pre,1901,-64714.0,-2.9525,0.8556,0.3135,1220.0
s7_atr1p5-r2,6,2,nyam,2068,17508.0,0.6014,1.0315,0.3535,1560.0
s7_atr1p5-r2,6,2,mid,1744,-41436.0,-1.8525,0.8996,0.3767,1600.0
s7_atr1p5-r2,6,2,pm,1837,-56838.0,-3.9206,0.7883,0.38,1450.0
s7_atr1p5-r3,6,3,all,14687,-333598.0,-5.3565,0.8845,0.2711,6220.0
s7_atr1p5-r3,6,3,eve,2588,-66062.0,-2.5455,0.8382,0.2187,6220.0
s7_atr1p5-r3,6,3,asia,2562,-42588.0,-2.4285,0.8776,0.233,1050.0
s7_atr1p5-r3,6,3,london,2609,-71526.0,-3.1139,0.8572,0.2376,1170.0
s7_atr1p5-r3,6,3,pre,1770,-64300.0,-2.548,0.859,0.2407,1220.0
s7_atr1p5-r3,6,3,nyam,1867,22122.0,0.7083,1.0421,0.3112,1390.0
s7_atr1p5-r3,6,3,mid,1605,-58510.0,-2.5463,0.8516,0.352,1600.0
s7_atr1p5-r3,6,3,pm,1686,-52734.0,-3.4901,0.7929,0.3719,1450.0
s7_atr3-r0,6,4,all,9843,-156412.0,-1.572,0.9515,0.2811,7320.0
s7_atr3-r0,6,4,eve,1804,-19056.0,-0.3788,0.9677,0.1447,7320.0
s7_atr3-r0,6,4,asia,1657,7662.0,0.1863,1.0163,0.1436,1820.0
s7_atr3-r0,6,4,london,1687,-39518.0,-0.8776,0.9366,0.2092,2420.0
s7_atr3-r0,6,4,pre,1221,-46204.0,-1.2223,0.9098,0.303,2010.0
s7_atr3-r0,6,4,nyam,1237,-1388.0,-0.0392,0.9972,0.4236,2120.0
s7_atr3-r0,6,4,mid,1087,-8738.0,-0.3279,0.9728,0.4729,2400.0
s7_atr3-r0,6,4,pm,1150,-49170.0,-3.0348,0.775,0.4409,2920.0
s7_atr3-r1,6,5,all,12960,-347230.0,-5.1886,0.8931,0.472,7320.0
s7_atr3-r1,6,5,eve,2459,-87676.0,-3.1002,0.8352,0.4461,7320.0
s7_atr3-r1,6,5,asia,2377,-71128.0,-3.5999,0.8388,0.4745,1820.0
s7_atr3-r1,6,5,london,2519,-86806.0,-3.2625,0.8648,0.4724,2330.0
s7_atr3-r1,6,5,pre,1454,-64706.0,-2.4488,0.8688,0.4704,2060.0
s7_atr3-r1,6,5,nyam,1559,39794.0,1.2261,1.0737,0.5125,3010.0
s7_atr3-r1,6,5,mid,1257,-25448.0,-1.0611,0.9291,0.4924,2710.0
s7_atr3-r1,6,5,pm,1335,-51260.0,-3.238,0.7883,0.4494,2920.0
s7_atr3-r2,6,6,all,10985,-247640.0,-3.1577,0.9246,0.3682,7320.0
s7_atr3-r2,6,6,eve,2110,-39400.0,-1.112,0.9321,0.3199,7320.0
s7_atr3-r2,6,6,asia,1955,-39870.0,-1.5898,0.9138,0.3304,1820.0
s7_atr3-r2,6,6,london,2053,-40682.0,-1.1976,0.939,0.3259,2420.0
s7_atr3-r2,6,6,pre,1279,-71296.0,-2.25,0.8618,0.3417,2010.0
s7_atr3-r2,6,6,nyam,1303,1368.0,0.0396,1.0027,0.4344,2120.0
s7_atr3-r2,6,6,mid,1106,-10994.0,-0.4342,0.9663,0.4765,2710.0
s7_atr3-r2,6,6,pm,1179,-46766.0,-2.8221,0.7921,0.4453,2920.0
s7_atr3-r3,6,7,all,10269,-238146.0,-2.8662,0.9263,0.3279,7320.0
s7_atr3-r3,6,7,eve,1938,-47152.0,-1.2462,0.9188,0.2503,7320.0
s7_atr3-r3,6,7,asia,1753,-23782.0,-0.8405,0.9474,0.2499,1820.0
s7_atr3-r3,6,7,london,1824,-45336.0,-1.2102,0.9301,0.261,2420.0
s7_atr3-r3,6,7,pre,1243,-64412.0,-1.9089,0.8741,0.3202,2010.0
s7_atr3-r3,6,7,nyam,1255,5850.0,0.168,1.0119,0.4279,2120.0
s7_atr3-r3,6,7,mid,1092,-17358.0,-0.6811,0.9466,0.4725,2400.0
s7_atr3-r3,6,7,pm,1164,-45956.0,-2.8003,0.792,0.4442,2920.0
s7_pts2-r0,6,8,all,14089,-307076.0,-4.0466,0.8785,0.1504,910.0
s7_pts2-r0,6,8,eve,2107,-14508.0,-0.3781,0.9647,0.0902,260.0
s7_pts2-r0,6,8,asia,1851,-12834.0,-0.3808,0.9642,0.0962,220.0
s7_pts2-r0,6,8,london,2205,-76640.0,-2.4726,0.82,0.0984,230.0
s7_pts2-r0,6,8,pre,1918,-37442.0,-1.2707,0.8972,0.1131,330.0
s7_pts2-r0,6,8,nyam,2190,-62270.0,-2.4001,0.8443,0.1447,250.0
s7_pts2-r0,6,8,mid,2036,-36634.0,-1.6564,0.8901,0.221,540.0
s7_pts2-r0,6,8,pm,1782,-66748.0,-5.284,0.7156,0.3086,910.0
s7_pts2-r1,6,9,all,18604,-484966.0,-17.5552,0.7721,0.4575,910.0
s7_pts2-r1,6,9,eve,2733,-79922.0,-7.4845,0.7515,0.4512,240.0
s7_pts2-r1,6,9,asia,2602,-64298.0,-6.1623,0.7856,0.462,220.0
s7_pts2-r1,6,9,london,2797,-71318.0,-6.5932,0.7796,0.4601,230.0
s7_pts2-r1,6,9,pre,2578,-68792.0,-6.6198,0.7707,0.4577,330.0
s7_pts2-r1,6,9,nyam,2779,-77256.0,-7.1739,0.7621,0.4548,250.0
s7_pts2-r1,6,9,mid,2710,-69680.0,-6.5721,0.7767,0.459,220.0
s7_pts2-r1,6,9,pm,2405,-53700.0,-5.7557,0.782,0.4578,910.0
s7_pts2-r2,6,10,all,17104,-458606.0,-12.7134,0.8145,0.3151,910.0
s7_pts2-r2,6,10,eve,2534,-75626.0,-5.3586,0.8004,0.3023,240.0
s7_pts2-r2,6,10,asia,2284,-46166.0,-3.3992,0.8616,0.3179,230.0
s7_pts2-r2,6,10,london,2706,-68374.0,-4.6575,0.8292,0.3097,230.0
s7_pts2-r2,6,10,pre,2330,-60210.0,-4.42,0.8256,0.309,330.0
s7_pts2-r2,6,10,nyam,2682,-72588.0,-4.9861,0.8174,0.3072,250.0
s7_pts2-r2,6,10,mid,2503,-68502.0,-4.977,0.8108,0.316,240.0
s7_pts2-r2,6,10,pm,2065,-67140.0,-6.2503,0.7357,0.3511,910.0
s7_pts2-r3,6,11,all,16016,-408694.0,-9.7482,0.8387,0.2509,910.0
s7_pts2-r3,6,11,eve,2380,-64460.0,-3.8672,0.8357,0.2311,240.0
s7_pts2-r3,6,11,asia,2067,-40448.0,-2.5708,0.8797,0.2404,220.0
s7_pts2-r3,6,11,london,2583,-50802.0,-2.8879,0.8792,0.2404,230.0
s7_pts2-r3,6,11,pre,2180,-60770.0,-3.8154,0.8311,0.2307,330.0
s7_pts2-r3,6,11,nyam,2548,-76882.0,-4.5228,0.8163,0.2323,250.0
s7_pts2-r3,6,11,mid,2328,-49812.0,-3.1616,0.861,0.2685,540.0
s7_pts2-r3,6,11,pm,1930,-65520.0,-5.6971,0.7356,0.3264,910.0
s7_pts3-r0,6,12,all,12092,-304128.0,-3.656,0.8959,0.2067,910.0
s7_pts3-r0,6,12,eve,1799,-38566.0,-0.9402,0.9217,0.1278,390.0
s7_pts3-r0,6,12,asia,1573,2678.0,0.0732,1.0064,0.1469,330.0
s7_pts3-r0,6,12,london,1956,-94134.0,-2.7003,0.8209,0.1426,320.0
s7_pts3-r0,6,12,pre,1644,-43896.0,-1.3637,0.8973,0.1685,390.0
s7_pts3-r0,6,12,nyam,1887,-49768.0,-1.7059,0.8909,0.2173,310.0
s7_pts3-r0,6,12,mid,1750,-33240.0,-1.3589,0.9099,0.2994,320.0
s7_pts3-r0,6,12,pm,1483,-47202.0,-3.3313,0.7945,0.3702,910.0
s7_pts3-r1,6,13,all,16583,-415122.0,-10.7909,0.8441,0.4714,910.0
s7_pts3-r1,6,13,eve,2459,-60116.0,-3.9765,0.8519,0.475,330.0
s7_pts3-r1,6,13,asia,2185,-26330.0,-1.8458,0.924,0.4952,320.0
s7_pts3-r1,6,13,london,2684,-74166.0,-4.6998,0.8342,0.4698,330.0
s7_pts3-r1,6,13,pre,2234,-65556.0,-4.5516,0.8249,0.4673,390.0
s7_pts3-r1,6,13,nyam,2621,-62044.0,-3.9842,0.8557,0.475,330.0
s7_pts3-r1,6,13,mid,2442,-72368.0,-4.9197,0.8176,0.4648,310.0
s7_pts3-r1,6,13,pm,1958,-54542.0,-4.7372,0.7912,0.4505,910.0
s7_pts3-r2,6,14,all,14321,-304664.0,-6.2278,0.8946,0.3375,910.0
s7_pts3-r2,6,14,eve,2131,-36244.0,-1.8386,0.9196,0.3266,330.0
s7_pts3-r2,6,14,asia,1794,-20786.0,-1.1444,0.9447,0.3328,330.0
s7_pts3-r2,6,14,london,2418,-52842.0,-2.53,0.8974,0.3218,330.0
s7_pts3-r2,6,14,pre,1907,-59578.0,-3.2464,0.8552,0.3136,390.0
s7_pts3-r2,6,14,nyam,2337,-52868.0,-2.6126,0.892,0.3282,310.0
s7_pts3-r2,6,14,mid,2082,-41558.0,-2.3034,0.8968,0.3573,310.0
s7_pts3-r2,6,14,pm,1652,-40788.0,-3.1544,0.8331,0.3953,910.0
s7_pts3-r3,6,15,all,13264,-312856.0,-5.5978,0.8934,0.2741,910.0
s7_pts3-r3,6,15,eve,1976,-21974.0,-0.9427,0.9528,0.2505,330.0
s7_pts3-r3,6,15,asia,1663,-12532.0,-0.5846,0.9678,0.2544,330.0
s7_pts3-r3,6,15,london,2241,-73744.0,-3.0648,0.8627,0.2369,320.0
s7_pts3-r3,6,15,pre,1768,-62112.0,-2.9405,0.8524,0.2404,390.0
s7_pts3-r3,6,15,nyam,2166,-57194.0,-2.4879,0.8845,0.2627,310.0
s7_pts3-r3,6,15,mid,1892,-49708.0,-2.5609,0.8725,0.3161,310.0
s7_pts3-r3,6,15,pm,1558,-35592.0,-2.5779,0.85,0.3813,910.0
s7_pts5-r0,6,16,all,9748,-202172.0,-2.1192,0.9387,0.2904,910.0
s7_pts5-r0,6,16,eve,1469,-37086.0,-0.7871,0.9385,0.1961,530.0
s7_pts5-r0,6,16,asia,1257,60862.0,1.4018,1.1251,0.2387,810.0
s7_pts5-r0,6,16,london,1595,-100190.0,-2.4123,0.8419,0.2163,540.0
s7_pts5-r0,6,16,pre,1338,-63162.0,-1.7942,0.8736,0.2534,540.0
s7_pts5-r0,6,16,nyam,1504,3604.0,0.1084,1.0074,0.3331,510.0
s7_pts5-r0,6,16,mid,1388,-27142.0,-1.0342,0.9276,0.3883,540.0
s7_pts5-r0,6,16,pm,1197,-39058.0,-2.5657,0.8202,0.4336,910.0
s7_pts5-r1,6,17,all,12767,-288428.0,-5.2952,0.9082,0.4847,910.0
s7_pts5-r1,6,17,eve,1898,-48352.0,-2.1982,0.904,0.4837,530.0
s7_pts5-r1,6,17,asia,1565,-44730.0,-2.24,0.8929,0.4805,530.0
s7_pts5-r1,6,17,london,2226,-40224.0,-1.6894,0.9308,0.491,540.0
s7_pts5-r1,6,17,pre,1705,-65980.0,-3.1818,0.8569,0.4698,540.0
s7_pts5-r1,6,17,nyam,2120,1540.0,0.0677,1.003,0.5118,520.0
s7_pts5-r1,6,17,mid,1838,-54352.0,-2.7654,0.873,0.4739,540.0
s7_pts5-r1,6,17,pm,1415,-36330.0,-2.6837,0.8452,0.4721,910.0
s7_pts5-r2,6,18,all,10765,-318030.0,-4.7696,0.9039,0.3574,910.0
s7_pts5-r2,6,18,eve,1618,-72852.0,-2.6069,0.8719,0.3133,530.0
s7_pts5-r2,6,18,asia,1332,-16908.0,-0.6572,0.9625,0.3371,530.0
s7_pts5-r2,6,18,london,1850,-91530.0,-3.0975,0.8585,0.3157,540.0
s7_pts5-r2,6,18,pre,1439,-77656.0,-3.0518,0.842,0.3204,540.0
s7_pts5-r2,6,18,nyam,1763,27118.0,0.9718,1.0518,0.3902,510.0
s7_pts5-r2,6,18,mid,1508,-49232.0,-2.237,0.8776,0.3992,540.0
s7_pts5-r2,6,18,pm,1255,-36970.0,-2.5167,0.8359,0.443,910.0
s7_pts5-r3,6,19,all,10166,-265784.0,-3.5437,0.9197,0.3183,910.0
s7_pts5-r3,6,19,eve,1543,-97182.0,-3.0347,0.8376,0.2417,530.0
s7_pts5-r3,6,19,asia,1287,21592.0,0.7022,1.0462,0.2867,810.0
s7_pts5-r3,6,19,london,1699,-91066.0,-2.758,0.8576,0.2602,540.0
s7_pts5-r3,6,19,pre,1380,-72070.0,-2.4994,0.8556,0.2783,540.0
s7_pts5-r3,6,19,nyam,1599,31374.0,1.0291,1.0627,0.3546,510.0
s7_pts5-r3,6,19,mid,1436,-34144.0,-1.4563,0.9119,0.3907,540.0
s7_pts5-r3,6,19,pm,1222,-24288.0,-1.5467,0.8888,0.4419,910.0
s7_pts7-r0,6,20,all,8374,-114526.0,-1.1335,0.9659,0.352,910.0
s7_pts7-r0,6,20,eve,1250,-26320.0,-0.5218,0.9591,0.2632,740.0
s7_pts7-r0,6,20,asia,1106,76036.0,1.6176,1.144,0.3101,810.0
s7_pts7-r0,6,20,london,1328,-32442.0,-0.7248,0.9486,0.3012,730.0
s7_pts7-r0,6,20,pre,1156,-81974.0,-2.2624,0.8429,0.3261,760.0
s7_pts7-r0,6,20,nyam,1284,1454.0,0.0423,1.003,0.3917,740.0
s7_pts7-r0,6,20,mid,1171,-8824.0,-0.3326,0.974,0.4406,720.0
s7_pts7-r0,6,20,pm,1079,-42456.0,-2.6865,0.7997,0.4449,910.0
s7_pts7-r1,6,21,all,10261,-251534.0,-3.8314,0.9237,0.4857,910.0
s7_pts7-r1,6,21,eve,1522,-85778.0,-3.1379,0.8512,0.4652,740.0
s7_pts7-r1,6,21,asia,1263,-7422.0,-0.2982,0.9833,0.502,720.0
s7_pts7-r1,6,21,london,1802,-26558.0,-0.899,0.9582,0.4961,730.0
s7_pts7-r1,6,21,pre,1362,-69698.0,-2.7569,0.8593,0.4721,760.0
s7_pts7-r1,6,21,nyam,1682,-5168.0,-0.191,0.9904,0.5059,740.0
s7_pts7-r1,6,21,mid,1427,-24588.0,-1.1303,0.9356,0.4842,720.0
s7_pts7-r1,6,21,pm,1203,-32322.0,-2.1569,0.8564,0.468,910.0
s7_pts7-r2,6,22,all,8875,-177360.0,-2.2444,0.9473,0.389,910.0
s7_pts7-r2,6,22,eve,1336,-87394.0,-2.5498,0.8614,0.3263,740.0
s7_pts7-r2,6,22,asia,1139,16204.0,0.4993,1.0323,0.367,810.0
s7_pts7-r2,6,22,london,1462,-23118.0,-0.6493,0.964,0.3618,730.0
s7_pts7-r2,6,22,pre,1200,-82160.0,-2.7202,0.8418,0.3558,760.0
s7_pts7-r2,6,22,nyam,1394,34624.0,1.0988,1.069,0.4211,740.0
s7_pts7-r2,6,22,mid,1235,-12120.0,-0.5067,0.9661,0.4462,720.0
s7_pts7-r2,6,22,pm,1109,-23396.0,-1.4353,0.8905,0.4545,910.0
s7_pts7-r3,6,23,all,8566,-204164.0,-2.3511,0.9398,0.3613,910.0
s7_pts7-r3,6,23,eve,1293,-55722.0,-1.4078,0.9133,0.2892,740.0
s7_pts7-r3,6,23,asia,1115,17680.0,0.4781,1.0338,0.3238,810.0
s7_pts7-r3,6,23,london,1377,-33358.0,-0.8506,0.9479,0.3188,730.0
s7_pts7-r3,6,23,pre,1175,-83900.0,-2.5338,0.8406,0.3319,760.0
s7_pts7-r3,6,23,nyam,1322,5512.0,0.1661,1.0111,0.3933,740.0
s7_pts7-r3,6,23,mid,1194,-25756.0,-1.0632,0.9264,0.438,720.0
s7_pts7-r3,6,23,pm,1090,-28620.0,-1.7014,0.866,0.4477,910.0
s7_pct0p1-r0,6,24,all,13839,-328476.0,-4.1728,0.8769,0.1589,910.0
s7_pct0p1-r0,6,24,eve,2080,-11920.0,-0.2969,0.9728,0.0947,390.0
s7_pct0p1-r0,6,24,asia,1818,-26282.0,-0.7789,0.9311,0.104,350.0
s7_pct0p1-r0,6,24,london,2183,-85002.0,-2.6011,0.8129,0.1026,360.0
s7_pct0p1-r0,6,24,pre,1882,-51478.0,-1.7196,0.8662,0.1169,390.0
s7_pct0p1-r0,6,24,nyam,2153,-52852.0,-1.9077,0.8735,0.1551,350.0
s7_pct0p1-r0,6,24,mid,2007,-47628.0,-2.0715,0.8659,0.2292,350.0
s7_pct0p1-r0,6,24,pm,1716,-53314.0,-3.8917,0.7738,0.3351,910.0
s7_pct0p1-r1,6,25,all,18637,-476968.0,-15.5673,0.7913,0.4612,390.0
s7_pct0p1-r1,6,25,eve,2746,-77844.0,-6.5559,0.7748,0.4563,370.0
s7_pct0p1-r1,6,25,asia,2619,-61596.0,-5.2871,0.8098,0.4685,350.0
s7_pct0p1-r1,6,25,london,2799,-63376.0,-5.2906,0.8154,0.4673,350.0
s7_pct0p1-r1,6,25,pre,2574,-66896.0,-5.826,0.7912,0.46,390.0
s7_pct0p1-r1,6,25,nyam,2781,-80944.0,-6.7929,0.7691,0.4524,350.0
s7_pct0p1-r1,6,25,mid,2746,-71964.0,-6.0742,0.7891,0.4614,340.0
s7_pct0p1-r1,6,25,pm,2372,-54348.0,-5.3157,0.7909,0.4629,350.0
s7_pct0p1-r2,6,26,all,16994,-452336.0,-11.2677,0.8294,0.3179,910.0
s7_pct0p1-r2,6,26,eve,2545,-69170.0,-4.3404,0.8313,0.3053,370.0
s7_pct0p1-r2,6,26,asia,2249,-43246.0,-2.8582,0.879,0.3224,350.0
s7_pct0p1-r2,6,26,london,2716,-52324.0,-3.1705,0.8777,0.3185,360.0
s7_pct0p1-r2,6,26,pre,2290,-66620.0,-4.4811,0.8187,0.3074,390.0
s7_pct0p1-r2,6,26,nyam,2677,-78318.0,-4.8536,0.8178,0.3037,350.0
s7_pct0p1-r2,6,26,mid,2514,-78516.0,-5.1088,0.8026,0.3126,340.0
s7_pct0p1-r2,6,26,pm,2003,-64142.0,-5.443,0.7547,0.3655,910.0
s7_pct0p1-r3,6,27,all,15777,-405688.0,-8.7089,0.8501,0.2531,910.0
s7_pct0p1-r3,6,27,eve,2365,-66780.0,-3.5749,0.843,0.23,370.0
s7_pct0p1-r3,6,27,asia,2018,-42332.0,-2.4253,0.8825,0.2413,350.0
s7_pct0p1-r3,6,27,london,2583,-35922.0,-1.8104,0.9204,0.2451,360.0
s7_pct0p1-r3,6,27,pre,2139,-68906.0,-3.9861,0.8196,0.2291,390.0
s7_pct0p1-r3,6,27,nyam,2528,-73612.0,-3.8713,0.8358,0.2326,350.0
s7_pct0p1-r3,6,27,mid,2301,-70984.0,-4.1061,0.819,0.2634,350.0
s7_pct0p1-r3,6,27,pm,1843,-47152.0,-3.6858,0.8089,0.35,910.0
s7_pct0p2-r0,6,28,all,10405,-216290.0,-2.252,0.9343,0.2631,910.0
s7_pct0p2-r0,6,28,eve,1574,-26386.0,-0.5542,0.9553,0.1741,710.0
s7_pct0p2-r0,6,28,asia,1347,61112.0,1.3641,1.1256,0.2034,810.0
s7_pct0p2-r0,6,28,london,1709,-89276.0,-2.1516,0.8561,0.1954,700.0
s7_pct0p2-r0,6,28,pre,1399,-43736.0,-1.2537,0.9083,0.2337,690.0
s7_pct0p2-r0,6,28,nyam,1610,-10680.0,-0.323,0.9783,0.2907,710.0
s7_pct0p2-r0,6,28,mid,1493,-50302.0,-1.91,0.8732,0.357,690.0
s7_pct0p2-r0,6,28,pm,1273,-57022.0,-3.832,0.7519,0.4148,910.0
s7_pct0p2-r1,6,29,all,14159,-373706.0,-7.1472,0.8821,0.4781,910.0
s7_pct0p2-r1,6,29,eve,2159,-26816.0,-1.2584,0.9461,0.4984,710.0
s7_pct0p2-r1,6,29,asia,1758,-63772.0,-3.3138,0.8507,0.4716,700.0
s7_pct0p2-r1,6,29,london,2475,-91070.0,-4.0513,0.8467,0.4691,700.0
s7_pct0p2-r1,6,29,pre,1853,-41392.0,-2.1435,0.9032,0.4841,690.0
s7_pct0p2-r1,6,29,nyam,2330,-24270.0,-1.1221,0.9534,0.494,710.0
s7_pct0p2-r1,6,29,mid,2042,-74508.0,-3.8161,0.8366,0.4647,690.0
s7_pct0p2-r1,6,29,pm,1542,-51878.0,-3.85,0.791,0.4578,910.0
s7_pct0p2-r2,6,30,all,11743,-410242.0,-6.3967,0.877,0.3434,910.0
s7_pct0p2-r2,6,30,eve,1784,-42716.0,-1.5677,0.9231,0.3262,710.0
s7_pct0p2-r2,6,30,asia,1428,-43332.0,-1.7938,0.9028,0.3228,700.0
s7_pct0p2-r2,6,30,london,2066,-108044.0,-3.8222,0.8338,0.3035,700.0
s7_pct0p2-r2,6,30,pre,1540,-82050.0,-3.4617,0.8269,0.3143,690.0
s7_pct0p2-r2,6,30,nyam,1933,-1112.0,-0.0409,0.9979,0.358,710.0
s7_pct0p2-r2,6,30,mid,1647,-79418.0,-3.6586,0.8142,0.3752,690.0
s7_pct0p2-r2,6,30,pm,1345,-53570.0,-3.6592,0.7768,0.423,910.0
s7_pct0p2-r3,6,31,all,10949,-337076.0,-4.6301,0.8985,0.2964,910.0
s7_pct0p2-r3,6,31,eve,1659,-59496.0,-1.8703,0.8972,0.2375,710.0
s7_pct0p2-r3,6,31,asia,1372,-5978.0,-0.2048,0.987,0.2609,700.0
s7_pct0p2-r3,6,31,london,1859,-89526.0,-2.7842,0.859,0.2437,700.0
s7_pct0p2-r3,6,31,pre,1461,-48914.0,-1.7617,0.8973,0.269,690.0
s7_pct0p2-r3,6,31,nyam,1745,-21230.0,-0.7195,0.9596,0.3072,710.0
s7_pct0p2-r3,6,31,mid,1554,-62986.0,-2.7129,0.8471,0.3629,690.0
s7_pct0p2-r3,6,31,pm,1299,-48946.0,-3.2855,0.7885,0.4211,910.0
s8_atr1p5-r0,7,0,all,13180,-178890.0,-2.0649,0.9359,0.188,4990.0
s8_atr1p5-r0,7,0,eve,2287,-72758.0,-1.8092,0.8292,0.0643,4990.0
s8_atr1p5-r0,7,0,asia,2191,-39934.0,-1.1737,0.8856,0.0616,870.0
s8_atr1p5-r0,7,0,london,2201,-38534.0,-1.0152,0.9189,0.1072,1210.0
s8_atr1p5-r0,7,0,pre,1651,-154.0,-0.0044,0.9997,0.1884,1050.0
s8_atr1p5-r0,7,0,nyam,1707,-8658.0,-0.2631,0.9825,0.2818,1410.0
s8_atr1p5-r0,7,0,mid,1491,26806.0,1.0132,1.0761,0.381,1500.0
s8_atr1p5-r0,7,0,pm,1652,-45658.0,-2.7439,0.819,0.3632,1370.0
s8_atr1p5-r1,7,1,all,17690,-374290.0,-8.4067,0.8576,0.4594,4990.0
s8_atr1p5-r1,7,1,eve,2772,-87598.0,-5.27,0.7234,0.4116,4990.0
s8_atr1p5-r1,7,1,asia,2798,-71362.0,-7.0158,0.731,0.4371,870.0
s8_atr1p5-r1,7,1,london,2811,-49784.0,-3.4715,0.8632,0.4692,1200.0
s8_atr1p5-r1,7,1,pre,2322,-54748.0,-3.0685,0.8703,0.4759,1610.0
s8_atr1p5-r1,7,1,nyam,2469,-42446.0,-1.872,0.9217,0.4852,1510.0
s8_atr1p5-r1,7,1,mid,2226,9006.0,0.4522,1.0216,0.5094,1630.0
s8_atr1p5-r1,7,1,pm,2292,-77358.0,-6.0003,0.7421,0.4394,1580.0
s8_atr1p5-r2,7,2,all,15719,-293236.0,-5.1998,0.8974,0.3279,4990.0
s8_atr1p5-r2,7,2,eve,2703,-89072.0,-3.9495,0.7721,0.2764,4990.0
s8_atr1p5-r2,7,2,asia,2701,-67284.0,-4.6931,0.7969,0.2914,870.0
s8_atr1p5-r2,7,2,london,2765,-44300.0,-2.2151,0.9048,0.3179,1200.0
s8_atr1p5-r2,7,2,pre,1905,-17310.0,-0.7615,0.9604,0.3291,1230.0
s8_atr1p5-r2,7,2,nyam,2055,-20990.0,-0.7434,0.9626,0.3465,1410.0
s8_atr1p5-r2,7,2,mid,1718,2908.0,0.1267,1.0074,0.4028,1500.0
s8_atr1p5-r2,7,2,pm,1872,-57188.0,-3.8175,0.7945,0.3793,1400.0
s8_atr1p5-r3,7,3,all,14724,-286056.0,-4.5769,0.9006,0.272,4990.0
s8_atr1p5-r3,7,3,eve,2608,-77652.0,-3.0299,0.8134,0.2178,4990.0
s8_atr1p5-r3,7,3,asia,2566,-77124.0,-4.6178,0.782,0.2178,960.0
s8_atr1p5-r3,7,3,london,2635,-48340.0,-2.0375,0.9028,0.2383,1210.0
s8_atr1p5-r3,7,3,pre,1760,-24550.0,-0.9489,0.9449,0.2511,1230.0
s8_atr1p5-r3,7,3,nyam,1856,-22804.0,-0.7593,0.9572,0.3023,1410.0
s8_atr1p5-r3,7,3,mid,1563,19228.0,0.7831,1.0523,0.3864,1500.0
s8_atr1p5-r3,7,3,pm,1736,-54814.0,-3.5956,0.7917,0.3704,1370.0
s8_atr3-r0,7,4,all,9900,-56660.0,-0.565,0.9822,0.2809,5980.0
s8_atr3-r0,7,4,eve,1799,-2956.0,-0.0597,0.9949,0.1501,5980.0
s8_atr3-r0,7,4,asia,1707,-5778.0,-0.1361,0.9879,0.1353,1860.0
s8_atr3-r0,7,4,london,1704,-28476.0,-0.642,0.9539,0.2101,2410.0
s8_atr3-r0,7,4,pre,1217,12562.0,0.3193,1.0255,0.3246,2090.0
s8_atr3-r0,7,4,nyam,1253,-42632.0,-1.2117,0.9159,0.4086,2780.0
s8_atr3-r0,7,4,mid,1068,56978.0,2.0878,1.1951,0.4897,2200.0
s8_atr3-r0,7,4,pm,1152,-46358.0,-2.6453,0.7933,0.4271,2740.0
s8_atr3-r1,7,5,all,12979,-243586.0,-3.598,0.9242,0.4776,5980.0
s8_atr3-r1,7,5,eve,2470,-71580.0,-2.5101,0.8629,0.468,5980.0
s8_atr3-r1,7,5,asia,2370,-69410.0,-3.5247,0.8415,0.4553,1860.0
s8_atr3-r1,7,5,london,2525,-50190.0,-1.8596,0.9201,0.4851,2450.0
s8_atr3-r1,7,5,pre,1464,-17006.0,-0.627,0.9646,0.4959,2090.0
s8_atr3-r1,7,5,nyam,1562,-12758.0,-0.3919,0.9775,0.4936,2780.0
s8_atr3-r1,7,5,mid,1253,33708.0,1.3808,1.1017,0.5188,2650.0
s8_atr3-r1,7,5,pm,1335,-56350.0,-3.4917,0.773,0.4434,2740.0
s8_atr3-r2,7,6,all,10990,-216510.0,-2.7861,0.9334,0.3657,5980.0
s8_atr3-r2,7,6,eve,2123,-66182.0,-1.9176,0.8867,0.309,5980.0
s8_atr3-r2,7,6,asia,1966,-47614.0,-1.9438,0.8966,0.3184,1950.0
s8_atr3-r2,7,6,london,2055,-53970.0,-1.6274,0.919,0.326,2410.0
s8_atr3-r2,7,6,pre,1258,11648.0,0.3563,1.024,0.3704,2090.0
s8_atr3-r2,7,6,nyam,1313,-52592.0,-1.5583,0.9002,0.4212,2780.0
s8_atr3-r2,7,6,mid,1087,46082.0,1.8007,1.1558,0.4949,2200.0
s8_atr3-r2,7,6,pm,1188,-53882.0,-3.2109,0.7697,0.4293,2740.0
s8_atr3-r3,7,7,all,10354,-151356.0,-1.7755,0.9531,0.3245,5980.0
s8_atr3-r3,7,7,eve,1944,-28866.0,-0.726,0.9502,0.249,5980.0
s8_atr3-r3,7,7,asia,1815,-35400.0,-1.2346,0.9241,0.2402,1960.0
s8_atr3-r3,7,7,london,1849,-44406.0,-1.1866,0.9316,0.2585,2410.0
s8_atr3-r3,7,7,pre,1235,13540.0,0.3772,1.0274,0.3393,2090.0
s8_atr3-r3,7,7,nyam,1268,-60072.0,-1.7449,0.8838,0.4054,2780.0
s8_atr3-r3,7,7,mid,1073,52418.0,1.9904,1.1788,0.4921,2200.0
s8_atr3-r3,7,7,pm,1170,-48570.0,-2.8353,0.7883,0.4282,2740.0
s8_pts2-r0,7,8,all,14142,-231838.0,-2.988,0.9085,0.1529,910.0
s8_pts2-r0,7,8,eve,2137,-48208.0,-1.2838,0.8857,0.0796,240.0
s8_pts2-r0,7,8,asia,1904,-1886.0,-0.0521,0.9949,0.0914,230.0
s8_pts2-r0,7,8,london,2197,-57328.0,-1.8251,0.8647,0.1001,230.0
s8_pts2-r0,7,8,pre,1924,-24986.0,-0.8536,0.9309,0.1221,340.0
s8_pts2-r0,7,8,nyam,2194,-49816.0,-1.8599,0.8753,0.1481,290.0
s8_pts2-r0,7,8,mid,1994,-5856.0,-0.2567,0.9818,0.2342,660.0
s8_pts2-r0,7,8,pm,1792,-43758.0,-2.944,0.8144,0.3192,910.0
s8_pts2-r1,7,9,all,18672,-479598.0,-17.313,0.7753,0.459,910.0
s8_pts2-r1,7,9,eve,2754,-93906.0,-8.7828,0.7164,0.4394,240.0
s8_pts2-r1,7,9,asia,2610,-77190.0,-7.4005,0.749,0.4502,230.0
s8_pts2-r1,7,9,london,2793,-67832.0,-6.2744,0.7889,0.4629,210.0
s8_pts2-r1,7,9,pre,2589,-57016.0,-5.468,0.8067,0.4689,340.0
s8_pts2-r1,7,9,nyam,2791,-59324.0,-5.4779,0.8128,0.4708,370.0
s8_pts2-r1,7,9,mid,2713,-55552.0,-5.2259,0.818,0.4711,220.0
s8_pts2-r1,7,9,pm,2422,-68778.0,-7.3233,0.7328,0.4484,910.0
s8_pts2-r2,7,10,all,17137,-431908.0,-11.9204,0.8251,0.3179,910.0
s8_pts2-r2,7,10,eve,2558,-90742.0,-6.4547,0.766,0.2932,240.0
s8_pts2-r2,7,10,asia,2314,-69206.0,-5.1333,0.8,0.3021,230.0
s8_pts2-r2,7,10,london,2706,-64094.0,-4.356,0.8392,0.3123,220.0
s8_pts2-r2,7,10,pre,2310,-45380.0,-3.3191,0.8654,0.319,340.0
s8_pts2-r2,7,10,nyam,2651,-58624.0,-4.017,0.8493,0.3154,370.0
s8_pts2-r2,7,10,mid,2498,-33322.0,-2.3743,0.9046,0.3399,240.0
s8_pts2-r2,7,10,pm,2100,-70540.0,-6.4512,0.7311,0.3481,910.0
s8_pts2-r3,7,11,all,16062,-408058.0,-9.7061,0.8396,0.2511,910.0
s8_pts2-r3,7,11,eve,2399,-94536.0,-5.7871,0.7656,0.2159,240.0
s8_pts2-r3,7,11,asia,2121,-62734.0,-4.0079,0.8211,0.2282,230.0
s8_pts2-r3,7,11,london,2591,-64924.0,-3.7202,0.8474,0.2335,240.0
s8_pts2-r3,7,11,pre,2157,-51868.0,-3.2533,0.8532,0.2355,340.0
s8_pts2-r3,7,11,nyam,2519,-49376.0,-2.8599,0.8788,0.2441,290.0
s8_pts2-r3,7,11,mid,2316,-26024.0,-1.6239,0.9258,0.2828,660.0
s8_pts2-r3,7,11,pm,1959,-58596.0,-4.9256,0.7691,0.3308,910.0
s8_pts3-r0,7,12,all,12186,-219594.0,-2.5386,0.9253,0.208,910.0
s8_pts3-r0,7,12,eve,1832,-21488.0,-0.4957,0.9572,0.1255,350.0
s8_pts3-r0,7,12,asia,1608,6698.0,0.168,1.0154,0.135,320.0
s8_pts3-r0,7,12,london,1982,-107008.0,-3.0689,0.7994,0.1403,330.0
s8_pts3-r0,7,12,pre,1652,-20468.0,-0.6347,0.9516,0.181,390.0
s8_pts3-r0,7,12,nyam,1918,-37042.0,-1.2233,0.9203,0.2179,330.0
s8_pts3-r0,7,12,mid,1684,7264.0,0.2976,1.0212,0.3159,660.0
s8_pts3-r0,7,12,pm,1510,-47550.0,-3.049,0.7996,0.3715,910.0
s8_pts3-r1,7,13,all,16614,-456146.0,-11.8612,0.8301,0.4676,910.0
s8_pts3-r1,7,13,eve,2471,-107854.0,-7.1536,0.7505,0.4435,350.0
s8_pts3-r1,7,13,asia,2184,-77906.0,-5.4829,0.7911,0.4565,320.0
s8_pts3-r1,7,13,london,2695,-66960.0,-4.2323,0.8496,0.4742,320.0
s8_pts3-r1,7,13,pre,2254,-64866.0,-4.4835,0.828,0.4681,390.0
s8_pts3-r1,7,13,nyam,2620,-50080.0,-3.2139,0.8819,0.4836,370.0
s8_pts3-r1,7,13,mid,2423,-27582.0,-1.8833,0.9253,0.4924,360.0
s8_pts3-r1,7,13,pm,1967,-60898.0,-5.3069,0.7691,0.4484,910.0
s8_pts3-r2,7,14,all,14393,-379492.0,-7.776,0.8705,0.3318,910.0
s8_pts3-r2,7,14,eve,2153,-91092.0,-4.7112,0.808,0.2991,350.0
s8_pts3-r2,7,14,asia,1827,-51108.0,-2.8296,0.8701,0.3147,320.0
s8_pts3-r2,7,14,london,2443,-62842.0,-3.0033,0.88,0.3176,330.0
s8_pts3-r2,7,14,pre,1918,-53202.0,-2.8795,0.8708,0.3165,390.0
s8_pts3-r2,7,14,nyam,2333,-47432.0,-2.3387,0.9027,0.3283,330.0
s8_pts3-r2,7,14,mid,2043,-14622.0,-0.8124,0.9618,0.372,660.0
s8_pts3-r2,7,14,pm,1676,-59194.0,-4.5862,0.77,0.3866,910.0
s8_pts3-r3,7,15,all,13390,-303560.0,-5.3968,0.8975,0.2747,910.0
s8_pts3-r3,7,15,eve,2005,-63470.0,-2.7707,0.8684,0.2344,350.0
s8_pts3-r3,7,15,asia,1707,-29528.0,-1.3754,0.9269,0.2466,320.0
s8_pts3-r3,7,15,london,2267,-92498.0,-3.8576,0.8314,0.2298,330.0
s8_pts3-r3,7,15,pre,1790,-19830.0,-0.9044,0.9524,0.2575,390.0
s8_pts3-r3,7,15,nyam,2160,-41730.0,-1.8011,0.915,0.2657,330.0
s8_pts3-r3,7,15,mid,1882,3992.0,0.198,1.0107,0.3385,660.0
s8_pts3-r3,7,15,pm,1579,-60496.0,-4.5384,0.7559,0.3762,910.0
s8_pts5-r0,7,16,all,9670,-192830.0,-2.0254,0.9409,0.2905,910.0
s8_pts5-r0,7,16,eve,1456,-14914.0,-0.3178,0.9747,0.2054,560.0
s8_pts5-r0,7,16,asia,1274,-30436.0,-0.7293,0.94,0.2143,570.0
s8_pts5-r0,7,16,london,1569,-46476.0,-1.093,0.9239,0.232,520.0
s8_pts5-r0,7,16,pre,1319,-35356.0,-0.989,0.9266,0.2707,530.0
s8_pts5-r0,7,16,nyam,1518,-54742.0,-1.6932,0.892,0.3116,530.0
s8_pts5-r0,7,16,mid,1325,37510.0,1.4047,1.1117,0.4136,660.0
s8_pts5-r0,7,16,pm,1209,-48416.0,-2.9072,0.7893,0.4094,910.0
s8_pts5-r1,7,17,all,12715,-330090.0,-6.0678,0.8954,0.4805,910.0
s8_pts5-r1,7,17,eve,1899,-76266.0,-3.4706,0.8528,0.4692,560.0
s8_pts5-r1,7,17,asia,1551,-64814.0,-3.2648,0.8473,0.4674,540.0
s8_pts5-r1,7,17,london,2220,-46830.0,-1.9699,0.9197,0.4883,520.0
s8_pts5-r1,7,17,pre,1699,-52736.0,-2.5449,0.8836,0.4791,530.0
s8_pts5-r1,7,17,nyam,2114,-33076.0,-1.4551,0.9379,0.4934,530.0
s8_pts5-r1,7,17,mid,1816,4776.0,0.2433,1.0121,0.5088,660.0
s8_pts5-r1,7,17,pm,1416,-61144.0,-4.5059,0.7545,0.4442,910.0
s8_pts5-r2,7,18,all,10728,-264872.0,-3.9634,0.9194,0.3585,910.0
s8_pts5-r2,7,18,eve,1610,-47800.0,-1.699,0.9143,0.3242,560.0
s8_pts5-r2,7,18,asia,1356,-40774.0,-1.5906,0.9124,0.3267,540.0
s8_pts5-r2,7,18,london,1835,-68080.0,-2.2984,0.8925,0.3253,520.0
s8_pts5-r2,7,18,pre,1434,-14376.0,-0.5503,0.9694,0.3494,530.0
s8_pts5-r2,7,18,nyam,1737,-62388.0,-2.3069,0.8868,0.35,530.0
s8_pts5-r2,7,18,mid,1479,29864.0,1.3309,1.0823,0.4375,660.0
s8_pts5-r2,7,18,pm,1277,-61318.0,-4.125,0.7485,0.4135,910.0
s8_pts5-r3,7,19,all,10104,-266346.0,-3.5676,0.919,0.3169,910.0
s8_pts5-r3,7,19,eve,1526,-44474.0,-1.3551,0.9234,0.2556,560.0
s8_pts5-r3,7,19,asia,1305,-39880.0,-1.3405,0.918,0.2674,540.0
s8_pts5-r3,7,19,london,1686,-55224.0,-1.6492,0.9117,0.2716,520.0
s8_pts5-r3,7,19,pre,1362,-43728.0,-1.512,0.9096,0.293,530.0
s8_pts5-r3,7,19,nyam,1611,-52224.0,-1.7827,0.9014,0.3246,530.0
s8_pts5-r3,7,19,mid,1372,21432.0,0.9155,1.0618,0.4184,660.0
s8_pts5-r3,7,19,pm,1242,-52248.0,-3.3179,0.7801,0.4098,910.0
s8_pts7-r0,7,20,all,8407,-110858.0,-1.0998,0.967,0.3558,910.0
s8_pts7-r0,7,20,eve,1252,12602.0,0.2509,1.0201,0.2835,730.0
s8_pts7-r0,7,20,asia,1100,-10130.0,-0.2276,0.9813,0.29,730.0
s8_pts7-r0,7,20,london,1319,-6526.0,-0.1436,0.9895,0.3116,720.0
s8_pts7-r0,7,20,pre,1165,-18260.0,-0.4803,0.9636,0.3579,720.0
s8_pts7-r0,7,20,nyam,1326,-78984.0,-2.3616,0.8505,0.3733,730.0
s8_pts7-r0,7,20,mid,1158,36238.0,1.3373,1.1124,0.456,720.0
s8_pts7-r0,7,20,pm,1087,-45798.0,-2.6785,0.7913,0.4287,910.0
s8_pts7-r1,7,21,all,10319,-231506.0,-3.517,0.9299,0.4886,910.0
s8_pts7-r1,7,21,eve,1519,-39506.0,-1.4439,0.9284,0.4885,730.0
s8_pts7-r1,7,21,asia,1273,-16042.0,-0.6423,0.9645,0.5004,730.0
s8_pts7-r1,7,21,london,1797,-18628.0,-0.6311,0.9704,0.4975,710.0
s8_pts7-r1,7,21,pre,1366,-46304.0,-1.8294,0.9042,0.4861,720.0
s8_pts7-r1,7,21,nyam,1720,-68940.0,-2.5187,0.8816,0.4814,730.0
s8_pts7-r1,7,21,mid,1433,4418.0,0.2028,1.012,0.5073,720.0
s8_pts7-r1,7,21,pm,1211,-46504.0,-3.0995,0.8009,0.4542,910.0
s8_pts7-r2,7,22,all,8909,-219966.0,-2.7865,0.9352,0.389,910.0
s8_pts7-r2,7,22,eve,1337,-39018.0,-1.1224,0.9364,0.3478,730.0
s8_pts7-r2,7,22,asia,1140,-8160.0,-0.2537,0.984,0.3596,730.0
s8_pts7-r2,7,22,london,1458,-49662.0,-1.4057,0.9235,0.3553,720.0
s8_pts7-r2,7,22,pre,1206,-36794.0,-1.2072,0.9263,0.3856,730.0
s8_pts7-r2,7,22,nyam,1428,-77702.0,-2.5227,0.8611,0.3894,730.0
s8_pts7-r2,7,22,mid,1217,40782.0,1.6667,1.1217,0.4659,720.0
s8_pts7-r2,7,22,pm,1123,-49412.0,-3.0537,0.7836,0.4319,910.0
s8_pts7-r3,7,23,all,8606,-191844.0,-2.2014,0.9436,0.3642,910.0
s8_pts7-r3,7,23,eve,1300,-31600.0,-0.7944,0.9502,0.3031,730.0
s8_pts7-r3,7,23,asia,1112,-52598.0,-1.4757,0.9022,0.304,730.0
s8_pts7-r3,7,23,london,1366,3296.0,0.0825,1.0053,0.328,720.0
s8_pts7-r3,7,23,pre,1184,-23476.0,-0.6885,0.9536,0.3632,730.0
s8_pts7-r3,7,23,nyam,1360,-68180.0,-2.094,0.8738,0.3765,730.0
s8_pts7-r3,7,23,mid,1182,24672.0,0.9747,1.0742,0.4543,720.0
s8_pts7-r3,7,23,pm,1102,-43958.0,-2.6246,0.8029,0.431,910.0
s8_pct0p1-r0,7,24,all,13947,-277468.0,-3.4441,0.8966,0.161,910.0
s8_pct0p1-r0,7,24,eve,2118,-67342.0,-1.7278,0.8519,0.0812,370.0
s8_pct0p1-r0,7,24,asia,1888,2618.0,0.0686,1.0066,0.0975,350.0
s8_pct0p1-r0,7,24,london,2168,-87462.0,-2.8199,0.8057,0.1038,360.0
s8_pct0p1-r0,7,24,pre,1884,-5176.0,-0.1643,0.9863,0.1332,390.0
s8_pct0p1-r0,7,24,nyam,2156,-50724.0,-1.8187,0.8793,0.1586,350.0
s8_pct0p1-r0,7,24,mid,1981,-26024.0,-1.1033,0.925,0.2362,670.0
s8_pct0p1-r0,7,24,pm,1752,-43358.0,-2.8918,0.8189,0.3447,910.0
s8_pct0p1-r1,7,25,all,18706,-488934.0,-15.9226,0.7874,0.4597,390.0
s8_pct0p1-r1,7,25,eve,2760,-122950.0,-10.4239,0.6681,0.4257,370.0
s8_pct0p1-r1,7,25,asia,2627,-86518.0,-7.4505,0.7436,0.4454,350.0
s8_pct0p1-r1,7,25,london,2795,-57140.0,-4.7713,0.8318,0.4698,350.0
s8_pct0p1-r1,7,25,pre,2601,-53234.0,-4.5894,0.8321,0.4733,390.0
s8_pct0p1-r1,7,25,nyam,2790,-61060.0,-5.1018,0.8211,0.4703,370.0
s8_pct0p1-r1,7,25,mid,2739,-47826.0,-4.0357,0.8541,0.4775,340.0
s8_pct0p1-r1,7,25,pm,2394,-60206.0,-5.8447,0.7736,0.4553,350.0
s8_pct0p1-r2,7,26,all,17062,-389558.0,-9.6332,0.8524,0.3232,910.0
s8_pct0p1-r2,7,26,eve,2567,-108358.0,-6.9656,0.7459,0.2883,370.0
s8_pct0p1-r2,7,26,asia,2304,-56186.0,-3.6869,0.848,0.3108,350.0
s8_pct0p1-r2,7,26,london,2712,-44218.0,-2.6651,0.8958,0.3204,360.0
s8_pct0p1-r2,7,26,pre,2289,-45796.0,-3.0279,0.8732,0.3194,390.0
s8_pct0p1-r2,7,26,nyam,2651,-51634.0,-3.1706,0.8763,0.3187,370.0
s8_pct0p1-r2,7,26,mid,2499,-23556.0,-1.4963,0.9372,0.3441,340.0
s8_pct0p1-r2,7,26,pm,2040,-59810.0,-5.0027,0.7747,0.3691,910.0
s8_pct0p1-r3,7,27,all,15883,-390332.0,-8.3422,0.8563,0.2547,910.0
s8_pct0p1-r3,7,27,eve,2406,-101964.0,-5.5902,0.7689,0.2182,370.0
s8_pct0p1-r3,7,27,asia,2090,-62820.0,-3.5862,0.8332,0.2278,350.0
s8_pct0p1-r3,7,27,london,2584,-46826.0,-2.3733,0.897,0.2407,360.0
s8_pct0p1-r3,7,27,pre,2100,-27980.0,-1.5615,0.9235,0.2443,390.0
s8_pct0p1-r3,7,27,nyam,2507,-40748.0,-2.1049,0.9067,0.2465,350.0
s8_pct0p1-r3,7,27,mid,2309,-52606.0,-3.0055,0.8638,0.2715,670.0
s8_pct0p1-r3,7,27,pm,1887,-57388.0,-4.5716,0.7745,0.3524,910.0
s8_pct0p2-r0,7,28,all,10382,-166848.0,-1.7567,0.9486,0.2692,910.0
s8_pct0p2-r0,7,28,eve,1599,-66706.0,-1.4568,0.8896,0.1707,690.0
s8_pct0p2-r0,7,28,asia,1356,-19574.0,-0.4629,0.9605,0.1858,700.0
s8_pct0p2-r0,7,28,london,1693,-15312.0,-0.3599,0.9742,0.2144,700.0
s8_pct0p2-r0,7,28,pre,1412,-23738.0,-0.6592,0.95,0.2408,690.0
s8_pct0p2-r0,7,28,nyam,1648,-43562.0,-1.3399,0.9148,0.2864,690.0
s8_pct0p2-r0,7,28,mid,1405,45910.0,1.7457,1.1378,0.41,690.0
s8_pct0p2-r0,7,28,pm,1269,-43866.0,-2.6175,0.8098,0.409,910.0
s8_pct0p2-r1,7,29,all,14109,-333016.0,-6.3812,0.8938,0.4794,910.0
s8_pct0p2-r1,7,29,eve,2154,-101166.0,-4.7797,0.8101,0.4587,690.0
s8_pct0p2-r1,7,29,asia,1741,-53174.0,-2.771,0.8729,0.4687,700.0
s8_pct0p2-r1,7,29,london,2440,-54420.0,-2.4319,0.9042,0.4832,700.0
s8_pct0p2-r1,7,29,pre,1858,-22002.0,-1.1308,0.9478,0.4968,690.0
s8_pct0p2-r1,7,29,nyam,2342,-56668.0,-2.6183,0.8948,0.4804,690.0
s8_pct0p2-r1,7,29,mid,2021,21386.0,1.1079,1.0537,0.5215,690.0
s8_pct0p2-r1,7,29,pm,1553,-66972.0,-4.9441,0.7418,0.4372,910.0
s8_pct0p2-r2,7,30,all,11720,-220580.0,-3.3979,0.9324,0.3525,910.0
s8_pct0p2-r2,7,30,eve,1804,-75566.0,-2.7949,0.8677,0.3137,690.0
s8_pct0p2-r2,7,30,asia,1445,-42220.0,-1.7282,0.9062,0.3176,700.0
s8_pct0p2-r2,7,30,london,2040,-12870.0,-0.4444,0.9789,0.3353,700.0
s8_pct0p2-r2,7,30,pre,1546,-20264.0,-0.8205,0.9557,0.337,690.0
s8_pct0p2-r2,7,30,nyam,1936,-47034.0,-1.7591,0.9161,0.3404,690.0
s8_pct0p2-r2,7,30,mid,1600,33750.0,1.5061,1.0909,0.4288,700.0
s8_pct0p2-r2,7,30,pm,1349,-56376.0,-3.8198,0.7684,0.4122,910.0
s8_pct0p2-r3,7,31,all,10924,-240506.0,-3.2959,0.9265,0.302,910.0
s8_pct0p2-r3,7,31,eve,1688,-56432.0,-1.7667,0.9041,0.2423,700.0
s8_pct0p2-r3,7,31,asia,1385,-39230.0,-1.3666,0.9169,0.2469,700.0
s8_pct0p2-r3,7,31,london,1830,-50110.0,-1.5498,0.918,0.2557,700.0
s8_pct0p2-r3,7,31,pre,1469,-42146.0,-1.496,0.9119,0.2675,690.0
s8_pct0p2-r3,7,31,nyam,1774,-32776.0,-1.1205,0.9388,0.3067,690.0
s8_pct0p2-r3,7,31,mid,1473,32068.0,1.3738,1.0921,0.4128,690.0
s8_pct0p2-r3,7,31,pm,1305,-51880.0,-3.3479,0.7823,0.41,910.0
s9_atr1p5-r0,8,0,all,13132,-254348.0,-2.9263,0.9092,0.1852,6220.0
s9_atr1p5-r0,8,0,eve,2245,-48410.0,-1.1452,0.8847,0.0673,6220.0
s9_atr1p5-r0,8,0,asia,2161,-5094.0,-0.1411,0.9851,0.0666,920.0
s9_atr1p5-r0,8,0,london,2222,-88038.0,-2.3805,0.8192,0.0981,1170.0
s9_atr1p5-r0,8,0,pre,1640,-29800.0,-0.9116,0.9323,0.1835,1310.0
s9_atr1p5-r0,8,0,nyam,1688,7998.0,0.2391,1.0164,0.2855,1510.0
s9_atr1p5-r0,8,0,mid,1551,-46594.0,-1.8072,0.8784,0.3456,1500.0
s9_atr1p5-r0,8,0,pm,1625,-44410.0,-2.8293,0.8164,0.3692,1370.0
s9_atr1p5-r1,8,1,all,17723,-422112.0,-9.4807,0.8408,0.4565,6220.0
s9_atr1p5-r1,8,1,eve,2763,-65992.0,-3.8814,0.7837,0.4271,6220.0
s9_atr1p5-r1,8,1,asia,2794,-51356.0,-5.034,0.7987,0.4449,890.0
s9_atr1p5-r1,8,1,london,2809,-82866.0,-5.7989,0.7823,0.4507,1090.0
s9_atr1p5-r1,8,1,pre,2311,-44724.0,-2.5263,0.8918,0.4816,1310.0
s9_atr1p5-r1,8,1,nyam,2463,-78592.0,-3.4828,0.8594,0.4681,1510.0
s9_atr1p5-r1,8,1,mid,2268,-50472.0,-2.5254,0.889,0.4771,1500.0
s9_atr1p5-r1,8,1,pm,2315,-48110.0,-3.766,0.8306,0.4549,1400.0
s9_atr1p5-r2,8,2,all,15696,-367574.0,-6.5812,0.8725,0.3273,6220.0
s9_atr1p5-r2,8,2,eve,2685,-77870.0,-3.4748,0.7979,0.2905,6220.0
s9_atr1p5-r2,8,2,asia,2696,-48694.0,-3.3535,0.8505,0.3075,920.0
s9_atr1p5-r2,8,2,london,2770,-63920.0,-3.232,0.8646,0.3108,1230.0
s9_atr1p5-r2,8,2,pre,1914,-39786.0,-1.7786,0.9108,0.3271,1310.0
s9_atr1p5-r2,8,2,nyam,2059,-31736.0,-1.1136,0.9445,0.339,1510.0
s9_atr1p5-r2,8,2,mid,1759,-63316.0,-2.8288,0.8508,0.3616,1500.0
s9_atr1p5-r2,8,2,pm,1813,-42252.0,-2.9693,0.8357,0.39,1370.0
s9_atr1p5-r3,8,3,all,14723,-360922.0,-5.7882,0.8757,0.2687,6220.0
s9_atr1p5-r3,8,3,eve,2603,-60752.0,-2.3292,0.853,0.2194,6220.0
s9_atr1p5-r3,8,3,asia,2528,-54022.0,-3.1724,0.8428,0.2271,980.0
s9_atr1p5-r3,8,3,london,2657,-95538.0,-4.2169,0.8126,0.2258,1170.0
s9_atr1p5-r3,8,3,pre,1779,-32556.0,-1.2596,0.9281,0.2518,1310.0
s9_atr1p5-r3,8,3,nyam,1851,-11104.0,-0.355,0.9793,0.2998,1510.0
s9_atr1p5-r3,8,3,mid,1623,-58512.0,-2.4937,0.854,0.3518,1560.0
s9_atr1p5-r3,8,3,pm,1682,-48438.0,-3.3594,0.8048,0.3787,1370.0
s9_atr3-r0,8,4,all,9836,-214584.0,-2.1552,0.9336,0.2784,7320.0
s9_atr3-r0,8,4,eve,1747,-41118.0,-0.8247,0.9304,0.1454,7320.0
s9_atr3-r0,8,4,asia,1656,-6744.0,-0.1593,0.9856,0.1359,1850.0
s9_atr3-r0,8,4,london,1733,-89832.0,-2.044,0.8605,0.1916,2330.0
s9_atr3-r0,8,4,pre,1198,-402.0,-0.0107,0.9992,0.318,3250.0
s9_atr3-r0,8,4,nyam,1232,-22158.0,-0.6203,0.9554,0.4156,2720.0
s9_atr3-r0,8,4,mid,1093,-14302.0,-0.5288,0.9561,0.4748,2830.0
s9_atr3-r0,8,4,pm,1177,-40028.0,-2.3748,0.8192,0.4376,2730.0
s9_atr3-r1,8,5,all,12998,-376142.0,-5.5717,0.8857,0.4716,7320.0
s9_atr3-r1,8,5,eve,2467,-84308.0,-2.9801,0.8414,0.4653,7320.0
s9_atr3-r1,8,5,asia,2374,-95776.0,-4.8321,0.7891,0.4575,1850.0
s9_atr3-r1,8,5,london,2516,-58434.0,-2.1781,0.9074,0.4718,2180.0
s9_atr3-r1,8,5,pre,1472,-39138.0,-1.4405,0.9207,0.4885,3250.0
s9_atr3-r1,8,5,nyam,1567,-33878.0,-1.0354,0.9419,0.4805,2720.0
s9_atr3-r1,8,5,mid,1262,-25588.0,-1.0535,0.9291,0.4952,2830.0
s9_atr3-r1,8,5,pm,1340,-39020.0,-2.4811,0.8355,0.4567,2730.0
s9_atr3-r2,8,6,all,10995,-272120.0,-3.4544,0.9178,0.3633,7320.0
s9_atr3-r2,8,6,eve,2103,-57182.0,-1.6224,0.9032,0.3181,7320.0
s9_atr3-r2,8,6,asia,1936,-75974.0,-3.0835,0.8381,0.3042,1850.0
s9_atr3-r2,8,6,london,2067,-56118.0,-1.6693,0.9166,0.3169,2330.0
s9_atr3-r2,8,6,pre,1266,4126.0,0.1261,1.0084,0.3665,3250.0
s9_atr3-r2,8,6,nyam,1297,-14118.0,-0.4031,0.9728,0.4256,2720.0
s9_atr3-r2,8,6,mid,1119,-32046.0,-1.2478,0.9058,0.4727,2830.0
s9_atr3-r2,8,6,pm,1207,-40808.0,-2.4814,0.8199,0.4449,2730.0
s9_atr3-r3,8,7,all,10284,-235876.0,-2.7779,0.9277,0.3238,7320.0
s9_atr3-r3,8,7,eve,1909,-65336.0,-1.6994,0.8901,0.2499,7320.0
s9_atr3-r3,8,7,asia,1766,-44714.0,-1.5609,0.903,0.2373,2220.0
s9_atr3-r3,8,7,london,1856,-67414.0,-1.8257,0.8976,0.2478,2330.0
s9_atr3-r3,8,7,pre,1220,12110.0,0.3373,1.0246,0.3328,3250.0
s9_atr3-r3,8,7,nyam,1246,-19644.0,-0.5525,0.9609,0.4165,2720.0
s9_atr3-r3,8,7,mid,1100,-15360.0,-0.5745,0.9534,0.4755,2830.0
s9_atr3-r3,8,7,pm,1187,-35518.0,-2.1156,0.84,0.4431,2730.0
s9_pts2-r0,8,8,all,14027,-347078.0,-4.5591,0.8624,0.1487,910.0
s9_pts2-r0,8,8,eve,2066,-20284.0,-0.5297,0.9498,0.0871,250.0
s9_pts2-r0,8,8,asia,1873,-3812.0,-0.1082,0.9895,0.0934,230.0
s9_pts2-r0,8,8,london,2227,-96648.0,-3.0683,0.7773,0.0898,230.0
s9_pts2-r0,8,8,pre,1910,-57730.0,-2.1317,0.84,0.1178,320.0
s9_pts2-r0,8,8,nyam,2117,-23428.0,-0.8663,0.9381,0.162,260.0
s9_pts2-r0,8,8,mid,2057,-83358.0,-4.0564,0.7573,0.2081,240.0
s9_pts2-r0,8,8,pm,1777,-61818.0,-4.2915,0.7403,0.3011,910.0
s9_pts2-r1,8,9,all,18638,-516022.0,-18.6775,0.7597,0.4532,910.0
s9_pts2-r1,8,9,eve,2745,-70080.0,-6.5391,0.7794,0.4601,250.0
s9_pts2-r1,8,9,asia,2604,-75006.0,-7.1975,0.7546,0.452,320.0
s9_pts2-r1,8,9,london,2795,-83160.0,-7.7057,0.7476,0.4497,230.0
s9_pts2-r1,8,9,pre,2607,-66948.0,-6.4077,0.7783,0.4599,320.0
s9_pts2-r1,8,9,nyam,2775,-76980.0,-7.1497,0.7627,0.4548,270.0
s9_pts2-r1,8,9,mid,2722,-76258.0,-7.1794,0.7594,0.4522,220.0
s9_pts2-r1,8,9,pm,2390,-67590.0,-7.3019,0.7312,0.4423,910.0
s9_pts2-r2,8,10,all,17150,-473390.0,-13.1114,0.8096,0.3135,910.0
s9_pts2-r2,8,10,eve,2548,-58422.0,-4.0866,0.8441,0.3136,250.0
s9_pts2-r2,8,10,asia,2297,-63638.0,-4.7227,0.8137,0.3056,220.0
s9_pts2-r2,8,10,london,2722,-84608.0,-5.797,0.7927,0.3001,230.0
s9_pts2-r2,8,10,pre,2340,-55550.0,-4.0579,0.839,0.3124,320.0
s9_pts2-r2,8,10,nyam,2664,-60606.0,-4.149,0.8451,0.3146,270.0
s9_pts2-r2,8,10,mid,2529,-81366.0,-5.9272,0.7802,0.3072,240.0
s9_pts2-r2,8,10,pm,2050,-69200.0,-6.4382,0.729,0.3473,910.0
s9_pts2-r3,8,11,all,16021,-441984.0,-10.5738,0.8265,0.2477,910.0
s9_pts2-r3,8,11,eve,2371,-71374.0,-4.3152,0.8182,0.2273,250.0
s9_pts2-r3,8,11,asia,2091,-68314.0,-4.4231,0.8033,0.2243,220.0
s9_pts2-r3,8,11,london,2605,-74470.0,-4.2834,0.8269,0.2292,230.0
s9_pts2-r3,8,11,pre,2167,-51318.0,-3.2094,0.8554,0.2363,320.0
s9_pts2-r3,8,11,nyam,2526,-45604.0,-2.6346,0.8879,0.2466,300.0
s9_pts2-r3,8,11,mid,2346,-66894.0,-4.2756,0.818,0.2592,240.0
s9_pts2-r3,8,11,pm,1915,-64010.0,-5.5501,0.7412,0.3238,910.0
s9_pts3-r0,8,12,all,12059,-219926.0,-2.5898,0.9243,0.2083,910.0
s9_pts3-r0,8,12,eve,1758,17738.0,0.4266,1.0375,0.1445,340.0
s9_pts3-r0,8,12,asia,1575,-11320.0,-0.3004,0.9734,0.139,320.0
s9_pts3-r0,8,12,london,1986,-84424.0,-2.2695,0.8426,0.137,320.0
s9_pts3-r0,8,12,pre,1624,-7906.0,-0.251,0.9809,0.1853,430.0
s9_pts3-r0,8,12,nyam,1869,-29566.0,-0.984,0.9345,0.2188,340.0
s9_pts3-r0,8,12,mid,1758,-70932.0,-3.0834,0.8115,0.2861,750.0
s9_pts3-r0,8,12,pm,1489,-33516.0,-2.1044,0.8551,0.3721,910.0
s9_pts3-r1,8,13,all,16647,-454668.0,-11.8038,0.8311,0.4674,910.0
s9_pts3-r1,8,13,eve,2474,-29466.0,-1.9407,0.9249,0.4956,350.0
s9_pts3-r1,8,13,asia,2193,-55672.0,-3.901,0.8466,0.4733,320.0
s9_pts3-r1,8,13,london,2689,-98116.0,-6.2246,0.7869,0.4552,330.0
s9_pts3-r1,8,13,pre,2267,-63968.0,-4.4089,0.831,0.4689,430.0
s9_pts3-r1,8,13,nyam,2621,-79344.0,-5.101,0.8193,0.4647,340.0
s9_pts3-r1,8,13,mid,2442,-69568.0,-4.7356,0.8236,0.4644,320.0
s9_pts3-r1,8,13,pm,1961,-58534.0,-5.086,0.7781,0.4472,910.0
s9_pts3-r2,8,14,all,14348,-376232.0,-7.7176,0.8712,0.3313,910.0
s9_pts3-r2,8,14,eve,2105,-32350.0,-1.6491,0.9272,0.3287,350.0
s9_pts3-r2,8,14,asia,1801,-62714.0,-3.5213,0.84,0.3071,320.0
s9_pts3-r2,8,14,london,2444,-75816.0,-3.6391,0.8566,0.311,490.0
s9_pts3-r2,8,14,pre,1921,-34184.0,-1.8315,0.9158,0.3274,430.0
s9_pts3-r2,8,14,nyam,2336,-60684.0,-3.0072,0.8767,0.3215,340.0
s9_pts3-r2,8,14,mid,2086,-64374.0,-3.6063,0.8433,0.3447,750.0
s9_pts3-r2,8,14,pm,1655,-46110.0,-3.5719,0.8138,0.3927,910.0
s9_pts3-r3,8,15,all,13252,-331978.0,-5.9484,0.8871,0.2721,910.0
s9_pts3-r3,8,15,eve,1941,-27654.0,-1.2021,0.9396,0.2488,350.0
s9_pts3-r3,8,15,asia,1675,-51530.0,-2.4608,0.8718,0.2352,320.0
s9_pts3-r3,8,15,london,2266,-92864.0,-3.8673,0.831,0.2273,330.0
s9_pts3-r3,8,15,pre,1772,-20218.0,-0.9272,0.951,0.2579,430.0
s9_pts3-r3,8,15,nyam,2122,-42938.0,-1.8653,0.9113,0.2639,340.0
s9_pts3-r3,8,15,mid,1921,-59694.0,-3.0769,0.8495,0.3108,750.0
s9_pts3-r3,8,15,pm,1555,-37080.0,-2.7,0.8439,0.3859,910.0
s9_pts5-r0,8,16,all,9629,-134866.0,-1.3924,0.9584,0.2939,910.0
s9_pts5-r0,8,16,eve,1432,37552.0,0.7521,1.0656,0.2165,560.0
s9_pts5-r0,8,16,asia,1260,26690.0,0.6066,1.0541,0.2254,570.0
s9_pts5-r0,8,16,london,1585,-83630.0,-1.9569,0.8665,0.2208,780.0
s9_pts5-r0,8,16,pre,1280,4790.0,0.14,1.0105,0.2883,540.0
s9_pts5-r0,8,16,nyam,1490,-5410.0,-0.1664,0.9888,0.3362,840.0
s9_pts5-r0,8,16,mid,1379,-67346.0,-2.6744,0.825,0.3691,750.0
s9_pts5-r0,8,16,pm,1203,-47512.0,-2.94,0.7909,0.4214,910.0
s9_pts5-r1,8,17,all,12748,-322942.0,-5.9298,0.8978,0.4825,910.0
s9_pts5-r1,8,17,eve,1905,-32910.0,-1.4931,0.9338,0.4924,560.0
s9_pts5-r1,8,17,asia,1576,-24924.0,-1.243,0.9393,0.4937,530.0
s9_pts5-r1,8,17,london,2203,-84822.0,-3.5881,0.8582,0.4707,550.0
s9_pts5-r1,8,17,pre,1691,-5504.0,-0.2661,0.9871,0.5056,540.0
s9_pts5-r1,8,17,nyam,2124,-78156.0,-3.4349,0.86,0.475,840.0
s9_pts5-r1,8,17,mid,1834,-53996.0,-2.742,0.8739,0.4776,750.0
s9_pts5-r1,8,17,pm,1415,-42630.0,-3.1319,0.8227,0.465,910.0
s9_pts5-r2,8,18,all,10674,-242236.0,-3.6311,0.9256,0.3612,910.0
s9_pts5-r2,8,18,eve,1599,-19886.0,-0.7037,0.9634,0.3358,560.0
s9_pts5-r2,8,18,asia,1344,-21906.0,-0.852,0.9519,0.3356,520.0
s9_pts5-r2,8,18,london,1829,-66286.0,-2.239,0.8949,0.3242,550.0
s9_pts5-r2,8,18,pre,1407,-17258.0,-0.6704,0.9625,0.3504,540.0
s9_pts5-r2,8,18,nyam,1722,-23488.0,-0.864,0.9558,0.3711,840.0
s9_pts5-r2,8,18,mid,1513,-48362.0,-2.1739,0.8802,0.3939,750.0
s9_pts5-r2,8,18,pm,1260,-45050.0,-3.0455,0.8066,0.4333,910.0
s9_pts5-r3,8,19,all,10050,-254970.0,-3.422,0.922,0.3186,910.0
s9_pts5-r3,8,19,eve,1515,-13930.0,-0.4218,0.9754,0.268,560.0
s9_pts5-r3,8,19,asia,1295,-22700.0,-0.7571,0.9527,0.2695,520.0
s9_pts5-r3,8,19,london,1668,-87142.0,-2.658,0.8612,0.2602,780.0
s9_pts5-r3,8,19,pre,1338,268.0,0.0091,1.0006,0.3094,540.0
s9_pts5-r3,8,19,nyam,1587,-20148.0,-0.685,0.9605,0.3415,840.0
s9_pts5-r3,8,19,mid,1427,-66108.0,-2.8792,0.8325,0.3756,750.0
s9_pts5-r3,8,19,pm,1220,-45210.0,-2.9527,0.8019,0.427,910.0
s9_pts7-r0,8,20,all,8381,-51274.0,-0.5064,0.9846,0.3584,910.0
s9_pts7-r0,8,20,eve,1238,51368.0,0.9868,1.0836,0.2908,730.0
s9_pts7-r0,8,20,asia,1108,15408.0,0.3378,1.0286,0.2906,720.0
s9_pts7-r0,8,20,london,1369,-41046.0,-0.9084,0.9366,0.3134,720.0
s9_pts7-r0,8,20,pre,1150,-27460.0,-0.7664,0.9449,0.3452,750.0
s9_pts7-r0,8,20,nyam,1271,-5284.0,-0.1558,0.989,0.3973,730.0
s9_pts7-r0,8,20,mid,1164,-17946.0,-0.6784,0.9476,0.4407,750.0
s9_pts7-r0,8,20,pm,1081,-26314.0,-1.5507,0.8733,0.4422,910.0
s9_pts7-r1,8,21,all,10311,-229344.0,-3.4861,0.9305,0.4865,910.0
s9_pts7-r1,8,21,eve,1522,-34658.0,-1.2645,0.9371,0.4908,730.0
s9_pts7-r1,8,21,asia,1268,-54442.0,-2.187,0.884,0.4748,710.0
s9_pts7-r1,8,21,london,1801,-33644.0,-1.1389,0.9474,0.4936,740.0
s9_pts7-r1,8,21,pre,1377,-24738.0,-0.9716,0.9482,0.4938,750.0
s9_pts7-r1,8,21,nyam,1699,-48266.0,-1.774,0.9145,0.482,720.0
s9_pts7-r1,8,21,mid,1432,-8738.0,-0.4011,0.9768,0.5035,750.0
s9_pts7-r1,8,21,pm,1212,-24858.0,-1.6658,0.8875,0.4604,910.0
s9_pts7-r2,8,22,all,8867,-144118.0,-1.8215,0.957,0.3919,910.0
s9_pts7-r2,8,22,eve,1335,-6190.0,-0.176,0.9898,0.3566,730.0
s9_pts7-r2,8,22,asia,1142,-32538.0,-1.0189,0.9373,0.345,720.0
s9_pts7-r2,8,22,london,1470,-35260.0,-0.9951,0.9455,0.3646,720.0
s9_pts7-r2,8,22,pre,1207,-15138.0,-0.4882,0.9696,0.3803,750.0
s9_pts7-r2,8,22,nyam,1378,-16682.0,-0.5403,0.9677,0.4064,730.0
s9_pts7-r2,8,22,mid,1225,-12300.0,-0.511,0.9655,0.4514,750.0
s9_pts7-r2,8,22,pm,1110,-26010.0,-1.6239,0.8771,0.4477,910.0
s9_pts7-r3,8,23,all,8585,-100650.0,-1.1486,0.9701,0.3681,910.0
s9_pts7-r3,8,23,eve,1287,28182.0,0.6907,1.0457,0.317,730.0
s9_pts7-r3,8,23,asia,1121,-38414.0,-1.0669,0.9285,0.3042,720.0
s9_pts7-r3,8,23,london,1412,-42148.0,-1.0755,0.9355,0.3279,720.0
s9_pts7-r3,8,23,pre,1176,-15164.0,-0.441,0.9701,0.3503,750.0
s9_pts7-r3,8,23,nyam,1315,1080.0,0.0327,1.0022,0.3992,730.0
s9_pts7-r3,8,23,mid,1182,-16618.0,-0.6643,0.9523,0.4416,750.0
s9_pts7-r3,8,23,pm,1092,-17568.0,-1.0352,0.9154,0.4478,910.0
s9_pct0p1-r0,8,24,all,13792,-290568.0,-3.5879,0.8907,0.1586,910.0
s9_pct0p1-r0,8,24,eve,2043,3618.0,0.087,1.0084,0.0935,370.0
s9_pct0p1-r0,8,24,asia,1833,-17782.0,-0.4887,0.954,0.0949,350.0
s9_pct0p1-r0,8,24,london,2221,-83394.0,-2.4127,0.8207,0.0968,350.0
s9_pct0p1-r0,8,24,pre,1875,-53950.0,-1.9176,0.8576,0.1248,360.0
s9_pct0p1-r0,8,24,nyam,2077,-8978.0,-0.3132,0.9774,0.1733,360.0
s9_pct0p1-r0,8,24,mid,2018,-82012.0,-3.7904,0.7742,0.222,590.0
s9_pct0p1-r0,8,24,pm,1725,-48070.0,-3.1792,0.7979,0.3275,910.0
s9_pct0p1-r1,8,25,all,18683,-496102.0,-16.1656,0.7845,0.4578,370.0
s9_pct0p1-r1,8,25,eve,2760,-58320.0,-4.8912,0.8269,0.4707,370.0
s9_pct0p1-r1,8,25,asia,2624,-71196.0,-6.1109,0.784,0.4566,350.0
s9_pct0p1-r1,8,25,london,2798,-88622.0,-7.4239,0.7513,0.4489,350.0
s9_pct0p1-r1,8,25,pre,2599,-64526.0,-5.5798,0.7999,0.4621,360.0
s9_pct0p1-r1,8,25,nyam,2779,-80196.0,-6.7265,0.771,0.4534,360.0
s9_pct0p1-r1,8,25,mid,2744,-77056.0,-6.512,0.7757,0.4574,350.0
s9_pct0p1-r1,8,25,pm,2379,-56186.0,-5.4676,0.7861,0.4557,360.0
s9_pct0p1-r2,8,26,all,16986,-417314.0,-10.3584,0.8421,0.3197,910.0
s9_pct0p1-r2,8,26,eve,2557,-63588.0,-3.9842,0.8448,0.3125,370.0
s9_pct0p1-r2,8,26,asia,2240,-56690.0,-3.7781,0.8426,0.3098,350.0
s9_pct0p1-r2,8,26,london,2731,-87944.0,-5.4177,0.8011,0.3003,490.0
s9_pct0p1-r2,8,26,pre,2285,-53300.0,-3.5475,0.8532,0.3142,360.0
s9_pct0p1-r2,8,26,nyam,2668,-41522.0,-2.5254,0.9003,0.3238,360.0
s9_pct0p1-r2,8,26,mid,2507,-72928.0,-4.7329,0.8156,0.3139,350.0
s9_pct0p1-r2,8,26,pm,1998,-41342.0,-3.4178,0.8381,0.3749,910.0
s9_pct0p1-r3,8,27,all,15782,-360948.0,-7.6998,0.8662,0.2543,910.0
s9_pct0p1-r3,8,27,eve,2378,-38312.0,-2.0079,0.9086,0.2435,370.0
s9_pct0p1-r3,8,27,asia,2027,-73208.0,-4.2932,0.8017,0.223,350.0
s9_pct0p1-r3,8,27,london,2615,-75760.0,-3.903,0.8378,0.2294,350.0
s9_pct0p1-r3,8,27,pre,2113,-32992.0,-1.8525,0.9106,0.2447,360.0
s9_pct0p1-r3,8,27,nyam,2496,-38714.0,-2.0012,0.9108,0.2468,360.0
s9_pct0p1-r3,8,27,mid,2310,-63770.0,-3.6499,0.8379,0.2615,350.0
s9_pct0p1-r3,8,27,pm,1843,-38192.0,-2.9364,0.8445,0.3505,910.0
s9_pct0p2-r0,8,28,all,10293,-163292.0,-1.7183,0.9492,0.27,910.0
s9_pct0p2-r0,8,28,eve,1546,34176.0,0.6983,1.0602,0.1947,700.0
s9_pct0p2-r0,8,28,asia,1342,15862.0,0.3716,1.0329,0.199,700.0
s9_pct0p2-r0,8,28,london,1713,-87432.0,-2.0768,0.8597,0.1932,700.0
s9_pct0p2-r0,8,28,pre,1373,-8472.0,-0.2524,0.9813,0.252,690.0
s9_pct0p2-r0,8,28,nyam,1597,-32258.0,-1.0118,0.934,0.2937,690.0
s9_pct0p2-r0,8,28,mid,1468,-55942.0,-2.2211,0.8542,0.3604,750.0
s9_pct0p2-r0,8,28,pm,1254,-29226.0,-1.802,0.8654,0.4274,910.0
s9_pct0p2-r1,8,29,all,14134,-352296.0,-6.7504,0.8882,0.4796,910.0
s9_pct0p2-r1,8,29,eve,2152,-46298.0,-2.1802,0.9083,0.4893,700.0
s9_pct0p2-r1,8,29,asia,1758,-49262.0,-2.558,0.8826,0.479,690.0
s9_pct0p2-r1,8,29,london,2457,-66818.0,-2.9803,0.8843,0.4803,700.0
s9_pct0p2-r1,8,29,pre,1852,-27248.0,-1.407,0.9353,0.4919,700.0
s9_pct0p2-r1,8,29,nyam,2329,-80846.0,-3.7463,0.8528,0.4702,690.0
s9_pct0p2-r1,8,29,mid,2046,-53674.0,-2.7603,0.8785,0.4756,690.0
s9_pct0p2-r1,8,29,pm,1540,-28150.0,-2.0924,0.8812,0.4708,910.0
s9_pct0p2-r2,8,30,all,11637,-322158.0,-5.0179,0.9014,0.3464,910.0
s9_pct0p2-r2,8,30,eve,1745,-31720.0,-1.1677,0.9412,0.3255,700.0
s9_pct0p2-r2,8,30,asia,1433,-26902.0,-1.1028,0.9388,0.3252,700.0
s9_pct0p2-r2,8,30,london,2057,-100958.0,-3.5717,0.8436,0.3053,700.0
s9_pct0p2-r2,8,30,pre,1528,-9982.0,-0.4062,0.9777,0.341,690.0
s9_pct0p2-r2,8,30,nyam,1906,-57344.0,-2.1642,0.8967,0.3368,690.0
s9_pct0p2-r2,8,30,mid,1645,-59390.0,-2.7207,0.8569,0.3818,750.0
s9_pct0p2-r2,8,30,pm,1323,-35862.0,-2.4889,0.8405,0.4369,910.0
s9_pct0p2-r3,8,31,all,10825,-273700.0,-3.7791,0.9159,0.3007,910.0
s9_pct0p2-r3,8,31,eve,1635,-6650.0,-0.2073,0.988,0.2599,700.0
s9_pct0p2-r3,8,31,asia,1370,-40860.0,-1.4346,0.9125,0.2453,700.0
s9_pct0p2-r3,8,31,london,1843,-70792.0,-2.1887,0.887,0.2463,700.0
s9_pct0p2-r3,8,31,pre,1444,-23166.0,-0.8279,0.9499,0.2763,690.0
s9_pct0p2-r3,8,31,nyam,1728,-44152.0,-1.5322,0.9162,0.3038,690.0
s9_pct0p2-r3,8,31,mid,1527,-57598.0,-2.5312,0.8545,0.368,750.0
s9_pct0p2-r3,8,31,pm,1278,-30482.0,-2.0127,0.8611,0.4335,910.0
s10_atr1p5-r0,9,0,all,13226,-260144.0,-2.986,0.9079,0.1819,6220.0
s10_atr1p5-r0,9,0,eve,2207,-11348.0,-0.271,0.9716,0.0698,6220.0
s10_atr1p5-r0,9,0,asia,2199,1894.0,0.0517,1.0055,0.0705,840.0
s10_atr1p5-r0,9,0,london,2218,-54742.0,-1.4239,0.8861,0.0996,1200.0
s10_atr1p5-r0,9,0,pre,1682,-88638.0,-2.781,0.8083,0.1635,1020.0
s10_atr1p5-r0,9,0,nyam,1717,-26588.0,-0.795,0.9474,0.2685,1170.0
s10_atr1p5-r0,9,0,mid,1552,-32838.0,-1.3152,0.913,0.3557,1460.0
s10_atr1p5-r0,9,0,pm,1651,-47884.0,-2.9713,0.8091,0.3561,1420.0
s10_atr1p5-r1,9,1,all,17734,-405586.0,-9.1198,0.8466,0.4592,6220.0
s10_atr1p5-r1,9,1,eve,2751,-68534.0,-4.0722,0.7744,0.4315,6220.0
s10_atr1p5-r1,9,1,asia,2792,-58798.0,-5.7944,0.7721,0.4463,920.0
s10_atr1p5-r1,9,1,london,2809,-74746.0,-5.2416,0.801,0.4617,1140.0
s10_atr1p5-r1,9,1,pre,2317,-72418.0,-4.1194,0.8305,0.4635,1650.0
s10_atr1p5-r1,9,1,nyam,2468,-44612.0,-1.9655,0.918,0.4793,1340.0
s10_atr1p5-r1,9,1,mid,2270,-15970.0,-0.8023,0.9633,0.4969,1630.0
s10_atr1p5-r1,9,1,pm,2327,-70508.0,-5.4475,0.7652,0.4418,1520.0
s10_atr1p5-r2,9,2,all,15745,-415180.0,-7.5002,0.8567,0.3216,6220.0
s10_atr1p5-r2,9,2,eve,2670,-55890.0,-2.5582,0.8499,0.3022,6220.0
s10_atr1p5-r2,9,2,asia,2684,-71046.0,-5.118,0.7836,0.291,920.0
s10_atr1p5-r2,9,2,london,2771,-68794.0,-3.4749,0.8546,0.3071,1140.0
s10_atr1p5-r2,9,2,pre,1929,-85636.0,-3.9009,0.8154,0.2991,1650.0
s10_atr1p5-r2,9,2,nyam,2059,-39646.0,-1.3993,0.9309,0.3361,1510.0
s10_atr1p5-r2,9,2,mid,1758,-23052.0,-1.0123,0.9435,0.38,1460.0
s10_atr1p5-r2,9,2,pm,1874,-71116.0,-5.0416,0.7437,0.3666,1420.0
s10_atr1p5-r3,9,3,all,14763,-400012.0,-6.5092,0.8626,0.2657,6220.0
s10_atr1p5-r3,9,3,eve,2577,-31778.0,-1.2461,0.9202,0.2332,6220.0
s10_atr1p5-r3,9,3,asia,2545,-67050.0,-4.1039,0.8063,0.2248,960.0
s10_atr1p5-r3,9,3,london,2637,-93058.0,-4.0892,0.816,0.223,1200.0
s10_atr1p5-r3,9,3,pre,1792,-78308.0,-3.1041,0.8318,0.2271,1020.0
s10_atr1p5-r3,9,3,nyam,1876,-37194.0,-1.2133,0.932,0.2921,1410.0
s10_atr1p5-r3,9,3,mid,1608,-32042.0,-1.361,0.9172,0.3626,1460.0
s10_atr1p5-r3,9,3,pm,1728,-60582.0,-4.1701,0.7675,0.3611,1420.0
s10_atr3-r0,9,4,all,9886,-210224.0,-2.1129,0.9351,0.2768,7320.0
s10_atr3-r0,9,4,eve,1745,16640.0,0.3309,1.0298,0.1564,7320.0
s10_atr3-r0,9,4,asia,1672,12592.0,0.2982,1.0272,0.1417,1680.0
s10_atr3-r0,9,4,london,1737,-59758.0,-1.3149,0.9077,0.1957,2390.0
s10_atr3-r0,9,4,pre,1236,-85684.0,-2.3703,0.8381,0.2977,2030.0
s10_atr3-r0,9,4,nyam,1241,-14374.0,-0.4021,0.9707,0.4174,2550.0
s10_atr3-r0,9,4,mid,1111,-41474.0,-1.6238,0.8772,0.4572,2820.0
s10_atr3-r0,9,4,pm,1144,-38166.0,-2.2669,0.8218,0.4301,2730.0
s10_atr3-r1,9,5,all,12966,-441024.0,-6.5597,0.8664,0.468,7320.0
s10_atr3-r1,9,5,eve,2458,-73352.0,-2.5338,0.8601,0.4658,7320.0
s10_atr3-r1,9,5,asia,2354,-50876.0,-2.6488,0.8791,0.4703,1840.0
s10_atr3-r1,9,5,london,2527,-90878.0,-3.3814,0.8604,0.467,2270.0
s10_atr3-r1,9,5,pre,1480,-107920.0,-3.9682,0.7969,0.4581,3310.0
s10_atr3-r1,9,5,nyam,1549,-41456.0,-1.2896,0.9277,0.4803,3020.0
s10_atr3-r1,9,5,mid,1267,-26388.0,-1.1014,0.9269,0.4878,2820.0
s10_atr3-r1,9,5,pm,1331,-50154.0,-3.2163,0.7895,0.4478,2730.0
s10_atr3-r2,9,6,all,10994,-314746.0,-4.0023,0.905,0.3617,7320.0
s10_atr3-r2,9,6,eve,2084,-31476.0,-0.8688,0.9448,0.3201,7320.0
s10_atr3-r2,9,6,asia,1950,-31020.0,-1.2792,0.9308,0.3282,1840.0
s10_atr3-r2,9,6,london,2081,-92974.0,-2.7717,0.8661,0.3114,2390.0
s10_atr3-r2,9,6,pre,1284,-57786.0,-1.7809,0.8901,0.3466,2030.0
s10_atr3-r2,9,6,nyam,1301,-8934.0,-0.2524,0.9826,0.4251,2550.0
s10_atr3-r2,9,6,mid,1120,-51770.0,-2.1273,0.8475,0.4589,2820.0
s10_atr3-r2,9,6,pm,1174,-40786.0,-2.5228,0.8147,0.4344,2730.0
s10_atr3-r3,9,7,all,10350,-299910.0,-3.5452,0.9086,0.3182,7320.0
s10_atr3-r3,9,7,eve,1915,-3290.0,-0.0831,0.9942,0.2533,7320.0
s10_atr3-r3,9,7,asia,1777,-41378.0,-1.484,0.9091,0.242,2010.0
s10_atr3-r3,9,7,london,1881,-97654.0,-2.6076,0.8573,0.2403,2390.0
s10_atr3-r3,9,7,pre,1249,-63106.0,-1.7855,0.8803,0.3106,2030.0
s10_atr3-r3,9,7,nyam,1256,-5354.0,-0.1506,0.9892,0.422,2550.0
s10_atr3-r3,9,7,mid,1113,-47692.0,-1.9097,0.8588,0.4582,2820.0
s10_atr3-r3,9,7,pm,1159,-41436.0,-2.5111,0.811,0.4297,2730.0
s10_pts2-r0,9,8,all,14104,-352186.0,-4.6466,0.8613,0.1484,940.0
s10_pts2-r0,9,8,eve,2084,-24616.0,-0.6437,0.9396,0.0878,230.0
s10_pts2-r0,9,8,asia,1860,-15080.0,-0.4537,0.958,0.0978,240.0
s10_pts2-r0,9,8,london,2236,-48174.0,-1.3818,0.8884,0.0984,230.0
s10_pts2-r0,9,8,pre,1948,-110312.0,-4.4481,0.7052,0.1032,270.0
s10_pts2-r0,9,8,nyam,2142,-42438.0,-1.5937,0.8906,0.1494,220.0
s10_pts2-r0,9,8,mid,2043,-62892.0,-3.0274,0.8145,0.2129,660.0
s10_pts2-r0,9,8,pm,1791,-48674.0,-3.3901,0.7967,0.3082,940.0
s10_pts2-r1,9,9,all,18653,-422022.0,-15.2348,0.7991,0.466,940.0
s10_pts2-r1,9,9,eve,2744,-69466.0,-6.4824,0.781,0.4606,230.0
s10_pts2-r1,9,9,asia,2602,-39728.0,-3.7979,0.8616,0.485,220.0
s10_pts2-r1,9,9,london,2798,-60452.0,-5.5802,0.8099,0.4696,230.0
s10_pts2-r1,9,9,pre,2580,-68910.0,-6.6336,0.7704,0.4574,270.0
s10_pts2-r1,9,9,nyam,2788,-50472.0,-4.6635,0.8381,0.4781,220.0
s10_pts2-r1,9,9,mid,2721,-64644.0,-6.0736,0.7922,0.4634,220.0
s10_pts2-r1,9,9,pm,2420,-68350.0,-7.3151,0.7327,0.4459,940.0
s10_pts2-r2,9,10,all,17157,-411388.0,-11.3267,0.8331,0.3192,940.0
s10_pts2-r2,9,10,eve,2552,-64258.0,-4.5052,0.8298,0.31,230.0
s10_pts2-r2,9,10,asia,2264,-38316.0,-2.8206,0.8832,0.3233,220.0
s10_pts2-r2,9,10,london,2715,-68320.0,-4.646,0.8298,0.3098,230.0
s10_pts2-r2,9,10,pre,2342,-55548.0,-4.0571,0.8391,0.3126,270.0
s10_pts2-r2,9,10,nyam,2657,-46978.0,-3.2002,0.878,0.3222,250.0
s10_pts2-r2,9,10,mid,2531,-66224.0,-4.7772,0.8185,0.3185,220.0
s10_pts2-r2,9,10,pm,2096,-71744.0,-6.5541,0.7272,0.343,940.0
s10_pts2-r3,9,11,all,16060,-450840.0,-10.7754,0.8236,0.2469,940.0
s10_pts2-r3,9,11,eve,2394,-77286.0,-4.6686,0.8058,0.2247,230.0
s10_pts2-r3,9,11,asia,2066,-31014.0,-1.9552,0.9071,0.2459,220.0
s10_pts2-r3,9,11,london,2602,-73638.0,-4.2366,0.8285,0.2294,230.0
s10_pts2-r3,9,11,pre,2175,-86190.0,-5.5481,0.7641,0.2166,270.0
s10_pts2-r3,9,11,nyam,2519,-56556.0,-3.2994,0.8614,0.241,220.0
s10_pts2-r3,9,11,mid,2356,-61264.0,-3.8923,0.8327,0.264,660.0
s10_pts2-r3,9,11,pm,1948,-64892.0,-5.4905,0.7458,0.3198,940.0
s10_pts3-r0,9,12,all,12097,-348588.0,-4.1309,0.8815,0.2023,940.0
s10_pts3-r0,9,12,eve,1786,9946.0,0.2245,1.0204,0.1316,350.0
s10_pts3-r0,9,12,asia,1560,-32990.0,-0.9405,0.9217,0.1372,330.0
s10_pts3-r0,9,12,london,1972,-61598.0,-1.5872,0.8842,0.1389,340.0
s10_pts3-r0,9,12,pre,1655,-104660.0,-3.7073,0.759,0.1595,430.0
s10_pts3-r0,9,12,nyam,1867,-34258.0,-1.1418,0.9245,0.2153,330.0
s10_pts3-r0,9,12,mid,1755,-73850.0,-3.3295,0.8024,0.2889,660.0
s10_pts3-r0,9,12,pm,1502,-51178.0,-3.3614,0.7874,0.3668,940.0
s10_pts3-r1,9,13,all,16607,-406378.0,-10.5626,0.8471,0.4729,940.0
s10_pts3-r1,9,13,eve,2470,-61150.0,-4.036,0.8501,0.4745,350.0
s10_pts3-r1,9,13,asia,2169,-52366.0,-3.689,0.8535,0.4753,330.0
s10_pts3-r1,9,13,london,2683,-62082.0,-3.9311,0.8592,0.4771,340.0
s10_pts3-r1,9,13,pre,2248,-75262.0,-5.2141,0.8028,0.4604,430.0
s10_pts3-r1,9,13,nyam,2618,-53462.0,-3.4321,0.8743,0.4809,330.0
s10_pts3-r1,9,13,mid,2447,-39548.0,-2.6886,0.8955,0.4879,320.0
s10_pts3-r1,9,13,pm,1972,-62508.0,-5.4328,0.7649,0.4473,940.0
s10_pts3-r2,9,14,all,14340,-396110.0,-8.1344,0.8648,0.3303,940.0
s10_pts3-r2,9,14,eve,2136,-52594.0,-2.6824,0.8851,0.3184,350.0
s10_pts3-r2,9,14,asia,1779,-23546.0,-1.3036,0.937,0.3305,330.0
s10_pts3-r2,9,14,london,2432,-82638.0,-3.9885,0.8437,0.308,340.0
s10_pts3-r2,9,14,pre,1911,-73164.0,-4.0043,0.8248,0.3051,430.0
s10_pts3-r2,9,14,nyam,2324,-50986.0,-2.5216,0.8953,0.3266,690.0
s10_pts3-r2,9,14,mid,2086,-45534.0,-2.5329,0.8868,0.3571,660.0
s10_pts3-r2,9,14,pm,1672,-67648.0,-5.2618,0.7412,0.3786,940.0
s10_pts3-r3,9,15,all,13238,-410712.0,-7.4233,0.8612,0.2679,940.0
s10_pts3-r3,9,15,eve,1960,-44930.0,-1.9635,0.9038,0.2413,350.0
s10_pts3-r3,9,15,asia,1661,-29344.0,-1.3854,0.9253,0.2462,330.0
s10_pts3-r3,9,15,london,2254,-90366.0,-3.7759,0.8343,0.2294,340.0
s10_pts3-r3,9,15,pre,1773,-72042.0,-3.4327,0.8301,0.2363,430.0
s10_pts3-r3,9,15,nyam,2112,-46688.0,-2.0398,0.9033,0.2647,330.0
s10_pts3-r3,9,15,mid,1902,-59228.0,-3.0651,0.8492,0.3118,660.0
s10_pts3-r3,9,15,pm,1576,-68114.0,-5.0964,0.7314,0.3655,940.0
s10_pts5-r0,9,16,all,9676,-192614.0,-2.0185,0.941,0.2904,940.0
s10_pts5-r0,9,16,eve,1419,62864.0,1.2743,1.1117,0.222,520.0
s10_pts5-r0,9,16,asia,1251,3766.0,0.0911,1.0077,0.2262,540.0
s10_pts5-r0,9,16,london,1587,-54178.0,-1.2274,0.9133,0.2205,520.0
s10_pts5-r0,9,16,pre,1340,-70620.0,-2.1592,0.8569,0.2634,530.0
s10_pts5-r0,9,16,nyam,1512,-65788.0,-2.0203,0.8714,0.3075,520.0
s10_pts5-r0,9,16,mid,1376,-45244.0,-1.8292,0.8783,0.3859,660.0
s10_pts5-r0,9,16,pm,1191,-23414.0,-1.4303,0.8892,0.4307,940.0
s10_pts5-r1,9,17,all,12732,-334618.0,-6.1533,0.894,0.4811,940.0
s10_pts5-r1,9,17,eve,1890,-60030.0,-2.7362,0.8817,0.4778,530.0
s10_pts5-r1,9,17,asia,1552,-27938.0,-1.4041,0.9312,0.491,540.0
s10_pts5-r1,9,17,london,2226,-52914.0,-2.2241,0.91,0.4852,520.0
s10_pts5-r1,9,17,pre,1703,-59172.0,-2.8562,0.8704,0.4756,530.0
s10_pts5-r1,9,17,nyam,2111,-54344.0,-2.3956,0.8997,0.4827,690.0
s10_pts5-r1,9,17,mid,1835,-37070.0,-1.8801,0.9116,0.4899,660.0
s10_pts5-r1,9,17,pm,1415,-43150.0,-3.195,0.8183,0.4608,940.0
s10_pts5-r2,9,18,all,10713,-343562.0,-5.1758,0.8959,0.3548,940.0
s10_pts5-r2,9,18,eve,1599,-45316.0,-1.6138,0.9182,0.3246,520.0
s10_pts5-r2,9,18,asia,1324,-27206.0,-1.066,0.9397,0.3316,540.0
s10_pts5-r2,9,18,london,1845,-75950.0,-2.5586,0.8814,0.3192,520.0
s10_pts5-r2,9,18,pre,1439,-64526.0,-2.5346,0.8668,0.3301,530.0
s10_pts5-r2,9,18,nyam,1741,-61854.0,-2.2793,0.8883,0.3544,510.0
s10_pts5-r2,9,18,mid,1510,-35990.0,-1.6317,0.9088,0.4079,660.0
s10_pts5-r2,9,18,pm,1255,-32720.0,-2.2277,0.8529,0.4351,940.0
s10_pts5-r3,9,19,all,10107,-252438.0,-3.3741,0.9232,0.3172,940.0
s10_pts5-r3,9,19,eve,1505,-4180.0,-0.1261,0.9926,0.2711,520.0
s10_pts5-r3,9,19,asia,1278,-18132.0,-0.6069,0.9616,0.2715,540.0
s10_pts5-r3,9,19,london,1705,-50760.0,-1.5032,0.9197,0.2698,520.0
s10_pts5-r3,9,19,pre,1379,-43146.0,-1.479,0.9122,0.2908,530.0
s10_pts5-r3,9,19,nyam,1605,-61570.0,-2.0927,0.8848,0.3202,520.0
s10_pts5-r3,9,19,mid,1414,-51036.0,-2.2638,0.8658,0.3883,660.0
s10_pts5-r3,9,19,pm,1221,-23614.0,-1.5129,0.8908,0.4316,940.0
s10_pts7-r0,9,20,all,8392,-151068.0,-1.5073,0.955,0.3525,940.0
s10_pts7-r0,9,20,eve,1210,79250.0,1.4967,1.1328,0.2942,740.0
s10_pts7-r0,9,20,asia,1098,-2722.0,-0.0645,0.9949,0.3005,730.0
s10_pts7-r0,9,20,london,1356,-35654.0,-0.776,0.9451,0.3016,720.0
s10_pts7-r0,9,20,pre,1170,-90990.0,-2.5853,0.8269,0.3239,720.0
s10_pts7-r0,9,20,nyam,1293,-44782.0,-1.3216,0.9109,0.3836,720.0
s10_pts7-r0,9,20,mid,1187,-34678.0,-1.3357,0.9024,0.4313,720.0
s10_pts7-r0,9,20,pm,1078,-21492.0,-1.2836,0.8933,0.4416,940.0
s10_pts7-r1,9,21,all,10280,-254480.0,-3.875,0.9229,0.4836,940.0
s10_pts7-r1,9,21,eve,1517,-24348.0,-0.8893,0.9553,0.4944,740.0
s10_pts7-r1,9,21,asia,1251,2256.0,0.091,1.0052,0.5052,730.0
s10_pts7-r1,9,21,london,1796,-45504.0,-1.5445,0.9291,0.4878,760.0
s10_pts7-r1,9,21,pre,1373,-69952.0,-2.7601,0.8595,0.4712,720.0
s10_pts7-r1,9,21,nyam,1698,-47912.0,-1.766,0.9148,0.4835,720.0
s10_pts7-r1,9,21,mid,1438,-30192.0,-1.3742,0.9228,0.4868,720.0
s10_pts7-r1,9,21,pm,1207,-38828.0,-2.6187,0.8278,0.4515,940.0
s10_pts7-r2,9,22,all,8905,-232480.0,-2.9464,0.9316,0.3856,940.0
s10_pts7-r2,9,22,eve,1313,-1772.0,-0.0508,0.997,0.3595,740.0
s10_pts7-r2,9,22,asia,1125,-2810.0,-0.0878,0.9944,0.3582,730.0
s10_pts7-r2,9,22,london,1495,-53170.0,-1.4843,0.9205,0.3518,720.0
s10_pts7-r2,9,22,pre,1218,-70802.0,-2.3224,0.8642,0.3612,720.0
s10_pts7-r2,9,22,nyam,1397,-49018.0,-1.5933,0.9086,0.3958,720.0
s10_pts7-r2,9,22,mid,1238,-32122.0,-1.3494,0.9126,0.4386,720.0
s10_pts7-r2,9,22,pm,1119,-22786.0,-1.4113,0.892,0.4441,940.0
s10_pts7-r3,9,23,all,8594,-265336.0,-3.074,0.9222,0.3593,940.0
s10_pts7-r3,9,23,eve,1262,-5468.0,-0.138,0.991,0.3106,740.0
s10_pts7-r3,9,23,asia,1111,-7344.0,-0.2035,0.9859,0.3177,730.0
s10_pts7-r3,9,23,london,1409,-66056.0,-1.6822,0.901,0.3109,720.0
s10_pts7-r3,9,23,pre,1187,-84288.0,-2.5461,0.8406,0.3302,720.0
s10_pts7-r3,9,23,nyam,1331,-36614.0,-1.1167,0.9292,0.3854,720.0
s10_pts7-r3,9,23,mid,1204,-47436.0,-1.9576,0.8696,0.4294,720.0
s10_pts7-r3,9,23,pm,1090,-18130.0,-1.0866,0.9115,0.4431,940.0
s10_pct0p1-r0,9,24,all,13939,-344316.0,-4.2782,0.8725,0.1564,940.0
s10_pct0p1-r0,9,24,eve,2060,9380.0,0.2221,1.0216,0.0956,350.0
s10_pct0p1-r0,9,24,asia,1851,-38864.0,-1.1731,0.9002,0.1005,350.0
s10_pct0p1-r0,9,24,london,2215,-29510.0,-0.7874,0.9356,0.1065,350.0
s10_pct0p1-r0,9,24,pre,1919,-112656.0,-4.2458,0.7163,0.1084,360.0
s10_pct0p1-r0,9,24,nyam,2125,-47380.0,-1.6739,0.8855,0.1548,340.0
s10_pct0p1-r0,9,24,mid,2026,-77504.0,-3.6087,0.7871,0.2221,350.0
s10_pct0p1-r0,9,24,pm,1743,-47782.0,-3.1945,0.8047,0.3293,940.0
s10_pct0p1-r1,9,25,all,18675,-448620.0,-14.6095,0.8029,0.4647,940.0
s10_pct0p1-r1,9,25,eve,2756,-67204.0,-5.6443,0.803,0.4637,360.0
s10_pct0p1-r1,9,25,asia,2627,-53588.0,-4.5924,0.8328,0.4754,350.0
s10_pct0p1-r1,9,25,london,2799,-68216.0,-5.6969,0.8028,0.4637,350.0
s10_pct0p1-r1,9,25,pre,2574,-80396.0,-7.0002,0.7548,0.4507,360.0
s10_pct0p1-r1,9,25,nyam,2787,-52248.0,-4.3677,0.8446,0.479,350.0
s10_pct0p1-r1,9,25,mid,2738,-58142.0,-4.9065,0.8256,0.4704,350.0
s10_pct0p1-r1,9,25,pm,2394,-68826.0,-6.6786,0.7456,0.4474,940.0
s10_pct0p1-r2,9,26,all,17092,-456538.0,-11.3306,0.8291,0.3171,940.0
s10_pct0p1-r2,9,26,eve,2551,-58054.0,-3.623,0.8573,0.3132,360.0
s10_pct0p1-r2,9,26,asia,2262,-40548.0,-2.6655,0.8868,0.3232,360.0
s10_pct0p1-r2,9,26,london,2729,-79716.0,-4.8843,0.8184,0.3038,360.0
s10_pct0p1-r2,9,26,pre,2309,-53126.0,-3.5092,0.8553,0.3149,360.0
s10_pct0p1-r2,9,26,nyam,2661,-70174.0,-4.3438,0.8349,0.3085,350.0
s10_pct0p1-r2,9,26,mid,2527,-76828.0,-4.9787,0.8078,0.3142,350.0
s10_pct0p1-r2,9,26,pm,2053,-78092.0,-6.5852,0.7162,0.3502,940.0
s10_pct0p1-r3,9,27,all,15876,-427764.0,-9.1564,0.8434,0.2507,940.0
s10_pct0p1-r3,9,27,eve,2385,-42040.0,-2.2048,0.9003,0.2419,360.0
s10_pct0p1-r3,9,27,asia,2048,-38442.0,-2.18,0.8944,0.2437,350.0
s10_pct0p1-r3,9,27,london,2606,-69114.0,-3.5342,0.8511,0.2306,350.0
s10_pct0p1-r3,9,27,pre,2134,-88926.0,-5.1845,0.7709,0.2151,360.0
s10_pct0p1-r3,9,27,nyam,2502,-60188.0,-3.1595,0.8632,0.2382,360.0
s10_pct0p1-r3,9,27,mid,2323,-67892.0,-3.8918,0.8277,0.2639,350.0
s10_pct0p1-r3,9,27,pm,1878,-61162.0,-4.775,0.7643,0.3381,940.0
s10_pct0p2-r0,9,28,all,10308,-194062.0,-2.0436,0.94,0.2649,940.0
s10_pct0p2-r0,9,28,eve,1528,49358.0,1.0012,1.0886,0.1924,690.0
s10_pct0p2-r0,9,28,asia,1326,-1084.0,-0.0268,0.9977,0.2006,710.0
s10_pct0p2-r0,9,28,london,1711,-40354.0,-0.9211,0.9341,0.1981,690.0
s10_pct0p2-r0,9,28,pre,1404,-61566.0,-1.8561,0.8704,0.2315,700.0
s10_pct0p2-r0,9,28,nyam,1615,-52730.0,-1.6231,0.896,0.2805,690.0
s10_pct0p2-r0,9,28,mid,1475,-59160.0,-2.3757,0.8473,0.3586,690.0
s10_pct0p2-r0,9,28,pm,1249,-28526.0,-1.7855,0.867,0.4203,940.0
s10_pct0p2-r1,9,29,all,14125,-370280.0,-7.0965,0.8827,0.4775,940.0
s10_pct0p2-r1,9,29,eve,2161,-45114.0,-2.1206,0.9109,0.4845,690.0
s10_pct0p2-r1,9,29,asia,1735,-34950.0,-1.8238,0.9142,0.4911,700.0
s10_pct0p2-r1,9,29,london,2462,-54128.0,-2.4105,0.9054,0.4821,700.0
s10_pct0p2-r1,9,29,pre,1843,-60822.0,-3.1664,0.8601,0.4737,700.0
s10_pct0p2-r1,9,29,nyam,2328,-58592.0,-2.7069,0.8912,0.4807,690.0
s10_pct0p2-r1,9,29,mid,2043,-66512.0,-3.4111,0.8522,0.4758,690.0
s10_pct0p2-r1,9,29,pm,1553,-50162.0,-3.7232,0.7976,0.4475,940.0
s10_pct0p2-r2,9,30,all,11657,-357518.0,-5.5772,0.8913,0.3445,940.0
s10_pct0p2-r2,9,30,eve,1773,-43542.0,-1.5992,0.9211,0.3232,690.0
s10_pct0p2-r2,9,30,asia,1404,-22816.0,-0.9462,0.9471,0.3355,710.0
s10_pct0p2-r2,9,30,london,2065,-59430.0,-2.074,0.906,0.3201,690.0
s10_pct0p2-r2,9,30,pre,1540,-59240.0,-2.4582,0.8731,0.3188,700.0
s10_pct0p2-r2,9,30,nyam,1921,-58044.0,-2.1829,0.8961,0.3394,690.0
s10_pct0p2-r2,9,30,mid,1627,-74328.0,-3.4438,0.8221,0.3743,690.0
s10_pct0p2-r2,9,30,pm,1327,-40118.0,-2.7491,0.825,0.4213,940.0
s10_pct0p2-r3,9,31,all,10880,-315020.0,-4.3386,0.9042,0.296,940.0
s10_pct0p2-r3,9,31,eve,1636,-10514.0,-0.3261,0.9811,0.2549,690.0
s10_pct0p2-r3,9,31,asia,1355,-27930.0,-0.9774,0.9394,0.2546,710.0
s10_pct0p2-r3,9,31,london,1866,-66514.0,-2.0489,0.8945,0.2481,690.0
s10_pct0p2-r3,9,31,pre,1459,-61406.0,-2.2299,0.8714,0.2605,700.0
s10_pct0p2-r3,9,31,nyam,1746,-57244.0,-1.9687,0.8939,0.2955,690.0
s10_pct0p2-r3,9,31,mid,1534,-57376.0,-2.5,0.8562,0.3664,690.0
s10_pct0p2-r3,9,31,pm,1284,-34036.0,-2.23,0.8471,0.419,940.0
