cell,vi,xi,sess,trades,net,t,pf,win,max_mae_usd
anchorsession_n9_atr1p5-r0,0,0,all,8709,-151416.0,-3.9407,0.825,0.0841,680.0
anchorsession_n9_atr1p5-r0,0,0,eve,1480,-57790.0,-5.0766,0.4656,0.0196,680.0
anchorsession_n9_atr1p5-r0,0,0,asia,1436,1916.0,0.1117,1.0218,0.0272,260.0
anchorsession_n9_atr1p5-r0,0,0,london,1424,-49606.0,-3.26,0.6395,0.0379,330.0
anchorsession_n9_atr1p5-r0,0,0,pre,961,8746.0,0.4734,1.0586,0.1217,540.0
anchorsession_n9_atr1p5-r0,0,0,nyam,1064,6414.0,0.3674,1.0398,0.1523,450.0
anchorsession_n9_atr1p5-r0,0,0,mid,1134,-27166.0,-2.6031,0.7838,0.1402,520.0
anchorsession_n9_atr1p5-r0,0,0,pm,1210,-33930.0,-4.243,0.644,0.1421,500.0
anchorsession_n9_atr1p5-r1,0,1,all,9847,-222798.0,-18.0734,0.6478,0.3981,680.0
anchorsession_n9_atr1p5-r1,0,1,eve,1608,-37052.0,-8.2806,0.5162,0.3252,680.0
anchorsession_n9_atr1p5-r1,0,1,asia,1585,-39570.0,-17.3963,0.3925,0.3356,270.0
anchorsession_n9_atr1p5-r1,0,1,london,1591,-44794.0,-11.6617,0.5409,0.401,330.0
anchorsession_n9_atr1p5-r1,0,1,pre,1128,-23292.0,-3.7718,0.7852,0.4557,520.0
anchorsession_n9_atr1p5-r1,0,1,nyam,1230,-17640.0,-2.7824,0.8477,0.4772,420.0
anchorsession_n9_atr1p5-r1,0,1,mid,1362,-28288.0,-6.0719,0.7062,0.4398,290.0
anchorsession_n9_atr1p5-r1,0,1,pm,1343,-32162.0,-9.311,0.5578,0.3924,500.0
anchorsession_n9_atr1p5-r2,0,2,all,9594,-224036.0,-13.6741,0.7073,0.2659,680.0
anchorsession_n9_atr1p5-r2,0,2,eve,1581,-42894.0,-8.3726,0.5335,0.198,680.0
anchorsession_n9_atr1p5-r2,0,2,asia,1567,-39908.0,-13.3752,0.4738,0.2285,270.0
anchorsession_n9_atr1p5-r2,0,2,london,1584,-43236.0,-8.4949,0.63,0.2734,330.0
anchorsession_n9_atr1p5-r2,0,2,pre,1060,-28350.0,-3.4445,0.7873,0.3019,520.0
anchorsession_n9_atr1p5-r2,0,2,nyam,1199,-5246.0,-0.5894,0.9634,0.3394,420.0
anchorsession_n9_atr1p5-r2,0,2,mid,1292,-26558.0,-4.2341,0.7694,0.2995,380.0
anchorsession_n9_atr1p5-r2,0,2,pm,1311,-37844.0,-8.3172,0.5736,0.254,500.0
anchorsession_n9_atr1p5-r3,0,3,all,9359,-235466.0,-12.1933,0.7128,0.2007,680.0
anchorsession_n9_atr1p5-r3,0,3,eve,1565,-44640.0,-7.0732,0.5503,0.1431,680.0
anchorsession_n9_atr1p5-r3,0,3,asia,1552,-37928.0,-10.7327,0.5284,0.1811,260.0
anchorsession_n9_atr1p5-r3,0,3,london,1569,-45326.0,-7.5879,0.6417,0.2052,330.0
anchorsession_n9_atr1p5-r3,0,3,pre,1020,-30450.0,-3.1588,0.7861,0.2255,540.0
anchorsession_n9_atr1p5-r3,0,3,nyam,1149,-6856.0,-0.6477,0.9558,0.2559,450.0
anchorsession_n9_atr1p5-r3,0,3,mid,1229,-30886.0,-4.2233,0.7481,0.2197,380.0
anchorsession_n9_atr1p5-r3,0,3,pm,1275,-39380.0,-7.6924,0.579,0.2016,500.0
anchorsession_n9_atr3-r0,0,4,all,6755,-106520.0,-2.3285,0.9017,0.1588,1310.0
anchorsession_n9_atr3-r0,0,4,eve,1232,-56338.0,-3.4499,0.6461,0.0528,1310.0
anchorsession_n9_atr3-r0,0,4,asia,1204,-21736.0,-1.1469,0.8359,0.044,510.0
anchorsession_n9_atr3-r0,0,4,london,1173,-32922.0,-1.6599,0.8301,0.0938,590.0
anchorsession_n9_atr3-r0,0,4,pre,685,26500.0,1.228,1.1502,0.2292,1070.0
anchorsession_n9_atr3-r0,0,4,nyam,756,4336.0,0.2308,1.0237,0.2712,900.0
anchorsession_n9_atr3-r0,0,4,mid,803,-742.0,-0.0585,0.9945,0.2951,690.0
anchorsession_n9_atr3-r0,0,4,pm,902,-25618.0,-2.6663,0.7555,0.2727,930.0
anchorsession_n9_atr3-r1,0,5,all,8219,-192226.0,-9.1141,0.7868,0.4449,1290.0
anchorsession_n9_atr3-r1,0,5,eve,1458,-39252.0,-5.7391,0.6685,0.406,1290.0
anchorsession_n9_atr3-r1,0,5,asia,1468,-33642.0,-7.3206,0.658,0.4285,540.0
anchorsession_n9_atr3-r1,0,5,london,1483,-45412.0,-6.2762,0.7068,0.4423,660.0
anchorsession_n9_atr3-r1,0,5,pre,798,-17612.0,-1.6834,0.8788,0.4812,1110.0
anchorsession_n9_atr3-r1,0,5,nyam,914,-12376.0,-1.1406,0.9241,0.4891,700.0
anchorsession_n9_atr3-r1,0,5,mid,1012,-8288.0,-1.0617,0.9306,0.497,690.0
anchorsession_n9_atr3-r1,0,5,pm,1086,-35644.0,-5.9142,0.6511,0.4107,920.0
anchorsession_n9_atr3-r2,0,6,all,7458,-188422.0,-6.9167,0.8165,0.3038,1310.0
anchorsession_n9_atr3-r2,0,6,eve,1371,-35464.0,-3.7649,0.7468,0.267,1310.0
anchorsession_n9_atr3-r2,0,6,asia,1377,-31358.0,-5.1197,0.7285,0.2869,440.0
anchorsession_n9_atr3-r2,0,6,london,1373,-49302.0,-5.2133,0.73,0.2862,660.0
anchorsession_n9_atr3-r2,0,6,pre,726,-20344.0,-1.4928,0.8817,0.3168,1070.0
anchorsession_n9_atr3-r2,0,6,nyam,802,-7978.0,-0.5836,0.9554,0.3479,900.0
anchorsession_n9_atr3-r2,0,6,mid,848,-13632.0,-1.3876,0.8962,0.3467,690.0
anchorsession_n9_atr3-r2,0,6,pm,961,-30344.0,-3.9999,0.7149,0.3215,930.0
anchorsession_n9_atr3-r3,0,7,all,7150,-171830.0,-5.5122,0.8378,0.2434,1310.0
anchorsession_n9_atr3-r3,0,7,eve,1331,-33634.0,-3.0691,0.7735,0.1983,1310.0
anchorsession_n9_atr3-r3,0,7,asia,1322,-37748.0,-5.232,0.6967,0.202,440.0
anchorsession_n9_atr3-r3,0,7,london,1285,-48300.0,-4.3963,0.7427,0.2148,660.0
anchorsession_n9_atr3-r3,0,7,pre,703,-14762.0,-0.9478,0.9167,0.2617,1070.0
anchorsession_n9_atr3-r3,0,7,nyam,772,-2618.0,-0.1687,0.9856,0.3005,900.0
anchorsession_n9_atr3-r3,0,7,mid,821,-6304.0,-0.5752,0.9528,0.3167,690.0
anchorsession_n9_atr3-r3,0,7,pm,916,-28464.0,-3.2739,0.7327,0.2806,930.0
anchorsession_n9_pts2-r0,0,8,all,6268,-85102.0,-1.861,0.9217,0.1741,930.0
anchorsession_n9_pts2-r0,0,8,eve,958,-34172.0,-1.6923,0.8151,0.0981,220.0
anchorsession_n9_pts2-r0,0,8,asia,803,-372.0,-0.0177,0.9976,0.1046,210.0
anchorsession_n9_pts2-r0,0,8,london,1066,-34114.0,-1.6997,0.8307,0.1154,230.0
anchorsession_n9_pts2-r0,0,8,pre,855,4130.0,0.224,1.0265,0.1462,240.0
anchorsession_n9_pts2-r0,0,8,nyam,978,-22.0,-0.0013,0.9999,0.1851,210.0
anchorsession_n9_pts2-r0,0,8,mid,862,-3768.0,-0.3188,0.9711,0.2773,210.0
anchorsession_n9_pts2-r0,0,8,pm,746,-16784.0,-2.0029,0.8162,0.3284,930.0
anchorsession_n9_pts2-r1,0,9,all,7758,-168712.0,-9.4512,0.8057,0.468,930.0
anchorsession_n9_pts2-r1,0,9,eve,1219,-32596.0,-4.5675,0.7701,0.4569,220.0
anchorsession_n9_pts2-r1,0,9,asia,1053,-22832.0,-3.4367,0.8092,0.4691,210.0
anchorsession_n9_pts2-r1,0,9,london,1368,-45232.0,-6.0022,0.7235,0.4415,220.0
anchorsession_n9_pts2-r1,0,9,pre,1007,-16408.0,-2.5204,0.8531,0.4826,240.0
anchorsession_n9_pts2-r1,0,9,nyam,1165,-25900.0,-3.707,0.8049,0.4678,210.0
anchorsession_n9_pts2-r1,0,9,mid,1087,-3408.0,-0.5071,0.9695,0.517,230.0
anchorsession_n9_pts2-r1,0,9,pm,859,-22336.0,-4.0747,0.7434,0.4459,930.0
anchorsession_n9_pts2-r2,0,10,all,6927,-150998.0,-6.5479,0.8466,0.3232,930.0
anchorsession_n9_pts2-r2,0,10,eve,1065,-27330.0,-2.9692,0.8266,0.3089,220.0
anchorsession_n9_pts2-r2,0,10,asia,874,-12606.0,-1.4888,0.8998,0.3272,210.0
anchorsession_n9_pts2-r2,0,10,london,1239,-32426.0,-3.2704,0.8233,0.3083,210.0
anchorsession_n9_pts2-r2,0,10,pre,927,-30658.0,-3.611,0.7803,0.2967,240.0
anchorsession_n9_pts2-r2,0,10,nyam,1093,-14032.0,-1.4814,0.9103,0.3303,210.0
anchorsession_n9_pts2-r2,0,10,mid,950,-9870.0,-1.1513,0.9238,0.3495,230.0
anchorsession_n9_pts2-r2,0,10,pm,779,-24076.0,-3.7272,0.7376,0.3517,930.0
anchorsession_n9_pts2-r3,0,11,all,6566,-126744.0,-4.6991,0.8756,0.261,930.0
anchorsession_n9_pts2-r3,0,11,eve,1000,-18900.0,-1.7241,0.8837,0.241,220.0
anchorsession_n9_pts2-r3,0,11,asia,822,-22488.0,-2.2997,0.8338,0.2311,210.0
anchorsession_n9_pts2-r3,0,11,london,1151,-41214.0,-3.6199,0.7854,0.2207,210.0
anchorsession_n9_pts2-r3,0,11,pre,893,-17192.0,-1.6648,0.8813,0.2419,240.0
anchorsession_n9_pts2-r3,0,11,nyam,1037,-3488.0,-0.3078,0.9785,0.2662,210.0
anchorsession_n9_pts2-r3,0,11,mid,896,-5284.0,-0.5446,0.9592,0.3092,230.0
anchorsession_n9_pts2-r3,0,11,pm,767,-18178.0,-2.5048,0.8026,0.339,930.0
anchorsession_n9_pts3-r0,0,12,all,5217,-45018.0,-0.8979,0.9625,0.2365,930.0
anchorsession_n9_pts3-r0,0,12,eve,784,-42066.0,-1.9862,0.8005,0.1429,340.0
anchorsession_n9_pts3-r0,0,12,asia,675,-12040.0,-0.546,0.9332,0.1496,320.0
anchorsession_n9_pts3-r0,0,12,london,891,-15034.0,-0.6544,0.9342,0.1785,310.0
anchorsession_n9_pts3-r0,0,12,pre,713,25368.0,1.2087,1.1457,0.2188,330.0
anchorsession_n9_pts3-r0,0,12,nyam,793,19668.0,1.0234,1.1101,0.2636,310.0
anchorsession_n9_pts3-r0,0,12,mid,716,-5224.0,-0.4112,0.9619,0.3492,320.0
anchorsession_n9_pts3-r0,0,12,pm,645,-15690.0,-1.7703,0.8268,0.3829,930.0
anchorsession_n9_pts3-r1,0,13,all,6236,-138544.0,-5.8969,0.8594,0.4755,930.0
anchorsession_n9_pts3-r1,0,13,eve,960,-20930.0,-2.2149,0.8668,0.4792,340.0
anchorsession_n9_pts3-r1,0,13,asia,786,-20534.0,-2.4032,0.8425,0.472,310.0
anchorsession_n9_pts3-r1,0,13,london,1144,-44346.0,-4.3183,0.775,0.451,310.0
anchorsession_n9_pts3-r1,0,13,pre,833,-20122.0,-2.2862,0.8535,0.4754,330.0
anchorsession_n9_pts3-r1,0,13,nyam,964,-5736.0,-0.6066,0.9616,0.5041,310.0
anchorsession_n9_pts3-r1,0,13,mid,844,-2716.0,-0.3164,0.978,0.5083,360.0
anchorsession_n9_pts3-r1,0,13,pm,705,-24160.0,-3.6763,0.733,0.4355,930.0
anchorsession_n9_pts3-r2,0,14,all,5523,-128032.0,-4.2639,0.8839,0.3368,930.0
anchorsession_n9_pts3-r2,0,14,eve,829,-21096.0,-1.7286,0.8814,0.3172,340.0
anchorsession_n9_pts3-r2,0,14,asia,689,-29366.0,-2.6873,0.8064,0.299,310.0
anchorsession_n9_pts3-r2,0,14,london,978,-42582.0,-3.2754,0.8024,0.2986,310.0
anchorsession_n9_pts3-r2,0,14,pre,759,-18266.0,-1.5689,0.8869,0.3202,330.0
anchorsession_n9_pts3-r2,0,14,nyam,857,2552.0,0.2042,1.0149,0.3536,310.0
anchorsession_n9_pts3-r2,0,14,mid,747,-2698.0,-0.2554,0.9798,0.3922,320.0
anchorsession_n9_pts3-r2,0,14,pm,664,-16576.0,-2.1355,0.8186,0.3916,930.0
anchorsession_n9_pts3-r3,0,15,all,5338,-80172.0,-2.2743,0.93,0.2874,930.0
anchorsession_n9_pts3-r3,0,15,eve,807,-768.0,-0.0511,0.9959,0.2602,340.0
anchorsession_n9_pts3-r3,0,15,asia,676,-28474.0,-2.175,0.8263,0.2278,320.0
anchorsession_n9_pts3-r3,0,15,london,920,-31780.0,-2.0688,0.856,0.2359,310.0
anchorsession_n9_pts3-r3,0,15,pre,739,-1826.0,-0.129,0.9892,0.2679,330.0
anchorsession_n9_pts3-r3,0,15,nyam,817,7972.0,0.5519,1.0453,0.2987,310.0
anchorsession_n9_pts3-r3,0,15,mid,726,-9324.0,-0.8086,0.9323,0.3554,320.0
anchorsession_n9_pts3-r3,0,15,pm,653,-15972.0,-1.9527,0.8244,0.3874,930.0
anchorsession_n9_pts5-r0,0,16,all,4321,-25504.0,-0.4617,0.9808,0.3279,930.0
anchorsession_n9_pts5-r0,0,16,eve,636,-44794.0,-1.8874,0.8197,0.2311,530.0
anchorsession_n9_pts5-r0,0,16,asia,593,-15002.0,-0.5996,0.9339,0.2445,520.0
anchorsession_n9_pts5-r0,0,16,london,714,-6056.0,-0.2349,0.9767,0.2773,510.0
anchorsession_n9_pts5-r0,0,16,pre,588,15558.0,0.6785,1.0765,0.3078,540.0
anchorsession_n9_pts5-r0,0,16,nyam,623,14168.0,0.7325,1.0789,0.3676,510.0
anchorsession_n9_pts5-r0,0,16,mid,598,9488.0,0.6655,1.072,0.4482,500.0
anchorsession_n9_pts5-r0,0,16,pm,569,1134.0,0.1168,1.0141,0.4376,930.0
anchorsession_n9_pts5-r1,0,17,all,4766,-95854.0,-2.9345,0.9155,0.4805,930.0
anchorsession_n9_pts5-r1,0,17,eve,700,-29270.0,-2.1949,0.8471,0.4671,510.0
anchorsession_n9_pts5-r1,0,17,asia,622,-30298.0,-2.4127,0.8241,0.4614,520.0
anchorsession_n9_pts5-r1,0,17,london,833,-19612.0,-1.3479,0.9107,0.485,510.0
anchorsession_n9_pts5-r1,0,17,pre,653,-27282.0,-2.1312,0.8458,0.4655,540.0
anchorsession_n9_pts5-r1,0,17,nyam,712,4242.0,0.3256,1.0252,0.5126,510.0
anchorsession_n9_pts5-r1,0,17,mid,649,10744.0,0.9738,1.0864,0.5177,500.0
anchorsession_n9_pts5-r1,0,17,pm,597,-4378.0,-0.5507,0.9462,0.4472,930.0
anchorsession_n9_pts5-r2,0,18,all,4410,-52820.0,-1.2698,0.9582,0.3753,930.0
anchorsession_n9_pts5-r2,0,18,eve,657,-7398.0,-0.4083,0.9668,0.3364,510.0
anchorsession_n9_pts5-r2,0,18,asia,593,-26242.0,-1.5687,0.8721,0.3221,520.0
anchorsession_n9_pts5-r2,0,18,london,733,-22342.0,-1.2033,0.9097,0.337,510.0
anchorsession_n9_pts5-r2,0,18,pre,609,-7816.0,-0.4656,0.9603,0.353,540.0
anchorsession_n9_pts5-r2,0,18,nyam,639,6304.0,0.3984,1.0356,0.3975,510.0
anchorsession_n9_pts5-r2,0,18,mid,601,2666.0,0.2094,1.0203,0.4526,500.0
anchorsession_n9_pts5-r2,0,18,pm,578,2008.0,0.2192,1.0246,0.4412,930.0
anchorsession_n9_pts5-r3,0,19,all,4354,-35056.0,-0.743,0.9732,0.3434,930.0
anchorsession_n9_pts5-r3,0,19,eve,645,-11510.0,-0.5447,0.952,0.2698,510.0
anchorsession_n9_pts5-r3,0,19,asia,593,-21952.0,-1.1155,0.8998,0.2715,520.0
anchorsession_n9_pts5-r3,0,19,london,722,-16628.0,-0.7841,0.9353,0.2978,510.0
anchorsession_n9_pts5-r3,0,19,pre,597,2092.0,0.1092,1.0104,0.3266,540.0
anchorsession_n9_pts5-r3,0,19,nyam,625,-1900.0,-0.1114,0.9895,0.3664,510.0
anchorsession_n9_pts5-r3,0,19,mid,599,11204.0,0.808,1.0853,0.4508,500.0
anchorsession_n9_pts5-r3,0,19,pm,573,3638.0,0.3755,1.0448,0.438,930.0
anchorsession_n9_pts7-r0,0,20,all,4033,-9162.0,-0.1536,0.9936,0.389,930.0
anchorsession_n9_pts7-r0,0,20,eve,590,-41010.0,-1.5419,0.8539,0.3119,750.0
anchorsession_n9_pts7-r0,0,20,asia,567,-10588.0,-0.3798,0.9597,0.3245,710.0
anchorsession_n9_pts7-r0,0,20,london,640,-9450.0,-0.3474,0.9661,0.35,710.0
anchorsession_n9_pts7-r0,0,20,pre,553,26328.0,1.0689,1.1209,0.396,750.0
anchorsession_n9_pts7-r0,0,20,nyam,573,10258.0,0.5037,1.0543,0.4241,710.0
anchorsession_n9_pts7-r0,0,20,mid,556,17326.0,1.1684,1.1383,0.4856,730.0
anchorsession_n9_pts7-r0,0,20,pm,554,-2026.0,-0.2112,0.9746,0.4422,930.0
anchorsession_n9_pts7-r1,0,21,all,4234,-67686.0,-1.6635,0.9467,0.4856,930.0
anchorsession_n9_pts7-r1,0,21,eve,619,-10066.0,-0.5779,0.9544,0.4943,750.0
anchorsession_n9_pts7-r1,0,21,asia,570,-33140.0,-1.9989,0.8449,0.4632,710.0
anchorsession_n9_pts7-r1,0,21,london,696,-17264.0,-0.9466,0.9299,0.4899,710.0
anchorsession_n9_pts7-r1,0,21,pre,587,-20148.0,-1.2326,0.9011,0.4787,750.0
anchorsession_n9_pts7-r1,0,21,nyam,619,12714.0,0.806,1.071,0.5153,710.0
anchorsession_n9_pts7-r1,0,21,mid,575,7000.0,0.5673,1.0563,0.5113,730.0
anchorsession_n9_pts7-r1,0,21,pm,568,-6782.0,-0.7767,0.918,0.4419,930.0
anchorsession_n9_pts7-r2,0,22,all,4070,-11020.0,-0.2175,0.9921,0.4103,930.0
anchorsession_n9_pts7-r2,0,22,eve,600,-9080.0,-0.3953,0.9659,0.3617,750.0
anchorsession_n9_pts7-r2,0,22,asia,567,-16108.0,-0.7369,0.9351,0.3616,710.0
anchorsession_n9_pts7-r2,0,22,london,650,-9300.0,-0.4076,0.9658,0.3862,710.0
anchorsession_n9_pts7-r2,0,22,pre,563,9118.0,0.4442,1.0425,0.4139,750.0
anchorsession_n9_pts7-r2,0,22,nyam,575,-1970.0,-0.1083,0.9896,0.4261,710.0
anchorsession_n9_pts7-r2,0,22,mid,557,16342.0,1.1583,1.1308,0.4883,730.0
anchorsession_n9_pts7-r2,0,22,pm,558,-22.0,-0.0023,0.9997,0.4427,930.0
anchorsession_n9_pts7-r3,0,23,all,4041,-9374.0,-0.1691,0.9934,0.394,930.0
anchorsession_n9_pts7-r3,0,23,eve,591,-30094.0,-1.2073,0.8914,0.3215,750.0
anchorsession_n9_pts7-r3,0,23,asia,567,-16908.0,-0.6892,0.9348,0.3333,710.0
anchorsession_n9_pts7-r3,0,23,london,642,-10288.0,-0.4106,0.963,0.3567,710.0
anchorsession_n9_pts7-r3,0,23,pre,555,14380.0,0.6351,1.0661,0.3982,750.0
anchorsession_n9_pts7-r3,0,23,nyam,573,7048.0,0.3594,1.0373,0.4241,710.0
anchorsession_n9_pts7-r3,0,23,mid,556,22816.0,1.5238,1.1836,0.4892,730.0
anchorsession_n9_pts7-r3,0,23,pm,557,3672.0,0.3639,1.046,0.4452,930.0
anchorsession_n9_pct0p1-r0,0,24,all,6461,-86304.0,-1.9044,0.9192,0.1625,930.0
anchorsession_n9_pct0p1-r0,0,24,eve,984,-26156.0,-1.2801,0.8539,0.0945,220.0
anchorsession_n9_pct0p1-r0,0,24,asia,833,2128.0,0.1014,1.0141,0.0996,310.0
anchorsession_n9_pct0p1-r0,0,24,london,1102,-40618.0,-2.1153,0.7944,0.1034,210.0
anchorsession_n9_pct0p1-r0,0,24,pre,880,5400.0,0.2926,1.0355,0.1364,240.0
anchorsession_n9_pct0p1-r0,0,24,nyam,996,-1224.0,-0.0734,0.9925,0.1717,210.0
anchorsession_n9_pct0p1-r0,0,24,mid,895,-7960.0,-0.6768,0.9398,0.2514,210.0
anchorsession_n9_pct0p1-r0,0,24,pm,771,-17874.0,-2.1334,0.8061,0.3165,930.0
anchorsession_n9_pct0p1-r1,0,25,all,8016,-175254.0,-10.2939,0.7932,0.4656,930.0
anchorsession_n9_pct0p1-r1,0,25,eve,1277,-31788.0,-4.6348,0.7714,0.4597,220.0
anchorsession_n9_pct0p1-r1,0,25,asia,1105,-21490.0,-3.3642,0.8165,0.4733,310.0
anchorsession_n9_pct0p1-r1,0,25,london,1396,-42564.0,-5.9748,0.7265,0.4434,210.0
anchorsession_n9_pct0p1-r1,0,25,pre,1029,-19726.0,-3.2037,0.8187,0.4733,240.0
anchorsession_n9_pct0p1-r1,0,25,nyam,1178,-25932.0,-3.9471,0.7944,0.4669,210.0
anchorsession_n9_pct0p1-r1,0,25,mid,1133,-12082.0,-1.8711,0.8943,0.4969,230.0
anchorsession_n9_pct0p1-r1,0,25,pm,898,-21672.0,-4.0644,0.7497,0.4488,930.0
anchorsession_n9_pct0p1-r2,0,26,all,7182,-155378.0,-7.0439,0.8388,0.3205,930.0
anchorsession_n9_pct0p1-r2,0,26,eve,1102,-27588.0,-3.1456,0.8201,0.3094,220.0
anchorsession_n9_pct0p1-r2,0,26,asia,917,-12908.0,-1.5874,0.8959,0.3272,310.0
anchorsession_n9_pct0p1-r2,0,26,london,1285,-35330.0,-3.7605,0.8027,0.3035,210.0
anchorsession_n9_pct0p1-r2,0,26,pre,956,-26494.0,-3.2635,0.8017,0.3033,240.0
anchorsession_n9_pct0p1-r2,0,26,nyam,1120,-14770.0,-1.6472,0.9019,0.3295,210.0
anchorsession_n9_pct0p1-r2,0,26,mid,1000,-13300.0,-1.5961,0.8989,0.337,230.0
anchorsession_n9_pct0p1-r2,0,26,pm,802,-24988.0,-3.9726,0.728,0.3429,930.0
anchorsession_n9_pct0p1-r3,0,27,all,6801,-132114.0,-5.1214,0.8675,0.2572,930.0
anchorsession_n9_pct0p1-r3,0,27,eve,1035,-22020.0,-2.1171,0.8614,0.2377,220.0
anchorsession_n9_pct0p1-r3,0,27,asia,855,-19260.0,-2.0474,0.8532,0.2363,310.0
anchorsession_n9_pct0p1-r3,0,27,london,1197,-35458.0,-3.2403,0.8087,0.2264,210.0
anchorsession_n9_pct0p1-r3,0,27,pre,924,-19936.0,-2.0382,0.8588,0.237,240.0
anchorsession_n9_pct0p1-r3,0,27,nyam,1061,-3454.0,-0.3211,0.9778,0.2648,210.0
anchorsession_n9_pct0p1-r3,0,27,mid,939,-13236.0,-1.4141,0.9001,0.2854,230.0
anchorsession_n9_pct0p1-r3,0,27,pm,790,-18750.0,-2.647,0.7963,0.3316,930.0
anchorsession_n9_pct0p2-r0,0,28,all,4752,-9388.0,-0.1785,0.9924,0.2771,930.0
anchorsession_n9_pct0p2-r0,0,28,eve,702,-35828.0,-1.6153,0.8374,0.1852,420.0
anchorsession_n9_pct0p2-r0,0,28,asia,630,-10670.0,-0.4577,0.946,0.1873,420.0
anchorsession_n9_pct0p2-r0,0,28,london,799,6084.0,0.2434,1.0256,0.2215,420.0
anchorsession_n9_pct0p2-r0,0,28,pre,642,26472.0,1.2166,1.1455,0.2601,430.0
anchorsession_n9_pct0p2-r0,0,28,nyam,711,7366.0,0.3894,1.0404,0.2982,420.0
anchorsession_n9_pct0p2-r0,0,28,mid,654,9834.0,0.7112,1.0743,0.4006,420.0
anchorsession_n9_pct0p2-r0,0,28,pm,614,-12646.0,-1.3763,0.8584,0.4088,930.0
anchorsession_n9_pct0p2-r1,0,29,all,5480,-100970.0,-3.739,0.9017,0.4814,930.0
anchorsession_n9_pct0p2-r1,0,29,eve,816,-19934.0,-1.8393,0.8789,0.4816,420.0
anchorsession_n9_pct0p2-r1,0,29,asia,700,-17070.0,-1.7012,0.8791,0.4786,420.0
anchorsession_n9_pct0p2-r1,0,29,london,1002,-15318.0,-1.2801,0.9221,0.491,420.0
anchorsession_n9_pct0p2-r1,0,29,pre,733,-18862.0,-1.8367,0.8728,0.4775,420.0
anchorsession_n9_pct0p2-r1,0,29,nyam,842,-6358.0,-0.5826,0.9604,0.4988,430.0
anchorsession_n9_pct0p2-r1,0,29,mid,737,-2218.0,-0.2311,0.9824,0.5047,420.0
anchorsession_n9_pct0p2-r1,0,29,pm,650,-21210.0,-2.9541,0.7626,0.4246,930.0
anchorsession_n9_pct0p2-r2,0,30,all,4929,-71376.0,-2.0586,0.9379,0.355,930.0
anchorsession_n9_pct0p2-r2,0,30,eve,726,-24.0,-0.0017,0.9999,0.343,420.0
anchorsession_n9_pct0p2-r2,0,30,asia,634,-23906.0,-1.8161,0.8587,0.3107,420.0
anchorsession_n9_pct0p2-r2,0,30,london,848,-17652.0,-1.148,0.92,0.3255,420.0
anchorsession_n9_pct0p2-r2,0,30,pre,673,-15192.0,-1.1161,0.9128,0.3254,430.0
anchorsession_n9_pct0p2-r2,0,30,nyam,750,-5130.0,-0.369,0.9714,0.3547,420.0
anchorsession_n9_pct0p2-r2,0,30,mid,672,4852.0,0.4159,1.0369,0.4226,420.0
anchorsession_n9_pct0p2-r2,0,30,pm,626,-14324.0,-1.7371,0.8402,0.4137,930.0
anchorsession_n9_pct0p2-r3,0,31,all,4818,-52712.0,-1.3094,0.9563,0.308,930.0
anchorsession_n9_pct0p2-r3,0,31,eve,719,-4346.0,-0.2494,0.9789,0.2601,420.0
anchorsession_n9_pct0p2-r3,0,31,asia,630,-29630.0,-1.8958,0.841,0.2349,420.0
anchorsession_n9_pct0p2-r3,0,31,london,812,-13918.0,-0.7732,0.9396,0.2611,420.0
anchorsession_n9_pct0p2-r3,0,31,pre,659,1694.0,0.1042,1.0094,0.2868,430.0
anchorsession_n9_pct0p2-r3,0,31,nyam,722,-1118.0,-0.0712,0.9938,0.3144,420.0
anchorsession_n9_pct0p2-r3,0,31,mid,657,4572.0,0.3637,1.0346,0.4049,420.0
anchorsession_n9_pct0p2-r3,0,31,pm,619,-9966.0,-1.113,0.8885,0.412,930.0
anchorrth_n9_atr1p5-r0,1,0,all,7427,-108108.0,-2.8946,0.8539,0.0761,710.0
anchorrth_n9_atr1p5-r0,1,0,eve,1480,-57790.0,-5.0766,0.4656,0.0196,680.0
anchorrth_n9_atr1p5-r0,1,0,asia,1436,1916.0,0.1117,1.0218,0.0272,260.0
anchorrth_n9_atr1p5-r0,1,0,london,1424,-49606.0,-3.26,0.6395,0.0379,330.0
anchorrth_n9_atr1p5-r0,1,0,pre,961,8746.0,0.4734,1.0586,0.1217,540.0
anchorrth_n9_atr1p5-r0,1,0,nyam,1064,6414.0,0.3674,1.0398,0.1523,450.0
anchorrth_n9_atr1p5-r0,1,0,mid,652,-7878.0,-1.0244,0.8762,0.1564,710.0
anchorrth_n9_atr1p5-r0,1,0,pm,410,-9910.0,-1.7389,0.6919,0.1512,470.0
anchorrth_n9_atr1p5-r1,1,1,all,8215,-191590.0,-16.6681,0.6404,0.3906,680.0
anchorrth_n9_atr1p5-r1,1,1,eve,1608,-37052.0,-8.2806,0.5162,0.3252,680.0
anchorrth_n9_atr1p5-r1,1,1,asia,1585,-39570.0,-17.3963,0.3925,0.3356,270.0
anchorrth_n9_atr1p5-r1,1,1,london,1591,-44794.0,-11.6617,0.5409,0.401,330.0
anchorrth_n9_atr1p5-r1,1,1,pre,1128,-23292.0,-3.7718,0.7852,0.4557,520.0
anchorrth_n9_atr1p5-r1,1,1,nyam,1230,-17640.0,-2.7824,0.8477,0.4772,420.0
anchorrth_n9_atr1p5-r1,1,1,mid,662,-18248.0,-6.1304,0.5992,0.3927,260.0
anchorrth_n9_atr1p5-r1,1,1,pm,411,-10994.0,-4.9564,0.5354,0.3771,470.0
anchorrth_n9_atr1p5-r2,1,2,all,8059,-187726.0,-12.2852,0.7088,0.2638,710.0
anchorrth_n9_atr1p5-r2,1,2,eve,1581,-42894.0,-8.3726,0.5335,0.198,680.0
anchorrth_n9_atr1p5-r2,1,2,asia,1567,-39908.0,-13.3752,0.4738,0.2285,270.0
anchorrth_n9_atr1p5-r2,1,2,london,1584,-43236.0,-8.4949,0.63,0.2734,330.0
anchorrth_n9_atr1p5-r2,1,2,pre,1060,-28350.0,-3.4445,0.7873,0.3019,520.0
anchorrth_n9_atr1p5-r2,1,2,nyam,1199,-5246.0,-0.5894,0.9634,0.3394,420.0
anchorrth_n9_atr1p5-r2,1,2,mid,658,-17692.0,-4.437,0.6798,0.2827,710.0
anchorrth_n9_atr1p5-r2,1,2,pm,410,-10400.0,-3.4195,0.6289,0.2659,470.0
anchorrth_n9_atr1p5-r3,1,3,all,7922,-189608.0,-10.4361,0.7263,0.2001,710.0
anchorrth_n9_atr1p5-r3,1,3,eve,1565,-44640.0,-7.0732,0.5503,0.1431,680.0
anchorrth_n9_atr1p5-r3,1,3,asia,1552,-37928.0,-10.7327,0.5284,0.1811,260.0
anchorrth_n9_atr1p5-r3,1,3,london,1569,-45326.0,-7.5879,0.6417,0.2052,330.0
anchorrth_n9_atr1p5-r3,1,3,pre,1020,-30450.0,-3.1588,0.7861,0.2255,540.0
anchorrth_n9_atr1p5-r3,1,3,nyam,1149,-6856.0,-0.6477,0.9558,0.2559,450.0
anchorrth_n9_atr1p5-r3,1,3,mid,657,-14718.0,-3.0108,0.753,0.2237,710.0
anchorrth_n9_atr1p5-r3,1,3,pm,410,-9690.0,-2.6855,0.6735,0.2122,470.0
anchorrth_n9_atr3-r0,1,4,all,5846,-99074.0,-2.2389,0.8963,0.1394,1400.0
anchorrth_n9_atr3-r0,1,4,eve,1232,-56338.0,-3.4499,0.6461,0.0528,1310.0
anchorrth_n9_atr3-r0,1,4,asia,1204,-21736.0,-1.1469,0.8359,0.044,510.0
anchorrth_n9_atr3-r0,1,4,london,1173,-32922.0,-1.6599,0.8301,0.0938,590.0
anchorrth_n9_atr3-r0,1,4,pre,685,26500.0,1.228,1.1502,0.2292,1070.0
anchorrth_n9_atr3-r0,1,4,nyam,756,4336.0,0.2308,1.0237,0.2712,900.0
anchorrth_n9_atr3-r0,1,4,mid,455,-11470.0,-1.3404,0.8423,0.2769,1400.0
anchorrth_n9_atr3-r0,1,4,pm,341,-7444.0,-1.1051,0.8046,0.2903,920.0
anchorrth_n9_atr3-r1,1,5,all,6961,-171824.0,-8.7188,0.7772,0.4417,1290.0
anchorrth_n9_atr3-r1,1,5,eve,1458,-39252.0,-5.7391,0.6685,0.406,1290.0
anchorrth_n9_atr3-r1,1,5,asia,1468,-33642.0,-7.3206,0.658,0.4285,540.0
anchorrth_n9_atr3-r1,1,5,london,1483,-45412.0,-6.2762,0.7068,0.4423,660.0
anchorrth_n9_atr3-r1,1,5,pre,798,-17612.0,-1.6834,0.8788,0.4812,1110.0
anchorrth_n9_atr3-r1,1,5,nyam,914,-12376.0,-1.1406,0.9241,0.4891,700.0
anchorrth_n9_atr3-r1,1,5,mid,484,-14436.0,-2.8119,0.7543,0.4504,940.0
anchorrth_n9_atr3-r1,1,5,pm,356,-9094.0,-2.3658,0.7189,0.4185,920.0
anchorrth_n9_atr3-r2,1,6,all,6453,-169572.0,-6.6329,0.8104,0.2983,1400.0
anchorrth_n9_atr3-r2,1,6,eve,1371,-35464.0,-3.7649,0.7468,0.267,1310.0
anchorrth_n9_atr3-r2,1,6,asia,1377,-31358.0,-5.1197,0.7285,0.2869,440.0
anchorrth_n9_atr3-r2,1,6,london,1373,-49302.0,-5.2133,0.73,0.2862,660.0
anchorrth_n9_atr3-r2,1,6,pre,726,-20344.0,-1.4928,0.8817,0.3168,1070.0
anchorrth_n9_atr3-r2,1,6,nyam,802,-7978.0,-0.5836,0.9554,0.3479,900.0
anchorrth_n9_atr3-r2,1,6,mid,460,-15510.0,-2.4047,0.7737,0.3326,1400.0
anchorrth_n9_atr3-r2,1,6,pm,344,-9616.0,-1.9624,0.7417,0.3169,920.0
anchorrth_n9_atr3-r3,1,7,all,6209,-161266.0,-5.5059,0.8265,0.2347,1400.0
anchorrth_n9_atr3-r3,1,7,eve,1331,-33634.0,-3.0691,0.7735,0.1983,1310.0
anchorrth_n9_atr3-r3,1,7,asia,1322,-37748.0,-5.232,0.6967,0.202,440.0
anchorrth_n9_atr3-r3,1,7,london,1285,-48300.0,-4.3963,0.7427,0.2148,660.0
anchorrth_n9_atr3-r3,1,7,pre,703,-14762.0,-0.9478,0.9167,0.2617,1070.0
anchorrth_n9_atr3-r3,1,7,nyam,772,-2618.0,-0.1687,0.9856,0.3005,900.0
anchorrth_n9_atr3-r3,1,7,mid,455,-13830.0,-1.8654,0.8067,0.2967,1400.0
anchorrth_n9_atr3-r3,1,7,pm,341,-10374.0,-1.9933,0.7277,0.2903,920.0
anchorrth_n9_pts2-r0,1,8,all,5390,-76790.0,-1.7223,0.9207,0.1525,920.0
anchorrth_n9_pts2-r0,1,8,eve,958,-34172.0,-1.6923,0.8151,0.0981,220.0
anchorrth_n9_pts2-r0,1,8,asia,803,-372.0,-0.0177,0.9976,0.1046,210.0
anchorrth_n9_pts2-r0,1,8,london,1066,-34114.0,-1.6997,0.8307,0.1154,230.0
anchorrth_n9_pts2-r0,1,8,pre,855,4130.0,0.224,1.0265,0.1462,240.0
anchorrth_n9_pts2-r0,1,8,nyam,978,-22.0,-0.0013,0.9999,0.1851,210.0
anchorrth_n9_pts2-r0,1,8,mid,465,-4980.0,-0.5924,0.9283,0.2796,220.0
anchorrth_n9_pts2-r0,1,8,pm,265,-7260.0,-1.21,0.7761,0.3208,920.0
anchorrth_n9_pts2-r1,1,9,all,6583,-160462.0,-9.7089,0.7866,0.4619,920.0
anchorrth_n9_pts2-r1,1,9,eve,1219,-32596.0,-4.5675,0.7701,0.4569,220.0
anchorrth_n9_pts2-r1,1,9,asia,1053,-22832.0,-3.4367,0.8092,0.4691,210.0
anchorrth_n9_pts2-r1,1,9,london,1368,-45232.0,-6.0022,0.7235,0.4415,220.0
anchorrth_n9_pts2-r1,1,9,pre,1007,-16408.0,-2.5204,0.8531,0.4826,240.0
anchorrth_n9_pts2-r1,1,9,nyam,1165,-25900.0,-3.707,0.8049,0.4678,210.0
anchorrth_n9_pts2-r1,1,9,mid,494,-7876.0,-1.7425,0.8539,0.4818,210.0
anchorrth_n9_pts2-r1,1,9,pm,277,-9618.0,-3.0941,0.6641,0.4224,920.0
anchorrth_n9_pts2-r2,1,10,all,5937,-135228.0,-6.2669,0.8427,0.3178,920.0
anchorrth_n9_pts2-r2,1,10,eve,1065,-27330.0,-2.9692,0.8266,0.3089,220.0
anchorrth_n9_pts2-r2,1,10,asia,874,-12606.0,-1.4888,0.8998,0.3272,210.0
anchorrth_n9_pts2-r2,1,10,london,1239,-32426.0,-3.2704,0.8233,0.3083,210.0
anchorrth_n9_pts2-r2,1,10,pre,927,-30658.0,-3.611,0.7803,0.2967,240.0
anchorrth_n9_pts2-r2,1,10,nyam,1093,-14032.0,-1.4814,0.9103,0.3303,210.0
anchorrth_n9_pts2-r2,1,10,mid,474,-10176.0,-1.7175,0.8453,0.3376,220.0
anchorrth_n9_pts2-r2,1,10,pm,265,-8000.0,-2.1281,0.7386,0.3547,920.0
anchorrth_n9_pts2-r3,1,11,all,5633,-123342.0,-4.8716,0.8625,0.2492,920.0
anchorrth_n9_pts2-r3,1,11,eve,1000,-18900.0,-1.7241,0.8837,0.241,220.0
anchorrth_n9_pts2-r3,1,11,asia,822,-22488.0,-2.2997,0.8338,0.2311,210.0
anchorrth_n9_pts2-r3,1,11,london,1151,-41214.0,-3.6199,0.7854,0.2207,210.0
anchorrth_n9_pts2-r3,1,11,pre,893,-17192.0,-1.6648,0.8813,0.2419,240.0
anchorrth_n9_pts2-r3,1,11,nyam,1037,-3488.0,-0.3078,0.9785,0.2662,210.0
anchorrth_n9_pts2-r3,1,11,mid,465,-10590.0,-1.5964,0.8437,0.2989,220.0
anchorrth_n9_pts2-r3,1,11,pm,265,-9470.0,-2.3339,0.702,0.3321,920.0
anchorrth_n9_pts3-r0,1,12,all,4475,-40430.0,-0.8284,0.9625,0.2134,920.0
anchorrth_n9_pts3-r0,1,12,eve,784,-42066.0,-1.9862,0.8005,0.1429,340.0
anchorrth_n9_pts3-r0,1,12,asia,675,-12040.0,-0.546,0.9332,0.1496,320.0
anchorrth_n9_pts3-r0,1,12,london,891,-15034.0,-0.6544,0.9342,0.1785,310.0
anchorrth_n9_pts3-r0,1,12,pre,713,25368.0,1.2087,1.1457,0.2188,330.0
anchorrth_n9_pts3-r0,1,12,nyam,793,19668.0,1.0234,1.1101,0.2636,310.0
anchorrth_n9_pts3-r0,1,12,mid,389,-3416.0,-0.3781,0.9517,0.365,310.0
anchorrth_n9_pts3-r0,1,12,pm,230,-12910.0,-2.5354,0.6205,0.3304,920.0
anchorrth_n9_pts3-r1,1,13,all,5328,-134672.0,-6.1295,0.8444,0.4715,920.0
anchorrth_n9_pts3-r1,1,13,eve,960,-20930.0,-2.2149,0.8668,0.4792,340.0
anchorrth_n9_pts3-r1,1,13,asia,786,-20534.0,-2.4032,0.8425,0.472,310.0
anchorrth_n9_pts3-r1,1,13,london,1144,-44346.0,-4.3183,0.775,0.451,310.0
anchorrth_n9_pts3-r1,1,13,pre,833,-20122.0,-2.2862,0.8535,0.4754,330.0
anchorrth_n9_pts3-r1,1,13,nyam,964,-5736.0,-0.6066,0.9616,0.5041,310.0
anchorrth_n9_pts3-r1,1,13,mid,407,-9658.0,-1.6504,0.8453,0.4767,310.0
anchorrth_n9_pts3-r1,1,13,pm,234,-13346.0,-3.6281,0.5816,0.3803,920.0
anchorrth_n9_pts3-r2,1,14,all,4733,-131632.0,-4.6574,0.8657,0.3247,920.0
anchorrth_n9_pts3-r2,1,14,eve,829,-21096.0,-1.7286,0.8814,0.3172,340.0
anchorrth_n9_pts3-r2,1,14,asia,689,-29366.0,-2.6873,0.8064,0.299,310.0
anchorrth_n9_pts3-r2,1,14,london,978,-42582.0,-3.2754,0.8024,0.2986,310.0
anchorrth_n9_pts3-r2,1,14,pre,759,-18266.0,-1.5689,0.8869,0.3202,330.0
anchorrth_n9_pts3-r2,1,14,nyam,857,2552.0,0.2042,1.0149,0.3536,310.0
anchorrth_n9_pts3-r2,1,14,mid,391,-11044.0,-1.5487,0.8407,0.3836,310.0
anchorrth_n9_pts3-r2,1,14,pm,230,-11830.0,-2.7633,0.6386,0.3478,920.0
anchorrth_n9_pts3-r3,1,15,all,4578,-72912.0,-2.1705,0.9285,0.2722,920.0
anchorrth_n9_pts3-r3,1,15,eve,807,-768.0,-0.0511,0.9959,0.2602,340.0
anchorrth_n9_pts3-r3,1,15,asia,676,-28474.0,-2.175,0.8263,0.2278,320.0
anchorrth_n9_pts3-r3,1,15,london,920,-31780.0,-2.0688,0.856,0.2359,310.0
anchorrth_n9_pts3-r3,1,15,pre,739,-1826.0,-0.129,0.9892,0.2679,330.0
anchorrth_n9_pts3-r3,1,15,nyam,817,7972.0,0.5519,1.0453,0.2987,310.0
anchorrth_n9_pts3-r3,1,15,mid,389,-5456.0,-0.6776,0.9221,0.3728,310.0
anchorrth_n9_pts3-r3,1,15,pm,230,-12580.0,-2.7766,0.6232,0.3391,920.0
anchorrth_n9_pts5-r0,1,16,all,3714,-46116.0,-0.8579,0.9623,0.3051,920.0
anchorrth_n9_pts5-r0,1,16,eve,636,-44794.0,-1.8874,0.8197,0.2311,530.0
anchorrth_n9_pts5-r0,1,16,asia,593,-15002.0,-0.5996,0.9339,0.2445,520.0
anchorrth_n9_pts5-r0,1,16,london,714,-6056.0,-0.2349,0.9767,0.2773,510.0
anchorrth_n9_pts5-r0,1,16,pre,588,15558.0,0.6785,1.0765,0.3078,540.0
anchorrth_n9_pts5-r0,1,16,nyam,623,14168.0,0.7325,1.0789,0.3676,510.0
anchorrth_n9_pts5-r0,1,16,mid,340,-370.0,-0.0379,0.9948,0.45,510.0
anchorrth_n9_pts5-r0,1,16,pm,220,-9620.0,-1.5223,0.7334,0.3636,920.0
anchorrth_n9_pts5-r1,1,17,all,4086,-116174.0,-3.7459,0.887,0.476,920.0
anchorrth_n9_pts5-r1,1,17,eve,700,-29270.0,-2.1949,0.8471,0.4671,510.0
anchorrth_n9_pts5-r1,1,17,asia,622,-30298.0,-2.4127,0.8241,0.4614,520.0
anchorrth_n9_pts5-r1,1,17,london,833,-19612.0,-1.3479,0.9107,0.485,510.0
anchorrth_n9_pts5-r1,1,17,pre,653,-27282.0,-2.1312,0.8458,0.4655,540.0
anchorrth_n9_pts5-r1,1,17,nyam,712,4242.0,0.3256,1.0252,0.5126,510.0
anchorrth_n9_pts5-r1,1,17,mid,344,-7116.0,-0.9387,0.8933,0.4884,510.0
anchorrth_n9_pts5-r1,1,17,pm,222,-6838.0,-1.4104,0.7918,0.4054,920.0
anchorrth_n9_pts5-r2,1,18,all,3793,-66682.0,-1.669,0.9422,0.3607,920.0
anchorrth_n9_pts5-r2,1,18,eve,657,-7398.0,-0.4083,0.9668,0.3364,510.0
anchorrth_n9_pts5-r2,1,18,asia,593,-26242.0,-1.5687,0.8721,0.3221,520.0
anchorrth_n9_pts5-r2,1,18,london,733,-22342.0,-1.2033,0.9097,0.337,510.0
anchorrth_n9_pts5-r2,1,18,pre,609,-7816.0,-0.4656,0.9603,0.353,540.0
anchorrth_n9_pts5-r2,1,18,nyam,639,6304.0,0.3984,1.0356,0.3975,510.0
anchorrth_n9_pts5-r2,1,18,mid,340,-3400.0,-0.3798,0.9517,0.4529,510.0
anchorrth_n9_pts5-r2,1,18,pm,222,-5788.0,-1.0192,0.8299,0.3874,920.0
anchorrth_n9_pts5-r3,1,19,all,3743,-55882.0,-1.2268,0.9536,0.323,920.0
anchorrth_n9_pts5-r3,1,19,eve,645,-11510.0,-0.5447,0.952,0.2698,510.0
anchorrth_n9_pts5-r3,1,19,asia,593,-21952.0,-1.1155,0.8998,0.2715,520.0
anchorrth_n9_pts5-r3,1,19,london,722,-16628.0,-0.7841,0.9353,0.2978,510.0
anchorrth_n9_pts5-r3,1,19,pre,597,2092.0,0.1092,1.0104,0.3266,540.0
anchorrth_n9_pts5-r3,1,19,nyam,625,-1900.0,-0.1114,0.9895,0.3664,510.0
anchorrth_n9_pts5-r3,1,19,mid,340,2250.0,0.2261,1.0319,0.45,510.0
anchorrth_n9_pts5-r3,1,19,pm,221,-8234.0,-1.364,0.7685,0.371,920.0
anchorrth_n9_pts7-r0,1,20,all,3461,-36284.0,-0.6232,0.9728,0.3727,920.0
anchorrth_n9_pts7-r0,1,20,eve,590,-41010.0,-1.5419,0.8539,0.3119,750.0
anchorrth_n9_pts7-r0,1,20,asia,567,-10588.0,-0.3798,0.9597,0.3245,710.0
anchorrth_n9_pts7-r0,1,20,london,640,-9450.0,-0.3474,0.9661,0.35,710.0
anchorrth_n9_pts7-r0,1,20,pre,553,26328.0,1.0689,1.1209,0.396,750.0
anchorrth_n9_pts7-r0,1,20,nyam,573,10258.0,0.5037,1.0543,0.4241,710.0
anchorrth_n9_pts7-r0,1,20,mid,328,-7102.0,-0.6997,0.905,0.4695,710.0
anchorrth_n9_pts7-r0,1,20,pm,210,-4720.0,-0.7357,0.8505,0.3905,920.0
anchorrth_n9_pts7-r1,1,21,all,3633,-82722.0,-2.1142,0.9291,0.4839,920.0
anchorrth_n9_pts7-r1,1,21,eve,619,-10066.0,-0.5779,0.9544,0.4943,750.0
anchorrth_n9_pts7-r1,1,21,asia,570,-33140.0,-1.9989,0.8449,0.4632,710.0
anchorrth_n9_pts7-r1,1,21,london,696,-17264.0,-0.9466,0.9299,0.4899,710.0
anchorrth_n9_pts7-r1,1,21,pre,587,-20148.0,-1.2326,0.9011,0.4787,750.0
anchorrth_n9_pts7-r1,1,21,nyam,619,12714.0,0.806,1.071,0.5153,710.0
anchorrth_n9_pts7-r1,1,21,mid,330,-10850.0,-1.2198,0.8527,0.4848,710.0
anchorrth_n9_pts7-r1,1,21,pm,212,-3968.0,-0.7916,0.8652,0.4104,920.0
anchorrth_n9_pts7-r2,1,22,all,3494,-34366.0,-0.6992,0.9735,0.3978,920.0
anchorrth_n9_pts7-r2,1,22,eve,600,-9080.0,-0.3953,0.9659,0.3617,750.0
anchorrth_n9_pts7-r2,1,22,asia,567,-16108.0,-0.7369,0.9351,0.3616,710.0
anchorrth_n9_pts7-r2,1,22,london,650,-9300.0,-0.4076,0.9658,0.3862,710.0
anchorrth_n9_pts7-r2,1,22,pre,563,9118.0,0.4442,1.0425,0.4139,750.0
anchorrth_n9_pts7-r2,1,22,nyam,575,-1970.0,-0.1083,0.9896,0.4261,710.0
anchorrth_n9_pts7-r2,1,22,mid,328,-3022.0,-0.2927,0.9595,0.4726,710.0
anchorrth_n9_pts7-r2,1,22,pm,211,-4004.0,-0.6873,0.8702,0.3981,920.0
anchorrth_n9_pts7-r3,1,23,all,3466,-46544.0,-0.8654,0.9649,0.3774,920.0
anchorrth_n9_pts7-r3,1,23,eve,591,-30094.0,-1.2073,0.8914,0.3215,750.0
anchorrth_n9_pts7-r3,1,23,asia,567,-16908.0,-0.6892,0.9348,0.3333,710.0
anchorrth_n9_pts7-r3,1,23,london,642,-10288.0,-0.4106,0.963,0.3567,710.0
anchorrth_n9_pts7-r3,1,23,pre,555,14380.0,0.6351,1.0661,0.3982,750.0
anchorrth_n9_pts7-r3,1,23,nyam,573,7048.0,0.3594,1.0373,0.4241,710.0
anchorrth_n9_pts7-r3,1,23,mid,328,-5052.0,-0.4821,0.9324,0.4695,710.0
anchorrth_n9_pts7-r3,1,23,pm,210,-5630.0,-0.9273,0.8217,0.3905,920.0
anchorrth_n9_pct0p1-r0,1,24,all,5557,-73548.0,-1.6653,0.9223,0.1438,920.0
anchorrth_n9_pct0p1-r0,1,24,eve,984,-26156.0,-1.2801,0.8539,0.0945,220.0
anchorrth_n9_pct0p1-r0,1,24,asia,833,2128.0,0.1014,1.0141,0.0996,310.0
anchorrth_n9_pct0p1-r0,1,24,london,1102,-40618.0,-2.1153,0.7944,0.1034,210.0
anchorrth_n9_pct0p1-r0,1,24,pre,880,5400.0,0.2926,1.0355,0.1364,240.0
anchorrth_n9_pct0p1-r0,1,24,nyam,996,-1224.0,-0.0734,0.9925,0.1717,210.0
anchorrth_n9_pct0p1-r0,1,24,mid,487,-3968.0,-0.4745,0.9429,0.2752,210.0
anchorrth_n9_pct0p1-r0,1,24,pm,275,-9110.0,-1.5309,0.7283,0.3055,920.0
anchorrth_n9_pct0p1-r1,1,25,all,6791,-158184.0,-10.0602,0.7828,0.4622,310.0
anchorrth_n9_pct0p1-r1,1,25,eve,1277,-31788.0,-4.6348,0.7714,0.4597,220.0
anchorrth_n9_pct0p1-r1,1,25,asia,1105,-21490.0,-3.3642,0.8165,0.4733,310.0
anchorrth_n9_pct0p1-r1,1,25,london,1396,-42564.0,-5.9748,0.7265,0.4434,210.0
anchorrth_n9_pct0p1-r1,1,25,pre,1029,-19726.0,-3.2037,0.8187,0.4733,240.0
anchorrth_n9_pct0p1-r1,1,25,nyam,1178,-25932.0,-3.9471,0.7944,0.4669,210.0
anchorrth_n9_pct0p1-r1,1,25,mid,516,-7874.0,-1.8142,0.8513,0.4826,210.0
anchorrth_n9_pct0p1-r1,1,25,pm,290,-8810.0,-2.9728,0.6909,0.4276,210.0
anchorrth_n9_pct0p1-r2,1,26,all,6151,-136424.0,-6.6285,0.8371,0.3173,920.0
anchorrth_n9_pct0p1-r2,1,26,eve,1102,-27588.0,-3.1456,0.8201,0.3094,220.0
anchorrth_n9_pct0p1-r2,1,26,asia,917,-12908.0,-1.5874,0.8959,0.3272,310.0
anchorrth_n9_pct0p1-r2,1,26,london,1285,-35330.0,-3.7605,0.8027,0.3035,210.0
anchorrth_n9_pct0p1-r2,1,26,pre,956,-26494.0,-3.2635,0.8017,0.3033,240.0
anchorrth_n9_pct0p1-r2,1,26,nyam,1120,-14770.0,-1.6472,0.9019,0.3295,210.0
anchorrth_n9_pct0p1-r2,1,26,mid,496,-8864.0,-1.5435,0.8633,0.3407,210.0
anchorrth_n9_pct0p1-r2,1,26,pm,275,-10470.0,-2.8936,0.6709,0.3382,920.0
anchorrth_n9_pct0p1-r3,1,27,all,5835,-119900.0,-4.9525,0.8626,0.2488,920.0
anchorrth_n9_pct0p1-r3,1,27,eve,1035,-22020.0,-2.1171,0.8614,0.2377,220.0
anchorrth_n9_pct0p1-r3,1,27,asia,855,-19260.0,-2.0474,0.8532,0.2363,310.0
anchorrth_n9_pct0p1-r3,1,27,london,1197,-35458.0,-3.2403,0.8087,0.2264,210.0
anchorrth_n9_pct0p1-r3,1,27,pre,924,-19936.0,-2.0382,0.8588,0.237,240.0
anchorrth_n9_pct0p1-r3,1,27,nyam,1061,-3454.0,-0.3211,0.9778,0.2648,210.0
anchorrth_n9_pct0p1-r3,1,27,mid,488,-8812.0,-1.3457,0.8697,0.2971,210.0
anchorrth_n9_pct0p1-r3,1,27,pm,275,-10960.0,-2.7844,0.665,0.32,920.0
anchorrth_n9_pct0p2-r0,1,28,all,4059,-18536.0,-0.3626,0.9835,0.2525,920.0
anchorrth_n9_pct0p2-r0,1,28,eve,702,-35828.0,-1.6153,0.8374,0.1852,420.0
anchorrth_n9_pct0p2-r0,1,28,asia,630,-10670.0,-0.4577,0.946,0.1873,420.0
anchorrth_n9_pct0p2-r0,1,28,london,799,6084.0,0.2434,1.0256,0.2215,420.0
anchorrth_n9_pct0p2-r0,1,28,pre,642,26472.0,1.2166,1.1455,0.2601,430.0
anchorrth_n9_pct0p2-r0,1,28,nyam,711,7366.0,0.3894,1.0404,0.2982,420.0
anchorrth_n9_pct0p2-r0,1,28,mid,351,-1884.0,-0.2039,0.9725,0.4046,410.0
anchorrth_n9_pct0p2-r0,1,28,pm,224,-10076.0,-1.6882,0.7114,0.3527,920.0
anchorrth_n9_pct0p2-r1,1,29,all,4679,-96426.0,-3.7947,0.8936,0.4813,920.0
anchorrth_n9_pct0p2-r1,1,29,eve,816,-19934.0,-1.8393,0.8789,0.4816,420.0
anchorrth_n9_pct0p2-r1,1,29,asia,700,-17070.0,-1.7012,0.8791,0.4786,420.0
anchorrth_n9_pct0p2-r1,1,29,london,1002,-15318.0,-1.2801,0.9221,0.491,420.0
anchorrth_n9_pct0p2-r1,1,29,pre,733,-18862.0,-1.8367,0.8728,0.4775,420.0
anchorrth_n9_pct0p2-r1,1,29,nyam,842,-6358.0,-0.5826,0.9604,0.4988,430.0
anchorrth_n9_pct0p2-r1,1,29,mid,361,-8414.0,-1.2853,0.8667,0.4792,410.0
anchorrth_n9_pct0p2-r1,1,29,pm,225,-10470.0,-2.5137,0.6725,0.3956,920.0
anchorrth_n9_pct0p2-r2,1,30,all,4207,-80208.0,-2.4382,0.9221,0.3411,920.0
anchorrth_n9_pct0p2-r2,1,30,eve,726,-24.0,-0.0017,0.9999,0.343,420.0
anchorrth_n9_pct0p2-r2,1,30,asia,634,-23906.0,-1.8161,0.8587,0.3107,420.0
anchorrth_n9_pct0p2-r2,1,30,london,848,-17652.0,-1.148,0.92,0.3255,420.0
anchorrth_n9_pct0p2-r2,1,30,pre,673,-15192.0,-1.1161,0.9128,0.3254,430.0
anchorrth_n9_pct0p2-r2,1,30,nyam,750,-5130.0,-0.369,0.9714,0.3547,420.0
anchorrth_n9_pct0p2-r2,1,30,mid,351,-7334.0,-0.9379,0.8913,0.416,410.0
anchorrth_n9_pct0p2-r2,1,30,pm,225,-10970.0,-2.2806,0.6787,0.3644,920.0
anchorrth_n9_pct0p2-r3,1,31,all,4117,-61248.0,-1.5898,0.9437,0.2883,920.0
anchorrth_n9_pct0p2-r3,1,31,eve,719,-4346.0,-0.2494,0.9789,0.2601,420.0
anchorrth_n9_pct0p2-r3,1,31,asia,630,-29630.0,-1.8958,0.841,0.2349,420.0
anchorrth_n9_pct0p2-r3,1,31,london,812,-13918.0,-0.7732,0.9396,0.2611,420.0
anchorrth_n9_pct0p2-r3,1,31,pre,659,1694.0,0.1042,1.0094,0.2868,430.0
anchorrth_n9_pct0p2-r3,1,31,nyam,722,-1118.0,-0.0712,0.9938,0.3144,420.0
anchorrth_n9_pct0p2-r3,1,31,mid,351,-1974.0,-0.2261,0.9709,0.4103,410.0
anchorrth_n9_pct0p2-r3,1,31,pm,224,-11956.0,-2.3724,0.6536,0.3571,920.0
anchorsession_n21_atr1p5-r0,2,0,all,7747,-123608.0,-3.4051,0.8341,0.0857,1140.0
anchorsession_n21_atr1p5-r0,2,0,eve,1384,-44566.0,-3.7037,0.552,0.0224,1140.0
anchorsession_n21_atr1p5-r0,2,0,asia,1348,1658.0,0.0999,1.02,0.0289,220.0
anchorsession_n21_atr1p5-r0,2,0,london,1333,-32552.0,-1.9531,0.7437,0.039,310.0
anchorsession_n21_atr1p5-r0,2,0,pre,764,3164.0,0.1952,1.0267,0.1191,530.0
anchorsession_n21_atr1p5-r0,2,0,nyam,890,270.0,0.0179,1.002,0.164,440.0
anchorsession_n21_atr1p5-r0,2,0,mid,994,-27786.0,-3.1247,0.7376,0.1439,660.0
anchorsession_n21_atr1p5-r0,2,0,pm,1034,-23796.0,-3.3475,0.6821,0.1567,440.0
anchorsession_n21_atr1p5-r1,2,1,all,8566,-202434.0,-18.5635,0.6234,0.3927,940.0
anchorsession_n21_atr1p5-r1,2,1,eve,1513,-33292.0,-9.994,0.5089,0.3377,940.0
anchorsession_n21_atr1p5-r1,2,1,asia,1479,-32326.0,-14.5267,0.4479,0.3556,220.0
anchorsession_n21_atr1p5-r1,2,1,london,1440,-37950.0,-10.4722,0.5601,0.3972,310.0
anchorsession_n21_atr1p5-r1,2,1,pre,848,-21342.0,-3.9841,0.7453,0.4387,530.0
anchorsession_n21_atr1p5-r1,2,1,nyam,1016,-22414.0,-3.795,0.7797,0.4656,440.0
anchorsession_n21_atr1p5-r1,2,1,mid,1140,-27090.0,-6.5717,0.6606,0.4298,310.0
anchorsession_n21_atr1p5-r1,2,1,pm,1130,-28020.0,-9.2194,0.5301,0.3717,440.0
anchorsession_n21_atr1p5-r2,2,2,all,8387,-192638.0,-12.9512,0.7021,0.2677,1140.0
anchorsession_n21_atr1p5-r2,2,2,eve,1482,-35558.0,-7.7732,0.564,0.2287,1140.0
anchorsession_n21_atr1p5-r2,2,2,asia,1466,-32994.0,-11.146,0.5278,0.2442,220.0
anchorsession_n21_atr1p5-r2,2,2,london,1433,-40922.0,-8.5147,0.6117,0.2617,310.0
anchorsession_n21_atr1p5-r2,2,2,pre,815,-14750.0,-1.9902,0.853,0.308,530.0
anchorsession_n21_atr1p5-r2,2,2,nyam,982,-14518.0,-1.7792,0.8826,0.3187,440.0
anchorsession_n21_atr1p5-r2,2,2,mid,1095,-28660.0,-5.2352,0.7019,0.2868,310.0
anchorsession_n21_atr1p5-r2,2,2,pm,1114,-25236.0,-6.1175,0.6379,0.2648,440.0
anchorsession_n21_atr1p5-r3,2,3,all,8222,-186038.0,-10.3758,0.7316,0.2035,1140.0
anchorsession_n21_atr1p5-r3,2,3,eve,1469,-39596.0,-7.1167,0.5565,0.1586,1140.0
anchorsession_n21_atr1p5-r3,2,3,asia,1447,-32658.0,-9.2698,0.5651,0.1914,220.0
anchorsession_n21_atr1p5-r3,2,3,london,1421,-44044.0,-7.7805,0.6157,0.1935,310.0
anchorsession_n21_atr1p5-r3,2,3,pre,794,-6996.0,-0.7681,0.9344,0.2456,530.0
anchorsession_n21_atr1p5-r3,2,3,nyam,948,-9872.0,-1.0019,0.9252,0.25,440.0
anchorsession_n21_atr1p5-r3,2,3,mid,1057,-25618.0,-3.8664,0.7469,0.2176,310.0
anchorsession_n21_atr1p5-r3,2,3,pm,1086,-27254.0,-5.8118,0.6326,0.2081,440.0
anchorsession_n21_atr3-r0,2,4,all,6385,-77970.0,-1.7438,0.9222,0.1626,2270.0
anchorsession_n21_atr3-r0,2,4,eve,1196,-57954.0,-3.481,0.6251,0.0493,2270.0
anchorsession_n21_atr3-r0,2,4,asia,1153,-9972.0,-0.5315,0.9205,0.052,440.0
anchorsession_n21_atr3-r0,2,4,london,1124,-32626.0,-1.6271,0.8258,0.0925,620.0
anchorsession_n21_atr3-r0,2,4,pre,602,31432.0,1.5321,1.2079,0.2442,1060.0
anchorsession_n21_atr3-r0,2,4,nyam,711,18296.0,0.9863,1.1076,0.2925,860.0
anchorsession_n21_atr3-r0,2,4,mid,766,-714.0,-0.0598,0.9942,0.3042,810.0
anchorsession_n21_atr3-r0,2,4,pm,833,-26432.0,-3.5115,0.7046,0.2725,870.0
anchorsession_n21_atr3-r1,2,5,all,7529,-166456.0,-8.3594,0.7935,0.4497,2270.0
anchorsession_n21_atr3-r1,2,5,eve,1393,-28632.0,-4.4798,0.7268,0.4372,2270.0
anchorsession_n21_atr3-r1,2,5,asia,1391,-24124.0,-5.4564,0.7274,0.4486,420.0
anchorsession_n21_atr3-r1,2,5,london,1377,-47078.0,-6.8013,0.6778,0.4277,620.0
anchorsession_n21_atr3-r1,2,5,pre,669,-15046.0,-1.5536,0.8781,0.4753,1060.0
anchorsession_n21_atr3-r1,2,5,nyam,826,-12954.0,-1.2332,0.9139,0.4855,810.0
anchorsession_n21_atr3-r1,2,5,mid,894,-15026.0,-2.0625,0.8613,0.4843,610.0
anchorsession_n21_atr3-r1,2,5,pm,979,-23596.0,-4.2333,0.7203,0.4208,870.0
anchorsession_n21_atr3-r2,2,6,all,6972,-146208.0,-5.6657,0.8428,0.3125,2270.0
anchorsession_n21_atr3-r2,2,6,eve,1323,-37292.0,-4.5257,0.7163,0.2744,2270.0
anchorsession_n21_atr3-r2,2,6,asia,1317,-19938.0,-3.2818,0.8142,0.3151,440.0
anchorsession_n21_atr3-r2,2,6,london,1279,-41306.0,-4.5226,0.7549,0.2924,620.0
anchorsession_n21_atr3-r2,2,6,pre,623,-11352.0,-0.8985,0.9212,0.3339,1060.0
anchorsession_n21_atr3-r2,2,6,nyam,747,-258.0,-0.0189,0.9985,0.3574,840.0
anchorsession_n21_atr3-r2,2,6,mid,805,-8590.0,-0.9173,0.9294,0.3491,810.0
anchorsession_n21_atr3-r2,2,6,pm,878,-27472.0,-4.134,0.698,0.3087,870.0
anchorsession_n21_atr3-r3,2,7,all,6734,-98436.0,-3.2686,0.8978,0.2569,2270.0
anchorsession_n21_atr3-r3,2,7,eve,1279,-34186.0,-3.5496,0.7539,0.2088,2270.0
anchorsession_n21_atr3-r3,2,7,asia,1264,-18996.0,-2.6037,0.8343,0.2342,440.0
anchorsession_n21_atr3-r3,2,7,london,1220,-39030.0,-3.6078,0.7798,0.223,620.0
anchorsession_n21_atr3-r3,2,7,pre,613,-372.0,-0.0252,0.9975,0.2855,1060.0
anchorsession_n21_atr3-r3,2,7,nyam,728,14698.0,0.9339,1.0875,0.3228,840.0
anchorsession_n21_atr3-r3,2,7,mid,782,5892.0,0.5318,1.0479,0.321,810.0
anchorsession_n21_atr3-r3,2,7,pm,848,-26442.0,-3.568,0.7094,0.2759,870.0
anchorsession_n21_pts2-r0,2,8,all,5717,-67608.0,-1.5013,0.9318,0.1744,240.0
anchorsession_n21_pts2-r0,2,8,eve,896,-24084.0,-1.1573,0.8603,0.1016,220.0
anchorsession_n21_pts2-r0,2,8,asia,772,3052.0,0.1425,1.0207,0.1062,210.0
anchorsession_n21_pts2-r0,2,8,london,1009,-14976.0,-0.71,0.9212,0.1189,220.0
anchorsession_n21_pts2-r0,2,8,pre,700,10350.0,0.6107,1.0822,0.1571,240.0
anchorsession_n21_pts2-r0,2,8,nyam,850,4210.0,0.2676,1.0288,0.1906,220.0
anchorsession_n21_pts2-r0,2,8,mid,822,-23158.0,-2.2303,0.8183,0.2628,210.0
anchorsession_n21_pts2-r0,2,8,pm,668,-23002.0,-3.2927,0.7178,0.3234,230.0
anchorsession_n21_pts2-r1,2,9,all,6859,-157206.0,-9.3896,0.7961,0.4641,240.0
anchorsession_n21_pts2-r1,2,9,eve,1133,-24862.0,-3.6069,0.8072,0.4687,220.0
anchorsession_n21_pts2-r1,2,9,asia,993,-18602.0,-2.881,0.8329,0.4763,210.0
anchorsession_n21_pts2-r1,2,9,london,1268,-29912.0,-4.1056,0.7942,0.4645,210.0
anchorsession_n21_pts2-r1,2,9,pre,782,-15758.0,-2.7491,0.8215,0.4731,240.0
anchorsession_n21_pts2-r1,2,9,nyam,977,-21328.0,-3.3328,0.808,0.4688,210.0
anchorsession_n21_pts2-r1,2,9,mid,950,-20720.0,-3.3067,0.8063,0.4684,210.0
anchorsession_n21_pts2-r1,2,9,pm,756,-26024.0,-5.1973,0.6703,0.4193,230.0
anchorsession_n21_pts2-r2,2,10,all,6229,-120456.0,-5.4965,0.8629,0.3277,240.0
anchorsession_n21_pts2-r2,2,10,eve,992,-16588.0,-1.844,0.8846,0.3236,220.0
anchorsession_n21_pts2-r2,2,10,asia,838,-9762.0,-1.1734,0.9185,0.3317,210.0
anchorsession_n21_pts2-r2,2,10,london,1153,-19882.0,-2.0521,0.8811,0.3226,210.0
anchorsession_n21_pts2-r2,2,10,pre,745,-16060.0,-2.0741,0.8528,0.3154,240.0
anchorsession_n21_pts2-r2,2,10,nyam,929,-12946.0,-1.4842,0.903,0.3283,210.0
anchorsession_n21_pts2-r2,2,10,mid,877,-20898.0,-2.5885,0.831,0.3307,210.0
anchorsession_n21_pts2-r2,2,10,pm,695,-24320.0,-4.0978,0.7034,0.3453,230.0
anchorsession_n21_pts2-r3,2,11,all,5948,-121152.0,-4.7304,0.8689,0.2599,240.0
anchorsession_n21_pts2-r3,2,11,eve,925,-10940.0,-1.0252,0.9264,0.2497,220.0
anchorsession_n21_pts2-r3,2,11,asia,791,-20704.0,-2.1537,0.8407,0.2326,210.0
anchorsession_n21_pts2-r3,2,11,london,1087,-26128.0,-2.3076,0.8533,0.2346,210.0
anchorsession_n21_pts2-r3,2,11,pre,727,-10918.0,-1.1657,0.9065,0.249,240.0
anchorsession_n21_pts2-r3,2,11,nyam,897,-9608.0,-0.9212,0.9325,0.2575,220.0
anchorsession_n21_pts2-r3,2,11,mid,840,-20700.0,-2.2694,0.8365,0.2821,210.0
anchorsession_n21_pts2-r3,2,11,pm,681,-22154.0,-3.4162,0.7292,0.3333,230.0
anchorsession_n21_pts3-r0,2,12,all,4806,-63824.0,-1.3248,0.9422,0.2366,1080.0
anchorsession_n21_pts3-r0,2,12,eve,744,-34026.0,-1.5438,0.8305,0.1398,310.0
anchorsession_n21_pts3-r0,2,12,asia,646,-5894.0,-0.2614,0.9658,0.1486,320.0
anchorsession_n21_pts3-r0,2,12,london,825,-25130.0,-1.1689,0.8823,0.1733,310.0
anchorsession_n21_pts3-r0,2,12,pre,600,19030.0,0.9939,1.1309,0.2233,320.0
anchorsession_n21_pts3-r0,2,12,nyam,742,11672.0,0.6637,1.0701,0.2668,340.0
anchorsession_n21_pts3-r0,2,12,mid,667,-8858.0,-0.7766,0.9286,0.3658,310.0
anchorsession_n21_pts3-r0,2,12,pm,582,-20618.0,-2.7007,0.7447,0.3746,1080.0
anchorsession_n21_pts3-r1,2,13,all,5578,-134822.0,-6.0761,0.8477,0.4708,1080.0
anchorsession_n21_pts3-r1,2,13,eve,893,-15072.0,-1.6532,0.8952,0.4871,310.0
anchorsession_n21_pts3-r1,2,13,asia,754,-15966.0,-1.9064,0.8703,0.4801,310.0
anchorsession_n21_pts3-r1,2,13,london,1022,-26338.0,-2.7034,0.8444,0.4726,310.0
anchorsession_n21_pts3-r1,2,13,pre,670,-10350.0,-1.31,0.9037,0.4896,320.0
anchorsession_n21_pts3-r1,2,13,nyam,862,-24948.0,-2.7946,0.8266,0.4675,300.0
anchorsession_n21_pts3-r1,2,13,mid,746,-18184.0,-2.2625,0.8445,0.4732,310.0
anchorsession_n21_pts3-r1,2,13,pm,631,-23964.0,-3.9012,0.7036,0.4152,1080.0
anchorsession_n21_pts3-r2,2,14,all,5039,-124606.0,-4.359,0.8762,0.336,1080.0
anchorsession_n21_pts3-r2,2,14,eve,779,-10756.0,-0.9001,0.9344,0.3299,310.0
anchorsession_n21_pts3-r2,2,14,asia,663,-30282.0,-2.8345,0.7935,0.2956,310.0
anchorsession_n21_pts3-r2,2,14,london,898,-29982.0,-2.3789,0.8463,0.3085,310.0
anchorsession_n21_pts3-r2,2,14,pre,628,-16652.0,-1.5761,0.8759,0.3169,320.0
anchorsession_n21_pts3-r2,2,14,nyam,792,-7928.0,-0.6682,0.9509,0.3434,340.0
anchorsession_n21_pts3-r2,2,14,mid,684,-8826.0,-0.8851,0.9286,0.386,310.0
anchorsession_n21_pts3-r2,2,14,pm,595,-20180.0,-2.8618,0.7515,0.3832,1080.0
anchorsession_n21_pts3-r3,2,15,all,4891,-82334.0,-2.4553,0.9213,0.2887,1080.0
anchorsession_n21_pts3-r3,2,15,eve,760,-6080.0,-0.4204,0.9658,0.2553,310.0
anchorsession_n21_pts3-r3,2,15,asia,649,-26696.0,-2.0725,0.8307,0.2265,320.0
anchorsession_n21_pts3-r3,2,15,london,847,-27778.0,-1.8793,0.8631,0.2373,310.0
anchorsession_n21_pts3-r3,2,15,pre,612,1922.0,0.1487,1.0139,0.2761,320.0
anchorsession_n21_pts3-r3,2,15,nyam,763,-6802.0,-0.5021,0.9589,0.2936,340.0
anchorsession_n21_pts3-r3,2,15,mid,672,582.0,0.0526,1.0047,0.378,310.0
anchorsession_n21_pts3-r3,2,15,pm,588,-17482.0,-2.2994,0.784,0.3793,1080.0
anchorsession_n21_pts5-r0,2,16,all,4041,-27764.0,-0.5144,0.9777,0.3267,1080.0
anchorsession_n21_pts5-r0,2,16,eve,624,-47826.0,-1.9576,0.8058,0.226,530.0
anchorsession_n21_pts5-r0,2,16,asia,578,1018.0,0.0404,1.0047,0.2595,530.0
anchorsession_n21_pts5-r0,2,16,london,644,-14146.0,-0.5828,0.9401,0.2671,560.0
anchorsession_n21_pts5-r0,2,16,pre,525,10590.0,0.4945,1.0584,0.3105,530.0
anchorsession_n21_pts5-r0,2,16,nyam,583,26828.0,1.3911,1.1606,0.3774,510.0
anchorsession_n21_pts5-r0,2,16,mid,559,4984.0,0.3659,1.0408,0.4562,510.0
anchorsession_n21_pts5-r0,2,16,pm,528,-9212.0,-1.0645,0.8776,0.4148,1080.0
anchorsession_n21_pts5-r1,2,17,all,4386,-87564.0,-2.8033,0.9157,0.4804,1080.0
anchorsession_n21_pts5-r1,2,17,eve,686,-13984.0,-1.0573,0.9224,0.4883,510.0
anchorsession_n21_pts5-r1,2,17,asia,606,-19054.0,-1.534,0.8827,0.4785,530.0
anchorsession_n21_pts5-r1,2,17,london,745,-10720.0,-0.7788,0.9444,0.494,560.0
anchorsession_n21_pts5-r1,2,17,pre,561,-28474.0,-2.4027,0.816,0.4563,530.0
anchorsession_n21_pts5-r1,2,17,nyam,650,-3530.0,-0.2839,0.9775,0.5,510.0
anchorsession_n21_pts5-r1,2,17,mid,589,-1186.0,-0.1142,0.9898,0.5025,510.0
anchorsession_n21_pts5-r1,2,17,pm,549,-10616.0,-1.4365,0.8594,0.4317,1080.0
anchorsession_n21_pts5-r2,2,18,all,4116,-33544.0,-0.8341,0.9713,0.3785,1080.0
anchorsession_n21_pts5-r2,2,18,eve,635,-18500.0,-1.0506,0.9155,0.326,510.0
anchorsession_n21_pts5-r2,2,18,asia,579,-11666.0,-0.6962,0.9403,0.3368,530.0
anchorsession_n21_pts5-r2,2,18,london,662,-16248.0,-0.9173,0.9269,0.3369,560.0
anchorsession_n21_pts5-r2,2,18,pre,539,-11836.0,-0.7595,0.9322,0.3581,530.0
anchorsession_n21_pts5-r2,2,18,nyam,601,21546.0,1.3706,1.1327,0.416,510.0
anchorsession_n21_pts5-r2,2,18,mid,564,10214.0,0.825,1.0858,0.4699,510.0
anchorsession_n21_pts5-r2,2,18,pm,536,-7054.0,-0.8444,0.9071,0.4198,1080.0
anchorsession_n21_pts5-r3,2,19,all,4068,-47432.0,-1.0437,0.9613,0.3419,1080.0
anchorsession_n21_pts5-r3,2,19,eve,629,-23126.0,-1.1242,0.9023,0.2623,510.0
anchorsession_n21_pts5-r3,2,19,asia,578,-7752.0,-0.3927,0.963,0.2855,530.0
anchorsession_n21_pts5-r3,2,19,london,650,-28200.0,-1.4263,0.8798,0.2831,560.0
anchorsession_n21_pts5-r3,2,19,pre,533,-9152.0,-0.5159,0.9496,0.3227,530.0
anchorsession_n21_pts5-r3,2,19,nyam,586,18006.0,1.0438,1.1081,0.384,510.0
anchorsession_n21_pts5-r3,2,19,mid,560,7870.0,0.601,1.0652,0.4607,510.0
anchorsession_n21_pts5-r3,2,19,pm,532,-5078.0,-0.5736,0.9327,0.4173,1080.0
anchorsession_n21_pts7-r0,2,20,all,3798,-36092.0,-0.6248,0.9734,0.3839,1080.0
anchorsession_n21_pts7-r0,2,20,eve,577,-59448.0,-2.3141,0.7872,0.3016,750.0
anchorsession_n21_pts7-r0,2,20,asia,559,8034.0,0.2884,1.0319,0.3453,720.0
anchorsession_n21_pts7-r0,2,20,london,588,-9972.0,-0.3811,0.961,0.3469,710.0
anchorsession_n21_pts7-r0,2,20,pre,497,13472.0,0.5833,1.068,0.3863,710.0
anchorsession_n21_pts7-r0,2,20,nyam,527,23572.0,1.1792,1.1384,0.4269,740.0
anchorsession_n21_pts7-r0,2,20,mid,529,-1126.0,-0.0793,0.991,0.4745,710.0
anchorsession_n21_pts7-r0,2,20,pm,521,-10624.0,-1.194,0.8606,0.4203,1080.0
anchorsession_n21_pts7-r1,2,21,all,3948,-63062.0,-1.6088,0.9465,0.482,1080.0
anchorsession_n21_pts7-r1,2,21,eve,596,-11604.0,-0.6788,0.9457,0.4916,750.0
anchorsession_n21_pts7-r1,2,21,asia,564,-12256.0,-0.7413,0.939,0.4894,720.0
anchorsession_n21_pts7-r1,2,21,london,636,-624.0,-0.0357,0.9971,0.5,710.0
anchorsession_n21_pts7-r1,2,21,pre,519,-27886.0,-1.8108,0.8502,0.4624,710.0
anchorsession_n21_pts7-r1,2,21,nyam,560,1720.0,0.1159,1.0105,0.4982,740.0
anchorsession_n21_pts7-r1,2,21,mid,542,-2528.0,-0.2109,0.9791,0.4963,710.0
anchorsession_n21_pts7-r1,2,21,pm,531,-9884.0,-1.2252,0.8696,0.4294,1080.0
anchorsession_n21_pts7-r2,2,22,all,3829,-20806.0,-0.4243,0.9841,0.4077,1080.0
anchorsession_n21_pts7-r2,2,22,eve,582,-23568.0,-1.0558,0.9101,0.3522,750.0
anchorsession_n21_pts7-r2,2,22,asia,559,2834.0,0.1287,1.0119,0.3792,720.0
anchorsession_n21_pts7-r2,2,22,london,594,-13476.0,-0.6246,0.9456,0.3788,700.0
anchorsession_n21_pts7-r2,2,22,pre,506,-5214.0,-0.2705,0.9736,0.4032,710.0
anchorsession_n21_pts7-r2,2,22,nyam,533,22238.0,1.2413,1.1334,0.4447,740.0
anchorsession_n21_pts7-r2,2,22,mid,529,2424.0,0.1794,1.0197,0.482,710.0
anchorsession_n21_pts7-r2,2,22,pm,526,-6044.0,-0.6678,0.9209,0.424,1080.0
anchorsession_n21_pts7-r3,2,23,all,3804,-47426.0,-0.89,0.9648,0.3888,1080.0
anchorsession_n21_pts7-r3,2,23,eve,578,-52782.0,-2.2159,0.8086,0.3114,750.0
anchorsession_n21_pts7-r3,2,23,asia,559,4504.0,0.1822,1.0181,0.3542,720.0
anchorsession_n21_pts7-r3,2,23,london,589,-17226.0,-0.7279,0.9324,0.3514,710.0
anchorsession_n21_pts7-r3,2,23,pre,500,4700.0,0.2202,1.0237,0.39,710.0
anchorsession_n21_pts7-r3,2,23,nyam,528,21348.0,1.1128,1.1259,0.4299,740.0
anchorsession_n21_pts7-r3,2,23,mid,529,3424.0,0.2416,1.0276,0.4783,710.0
anchorsession_n21_pts7-r3,2,23,pm,521,-11394.0,-1.313,0.8505,0.4203,1080.0
anchorsession_n21_pct0p1-r0,2,24,all,5891,-75674.0,-1.7068,0.9221,0.164,240.0
anchorsession_n21_pct0p1-r0,2,24,eve,927,-21898.0,-1.0618,0.8699,0.0971,220.0
anchorsession_n21_pct0p1-r0,2,24,asia,804,1664.0,0.0785,1.0115,0.0995,210.0
anchorsession_n21_pct0p1-r0,2,24,london,1039,-21536.0,-1.0537,0.8842,0.1088,210.0
anchorsession_n21_pct0p1-r0,2,24,pre,714,13344.0,0.7889,1.1099,0.1485,240.0
anchorsession_n21_pct0p1-r0,2,24,nyam,870,-2320.0,-0.1537,0.9838,0.177,220.0
anchorsession_n21_pct0p1-r0,2,24,mid,844,-23806.0,-2.2613,0.8115,0.2405,210.0
anchorsession_n21_pct0p1-r0,2,24,pm,693,-21122.0,-3.0264,0.7396,0.3175,230.0
anchorsession_n21_pct0p1-r1,2,25,all,7069,-165946.0,-10.4144,0.7794,0.46,240.0
anchorsession_n21_pct0p1-r1,2,25,eve,1172,-22648.0,-3.4416,0.8176,0.4744,220.0
anchorsession_n21_pct0p1-r1,2,25,asia,1035,-17150.0,-2.7773,0.8412,0.4792,210.0
anchorsession_n21_pct0p1-r1,2,25,london,1294,-33766.0,-4.9046,0.7613,0.456,210.0
anchorsession_n21_pct0p1-r1,2,25,pre,796,-18134.0,-3.3565,0.7881,0.4623,240.0
anchorsession_n21_pct0p1-r1,2,25,nyam,994,-24496.0,-4.0556,0.7731,0.4598,210.0
anchorsession_n21_pct0p1-r1,2,25,mid,984,-24526.0,-4.0942,0.7698,0.4563,210.0
anchorsession_n21_pct0p1-r1,2,25,pm,794,-25226.0,-5.1938,0.6784,0.4232,230.0
anchorsession_n21_pct0p1-r2,2,26,all,6444,-130196.0,-6.2347,0.8485,0.3237,240.0
anchorsession_n21_pct0p1-r2,2,26,eve,1031,-15374.0,-1.7852,0.89,0.3269,220.0
anchorsession_n21_pct0p1-r2,2,26,asia,886,-8364.0,-1.0423,0.9292,0.3352,210.0
anchorsession_n21_pct0p1-r2,2,26,london,1186,-23664.0,-2.5847,0.8545,0.3179,210.0
anchorsession_n21_pct0p1-r2,2,26,pre,761,-15624.0,-2.134,0.8502,0.3154,240.0
anchorsession_n21_pct0p1-r2,2,26,nyam,946,-19224.0,-2.3519,0.8518,0.3161,210.0
anchorsession_n21_pct0p1-r2,2,26,mid,906,-23684.0,-3.0719,0.8061,0.319,210.0
anchorsession_n21_pct0p1-r2,2,26,pm,728,-24262.0,-4.164,0.7068,0.3393,230.0
anchorsession_n21_pct0p1-r3,2,27,all,6156,-114334.0,-4.6526,0.873,0.258,240.0
anchorsession_n21_pct0p1-r3,2,27,eve,969,-10986.0,-1.0725,0.9248,0.2508,220.0
anchorsession_n21_pct0p1-r3,2,27,asia,828,-18742.0,-2.0255,0.8523,0.2355,210.0
anchorsession_n21_pct0p1-r3,2,27,london,1125,-25210.0,-2.3357,0.8541,0.2364,210.0
anchorsession_n21_pct0p1-r3,2,27,pre,743,-3502.0,-0.3878,0.9682,0.2598,240.0
anchorsession_n21_pct0p1-r3,2,27,nyam,917,-16218.0,-1.6577,0.8832,0.2454,210.0
anchorsession_n21_pct0p1-r3,2,27,mid,868,-19342.0,-2.182,0.8446,0.2707,210.0
anchorsession_n21_pct0p1-r3,2,27,pm,706,-20334.0,-3.166,0.7503,0.3272,230.0
anchorsession_n21_pct0p2-r0,2,28,all,4416,-29964.0,-0.5954,0.974,0.2788,1080.0
anchorsession_n21_pct0p2-r0,2,28,eve,678,-42462.0,-1.9183,0.8019,0.1785,430.0
anchorsession_n21_pct0p2-r0,2,28,asia,616,-7614.0,-0.3329,0.9602,0.1948,430.0
anchorsession_n21_pct0p2-r0,2,28,london,727,2312.0,0.0985,1.0107,0.2242,450.0
anchorsession_n21_pct0p2-r0,2,28,pre,559,16644.0,0.8293,1.1047,0.2576,410.0
anchorsession_n21_pct0p2-r0,2,28,nyam,676,15336.0,0.8491,1.0902,0.3225,420.0
anchorsession_n21_pct0p2-r0,2,28,mid,604,2244.0,0.1729,1.0183,0.4073,420.0
anchorsession_n21_pct0p2-r0,2,28,pm,556,-16424.0,-1.956,0.7951,0.3939,1080.0
anchorsession_n21_pct0p2-r1,2,29,all,4988,-92662.0,-3.598,0.9008,0.4814,1080.0
anchorsession_n21_pct0p2-r1,2,29,eve,788,-15092.0,-1.4173,0.9038,0.4873,420.0
anchorsession_n21_pct0p2-r1,2,29,asia,682,-10438.0,-1.0536,0.9223,0.4912,430.0
anchorsession_n21_pct0p2-r1,2,29,london,881,-7224.0,-0.6426,0.9575,0.5017,450.0
anchorsession_n21_pct0p2-r1,2,29,pre,609,-20376.0,-2.1806,0.8377,0.4663,410.0
anchorsession_n21_pct0p2-r1,2,29,nyam,775,-8570.0,-0.8177,0.9425,0.4968,420.0
anchorsession_n21_pct0p2-r1,2,29,mid,658,-9002.0,-0.9929,0.9225,0.4939,420.0
anchorsession_n21_pct0p2-r1,2,29,pm,595,-21960.0,-3.2286,0.7331,0.4134,1080.0
anchorsession_n21_pct0p2-r2,2,30,all,4546,-74394.0,-2.2413,0.9299,0.355,1080.0
anchorsession_n21_pct0p2-r2,2,30,eve,699,-2376.0,-0.1675,0.9867,0.3391,420.0
anchorsession_n21_pct0p2-r2,2,30,asia,620,-24780.0,-1.9075,0.8507,0.3097,430.0
anchorsession_n21_pct0p2-r2,2,30,london,773,-10232.0,-0.6941,0.9486,0.3312,450.0
anchorsession_n21_pct0p2-r2,2,30,pre,575,-15510.0,-1.2409,0.896,0.3252,410.0
anchorsession_n21_pct0p2-r2,2,30,nyam,699,-2156.0,-0.161,0.9869,0.3691,420.0
anchorsession_n21_pct0p2-r2,2,30,mid,614,-926.0,-0.0841,0.9924,0.4218,420.0
anchorsession_n21_pct0p2-r2,2,30,pm,566,-18414.0,-2.4146,0.774,0.3975,1080.0
anchorsession_n21_pct0p2-r3,2,31,all,4472,-45838.0,-1.1842,0.9589,0.3119,1080.0
anchorsession_n21_pct0p2-r3,2,31,eve,687,-17978.0,-1.0773,0.9099,0.2475,420.0
anchorsession_n21_pct0p2-r3,2,31,asia,616,-24844.0,-1.598,0.8628,0.2403,430.0
anchorsession_n21_pct0p2-r3,2,31,london,740,-13020.0,-0.7597,0.9379,0.2622,450.0
anchorsession_n21_pct0p2-r3,2,31,pre,571,-1594.0,-0.1059,0.9898,0.2872,410.0
anchorsession_n21_pct0p2-r3,2,31,nyam,689,21174.0,1.345,1.1272,0.3512,420.0
anchorsession_n21_pct0p2-r3,2,31,mid,607,4932.0,0.4129,1.0409,0.4185,420.0
anchorsession_n21_pct0p2-r3,2,31,pm,562,-14508.0,-1.7714,0.8203,0.3968,1080.0
anchorrth_n21_atr1p5-r0,3,0,all,6544,-98076.0,-2.783,0.8469,0.0724,1140.0
anchorrth_n21_atr1p5-r0,3,0,eve,1384,-44566.0,-3.7037,0.552,0.0224,1140.0
anchorrth_n21_atr1p5-r0,3,0,asia,1348,1658.0,0.0999,1.02,0.0289,220.0
anchorrth_n21_atr1p5-r0,3,0,london,1333,-32552.0,-1.9531,0.7437,0.039,310.0
anchorrth_n21_atr1p5-r0,3,0,pre,764,3164.0,0.1952,1.0267,0.1191,530.0
anchorrth_n21_atr1p5-r0,3,0,nyam,890,270.0,0.0179,1.002,0.164,440.0
anchorrth_n21_atr1p5-r0,3,0,mid,503,-12782.0,-2.143,0.7431,0.1412,820.0
anchorrth_n21_atr1p5-r0,3,0,pm,322,-13268.0,-3.1105,0.4984,0.1366,530.0
anchorrth_n21_atr1p5-r1,3,1,all,7122,-172668.0,-16.9499,0.6188,0.3888,940.0
anchorrth_n21_atr1p5-r1,3,1,eve,1513,-33292.0,-9.994,0.5089,0.3377,940.0
anchorrth_n21_atr1p5-r1,3,1,asia,1479,-32326.0,-14.5267,0.4479,0.3556,220.0
anchorrth_n21_atr1p5-r1,3,1,london,1440,-37950.0,-10.4722,0.5601,0.3972,310.0
anchorrth_n21_atr1p5-r1,3,1,pre,848,-21342.0,-3.9841,0.7453,0.4387,530.0
anchorrth_n21_atr1p5-r1,3,1,nyam,1016,-22414.0,-3.795,0.7797,0.4656,440.0
anchorrth_n21_atr1p5-r1,3,1,mid,504,-14906.0,-5.6819,0.5721,0.3929,350.0
anchorrth_n21_atr1p5-r1,3,1,pm,322,-10438.0,-5.1125,0.4757,0.3634,530.0
anchorrth_n21_atr1p5-r2,3,2,all,7003,-163862.0,-11.7433,0.6999,0.2645,1140.0
anchorrth_n21_atr1p5-r2,3,2,eve,1482,-35558.0,-7.7732,0.564,0.2287,1140.0
anchorrth_n21_atr1p5-r2,3,2,asia,1466,-32994.0,-11.146,0.5278,0.2442,220.0
anchorrth_n21_atr1p5-r2,3,2,london,1433,-40922.0,-8.5147,0.6117,0.2617,310.0
anchorrth_n21_atr1p5-r2,3,2,pre,815,-14750.0,-1.9902,0.853,0.308,530.0
anchorrth_n21_atr1p5-r2,3,2,nyam,982,-14518.0,-1.7792,0.8826,0.3187,440.0
anchorrth_n21_atr1p5-r2,3,2,mid,503,-14882.0,-4.0153,0.6482,0.2664,350.0
anchorrth_n21_atr1p5-r2,3,2,pm,322,-10238.0,-3.9602,0.5547,0.2547,530.0
anchorrth_n21_atr1p5-r3,3,3,all,6904,-159086.0,-9.4697,0.7296,0.2006,1140.0
anchorrth_n21_atr1p5-r3,3,3,eve,1469,-39596.0,-7.1167,0.5565,0.1586,1140.0
anchorrth_n21_atr1p5-r3,3,3,asia,1447,-32658.0,-9.2698,0.5651,0.1914,220.0
anchorrth_n21_atr1p5-r3,3,3,london,1421,-44044.0,-7.7805,0.6157,0.1935,310.0
anchorrth_n21_atr1p5-r3,3,3,pre,794,-6996.0,-0.7681,0.9344,0.2456,530.0
anchorrth_n21_atr1p5-r3,3,3,nyam,948,-9872.0,-1.0019,0.9252,0.25,440.0
anchorrth_n21_atr1p5-r3,3,3,mid,503,-16742.0,-4.1607,0.6396,0.2068,820.0
anchorrth_n21_atr1p5-r3,3,3,pm,322,-9178.0,-2.8492,0.6226,0.1988,530.0
anchorrth_n21_atr3-r0,3,4,all,5506,-59594.0,-1.3674,0.9326,0.1429,2270.0
anchorrth_n21_atr3-r0,3,4,eve,1196,-57954.0,-3.481,0.6251,0.0493,2270.0
anchorrth_n21_atr3-r0,3,4,asia,1153,-9972.0,-0.5315,0.9205,0.052,440.0
anchorrth_n21_atr3-r0,3,4,london,1124,-32626.0,-1.6271,0.8258,0.0925,620.0
anchorrth_n21_atr3-r0,3,4,pre,602,31432.0,1.5321,1.2079,0.2442,1060.0
anchorrth_n21_atr3-r0,3,4,nyam,711,18296.0,0.9863,1.1076,0.2925,860.0
anchorrth_n21_atr3-r0,3,4,mid,419,-3426.0,-0.4222,0.9456,0.3055,1050.0
anchorrth_n21_atr3-r0,3,4,pm,301,-5344.0,-0.9186,0.8371,0.2691,850.0
anchorrth_n21_atr3-r1,3,5,all,6390,-142690.0,-7.6328,0.7931,0.4498,2270.0
anchorrth_n21_atr3-r1,3,5,eve,1393,-28632.0,-4.4798,0.7268,0.4372,2270.0
anchorrth_n21_atr3-r1,3,5,asia,1391,-24124.0,-5.4564,0.7274,0.4486,420.0
anchorrth_n21_atr3-r1,3,5,london,1377,-47078.0,-6.8013,0.6778,0.4277,620.0
anchorrth_n21_atr3-r1,3,5,pre,669,-15046.0,-1.5536,0.8781,0.4753,1060.0
anchorrth_n21_atr3-r1,3,5,nyam,826,-12954.0,-1.2332,0.9139,0.4855,810.0
anchorrth_n21_atr3-r1,3,5,mid,433,-8942.0,-1.8322,0.8196,0.4781,610.0
anchorrth_n21_atr3-r1,3,5,pm,301,-5914.0,-1.62,0.7806,0.4186,850.0
anchorrth_n21_atr3-r2,3,6,all,6011,-126084.0,-5.1814,0.8442,0.3109,2270.0
anchorrth_n21_atr3-r2,3,6,eve,1323,-37292.0,-4.5257,0.7163,0.2744,2270.0
anchorrth_n21_atr3-r2,3,6,asia,1317,-19938.0,-3.2818,0.8142,0.3151,440.0
anchorrth_n21_atr3-r2,3,6,london,1279,-41306.0,-4.5226,0.7549,0.2924,620.0
anchorrth_n21_atr3-r2,3,6,pre,623,-11352.0,-0.8985,0.9212,0.3339,1060.0
anchorrth_n21_atr3-r2,3,6,nyam,747,-258.0,-0.0189,0.9985,0.3574,840.0
anchorrth_n21_atr3-r2,3,6,mid,421,-10874.0,-1.8451,0.8168,0.3658,1050.0
anchorrth_n21_atr3-r2,3,6,pm,301,-5064.0,-1.0449,0.8416,0.2924,850.0
anchorrth_n21_atr3-r3,3,7,all,5824,-90006.0,-3.1772,0.8933,0.2517,2270.0
anchorrth_n21_atr3-r3,3,7,eve,1279,-34186.0,-3.5496,0.7539,0.2088,2270.0
anchorrth_n21_atr3-r3,3,7,asia,1264,-18996.0,-2.6037,0.8343,0.2342,440.0
anchorrth_n21_atr3-r3,3,7,london,1220,-39030.0,-3.6078,0.7798,0.223,620.0
anchorrth_n21_atr3-r3,3,7,pre,613,-372.0,-0.0252,0.9975,0.2855,1060.0
anchorrth_n21_atr3-r3,3,7,nyam,728,14698.0,0.9339,1.0875,0.3228,840.0
anchorrth_n21_atr3-r3,3,7,mid,419,-7856.0,-1.1575,0.8732,0.3294,1050.0
anchorrth_n21_atr3-r3,3,7,pm,301,-4264.0,-0.8096,0.8685,0.2757,850.0
anchorrth_n21_pts2-r0,3,8,all,4900,-34150.0,-0.7716,0.961,0.1567,1040.0
anchorrth_n21_pts2-r0,3,8,eve,896,-24084.0,-1.1573,0.8603,0.1016,220.0
anchorrth_n21_pts2-r0,3,8,asia,772,3052.0,0.1425,1.0207,0.1062,210.0
anchorrth_n21_pts2-r0,3,8,london,1009,-14976.0,-0.71,0.9212,0.1189,220.0
anchorrth_n21_pts2-r0,3,8,pre,700,10350.0,0.6107,1.0822,0.1571,240.0
anchorrth_n21_pts2-r0,3,8,nyam,850,4210.0,0.2676,1.0288,0.1906,220.0
anchorrth_n21_pts2-r0,3,8,mid,422,1592.0,0.1987,1.0263,0.3175,210.0
anchorrth_n21_pts2-r0,3,8,pm,251,-14294.0,-2.9659,0.5651,0.2749,1040.0
anchorrth_n21_pts2-r1,3,9,all,5836,-132714.0,-8.5199,0.7994,0.4657,1040.0
anchorrth_n21_pts2-r1,3,9,eve,1133,-24862.0,-3.6069,0.8072,0.4687,220.0
anchorrth_n21_pts2-r1,3,9,asia,993,-18602.0,-2.881,0.8329,0.4763,210.0
anchorrth_n21_pts2-r1,3,9,london,1268,-29912.0,-4.1056,0.7942,0.4645,210.0
anchorrth_n21_pts2-r1,3,9,pre,782,-15758.0,-2.7491,0.8215,0.4731,240.0
anchorrth_n21_pts2-r1,3,9,nyam,977,-21328.0,-3.3328,0.808,0.4688,210.0
anchorrth_n21_pts2-r1,3,9,mid,432,-7008.0,-1.6594,0.8514,0.4838,210.0
anchorrth_n21_pts2-r1,3,9,pm,251,-15244.0,-5.213,0.4845,0.3506,1040.0
anchorrth_n21_pts2-r2,3,10,all,5331,-95854.0,-4.6599,0.8742,0.3264,1040.0
anchorrth_n21_pts2-r2,3,10,eve,992,-16588.0,-1.844,0.8846,0.3236,220.0
anchorrth_n21_pts2-r2,3,10,asia,838,-9762.0,-1.1734,0.9185,0.3317,210.0
anchorrth_n21_pts2-r2,3,10,london,1153,-19882.0,-2.0521,0.8811,0.3226,210.0
anchorrth_n21_pts2-r2,3,10,pre,745,-16060.0,-2.0741,0.8528,0.3154,240.0
anchorrth_n21_pts2-r2,3,10,nyam,929,-12946.0,-1.4842,0.903,0.3283,210.0
anchorrth_n21_pts2-r2,3,10,mid,423,-6922.0,-1.2484,0.8785,0.3617,210.0
anchorrth_n21_pts2-r2,3,10,pm,251,-13694.0,-3.8902,0.566,0.3028,1040.0
anchorrth_n21_pts2-r3,3,11,all,5100,-95840.0,-3.9578,0.8812,0.2541,1040.0
anchorrth_n21_pts2-r3,3,11,eve,925,-10940.0,-1.0252,0.9264,0.2497,220.0
anchorrth_n21_pts2-r3,3,11,asia,791,-20704.0,-2.1537,0.8407,0.2326,210.0
anchorrth_n21_pts2-r3,3,11,london,1087,-26128.0,-2.3076,0.8533,0.2346,210.0
anchorrth_n21_pts2-r3,3,11,pre,727,-10918.0,-1.1657,0.9065,0.249,240.0
anchorrth_n21_pts2-r3,3,11,nyam,897,-9608.0,-0.9212,0.9325,0.2575,220.0
anchorrth_n21_pts2-r3,3,11,mid,422,-2958.0,-0.4598,0.9498,0.3365,210.0
anchorrth_n21_pts2-r3,3,11,pm,251,-14584.0,-3.8954,0.5474,0.2869,1040.0
anchorrth_n21_pts3-r0,3,12,all,4122,-35518.0,-0.7492,0.9641,0.2149,1040.0
anchorrth_n21_pts3-r0,3,12,eve,744,-34026.0,-1.5438,0.8305,0.1398,310.0
anchorrth_n21_pts3-r0,3,12,asia,646,-5894.0,-0.2614,0.9658,0.1486,320.0
anchorrth_n21_pts3-r0,3,12,london,825,-25130.0,-1.1689,0.8823,0.1733,310.0
anchorrth_n21_pts3-r0,3,12,pre,600,19030.0,0.9939,1.1309,0.2233,320.0
anchorrth_n21_pts3-r0,3,12,nyam,742,11672.0,0.6637,1.0701,0.2668,340.0
anchorrth_n21_pts3-r0,3,12,mid,353,8398.0,0.9056,1.1418,0.4079,320.0
anchorrth_n21_pts3-r0,3,12,pm,212,-9568.0,-1.7887,0.6875,0.316,1040.0
anchorrth_n21_pts3-r1,3,13,all,4773,-107232.0,-5.1581,0.8602,0.476,1040.0
anchorrth_n21_pts3-r1,3,13,eve,893,-15072.0,-1.6532,0.8952,0.4871,310.0
anchorrth_n21_pts3-r1,3,13,asia,754,-15966.0,-1.9064,0.8703,0.4801,310.0
anchorrth_n21_pts3-r1,3,13,london,1022,-26338.0,-2.7034,0.8444,0.4726,310.0
anchorrth_n21_pts3-r1,3,13,pre,670,-10350.0,-1.31,0.9037,0.4896,320.0
anchorrth_n21_pts3-r1,3,13,nyam,862,-24948.0,-2.7946,0.8266,0.4675,300.0
anchorrth_n21_pts3-r1,3,13,mid,360,-1360.0,-0.2492,0.9731,0.5167,300.0
anchorrth_n21_pts3-r1,3,13,pm,212,-13198.0,-3.802,0.5425,0.3538,1040.0
anchorrth_n21_pts3-r2,3,14,all,4325,-107600.0,-3.9766,0.8789,0.3283,1040.0
anchorrth_n21_pts3-r2,3,14,eve,779,-10756.0,-0.9001,0.9344,0.3299,310.0
anchorrth_n21_pts3-r2,3,14,asia,663,-30282.0,-2.8345,0.7935,0.2956,310.0
anchorrth_n21_pts3-r2,3,14,london,898,-29982.0,-2.3789,0.8463,0.3085,310.0
anchorrth_n21_pts3-r2,3,14,pre,628,-16652.0,-1.5761,0.8759,0.3169,320.0
anchorrth_n21_pts3-r2,3,14,nyam,792,-7928.0,-0.6682,0.9509,0.3434,340.0
anchorrth_n21_pts3-r2,3,14,mid,353,-992.0,-0.1451,0.9828,0.4249,320.0
anchorrth_n21_pts3-r2,3,14,pm,212,-11008.0,-2.6515,0.633,0.3255,1040.0
anchorrth_n21_pts3-r3,3,15,all,4196,-71514.0,-2.2343,0.9232,0.2741,1040.0
anchorrth_n21_pts3-r3,3,15,eve,760,-6080.0,-0.4204,0.9658,0.2553,310.0
anchorrth_n21_pts3-r3,3,15,asia,649,-26696.0,-2.0725,0.8307,0.2265,320.0
anchorrth_n21_pts3-r3,3,15,london,847,-27778.0,-1.8793,0.8631,0.2373,310.0
anchorrth_n21_pts3-r3,3,15,pre,612,1922.0,0.1487,1.0139,0.2761,320.0
anchorrth_n21_pts3-r3,3,15,nyam,763,-6802.0,-0.5021,0.9589,0.2936,340.0
anchorrth_n21_pts3-r3,3,15,mid,353,3558.0,0.4611,1.0607,0.4136,320.0
anchorrth_n21_pts3-r3,3,15,pm,212,-9638.0,-2.1213,0.6786,0.3255,1040.0
anchorrth_n21_pts5-r0,3,16,all,3464,-18826.0,-0.3562,0.9835,0.3089,1040.0
anchorrth_n21_pts5-r0,3,16,eve,624,-47826.0,-1.9576,0.8058,0.226,530.0
anchorrth_n21_pts5-r0,3,16,asia,578,1018.0,0.0404,1.0047,0.2595,530.0
anchorrth_n21_pts5-r0,3,16,london,644,-14146.0,-0.5828,0.9401,0.2671,560.0
anchorrth_n21_pts5-r0,3,16,pre,525,10590.0,0.4945,1.0584,0.3105,530.0
anchorrth_n21_pts5-r0,3,16,nyam,583,26828.0,1.3911,1.1606,0.3774,510.0
anchorrth_n21_pts5-r0,3,16,mid,310,8200.0,0.836,1.138,0.4903,510.0
anchorrth_n21_pts5-r0,3,16,pm,200,-3490.0,-0.5238,0.889,0.36,1040.0
anchorrth_n21_pts5-r1,3,17,all,3760,-85000.0,-2.8587,0.9089,0.4822,1040.0
anchorrth_n21_pts5-r1,3,17,eve,686,-13984.0,-1.0573,0.9224,0.4883,510.0
anchorrth_n21_pts5-r1,3,17,asia,606,-19054.0,-1.534,0.8827,0.4785,530.0
anchorrth_n21_pts5-r1,3,17,london,745,-10720.0,-0.7788,0.9444,0.494,560.0
anchorrth_n21_pts5-r1,3,17,pre,561,-28474.0,-2.4027,0.816,0.4563,530.0
anchorrth_n21_pts5-r1,3,17,nyam,650,-3530.0,-0.2839,0.9775,0.5,510.0
anchorrth_n21_pts5-r1,3,17,mid,312,-1758.0,-0.2475,0.9688,0.5224,500.0
anchorrth_n21_pts5-r1,3,17,pm,200,-7480.0,-1.6564,0.7454,0.38,1040.0
anchorrth_n21_pts5-r2,3,18,all,3526,-33264.0,-0.8593,0.9687,0.3681,1040.0
anchorrth_n21_pts5-r2,3,18,eve,635,-18500.0,-1.0506,0.9155,0.326,510.0
anchorrth_n21_pts5-r2,3,18,asia,579,-11666.0,-0.6962,0.9403,0.3368,530.0
anchorrth_n21_pts5-r2,3,18,london,662,-16248.0,-0.9173,0.9269,0.3369,560.0
anchorrth_n21_pts5-r2,3,18,pre,539,-11836.0,-0.7595,0.9322,0.3581,530.0
anchorrth_n21_pts5-r2,3,18,nyam,601,21546.0,1.3706,1.1327,0.416,510.0
anchorrth_n21_pts5-r2,3,18,mid,310,6960.0,0.8086,1.1189,0.5,500.0
anchorrth_n21_pts5-r2,3,18,pm,200,-3520.0,-0.6412,0.8823,0.375,1040.0
anchorrth_n21_pts5-r3,3,19,all,3486,-44814.0,-1.0174,0.96,0.3259,1040.0
anchorrth_n21_pts5-r3,3,19,eve,629,-23126.0,-1.1242,0.9023,0.2623,510.0
anchorrth_n21_pts5-r3,3,19,asia,578,-7752.0,-0.3927,0.963,0.2855,530.0
anchorrth_n21_pts5-r3,3,19,london,650,-28200.0,-1.4263,0.8798,0.2831,560.0
anchorrth_n21_pts5-r3,3,19,pre,533,-9152.0,-0.5159,0.9496,0.3227,530.0
anchorrth_n21_pts5-r3,3,19,nyam,586,18006.0,1.0438,1.1081,0.384,510.0
anchorrth_n21_pts5-r3,3,19,mid,310,10890.0,1.1493,1.1849,0.4935,500.0
anchorrth_n21_pts5-r3,3,19,pm,200,-5480.0,-0.9313,0.8257,0.36,1040.0
anchorrth_n21_pts7-r0,3,20,all,3238,-12592.0,-0.2222,0.9899,0.3752,1040.0
anchorrth_n21_pts7-r0,3,20,eve,577,-59448.0,-2.3141,0.7872,0.3016,750.0
anchorrth_n21_pts7-r0,3,20,asia,559,8034.0,0.2884,1.0319,0.3453,720.0
anchorrth_n21_pts7-r0,3,20,london,588,-9972.0,-0.3811,0.961,0.3469,710.0
anchorrth_n21_pts7-r0,3,20,pre,497,13472.0,0.5833,1.068,0.3863,710.0
anchorrth_n21_pts7-r0,3,20,nyam,527,23572.0,1.1792,1.1384,0.4269,740.0
anchorrth_n21_pts7-r0,3,20,mid,296,6926.0,0.6751,1.114,0.5101,720.0
anchorrth_n21_pts7-r0,3,20,pm,194,4824.0,0.6906,1.1803,0.3918,1040.0
anchorrth_n21_pts7-r1,3,21,all,3366,-50054.0,-1.3283,0.9531,0.4875,1040.0
anchorrth_n21_pts7-r1,3,21,eve,596,-11604.0,-0.6788,0.9457,0.4916,750.0
anchorrth_n21_pts7-r1,3,21,asia,564,-12256.0,-0.7413,0.939,0.4894,720.0
anchorrth_n21_pts7-r1,3,21,london,636,-624.0,-0.0357,0.9971,0.5,710.0
anchorrth_n21_pts7-r1,3,21,pre,519,-27886.0,-1.8108,0.8502,0.4624,710.0
anchorrth_n21_pts7-r1,3,21,nyam,560,1720.0,0.1159,1.0105,0.4982,740.0
anchorrth_n21_pts7-r1,3,21,mid,296,-24.0,-0.0029,0.9996,0.527,720.0
anchorrth_n21_pts7-r1,3,21,pm,195,620.0,0.1259,1.0245,0.4051,1040.0
anchorrth_n21_pts7-r2,3,22,all,3264,-6876.0,-0.1443,0.9943,0.4017,1040.0
anchorrth_n21_pts7-r2,3,22,eve,582,-23568.0,-1.0558,0.9101,0.3522,750.0
anchorrth_n21_pts7-r2,3,22,asia,559,2834.0,0.1287,1.0119,0.3792,720.0
anchorrth_n21_pts7-r2,3,22,london,594,-13476.0,-0.6246,0.9456,0.3788,700.0
anchorrth_n21_pts7-r2,3,22,pre,506,-5214.0,-0.2705,0.9736,0.4032,710.0
anchorrth_n21_pts7-r2,3,22,nyam,533,22238.0,1.2413,1.1334,0.4447,740.0
anchorrth_n21_pts7-r2,3,22,mid,296,8116.0,0.8385,1.1351,0.5135,720.0
anchorrth_n21_pts7-r2,3,22,pm,194,2194.0,0.3664,1.082,0.3918,1040.0
anchorrth_n21_pts7-r3,3,23,all,3244,-28436.0,-0.547,0.977,0.3807,1040.0
anchorrth_n21_pts7-r3,3,23,eve,578,-52782.0,-2.2159,0.8086,0.3114,750.0
anchorrth_n21_pts7-r3,3,23,asia,559,4504.0,0.1822,1.0181,0.3542,720.0
anchorrth_n21_pts7-r3,3,23,london,589,-17226.0,-0.7279,0.9324,0.3514,710.0
anchorrth_n21_pts7-r3,3,23,pre,500,4700.0,0.2202,1.0237,0.39,710.0
anchorrth_n21_pts7-r3,3,23,nyam,528,21348.0,1.1128,1.1259,0.4299,740.0
anchorrth_n21_pts7-r3,3,23,mid,296,7836.0,0.7929,1.1305,0.5135,720.0
anchorrth_n21_pts7-r3,3,23,pm,194,3184.0,0.4973,1.119,0.3918,1040.0
anchorrth_n21_pct0p1-r0,3,24,all,5046,-45554.0,-1.0478,0.9468,0.1468,240.0
anchorrth_n21_pct0p1-r0,3,24,eve,927,-21898.0,-1.0618,0.8699,0.0971,220.0
anchorrth_n21_pct0p1-r0,3,24,asia,804,1664.0,0.0785,1.0115,0.0995,210.0
anchorrth_n21_pct0p1-r0,3,24,london,1039,-21536.0,-1.0537,0.8842,0.1088,210.0
anchorrth_n21_pct0p1-r0,3,24,pre,714,13344.0,0.7889,1.1099,0.1485,240.0
anchorrth_n21_pct0p1-r0,3,24,nyam,870,-2320.0,-0.1537,0.9838,0.177,220.0
anchorrth_n21_pct0p1-r0,3,24,mid,432,-768.0,-0.0974,0.9873,0.2963,210.0
anchorrth_n21_pct0p1-r0,3,24,pm,260,-14040.0,-3.0094,0.5648,0.2692,220.0
anchorrth_n21_pct0p1-r1,3,25,all,5993,-138112.0,-9.3566,0.7846,0.4625,240.0
anchorrth_n21_pct0p1-r1,3,25,eve,1172,-22648.0,-3.4416,0.8176,0.4744,220.0
anchorrth_n21_pct0p1-r1,3,25,asia,1035,-17150.0,-2.7773,0.8412,0.4792,210.0
anchorrth_n21_pct0p1-r1,3,25,london,1294,-33766.0,-4.9046,0.7613,0.456,210.0
anchorrth_n21_pct0p1-r1,3,25,pre,796,-18134.0,-3.3565,0.7881,0.4623,240.0
anchorrth_n21_pct0p1-r1,3,25,nyam,994,-24496.0,-4.0556,0.7731,0.4598,210.0
anchorrth_n21_pct0p1-r1,3,25,mid,442,-7408.0,-1.8491,0.8375,0.4819,210.0
anchorrth_n21_pct0p1-r1,3,25,pm,260,-14510.0,-5.4194,0.4932,0.3538,210.0
anchorrth_n21_pct0p1-r2,3,26,all,5503,-105982.0,-5.429,0.8572,0.3227,240.0
anchorrth_n21_pct0p1-r2,3,26,eve,1031,-15374.0,-1.7852,0.89,0.3269,220.0
anchorrth_n21_pct0p1-r2,3,26,asia,886,-8364.0,-1.0423,0.9292,0.3352,210.0
anchorrth_n21_pct0p1-r2,3,26,london,1186,-23664.0,-2.5847,0.8545,0.3179,210.0
anchorrth_n21_pct0p1-r2,3,26,pre,761,-15624.0,-2.134,0.8502,0.3154,240.0
anchorrth_n21_pct0p1-r2,3,26,nyam,946,-19224.0,-2.3519,0.8518,0.3161,210.0
anchorrth_n21_pct0p1-r2,3,26,mid,433,-9262.0,-1.7549,0.8359,0.3464,210.0
anchorrth_n21_pct0p1-r2,3,26,pm,260,-14470.0,-4.491,0.5368,0.2923,210.0
anchorrth_n21_pct0p1-r3,3,27,all,5274,-95136.0,-4.1162,0.8788,0.2526,240.0
anchorrth_n21_pct0p1-r3,3,27,eve,969,-10986.0,-1.0725,0.9248,0.2508,220.0
anchorrth_n21_pct0p1-r3,3,27,asia,828,-18742.0,-2.0255,0.8523,0.2355,210.0
anchorrth_n21_pct0p1-r3,3,27,london,1125,-25210.0,-2.3357,0.8541,0.2364,210.0
anchorrth_n21_pct0p1-r3,3,27,pre,743,-3502.0,-0.3878,0.9682,0.2598,240.0
anchorrth_n21_pct0p1-r3,3,27,nyam,917,-16218.0,-1.6577,0.8832,0.2454,210.0
anchorrth_n21_pct0p1-r3,3,27,mid,432,-6148.0,-1.0035,0.8952,0.3171,210.0
anchorrth_n21_pct0p1-r3,3,27,pm,260,-14330.0,-4.0838,0.5476,0.2808,220.0
anchorrth_n21_pct0p2-r0,3,28,all,3794,-16296.0,-0.3308,0.9844,0.2583,1040.0
anchorrth_n21_pct0p2-r0,3,28,eve,678,-42462.0,-1.9183,0.8019,0.1785,430.0
anchorrth_n21_pct0p2-r0,3,28,asia,616,-7614.0,-0.3329,0.9602,0.1948,430.0
anchorrth_n21_pct0p2-r0,3,28,london,727,2312.0,0.0985,1.0107,0.2242,450.0
anchorrth_n21_pct0p2-r0,3,28,pre,559,16644.0,0.8293,1.1047,0.2576,410.0
anchorrth_n21_pct0p2-r0,3,28,nyam,676,15336.0,0.8491,1.0902,0.3225,420.0
anchorrth_n21_pct0p2-r0,3,28,mid,329,5964.0,0.6173,1.0969,0.4407,410.0
anchorrth_n21_pct0p2-r0,3,28,pm,209,-6476.0,-1.0227,0.7966,0.3301,1040.0
anchorrth_n21_pct0p2-r1,3,29,all,4276,-79744.0,-3.2859,0.903,0.4843,1040.0
anchorrth_n21_pct0p2-r1,3,29,eve,788,-15092.0,-1.4173,0.9038,0.4873,420.0
anchorrth_n21_pct0p2-r1,3,29,asia,682,-10438.0,-1.0536,0.9223,0.4912,430.0
anchorrth_n21_pct0p2-r1,3,29,london,881,-7224.0,-0.6426,0.9575,0.5017,450.0
anchorrth_n21_pct0p2-r1,3,29,pre,609,-20376.0,-2.1806,0.8377,0.4663,410.0
anchorrth_n21_pct0p2-r1,3,29,nyam,775,-8570.0,-0.8177,0.9425,0.4968,420.0
anchorrth_n21_pct0p2-r1,3,29,mid,332,-5018.0,-0.8075,0.9099,0.506,410.0
anchorrth_n21_pct0p2-r1,3,29,pm,209,-13026.0,-3.3266,0.5752,0.3493,1040.0
anchorrth_n21_pct0p2-r2,3,30,all,3904,-64586.0,-2.0396,0.9319,0.3463,1040.0
anchorrth_n21_pct0p2-r2,3,30,eve,699,-2376.0,-0.1675,0.9867,0.3391,420.0
anchorrth_n21_pct0p2-r2,3,30,asia,620,-24780.0,-1.9075,0.8507,0.3097,430.0
anchorrth_n21_pct0p2-r2,3,30,london,773,-10232.0,-0.6941,0.9486,0.3312,450.0
anchorrth_n21_pct0p2-r2,3,30,pre,575,-15510.0,-1.2409,0.896,0.3252,410.0
anchorrth_n21_pct0p2-r2,3,30,nyam,699,-2156.0,-0.161,0.9869,0.3691,420.0
anchorrth_n21_pct0p2-r2,3,30,mid,329,-926.0,-0.1214,0.9847,0.4559,410.0
anchorrth_n21_pct0p2-r2,3,30,pm,209,-8606.0,-1.8268,0.7195,0.3445,1040.0
anchorrth_n21_pct0p2-r3,3,31,all,3841,-34374.0,-0.9205,0.9658,0.2965,1040.0
anchorrth_n21_pct0p2-r3,3,31,eve,687,-17978.0,-1.0773,0.9099,0.2475,420.0
anchorrth_n21_pct0p2-r3,3,31,asia,616,-24844.0,-1.598,0.8628,0.2403,430.0
anchorrth_n21_pct0p2-r3,3,31,london,740,-13020.0,-0.7597,0.9379,0.2622,450.0
anchorrth_n21_pct0p2-r3,3,31,pre,571,-1594.0,-0.1059,0.9898,0.2872,410.0
anchorrth_n21_pct0p2-r3,3,31,nyam,689,21174.0,1.345,1.1272,0.3512,420.0
anchorrth_n21_pct0p2-r3,3,31,mid,329,7114.0,0.816,1.1179,0.4529,410.0
anchorrth_n21_pct0p2-r3,3,31,pm,209,-5226.0,-0.9559,0.8296,0.3445,1040.0
anchorsession_n50_atr1p5-r0,4,0,all,6085,-148950.0,-4.9578,0.7329,0.073,1870.0
anchorsession_n50_atr1p5-r0,4,0,eve,1283,-34222.0,-2.4526,0.6184,0.0226,1870.0
anchorsession_n50_atr1p5-r0,4,0,asia,1218,-23932.0,-1.7431,0.704,0.0213,210.0
anchorsession_n50_atr1p5-r0,4,0,london,1111,-45614.0,-3.5524,0.5653,0.0324,320.0
anchorsession_n50_atr1p5-r0,4,0,pre,418,6358.0,0.5163,1.0989,0.122,400.0
anchorsession_n50_atr1p5-r0,4,0,nyam,615,-16250.0,-1.4812,0.827,0.1431,600.0
anchorsession_n50_atr1p5-r0,4,0,mid,732,-24738.0,-3.4077,0.6667,0.127,770.0
anchorsession_n50_atr1p5-r0,4,0,pm,708,-10552.0,-1.9362,0.7878,0.1709,540.0
anchorsession_n50_atr1p5-r1,4,1,all,6709,-167286.0,-18.5477,0.5858,0.3874,1870.0
anchorsession_n50_atr1p5-r1,4,1,eve,1403,-35482.0,-12.2782,0.4427,0.3457,1870.0
anchorsession_n50_atr1p5-r1,4,1,asia,1338,-30382.0,-13.4628,0.456,0.3655,210.0
anchorsession_n50_atr1p5-r1,4,1,london,1197,-29538.0,-9.0272,0.576,0.4027,320.0
anchorsession_n50_atr1p5-r1,4,1,pre,488,-12982.0,-3.2681,0.7288,0.4344,380.0
anchorsession_n50_atr1p5-r1,4,1,nyam,696,-19784.0,-4.1917,0.7174,0.4296,530.0
anchorsession_n50_atr1p5-r1,4,1,mid,812,-19028.0,-5.6021,0.6514,0.4249,770.0
anchorsession_n50_atr1p5-r1,4,1,pm,775,-20090.0,-7.2499,0.5242,0.3703,540.0
anchorsession_n50_atr1p5-r2,4,2,all,6562,-166588.0,-13.789,0.6553,0.26,1870.0
anchorsession_n50_atr1p5-r2,4,2,eve,1373,-37872.0,-10.029,0.4975,0.2258,1870.0
anchorsession_n50_atr1p5-r2,4,2,asia,1317,-31378.0,-10.472,0.5302,0.2437,210.0
anchorsession_n50_atr1p5-r2,4,2,london,1186,-28304.0,-6.4256,0.6629,0.2723,320.0
anchorsession_n50_atr1p5-r2,4,2,pre,459,-8276.0,-1.5052,0.8517,0.3072,500.0
anchorsession_n50_atr1p5-r2,4,2,nyam,672,-17568.0,-2.7278,0.7921,0.2917,530.0
anchorsession_n50_atr1p5-r2,4,2,mid,796,-24124.0,-5.4581,0.6467,0.2663,770.0
anchorsession_n50_atr1p5-r2,4,2,pm,759,-19066.0,-5.4603,0.6074,0.2675,540.0
anchorsession_n50_atr1p5-r3,4,3,all,6427,-167008.0,-11.564,0.6772,0.1964,1870.0
anchorsession_n50_atr1p5-r3,4,3,eve,1356,-38144.0,-8.6865,0.5268,0.1711,1870.0
anchorsession_n50_atr1p5-r3,4,3,asia,1293,-28952.0,-8.0518,0.5902,0.1918,210.0
anchorsession_n50_atr1p5-r3,4,3,london,1176,-31644.0,-6.0534,0.6567,0.1973,320.0
anchorsession_n50_atr1p5-r3,4,3,pre,442,-1798.0,-0.2597,0.9694,0.2466,500.0
anchorsession_n50_atr1p5-r3,4,3,nyam,653,-19962.0,-2.6113,0.7811,0.2159,530.0
anchorsession_n50_atr1p5-r3,4,3,mid,772,-28388.0,-5.602,0.6135,0.1878,770.0
anchorsession_n50_atr1p5-r3,4,3,pm,735,-18120.0,-4.4077,0.6423,0.2109,540.0
anchorsession_n50_atr3-r0,4,4,all,5417,-121498.0,-3.0919,0.8517,0.1482,1870.0
anchorsession_n50_atr3-r0,4,4,eve,1132,-49548.0,-2.9889,0.65,0.0521,1870.0
anchorsession_n50_atr3-r0,4,4,asia,1059,-9296.0,-0.4924,0.9245,0.0557,420.0
anchorsession_n50_atr3-r0,4,4,london,1005,-51490.0,-2.9681,0.6912,0.0776,650.0
anchorsession_n50_atr3-r0,4,4,pre,374,26974.0,1.6728,1.2896,0.254,810.0
anchorsession_n50_atr3-r0,4,4,nyam,543,-2392.0,-0.1666,0.9809,0.2891,1200.0
anchorsession_n50_atr3-r0,4,4,mid,656,-15844.0,-1.5773,0.8453,0.2668,1540.0
anchorsession_n50_atr3-r0,4,4,pm,648,-19902.0,-3.0843,0.7014,0.2778,1090.0
anchorsession_n50_atr3-r1,4,5,all,6211,-148214.0,-8.7134,0.7672,0.4418,1870.0
anchorsession_n50_atr3-r1,4,5,eve,1304,-33706.0,-5.8829,0.6602,0.4225,1870.0
anchorsession_n50_atr3-r1,4,5,asia,1267,-25758.0,-5.7825,0.7036,0.4404,420.0
anchorsession_n50_atr3-r1,4,5,london,1149,-33556.0,-5.3158,0.7149,0.436,650.0
anchorsession_n50_atr3-r1,4,5,pre,428,-4342.0,-0.5801,0.9414,0.5047,810.0
anchorsession_n50_atr3-r1,4,5,nyam,619,-7746.0,-0.8831,0.9277,0.4814,880.0
anchorsession_n50_atr3-r1,4,5,mid,730,-21970.0,-3.5036,0.7516,0.4384,980.0
anchorsession_n50_atr3-r1,4,5,pm,714,-21136.0,-4.257,0.6652,0.4202,1090.0
anchorsession_n50_atr3-r2,4,6,all,5843,-129942.0,-5.8089,0.8251,0.305,1870.0
anchorsession_n50_atr3-r2,4,6,eve,1242,-33678.0,-4.4721,0.7191,0.2762,1870.0
anchorsession_n50_atr3-r2,4,6,asia,1184,-16146.0,-2.6305,0.8403,0.3133,420.0
anchorsession_n50_atr3-r2,4,6,london,1093,-32792.0,-3.8722,0.767,0.2909,650.0
anchorsession_n50_atr3-r2,4,6,pre,396,8486.0,0.8225,1.0992,0.3662,810.0
anchorsession_n50_atr3-r2,4,6,nyam,572,-6118.0,-0.538,0.9504,0.3427,1200.0
anchorsession_n50_atr3-r2,4,6,mid,684,-27246.0,-3.4792,0.7364,0.3012,1540.0
anchorsession_n50_atr3-r2,4,6,pm,672,-22448.0,-3.7107,0.6744,0.3021,1090.0
anchorsession_n50_atr3-r3,4,7,all,5656,-114524.0,-4.4587,0.8521,0.2493,1870.0
anchorsession_n50_atr3-r3,4,7,eve,1204,-33886.0,-3.8479,0.7351,0.2085,1870.0
anchorsession_n50_atr3-r3,4,7,asia,1127,-18678.0,-2.5698,0.8282,0.228,420.0
anchorsession_n50_atr3-r3,4,7,london,1052,-25528.0,-2.453,0.8275,0.2224,650.0
anchorsession_n50_atr3-r3,4,7,pre,383,7008.0,0.6032,1.0768,0.3055,810.0
anchorsession_n50_atr3-r3,4,7,nyam,558,-562.0,-0.0434,0.9955,0.3136,1200.0
anchorsession_n50_atr3-r3,4,7,mid,668,-15152.0,-1.6509,0.8529,0.2814,1540.0
anchorsession_n50_atr3-r3,4,7,pm,664,-27726.0,-4.7354,0.6065,0.2831,1090.0
anchorsession_n50_pts2-r0,4,8,all,4743,-136002.0,-3.5405,0.8358,0.1659,230.0
anchorsession_n50_pts2-r0,4,8,eve,863,-45742.0,-2.5991,0.7265,0.095,230.0
anchorsession_n50_pts2-r0,4,8,asia,781,-20004.0,-1.0415,0.8671,0.0999,210.0
anchorsession_n50_pts2-r0,4,8,london,910,-37150.0,-2.0134,0.7864,0.1077,230.0
anchorsession_n50_pts2-r0,4,8,pre,397,20032.0,1.4224,1.2808,0.1612,210.0
anchorsession_n50_pts2-r0,4,8,nyam,591,-24594.0,-2.2026,0.7663,0.1658,220.0
anchorsession_n50_pts2-r0,4,8,mid,658,-14002.0,-1.4505,0.8586,0.2766,210.0
anchorsession_n50_pts2-r0,4,8,pm,543,-14542.0,-2.3342,0.7612,0.3407,210.0
anchorsession_n50_pts2-r1,4,9,all,5576,-159744.0,-10.6304,0.7509,0.4496,220.0
anchorsession_n50_pts2-r1,4,9,eve,1073,-23432.0,-3.494,0.808,0.4688,210.0
anchorsession_n50_pts2-r1,4,9,asia,978,-22392.0,-3.498,0.7997,0.4663,210.0
anchorsession_n50_pts2-r1,4,9,london,1070,-23250.0,-3.4708,0.8089,0.4692,220.0
anchorsession_n50_pts2-r1,4,9,pre,459,-14646.0,-3.3499,0.7319,0.4444,210.0
anchorsession_n50_pts2-r1,4,9,nyam,679,-26416.0,-4.9945,0.6827,0.4271,210.0
anchorsession_n50_pts2-r1,4,9,mid,732,-27128.0,-4.9714,0.6924,0.4317,210.0
anchorsession_n50_pts2-r1,4,9,pm,585,-22480.0,-5.2921,0.6237,0.4034,210.0
anchorsession_n50_pts2-r2,4,10,all,5136,-122204.0,-6.2119,0.8321,0.322,210.0
anchorsession_n50_pts2-r2,4,10,eve,951,-16914.0,-1.9234,0.8775,0.3218,210.0
anchorsession_n50_pts2-r2,4,10,asia,846,-15774.0,-1.904,0.8718,0.3203,210.0
anchorsession_n50_pts2-r2,4,10,london,991,-17594.0,-1.9595,0.8777,0.3219,210.0
anchorsession_n50_pts2-r2,4,10,pre,438,-9032.0,-1.5175,0.859,0.3174,210.0
anchorsession_n50_pts2-r2,4,10,nyam,649,-24876.0,-3.5466,0.7473,0.2897,210.0
anchorsession_n50_pts2-r2,4,10,mid,700,-18240.0,-2.5547,0.8145,0.3286,210.0
anchorsession_n50_pts2-r2,4,10,pm,561,-19774.0,-3.958,0.6802,0.3583,210.0
anchorsession_n50_pts2-r3,4,11,all,4900,-126520.0,-5.5312,0.8341,0.2553,230.0
anchorsession_n50_pts2-r3,4,11,eve,892,-9498.0,-0.9048,0.9336,0.2511,210.0
anchorsession_n50_pts2-r3,4,11,asia,796,-25054.0,-2.6242,0.81,0.2261,210.0
anchorsession_n50_pts2-r3,4,11,london,951,-21054.0,-1.9816,0.8645,0.2376,230.0
anchorsession_n50_pts2-r3,4,11,pre,416,-774.0,-0.1066,0.9882,0.2644,210.0
anchorsession_n50_pts2-r3,4,11,nyam,616,-32014.0,-4.0443,0.6923,0.2094,220.0
anchorsession_n50_pts2-r3,4,11,mid,674,-20216.0,-2.5401,0.7994,0.2834,210.0
anchorsession_n50_pts2-r3,4,11,pm,555,-17910.0,-3.272,0.712,0.3441,210.0
anchorsession_n50_pts3-r0,4,12,all,4082,-84858.0,-1.9565,0.909,0.2357,370.0
anchorsession_n50_pts3-r0,4,12,eve,717,-42748.0,-2.1758,0.7778,0.1437,310.0
anchorsession_n50_pts3-r0,4,12,asia,645,-7330.0,-0.3403,0.957,0.1581,370.0
anchorsession_n50_pts3-r0,4,12,london,767,-20108.0,-0.9214,0.899,0.1708,320.0
anchorsession_n50_pts3-r0,4,12,pre,374,18774.0,1.2456,1.2111,0.2433,320.0
anchorsession_n50_pts3-r0,4,12,nyam,537,-2498.0,-0.1819,0.979,0.2756,300.0
anchorsession_n50_pts3-r0,4,12,mid,569,-16836.0,-1.6705,0.8398,0.355,360.0
anchorsession_n50_pts3-r0,4,12,pm,473,-14112.0,-2.3256,0.7559,0.3911,310.0
anchorsession_n50_pts3-r1,4,13,all,4684,-102626.0,-5.074,0.86,0.4742,370.0
anchorsession_n50_pts3-r1,4,13,eve,840,-19800.0,-2.2408,0.8567,0.4762,310.0
anchorsession_n50_pts3-r1,4,13,asia,761,-18824.0,-2.2379,0.8502,0.4744,370.0
anchorsession_n50_pts3-r1,4,13,london,902,-10608.0,-1.1572,0.9258,0.4956,320.0
anchorsession_n50_pts3-r1,4,13,pre,428,-8792.0,-1.3921,0.874,0.4813,320.0
anchorsession_n50_pts3-r1,4,13,nyam,625,-6110.0,-0.8049,0.9374,0.4992,300.0
anchorsession_n50_pts3-r1,4,13,mid,626,-22974.0,-3.1687,0.7712,0.4505,360.0
anchorsession_n50_pts3-r1,4,13,pm,502,-15518.0,-3.0265,0.7339,0.4243,310.0
anchorsession_n50_pts3-r2,4,14,all,4260,-81100.0,-3.0982,0.9024,0.3451,370.0
anchorsession_n50_pts3-r2,4,14,eve,748,-8332.0,-0.7099,0.9468,0.3329,310.0
anchorsession_n50_pts3-r2,4,14,asia,660,-23980.0,-2.2271,0.8334,0.3061,370.0
anchorsession_n50_pts3-r2,4,14,london,816,-12814.0,-1.0501,0.9256,0.3284,320.0
anchorsession_n50_pts3-r2,4,14,pre,395,6450.0,0.7452,1.0824,0.3696,320.0
anchorsession_n50_pts3-r2,4,14,nyam,569,-11866.0,-1.2074,0.8978,0.3374,300.0
anchorsession_n50_pts3-r2,4,14,mid,584,-18016.0,-2.0505,0.8291,0.3733,360.0
anchorsession_n50_pts3-r2,4,14,pm,488,-12542.0,-2.1514,0.7861,0.3996,310.0
anchorsession_n50_pts3-r3,4,15,all,4152,-72018.0,-2.3519,0.918,0.2909,370.0
anchorsession_n50_pts3-r3,4,15,eve,727,-10888.0,-0.7756,0.9364,0.249,310.0
anchorsession_n50_pts3-r3,4,15,asia,647,-20968.0,-1.6134,0.8652,0.2349,370.0
anchorsession_n50_pts3-r3,4,15,london,781,-16884.0,-1.1736,0.9085,0.2471,320.0
anchorsession_n50_pts3-r3,4,15,pre,384,6174.0,0.5981,1.0725,0.2943,320.0
anchorsession_n50_pts3-r3,4,15,nyam,552,-3248.0,-0.2879,0.9723,0.3098,300.0
anchorsession_n50_pts3-r3,4,15,mid,578,-13702.0,-1.4197,0.8708,0.3599,360.0
anchorsession_n50_pts3-r3,4,15,pm,483,-12502.0,-2.0182,0.7884,0.3934,310.0
anchorsession_n50_pts5-r0,4,16,all,3531,-53564.0,-1.0624,0.9508,0.3254,530.0
anchorsession_n50_pts5-r0,4,16,eve,606,-54654.0,-2.3093,0.7722,0.2211,530.0
anchorsession_n50_pts5-r0,4,16,asia,569,-5676.0,-0.2278,0.9738,0.2478,510.0
anchorsession_n50_pts5-r0,4,16,london,606,13956.0,0.5525,1.0642,0.2822,510.0
anchorsession_n50_pts5-r0,4,16,pre,347,17262.0,1.0006,1.1505,0.3314,510.0
anchorsession_n50_pts5-r0,4,16,nyam,475,-3730.0,-0.2485,0.9717,0.3916,510.0
anchorsession_n50_pts5-r0,4,16,mid,486,-6924.0,-0.5763,0.9347,0.4568,510.0
anchorsession_n50_pts5-r0,4,16,pm,442,-13798.0,-1.8758,0.7731,0.4072,520.0
anchorsession_n50_pts5-r1,4,17,all,3803,-93902.0,-3.2459,0.8959,0.4783,520.0
anchorsession_n50_pts5-r1,4,17,eve,661,-21334.0,-1.6446,0.8799,0.4766,510.0
anchorsession_n50_pts5-r1,4,17,asia,602,-31698.0,-2.5656,0.8114,0.4568,510.0
anchorsession_n50_pts5-r1,4,17,london,669,-4326.0,-0.3311,0.9747,0.5022,510.0
anchorsession_n50_pts5-r1,4,17,pre,378,2988.0,0.3074,1.0324,0.5159,510.0
anchorsession_n50_pts5-r1,4,17,nyam,523,-6972.0,-0.6375,0.9441,0.4952,500.0
anchorsession_n50_pts5-r1,4,17,mid,510,-14510.0,-1.5216,0.862,0.4882,510.0
anchorsession_n50_pts5-r1,4,17,pm,460,-18050.0,-2.8448,0.716,0.413,520.0
anchorsession_n50_pts5-r2,4,18,all,3586,-76354.0,-2.0636,0.9255,0.3734,520.0
anchorsession_n50_pts5-r2,4,18,eve,613,-23972.0,-1.3928,0.8878,0.3197,510.0
anchorsession_n50_pts5-r2,4,18,asia,572,-28468.0,-1.7404,0.8566,0.3182,510.0
anchorsession_n50_pts5-r2,4,18,london,613,-10672.0,-0.6239,0.9476,0.3409,510.0
anchorsession_n50_pts5-r2,4,18,pre,356,5416.0,0.4205,1.0493,0.3792,510.0
anchorsession_n50_pts5-r2,4,18,nyam,488,5928.0,0.4434,1.046,0.4242,510.0
anchorsession_n50_pts5-r2,4,18,mid,493,-8892.0,-0.8124,0.917,0.4604,510.0
anchorsession_n50_pts5-r2,4,18,pm,451,-15694.0,-2.2503,0.7525,0.4058,520.0
anchorsession_n50_pts5-r3,4,19,all,3551,-68554.0,-1.6327,0.9358,0.341,520.0
anchorsession_n50_pts5-r3,4,19,eve,607,-37528.0,-1.9089,0.8375,0.2537,510.0
anchorsession_n50_pts5-r3,4,19,asia,570,-16720.0,-0.8555,0.9206,0.2702,510.0
anchorsession_n50_pts5-r3,4,19,london,607,-3778.0,-0.1918,0.9822,0.3031,510.0
anchorsession_n50_pts5-r3,4,19,pre,353,3108.0,0.2146,1.0269,0.3371,510.0
anchorsession_n50_pts5-r3,4,19,nyam,480,6280.0,0.4321,1.0482,0.4062,510.0
anchorsession_n50_pts5-r3,4,19,mid,487,-5548.0,-0.4779,0.9477,0.4579,510.0
anchorsession_n50_pts5-r3,4,19,pm,447,-14368.0,-2.0005,0.7696,0.4072,520.0
anchorsession_n50_pts7-r0,4,20,all,3340,-26570.0,-0.4837,0.9776,0.3856,750.0
anchorsession_n50_pts7-r0,4,20,eve,567,-52148.0,-1.9393,0.8122,0.2945,750.0
anchorsession_n50_pts7-r0,4,20,asia,548,1978.0,0.0717,1.0079,0.3321,710.0
anchorsession_n50_pts7-r0,4,20,london,552,21892.0,0.8157,1.0942,0.3659,710.0
anchorsession_n50_pts7-r0,4,20,pre,330,24890.0,1.3445,1.2034,0.4152,710.0
anchorsession_n50_pts7-r0,4,20,nyam,448,-8062.0,-0.5115,0.9415,0.4397,730.0
anchorsession_n50_pts7-r0,4,20,mid,460,-4120.0,-0.3267,0.9605,0.4804,730.0
anchorsession_n50_pts7-r0,4,20,pm,435,-11000.0,-1.4299,0.8165,0.4184,700.0
anchorsession_n50_pts7-r1,4,21,all,3467,-54578.0,-1.4966,0.9467,0.4854,750.0
anchorsession_n50_pts7-r1,4,21,eve,588,-22002.0,-1.2921,0.8986,0.4779,750.0
anchorsession_n50_pts7-r1,4,21,asia,558,-15672.0,-0.9561,0.9215,0.4839,710.0
anchorsession_n50_pts7-r1,4,21,london,583,-9992.0,-0.5985,0.951,0.494,740.0
anchorsession_n50_pts7-r1,4,21,pre,347,12132.0,0.9718,1.1133,0.5274,710.0
anchorsession_n50_pts7-r1,4,21,nyam,474,164.0,0.0125,1.0013,0.5,730.0
anchorsession_n50_pts7-r1,4,21,mid,468,-6032.0,-0.5611,0.9406,0.5,730.0
anchorsession_n50_pts7-r1,4,21,pm,449,-13176.0,-1.8448,0.7918,0.4232,700.0
anchorsession_n50_pts7-r2,4,22,all,3364,-31856.0,-0.6996,0.9721,0.409,750.0
anchorsession_n50_pts7-r2,4,22,eve,569,-36706.0,-1.6778,0.86,0.3409,750.0
anchorsession_n50_pts7-r2,4,22,asia,548,-7692.0,-0.357,0.9674,0.3668,710.0
anchorsession_n50_pts7-r2,4,22,london,555,6790.0,0.3205,1.0303,0.3964,710.0
anchorsession_n50_pts7-r2,4,22,pre,335,15820.0,1.0044,1.1308,0.4328,710.0
anchorsession_n50_pts7-r2,4,22,nyam,454,2704.0,0.1785,1.02,0.4581,730.0
anchorsession_n50_pts7-r2,4,22,mid,461,-3774.0,-0.3144,0.9636,0.4816,730.0
anchorsession_n50_pts7-r2,4,22,pm,442,-8998.0,-1.1575,0.8534,0.4208,700.0
anchorsession_n50_pts7-r3,4,23,all,3343,-68382.0,-1.3871,0.9419,0.3895,750.0
anchorsession_n50_pts7-r3,4,23,eve,567,-63168.0,-2.7155,0.7702,0.3034,750.0
anchorsession_n50_pts7-r3,4,23,asia,548,-4152.0,-0.1708,0.9831,0.3412,710.0
anchorsession_n50_pts7-r3,4,23,london,552,9622.0,0.4096,1.0419,0.3732,710.0
anchorsession_n50_pts7-r3,4,23,pre,331,16326.0,0.9505,1.1326,0.4139,710.0
anchorsession_n50_pts7-r3,4,23,nyam,448,-10332.0,-0.6734,0.925,0.4397,730.0
anchorsession_n50_pts7-r3,4,23,mid,460,-4480.0,-0.3626,0.957,0.4804,730.0
anchorsession_n50_pts7-r3,4,23,pm,437,-12198.0,-1.5748,0.8012,0.4165,700.0
anchorsession_n50_pct0p1-r0,4,24,all,4849,-140916.0,-3.7767,0.8245,0.1584,230.0
anchorsession_n50_pct0p1-r0,4,24,eve,890,-46020.0,-2.6641,0.7174,0.0888,230.0
anchorsession_n50_pct0p1-r0,4,24,asia,806,-19154.0,-1.008,0.8692,0.0931,210.0
anchorsession_n50_pct0p1-r0,4,24,london,925,-41810.0,-2.4113,0.7503,0.1005,230.0
anchorsession_n50_pct0p1-r0,4,24,pre,400,15910.0,1.1767,1.2324,0.1475,210.0
anchorsession_n50_pct0p1-r0,4,24,nyam,602,-22528.0,-2.0378,0.7789,0.1561,210.0
anchorsession_n50_pct0p1-r0,4,24,mid,670,-13510.0,-1.4412,0.8589,0.2701,210.0
anchorsession_n50_pct0p1-r0,4,24,pm,556,-13804.0,-2.2361,0.771,0.3363,210.0
anchorsession_n50_pct0p1-r1,4,25,all,5714,-165786.0,-11.6282,0.7337,0.4459,210.0
anchorsession_n50_pct0p1-r1,4,25,eve,1103,-28302.0,-4.4489,0.7649,0.4578,210.0
anchorsession_n50_pct0p1-r1,4,25,asia,1019,-21276.0,-3.481,0.8038,0.4681,210.0
anchorsession_n50_pct0p1-r1,4,25,london,1086,-25264.0,-3.9935,0.7846,0.4632,210.0
anchorsession_n50_pct0p1-r1,4,25,pre,464,-13656.0,-3.3018,0.7359,0.4483,210.0
anchorsession_n50_pct0p1-r1,4,25,nyam,688,-30352.0,-6.1415,0.6276,0.4099,210.0
anchorsession_n50_pct0p1-r1,4,25,mid,746,-24924.0,-4.8107,0.7028,0.4357,210.0
anchorsession_n50_pct0p1-r1,4,25,pm,608,-22012.0,-5.3483,0.6286,0.4079,210.0
anchorsession_n50_pct0p1-r2,4,26,all,5267,-123198.0,-6.5884,0.825,0.3197,220.0
anchorsession_n50_pct0p1-r2,4,26,eve,983,-17472.0,-2.0898,0.8696,0.3215,220.0
anchorsession_n50_pct0p1-r2,4,26,asia,882,-12668.0,-1.5927,0.8935,0.3254,210.0
anchorsession_n50_pct0p1-r2,4,26,london,1013,-22342.0,-2.6461,0.8402,0.3139,210.0
anchorsession_n50_pct0p1-r2,4,26,pre,439,-11016.0,-1.9805,0.8202,0.3075,210.0
anchorsession_n50_pct0p1-r2,4,26,nyam,663,-24692.0,-3.7294,0.7388,0.2881,210.0
anchorsession_n50_pct0p1-r2,4,26,mid,713,-15562.0,-2.2746,0.8344,0.3296,210.0
anchorsession_n50_pct0p1-r2,4,26,pm,574,-19446.0,-3.993,0.6829,0.3519,210.0
anchorsession_n50_pct0p1-r3,4,27,all,5034,-139946.0,-6.4697,0.8114,0.2499,230.0
anchorsession_n50_pct0p1-r3,4,27,eve,925,-17190.0,-1.7439,0.8781,0.2411,220.0
anchorsession_n50_pct0p1-r3,4,27,asia,825,-21820.0,-2.3796,0.8284,0.2291,210.0
anchorsession_n50_pct0p1-r3,4,27,london,972,-27198.0,-2.7404,0.8196,0.2294,230.0
anchorsession_n50_pct0p1-r3,4,27,pre,421,-3974.0,-0.5865,0.937,0.2542,210.0
anchorsession_n50_pct0p1-r3,4,27,nyam,632,-30988.0,-4.1278,0.6909,0.2089,210.0
anchorsession_n50_pct0p1-r3,4,27,mid,689,-20396.0,-2.6883,0.7909,0.2787,210.0
anchorsession_n50_pct0p1-r3,4,27,pm,570,-18380.0,-3.453,0.7038,0.3368,210.0
anchorsession_n50_pct0p2-r0,4,28,all,3805,-58080.0,-1.2349,0.9417,0.2741,430.0
anchorsession_n50_pct0p2-r0,4,28,eve,657,-49228.0,-2.3037,0.7648,0.172,430.0
anchorsession_n50_pct0p2-r0,4,28,asia,607,-6538.0,-0.2797,0.9655,0.1895,420.0
anchorsession_n50_pct0p2-r0,4,28,london,685,3400.0,0.144,1.0166,0.2248,420.0
anchorsession_n50_pct0p2-r0,4,28,pre,362,22922.0,1.4111,1.2306,0.2845,420.0
anchorsession_n50_pct0p2-r0,4,28,nyam,518,-5132.0,-0.3542,0.9605,0.3185,410.0
anchorsession_n50_pct0p2-r0,4,28,mid,523,-7902.0,-0.6979,0.9239,0.4073,420.0
anchorsession_n50_pct0p2-r0,4,28,pm,453,-15602.0,-2.26,0.7428,0.3974,410.0
anchorsession_n50_pct0p2-r1,4,29,all,4260,-89150.0,-3.7682,0.8881,0.4793,430.0
anchorsession_n50_pct0p2-r1,4,29,eve,754,-25766.0,-2.4744,0.8349,0.4668,430.0
anchorsession_n50_pct0p2-r1,4,29,asia,677,-20478.0,-2.0775,0.8522,0.4712,420.0
anchorsession_n50_pct0p2-r1,4,29,london,784,-5486.0,-0.5167,0.9637,0.5038,420.0
anchorsession_n50_pct0p2-r1,4,29,pre,405,-1210.0,-0.1578,0.9844,0.5062,420.0
anchorsession_n50_pct0p2-r1,4,29,nyam,598,-1722.0,-0.1888,0.9845,0.51,410.0
anchorsession_n50_pct0p2-r1,4,29,mid,566,-15434.0,-1.8798,0.8464,0.4717,420.0
anchorsession_n50_pct0p2-r1,4,29,pm,476,-19054.0,-3.3728,0.692,0.4181,410.0
anchorsession_n50_pct0p2-r2,4,30,all,3917,-57688.0,-1.884,0.9361,0.3592,430.0
anchorsession_n50_pct0p2-r2,4,30,eve,674,-10696.0,-0.774,0.9389,0.3279,430.0
anchorsession_n50_pct0p2-r2,4,30,asia,613,-27122.0,-2.1061,0.8355,0.3034,420.0
anchorsession_n50_pct0p2-r2,4,30,london,713,1478.0,0.1035,1.0082,0.3506,420.0
anchorsession_n50_pct0p2-r2,4,30,pre,375,7550.0,0.7286,1.0835,0.3707,420.0
anchorsession_n50_pct0p2-r2,4,30,nyam,543,-4592.0,-0.3974,0.9638,0.3683,410.0
anchorsession_n50_pct0p2-r2,4,30,mid,533,-9642.0,-0.9899,0.9071,0.4184,420.0
anchorsession_n50_pct0p2-r2,4,30,pm,466,-14664.0,-2.2807,0.763,0.4034,410.0
anchorsession_n50_pct0p2-r3,4,31,all,3847,-60208.0,-1.6946,0.9371,0.3096,430.0
anchorsession_n50_pct0p2-r3,4,31,eve,660,-20920.0,-1.2841,0.8916,0.2424,430.0
anchorsession_n50_pct0p2-r3,4,31,asia,608,-27372.0,-1.781,0.8471,0.2368,420.0
anchorsession_n50_pct0p2-r3,4,31,london,691,-7374.0,-0.4419,0.9622,0.2692,420.0
anchorsession_n50_pct0p2-r3,4,31,pre,369,15304.0,1.2295,1.1594,0.3225,420.0
anchorsession_n50_pct0p2-r3,4,31,nyam,529,3434.0,0.2615,1.0268,0.344,410.0
anchorsession_n50_pct0p2-r3,4,31,mid,528,-8682.0,-0.8316,0.9169,0.4091,420.0
anchorsession_n50_pct0p2-r3,4,31,pm,462,-14598.0,-2.1664,0.7652,0.3983,410.0
anchorrth_n50_atr1p5-r0,5,0,all,5237,-122548.0,-4.1596,0.7483,0.0603,1870.0
anchorrth_n50_atr1p5-r0,5,0,eve,1283,-34222.0,-2.4526,0.6184,0.0226,1870.0
anchorrth_n50_atr1p5-r0,5,0,asia,1218,-23932.0,-1.7431,0.704,0.0213,210.0
anchorrth_n50_atr1p5-r0,5,0,london,1111,-45614.0,-3.5524,0.5653,0.0324,320.0
anchorrth_n50_atr1p5-r0,5,0,pre,418,6358.0,0.5163,1.0989,0.122,400.0
anchorrth_n50_atr1p5-r0,5,0,nyam,615,-16250.0,-1.4812,0.827,0.1431,600.0
anchorrth_n50_atr1p5-r0,5,0,mid,362,-808.0,-0.1393,0.9766,0.1685,750.0
anchorrth_n50_atr1p5-r0,5,0,pm,230,-8080.0,-2.1524,0.5679,0.1087,470.0
anchorrth_n50_atr1p5-r1,5,1,all,5718,-140792.0,-16.7899,0.59,0.3865,1870.0
anchorrth_n50_atr1p5-r1,5,1,eve,1403,-35482.0,-12.2782,0.4427,0.3457,1870.0
anchorrth_n50_atr1p5-r1,5,1,asia,1338,-30382.0,-13.4628,0.456,0.3655,210.0
anchorrth_n50_atr1p5-r1,5,1,london,1197,-29538.0,-9.0272,0.576,0.4027,320.0
anchorrth_n50_atr1p5-r1,5,1,pre,488,-12982.0,-3.2681,0.7288,0.4344,380.0
anchorrth_n50_atr1p5-r1,5,1,nyam,696,-19784.0,-4.1917,0.7174,0.4296,530.0
anchorrth_n50_atr1p5-r1,5,1,mid,366,-7174.0,-3.1548,0.6928,0.4317,710.0
anchorrth_n50_atr1p5-r1,5,1,pm,230,-5450.0,-3.1413,0.5821,0.3696,450.0
anchorrth_n50_atr1p5-r2,5,2,all,5602,-134228.0,-11.7809,0.6735,0.2615,1870.0
anchorrth_n50_atr1p5-r2,5,2,eve,1373,-37872.0,-10.029,0.4975,0.2258,1870.0
anchorrth_n50_atr1p5-r2,5,2,asia,1317,-31378.0,-10.472,0.5302,0.2437,210.0
anchorrth_n50_atr1p5-r2,5,2,london,1186,-28304.0,-6.4256,0.6629,0.2723,320.0
anchorrth_n50_atr1p5-r2,5,2,pre,459,-8276.0,-1.5052,0.8517,0.3072,500.0
anchorrth_n50_atr1p5-r2,5,2,nyam,672,-17568.0,-2.7278,0.7921,0.2917,530.0
anchorrth_n50_atr1p5-r2,5,2,mid,365,-5110.0,-1.6428,0.8211,0.3233,750.0
anchorrth_n50_atr1p5-r2,5,2,pm,230,-5720.0,-2.3532,0.6442,0.2435,470.0
anchorrth_n50_atr1p5-r3,5,3,all,5514,-134206.0,-9.7882,0.6971,0.1977,1870.0
anchorrth_n50_atr1p5-r3,5,3,eve,1356,-38144.0,-8.6865,0.5268,0.1711,1870.0
anchorrth_n50_atr1p5-r3,5,3,asia,1293,-28952.0,-8.0518,0.5902,0.1918,210.0
anchorrth_n50_atr1p5-r3,5,3,london,1176,-31644.0,-6.0534,0.6567,0.1973,320.0
anchorrth_n50_atr1p5-r3,5,3,pre,442,-1798.0,-0.2597,0.9694,0.2466,500.0
anchorrth_n50_atr1p5-r3,5,3,nyam,653,-19962.0,-2.6113,0.7811,0.2159,530.0
anchorrth_n50_atr1p5-r3,5,3,mid,364,-7136.0,-1.9724,0.7777,0.2445,750.0
anchorrth_n50_atr1p5-r3,5,3,pm,230,-6570.0,-2.1878,0.6274,0.1696,470.0
anchorrth_n50_atr3-r0,5,4,all,4675,-89170.0,-2.3175,0.8767,0.1298,1870.0
anchorrth_n50_atr3-r0,5,4,eve,1132,-49548.0,-2.9889,0.65,0.0521,1870.0
anchorrth_n50_atr3-r0,5,4,asia,1059,-9296.0,-0.4924,0.9245,0.0557,420.0
anchorrth_n50_atr3-r0,5,4,london,1005,-51490.0,-2.9681,0.6912,0.0776,650.0
anchorrth_n50_atr3-r0,5,4,pre,374,26974.0,1.6728,1.2896,0.254,810.0
anchorrth_n50_atr3-r0,5,4,nyam,543,-2392.0,-0.1666,0.9809,0.2891,1200.0
anchorrth_n50_atr3-r0,5,4,mid,337,-438.0,-0.0597,0.9911,0.3027,1510.0
anchorrth_n50_atr3-r0,5,4,pm,225,-2980.0,-0.597,0.8758,0.2533,890.0
anchorrth_n50_atr3-r1,5,5,all,5334,-111136.0,-6.9809,0.7945,0.4483,1870.0
anchorrth_n50_atr3-r1,5,5,eve,1304,-33706.0,-5.8829,0.6602,0.4225,1870.0
anchorrth_n50_atr3-r1,5,5,asia,1267,-25758.0,-5.7825,0.7036,0.4404,420.0
anchorrth_n50_atr3-r1,5,5,london,1149,-33556.0,-5.3158,0.7149,0.436,650.0
anchorrth_n50_atr3-r1,5,5,pre,428,-4342.0,-0.5801,0.9414,0.5047,810.0
anchorrth_n50_atr3-r1,5,5,nyam,619,-7746.0,-0.8831,0.9277,0.4814,880.0
anchorrth_n50_atr3-r1,5,5,mid,342,-3078.0,-0.7158,0.9157,0.5117,1510.0
anchorrth_n50_atr3-r1,5,5,pm,225,-2950.0,-0.9521,0.8464,0.4089,890.0
anchorrth_n50_atr3-r2,5,6,all,5050,-86640.0,-4.0698,0.8646,0.3085,1870.0
anchorrth_n50_atr3-r2,5,6,eve,1242,-33678.0,-4.4721,0.7191,0.2762,1870.0
anchorrth_n50_atr3-r2,5,6,asia,1184,-16146.0,-2.6305,0.8403,0.3133,420.0
anchorrth_n50_atr3-r2,5,6,london,1093,-32792.0,-3.8722,0.767,0.2909,650.0
anchorrth_n50_atr3-r2,5,6,pre,396,8486.0,0.8225,1.0992,0.3662,810.0
anchorrth_n50_atr3-r2,5,6,nyam,572,-6118.0,-0.538,0.9504,0.3427,1200.0
anchorrth_n50_atr3-r2,5,6,mid,338,-2722.0,-0.4788,0.9405,0.3639,1510.0
anchorrth_n50_atr3-r2,5,6,pm,225,-3670.0,-0.8464,0.8431,0.2756,890.0
anchorrth_n50_atr3-r3,5,7,all,4886,-73904.0,-3.0038,0.8901,0.2464,1870.0
anchorrth_n50_atr3-r3,5,7,eve,1204,-33886.0,-3.8479,0.7351,0.2085,1870.0
anchorrth_n50_atr3-r3,5,7,asia,1127,-18678.0,-2.5698,0.8282,0.228,420.0
anchorrth_n50_atr3-r3,5,7,london,1052,-25528.0,-2.453,0.8275,0.2224,650.0
anchorrth_n50_atr3-r3,5,7,pre,383,7008.0,0.6032,1.0768,0.3055,810.0
anchorrth_n50_atr3-r3,5,7,nyam,558,-562.0,-0.0434,0.9955,0.3136,1200.0
anchorrth_n50_atr3-r3,5,7,mid,337,952.0,0.1475,1.0201,0.3353,1510.0
anchorrth_n50_atr3-r3,5,7,pm,225,-3210.0,-0.6732,0.8663,0.2533,890.0
anchorrth_n50_pts2-r0,5,8,all,4077,-110508.0,-2.9389,0.8503,0.1447,230.0
anchorrth_n50_pts2-r0,5,8,eve,863,-45742.0,-2.5991,0.7265,0.095,230.0
anchorrth_n50_pts2-r0,5,8,asia,781,-20004.0,-1.0415,0.8671,0.0999,210.0
anchorrth_n50_pts2-r0,5,8,london,910,-37150.0,-2.0134,0.7864,0.1077,230.0
anchorrth_n50_pts2-r0,5,8,pre,397,20032.0,1.4224,1.2808,0.1612,210.0
anchorrth_n50_pts2-r0,5,8,nyam,591,-24594.0,-2.2026,0.7663,0.1658,220.0
anchorrth_n50_pts2-r0,5,8,mid,336,1456.0,0.2059,1.0309,0.3125,200.0
anchorrth_n50_pts2-r0,5,8,pm,199,-4506.0,-1.0081,0.8025,0.3266,210.0
anchorrth_n50_pts2-r1,5,9,all,4801,-118944.0,-8.4558,0.783,0.4605,220.0
anchorrth_n50_pts2-r1,5,9,eve,1073,-23432.0,-3.494,0.808,0.4688,210.0
anchorrth_n50_pts2-r1,5,9,asia,978,-22392.0,-3.498,0.7997,0.4663,210.0
anchorrth_n50_pts2-r1,5,9,london,1070,-23250.0,-3.4708,0.8089,0.4692,220.0
anchorrth_n50_pts2-r1,5,9,pre,459,-14646.0,-3.3499,0.7319,0.4444,210.0
anchorrth_n50_pts2-r1,5,9,nyam,679,-26416.0,-4.9945,0.6827,0.4271,210.0
anchorrth_n50_pts2-r1,5,9,mid,342,-1568.0,-0.4222,0.9547,0.5117,200.0
anchorrth_n50_pts2-r1,5,9,pm,200,-7240.0,-2.9424,0.6406,0.405,210.0
anchorrth_n50_pts2-r2,5,10,all,4411,-97164.0,-5.2385,0.8469,0.3192,210.0
anchorrth_n50_pts2-r2,5,10,eve,951,-16914.0,-1.9234,0.8775,0.3218,210.0
anchorrth_n50_pts2-r2,5,10,asia,846,-15774.0,-1.904,0.8718,0.3203,210.0
anchorrth_n50_pts2-r2,5,10,london,991,-17594.0,-1.9595,0.8777,0.3219,210.0
anchorrth_n50_pts2-r2,5,10,pre,438,-9032.0,-1.5175,0.859,0.3174,210.0
anchorrth_n50_pts2-r2,5,10,nyam,649,-24876.0,-3.5466,0.7473,0.2897,210.0
anchorrth_n50_pts2-r2,5,10,mid,337,-4478.0,-0.907,0.8989,0.3531,200.0
anchorrth_n50_pts2-r2,5,10,pm,199,-8496.0,-2.9047,0.6241,0.3317,210.0
anchorrth_n50_pts2-r3,5,11,all,4206,-97884.0,-4.5009,0.8536,0.2485,230.0
anchorrth_n50_pts2-r3,5,11,eve,892,-9498.0,-0.9048,0.9336,0.2511,210.0
anchorrth_n50_pts2-r3,5,11,asia,796,-25054.0,-2.6242,0.81,0.2261,210.0
anchorrth_n50_pts2-r3,5,11,london,951,-21054.0,-1.9816,0.8645,0.2376,230.0
anchorrth_n50_pts2-r3,5,11,pre,416,-774.0,-0.1066,0.9882,0.2644,210.0
anchorrth_n50_pts2-r3,5,11,nyam,616,-32014.0,-4.0443,0.6923,0.2094,220.0
anchorrth_n50_pts2-r3,5,11,mid,336,-3104.0,-0.5518,0.9325,0.3274,200.0
anchorrth_n50_pts2-r3,5,11,pm,199,-6386.0,-1.895,0.7175,0.3317,210.0
anchorrth_n50_pts3-r0,5,12,all,3512,-52828.0,-1.2373,0.9372,0.2173,370.0
anchorrth_n50_pts3-r0,5,12,eve,717,-42748.0,-2.1758,0.7778,0.1437,310.0
anchorrth_n50_pts3-r0,5,12,asia,645,-7330.0,-0.3403,0.957,0.1581,370.0
anchorrth_n50_pts3-r0,5,12,london,767,-20108.0,-0.9214,0.899,0.1708,320.0
anchorrth_n50_pts3-r0,5,12,pre,374,18774.0,1.2456,1.2111,0.2433,320.0
anchorrth_n50_pts3-r0,5,12,nyam,537,-2498.0,-0.1819,0.979,0.2756,300.0
anchorrth_n50_pts3-r0,5,12,mid,293,4288.0,0.5641,1.089,0.4096,310.0
anchorrth_n50_pts3-r0,5,12,pm,179,-3206.0,-0.6814,0.8585,0.3799,310.0
anchorrth_n50_pts3-r1,5,13,all,4032,-67048.0,-3.5139,0.8944,0.4864,370.0
anchorrth_n50_pts3-r1,5,13,eve,840,-19800.0,-2.2408,0.8567,0.4762,310.0
anchorrth_n50_pts3-r1,5,13,asia,761,-18824.0,-2.2379,0.8502,0.4744,370.0
anchorrth_n50_pts3-r1,5,13,london,902,-10608.0,-1.1572,0.9258,0.4956,320.0
anchorrth_n50_pts3-r1,5,13,pre,428,-8792.0,-1.3921,0.874,0.4813,320.0
anchorrth_n50_pts3-r1,5,13,nyam,625,-6110.0,-0.8049,0.9374,0.4992,300.0
anchorrth_n50_pts3-r1,5,13,mid,297,2602.0,0.5273,1.0655,0.5354,310.0
anchorrth_n50_pts3-r1,5,13,pm,179,-5516.0,-1.7918,0.7375,0.4246,300.0
anchorrth_n50_pts3-r2,5,14,all,3661,-53454.0,-2.1361,0.9273,0.3425,370.0
anchorrth_n50_pts3-r2,5,14,eve,748,-8332.0,-0.7099,0.9468,0.3329,310.0
anchorrth_n50_pts3-r2,5,14,asia,660,-23980.0,-2.2271,0.8334,0.3061,370.0
anchorrth_n50_pts3-r2,5,14,london,816,-12814.0,-1.0501,0.9256,0.3284,320.0
anchorrth_n50_pts3-r2,5,14,pre,395,6450.0,0.7452,1.0824,0.3696,320.0
anchorrth_n50_pts3-r2,5,14,nyam,569,-11866.0,-1.2074,0.8978,0.3374,300.0
anchorrth_n50_pts3-r2,5,14,mid,294,1734.0,0.2798,1.0375,0.4354,310.0
anchorrth_n50_pts3-r2,5,14,pm,179,-4646.0,-1.2526,0.7921,0.3855,310.0
anchorrth_n50_pts3-r3,5,15,all,3563,-44662.0,-1.5125,0.943,0.2812,370.0
anchorrth_n50_pts3-r3,5,15,eve,727,-10888.0,-0.7756,0.9364,0.249,310.0
anchorrth_n50_pts3-r3,5,15,asia,647,-20968.0,-1.6134,0.8652,0.2349,370.0
anchorrth_n50_pts3-r3,5,15,london,781,-16884.0,-1.1736,0.9085,0.2471,320.0
anchorrth_n50_pts3-r3,5,15,pre,384,6174.0,0.5981,1.0725,0.2943,320.0
anchorrth_n50_pts3-r3,5,15,nyam,552,-3248.0,-0.2879,0.9723,0.3098,300.0
anchorrth_n50_pts3-r3,5,15,mid,293,6658.0,0.9371,1.1411,0.4232,310.0
anchorrth_n50_pts3-r3,5,15,pm,179,-5506.0,-1.4256,0.7571,0.3799,310.0
anchorrth_n50_pts5-r0,5,16,all,3029,-18926.0,-0.382,0.9809,0.312,530.0
anchorrth_n50_pts5-r0,5,16,eve,606,-54654.0,-2.3093,0.7722,0.2211,530.0
anchorrth_n50_pts5-r0,5,16,asia,569,-5676.0,-0.2278,0.9738,0.2478,510.0
anchorrth_n50_pts5-r0,5,16,london,606,13956.0,0.5525,1.0642,0.2822,510.0
anchorrth_n50_pts5-r0,5,16,pre,347,17262.0,1.0006,1.1505,0.3314,510.0
anchorrth_n50_pts5-r0,5,16,nyam,475,-3730.0,-0.2485,0.9717,0.3916,510.0
anchorrth_n50_pts5-r0,5,16,mid,261,14626.0,1.6229,1.3235,0.5057,510.0
anchorrth_n50_pts5-r0,5,16,pm,165,-710.0,-0.1309,0.97,0.4,510.0
anchorrth_n50_pts5-r1,5,17,all,3261,-56854.0,-2.0592,0.9287,0.4882,510.0
anchorrth_n50_pts5-r1,5,17,eve,661,-21334.0,-1.6446,0.8799,0.4766,510.0
anchorrth_n50_pts5-r1,5,17,asia,602,-31698.0,-2.5656,0.8114,0.4568,510.0
anchorrth_n50_pts5-r1,5,17,london,669,-4326.0,-0.3311,0.9747,0.5022,510.0
anchorrth_n50_pts5-r1,5,17,pre,378,2988.0,0.3074,1.0324,0.5159,510.0
anchorrth_n50_pts5-r1,5,17,nyam,523,-6972.0,-0.6375,0.9441,0.4952,500.0
anchorrth_n50_pts5-r1,5,17,mid,263,8068.0,1.2657,1.1941,0.5437,500.0
anchorrth_n50_pts5-r1,5,17,pm,165,-3580.0,-0.9141,0.8383,0.4182,510.0
anchorrth_n50_pts5-r2,5,18,all,3068,-42302.0,-1.1801,0.9542,0.3677,510.0
anchorrth_n50_pts5-r2,5,18,eve,613,-23972.0,-1.3928,0.8878,0.3197,510.0
anchorrth_n50_pts5-r2,5,18,asia,572,-28468.0,-1.7404,0.8566,0.3182,510.0
anchorrth_n50_pts5-r2,5,18,london,613,-10672.0,-0.6239,0.9476,0.3409,510.0
anchorrth_n50_pts5-r2,5,18,pre,356,5416.0,0.4205,1.0493,0.3792,510.0
anchorrth_n50_pts5-r2,5,18,nyam,488,5928.0,0.4434,1.046,0.4242,510.0
anchorrth_n50_pts5-r2,5,18,mid,261,12656.0,1.6132,1.2804,0.5096,510.0
anchorrth_n50_pts5-r2,5,18,pm,165,-3190.0,-0.6812,0.8653,0.4,510.0
anchorrth_n50_pts5-r3,5,19,all,3043,-35242.0,-0.8605,0.9636,0.3299,510.0
anchorrth_n50_pts5-r3,5,19,eve,607,-37528.0,-1.9089,0.8375,0.2537,510.0
anchorrth_n50_pts5-r3,5,19,asia,570,-16720.0,-0.8555,0.9206,0.2702,510.0
anchorrth_n50_pts5-r3,5,19,london,607,-3778.0,-0.1918,0.9822,0.3031,510.0
anchorrth_n50_pts5-r3,5,19,pre,353,3108.0,0.2146,1.0269,0.3371,510.0
anchorrth_n50_pts5-r3,5,19,nyam,480,6280.0,0.4321,1.0482,0.4062,510.0
anchorrth_n50_pts5-r3,5,19,mid,261,14166.0,1.6715,1.3133,0.5057,510.0
anchorrth_n50_pts5-r3,5,19,pm,165,-770.0,-0.1456,0.9675,0.4,510.0
anchorrth_n50_pts7-r0,5,20,all,2860,8030.0,0.1487,1.0074,0.3787,750.0
anchorrth_n50_pts7-r0,5,20,eve,567,-52148.0,-1.9393,0.8122,0.2945,750.0
anchorrth_n50_pts7-r0,5,20,asia,548,1978.0,0.0717,1.0079,0.3321,710.0
anchorrth_n50_pts7-r0,5,20,london,552,21892.0,0.8157,1.0942,0.3659,710.0
anchorrth_n50_pts7-r0,5,20,pre,330,24890.0,1.3445,1.2034,0.4152,710.0
anchorrth_n50_pts7-r0,5,20,nyam,448,-8062.0,-0.5115,0.9415,0.4397,730.0
anchorrth_n50_pts7-r0,5,20,mid,252,16212.0,1.7488,1.3708,0.5198,700.0
anchorrth_n50_pts7-r0,5,20,pm,163,3268.0,0.6107,1.1595,0.411,700.0
anchorrth_n50_pts7-r1,5,21,all,2965,-21170.0,-0.6019,0.977,0.4941,750.0
anchorrth_n50_pts7-r1,5,21,eve,588,-22002.0,-1.2921,0.8986,0.4779,750.0
anchorrth_n50_pts7-r1,5,21,asia,558,-15672.0,-0.9561,0.9215,0.4839,710.0
anchorrth_n50_pts7-r1,5,21,london,583,-9992.0,-0.5985,0.951,0.494,740.0
anchorrth_n50_pts7-r1,5,21,pre,347,12132.0,0.9718,1.1133,0.5274,710.0
anchorrth_n50_pts7-r1,5,21,nyam,474,164.0,0.0125,1.0013,0.5,730.0
anchorrth_n50_pts7-r1,5,21,mid,252,12732.0,1.7394,1.3072,0.5437,700.0
anchorrth_n50_pts7-r1,5,21,pm,163,1468.0,0.3357,1.0727,0.4233,700.0
anchorrth_n50_pts7-r2,5,22,all,2876,1326.0,0.0299,1.0013,0.4058,750.0
anchorrth_n50_pts7-r2,5,22,eve,569,-36706.0,-1.6778,0.86,0.3409,750.0
anchorrth_n50_pts7-r2,5,22,asia,548,-7692.0,-0.357,0.9674,0.3668,710.0
anchorrth_n50_pts7-r2,5,22,london,555,6790.0,0.3205,1.0303,0.3964,710.0
anchorrth_n50_pts7-r2,5,22,pre,335,15820.0,1.0044,1.1308,0.4328,710.0
anchorrth_n50_pts7-r2,5,22,nyam,454,2704.0,0.1785,1.02,0.4581,730.0
anchorrth_n50_pts7-r2,5,22,mid,252,17602.0,2.0255,1.4093,0.5238,700.0
anchorrth_n50_pts7-r2,5,22,pm,163,2808.0,0.5504,1.1371,0.411,700.0
anchorrth_n50_pts7-r3,5,23,all,2861,-33914.0,-0.7035,0.9685,0.3834,750.0
anchorrth_n50_pts7-r3,5,23,eve,567,-63168.0,-2.7155,0.7702,0.3034,750.0
anchorrth_n50_pts7-r3,5,23,asia,548,-4152.0,-0.1708,0.9831,0.3412,710.0
anchorrth_n50_pts7-r3,5,23,london,552,9622.0,0.4096,1.0419,0.3732,710.0
anchorrth_n50_pts7-r3,5,23,pre,331,16326.0,0.9505,1.1326,0.4139,710.0
anchorrth_n50_pts7-r3,5,23,nyam,448,-10332.0,-0.6734,0.925,0.4397,730.0
anchorrth_n50_pts7-r3,5,23,mid,252,14632.0,1.6742,1.3346,0.5198,700.0
anchorrth_n50_pts7-r3,5,23,pm,163,3158.0,0.5951,1.1542,0.411,700.0
anchorrth_n50_pct0p1-r0,5,24,all,4167,-117788.0,-3.224,0.8356,0.1356,230.0
anchorrth_n50_pct0p1-r0,5,24,eve,890,-46020.0,-2.6641,0.7174,0.0888,230.0
anchorrth_n50_pct0p1-r0,5,24,asia,806,-19154.0,-1.008,0.8692,0.0931,210.0
anchorrth_n50_pct0p1-r0,5,24,london,925,-41810.0,-2.4113,0.7503,0.1005,230.0
anchorrth_n50_pct0p1-r0,5,24,pre,400,15910.0,1.1767,1.2324,0.1475,210.0
anchorrth_n50_pct0p1-r0,5,24,nyam,602,-22528.0,-2.0378,0.7789,0.1561,210.0
anchorrth_n50_pct0p1-r0,5,24,mid,342,62.0,0.0089,1.0013,0.2953,210.0
anchorrth_n50_pct0p1-r0,5,24,pm,202,-4248.0,-0.9541,0.8128,0.3168,210.0
anchorrth_n50_pct0p1-r1,5,25,all,4909,-128426.0,-9.6322,0.759,0.4545,210.0
anchorrth_n50_pct0p1-r1,5,25,eve,1103,-28302.0,-4.4489,0.7649,0.4578,210.0
anchorrth_n50_pct0p1-r1,5,25,asia,1019,-21276.0,-3.481,0.8038,0.4681,210.0
anchorrth_n50_pct0p1-r1,5,25,london,1086,-25264.0,-3.9935,0.7846,0.4632,210.0
anchorrth_n50_pct0p1-r1,5,25,pre,464,-13656.0,-3.3018,0.7359,0.4483,210.0
anchorrth_n50_pct0p1-r1,5,25,nyam,688,-30352.0,-6.1415,0.6276,0.4099,210.0
anchorrth_n50_pct0p1-r1,5,25,mid,346,-3024.0,-0.8572,0.9109,0.4971,210.0
anchorrth_n50_pct0p1-r1,5,25,pm,203,-6552.0,-2.726,0.6658,0.4138,210.0
anchorrth_n50_pct0p1-r2,5,26,all,4525,-100360.0,-5.7009,0.8365,0.3169,220.0
anchorrth_n50_pct0p1-r2,5,26,eve,983,-17472.0,-2.0898,0.8696,0.3215,220.0
anchorrth_n50_pct0p1-r2,5,26,asia,882,-12668.0,-1.5927,0.8935,0.3254,210.0
anchorrth_n50_pct0p1-r2,5,26,london,1013,-22342.0,-2.6461,0.8402,0.3139,210.0
anchorrth_n50_pct0p1-r2,5,26,pre,439,-11016.0,-1.9805,0.8202,0.3075,210.0
anchorrth_n50_pct0p1-r2,5,26,nyam,663,-24692.0,-3.7294,0.7388,0.2881,210.0
anchorrth_n50_pct0p1-r2,5,26,mid,343,-5122.0,-1.0854,0.8818,0.3469,210.0
anchorrth_n50_pct0p1-r2,5,26,pm,202,-7048.0,-2.4143,0.6812,0.3366,210.0
anchorrth_n50_pct0p1-r3,5,27,all,4319,-111816.0,-5.4422,0.8281,0.2422,230.0
anchorrth_n50_pct0p1-r3,5,27,eve,925,-17190.0,-1.7439,0.8781,0.2411,220.0
anchorrth_n50_pct0p1-r3,5,27,asia,825,-21820.0,-2.3796,0.8284,0.2291,210.0
anchorrth_n50_pct0p1-r3,5,27,london,972,-27198.0,-2.7404,0.8196,0.2294,230.0
anchorrth_n50_pct0p1-r3,5,27,pre,421,-3974.0,-0.5865,0.937,0.2542,210.0
anchorrth_n50_pct0p1-r3,5,27,nyam,632,-30988.0,-4.1278,0.6909,0.2089,210.0
anchorrth_n50_pct0p1-r3,5,27,mid,342,-4648.0,-0.8615,0.8979,0.3129,210.0
anchorrth_n50_pct0p1-r3,5,27,pm,202,-5998.0,-1.8092,0.7334,0.3218,210.0
anchorrth_n50_pct0p2-r0,5,28,all,3282,-27128.0,-0.587,0.97,0.2581,430.0
anchorrth_n50_pct0p2-r0,5,28,eve,657,-49228.0,-2.3037,0.7648,0.172,430.0
anchorrth_n50_pct0p2-r0,5,28,asia,607,-6538.0,-0.2797,0.9655,0.1895,420.0
anchorrth_n50_pct0p2-r0,5,28,london,685,3400.0,0.144,1.0166,0.2248,420.0
anchorrth_n50_pct0p2-r0,5,28,pre,362,22922.0,1.4111,1.2306,0.2845,420.0
anchorrth_n50_pct0p2-r0,5,28,nyam,518,-5132.0,-0.3542,0.9605,0.3185,410.0
anchorrth_n50_pct0p2-r0,5,28,mid,280,10610.0,1.2298,1.2263,0.4679,410.0
anchorrth_n50_pct0p2-r0,5,28,pm,173,-3162.0,-0.6362,0.8654,0.3815,410.0
anchorrth_n50_pct0p2-r1,5,29,all,3673,-56072.0,-2.4988,0.9197,0.4895,430.0
anchorrth_n50_pct0p2-r1,5,29,eve,754,-25766.0,-2.4744,0.8349,0.4668,430.0
anchorrth_n50_pct0p2-r1,5,29,asia,677,-20478.0,-2.0775,0.8522,0.4712,420.0
anchorrth_n50_pct0p2-r1,5,29,london,784,-5486.0,-0.5167,0.9637,0.5038,420.0
anchorrth_n50_pct0p2-r1,5,29,pre,405,-1210.0,-0.1578,0.9844,0.5062,420.0
anchorrth_n50_pct0p2-r1,5,29,nyam,598,-1722.0,-0.1888,0.9845,0.51,410.0
anchorrth_n50_pct0p2-r1,5,29,mid,282,3472.0,0.6224,1.0832,0.5319,410.0
anchorrth_n50_pct0p2-r1,5,29,pm,173,-4882.0,-1.4082,0.7772,0.4162,410.0
anchorrth_n50_pct0p2-r2,5,30,all,3371,-28284.0,-0.9608,0.9648,0.3563,430.0
anchorrth_n50_pct0p2-r2,5,30,eve,674,-10696.0,-0.774,0.9389,0.3279,430.0
anchorrth_n50_pct0p2-r2,5,30,asia,613,-27122.0,-2.1061,0.8355,0.3034,420.0
anchorrth_n50_pct0p2-r2,5,30,london,713,1478.0,0.1035,1.0082,0.3506,420.0
anchorrth_n50_pct0p2-r2,5,30,pre,375,7550.0,0.7286,1.0835,0.3707,420.0
anchorrth_n50_pct0p2-r2,5,30,nyam,543,-4592.0,-0.3974,0.9638,0.3683,410.0
anchorrth_n50_pct0p2-r2,5,30,mid,280,10350.0,1.4845,1.2326,0.4929,410.0
anchorrth_n50_pct0p2-r2,5,30,pm,173,-5252.0,-1.3092,0.7728,0.3873,410.0
anchorrth_n50_pct0p2-r3,5,31,all,3310,-31020.0,-0.9001,0.964,0.2991,430.0
anchorrth_n50_pct0p2-r3,5,31,eve,660,-20920.0,-1.2841,0.8916,0.2424,430.0
anchorrth_n50_pct0p2-r3,5,31,asia,608,-27372.0,-1.781,0.8471,0.2368,420.0
anchorrth_n50_pct0p2-r3,5,31,london,691,-7374.0,-0.4419,0.9622,0.2692,420.0
anchorrth_n50_pct0p2-r3,5,31,pre,369,15304.0,1.2295,1.1594,0.3225,420.0
anchorrth_n50_pct0p2-r3,5,31,nyam,529,3434.0,0.2615,1.0268,0.344,410.0
anchorrth_n50_pct0p2-r3,5,31,mid,280,10580.0,1.3664,1.2279,0.475,410.0
anchorrth_n50_pct0p2-r3,5,31,pm,173,-4672.0,-1.0621,0.8011,0.3815,410.0
