cell,vi,xi,sess,trades,net,t,pf,win,max_mae_usd
s1_atr1p5-r0,0,0,all,9883,182918.0,0.9358,1.0335,0.2111,10405.0
s1_atr1p5-r0,0,0,eve,1595,-47925.0,-0.6151,0.9417,0.1053,5020.0
s1_atr1p5-r0,0,0,asia,1485,-14320.0,-0.1876,0.9738,0.0761,3545.0
s1_atr1p5-r0,0,0,london,1878,53183.0,0.6634,1.0571,0.1187,4530.0
s1_atr1p5-r0,0,0,pre,1084,136429.0,1.6354,1.2169,0.1642,4250.0
s1_atr1p5-r0,0,0,nyam,1331,41291.0,0.5436,1.0427,0.2637,7445.0
s1_atr1p5-r0,0,0,mid,1272,-46858.0,-0.6933,0.9502,0.3726,10405.0
s1_atr1p5-r0,0,0,pm,1238,61118.0,1.201,1.0996,0.4677,8195.0
s1_atr1p5-r1,0,1,all,13234,-215481.0,-2.0645,0.9569,0.4906,10405.0
s1_atr1p5-r1,0,1,eve,2281,-27869.0,-0.8178,0.9582,0.4888,5020.0
s1_atr1p5-r1,0,1,asia,2032,-52408.0,-2.2494,0.8824,0.4808,4235.0
s1_atr1p5-r1,0,1,london,2725,-31500.0,-0.9022,0.9608,0.495,4490.0
s1_atr1p5-r1,0,1,pre,1229,-3201.0,-0.1114,0.9928,0.4972,4665.0
s1_atr1p5-r1,0,1,nyam,1751,-109654.0,-2.3617,0.8838,0.4786,7445.0
s1_atr1p5-r1,0,1,mid,1643,-50007.0,-0.9335,0.9499,0.493,10405.0
s1_atr1p5-r1,0,1,pm,1573,59158.0,1.2862,1.0839,0.5035,8195.0
s1_atr1p5-r2,0,2,all,11166,-36194.0,-0.2841,0.9931,0.3563,10405.0
s1_atr1p5-r2,0,2,eve,1862,-29908.0,-0.6539,0.9596,0.3212,5020.0
s1_atr1p5-r2,0,2,asia,1665,-12785.0,-0.4232,0.9723,0.3261,3545.0
s1_atr1p5-r2,0,2,london,2367,-7668.0,-0.1716,0.9916,0.3392,4530.0
s1_atr1p5-r2,0,2,pre,1128,15188.0,0.387,1.0286,0.3342,4250.0
s1_atr1p5-r2,0,2,nyam,1485,-31490.0,-0.5468,0.968,0.3441,7445.0
s1_atr1p5-r2,0,2,mid,1337,-43423.0,-0.702,0.9552,0.3927,10405.0
s1_atr1p5-r2,0,2,pm,1322,73892.0,1.4628,1.1132,0.4705,8195.0
s1_atr1p5-r3,0,3,all,10432,-45693.0,-0.3214,0.9914,0.2947,10405.0
s1_atr1p5-r3,0,3,eve,1708,-40572.0,-0.7511,0.9469,0.2406,5020.0
s1_atr1p5-r3,0,3,asia,1543,-31597.0,-0.8669,0.9344,0.234,3585.0
s1_atr1p5-r3,0,3,london,2144,-2211.0,-0.0425,0.9976,0.2528,4530.0
s1_atr1p5-r3,0,3,pre,1104,44924.0,0.9211,1.0778,0.2582,4250.0
s1_atr1p5-r3,0,3,nyam,1390,-42830.0,-0.6721,0.9567,0.2871,7445.0
s1_atr1p5-r3,0,3,mid,1286,-39754.0,-0.6144,0.958,0.3779,10405.0
s1_atr1p5-r3,0,3,pm,1257,66347.0,1.294,1.106,0.4694,8195.0
s1_atr3-r0,0,4,all,7694,-75246.0,-0.3399,0.9884,0.3048,16115.0
s1_atr3-r0,0,4,eve,1163,-89392.0,-0.9788,0.9163,0.2003,7830.0
s1_atr3-r0,0,4,asia,1138,-3077.0,-0.0349,0.9959,0.1432,6800.0
s1_atr3-r0,0,4,london,1377,-72518.0,-0.8168,0.9386,0.2092,9145.0
s1_atr3-r0,0,4,pre,954,196939.0,2.0353,1.2251,0.3071,8500.0
s1_atr3-r0,0,4,nyam,1054,-84411.0,-0.9855,0.9264,0.3824,9980.0
s1_atr3-r0,0,4,mid,1011,-101539.0,-1.3869,0.8915,0.4491,10765.0
s1_atr3-r0,0,4,pm,997,78752.0,1.4513,1.1421,0.5125,16115.0
s1_atr3-r1,0,5,all,8960,-93560.0,-0.6142,0.9841,0.4979,16115.0
s1_atr3-r1,0,5,eve,1398,-40762.0,-0.717,0.9529,0.4914,7830.0
s1_atr3-r1,0,5,asia,1301,-27339.0,-0.7473,0.9493,0.4773,6800.0
s1_atr3-r1,0,5,london,1896,24051.0,0.4117,1.0222,0.5169,9145.0
s1_atr3-r1,0,5,pre,1007,67077.0,1.324,1.0991,0.5164,8500.0
s1_atr3-r1,0,5,nyam,1202,-100618.0,-1.4136,0.9117,0.4884,9980.0
s1_atr3-r1,0,5,mid,1071,-107849.0,-1.5761,0.889,0.4725,10765.0
s1_atr3-r1,0,5,pm,1085,91880.0,1.709,1.1542,0.5161,16115.0
s1_atr3-r2,0,6,all,7911,-139739.0,-0.7882,0.9773,0.3834,16115.0
s1_atr3-r2,0,6,eve,1206,-55124.0,-0.76,0.9427,0.3416,7830.0
s1_atr3-r2,0,6,asia,1161,-20599.0,-0.413,0.9671,0.3092,6800.0
s1_atr3-r2,0,6,london,1481,-8599.0,-0.1242,0.9922,0.339,9145.0
s1_atr3-r2,0,6,pre,968,121443.0,1.7447,1.1474,0.374,8500.0
s1_atr3-r2,0,6,nyam,1073,-127807.0,-1.6338,0.8888,0.3952,9980.0
s1_atr3-r2,0,6,mid,1015,-119475.0,-1.6906,0.8728,0.4502,10765.0
s1_atr3-r2,0,6,pm,1007,70422.0,1.3066,1.1246,0.5134,16115.0
s1_atr3-r3,0,7,all,7751,-166229.0,-0.8607,0.9738,0.3414,16115.0
s1_atr3-r3,0,7,eve,1175,-80590.0,-1.0365,0.9208,0.2715,7830.0
s1_atr3-r3,0,7,asia,1144,329.0,0.0053,1.0005,0.2395,6800.0
s1_atr3-r3,0,7,london,1403,-40267.0,-0.5141,0.9646,0.2666,9145.0
s1_atr3-r3,0,7,pre,959,113919.0,1.4319,1.1312,0.3212,8500.0
s1_atr3-r3,0,7,nyam,1058,-121147.0,-1.4783,0.8948,0.3828,9980.0
s1_atr3-r3,0,7,mid,1011,-108874.0,-1.5005,0.8837,0.4491,10765.0
s1_atr3-r3,0,7,pm,1001,70401.0,1.3106,1.126,0.5115,16115.0
s1_pts10-r0,0,8,all,14481,-131534.0,-1.0669,0.9536,0.0664,1885.0
s1_pts10-r0,0,8,eve,2225,-15530.0,-0.2941,0.9653,0.0413,240.0
s1_pts10-r0,0,8,asia,1864,-56981.0,-1.2174,0.8485,0.0392,245.0
s1_pts10-r0,0,8,london,2406,-18674.0,-0.3701,0.9613,0.0461,640.0
s1_pts10-r0,0,8,pre,1453,54863.0,1.2041,1.1913,0.0599,255.0
s1_pts10-r0,0,8,nyam,1889,-1816.0,-0.0427,0.9951,0.0603,1885.0
s1_pts10-r0,0,8,mid,2377,-49758.0,-0.9341,0.8917,0.0757,225.0
s1_pts10-r0,0,8,pm,2267,-43638.0,-1.4137,0.8936,0.1345,715.0
s1_pts10-r1,0,9,all,17419,-303906.0,-11.3622,0.8419,0.474,585.0
s1_pts10-r1,0,9,eve,2788,-58427.0,-5.4632,0.8132,0.4656,240.0
s1_pts10-r1,0,9,asia,2476,-37944.0,-3.7535,0.8599,0.4798,585.0
s1_pts10-r1,0,9,london,2820,-39645.0,-3.6789,0.8706,0.4826,230.0
s1_pts10-r1,0,9,pre,1780,-25815.0,-3.0155,0.8668,0.4815,255.0
s1_pts10-r1,0,9,nyam,2140,-27310.0,-2.9101,0.8818,0.4855,290.0
s1_pts10-r1,0,9,mid,2730,-60760.0,-5.7538,0.8025,0.4615,225.0
s1_pts10-r1,0,9,pm,2685,-54005.0,-5.1524,0.8198,0.467,265.0
s1_pts10-r2,0,10,all,16866,-337899.0,-9.2642,0.8609,0.3134,315.0
s1_pts10-r2,0,10,eve,2695,-68955.0,-4.7632,0.8248,0.3043,240.0
s1_pts10-r2,0,10,asia,2207,-50138.0,-3.8104,0.8434,0.309,245.0
s1_pts10-r2,0,10,london,2805,-39310.0,-2.6181,0.9014,0.3234,230.0
s1_pts10-r2,0,10,pre,1671,-20129.0,-1.7316,0.9148,0.3268,255.0
s1_pts10-r2,0,10,nyam,2132,-45628.0,-3.5228,0.8519,0.311,315.0
s1_pts10-r2,0,10,mid,2713,-63922.0,-4.3963,0.8375,0.307,225.0
s1_pts10-r2,0,10,pm,2643,-49817.0,-3.4542,0.8682,0.3156,265.0
s1_pts10-r3,0,11,all,16390,-342920.0,-7.8569,0.8695,0.2351,315.0
s1_pts10-r3,0,11,eve,2584,-54906.0,-3.1642,0.8679,0.2341,240.0
s1_pts10-r3,0,11,asia,2050,-59745.0,-3.9232,0.8211,0.2244,245.0
s1_pts10-r3,0,11,london,2766,-41564.0,-2.2894,0.9056,0.2419,230.0
s1_pts10-r3,0,11,pre,1598,-5197.0,-0.3692,0.9792,0.2566,255.0
s1_pts10-r3,0,11,nyam,2113,-59677.0,-3.8555,0.8262,0.2253,315.0
s1_pts10-r3,0,11,mid,2682,-64158.0,-3.6548,0.8515,0.2304,225.0
s1_pts10-r3,0,11,pm,2597,-57673.0,-3.351,0.8607,0.2368,265.0
s1_pts20-r0,0,12,all,12003,45533.0,0.292,1.0107,0.1311,2150.0
s1_pts20-r0,0,12,eve,1740,3960.0,0.0607,1.0061,0.0839,455.0
s1_pts20-r0,0,12,asia,1409,-27281.0,-0.4663,0.9485,0.0816,425.0
s1_pts20-r0,0,12,london,2018,32253.0,0.4754,1.0431,0.0956,670.0
s1_pts20-r0,0,12,pre,1232,28932.0,0.5216,1.0634,0.0998,2150.0
s1_pts20-r0,0,12,nyam,1692,52157.0,0.9047,1.0858,0.1247,1885.0
s1_pts20-r0,0,12,mid,2012,6002.0,0.0926,1.0087,0.1595,540.0
s1_pts20-r0,0,12,pm,1900,-50490.0,-1.331,0.9119,0.2447,715.0
s1_pts20-r1,0,13,all,15786,-255569.0,-5.0614,0.9225,0.488,670.0
s1_pts20-r1,0,13,eve,2438,-56272.0,-2.8304,0.8917,0.4799,455.0
s1_pts20-r1,0,13,asia,1838,-44257.0,-2.5633,0.8873,0.4788,425.0
s1_pts20-r1,0,13,london,2727,11407.0,0.5423,1.021,0.5138,425.0
s1_pts20-r1,0,13,pre,1502,-29158.0,-1.8667,0.9081,0.4847,490.0
s1_pts20-r1,0,13,nyam,2101,-43839.0,-2.3746,0.9016,0.4826,670.0
s1_pts20-r1,0,13,mid,2635,-51030.0,-2.4705,0.9082,0.4843,430.0
s1_pts20-r1,0,13,pm,2545,-42420.0,-2.1162,0.919,0.4853,435.0
s1_pts20-r2,0,14,all,14321,-285319.0,-4.2574,0.9275,0.327,765.0
s1_pts20-r2,0,14,eve,2122,-29183.0,-1.1184,0.95,0.3285,455.0
s1_pts20-r2,0,14,asia,1553,-61427.0,-2.8009,0.8607,0.3071,425.0
s1_pts20-r2,0,14,london,2524,17159.0,0.5955,1.0253,0.3455,430.0
s1_pts20-r2,0,14,pre,1345,-23640.0,-1.1395,0.9365,0.3257,765.0
s1_pts20-r2,0,14,nyam,1999,-66131.0,-2.6469,0.8825,0.3127,670.0
s1_pts20-r2,0,14,mid,2451,-58189.0,-2.0968,0.9144,0.3215,540.0
s1_pts20-r2,0,14,pm,2327,-63908.0,-2.4626,0.8963,0.3378,435.0
s1_pts20-r3,0,15,all,13400,-211745.0,-2.6826,0.9481,0.2536,765.0
s1_pts20-r3,0,15,eve,1937,-32743.0,-1.0773,0.9454,0.2447,455.0
s1_pts20-r3,0,15,asia,1466,-40464.0,-1.5446,0.9116,0.2381,425.0
s1_pts20-r3,0,15,london,2340,27010.0,0.7902,1.0382,0.2624,435.0
s1_pts20-r3,0,15,pre,1294,-7901.0,-0.315,0.9801,0.2519,765.0
s1_pts20-r3,0,15,nyam,1901,-68499.0,-2.3174,0.8852,0.233,670.0
s1_pts20-r3,0,15,mid,2284,-26981.0,-0.8216,0.9613,0.2531,540.0
s1_pts20-r3,0,15,pm,2178,-62167.0,-2.1073,0.9005,0.2819,715.0
s1_pts30-r0,0,16,all,10447,99607.0,0.5713,1.0194,0.1847,2585.0
s1_pts30-r0,0,16,eve,1480,-8535.0,-0.1175,0.9891,0.127,635.0
s1_pts30-r0,0,16,asia,1200,-500.0,-0.0076,0.9992,0.1233,650.0
s1_pts30-r0,0,16,london,1759,-2721.0,-0.0358,0.9971,0.1313,885.0
s1_pts30-r0,0,16,pre,1100,46835.0,0.7495,1.0818,0.1473,2150.0
s1_pts30-r0,0,16,nyam,1507,82782.0,1.3138,1.1115,0.1885,1885.0
s1_pts30-r0,0,16,mid,1747,26912.0,0.3698,1.0328,0.2192,2585.0
s1_pts30-r0,0,16,pm,1654,-45166.0,-1.0655,0.9295,0.3229,715.0
s1_pts30-r1,0,17,all,13888,-250187.0,-3.548,0.9413,0.4904,700.0
s1_pts30-r1,0,17,eve,2014,-27166.0,-1.0038,0.9562,0.4945,635.0
s1_pts30-r1,0,17,asia,1442,-52313.0,-2.2865,0.8866,0.4757,635.0
s1_pts30-r1,0,17,london,2484,-18266.0,-0.6078,0.9759,0.4996,625.0
s1_pts30-r1,0,17,pre,1285,-10870.0,-0.5026,0.9723,0.4988,700.0
s1_pts30-r1,0,17,nyam,1977,-48943.0,-1.8265,0.9211,0.4851,680.0
s1_pts30-r1,0,17,mid,2417,-29363.0,-0.9922,0.9604,0.4952,620.0
s1_pts30-r1,0,17,pm,2269,-63266.0,-2.3058,0.9056,0.4804,685.0
s1_pts30-r2,0,18,all,12025,-190220.0,-2.0821,0.9603,0.3377,885.0
s1_pts30-r2,0,18,eve,1683,-15172.0,-0.4345,0.9778,0.3327,635.0
s1_pts30-r2,0,18,asia,1264,-52236.0,-1.7509,0.9011,0.3149,635.0
s1_pts30-r2,0,18,london,2113,3.0,0.0001,1.0,0.3379,885.0
s1_pts30-r2,0,18,pre,1165,8750.0,0.2993,1.0187,0.3425,765.0
s1_pts30-r2,0,18,nyam,1765,-42355.0,-1.1955,0.9415,0.3252,680.0
s1_pts30-r2,0,18,mid,2065,-26990.0,-0.71,0.9673,0.337,620.0
s1_pts30-r2,0,18,pm,1970,-62220.0,-1.8405,0.9129,0.3655,715.0
s1_pts30-r3,0,19,all,11225,-175985.0,-1.6552,0.9645,0.268,2585.0
s1_pts30-r3,0,19,eve,1574,23694.0,0.566,1.0333,0.2598,635.0
s1_pts30-r3,0,19,asia,1218,-42867.0,-1.1981,0.9241,0.2397,635.0
s1_pts30-r3,0,19,london,1926,-41969.0,-0.9266,0.9526,0.2461,885.0
s1_pts30-r3,0,19,pre,1132,13312.0,0.3766,1.0261,0.2606,765.0
s1_pts30-r3,0,19,nyam,1646,7146.0,0.1694,1.0097,0.2606,680.0
s1_pts30-r3,0,19,mid,1910,-75815.0,-1.7654,0.9109,0.2613,2585.0
s1_pts30-r3,0,19,pm,1819,-59486.0,-1.6203,0.9141,0.3353,715.0
s1_pts45-r0,0,20,all,8951,217141.0,1.1637,1.037,0.2571,2150.0
s1_pts45-r0,0,20,eve,1257,8052.0,0.099,1.0087,0.1838,1005.0
s1_pts45-r0,0,20,asia,1071,5866.0,0.0795,1.0074,0.1839,1220.0
s1_pts45-r0,0,20,london,1460,-30385.0,-0.3745,0.9715,0.1918,950.0
s1_pts45-r0,0,20,pre,1014,76684.0,1.1075,1.1082,0.2258,2150.0
s1_pts45-r0,0,20,nyam,1322,97062.0,1.3501,1.1105,0.2587,1885.0
s1_pts45-r0,0,20,mid,1437,16882.0,0.2669,1.0195,0.3111,1410.0
s1_pts45-r0,0,20,pm,1390,42980.0,0.9116,1.0685,0.4137,930.0
s1_pts45-r1,0,21,all,11511,-109679.0,-1.1551,0.9785,0.4986,1220.0
s1_pts45-r1,0,21,eve,1601,-18459.0,-0.511,0.9748,0.4972,935.0
s1_pts45-r1,0,21,asia,1173,-49102.0,-1.589,0.9113,0.4808,1220.0
s1_pts45-r1,0,21,london,2029,7484.0,0.184,1.0082,0.5057,945.0
s1_pts45-r1,0,21,pre,1121,25871.0,0.8563,1.0525,0.5165,985.0
s1_pts45-r1,0,21,nyam,1731,-41874.0,-1.1172,0.9477,0.4905,920.0
s1_pts45-r1,0,21,mid,1991,12846.0,0.3234,1.0147,0.5048,940.0
s1_pts45-r1,0,21,pm,1865,-46445.0,-1.3366,0.9363,0.4933,930.0
s1_pts45-r2,0,22,all,9793,-22947.0,-0.19,0.9959,0.3584,1410.0
s1_pts45-r2,0,22,eve,1355,11540.0,0.2453,1.0142,0.3417,990.0
s1_pts45-r2,0,22,asia,1089,-29206.0,-0.6996,0.956,0.3278,1220.0
s1_pts45-r2,0,22,london,1628,-38087.0,-0.7459,0.9616,0.3299,950.0
s1_pts45-r2,0,22,pre,1046,62281.0,1.4948,1.1031,0.3633,985.0
s1_pts45-r2,0,22,nyam,1482,-1548.0,-0.032,0.9982,0.3455,930.0
s1_pts45-r2,0,22,mid,1616,-40954.0,-0.8548,0.955,0.3608,1410.0
s1_pts45-r2,0,22,pm,1577,13027.0,0.3207,1.0188,0.4299,930.0
s1_pts45-r3,0,23,all,9297,18517.0,0.1329,1.0032,0.3021,2150.0
s1_pts45-r3,0,23,eve,1288,27008.0,0.4837,1.0316,0.2671,990.0
s1_pts45-r3,0,23,asia,1080,-75615.0,-1.5328,0.898,0.2407,1220.0
s1_pts45-r3,0,23,london,1526,-6589.0,-0.1098,0.9935,0.2621,950.0
s1_pts45-r3,0,23,pre,1032,36027.0,0.7269,1.0537,0.282,2150.0
s1_pts45-r3,0,23,nyam,1388,30523.0,0.549,1.0346,0.2932,1885.0
s1_pts45-r3,0,23,mid,1510,-8970.0,-0.1678,0.99,0.3278,1410.0
s1_pts45-r3,0,23,pm,1473,16133.0,0.3741,1.0242,0.4155,930.0
s1_pct0p1-r0,0,24,all,12921,-22549.0,-0.1549,0.994,0.106,1885.0
s1_pct0p1-r0,0,24,eve,1907,8497.0,0.1386,1.0146,0.0703,460.0
s1_pct0p1-r0,0,24,asia,1568,-55667.0,-1.0107,0.885,0.0606,460.0
s1_pct0p1-r0,0,24,london,2161,7821.0,0.1299,1.012,0.0759,670.0
s1_pct0p1-r0,0,24,pre,1316,45916.0,0.8755,1.1164,0.0866,460.0
s1_pct0p1-r0,0,24,nyam,1779,46234.0,0.8484,1.0878,0.1001,1885.0
s1_pct0p1-r0,0,24,mid,2149,-28061.0,-0.4549,0.9543,0.1233,455.0
s1_pct0p1-r0,0,24,pm,2041,-47289.0,-1.3422,0.9088,0.2053,715.0
s1_pct0p1-r1,0,25,all,16488,-309082.0,-7.2902,0.8905,0.4808,465.0
s1_pct0p1-r1,0,25,eve,2584,-57161.0,-3.4018,0.8723,0.4776,465.0
s1_pct0p1-r1,0,25,asia,2078,-51012.0,-3.4097,0.8583,0.4726,460.0
s1_pct0p1-r1,0,25,london,2780,-29370.0,-1.6778,0.9371,0.4914,455.0
s1_pct0p1-r1,0,25,pre,1636,-18799.0,-1.4087,0.9313,0.4933,455.0
s1_pct0p1-r1,0,25,nyam,2121,-61024.0,-4.0129,0.8372,0.4658,460.0
s1_pct0p1-r1,0,25,mid,2678,-56357.0,-3.2864,0.8784,0.4765,455.0
s1_pct0p1-r1,0,25,pm,2611,-35359.0,-2.1076,0.919,0.4879,455.0
s1_pct0p1-r2,0,26,all,15353,-321792.0,-5.6695,0.906,0.3203,460.0
s1_pct0p1-r2,0,26,eve,2346,-49739.0,-2.2373,0.9052,0.3188,460.0
s1_pct0p1-r2,0,26,asia,1784,-65461.0,-3.4405,0.8394,0.3055,460.0
s1_pct0p1-r2,0,26,london,2652,-7773.0,-0.3225,0.9866,0.3363,460.0
s1_pct0p1-r2,0,26,pre,1463,-31192.0,-1.7799,0.9048,0.3213,455.0
s1_pct0p1-r2,0,26,nyam,2067,-86158.0,-4.1852,0.8202,0.2966,460.0
s1_pct0p1-r2,0,26,mid,2570,-36420.0,-1.5454,0.9363,0.323,455.0
s1_pct0p1-r2,0,26,pm,2471,-45049.0,-2.0212,0.9154,0.3314,455.0
s1_pct0p1-r3,0,27,all,14594,-254641.0,-3.7818,0.9292,0.2463,715.0
s1_pct0p1-r3,0,27,eve,2184,-35856.0,-1.3689,0.9338,0.2445,460.0
s1_pct0p1-r3,0,27,asia,1667,-51148.0,-2.2726,0.8781,0.234,460.0
s1_pct0p1-r3,0,27,london,2539,1854.0,0.0641,1.003,0.2548,460.0
s1_pct0p1-r3,0,27,pre,1400,-12810.0,-0.6032,0.9631,0.2507,455.0
s1_pct0p1-r3,0,27,nyam,2006,-61849.0,-2.4808,0.8782,0.2303,460.0
s1_pct0p1-r3,0,27,mid,2450,-44620.0,-1.6059,0.9266,0.2408,455.0
s1_pct0p1-r3,0,27,pm,2348,-50212.0,-1.9549,0.9093,0.2645,715.0
s1_pct0p2-r0,0,28,all,10249,102484.0,0.579,1.0196,0.1942,2150.0
s1_pct0p2-r0,0,28,eve,1455,1905.0,0.0251,1.0023,0.1326,910.0
s1_pct0p2-r0,0,28,asia,1189,-7531.0,-0.1119,0.9888,0.1312,1220.0
s1_pct0p2-r0,0,28,london,1704,-10496.0,-0.1375,0.9888,0.1397,915.0
s1_pct0p2-r0,0,28,pre,1084,61704.0,0.9659,1.1051,0.1614,2150.0
s1_pct0p2-r0,0,28,nyam,1496,67501.0,1.0289,1.0876,0.1932,1885.0
s1_pct0p2-r0,0,28,mid,1708,-4677.0,-0.0664,0.9943,0.2295,1410.0
s1_pct0p2-r0,0,28,pm,1613,-5922.0,-0.1364,0.9905,0.3391,915.0
s1_pct0p2-r1,0,29,all,13562,-198603.0,-2.6399,0.9545,0.4932,1220.0
s1_pct0p2-r1,0,29,eve,1967,-24533.0,-0.846,0.9617,0.4942,910.0
s1_pct0p2-r1,0,29,asia,1430,-50820.0,-2.064,0.8944,0.4825,1220.0
s1_pct0p2-r1,0,29,london,2396,-11764.0,-0.368,0.9848,0.5029,915.0
s1_pct0p2-r1,0,29,pre,1251,-23944.0,-1.0376,0.9418,0.4924,910.0
s1_pct0p2-r1,0,29,nyam,1953,-45722.0,-1.5809,0.9295,0.4859,915.0
s1_pct0p2-r1,0,29,mid,2349,-10966.0,-0.3475,0.9854,0.4968,910.0
s1_pct0p2-r1,0,29,pm,2216,-30854.0,-1.0728,0.9533,0.4919,915.0
s1_pct0p2-r2,0,30,all,11749,-147871.0,-1.5244,0.9698,0.3412,1410.0
s1_pct0p2-r2,0,30,eve,1654,-11531.0,-0.3077,0.9837,0.3325,910.0
s1_pct0p2-r2,0,30,asia,1247,-26093.0,-0.8041,0.952,0.3304,1220.0
s1_pct0p2-r2,0,30,london,2033,20898.0,0.502,1.0244,0.3428,915.0
s1_pct0p2-r2,0,30,pre,1150,5170.0,0.1651,1.0105,0.3452,910.0
s1_pct0p2-r2,0,30,nyam,1748,-21952.0,-0.5719,0.9708,0.3301,915.0
s1_pct0p2-r2,0,30,mid,2004,-74966.0,-1.9039,0.9116,0.3293,1410.0
s1_pct0p2-r2,0,30,pm,1913,-39397.0,-1.1297,0.9435,0.3743,915.0
s1_pct0p2-r3,0,31,all,10991,-252449.0,-2.2605,0.9503,0.2703,1410.0
s1_pct0p2-r3,0,31,eve,1542,-15468.0,-0.35,0.9793,0.2516,910.0
s1_pct0p2-r3,0,31,asia,1207,-63643.0,-1.6647,0.8938,0.2386,1220.0
s1_pct0p2-r3,0,31,london,1867,-43023.0,-0.9008,0.9522,0.248,915.0
s1_pct0p2-r3,0,31,pre,1114,24739.0,0.6525,1.0468,0.2702,915.0
s1_pct0p2-r3,0,31,nyam,1626,-6969.0,-0.1555,0.9909,0.2595,915.0
s1_pct0p2-r3,0,31,mid,1868,-106622.0,-2.4307,0.8763,0.2661,1410.0
s1_pct0p2-r3,0,31,pm,1767,-41463.0,-1.1058,0.9385,0.3463,915.0
s2_atr1p5-r0,1,0,all,9865,362010.0,1.7623,1.0663,0.2129,8725.0
s2_atr1p5-r0,1,0,eve,1585,72795.0,0.8881,1.0903,0.1218,4345.0
s2_atr1p5-r0,1,0,asia,1454,81434.0,1.0179,1.1533,0.0901,3940.0
s2_atr1p5-r0,1,0,london,1909,-110896.0,-1.4286,0.8868,0.1074,4570.0
s2_atr1p5-r0,1,0,pre,1084,72919.0,0.9061,1.1137,0.1624,4270.0
s2_atr1p5-r0,1,0,nyam,1331,175311.0,2.0111,1.186,0.2765,4740.0
s2_atr1p5-r0,1,0,mid,1270,67745.0,0.8556,1.0741,0.3732,8725.0
s2_atr1p5-r0,1,0,pm,1232,2702.0,0.052,1.0042,0.4489,5720.0
s2_atr1p5-r1,1,1,all,13170,-210820.0,-2.0188,0.9579,0.4892,8725.0
s2_atr1p5-r1,1,1,eve,2265,-13745.0,-0.3985,0.9791,0.4945,4965.0
s2_atr1p5-r1,1,1,asia,2011,-37289.0,-1.6095,0.9141,0.4779,4120.0
s2_atr1p5-r1,1,1,london,2707,-56133.0,-1.5992,0.931,0.4795,3530.0
s2_atr1p5-r1,1,1,pre,1256,-13314.0,-0.4645,0.9706,0.4944,4665.0
s2_atr1p5-r1,1,1,nyam,1752,-22083.0,-0.4643,0.9757,0.496,4740.0
s2_atr1p5-r1,1,1,mid,1637,-48853.0,-0.9241,0.951,0.4875,8725.0
s2_atr1p5-r1,1,1,pm,1542,-19403.0,-0.4262,0.9737,0.5032,6485.0
s2_atr1p5-r2,1,2,all,11148,24238.0,0.1866,1.0046,0.3548,8725.0
s2_atr1p5-r2,1,2,eve,1875,30180.0,0.6412,1.0414,0.3323,4345.0
s2_atr1p5-r2,1,2,asia,1647,6732.0,0.2221,1.015,0.3309,3940.0
s2_atr1p5-r2,1,2,london,2368,-47077.0,-1.0416,0.9495,0.3269,4570.0
s2_atr1p5-r2,1,2,pre,1133,-8367.0,-0.216,0.9846,0.3363,4015.0
s2_atr1p5-r2,1,2,nyam,1489,-37131.0,-0.6295,0.9628,0.3365,4740.0
s2_atr1p5-r2,1,2,mid,1337,64332.0,1.003,1.0693,0.3987,8725.0
s2_atr1p5-r2,1,2,pm,1299,15569.0,0.3055,1.0231,0.4604,5720.0
s2_atr1p5-r3,1,3,all,10392,-54903.0,-0.3809,0.9897,0.2941,8725.0
s2_atr1p5-r3,1,3,eve,1689,-10466.0,-0.1967,0.9862,0.2528,4345.0
s2_atr1p5-r3,1,3,asia,1531,25376.0,0.6873,1.0545,0.2547,3940.0
s2_atr1p5-r3,1,3,london,2145,-170120.0,-3.4985,0.8254,0.2322,4570.0
s2_atr1p5-r3,1,3,pre,1106,-16669.0,-0.3603,0.972,0.2495,4270.0
s2_atr1p5-r3,1,3,nyam,1390,83825.0,1.2288,1.0873,0.3022,4740.0
s2_atr1p5-r3,1,3,mid,1276,20861.0,0.3045,1.0228,0.3754,8725.0
s2_atr1p5-r3,1,3,pm,1255,12290.0,0.2354,1.0186,0.451,5720.0
s2_atr3-r0,1,4,all,7672,401507.0,1.7203,1.063,0.3136,9145.0
s2_atr3-r0,1,4,eve,1140,210275.0,1.9832,1.2164,0.2333,7230.0
s2_atr3-r0,1,4,asia,1125,75290.0,0.8408,1.103,0.1573,7870.0
s2_atr3-r0,1,4,london,1399,-134036.0,-1.4874,0.8911,0.2109,9145.0
s2_atr3-r0,1,4,pre,943,51868.0,0.562,1.0572,0.281,8530.0
s2_atr3-r0,1,4,nyam,1063,92773.0,0.9873,1.0856,0.4017,9015.0
s2_atr3-r0,1,4,mid,1007,48567.0,0.5915,1.0551,0.4846,8725.0
s2_atr3-r0,1,4,pm,995,56770.0,1.038,1.1007,0.4905,8255.0
s2_atr3-r1,1,5,all,8930,-41010.0,-0.27,0.993,0.4929,9145.0
s2_atr3-r1,1,5,eve,1395,84220.0,1.4868,1.1053,0.5068,7230.0
s2_atr3-r1,1,5,asia,1317,-41563.0,-1.1171,0.9252,0.489,7870.0
s2_atr3-r1,1,5,london,1861,-110394.0,-1.909,0.9024,0.4772,9145.0
s2_atr3-r1,1,5,pre,999,-2571.0,-0.051,0.9963,0.4965,7300.0
s2_atr3-r1,1,5,nyam,1220,-86050.0,-1.2188,0.9245,0.477,9015.0
s2_atr3-r1,1,5,mid,1072,55752.0,0.8009,1.0622,0.5112,8725.0
s2_atr3-r1,1,5,pm,1066,59596.0,1.1336,1.1008,0.5038,8255.0
s2_atr3-r2,1,6,all,7912,-2158.0,-0.012,0.9996,0.3842,9145.0
s2_atr3-r2,1,6,eve,1193,100213.0,1.3728,1.1129,0.363,7230.0
s2_atr3-r2,1,6,asia,1152,-25178.0,-0.5159,0.9597,0.3247,7870.0
s2_atr3-r2,1,6,london,1504,-222846.0,-3.3476,0.8139,0.3098,9145.0
s2_atr3-r2,1,6,pre,958,-26417.0,-0.3943,0.9695,0.3392,8530.0
s2_atr3-r2,1,6,nyam,1084,73129.0,0.867,1.0669,0.4142,9015.0
s2_atr3-r2,1,6,mid,1007,18162.0,0.2432,1.0207,0.4866,8725.0
s2_atr3-r2,1,6,pm,1014,80779.0,1.4595,1.1409,0.4961,8255.0
s2_atr3-r3,1,7,all,7727,205507.0,1.0311,1.033,0.3481,9145.0
s2_atr3-r3,1,7,eve,1151,174616.0,2.1202,1.1909,0.3006,7230.0
s2_atr3-r3,1,7,asia,1129,40594.0,0.6678,1.0614,0.2586,7870.0
s2_atr3-r3,1,7,london,1425,-193855.0,-2.5512,0.8403,0.2519,9145.0
s2_atr3-r3,1,7,pre,948,5603.0,0.0723,1.0062,0.2996,8530.0
s2_atr3-r3,1,7,nyam,1066,78556.0,0.8724,1.0722,0.4024,9015.0
s2_atr3-r3,1,7,mid,1007,33607.0,0.4237,1.0381,0.4846,8725.0
s2_atr3-r3,1,7,pm,1001,66386.0,1.2036,1.1173,0.4915,8255.0
s2_pts10-r0,1,8,all,14413,-140132.0,-1.201,0.9503,0.067,960.0
s2_pts10-r0,1,8,eve,2212,102.0,0.0018,1.0002,0.0425,255.0
s2_pts10-r0,1,8,asia,1796,8186.0,0.1748,1.0229,0.0501,230.0
s2_pts10-r0,1,8,london,2423,-73757.0,-1.5806,0.8489,0.0417,960.0
s2_pts10-r0,1,8,pre,1471,24936.0,0.562,1.0852,0.053,355.0
s2_pts10-r0,1,8,nyam,1909,-20831.0,-0.4908,0.9448,0.0576,315.0
s2_pts10-r0,1,8,mid,2328,-70972.0,-1.8793,0.8424,0.076,565.0
s2_pts10-r0,1,8,pm,2274,-7796.0,-0.2456,0.9809,0.1385,265.0
s2_pts10-r1,1,9,all,17372,-265273.0,-9.9276,0.8602,0.4793,355.0
s2_pts10-r1,1,9,eve,2781,-36874.0,-3.4443,0.8775,0.4847,240.0
s2_pts10-r1,1,9,asia,2466,-38494.0,-3.8233,0.8573,0.4785,230.0
s2_pts10-r1,1,9,london,2821,-63309.0,-5.8883,0.8014,0.4619,235.0
s2_pts10-r1,1,9,pre,1811,-23799.0,-2.7551,0.8785,0.4848,355.0
s2_pts10-r1,1,9,nyam,2130,-26020.0,-2.7789,0.8865,0.4869,315.0
s2_pts10-r1,1,9,mid,2694,-36661.0,-3.4861,0.8743,0.4829,225.0
s2_pts10-r1,1,9,pm,2669,-40116.0,-3.8322,0.8621,0.4796,265.0
s2_pts10-r2,1,10,all,16829,-291286.0,-7.9618,0.879,0.3178,565.0
s2_pts10-r2,1,10,eve,2695,-31555.0,-2.137,0.9171,0.3273,240.0
s2_pts10-r2,1,10,asia,2195,-30510.0,-2.297,0.9021,0.3235,230.0
s2_pts10-r2,1,10,london,2807,-68198.0,-4.6072,0.8332,0.3064,235.0
s2_pts10-r2,1,10,pre,1693,-27022.0,-2.3221,0.8882,0.3201,355.0
s2_pts10-r2,1,10,nyam,2122,-47063.0,-3.647,0.8468,0.3096,315.0
s2_pts10-r2,1,10,mid,2670,-43900.0,-3.0095,0.8848,0.3191,565.0
s2_pts10-r2,1,10,pm,2647,-43038.0,-2.9674,0.8858,0.3196,265.0
s2_pts10-r3,1,11,all,16335,-339010.0,-7.7798,0.8705,0.2356,565.0
s2_pts10-r3,1,11,eve,2572,-22783.0,-1.2875,0.9438,0.2496,240.0
s2_pts10-r3,1,11,asia,2022,-38478.0,-2.4964,0.8812,0.2369,230.0
s2_pts10-r3,1,11,london,2761,-74184.0,-4.1808,0.8344,0.2271,235.0
s2_pts10-r3,1,11,pre,1622,-20708.0,-1.483,0.9195,0.2448,355.0
s2_pts10-r3,1,11,nyam,2105,-79630.0,-5.2571,0.7707,0.2133,315.0
s2_pts10-r3,1,11,mid,2646,-64304.0,-3.6894,0.8493,0.2305,565.0
s2_pts10-r3,1,11,pm,2607,-38923.0,-2.2308,0.9052,0.247,265.0
s2_pts20-r0,1,12,all,11986,20941.0,0.14,1.0049,0.1332,1580.0
s2_pts20-r0,1,12,eve,1724,50834.0,0.7469,1.0792,0.0916,455.0
s2_pts20-r0,1,12,asia,1385,12720.0,0.2262,1.0247,0.0931,800.0
s2_pts20-r0,1,12,london,2039,-86021.0,-1.3414,0.8879,0.0834,1455.0
s2_pts20-r0,1,12,pre,1231,37781.0,0.6984,1.0835,0.1048,1580.0
s2_pts20-r0,1,12,nyam,1682,64647.0,1.1336,1.1083,0.1326,470.0
s2_pts20-r0,1,12,mid,2004,-47656.0,-0.8983,0.9313,0.1512,565.0
s2_pts20-r0,1,12,pm,1921,-11364.0,-0.2956,0.9803,0.252,425.0
s2_pts20-r1,1,13,all,15755,-213545.0,-4.2311,0.9347,0.4918,565.0
s2_pts20-r1,1,13,eve,2441,-22024.0,-1.1062,0.9562,0.4973,450.0
s2_pts20-r1,1,13,asia,1838,-862.0,-0.0499,0.9977,0.5082,445.0
s2_pts20-r1,1,13,london,2722,-50113.0,-2.3847,0.9126,0.4857,430.0
s2_pts20-r1,1,13,pre,1503,-32567.0,-2.0855,0.898,0.4817,450.0
s2_pts20-r1,1,13,nyam,2093,-18542.0,-1.0061,0.957,0.4974,460.0
s2_pts20-r1,1,13,mid,2617,-67373.0,-3.274,0.8799,0.4765,565.0
s2_pts20-r1,1,13,pm,2541,-22064.0,-1.0983,0.9571,0.4982,475.0
s2_pts20-r2,1,14,all,14277,-257048.0,-3.8362,0.9343,0.329,1580.0
s2_pts20-r2,1,14,eve,2099,-11436.0,-0.4383,0.98,0.3354,450.0
s2_pts20-r2,1,14,asia,1526,-8289.0,-0.3725,0.9801,0.3355,445.0
s2_pts20-r2,1,14,london,2532,-95783.0,-3.4175,0.8665,0.3085,430.0
s2_pts20-r2,1,14,pre,1350,-3615.0,-0.1719,0.9902,0.3385,1580.0
s2_pts20-r2,1,14,nyam,2000,-27785.0,-1.0976,0.9495,0.3285,460.0
s2_pts20-r2,1,14,mid,2444,-79246.0,-2.8746,0.8844,0.3142,565.0
s2_pts20-r2,1,14,pm,2326,-30894.0,-1.1808,0.9489,0.3517,425.0
s2_pts20-r3,1,15,all,13379,-200386.0,-2.5406,0.9508,0.255,1580.0
s2_pts20-r3,1,15,eve,1931,9811.0,0.3175,1.0167,0.2584,450.0
s2_pts20-r3,1,15,asia,1441,-23939.0,-0.9127,0.9463,0.245,445.0
s2_pts20-r3,1,15,london,2348,-90177.0,-2.7481,0.8781,0.2313,430.0
s2_pts20-r3,1,15,pre,1284,7154.0,0.283,1.0183,0.2593,1580.0
s2_pts20-r3,1,15,nyam,1906,-33464.0,-1.1118,0.9432,0.2445,470.0
s2_pts20-r3,1,15,mid,2300,-51375.0,-1.5719,0.9274,0.2461,565.0
s2_pts20-r3,1,15,pm,2169,-18396.0,-0.6173,0.9697,0.3001,425.0
s2_pts30-r0,1,16,all,10429,219524.0,1.2607,1.043,0.1879,1580.0
s2_pts30-r0,1,16,eve,1467,138557.0,1.7213,1.1802,0.1404,710.0
s2_pts30-r0,1,16,asia,1188,37433.0,0.5712,1.0597,0.133,800.0
s2_pts30-r0,1,16,london,1771,-61479.0,-0.8025,0.9348,0.127,750.0
s2_pts30-r0,1,16,pre,1108,35703.0,0.581,1.062,0.1471,1580.0
s2_pts30-r0,1,16,nyam,1521,129121.0,1.9383,1.1742,0.1953,680.0
s2_pts30-r0,1,16,mid,1705,-38620.0,-0.654,0.9519,0.2176,625.0
s2_pts30-r0,1,16,pm,1669,-21191.0,-0.4774,0.9672,0.3235,655.0
s2_pts30-r1,1,17,all,13857,-240868.0,-3.4186,0.9433,0.4912,1580.0
s2_pts30-r1,1,17,eve,2010,-13995.0,-0.5176,0.9772,0.5,635.0
s2_pts30-r1,1,17,asia,1449,-8271.0,-0.3602,0.9812,0.501,625.0
s2_pts30-r1,1,17,london,2477,-98333.0,-3.2816,0.8765,0.4727,625.0
s2_pts30-r1,1,17,pre,1297,-12973.0,-0.5959,0.9674,0.4981,1580.0
s2_pts30-r1,1,17,nyam,1983,-21322.0,-0.7942,0.9649,0.4967,680.0
s2_pts30-r1,1,17,mid,2372,-67483.0,-2.3047,0.9096,0.4823,615.0
s2_pts30-r1,1,17,pm,2269,-18491.0,-0.6725,0.9715,0.498,655.0
s2_pts30-r2,1,18,all,12032,-203748.0,-2.233,0.9575,0.3383,1580.0
s2_pts30-r2,1,18,eve,1679,10739.0,0.306,1.0159,0.3413,635.0
s2_pts30-r2,1,18,asia,1253,-49112.0,-1.6517,0.906,0.316,640.0
s2_pts30-r2,1,18,london,2126,-99239.0,-2.5722,0.8888,0.3119,635.0
s2_pts30-r2,1,18,pre,1163,-6467.0,-0.2222,0.9863,0.3353,1580.0
s2_pts30-r2,1,18,nyam,1787,-2603.0,-0.0722,0.9964,0.3374,680.0
s2_pts30-r2,1,18,mid,2069,-30066.0,-0.7916,0.9636,0.3388,615.0
s2_pts30-r2,1,18,pm,1955,-27000.0,-0.8021,0.9609,0.3811,655.0
s2_pts30-r3,1,19,all,11240,-107140.0,-1.0038,0.9783,0.2714,1580.0
s2_pts30-r3,1,19,eve,1577,52167.0,1.2341,1.074,0.2676,635.0
s2_pts30-r3,1,19,asia,1209,-741.0,-0.0204,0.9987,0.2539,800.0
s2_pts30-r3,1,19,london,1937,-68388.0,-1.5183,0.9238,0.2406,750.0
s2_pts30-r3,1,19,pre,1137,-44373.0,-1.2867,0.916,0.2392,1580.0
s2_pts30-r3,1,19,nyam,1666,361.0,0.0085,1.0005,0.2587,680.0
s2_pts30-r3,1,19,mid,1898,-28557.0,-0.6599,0.9655,0.2766,625.0
s2_pts30-r3,1,19,pm,1816,-17609.0,-0.4706,0.9742,0.3453,655.0
s2_pts45-r0,1,20,all,8906,249971.0,1.3179,1.0427,0.2552,1620.0
s2_pts45-r0,1,20,eve,1239,122249.0,1.4126,1.1362,0.2002,1100.0
s2_pts45-r0,1,20,asia,1060,41375.0,0.5784,1.0544,0.2038,950.0
s2_pts45-r0,1,20,london,1478,-49652.0,-0.5923,0.9544,0.1881,1090.0
s2_pts45-r0,1,20,pre,1004,30504.0,0.4529,1.0428,0.2151,1580.0
s2_pts45-r0,1,20,nyam,1313,169268.0,2.2384,1.1967,0.2658,920.0
s2_pts45-r0,1,20,mid,1422,-43398.0,-0.7079,0.9503,0.2996,1620.0
s2_pts45-r0,1,20,pm,1390,-20375.0,-0.4228,0.9693,0.3885,930.0
s2_pts45-r1,1,21,all,11399,-256551.0,-2.7128,0.9499,0.4917,1580.0
s2_pts45-r1,1,21,eve,1583,7108.0,0.1979,1.01,0.5066,940.0
s2_pts45-r1,1,21,asia,1178,-50572.0,-1.6331,0.9092,0.4805,935.0
s2_pts45-r1,1,21,london,1990,-101235.0,-2.5156,0.8934,0.4759,1090.0
s2_pts45-r1,1,21,pre,1119,-30121.0,-0.9969,0.9421,0.4897,1580.0
s2_pts45-r1,1,21,nyam,1729,-38671.0,-1.0335,0.9514,0.4922,920.0
s2_pts45-r1,1,21,mid,1956,-15299.0,-0.3881,0.9825,0.4985,925.0
s2_pts45-r1,1,21,pm,1844,-27761.0,-0.7985,0.9614,0.4967,930.0
s2_pts45-r2,1,22,all,9759,-168401.0,-1.4001,0.9699,0.3518,1620.0
s2_pts45-r2,1,22,eve,1347,45182.0,0.957,1.0568,0.3512,1100.0
s2_pts45-r2,1,22,asia,1082,7647.0,0.1823,1.0118,0.342,935.0
s2_pts45-r2,1,22,london,1643,-87102.0,-1.7133,0.9144,0.3195,1090.0
s2_pts45-r2,1,22,pre,1037,-62598.0,-1.5558,0.9025,0.3192,1580.0
s2_pts45-r2,1,22,nyam,1479,-33326.0,-0.6944,0.9622,0.3367,920.0
s2_pts45-r2,1,22,mid,1620,-16250.0,-0.3372,0.982,0.3667,1620.0
s2_pts45-r2,1,22,pm,1551,-21954.0,-0.5406,0.9691,0.4139,930.0
s2_pts45-r3,1,23,all,9214,-72016.0,-0.52,0.9874,0.2977,1620.0
s2_pts45-r3,1,23,eve,1270,76190.0,1.3572,1.0918,0.2787,1100.0
s2_pts45-r3,1,23,asia,1063,7728.0,0.1542,1.011,0.2681,935.0
s2_pts45-r3,1,23,london,1539,-79106.0,-1.3359,0.9245,0.2502,1090.0
s2_pts45-r3,1,23,pre,1017,-47743.0,-0.9961,0.9304,0.2566,1580.0
s2_pts45-r3,1,23,nyam,1383,36848.0,0.6608,1.042,0.2921,920.0
s2_pts45-r3,1,23,mid,1488,-35862.0,-0.6794,0.9596,0.3212,1620.0
s2_pts45-r3,1,23,pm,1454,-30071.0,-0.7061,0.9563,0.3961,930.0
s2_pct0p1-r0,1,24,all,12902,-87038.0,-0.6283,0.9769,0.1059,960.0
s2_pct0p1-r0,1,24,eve,1884,3474.0,0.0565,1.0061,0.0706,460.0
s2_pct0p1-r0,1,24,asia,1536,-9954.0,-0.1893,0.9786,0.071,460.0
s2_pct0p1-r0,1,24,london,2184,-83321.0,-1.4045,0.8764,0.0655,960.0
s2_pct0p1-r0,1,24,pre,1324,71684.0,1.3605,1.1832,0.0906,460.0
s2_pct0p1-r0,1,24,nyam,1787,592.0,0.0116,1.0011,0.0996,470.0
s2_pct0p1-r0,1,24,mid,2127,-42408.0,-0.8558,0.9304,0.1236,565.0
s2_pct0p1-r0,1,24,pm,2060,-27105.0,-0.7572,0.9485,0.2039,455.0
s2_pct0p1-r1,1,25,all,16448,-264282.0,-6.2414,0.9054,0.485,565.0
s2_pct0p1-r1,1,25,eve,2590,-10810.0,-0.642,0.9746,0.5031,460.0
s2_pct0p1-r1,1,25,asia,2074,-23556.0,-1.5842,0.9314,0.4889,460.0
s2_pct0p1-r1,1,25,london,2771,-68474.0,-3.9226,0.8589,0.472,460.0
s2_pct0p1-r1,1,25,pre,1638,-27217.0,-2.0463,0.9018,0.4841,460.0
s2_pct0p1-r1,1,25,nyam,2118,-34542.0,-2.2601,0.9046,0.4868,455.0
s2_pct0p1-r1,1,25,mid,2657,-52833.0,-3.0839,0.885,0.4769,565.0
s2_pct0p1-r1,1,25,pm,2600,-46850.0,-2.8016,0.8936,0.485,475.0
s2_pct0p1-r2,1,26,all,15274,-294366.0,-5.1942,0.9133,0.3221,565.0
s2_pct0p1-r2,1,26,eve,2317,22622.0,0.9973,1.0458,0.3474,460.0
s2_pct0p1-r2,1,26,asia,1771,-23659.0,-1.2255,0.939,0.3247,460.0
s2_pct0p1-r2,1,26,london,2648,-95132.0,-4.0683,0.8438,0.3066,460.0
s2_pct0p1-r2,1,26,pre,1465,-21530.0,-1.225,0.9334,0.3263,460.0
s2_pct0p1-r2,1,26,nyam,2060,-46095.0,-2.198,0.9009,0.3165,460.0
s2_pct0p1-r2,1,26,mid,2554,-70001.0,-3.0085,0.8794,0.3101,565.0
s2_pct0p1-r2,1,26,pm,2459,-60571.0,-2.7481,0.8867,0.3274,455.0
s2_pct0p1-r3,1,27,all,14511,-300654.0,-4.5021,0.9162,0.2446,565.0
s2_pct0p1-r3,1,27,eve,2152,11047.0,0.4127,1.0212,0.2565,460.0
s2_pct0p1-r3,1,27,asia,1633,-22242.0,-0.9799,0.9446,0.2437,460.0
s2_pct0p1-r3,1,27,london,2530,-82610.0,-2.9764,0.8712,0.2336,460.0
s2_pct0p1-r3,1,27,pre,1409,-9561.0,-0.451,0.9723,0.2512,460.0
s2_pct0p1-r3,1,27,nyam,2001,-75744.0,-3.0733,0.8517,0.2269,470.0
s2_pct0p1-r3,1,27,mid,2445,-78680.0,-2.8741,0.8726,0.2319,565.0
s2_pct0p1-r3,1,27,pm,2341,-42864.0,-1.6812,0.9218,0.2704,455.0
s2_pct0p2-r0,1,28,all,10234,168574.0,0.9618,1.0323,0.1945,1835.0
s2_pct0p2-r0,1,28,eve,1429,128789.0,1.6087,1.1655,0.1484,915.0
s2_pct0p2-r0,1,28,asia,1180,20450.0,0.3093,1.0313,0.1373,915.0
s2_pct0p2-r0,1,28,london,1724,-77766.0,-1.0197,0.9194,0.1334,1835.0
s2_pct0p2-r0,1,28,pre,1107,43332.0,0.6929,1.0728,0.1581,1580.0
s2_pct0p2-r0,1,28,nyam,1488,152213.0,2.1774,1.2007,0.203,910.0
s2_pct0p2-r0,1,28,mid,1682,-76858.0,-1.3339,0.9072,0.2212,1620.0
s2_pct0p2-r0,1,28,pm,1624,-21586.0,-0.4836,0.9665,0.3313,905.0
s2_pct0p2-r1,1,29,all,13475,-236310.0,-3.1518,0.9458,0.4919,915.0
s2_pct0p2-r1,1,29,eve,1944,14239.0,0.4948,1.0232,0.5093,890.0
s2_pct0p2-r1,1,29,asia,1438,-19457.0,-0.7902,0.9583,0.4917,915.0
s2_pct0p2-r1,1,29,london,2382,-94878.0,-2.9819,0.8827,0.4748,915.0
s2_pct0p2-r1,1,29,pre,1277,-21063.0,-0.9046,0.9496,0.4933,915.0
s2_pct0p2-r1,1,29,nyam,1937,-4438.0,-0.1536,0.9929,0.5049,910.0
s2_pct0p2-r1,1,29,mid,2312,-64323.0,-2.05,0.9165,0.4805,915.0
s2_pct0p2-r1,1,29,pm,2185,-46390.0,-1.6275,0.9297,0.4947,915.0
s2_pct0p2-r2,1,30,all,11759,-255981.0,-2.6506,0.9482,0.3374,1620.0
s2_pct0p2-r2,1,30,eve,1632,45567.0,1.2047,1.067,0.3462,915.0
s2_pct0p2-r2,1,30,asia,1239,-33136.0,-1.027,0.9387,0.3196,915.0
s2_pct0p2-r2,1,30,london,2056,-121974.0,-3.0079,0.8667,0.3093,915.0
s2_pct0p2-r2,1,30,pre,1168,1488.0,0.0472,1.003,0.3416,1580.0
s2_pct0p2-r2,1,30,nyam,1741,-20534.0,-0.5389,0.9725,0.3354,910.0
s2_pct0p2-r2,1,30,mid,2024,-93256.0,-2.3584,0.8921,0.3266,1620.0
s2_pct0p2-r2,1,30,pm,1899,-34136.0,-0.9865,0.9507,0.3828,905.0
s2_pct0p2-r3,1,31,all,10995,-160930.0,-1.4298,0.9683,0.272,1620.0
s2_pct0p2-r3,1,31,eve,1522,34322.0,0.7663,1.0476,0.2582,915.0
s2_pct0p2-r3,1,31,asia,1196,-46354.0,-1.2088,0.9209,0.2391,915.0
s2_pct0p2-r3,1,31,london,1893,-84632.0,-1.7821,0.9086,0.2425,915.0
s2_pct0p2-r3,1,31,pre,1135,13190.0,0.3439,1.0243,0.2599,1580.0
s2_pct0p2-r3,1,31,nyam,1633,22248.0,0.492,1.029,0.2682,910.0
s2_pct0p2-r3,1,31,mid,1842,-84903.0,-1.9269,0.9,0.2714,1620.0
s2_pct0p2-r3,1,31,pm,1774,-14801.0,-0.3851,0.9784,0.3495,905.0
s3_atr1p5-r0,2,0,all,9888,46068.0,0.2279,1.0083,0.2067,10285.0
s3_atr1p5-r0,2,0,eve,1603,-92837.0,-1.2346,0.8908,0.1036,7255.0
s3_atr1p5-r0,2,0,asia,1462,88447.0,1.0967,1.1667,0.0828,2685.0
s3_atr1p5-r0,2,0,london,1881,-63209.0,-0.7086,0.9338,0.1085,4575.0
s3_atr1p5-r0,2,0,pre,1059,67559.0,1.0091,1.1086,0.1747,4580.0
s3_atr1p5-r0,2,0,nyam,1340,69570.0,0.8005,1.0702,0.2575,9075.0
s3_atr1p5-r0,2,0,mid,1286,-28909.0,-0.3726,0.97,0.3655,10285.0
s3_atr1p5-r0,2,0,pm,1257,5447.0,0.1047,1.0083,0.4399,7575.0
s3_atr1p5-r1,2,1,all,13245,-352920.0,-3.3482,0.9308,0.4881,10285.0
s3_atr1p5-r1,2,1,eve,2312,-57038.0,-1.6509,0.9175,0.4935,7255.0
s3_atr1p5-r1,2,1,asia,2013,-22067.0,-0.9674,0.9477,0.4973,4085.0
s3_atr1p5-r1,2,1,london,2713,-49932.0,-1.4264,0.9386,0.4784,4575.0
s3_atr1p5-r1,2,1,pre,1201,-34329.0,-1.2502,0.9222,0.4971,4580.0
s3_atr1p5-r1,2,1,nyam,1782,-70498.0,-1.4497,0.9256,0.4893,9075.0
s3_atr1p5-r1,2,1,mid,1644,-73211.0,-1.3478,0.9287,0.4848,10285.0
s3_atr1p5-r1,2,1,pm,1580,-45845.0,-0.9992,0.9396,0.4804,7575.0
s3_atr1p5-r2,2,2,all,11192,-296158.0,-2.3146,0.945,0.3496,10285.0
s3_atr1p5-r2,2,2,eve,1877,-72063.0,-1.6553,0.9056,0.325,7255.0
s3_atr1p5-r2,2,2,asia,1672,-10603.0,-0.3556,0.977,0.3295,3940.0
s3_atr1p5-r2,2,2,london,2379,-65546.0,-1.4354,0.9308,0.3232,4575.0
s3_atr1p5-r2,2,2,pre,1093,-28962.0,-0.8024,0.945,0.3385,4580.0
s3_atr1p5-r2,2,2,nyam,1507,-69013.0,-1.1458,0.9323,0.3351,9075.0
s3_atr1p5-r2,2,2,mid,1341,-51374.0,-0.8165,0.9475,0.387,10285.0
s3_atr1p5-r2,2,2,pm,1323,1403.0,0.0274,1.002,0.4452,7575.0
s3_atr1p5-r3,2,3,all,10465,-223220.0,-1.5788,0.9587,0.2926,10285.0
s3_atr1p5-r3,2,3,eve,1725,-93755.0,-1.8931,0.8814,0.2377,7255.0
s3_atr1p5-r3,2,3,asia,1553,15098.0,0.4228,1.0321,0.2556,3940.0
s3_atr1p5-r3,2,3,london,2142,-32918.0,-0.6261,0.9647,0.2512,4575.0
s3_atr1p5-r3,2,3,pre,1074,-17571.0,-0.4058,0.9694,0.2588,4580.0
s3_atr1p5-r3,2,3,nyam,1402,-56453.0,-0.8417,0.9442,0.2817,9075.0
s3_atr1p5-r3,2,3,mid,1297,-40928.0,-0.6096,0.9574,0.3724,10285.0
s3_atr1p5-r3,2,3,pm,1272,3307.0,0.0646,1.005,0.441,7575.0
s3_atr3-r0,2,4,all,7666,-7789.0,-0.0342,0.9988,0.3106,14815.0
s3_atr3-r0,2,4,eve,1157,-30828.0,-0.3047,0.9711,0.2092,14505.0
s3_atr3-r0,2,4,asia,1107,69057.0,0.7861,1.0961,0.1554,5050.0
s3_atr3-r0,2,4,london,1368,-30352.0,-0.3073,0.9741,0.2054,7805.0
s3_atr3-r0,2,4,pre,938,-10032.0,-0.1286,0.9889,0.2964,9165.0
s3_atr3-r0,2,4,nyam,1065,44130.0,0.4572,1.0389,0.4,14815.0
s3_atr3-r0,2,4,mid,1020,-45420.0,-0.5968,0.9515,0.4833,12345.0
s3_atr3-r0,2,4,pm,1011,-4344.0,-0.0803,0.9929,0.4837,8635.0
s3_atr3-r1,2,5,all,8920,-194460.0,-1.2782,0.967,0.4971,14815.0
s3_atr3-r1,2,5,eve,1403,10948.0,0.1952,1.0131,0.5103,14505.0
s3_atr3-r1,2,5,asia,1309,-6166.0,-0.1677,0.9884,0.4966,7870.0
s3_atr3-r1,2,5,london,1857,16917.0,0.2959,1.016,0.4927,7805.0
s3_atr3-r1,2,5,pre,976,-66074.0,-1.334,0.9078,0.4928,9165.0
s3_atr3-r1,2,5,nyam,1221,-96984.0,-1.3326,0.9158,0.4906,14815.0
s3_atr3-r1,2,5,mid,1073,-45507.0,-0.6567,0.9522,0.5042,12345.0
s3_atr3-r1,2,5,pm,1081,-7594.0,-0.1426,0.9881,0.4921,8635.0
s3_atr3-r2,2,6,all,7899,-168701.0,-0.9494,0.9728,0.3878,14815.0
s3_atr3-r2,2,6,eve,1197,-57208.0,-0.8289,0.9403,0.3409,14505.0
s3_atr3-r2,2,6,asia,1143,13398.0,0.2744,1.0222,0.343,7870.0
s3_atr3-r2,2,6,london,1482,11472.0,0.1608,1.0105,0.3347,7805.0
s3_atr3-r2,2,6,pre,949,-23751.0,-0.3722,0.9721,0.353,9165.0
s3_atr3-r2,2,6,nyam,1086,-60559.0,-0.7258,0.9473,0.4061,14815.0
s3_atr3-r2,2,6,mid,1022,-55068.0,-0.7525,0.9411,0.4853,12345.0
s3_atr3-r2,2,6,pm,1020,3015.0,0.0553,1.0049,0.4853,8635.0
s3_atr3-r3,2,7,all,7719,-196096.0,-1.012,0.9692,0.3471,14815.0
s3_atr3-r3,2,7,eve,1165,-107220.0,-1.3977,0.8949,0.2695,14505.0
s3_atr3-r3,2,7,asia,1114,34494.0,0.5948,1.0535,0.2666,5050.0
s3_atr3-r3,2,7,london,1395,-19650.0,-0.2404,0.9826,0.2616,7805.0
s3_atr3-r3,2,7,pre,942,-73643.0,-1.0761,0.9177,0.3068,9165.0
s3_atr3-r3,2,7,nyam,1067,11377.0,0.1255,1.01,0.4021,14815.0
s3_atr3-r3,2,7,mid,1020,-55400.0,-0.739,0.9408,0.4833,12345.0
s3_atr3-r3,2,7,pm,1016,13946.0,0.2502,1.0228,0.4843,8635.0
s3_pts10-r0,2,8,all,14392,-98668.0,-0.8522,0.9649,0.0679,715.0
s3_pts10-r0,2,8,eve,2196,-8979.0,-0.1711,0.9797,0.0428,320.0
s3_pts10-r0,2,8,asia,1807,45887.0,0.9067,1.1271,0.0487,245.0
s3_pts10-r0,2,8,london,2377,-43603.0,-0.9057,0.9086,0.0446,640.0
s3_pts10-r0,2,8,pre,1424,30619.0,0.7531,1.1087,0.0604,715.0
s3_pts10-r0,2,8,nyam,1938,9613.0,0.2125,1.0251,0.0588,290.0
s3_pts10-r0,2,8,mid,2358,-81122.0,-2.3443,0.822,0.0776,565.0
s3_pts10-r0,2,8,pm,2292,-51083.0,-1.7269,0.877,0.1335,715.0
s3_pts10-r1,2,9,all,17414,-269341.0,-10.0678,0.8585,0.4789,395.0
s3_pts10-r1,2,9,eve,2784,-43681.0,-4.0821,0.8567,0.4784,250.0
s3_pts10-r1,2,9,asia,2462,-24128.0,-2.395,0.9079,0.4931,245.0
s3_pts10-r1,2,9,london,2820,-38835.0,-3.6036,0.8731,0.4833,235.0
s3_pts10-r1,2,9,pre,1753,-22727.0,-2.6727,0.8801,0.4855,395.0
s3_pts10-r1,2,9,nyam,2171,-49679.0,-5.2693,0.7978,0.4606,290.0
s3_pts10-r1,2,9,mid,2721,-47904.0,-4.5373,0.8404,0.473,215.0
s3_pts10-r1,2,9,pm,2703,-42387.0,-4.0246,0.8566,0.478,300.0
s3_pts10-r2,2,10,all,16840,-342795.0,-9.4083,0.8588,0.3129,565.0
s3_pts10-r2,2,10,eve,2678,-62832.0,-4.3408,0.8385,0.3077,250.0
s3_pts10-r2,2,10,asia,2197,-20333.0,-1.5201,0.9341,0.3314,245.0
s3_pts10-r2,2,10,london,2801,-51104.0,-3.4262,0.8729,0.3163,235.0
s3_pts10-r2,2,10,pre,1629,-28831.0,-2.5311,0.8766,0.3174,395.0
s3_pts10-r2,2,10,nyam,2162,-70023.0,-5.4618,0.7816,0.2928,290.0
s3_pts10-r2,2,10,mid,2701,-64054.0,-4.4137,0.8366,0.3073,565.0
s3_pts10-r2,2,10,pm,2672,-45618.0,-3.1353,0.8803,0.3189,300.0
s3_pts10-r3,2,11,all,16384,-341206.0,-7.817,0.8701,0.2353,565.0
s3_pts10-r3,2,11,eve,2571,-35319.0,-2.0132,0.9135,0.2435,320.0
s3_pts10-r3,2,11,asia,2066,-17339.0,-1.0922,0.9467,0.2502,245.0
s3_pts10-r3,2,11,london,2767,-45598.0,-2.5182,0.8967,0.24,235.0
s3_pts10-r3,2,11,pre,1544,-23851.0,-1.758,0.9031,0.2416,395.0
s3_pts10-r3,2,11,nyam,2143,-86822.0,-5.7135,0.7554,0.21,290.0
s3_pts10-r3,2,11,mid,2663,-88002.0,-5.1204,0.7979,0.2197,565.0
s3_pts10-r3,2,11,pm,2630,-44275.0,-2.5307,0.8935,0.2433,300.0
s3_pts20-r0,2,12,all,11988,145493.0,0.9691,1.0344,0.1357,2150.0
s3_pts20-r0,2,12,eve,1750,6675.0,0.1054,1.0102,0.0886,620.0
s3_pts20-r0,2,12,asia,1352,76427.0,1.2746,1.1528,0.0976,805.0
s3_pts20-r0,2,12,london,2038,-7097.0,-0.105,0.9907,0.0898,1075.0
s3_pts20-r0,2,12,pre,1206,114536.0,2.0169,1.2625,0.1211,2150.0
s3_pts20-r0,2,12,nyam,1717,45332.0,0.7899,1.0739,0.1264,470.0
s3_pts20-r0,2,12,mid,1985,-71435.0,-1.4654,0.8956,0.1547,540.0
s3_pts20-r0,2,12,pm,1940,-18945.0,-0.4958,0.9673,0.251,715.0
s3_pts20-r1,2,13,all,15816,-280099.0,-5.5419,0.9156,0.4865,565.0
s3_pts20-r1,2,13,eve,2442,-51313.0,-2.5788,0.9009,0.4824,425.0
s3_pts20-r1,2,13,asia,1823,15073.0,0.8764,1.0419,0.5189,430.0
s3_pts20-r1,2,13,london,2738,-42817.0,-2.0315,0.9253,0.489,425.0
s3_pts20-r1,2,13,pre,1473,-28387.0,-1.8357,0.9088,0.4847,490.0
s3_pts20-r1,2,13,nyam,2134,-69076.0,-3.7198,0.8513,0.4681,450.0
s3_pts20-r1,2,13,mid,2624,-56581.0,-2.746,0.8983,0.4817,565.0
s3_pts20-r1,2,13,pm,2582,-46998.0,-2.3232,0.9121,0.4861,475.0
s3_pts20-r2,2,14,all,14309,-256836.0,-3.8314,0.9344,0.3286,540.0
s3_pts20-r2,2,14,eve,2110,-29000.0,-1.1146,0.9501,0.3284,425.0
s3_pts20-r2,2,14,asia,1520,14805.0,0.6608,1.0364,0.348,430.0
s3_pts20-r2,2,14,london,2545,-34650.0,-1.2127,0.9505,0.3285,435.0
s3_pts20-r2,2,14,pre,1310,3235.0,0.1562,1.0092,0.342,490.0
s3_pts20-r2,2,14,nyam,2039,-68601.0,-2.7209,0.8806,0.3119,450.0
s3_pts20-r2,2,14,mid,2424,-87891.0,-3.2103,0.8714,0.3111,540.0
s3_pts20-r2,2,14,pm,2361,-54734.0,-2.0946,0.9116,0.3414,475.0
s3_pts20-r3,2,15,all,13369,-250701.0,-3.1933,0.9385,0.2524,1075.0
s3_pts20-r3,2,15,eve,1937,-37418.0,-1.2339,0.9377,0.2432,425.0
s3_pts20-r3,2,15,asia,1415,-9960.0,-0.3802,0.9771,0.2509,430.0
s3_pts20-r3,2,15,london,2366,-27464.0,-0.8136,0.9624,0.2481,1075.0
s3_pts20-r3,2,15,pre,1254,-661.0,-0.0267,0.9983,0.2552,490.0
s3_pts20-r3,2,15,nyam,1938,-69617.0,-2.3349,0.8854,0.2332,470.0
s3_pts20-r3,2,15,mid,2255,-73340.0,-2.2906,0.8951,0.2404,540.0
s3_pts20-r3,2,15,pm,2204,-32241.0,-1.0803,0.9479,0.2936,715.0
s3_pts30-r0,2,16,all,10423,120078.0,0.7167,1.0235,0.1879,2680.0
s3_pts30-r0,2,16,eve,1469,18934.0,0.2626,1.0242,0.1259,710.0
s3_pts30-r0,2,16,asia,1168,87528.0,1.3126,1.1436,0.1447,805.0
s3_pts30-r0,2,16,london,1739,-98491.0,-1.3722,0.8939,0.1242,885.0
s3_pts30-r0,2,16,pre,1091,102676.0,1.6378,1.1847,0.1659,2150.0
s3_pts30-r0,2,16,nyam,1532,61272.0,0.9498,1.0805,0.1802,635.0
s3_pts30-r0,2,16,mid,1740,-53735.0,-0.9669,0.9346,0.2195,2680.0
s3_pts30-r0,2,16,pm,1684,1894.0,0.0414,1.0029,0.326,715.0
s3_pts30-r1,2,17,all,13900,-315385.0,-4.4697,0.9267,0.4872,1555.0
s3_pts30-r1,2,17,eve,2011,-43549.0,-1.6106,0.9307,0.4878,630.0
s3_pts30-r1,2,17,asia,1457,-5858.0,-0.2545,0.9868,0.5024,635.0
s3_pts30-r1,2,17,london,2476,-23979.0,-0.7983,0.9684,0.498,1555.0
s3_pts30-r1,2,17,pre,1259,-26181.0,-1.2237,0.9333,0.4885,700.0
s3_pts30-r1,2,17,nyam,1997,-87703.0,-3.2624,0.8642,0.4692,635.0
s3_pts30-r1,2,17,mid,2386,-82879.0,-2.8224,0.8908,0.4774,620.0
s3_pts30-r1,2,17,pm,2314,-45236.0,-1.6275,0.933,0.4905,680.0
s3_pts30-r2,2,18,all,11997,-231113.0,-2.5403,0.9518,0.3368,885.0
s3_pts30-r2,2,18,eve,1660,-17405.0,-0.5022,0.9743,0.3319,640.0
s3_pts30-r2,2,18,asia,1236,-9744.0,-0.3254,0.9806,0.3333,640.0
s3_pts30-r2,2,18,london,2111,-44904.0,-1.1547,0.9482,0.3264,885.0
s3_pts30-r2,2,18,pre,1142,1957.0,0.0678,1.0043,0.3389,700.0
s3_pts30-r2,2,18,nyam,1805,-76520.0,-2.1563,0.8981,0.3152,635.0
s3_pts30-r2,2,18,mid,2055,-61760.0,-1.6401,0.9259,0.3285,620.0
s3_pts30-r2,2,18,pm,1988,-22737.0,-0.6683,0.9676,0.3813,715.0
s3_pts30-r3,2,19,all,11200,-88505.0,-0.8304,0.982,0.2717,2680.0
s3_pts30-r3,2,19,eve,1543,-2637.0,-0.0642,0.9962,0.2534,655.0
s3_pts30-r3,2,19,asia,1192,28132.0,0.7696,1.0526,0.2643,805.0
s3_pts30-r3,2,19,london,1917,-26343.0,-0.5802,0.97,0.2493,885.0
s3_pts30-r3,2,19,pre,1115,30050.0,0.8486,1.0602,0.2655,715.0
s3_pts30-r3,2,19,nyam,1681,-29789.0,-0.7094,0.9609,0.2516,635.0
s3_pts30-r3,2,19,mid,1914,-44941.0,-1.0322,0.947,0.2685,2680.0
s3_pts30-r3,2,19,pm,1838,-42977.0,-1.1633,0.9381,0.3406,715.0
s3_pts45-r0,2,20,all,8933,161958.0,0.8424,1.0276,0.2534,2150.0
s3_pts45-r0,2,20,eve,1261,-2604.0,-0.0328,0.9972,0.1832,950.0
s3_pts45-r0,2,20,asia,1037,215727.0,2.3894,1.2963,0.2237,990.0
s3_pts45-r0,2,20,london,1459,-81131.0,-0.9676,0.9248,0.1844,955.0
s3_pts45-r0,2,20,pre,997,37602.0,0.5639,1.0537,0.2207,2150.0
s3_pts45-r0,2,20,nyam,1331,55081.0,0.7718,1.0619,0.2517,915.0
s3_pts45-r0,2,20,mid,1437,-58903.0,-0.9909,0.9334,0.2978,915.0
s3_pts45-r0,2,20,pm,1411,-3814.0,-0.0783,0.9942,0.3891,930.0
s3_pts45-r1,2,21,all,11434,-189841.0,-2.0055,0.9628,0.4945,985.0
s3_pts45-r1,2,21,eve,1590,-13710.0,-0.3808,0.9811,0.4987,920.0
s3_pts45-r1,2,21,asia,1157,53407.0,1.7418,1.1079,0.5298,930.0
s3_pts45-r1,2,21,london,2004,-29676.0,-0.7341,0.9677,0.4955,945.0
s3_pts45-r1,2,21,pre,1092,-14748.0,-0.4941,0.9705,0.4963,985.0
s3_pts45-r1,2,21,nyam,1736,-93524.0,-2.4959,0.887,0.4741,915.0
s3_pts45-r1,2,21,mid,1967,-54178.0,-1.3716,0.9395,0.4886,915.0
s3_pts45-r1,2,21,pm,1888,-37412.0,-1.0655,0.9493,0.4921,930.0
s3_pts45-r2,2,22,all,9753,-49487.0,-0.4107,0.9911,0.3551,990.0
s3_pts45-r2,2,22,eve,1340,-6190.0,-0.1329,0.9923,0.3366,930.0
s3_pts45-r2,2,22,asia,1060,67180.0,1.595,1.1094,0.3623,990.0
s3_pts45-r2,2,22,london,1635,-21585.0,-0.4205,0.9782,0.3339,945.0
s3_pts45-r2,2,22,pre,1023,16663.0,0.4082,1.0275,0.346,985.0
s3_pts45-r2,2,22,nyam,1499,-11851.0,-0.2454,0.9866,0.3416,915.0
s3_pts45-r2,2,22,mid,1622,-38178.0,-0.7909,0.9585,0.3582,915.0
s3_pts45-r2,2,22,pm,1574,-55526.0,-1.3838,0.9232,0.4034,930.0
s3_pts45-r3,2,23,all,9246,-74534.0,-0.539,0.987,0.298,2150.0
s3_pts45-r3,2,23,eve,1287,-22588.0,-0.4106,0.974,0.2564,930.0
s3_pts45-r3,2,23,asia,1046,80206.0,1.5742,1.1188,0.2878,990.0
s3_pts45-r3,2,23,london,1515,-76625.0,-1.3042,0.9257,0.2515,945.0
s3_pts45-r3,2,23,pre,1007,6112.0,0.1263,1.0092,0.2731,2150.0
s3_pts45-r3,2,23,nyam,1390,12635.0,0.2288,1.0143,0.2892,915.0
s3_pts45-r3,2,23,mid,1511,-24734.0,-0.4638,0.9726,0.3203,915.0
s3_pts45-r3,2,23,pm,1490,-49540.0,-1.1638,0.9294,0.3906,930.0
s3_pct0p1-r0,2,24,all,12912,-87408.0,-0.6388,0.9768,0.1069,715.0
s3_pct0p1-r0,2,24,eve,1938,-32127.0,-0.5461,0.9459,0.066,620.0
s3_pct0p1-r0,2,24,asia,1498,59383.0,1.0599,1.1318,0.0788,460.0
s3_pct0p1-r0,2,24,london,2167,-43428.0,-0.7178,0.9342,0.0711,640.0
s3_pct0p1-r0,2,24,pre,1284,67099.0,1.3497,1.1756,0.1012,715.0
s3_pct0p1-r0,2,24,nyam,1810,1020.0,0.0193,1.0019,0.0939,470.0
s3_pct0p1-r0,2,24,mid,2147,-108173.0,-2.4564,0.8251,0.1178,565.0
s3_pct0p1-r0,2,24,pm,2068,-31182.0,-0.8837,0.9407,0.2065,715.0
s3_pct0p1-r1,2,25,all,16487,-323053.0,-7.6186,0.8859,0.4795,565.0
s3_pct0p1-r1,2,25,eve,2594,-65971.0,-3.9221,0.8545,0.4715,455.0
s3_pct0p1-r1,2,25,asia,2061,71.0,0.0048,1.0002,0.507,455.0
s3_pct0p1-r1,2,25,london,2776,-28904.0,-1.6528,0.938,0.491,460.0
s3_pct0p1-r1,2,25,pre,1597,-36478.0,-2.7601,0.8685,0.4778,455.0
s3_pct0p1-r1,2,25,nyam,2150,-74090.0,-4.8432,0.8082,0.4577,455.0
s3_pct0p1-r1,2,25,mid,2677,-61048.0,-3.5582,0.869,0.474,565.0
s3_pct0p1-r1,2,25,pm,2632,-56633.0,-3.3581,0.8746,0.478,475.0
s3_pct0p1-r2,2,26,all,15341,-337319.0,-5.9554,0.9015,0.3197,565.0
s3_pct0p1-r2,2,26,eve,2348,-61697.0,-2.785,0.8835,0.3126,465.0
s3_pct0p1-r2,2,26,asia,1758,-17792.0,-0.9235,0.9536,0.3288,460.0
s3_pct0p1-r2,2,26,london,2653,-32157.0,-1.3406,0.9454,0.3257,460.0
s3_pct0p1-r2,2,26,pre,1423,-13712.0,-0.7821,0.9564,0.3345,455.0
s3_pct0p1-r2,2,26,nyam,2093,-79842.0,-3.8513,0.8344,0.3024,450.0
s3_pct0p1-r2,2,26,mid,2559,-94131.0,-4.1093,0.8397,0.3044,565.0
s3_pct0p1-r2,2,26,pm,2507,-37988.0,-1.685,0.9296,0.3351,475.0
s3_pct0p1-r3,2,27,all,14558,-284402.0,-4.2514,0.9208,0.2461,715.0
s3_pct0p1-r3,2,27,eve,2184,-62911.0,-2.438,0.8853,0.2349,465.0
s3_pct0p1-r3,2,27,asia,1618,9193.0,0.4003,1.0236,0.2608,460.0
s3_pct0p1-r3,2,27,london,2550,12485.0,0.4269,1.0201,0.2561,455.0
s3_pct0p1-r3,2,27,pre,1351,-5324.0,-0.2537,0.9841,0.2568,455.0
s3_pct0p1-r3,2,27,nyam,2033,-81077.0,-3.2868,0.8435,0.2263,470.0
s3_pct0p1-r3,2,27,mid,2451,-108059.0,-4.0255,0.8269,0.224,565.0
s3_pct0p1-r3,2,27,pm,2371,-48709.0,-1.9053,0.9124,0.2695,715.0
s3_pct0p2-r0,2,28,all,10226,238806.0,1.3353,1.046,0.1969,2150.0
s3_pct0p2-r0,2,28,eve,1448,10473.0,0.1447,1.013,0.1374,905.0
s3_pct0p2-r0,2,28,asia,1158,139348.0,1.6576,1.2216,0.1537,915.0
s3_pct0p2-r0,2,28,london,1694,-37306.0,-0.4921,0.9599,0.1399,915.0
s3_pct0p2-r0,2,28,pre,1069,126189.0,1.9624,1.2229,0.1805,2150.0
s3_pct0p2-r0,2,28,nyam,1505,72680.0,1.0771,1.0933,0.1887,910.0
s3_pct0p2-r0,2,28,mid,1704,-50271.0,-0.8915,0.9396,0.2289,915.0
s3_pct0p2-r0,2,28,pm,1648,-22307.0,-0.4929,0.9658,0.3234,915.0
s3_pct0p2-r1,2,29,all,13523,-275542.0,-3.6654,0.9374,0.4889,915.0
s3_pct0p2-r1,2,29,eve,1962,-33438.0,-1.1544,0.9481,0.4939,905.0
s3_pct0p2-r1,2,29,asia,1426,-5169.0,-0.211,0.9886,0.5007,910.0
s3_pct0p2-r1,2,29,london,2382,-6913.0,-0.2172,0.9909,0.4971,915.0
s3_pct0p2-r1,2,29,pre,1232,-9888.0,-0.4295,0.9753,0.4976,910.0
s3_pct0p2-r1,2,29,nyam,1967,-83633.0,-2.8884,0.8755,0.4743,905.0
s3_pct0p2-r1,2,29,mid,2318,-101462.0,-3.2348,0.8717,0.4741,915.0
s3_pct0p2-r1,2,29,pm,2236,-35039.0,-1.2049,0.948,0.4919,915.0
s3_pct0p2-r2,2,30,all,11734,-189006.0,-1.9543,0.9614,0.3382,1165.0
s3_pct0p2-r2,2,30,eve,1636,-13024.0,-0.3493,0.9815,0.3331,1165.0
s3_pct0p2-r2,2,30,asia,1226,5436.0,0.1678,1.0104,0.3369,900.0
s3_pct0p2-r2,2,30,london,2031,-24224.0,-0.5877,0.9721,0.3269,915.0
s3_pct0p2-r2,2,30,pre,1113,17548.0,0.5624,1.0371,0.3459,915.0
s3_pct0p2-r2,2,30,nyam,1767,-59038.0,-1.5557,0.923,0.3214,905.0
s3_pct0p2-r2,2,30,mid,2012,-62468.0,-1.567,0.927,0.3325,915.0
s3_pct0p2-r2,2,30,pm,1949,-53236.0,-1.5279,0.9254,0.3715,915.0
s3_pct0p2-r3,2,31,all,10962,-181018.0,-1.6189,0.9642,0.271,915.0
s3_pct0p2-r3,2,31,eve,1519,-21256.0,-0.4878,0.9711,0.2528,905.0
s3_pct0p2-r3,2,31,asia,1181,21506.0,0.5498,1.0383,0.2625,915.0
s3_pct0p2-r3,2,31,london,1861,-33784.0,-0.7071,0.9621,0.2472,915.0
s3_pct0p2-r3,2,31,pre,1092,35452.0,0.9324,1.0685,0.2692,915.0
s3_pct0p2-r3,2,31,nyam,1653,-49512.0,-1.1261,0.9372,0.2529,910.0
s3_pct0p2-r3,2,31,mid,1860,-69875.0,-1.5585,0.9189,0.2694,915.0
s3_pct0p2-r3,2,31,pm,1796,-63549.0,-1.6959,0.9089,0.3363,915.0
s4_atr1p5-r0,3,0,all,9808,-31957.0,-0.1665,0.9941,0.2046,8590.0
s4_atr1p5-r0,3,0,eve,1582,-127888.0,-1.8269,0.8457,0.1018,8590.0
s4_atr1p5-r0,3,0,asia,1502,-96263.0,-1.367,0.8319,0.0732,3025.0
s4_atr1p5-r0,3,0,london,1866,-43199.0,-0.5613,0.9541,0.1168,4570.0
s4_atr1p5-r0,3,0,pre,1049,177909.0,2.1244,1.2918,0.1697,3895.0
s4_atr1p5-r0,3,0,nyam,1318,117723.0,1.3903,1.1265,0.2663,4740.0
s4_atr1p5-r0,3,0,mid,1245,12225.0,0.1881,1.0138,0.3791,5410.0
s4_atr1p5-r0,3,0,pm,1246,-72464.0,-1.4194,0.8948,0.4149,4620.0
s4_atr1p5-r1,3,1,all,13160,-155300.0,-1.493,0.9686,0.4961,8590.0
s4_atr1p5-r1,3,1,eve,2282,-27418.0,-0.7934,0.959,0.4969,8590.0
s4_atr1p5-r1,3,1,asia,2045,-89250.0,-3.9009,0.8078,0.4694,3415.0
s4_atr1p5-r1,3,1,london,2705,-16115.0,-0.4627,0.9796,0.5039,4740.0
s4_atr1p5-r1,3,1,pre,1193,-19947.0,-0.7357,0.9537,0.4954,3895.0
s4_atr1p5-r1,3,1,nyam,1758,63568.0,1.3619,1.0736,0.5199,5765.0
s4_atr1p5-r1,3,1,mid,1624,3104.0,0.0578,1.0032,0.5055,5410.0
s4_atr1p5-r1,3,1,pm,1553,-69242.0,-1.5149,0.9095,0.4804,7145.0
s4_atr1p5-r2,3,2,all,11125,-206800.0,-1.6284,0.9609,0.3473,8590.0
s4_atr1p5-r2,3,2,eve,1864,-39311.0,-0.8797,0.9473,0.3192,8590.0
s4_atr1p5-r2,3,2,asia,1689,-81071.0,-2.7856,0.8351,0.3132,3025.0
s4_atr1p5-r2,3,2,london,2366,-31179.0,-0.6845,0.9665,0.3309,4570.0
s4_atr1p5-r2,3,2,pre,1094,-50241.0,-1.376,0.9061,0.3199,3895.0
s4_atr1p5-r2,3,2,nyam,1478,22988.0,0.3836,1.0238,0.3457,5765.0
s4_atr1p5-r2,3,2,mid,1311,32641.0,0.5332,1.036,0.4027,5410.0
s4_atr1p5-r2,3,2,pm,1323,-60627.0,-1.2028,0.9152,0.4293,4620.0
s4_atr1p5-r3,3,3,all,10368,-191672.0,-1.3603,0.964,0.2876,8590.0
s4_atr1p5-r3,3,3,eve,1699,-123256.0,-2.5165,0.8423,0.2278,8590.0
s4_atr1p5-r3,3,3,asia,1574,-66766.0,-1.8932,0.8678,0.2363,3025.0
s4_atr1p5-r3,3,3,london,2126,-16559.0,-0.3213,0.9822,0.2559,4570.0
s4_atr1p5-r3,3,3,pre,1071,-2369.0,-0.0519,0.9958,0.2521,3895.0
s4_atr1p5-r3,3,3,nyam,1375,64995.0,0.9404,1.0685,0.2916,4740.0
s4_atr1p5-r3,3,3,mid,1253,36138.0,0.5594,1.0407,0.3863,5410.0
s4_atr1p5-r3,3,3,pm,1270,-83855.0,-1.6713,0.8802,0.4126,4620.0
s4_atr3-r0,3,4,all,7650,215000.0,0.9511,1.0337,0.3051,17190.0
s4_atr3-r0,3,4,eve,1167,-158778.0,-1.6704,0.8528,0.1885,17190.0
s4_atr3-r0,3,4,asia,1120,-7970.0,-0.0939,0.9893,0.1527,5980.0
s4_atr3-r0,3,4,london,1376,8861.0,0.0957,1.0076,0.2202,9145.0
s4_atr3-r0,3,4,pre,929,279804.0,2.9291,1.3375,0.3262,7785.0
s4_atr3-r0,3,4,nyam,1049,107479.0,1.136,1.1012,0.3832,6395.0
s4_atr3-r0,3,4,mid,1002,19532.0,0.2711,1.0222,0.476,10845.0
s4_atr3-r0,3,4,pm,1007,-33928.0,-0.6235,0.9453,0.4548,8710.0
s4_atr3-r1,3,5,all,8901,-72279.0,-0.4805,0.9875,0.4906,17190.0
s4_atr3-r1,3,5,eve,1425,-97705.0,-1.7032,0.8919,0.473,17190.0
s4_atr3-r1,3,5,asia,1299,-67551.0,-1.8645,0.8782,0.485,5980.0
s4_atr3-r1,3,5,london,1856,29031.0,0.5069,1.0277,0.5038,9145.0
s4_atr3-r1,3,5,pre,980,38420.0,0.7862,1.0578,0.5143,7785.0
s4_atr3-r1,3,5,nyam,1193,22208.0,0.315,1.0209,0.4887,11540.0
s4_atr3-r1,3,5,mid,1065,48495.0,0.7114,1.0547,0.5023,10845.0
s4_atr3-r1,3,5,pm,1083,-45177.0,-0.8629,0.9302,0.4672,8710.0
s4_atr3-r2,3,6,all,7899,54159.0,0.3044,1.0089,0.3822,17190.0
s4_atr3-r2,3,6,eve,1219,-156546.0,-2.2786,0.8427,0.315,17190.0
s4_atr3-r2,3,6,asia,1153,-37992.0,-0.7865,0.9393,0.3356,5980.0
s4_atr3-r2,3,6,london,1494,54329.0,0.77,1.0496,0.3487,9145.0
s4_atr3-r2,3,6,pre,948,134798.0,2.0057,1.1695,0.3808,7785.0
s4_atr3-r2,3,6,nyam,1066,64596.0,0.7676,1.0606,0.394,6395.0
s4_atr3-r2,3,6,mid,1004,30694.0,0.4285,1.0351,0.4801,10845.0
s4_atr3-r2,3,6,pm,1015,-35720.0,-0.6674,0.9424,0.4571,8710.0
s4_atr3-r3,3,7,all,7727,92347.0,0.4718,1.0148,0.3427,17190.0
s4_atr3-r3,3,7,eve,1181,-97219.0,-1.2243,0.9048,0.2616,17190.0
s4_atr3-r3,3,7,asia,1128,-31502.0,-0.5487,0.9531,0.2615,5980.0
s4_atr3-r3,3,7,london,1414,109.0,0.0014,1.0001,0.2716,9145.0
s4_atr3-r3,3,7,pre,938,131753.0,1.7355,1.158,0.3369,7785.0
s4_atr3-r3,3,7,nyam,1052,96617.0,1.0457,1.091,0.3859,6395.0
s4_atr3-r3,3,7,mid,1002,23472.0,0.3258,1.0267,0.476,10845.0
s4_atr3-r3,3,7,pm,1012,-30883.0,-0.564,0.9503,0.4555,8710.0
s4_pts10-r0,3,8,all,14361,-137329.0,-1.1237,0.9511,0.0679,1340.0
s4_pts10-r0,3,8,eve,2230,-59525.0,-1.2099,0.868,0.0377,265.0
s4_pts10-r0,3,8,asia,1839,-53926.0,-1.2797,0.8543,0.0419,270.0
s4_pts10-r0,3,8,london,2380,-35850.0,-0.7205,0.9251,0.0458,1340.0
s4_pts10-r0,3,8,pre,1415,134870.0,2.0295,1.4823,0.0622,635.0
s4_pts10-r0,3,8,nyam,1883,-46537.0,-1.2236,0.8748,0.0579,245.0
s4_pts10-r0,3,8,mid,2332,-32658.0,-0.8505,0.9268,0.0858,225.0
s4_pts10-r0,3,8,pm,2282,-43703.0,-1.4447,0.8942,0.135,715.0
s4_pts10-r1,3,9,all,17316,-209219.0,-7.8331,0.8877,0.4874,635.0
s4_pts10-r1,3,9,eve,2781,-45689.0,-4.2712,0.8505,0.4768,245.0
s4_pts10-r1,3,9,asia,2470,-33475.0,-3.3141,0.875,0.4842,585.0
s4_pts10-r1,3,9,london,2821,-14984.0,-1.3897,0.949,0.5041,235.0
s4_pts10-r1,3,9,pre,1725,-29130.0,-3.4414,0.847,0.4771,635.0
s4_pts10-r1,3,9,nyam,2136,-10119.0,-1.0792,0.9543,0.5051,245.0
s4_pts10-r1,3,9,mid,2708,-43222.0,-4.1014,0.8542,0.4771,225.0
s4_pts10-r1,3,9,pm,2675,-32600.0,-3.1091,0.8867,0.4867,235.0
s4_pts10-r2,3,10,all,16763,-271572.0,-7.4261,0.8865,0.3199,635.0
s4_pts10-r2,3,10,eve,2681,-54614.0,-3.7526,0.8588,0.3129,245.0
s4_pts10-r2,3,10,asia,2206,-41949.0,-3.1676,0.8679,0.3155,585.0
s4_pts10-r2,3,10,london,2799,-16741.0,-1.105,0.957,0.3365,235.0
s4_pts10-r2,3,10,pre,1620,-33410.0,-2.9437,0.8576,0.3136,635.0
s4_pts10-r2,3,10,nyam,2124,-23606.0,-1.8017,0.9211,0.3277,245.0
s4_pts10-r2,3,10,mid,2682,-57583.0,-3.9719,0.8512,0.3106,225.0
s4_pts10-r2,3,10,pm,2651,-43669.0,-3.0138,0.8842,0.3203,235.0
s4_pts10-r3,3,11,all,16276,-257434.0,-5.8648,0.9006,0.2418,635.0
s4_pts10-r3,3,11,eve,2568,-45262.0,-2.5988,0.8898,0.2387,245.0
s4_pts10-r3,3,11,asia,2045,-35785.0,-2.2995,0.8906,0.2391,585.0
s4_pts10-r3,3,11,london,2757,-28283.0,-1.5479,0.935,0.2477,235.0
s4_pts10-r3,3,11,pre,1548,-19927.0,-1.4568,0.9191,0.2455,635.0
s4_pts10-r3,3,11,nyam,2104,-29201.0,-1.8425,0.9125,0.2429,245.0
s4_pts10-r3,3,11,mid,2653,-54662.0,-3.1131,0.8713,0.2348,225.0
s4_pts10-r3,3,11,pm,2601,-44314.0,-2.5527,0.8921,0.2449,235.0
s4_pts20-r0,3,12,all,11923,-8182.0,-0.0536,0.9981,0.1329,2105.0
s4_pts20-r0,3,12,eve,1756,-72814.0,-1.2113,0.8902,0.078,455.0
s4_pts20-r0,3,12,asia,1402,-40033.0,-0.7467,0.9238,0.0856,435.0
s4_pts20-r0,3,12,london,1993,-37907.0,-0.5769,0.9491,0.0898,1320.0
s4_pts20-r0,3,12,pre,1200,157105.0,2.1351,1.3599,0.1133,665.0
s4_pts20-r0,3,12,nyam,1667,-21958.0,-0.4131,0.9635,0.12,2105.0
s4_pts20-r0,3,12,mid,1999,31349.0,0.5923,1.0463,0.1686,415.0
s4_pts20-r0,3,12,pm,1906,-23924.0,-0.6264,0.9581,0.2492,715.0
s4_pts20-r1,3,13,all,15705,-157105.0,-3.1175,0.9514,0.496,765.0
s4_pts20-r1,3,13,eve,2441,-42089.0,-2.1149,0.9179,0.4871,455.0
s4_pts20-r1,3,13,asia,1832,-39783.0,-2.3056,0.8978,0.482,765.0
s4_pts20-r1,3,13,london,2734,-6766.0,-0.3211,0.9878,0.5055,435.0
s4_pts20-r1,3,13,pre,1451,-27139.0,-1.7661,0.9114,0.4859,665.0
s4_pts20-r1,3,13,nyam,2091,-1509.0,-0.0819,0.9964,0.5074,440.0
s4_pts20-r1,3,13,mid,2618,-33582.0,-1.6309,0.9382,0.4924,410.0
s4_pts20-r1,3,13,pm,2538,-6237.0,-0.3109,0.9877,0.5047,425.0
s4_pts20-r2,3,14,all,14207,-197883.0,-2.9537,0.9489,0.3316,665.0
s4_pts20-r2,3,14,eve,2106,-59974.0,-2.3302,0.8984,0.3162,455.0
s4_pts20-r2,3,14,asia,1533,-48517.0,-2.2134,0.8875,0.3138,435.0
s4_pts20-r2,3,14,london,2518,-38362.0,-1.3509,0.9447,0.3272,435.0
s4_pts20-r2,3,14,pre,1308,-16882.0,-0.8227,0.9531,0.3295,665.0
s4_pts20-r2,3,14,nyam,1985,11160.0,0.4374,1.021,0.3446,440.0
s4_pts20-r2,3,14,mid,2447,-22378.0,-0.7982,0.9665,0.3322,410.0
s4_pts20-r2,3,14,pm,2310,-22930.0,-0.8787,0.9616,0.3515,425.0
s4_pts20-r3,3,15,all,13349,-137436.0,-1.7392,0.966,0.2576,715.0
s4_pts20-r3,3,15,eve,1948,-59612.0,-1.9799,0.9022,0.2361,455.0
s4_pts20-r3,3,15,asia,1448,-55662.0,-2.1591,0.878,0.2314,435.0
s4_pts20-r3,3,15,london,2333,6913.0,0.2038,1.0097,0.2572,695.0
s4_pts20-r3,3,15,pre,1251,-949.0,-0.0383,0.9975,0.255,665.0
s4_pts20-r3,3,15,nyam,1895,20980.0,0.6834,1.0367,0.2623,440.0
s4_pts20-r3,3,15,mid,2292,-16228.0,-0.4916,0.9767,0.2544,410.0
s4_pts20-r3,3,15,pm,2182,-32878.0,-1.1103,0.9464,0.2956,715.0
s4_pts30-r0,3,16,all,10396,10086.0,0.059,1.002,0.1841,1320.0
s4_pts30-r0,3,16,eve,1506,-89684.0,-1.3237,0.8895,0.1155,660.0
s4_pts30-r0,3,16,asia,1199,-43826.0,-0.7403,0.9311,0.1293,685.0
s4_pts30-r0,3,16,london,1739,-22071.0,-0.294,0.976,0.1328,1320.0
s4_pts30-r0,3,16,pre,1076,184471.0,2.3189,1.3369,0.1626,685.0
s4_pts30-r0,3,16,nyam,1505,3585.0,0.0585,1.0048,0.1774,650.0
s4_pts30-r0,3,16,mid,1711,23106.0,0.3919,1.0292,0.2291,635.0
s4_pts30-r0,3,16,pm,1660,-45495.0,-1.038,0.9294,0.3133,715.0
s4_pts30-r1,3,17,all,13821,-120664.0,-1.7143,0.9711,0.4981,685.0
s4_pts30-r1,3,17,eve,2038,-29782.0,-1.094,0.9527,0.4936,660.0
s4_pts30-r1,3,17,asia,1434,-46181.0,-2.0235,0.8986,0.4791,650.0
s4_pts30-r1,3,17,london,2484,-25456.0,-0.8471,0.9666,0.4972,630.0
s4_pts30-r1,3,17,pre,1242,-5218.0,-0.2454,0.9862,0.5024,685.0
s4_pts30-r1,3,17,nyam,1974,13259.0,0.4951,1.0225,0.5111,650.0
s4_pts30-r1,3,17,mid,2379,-26941.0,-0.9179,0.963,0.496,620.0
s4_pts30-r1,3,17,pm,2270,-345.0,-0.0125,0.9995,0.5035,620.0
s4_pts30-r2,3,18,all,12001,-118574.0,-1.2977,0.9751,0.3411,810.0
s4_pts30-r2,3,18,eve,1715,-65230.0,-1.8747,0.9087,0.3166,660.0
s4_pts30-r2,3,18,asia,1248,-56847.0,-1.9216,0.8914,0.3125,650.0
s4_pts30-r2,3,18,london,2122,20412.0,0.5167,1.024,0.3431,810.0
s4_pts30-r2,3,18,pre,1134,8289.0,0.2873,1.0182,0.3422,685.0
s4_pts30-r2,3,18,nyam,1771,22511.0,0.6246,1.0319,0.3456,650.0
s4_pts30-r2,3,18,mid,2048,-21872.0,-0.578,0.9732,0.3394,620.0
s4_pts30-r2,3,18,pm,1963,-25837.0,-0.766,0.9628,0.376,715.0
s4_pts30-r3,3,19,all,11188,-202982.0,-1.9192,0.9589,0.267,810.0
s4_pts30-r3,3,19,eve,1605,-65670.0,-1.6037,0.9121,0.2368,660.0
s4_pts30-r3,3,19,asia,1212,-35763.0,-0.9984,0.9362,0.2417,685.0
s4_pts30-r3,3,19,london,1921,-23279.0,-0.5121,0.9735,0.2504,810.0
s4_pts30-r3,3,19,pre,1108,9718.0,0.2783,1.0194,0.259,685.0
s4_pts30-r3,3,19,nyam,1642,-32633.0,-0.7878,0.9562,0.2533,650.0
s4_pts30-r3,3,19,mid,1884,-4916.0,-0.1131,0.994,0.2776,620.0
s4_pts30-r3,3,19,pm,1816,-50439.0,-1.379,0.9265,0.3343,715.0
s4_pts45-r0,3,20,all,8932,19562.0,0.1022,1.0033,0.2489,2560.0
s4_pts45-r0,3,20,eve,1260,-123040.0,-1.6705,0.8705,0.1667,950.0
s4_pts45-r0,3,20,asia,1065,13920.0,0.2005,1.0182,0.2038,935.0
s4_pts45-r0,3,20,london,1472,-54743.0,-0.6556,0.9495,0.1848,1320.0
s4_pts45-r0,3,20,pre,983,143103.0,1.7106,1.2082,0.2248,2560.0
s4_pts45-r0,3,20,nyam,1328,7968.0,0.1147,1.0089,0.2432,915.0
s4_pts45-r0,3,20,mid,1407,83442.0,1.1425,1.0995,0.3163,920.0
s4_pts45-r0,3,20,pm,1417,-51088.0,-1.0716,0.9241,0.3776,930.0
s4_pts45-r1,3,21,all,11405,-110890.0,-1.1735,0.978,0.4971,1165.0
s4_pts45-r1,3,21,eve,1584,-64491.0,-1.7956,0.9137,0.4811,1165.0
s4_pts45-r1,3,21,asia,1166,-25504.0,-0.8272,0.9527,0.4914,935.0
s4_pts45-r1,3,21,london,2037,6562.0,0.1611,1.0072,0.5056,945.0
s4_pts45-r1,3,21,pre,1080,-11655.0,-0.393,0.9763,0.4981,945.0
s4_pts45-r1,3,21,nyam,1747,20687.0,0.5503,1.0267,0.5094,915.0
s4_pts45-r1,3,21,mid,1938,-21047.0,-0.5365,0.9757,0.4938,920.0
s4_pts45-r1,3,21,pm,1853,-15442.0,-0.4459,0.9782,0.496,930.0
s4_pts45-r2,3,22,all,9763,-208147.0,-1.7361,0.9628,0.3492,2560.0
s4_pts45-r2,3,22,eve,1355,-83680.0,-1.8154,0.9008,0.3151,1165.0
s4_pts45-r2,3,22,asia,1079,-576.0,-0.0137,0.9991,0.3373,935.0
s4_pts45-r2,3,22,london,1658,-37792.0,-0.7338,0.9625,0.3299,945.0
s4_pts45-r2,3,22,pre,1014,-6591.0,-0.1628,0.9892,0.3383,2560.0
s4_pts45-r2,3,22,nyam,1492,-27408.0,-0.5693,0.969,0.3412,915.0
s4_pts45-r2,3,22,mid,1588,14258.0,0.2975,1.0163,0.3703,920.0
s4_pts45-r2,3,22,pm,1577,-66358.0,-1.6633,0.9081,0.4001,930.0
s4_pts45-r3,3,23,all,9249,-58021.0,-0.4184,0.9899,0.2965,2560.0
s4_pts45-r3,3,23,eve,1287,-36693.0,-0.6687,0.958,0.2517,940.0
s4_pts45-r3,3,23,asia,1071,27801.0,0.5468,1.0393,0.2717,935.0
s4_pts45-r3,3,23,london,1546,-21174.0,-0.351,0.9796,0.2587,945.0
s4_pts45-r3,3,23,pre,999,-2146.0,-0.0444,0.9968,0.2673,2560.0
s4_pts45-r3,3,23,nyam,1395,-10665.0,-0.1931,0.9881,0.2832,915.0
s4_pts45-r3,3,23,mid,1470,61945.0,1.1593,1.073,0.3395,920.0
s4_pts45-r3,3,23,pm,1481,-77089.0,-1.8393,0.8898,0.3822,930.0
s4_pct0p1-r0,3,24,all,12862,-198028.0,-1.3983,0.9474,0.105,1320.0
s4_pct0p1-r0,3,24,eve,1945,-85345.0,-1.5052,0.8576,0.0596,455.0
s4_pct0p1-r0,3,24,asia,1563,-69607.0,-1.4247,0.8542,0.0653,455.0
s4_pct0p1-r0,3,24,london,2137,-20823.0,-0.3323,0.9681,0.0749,1320.0
s4_pct0p1-r0,3,24,pre,1272,132132.0,1.8875,1.348,0.0928,665.0
s4_pct0p1-r0,3,24,nyam,1753,-71607.0,-1.5449,0.8638,0.0867,455.0
s4_pct0p1-r0,3,24,mid,2136,-23134.0,-0.4826,0.9617,0.1339,455.0
s4_pct0p1-r0,3,24,pm,2056,-59644.0,-1.7452,0.8873,0.2028,715.0
s4_pct0p1-r1,3,25,all,16395,-235920.0,-5.5795,0.9148,0.4892,765.0
s4_pct0p1-r1,3,25,eve,2593,-41407.0,-2.4593,0.9061,0.4871,455.0
s4_pct0p1-r1,3,25,asia,2072,-44138.0,-2.9615,0.8755,0.4797,765.0
s4_pct0p1-r1,3,25,london,2781,-23384.0,-1.3353,0.9496,0.5002,455.0
s4_pct0p1-r1,3,25,pre,1575,-25615.0,-1.9638,0.9038,0.4876,665.0
s4_pct0p1-r1,3,25,nyam,2112,-14163.0,-0.929,0.9596,0.4986,455.0
s4_pct0p1-r1,3,25,mid,2660,-65215.0,-3.8166,0.8598,0.4729,455.0
s4_pct0p1-r1,3,25,pm,2602,-21998.0,-1.3124,0.9486,0.4973,470.0
s4_pct0p1-r2,3,26,all,15278,-270137.0,-4.7607,0.9203,0.3243,665.0
s4_pct0p1-r2,3,26,eve,2345,-65435.0,-2.9597,0.8767,0.3122,455.0
s4_pct0p1-r2,3,26,asia,1773,-45387.0,-2.3716,0.8855,0.3113,455.0
s4_pct0p1-r2,3,26,london,2651,-39524.0,-1.6589,0.9331,0.3289,455.0
s4_pct0p1-r2,3,26,pre,1426,-33479.0,-1.9415,0.8953,0.3191,665.0
s4_pct0p1-r2,3,26,nyam,2056,-4459.0,-0.2097,0.9901,0.3371,455.0
s4_pct0p1-r2,3,26,mid,2567,-41208.0,-1.7534,0.928,0.3218,455.0
s4_pct0p1-r2,3,26,pm,2460,-40645.0,-1.8258,0.9233,0.3354,470.0
s4_pct0p1-r3,3,27,all,14511,-321794.0,-4.8304,0.9105,0.2447,715.0
s4_pct0p1-r3,3,27,eve,2196,-81539.0,-3.1735,0.8536,0.2277,455.0
s4_pct0p1-r3,3,27,asia,1650,-57400.0,-2.5734,0.8619,0.2273,455.0
s4_pct0p1-r3,3,27,london,2522,-24403.0,-0.8591,0.9609,0.2506,470.0
s4_pct0p1-r3,3,27,pre,1346,-21574.0,-1.049,0.9355,0.2474,665.0
s4_pct0p1-r3,3,27,nyam,1993,-31482.0,-1.2511,0.9366,0.2449,455.0
s4_pct0p1-r3,3,27,mid,2439,-50836.0,-1.8423,0.9163,0.2407,455.0
s4_pct0p1-r3,3,27,pm,2365,-54560.0,-2.1296,0.9027,0.2689,715.0
s4_pct0p2-r0,3,28,all,10225,-9270.0,-0.0537,0.9982,0.1929,2105.0
s4_pct0p2-r0,3,28,eve,1488,-124902.0,-1.8551,0.8517,0.1196,910.0
s4_pct0p2-r0,3,28,asia,1189,-39176.0,-0.6469,0.9407,0.1388,915.0
s4_pct0p2-r0,3,28,london,1710,-70480.0,-0.9283,0.9261,0.1327,1320.0
s4_pct0p2-r0,3,28,pre,1063,197193.0,2.4455,1.3503,0.175,915.0
s4_pct0p2-r0,3,28,nyam,1479,41749.0,0.6509,1.0548,0.1907,2105.0
s4_pct0p2-r0,3,28,mid,1669,12174.0,0.2156,1.0154,0.2415,895.0
s4_pct0p2-r0,3,28,pm,1627,-25828.0,-0.5745,0.9598,0.3264,925.0
s4_pct0p2-r1,3,29,all,13489,-144516.0,-1.9254,0.9665,0.4972,1165.0
s4_pct0p2-r1,3,29,eve,1976,-67459.0,-2.3265,0.8985,0.4813,1165.0
s4_pct0p2-r1,3,29,asia,1412,-30773.0,-1.2595,0.9338,0.483,915.0
s4_pct0p2-r1,3,29,london,2420,-44125.0,-1.3713,0.9446,0.4955,905.0
s4_pct0p2-r1,3,29,pre,1228,-13767.0,-0.6043,0.9654,0.4976,915.0
s4_pct0p2-r1,3,29,nyam,1943,31208.0,1.0786,1.0513,0.5162,895.0
s4_pct0p2-r1,3,29,mid,2314,-10291.0,-0.3287,0.9861,0.5017,900.0
s4_pct0p2-r1,3,29,pm,2196,-9309.0,-0.3243,0.9856,0.5009,925.0
s4_pct0p2-r2,3,30,all,11726,-103404.0,-1.0673,0.9788,0.3437,1165.0
s4_pct0p2-r2,3,30,eve,1679,-64401.0,-1.732,0.9127,0.3186,1165.0
s4_pct0p2-r2,3,30,asia,1233,-49632.0,-1.5465,0.909,0.3131,915.0
s4_pct0p2-r2,3,30,london,2075,33735.0,0.8013,1.0387,0.348,915.0
s4_pct0p2-r2,3,30,pre,1120,2910.0,0.0942,1.0061,0.342,915.0
s4_pct0p2-r2,3,30,nyam,1735,27205.0,0.7068,1.0374,0.3487,905.0
s4_pct0p2-r2,3,30,mid,1978,-14272.0,-0.3604,0.9825,0.3428,895.0
s4_pct0p2-r2,3,30,pm,1906,-38949.0,-1.1262,0.9438,0.3783,925.0
s4_pct0p2-r3,3,31,all,10991,-141084.0,-1.257,0.9721,0.2729,925.0
s4_pct0p2-r3,3,31,eve,1577,-79428.0,-1.8272,0.8976,0.2353,910.0
s4_pct0p2-r3,3,31,asia,1202,-27673.0,-0.7109,0.9528,0.2438,915.0
s4_pct0p2-r3,3,31,london,1900,-36710.0,-0.7582,0.96,0.25,915.0
s4_pct0p2-r3,3,31,pre,1091,27316.0,0.727,1.053,0.2686,915.0
s4_pct0p2-r3,3,31,nyam,1618,9558.0,0.2138,1.0126,0.267,910.0
s4_pct0p2-r3,3,31,mid,1826,-894.0,-0.0199,0.9989,0.2859,895.0
s4_pct0p2-r3,3,31,pm,1777,-33253.0,-0.8788,0.9512,0.345,925.0
s5_atr1p5-r0,4,0,all,9868,109098.0,0.5597,1.0198,0.208,10405.0
s5_atr1p5-r0,4,0,eve,1556,74201.0,0.9122,1.0944,0.1176,8590.0
s5_atr1p5-r0,4,0,asia,1475,-23155.0,-0.3883,0.958,0.082,4330.0
s5_atr1p5-r0,4,0,london,1915,-171380.0,-2.2899,0.8282,0.105,4575.0
s5_atr1p5-r0,4,0,pre,1052,90407.0,1.1136,1.1458,0.154,4250.0
s5_atr1p5-r0,4,0,nyam,1326,166186.0,1.8675,1.18,0.273,4815.0
s5_atr1p5-r0,4,0,mid,1291,-1649.0,-0.0234,0.9983,0.3625,10405.0
s5_atr1p5-r0,4,0,pm,1253,-25512.0,-0.4901,0.9623,0.4437,5850.0
s5_atr1p5-r1,4,1,all,13221,-192694.0,-1.8347,0.9614,0.4963,10405.0
s5_atr1p5-r1,4,1,eve,2293,7428.0,0.2146,1.0114,0.5024,8590.0
s5_atr1p5-r1,4,1,asia,2041,-15154.0,-0.6609,0.9645,0.511,4330.0
s5_atr1p5-r1,4,1,london,2722,-31233.0,-0.8884,0.9613,0.4952,4575.0
s5_atr1p5-r1,4,1,pre,1210,-55260.0,-1.9853,0.8786,0.4645,4665.0
s5_atr1p5-r1,4,1,nyam,1743,16088.0,0.3352,1.0182,0.502,9075.0
s5_atr1p5-r1,4,1,mid,1632,-61328.0,-1.1452,0.9386,0.4945,10405.0
s5_atr1p5-r1,4,1,pm,1580,-53235.0,-1.1544,0.9311,0.4899,5850.0
s5_atr1p5-r2,4,2,all,11167,-171153.0,-1.3442,0.9678,0.3529,10405.0
s5_atr1p5-r2,4,2,eve,1829,18409.0,0.4194,1.0261,0.3395,8590.0
s5_atr1p5-r2,4,2,asia,1672,-39373.0,-1.3517,0.917,0.3289,4330.0
s5_atr1p5-r2,4,2,london,2389,-82171.0,-1.8219,0.9139,0.3269,4575.0
s5_atr1p5-r2,4,2,pre,1105,-56435.0,-1.5208,0.8954,0.3077,4250.0
s5_atr1p5-r2,4,2,nyam,1487,34727.0,0.5717,1.0362,0.3484,9075.0
s5_atr1p5-r2,4,2,mid,1360,3540.0,0.0559,1.0037,0.3912,10405.0
s5_atr1p5-r2,4,2,pm,1325,-49850.0,-1.0337,0.9296,0.4521,5850.0
s5_atr1p5-r3,4,3,all,10400,-274600.0,-1.9537,0.9489,0.288,10405.0
s5_atr1p5-r3,4,3,eve,1660,-33050.0,-0.6706,0.9551,0.2494,8590.0
s5_atr1p5-r3,4,3,asia,1542,-73518.0,-2.1862,0.8517,0.2322,4330.0
s5_atr1p5-r3,4,3,london,2171,-136159.0,-2.7155,0.861,0.2386,4575.0
s5_atr1p5-r3,4,3,pre,1072,-48853.0,-1.077,0.9158,0.2313,4250.0
s5_atr1p5-r3,4,3,nyam,1381,91056.0,1.3147,1.0966,0.2983,9075.0
s5_atr1p5-r3,4,3,mid,1301,-29549.0,-0.4469,0.969,0.3682,10405.0
s5_atr1p5-r3,4,3,pm,1273,-44527.0,-0.8992,0.9353,0.4446,5850.0
s5_atr3-r0,4,4,all,7646,11601.0,0.0517,1.0018,0.3072,17190.0
s5_atr3-r0,4,4,eve,1151,95581.0,0.9802,1.0922,0.2224,17190.0
s5_atr3-r0,4,4,asia,1120,-118550.0,-1.6927,0.8453,0.1384,8670.0
s5_atr3-r0,4,4,london,1368,-73397.0,-0.7499,0.9377,0.2142,7805.0
s5_atr3-r0,4,4,pre,946,77681.0,0.8377,1.0863,0.2918,8500.0
s5_atr3-r0,4,4,nyam,1044,140419.0,1.4613,1.136,0.4157,9015.0
s5_atr3-r0,4,4,mid,1014,-59891.0,-0.8037,0.9362,0.4467,10765.0
s5_atr3-r0,4,4,pm,1003,-50242.0,-0.9266,0.9196,0.4806,8635.0
s5_atr3-r1,4,5,all,8910,-287600.0,-1.9113,0.9511,0.4941,17190.0
s5_atr3-r1,4,5,eve,1390,-20605.0,-0.3596,0.9757,0.5058,17190.0
s5_atr3-r1,4,5,asia,1313,-86717.0,-2.3608,0.8492,0.4806,8670.0
s5_atr3-r1,4,5,london,1850,-10845.0,-0.1943,0.9897,0.5049,7805.0
s5_atr3-r1,4,5,pre,1000,-62670.0,-1.253,0.9144,0.476,8500.0
s5_atr3-r1,4,5,nyam,1200,47620.0,0.6774,1.0457,0.5142,9260.0
s5_atr3-r1,4,5,mid,1080,-64480.0,-0.9248,0.9335,0.475,10765.0
s5_atr3-r1,4,5,pm,1077,-89903.0,-1.7659,0.8654,0.4903,8635.0
s5_atr3-r2,4,6,all,7876,-156039.0,-0.8792,0.9747,0.3837,17190.0
s5_atr3-r2,4,6,eve,1198,55473.0,0.7806,1.06,0.3631,17190.0
s5_atr3-r2,4,6,asia,1150,-119330.0,-2.6985,0.8175,0.3165,8670.0
s5_atr3-r2,4,6,london,1479,-82036.0,-1.207,0.9267,0.3354,7805.0
s5_atr3-r2,4,6,pre,956,17716.0,0.2615,1.0209,0.3473,8500.0
s5_atr3-r2,4,6,nyam,1067,76787.0,0.9078,1.0727,0.4217,9260.0
s5_atr3-r2,4,6,mid,1015,-46225.0,-0.6319,0.9503,0.4512,10765.0
s5_atr3-r2,4,6,pm,1011,-58424.0,-1.1086,0.9074,0.4817,8635.0
s5_atr3-r3,4,7,all,7712,-143883.0,-0.7349,0.9773,0.3438,17190.0
s5_atr3-r3,4,7,eve,1160,54435.0,0.6734,1.0556,0.2957,17190.0
s5_atr3-r3,4,7,asia,1129,-151496.0,-3.0259,0.7864,0.2356,8670.0
s5_atr3-r3,4,7,london,1401,-72189.0,-0.9019,0.9371,0.2677,7805.0
s5_atr3-r3,4,7,pre,952,6202.0,0.0815,1.0069,0.3078,8500.0
s5_atr3-r3,4,7,nyam,1048,141043.0,1.4994,1.1361,0.417,9260.0
s5_atr3-r3,4,7,mid,1014,-67826.0,-0.9264,0.9277,0.4467,10765.0
s5_atr3-r3,4,7,pm,1008,-54052.0,-1.0107,0.9141,0.4802,8635.0
s5_pts10-r0,4,8,all,14346,-38719.0,-0.3074,0.9862,0.0678,2325.0
s5_pts10-r0,4,8,eve,2169,29519.0,0.5326,1.0679,0.0452,225.0
s5_pts10-r0,4,8,asia,1805,19645.0,0.4165,1.0546,0.051,260.0
s5_pts10-r0,4,8,london,2405,-55295.0,-1.1179,0.8855,0.0449,465.0
s5_pts10-r0,4,8,pre,1406,108121.0,2.1844,1.3902,0.0633,570.0
s5_pts10-r0,4,8,nyam,1883,-6267.0,-0.1473,0.9832,0.06,1885.0
s5_pts10-r0,4,8,mid,2383,-67707.0,-1.2213,0.8551,0.0684,2325.0
s5_pts10-r0,4,8,pm,2295,-66735.0,-2.3815,0.8391,0.1351,715.0
s5_pts10-r1,4,9,all,17334,-280781.0,-10.5196,0.8523,0.4772,570.0
s5_pts10-r1,4,9,eve,2787,-29403.0,-2.7437,0.9012,0.4912,225.0
s5_pts10-r1,4,9,asia,2460,-21665.0,-2.1514,0.9169,0.4955,245.0
s5_pts10-r1,4,9,london,2822,-41268.0,-3.8287,0.8658,0.4812,230.0
s5_pts10-r1,4,9,pre,1747,-41773.0,-4.9262,0.79,0.4591,570.0
s5_pts10-r1,4,9,nyam,2133,-34232.0,-3.6569,0.8536,0.4773,315.0
s5_pts10-r1,4,9,mid,2716,-58609.0,-5.5633,0.808,0.4632,215.0
s5_pts10-r1,4,9,pm,2669,-53831.0,-5.1498,0.8193,0.4672,300.0
s5_pts10-r2,4,10,all,16764,-294346.0,-8.065,0.8773,0.3178,570.0
s5_pts10-r2,4,10,eve,2678,-35032.0,-2.385,0.9077,0.3249,225.0
s5_pts10-r2,4,10,asia,2185,-16005.0,-1.1969,0.9476,0.3346,270.0
s5_pts10-r2,4,10,london,2811,-44299.0,-2.9538,0.8896,0.3205,265.0
s5_pts10-r2,4,10,pre,1629,-32401.0,-2.8484,0.8622,0.3143,570.0
s5_pts10-r2,4,10,nyam,2123,-35662.0,-2.7423,0.8824,0.3184,315.0
s5_pts10-r2,4,10,mid,2690,-68625.0,-4.7495,0.825,0.3041,565.0
s5_pts10-r2,4,10,pm,2648,-62322.0,-4.3508,0.8371,0.3097,300.0
s5_pts10-r3,4,11,all,16280,-312660.0,-7.1669,0.8799,0.2379,585.0
s5_pts10-r3,4,11,eve,2559,-20701.0,-1.1715,0.9486,0.2505,225.0
s5_pts10-r3,4,11,asia,2028,-19407.0,-1.2351,0.9394,0.249,585.0
s5_pts10-r3,4,11,london,2778,-41742.0,-2.294,0.9056,0.2419,265.0
s5_pts10-r3,4,11,pre,1552,-29068.0,-2.1475,0.8833,0.2378,570.0
s5_pts10-r3,4,11,nyam,2102,-57148.0,-3.6957,0.8323,0.2265,315.0
s5_pts10-r3,4,11,mid,2667,-86963.0,-5.05,0.8005,0.2201,565.0
s5_pts10-r3,4,11,pm,2594,-57631.0,-3.3633,0.8602,0.2402,300.0
s5_pts20-r0,4,12,all,11966,84681.0,0.5396,1.0199,0.1317,2325.0
s5_pts20-r0,4,12,eve,1701,67926.0,0.9993,1.1071,0.0899,425.0
s5_pts20-r0,4,12,asia,1382,16832.0,0.2952,1.0328,0.0933,430.0
s5_pts20-r0,4,12,london,2062,-98663.0,-1.5451,0.8726,0.0858,1495.0
s5_pts20-r0,4,12,pre,1196,106496.0,1.783,1.2426,0.1079,1580.0
s5_pts20-r0,4,12,nyam,1680,26650.0,0.4735,1.0441,0.1232,1885.0
s5_pts20-r0,4,12,mid,2015,49300.0,0.7192,1.071,0.1558,2325.0
s5_pts20-r0,4,12,pm,1930,-83860.0,-2.3833,0.8566,0.242,715.0
s5_pts20-r1,4,13,all,15736,-243199.0,-4.8215,0.9259,0.4894,670.0
s5_pts20-r1,4,13,eve,2433,-17837.0,-0.8975,0.9643,0.4994,425.0
s5_pts20-r1,4,13,asia,1841,-18789.0,-1.0865,0.9506,0.4959,430.0
s5_pts20-r1,4,13,london,2744,-28546.0,-1.3524,0.9497,0.4956,450.0
s5_pts20-r1,4,13,pre,1470,-35710.0,-2.3102,0.8865,0.4789,665.0
s5_pts20-r1,4,13,nyam,2094,-20866.0,-1.1314,0.9517,0.4962,670.0
s5_pts20-r1,4,13,mid,2618,-58422.0,-2.8395,0.8949,0.4801,565.0
s5_pts20-r1,4,13,pm,2536,-63029.0,-3.1416,0.8822,0.4783,440.0
s5_pts20-r2,4,14,all,14259,-238051.0,-3.5515,0.939,0.3296,1580.0
s5_pts20-r2,4,14,eve,2096,23741.0,0.9019,1.0425,0.3492,425.0
s5_pts20-r2,4,14,asia,1528,-23372.0,-1.0564,0.9445,0.3272,440.0
s5_pts20-r2,4,14,london,2552,-49733.0,-1.7447,0.9297,0.3237,450.0
s5_pts20-r2,4,14,pre,1318,-16287.0,-0.7876,0.9552,0.3308,1580.0
s5_pts20-r2,4,14,nyam,1989,-38441.0,-1.5273,0.9302,0.3238,670.0
s5_pts20-r2,4,14,mid,2459,-61646.0,-2.2191,0.9097,0.32,540.0
s5_pts20-r2,4,14,pm,2317,-72313.0,-2.8052,0.8824,0.3345,440.0
s5_pts20-r3,4,15,all,13363,-220717.0,-2.8047,0.9457,0.2542,1580.0
s5_pts20-r3,4,15,eve,1928,53043.0,1.6896,1.0923,0.2723,425.0
s5_pts20-r3,4,15,asia,1436,-32999.0,-1.2675,0.9261,0.2409,440.0
s5_pts20-r3,4,15,london,2356,-51634.0,-1.5466,0.9295,0.2419,1075.0
s5_pts20-r3,4,15,pre,1254,-34106.0,-1.4021,0.9132,0.2392,1580.0
s5_pts20-r3,4,15,nyam,1895,-30210.0,-1.0045,0.9484,0.2454,670.0
s5_pts20-r3,4,15,mid,2314,-68076.0,-2.0913,0.9049,0.2424,540.0
s5_pts20-r3,4,15,pm,2180,-56735.0,-1.9378,0.9081,0.289,715.0
s5_pts30-r0,4,16,all,10392,190137.0,1.0423,1.0373,0.1862,2325.0
s5_pts30-r0,4,16,eve,1439,69219.0,0.9137,1.091,0.1313,710.0
s5_pts30-r0,4,16,asia,1190,22425.0,0.3482,1.0358,0.1345,640.0
s5_pts30-r0,4,16,london,1748,-52177.0,-0.6779,0.9437,0.1316,1525.0
s5_pts30-r0,4,16,pre,1082,118677.0,1.5218,1.2126,0.1534,1580.0
s5_pts30-r0,4,16,nyam,1507,82682.0,1.2857,1.1118,0.1904,1885.0
s5_pts30-r0,4,16,mid,1756,24236.0,0.3276,1.0291,0.2113,2325.0
s5_pts30-r0,4,16,pm,1670,-74925.0,-1.7799,0.8847,0.3186,715.0
s5_pts30-r1,4,17,all,13784,-262236.0,-3.7323,0.9381,0.4896,1580.0
s5_pts30-r1,4,17,eve,2007,-20493.0,-0.7585,0.9667,0.4973,630.0
s5_pts30-r1,4,17,asia,1449,-15371.0,-0.6696,0.9654,0.4969,615.0
s5_pts30-r1,4,17,london,2480,-39930.0,-1.3299,0.948,0.4923,635.0
s5_pts30-r1,4,17,pre,1265,-44415.0,-2.0669,0.8902,0.4775,1580.0
s5_pts30-r1,4,17,nyam,1967,-43953.0,-1.6444,0.9285,0.487,670.0
s5_pts30-r1,4,17,mid,2363,-65927.0,-2.2551,0.9113,0.4816,620.0
s5_pts30-r1,4,17,pm,2253,-32147.0,-1.1749,0.9505,0.4922,680.0
s5_pts30-r2,4,18,all,11979,-218961.0,-2.4076,0.9542,0.3373,1580.0
s5_pts30-r2,4,18,eve,1673,32513.0,0.9235,1.0489,0.3485,630.0
s5_pts30-r2,4,18,asia,1245,-29625.0,-0.9927,0.9422,0.3245,640.0
s5_pts30-r2,4,18,london,2088,-29002.0,-0.7469,0.966,0.3305,1430.0
s5_pts30-r2,4,18,pre,1144,-15621.0,-0.5429,0.9666,0.3313,1580.0
s5_pts30-r2,4,18,nyam,1776,-17229.0,-0.4812,0.9761,0.3328,670.0
s5_pts30-r2,4,18,mid,2077,-110068.0,-2.9406,0.8717,0.3158,620.0
s5_pts30-r2,4,18,pm,1976,-49929.0,-1.4912,0.9287,0.3735,715.0
s5_pts30-r3,4,19,all,11129,-139626.0,-1.3189,0.9714,0.2706,1580.0
s5_pts30-r3,4,19,eve,1536,71476.0,1.7029,1.105,0.2734,630.0
s5_pts30-r3,4,19,asia,1210,-21915.0,-0.6082,0.9606,0.2463,640.0
s5_pts30-r3,4,19,london,1901,-10904.0,-0.2401,0.9874,0.253,1430.0
s5_pts30-r3,4,19,pre,1114,-7251.0,-0.2084,0.9857,0.2531,1580.0
s5_pts30-r3,4,19,nyam,1642,-14178.0,-0.3399,0.9808,0.2582,670.0
s5_pts30-r3,4,19,mid,1905,-87040.0,-2.0381,0.8976,0.2588,620.0
s5_pts30-r3,4,19,pm,1821,-69814.0,-1.9303,0.8985,0.3366,715.0
s5_pts45-r0,4,20,all,8919,288974.0,1.4439,1.0492,0.254,2325.0
s5_pts45-r0,4,20,eve,1221,152176.0,1.7672,1.172,0.1982,950.0
s5_pts45-r0,4,20,asia,1042,62667.0,0.8198,1.0825,0.1929,950.0
s5_pts45-r0,4,20,london,1471,-49034.0,-0.5851,0.9543,0.1937,1555.0
s5_pts45-r0,4,20,pre,996,46726.0,0.568,1.0653,0.2048,1580.0
s5_pts45-r0,4,20,nyam,1318,74578.0,1.0521,1.0856,0.2625,1885.0
s5_pts45-r0,4,20,mid,1462,47182.0,0.6195,1.0526,0.2962,2325.0
s5_pts45-r0,4,20,pm,1409,-45321.0,-0.97,0.9324,0.3932,935.0
s5_pts45-r1,4,21,all,11437,-123148.0,-1.3004,0.9757,0.4981,1580.0
s5_pts45-r1,4,21,eve,1585,41300.0,1.1497,1.0595,0.518,935.0
s5_pts45-r1,4,21,asia,1161,-11759.0,-0.3822,0.9778,0.4978,930.0
s5_pts45-r1,4,21,london,2019,-30156.0,-0.7427,0.9675,0.4958,1555.0
s5_pts45-r1,4,21,pre,1105,-37870.0,-1.2608,0.9269,0.4851,1580.0
s5_pts45-r1,4,21,nyam,1726,-1839.0,-0.0491,0.9976,0.5035,920.0
s5_pts45-r1,4,21,mid,1985,-51945.0,-1.3115,0.9423,0.4892,925.0
s5_pts45-r1,4,21,pm,1856,-30879.0,-0.887,0.9573,0.4962,935.0
s5_pts45-r2,4,22,all,9715,-31150.0,-0.2588,0.9943,0.3575,1580.0
s5_pts45-r2,4,22,eve,1325,117175.0,2.4726,1.1548,0.3713,935.0
s5_pts45-r2,4,22,asia,1061,-41904.0,-1.0213,0.9357,0.3233,935.0
s5_pts45-r2,4,22,london,1636,6966.0,0.1349,1.0071,0.3399,1555.0
s5_pts45-r2,4,22,pre,1027,-35048.0,-0.8691,0.944,0.3291,1580.0
s5_pts45-r2,4,22,nyam,1469,13004.0,0.27,1.0151,0.3513,920.0
s5_pts45-r2,4,22,mid,1626,-33064.0,-0.6852,0.9637,0.3592,925.0
s5_pts45-r2,4,22,pm,1571,-58279.0,-1.4523,0.9193,0.4099,935.0
s5_pts45-r3,4,23,all,9228,-3562.0,-0.0256,0.9994,0.3003,2325.0
s5_pts45-r3,4,23,eve,1258,94013.0,1.6712,1.1148,0.2814,945.0
s5_pts45-r3,4,23,asia,1046,-36659.0,-0.7454,0.9482,0.2514,935.0
s5_pts45-r3,4,23,london,1528,9128.0,0.1515,1.009,0.2664,1555.0
s5_pts45-r3,4,23,pre,1007,-55198.0,-1.1679,0.9186,0.2572,1580.0
s5_pts45-r3,4,23,nyam,1389,61454.0,1.0911,1.0702,0.2981,1885.0
s5_pts45-r3,4,23,mid,1530,-31820.0,-0.5901,0.9652,0.3157,2325.0
s5_pts45-r3,4,23,pm,1470,-44480.0,-1.0506,0.9356,0.402,935.0
s5_pct0p1-r0,4,24,all,12877,-24033.0,-0.1641,0.9936,0.106,2325.0
s5_pct0p1-r0,4,24,eve,1870,56745.0,0.8787,1.1002,0.0711,460.0
s5_pct0p1-r0,4,24,asia,1532,19462.0,0.3634,1.0422,0.077,460.0
s5_pct0p1-r0,4,24,london,2212,-102423.0,-1.7444,0.849,0.0687,560.0
s5_pct0p1-r0,4,24,pre,1279,96444.0,1.71,1.25,0.0884,665.0
s5_pct0p1-r0,4,24,nyam,1757,18627.0,0.3584,1.0357,0.1007,1885.0
s5_pct0p1-r0,4,24,mid,2160,-16375.0,-0.2569,0.9738,0.1176,2325.0
s5_pct0p1-r0,4,24,pm,2067,-96513.0,-3.0267,0.8183,0.2022,715.0
s5_pct0p1-r1,4,25,all,16443,-273162.0,-6.4494,0.9024,0.4832,665.0
s5_pct0p1-r1,4,25,eve,2592,-20748.0,-1.2323,0.9518,0.4934,455.0
s5_pct0p1-r1,4,25,asia,2085,-13695.0,-0.9153,0.9598,0.4983,460.0
s5_pct0p1-r1,4,25,london,2786,-18949.0,-1.0805,0.9591,0.4975,460.0
s5_pct0p1-r1,4,25,pre,1599,-58241.0,-4.4323,0.7976,0.4559,665.0
s5_pct0p1-r1,4,25,nyam,2114,-33151.0,-2.174,0.908,0.4872,455.0
s5_pct0p1-r1,4,25,mid,2666,-62034.0,-3.6324,0.8662,0.4707,565.0
s5_pct0p1-r1,4,25,pm,2601,-66344.0,-3.9563,0.8532,0.4721,455.0
s5_pct0p1-r2,4,26,all,15270,-319725.0,-5.6597,0.906,0.3214,665.0
s5_pct0p1-r2,4,26,eve,2316,2256.0,0.1001,1.0045,0.3368,460.0
s5_pct0p1-r2,4,26,asia,1760,-28750.0,-1.5031,0.9256,0.3239,460.0
s5_pct0p1-r2,4,26,london,2674,-57226.0,-2.4035,0.9049,0.3201,455.0
s5_pct0p1-r2,4,26,pre,1439,-44576.0,-2.5888,0.8636,0.3127,665.0
s5_pct0p1-r2,4,26,nyam,2044,-50031.0,-2.4107,0.8917,0.318,455.0
s5_pct0p1-r2,4,26,mid,2573,-72432.0,-3.1165,0.876,0.3113,565.0
s5_pct0p1-r2,4,26,pm,2464,-68966.0,-3.1366,0.872,0.3251,455.0
s5_pct0p1-r3,4,27,all,14493,-302412.0,-4.5378,0.9155,0.2452,715.0
s5_pct0p1-r3,4,27,eve,2128,-3892.0,-0.1479,0.9925,0.2519,460.0
s5_pct0p1-r3,4,27,asia,1644,-19036.0,-0.8379,0.9527,0.247,460.0
s5_pct0p1-r3,4,27,london,2557,-43448.0,-1.5258,0.9319,0.2433,455.0
s5_pct0p1-r3,4,27,pre,1367,-46573.0,-2.2942,0.8657,0.2348,665.0
s5_pct0p1-r3,4,27,nyam,1986,-29959.0,-1.1901,0.9395,0.2452,470.0
s5_pct0p1-r3,4,27,mid,2466,-87829.0,-3.2057,0.8594,0.2279,565.0
s5_pct0p1-r3,4,27,pm,2345,-71675.0,-2.8674,0.8704,0.2644,715.0
s5_pct0p2-r0,4,28,all,10248,222023.0,1.1882,1.0425,0.194,2325.0
s5_pct0p2-r0,4,28,eve,1426,143156.0,1.7763,1.1838,0.1445,915.0
s5_pct0p2-r0,4,28,asia,1179,53264.0,0.7609,1.0821,0.1433,915.0
s5_pct0p2-r0,4,28,london,1708,-82862.0,-1.094,0.9126,0.137,1525.0
s5_pct0p2-r0,4,28,pre,1062,123697.0,1.5671,1.2144,0.1629,1580.0
s5_pct0p2-r0,4,28,nyam,1486,79366.0,1.1957,1.1042,0.1965,1885.0
s5_pct0p2-r0,4,28,mid,1733,-8007.0,-0.109,0.9906,0.2175,2325.0
s5_pct0p2-r0,4,28,pm,1654,-86591.0,-2.0811,0.868,0.3247,910.0
s5_pct0p2-r1,4,29,all,13478,-247867.0,-3.309,0.9432,0.4915,915.0
s5_pct0p2-r1,4,29,eve,1958,-2462.0,-0.0853,0.9961,0.4974,915.0
s5_pct0p2-r1,4,29,asia,1427,-15878.0,-0.6488,0.9655,0.4947,915.0
s5_pct0p2-r1,4,29,london,2392,-34028.0,-1.0673,0.9564,0.495,915.0
s5_pct0p2-r1,4,29,pre,1245,-39295.0,-1.707,0.9059,0.4835,915.0
s5_pct0p2-r1,4,29,nyam,1925,-44140.0,-1.5372,0.9309,0.4894,910.0
s5_pct0p2-r1,4,29,mid,2331,-76474.0,-2.4356,0.9019,0.4805,915.0
s5_pct0p2-r1,4,29,pm,2200,-35590.0,-1.2405,0.9461,0.4982,905.0
s5_pct0p2-r2,4,30,all,11754,-171251.0,-1.7694,0.965,0.3408,1580.0
s5_pct0p2-r2,4,30,eve,1644,50239.0,1.3275,1.0736,0.3485,915.0
s5_pct0p2-r2,4,30,asia,1243,-29897.0,-0.9268,0.9447,0.3242,915.0
s5_pct0p2-r2,4,30,london,2033,-2802.0,-0.0676,0.9968,0.3345,915.0
s5_pct0p2-r2,4,30,pre,1129,-21836.0,-0.7094,0.9556,0.3348,1580.0
s5_pct0p2-r2,4,30,nyam,1742,20447.0,0.5295,1.0279,0.3462,910.0
s5_pct0p2-r2,4,30,mid,2034,-111096.0,-2.8093,0.873,0.3191,915.0
s5_pct0p2-r2,4,30,pm,1929,-76306.0,-2.2321,0.8918,0.3733,905.0
s5_pct0p2-r3,4,31,all,10966,-228264.0,-2.0438,0.9549,0.2708,1580.0
s5_pct0p2-r3,4,31,eve,1520,66740.0,1.4841,1.0939,0.2691,915.0
s5_pct0p2-r3,4,31,asia,1195,-79350.0,-2.1076,0.8667,0.2293,915.0
s5_pct0p2-r3,4,31,london,1853,-14227.0,-0.2956,0.984,0.2536,915.0
s5_pct0p2-r3,4,31,pre,1093,-12067.0,-0.3265,0.9772,0.2598,1580.0
s5_pct0p2-r3,4,31,nyam,1632,34662.0,0.7617,1.0454,0.2708,910.0
s5_pct0p2-r3,4,31,mid,1877,-127438.0,-2.8916,0.8544,0.2589,915.0
s5_pct0p2-r3,4,31,pm,1796,-96584.0,-2.6499,0.8608,0.3369,910.0
s6_atr1p5-r0,5,0,all,9905,-21725.0,-0.1116,0.9961,0.2078,8320.0
s6_atr1p5-r0,5,0,eve,1586,3256.0,0.0411,1.004,0.1116,7255.0
s6_atr1p5-r0,5,0,asia,1482,16662.0,0.2176,1.0299,0.083,3545.0
s6_atr1p5-r0,5,0,london,1896,-11074.0,-0.1377,0.9884,0.1224,4580.0
s6_atr1p5-r0,5,0,pre,1059,53899.0,0.6895,1.0868,0.1577,4270.0
s6_atr1p5-r0,5,0,nyam,1344,22044.0,0.2837,1.0223,0.2552,5000.0
s6_atr1p5-r0,5,0,mid,1275,4105.0,0.0597,1.0045,0.3702,5295.0
s6_atr1p5-r0,5,0,pm,1263,-110617.0,-2.2432,0.8423,0.4307,8320.0
s6_atr1p5-r1,5,1,all,13259,-397846.0,-3.8028,0.9223,0.4891,8320.0
s6_atr1p5-r1,5,1,eve,2276,-34369.0,-0.9952,0.9488,0.4917,7255.0
s6_atr1p5-r1,5,1,asia,2040,-39010.0,-1.6575,0.9124,0.4907,4120.0
s6_atr1p5-r1,5,1,london,2724,-35136.0,-0.9978,0.9564,0.496,4580.0
s6_atr1p5-r1,5,1,pre,1211,-10729.0,-0.3843,0.9753,0.4979,4665.0
s6_atr1p5-r1,5,1,nyam,1774,-145791.0,-3.1092,0.851,0.4656,5845.0
s6_atr1p5-r1,5,1,mid,1663,-54412.0,-1.0029,0.9465,0.4913,5295.0
s6_atr1p5-r1,5,1,pm,1571,-78399.0,-1.7379,0.8983,0.4889,8320.0
s6_atr1p5-r2,5,2,all,11215,-296420.0,-2.3323,0.9451,0.3499,8320.0
s6_atr1p5-r2,5,2,eve,1858,-27932.0,-0.6246,0.9624,0.3299,7255.0
s6_atr1p5-r2,5,2,asia,1679,-20796.0,-0.6825,0.9561,0.3282,3545.0
s6_atr1p5-r2,5,2,london,2384,-53531.0,-1.1725,0.9429,0.3305,4580.0
s6_atr1p5-r2,5,2,pre,1108,-25747.0,-0.683,0.9513,0.3285,3600.0
s6_atr1p5-r2,5,2,nyam,1509,-86461.0,-1.4553,0.9159,0.3274,5845.0
s6_atr1p5-r2,5,2,mid,1346,42081.0,0.6724,1.0445,0.3975,5295.0
s6_atr1p5-r2,5,2,pm,1331,-124034.0,-2.6039,0.8323,0.435,8320.0
s6_atr1p5-r3,5,3,all,10455,-350685.0,-2.5145,0.9356,0.2895,8320.0
s6_atr1p5-r3,5,3,eve,1692,-66228.0,-1.3574,0.9131,0.2494,7255.0
s6_atr1p5-r3,5,3,asia,1560,-3080.0,-0.0832,0.9937,0.2526,3545.0
s6_atr1p5-r3,5,3,london,2147,-112578.0,-2.2368,0.8828,0.2399,4580.0
s6_atr1p5-r3,5,3,pre,1078,-17717.0,-0.3911,0.969,0.2495,4270.0
s6_atr1p5-r3,5,3,nyam,1410,-65405.0,-0.9907,0.9361,0.2752,5845.0
s6_atr1p5-r3,5,3,mid,1288,24338.0,0.3693,1.0263,0.3781,5295.0
s6_atr1p5-r3,5,3,pm,1280,-110015.0,-2.2389,0.8449,0.4313,8320.0
s6_atr3-r0,5,4,all,7639,106634.0,0.4659,1.0166,0.312,14505.0
s6_atr3-r0,5,4,eve,1164,72089.0,0.6983,1.0703,0.2199,14505.0
s6_atr3-r0,5,4,asia,1126,-32684.0,-0.3917,0.9563,0.1528,6800.0
s6_atr3-r0,5,4,london,1353,63843.0,0.6169,1.056,0.2276,9180.0
s6_atr3-r0,5,4,pre,931,101756.0,1.1046,1.1163,0.3008,8530.0
s6_atr3-r0,5,4,nyam,1061,-68064.0,-0.7954,0.9402,0.3836,9980.0
s6_atr3-r0,5,4,mid,998,34318.0,0.4573,1.0394,0.4739,10530.0
s6_atr3-r0,5,4,pm,1006,-64624.0,-1.2614,0.8936,0.4841,10190.0
s6_atr3-r1,5,5,all,8925,-167055.0,-1.1071,0.9715,0.495,14505.0
s6_atr3-r1,5,5,eve,1414,17544.0,0.3131,1.021,0.5064,14505.0
s6_atr3-r1,5,5,asia,1312,-53993.0,-1.4593,0.9037,0.4886,6800.0
s6_atr3-r1,5,5,london,1860,6140.0,0.1055,1.0058,0.5005,9180.0
s6_atr3-r1,5,5,pre,989,19249.0,0.384,1.0281,0.5066,7205.0
s6_atr3-r1,5,5,nyam,1215,-140430.0,-1.9597,0.8806,0.4667,9980.0
s6_atr3-r1,5,5,mid,1061,49566.0,0.7181,1.0551,0.5024,10530.0
s6_atr3-r1,5,5,pm,1074,-65131.0,-1.3133,0.898,0.4926,10190.0
s6_atr3-r2,5,6,all,7890,-124840.0,-0.7067,0.9797,0.3876,14505.0
s6_atr3-r2,5,6,eve,1208,-7857.0,-0.1144,0.9916,0.3485,14505.0
s6_atr3-r2,5,6,asia,1165,-33200.0,-0.6901,0.948,0.3356,6800.0
s6_atr3-r2,5,6,london,1473,-60132.0,-0.8575,0.9461,0.3374,9180.0
s6_atr3-r2,5,6,pre,941,89326.0,1.3046,1.1099,0.3719,8530.0
s6_atr3-r2,5,6,nyam,1087,-92263.0,-1.1295,0.9205,0.3919,9980.0
s6_atr3-r2,5,6,mid,1002,31632.0,0.4347,1.0362,0.478,10530.0
s6_atr3-r2,5,6,pm,1014,-52346.0,-1.0265,0.9141,0.4872,10190.0
s6_atr3-r3,5,7,all,7701,35891.0,0.1833,1.0057,0.3483,14505.0
s6_atr3-r3,5,7,eve,1175,60305.0,0.7502,1.0619,0.2911,14505.0
s6_atr3-r3,5,7,asia,1136,-2169.0,-0.037,0.9968,0.257,6800.0
s6_atr3-r3,5,7,london,1384,-24501.0,-0.2999,0.9782,0.2702,9180.0
s6_atr3-r3,5,7,pre,935,73840.0,0.9527,1.0855,0.3209,8530.0
s6_atr3-r3,5,7,nyam,1063,-51452.0,-0.5897,0.9547,0.3866,9980.0
s6_atr3-r3,5,7,mid,998,31118.0,0.4206,1.0357,0.4739,10530.0
s6_atr3-r3,5,7,pm,1010,-51250.0,-0.9907,0.9156,0.4851,10190.0
s6_pts10-r0,5,8,all,14275,-89835.0,-0.7869,0.9678,0.0694,2390.0
s6_pts10-r0,5,8,eve,2160,23090.0,0.4267,1.0534,0.0454,250.0
s6_pts10-r0,5,8,asia,1822,-15218.0,-0.3359,0.9583,0.0456,270.0
s6_pts10-r0,5,8,london,2402,-5998.0,-0.1187,0.9875,0.05,465.0
s6_pts10-r0,5,8,pre,1404,11989.0,0.3076,1.043,0.0548,570.0
s6_pts10-r0,5,8,nyam,1893,-58432.0,-1.5463,0.8442,0.0586,1885.0
s6_pts10-r0,5,8,mid,2303,-14292.0,-0.3674,0.9677,0.0847,2390.0
s6_pts10-r0,5,8,pm,2291,-30974.0,-0.959,0.9253,0.134,715.0
s6_pts10-r1,5,9,all,17379,-270556.0,-10.1233,0.8577,0.4786,570.0
s6_pts10-r1,5,9,eve,2777,-28798.0,-2.6926,0.9028,0.4915,240.0
s6_pts10-r1,5,9,asia,2465,-38110.0,-3.784,0.8586,0.4791,245.0
s6_pts10-r1,5,9,london,2822,-52078.0,-4.8372,0.8336,0.4717,230.0
s6_pts10-r1,5,9,pre,1737,-24403.0,-2.88,0.8708,0.483,570.0
s6_pts10-r1,5,9,nyam,2164,-34751.0,-3.6849,0.8535,0.4774,255.0
s6_pts10-r1,5,9,mid,2721,-45174.0,-4.2767,0.8488,0.4756,235.0
s6_pts10-r1,5,9,pm,2693,-47242.0,-4.4966,0.8409,0.4734,225.0
s6_pts10-r2,5,10,all,16806,-283829.0,-7.7608,0.8818,0.3187,570.0
s6_pts10-r2,5,10,eve,2672,-28748.0,-1.954,0.9236,0.3286,240.0
s6_pts10-r2,5,10,asia,2196,-29214.0,-2.196,0.9062,0.3247,270.0
s6_pts10-r2,5,10,london,2801,-50459.0,-3.3821,0.8744,0.3167,230.0
s6_pts10-r2,5,10,pre,1631,-16724.0,-1.4516,0.9272,0.3299,570.0
s6_pts10-r2,5,10,nyam,2152,-49093.0,-3.7815,0.8427,0.3086,315.0
s6_pts10-r2,5,10,mid,2693,-63742.0,-4.4012,0.8368,0.3071,235.0
s6_pts10-r2,5,10,pm,2661,-45849.0,-3.1599,0.8791,0.3191,225.0
s6_pts10-r3,5,11,all,16291,-260779.0,-5.9417,0.8994,0.2414,570.0
s6_pts10-r3,5,11,eve,2547,-3663.0,-0.2056,0.9908,0.2587,320.0
s6_pts10-r3,5,11,asia,2030,-20265.0,-1.2911,0.9368,0.2483,270.0
s6_pts10-r3,5,11,london,2762,-62993.0,-3.5227,0.8585,0.2321,230.0
s6_pts10-r3,5,11,pre,1547,-12383.0,-0.9002,0.9492,0.2508,570.0
s6_pts10-r3,5,11,nyam,2130,-59070.0,-3.7983,0.8292,0.2258,315.0
s6_pts10-r3,5,11,mid,2660,-54520.0,-3.0989,0.872,0.235,235.0
s6_pts10-r3,5,11,pm,2615,-47885.0,-2.7571,0.8843,0.2428,225.0
s6_pts20-r0,5,12,all,11967,77792.0,0.5212,1.0184,0.1335,1885.0
s6_pts20-r0,5,12,eve,1706,82316.0,1.2144,1.1299,0.0932,440.0
s6_pts20-r0,5,12,asia,1420,-38690.0,-0.7144,0.9275,0.0831,455.0
s6_pts20-r0,5,12,london,2037,39242.0,0.5587,1.052,0.0977,1320.0
s6_pts20-r0,5,12,pre,1195,45945.0,0.8606,1.1047,0.1038,570.0
s6_pts20-r0,5,12,nyam,1698,-2722.0,-0.052,0.9955,0.1284,1885.0
s6_pts20-r0,5,12,mid,1964,21149.0,0.4001,1.0315,0.1604,690.0
s6_pts20-r0,5,12,pm,1947,-69448.0,-1.8353,0.8823,0.2388,715.0
s6_pts20-r1,5,13,all,15773,-259167.0,-5.1348,0.9214,0.4875,570.0
s6_pts20-r1,5,13,eve,2426,-3069.0,-0.1546,0.9937,0.507,450.0
s6_pts20-r1,5,13,asia,1851,-44799.0,-2.5854,0.8868,0.4787,435.0
s6_pts20-r1,5,13,london,2735,-36855.0,-1.7493,0.9353,0.4918,430.0
s6_pts20-r1,5,13,pre,1470,-620.0,-0.0401,0.9979,0.5082,570.0
s6_pts20-r1,5,13,nyam,2120,-57675.0,-3.1139,0.8735,0.4745,460.0
s6_pts20-r1,5,13,mid,2615,-42885.0,-2.0842,0.9217,0.488,420.0
s6_pts20-r1,5,13,pm,2556,-73264.0,-3.648,0.8649,0.4691,475.0
s6_pts20-r2,5,14,all,14327,-269993.0,-4.0247,0.9313,0.327,570.0
s6_pts20-r2,5,14,eve,2075,-11125.0,-0.4289,0.9803,0.3354,440.0
s6_pts20-r2,5,14,asia,1572,-28283.0,-1.2624,0.935,0.3251,430.0
s6_pts20-r2,5,14,london,2555,-76145.0,-2.6891,0.8938,0.3151,430.0
s6_pts20-r2,5,14,pre,1309,1199.0,0.058,1.0034,0.3407,570.0
s6_pts20-r2,5,14,nyam,2027,-54438.0,-2.1551,0.9039,0.3172,460.0
s6_pts20-r2,5,14,mid,2438,-17207.0,-0.6142,0.974,0.3351,540.0
s6_pts20-r2,5,14,pm,2351,-83994.0,-3.2395,0.8668,0.3262,435.0
s6_pts20-r3,5,15,all,13405,-197830.0,-2.5061,0.9514,0.2545,715.0
s6_pts20-r3,5,15,eve,1920,25295.0,0.8156,1.0436,0.2635,715.0
s6_pts20-r3,5,15,asia,1469,-54691.0,-2.1037,0.8818,0.2321,430.0
s6_pts20-r3,5,15,london,2358,-21942.0,-0.6503,0.9697,0.2494,430.0
s6_pts20-r3,5,15,pre,1251,-23004.0,-0.9428,0.9407,0.2438,570.0
s6_pts20-r3,5,15,nyam,1922,-29533.0,-0.9757,0.9502,0.2456,460.0
s6_pts20-r3,5,15,mid,2282,-25403.0,-0.7724,0.9635,0.2524,540.0
s6_pts20-r3,5,15,pm,2203,-68552.0,-2.3347,0.8911,0.2828,715.0
s6_pts30-r0,5,16,all,10416,-58184.0,-0.356,0.9886,0.1852,2915.0
s6_pts30-r0,5,16,eve,1466,92696.0,1.2409,1.1203,0.1378,710.0
s6_pts30-r0,5,16,asia,1202,-59018.0,-0.9921,0.9078,0.1256,675.0
s6_pts30-r0,5,16,london,1759,-39471.0,-0.5384,0.9574,0.1359,1525.0
s6_pts30-r0,5,16,pre,1080,40745.0,0.6839,1.0729,0.1509,975.0
s6_pts30-r0,5,16,nyam,1535,-1945.0,-0.032,0.9975,0.1759,1885.0
s6_pts30-r0,5,16,mid,1696,7751.0,0.1349,1.0098,0.2264,2915.0
s6_pts30-r0,5,16,pm,1678,-98942.0,-2.4247,0.8503,0.3099,715.0
s6_pts30-r1,5,17,all,13864,-357571.0,-5.0743,0.9171,0.4837,775.0
s6_pts30-r1,5,17,eve,2010,-1790.0,-0.0662,0.997,0.505,620.0
s6_pts30-r1,5,17,asia,1445,-32345.0,-1.4112,0.9284,0.4872,630.0
s6_pts30-r1,5,17,london,2485,-102180.0,-3.4046,0.8724,0.4716,635.0
s6_pts30-r1,5,17,pre,1260,-12515.0,-0.5844,0.9676,0.4976,775.0
s6_pts30-r1,5,17,nyam,2002,-80928.0,-3.0049,0.8744,0.472,680.0
s6_pts30-r1,5,17,mid,2388,-31412.0,-1.0681,0.9572,0.495,620.0
s6_pts30-r1,5,17,pm,2274,-96401.0,-3.5011,0.8607,0.4666,655.0
s6_pts30-r2,5,18,all,12024,-256036.0,-2.8118,0.9468,0.3356,775.0
s6_pts30-r2,5,18,eve,1685,32290.0,0.9139,1.0482,0.3484,715.0
s6_pts30-r2,5,18,asia,1257,-47963.0,-1.6097,0.9085,0.3166,640.0
s6_pts30-r2,5,18,london,2120,-72265.0,-1.8644,0.918,0.3189,730.0
s6_pts30-r2,5,18,pre,1139,-13406.0,-0.4675,0.9711,0.3319,775.0
s6_pts30-r2,5,18,nyam,1810,-54280.0,-1.5169,0.9273,0.3215,680.0
s6_pts30-r2,5,18,mid,2051,-27324.0,-0.7219,0.9666,0.3389,620.0
s6_pts30-r2,5,18,pm,1962,-73088.0,-2.1868,0.8973,0.3665,715.0
s6_pts30-r3,5,19,all,11207,-140548.0,-1.3225,0.9715,0.2703,2915.0
s6_pts30-r3,5,19,eve,1569,47944.0,1.1392,1.0683,0.267,715.0
s6_pts30-r3,5,19,asia,1224,-25341.0,-0.7001,0.955,0.2451,640.0
s6_pts30-r3,5,19,london,1937,-24033.0,-0.5266,0.9729,0.2504,750.0
s6_pts30-r3,5,19,pre,1104,-1591.0,-0.0459,0.9968,0.2554,975.0
s6_pts30-r3,5,19,nyam,1681,-44134.0,-1.0547,0.9425,0.2481,680.0
s6_pts30-r3,5,19,mid,1877,12787.0,0.2922,1.0157,0.2829,2915.0
s6_pts30-r3,5,19,pm,1815,-106180.0,-2.9924,0.848,0.3278,715.0
s6_pts45-r0,5,20,all,8960,62835.0,0.3379,1.0107,0.2532,1885.0
s6_pts45-r0,5,20,eve,1238,84278.0,0.9841,1.0928,0.1914,925.0
s6_pts45-r0,5,20,asia,1068,-49782.0,-0.7409,0.9365,0.1901,960.0
s6_pts45-r0,5,20,london,1444,64324.0,0.7477,1.0623,0.2078,1525.0
s6_pts45-r0,5,20,pre,991,-8089.0,-0.1267,0.9885,0.2159,975.0
s6_pts45-r0,5,20,nyam,1344,27104.0,0.381,1.0299,0.2455,1885.0
s6_pts45-r0,5,20,mid,1441,49531.0,0.7615,1.0572,0.3081,910.0
s6_pts45-r0,5,20,pm,1434,-104531.0,-2.3607,0.8495,0.3773,925.0
s6_pts45-r1,5,21,all,11464,-272771.0,-2.8778,0.9471,0.4903,960.0
s6_pts45-r1,5,21,eve,1569,-37736.0,-1.0554,0.9481,0.4908,920.0
s6_pts45-r1,5,21,asia,1177,-60703.0,-1.9616,0.8919,0.4758,960.0
s6_pts45-r1,5,21,london,2008,-2647.0,-0.0654,0.9971,0.503,930.0
s6_pts45-r1,5,21,pre,1093,-2532.0,-0.0848,0.9949,0.5023,945.0
s6_pts45-r1,5,21,nyam,1747,-95593.0,-2.5443,0.8852,0.4722,920.0
s6_pts45-r1,5,21,mid,1994,-9906.0,-0.2494,0.9888,0.4995,920.0
s6_pts45-r1,5,21,pm,1876,-63654.0,-1.815,0.9151,0.4856,925.0
s6_pts45-r2,5,22,all,9791,-91674.0,-0.7609,0.9836,0.3549,975.0
s6_pts45-r2,5,22,eve,1343,30233.0,0.6438,1.0379,0.3477,925.0
s6_pts45-r2,5,22,asia,1088,-41787.0,-1.0044,0.9375,0.3235,960.0
s6_pts45-r2,5,22,london,1623,19223.0,0.3744,1.0199,0.345,970.0
s6_pts45-r2,5,22,pre,1016,-264.0,-0.0065,0.9996,0.3406,975.0
s6_pts45-r2,5,22,nyam,1512,-53248.0,-1.0994,0.9416,0.3313,930.0
s6_pts45-r2,5,22,mid,1627,33132.0,0.6779,1.037,0.3731,920.0
s6_pts45-r2,5,22,pm,1582,-78963.0,-1.9907,0.8919,0.4058,925.0
s6_pts45-r3,5,23,all,9304,-8786.0,-0.0629,0.9985,0.2984,1885.0
s6_pts45-r3,5,23,eve,1279,14979.0,0.2693,1.0175,0.2643,925.0
s6_pts45-r3,5,23,asia,1074,-19651.0,-0.3913,0.9728,0.257,960.0
s6_pts45-r3,5,23,london,1520,36080.0,0.5988,1.0361,0.2743,970.0
s6_pts45-r3,5,23,pre,1001,18886.0,0.3891,1.0288,0.2757,975.0
s6_pts45-r3,5,23,nyam,1423,-8592.0,-0.1527,0.9907,0.2797,1885.0
s6_pts45-r3,5,23,mid,1515,67845.0,1.2303,1.0769,0.3333,925.0
s6_pts45-r3,5,23,pm,1492,-118333.0,-2.8717,0.8361,0.3794,925.0
s6_pct0p1-r0,5,24,all,12794,19724.0,0.143,1.0053,0.1091,2390.0
s6_pct0p1-r0,5,24,eve,1856,58651.0,0.9229,1.1038,0.0727,460.0
s6_pct0p1-r0,5,24,asia,1545,2790.0,0.0526,1.0059,0.0751,460.0
s6_pct0p1-r0,5,24,london,2177,34107.0,0.5379,1.0519,0.0827,465.0
s6_pct0p1-r0,5,24,pre,1280,8065.0,0.1715,1.0209,0.0828,570.0
s6_pct0p1-r0,5,24,nyam,1778,-40157.0,-0.8501,0.9237,0.099,1885.0
s6_pct0p1-r0,5,24,mid,2081,15151.0,0.3073,1.0256,0.1307,2390.0
s6_pct0p1-r0,5,24,pm,2077,-58883.0,-1.6415,0.8894,0.1979,715.0
s6_pct0p1-r1,5,25,all,16463,-242797.0,-5.7268,0.9129,0.4856,570.0
s6_pct0p1-r1,5,25,eve,2584,-4286.0,-0.2546,0.9898,0.505,460.0
s6_pct0p1-r1,5,25,asia,2082,-31373.0,-2.101,0.9102,0.4894,460.0
s6_pct0p1-r1,5,25,london,2788,-37752.0,-2.1523,0.9202,0.4857,460.0
s6_pct0p1-r1,5,25,pre,1581,-15624.0,-1.1924,0.9406,0.4883,570.0
s6_pct0p1-r1,5,25,nyam,2143,-45122.0,-2.9293,0.8789,0.4788,455.0
s6_pct0p1-r1,5,25,mid,2664,-45086.0,-2.6361,0.901,0.4839,455.0
s6_pct0p1-r1,5,25,pm,2621,-63554.0,-3.7861,0.8596,0.4689,475.0
s6_pct0p1-r2,5,26,all,15289,-279411.0,-4.9175,0.9177,0.3218,570.0
s6_pct0p1-r2,5,26,eve,2307,4637.0,0.2061,1.0093,0.3403,460.0
s6_pct0p1-r2,5,26,asia,1782,-28728.0,-1.4885,0.927,0.3288,460.0
s6_pct0p1-r2,5,26,london,2668,-75917.0,-3.2017,0.875,0.3103,460.0
s6_pct0p1-r2,5,26,pre,1431,-15169.0,-0.8654,0.9518,0.3263,570.0
s6_pct0p1-r2,5,26,nyam,2080,-64670.0,-3.0815,0.8643,0.3053,460.0
s6_pct0p1-r2,5,26,mid,2542,-24333.0,-1.0375,0.9566,0.3304,455.0
s6_pct0p1-r2,5,26,pm,2479,-75231.0,-3.4024,0.862,0.3142,460.0
s6_pct0p1-r3,5,27,all,14543,-192842.0,-2.8536,0.946,0.2491,715.0
s6_pct0p1-r3,5,27,eve,2143,16133.0,0.6034,1.0311,0.2608,715.0
s6_pct0p1-r3,5,27,asia,1662,-37318.0,-1.6512,0.9099,0.2425,460.0
s6_pct0p1-r3,5,27,london,2556,-18829.0,-0.6527,0.9702,0.248,460.0
s6_pct0p1-r3,5,27,pre,1361,-32254.0,-1.5657,0.9054,0.2366,570.0
s6_pct0p1-r3,5,27,nyam,2013,-35372.0,-1.3878,0.9298,0.2389,460.0
s6_pct0p1-r3,5,27,mid,2431,-17064.0,-0.6105,0.9713,0.2513,455.0
s6_pct0p1-r3,5,27,pm,2377,-68138.0,-2.6651,0.8794,0.2575,715.0
s6_pct0p2-r0,5,28,all,10232,152577.0,0.8848,1.0294,0.1959,1885.0
s6_pct0p2-r0,5,28,eve,1430,142625.0,1.7572,1.182,0.1476,915.0
s6_pct0p2-r0,5,28,asia,1186,-29599.0,-0.4791,0.9552,0.1374,915.0
s6_pct0p2-r0,5,28,london,1689,27044.0,0.3478,1.0295,0.148,1525.0
s6_pct0p2-r0,5,28,pre,1080,51240.0,0.8435,1.0881,0.1676,975.0
s6_pct0p2-r0,5,28,nyam,1506,46091.0,0.7075,1.0592,0.1906,1885.0
s6_pct0p2-r0,5,28,mid,1690,12315.0,0.2035,1.0152,0.2349,915.0
s6_pct0p2-r0,5,28,pm,1651,-97139.0,-2.3667,0.8533,0.3119,915.0
s6_pct0p2-r1,5,29,all,13507,-294768.0,-3.9265,0.933,0.4848,915.0
s6_pct0p2-r1,5,29,eve,1945,810.0,0.0281,1.0013,0.5018,915.0
s6_pct0p2-r1,5,29,asia,1438,-34402.0,-1.3997,0.9273,0.491,915.0
s6_pct0p2-r1,5,29,london,2387,-55028.0,-1.7284,0.9303,0.4822,915.0
s6_pct0p2-r1,5,29,pre,1247,-13573.0,-0.5878,0.9665,0.4956,915.0
s6_pct0p2-r1,5,29,nyam,1952,-78578.0,-2.7101,0.8823,0.4723,915.0
s6_pct0p2-r1,5,29,mid,2330,-42345.0,-1.3465,0.9445,0.4876,915.0
s6_pct0p2-r1,5,29,pm,2208,-71652.0,-2.4921,0.895,0.4706,915.0
s6_pct0p2-r2,5,30,all,11780,-187145.0,-1.9296,0.9619,0.3377,915.0
s6_pct0p2-r2,5,30,eve,1643,50858.0,1.3384,1.0743,0.3488,915.0
s6_pct0p2-r2,5,30,asia,1245,-30170.0,-0.9345,0.9444,0.3277,915.0
s6_pct0p2-r2,5,30,london,2032,-12478.0,-0.3018,0.9856,0.3292,915.0
s6_pct0p2-r2,5,30,pre,1134,-26061.0,-0.8458,0.9472,0.3289,915.0
s6_pct0p2-r2,5,30,nyam,1769,-42061.0,-1.0909,0.9453,0.3233,915.0
s6_pct0p2-r2,5,30,mid,2042,-66588.0,-1.6724,0.9224,0.333,915.0
s6_pct0p2-r2,5,30,pm,1915,-60645.0,-1.7588,0.9138,0.3671,915.0
s6_pct0p2-r3,5,31,all,10982,-65828.0,-0.5831,0.9869,0.2749,975.0
s6_pct0p2-r3,5,31,eve,1527,24782.0,0.554,1.034,0.2593,915.0
s6_pct0p2-r3,5,31,asia,1206,-8059.0,-0.2057,0.9862,0.2537,915.0
s6_pct0p2-r3,5,31,london,1855,335.0,0.007,1.0004,0.2555,915.0
s6_pct0p2-r3,5,31,pre,1106,2546.0,0.0679,1.0048,0.2622,975.0
s6_pct0p2-r3,5,31,nyam,1645,-8905.0,-0.197,0.9886,0.2578,915.0
s6_pct0p2-r3,5,31,mid,1861,15111.0,0.329,1.0182,0.2896,915.0
s6_pct0p2-r3,5,31,pm,1782,-91638.0,-2.5072,0.8679,0.3311,915.0
s7_atr1p5-r0,6,0,all,9893,147058.0,0.7684,1.027,0.2147,8725.0
s7_atr1p5-r0,6,0,eve,1591,-66834.0,-0.8659,0.9192,0.1012,4345.0
s7_atr1p5-r0,6,0,asia,1467,-44143.0,-0.7555,0.9187,0.0818,4330.0
s7_atr1p5-r0,6,0,london,1915,-26880.0,-0.3295,0.9723,0.1138,4570.0
s7_atr1p5-r0,6,0,pre,1078,82748.0,1.2304,1.13,0.1763,4665.0
s7_atr1p5-r0,6,0,nyam,1320,215085.0,2.4957,1.242,0.2803,4225.0
s7_atr1p5-r0,6,0,mid,1274,-12591.0,-0.1595,0.9866,0.3713,8725.0
s7_atr1p5-r0,6,0,pm,1248,-327.0,-0.0067,0.9995,0.4744,8320.0
s7_atr1p5-r1,6,1,all,13198,-106712.0,-1.0263,0.9784,0.4923,8725.0
s7_atr1p5-r1,6,1,eve,2277,-53548.0,-1.5591,0.921,0.4844,4095.0
s7_atr1p5-r1,6,1,asia,2019,-31161.0,-1.3373,0.9282,0.4799,4330.0
s7_atr1p5-r1,6,1,london,2712,-68268.0,-1.9671,0.9166,0.4786,4330.0
s7_atr1p5-r1,6,1,pre,1218,-35032.0,-1.2347,0.9227,0.491,4665.0
s7_atr1p5-r1,6,1,nyam,1745,76360.0,1.6199,1.09,0.5083,4235.0
s7_atr1p5-r1,6,1,mid,1650,-38545.0,-0.7284,0.9614,0.5012,8725.0
s7_atr1p5-r1,6,1,pm,1577,43482.0,0.9597,1.0603,0.5174,8320.0
s7_atr1p5-r2,6,2,all,11157,-72163.0,-0.5676,0.9862,0.3538,8725.0
s7_atr1p5-r2,6,2,eve,1856,-49264.0,-1.0675,0.9339,0.3157,4345.0
s7_atr1p5-r2,6,2,asia,1662,-3763.0,-0.1239,0.9918,0.3333,4330.0
s7_atr1p5-r2,6,2,london,2374,-117491.0,-2.6845,0.8768,0.3117,4570.0
s7_atr1p5-r2,6,2,pre,1128,-27087.0,-0.7253,0.9506,0.336,4665.0
s7_atr1p5-r2,6,2,nyam,1470,145715.0,2.4045,1.1613,0.3558,4235.0
s7_atr1p5-r2,6,2,mid,1346,-34364.0,-0.5574,0.9644,0.3923,8725.0
s7_atr1p5-r2,6,2,pm,1321,14091.0,0.2928,1.0209,0.4822,8320.0
s7_atr1p5-r3,6,3,all,10436,7431.0,0.0517,1.0014,0.2979,8725.0
s7_atr1p5-r3,6,3,eve,1703,-77787.0,-1.4253,0.9,0.2361,4345.0
s7_atr1p5-r3,6,3,asia,1538,-26302.0,-0.7434,0.9454,0.2393,4330.0
s7_atr1p5-r3,6,3,london,2160,-69295.0,-1.3562,0.9275,0.2454,4570.0
s7_atr1p5-r3,6,3,pre,1100,22485.0,0.4911,1.0384,0.27,4665.0
s7_atr1p5-r3,6,3,nyam,1379,184514.0,2.6481,1.2049,0.3082,4235.0
s7_atr1p5-r3,6,3,mid,1285,-38955.0,-0.5816,0.9588,0.3751,8725.0
s7_atr1p5-r3,6,3,pm,1271,12771.0,0.2633,1.0196,0.476,8320.0
s7_atr3-r0,6,4,all,7689,50764.0,0.228,1.0078,0.3154,10190.0
s7_atr3-r0,6,4,eve,1155,-131775.0,-1.331,0.8767,0.1861,7830.0
s7_atr3-r0,6,4,asia,1126,-33904.0,-0.4728,0.9538,0.1554,8670.0
s7_atr3-r0,6,4,london,1400,70510.0,0.7291,1.0588,0.2329,9145.0
s7_atr3-r0,6,4,pre,940,82785.0,1.0148,1.0934,0.3021,8930.0
s7_atr3-r0,6,4,nyam,1056,140006.0,1.5177,1.1366,0.4129,6575.0
s7_atr3-r0,6,4,mid,1011,-12709.0,-0.1486,0.9865,0.4807,8725.0
s7_atr3-r0,6,4,pm,1001,-64149.0,-1.2175,0.8986,0.5025,10190.0
s7_atr3-r1,6,5,all,8918,-261002.0,-1.7277,0.956,0.4898,10190.0
s7_atr3-r1,6,5,eve,1391,-79329.0,-1.4026,0.909,0.4694,7830.0
s7_atr3-r1,6,5,asia,1317,-34878.0,-0.9496,0.9366,0.4829,8670.0
s7_atr3-r1,6,5,london,1859,-112646.0,-1.9671,0.8997,0.4804,9145.0
s7_atr3-r1,6,5,pre,1001,-28284.0,-0.5667,0.9605,0.4985,8930.0
s7_atr3-r1,6,5,nyam,1203,107143.0,1.5229,1.1041,0.5012,6575.0
s7_atr3-r1,6,5,mid,1076,-75389.0,-1.0814,0.9231,0.4954,8725.0
s7_atr3-r1,6,5,pm,1071,-37619.0,-0.7255,0.9428,0.5145,10190.0
s7_atr3-r2,6,6,all,7932,-184098.0,-1.0334,0.9705,0.3836,10190.0
s7_atr3-r2,6,6,eve,1204,-164061.0,-2.3975,0.8348,0.3065,7830.0
s7_atr3-r2,6,6,asia,1160,-58605.0,-1.279,0.9075,0.3138,8670.0
s7_atr3-r2,6,6,london,1512,-74483.0,-1.0716,0.9358,0.332,9145.0
s7_atr3-r2,6,6,pre,957,72597.0,1.0902,1.0871,0.3678,8930.0
s7_atr3-r2,6,6,nyam,1074,132294.0,1.5793,1.1281,0.4227,6575.0
s7_atr3-r2,6,6,mid,1014,-41396.0,-0.5409,0.9561,0.4822,8725.0
s7_atr3-r2,6,6,pm,1011,-50444.0,-0.9548,0.9205,0.5074,10190.0
s7_atr3-r3,6,7,all,7755,-154215.0,-0.7961,0.9757,0.3482,10190.0
s7_atr3-r3,6,7,eve,1165,-140690.0,-1.8255,0.862,0.2541,7830.0
s7_atr3-r3,6,7,asia,1131,-54279.0,-1.047,0.9194,0.244,8670.0
s7_atr3-r3,6,7,london,1437,-19323.0,-0.2451,0.9836,0.2777,9145.0
s7_atr3-r3,6,7,pre,947,-3148.0,-0.0445,0.9964,0.3147,8930.0
s7_atr3-r3,6,7,nyam,1060,166625.0,1.8178,1.1623,0.4151,6575.0
s7_atr3-r3,6,7,mid,1011,-36179.0,-0.4474,0.9615,0.4807,8725.0
s7_atr3-r3,6,7,pm,1004,-67221.0,-1.2889,0.8939,0.503,10190.0
s7_pts10-r0,6,8,all,14314,-5261.0,-0.0422,0.9981,0.0708,3140.0
s7_pts10-r0,6,8,eve,2215,-60620.0,-1.234,0.8645,0.0388,250.0
s7_pts10-r0,6,8,asia,1828,23118.0,0.4741,1.0633,0.0492,235.0
s7_pts10-r0,6,8,london,2390,28165.0,0.4886,1.0587,0.0481,1900.0
s7_pts10-r0,6,8,pre,1428,72843.0,1.6131,1.2587,0.0623,715.0
s7_pts10-r0,6,8,nyam,1892,-67238.0,-1.8775,0.8205,0.055,240.0
s7_pts10-r0,6,8,mid,2315,14875.0,0.2676,1.0336,0.0864,230.0
s7_pts10-r0,6,8,pm,2246,-16404.0,-0.5126,0.9594,0.1465,3140.0
s7_pts10-r1,6,9,all,17351,-245319.0,-9.1831,0.8699,0.4822,585.0
s7_pts10-r1,6,9,eve,2787,-54228.0,-5.0683,0.8254,0.4693,250.0
s7_pts10-r1,6,9,asia,2493,-32232.0,-3.176,0.8804,0.4858,585.0
s7_pts10-r1,6,9,london,2821,-52389.0,-4.8661,0.8327,0.4715,235.0
s7_pts10-r1,6,9,pre,1729,-22851.0,-2.7074,0.8779,0.4847,260.0
s7_pts10-r1,6,9,nyam,2130,-34075.0,-3.6423,0.854,0.4775,240.0
s7_pts10-r1,6,9,mid,2710,-43695.0,-4.1445,0.8528,0.4768,230.0
s7_pts10-r1,6,9,pm,2681,-5849.0,-0.5576,0.9787,0.5114,225.0
s7_pts10-r2,6,10,all,16777,-296643.0,-8.1259,0.8765,0.3175,585.0
s7_pts10-r2,6,10,eve,2688,-64667.0,-4.461,0.8348,0.3069,250.0
s7_pts10-r2,6,10,asia,2223,-30497.0,-2.2768,0.9035,0.3243,585.0
s7_pts10-r2,6,10,london,2809,-66781.0,-4.5064,0.8365,0.3072,280.0
s7_pts10-r2,6,10,pre,1614,-26206.0,-2.3073,0.8863,0.3197,260.0
s7_pts10-r2,6,10,nyam,2118,-46062.0,-3.5718,0.8496,0.3102,240.0
s7_pts10-r2,6,10,mid,2683,-44482.0,-3.0431,0.8838,0.319,565.0
s7_pts10-r2,6,10,pm,2642,-17948.0,-1.2256,0.951,0.3365,225.0
s7_pts10-r3,6,11,all,16314,-280766.0,-6.4059,0.892,0.2402,585.0
s7_pts10-r3,6,11,eve,2576,-48584.0,-2.7913,0.8823,0.2372,250.0
s7_pts10-r3,6,11,asia,2061,-33479.0,-2.1383,0.8983,0.2407,585.0
s7_pts10-r3,6,11,london,2768,-64467.0,-3.6035,0.8556,0.2316,280.0
s7_pts10-r3,6,11,pre,1554,-16841.0,-1.2284,0.9315,0.2471,260.0
s7_pts10-r3,6,11,nyam,2110,-64385.0,-4.1838,0.8128,0.2223,240.0
s7_pts10-r3,6,11,mid,2646,-40059.0,-2.26,0.9047,0.2419,565.0
s7_pts10-r3,6,11,pm,2599,-12951.0,-0.7313,0.9678,0.2605,225.0
s7_pts20-r0,6,12,all,11918,29408.0,0.1904,1.007,0.1356,3140.0
s7_pts20-r0,6,12,eve,1761,-71849.0,-1.1334,0.8925,0.0738,430.0
s7_pts20-r0,6,12,asia,1399,-3756.0,-0.0643,0.9928,0.0872,455.0
s7_pts20-r0,6,12,london,2030,-35080.0,-0.5136,0.9539,0.0872,1440.0
s7_pts20-r0,6,12,pre,1212,69222.0,1.2856,1.1569,0.113,715.0
s7_pts20-r0,6,12,nyam,1668,7198.0,0.1339,1.012,0.1241,2105.0
s7_pts20-r0,6,12,mid,1989,39609.0,0.594,1.0586,0.1674,430.0
s7_pts20-r0,6,12,pm,1859,24064.0,0.614,1.0443,0.2743,3140.0
s7_pts20-r1,6,13,all,15699,-222951.0,-4.4258,0.9317,0.4909,665.0
s7_pts20-r1,6,13,eve,2433,-56637.0,-2.8518,0.8908,0.4797,425.0
s7_pts20-r1,6,13,asia,1843,-31097.0,-1.7972,0.9197,0.4878,585.0
s7_pts20-r1,6,13,london,2740,-51865.0,-2.46,0.9103,0.485,450.0
s7_pts20-r1,6,13,pre,1447,-24428.0,-1.5926,0.9196,0.4879,665.0
s7_pts20-r1,6,13,nyam,2094,-16496.0,-0.8949,0.9616,0.4986,495.0
s7_pts20-r1,6,13,mid,2603,-47072.0,-2.2928,0.914,0.486,565.0
s7_pts20-r1,6,13,pm,2539,4644.0,0.2314,1.0093,0.5104,435.0
s7_pts20-r2,6,14,all,14230,-240535.0,-3.5931,0.9382,0.3293,665.0
s7_pts20-r2,6,14,eve,2109,-64976.0,-2.5266,0.8904,0.3144,430.0
s7_pts20-r2,6,14,asia,1560,-31705.0,-1.4229,0.9268,0.3231,455.0
s7_pts20-r2,6,14,london,2518,-64807.0,-2.2985,0.9078,0.3185,450.0
s7_pts20-r2,6,14,pre,1312,-18303.0,-0.8915,0.9494,0.3285,665.0
s7_pts20-r2,6,14,nyam,1995,-40280.0,-1.5998,0.9271,0.3228,495.0
s7_pts20-r2,6,14,mid,2415,-40155.0,-1.4505,0.9395,0.328,420.0
s7_pts20-r2,6,14,pm,2321,19691.0,0.7408,1.0335,0.3662,435.0
s7_pts20-r3,6,15,all,13366,-161859.0,-2.0497,0.96,0.258,3140.0
s7_pts20-r3,6,15,eve,1962,-57393.0,-1.8969,0.9065,0.237,430.0
s7_pts20-r3,6,15,asia,1459,-44011.0,-1.688,0.9036,0.2365,455.0
s7_pts20-r3,6,15,london,2348,-55352.0,-1.6634,0.9243,0.2406,895.0
s7_pts20-r3,6,15,pre,1268,9853.0,0.3925,1.0256,0.2603,665.0
s7_pts20-r3,6,15,nyam,1892,-42308.0,-1.4175,0.9279,0.241,495.0
s7_pts20-r3,6,15,mid,2278,-29742.0,-0.9107,0.9571,0.2559,430.0
s7_pts20-r3,6,15,pm,2159,57094.0,1.8588,1.0976,0.3261,3140.0
s7_pts30-r0,6,16,all,10327,108797.0,0.6314,1.0216,0.1908,3140.0
s7_pts30-r0,6,16,eve,1475,-44145.0,-0.6194,0.9443,0.118,710.0
s7_pts30-r0,6,16,asia,1187,-8553.0,-0.1343,0.9864,0.1289,640.0
s7_pts30-r0,6,16,london,1743,19563.0,0.2487,1.0213,0.136,1440.0
s7_pts30-r0,6,16,pre,1100,113905.0,1.7973,1.2045,0.1664,715.0
s7_pts30-r0,6,16,nyam,1489,13614.0,0.2251,1.0184,0.1766,655.0
s7_pts30-r0,6,16,mid,1709,4424.0,0.0634,1.0055,0.2305,2915.0
s7_pts30-r0,6,16,pm,1624,9989.0,0.2332,1.0164,0.3485,3140.0
s7_pts30-r1,6,17,all,13813,-165157.0,-2.3475,0.9607,0.4958,685.0
s7_pts30-r1,6,17,eve,2006,-73004.0,-2.7059,0.8862,0.4756,655.0
s7_pts30-r1,6,17,asia,1451,-22804.0,-0.9926,0.9492,0.4928,640.0
s7_pts30-r1,6,17,london,2485,-56330.0,-1.8745,0.9275,0.4869,650.0
s7_pts30-r1,6,17,pre,1269,2514.0,0.117,1.0066,0.5075,685.0
s7_pts30-r1,6,17,nyam,1969,-17131.0,-0.6407,0.9715,0.4982,620.0
s7_pts30-r1,6,17,mid,2357,-24283.0,-0.8316,0.9663,0.4981,615.0
s7_pts30-r1,6,17,pm,2276,25881.0,0.9383,1.0411,0.5145,625.0
s7_pts30-r2,6,18,all,11981,-58749.0,-0.6422,0.9876,0.3465,3140.0
s7_pts30-r2,6,18,eve,1689,-55006.0,-1.5886,0.9215,0.3197,655.0
s7_pts30-r2,6,18,asia,1253,-36402.0,-1.2186,0.9298,0.3216,640.0
s7_pts30-r2,6,18,london,2101,-55964.0,-1.4445,0.9355,0.3232,1430.0
s7_pts30-r2,6,18,pre,1161,24331.0,0.8302,1.0529,0.3506,685.0
s7_pts30-r2,6,18,nyam,1766,3776.0,0.1053,1.0053,0.3386,620.0
s7_pts30-r2,6,18,mid,2053,-20512.0,-0.5411,0.9749,0.3434,615.0
s7_pts30-r2,6,18,pm,1958,81028.0,2.3473,1.1241,0.4183,3140.0
s7_pts30-r3,6,19,all,11160,-28840.0,-0.2705,0.9941,0.2766,3140.0
s7_pts30-r3,6,19,eve,1574,-18096.0,-0.4386,0.9749,0.249,655.0
s7_pts30-r3,6,19,asia,1206,-30714.0,-0.857,0.9448,0.243,640.0
s7_pts30-r3,6,19,london,1928,-53187.0,-1.1768,0.9403,0.2433,1430.0
s7_pts30-r3,6,19,pre,1128,39188.0,1.1003,1.0782,0.2722,715.0
s7_pts30-r3,6,19,nyam,1633,6703.0,0.1595,1.0091,0.2603,620.0
s7_pts30-r3,6,19,mid,1885,-10065.0,-0.2321,0.9877,0.2844,2915.0
s7_pts30-r3,6,19,pm,1806,37331.0,0.9884,1.0568,0.3682,3140.0
s7_pts45-r0,6,20,all,8958,108633.0,0.5709,1.0185,0.2591,3140.0
s7_pts45-r0,6,20,eve,1255,-84270.0,-1.0521,0.9108,0.1689,1100.0
s7_pts45-r0,6,20,asia,1056,4036.0,0.0558,1.0052,0.1932,935.0
s7_pts45-r0,6,20,london,1482,110117.0,1.2426,1.1035,0.2072,1715.0
s7_pts45-r0,6,20,pre,1013,61333.0,0.9026,1.0866,0.2241,945.0
s7_pts45-r0,6,20,nyam,1314,56324.0,0.7956,1.0645,0.2557,2450.0
s7_pts45-r0,6,20,mid,1449,-39906.0,-0.5626,0.9547,0.3085,915.0
s7_pts45-r0,6,20,pm,1389,999.0,0.0221,1.0016,0.4233,3140.0
s7_pts45-r1,6,21,all,11437,-346118.0,-3.6537,0.9333,0.4882,1715.0
s7_pts45-r1,6,21,eve,1583,-119492.0,-3.336,0.8457,0.4618,930.0
s7_pts45-r1,6,21,asia,1185,-67685.0,-2.1808,0.881,0.4726,925.0
s7_pts45-r1,6,21,london,2021,-72514.0,-1.7859,0.9236,0.4844,1715.0
s7_pts45-r1,6,21,pre,1107,-33398.0,-1.1124,0.9353,0.4869,945.0
s7_pts45-r1,6,21,nyam,1722,-24088.0,-0.6447,0.9693,0.4959,920.0
s7_pts45-r1,6,21,mid,1961,-60609.0,-1.5386,0.9323,0.488,915.0
s7_pts45-r1,6,21,pm,1858,31668.0,0.9044,1.0454,0.5188,925.0
s7_pts45-r2,6,22,all,9818,-78127.0,-0.6475,0.986,0.359,3140.0
s7_pts45-r2,6,22,eve,1345,-84470.0,-1.8399,0.8992,0.3145,1100.0
s7_pts45-r2,6,22,asia,1077,-37588.0,-0.9068,0.9431,0.324,935.0
s7_pts45-r2,6,22,london,1665,-29840.0,-0.5768,0.9705,0.3327,1715.0
s7_pts45-r2,6,22,pre,1043,11853.0,0.2885,1.0191,0.3461,945.0
s7_pts45-r2,6,22,nyam,1477,21282.0,0.4399,1.0248,0.3521,920.0
s7_pts45-r2,6,22,mid,1634,3169.0,0.0655,1.0035,0.3764,915.0
s7_pts45-r2,6,22,pm,1577,37467.0,0.9111,1.054,0.4458,3140.0
s7_pts45-r3,6,23,all,9275,-85190.0,-0.6158,0.9851,0.303,3140.0
s7_pts45-r3,6,23,eve,1285,-122710.0,-2.3037,0.8624,0.235,1100.0
s7_pts45-r3,6,23,asia,1063,-18107.0,-0.3627,0.9746,0.2587,935.0
s7_pts45-r3,6,23,london,1544,11964.0,0.1977,1.0117,0.2681,1715.0
s7_pts45-r3,6,23,pre,1026,-18269.0,-0.3787,0.9731,0.2671,945.0
s7_pts45-r3,6,23,nyam,1380,74860.0,1.3295,1.0869,0.3022,2450.0
s7_pts45-r3,6,23,mid,1518,-24737.0,-0.4659,0.9724,0.33,915.0
s7_pts45-r3,6,23,pm,1459,11809.0,0.2766,1.0177,0.4297,3140.0
s7_pct0p1-r0,6,24,all,12794,25929.0,0.1777,1.007,0.1092,3140.0
s7_pct0p1-r0,6,24,eve,1921,-37649.0,-0.6254,0.9361,0.0635,460.0
s7_pct0p1-r0,6,24,asia,1552,7417.0,0.134,1.0158,0.0728,460.0
s7_pct0p1-r0,6,24,london,2177,-29628.0,-0.4573,0.9556,0.0689,1900.0
s7_pct0p1-r0,6,24,pre,1300,77195.0,1.5036,1.1992,0.0938,715.0
s7_pct0p1-r0,6,24,nyam,1749,-14296.0,-0.2938,0.9724,0.0961,455.0
s7_pct0p1-r0,6,24,mid,2114,18679.0,0.2929,1.0311,0.1306,460.0
s7_pct0p1-r0,6,24,pm,1981,4211.0,0.1154,1.0085,0.2251,3140.0
s7_pct0p1-r1,6,25,all,16399,-208731.0,-4.9333,0.9243,0.4908,665.0
s7_pct0p1-r1,6,25,eve,2588,-34002.0,-2.0206,0.9221,0.4884,460.0
s7_pct0p1-r1,6,25,asia,2088,-34052.0,-2.2777,0.9031,0.4832,585.0
s7_pct0p1-r1,6,25,london,2777,-56363.0,-3.2236,0.8826,0.4779,460.0
s7_pct0p1-r1,6,25,pre,1575,-15185.0,-1.1634,0.9418,0.5003,665.0
s7_pct0p1-r1,6,25,nyam,2108,-20772.0,-1.362,0.9412,0.4934,455.0
s7_pct0p1-r1,6,25,mid,2662,-39973.0,-2.3316,0.9118,0.4891,565.0
s7_pct0p1-r1,6,25,pm,2601,-8384.0,-0.5001,0.9801,0.5071,455.0
s7_pct0p1-r2,6,26,all,15255,-241410.0,-4.2464,0.9285,0.3258,665.0
s7_pct0p1-r2,6,26,eve,2330,-45230.0,-2.026,0.9133,0.3176,460.0
s7_pct0p1-r2,6,26,asia,1785,-51180.0,-2.6822,0.8721,0.3115,460.0
s7_pct0p1-r2,6,26,london,2653,-76672.0,-3.2492,0.8729,0.3098,455.0
s7_pct0p1-r2,6,26,pre,1427,-11383.0,-0.6524,0.9636,0.3385,665.0
s7_pct0p1-r2,6,26,nyam,2053,-39492.0,-1.8774,0.9144,0.3181,455.0
s7_pct0p1-r2,6,26,mid,2541,-34319.0,-1.4637,0.9393,0.3262,565.0
s7_pct0p1-r2,6,26,pm,2466,16866.0,0.7431,1.033,0.3597,455.0
s7_pct0p1-r3,6,27,all,14477,-240528.0,-3.5817,0.9326,0.247,665.0
s7_pct0p1-r3,6,27,eve,2176,-44634.0,-1.6949,0.9179,0.2353,460.0
s7_pct0p1-r3,6,27,asia,1655,-46260.0,-2.0637,0.8879,0.2344,460.0
s7_pct0p1-r3,6,27,london,2524,-51316.0,-1.819,0.9187,0.2393,465.0
s7_pct0p1-r3,6,27,pre,1375,-15400.0,-0.7367,0.9547,0.2495,665.0
s7_pct0p1-r3,6,27,nyam,1986,-59484.0,-2.3931,0.8817,0.2316,455.0
s7_pct0p1-r3,6,27,mid,2420,-40110.0,-1.4504,0.9332,0.2455,460.0
s7_pct0p1-r3,6,27,pm,2341,16676.0,0.6311,1.0312,0.2883,455.0
s7_pct0p2-r0,6,28,all,10187,204312.0,1.1562,1.0397,0.2002,3140.0
s7_pct0p2-r0,6,28,eve,1450,-41625.0,-0.587,0.9486,0.129,915.0
s7_pct0p2-r0,6,28,asia,1180,19110.0,0.2842,1.0293,0.139,915.0
s7_pct0p2-r0,6,28,london,1719,33109.0,0.4079,1.0352,0.1431,1440.0
s7_pct0p2-r0,6,28,pre,1096,99211.0,1.55,1.1703,0.1752,915.0
s7_pct0p2-r0,6,28,nyam,1467,101787.0,1.5265,1.1364,0.1984,915.0
s7_pct0p2-r0,6,28,mid,1685,-19185.0,-0.2802,0.9764,0.2368,915.0
s7_pct0p2-r0,6,28,pm,1590,11905.0,0.2762,1.0196,0.3522,3140.0
s7_pct0p2-r1,6,29,all,13489,-233401.0,-3.1057,0.9466,0.4927,915.0
s7_pct0p2-r1,6,29,eve,1962,-60923.0,-2.1049,0.9074,0.4827,915.0
s7_pct0p2-r1,6,29,asia,1432,-42038.0,-1.7121,0.9116,0.4874,910.0
s7_pct0p2-r1,6,29,london,2406,-91514.0,-2.8645,0.8875,0.4759,910.0
s7_pct0p2-r1,6,29,pre,1249,-32206.0,-1.3954,0.9225,0.49,915.0
s7_pct0p2-r1,6,29,nyam,1938,-18542.0,-0.6396,0.9708,0.4954,915.0
s7_pct0p2-r1,6,29,mid,2300,-13180.0,-0.4206,0.9822,0.4996,915.0
s7_pct0p2-r1,6,29,pm,2202,25002.0,0.8678,1.0395,0.5154,905.0
s7_pct0p2-r2,6,30,all,11711,-68844.0,-0.7107,0.9858,0.3476,1430.0
s7_pct0p2-r2,6,30,eve,1625,-36610.0,-0.9904,0.9482,0.3249,915.0
s7_pct0p2-r2,6,30,asia,1240,-36460.0,-1.1415,0.9326,0.329,910.0
s7_pct0p2-r2,6,30,london,2061,-35369.0,-0.8529,0.9601,0.3265,1430.0
s7_pct0p2-r2,6,30,pre,1149,2039.0,0.0652,1.0042,0.3438,915.0
s7_pct0p2-r2,6,30,nyam,1729,17184.0,0.4461,1.0236,0.3418,915.0
s7_pct0p2-r2,6,30,mid,2000,-24655.0,-0.6197,0.9703,0.348,915.0
s7_pct0p2-r2,6,30,pm,1907,45027.0,1.2815,1.0681,0.409,905.0
s7_pct0p2-r3,6,31,all,10947,-38233.0,-0.3398,0.9923,0.2802,3140.0
s7_pct0p2-r3,6,31,eve,1527,-22748.0,-0.5185,0.9692,0.2475,915.0
s7_pct0p2-r3,6,31,asia,1202,-53973.0,-1.4163,0.9088,0.2404,915.0
s7_pct0p2-r3,6,31,london,1887,-24748.0,-0.514,0.9725,0.2507,1430.0
s7_pct0p2-r3,6,31,pre,1121,22836.0,0.6041,1.0431,0.2721,915.0
s7_pct0p2-r3,6,31,nyam,1607,54692.0,1.203,1.0737,0.2757,915.0
s7_pct0p2-r3,6,31,mid,1846,-46634.0,-1.0457,0.9444,0.2828,915.0
s7_pct0p2-r3,6,31,pm,1757,32342.0,0.8404,1.0496,0.3739,3140.0
s8_atr1p5-r0,7,0,all,9906,137116.0,0.6855,1.0248,0.2083,10405.0
s8_atr1p5-r0,7,0,eve,1584,-91171.0,-1.2225,0.8898,0.0979,7255.0
s8_atr1p5-r0,7,0,asia,1461,134766.0,1.6677,1.2611,0.0931,2520.0
s8_atr1p5-r0,7,0,london,1913,-33157.0,-0.4088,0.966,0.1171,4530.0
s8_atr1p5-r0,7,0,pre,1070,65610.0,0.8226,1.1033,0.1626,4290.0
s8_atr1p5-r0,7,0,nyam,1375,49245.0,0.5631,1.0491,0.2545,7415.0
s8_atr1p5-r0,7,0,mid,1258,41618.0,0.5949,1.0458,0.3808,10405.0
s8_atr1p5-r0,7,0,pm,1245,-29795.0,-0.6039,0.9547,0.4378,5850.0
s8_atr1p5-r1,7,1,all,13227,-259128.0,-2.478,0.9485,0.4873,10405.0
s8_atr1p5-r1,7,1,eve,2264,-63611.0,-1.8478,0.9067,0.4792,7255.0
s8_atr1p5-r1,7,1,asia,2019,17539.0,0.7627,1.0433,0.4943,3415.0
s8_atr1p5-r1,7,1,london,2726,-72469.0,-2.0759,0.9121,0.4868,4490.0
s8_atr1p5-r1,7,1,pre,1211,-29234.0,-1.0402,0.9345,0.4889,4580.0
s8_atr1p5-r1,7,1,nyam,1795,-100285.0,-2.0726,0.8966,0.4724,4600.0
s8_atr1p5-r1,7,1,mid,1634,13654.0,0.2548,1.0142,0.5031,10405.0
s8_atr1p5-r1,7,1,pm,1578,-24722.0,-0.5527,0.9668,0.4905,5850.0
s8_atr1p5-r2,7,2,all,11164,-135771.0,-1.0658,0.9744,0.3521,10405.0
s8_atr1p5-r2,7,2,eve,1848,-59187.0,-1.3362,0.9207,0.3139,7255.0
s8_atr1p5-r2,7,2,asia,1649,47904.0,1.5671,1.1118,0.3445,2520.0
s8_atr1p5-r2,7,2,london,2396,-66764.0,-1.4682,0.93,0.3301,4530.0
s8_atr1p5-r2,7,2,pre,1102,-22038.0,-0.5807,0.9588,0.3294,4290.0
s8_atr1p5-r2,7,2,nyam,1503,-76952.0,-1.309,0.924,0.3267,7415.0
s8_atr1p5-r2,7,2,mid,1353,51308.0,0.8076,1.0543,0.4028,10405.0
s8_atr1p5-r2,7,2,pm,1313,-10042.0,-0.208,0.9852,0.4516,5850.0
s8_atr1p5-r3,7,3,all,10420,-180850.0,-1.2776,0.9662,0.2907,10405.0
s8_atr1p5-r3,7,3,eve,1699,-89646.0,-1.7847,0.8843,0.2319,7255.0
s8_atr1p5-r3,7,3,asia,1541,30036.0,0.8103,1.0659,0.257,3585.0
s8_atr1p5-r3,7,3,london,2146,-111344.0,-2.2059,0.8843,0.2409,4530.0
s8_atr1p5-r3,7,3,pre,1085,8530.0,0.1817,1.0147,0.2571,4290.0
s8_atr1p5-r3,7,3,nyam,1412,-47398.0,-0.7044,0.953,0.2748,7415.0
s8_atr1p5-r3,7,3,mid,1270,29895.0,0.4539,1.0328,0.3858,10405.0
s8_atr1p5-r3,7,3,pm,1267,-923.0,-0.0184,0.9986,0.4459,5850.0
s8_atr3-r0,7,4,all,7665,118560.0,0.5282,1.0185,0.3112,14815.0
s8_atr3-r0,7,4,eve,1164,-212361.0,-2.4686,0.8077,0.1907,14505.0
s8_atr3-r0,7,4,asia,1113,143088.0,1.5821,1.2051,0.1689,3980.0
s8_atr3-r0,7,4,london,1376,-35504.0,-0.3805,0.9699,0.2144,9145.0
s8_atr3-r0,7,4,pre,942,170527.0,1.8539,1.2015,0.3153,8345.0
s8_atr3-r0,7,4,nyam,1065,18070.0,0.19,1.0161,0.3934,14815.0
s8_atr3-r0,7,4,mid,1001,35226.0,0.4619,1.0397,0.4785,10845.0
s8_atr3-r0,7,4,pm,1004,-486.0,-0.0093,0.9992,0.4831,5850.0
s8_atr3-r1,7,5,all,8901,-142299.0,-0.944,0.9756,0.4942,14815.0
s8_atr3-r1,7,5,eve,1395,-124620.0,-2.2027,0.8622,0.4738,14505.0
s8_atr3-r1,7,5,asia,1298,68883.0,1.896,1.1417,0.5139,4325.0
s8_atr3-r1,7,5,london,1870,-83550.0,-1.45,0.9252,0.4909,9145.0
s8_atr3-r1,7,5,pre,982,74417.0,1.5018,1.1141,0.5183,8345.0
s8_atr3-r1,7,5,nyam,1196,-84134.0,-1.1847,0.9252,0.4824,14815.0
s8_atr3-r1,7,5,mid,1083,3128.0,0.0454,1.0034,0.4968,10845.0
s8_atr3-r1,7,5,pm,1077,3577.0,0.0699,1.0057,0.4912,5850.0
s8_atr3-r2,7,6,all,7889,-159631.0,-0.9077,0.974,0.3859,14815.0
s8_atr3-r2,7,6,eve,1208,-229342.0,-3.4685,0.7757,0.3129,14505.0
s8_atr3-r2,7,6,asia,1152,93532.0,1.8667,1.1626,0.3611,3980.0
s8_atr3-r2,7,6,london,1475,-76000.0,-1.1101,0.9323,0.3308,9145.0
s8_atr3-r2,7,6,pre,954,121379.0,1.769,1.1518,0.3742,8345.0
s8_atr3-r2,7,6,nyam,1080,-97310.0,-1.2054,0.9141,0.3963,14815.0
s8_atr3-r2,7,6,mid,1004,18459.0,0.2527,1.0209,0.4821,10845.0
s8_atr3-r2,7,6,pm,1016,9651.0,0.1842,1.0161,0.4852,5850.0
s8_atr3-r3,7,7,all,7719,-58881.0,-0.3052,0.9906,0.3468,14815.0
s8_atr3-r3,7,7,eve,1178,-208567.0,-2.7835,0.8042,0.2547,14505.0
s8_atr3-r3,7,7,asia,1123,88178.0,1.4227,1.1395,0.2707,3980.0
s8_atr3-r3,7,7,london,1399,-83531.0,-1.0997,0.927,0.2652,9145.0
s8_atr3-r3,7,7,pre,946,138511.0,1.7852,1.1655,0.3309,8345.0
s8_atr3-r3,7,7,nyam,1066,-15604.0,-0.1766,0.986,0.3959,14815.0
s8_atr3-r3,7,7,mid,1001,15291.0,0.2074,1.0172,0.4785,10845.0
s8_atr3-r3,7,7,pm,1006,6841.0,0.132,1.0116,0.4851,5850.0
s8_pts10-r0,7,8,all,14380,-144695.0,-1.2518,0.9486,0.0675,3140.0
s8_pts10-r0,7,8,eve,2202,-43668.0,-0.8693,0.9017,0.0395,250.0
s8_pts10-r0,7,8,asia,1804,52994.0,1.0171,1.1475,0.0521,270.0
s8_pts10-r0,7,8,london,2378,-25617.0,-0.5086,0.9463,0.0458,375.0
s8_pts10-r0,7,8,pre,1424,25544.0,0.6341,1.0902,0.0562,715.0
s8_pts10-r0,7,8,nyam,1959,-52846.0,-1.3187,0.8637,0.0556,315.0
s8_pts10-r0,7,8,mid,2322,-34838.0,-0.9037,0.9221,0.0797,225.0
s8_pts10-r0,7,8,pm,2291,-66264.0,-2.2458,0.8414,0.134,3140.0
s8_pts10-r1,7,9,all,17384,-240716.0,-9.0016,0.8724,0.4829,635.0
s8_pts10-r1,7,9,eve,2787,-24178.0,-2.2556,0.9181,0.4959,250.0
s8_pts10-r1,7,9,asia,2457,-28803.0,-2.8623,0.8909,0.4884,245.0
s8_pts10-r1,7,9,london,2820,-28930.0,-2.6841,0.9038,0.4918,230.0
s8_pts10-r1,7,9,pre,1733,-35187.0,-4.1594,0.8188,0.468,635.0
s8_pts10-r1,7,9,nyam,2180,-34320.0,-3.6268,0.8561,0.478,255.0
s8_pts10-r1,7,9,mid,2712,-45363.0,-4.3015,0.8478,0.4753,225.0
s8_pts10-r1,7,9,pm,2695,-43935.0,-4.1803,0.8513,0.4764,225.0
s8_pts10-r2,7,10,all,16833,-311592.0,-8.5326,0.871,0.3161,635.0
s8_pts10-r2,7,10,eve,2686,-45264.0,-3.0924,0.8822,0.3187,250.0
s8_pts10-r2,7,10,asia,2173,-31052.0,-2.3495,0.8995,0.3231,270.0
s8_pts10-r2,7,10,london,2805,-61500.0,-4.1429,0.8485,0.3102,230.0
s8_pts10-r2,7,10,pre,1639,-33191.0,-2.9107,0.8598,0.3136,635.0
s8_pts10-r2,7,10,nyam,2168,-43982.0,-3.3627,0.8592,0.3127,315.0
s8_pts10-r2,7,10,mid,2692,-50783.0,-3.4821,0.8685,0.315,225.0
s8_pts10-r2,7,10,pm,2670,-45820.0,-3.1554,0.8795,0.3195,225.0
s8_pts10-r3,7,11,all,16324,-314181.0,-7.1915,0.8797,0.2374,635.0
s8_pts10-r3,7,11,eve,2552,-45058.0,-2.5956,0.8896,0.2386,250.0
s8_pts10-r3,7,11,asia,2014,-20901.0,-1.3379,0.9343,0.2478,270.0
s8_pts10-r3,7,11,london,2763,-39137.0,-2.1542,0.9109,0.2429,235.0
s8_pts10-r3,7,11,pre,1553,-26752.0,-1.9707,0.8923,0.2395,635.0
s8_pts10-r3,7,11,nyam,2155,-61900.0,-3.9647,0.8233,0.2246,315.0
s8_pts10-r3,7,11,mid,2661,-61879.0,-3.5363,0.8554,0.2319,225.0
s8_pts10-r3,7,11,pm,2626,-58554.0,-3.3857,0.8602,0.2372,225.0
s8_pts20-r0,7,12,all,12056,-102879.0,-0.697,0.976,0.1307,3140.0
s8_pts20-r0,7,12,eve,1763,-31402.0,-0.473,0.9529,0.0771,470.0
s8_pts20-r0,7,12,asia,1384,49219.0,0.8155,1.096,0.0954,430.0
s8_pts20-r0,7,12,london,2026,-20574.0,-0.3075,0.9729,0.0898,1340.0
s8_pts20-r0,7,12,pre,1210,24975.0,0.4898,1.0558,0.105,2150.0
s8_pts20-r0,7,12,nyam,1732,-6163.0,-0.1142,0.9901,0.1224,460.0
s8_pts20-r0,7,12,mid,1989,-35446.0,-0.7103,0.9483,0.1549,2365.0
s8_pts20-r0,7,12,pm,1952,-83488.0,-2.3475,0.8589,0.2454,3140.0
s8_pts20-r1,7,13,all,15792,-273313.0,-5.4108,0.9174,0.4868,665.0
s8_pts20-r1,7,13,eve,2429,-48501.0,-2.4435,0.9056,0.4837,455.0
s8_pts20-r1,7,13,asia,1812,-34373.0,-2.0042,0.9101,0.4851,435.0
s8_pts20-r1,7,13,london,2740,-45475.0,-2.1565,0.9209,0.488,465.0
s8_pts20-r1,7,13,pre,1467,-33733.0,-2.1839,0.8922,0.4806,665.0
s8_pts20-r1,7,13,nyam,2134,-47346.0,-2.5463,0.8956,0.4808,460.0
s8_pts20-r1,7,13,mid,2626,-31714.0,-1.5379,0.9417,0.4935,430.0
s8_pts20-r1,7,13,pm,2584,-32171.0,-1.5891,0.939,0.4911,415.0
s8_pts20-r2,7,14,all,14323,-244427.0,-3.6377,0.9377,0.3288,1580.0
s8_pts20-r2,7,14,eve,2099,-56001.0,-2.1765,0.9046,0.3178,470.0
s8_pts20-r2,7,14,asia,1543,-3012.0,-0.1343,0.9928,0.3383,435.0
s8_pts20-r2,7,14,london,2520,-16160.0,-0.5657,0.9765,0.3345,465.0
s8_pts20-r2,7,14,pre,1311,-11259.0,-0.5444,0.9687,0.3341,1580.0
s8_pts20-r2,7,14,nyam,2037,-52398.0,-2.0676,0.9078,0.3186,460.0
s8_pts20-r2,7,14,mid,2428,-45472.0,-1.6393,0.9321,0.3258,430.0
s8_pts20-r2,7,14,pm,2385,-60125.0,-2.2798,0.9049,0.3354,425.0
s8_pts20-r3,7,15,all,13385,-300030.0,-3.8254,0.9268,0.2503,3140.0
s8_pts20-r3,7,15,eve,1935,-41585.0,-1.3744,0.9308,0.2419,470.0
s8_pts20-r3,7,15,asia,1446,-12974.0,-0.4907,0.9708,0.2497,435.0
s8_pts20-r3,7,15,london,2323,-11387.0,-0.3386,0.984,0.2523,890.0
s8_pts20-r3,7,15,pre,1256,-22234.0,-0.9053,0.9431,0.2452,1580.0
s8_pts20-r3,7,15,nyam,1922,-72338.0,-2.4391,0.8802,0.2326,460.0
s8_pts20-r3,7,15,mid,2279,-72016.0,-2.235,0.898,0.24,430.0
s8_pts20-r3,7,15,pm,2224,-67496.0,-2.2678,0.8943,0.2846,3140.0
s8_pts30-r0,7,16,all,10429,19544.0,0.1132,1.0038,0.1865,3140.0
s8_pts30-r0,7,16,eve,1480,-76355.0,-1.1309,0.9042,0.1155,740.0
s8_pts30-r0,7,16,asia,1173,180148.0,2.1282,1.2971,0.1517,820.0
s8_pts30-r0,7,16,london,1766,-85684.0,-1.1244,0.9091,0.1251,1340.0
s8_pts30-r0,7,16,pre,1099,-29121.0,-0.5317,0.9492,0.1465,2150.0
s8_pts30-r0,7,16,nyam,1553,65953.0,1.0343,1.0861,0.1848,680.0
s8_pts30-r0,7,16,mid,1707,25777.0,0.4348,1.0327,0.2332,2365.0
s8_pts30-r0,7,16,pm,1651,-61174.0,-1.5046,0.9055,0.3204,3140.0
s8_pts30-r1,7,17,all,13889,-250766.0,-3.5534,0.9412,0.4907,1580.0
s8_pts30-r1,7,17,eve,1996,-51144.0,-1.8992,0.9185,0.4845,625.0
s8_pts30-r1,7,17,asia,1439,14714.0,0.6433,1.0345,0.5142,635.0
s8_pts30-r1,7,17,london,2483,-54897.0,-1.8254,0.9293,0.4877,1555.0
s8_pts30-r1,7,17,pre,1270,-41245.0,-1.9158,0.898,0.4795,1580.0
s8_pts30-r1,7,17,nyam,2019,-53916.0,-1.9915,0.9152,0.4834,680.0
s8_pts30-r1,7,17,mid,2375,-28020.0,-0.9555,0.9615,0.496,620.0
s8_pts30-r1,7,17,pm,2307,-36258.0,-1.3055,0.9459,0.492,630.0
s8_pts30-r2,7,18,all,11940,-229395.0,-2.5243,0.952,0.3364,3140.0
s8_pts30-r2,7,18,eve,1669,-25486.0,-0.7351,0.9627,0.3295,660.0
s8_pts30-r2,7,18,asia,1239,29939.0,0.9864,1.0611,0.3511,635.0
s8_pts30-r2,7,18,london,2088,-23107.0,-0.5947,0.9728,0.3319,885.0
s8_pts30-r2,7,18,pre,1147,-22023.0,-0.7659,0.9533,0.3278,1580.0
s8_pts30-r2,7,18,nyam,1795,-68225.0,-1.9225,0.9084,0.3175,680.0
s8_pts30-r2,7,18,mid,2033,-82407.0,-2.2162,0.9006,0.3232,620.0
s8_pts30-r2,7,18,pm,1969,-38086.0,-1.12,0.9461,0.3738,3140.0
s8_pts30-r3,7,19,all,11200,-171810.0,-1.6205,0.9652,0.2695,3140.0
s8_pts30-r3,7,19,eve,1564,-62186.0,-1.538,0.9145,0.2379,740.0
s8_pts30-r3,7,19,asia,1195,59595.0,1.6056,1.1126,0.2745,820.0
s8_pts30-r3,7,19,london,1915,-77590.0,-1.7366,0.9128,0.2381,885.0
s8_pts30-r3,7,19,pre,1126,-27749.0,-0.8022,0.9465,0.246,1580.0
s8_pts30-r3,7,19,nyam,1688,-15712.0,-0.3715,0.9794,0.2565,680.0
s8_pts30-r3,7,19,mid,1897,-8603.0,-0.1977,0.9896,0.2783,620.0
s8_pts30-r3,7,19,pm,1815,-39565.0,-1.0765,0.9424,0.3438,3140.0
s8_pts45-r0,7,20,all,8978,80978.0,0.4257,1.0137,0.2541,3140.0
s8_pts45-r0,7,20,eve,1249,-38106.0,-0.4938,0.9589,0.1793,925.0
s8_pts45-r0,7,20,asia,1046,128431.0,1.443,1.1716,0.2084,1220.0
s8_pts45-r0,7,20,london,1472,-2408.0,-0.0278,0.9978,0.1916,1340.0
s8_pts45-r0,7,20,pre,1012,-41503.0,-0.6711,0.9423,0.2125,2150.0
s8_pts45-r0,7,20,nyam,1356,26326.0,0.3724,1.0288,0.2463,925.0
s8_pts45-r0,7,20,mid,1441,55501.0,0.8781,1.0649,0.3206,2365.0
s8_pts45-r0,7,20,pm,1402,-47263.0,-1.0672,0.9287,0.3894,3140.0
s8_pts45-r1,7,21,all,11469,-249041.0,-2.6277,0.9516,0.491,1580.0
s8_pts45-r1,7,21,eve,1582,-29988.0,-0.8351,0.9589,0.493,935.0
s8_pts45-r1,7,21,asia,1159,19569.0,0.6369,1.0382,0.5134,1220.0
s8_pts45-r1,7,21,london,2021,-67839.0,-1.6716,0.9283,0.4854,1120.0
s8_pts45-r1,7,21,pre,1100,-25640.0,-0.8555,0.9497,0.4909,1580.0
s8_pts45-r1,7,21,nyam,1755,-95715.0,-2.5401,0.8857,0.4729,925.0
s8_pts45-r1,7,21,mid,1974,-23161.0,-0.5878,0.9736,0.497,940.0
s8_pts45-r1,7,21,pm,1878,-26267.0,-0.7485,0.9641,0.492,930.0
s8_pts45-r2,7,22,all,9810,-75935.0,-0.6292,0.9864,0.3544,3140.0
s8_pts45-r2,7,22,eve,1340,-39945.0,-0.8647,0.9511,0.3284,935.0
s8_pts45-r2,7,22,asia,1068,29048.0,0.6925,1.046,0.3483,1220.0
s8_pts45-r2,7,22,london,1633,-33992.0,-0.6645,0.9657,0.3307,1120.0
s8_pts45-r2,7,22,pre,1040,-16705.0,-0.41,0.9734,0.3356,1580.0
s8_pts45-r2,7,22,nyam,1512,-51213.0,-1.0564,0.9438,0.3313,925.0
s8_pts45-r2,7,22,mid,1640,56095.0,1.1453,1.0633,0.3787,1420.0
s8_pts45-r2,7,22,pm,1577,-19223.0,-0.4736,0.9731,0.4147,3140.0
s8_pts45-r3,7,23,all,9304,33849.0,0.2423,1.0059,0.3008,3140.0
s8_pts45-r3,7,23,eve,1288,-47767.0,-0.8716,0.9455,0.25,935.0
s8_pts45-r3,7,23,asia,1053,63823.0,1.2444,1.0927,0.2783,1220.0
s8_pts45-r3,7,23,london,1540,-28305.0,-0.4729,0.9726,0.2597,1130.0
s8_pts45-r3,7,23,pre,1024,11619.0,0.2373,1.0173,0.2764,2150.0
s8_pts45-r3,7,23,nyam,1417,-5438.0,-0.0977,0.994,0.2844,925.0
s8_pts45-r3,7,23,mid,1514,72964.0,1.3317,1.0835,0.3415,2365.0
s8_pts45-r3,7,23,pm,1468,-33047.0,-0.7773,0.952,0.3958,3140.0
s8_pct0p1-r0,7,24,all,12973,-148422.0,-1.0751,0.961,0.1055,3140.0
s8_pct0p1-r0,7,24,eve,1932,-32138.0,-0.5092,0.9458,0.0616,470.0
s8_pct0p1-r0,7,24,asia,1545,24785.0,0.4355,1.0531,0.0751,460.0
s8_pct0p1-r0,7,24,london,2178,2368.0,0.0372,1.0035,0.0748,1340.0
s8_pct0p1-r0,7,24,pre,1296,7646.0,0.1666,1.0195,0.0849,715.0
s8_pct0p1-r0,7,24,nyam,1825,-40330.0,-0.8091,0.9256,0.0926,460.0
s8_pct0p1-r0,7,24,mid,2126,-36654.0,-0.8027,0.9397,0.1256,455.0
s8_pct0p1-r0,7,24,pm,2071,-74099.0,-2.2183,0.8609,0.2052,3140.0
s8_pct0p1-r1,7,25,all,16476,-317834.0,-7.4978,0.8875,0.4806,665.0
s8_pct0p1-r1,7,25,eve,2582,-35623.0,-2.1216,0.9182,0.4868,470.0
s8_pct0p1-r1,7,25,asia,2059,-44976.0,-3.0383,0.8721,0.4779,460.0
s8_pct0p1-r1,7,25,london,2778,-60427.0,-3.4567,0.8747,0.4791,460.0
s8_pct0p1-r1,7,25,pre,1584,-39231.0,-2.9796,0.8582,0.4716,665.0
s8_pct0p1-r1,7,25,nyam,2162,-36603.0,-2.3713,0.9011,0.4838,455.0
s8_pct0p1-r1,7,25,mid,2673,-59017.0,-3.4434,0.8729,0.4766,455.0
s8_pct0p1-r1,7,25,pm,2638,-41957.0,-2.4837,0.9058,0.4852,455.0
s8_pct0p1-r2,7,26,all,15323,-323617.0,-5.7066,0.9053,0.3204,665.0
s8_pct0p1-r2,7,26,eve,2338,-30382.0,-1.3579,0.9412,0.3255,470.0
s8_pct0p1-r2,7,26,asia,1760,-33610.0,-1.7541,0.9138,0.3205,460.0
s8_pct0p1-r2,7,26,london,2640,-50220.0,-2.124,0.915,0.3246,460.0
s8_pct0p1-r2,7,26,pre,1437,-40643.0,-2.3391,0.8754,0.3111,665.0
s8_pct0p1-r2,7,26,nyam,2105,-57120.0,-2.7026,0.8807,0.3107,460.0
s8_pct0p1-r2,7,26,mid,2550,-52745.0,-2.2648,0.9078,0.3184,455.0
s8_pct0p1-r2,7,26,pm,2493,-58897.0,-2.6362,0.8918,0.3269,455.0
s8_pct0p1-r3,7,27,all,14561,-331709.0,-4.9708,0.9081,0.2435,715.0
s8_pct0p1-r3,7,27,eve,2175,-42715.0,-1.6318,0.921,0.2377,470.0
s8_pct0p1-r3,7,27,asia,1646,-13054.0,-0.5695,0.9676,0.2485,460.0
s8_pct0p1-r3,7,27,london,2531,-34194.0,-1.2094,0.9456,0.2493,460.0
s8_pct0p1-r3,7,27,pre,1359,-38546.0,-1.8771,0.8879,0.2355,665.0
s8_pct0p1-r3,7,27,nyam,2027,-87988.0,-3.5714,0.8308,0.2225,460.0
s8_pct0p1-r3,7,27,mid,2444,-76406.0,-2.8031,0.8757,0.2336,455.0
s8_pct0p1-r3,7,27,pm,2379,-38806.0,-1.4975,0.9305,0.2715,715.0
s8_pct0p2-r0,7,28,all,10252,-30643.0,-0.1759,0.9942,0.1935,3140.0
s8_pct0p2-r0,7,28,eve,1450,-45640.0,-0.6553,0.9435,0.1283,915.0
s8_pct0p2-r0,7,28,asia,1175,137020.0,1.6249,1.2141,0.154,1220.0
s8_pct0p2-r0,7,28,london,1722,-69373.0,-0.9017,0.9277,0.137,1340.0
s8_pct0p2-r0,7,28,pre,1083,-30267.0,-0.5456,0.9487,0.1597,2150.0
s8_pct0p2-r0,7,28,nyam,1517,71897.0,1.0961,1.0919,0.1938,910.0
s8_pct0p2-r0,7,28,mid,1669,934.0,0.0159,1.0012,0.2355,2365.0
s8_pct0p2-r0,7,28,pm,1636,-95214.0,-2.3829,0.8553,0.3185,3140.0
s8_pct0p2-r1,7,29,all,13519,-244011.0,-3.2469,0.9443,0.4912,1220.0
s8_pct0p2-r1,7,29,eve,1949,-41291.0,-1.4318,0.9358,0.4885,915.0
s8_pct0p2-r1,7,29,asia,1414,26999.0,1.1045,1.0619,0.517,1220.0
s8_pct0p2-r1,7,29,london,2401,-75934.0,-2.3767,0.9057,0.4848,915.0
s8_pct0p2-r1,7,29,pre,1244,-38111.0,-1.6524,0.9087,0.4807,915.0
s8_pct0p2-r1,7,29,nyam,1974,-45866.0,-1.5719,0.9303,0.4868,910.0
s8_pct0p2-r1,7,29,mid,2310,-15810.0,-0.5049,0.9787,0.4996,915.0
s8_pct0p2-r1,7,29,pm,2227,-53998.0,-1.8703,0.9203,0.4854,915.0
s8_pct0p2-r2,7,30,all,11710,-236260.0,-2.4484,0.9519,0.3372,1580.0
s8_pct0p2-r2,7,30,eve,1632,-45613.0,-1.2394,0.9356,0.3199,915.0
s8_pct0p2-r2,7,30,asia,1235,10300.0,0.3156,1.0196,0.3401,1220.0
s8_pct0p2-r2,7,30,london,2047,1462.0,0.0351,1.0017,0.341,915.0
s8_pct0p2-r2,7,30,pre,1127,-25613.0,-0.8336,0.9479,0.3327,1580.0
s8_pct0p2-r2,7,30,nyam,1753,-46092.0,-1.2068,0.9395,0.3257,910.0
s8_pct0p2-r2,7,30,mid,1991,-66544.0,-1.6793,0.9213,0.3295,1420.0
s8_pct0p2-r2,7,30,pm,1925,-64160.0,-1.8603,0.9094,0.3673,915.0
s8_pct0p2-r3,7,31,all,10996,-179154.0,-1.5962,0.9647,0.2727,3140.0
s8_pct0p2-r3,7,31,eve,1533,-44667.0,-1.0256,0.9401,0.242,915.0
s8_pct0p2-r3,7,31,asia,1196,10581.0,0.2695,1.0185,0.2592,1220.0
s8_pct0p2-r3,7,31,london,1877,-64483.0,-1.3532,0.9295,0.2467,915.0
s8_pct0p2-r3,7,31,pre,1109,12369.0,0.3273,1.0233,0.266,1580.0
s8_pct0p2-r3,7,31,nyam,1642,-17613.0,-0.3943,0.9774,0.26,910.0
s8_pct0p2-r3,7,31,mid,1850,-23800.0,-0.5253,0.9717,0.2811,1420.0
s8_pct0p2-r3,7,31,pm,1789,-51541.0,-1.3697,0.9252,0.3426,3140.0
s9_atr1p5-r0,8,0,all,9856,158691.0,0.8125,1.0291,0.2096,8080.0
s9_atr1p5-r0,8,0,eve,1573,32888.0,0.4013,1.0409,0.1081,4095.0
s9_atr1p5-r0,8,0,asia,1483,-70032.0,-1.2688,0.875,0.0809,4620.0
s9_atr1p5-r0,8,0,london,1889,-75936.0,-0.9877,0.9203,0.1128,4530.0
s9_atr1p5-r0,8,0,pre,1056,77026.0,0.9705,1.1237,0.1619,4270.0
s9_atr1p5-r0,8,0,nyam,1344,97739.0,1.1312,1.1013,0.2552,4890.0
s9_atr1p5-r0,8,0,mid,1261,84946.0,1.1053,1.0957,0.3799,5410.0
s9_atr1p5-r0,8,0,pm,1250,12060.0,0.2277,1.0183,0.456,8080.0
s9_atr1p5-r1,8,1,all,13202,-74568.0,-0.7091,0.9849,0.4915,8080.0
s9_atr1p5-r1,8,1,eve,2292,-38358.0,-1.1158,0.943,0.4895,4095.0
s9_atr1p5-r1,8,1,asia,2037,-53643.0,-2.29,0.8809,0.4772,4620.0
s9_atr1p5-r1,8,1,london,2704,-19051.0,-0.5485,0.9759,0.4933,4415.0
s9_atr1p5-r1,8,1,pre,1225,-9005.0,-0.3173,0.9796,0.4939,4665.0
s9_atr1p5-r1,8,1,nyam,1718,19988.0,0.4231,1.0231,0.4977,4890.0
s9_atr1p5-r1,8,1,mid,1649,35479.0,0.6581,1.037,0.5021,5410.0
s9_atr1p5-r1,8,1,pm,1577,-9978.0,-0.2136,0.9867,0.4902,8080.0
s9_atr1p5-r2,8,2,all,11139,69469.0,0.5353,1.0133,0.3568,8080.0
s9_atr1p5-r2,8,2,eve,1853,73168.0,1.5093,1.1037,0.3405,4095.0
s9_atr1p5-r2,8,2,asia,1683,-29177.0,-1.009,0.9389,0.331,4620.0
s9_atr1p5-r2,8,2,london,2366,-33994.0,-0.759,0.9633,0.3314,4530.0
s9_atr1p5-r2,8,2,pre,1102,-22658.0,-0.5956,0.9572,0.3258,3600.0
s9_atr1p5-r2,8,2,nyam,1479,-4261.0,-0.0704,0.9956,0.3306,4890.0
s9_atr1p5-r2,8,2,mid,1328,52618.0,0.8435,1.0577,0.4044,5410.0
s9_atr1p5-r2,8,2,pm,1328,33773.0,0.6562,1.049,0.4646,8080.0
s9_atr1p5-r3,8,3,all,10394,-92916.0,-0.6444,0.9825,0.2917,8080.0
s9_atr1p5-r3,8,3,eve,1690,-22125.0,-0.3996,0.9705,0.2503,4095.0
s9_atr1p5-r3,8,3,asia,1564,-45981.0,-1.3822,0.908,0.241,4620.0
s9_atr1p5-r3,8,3,london,2125,-95470.0,-1.8933,0.8986,0.2372,4530.0
s9_atr1p5-r3,8,3,pre,1074,-10376.0,-0.2269,0.9819,0.2523,4270.0
s9_atr1p5-r3,8,3,nyam,1398,1818.0,0.0263,1.0018,0.2768,4890.0
s9_atr1p5-r3,8,3,mid,1275,58640.0,0.8769,1.0657,0.3835,5410.0
s9_atr1p5-r3,8,3,pm,1268,20578.0,0.394,1.031,0.4582,8080.0
s9_atr3-r0,8,4,all,7623,125743.0,0.5621,1.0196,0.3076,16115.0
s9_atr3-r0,8,4,eve,1162,36812.0,0.3529,1.0352,0.2108,7830.0
s9_atr3-r0,8,4,asia,1127,-57988.0,-0.8393,0.9224,0.1544,9250.0
s9_atr3-r0,8,4,london,1369,22759.0,0.2448,1.0196,0.2169,9145.0
s9_atr3-r0,8,4,pre,939,-9171.0,-0.1009,0.9901,0.2758,8530.0
s9_atr3-r0,8,4,nyam,1033,101618.0,1.0775,1.0963,0.3921,6000.0
s9_atr3-r0,8,4,mid,994,52929.0,0.7034,1.0608,0.4789,10845.0
s9_atr3-r0,8,4,pm,999,-21216.0,-0.3901,0.9647,0.4895,16115.0
s9_atr3-r1,8,5,all,8868,12803.0,0.0844,1.0022,0.4961,16115.0
s9_atr3-r1,8,5,eve,1409,48504.0,0.8367,1.0588,0.5124,7830.0
s9_atr3-r1,8,5,asia,1321,-52589.0,-1.4254,0.9062,0.4837,9250.0
s9_atr3-r1,8,5,london,1846,3041.0,0.0533,1.0029,0.4978,9145.0
s9_atr3-r1,8,5,pre,990,-33185.0,-0.6598,0.9536,0.4808,7205.0
s9_atr3-r1,8,5,nyam,1170,-14970.0,-0.2134,0.9859,0.4855,6000.0
s9_atr3-r1,8,5,mid,1055,26160.0,0.3809,1.029,0.5052,10845.0
s9_atr3-r1,8,5,pm,1077,35842.0,0.6663,1.0576,0.5032,16115.0
s9_atr3-r2,8,6,all,7859,-79706.0,-0.4525,0.9869,0.3831,16115.0
s9_atr3-r2,8,6,eve,1216,-4269.0,-0.0603,0.9955,0.3528,7830.0
s9_atr3-r2,8,6,asia,1158,-103707.0,-2.3161,0.8408,0.3117,9250.0
s9_atr3-r2,8,6,london,1472,34532.0,0.4937,1.032,0.3417,9145.0
s9_atr3-r2,8,6,pre,957,-54183.0,-0.819,0.9385,0.3344,8530.0
s9_atr3-r2,8,6,nyam,1051,-6549.0,-0.0817,0.9939,0.3987,6000.0
s9_atr3-r2,8,6,mid,998,62143.0,0.8448,1.0717,0.484,10845.0
s9_atr3-r2,8,6,pm,1007,-7673.0,-0.142,0.9873,0.4926,16115.0
s9_atr3-r3,8,7,all,7683,-75982.0,-0.3921,0.9879,0.3414,16115.0
s9_atr3-r3,8,7,eve,1175,32435.0,0.3951,1.0329,0.2868,7830.0
s9_atr3-r3,8,7,asia,1137,-109583.0,-2.1268,0.8437,0.2375,9250.0
s9_atr3-r3,8,7,london,1391,4871.0,0.0615,1.0044,0.2674,9145.0
s9_atr3-r3,8,7,pre,948,-91532.0,-1.2416,0.901,0.2869,8530.0
s9_atr3-r3,8,7,nyam,1035,62500.0,0.7055,1.0591,0.3923,6000.0
s9_atr3-r3,8,7,mid,994,49884.0,0.6632,1.0573,0.4789,10845.0
s9_atr3-r3,8,7,pm,1003,-24557.0,-0.4535,0.9596,0.4885,16115.0
s9_pts10-r0,8,8,all,14316,-170644.0,-1.4431,0.9391,0.0686,3140.0
s9_pts10-r0,8,8,eve,2197,-21418.0,-0.4081,0.9516,0.0401,250.0
s9_pts10-r0,8,8,asia,1843,-33952.0,-0.7933,0.908,0.0461,235.0
s9_pts10-r0,8,8,london,2406,-97994.0,-2.1218,0.7983,0.0391,640.0
s9_pts10-r0,8,8,pre,1449,6439.0,0.1645,1.0223,0.0573,635.0
s9_pts10-r0,8,8,nyam,1894,-4641.0,-0.1131,0.9875,0.066,1885.0
s9_pts10-r0,8,8,mid,2286,8061.0,0.1442,1.0184,0.084,220.0
s9_pts10-r0,8,8,pm,2241,-27139.0,-0.8919,0.933,0.1406,3140.0
s9_pts10-r1,8,9,all,17383,-234052.0,-8.7491,0.8757,0.484,635.0
s9_pts10-r1,8,9,eve,2786,-37309.0,-3.4833,0.8763,0.4842,225.0
s9_pts10-r1,8,9,asia,2473,-39917.0,-3.9565,0.8529,0.4776,235.0
s9_pts10-r1,8,9,london,2821,-30819.0,-2.8587,0.8979,0.4903,235.0
s9_pts10-r1,8,9,pre,1782,-20628.0,-2.3923,0.8925,0.4905,635.0
s9_pts10-r1,8,9,nyam,2130,-19765.0,-2.1112,0.9125,0.4939,245.0
s9_pts10-r1,8,9,mid,2709,-43836.0,-4.1592,0.8523,0.4766,220.0
s9_pts10-r1,8,9,pm,2682,-41778.0,-3.9838,0.8574,0.4784,265.0
s9_pts10-r2,8,10,all,16825,-286375.0,-7.8255,0.8809,0.3185,635.0
s9_pts10-r2,8,10,eve,2681,-45919.0,-3.1418,0.8803,0.3182,230.0
s9_pts10-r2,8,10,asia,2220,-59030.0,-4.4984,0.8184,0.3027,230.0
s9_pts10-r2,8,10,london,2801,-49284.0,-3.3012,0.8772,0.3174,235.0
s9_pts10-r2,8,10,pre,1657,-30488.0,-2.6454,0.8723,0.3174,635.0
s9_pts10-r2,8,10,nyam,2123,-18157.0,-1.381,0.9389,0.3321,315.0
s9_pts10-r2,8,10,mid,2690,-56405.0,-3.88,0.8546,0.3112,220.0
s9_pts10-r2,8,10,pm,2653,-27092.0,-1.8543,0.927,0.3306,265.0
s9_pts10-r3,8,11,all,16356,-241604.0,-5.4802,0.907,0.243,635.0
s9_pts10-r3,8,11,eve,2580,-33095.0,-1.8804,0.9191,0.2446,245.0
s9_pts10-r3,8,11,asia,2065,-62130.0,-4.0723,0.8156,0.2232,230.0
s9_pts10-r3,8,11,london,2768,-24117.0,-1.314,0.9447,0.2496,235.0
s9_pts10-r3,8,11,pre,1589,-19016.0,-1.3693,0.9247,0.2467,635.0
s9_pts10-r3,8,11,nyam,2107,-38903.0,-2.472,0.8845,0.2373,315.0
s9_pts10-r3,8,11,mid,2643,-48767.0,-2.7709,0.8844,0.2372,230.0
s9_pts10-r3,8,11,pm,2604,-15576.0,-0.8793,0.9614,0.2584,265.0
s9_pts20-r0,8,12,all,11894,33244.0,0.2187,1.0079,0.1325,3140.0
s9_pts20-r0,8,12,eve,1702,12837.0,0.1944,1.0201,0.0823,435.0
s9_pts20-r0,8,12,asia,1406,-31924.0,-0.6042,0.9394,0.0868,755.0
s9_pts20-r0,8,12,london,2031,-6339.0,-0.0921,0.9917,0.0886,895.0
s9_pts20-r0,8,12,pre,1213,8858.0,0.1833,1.0199,0.1063,1580.0
s9_pts20-r0,8,12,nyam,1701,12191.0,0.2254,1.02,0.1235,1885.0
s9_pts20-r0,8,12,mid,1936,72281.0,1.0655,1.1097,0.1643,435.0
s9_pts20-r0,8,12,pm,1905,-34660.0,-0.9428,0.9394,0.2504,3140.0
s9_pts20-r1,8,13,all,15767,-213593.0,-4.2323,0.9347,0.4914,635.0
s9_pts20-r1,8,13,eve,2425,-35545.0,-1.7917,0.9298,0.4903,425.0
s9_pts20-r1,8,13,asia,1851,-43314.0,-2.499,0.8903,0.4797,530.0
s9_pts20-r1,8,13,london,2736,-17179.0,-0.8151,0.9693,0.5007,450.0
s9_pts20-r1,8,13,pre,1488,-22722.0,-1.4606,0.927,0.4899,635.0
s9_pts20-r1,8,13,nyam,2090,-14920.0,-0.8101,0.9652,0.4995,460.0
s9_pts20-r1,8,13,mid,2619,-45361.0,-2.2026,0.9175,0.4864,415.0
s9_pts20-r1,8,13,pm,2558,-34552.0,-1.7191,0.9338,0.4902,435.0
s9_pts20-r2,8,14,all,14281,-229774.0,-3.4227,0.9412,0.3294,1580.0
s9_pts20-r2,8,14,eve,2089,15629.0,0.5959,1.0279,0.3461,430.0
s9_pts20-r2,8,14,asia,1563,-59727.0,-2.7111,0.8653,0.3084,530.0
s9_pts20-r2,8,14,london,2520,-25765.0,-0.9042,0.9627,0.3313,450.0
s9_pts20-r2,8,14,pre,1345,-3195.0,-0.152,0.9913,0.339,1580.0
s9_pts20-r2,8,14,nyam,1991,-44104.0,-1.7564,0.9202,0.3214,460.0
s9_pts20-r2,8,14,mid,2437,-53063.0,-1.9114,0.9215,0.3217,415.0
s9_pts20-r2,8,14,pm,2336,-59549.0,-2.287,0.9035,0.3356,435.0
s9_pts20-r3,8,15,all,13315,-133675.0,-1.6903,0.9669,0.2576,3140.0
s9_pts20-r3,8,15,eve,1894,29909.0,0.9694,1.0524,0.265,430.0
s9_pts20-r3,8,15,asia,1472,-57628.0,-2.2181,0.8759,0.231,530.0
s9_pts20-r3,8,15,london,2326,2681.0,0.0793,1.0038,0.2562,895.0
s9_pts20-r3,8,15,pre,1279,-28176.0,-1.1416,0.9294,0.2424,1580.0
s9_pts20-r3,8,15,nyam,1895,-31170.0,-1.0388,0.9467,0.2454,460.0
s9_pts20-r3,8,15,mid,2273,-12047.0,-0.3657,0.9825,0.2565,415.0
s9_pts20-r3,8,15,pm,2176,-37244.0,-1.2491,0.9397,0.2914,3140.0
s9_pts30-r0,8,16,all,10329,-13796.0,-0.0811,0.9973,0.1849,3140.0
s9_pts30-r0,8,16,eve,1475,-8660.0,-0.1154,0.989,0.122,710.0
s9_pts30-r0,8,16,asia,1197,-55303.0,-0.9276,0.9135,0.1228,755.0
s9_pts30-r0,8,16,london,1752,-37428.0,-0.4987,0.9597,0.1301,885.0
s9_pts30-r0,8,16,pre,1089,5954.0,0.1054,1.0105,0.1478,1580.0
s9_pts30-r0,8,16,nyam,1519,16489.0,0.2647,1.0217,0.1745,1885.0
s9_pts30-r0,8,16,mid,1655,69025.0,0.9556,1.0899,0.2296,2915.0
s9_pts30-r0,8,16,pm,1642,-3873.0,-0.0907,0.9938,0.3343,3140.0
s9_pts30-r1,8,17,all,13838,-217212.0,-3.0864,0.9487,0.4922,1580.0
s9_pts30-r1,8,17,eve,2018,-26082.0,-0.9627,0.958,0.495,625.0
s9_pts30-r1,8,17,asia,1459,-66161.0,-2.8777,0.8602,0.4681,620.0
s9_pts30-r1,8,17,london,2469,-11481.0,-0.3832,0.9847,0.5018,625.0
s9_pts30-r1,8,17,pre,1280,-19635.0,-0.9077,0.9505,0.4938,1580.0
s9_pts30-r1,8,17,nyam,1955,-45060.0,-1.691,0.9264,0.4864,680.0
s9_pts30-r1,8,17,mid,2373,-21987.0,-0.7505,0.9696,0.4973,620.0
s9_pts30-r1,8,17,pm,2284,-26806.0,-0.9743,0.959,0.4934,655.0
s9_pts30-r2,8,18,all,11942,-158333.0,-1.7384,0.9667,0.3403,3140.0
s9_pts30-r2,8,18,eve,1677,15477.0,0.4407,1.023,0.3429,655.0
s9_pts30-r2,8,18,asia,1264,-79216.0,-2.6838,0.8526,0.303,620.0
s9_pts30-r2,8,18,london,2084,-18821.0,-0.4844,0.9778,0.333,885.0
s9_pts30-r2,8,18,pre,1161,-23804.0,-0.8235,0.9501,0.3273,1580.0
s9_pts30-r2,8,18,nyam,1766,-27639.0,-0.7773,0.9616,0.3301,680.0
s9_pts30-r2,8,18,mid,2039,16404.0,0.4301,1.0205,0.3497,620.0
s9_pts30-r2,8,18,pm,1951,-40734.0,-1.2138,0.9413,0.3772,3140.0
s9_pts30-r3,8,19,all,11111,-180584.0,-1.709,0.9632,0.2686,3140.0
s9_pts30-r3,8,19,eve,1562,-533.0,-0.0129,0.9993,0.2535,660.0
s9_pts30-r3,8,19,asia,1221,-23179.0,-0.6409,0.9587,0.2465,755.0
s9_pts30-r3,8,19,london,1911,-32684.0,-0.7228,0.9627,0.2486,885.0
s9_pts30-r3,8,19,pre,1118,-18262.0,-0.5259,0.9645,0.2478,1580.0
s9_pts30-r3,8,19,nyam,1640,-82170.0,-2.017,0.8917,0.2384,680.0
s9_pts30-r3,8,19,mid,1851,-14524.0,-0.3371,0.9821,0.2761,2915.0
s9_pts30-r3,8,19,pm,1808,-9232.0,-0.2481,0.9863,0.3501,3140.0
s9_pts45-r0,8,20,all,8900,214300.0,1.147,1.0367,0.2566,3140.0
s9_pts45-r0,8,20,eve,1259,70624.0,0.8225,1.0762,0.1882,1155.0
s9_pts45-r0,8,20,asia,1058,-6052.0,-0.0901,0.9921,0.2032,1120.0
s9_pts45-r0,8,20,london,1456,21856.0,0.2541,1.0205,0.1937,980.0
s9_pts45-r0,8,20,pre,994,784.0,0.012,1.0011,0.2113,1580.0
s9_pts45-r0,8,20,nyam,1327,69392.0,0.9698,1.0779,0.2487,1885.0
s9_pts45-r0,8,20,mid,1415,30865.0,0.4826,1.0362,0.311,2915.0
s9_pts45-r0,8,20,pm,1391,26831.0,0.5793,1.0421,0.4098,3140.0
s9_pts45-r1,8,21,all,11417,-194608.0,-2.0573,0.9618,0.4931,1580.0
s9_pts45-r1,8,21,eve,1581,6826.0,0.1901,1.0096,0.506,1155.0
s9_pts45-r1,8,21,asia,1183,-69522.0,-2.242,0.8778,0.4717,935.0
s9_pts45-r1,8,21,london,1995,-16535.0,-0.4099,0.9818,0.4992,935.0
s9_pts45-r1,8,21,pre,1108,-49402.0,-1.6443,0.9058,0.4801,1580.0
s9_pts45-r1,8,21,nyam,1708,-18832.0,-0.506,0.9758,0.4977,920.0
s9_pts45-r1,8,21,mid,1983,-14652.0,-0.3698,0.9834,0.4967,940.0
s9_pts45-r1,8,21,pm,1859,-32491.0,-0.9328,0.9551,0.489,930.0
s9_pts45-r2,8,22,all,9718,-92307.0,-0.7681,0.9833,0.3552,3140.0
s9_pts45-r2,8,22,eve,1354,-5801.0,-0.1237,0.9929,0.336,1155.0
s9_pts45-r2,8,22,asia,1084,-881.0,-0.021,0.9986,0.3395,935.0
s9_pts45-r2,8,22,london,1613,-10152.0,-0.1989,0.9896,0.3373,935.0
s9_pts45-r2,8,22,pre,1023,-41152.0,-1.0243,0.9342,0.3275,1580.0
s9_pts45-r2,8,22,nyam,1465,-54145.0,-1.1372,0.9386,0.329,920.0
s9_pts45-r2,8,22,mid,1618,-3817.0,-0.0788,0.9958,0.3677,2915.0
s9_pts45-r2,8,22,pm,1561,23641.0,0.5808,1.0343,0.4311,3140.0
s9_pts45-r3,8,23,all,9233,26433.0,0.19,1.0046,0.301,3140.0
s9_pts45-r3,8,23,eve,1296,26441.0,0.471,1.0306,0.2654,1155.0
s9_pts45-r3,8,23,asia,1065,-5680.0,-0.1134,0.992,0.2629,935.0
s9_pts45-r3,8,23,london,1519,3489.0,0.058,1.0034,0.2646,935.0
s9_pts45-r3,8,23,pre,1010,-24660.0,-0.5116,0.9634,0.2614,1580.0
s9_pts45-r3,8,23,nyam,1381,-25099.0,-0.4573,0.9719,0.2766,1885.0
s9_pts45-r3,8,23,mid,1495,31265.0,0.5818,1.0358,0.3338,2915.0
s9_pts45-r3,8,23,pm,1467,20677.0,0.4784,1.0309,0.4145,3140.0
s9_pct0p1-r0,8,24,all,12777,-132003.0,-0.9454,0.9647,0.106,3140.0
s9_pct0p1-r0,8,24,eve,1861,20416.0,0.3275,1.0359,0.0661,455.0
s9_pct0p1-r0,8,24,asia,1575,-25550.0,-0.5044,0.9466,0.0705,475.0
s9_pct0p1-r0,8,24,london,2175,-62520.0,-1.0215,0.9065,0.0657,640.0
s9_pct0p1-r0,8,24,pre,1281,27926.0,0.6216,1.0729,0.0945,635.0
s9_pct0p1-r0,8,24,nyam,1782,-51763.0,-1.0995,0.9023,0.092,1885.0
s9_pct0p1-r0,8,24,mid,2095,-10930.0,-0.1746,0.9818,0.1227,455.0
s9_pct0p1-r0,8,24,pm,2008,-29582.0,-0.8723,0.9416,0.2171,3140.0
s9_pct0p1-r1,8,25,all,16462,-193803.0,-4.5732,0.9298,0.4913,635.0
s9_pct0p1-r1,8,25,eve,2592,-27478.0,-1.6325,0.9366,0.4931,455.0
s9_pct0p1-r1,8,25,asia,2111,-37459.0,-2.495,0.8949,0.4841,475.0
s9_pct0p1-r1,8,25,london,2775,-23985.0,-1.3707,0.9483,0.4948,455.0
s9_pct0p1-r1,8,25,pre,1607,-3893.0,-0.2941,0.9851,0.509,635.0
s9_pct0p1-r1,8,25,nyam,2109,-8516.0,-0.5586,0.9755,0.5012,455.0
s9_pct0p1-r1,8,25,mid,2668,-60542.0,-3.5336,0.8697,0.4756,455.0
s9_pct0p1-r1,8,25,pm,2600,-31930.0,-1.9089,0.9262,0.4888,455.0
s9_pct0p1-r2,8,26,all,15267,-246203.0,-4.3379,0.927,0.3259,635.0
s9_pct0p1-r2,8,26,eve,2328,10193.0,0.4489,1.0204,0.3393,455.0
s9_pct0p1-r2,8,26,asia,1798,-77767.0,-4.1222,0.8113,0.2964,475.0
s9_pct0p1-r2,8,26,london,2641,-35059.0,-1.4732,0.9402,0.3294,455.0
s9_pct0p1-r2,8,26,pre,1439,-14596.0,-0.8311,0.9539,0.3343,635.0
s9_pct0p1-r2,8,26,nyam,2051,-36229.0,-1.725,0.9211,0.3198,460.0
s9_pct0p1-r2,8,26,mid,2551,-46949.0,-2.0115,0.9178,0.3222,455.0
s9_pct0p1-r2,8,26,pm,2459,-45796.0,-2.073,0.9132,0.3347,455.0
s9_pct0p1-r3,8,27,all,14470,-226115.0,-3.3722,0.9364,0.2486,715.0
s9_pct0p1-r3,8,27,eve,2122,25822.0,0.9646,1.0505,0.2615,455.0
s9_pct0p1-r3,8,27,asia,1687,-48003.0,-2.1241,0.8859,0.2336,475.0
s9_pct0p1-r3,8,27,london,2516,-36119.0,-1.2761,0.9422,0.2452,455.0
s9_pct0p1-r3,8,27,pre,1377,-22623.0,-1.0861,0.9341,0.2484,635.0
s9_pct0p1-r3,8,27,nyam,1995,-45225.0,-1.8,0.9096,0.2356,460.0
s9_pct0p1-r3,8,27,mid,2442,-66843.0,-2.4353,0.891,0.2355,455.0
s9_pct0p1-r3,8,27,pm,2331,-33124.0,-1.3006,0.9388,0.2763,715.0
s9_pct0p2-r0,8,28,all,10144,90264.0,0.5145,1.0174,0.193,3140.0
s9_pct0p2-r0,8,28,eve,1432,51842.0,0.6567,1.065,0.1348,910.0
s9_pct0p2-r0,8,28,asia,1195,5070.0,0.0794,1.0077,0.1423,915.0
s9_pct0p2-r0,8,28,london,1696,-68934.0,-0.9035,0.9273,0.1315,915.0
s9_pct0p2-r0,8,28,pre,1078,-3172.0,-0.0555,0.9946,0.1549,1580.0
s9_pct0p2-r0,8,28,nyam,1500,17530.0,0.2716,1.0223,0.1813,1885.0
s9_pct0p2-r0,8,28,mid,1626,100481.0,1.3647,1.1301,0.2423,910.0
s9_pct0p2-r0,8,28,pm,1617,-12553.0,-0.2954,0.98,0.3333,3140.0
s9_pct0p2-r1,8,29,all,13481,-239354.0,-3.1952,0.9451,0.4922,1155.0
s9_pct0p2-r1,8,29,eve,1950,1815.0,0.0629,1.0029,0.5021,1155.0
s9_pct0p2-r1,8,29,asia,1444,-53696.0,-2.1762,0.8895,0.4785,915.0
s9_pct0p2-r1,8,29,london,2379,-21581.0,-0.6788,0.972,0.504,915.0
s9_pct0p2-r1,8,29,pre,1254,-45111.0,-1.9544,0.8933,0.4825,915.0
s9_pct0p2-r1,8,29,nyam,1927,-28993.0,-1.0072,0.9542,0.494,900.0
s9_pct0p2-r1,8,29,mid,2320,-36205.0,-1.1527,0.9522,0.4909,910.0
s9_pct0p2-r1,8,29,pm,2207,-55583.0,-1.9503,0.9165,0.4853,925.0
s9_pct0p2-r2,8,30,all,11684,-134191.0,-1.3897,0.9724,0.3426,1580.0
s9_pct0p2-r2,8,30,eve,1628,21403.0,0.569,1.031,0.3415,895.0
s9_pct0p2-r2,8,30,asia,1269,-37846.0,-1.1634,0.9318,0.3231,915.0
s9_pct0p2-r2,8,30,london,2017,-21563.0,-0.5271,0.975,0.3366,915.0
s9_pct0p2-r2,8,30,pre,1150,-42070.0,-1.3642,0.917,0.3261,1580.0
s9_pct0p2-r2,8,30,nyam,1728,-42592.0,-1.1249,0.9431,0.3264,915.0
s9_pct0p2-r2,8,30,mid,1983,11063.0,0.2764,1.0136,0.348,910.0
s9_pct0p2-r2,8,30,pm,1909,-22586.0,-0.6543,0.9669,0.3819,925.0
s9_pct0p2-r3,8,31,all,10875,-130550.0,-1.1678,0.9739,0.2731,3140.0
s9_pct0p2-r3,8,31,eve,1514,13424.0,0.3012,1.0185,0.2536,895.0
s9_pct0p2-r3,8,31,asia,1221,-5709.0,-0.1455,0.9903,0.2572,915.0
s9_pct0p2-r3,8,31,london,1854,-39566.0,-0.8335,0.9557,0.2519,915.0
s9_pct0p2-r3,8,31,pre,1107,-33798.0,-0.912,0.9376,0.2457,1580.0
s9_pct0p2-r3,8,31,nyam,1615,-55985.0,-1.2858,0.9278,0.2514,915.0
s9_pct0p2-r3,8,31,mid,1798,7088.0,0.158,1.0088,0.2859,910.0
s9_pct0p2-r3,8,31,pm,1766,-16004.0,-0.4218,0.9761,0.3471,3140.0
s10_atr1p5-r0,9,0,all,9754,331794.0,1.6352,1.061,0.2104,8080.0
s10_atr1p5-r0,9,0,eve,1528,3843.0,0.0506,1.0049,0.1099,4095.0
s10_atr1p5-r0,9,0,asia,1457,18277.0,0.2996,1.0338,0.0872,4330.0
s10_atr1p5-r0,9,0,london,1861,122861.0,1.2948,1.1323,0.1225,4525.0
s10_atr1p5-r0,9,0,pre,1051,105991.0,1.3127,1.171,0.1656,4485.0
s10_atr1p5-r0,9,0,nyam,1333,91088.0,1.0962,1.0967,0.2671,4835.0
s10_atr1p5-r0,9,0,mid,1278,28883.0,0.3633,1.031,0.3623,4235.0
s10_atr1p5-r0,9,0,pm,1246,-39149.0,-0.7233,0.943,0.4302,8080.0
s10_atr1p5-r1,9,1,all,13151,-66904.0,-0.6399,0.9864,0.4996,9075.0
s10_atr1p5-r1,9,1,eve,2260,44510.0,1.2948,1.071,0.5093,4095.0
s10_atr1p5-r1,9,1,asia,2016,-40594.0,-1.8205,0.9063,0.4802,4330.0
s10_atr1p5-r1,9,1,london,2715,37295.0,1.0698,1.0486,0.5145,4525.0
s10_atr1p5-r1,9,1,pre,1214,34764.0,1.2259,1.0833,0.5239,4665.0
s10_atr1p5-r1,9,1,nyam,1750,-15220.0,-0.3182,0.9832,0.496,9075.0
s10_atr1p5-r1,9,1,mid,1636,-19194.0,-0.3569,0.9805,0.4963,4745.0
s10_atr1p5-r1,9,1,pm,1560,-108465.0,-2.3971,0.862,0.4731,8080.0
s10_atr1p5-r2,9,2,all,11087,85292.0,0.6574,1.0164,0.3598,9075.0
s10_atr1p5-r2,9,2,eve,1818,28763.0,0.6172,1.0407,0.335,4095.0
s10_atr1p5-r2,9,2,asia,1652,-6053.0,-0.214,0.9867,0.3384,4330.0
s10_atr1p5-r2,9,2,london,2375,43400.0,0.9178,1.0477,0.3478,4525.0
s10_atr1p5-r2,9,2,pre,1096,-2514.0,-0.0658,0.9952,0.3431,4015.0
s10_atr1p5-r2,9,2,nyam,1490,86385.0,1.3896,1.0905,0.353,9075.0
s10_atr1p5-r2,9,2,mid,1350,15625.0,0.25,1.0165,0.3904,4235.0
s10_atr1p5-r2,9,2,pm,1306,-80314.0,-1.6425,0.888,0.4334,8080.0
s10_atr1p5-r3,9,3,all,10313,84168.0,0.5713,1.0159,0.298,9075.0
s10_atr1p5-r3,9,3,eve,1647,2987.0,0.0534,1.0041,0.2508,4095.0
s10_atr1p5-r3,9,3,asia,1533,4693.0,0.132,1.0099,0.2511,4330.0
s10_atr1p5-r3,9,3,london,2135,70730.0,1.2953,1.0775,0.2721,4525.0
s10_atr1p5-r3,9,3,pre,1067,-2538.0,-0.0548,0.9956,0.254,4485.0
s10_atr1p5-r3,9,3,nyam,1377,87647.0,1.2394,1.0923,0.2956,9075.0
s10_atr1p5-r3,9,3,mid,1289,-13471.0,-0.2003,0.9856,0.3662,4235.0
s10_atr1p5-r3,9,3,pm,1265,-65880.0,-1.2767,0.906,0.43,8080.0
s10_atr3-r0,9,4,all,7673,55963.0,0.2471,1.0086,0.3035,16115.0
s10_atr3-r0,9,4,eve,1155,70500.0,0.7728,1.0701,0.2225,7610.0
s10_atr3-r0,9,4,asia,1125,-54550.0,-0.7616,0.9276,0.1476,8670.0
s10_atr3-r0,9,4,london,1366,47701.0,0.4758,1.0412,0.2225,9025.0
s10_atr3-r0,9,4,pre,939,123379.0,1.3099,1.138,0.2897,8965.0
s10_atr3-r0,9,4,nyam,1072,-47313.0,-0.5157,0.9579,0.3815,9680.0
s10_atr3-r0,9,4,mid,1001,-44254.0,-0.5233,0.9528,0.4505,8480.0
s10_atr3-r0,9,4,pm,1015,-39500.0,-0.682,0.9377,0.4631,16115.0
s10_atr3-r1,9,5,all,8932,-131868.0,-0.8645,0.9775,0.4944,16115.0
s10_atr3-r1,9,5,eve,1413,77593.0,1.3478,1.0953,0.5124,7610.0
s10_atr3-r1,9,5,asia,1310,-50660.0,-1.3888,0.9078,0.4855,8670.0
s10_atr3-r1,9,5,london,1861,17146.0,0.2982,1.0162,0.5094,9025.0
s10_atr3-r1,9,5,pre,991,-10339.0,-0.2059,0.9853,0.5066,7300.0
s10_atr3-r1,9,5,nyam,1213,-4377.0,-0.061,0.996,0.4905,9680.0
s10_atr3-r1,9,5,mid,1066,-66934.0,-0.9649,0.93,0.4784,8480.0
s10_atr3-r1,9,5,pm,1078,-94297.0,-1.7706,0.8614,0.4647,16115.0
s10_atr3-r2,9,6,all,7901,-224114.0,-1.2505,0.964,0.3782,16115.0
s10_atr3-r2,9,6,eve,1202,36712.0,0.5213,1.0399,0.3527,7610.0
s10_atr3-r2,9,6,asia,1150,-83270.0,-1.8284,0.8696,0.3174,8670.0
s10_atr3-r2,9,6,london,1485,15080.0,0.2085,1.0136,0.3448,9025.0
s10_atr3-r2,9,6,pre,950,34000.0,0.5016,1.0402,0.3526,8965.0
s10_atr3-r2,9,6,nyam,1083,-52487.0,-0.6373,0.953,0.3934,9680.0
s10_atr3-r2,9,6,mid,1004,-105531.0,-1.4335,0.8877,0.4512,8480.0
s10_atr3-r2,9,6,pm,1027,-68618.0,-1.24,0.8945,0.4606,16115.0
s10_atr3-r3,9,7,all,7729,-133401.0,-0.6759,0.9791,0.3379,16115.0
s10_atr3-r3,9,7,eve,1166,77726.0,0.9779,1.0815,0.289,7610.0
s10_atr3-r3,9,7,asia,1132,-77573.0,-1.4651,0.8877,0.2429,8670.0
s10_atr3-r3,9,7,london,1393,-11622.0,-0.1423,0.9897,0.2721,9025.0
s10_atr3-r3,9,7,pre,943,49208.0,0.634,1.0552,0.3033,8965.0
s10_atr3-r3,9,7,nyam,1073,-58992.0,-0.6791,0.9475,0.383,9680.0
s10_atr3-r3,9,7,mid,1001,-71749.0,-0.9,0.9235,0.4505,8480.0
s10_atr3-r3,9,7,pm,1021,-40399.0,-0.7086,0.9369,0.4633,16115.0
s10_pts10-r0,9,8,all,14314,63879.0,0.5018,1.0229,0.0707,715.0
s10_pts10-r0,9,8,eve,2182,-35873.0,-0.7161,0.9183,0.0412,265.0
s10_pts10-r0,9,8,asia,1809,2204.0,0.0483,1.0061,0.0498,390.0
s10_pts10-r0,9,8,london,2387,25357.0,0.4418,1.0531,0.0473,640.0
s10_pts10-r0,9,8,pre,1452,62167.0,1.059,1.2162,0.0585,715.0
s10_pts10-r0,9,8,nyam,1894,44999.0,0.96,1.1216,0.0671,270.0
s10_pts10-r0,9,8,mid,2343,-23297.0,-0.6116,0.9482,0.0837,565.0
s10_pts10-r0,9,8,pm,2247,-11678.0,-0.333,0.9711,0.1384,715.0
s10_pts10-r1,9,9,all,17371,-208164.0,-7.7863,0.8885,0.4875,300.0
s10_pts10-r1,9,9,eve,2787,-41273.0,-3.8529,0.8642,0.4808,240.0
s10_pts10-r1,9,9,asia,2458,-26137.0,-2.5967,0.9005,0.491,235.0
s10_pts10-r1,9,9,london,2823,-20697.0,-1.9188,0.9303,0.4991,220.0
s10_pts10-r1,9,9,pre,1760,-25380.0,-2.9804,0.8675,0.4818,255.0
s10_pts10-r1,9,9,nyam,2151,-16019.0,-1.7027,0.9292,0.4984,270.0
s10_pts10-r1,9,9,mid,2726,-43389.0,-4.1033,0.8546,0.4773,220.0
s10_pts10-r1,9,9,pm,2666,-35269.0,-3.3697,0.8776,0.4842,300.0
s10_pts10-r2,9,10,all,16781,-225774.0,-6.1482,0.9051,0.3244,565.0
s10_pts10-r2,9,10,eve,2661,-41264.0,-2.827,0.8913,0.3209,240.0
s10_pts10-r2,9,10,asia,2184,-42521.0,-3.2315,0.8648,0.3146,390.0
s10_pts10-r2,9,10,london,2806,-33989.0,-2.2579,0.9143,0.3264,220.0
s10_pts10-r2,9,10,pre,1652,-25308.0,-2.1987,0.8926,0.3214,265.0
s10_pts10-r2,9,10,nyam,2145,-34595.0,-2.6453,0.8869,0.3193,270.0
s10_pts10-r2,9,10,mid,2708,-39187.0,-2.6602,0.8981,0.3224,565.0
s10_pts10-r2,9,10,pm,2625,-8910.0,-0.6072,0.9754,0.3417,300.0
s10_pts10-r3,9,11,all,16315,-173255.0,-3.9078,0.9326,0.2482,565.0
s10_pts10-r3,9,11,eve,2555,-26405.0,-1.5009,0.9346,0.2477,295.0
s10_pts10-r3,9,11,asia,2027,-24408.0,-1.5617,0.924,0.2457,390.0
s10_pts10-r3,9,11,london,2769,-18726.0,-1.0167,0.9569,0.2521,230.0
s10_pts10-r3,9,11,pre,1572,-12723.0,-0.9182,0.9486,0.2506,265.0
s10_pts10-r3,9,11,nyam,2131,-53304.0,-3.4108,0.8451,0.229,270.0
s10_pts10-r3,9,11,mid,2679,-37771.0,-2.1134,0.9111,0.243,565.0
s10_pts10-r3,9,11,pm,2582,82.0,0.0046,1.0002,0.2661,300.0
s10_pts20-r0,9,12,all,11880,220785.0,1.3893,1.0526,0.1359,2365.0
s10_pts20-r0,9,12,eve,1698,6903.0,0.1071,1.0108,0.083,425.0
s10_pts20-r0,9,12,asia,1397,-6793.0,-0.1231,0.987,0.0902,455.0
s10_pts20-r0,9,12,london,2018,65483.0,0.8785,1.0874,0.0942,640.0
s10_pts20-r0,9,12,pre,1210,104605.0,1.5217,1.2365,0.1116,1580.0
s10_pts20-r0,9,12,nyam,1685,44195.0,0.7866,1.0739,0.1323,495.0
s10_pts20-r0,9,12,mid,1976,27266.0,0.5017,1.0404,0.1655,2365.0
s10_pts20-r0,9,12,pm,1896,-20874.0,-0.5104,0.9635,0.2489,715.0
s10_pts20-r1,9,13,all,15769,-132906.0,-2.6323,0.9589,0.4981,565.0
s10_pts20-r1,9,13,eve,2418,-40077.0,-2.023,0.921,0.488,455.0
s10_pts20-r1,9,13,asia,1843,-45517.0,-2.6328,0.8846,0.478,430.0
s10_pts20-r1,9,13,london,2734,1394.0,0.0662,1.0025,0.5091,430.0
s10_pts20-r1,9,13,pre,1490,-845.0,-0.0543,0.9972,0.5081,490.0
s10_pts20-r1,9,13,nyam,2108,-28722.0,-1.5531,0.9346,0.4915,495.0
s10_pts20-r1,9,13,mid,2639,-9936.0,-0.4806,0.9814,0.504,565.0
s10_pts20-r1,9,13,pm,2537,-9203.0,-0.4588,0.9818,0.5041,475.0
s10_pts20-r2,9,14,all,14230,-90110.0,-1.3365,0.9766,0.3384,1580.0
s10_pts20-r2,9,14,eve,2081,-6494.0,-0.2496,0.9885,0.3373,455.0
s10_pts20-r2,9,14,asia,1551,-6374.0,-0.2839,0.9849,0.3366,430.0
s10_pts20-r2,9,14,london,2528,-17002.0,-0.5944,0.9753,0.3343,430.0
s10_pts20-r2,9,14,pre,1324,29799.0,1.4104,1.0854,0.3595,1580.0
s10_pts20-r2,9,14,nyam,2009,-42196.0,-1.6711,0.9243,0.3225,495.0
s10_pts20-r2,9,14,mid,2444,3784.0,0.1342,1.0058,0.3425,540.0
s10_pts20-r2,9,14,pm,2293,-51627.0,-1.9989,0.9144,0.3428,475.0
s10_pts20-r3,9,15,all,13326,-134409.0,-1.7016,0.9667,0.2585,1580.0
s10_pts20-r3,9,15,eve,1924,-18161.0,-0.5955,0.9693,0.2495,715.0
s10_pts20-r3,9,15,asia,1457,-48008.0,-1.8472,0.895,0.2347,430.0
s10_pts20-r3,9,15,london,2350,-20315.0,-0.6027,0.9719,0.2498,430.0
s10_pts20-r3,9,15,pre,1255,23725.0,0.9395,1.0627,0.2677,1580.0
s10_pts20-r3,9,15,nyam,1913,-24277.0,-0.8025,0.9588,0.2478,495.0
s10_pts20-r3,9,15,mid,2271,4341.0,0.1314,1.0064,0.2642,540.0
s10_pts20-r3,9,15,pm,2156,-51714.0,-1.769,0.9155,0.2904,715.0
s10_pts30-r0,9,16,all,10365,245070.0,1.3919,1.0483,0.1886,2365.0
s10_pts30-r0,9,16,eve,1425,80230.0,1.0968,1.1068,0.1333,630.0
s10_pts30-r0,9,16,asia,1204,-45241.0,-0.7363,0.9296,0.1229,655.0
s10_pts30-r0,9,16,london,1730,139710.0,1.6662,1.1548,0.1439,650.0
s10_pts30-r0,9,16,pre,1081,98476.0,1.3307,1.1784,0.161,1580.0
s10_pts30-r0,9,16,nyam,1535,29520.0,0.4711,1.0387,0.1805,635.0
s10_pts30-r0,9,16,mid,1715,-21705.0,-0.3746,0.973,0.2233,2365.0
s10_pts30-r0,9,16,pm,1675,-35920.0,-0.7884,0.9452,0.3188,715.0
s10_pts30-r1,9,17,all,13880,-49825.0,-0.7063,0.988,0.5024,1580.0
s10_pts30-r1,9,17,eve,2008,24673.0,0.9134,1.0416,0.5159,630.0
s10_pts30-r1,9,17,asia,1452,-47373.0,-2.0633,0.8974,0.4787,625.0
s10_pts30-r1,9,17,london,2488,3313.0,0.1102,1.0044,0.5068,650.0
s10_pts30-r1,9,17,pre,1265,58150.0,2.7138,1.165,0.5447,1580.0
s10_pts30-r1,9,17,nyam,1993,-69632.0,-2.5906,0.8904,0.4767,635.0
s10_pts30-r1,9,17,mid,2397,-27388.0,-0.9298,0.9627,0.496,615.0
s10_pts30-r1,9,17,pm,2277,8432.0,0.3057,1.0132,0.5068,620.0
s10_pts30-r2,9,18,all,11995,-13600.0,-0.1483,0.9971,0.3471,1580.0
s10_pts30-r2,9,18,eve,1667,27247.0,0.7763,1.041,0.3467,630.0
s10_pts30-r2,9,18,asia,1261,-70084.0,-2.3688,0.8685,0.3069,625.0
s10_pts30-r2,9,18,london,2110,49600.0,1.2528,1.0594,0.3507,650.0
s10_pts30-r2,9,18,pre,1135,67385.0,2.2898,1.1546,0.3718,1580.0
s10_pts30-r2,9,18,nyam,1797,-27138.0,-0.756,0.963,0.3306,635.0
s10_pts30-r2,9,18,mid,2051,2041.0,0.0537,1.0025,0.3486,630.0
s10_pts30-r2,9,18,pm,1974,-62651.0,-1.8658,0.9119,0.3688,715.0
s10_pts30-r3,9,19,all,11154,12344.0,0.1156,1.0025,0.2765,1580.0
s10_pts30-r3,9,19,eve,1531,41636.0,1.0028,1.0607,0.2652,630.0
s10_pts30-r3,9,19,asia,1222,-76568.0,-2.1739,0.8668,0.2283,625.0
s10_pts30-r3,9,19,london,1908,62408.0,1.3449,1.0733,0.2683,625.0
s10_pts30-r3,9,19,pre,1104,56524.0,1.5866,1.116,0.2781,1580.0
s10_pts30-r3,9,19,nyam,1666,-31784.0,-0.7587,0.9581,0.2521,635.0
s10_pts30-r3,9,19,mid,1894,4064.0,0.0934,1.005,0.2841,630.0
s10_pts30-r3,9,19,pm,1829,-43936.0,-1.1915,0.9364,0.3401,715.0
s10_pts45-r0,9,20,all,8889,259059.0,1.3093,1.0443,0.2533,2560.0
s10_pts45-r0,9,20,eve,1226,101181.0,1.2406,1.1132,0.1933,970.0
s10_pts45-r0,9,20,asia,1059,50714.0,0.5829,1.0653,0.1879,1220.0
s10_pts45-r0,9,20,london,1436,29901.0,0.349,1.0286,0.1978,1435.0
s10_pts45-r0,9,20,pre,990,78870.0,0.9918,1.1138,0.2212,2560.0
s10_pts45-r0,9,20,nyam,1347,907.0,0.0131,1.001,0.2502,2495.0
s10_pts45-r0,9,20,mid,1431,31686.0,0.4998,1.037,0.3117,2365.0
s10_pts45-r0,9,20,pm,1400,-34200.0,-0.6852,0.9493,0.3786,930.0
s10_pts45-r1,9,21,all,11406,67641.0,0.7153,1.0136,0.5068,1580.0
s10_pts45-r1,9,21,eve,1567,43217.0,1.21,1.0631,0.5188,930.0
s10_pts45-r1,9,21,asia,1166,-32554.0,-1.0558,0.94,0.4889,1220.0
s10_pts45-r1,9,21,london,2002,5712.0,0.1414,1.0063,0.506,1435.0
s10_pts45-r1,9,21,pre,1097,67872.0,2.2747,1.1473,0.5378,1580.0
s10_pts45-r1,9,21,nyam,1732,-37803.0,-1.0092,0.9526,0.4919,915.0
s10_pts45-r1,9,21,mid,1988,79693.0,2.0097,1.0951,0.5267,945.0
s10_pts45-r1,9,21,pm,1854,-58496.0,-1.6818,0.9204,0.4827,930.0
s10_pts45-r2,9,22,all,9724,56669.0,0.4696,1.0103,0.3607,2560.0
s10_pts45-r2,9,22,eve,1329,24369.0,0.5215,1.0308,0.3446,970.0
s10_pts45-r2,9,22,asia,1076,-44979.0,-1.0898,0.9319,0.3234,1220.0
s10_pts45-r2,9,22,london,1624,36964.0,0.7163,1.0384,0.3485,1435.0
s10_pts45-r2,9,22,pre,1018,41863.0,1.0209,1.0704,0.3566,2560.0
s10_pts45-r2,9,22,nyam,1488,-29537.0,-0.612,0.9667,0.3401,2495.0
s10_pts45-r2,9,22,mid,1623,71758.0,1.4695,1.0824,0.3863,945.0
s10_pts45-r2,9,22,pm,1566,-43769.0,-1.0894,0.9389,0.408,930.0
s10_pts45-r3,9,23,all,9197,-78708.0,-0.5706,0.9862,0.298,2560.0
s10_pts45-r3,9,23,eve,1264,25184.0,0.4545,1.0299,0.2658,970.0
s10_pts45-r3,9,23,asia,1064,-71531.0,-1.4613,0.9018,0.2434,1220.0
s10_pts45-r3,9,23,london,1503,9478.0,0.1583,1.0095,0.2668,1435.0
s10_pts45-r3,9,23,pre,1002,17267.0,0.3555,1.0263,0.2745,2560.0
s10_pts45-r3,9,23,nyam,1399,-5751.0,-0.1045,0.9936,0.2895,2495.0
s10_pts45-r3,9,23,mid,1501,6946.0,0.1302,1.0079,0.3291,2365.0
s10_pts45-r3,9,23,pm,1464,-60301.0,-1.4429,0.913,0.39,930.0
s10_pct0p1-r0,9,24,all,12754,67234.0,0.4554,1.0181,0.1085,715.0
s10_pct0p1-r0,9,24,eve,1871,-42159.0,-0.7358,0.9262,0.0647,460.0
s10_pct0p1-r0,9,24,asia,1537,-19778.0,-0.3822,0.9578,0.0709,460.0
s10_pct0p1-r0,9,24,london,2162,26232.0,0.381,1.0395,0.0731,640.0
s10_pct0p1-r0,9,24,pre,1296,81436.0,1.2519,1.2101,0.0903,715.0
s10_pct0p1-r0,9,24,nyam,1765,37675.0,0.7078,1.0724,0.1048,455.0
s10_pct0p1-r0,9,24,mid,2106,-834.0,-0.0165,0.9986,0.1287,565.0
s10_pct0p1-r0,9,24,pm,2017,-15338.0,-0.3969,0.9699,0.2097,715.0
s10_pct0p1-r1,9,25,all,16450,-177790.0,-4.1947,0.9354,0.4946,565.0
s10_pct0p1-r1,9,25,eve,2576,-31664.0,-1.8865,0.9269,0.4891,460.0
s10_pct0p1-r1,9,25,asia,2083,-55402.0,-3.7118,0.8469,0.4743,475.0
s10_pct0p1-r1,9,25,london,2785,-32685.0,-1.8649,0.9304,0.4952,460.0
s10_pct0p1-r1,9,25,pre,1597,-12218.0,-0.9269,0.9537,0.4972,455.0
s10_pct0p1-r1,9,25,nyam,2135,-24070.0,-1.5655,0.9332,0.4988,455.0
s10_pct0p1-r1,9,25,mid,2683,-23232.0,-1.351,0.9481,0.495,565.0
s10_pct0p1-r1,9,25,pm,2591,1481.0,0.0887,1.0036,0.5102,475.0
s10_pct0p1-r2,9,26,all,15274,-142691.0,-2.4982,0.9574,0.3337,565.0
s10_pct0p1-r2,9,26,eve,2320,10375.0,0.4576,1.0208,0.3401,460.0
s10_pct0p1-r2,9,26,asia,1770,-30265.0,-1.577,0.9226,0.3277,460.0
s10_pct0p1-r2,9,26,london,2665,-29465.0,-1.2279,0.9501,0.3313,460.0
s10_pct0p1-r2,9,26,pre,1432,-4588.0,-0.2606,0.9853,0.3387,455.0
s10_pct0p1-r2,9,26,nyam,2080,-44850.0,-2.1277,0.9046,0.3216,455.0
s10_pct0p1-r2,9,26,mid,2569,-41791.0,-1.782,0.9271,0.325,565.0
s10_pct0p1-r2,9,26,pm,2438,-2107.0,-0.0942,0.9959,0.3511,475.0
s10_pct0p1-r3,9,27,all,14458,-152447.0,-2.266,0.9569,0.255,715.0
s10_pct0p1-r3,9,27,eve,2155,-14245.0,-0.54,0.9731,0.2492,460.0
s10_pct0p1-r3,9,27,asia,1638,-25902.0,-1.1473,0.9362,0.2491,460.0
s10_pct0p1-r3,9,27,london,2538,-17202.0,-0.602,0.9726,0.2553,460.0
s10_pct0p1-r3,9,27,pre,1371,8126.0,0.382,1.0244,0.2619,450.0
s10_pct0p1-r3,9,27,nyam,1998,-56172.0,-2.2573,0.889,0.2377,455.0
s10_pct0p1-r3,9,27,mid,2448,-7052.0,-0.2504,0.9882,0.2561,565.0
s10_pct0p1-r3,9,27,pm,2310,-40000.0,-1.5817,0.9258,0.274,715.0
s10_pct0p2-r0,9,28,all,10156,319566.0,1.721,1.0618,0.1966,2365.0
s10_pct0p2-r0,9,28,eve,1397,65957.0,0.8893,1.0855,0.1389,915.0
s10_pct0p2-r0,9,28,asia,1188,67983.0,0.8219,1.1035,0.1397,1220.0
s10_pct0p2-r0,9,28,london,1686,52176.0,0.6471,1.0561,0.1471,915.0
s10_pct0p2-r0,9,28,pre,1068,131778.0,1.7305,1.2333,0.176,1580.0
s10_pct0p2-r0,9,28,nyam,1498,51253.0,0.7871,1.0662,0.1909,915.0
s10_pct0p2-r0,9,28,mid,1674,-22806.0,-0.3833,0.9722,0.2258,2365.0
s10_pct0p2-r0,9,28,pm,1645,-26775.0,-0.5901,0.959,0.3264,925.0
s10_pct0p2-r1,9,29,all,13506,-34759.0,-0.4626,0.9919,0.5037,1220.0
s10_pct0p2-r1,9,29,eve,1942,12327.0,0.4282,1.0201,0.5051,910.0
s10_pct0p2-r1,9,29,asia,1426,-28004.0,-1.1431,0.94,0.4937,1220.0
s10_pct0p2-r1,9,29,london,2405,-7125.0,-0.2224,0.9908,0.5064,910.0
s10_pct0p2-r1,9,29,pre,1236,56721.0,2.4778,1.1548,0.5413,900.0
s10_pct0p2-r1,9,29,nyam,1946,-29594.0,-1.0196,0.9539,0.4938,900.0
s10_pct0p2-r1,9,29,mid,2335,-34380.0,-1.0927,0.9548,0.4942,915.0
s10_pct0p2-r1,9,29,pm,2216,-4704.0,-0.163,0.9928,0.5036,925.0
s10_pct0p2-r2,9,30,all,11707,22542.0,0.2316,1.0047,0.3506,1580.0
s10_pct0p2-r2,9,30,eve,1617,21442.0,0.5745,1.0314,0.3426,915.0
s10_pct0p2-r2,9,30,asia,1244,-24156.0,-0.7474,0.9553,0.3304,1220.0
s10_pct0p2-r2,9,30,london,2049,13349.0,0.3199,1.0154,0.3446,915.0
s10_pct0p2-r2,9,30,pre,1123,68303.0,2.1599,1.1492,0.3731,1580.0
s10_pct0p2-r2,9,30,nyam,1750,-1940.0,-0.0503,0.9974,0.3394,915.0
s10_pct0p2-r2,9,30,mid,1998,-9477.0,-0.2374,0.9885,0.3493,915.0
s10_pct0p2-r2,9,30,pm,1926,-44979.0,-1.29,0.9361,0.3749,925.0
s10_pct0p2-r3,9,31,all,10921,-83739.0,-0.7468,0.9833,0.2771,1580.0
s10_pct0p2-r3,9,31,eve,1496,21996.0,0.5002,1.0309,0.2594,915.0
s10_pct0p2-r3,9,31,asia,1208,-56132.0,-1.4683,0.9058,0.2401,1220.0
s10_pct0p2-r3,9,31,london,1854,-40756.0,-0.8572,0.9545,0.2513,915.0
s10_pct0p2-r3,9,31,pre,1092,72292.0,1.8854,1.1431,0.2875,1580.0
s10_pct0p2-r3,9,31,nyam,1628,2138.0,0.0478,1.0028,0.2654,915.0
s10_pct0p2-r3,9,31,mid,1842,-55428.0,-1.242,0.9345,0.2769,915.0
s10_pct0p2-r3,9,31,pm,1801,-27849.0,-0.7311,0.9597,0.3476,925.0
