cell,vi,xi,sess,trades,net,t,pf,win,max_mae_usd
s1_atr1p5-r0,0,0,all,13716,-400364.0,-3.7603,0.8826,0.141,3850.0
s1_atr1p5-r0,0,0,eve,1993,-86484.5,-2.0751,0.801,0.0627,2762.5
s1_atr1p5-r0,0,0,asia,2232,-90428.0,-2.8708,0.7034,0.0385,1962.5
s1_atr1p5-r0,0,0,london,2318,-63647.0,-1.5279,0.8665,0.0738,1775.0
s1_atr1p5-r0,0,0,pre,1586,16718.5,0.3591,1.0427,0.1141,1937.5
s1_atr1p5-r0,0,0,nyam,1976,-80629.0,-1.8033,0.8801,0.1761,3600.0
s1_atr1p5-r0,0,0,mid,1723,-28904.5,-0.7136,0.9519,0.26,2562.5
s1_atr1p5-r0,0,0,pm,1888,-66989.5,-2.0524,0.8736,0.3046,3850.0
s1_atr1p5-r1,0,1,all,18479,-568253.5,-11.0022,0.8166,0.4498,3850.0
s1_atr1p5-r1,0,1,eve,2682,-96453.0,-6.236,0.7181,0.4284,2762.5
s1_atr1p5-r1,0,1,asia,2805,-99707.5,-11.3629,0.5778,0.4018,1962.5
s1_atr1p5-r1,0,1,london,2832,-67865.5,-5.0773,0.7992,0.4527,1275.0
s1_atr1p5-r1,0,1,pre,2157,-71053.0,-4.6545,0.7908,0.4465,1937.5
s1_atr1p5-r1,0,1,nyam,2726,-116204.0,-4.8406,0.811,0.4652,3600.0
s1_atr1p5-r1,0,1,mid,2585,-21140.0,-0.7634,0.9666,0.4917,2187.5
s1_atr1p5-r1,0,1,pm,2692,-95830.5,-3.9275,0.8389,0.4651,3850.0
s1_atr1p5-r2,0,2,all,16632,-566003.0,-8.5898,0.8378,0.3044,3850.0
s1_atr1p5-r2,0,2,eve,2440,-82897.5,-3.7457,0.7905,0.2898,2762.5
s1_atr1p5-r2,0,2,asia,2698,-120554.5,-10.9048,0.5857,0.2587,1962.5
s1_atr1p5-r2,0,2,london,2808,-63082.0,-3.3264,0.855,0.3056,1850.0
s1_atr1p5-r2,0,2,pre,1789,-52806.0,-2.6521,0.8519,0.2974,1937.5
s1_atr1p5-r2,0,2,nyam,2470,-143205.0,-4.5539,0.8062,0.304,3600.0
s1_atr1p5-r2,0,2,mid,2072,-37588.0,-1.1132,0.9433,0.3282,2562.5
s1_atr1p5-r2,0,2,pm,2355,-65870.0,-2.268,0.892,0.3554,3850.0
s1_atr1p5-r3,0,3,all,15439,-519406.0,-6.9273,0.8508,0.2412,3850.0
s1_atr1p5-r3,0,3,eve,2257,-71140.5,-2.5168,0.8261,0.2171,2762.5
s1_atr1p5-r3,0,3,asia,2550,-100750.0,-7.7781,0.6596,0.202,1962.5
s1_atr1p5-r3,0,3,london,2749,-83646.0,-3.6247,0.8258,0.2219,1687.5
s1_atr1p5-r3,0,3,pre,1682,-42740.5,-1.8252,0.8839,0.2259,1937.5
s1_atr1p5-r3,0,3,nyam,2247,-105525.5,-2.9467,0.8537,0.2417,3600.0
s1_atr1p5-r3,0,3,mid,1855,-30907.5,-0.8338,0.951,0.2782,2562.5
s1_atr1p5-r3,0,3,pm,2099,-84696.0,-2.794,0.853,0.3192,3850.0
s1_atr3-r0,0,4,all,10123,-215567.0,-1.6897,0.946,0.2359,7350.0
s1_atr3-r0,0,4,eve,1436,-84294.0,-1.7022,0.8539,0.1442,3775.0
s1_atr3-r0,0,4,asia,1671,-24959.0,-0.513,0.9386,0.0868,2887.5
s1_atr3-r0,0,4,london,1855,-36432.5,-0.7203,0.9448,0.1509,3550.0
s1_atr3-r0,0,4,pre,1187,96552.0,1.7711,1.2003,0.2249,3337.5
s1_atr3-r0,0,4,nyam,1449,-116483.5,-2.3064,0.8514,0.2995,5000.0
s1_atr3-r0,0,4,mid,1215,-41472.5,-0.8997,0.9335,0.4008,5125.0
s1_atr3-r0,0,4,pm,1310,-8477.5,-0.2406,0.9816,0.4336,7350.0
s1_atr3-r1,0,5,all,13491,-453864.0,-5.5677,0.8847,0.4708,7350.0
s1_atr3-r1,0,5,eve,1941,-62214.0,-2.209,0.8697,0.4745,3987.5
s1_atr3-r1,0,5,asia,2297,-100663.0,-6.2857,0.7189,0.4371,2887.5
s1_atr3-r1,0,5,london,2654,-40078.5,-1.5374,0.9323,0.4883,3512.5
s1_atr3-r1,0,5,pre,1371,-22021.5,-0.9173,0.9436,0.4763,3475.0
s1_atr3-r1,0,5,nyam,1966,-120676.5,-2.937,0.8586,0.4736,5000.0
s1_atr3-r1,0,5,mid,1501,-80354.0,-2.0363,0.8847,0.4717,5125.0
s1_atr3-r1,0,5,pm,1761,-27856.5,-0.8426,0.951,0.4764,7350.0
s1_atr3-r2,0,6,all,11197,-477063.0,-5.1412,0.8798,0.3415,7350.0
s1_atr3-r2,0,6,eve,1587,-70573.0,-2.1467,0.8655,0.3151,3775.0
s1_atr3-r2,0,6,asia,1898,-110292.0,-5.4731,0.7125,0.2813,2887.5
s1_atr3-r2,0,6,london,2246,-77784.0,-2.3147,0.8849,0.3126,3550.0
s1_atr3-r2,0,6,pre,1226,24033.5,0.7451,1.0553,0.3369,3337.5
s1_atr3-r2,0,6,nyam,1587,-169848.0,-3.8347,0.796,0.3403,5000.0
s1_atr3-r2,0,6,mid,1248,-57542.0,-1.3534,0.9084,0.4095,5125.0
s1_atr3-r2,0,6,pm,1405,-15057.5,-0.4391,0.9691,0.4441,7350.0
s1_atr3-r3,0,7,all,10525,-367562.5,-3.6185,0.9068,0.2952,7350.0
s1_atr3-r3,0,7,eve,1481,-92449.0,-2.5298,0.8302,0.2357,3775.0
s1_atr3-r3,0,7,asia,1759,-79898.5,-3.2408,0.7904,0.2183,2887.5
s1_atr3-r3,0,7,london,2044,-20063.5,-0.5064,0.9698,0.249,3550.0
s1_atr3-r3,0,7,pre,1203,28638.0,0.7433,1.0613,0.2693,3337.5
s1_atr3-r3,0,7,nyam,1481,-132574.0,-2.8235,0.8324,0.3147,5000.0
s1_atr3-r3,0,7,mid,1217,-54968.0,-1.2544,0.9117,0.4035,5125.0
s1_atr3-r3,0,7,pm,1340,-16247.5,-0.471,0.9656,0.4358,7350.0
s1_pts2p5-r0,0,8,all,16250,-424825.0,-5.9446,0.8027,0.0654,1687.5
s1_pts2p5-r0,0,8,eve,2285,-80065.0,-2.7345,0.7416,0.0416,125.0
s1_pts2p5-r0,0,8,asia,2062,-74435.5,-2.8018,0.7333,0.0446,387.5
s1_pts2p5-r0,0,8,london,2438,-56027.0,-1.8376,0.8301,0.0505,1687.5
s1_pts2p5-r0,0,8,pre,2027,-983.0,-0.033,0.9964,0.0636,1150.0
s1_pts2p5-r0,0,8,nyam,2504,-60228.5,-2.1358,0.8197,0.0607,1387.5
s1_pts2p5-r0,0,8,mid,2493,-69022.0,-2.8846,0.788,0.0762,125.0
s1_pts2p5-r0,0,8,pm,2441,-84064.0,-4.4225,0.7241,0.1155,137.5
s1_pts2p5-r1,0,9,all,19399,-578446.0,-31.9968,0.6332,0.4255,150.0
s1_pts2p5-r1,0,9,eve,2795,-88892.5,-12.9848,0.6139,0.4179,125.0
s1_pts2p5-r1,0,9,asia,2665,-89472.5,-13.413,0.5971,0.4113,150.0
s1_pts2p5-r1,0,9,london,2828,-74474.5,-10.7469,0.6685,0.4388,137.5
s1_pts2p5-r1,0,9,pre,2639,-73981.0,-11.0699,0.6511,0.4324,137.5
s1_pts2p5-r1,0,9,nyam,2829,-90316.0,-13.1143,0.6127,0.4175,137.5
s1_pts2p5-r1,0,9,mid,2832,-81953.0,-11.854,0.6419,0.4287,125.0
s1_pts2p5-r1,0,9,pm,2811,-79356.5,-11.51,0.6491,0.4315,137.5
s1_pts2p5-r2,0,10,all,18855,-597395.0,-24.9148,0.6875,0.2835,150.0
s1_pts2p5-r2,0,10,eve,2678,-79012.0,-8.6904,0.7067,0.289,125.0
s1_pts2p5-r2,0,10,asia,2449,-90071.0,-10.5727,0.6439,0.2703,150.0
s1_pts2p5-r2,0,10,london,2814,-81668.5,-8.7503,0.7111,0.2903,137.5
s1_pts2p5-r2,0,10,pre,2462,-69448.0,-7.9378,0.7183,0.2924,137.5
s1_pts2p5-r2,0,10,nyam,2822,-113363.0,-12.5288,0.6156,0.2615,137.5
s1_pts2p5-r2,0,10,mid,2825,-77962.5,-8.3098,0.7237,0.2938,125.0
s1_pts2p5-r2,0,10,pm,2805,-85870.0,-9.2628,0.6966,0.2866,137.5
s1_pts2p5-r3,0,11,all,18380,-582257.5,-20.4214,0.7149,0.215,1150.0
s1_pts2p5-r3,0,11,eve,2589,-74218.5,-6.8674,0.7402,0.2202,125.0
s1_pts2p5-r3,0,11,asia,2300,-82075.0,-8.2466,0.6822,0.2065,150.0
s1_pts2p5-r3,0,11,london,2785,-85627.5,-7.6895,0.7229,0.2162,137.5
s1_pts2p5-r3,0,11,pre,2320,-66992.5,-6.5023,0.7393,0.2207,1150.0
s1_pts2p5-r3,0,11,nyam,2808,-113944.5,-10.5481,0.6429,0.1969,137.5
s1_pts2p5-r3,0,11,mid,2800,-78850.0,-7.0093,0.7443,0.2214,125.0
s1_pts2p5-r3,0,11,pm,2778,-80549.5,-7.2451,0.736,0.2232,137.5
s1_pts5-r0,0,12,all,13458,-341907.0,-3.6614,0.8902,0.1304,2350.0
s1_pts5-r0,0,12,eve,1845,-72080.0,-1.7808,0.84,0.0851,900.0
s1_pts5-r0,0,12,asia,1551,-54429.0,-1.5828,0.8551,0.0922,1325.0
s1_pts5-r0,0,12,london,2077,-33658.0,-0.8508,0.9327,0.1059,2350.0
s1_pts5-r0,0,12,pre,1538,-10689.5,-0.3089,0.9705,0.1196,1537.5
s1_pts5-r0,0,12,nyam,2159,-67036.0,-1.8942,0.8667,0.126,1387.5
s1_pts5-r0,0,12,mid,2151,-37141.5,-1.103,0.9229,0.1534,375.0
s1_pts5-r0,0,12,pm,2137,-66873.0,-2.4374,0.8486,0.2101,662.5
s1_pts5-r1,0,13,all,17587,-552760.5,-16.3277,0.7818,0.4585,1312.5
s1_pts5-r1,0,13,eve,2464,-71918.5,-5.6681,0.796,0.4631,262.5
s1_pts5-r1,0,13,asia,2041,-86301.5,-7.5113,0.718,0.4375,262.5
s1_pts5-r1,0,13,london,2735,-88852.5,-6.6226,0.776,0.4574,1312.5
s1_pts5-r1,0,13,pre,2055,-62357.5,-5.3829,0.7888,0.4608,275.0
s1_pts5-r1,0,13,nyam,2761,-100119.0,-7.474,0.7529,0.4491,275.0
s1_pts5-r1,0,13,mid,2783,-57507.0,-4.2579,0.8509,0.4793,375.0
s1_pts5-r1,0,13,pm,2748,-85704.5,-6.4458,0.7815,0.4574,250.0
s1_pts5-r2,0,14,all,16073,-516292.0,-11.6184,0.825,0.3093,1325.0
s1_pts5-r2,0,14,eve,2168,-57772.0,-3.5034,0.8541,0.3146,262.5
s1_pts5-r2,0,14,asia,1742,-80068.0,-5.5223,0.7578,0.2899,1325.0
s1_pts5-r2,0,14,london,2530,-80007.5,-4.5035,0.8288,0.3087,1312.5
s1_pts5-r2,0,14,pre,1766,-66689.0,-4.5244,0.798,0.3007,1150.0
s1_pts5-r2,0,14,nyam,2635,-76977.5,-4.2508,0.8407,0.3116,250.0
s1_pts5-r2,0,14,mid,2642,-52180.5,-2.8531,0.89,0.3236,375.0
s1_pts5-r2,0,14,pm,2590,-102597.5,-5.954,0.7812,0.3073,250.0
s1_pts5-r3,0,15,all,15099,-487233.5,-9.3766,0.8407,0.2382,1687.5
s1_pts5-r3,0,15,eve,2018,-43909.5,-2.2547,0.8923,0.2418,262.5
s1_pts5-r3,0,15,asia,1624,-74971.0,-4.4367,0.7789,0.2186,1325.0
s1_pts5-r3,0,15,london,2382,-62303.0,-2.9449,0.8717,0.2389,1687.5
s1_pts5-r3,0,15,pre,1660,-58202.5,-3.3377,0.83,0.2307,1537.5
s1_pts5-r3,0,15,nyam,2479,-80603.5,-3.8023,0.8409,0.2328,250.0
s1_pts5-r3,0,15,mid,2484,-71186.0,-3.3632,0.8578,0.2403,375.0
s1_pts5-r3,0,15,pm,2452,-96058.0,-4.8857,0.7984,0.2561,250.0
s1_pts8-r0,0,16,all,11191,-298389.0,-2.8389,0.9187,0.2015,2562.5
s1_pts8-r0,0,16,eve,1482,-50078.0,-1.1062,0.905,0.1444,1062.5
s1_pts8-r0,0,16,asia,1233,-41182.0,-1.0276,0.9057,0.1484,2562.5
s1_pts8-r0,0,16,london,1765,-71447.5,-1.6742,0.8835,0.1615,1275.0
s1_pts8-r0,0,16,pre,1275,-4637.5,-0.1206,0.9893,0.1851,1537.5
s1_pts8-r0,0,16,nyam,1841,-52414.0,-1.2567,0.9149,0.1923,1387.5
s1_pts8-r0,0,16,mid,1787,-10323.0,-0.2681,0.9814,0.2389,900.0
s1_pts8-r0,0,16,pm,1808,-68307.0,-2.3112,0.8606,0.3075,662.5
s1_pts8-r1,0,17,all,14984,-438973.5,-8.9019,0.8642,0.4756,1150.0
s1_pts8-r1,0,17,eve,1966,-48376.5,-2.6875,0.8858,0.4822,412.5
s1_pts8-r1,0,17,asia,1516,-56726.5,-3.5938,0.8315,0.4664,450.0
s1_pts8-r1,0,17,london,2391,-67489.0,-3.4004,0.8701,0.4776,675.0
s1_pts8-r1,0,17,pre,1600,-45000.0,-2.767,0.8706,0.4781,1150.0
s1_pts8-r1,0,17,nyam,2537,-80698.0,-3.951,0.8548,0.473,412.5
s1_pts8-r1,0,17,mid,2506,-59661.5,-2.9466,0.8887,0.482,425.0
s1_pts8-r1,0,17,pm,2468,-81022.0,-4.1911,0.8416,0.4684,400.0
s1_pts8-r2,0,18,all,12993,-413447.0,-6.5727,0.8847,0.3278,2562.5
s1_pts8-r2,0,18,eve,1663,-37427.0,-1.6198,0.9197,0.3259,412.5
s1_pts8-r2,0,18,asia,1304,-57291.0,-2.8165,0.8478,0.3083,2562.5
s1_pts8-r2,0,18,london,2092,-59768.0,-2.3156,0.8988,0.3203,412.5
s1_pts8-r2,0,18,pre,1384,-36136.0,-1.7167,0.9071,0.3266,1537.5
s1_pts8-r2,0,18,nyam,2217,-73593.0,-2.7876,0.8826,0.3184,412.5
s1_pts8-r2,0,18,mid,2171,-68121.5,-2.6561,0.8859,0.3284,425.0
s1_pts8-r2,0,18,pm,2162,-81110.5,-3.4695,0.8495,0.358,400.0
s1_pts8-r3,0,19,all,12108,-405794.5,-5.6135,0.8892,0.264,2562.5
s1_pts8-r3,0,19,eve,1568,-52172.0,-1.9358,0.8941,0.2443,1062.5
s1_pts8-r3,0,19,asia,1256,-58536.5,-2.4382,0.854,0.2333,2562.5
s1_pts8-r3,0,19,london,1917,-72518.0,-2.4487,0.8797,0.2415,1275.0
s1_pts8-r3,0,19,pre,1317,-17130.5,-0.6853,0.9576,0.2642,1537.5
s1_pts8-r3,0,19,nyam,2050,-75925.0,-2.5035,0.8812,0.2488,1387.5
s1_pts8-r3,0,19,mid,1997,-74263.0,-2.5744,0.8759,0.2679,900.0
s1_pts8-r3,0,19,pm,2003,-55249.5,-2.1331,0.8944,0.332,662.5
s1_pts12-r0,0,20,all,9405,-134095.0,-1.1028,0.9669,0.2703,2662.5
s1_pts12-r0,0,20,eve,1238,-28014.5,-0.5602,0.9526,0.2108,1062.5
s1_pts12-r0,0,20,asia,1073,3633.0,0.0805,1.0073,0.2349,2562.5
s1_pts12-r0,0,20,london,1460,-55427.5,-1.0739,0.9203,0.2158,2662.5
s1_pts12-r0,0,20,pre,1105,52730.0,1.0067,1.1063,0.2643,2600.0
s1_pts12-r0,0,20,nyam,1553,-32574.5,-0.6989,0.9526,0.2608,1387.5
s1_pts12-r0,0,20,mid,1470,-29592.5,-0.7343,0.9499,0.3075,1862.5
s1_pts12-r0,0,20,pm,1506,-44849.0,-1.3849,0.909,0.3752,637.5
s1_pts12-r1,0,21,all,12173,-364654.5,-5.5688,0.9026,0.4822,2662.5
s1_pts12-r1,0,21,eve,1519,-33438.5,-1.4182,0.9297,0.4905,687.5
s1_pts12-r1,0,21,asia,1185,-39777.5,-1.9057,0.8949,0.481,1550.0
s1_pts12-r1,0,21,london,1938,-53177.0,-1.9834,0.9133,0.4856,2662.5
s1_pts12-r1,0,21,pre,1277,-30870.5,-1.4167,0.9231,0.4918,2600.0
s1_pts12-r1,0,21,nyam,2130,-63445.0,-2.2861,0.9052,0.4817,725.0
s1_pts12-r1,0,21,mid,2076,-54766.5,-2.0277,0.9137,0.4841,1862.5
s1_pts12-r1,0,21,pm,2048,-89179.5,-3.6273,0.8439,0.4663,637.5
s1_pts12-r2,0,22,all,10392,-303368.0,-3.7112,0.9242,0.3501,2662.5
s1_pts12-r2,0,22,eve,1327,-35733.0,-1.1729,0.9338,0.3323,1062.5
s1_pts12-r2,0,22,asia,1094,-22526.0,-0.81,0.9491,0.3382,2562.5
s1_pts12-r2,0,22,london,1611,-54044.0,-1.6002,0.9185,0.3302,2662.5
s1_pts12-r2,0,22,pre,1150,-8600.0,-0.3019,0.9811,0.3557,2600.0
s1_pts12-r2,0,22,nyam,1777,-46833.0,-1.3535,0.9337,0.3393,1387.5
s1_pts12-r2,0,22,mid,1704,-89428.5,-2.7935,0.8635,0.3421,1862.5
s1_pts12-r2,0,22,pm,1729,-46203.5,-1.625,0.9146,0.4049,637.5
s1_pts12-r3,0,23,all,9798,-217229.5,-2.3462,0.946,0.3051,2662.5
s1_pts12-r3,0,23,eve,1275,-35875.0,-1.0141,0.9365,0.269,1062.5
s1_pts12-r3,0,23,asia,1081,-17186.5,-0.5229,0.9639,0.2784,2562.5
s1_pts12-r3,0,23,london,1521,-36384.0,-0.9317,0.9463,0.2702,2662.5
s1_pts12-r3,0,23,pre,1127,-14033.0,-0.4271,0.971,0.2972,2600.0
s1_pts12-r3,0,23,nyam,1629,-38416.0,-0.9954,0.9447,0.2891,1387.5
s1_pts12-r3,0,23,mid,1557,-37303.0,-1.0572,0.9393,0.3218,1862.5
s1_pts12-r3,0,23,pm,1608,-38032.0,-1.263,0.9261,0.3899,637.5
s1_pct0p1-r0,0,24,all,13733,-312507.0,-3.4033,0.8964,0.126,1387.5
s1_pct0p1-r0,0,24,eve,1891,-49851.5,-1.1921,0.8863,0.083,900.0
s1_pct0p1-r0,0,24,asia,1615,-55535.0,-1.654,0.8502,0.0867,450.0
s1_pct0p1-r0,0,24,london,2109,-24398.5,-0.635,0.949,0.1048,1312.5
s1_pct0p1-r0,0,24,pre,1585,8772.5,0.2507,1.0249,0.1174,1150.0
s1_pct0p1-r0,0,24,nyam,2181,-54836.5,-1.5673,0.8864,0.1224,1387.5
s1_pct0p1-r0,0,24,mid,2192,-86255.5,-2.8669,0.8179,0.1405,900.0
s1_pct0p1-r0,0,24,pm,2160,-50402.5,-1.869,0.8802,0.2093,662.5
s1_pct0p1-r1,0,25,all,17772,-603213.0,-18.4576,0.756,0.4506,1312.5
s1_pct0p1-r1,0,25,eve,2505,-90582.5,-7.3929,0.7423,0.4479,312.5
s1_pct0p1-r1,0,25,asia,2100,-101387.5,-9.16,0.6687,0.4229,450.0
s1_pct0p1-r1,0,25,london,2744,-79438.5,-6.1241,0.789,0.4628,1312.5
s1_pct0p1-r1,0,25,pre,2124,-66021.0,-5.8881,0.7727,0.4543,312.5
s1_pct0p1-r1,0,25,nyam,2761,-101519.0,-7.8569,0.7396,0.4448,312.5
s1_pct0p1-r1,0,25,mid,2779,-83828.5,-6.4491,0.7811,0.4584,312.5
s1_pct0p1-r1,0,25,pm,2759,-80436.0,-6.2578,0.7856,0.457,312.5
s1_pct0p1-r2,0,26,all,16332,-528478.0,-12.3457,0.8147,0.3071,1312.5
s1_pct0p1-r2,0,26,eve,2219,-64688.5,-4.0652,0.833,0.31,312.5
s1_pct0p1-r2,0,26,asia,1820,-90830.0,-6.5343,0.7236,0.2813,450.0
s1_pct0p1-r2,0,26,london,2554,-57953.5,-3.3485,0.8687,0.3179,1312.5
s1_pct0p1-r2,0,26,pre,1837,-63610.5,-4.4443,0.8027,0.3027,1150.0
s1_pct0p1-r2,0,26,nyam,2637,-86923.0,-5.0157,0.8131,0.3038,312.5
s1_pct0p1-r2,0,26,mid,2654,-88178.5,-5.092,0.8112,0.306,312.5
s1_pct0p1-r2,0,26,pm,2611,-76294.0,-4.5499,0.8266,0.3194,312.5
s1_pct0p1-r3,0,27,all,15426,-488691.5,-9.7612,0.8348,0.2373,1312.5
s1_pct0p1-r3,0,27,eve,2083,-83419.5,-4.5406,0.7965,0.2232,312.5
s1_pct0p1-r3,0,27,asia,1714,-85081.0,-5.2186,0.7493,0.2118,450.0
s1_pct0p1-r3,0,27,london,2420,-49780.0,-2.4307,0.8927,0.2434,1312.5
s1_pct0p1-r3,0,27,pre,1712,-45935.5,-2.7191,0.86,0.2383,1150.0
s1_pct0p1-r3,0,27,nyam,2498,-78179.5,-3.8208,0.8388,0.231,312.5
s1_pct0p1-r3,0,27,mid,2518,-63572.0,-3.1056,0.8676,0.245,900.0
s1_pct0p1-r3,0,27,pm,2481,-82724.0,-4.3572,0.8171,0.2588,312.5
s1_pct0p2-r0,0,28,all,10443,-243922.0,-2.211,0.9361,0.2263,2350.0
s1_pct0p2-r0,0,28,eve,1380,-53495.0,-1.1367,0.9035,0.1638,1062.5
s1_pct0p2-r0,0,28,asia,1163,-8439.5,-0.1992,0.9816,0.1849,1550.0
s1_pct0p2-r0,0,28,london,1627,-79320.5,-1.7026,0.8777,0.1752,2350.0
s1_pct0p2-r0,0,28,pre,1207,15509.5,0.3824,1.0342,0.2154,1537.5
s1_pct0p2-r0,0,28,nyam,1721,-49709.0,-1.1516,0.9228,0.2144,1387.5
s1_pct0p2-r0,0,28,mid,1660,-14327.5,-0.3645,0.975,0.2687,1750.0
s1_pct0p2-r0,0,28,pm,1685,-54140.0,-1.7643,0.8889,0.3335,625.0
s1_pct0p2-r1,0,29,all,13809,-366211.0,-6.5612,0.8924,0.4811,1587.5
s1_pct0p2-r1,0,29,eve,1754,-31741.0,-1.5719,0.9268,0.4897,687.5
s1_pct0p2-r1,0,29,asia,1392,-47093.0,-2.6226,0.8671,0.4777,1550.0
s1_pct0p2-r1,0,29,london,2194,-46463.5,-2.0568,0.9148,0.4886,1587.5
s1_pct0p2-r1,0,29,pre,1459,-45236.0,-2.4687,0.8773,0.4736,1150.0
s1_pct0p2-r1,0,29,nyam,2369,-78851.0,-3.367,0.8692,0.4749,612.5
s1_pct0p2-r1,0,29,mid,2353,-45874.5,-1.9829,0.9201,0.4896,625.0
s1_pct0p2-r1,0,29,pm,2288,-70952.0,-3.3221,0.8648,0.472,625.0
s1_pct0p2-r2,0,30,all,11914,-394643.5,-5.6113,0.8948,0.3344,1750.0
s1_pct0p2-r2,0,30,eve,1515,-52435.0,-2.0263,0.8946,0.3228,687.5
s1_pct0p2-r2,0,30,asia,1216,-53076.5,-2.2873,0.8689,0.3133,1550.0
s1_pct0p2-r2,0,30,london,1889,-56731.0,-1.9652,0.9078,0.3245,1587.5
s1_pct0p2-r2,0,30,pre,1292,-29143.0,-1.2151,0.9298,0.3313,1537.5
s1_pct0p2-r2,0,30,nyam,2032,-42940.5,-1.4343,0.9339,0.3292,625.0
s1_pct0p2-r2,0,30,mid,1986,-95494.0,-3.4011,0.8484,0.3333,1750.0
s1_pct0p2-r2,0,30,pm,1984,-64823.5,-2.5494,0.8797,0.374,625.0
s1_pct0p2-r3,0,31,all,11133,-380219.5,-4.7519,0.9001,0.277,2350.0
s1_pct0p2-r3,0,31,eve,1448,-51354.5,-1.6872,0.902,0.2507,1062.5
s1_pct0p2-r3,0,31,asia,1179,-40766.0,-1.4849,0.9045,0.2519,1550.0
s1_pct0p2-r3,0,31,london,1746,-79971.5,-2.4116,0.8745,0.2434,2350.0
s1_pct0p2-r3,0,31,pre,1241,-7014.0,-0.2469,0.9838,0.2756,1537.5
s1_pct0p2-r3,0,31,nyam,1874,-97646.0,-2.9611,0.8537,0.2529,1387.5
s1_pct0p2-r3,0,31,mid,1811,-55656.5,-1.7727,0.9078,0.2943,1750.0
s1_pct0p2-r3,0,31,pm,1834,-47811.0,-1.7531,0.907,0.3544,625.0
s2_atr1p5-r0,1,0,all,13649,-248933.5,-2.2005,0.9262,0.1447,4812.5
s2_atr1p5-r0,1,0,eve,1946,-54421.5,-1.3392,0.8694,0.0668,3387.5
s2_atr1p5-r0,1,0,asia,2206,-57149.0,-1.3555,0.8053,0.0394,1775.0
s2_atr1p5-r0,1,0,london,2355,-109857.5,-2.6622,0.7794,0.065,1950.0
s2_atr1p5-r0,1,0,pre,1621,-27121.5,-0.5849,0.9342,0.0987,1862.5
s2_atr1p5-r0,1,0,nyam,1956,22701.0,0.4915,1.0359,0.1927,1987.5
s2_atr1p5-r0,1,0,mid,1724,22279.0,0.4598,1.0366,0.2744,4812.5
s2_atr1p5-r0,1,0,pm,1841,-45364.0,-1.411,0.9108,0.3232,3825.0
s2_atr1p5-r1,1,1,all,18479,-528378.5,-10.2709,0.8285,0.4518,4812.5
s2_atr1p5-r1,1,1,eve,2673,-65667.0,-4.3923,0.7975,0.4467,3387.5
s2_atr1p5-r1,1,1,asia,2806,-86236.5,-10.0379,0.6203,0.3974,1775.0
s2_atr1p5-r1,1,1,london,2831,-95761.5,-7.1614,0.7293,0.4398,1950.0
s2_atr1p5-r1,1,1,pre,2160,-77740.0,-5.0747,0.7746,0.4528,1862.5
s2_atr1p5-r1,1,1,nyam,2744,-65788.5,-2.7001,0.8899,0.4749,1937.5
s2_atr1p5-r1,1,1,mid,2579,-53891.0,-1.9671,0.9168,0.4839,4812.5
s2_atr1p5-r1,1,1,pm,2686,-83294.0,-3.4237,0.8579,0.4713,3825.0
s2_atr1p5-r2,1,2,all,16555,-450982.5,-6.7949,0.8689,0.309,4812.5
s2_atr1p5-r2,1,2,eve,2414,-65193.5,-3.0395,0.8306,0.2887,3387.5
s2_atr1p5-r2,1,2,asia,2697,-85675.5,-7.0488,0.6901,0.2618,1775.0
s2_atr1p5-r2,1,2,london,2809,-93436.0,-5.1078,0.7908,0.299,1950.0
s2_atr1p5-r2,1,2,pre,1803,-67537.0,-3.5315,0.8144,0.2989,1862.5
s2_atr1p5-r2,1,2,nyam,2454,-61353.5,-1.8768,0.913,0.3166,3600.0
s2_atr1p5-r2,1,2,mid,2086,-15306.5,-0.4416,0.9772,0.3432,4812.5
s2_atr1p5-r2,1,2,pm,2292,-62480.5,-2.1719,0.8943,0.3669,3825.0
s2_atr1p5-r3,1,3,all,15348,-444279.5,-5.9344,0.8713,0.2447,4812.5
s2_atr1p5-r3,1,3,eve,2223,-55992.0,-2.1469,0.8588,0.2195,3387.5
s2_atr1p5-r3,1,3,asia,2555,-79995.0,-5.6385,0.7236,0.1996,1775.0
s2_atr1p5-r3,1,3,london,2744,-109063.5,-5.0871,0.7766,0.2212,1950.0
s2_atr1p5-r3,1,3,pre,1699,-65396.0,-2.8931,0.8263,0.2225,1862.5
s2_atr1p5-r3,1,3,nyam,2235,-71815.0,-1.9619,0.8987,0.2452,4737.5
s2_atr1p5-r3,1,3,mid,1845,-1455.0,-0.0375,0.9977,0.2921,4812.5
s2_atr1p5-r3,1,3,pm,2047,-60563.0,-2.0116,0.8906,0.3346,3825.0
s2_atr3-r0,1,4,all,10044,54986.5,0.4183,1.0142,0.2422,6412.5
s2_atr3-r0,1,4,eve,1419,-3088.5,-0.0588,0.9945,0.1487,3987.5
s2_atr3-r0,1,4,asia,1647,324.5,0.0066,1.0008,0.0917,2375.0
s2_atr3-r0,1,4,london,1852,-61620.5,-1.2131,0.9088,0.1479,3700.0
s2_atr3-r0,1,4,pre,1176,233.5,0.0045,1.0005,0.2015,3725.0
s2_atr3-r0,1,4,nyam,1417,103982.0,1.8439,1.1526,0.3409,3400.0
s2_atr3-r0,1,4,mid,1206,55876.0,1.105,1.0964,0.4212,6412.5
s2_atr3-r0,1,4,pm,1327,-40720.5,-1.2024,0.9142,0.4288,3825.0
s2_atr3-r1,1,5,all,13470,-232255.0,-2.8819,0.9389,0.4773,7200.0
s2_atr3-r1,1,5,eve,1956,-39099.0,-1.4443,0.916,0.4734,3987.5
s2_atr3-r1,1,5,asia,2321,-57196.5,-3.5369,0.8317,0.4541,2375.0
s2_atr3-r1,1,5,london,2654,-93791.0,-3.6033,0.849,0.4721,2975.0
s2_atr3-r1,1,5,pre,1364,-28418.5,-1.1864,0.9273,0.4802,3725.0
s2_atr3-r1,1,5,nyam,1955,-37295.0,-0.9121,0.9538,0.49,7200.0
s2_atr3-r1,1,5,mid,1484,66989.0,1.7129,1.1093,0.5067,6412.5
s2_atr3-r1,1,5,pm,1736,-43444.0,-1.3444,0.9228,0.4787,3825.0
s2_atr3-r2,1,6,all,11143,-157609.5,-1.6547,0.9587,0.3549,7200.0
s2_atr3-r2,1,6,eve,1555,-14145.0,-0.3882,0.9715,0.3299,3987.5
s2_atr3-r2,1,6,asia,1901,-31054.0,-1.4519,0.913,0.3135,2375.0
s2_atr3-r2,1,6,london,2232,-88765.5,-2.7285,0.8687,0.3159,3700.0
s2_atr3-r2,1,6,pre,1224,-25646.0,-0.8132,0.943,0.3227,3725.0
s2_atr3-r2,1,6,nyam,1575,17512.5,0.3711,1.0232,0.3752,7200.0
s2_atr3-r2,1,6,mid,1237,29227.0,0.676,1.0501,0.4309,6412.5
s2_atr3-r2,1,6,pm,1419,-44738.5,-1.3257,0.9109,0.4383,3825.0
s2_atr3-r3,1,7,all,10463,-158952.0,-1.5478,0.9584,0.304,7200.0
s2_atr3-r3,1,7,eve,1468,-23634.5,-0.6351,0.9544,0.2507,3987.5
s2_atr3-r3,1,7,asia,1742,-26430.5,-1.0584,0.9265,0.2423,2375.0
s2_atr3-r3,1,7,london,2029,-121703.5,-3.366,0.8232,0.2316,3700.0
s2_atr3-r3,1,7,pre,1201,-47629.0,-1.312,0.9022,0.2548,3725.0
s2_atr3-r3,1,7,nyam,1454,76534.0,1.4697,1.109,0.3556,7200.0
s2_atr3-r3,1,7,mid,1209,34714.0,0.7606,1.0601,0.4251,6412.5
s2_atr3-r3,1,7,pm,1360,-50802.5,-1.5249,0.8962,0.4294,3825.0
s2_pts2p5-r0,1,8,all,16205,-474970.0,-6.9146,0.7786,0.0651,1900.0
s2_pts2p5-r0,1,8,eve,2259,-61098.5,-2.0215,0.8003,0.0429,137.5
s2_pts2p5-r0,1,8,asia,2028,-51962.0,-1.9839,0.8095,0.0508,562.5
s2_pts2p5-r0,1,8,london,2441,-84914.0,-3.008,0.7429,0.0471,625.0
s2_pts2p5-r0,1,8,pre,2057,-66990.5,-2.5814,0.7579,0.0486,137.5
s2_pts2p5-r0,1,8,nyam,2487,-16935.5,-0.5828,0.9483,0.0696,137.5
s2_pts2p5-r0,1,8,mid,2475,-105025.0,-4.9788,0.6762,0.0739,137.5
s2_pts2p5-r0,1,8,pm,2458,-88044.5,-4.6476,0.7144,0.1155,1900.0
s2_pts2p5-r1,1,9,all,19419,-552151.0,-30.4797,0.647,0.4308,150.0
s2_pts2p5-r1,1,9,eve,2798,-75417.0,-10.9496,0.662,0.4364,137.5
s2_pts2p5-r1,1,9,asia,2672,-76525.5,-11.3879,0.645,0.43,150.0
s2_pts2p5-r1,1,9,london,2828,-74999.5,-10.8246,0.6665,0.4381,137.5
s2_pts2p5-r1,1,9,pre,2646,-76484.0,-11.4422,0.6423,0.4289,137.5
s2_pts2p5-r1,1,9,nyam,2832,-84690.5,-12.2609,0.6324,0.4251,137.5
s2_pts2p5-r1,1,9,mid,2832,-83378.0,-12.0644,0.637,0.4269,137.5
s2_pts2p5-r1,1,9,pm,2811,-80656.5,-11.7048,0.6444,0.4297,125.0
s2_pts2p5-r2,1,10,all,18821,-566859.0,-23.5639,0.7012,0.2876,150.0
s2_pts2p5-r2,1,10,eve,2696,-79634.0,-8.7301,0.7064,0.2889,137.5
s2_pts2p5-r2,1,10,asia,2429,-72503.5,-8.3797,0.7037,0.2882,150.0
s2_pts2p5-r2,1,10,london,2810,-72602.5,-7.721,0.7398,0.2986,150.0
s2_pts2p5-r2,1,10,pre,2434,-68911.0,-7.925,0.7174,0.2921,137.5
s2_pts2p5-r2,1,10,nyam,2820,-100667.5,-10.9783,0.653,0.273,137.5
s2_pts2p5-r2,1,10,mid,2825,-90675.0,-9.7806,0.6839,0.2825,137.5
s2_pts2p5-r2,1,10,pm,2807,-81865.5,-8.7975,0.7094,0.2907,125.0
s2_pts2p5-r3,1,11,all,18303,-560512.0,-19.6023,0.7238,0.2172,1900.0
s2_pts2p5-r3,1,11,eve,2581,-84374.0,-7.9225,0.7067,0.2123,137.5
s2_pts2p5-r3,1,11,asia,2268,-63184.5,-6.2296,0.7471,0.2218,150.0
s2_pts2p5-r3,1,11,london,2774,-71783.5,-6.3601,0.7639,0.2257,150.0
s2_pts2p5-r3,1,11,pre,2305,-61545.0,-5.9996,0.7568,0.2243,137.5
s2_pts2p5-r3,1,11,nyam,2794,-107363.5,-9.8848,0.6601,0.2011,150.0
s2_pts2p5-r3,1,11,mid,2810,-91165.0,-8.1931,0.7088,0.2132,375.0
s2_pts2p5-r3,1,11,pm,2771,-81096.5,-7.1993,0.7345,0.2241,1900.0
s2_pts5-r0,1,12,all,13317,-325293.0,-3.5199,0.8939,0.1337,2100.0
s2_pts5-r0,1,12,eve,1782,-26440.5,-0.6543,0.9388,0.0915,900.0
s2_pts5-r0,1,12,asia,1511,-42344.0,-1.2779,0.8835,0.0993,1437.5
s2_pts5-r0,1,12,london,2091,-73514.0,-1.7959,0.855,0.0937,1687.5
s2_pts5-r0,1,12,pre,1573,-42967.0,-1.2691,0.8863,0.1004,2100.0
s2_pts5-r0,1,12,nyam,2113,6760.5,0.1815,1.014,0.1396,262.5
s2_pts5-r0,1,12,mid,2127,-72783.0,-2.3894,0.8465,0.1594,250.0
s2_pts5-r0,1,12,pm,2120,-74005.0,-2.8509,0.8275,0.2259,1900.0
s2_pts5-r1,1,13,all,17581,-508511.5,-14.9882,0.7974,0.4637,2100.0
s2_pts5-r1,1,13,eve,2448,-80992.0,-6.4119,0.772,0.4555,262.5
s2_pts5-r1,1,13,asia,2035,-58552.5,-5.077,0.7986,0.4639,262.5
s2_pts5-r1,1,13,london,2733,-73982.0,-5.5065,0.8096,0.468,1337.5
s2_pts5-r1,1,13,pre,2072,-66675.5,-5.645,0.7782,0.459,2100.0
s2_pts5-r1,1,13,nyam,2762,-66573.0,-4.9503,0.8284,0.4728,275.0
s2_pts5-r1,1,13,mid,2774,-89746.0,-6.6754,0.7763,0.4567,375.0
s2_pts5-r1,1,13,pm,2757,-71990.5,-5.4099,0.813,0.4683,250.0
s2_pts5-r2,1,14,all,15949,-485546.0,-10.9559,0.8333,0.3129,2100.0
s2_pts5-r2,1,14,eve,2124,-56233.5,-3.4461,0.8549,0.315,262.5
s2_pts5-r2,1,14,asia,1707,-50040.5,-3.4302,0.8403,0.3111,262.5
s2_pts5-r2,1,14,london,2532,-75090.5,-4.2293,0.8385,0.3108,262.5
s2_pts5-r2,1,14,pre,1778,-71299.5,-4.7999,0.7867,0.2987,2100.0
s2_pts5-r2,1,14,nyam,2617,-75505.5,-4.1817,0.8426,0.3118,262.5
s2_pts5-r2,1,14,mid,2613,-79852.0,-4.452,0.8329,0.3115,250.0
s2_pts5-r2,1,14,pm,2578,-77524.5,-4.4617,0.8293,0.327,1900.0
s2_pts5-r3,1,15,all,15005,-472045.0,-9.1276,0.844,0.2412,2100.0
s2_pts5-r3,1,15,eve,1987,-46123.0,-2.3923,0.8853,0.2406,262.5
s2_pts5-r3,1,15,asia,1596,-55571.5,-3.2718,0.8305,0.2293,262.5
s2_pts5-r3,1,15,london,2367,-80330.5,-3.8632,0.8349,0.2307,1687.5
s2_pts5-r3,1,15,pre,1679,-80066.0,-4.6515,0.7723,0.218,2100.0
s2_pts5-r3,1,15,nyam,2475,-59100.0,-2.7551,0.8818,0.2412,262.5
s2_pts5-r3,1,15,mid,2456,-76399.0,-3.655,0.8456,0.2406,250.0
s2_pts5-r3,1,15,pm,2445,-74455.0,-3.7753,0.8389,0.2761,1900.0
s2_pts8-r0,1,16,all,11162,-233285.5,-2.1867,0.9363,0.2011,2100.0
s2_pts8-r0,1,16,eve,1456,-54724.0,-1.2579,0.8954,0.1374,1112.5
s2_pts8-r0,1,16,asia,1257,-11603.0,-0.2751,0.9737,0.1527,1437.5
s2_pts8-r0,1,16,london,1765,-91822.5,-2.0612,0.8527,0.1501,1687.5
s2_pts8-r0,1,16,pre,1278,-10374.5,-0.2587,0.9766,0.1643,2100.0
s2_pts8-r0,1,16,nyam,1821,-2946.5,-0.0682,0.9951,0.2032,525.0
s2_pts8-r0,1,16,mid,1774,12666.5,0.332,1.0233,0.2508,937.5
s2_pts8-r0,1,16,pm,1811,-74481.5,-2.6366,0.8471,0.3109,887.5
s2_pts8-r1,1,17,all,14963,-475564.5,-9.652,0.8534,0.4734,2100.0
s2_pts8-r1,1,17,eve,1957,-67253.0,-3.7489,0.8442,0.4706,412.5
s2_pts8-r1,1,17,asia,1518,-63184.5,-4.0037,0.8144,0.4611,412.5
s2_pts8-r1,1,17,london,2396,-78271.5,-3.9433,0.8512,0.4725,412.5
s2_pts8-r1,1,17,pre,1579,-58616.0,-3.6097,0.8331,0.4687,2100.0
s2_pts8-r1,1,17,nyam,2537,-70310.5,-3.4402,0.8723,0.4785,400.0
s2_pts8-r1,1,17,mid,2510,-40452.5,-1.9963,0.9232,0.4928,400.0
s2_pts8-r1,1,17,pm,2466,-97476.5,-5.0625,0.8117,0.4623,962.5
s2_pts8-r2,1,18,all,12941,-459576.5,-7.3393,0.8719,0.3252,2100.0
s2_pts8-r2,1,18,eve,1660,-48040.0,-2.0885,0.8976,0.3205,412.5
s2_pts8-r2,1,18,asia,1320,-56880.0,-2.7953,0.8503,0.3091,1437.5
s2_pts8-r2,1,18,london,2055,-111532.5,-4.4308,0.8139,0.2998,1687.5
s2_pts8-r2,1,18,pre,1385,-54065.0,-2.5801,0.8637,0.3141,2100.0
s2_pts8-r2,1,18,nyam,2210,-66002.5,-2.4998,0.8939,0.3222,525.0
s2_pts8-r2,1,18,mid,2155,-40457.5,-1.5712,0.9305,0.3397,400.0
s2_pts8-r2,1,18,pm,2156,-82599.0,-3.5372,0.8464,0.3585,887.5
s2_pts8-r3,1,19,all,12076,-384666.5,-5.32,0.8945,0.2657,2100.0
s2_pts8-r3,1,19,eve,1548,-52004.5,-1.9345,0.8937,0.2416,1112.5
s2_pts8-r3,1,19,asia,1284,-16536.0,-0.6643,0.9584,0.2547,1437.5
s2_pts8-r3,1,19,london,1906,-106049.0,-3.6372,0.8266,0.2293,1687.5
s2_pts8-r3,1,19,pre,1323,-60242.0,-2.4664,0.8562,0.2411,2100.0
s2_pts8-r3,1,19,nyam,2042,-36830.5,-1.197,0.9411,0.261,525.0
s2_pts8-r3,1,19,mid,1982,-44778.0,-1.5446,0.9232,0.282,937.5
s2_pts8-r3,1,19,pm,1991,-68226.5,-2.6715,0.8689,0.3315,887.5
s2_pts12-r0,1,20,all,9428,-127874.5,-1.049,0.9686,0.2722,2662.5
s2_pts12-r0,1,20,eve,1208,6055.5,0.1168,1.0104,0.2119,1112.5
s2_pts12-r0,1,20,asia,1083,-15619.5,-0.3486,0.9693,0.2262,1437.5
s2_pts12-r0,1,20,london,1485,-81202.5,-1.5824,0.8864,0.2081,2662.5
s2_pts12-r0,1,20,pre,1116,-20039.0,-0.3877,0.9618,0.2258,2100.0
s2_pts12-r0,1,20,nyam,1529,35871.5,0.745,1.0545,0.2812,600.0
s2_pts12-r0,1,20,mid,1496,316.0,0.008,1.0005,0.3302,600.0
s2_pts12-r0,1,20,pm,1511,-53256.5,-1.7069,0.8923,0.3839,887.5
s2_pts12-r1,1,21,all,12177,-393445.5,-6.0124,0.8954,0.4826,2662.5
s2_pts12-r1,1,21,eve,1523,-5892.0,-0.2496,0.9873,0.5049,600.0
s2_pts12-r1,1,21,asia,1200,-29712.5,-1.4181,0.9212,0.4875,712.5
s2_pts12-r1,1,21,london,1937,-113948.0,-4.2652,0.823,0.461,2662.5
s2_pts12-r1,1,21,pre,1292,-69793.0,-3.2001,0.8361,0.4644,2100.0
s2_pts12-r1,1,21,nyam,2116,-37364.0,-1.3492,0.9428,0.4939,600.0
s2_pts12-r1,1,21,mid,2058,-41407.0,-1.5428,0.9334,0.4937,600.0
s2_pts12-r1,1,21,pm,2051,-95329.0,-3.8698,0.8345,0.4725,962.5
s2_pts12-r2,1,22,all,10384,-271886.0,-3.3239,0.9319,0.3535,2662.5
s2_pts12-r2,1,22,eve,1292,-7293.0,-0.2393,0.986,0.3421,1112.5
s2_pts12-r2,1,22,asia,1106,9338.5,0.3307,1.0214,0.3526,1437.5
s2_pts12-r2,1,22,london,1621,-130484.0,-3.9634,0.8111,0.3054,2662.5
s2_pts12-r2,1,22,pre,1165,-69785.0,-2.49,0.856,0.3193,2100.0
s2_pts12-r2,1,22,nyam,1771,-321.5,-0.0092,0.9995,0.3563,600.0
s2_pts12-r2,1,22,mid,1708,-20557.0,-0.6304,0.9674,0.373,600.0
s2_pts12-r2,1,22,pm,1721,-52784.0,-1.8635,0.9028,0.4091,887.5
s2_pts12-r3,1,23,all,9822,-282300.5,-3.0625,0.9304,0.3038,2662.5
s2_pts12-r3,1,23,eve,1237,-32673.0,-0.9317,0.9409,0.2676,1112.5
s2_pts12-r3,1,23,asia,1094,-4076.0,-0.1227,0.9915,0.2806,1437.5
s2_pts12-r3,1,23,london,1533,-124919.5,-3.3307,0.8221,0.2492,2662.5
s2_pts12-r3,1,23,pre,1140,-69735.0,-2.1596,0.8628,0.2658,2100.0
s2_pts12-r3,1,23,nyam,1636,-2356.5,-0.0603,0.9966,0.3038,600.0
s2_pts12-r3,1,23,mid,1579,3409.0,0.0951,1.0056,0.3433,600.0
s2_pts12-r3,1,23,pm,1603,-51949.5,-1.734,0.9006,0.388,887.5
s2_pct0p1-r0,1,24,all,13631,-330161.5,-3.6421,0.8895,0.1269,1900.0
s2_pct0p1-r0,1,24,eve,1842,-20730.5,-0.518,0.9509,0.089,887.5
s2_pct0p1-r0,1,24,asia,1568,-41397.0,-1.2556,0.884,0.0931,1437.5
s2_pct0p1-r0,1,24,london,2119,-78988.5,-1.9923,0.8385,0.0906,1687.5
s2_pct0p1-r0,1,24,pre,1620,-47192.5,-1.4594,0.8708,0.0969,312.5
s2_pct0p1-r0,1,24,nyam,2159,-2011.0,-0.055,0.9957,0.1302,312.5
s2_pct0p1-r0,1,24,mid,2172,-79113.0,-2.6126,0.8296,0.1473,312.5
s2_pct0p1-r0,1,24,pm,2151,-60729.0,-2.3637,0.8547,0.2185,1900.0
s2_pct0p1-r1,1,25,all,17707,-497490.5,-15.2292,0.7934,0.4628,1337.5
s2_pct0p1-r1,1,25,eve,2479,-70816.0,-5.7957,0.7904,0.4619,312.5
s2_pct0p1-r1,1,25,asia,2087,-50585.5,-4.5451,0.8178,0.4677,312.5
s2_pct0p1-r1,1,25,london,2717,-66755.5,-5.1705,0.8177,0.4718,1337.5
s2_pct0p1-r1,1,25,pre,2118,-65959.5,-5.9004,0.7719,0.4561,312.5
s2_pct0p1-r1,1,25,nyam,2772,-69688.0,-5.3573,0.8142,0.4683,312.5
s2_pct0p1-r1,1,25,mid,2776,-92954.0,-7.1656,0.7599,0.4532,312.5
s2_pct0p1-r1,1,25,pm,2758,-80732.0,-6.2854,0.7847,0.4601,312.5
s2_pct0p1-r2,1,26,all,16178,-484887.0,-11.3509,0.8273,0.3104,1900.0
s2_pct0p1-r2,1,26,eve,2167,-62780.5,-3.9894,0.8337,0.3083,312.5
s2_pct0p1-r2,1,26,asia,1776,-42791.5,-3.0075,0.8594,0.3148,312.5
s2_pct0p1-r2,1,26,london,2527,-83758.0,-4.957,0.8116,0.3043,312.5
s2_pct0p1-r2,1,26,pre,1840,-68472.5,-4.8269,0.7882,0.2995,312.5
s2_pct0p1-r2,1,26,nyam,2634,-57436.0,-3.2615,0.8738,0.3178,312.5
s2_pct0p1-r2,1,26,mid,2640,-88272.5,-5.0974,0.8101,0.3038,375.0
s2_pct0p1-r2,1,26,pm,2594,-81376.0,-4.8783,0.8143,0.3223,1900.0
s2_pct0p1-r3,1,27,all,15303,-489874.5,-9.8312,0.8329,0.2373,1900.0
s2_pct0p1-r3,1,27,eve,2045,-47517.5,-2.5342,0.8789,0.2372,312.5
s2_pct0p1-r3,1,27,asia,1674,-31908.5,-1.8848,0.8995,0.2437,312.5
s2_pct0p1-r3,1,27,london,2401,-84154.0,-4.2245,0.8204,0.2291,1687.5
s2_pct0p1-r3,1,27,pre,1744,-78313.5,-4.7382,0.7708,0.2167,312.5
s2_pct0p1-r3,1,27,nyam,2497,-76563.0,-3.7291,0.8422,0.2307,312.5
s2_pct0p1-r3,1,27,mid,2475,-87562.5,-4.3988,0.8162,0.2335,312.5
s2_pct0p1-r3,1,27,pm,2467,-83855.5,-4.4375,0.8137,0.2659,1900.0
s2_pct0p2-r0,1,28,all,10460,-159627.5,-1.4182,0.9582,0.2276,2100.0
s2_pct0p2-r0,1,28,eve,1362,8602.0,0.1731,1.0159,0.1733,1112.5
s2_pct0p2-r0,1,28,asia,1174,8729.0,0.2001,1.019,0.1874,1437.5
s2_pct0p2-r0,1,28,london,1646,-95609.0,-2.0179,0.8551,0.1701,1687.5
s2_pct0p2-r0,1,28,pre,1222,-28513.0,-0.6966,0.9403,0.1841,2100.0
s2_pct0p2-r0,1,28,nyam,1701,13921.0,0.3059,1.0223,0.2281,625.0
s2_pct0p2-r0,1,28,mid,1669,12799.0,0.333,1.0228,0.2834,625.0
s2_pct0p2-r0,1,28,pm,1686,-79556.5,-2.7639,0.8384,0.3316,887.5
s2_pct0p2-r1,1,29,all,13853,-362937.0,-6.493,0.8936,0.482,2100.0
s2_pct0p2-r1,1,29,eve,1769,-11688.5,-0.5763,0.9726,0.5014,612.5
s2_pct0p2-r1,1,29,asia,1390,-48422.5,-2.7069,0.8633,0.4712,625.0
s2_pct0p2-r1,1,29,london,2204,-86166.0,-3.8231,0.848,0.471,625.0
s2_pct0p2-r1,1,29,pre,1476,-45554.0,-2.4578,0.8781,0.4749,2100.0
s2_pct0p2-r1,1,29,nyam,2373,-47117.0,-2.0087,0.9198,0.4888,625.0
s2_pct0p2-r1,1,29,mid,2343,-20147.0,-0.8733,0.9639,0.5041,625.0
s2_pct0p2-r1,1,29,pm,2298,-103842.0,-4.8543,0.809,0.4591,962.5
s2_pct0p2-r2,1,30,all,11875,-355225.0,-5.0392,0.9048,0.3357,2100.0
s2_pct0p2-r2,1,30,eve,1502,-15908.0,-0.6061,0.967,0.3322,687.5
s2_pct0p2-r2,1,30,asia,1224,-27846.0,-1.181,0.9302,0.326,1437.5
s2_pct0p2-r2,1,30,london,1861,-122194.0,-4.3603,0.806,0.3009,1687.5
s2_pct0p2-r2,1,30,pre,1296,-42121.5,-1.7503,0.9007,0.321,2100.0
s2_pct0p2-r2,1,30,nyam,2035,-45777.5,-1.5244,0.93,0.3302,625.0
s2_pct0p2-r2,1,30,mid,1985,-15840.0,-0.5501,0.9736,0.3577,625.0
s2_pct0p2-r2,1,30,pm,1972,-85538.0,-3.4155,0.8421,0.3702,887.5
s2_pct0p2-r3,1,31,all,11163,-367864.5,-4.5811,0.9036,0.2769,2100.0
s2_pct0p2-r3,1,31,eve,1430,-45932.5,-1.5073,0.9114,0.2476,1112.5
s2_pct0p2-r3,1,31,asia,1196,-23021.5,-0.8212,0.9463,0.2584,1437.5
s2_pct0p2-r3,1,31,london,1751,-118054.0,-3.6464,0.8175,0.2347,1687.5
s2_pct0p2-r3,1,31,pre,1259,-60873.5,-2.1846,0.8665,0.247,2100.0
s2_pct0p2-r3,1,31,nyam,1871,-31184.0,-0.915,0.9521,0.2726,625.0
s2_pct0p2-r3,1,31,mid,1824,-23371.0,-0.7356,0.9606,0.3065,625.0
s2_pct0p2-r3,1,31,pm,1832,-65428.0,-2.4089,0.8746,0.3477,887.5
s3_atr1p5-r0,2,0,all,13696,-291571.5,-2.645,0.9142,0.145,5200.0
s3_atr1p5-r0,2,0,eve,2005,-116907.5,-3.3162,0.7334,0.0643,5200.0
s3_atr1p5-r0,2,0,asia,2196,6878.5,0.1611,1.0241,0.0478,1112.5
s3_atr1p5-r0,2,0,london,2332,-20278.0,-0.4039,0.9576,0.0746,1850.0
s3_atr1p5-r0,2,0,pre,1591,-46001.5,-1.3049,0.8878,0.1106,1900.0
s3_atr1p5-r0,2,0,nyam,1971,-38321.5,-0.8411,0.9416,0.1821,1987.5
s3_atr1p5-r0,2,0,mid,1742,-1193.0,-0.0249,0.9981,0.2681,4350.0
s3_atr1p5-r0,2,0,pm,1859,-75748.5,-2.4649,0.8517,0.3098,3825.0
s3_atr1p5-r1,2,1,all,18467,-557343.0,-10.8468,0.8196,0.4505,5200.0
s3_atr1p5-r1,2,1,eve,2680,-102595.0,-6.8045,0.7021,0.4254,5200.0
s3_atr1p5-r1,2,1,asia,2807,-66428.0,-7.6568,0.6948,0.4182,950.0
s3_atr1p5-r1,2,1,london,2831,-88599.0,-6.6161,0.7469,0.4352,1312.5
s3_atr1p5-r1,2,1,pre,2137,-76348.0,-5.0413,0.7755,0.4567,1900.0
s3_atr1p5-r1,2,1,nyam,2720,-108542.5,-4.5285,0.8224,0.4588,2300.0
s3_atr1p5-r1,2,1,mid,2596,-81184.0,-2.9325,0.8779,0.4792,4812.5
s3_atr1p5-r1,2,1,pm,2696,-33646.5,-1.3883,0.94,0.4844,3825.0
s3_atr1p5-r2,2,2,all,16586,-614481.5,-9.4854,0.8243,0.305,5200.0
s3_atr1p5-r2,2,2,eve,2450,-102162.5,-5.3107,0.7459,0.2861,5200.0
s3_atr1p5-r2,2,2,asia,2698,-67717.0,-5.5164,0.7488,0.278,1375.0
s3_atr1p5-r2,2,2,london,2808,-103569.5,-5.6643,0.7693,0.2967,1850.0
s3_atr1p5-r2,2,2,pre,1774,-83021.0,-4.4695,0.7739,0.2976,1900.0
s3_atr1p5-r2,2,2,nyam,2472,-100238.0,-3.0636,0.8609,0.3022,1987.5
s3_atr1p5-r2,2,2,mid,2082,-78328.0,-2.3496,0.8864,0.3285,4350.0
s3_atr1p5-r2,2,2,pm,2302,-79445.5,-2.7817,0.8674,0.354,3825.0
s3_atr1p5-r3,2,3,all,15403,-516299.5,-7.0989,0.8516,0.246,5200.0
s3_atr1p5-r3,2,3,eve,2273,-96517.0,-4.2495,0.7694,0.2121,5200.0
s3_atr1p5-r3,2,3,asia,2533,-56682.0,-3.8425,0.7956,0.2116,1112.5
s3_atr1p5-r3,2,3,london,2729,-87553.5,-3.9603,0.8171,0.2287,1850.0
s3_atr1p5-r3,2,3,pre,1666,-83326.5,-3.8793,0.7809,0.2233,1900.0
s3_atr1p5-r3,2,3,nyam,2266,-87751.5,-2.4096,0.8779,0.244,1987.5
s3_atr1p5-r3,2,3,mid,1866,-13676.5,-0.3614,0.9789,0.2942,4350.0
s3_atr1p5-r3,2,3,pm,2070,-90792.5,-3.1192,0.8373,0.3251,3825.0
s3_atr3-r0,2,4,all,10110,-157502.5,-1.2224,0.9603,0.2396,10400.0
s3_atr3-r0,2,4,eve,1417,-31368.0,-0.6175,0.9442,0.1546,10400.0
s3_atr3-r0,2,4,asia,1656,10451.0,0.219,1.027,0.0942,1975.0
s3_atr3-r0,2,4,london,1875,-33900.0,-0.576,0.9493,0.1424,3700.0
s3_atr3-r0,2,4,pre,1172,-25863.0,-0.6069,0.9487,0.2159,3725.0
s3_atr3-r0,2,4,nyam,1430,25130.0,0.4467,1.0346,0.3175,5075.0
s3_atr3-r0,2,4,mid,1244,-87851.0,-1.9022,0.8664,0.4043,5125.0
s3_atr3-r0,2,4,pm,1316,-14101.5,-0.4123,0.9694,0.4331,3825.0
s3_atr3-r1,2,5,all,13513,-515614.5,-6.3984,0.8695,0.4697,10400.0
s3_atr3-r1,2,5,eve,1963,-78602.0,-2.9026,0.8379,0.4615,10400.0
s3_atr3-r1,2,5,asia,2317,-59180.5,-3.6459,0.8267,0.4519,2762.5
s3_atr3-r1,2,5,london,2659,-85273.5,-3.2723,0.8617,0.4735,3700.0
s3_atr3-r1,2,5,pre,1355,-65395.0,-2.7428,0.8394,0.4731,3725.0
s3_atr3-r1,2,5,nyam,1975,-71462.5,-1.7532,0.9136,0.4759,5075.0
s3_atr3-r1,2,5,mid,1497,-114938.0,-2.9348,0.8383,0.4729,5125.0
s3_atr3-r1,2,5,pm,1747,-40763.0,-1.2554,0.9274,0.4843,3825.0
s3_atr3-r2,2,6,all,11212,-425035.5,-4.5442,0.8928,0.344,10400.0
s3_atr3-r2,2,6,eve,1589,-85981.0,-2.656,0.8368,0.314,10400.0
s3_atr3-r2,2,6,asia,1893,-37034.5,-1.7507,0.8956,0.3027,1737.5
s3_atr3-r2,2,6,london,2259,-104223.5,-3.0922,0.8486,0.3001,3700.0
s3_atr3-r2,2,6,pre,1202,-70508.0,-2.3778,0.8472,0.3203,3725.0
s3_atr3-r2,2,6,nyam,1586,-17481.5,-0.3725,0.9775,0.3638,5075.0
s3_atr3-r2,2,6,mid,1272,-88975.5,-2.0457,0.866,0.4119,5125.0
s3_atr3-r2,2,6,pm,1411,-20831.5,-0.6159,0.9576,0.4401,3825.0
s3_atr3-r3,2,7,all,10495,-373955.0,-3.7046,0.9048,0.296,10400.0
s3_atr3-r3,2,7,eve,1465,-44385.0,-1.1771,0.916,0.2498,10400.0
s3_atr3-r3,2,7,asia,1744,-20726.0,-0.8277,0.9417,0.2351,1975.0
s3_atr3-r3,2,7,london,2047,-87525.5,-2.2597,0.8708,0.2267,3700.0
s3_atr3-r3,2,7,pre,1186,-87706.5,-2.6336,0.823,0.2496,3725.0
s3_atr3-r3,2,7,nyam,1465,-11110.0,-0.2248,0.985,0.3304,5075.0
s3_atr3-r3,2,7,mid,1244,-104988.5,-2.4026,0.8402,0.4051,5125.0
s3_atr3-r3,2,7,pm,1344,-17513.5,-0.5105,0.963,0.4338,3825.0
s3_pts2p5-r0,2,8,all,16311,-470619.0,-6.6243,0.7829,0.0625,1825.0
s3_pts2p5-r0,2,8,eve,2280,-69570.0,-2.3507,0.7753,0.0404,125.0
s3_pts2p5-r0,2,8,asia,2029,-37453.5,-1.3204,0.8632,0.0483,562.5
s3_pts2p5-r0,2,8,london,2442,-53180.5,-1.8004,0.8384,0.0508,625.0
s3_pts2p5-r0,2,8,pre,2069,-43476.0,-1.6269,0.8433,0.0565,1150.0
s3_pts2p5-r0,2,8,nyam,2512,-84973.0,-3.2207,0.7462,0.0581,137.5
s3_pts2p5-r0,2,8,mid,2518,-96334.5,-3.6607,0.7108,0.0663,562.5
s3_pts2p5-r0,2,8,pm,2461,-85631.5,-4.3213,0.7239,0.1121,1825.0
s3_pts2p5-r1,2,9,all,19403,-581599.5,-32.1697,0.6317,0.4249,312.5
s3_pts2p5-r1,2,9,eve,2804,-83091.0,-12.0854,0.6351,0.4262,137.5
s3_pts2p5-r1,2,9,asia,2670,-81905.0,-12.2116,0.625,0.4225,312.5
s3_pts2p5-r1,2,9,london,2829,-83016.0,-12.0149,0.638,0.4274,137.5
s3_pts2p5-r1,2,9,pre,2631,-82024.0,-12.3368,0.62,0.4204,150.0
s3_pts2p5-r1,2,9,nyam,2827,-82683.0,-11.9714,0.6389,0.4277,137.5
s3_pts2p5-r1,2,9,mid,2831,-86636.5,-12.5557,0.6255,0.4225,125.0
s3_pts2p5-r1,2,9,pm,2811,-82244.0,-11.9422,0.6388,0.4276,137.5
s3_pts2p5-r2,2,10,all,18857,-605715.5,-25.2929,0.6837,0.2824,150.0
s3_pts2p5-r2,2,10,eve,2704,-89678.5,-9.9146,0.6747,0.2796,137.5
s3_pts2p5-r2,2,10,asia,2434,-72786.0,-8.4058,0.7032,0.288,137.5
s3_pts2p5-r2,2,10,london,2814,-82431.0,-8.8386,0.7086,0.2896,137.5
s3_pts2p5-r2,2,10,pre,2453,-73199.5,-8.4182,0.7038,0.2882,150.0
s3_pts2p5-r2,2,10,nyam,2824,-105896.0,-11.6024,0.6378,0.2684,137.5
s3_pts2p5-r2,2,10,mid,2822,-94763.0,-10.2723,0.6709,0.2789,125.0
s3_pts2p5-r2,2,10,pm,2806,-86961.5,-9.3901,0.6933,0.2855,137.5
s3_pts2p5-r3,2,11,all,18352,-608095.5,-21.4483,0.7029,0.2122,1150.0
s3_pts2p5-r3,2,11,eve,2595,-76117.5,-7.0496,0.7346,0.2189,137.5
s3_pts2p5-r3,2,11,asia,2284,-77711.0,-7.7916,0.6958,0.2097,137.5
s3_pts2p5-r3,2,11,london,2776,-76654.0,-6.8262,0.7491,0.2223,137.5
s3_pts2p5-r3,2,11,pre,2318,-82084.5,-8.1432,0.6854,0.2079,1150.0
s3_pts2p5-r3,2,11,nyam,2803,-108624.5,-9.997,0.6575,0.2005,137.5
s3_pts2p5-r3,2,11,mid,2798,-103242.0,-9.4535,0.6721,0.2048,175.0
s3_pts2p5-r3,2,11,pm,2778,-83662.0,-7.5528,0.7266,0.221,150.0
s3_pts5-r0,2,12,all,13387,-303848.0,-3.2548,0.9017,0.1315,1825.0
s3_pts5-r0,2,12,eve,1801,-67729.0,-1.9033,0.8444,0.0922,262.5
s3_pts5-r0,2,12,asia,1517,-2880.5,-0.0789,0.9921,0.1048,1475.0
s3_pts5-r0,2,12,london,2091,-77026.5,-1.9266,0.8479,0.0923,687.5
s3_pts5-r0,2,12,pre,1545,11757.5,0.3264,1.0323,0.1204,1537.5
s3_pts5-r0,2,12,nyam,2148,-42879.5,-1.1893,0.914,0.128,250.0
s3_pts5-r0,2,12,mid,2169,-27801.0,-0.7732,0.9428,0.1558,725.0
s3_pts5-r0,2,12,pm,2116,-97289.0,-3.8895,0.777,0.2098,1825.0
s3_pts5-r1,2,13,all,17536,-517731.5,-15.3187,0.7936,0.4621,262.5
s3_pts5-r1,2,13,eve,2435,-79052.5,-6.2738,0.7758,0.4567,262.5
s3_pts5-r1,2,13,asia,2013,-50627.0,-4.4097,0.8216,0.4709,262.5
s3_pts5-r1,2,13,london,2730,-83357.5,-6.2441,0.7877,0.4604,262.5
s3_pts5-r1,2,13,pre,2064,-52943.5,-4.5547,0.8184,0.47,262.5
s3_pts5-r1,2,13,nyam,2767,-78330.5,-5.8246,0.8015,0.4648,250.0
s3_pts5-r1,2,13,mid,2780,-89982.5,-6.6859,0.7763,0.4568,250.0
s3_pts5-r1,2,13,pm,2747,-83438.0,-6.2781,0.7864,0.459,250.0
s3_pts5-r2,2,14,all,15962,-503098.0,-11.3698,0.8277,0.3115,1825.0
s3_pts5-r2,2,14,eve,2144,-67238.5,-4.1233,0.8298,0.3083,262.5
s3_pts5-r2,2,14,asia,1709,-41911.0,-2.8565,0.8651,0.3177,275.0
s3_pts5-r2,2,14,london,2521,-76909.0,-4.3453,0.8342,0.3094,262.5
s3_pts5-r2,2,14,pre,1748,-40517.0,-2.7166,0.8725,0.3198,1150.0
s3_pts5-r2,2,14,nyam,2633,-93107.0,-5.1792,0.8095,0.3035,250.0
s3_pts5-r2,2,14,mid,2625,-115200.0,-6.5044,0.7665,0.2937,425.0
s3_pts5-r2,2,14,pm,2582,-68215.5,-3.9112,0.8488,0.3327,1825.0
s3_pts5-r3,2,15,all,15058,-485594.5,-9.3803,0.8404,0.2397,1825.0
s3_pts5-r3,2,15,eve,1984,-71586.0,-3.7866,0.8246,0.2278,275.0
s3_pts5-r3,2,15,asia,1612,-33673.0,-1.933,0.8964,0.2432,275.0
s3_pts5-r3,2,15,london,2386,-72869.0,-3.4863,0.8505,0.233,262.5
s3_pts5-r3,2,15,pre,1646,-43784.0,-2.4888,0.8697,0.2388,1537.5
s3_pts5-r3,2,15,nyam,2495,-74892.5,-3.5102,0.8526,0.2361,250.0
s3_pts5-r3,2,15,mid,2488,-101689.5,-4.8995,0.8001,0.2311,425.0
s3_pts5-r3,2,15,pm,2447,-87100.5,-4.4262,0.8141,0.2664,1825.0
s3_pts8-r0,2,16,all,11189,-161506.0,-1.4473,0.9559,0.2035,2525.0
s3_pts8-r0,2,16,eve,1462,-35260.5,-0.7822,0.9318,0.1477,750.0
s3_pts8-r0,2,16,asia,1241,49261.0,0.9846,1.1149,0.1692,1475.0
s3_pts8-r0,2,16,london,1751,-61279.0,-1.2942,0.9008,0.1513,1337.5
s3_pts8-r0,2,16,pre,1274,-11683.5,-0.3026,0.9733,0.1758,2525.0
s3_pts8-r0,2,16,nyam,1830,5730.0,0.1329,1.0095,0.2044,400.0
s3_pts8-r0,2,16,mid,1854,-47153.5,-1.2218,0.9187,0.2373,725.0
s3_pts8-r0,2,16,pm,1777,-61120.5,-2.1119,0.8718,0.3084,1825.0
s3_pts8-r1,2,17,all,14981,-432686.5,-8.7773,0.8659,0.4762,1150.0
s3_pts8-r1,2,17,eve,1947,-47938.0,-2.6754,0.8858,0.4823,412.5
s3_pts8-r1,2,17,asia,1519,-39088.5,-2.4705,0.8809,0.4812,400.0
s3_pts8-r1,2,17,london,2397,-78075.5,-3.9328,0.8516,0.4723,412.5
s3_pts8-r1,2,17,pre,1586,-44556.5,-2.7519,0.8707,0.4779,1150.0
s3_pts8-r1,2,17,nyam,2543,-65072.0,-3.1814,0.8814,0.4805,400.0
s3_pts8-r1,2,17,mid,2527,-94345.5,-4.648,0.831,0.467,525.0
s3_pts8-r1,2,17,pm,2462,-63610.5,-3.2948,0.8729,0.476,500.0
s3_pts8-r2,2,18,all,12989,-426006.0,-6.7712,0.8813,0.3281,2525.0
s3_pts8-r2,2,18,eve,1638,-46739.5,-2.0461,0.8989,0.3211,412.5
s3_pts8-r2,2,18,asia,1326,-18416.5,-0.8846,0.95,0.3333,1475.0
s3_pts8-r2,2,18,london,2070,-95467.5,-3.7525,0.8402,0.3082,2162.5
s3_pts8-r2,2,18,pre,1370,-41430.0,-1.9633,0.8935,0.3212,2525.0
s3_pts8-r2,2,18,nyam,2231,-74749.0,-2.8251,0.8815,0.3187,400.0
s3_pts8-r2,2,18,mid,2206,-85099.0,-3.3165,0.8607,0.3273,525.0
s3_pts8-r2,2,18,pm,2148,-64104.5,-2.7264,0.8788,0.3645,1825.0
s3_pts8-r3,2,19,all,12121,-364284.0,-5.0195,0.9003,0.2668,2525.0
s3_pts8-r3,2,19,eve,1551,-46991.5,-1.749,0.9034,0.245,412.5
s3_pts8-r3,2,19,asia,1279,4384.0,0.1743,1.0112,0.2666,1475.0
s3_pts8-r3,2,19,london,1906,-96261.5,-3.2907,0.8418,0.2335,1337.5
s3_pts8-r3,2,19,pre,1307,-43890.5,-1.778,0.8932,0.2479,2525.0
s3_pts8-r3,2,19,nyam,2051,-29416.5,-0.9529,0.9529,0.2628,400.0
s3_pts8-r3,2,19,mid,2042,-93580.5,-3.2444,0.8481,0.2674,725.0
s3_pts8-r3,2,19,pm,1985,-58527.5,-2.2745,0.8867,0.332,1825.0
s3_pts12-r0,2,20,all,9379,-49566.0,-0.3979,0.9877,0.2736,2600.0
s3_pts12-r0,2,20,eve,1232,-43853.0,-0.8915,0.926,0.2078,962.5
s3_pts12-r0,2,20,asia,1068,64228.0,1.1941,1.1296,0.2388,1475.0
s3_pts12-r0,2,20,london,1438,-44189.5,-0.8456,0.9351,0.2197,1662.5
s3_pts12-r0,2,20,pre,1112,16277.0,0.3319,1.0321,0.2527,2600.0
s3_pts12-r0,2,20,nyam,1518,33078.0,0.6774,1.0501,0.2721,687.5
s3_pts12-r0,2,20,mid,1530,-38507.5,-0.9222,0.9373,0.3137,1812.5
s3_pts12-r0,2,20,pm,1481,-36599.0,-1.1949,0.9225,0.3815,1825.0
s3_pts12-r1,2,21,all,12181,-349611.5,-5.3436,0.9064,0.4835,2600.0
s3_pts12-r1,2,21,eve,1531,-64986.5,-2.7491,0.8688,0.4729,600.0
s3_pts12-r1,2,21,asia,1201,-13666.5,-0.6517,0.963,0.4996,612.5
s3_pts12-r1,2,21,london,1934,-81886.0,-3.0769,0.8691,0.4731,1662.5
s3_pts12-r1,2,21,pre,1264,-42193.5,-1.9528,0.8951,0.481,2600.0
s3_pts12-r1,2,21,nyam,2118,-75059.5,-2.7093,0.8885,0.4769,687.5
s3_pts12-r1,2,21,mid,2078,-49449.5,-1.8289,0.9218,0.4899,1812.5
s3_pts12-r1,2,21,pm,2055,-22370.0,-0.9067,0.9583,0.4934,1825.0
s3_pts12-r2,2,22,all,10359,-304236.0,-3.7408,0.9236,0.3513,2600.0
s3_pts12-r2,2,22,eve,1319,-76188.5,-2.5462,0.8617,0.3154,612.5
s3_pts12-r2,2,22,asia,1101,2083.5,0.0741,1.0048,0.3497,1475.0
s3_pts12-r2,2,22,london,1606,-59649.0,-1.7939,0.9092,0.3313,1662.5
s3_pts12-r2,2,22,pre,1144,-52388.5,-1.8694,0.8883,0.3295,2600.0
s3_pts12-r2,2,22,nyam,1756,-20686.5,-0.5981,0.9699,0.3485,687.5
s3_pts12-r2,2,22,mid,1727,-74158.0,-2.3058,0.8865,0.3573,1812.5
s3_pts12-r2,2,22,pm,1706,-23249.0,-0.8182,0.9556,0.4103,1825.0
s3_pts12-r3,2,23,all,9783,-223319.5,-2.4252,0.9443,0.3066,2600.0
s3_pts12-r3,2,23,eve,1261,-42731.5,-1.2152,0.9241,0.2665,750.0
s3_pts12-r3,2,23,asia,1079,9884.0,0.2976,1.0211,0.2873,1475.0
s3_pts12-r3,2,23,london,1503,-73062.0,-1.941,0.8908,0.2668,1662.5
s3_pts12-r3,2,23,pre,1122,-42175.5,-1.2917,0.9146,0.279,2600.0
s3_pts12-r3,2,23,nyam,1618,-9147.0,-0.2354,0.9865,0.2979,687.5
s3_pts12-r3,2,23,mid,1613,-65089.5,-1.8593,0.8977,0.3267,1812.5
s3_pts12-r3,2,23,pm,1587,-998.0,-0.0329,0.998,0.397,1825.0
s3_pct0p1-r0,2,24,all,13673,-312829.5,-3.4526,0.8956,0.1263,1825.0
s3_pct0p1-r0,2,24,eve,1860,-50890.0,-1.3894,0.8808,0.0882,312.5
s3_pct0p1-r0,2,24,asia,1575,-33287.5,-1.0077,0.9069,0.0959,562.5
s3_pct0p1-r0,2,24,london,2104,-30378.5,-0.7549,0.9365,0.1003,687.5
s3_pct0p1-r0,2,24,pre,1591,3111.0,0.0886,1.0087,0.1125,1150.0
s3_pct0p1-r0,2,24,nyam,2184,-67173.5,-2.0009,0.8605,0.12,312.5
s3_pct0p1-r0,2,24,mid,2215,-47385.0,-1.3738,0.9002,0.1454,725.0
s3_pct0p1-r0,2,24,pm,2144,-86826.0,-3.5175,0.7935,0.2043,1825.0
s3_pct0p1-r1,2,25,all,17699,-513958.5,-15.7434,0.7873,0.4609,337.5
s3_pct0p1-r1,2,25,eve,2477,-70545.5,-5.7712,0.7911,0.4635,312.5
s3_pct0p1-r1,2,25,asia,2084,-61123.5,-5.493,0.7842,0.4607,312.5
s3_pct0p1-r1,2,25,london,2733,-71019.5,-5.511,0.8082,0.4669,312.5
s3_pct0p1-r1,2,25,pre,2104,-71553.5,-6.4093,0.7542,0.4525,337.5
s3_pct0p1-r1,2,25,nyam,2763,-88689.5,-6.8467,0.7688,0.4535,312.5
s3_pct0p1-r1,2,25,mid,2783,-75932.0,-5.8325,0.7998,0.465,312.5
s3_pct0p1-r1,2,25,pm,2755,-75095.0,-5.8505,0.7979,0.4628,312.5
s3_pct0p1-r2,2,26,all,16216,-510826.5,-11.9694,0.8191,0.3083,1150.0
s3_pct0p1-r2,2,26,eve,2190,-57722.5,-3.6438,0.8479,0.3137,312.5
s3_pct0p1-r2,2,26,asia,1798,-54054.5,-3.7982,0.827,0.3076,312.5
s3_pct0p1-r2,2,26,london,2530,-70795.0,-4.1518,0.8395,0.3107,312.5
s3_pct0p1-r2,2,26,pre,1813,-65802.0,-4.6321,0.7944,0.3028,1150.0
s3_pct0p1-r2,2,26,nyam,2639,-84681.0,-4.8703,0.8178,0.3031,312.5
s3_pct0p1-r2,2,26,mid,2645,-97605.0,-5.6629,0.7917,0.2991,312.5
s3_pct0p1-r2,2,26,pm,2601,-80166.5,-4.822,0.8169,0.3203,312.5
s3_pct0p1-r3,2,27,all,15362,-436335.5,-8.6812,0.8512,0.2405,1825.0
s3_pct0p1-r3,2,27,eve,2044,-54801.0,-2.9468,0.8609,0.2348,312.5
s3_pct0p1-r3,2,27,asia,1691,-38389.0,-2.2648,0.8812,0.2395,312.5
s3_pct0p1-r3,2,27,london,2389,-42693.5,-2.0982,0.9062,0.2453,312.5
s3_pct0p1-r3,2,27,pre,1710,-48327.5,-2.8637,0.8535,0.238,1150.0
s3_pct0p1-r3,2,27,nyam,2526,-69991.5,-3.3769,0.8566,0.2336,312.5
s3_pct0p1-r3,2,27,mid,2521,-89934.0,-4.4414,0.8159,0.2309,312.5
s3_pct0p1-r3,2,27,pm,2481,-92199.0,-4.8933,0.7965,0.2596,1825.0
s3_pct0p2-r0,2,28,all,10421,-55159.0,-0.4609,0.9854,0.2292,2525.0
s3_pct0p2-r0,2,28,eve,1354,-26866.0,-0.5638,0.9504,0.1699,750.0
s3_pct0p2-r0,2,28,asia,1163,58323.0,1.1353,1.1291,0.1969,1475.0
s3_pct0p2-r0,2,28,london,1613,-50352.0,-1.0167,0.9209,0.1754,1337.5
s3_pct0p2-r0,2,28,pre,1200,37275.0,0.7829,1.0818,0.2133,2525.0
s3_pct0p2-r0,2,28,nyam,1706,41238.5,0.8774,1.0662,0.2286,625.0
s3_pct0p2-r0,2,28,mid,1726,-52216.5,-1.2968,0.9128,0.2601,725.0
s3_pct0p2-r0,2,28,pm,1659,-62561.0,-2.1307,0.8694,0.3321,1825.0
s3_pct0p2-r1,2,29,all,13807,-380065.5,-6.8188,0.8884,0.4802,1150.0
s3_pct0p2-r1,2,29,eve,1759,-51748.5,-2.5592,0.8838,0.4798,625.0
s3_pct0p2-r1,2,29,asia,1393,-8059.5,-0.4497,0.9759,0.5054,612.5
s3_pct0p2-r1,2,29,london,2210,-77652.5,-3.4382,0.8624,0.4724,625.0
s3_pct0p2-r1,2,29,pre,1448,-27442.0,-1.5022,0.923,0.4896,1150.0
s3_pct0p2-r1,2,29,nyam,2357,-69840.5,-2.9957,0.8824,0.4786,625.0
s3_pct0p2-r1,2,29,mid,2353,-93037.0,-4.0308,0.8444,0.4688,625.0
s3_pct0p2-r1,2,29,pm,2287,-52285.5,-2.4468,0.8983,0.4801,1150.0
s3_pct0p2-r2,2,30,all,11881,-339961.5,-4.823,0.9086,0.3376,2525.0
s3_pct0p2-r2,2,30,eve,1491,-70101.5,-2.7465,0.8592,0.3139,625.0
s3_pct0p2-r2,2,30,asia,1232,-11103.0,-0.4663,0.972,0.3385,1475.0
s3_pct0p2-r2,2,30,london,1869,-53813.5,-1.8674,0.9114,0.3226,2162.5
s3_pct0p2-r2,2,30,pre,1268,-8459.5,-0.3508,0.979,0.3431,2525.0
s3_pct0p2-r2,2,30,nyam,2034,-27411.0,-0.9111,0.9575,0.3368,625.0
s3_pct0p2-r2,2,30,mid,2022,-106663.0,-3.7829,0.8337,0.3289,725.0
s3_pct0p2-r2,2,30,pm,1965,-62410.0,-2.4722,0.8823,0.3756,1825.0
s3_pct0p2-r3,2,31,all,11118,-301847.0,-3.7574,0.92,0.2808,2525.0
s3_pct0p2-r3,2,31,eve,1421,-44134.0,-1.455,0.9143,0.2505,625.0
s3_pct0p2-r3,2,31,asia,1191,-264.0,-0.0093,0.9994,0.272,1475.0
s3_pct0p2-r3,2,31,london,1723,-61979.5,-1.8883,0.8996,0.2507,1337.5
s3_pct0p2-r3,2,31,pre,1228,-17687.0,-0.6267,0.9592,0.2704,2525.0
s3_pct0p2-r3,2,31,nyam,1870,-16955.0,-0.497,0.9736,0.2759,625.0
s3_pct0p2-r3,2,31,mid,1863,-99214.5,-3.1878,0.8422,0.2834,725.0
s3_pct0p2-r3,2,31,pm,1822,-61613.0,-2.2807,0.8801,0.348,1825.0
s4_atr1p5-r0,3,0,all,13797,-469050.5,-4.5726,0.8631,0.1393,7225.0
s4_atr1p5-r0,3,0,eve,2004,-131278.5,-3.7081,0.6998,0.0619,7225.0
s4_atr1p5-r0,3,0,asia,2256,-84286.5,-2.9319,0.723,0.0386,1962.5
s4_atr1p5-r0,3,0,london,2337,-67085.5,-1.6279,0.8596,0.0706,1950.0
s4_atr1p5-r0,3,0,pre,1589,-7381.0,-0.1616,0.9814,0.1082,1937.5
s4_atr1p5-r0,3,0,nyam,1985,-62927.5,-1.4002,0.9059,0.1763,2525.0
s4_atr1p5-r0,3,0,mid,1754,-74803.5,-1.8752,0.8816,0.2491,4800.0
s4_atr1p5-r0,3,0,pm,1872,-41288.0,-1.2749,0.9188,0.3136,3825.0
s4_atr1p5-r1,3,1,all,18485,-616290.0,-11.9115,0.8026,0.4454,7225.0
s4_atr1p5-r1,3,1,eve,2690,-91772.5,-5.7705,0.7314,0.4286,7225.0
s4_atr1p5-r1,3,1,asia,2808,-96044.5,-11.0286,0.589,0.3903,1962.5
s4_atr1p5-r1,3,1,london,2832,-63628.0,-4.7215,0.8113,0.4513,1950.0
s4_atr1p5-r1,3,1,pre,2152,-65570.5,-4.3931,0.8033,0.4638,1737.5
s4_atr1p5-r1,3,1,nyam,2719,-117226.0,-4.8883,0.8098,0.4549,2525.0
s4_atr1p5-r1,3,1,mid,2600,-119137.5,-4.3032,0.826,0.465,4800.0
s4_atr1p5-r1,3,1,pm,2684,-62911.0,-2.5646,0.8907,0.4702,3825.0
s4_atr1p5-r2,3,2,all,16589,-498056.0,-7.5733,0.8557,0.3068,7225.0
s4_atr1p5-r2,3,2,eve,2424,-82658.5,-4.0828,0.7892,0.2896,7225.0
s4_atr1p5-r2,3,2,asia,2707,-101928.0,-8.7213,0.6394,0.2582,1962.5
s4_atr1p5-r2,3,2,london,2816,-48301.5,-2.5295,0.8881,0.3082,1950.0
s4_atr1p5-r2,3,2,pre,1774,-51033.5,-2.6701,0.8553,0.31,1837.5
s4_atr1p5-r2,3,2,nyam,2462,-83573.0,-2.626,0.8827,0.3148,2525.0
s4_atr1p5-r2,3,2,mid,2093,-71809.5,-2.0946,0.8957,0.3192,4800.0
s4_atr1p5-r2,3,2,pm,2313,-58752.0,-2.002,0.9006,0.3575,3825.0
s4_atr1p5-r3,3,3,all,15478,-533274.5,-7.2842,0.8471,0.2415,7225.0
s4_atr1p5-r3,3,3,eve,2250,-87637.5,-3.7148,0.7863,0.2107,7225.0
s4_atr1p5-r3,3,3,asia,2574,-105258.5,-7.6723,0.6457,0.1923,1962.5
s4_atr1p5-r3,3,3,london,2731,-77374.0,-3.4787,0.8374,0.2289,1950.0
s4_atr1p5-r3,3,3,pre,1672,-48200.5,-2.132,0.8683,0.2285,1737.5
s4_atr1p5-r3,3,3,nyam,2261,-101844.0,-2.871,0.8588,0.2424,2525.0
s4_atr1p5-r3,3,3,mid,1892,-56193.0,-1.4815,0.9152,0.2759,4800.0
s4_atr1p5-r3,3,3,pm,2098,-56767.0,-1.8782,0.8977,0.3298,3825.0
s4_atr3-r0,3,4,all,10157,-270978.0,-2.1522,0.9321,0.2331,14450.0
s4_atr3-r0,3,4,eve,1419,-144276.0,-3.2349,0.7499,0.1381,14450.0
s4_atr3-r0,3,4,asia,1706,-49549.0,-1.0923,0.8812,0.0856,2750.0
s4_atr3-r0,3,4,london,1850,-56312.5,-1.1571,0.9137,0.1492,3700.0
s4_atr3-r0,3,4,pre,1183,54493.0,1.023,1.1115,0.2181,3875.0
s4_atr3-r0,3,4,nyam,1452,31454.5,0.5462,1.0426,0.3168,3250.0
s4_atr3-r0,3,4,mid,1215,-45785.0,-1.019,0.9259,0.3942,7900.0
s4_atr3-r0,3,4,pm,1332,-61003.0,-1.7214,0.8775,0.4152,3825.0
s4_atr3-r1,3,5,all,13499,-330758.5,-4.0547,0.9144,0.4734,14450.0
s4_atr3-r1,3,5,eve,1930,-75145.0,-2.6161,0.8434,0.4658,14450.0
s4_atr3-r1,3,5,asia,2321,-79159.0,-4.8785,0.7747,0.4468,2750.0
s4_atr3-r1,3,5,london,2668,-33472.0,-1.2798,0.9435,0.4798,2975.0
s4_atr3-r1,3,5,pre,1368,-28172.0,-1.1743,0.9282,0.4846,3475.0
s4_atr3-r1,3,5,nyam,1948,-4979.5,-0.1239,0.9936,0.4928,5062.5
s4_atr3-r1,3,5,mid,1498,-41554.5,-1.0536,0.9384,0.478,7900.0
s4_atr3-r1,3,5,pm,1766,-68276.5,-2.026,0.8847,0.4728,5037.5
s4_atr3-r2,3,6,all,11256,-325186.5,-3.4392,0.9171,0.3449,14450.0
s4_atr3-r2,3,6,eve,1580,-79420.0,-2.304,0.8485,0.3089,14450.0
s4_atr3-r2,3,6,asia,1922,-69988.0,-3.3161,0.8131,0.2945,2750.0
s4_atr3-r2,3,6,london,2253,-42999.5,-1.2797,0.9346,0.3196,3700.0
s4_atr3-r2,3,6,pre,1226,-15454.0,-0.4939,0.9654,0.3312,3875.0
s4_atr3-r2,3,6,nyam,1589,-14256.0,-0.3071,0.9815,0.3656,4800.0
s4_atr3-r2,3,6,mid,1251,-34016.5,-0.7836,0.9455,0.4061,7900.0
s4_atr3-r2,3,6,pm,1435,-69052.5,-2.0255,0.8685,0.4272,3825.0
s4_atr3-r3,3,7,all,10570,-305717.5,-2.9636,0.9221,0.2951,14450.0
s4_atr3-r3,3,7,eve,1469,-91988.5,-2.4384,0.8294,0.2403,14450.0
s4_atr3-r3,3,7,asia,1788,-56652.0,-2.2076,0.8515,0.2282,2750.0
s4_atr3-r3,3,7,london,2028,-31174.5,-0.8043,0.9521,0.2426,3700.0
s4_atr3-r3,3,7,pre,1209,-14561.0,-0.3998,0.9696,0.263,3875.0
s4_atr3-r3,3,7,nyam,1492,10957.0,0.2129,1.0146,0.3298,4800.0
s4_atr3-r3,3,7,mid,1217,-56693.0,-1.3118,0.9082,0.3977,7900.0
s4_atr3-r3,3,7,pm,1367,-65605.5,-1.8817,0.8709,0.4184,3825.0
s4_pts2p5-r0,3,8,all,16308,-473957.0,-6.8494,0.7811,0.0638,1687.5
s4_pts2p5-r0,3,8,eve,2310,-84452.5,-2.9882,0.7322,0.0403,1275.0
s4_pts2p5-r0,3,8,asia,2090,-51147.5,-1.8506,0.8184,0.0493,562.5
s4_pts2p5-r0,3,8,london,2466,-99476.5,-3.7027,0.7037,0.0454,1687.5
s4_pts2p5-r0,3,8,pre,2007,-28.0,-0.0009,0.9999,0.0633,237.5
s4_pts2p5-r0,3,8,nyam,2472,-54788.0,-2.0203,0.8326,0.0643,325.0
s4_pts2p5-r0,3,8,mid,2488,-83802.0,-3.6151,0.7443,0.0719,1437.5
s4_pts2p5-r0,3,8,pm,2475,-100262.5,-5.2791,0.6782,0.1083,137.5
s4_pts2p5-r1,3,9,all,19404,-575428.5,-31.8149,0.6349,0.4261,287.5
s4_pts2p5-r1,3,9,eve,2793,-91784.5,-13.4297,0.6038,0.4139,137.5
s4_pts2p5-r1,3,9,asia,2676,-80379.0,-11.9632,0.6312,0.4249,287.5
s4_pts2p5-r1,3,9,london,2828,-83399.5,-12.0746,0.6365,0.4268,137.5
s4_pts2p5-r1,3,9,pre,2636,-72094.0,-10.7809,0.6581,0.4351,237.5
s4_pts2p5-r1,3,9,nyam,2828,-77037.0,-11.1285,0.6591,0.4353,137.5
s4_pts2p5-r1,3,9,mid,2832,-82978.0,-12.0072,0.6383,0.4273,125.0
s4_pts2p5-r1,3,9,pm,2811,-87756.5,-12.7724,0.6195,0.4201,137.5
s4_pts2p5-r2,3,10,all,18848,-597417.0,-24.9197,0.6874,0.2834,237.5
s4_pts2p5-r2,3,10,eve,2698,-90404.5,-10.0151,0.6717,0.2787,137.5
s4_pts2p5-r2,3,10,asia,2460,-78415.0,-9.056,0.6859,0.2829,137.5
s4_pts2p5-r2,3,10,london,2816,-89339.0,-9.638,0.6872,0.2834,137.5
s4_pts2p5-r2,3,10,pre,2424,-66896.0,-7.6908,0.7239,0.2941,237.5
s4_pts2p5-r2,3,10,nyam,2820,-91755.0,-9.916,0.6801,0.2812,137.5
s4_pts2p5-r2,3,10,mid,2826,-83779.0,-8.9773,0.7053,0.2887,125.0
s4_pts2p5-r2,3,10,pm,2804,-96828.5,-10.56,0.6626,0.276,137.5
s4_pts2p5-r3,3,11,all,18355,-586557.5,-20.6207,0.7126,0.2141,237.5
s4_pts2p5-r3,3,11,eve,2599,-92071.0,-8.6957,0.6843,0.207,137.5
s4_pts2p5-r3,3,11,asia,2307,-71753.0,-7.0884,0.7199,0.2154,137.5
s4_pts2p5-r3,3,11,london,2785,-89752.5,-8.099,0.7106,0.2133,137.5
s4_pts2p5-r3,3,11,pre,2272,-56713.0,-5.5347,0.7718,0.2276,237.5
s4_pts2p5-r3,3,11,nyam,2799,-91646.0,-8.265,0.7063,0.2122,137.5
s4_pts2p5-r3,3,11,mid,2804,-90003.5,-8.0958,0.7114,0.2136,125.0
s4_pts2p5-r3,3,11,pm,2789,-94618.5,-8.6267,0.6952,0.2119,150.0
s4_pts5-r0,3,12,all,13467,-336530.5,-3.5187,0.8917,0.1315,2037.5
s4_pts5-r0,3,12,eve,1830,-84145.0,-2.25,0.8119,0.082,262.5
s4_pts5-r0,3,12,asia,1558,-5419.5,-0.1536,0.9853,0.1085,325.0
s4_pts5-r0,3,12,london,2077,-57070.5,-1.4826,0.8862,0.0982,2037.5
s4_pts5-r0,3,12,pre,1552,37079.5,0.806,1.102,0.1198,275.0
s4_pts5-r0,3,12,nyam,2149,-47746.0,-1.3059,0.9041,0.128,325.0
s4_pts5-r0,3,12,mid,2162,-91210.5,-2.9806,0.8144,0.1452,1575.0
s4_pts5-r0,3,12,pm,2139,-88018.5,-3.5061,0.7979,0.2211,1900.0
s4_pts5-r1,3,13,all,17599,-496421.0,-14.6518,0.8018,0.4651,1262.5
s4_pts5-r1,3,13,eve,2448,-70217.0,-5.5513,0.7992,0.4641,262.5
s4_pts5-r1,3,13,asia,2040,-55785.0,-4.8292,0.8076,0.4667,262.5
s4_pts5-r1,3,13,london,2740,-88597.5,-6.5997,0.7769,0.4577,1262.5
s4_pts5-r1,3,13,pre,2062,-50948.0,-4.3836,0.8245,0.4719,275.0
s4_pts5-r1,3,13,nyam,2761,-78056.5,-5.8115,0.8017,0.4647,250.0
s4_pts5-r1,3,13,mid,2791,-90939.0,-6.7466,0.7748,0.4565,250.0
s4_pts5-r1,3,13,pm,2757,-61878.0,-4.6472,0.837,0.4762,250.0
s4_pts5-r2,3,14,all,16037,-532110.5,-12.0117,0.8192,0.3093,2037.5
s4_pts5-r2,3,14,eve,2157,-82140.5,-5.0632,0.796,0.2995,262.5
s4_pts5-r2,3,14,asia,1718,-59559.5,-4.0966,0.813,0.3044,262.5
s4_pts5-r2,3,14,london,2553,-81362.0,-4.5417,0.8277,0.3087,2037.5
s4_pts5-r2,3,14,pre,1765,-45747.5,-3.0717,0.8579,0.3156,275.0
s4_pts5-r2,3,14,nyam,2616,-76664.0,-4.2489,0.8402,0.3112,250.0
s4_pts5-r2,3,14,mid,2631,-111724.0,-6.2922,0.7734,0.2946,262.5
s4_pts5-r2,3,14,pm,2597,-74913.0,-4.2925,0.8356,0.3304,1900.0
s4_pts5-r3,3,15,all,15096,-527184.0,-10.2146,0.8276,0.2374,2037.5
s4_pts5-r3,3,15,eve,2010,-78915.0,-4.1664,0.81,0.2244,262.5
s4_pts5-r3,3,15,asia,1625,-46250.0,-2.6729,0.8603,0.2357,262.5
s4_pts5-r3,3,15,london,2381,-75849.0,-3.6192,0.8447,0.2327,2037.5
s4_pts5-r3,3,15,pre,1655,-62457.5,-3.6281,0.8169,0.2266,275.0
s4_pts5-r3,3,15,nyam,2497,-63413.0,-2.9487,0.8746,0.2391,250.0
s4_pts5-r3,3,15,mid,2472,-111850.5,-5.4271,0.7803,0.2257,1575.0
s4_pts5-r3,3,15,pm,2456,-88449.0,-4.5189,0.8106,0.2712,1900.0
s4_pts8-r0,3,16,all,11175,-335412.5,-3.149,0.9086,0.199,2487.5
s4_pts8-r0,3,16,eve,1482,-97128.0,-2.3876,0.8183,0.1329,1537.5
s4_pts8-r0,3,16,asia,1262,327.0,0.0084,1.0008,0.1696,2487.5
s4_pts8-r0,3,16,london,1714,-46656.0,-1.0164,0.9222,0.1599,2037.5
s4_pts8-r0,3,16,pre,1274,23679.0,0.4921,1.0546,0.1797,525.0
s4_pts8-r0,3,16,nyam,1833,-61732.0,-1.5071,0.8991,0.1909,475.0
s4_pts8-r0,3,16,mid,1830,-95882.5,-2.7147,0.8358,0.2213,1575.0
s4_pts8-r0,3,16,pm,1780,-58020.0,-2.0281,0.877,0.3118,662.5
s4_pts8-r1,3,17,all,14937,-482348.0,-9.7988,0.8513,0.472,2037.5
s4_pts8-r1,3,17,eve,1959,-72886.0,-4.0628,0.8324,0.4666,412.5
s4_pts8-r1,3,17,asia,1513,-40664.5,-2.5755,0.8759,0.4798,412.5
s4_pts8-r1,3,17,london,2389,-78806.0,-3.9565,0.8501,0.4726,2037.5
s4_pts8-r1,3,17,pre,1580,-41770.0,-2.5899,0.8778,0.481,525.0
s4_pts8-r1,3,17,nyam,2521,-55871.5,-2.7408,0.8966,0.4851,400.0
s4_pts8-r1,3,17,mid,2515,-119160.0,-5.8974,0.7903,0.4541,425.0
s4_pts8-r1,3,17,pm,2460,-73190.0,-3.7982,0.8549,0.4703,400.0
s4_pts8-r2,3,18,all,12972,-459700.5,-7.3328,0.872,0.3252,2487.5
s4_pts8-r2,3,18,eve,1666,-75501.5,-3.307,0.843,0.3067,1537.5
s4_pts8-r2,3,18,asia,1324,-38771.0,-1.8727,0.8968,0.3218,2487.5
s4_pts8-r2,3,18,london,2045,-70217.5,-2.7515,0.8794,0.3169,2037.5
s4_pts8-r2,3,18,pre,1375,-45212.5,-2.1709,0.8838,0.32,525.0
s4_pts8-r2,3,18,nyam,2224,-36883.5,-1.3814,0.94,0.3327,475.0
s4_pts8-r2,3,18,mid,2193,-124884.5,-4.9421,0.7992,0.3092,1575.0
s4_pts8-r2,3,18,pm,2145,-68230.0,-2.9265,0.8706,0.3618,400.0
s4_pts8-r3,3,19,all,12122,-361450.5,-4.9853,0.9009,0.2665,2487.5
s4_pts8-r3,3,19,eve,1577,-64208.0,-2.3848,0.8716,0.2372,1537.5
s4_pts8-r3,3,19,asia,1287,-17073.0,-0.684,0.9572,0.2556,2487.5
s4_pts8-r3,3,19,london,1874,-61246.0,-2.0744,0.8961,0.2455,2037.5
s4_pts8-r3,3,19,pre,1322,-32463.0,-1.3097,0.9208,0.2542,525.0
s4_pts8-r3,3,19,nyam,2050,-44075.0,-1.4338,0.93,0.258,475.0
s4_pts8-r3,3,19,mid,2020,-111142.5,-3.9102,0.8188,0.2604,1575.0
s4_pts8-r3,3,19,pm,1992,-31243.0,-1.2069,0.9382,0.3399,662.5
s4_pts12-r0,3,20,all,9429,-325053.5,-2.8135,0.92,0.2685,2487.5
s4_pts12-r0,3,20,eve,1231,-183811.5,-4.5865,0.7001,0.1803,1250.0
s4_pts12-r0,3,20,asia,1088,-7939.5,-0.1873,0.9841,0.2408,2487.5
s4_pts12-r0,3,20,london,1438,-57014.5,-1.1333,0.9163,0.2177,900.0
s4_pts12-r0,3,20,pre,1099,57616.5,1.1124,1.1179,0.2693,1750.0
s4_pts12-r0,3,20,nyam,1542,-15205.5,-0.3236,0.9775,0.2672,1875.0
s4_pts12-r0,3,20,mid,1521,-68584.0,-1.766,0.8884,0.3057,1862.5
s4_pts12-r0,3,20,pm,1510,-50115.0,-1.5859,0.8978,0.3722,662.5
s4_pts12-r1,3,21,all,12192,-377868.0,-5.7757,0.8994,0.4816,1875.0
s4_pts12-r1,3,21,eve,1532,-43615.5,-1.8393,0.9102,0.4843,1250.0
s4_pts12-r1,3,21,asia,1206,-24561.5,-1.1689,0.9348,0.4917,612.5
s4_pts12-r1,3,21,london,1932,-74453.0,-2.8033,0.8801,0.4762,675.0
s4_pts12-r1,3,21,pre,1280,-29045.0,-1.3423,0.9273,0.4922,1750.0
s4_pts12-r1,3,21,nyam,2109,-66936.0,-2.4175,0.8996,0.4803,1875.0
s4_pts12-r1,3,21,mid,2070,-92542.5,-3.4337,0.858,0.4715,1862.5
s4_pts12-r1,3,21,pm,2063,-46714.5,-1.8898,0.9155,0.4838,612.5
s4_pts12-r2,3,22,all,10444,-257476.0,-3.1485,0.9354,0.3522,2487.5
s4_pts12-r2,3,22,eve,1332,-44890.5,-1.4739,0.9178,0.3273,1250.0
s4_pts12-r2,3,22,asia,1111,-20056.5,-0.717,0.9552,0.3384,2487.5
s4_pts12-r2,3,22,london,1603,-67049.5,-2.018,0.8985,0.325,875.0
s4_pts12-r2,3,22,pre,1148,-8054.5,-0.2848,0.9822,0.3563,1750.0
s4_pts12-r2,3,22,nyam,1774,-27508.5,-0.7913,0.9606,0.345,1875.0
s4_pts12-r2,3,22,mid,1723,-66417.0,-2.0571,0.8978,0.3552,1862.5
s4_pts12-r2,3,22,pm,1753,-23499.5,-0.8182,0.9561,0.4062,662.5
s4_pts12-r3,3,23,all,9836,-288819.0,-3.1404,0.9286,0.3021,2487.5
s4_pts12-r3,3,23,eve,1269,-88826.0,-2.5633,0.8474,0.2459,1250.0
s4_pts12-r3,3,23,asia,1099,11641.5,0.3496,1.0246,0.2921,2487.5
s4_pts12-r3,3,23,london,1504,-63653.5,-1.6709,0.9055,0.262,875.0
s4_pts12-r3,3,23,pre,1124,3841.5,0.1164,1.0081,0.306,1750.0
s4_pts12-r3,3,23,nyam,1628,-71987.0,-1.9031,0.8965,0.2856,1875.0
s4_pts12-r3,3,23,mid,1610,-40477.5,-1.1321,0.9362,0.3255,1862.5
s4_pts12-r3,3,23,pm,1602,-39358.0,-1.3134,0.9229,0.3814,662.5
s4_pct0p1-r0,3,24,all,13675,-303887.5,-3.247,0.8989,0.1261,1687.5
s4_pct0p1-r0,3,24,eve,1871,-88459.0,-2.4713,0.797,0.0791,1275.0
s4_pct0p1-r0,3,24,asia,1594,-14426.0,-0.4267,0.9598,0.1023,325.0
s4_pct0p1-r0,3,24,london,2109,-62986.0,-1.6884,0.8702,0.0948,1687.5
s4_pct0p1-r0,3,24,pre,1594,58749.0,1.2745,1.166,0.1186,312.5
s4_pct0p1-r0,3,24,nyam,2166,-39064.0,-1.1106,0.918,0.1247,325.0
s4_pct0p1-r0,3,24,mid,2194,-94851.0,-3.1005,0.802,0.1335,725.0
s4_pct0p1-r0,3,24,pm,2147,-62850.5,-2.4814,0.8486,0.2152,662.5
s4_pct0p1-r1,3,25,all,17709,-526598.5,-16.1453,0.7826,0.4601,312.5
s4_pct0p1-r1,3,25,eve,2474,-91783.5,-7.5454,0.7364,0.4454,312.5
s4_pct0p1-r1,3,25,asia,2079,-71941.0,-6.4896,0.7503,0.4483,312.5
s4_pct0p1-r1,3,25,london,2736,-85794.0,-6.6668,0.7731,0.4583,312.5
s4_pct0p1-r1,3,25,pre,2119,-52101.0,-4.6493,0.8153,0.4719,312.5
s4_pct0p1-r1,3,25,nyam,2769,-82388.5,-6.3484,0.7838,0.459,312.5
s4_pct0p1-r1,3,25,mid,2784,-87948.5,-6.7655,0.7719,0.458,312.5
s4_pct0p1-r1,3,25,pm,2748,-54642.0,-4.2641,0.8477,0.4782,312.5
s4_pct0p1-r2,3,26,all,16281,-512361.5,-11.9961,0.8192,0.309,325.0
s4_pct0p1-r2,3,26,eve,2214,-83306.0,-5.3028,0.7878,0.2981,312.5
s4_pct0p1-r2,3,26,asia,1781,-48149.0,-3.3927,0.8433,0.3116,312.5
s4_pct0p1-r2,3,26,london,2580,-67782.5,-3.9345,0.8487,0.3143,312.5
s4_pct0p1-r2,3,26,pre,1828,-48812.0,-3.402,0.8453,0.3173,312.5
s4_pct0p1-r2,3,26,nyam,2629,-68353.5,-3.9088,0.8505,0.3115,312.5
s4_pct0p1-r2,3,26,mid,2656,-132986.5,-7.853,0.7248,0.2828,325.0
s4_pct0p1-r2,3,26,pm,2593,-62972.0,-3.7628,0.8536,0.3297,312.5
s4_pct0p1-r3,3,27,all,15367,-493293.0,-9.8858,0.8326,0.2373,1687.5
s4_pct0p1-r3,3,27,eve,2066,-84776.5,-4.6454,0.7913,0.2212,312.5
s4_pct0p1-r3,3,27,asia,1669,-56026.0,-3.3852,0.8266,0.2271,312.5
s4_pct0p1-r3,3,27,london,2427,-42495.5,-2.0632,0.9082,0.2464,1687.5
s4_pct0p1-r3,3,27,pre,1725,-46750.0,-2.7643,0.8588,0.2388,312.5
s4_pct0p1-r3,3,27,nyam,2512,-67510.5,-3.262,0.8608,0.2345,312.5
s4_pct0p1-r3,3,27,mid,2513,-128977.0,-6.5683,0.7408,0.2153,312.5
s4_pct0p1-r3,3,27,pm,2455,-66757.5,-3.5284,0.8484,0.2733,312.5
s4_pct0p2-r0,3,28,all,10459,-305336.0,-2.7403,0.9204,0.2243,2487.5
s4_pct0p2-r0,3,28,eve,1381,-137974.0,-3.386,0.7588,0.1477,1537.5
s4_pct0p2-r0,3,28,asia,1191,598.5,0.0146,1.0013,0.1956,2487.5
s4_pct0p2-r0,3,28,london,1595,-41380.0,-0.8367,0.9348,0.1793,2037.5
s4_pct0p2-r0,3,28,pre,1201,33046.0,0.6685,1.0727,0.2123,625.0
s4_pct0p2-r0,3,28,nyam,1711,-22319.0,-0.5062,0.9647,0.2209,625.0
s4_pct0p2-r0,3,28,mid,1703,-84549.5,-2.3085,0.8577,0.2525,1575.0
s4_pct0p2-r0,3,28,pm,1677,-52758.0,-1.7603,0.8908,0.3339,662.5
s4_pct0p2-r1,3,29,all,13835,-450490.0,-8.0667,0.8695,0.4751,2037.5
s4_pct0p2-r1,3,29,eve,1779,-71241.0,-3.5052,0.8451,0.4699,1250.0
s4_pct0p2-r1,3,29,asia,1400,-42187.5,-2.3488,0.8806,0.4793,625.0
s4_pct0p2-r1,3,29,london,2205,-77495.0,-3.4199,0.8626,0.4753,2037.5
s4_pct0p2-r1,3,29,pre,1459,-34598.5,-1.8881,0.9046,0.4866,625.0
s4_pct0p2-r1,3,29,nyam,2354,-57403.5,-2.4579,0.9025,0.4834,625.0
s4_pct0p2-r1,3,29,mid,2347,-109263.0,-4.7447,0.8193,0.4597,1200.0
s4_pct0p2-r1,3,29,pm,2291,-58301.5,-2.7229,0.8878,0.4762,625.0
s4_pct0p2-r2,3,30,all,11929,-373441.0,-5.2952,0.9003,0.3356,2487.5
s4_pct0p2-r2,3,30,eve,1524,-69508.5,-2.6817,0.8634,0.3143,1537.5
s4_pct0p2-r2,3,30,asia,1238,-32689.5,-1.3816,0.9193,0.3288,2487.5
s4_pct0p2-r2,3,30,london,1860,-57527.5,-2.0027,0.9053,0.3242,2037.5
s4_pct0p2-r2,3,30,pre,1283,-9707.0,-0.4027,0.9762,0.3414,625.0
s4_pct0p2-r2,3,30,nyam,2028,-40574.5,-1.3582,0.9372,0.3328,625.0
s4_pct0p2-r2,3,30,mid,2007,-103665.5,-3.6767,0.8371,0.3259,1575.0
s4_pct0p2-r2,3,30,pm,1989,-59768.5,-2.3466,0.8884,0.3756,662.5
s4_pct0p2-r3,3,31,all,11169,-357651.0,-4.4468,0.9063,0.2775,2487.5
s4_pct0p2-r3,3,31,eve,1460,-74377.5,-2.4479,0.8623,0.2411,1537.5
s4_pct0p2-r3,3,31,asia,1211,-13806.5,-0.4877,0.968,0.2659,2487.5
s4_pct0p2-r3,3,31,london,1709,-57661.0,-1.7375,0.9069,0.251,2037.5
s4_pct0p2-r3,3,31,pre,1239,-4518.5,-0.1589,0.9896,0.276,625.0
s4_pct0p2-r3,3,31,nyam,1864,-51081.0,-1.519,0.9216,0.2661,625.0
s4_pct0p2-r3,3,31,mid,1850,-104050.0,-3.3628,0.8335,0.2778,1575.0
s4_pct0p2-r3,3,31,pm,1836,-52156.5,-1.9086,0.8987,0.3508,662.5
s5_atr1p5-r0,4,0,all,13694,-357326.0,-3.3806,0.8956,0.1425,7225.0
s5_atr1p5-r0,4,0,eve,1946,-95846.5,-2.5132,0.7764,0.0658,7225.0
s5_atr1p5-r0,4,0,asia,2233,-83957.0,-2.9717,0.7179,0.039,1775.0
s5_atr1p5-r0,4,0,london,2319,-112938.5,-2.9039,0.7673,0.0668,1850.0
s5_atr1p5-r0,4,0,pre,1605,30180.0,0.6412,1.0751,0.114,1900.0
s5_atr1p5-r0,4,0,nyam,1980,-25182.5,-0.5283,0.9622,0.1793,2275.0
s5_atr1p5-r0,4,0,mid,1778,-24474.5,-0.5733,0.9614,0.257,2187.5
s5_atr1p5-r0,4,0,pm,1833,-45107.0,-1.3626,0.9111,0.3202,1925.0
s5_atr1p5-r1,4,1,all,18463,-584914.5,-11.265,0.8122,0.4468,7225.0
s5_atr1p5-r1,4,1,eve,2696,-75346.5,-4.7024,0.7739,0.4525,7225.0
s5_atr1p5-r1,4,1,asia,2810,-94027.5,-10.9775,0.5954,0.39,1275.0
s5_atr1p5-r1,4,1,london,2831,-105711.5,-7.912,0.7051,0.4299,1950.0
s5_atr1p5-r1,4,1,pre,2141,-60376.5,-3.9507,0.8183,0.4605,1837.5
s5_atr1p5-r1,4,1,nyam,2721,-104121.5,-4.3141,0.8301,0.4612,2275.0
s5_atr1p5-r1,4,1,mid,2579,-97816.0,-3.5342,0.8544,0.4591,2262.5
s5_atr1p5-r1,4,1,pm,2685,-47515.0,-1.9313,0.917,0.4808,2525.0
s5_atr1p5-r2,4,2,all,16633,-496757.0,-7.6247,0.8564,0.3097,7225.0
s5_atr1p5-r2,4,2,eve,2430,-66020.0,-3.2837,0.829,0.3041,7225.0
s5_atr1p5-r2,4,2,asia,2710,-115415.0,-10.546,0.5979,0.2506,1775.0
s5_atr1p5-r2,4,2,london,2816,-58926.5,-3.1393,0.8648,0.3104,1850.0
s5_atr1p5-r2,4,2,pre,1804,-73466.0,-3.8664,0.799,0.2982,1900.0
s5_atr1p5-r2,4,2,nyam,2455,-73220.0,-2.3068,0.8963,0.3157,2275.0
s5_atr1p5-r2,4,2,mid,2109,-73311.0,-2.1869,0.8944,0.3257,2187.5
s5_atr1p5-r2,4,2,pm,2309,-36398.5,-1.2297,0.9376,0.3725,2525.0
s5_atr1p5-r3,4,3,all,15441,-482464.0,-6.6431,0.8612,0.2483,7225.0
s5_atr1p5-r3,4,3,eve,2227,-67820.5,-2.912,0.8313,0.2254,7225.0
s5_atr1p5-r3,4,3,asia,2555,-110245.0,-8.7278,0.6263,0.1922,1775.0
s5_atr1p5-r3,4,3,london,2733,-54294.5,-2.4685,0.8847,0.2437,1850.0
s5_atr1p5-r3,4,3,pre,1697,-74313.0,-3.3999,0.8034,0.2239,1900.0
s5_atr1p5-r3,4,3,nyam,2236,-86169.0,-2.4078,0.8786,0.2442,2275.0
s5_atr1p5-r3,4,3,mid,1909,-25323.5,-0.6656,0.9618,0.2829,2187.5
s5_atr1p5-r3,4,3,pm,2084,-64298.5,-2.1634,0.8844,0.3402,1925.0
s5_atr3-r0,4,4,all,10058,-191844.5,-1.5313,0.9516,0.2393,14450.0
s5_atr3-r0,4,4,eve,1399,14616.5,0.2754,1.0263,0.163,14450.0
s5_atr3-r0,4,4,asia,1669,-77351.0,-2.1545,0.8107,0.0839,3550.0
s5_atr3-r0,4,4,london,1814,-113243.5,-2.3859,0.8305,0.1433,3700.0
s5_atr3-r0,4,4,pre,1187,20139.5,0.3868,1.0402,0.2157,3337.5
s5_atr3-r0,4,4,nyam,1436,7443.5,0.1316,1.0102,0.3134,4212.5
s5_atr3-r0,4,4,mid,1230,10780.0,0.2354,1.0177,0.4073,4375.0
s5_atr3-r0,4,4,pm,1323,-54229.5,-1.4879,0.8913,0.4324,3737.5
s5_atr3-r1,4,5,all,13452,-403670.5,-4.9688,0.8958,0.4748,14450.0
s5_atr3-r1,4,5,eve,1947,-28900.5,-0.9875,0.9374,0.489,14450.0
s5_atr3-r1,4,5,asia,2305,-99870.0,-6.2604,0.7214,0.4295,3550.0
s5_atr3-r1,4,5,london,2657,-75315.5,-2.888,0.8768,0.4802,3700.0
s5_atr3-r1,4,5,pre,1380,-33970.0,-1.4064,0.915,0.4819,3337.5
s5_atr3-r1,4,5,nyam,1939,-58581.0,-1.4597,0.9269,0.4863,4800.0
s5_atr3-r1,4,5,mid,1474,-51633.5,-1.3323,0.9225,0.481,4375.0
s5_atr3-r1,4,5,pm,1750,-55400.0,-1.6587,0.9039,0.4869,4662.5
s5_atr3-r2,4,6,all,11190,-243972.5,-2.5703,0.9375,0.3552,14450.0
s5_atr3-r2,4,6,eve,1551,3096.0,0.086,1.0063,0.3436,14450.0
s5_atr3-r2,4,6,asia,1903,-71449.5,-3.6407,0.8069,0.3074,3550.0
s5_atr3-r2,4,6,london,2235,-75902.5,-2.2782,0.8876,0.3208,3700.0
s5_atr3-r2,4,6,pre,1230,-57445.0,-1.8774,0.8763,0.3171,3337.5
s5_atr3-r2,4,6,nyam,1577,16629.5,0.3546,1.022,0.3697,4800.0
s5_atr3-r2,4,6,mid,1262,9252.0,0.2138,1.0151,0.42,4375.0
s5_atr3-r2,4,6,pm,1432,-68153.0,-1.9588,0.8714,0.4448,3737.5
s5_atr3-r3,4,7,all,10483,-279244.5,-2.7202,0.9287,0.3012,14450.0
s5_atr3-r3,4,7,eve,1453,2900.5,0.0722,1.0056,0.2719,14450.0
s5_atr3-r3,4,7,asia,1759,-71723.5,-3.1951,0.8096,0.2257,3550.0
s5_atr3-r3,4,7,london,2005,-81557.5,-2.2238,0.8779,0.2444,3700.0
s5_atr3-r3,4,7,pre,1203,-54824.5,-1.5302,0.8882,0.2569,3337.5
s5_atr3-r3,4,7,nyam,1473,-5079.5,-0.0992,0.9932,0.3225,4800.0
s5_atr3-r3,4,7,mid,1232,2184.5,0.0494,1.0036,0.4091,4375.0
s5_atr3-r3,4,7,pm,1358,-71144.5,-2.0424,0.8608,0.433,3737.5
s5_pts2p5-r0,4,8,all,16281,-418524.0,-5.752,0.8065,0.064,1900.0
s5_pts2p5-r0,4,8,eve,2268,-52359.5,-1.7251,0.8289,0.0463,137.5
s5_pts2p5-r0,4,8,asia,2057,-61178.0,-2.2217,0.7802,0.0447,300.0
s5_pts2p5-r0,4,8,london,2437,-72723.0,-2.3982,0.7801,0.0464,1687.5
s5_pts2p5-r0,4,8,pre,2030,-16832.5,-0.5854,0.9378,0.0596,300.0
s5_pts2p5-r0,4,8,nyam,2522,-36925.5,-1.2726,0.8898,0.065,1387.5
s5_pts2p5-r0,4,8,mid,2516,-112676.5,-4.9015,0.6628,0.066,1437.5
s5_pts2p5-r0,4,8,pm,2451,-65829.0,-2.9496,0.7865,0.1146,1900.0
s5_pts2p5-r1,4,9,all,19405,-606707.5,-33.612,0.6191,0.42,237.5
s5_pts2p5-r1,4,9,eve,2804,-80453.5,-11.6899,0.6444,0.4297,125.0
s5_pts2p5-r1,4,9,asia,2670,-94080.0,-14.1262,0.5816,0.4049,137.5
s5_pts2p5-r1,4,9,london,2830,-98082.5,-14.2928,0.587,0.4071,137.5
s5_pts2p5-r1,4,9,pre,2632,-80453.0,-12.083,0.626,0.4229,237.5
s5_pts2p5-r1,4,9,nyam,2827,-72433.0,-10.4492,0.6758,0.4415,137.5
s5_pts2p5-r1,4,9,mid,2831,-96611.5,-14.0666,0.5919,0.409,125.0
s5_pts2p5-r1,4,9,pm,2811,-84594.0,-12.2957,0.6305,0.4244,125.0
s5_pts2p5-r2,4,10,all,18811,-629419.0,-26.4108,0.6721,0.2789,237.5
s5_pts2p5-r2,4,10,eve,2688,-76177.0,-8.3373,0.7171,0.292,137.5
s5_pts2p5-r2,4,10,asia,2428,-83987.0,-9.8377,0.6624,0.2759,150.0
s5_pts2p5-r2,4,10,london,2822,-96725.5,-10.5001,0.6651,0.2768,137.5
s5_pts2p5-r2,4,10,pre,2420,-73692.5,-8.5429,0.6985,0.2868,237.5
s5_pts2p5-r2,4,10,nyam,2822,-104438.0,-11.4301,0.6419,0.2697,137.5
s5_pts2p5-r2,4,10,mid,2823,-111292.0,-12.2741,0.6216,0.2635,125.0
s5_pts2p5-r2,4,10,pm,2808,-83107.0,-8.9343,0.7057,0.2888,125.0
s5_pts2p5-r3,4,11,all,18321,-613521.5,-21.6515,0.7001,0.2115,1900.0
s5_pts2p5-r3,4,11,eve,2572,-62600.5,-5.7342,0.777,0.2286,137.5
s5_pts2p5-r3,4,11,asia,2293,-78522.0,-7.8624,0.694,0.2093,150.0
s5_pts2p5-r3,4,11,london,2778,-94862.0,-8.6276,0.6948,0.2095,137.5
s5_pts2p5-r3,4,11,pre,2284,-77898.5,-7.8083,0.6952,0.2097,237.5
s5_pts2p5-r3,4,11,nyam,2807,-99453.0,-9.0387,0.6843,0.207,137.5
s5_pts2p5-r3,4,11,mid,2804,-114078.5,-10.5781,0.6418,0.1969,125.0
s5_pts2p5-r3,4,11,pm,2783,-86107.0,-7.6681,0.7206,0.2199,1900.0
s5_pts5-r0,4,12,all,13375,-302712.5,-3.2278,0.9021,0.1308,2375.0
s5_pts5-r0,4,12,eve,1789,-29643.5,-0.7698,0.9314,0.0945,950.0
s5_pts5-r0,4,12,asia,1554,-18641.0,-0.5136,0.95,0.0985,300.0
s5_pts5-r0,4,12,london,2020,-63817.5,-1.6271,0.8683,0.1054,2375.0
s5_pts5-r0,4,12,pre,1561,15993.5,0.4372,1.0434,0.116,2100.0
s5_pts5-r0,4,12,nyam,2160,-51252.5,-1.4001,0.8987,0.1227,1387.5
s5_pts5-r0,4,12,mid,2186,-90181.5,-2.7799,0.8188,0.1414,1437.5
s5_pts5-r0,4,12,pm,2105,-65170.0,-2.4165,0.8486,0.2185,1900.0
s5_pts5-r1,4,13,all,17516,-548514.0,-16.2138,0.7826,0.4588,2100.0
s5_pts5-r1,4,13,eve,2440,-54747.5,-4.3291,0.8393,0.4762,262.5
s5_pts5-r1,4,13,asia,2025,-79962.5,-6.9781,0.734,0.443,262.5
s5_pts5-r1,4,13,london,2732,-69053.0,-5.1631,0.8208,0.4707,275.0
s5_pts5-r1,4,13,pre,2049,-55971.0,-4.7573,0.8084,0.4685,2100.0
s5_pts5-r1,4,13,nyam,2760,-97127.5,-7.2451,0.7594,0.4514,462.5
s5_pts5-r1,4,13,mid,2770,-102805.0,-7.6684,0.7476,0.4473,375.0
s5_pts5-r1,4,13,pm,2740,-88847.5,-6.6918,0.774,0.4551,250.0
s5_pts5-r2,4,14,all,16015,-534410.0,-12.0628,0.8185,0.3085,2100.0
s5_pts5-r2,4,14,eve,2128,-57799.5,-3.5396,0.8515,0.3139,412.5
s5_pts5-r2,4,14,asia,1744,-62638.5,-4.283,0.8067,0.3028,250.0
s5_pts5-r2,4,14,london,2514,-42793.5,-2.3856,0.905,0.3274,262.5
s5_pts5-r2,4,14,pre,1766,-61576.5,-4.1311,0.8128,0.3052,2100.0
s5_pts5-r2,4,14,nyam,2622,-109788.0,-6.1687,0.7772,0.2948,462.5
s5_pts5-r2,4,14,mid,2639,-129706.0,-7.3584,0.7409,0.2861,425.0
s5_pts5-r2,4,14,pm,2602,-70108.0,-3.9836,0.847,0.3286,1900.0
s5_pts5-r3,4,15,all,15065,-441385.0,-8.4854,0.8545,0.2419,2100.0
s5_pts5-r3,4,15,eve,1984,-32561.0,-1.6737,0.9182,0.247,325.0
s5_pts5-r3,4,15,asia,1631,-51936.5,-3.0126,0.8442,0.233,250.0
s5_pts5-r3,4,15,london,2342,-24405.5,-1.1471,0.9476,0.2536,262.5
s5_pts5-r3,4,15,pre,1657,-67065.5,-3.876,0.8051,0.2251,2100.0
s5_pts5-r3,4,15,nyam,2490,-80447.5,-3.781,0.8421,0.2321,462.5
s5_pts5-r3,4,15,mid,2504,-124153.5,-6.0432,0.7605,0.2196,425.0
s5_pts5-r3,4,15,pm,2457,-60815.5,-3.0335,0.8691,0.2764,1900.0
s5_pts8-r0,4,16,all,11150,-327475.0,-3.1012,0.9112,0.1941,2425.0
s5_pts8-r0,4,16,eve,1470,-5567.5,-0.1188,0.9893,0.1483,800.0
s5_pts8-r0,4,16,asia,1237,-43660.5,-1.1518,0.9003,0.1455,800.0
s5_pts8-r0,4,16,london,1710,-89490.0,-2.0259,0.8518,0.1526,2425.0
s5_pts8-r0,4,16,pre,1303,-19212.0,-0.4936,0.9572,0.1719,2100.0
s5_pts8-r0,4,16,nyam,1828,-46949.5,-1.1224,0.9237,0.1838,1387.5
s5_pts8-r0,4,16,mid,1835,-61027.5,-1.6159,0.8955,0.2207,1437.5
s5_pts8-r0,4,16,pm,1767,-61568.0,-2.079,0.8712,0.3056,1900.0
s5_pts8-r1,4,17,all,14927,-532308.0,-10.8107,0.8371,0.4684,2100.0
s5_pts8-r1,4,17,eve,1946,-77234.0,-4.3213,0.8222,0.4635,412.5
s5_pts8-r1,4,17,asia,1501,-55166.5,-3.5124,0.8342,0.4677,412.5
s5_pts8-r1,4,17,london,2404,-54966.0,-2.7579,0.8935,0.4846,875.0
s5_pts8-r1,4,17,pre,1592,-53905.5,-3.3058,0.8465,0.4724,2100.0
s5_pts8-r1,4,17,nyam,2525,-100800.0,-4.9531,0.8212,0.463,462.5
s5_pts8-r1,4,17,mid,2499,-119496.0,-5.9337,0.7886,0.4542,425.0
s5_pts8-r1,4,17,pm,2460,-70740.0,-3.6506,0.8598,0.4744,1900.0
s5_pts8-r2,4,18,all,12979,-410828.5,-6.5245,0.8854,0.3272,2425.0
s5_pts8-r2,4,18,eve,1656,-30299.0,-1.3101,0.9344,0.3297,412.5
s5_pts8-r2,4,18,asia,1311,-54544.0,-2.6931,0.8549,0.3097,412.5
s5_pts8-r2,4,18,london,2033,-38532.0,-1.4962,0.9322,0.3301,2425.0
s5_pts8-r2,4,18,pre,1396,-73484.0,-3.5341,0.8189,0.3037,2100.0
s5_pts8-r2,4,18,nyam,2227,-49383.0,-1.8529,0.9204,0.3269,525.0
s5_pts8-r2,4,18,mid,2202,-110245.5,-4.3272,0.8224,0.3124,425.0
s5_pts8-r2,4,18,pm,2154,-54341.0,-2.2877,0.8976,0.364,1900.0
s5_pts8-r3,4,19,all,12071,-370334.0,-5.1071,0.8984,0.2641,2425.0
s5_pts8-r3,4,19,eve,1549,-18533.5,-0.6786,0.9613,0.2563,412.5
s5_pts8-r3,4,19,asia,1263,-43102.0,-1.7822,0.8916,0.2407,475.0
s5_pts8-r3,4,19,london,1869,-54463.5,-1.8377,0.9072,0.2472,2425.0
s5_pts8-r3,4,19,pre,1338,-60427.0,-2.4629,0.857,0.2422,2100.0
s5_pts8-r3,4,19,nyam,2034,-50073.5,-1.6326,0.9204,0.2527,1387.5
s5_pts8-r3,4,19,mid,2040,-90322.5,-3.1094,0.8536,0.2618,1437.5
s5_pts8-r3,4,19,pm,1978,-53412.0,-2.0727,0.8963,0.3301,1900.0
s5_pts12-r0,4,20,all,9390,-281635.0,-2.3861,0.9309,0.2644,2662.5
s5_pts12-r0,4,20,eve,1211,9018.5,0.1796,1.0156,0.218,2437.5
s5_pts12-r0,4,20,asia,1078,-65587.0,-1.5801,0.8731,0.2069,900.0
s5_pts12-r0,4,20,london,1441,-92551.5,-1.8778,0.8661,0.2082,2662.5
s5_pts12-r0,4,20,pre,1120,21720.0,0.4212,1.0424,0.2482,2100.0
s5_pts12-r0,4,20,nyam,1530,-40507.5,-0.8957,0.94,0.2627,1387.5
s5_pts12-r0,4,20,mid,1529,-65066.0,-1.6495,0.895,0.2995,1437.5
s5_pts12-r0,4,20,pm,1481,-48661.5,-1.5391,0.8993,0.3768,1900.0
s5_pts12-r1,4,21,all,12168,-410984.5,-6.2838,0.8908,0.4785,2662.5
s5_pts12-r1,4,21,eve,1529,-15328.5,-0.6481,0.9673,0.5003,637.5
s5_pts12-r1,4,21,asia,1202,-44270.5,-2.1129,0.8851,0.4784,612.5
s5_pts12-r1,4,21,london,1954,-47616.0,-1.7691,0.9227,0.4898,2662.5
s5_pts12-r1,4,21,pre,1281,-51886.5,-2.3921,0.8741,0.4762,2100.0
s5_pts12-r1,4,21,nyam,2107,-62628.0,-2.2668,0.9056,0.4822,725.0
s5_pts12-r1,4,21,mid,2044,-121963.5,-4.5723,0.8145,0.456,1812.5
s5_pts12-r1,4,21,pm,2051,-67291.5,-2.7267,0.8802,0.4715,1900.0
s5_pts12-r2,4,22,all,10353,-283149.5,-3.4697,0.9289,0.3502,2662.5
s5_pts12-r2,4,22,eve,1301,24008.5,0.776,1.0468,0.3582,2437.5
s5_pts12-r2,4,22,asia,1101,-54979.0,-2.0054,0.8794,0.3188,600.0
s5_pts12-r2,4,22,london,1601,-66766.5,-2.0032,0.8989,0.3248,2662.5
s5_pts12-r2,4,22,pre,1159,-53498.5,-1.9129,0.887,0.3322,2100.0
s5_pts12-r2,4,22,nyam,1740,-32560.0,-0.9445,0.9527,0.3431,1387.5
s5_pts12-r2,4,22,mid,1746,-69946.5,-2.1433,0.8946,0.3494,1437.5
s5_pts12-r2,4,22,pm,1705,-29407.5,-1.0375,0.9442,0.4088,1900.0
s5_pts12-r3,4,23,all,9765,-319485.0,-3.477,0.921,0.2985,2662.5
s5_pts12-r3,4,23,eve,1239,-4943.5,-0.1386,0.9909,0.2785,2437.5
s5_pts12-r3,4,23,asia,1086,-67431.5,-2.1095,0.8627,0.2523,900.0
s5_pts12-r3,4,23,london,1493,-84597.0,-2.2418,0.8744,0.2565,2662.5
s5_pts12-r3,4,23,pre,1139,-56968.5,-1.7594,0.8868,0.2748,2100.0
s5_pts12-r3,4,23,nyam,1609,-38723.5,-1.0062,0.9437,0.2884,1387.5
s5_pts12-r3,4,23,mid,1618,-42572.0,-1.184,0.9334,0.3189,1437.5
s5_pts12-r3,4,23,pm,1581,-24249.0,-0.8064,0.9518,0.3922,1900.0
s5_pct0p1-r0,4,24,all,13595,-317980.0,-3.497,0.8935,0.1253,1900.0
s5_pct0p1-r0,4,24,eve,1835,-28065.0,-0.7342,0.9332,0.0888,800.0
s5_pct0p1-r0,4,24,asia,1574,-34771.0,-1.0163,0.903,0.0909,312.5
s5_pct0p1-r0,4,24,london,2061,-86681.5,-2.3317,0.8161,0.0922,625.0
s5_pct0p1-r0,4,24,pre,1616,-2064.0,-0.0592,0.9943,0.1095,312.5
s5_pct0p1-r0,4,24,nyam,2174,-36108.5,-0.9978,0.9252,0.1224,1387.5
s5_pct0p1-r0,4,24,mid,2210,-85890.0,-2.7077,0.8212,0.1357,1437.5
s5_pct0p1-r0,4,24,pm,2125,-44400.0,-1.6484,0.892,0.2188,1900.0
s5_pct0p1-r1,4,25,all,17640,-528247.5,-16.219,0.7814,0.4578,312.5
s5_pct0p1-r1,4,25,eve,2470,-60067.5,-4.9192,0.8187,0.468,312.5
s5_pct0p1-r1,4,25,asia,2071,-71171.5,-6.433,0.7518,0.4486,312.5
s5_pct0p1-r1,4,25,london,2723,-75579.5,-5.882,0.7964,0.4602,312.5
s5_pct0p1-r1,4,25,pre,2095,-57817.5,-5.1853,0.7954,0.4625,312.5
s5_pct0p1-r1,4,25,nyam,2768,-93797.0,-7.2384,0.7576,0.4509,312.5
s5_pct0p1-r1,4,25,mid,2770,-99767.5,-7.7098,0.7441,0.4466,312.5
s5_pct0p1-r1,4,25,pm,2743,-70047.0,-5.4615,0.8095,0.4677,312.5
s5_pct0p1-r2,4,26,all,16217,-501243.0,-11.728,0.8223,0.3089,1900.0
s5_pct0p1-r2,4,26,eve,2165,-64285.0,-4.0878,0.8298,0.3058,412.5
s5_pct0p1-r2,4,26,asia,1800,-49200.0,-3.4515,0.8415,0.3111,312.5
s5_pct0p1-r2,4,26,london,2536,-58931.5,-3.4319,0.8654,0.3166,325.0
s5_pct0p1-r2,4,26,pre,1824,-56196.0,-3.9241,0.823,0.3059,312.5
s5_pct0p1-r2,4,26,nyam,2637,-95135.5,-5.5067,0.7969,0.3011,462.5
s5_pct0p1-r2,4,26,mid,2656,-112174.0,-6.54,0.7642,0.2922,325.0
s5_pct0p1-r2,4,26,pm,2599,-65321.0,-3.8795,0.8493,0.3297,1900.0
s5_pct0p1-r3,4,27,all,15314,-432131.0,-8.6178,0.852,0.2407,1900.0
s5_pct0p1-r3,4,27,eve,2025,-23675.0,-1.2495,0.938,0.2489,312.5
s5_pct0p1-r3,4,27,asia,1670,-38392.5,-2.2867,0.8793,0.2395,312.5
s5_pct0p1-r3,4,27,london,2377,-41295.5,-2.0278,0.9087,0.244,325.0
s5_pct0p1-r3,4,27,pre,1717,-72318.0,-4.3786,0.7848,0.2196,312.5
s5_pct0p1-r3,4,27,nyam,2518,-76909.5,-3.7453,0.8428,0.2347,462.5
s5_pct0p1-r3,4,27,mid,2531,-115099.0,-5.781,0.7682,0.222,900.0
s5_pct0p1-r3,4,27,pm,2476,-64441.5,-3.364,0.8553,0.2714,1900.0
s5_pct0p2-r0,4,28,all,10455,-322432.5,-2.9406,0.9164,0.2186,2100.0
s5_pct0p2-r0,4,28,eve,1376,6071.0,0.1254,1.0111,0.1759,800.0
s5_pct0p2-r0,4,28,asia,1173,-25879.5,-0.6461,0.9441,0.1773,762.5
s5_pct0p2-r0,4,28,london,1594,-97638.5,-2.1211,0.8471,0.1713,1587.5
s5_pct0p2-r0,4,28,pre,1233,-10907.0,-0.2688,0.977,0.1995,2100.0
s5_pct0p2-r0,4,28,nyam,1710,-59002.5,-1.3661,0.9083,0.2088,1387.5
s5_pct0p2-r0,4,28,mid,1714,-68331.0,-1.7532,0.8872,0.2474,1437.5
s5_pct0p2-r0,4,28,pm,1655,-66745.0,-2.193,0.8625,0.3233,1900.0
s5_pct0p2-r1,4,29,all,13804,-506303.5,-9.0756,0.8543,0.4706,2100.0
s5_pct0p2-r1,4,29,eve,1766,-64701.5,-3.1992,0.8572,0.4694,625.0
s5_pct0p2-r1,4,29,asia,1387,-33235.5,-1.8575,0.9039,0.4845,625.0
s5_pct0p2-r1,4,29,london,2207,-50565.5,-2.2293,0.9083,0.4862,1587.5
s5_pct0p2-r1,4,29,pre,1472,-32863.0,-1.774,0.9102,0.4857,2100.0
s5_pct0p2-r1,4,29,nyam,2344,-102163.5,-4.3981,0.8319,0.465,625.0
s5_pct0p2-r1,4,29,mid,2336,-138594.0,-6.0574,0.775,0.4478,625.0
s5_pct0p2-r1,4,29,pm,2292,-84180.5,-3.9189,0.8426,0.4673,1900.0
s5_pct0p2-r2,4,30,all,11952,-382620.5,-5.4264,0.8983,0.3342,2100.0
s5_pct0p2-r2,4,30,eve,1524,-22433.5,-0.8524,0.9543,0.334,650.0
s5_pct0p2-r2,4,30,asia,1231,-33174.0,-1.4109,0.9175,0.3225,625.0
s5_pct0p2-r2,4,30,london,1847,-58138.0,-2.0378,0.9037,0.3254,1587.5
s5_pct0p2-r2,4,30,pre,1310,-45665.0,-1.8992,0.8935,0.3221,2100.0
s5_pct0p2-r2,4,30,nyam,2033,-44544.5,-1.4963,0.9313,0.3335,625.0
s5_pct0p2-r2,4,30,mid,2024,-99883.5,-3.5035,0.8452,0.3261,1150.0
s5_pct0p2-r2,4,30,pm,1983,-78782.0,-3.1232,0.8545,0.3666,1900.0
s5_pct0p2-r3,4,31,all,11169,-381238.5,-4.7532,0.9003,0.2753,2100.0
s5_pct0p2-r3,4,31,eve,1438,1485.5,0.0477,1.0029,0.2691,650.0
s5_pct0p2-r3,4,31,asia,1191,-66601.5,-2.4644,0.8475,0.2376,625.0
s5_pct0p2-r3,4,31,london,1709,-77873.5,-2.392,0.8747,0.2475,1587.5
s5_pct0p2-r3,4,31,pre,1262,-47910.5,-1.7148,0.8941,0.2575,2100.0
s5_pct0p2-r3,4,31,nyam,1866,-56126.5,-1.6696,0.9144,0.2642,1387.5
s5_pct0p2-r3,4,31,mid,1866,-89451.5,-2.8255,0.8587,0.2797,1437.5
s5_pct0p2-r3,4,31,pm,1837,-44760.5,-1.6238,0.9133,0.3495,1900.0
s6_atr1p5-r0,5,0,all,13639,-424156.0,-3.9192,0.8753,0.1413,5200.0
s6_atr1p5-r0,5,0,eve,1980,-95795.0,-2.4624,0.7775,0.0641,5200.0
s6_atr1p5-r0,5,0,asia,2215,-59535.0,-1.498,0.7978,0.0402,1775.0
s6_atr1p5-r0,5,0,london,2324,-113071.0,-2.8411,0.767,0.068,1950.0
s6_atr1p5-r0,5,0,pre,1572,10799.5,0.2361,1.0276,0.1081,1675.0
s6_atr1p5-r0,5,0,nyam,1983,-47732.0,-1.0205,0.9287,0.1715,2025.0
s6_atr1p5-r0,5,0,mid,1727,-8820.5,-0.2044,0.9855,0.2698,4612.5
s6_atr1p5-r0,5,0,pm,1838,-110002.0,-3.6852,0.7886,0.3139,4087.5
s6_atr1p5-r1,5,1,all,18493,-494897.0,-9.5848,0.8385,0.4542,5200.0
s6_atr1p5-r1,5,1,eve,2695,-71355.0,-4.7032,0.7835,0.4445,5200.0
s6_atr1p5-r1,5,1,asia,2813,-78327.0,-9.003,0.6512,0.4131,1775.0
s6_atr1p5-r1,5,1,london,2832,-88053.0,-6.5917,0.7478,0.4439,1950.0
s6_atr1p5-r1,5,1,pre,2151,-38604.0,-2.5297,0.8803,0.4677,1900.0
s6_atr1p5-r1,5,1,nyam,2735,-85527.5,-3.5501,0.8587,0.4614,2300.0
s6_atr1p5-r1,5,1,mid,2583,-56594.5,-2.0396,0.9131,0.4785,4612.5
s6_atr1p5-r1,5,1,pm,2684,-76436.0,-3.123,0.8688,0.4762,4087.5
s6_atr1p5-r2,5,2,all,16525,-495325.0,-7.6282,0.8559,0.3121,5200.0
s6_atr1p5-r2,5,2,eve,2433,-53507.0,-2.6916,0.86,0.3066,5200.0
s6_atr1p5-r2,5,2,asia,2707,-95590.5,-8.2625,0.6607,0.2737,1775.0
s6_atr1p5-r2,5,2,london,2816,-100551.5,-5.5301,0.776,0.2979,1950.0
s6_atr1p5-r2,5,2,pre,1773,-48167.0,-2.4923,0.863,0.3063,1862.5
s6_atr1p5-r2,5,2,nyam,2460,-45615.0,-1.4169,0.9346,0.3252,2025.0
s6_atr1p5-r2,5,2,mid,2067,-67343.0,-2.0076,0.9006,0.329,4612.5
s6_atr1p5-r2,5,2,pm,2269,-84551.0,-2.9481,0.8584,0.3565,4087.5
s6_atr1p5-r3,5,3,all,15333,-502494.5,-6.8941,0.8544,0.2457,5200.0
s6_atr1p5-r3,5,3,eve,2247,-66575.5,-2.9547,0.8341,0.2252,5200.0
s6_atr1p5-r3,5,3,asia,2543,-91084.5,-6.6723,0.6862,0.1998,1775.0
s6_atr1p5-r3,5,3,london,2737,-117773.0,-5.5614,0.759,0.2207,1950.0
s6_atr1p5-r3,5,3,pre,1666,-28614.0,-1.2437,0.9201,0.2401,1587.5
s6_atr1p5-r3,5,3,nyam,2248,-50792.0,-1.3684,0.9282,0.2482,2025.0
s6_atr1p5-r3,5,3,mid,1861,-32056.5,-0.8492,0.9503,0.2864,4612.5
s6_atr1p5-r3,5,3,pm,2031,-115599.0,-3.9946,0.794,0.3245,4087.5
s6_atr3-r0,5,4,all,10059,-257698.5,-2.0295,0.9347,0.236,10400.0
s6_atr3-r0,5,4,eve,1426,-88191.5,-1.7591,0.847,0.1424,10400.0
s6_atr3-r0,5,4,asia,1652,10704.5,0.2262,1.0277,0.0975,2887.5
s6_atr3-r0,5,4,london,1835,-87490.0,-1.7516,0.8698,0.146,3925.0
s6_atr3-r0,5,4,pre,1167,-15318.0,-0.3067,0.969,0.2039,3337.5
s6_atr3-r0,5,4,nyam,1435,-5390.0,-0.105,0.9926,0.3101,4600.0
s6_atr3-r0,5,4,mid,1190,41740.0,0.8228,1.0728,0.4218,4825.0
s6_atr3-r0,5,4,pm,1354,-113753.5,-3.3315,0.7819,0.4114,8187.5
s6_atr3-r1,5,5,all,13505,-376557.5,-4.6844,0.9029,0.4749,10400.0
s6_atr3-r1,5,5,eve,1970,-34942.5,-1.2705,0.9254,0.4802,10400.0
s6_atr3-r1,5,5,asia,2328,-69099.5,-4.3008,0.8007,0.4502,2887.5
s6_atr3-r1,5,5,london,2650,-85837.5,-3.2799,0.8608,0.4781,3925.0
s6_atr3-r1,5,5,pre,1368,-41509.5,-1.741,0.8955,0.481,3475.0
s6_atr3-r1,5,5,nyam,1954,-44741.0,-1.1193,0.9443,0.4893,5512.5
s6_atr3-r1,5,5,mid,1477,-5020.5,-0.1297,0.9922,0.4963,4825.0
s6_atr3-r1,5,5,pm,1758,-95407.0,-2.8773,0.8417,0.4579,8187.5
s6_atr3-r2,5,6,all,11160,-330965.0,-3.546,0.9151,0.3486,10400.0
s6_atr3-r2,5,6,eve,1583,-44457.0,-1.3318,0.9138,0.3253,10400.0
s6_atr3-r2,5,6,asia,1884,-38823.5,-1.8508,0.8904,0.3084,2887.5
s6_atr3-r2,5,6,london,2236,-75756.5,-2.2872,0.888,0.3193,3925.0
s6_atr3-r2,5,6,pre,1212,-43860.5,-1.4328,0.9027,0.3193,3162.5
s6_atr3-r2,5,6,nyam,1581,-28674.0,-0.6269,0.9627,0.3574,5512.5
s6_atr3-r2,5,6,mid,1225,14600.0,0.3382,1.025,0.431,4825.0
s6_atr3-r2,5,6,pm,1439,-113993.5,-3.3389,0.792,0.417,8187.5
s6_atr3-r3,5,7,all,10444,-337501.0,-3.3122,0.9135,0.2961,10400.0
s6_atr3-r3,5,7,eve,1479,-58878.5,-1.5792,0.8907,0.2475,10400.0
s6_atr3-r3,5,7,asia,1738,-22802.0,-0.9035,0.9363,0.2382,2887.5
s6_atr3-r3,5,7,london,2000,-98937.5,-2.614,0.8548,0.232,3925.0
s6_atr3-r3,5,7,pre,1188,-45227.0,-1.2536,0.9065,0.25,3337.5
s6_atr3-r3,5,7,nyam,1470,-21392.5,-0.4323,0.971,0.3224,5512.5
s6_atr3-r3,5,7,mid,1193,16128.0,0.3609,1.0281,0.425,4825.0
s6_atr3-r3,5,7,pm,1376,-106391.5,-3.1045,0.7986,0.4142,8187.5
s6_pts2p5-r0,5,8,all,16290,-515147.5,-7.3696,0.7621,0.0622,1687.5
s6_pts2p5-r0,5,8,eve,2279,-91841.0,-3.3212,0.7031,0.0408,137.5
s6_pts2p5-r0,5,8,asia,2050,-31400.0,-1.0913,0.886,0.0517,325.0
s6_pts2p5-r0,5,8,london,2440,-75697.5,-2.6372,0.7707,0.0488,1687.5
s6_pts2p5-r0,5,8,pre,2019,-48113.5,-1.814,0.8225,0.052,312.5
s6_pts2p5-r0,5,8,nyam,2523,-101929.5,-4.1384,0.6983,0.0579,1387.5
s6_pts2p5-r0,5,8,mid,2499,-54158.5,-1.8817,0.8355,0.0724,1437.5
s6_pts2p5-r0,5,8,pm,2480,-112007.5,-6.1536,0.6416,0.1065,137.5
s6_pts2p5-r1,5,9,all,19404,-585266.0,-32.3774,0.6299,0.4242,287.5
s6_pts2p5-r1,5,9,eve,2797,-82400.5,-11.9963,0.6368,0.4269,137.5
s6_pts2p5-r1,5,9,asia,2671,-87021.5,-13.0052,0.6066,0.4152,287.5
s6_pts2p5-r1,5,9,london,2829,-74853.5,-10.8018,0.6672,0.4383,137.5
s6_pts2p5-r1,5,9,pre,2636,-83569.0,-12.563,0.6149,0.4184,200.0
s6_pts2p5-r1,5,9,nyam,2828,-82049.5,-11.874,0.6412,0.4286,137.5
s6_pts2p5-r1,5,9,mid,2832,-92040.5,-13.3682,0.6072,0.4153,137.5
s6_pts2p5-r1,5,9,pm,2811,-83331.5,-12.1041,0.635,0.4262,137.5
s6_pts2p5-r2,5,10,all,18831,-589474.0,-24.5728,0.6909,0.2844,200.0
s6_pts2p5-r2,5,10,eve,2703,-76012.0,-8.2907,0.7191,0.2926,137.5
s6_pts2p5-r2,5,10,asia,2441,-70301.5,-8.0834,0.713,0.2909,137.5
s6_pts2p5-r2,5,10,london,2809,-75148.5,-8.0119,0.7314,0.2962,150.0
s6_pts2p5-r2,5,10,pre,2432,-76865.5,-8.9189,0.6883,0.2837,200.0
s6_pts2p5-r2,5,10,nyam,2818,-106222.0,-11.6571,0.6362,0.2679,137.5
s6_pts2p5-r2,5,10,mid,2821,-93834.0,-10.1595,0.6738,0.2793,137.5
s6_pts2p5-r2,5,10,pm,2807,-91090.5,-9.8724,0.6806,0.2814,137.5
s6_pts2p5-r3,5,11,all,18332,-624515.5,-22.1298,0.6951,0.2101,200.0
s6_pts2p5-r3,5,11,eve,2591,-81751.5,-7.6313,0.7162,0.2146,150.0
s6_pts2p5-r3,5,11,asia,2298,-64842.0,-6.3588,0.744,0.2211,137.5
s6_pts2p5-r3,5,11,london,2772,-93525.5,-8.5029,0.6981,0.2103,150.0
s6_pts2p5-r3,5,11,pre,2296,-75934.0,-7.5667,0.7037,0.2117,200.0
s6_pts2p5-r3,5,11,nyam,2793,-104672.0,-9.6055,0.6677,0.203,137.5
s6_pts2p5-r3,5,11,mid,2801,-108404.0,-9.9877,0.6576,0.201,137.5
s6_pts2p5-r3,5,11,pm,2781,-95386.5,-8.7263,0.6918,0.2118,137.5
s6_pts5-r0,5,12,all,13354,-371266.0,-3.9955,0.8797,0.1304,1612.5
s6_pts5-r0,5,12,eve,1797,-76100.5,-2.05,0.8264,0.0863,950.0
s6_pts5-r0,5,12,asia,1533,-55744.5,-1.643,0.8501,0.0933,1337.5
s6_pts5-r0,5,12,london,2055,-68220.0,-1.6926,0.8618,0.1017,1437.5
s6_pts5-r0,5,12,pre,1530,-22395.0,-0.6696,0.9383,0.1085,837.5
s6_pts5-r0,5,12,nyam,2161,-29419.0,-0.7964,0.9414,0.1291,1387.5
s6_pts5-r0,5,12,mid,2145,-15442.5,-0.4217,0.9677,0.1613,1612.5
s6_pts5-r0,5,12,pm,2133,-103944.5,-4.0533,0.7634,0.2082,250.0
s6_pts5-r1,5,13,all,17585,-541965.0,-16.0207,0.7855,0.4596,425.0
s6_pts5-r1,5,13,eve,2452,-78470.5,-6.2049,0.7786,0.4576,262.5
s6_pts5-r1,5,13,asia,2034,-65511.0,-5.6873,0.7774,0.4572,262.5
s6_pts5-r1,5,13,london,2734,-76223.5,-5.7011,0.8042,0.4656,262.5
s6_pts5-r1,5,13,pre,2076,-70929.0,-6.0999,0.7655,0.4533,337.5
s6_pts5-r1,5,13,nyam,2757,-62778.0,-4.6709,0.8371,0.4755,262.5
s6_pts5-r1,5,13,mid,2783,-92994.5,-6.9098,0.7698,0.4549,250.0
s6_pts5-r1,5,13,pm,2749,-95058.5,-7.162,0.7604,0.4507,425.0
s6_pts5-r2,5,14,all,16010,-500052.5,-11.2816,0.8293,0.3111,1337.5
s6_pts5-r2,5,14,eve,2142,-46593.0,-2.8285,0.8797,0.3212,262.5
s6_pts5-r2,5,14,asia,1735,-56352.5,-3.8276,0.8246,0.3078,1337.5
s6_pts5-r2,5,14,london,2524,-72608.5,-4.0907,0.8432,0.3118,262.5
s6_pts5-r2,5,14,pre,1763,-45839.5,-3.0803,0.8575,0.3154,337.5
s6_pts5-r2,5,14,nyam,2639,-64243.5,-3.5236,0.8661,0.3179,375.0
s6_pts5-r2,5,14,mid,2628,-104837.0,-5.8881,0.786,0.2991,250.0
s6_pts5-r2,5,14,pm,2579,-109578.5,-6.4295,0.7648,0.3067,425.0
s6_pts5-r3,5,15,all,15012,-534385.5,-10.3951,0.8246,0.2359,1612.5
s6_pts5-r3,5,15,eve,1977,-54920.5,-2.8753,0.8635,0.2362,262.5
s6_pts5-r3,5,15,asia,1630,-72282.5,-4.2553,0.7873,0.2202,1337.5
s6_pts5-r3,5,15,london,2346,-78796.5,-3.8219,0.8361,0.231,262.5
s6_pts5-r3,5,15,pre,1639,-56243.5,-3.2616,0.8329,0.23,837.5
s6_pts5-r3,5,15,nyam,2503,-53999.5,-2.4969,0.8929,0.2441,375.0
s6_pts5-r3,5,15,mid,2477,-93983.0,-4.4918,0.8143,0.2325,1612.5
s6_pts5-r3,5,15,pm,2440,-124160.0,-6.5337,0.7399,0.25,250.0
s6_pts8-r0,5,16,all,11098,-390792.0,-3.7706,0.8929,0.198,1687.5
s6_pts8-r0,5,16,eve,1477,-92220.5,-2.0807,0.8271,0.1307,800.0
s6_pts8-r0,5,16,asia,1226,-34766.5,-0.9208,0.9196,0.1509,475.0
s6_pts8-r0,5,16,london,1724,-84471.0,-1.9003,0.8606,0.1549,1687.5
s6_pts8-r0,5,16,pre,1274,-29708.5,-0.8132,0.9315,0.1766,837.5
s6_pts8-r0,5,16,nyam,1818,-54034.5,-1.3048,0.9118,0.1848,1387.5
s6_pts8-r0,5,16,mid,1787,7164.5,0.1784,1.0131,0.2501,400.0
s6_pts8-r0,5,16,pm,1792,-102755.5,-3.8453,0.788,0.3036,500.0
s6_pts8-r1,5,17,all,14979,-448266.0,-9.0941,0.8615,0.4753,525.0
s6_pts8-r1,5,17,eve,1960,-54777.5,-3.0489,0.8713,0.4786,412.5
s6_pts8-r1,5,17,asia,1525,-55537.5,-3.5079,0.8356,0.4675,412.5
s6_pts8-r1,5,17,london,2392,-73655.5,-3.712,0.8592,0.4745,412.5
s6_pts8-r1,5,17,pre,1593,-36597.0,-2.2586,0.8929,0.484,525.0
s6_pts8-r1,5,17,nyam,2529,-75003.5,-3.6779,0.8639,0.4765,412.5
s6_pts8-r1,5,17,mid,2518,-87884.5,-4.338,0.841,0.4698,400.0
s6_pts8-r1,5,17,pm,2462,-64810.5,-3.3493,0.8714,0.4773,500.0
s6_pts8-r2,5,18,all,12910,-405477.5,-6.4705,0.8861,0.3289,1687.5
s6_pts8-r2,5,18,eve,1654,-50491.0,-2.2001,0.8923,0.3192,412.5
s6_pts8-r2,5,18,asia,1309,-51636.0,-2.5465,0.8622,0.3109,412.5
s6_pts8-r2,5,18,london,2053,-90537.0,-3.567,0.8471,0.3088,1687.5
s6_pts8-r2,5,18,pre,1366,-37189.0,-1.7839,0.9032,0.3243,837.5
s6_pts8-r2,5,18,nyam,2213,-41977.0,-1.5797,0.9315,0.3321,400.0
s6_pts8-r2,5,18,mid,2166,-57176.5,-2.2308,0.9032,0.3375,400.0
s6_pts8-r2,5,18,pm,2149,-76471.0,-3.2663,0.8574,0.3574,500.0
s6_pts8-r3,5,19,all,12027,-415358.0,-5.7822,0.8857,0.2637,1687.5
s6_pts8-r3,5,19,eve,1557,-68640.5,-2.5816,0.8611,0.237,412.5
s6_pts8-r3,5,19,asia,1267,-24343.0,-0.9893,0.9384,0.2494,412.5
s6_pts8-r3,5,19,london,1883,-60069.5,-2.0311,0.8985,0.2459,1687.5
s6_pts8-r3,5,19,pre,1312,-27660.5,-1.1182,0.9318,0.2569,837.5
s6_pts8-r3,5,19,nyam,2035,-65890.0,-2.1698,0.8956,0.2521,1387.5
s6_pts8-r3,5,19,mid,2000,-77437.5,-2.709,0.8699,0.2735,400.0
s6_pts8-r3,5,19,pm,1973,-91317.0,-3.657,0.8249,0.3178,500.0
s6_pts12-r0,5,20,all,9346,-314009.0,-2.6841,0.9223,0.2674,1662.5
s6_pts12-r0,5,20,eve,1209,-85973.5,-1.8847,0.8543,0.1969,1187.5
s6_pts12-r0,5,20,asia,1086,-105556.5,-2.6613,0.8011,0.2007,1550.0
s6_pts12-r0,5,20,london,1442,-37193.0,-0.7134,0.9453,0.2198,1662.5
s6_pts12-r0,5,20,pre,1110,11760.0,0.2344,1.0235,0.2486,1025.0
s6_pts12-r0,5,20,nyam,1506,-9399.0,-0.2028,0.9858,0.2649,1387.5
s6_pts12-r0,5,20,mid,1468,25303.0,0.5914,1.0443,0.329,1150.0
s6_pts12-r0,5,20,pm,1525,-112950.0,-3.9665,0.7766,0.3725,1137.5
s6_pts12-r1,5,21,all,12129,-313391.0,-4.8032,0.9154,0.4863,1662.5
s6_pts12-r1,5,21,eve,1524,-11183.5,-0.4734,0.976,0.5026,612.5
s6_pts12-r1,5,21,asia,1212,-66560.5,-3.1606,0.8337,0.4629,1550.0
s6_pts12-r1,5,21,london,1930,-55545.0,-2.0843,0.9092,0.4839,1662.5
s6_pts12-r1,5,21,pre,1270,-25567.5,-1.1878,0.9353,0.4913,1025.0
s6_pts12-r1,5,21,nyam,2092,-34055.5,-1.2356,0.9472,0.4952,687.5
s6_pts12-r1,5,21,mid,2043,-29784.5,-1.115,0.9512,0.4968,637.5
s6_pts12-r1,5,21,pm,2058,-90694.5,-3.6782,0.8424,0.4674,1137.5
s6_pts12-r2,5,22,all,10308,-284019.5,-3.4959,0.9283,0.351,1662.5
s6_pts12-r2,5,22,eve,1296,-30871.5,-1.0217,0.9415,0.3341,1187.5
s6_pts12-r2,5,22,asia,1119,-66788.5,-2.4141,0.8581,0.3128,1550.0
s6_pts12-r2,5,22,london,1594,-37488.5,-1.1217,0.942,0.3363,1662.5
s6_pts12-r2,5,22,pre,1154,-25741.0,-0.9134,0.9443,0.3406,1025.0
s6_pts12-r2,5,22,nyam,1730,-32870.0,-0.958,0.9519,0.3439,1387.5
s6_pts12-r2,5,22,mid,1690,-9710.0,-0.2992,0.9843,0.3751,1150.0
s6_pts12-r2,5,22,pm,1725,-80550.0,-2.8813,0.8542,0.3925,1137.5
s6_pts12-r3,5,23,all,9733,-303219.5,-3.3134,0.9245,0.3017,1662.5
s6_pts12-r3,5,23,eve,1234,-32186.0,-0.9155,0.9417,0.2658,1187.5
s6_pts12-r3,5,23,asia,1099,-78283.5,-2.4259,0.8454,0.2466,1550.0
s6_pts12-r3,5,23,london,1504,-52216.0,-1.368,0.9219,0.2686,1662.5
s6_pts12-r3,5,23,pre,1134,-25948.5,-0.7949,0.9469,0.284,1025.0
s6_pts12-r3,5,23,nyam,1598,-41079.5,-1.0719,0.9398,0.2866,1387.5
s6_pts12-r3,5,23,mid,1553,-2449.5,-0.0691,0.9959,0.3426,1150.0
s6_pts12-r3,5,23,pm,1611,-71056.5,-2.4359,0.8641,0.3855,1137.5
s6_pct0p1-r0,5,24,all,13630,-443732.5,-4.996,0.8522,0.1242,1500.0
s6_pct0p1-r0,5,24,eve,1850,-108612.5,-3.1759,0.7474,0.0773,800.0
s6_pct0p1-r0,5,24,asia,1578,-70874.5,-2.196,0.8052,0.0862,1350.0
s6_pct0p1-r0,5,24,london,2086,-96144.0,-2.5602,0.7995,0.093,1437.5
s6_pct0p1-r0,5,24,pre,1571,-24459.0,-0.7411,0.9308,0.1038,337.5
s6_pct0p1-r0,5,24,nyam,2205,-35032.5,-0.9773,0.9281,0.1252,1387.5
s6_pct0p1-r0,5,24,mid,2180,-9107.5,-0.2504,0.9804,0.1564,1500.0
s6_pct0p1-r0,5,24,pm,2160,-99502.5,-4.1724,0.7655,0.2037,312.5
s6_pct0p1-r1,5,25,all,17693,-543734.5,-16.6555,0.7764,0.4568,1350.0
s6_pct0p1-r1,5,25,eve,2477,-73608.0,-6.028,0.783,0.457,312.5
s6_pct0p1-r1,5,25,asia,2085,-58927.5,-5.2544,0.7916,0.4624,1350.0
s6_pct0p1-r1,5,25,london,2725,-94112.5,-7.3343,0.7532,0.4488,312.5
s6_pct0p1-r1,5,25,pre,2115,-63297.5,-5.651,0.7802,0.4567,337.5
s6_pct0p1-r1,5,25,nyam,2764,-83318.5,-6.4261,0.7813,0.458,312.5
s6_pct0p1-r1,5,25,mid,2777,-85233.0,-6.5606,0.7777,0.4577,312.5
s6_pct0p1-r1,5,25,pm,2750,-85237.5,-6.6525,0.7733,0.4582,425.0
s6_pct0p1-r2,5,26,all,16224,-565846.0,-13.3129,0.8011,0.3036,1350.0
s6_pct0p1-r2,5,26,eve,2180,-69370.0,-4.4081,0.8185,0.3032,325.0
s6_pct0p1-r2,5,26,asia,1807,-73515.5,-5.2088,0.771,0.2939,1350.0
s6_pct0p1-r2,5,26,london,2540,-88285.0,-5.2204,0.8033,0.3028,312.5
s6_pct0p1-r2,5,26,pre,1807,-63965.5,-4.5239,0.7984,0.3016,337.5
s6_pct0p1-r2,5,26,nyam,2652,-75433.0,-4.3072,0.8374,0.3092,312.5
s6_pct0p1-r2,5,26,mid,2647,-91475.5,-5.2882,0.8041,0.3034,312.5
s6_pct0p1-r2,5,26,pm,2591,-103801.5,-6.3378,0.7668,0.3076,312.5
s6_pct0p1-r3,5,27,all,15316,-541839.0,-10.9299,0.8164,0.2334,1350.0
s6_pct0p1-r3,5,27,eve,2038,-61814.5,-3.3381,0.8432,0.2287,312.5
s6_pct0p1-r3,5,27,asia,1694,-71938.5,-4.3642,0.784,0.2202,1350.0
s6_pct0p1-r3,5,27,london,2385,-104165.0,-5.344,0.7785,0.2197,312.5
s6_pct0p1-r3,5,27,pre,1688,-61464.5,-3.7196,0.8127,0.2269,337.5
s6_pct0p1-r3,5,27,nyam,2530,-66445.0,-3.2038,0.8639,0.2375,312.5
s6_pct0p1-r3,5,27,mid,2511,-62694.0,-3.0626,0.869,0.2441,312.5
s6_pct0p1-r3,5,27,pm,2470,-113317.5,-6.1393,0.7532,0.249,312.5
s6_pct0p2-r0,5,28,all,10367,-387393.0,-3.6201,0.8983,0.2229,1687.5
s6_pct0p2-r0,5,28,eve,1373,-108429.5,-2.5729,0.8052,0.1566,800.0
s6_pct0p2-r0,5,28,asia,1157,-72965.5,-1.9069,0.8448,0.1651,1550.0
s6_pct0p2-r0,5,28,london,1599,-58383.5,-1.2171,0.9074,0.1795,1687.5
s6_pct0p2-r0,5,28,pre,1201,-12491.5,-0.3236,0.9725,0.2107,837.5
s6_pct0p2-r0,5,28,nyam,1696,-35496.5,-0.8022,0.9444,0.2081,1387.5
s6_pct0p2-r0,5,28,mid,1658,5943.0,0.144,1.0105,0.2786,1150.0
s6_pct0p2-r0,5,28,pm,1683,-105569.5,-3.8374,0.7863,0.3268,1137.5
s6_pct0p2-r1,5,29,all,13815,-386385.0,-6.9201,0.8869,0.4802,1575.0
s6_pct0p2-r1,5,29,eve,1774,-20808.5,-1.0249,0.9519,0.4989,625.0
s6_pct0p2-r1,5,29,asia,1393,-56434.5,-3.1459,0.8429,0.4695,1550.0
s6_pct0p2-r1,5,29,london,2206,-60586.5,-2.6752,0.891,0.4814,1575.0
s6_pct0p2-r1,5,29,pre,1455,-41495.0,-2.2693,0.8865,0.4811,625.0
s6_pct0p2-r1,5,29,nyam,2358,-67194.5,-2.8768,0.8869,0.4796,612.5
s6_pct0p2-r1,5,29,mid,2329,-53641.0,-2.3305,0.9063,0.4856,625.0
s6_pct0p2-r1,5,29,pm,2300,-86225.0,-4.0146,0.8396,0.4657,1137.5
s6_pct0p2-r2,5,30,all,11854,-350753.5,-4.99,0.9057,0.3378,1687.5
s6_pct0p2-r2,5,30,eve,1509,-51973.5,-2.0076,0.8953,0.3207,625.0
s6_pct0p2-r2,5,30,asia,1225,-74925.0,-3.2505,0.8202,0.302,1550.0
s6_pct0p2-r2,5,30,london,1859,-47548.5,-1.6522,0.9211,0.3265,1687.5
s6_pct0p2-r2,5,30,pre,1274,-13746.0,-0.5731,0.9662,0.3407,837.5
s6_pct0p2-r2,5,30,nyam,2020,-29255.0,-0.9797,0.9543,0.3396,625.0
s6_pct0p2-r2,5,30,mid,1980,-51657.5,-1.82,0.9153,0.3495,1150.0
s6_pct0p2-r2,5,30,pm,1987,-81648.0,-3.2307,0.8507,0.3679,1137.5
s6_pct0p2-r3,5,31,all,11087,-398810.5,-5.0066,0.8949,0.2768,1687.5
s6_pct0p2-r3,5,31,eve,1435,-71415.0,-2.3808,0.8641,0.2418,625.0
s6_pct0p2-r3,5,31,asia,1188,-61652.0,-2.262,0.8598,0.2424,1550.0
s6_pct0p2-r3,5,31,london,1724,-51121.0,-1.5464,0.9171,0.2546,1687.5
s6_pct0p2-r3,5,31,pre,1231,-7661.5,-0.2717,0.9822,0.2754,837.5
s6_pct0p2-r3,5,31,nyam,1857,-54603.0,-1.6167,0.9165,0.2644,1387.5
s6_pct0p2-r3,5,31,mid,1818,-52697.0,-1.6844,0.9123,0.3014,1150.0
s6_pct0p2-r3,5,31,pm,1834,-99661.0,-3.7766,0.8117,0.3364,1137.5
s7_atr1p5-r0,6,0,all,13571,-238509.0,-2.213,0.9284,0.1461,4812.5
s7_atr1p5-r0,6,0,eve,1952,-80483.0,-2.1033,0.8093,0.0671,2587.5
s7_atr1p5-r0,6,0,asia,2198,-93192.0,-3.4995,0.6796,0.0359,1775.0
s7_atr1p5-r0,6,0,london,2308,-107844.5,-2.7352,0.7761,0.0654,1950.0
s7_atr1p5-r0,6,0,pre,1606,-26961.5,-0.6193,0.9338,0.1059,1937.5
s7_atr1p5-r0,6,0,nyam,1934,87214.0,1.7908,1.1422,0.1986,2137.5
s7_atr1p5-r0,6,0,mid,1748,-942.0,-0.0188,0.9985,0.262,4812.5
s7_atr1p5-r0,6,0,pm,1825,-16300.0,-0.4912,0.9671,0.3342,4087.5
s7_atr1p5-r1,6,1,all,18507,-507890.5,-9.8144,0.835,0.4516,4812.5
s7_atr1p5-r1,6,1,eve,2686,-70631.5,-4.4299,0.7861,0.4408,2587.5
s7_atr1p5-r1,6,1,asia,2814,-85031.0,-9.7405,0.6289,0.3923,1250.0
s7_atr1p5-r1,6,1,london,2832,-92690.5,-6.8798,0.7376,0.44,1950.0
s7_atr1p5-r1,6,1,pre,2161,-82531.5,-5.4579,0.7616,0.4456,1750.0
s7_atr1p5-r1,6,1,nyam,2723,-68529.5,-2.857,0.8841,0.477,2137.5
s7_atr1p5-r1,6,1,mid,2605,-65182.5,-2.37,0.901,0.4783,4812.5
s7_atr1p5-r1,6,1,pm,2686,-43294.0,-1.7591,0.9239,0.4899,4087.5
s7_atr1p5-r2,6,2,all,16564,-399581.0,-5.9667,0.883,0.3145,4812.5
s7_atr1p5-r2,6,2,eve,2419,-43576.0,-1.8615,0.8843,0.3109,2587.5
s7_atr1p5-r2,6,2,asia,2690,-72660.0,-5.9038,0.7324,0.2691,1775.0
s7_atr1p5-r2,6,2,london,2815,-83197.5,-4.4599,0.8134,0.3009,1950.0
s7_atr1p5-r2,6,2,pre,1802,-79858.0,-4.1683,0.7834,0.293,1750.0
s7_atr1p5-r2,6,2,nyam,2463,-47789.5,-1.4813,0.9314,0.3256,2537.5
s7_atr1p5-r2,6,2,mid,2106,-56449.0,-1.6462,0.9175,0.3276,4812.5
s7_atr1p5-r2,6,2,pm,2269,-16051.0,-0.5493,0.9719,0.3817,4087.5
s7_atr1p5-r3,6,3,all,15312,-353323.0,-4.7273,0.8964,0.2488,4812.5
s7_atr1p5-r3,6,3,eve,2213,-62927.0,-2.6578,0.8416,0.2264,2587.5
s7_atr1p5-r3,6,3,asia,2530,-72370.0,-4.8977,0.7453,0.1976,1775.0
s7_atr1p5-r3,6,3,london,2727,-91145.5,-4.104,0.8103,0.22,1950.0
s7_atr1p5-r3,6,3,pre,1698,-67992.0,-2.9238,0.8213,0.2203,1750.0
s7_atr1p5-r3,6,3,nyam,2228,-21424.5,-0.5777,0.9687,0.2572,3600.0
s7_atr1p5-r3,6,3,mid,1879,-41678.5,-1.0957,0.9364,0.2842,4812.5
s7_atr1p5-r3,6,3,pm,2037,4214.5,0.1367,1.008,0.3574,4087.5
s7_atr3-r0,6,4,all,10011,-122156.5,-0.9656,0.9685,0.2387,8187.5
s7_atr3-r0,6,4,eve,1408,-94082.0,-1.9411,0.8338,0.1399,4075.0
s7_atr3-r0,6,4,asia,1650,-52987.5,-1.4012,0.8651,0.0885,3550.0
s7_atr3-r0,6,4,london,1821,-42309.0,-0.8425,0.9351,0.1505,3700.0
s7_atr3-r0,6,4,pre,1175,-8012.5,-0.1602,0.9841,0.2034,3487.5
s7_atr3-r0,6,4,nyam,1429,95796.5,1.6816,1.1386,0.3233,3687.5
s7_atr3-r0,6,4,mid,1204,15884.0,0.3038,1.0268,0.4111,6412.5
s7_atr3-r0,6,4,pm,1324,-36446.0,-1.0445,0.9229,0.4358,8187.5
s7_atr3-r1,6,5,all,13454,-305278.5,-3.7421,0.9206,0.4787,8187.5
s7_atr3-r1,6,5,eve,1932,-64140.5,-2.2273,0.8649,0.4684,4075.0
s7_atr3-r1,6,5,asia,2300,-64737.5,-4.0235,0.8101,0.4548,3550.0
s7_atr3-r1,6,5,london,2664,-57493.5,-2.186,0.9053,0.4812,3600.0
s7_atr3-r1,6,5,pre,1372,-48563.0,-2.0261,0.8797,0.4825,3487.5
s7_atr3-r1,6,5,nyam,1967,-40880.5,-1.0074,0.9495,0.4886,7200.0
s7_atr3-r1,6,5,mid,1488,-18327.0,-0.4655,0.9723,0.4892,6412.5
s7_atr3-r1,6,5,pm,1731,-11136.5,-0.3348,0.9797,0.4951,8187.5
s7_atr3-r2,6,6,all,11148,-257642.0,-2.7151,0.9334,0.3507,8187.5
s7_atr3-r2,6,6,eve,1570,-76855.0,-2.3681,0.8528,0.3191,4075.0
s7_atr3-r2,6,6,asia,1882,-58065.5,-2.876,0.8389,0.2997,3550.0
s7_atr3-r2,6,6,london,2233,-59157.0,-1.8138,0.9107,0.3233,3700.0
s7_atr3-r2,6,6,pre,1225,-62200.0,-1.9988,0.8672,0.3192,3487.5
s7_atr3-r2,6,6,nyam,1580,18217.5,0.3836,1.0242,0.3665,7200.0
s7_atr3-r2,6,6,mid,1234,5964.0,0.1313,1.0099,0.423,6412.5
s7_atr3-r2,6,6,pm,1424,-25546.0,-0.74,0.9487,0.4431,8187.5
s7_atr3-r3,6,7,all,10421,-207946.5,-2.0067,0.946,0.3002,8187.5
s7_atr3-r3,6,7,eve,1458,-77557.0,-2.0899,0.855,0.2394,4075.0
s7_atr3-r3,6,7,asia,1732,-33728.0,-1.4262,0.9063,0.2321,3550.0
s7_atr3-r3,6,7,london,2002,-62520.5,-1.7155,0.9054,0.2507,3700.0
s7_atr3-r3,6,7,pre,1201,-59729.0,-1.6108,0.8805,0.2456,3487.5
s7_atr3-r3,6,7,nyam,1469,73799.0,1.3902,1.1027,0.3342,7200.0
s7_atr3-r3,6,7,mid,1207,-13378.0,-0.2951,0.9775,0.4126,6412.5
s7_atr3-r3,6,7,pm,1352,-34833.0,-0.996,0.9279,0.4371,8187.5
s7_pts2p5-r0,6,8,all,16123,-448004.5,-6.3157,0.7903,0.0649,1737.5
s7_pts2p5-r0,6,8,eve,2275,-121037.5,-4.7094,0.6104,0.0352,162.5
s7_pts2p5-r0,6,8,asia,2025,-72675.0,-2.967,0.7346,0.0454,312.5
s7_pts2p5-r0,6,8,london,2420,-52992.5,-1.6047,0.8377,0.0479,625.0
s7_pts2p5-r0,6,8,pre,2001,-34529.0,-1.3032,0.8704,0.0605,387.5
s7_pts2p5-r0,6,8,nyam,2475,-21050.0,-0.6983,0.9355,0.0667,125.0
s7_pts2p5-r0,6,8,mid,2476,-69779.0,-2.678,0.7857,0.0755,1437.5
s7_pts2p5-r0,6,8,pm,2451,-75941.5,-3.8449,0.7526,0.1167,1737.5
s7_pts2p5-r1,6,9,all,19406,-585236.5,-32.3666,0.63,0.4243,387.5
s7_pts2p5-r1,6,9,eve,2808,-84732.0,-12.3221,0.6297,0.4241,162.5
s7_pts2p5-r1,6,9,asia,2674,-82746.0,-12.3314,0.6224,0.4215,312.5
s7_pts2p5-r1,6,9,london,2831,-86936.5,-12.5994,0.6245,0.4221,137.5
s7_pts2p5-r1,6,9,pre,2627,-82420.5,-12.3812,0.6184,0.4203,387.5
s7_pts2p5-r1,6,9,nyam,2824,-75933.5,-10.9734,0.6627,0.4366,125.0
s7_pts2p5-r1,6,9,mid,2831,-88911.5,-12.9003,0.6176,0.4193,125.0
s7_pts2p5-r1,6,9,pm,2811,-83556.5,-12.1392,0.6342,0.4258,137.5
s7_pts2p5-r2,6,10,all,18806,-576824.0,-24.0168,0.6964,0.2862,387.5
s7_pts2p5-r2,6,10,eve,2713,-87877.0,-9.6777,0.6814,0.2816,162.5
s7_pts2p5-r2,6,10,asia,2417,-63805.5,-7.3275,0.7346,0.2971,137.5
s7_pts2p5-r2,6,10,london,2810,-90752.5,-9.8179,0.6822,0.2819,137.5
s7_pts2p5-r2,6,10,pre,2422,-68488.0,-7.8806,0.718,0.2927,387.5
s7_pts2p5-r2,6,10,nyam,2815,-87547.5,-9.4325,0.6926,0.2849,125.0
s7_pts2p5-r2,6,10,mid,2822,-101813.0,-11.114,0.6497,0.2721,125.0
s7_pts2p5-r2,6,10,pm,2807,-76540.5,-8.1816,0.7265,0.2953,137.5
s7_pts2p5-r3,6,11,all,18277,-543820.5,-19.0242,0.7309,0.2188,387.5
s7_pts2p5-r3,6,11,eve,2594,-77026.0,-7.143,0.7316,0.2182,162.5
s7_pts2p5-r3,6,11,asia,2272,-72963.0,-7.2873,0.7115,0.2135,137.5
s7_pts2p5-r3,6,11,london,2771,-79509.0,-7.1114,0.74,0.2201,137.5
s7_pts2p5-r3,6,11,pre,2265,-61685.0,-6.0645,0.7527,0.2234,387.5
s7_pts2p5-r3,6,11,nyam,2793,-87047.0,-7.8195,0.7192,0.2155,125.0
s7_pts2p5-r3,6,11,mid,2800,-92762.5,-8.3797,0.703,0.2118,125.0
s7_pts2p5-r3,6,11,pm,2782,-72828.0,-6.4918,0.7598,0.229,150.0
s7_pts5-r0,6,12,all,13271,-320671.5,-3.4283,0.8951,0.1321,1737.5
s7_pts5-r0,6,12,eve,1793,-103359.5,-2.9025,0.7646,0.0798,362.5
s7_pts5-r0,6,12,asia,1515,-28347.5,-0.815,0.9219,0.0997,312.5
s7_pts5-r0,6,12,london,2029,-31816.0,-0.7551,0.9345,0.1025,900.0
s7_pts5-r0,6,12,pre,1550,-61050.0,-1.952,0.8346,0.1058,387.5
s7_pts5-r0,6,12,nyam,2133,-132.0,-0.0034,0.9997,0.1327,262.5
s7_pts5-r0,6,12,mid,2131,-46686.5,-1.3367,0.9024,0.1558,1612.5
s7_pts5-r0,6,12,pm,2120,-49280.0,-1.7472,0.8853,0.2226,1737.5
s7_pts5-r1,6,13,all,17535,-496977.5,-14.69,0.801,0.4647,1312.5
s7_pts5-r1,6,13,eve,2456,-56999.0,-4.4928,0.8342,0.4748,262.5
s7_pts5-r1,6,13,asia,2026,-55629.0,-4.8326,0.8069,0.4664,262.5
s7_pts5-r1,6,13,london,2727,-79020.5,-5.892,0.7976,0.4642,1312.5
s7_pts5-r1,6,13,pre,2027,-68208.0,-5.9339,0.7686,0.4544,387.5
s7_pts5-r1,6,13,nyam,2769,-81051.0,-6.0272,0.7955,0.463,250.0
s7_pts5-r1,6,13,mid,2784,-80473.5,-5.9697,0.7976,0.4637,250.0
s7_pts5-r1,6,13,pm,2746,-75596.5,-5.6854,0.8043,0.4654,250.0
s7_pts5-r2,6,14,all,15971,-427409.0,-9.6118,0.8524,0.3168,387.5
s7_pts5-r2,6,14,eve,2124,-56621.0,-3.4694,0.8541,0.3145,262.5
s7_pts5-r2,6,14,asia,1723,-51017.0,-3.483,0.8387,0.3105,262.5
s7_pts5-r2,6,14,london,2520,-37980.0,-2.1101,0.9156,0.3298,262.5
s7_pts5-r2,6,14,pre,1756,-62236.5,-4.237,0.8092,0.303,387.5
s7_pts5-r2,6,14,nyam,2634,-75336.0,-4.1561,0.8439,0.3125,250.0
s7_pts5-r2,6,14,mid,2624,-81671.0,-4.5468,0.83,0.311,250.0
s7_pts5-r2,6,14,pm,2590,-62547.5,-3.5776,0.8615,0.3301,287.5
s7_pts5-r3,6,15,all,15001,-425316.5,-8.1812,0.859,0.2428,1737.5
s7_pts5-r3,6,15,eve,1970,-54492.5,-2.8558,0.8642,0.236,362.5
s7_pts5-r3,6,15,asia,1614,-52831.0,-3.0834,0.8401,0.2311,262.5
s7_pts5-r3,6,15,london,2343,-49959.5,-2.3796,0.8944,0.2429,512.5
s7_pts5-r3,6,15,pre,1657,-72278.0,-4.2405,0.7897,0.2215,387.5
s7_pts5-r3,6,15,nyam,2487,-61098.0,-2.8417,0.8786,0.2405,250.0
s7_pts5-r3,6,15,mid,2479,-72828.5,-3.4426,0.8544,0.2424,1612.5
s7_pts5-r3,6,15,pm,2451,-61829.0,-3.0748,0.867,0.2729,1737.5
s7_pts8-r0,6,16,all,11089,-212206.0,-1.9435,0.9416,0.2006,2525.0
s7_pts8-r0,6,16,eve,1479,-90878.5,-2.0834,0.8301,0.1312,1062.5
s7_pts8-r0,6,16,asia,1230,-56370.0,-1.5621,0.8693,0.1504,612.5
s7_pts8-r0,6,16,london,1711,-28569.0,-0.6053,0.9522,0.1607,2162.5
s7_pts8-r0,6,16,pre,1278,-45699.5,-1.2475,0.897,0.1682,2525.0
s7_pts8-r0,6,16,nyam,1802,55392.0,1.2176,1.0942,0.207,1600.0
s7_pts8-r0,6,16,mid,1821,-13384.0,-0.2921,0.9766,0.2345,1600.0
s7_pts8-r0,6,16,pm,1768,-32697.0,-1.0462,0.9301,0.3145,1737.5
s7_pts8-r1,6,17,all,14980,-414382.5,-8.3982,0.8712,0.4784,2162.5
s7_pts8-r1,6,17,eve,1972,-44700.5,-2.4786,0.8944,0.4848,412.5
s7_pts8-r1,6,17,asia,1518,-45322.0,-2.8666,0.8632,0.4756,425.0
s7_pts8-r1,6,17,london,2392,-78043.0,-3.9119,0.8517,0.4737,2162.5
s7_pts8-r1,6,17,pre,1569,-57638.5,-3.589,0.8343,0.4672,525.0
s7_pts8-r1,6,17,nyam,2523,-64654.5,-3.1728,0.8813,0.4808,400.0
s7_pts8-r1,6,17,mid,2531,-67411.5,-3.3171,0.8761,0.4808,400.0
s7_pts8-r1,6,17,pm,2475,-56612.5,-2.9201,0.8869,0.4816,412.5
s7_pts8-r2,6,18,all,12952,-345558.0,-5.4707,0.9028,0.3312,2525.0
s7_pts8-r2,6,18,eve,1660,-54790.0,-2.388,0.8838,0.3169,412.5
s7_pts8-r2,6,18,asia,1324,-35896.0,-1.7464,0.9038,0.321,400.0
s7_pts8-r2,6,18,london,2046,-44571.5,-1.7306,0.9224,0.3275,2162.5
s7_pts8-r2,6,18,pre,1381,-63624.0,-3.0565,0.8402,0.3106,2525.0
s7_pts8-r2,6,18,nyam,2208,-45394.5,-1.7065,0.9261,0.3297,1600.0
s7_pts8-r2,6,18,mid,2190,-79435.0,-3.0901,0.869,0.3247,1600.0
s7_pts8-r2,6,18,pm,2143,-21847.0,-0.9101,0.9578,0.3738,1737.5
s7_pts8-r3,6,19,all,12060,-332477.5,-4.5874,0.9082,0.2686,2525.0
s7_pts8-r3,6,19,eve,1559,-79911.0,-3.0157,0.8399,0.2316,1062.5
s7_pts8-r3,6,19,asia,1269,-8126.0,-0.3276,0.9792,0.2585,612.5
s7_pts8-r3,6,19,london,1881,-45586.5,-1.5284,0.9225,0.2509,2162.5
s7_pts8-r3,6,19,pre,1321,-75709.0,-3.1412,0.8204,0.2369,2525.0
s7_pts8-r3,6,19,nyam,2037,-35423.0,-1.153,0.943,0.2612,1600.0
s7_pts8-r3,6,19,mid,2030,-69320.0,-2.383,0.8855,0.2734,1600.0
s7_pts8-r3,6,19,pm,1963,-18402.0,-0.709,0.963,0.3454,1737.5
s7_pts12-r0,6,20,all,9336,-132719.0,-1.1029,0.967,0.2713,2662.5
s7_pts12-r0,6,20,eve,1233,-110657.0,-2.3533,0.8185,0.1906,1062.5
s7_pts12-r0,6,20,asia,1075,-6562.5,-0.144,0.9869,0.2279,612.5
s7_pts12-r0,6,20,london,1402,-9970.5,-0.1943,0.9848,0.224,2662.5
s7_pts12-r0,6,20,pre,1120,-33555.0,-0.8178,0.9348,0.2446,2600.0
s7_pts12-r0,6,20,nyam,1510,60635.0,1.2168,1.0928,0.2748,1600.0
s7_pts12-r0,6,20,mid,1514,-28306.0,-0.5925,0.9539,0.3065,1862.5
s7_pts12-r0,6,20,pm,1482,-4303.0,-0.1292,0.9908,0.3954,1737.5
s7_pts12-r1,6,21,all,12166,-269276.5,-4.114,0.9271,0.4878,2662.5
s7_pts12-r1,6,21,eve,1526,-63216.5,-2.6779,0.8717,0.4744,862.5
s7_pts12-r1,6,21,asia,1203,-21837.0,-1.0405,0.9417,0.4929,612.5
s7_pts12-r1,6,21,london,1917,-14630.5,-0.5501,0.9751,0.5018,2662.5
s7_pts12-r1,6,21,pre,1287,-38898.0,-1.7855,0.9046,0.4841,2600.0
s7_pts12-r1,6,21,nyam,2117,-41568.0,-1.5009,0.9366,0.4917,687.5
s7_pts12-r1,6,21,mid,2064,-80268.5,-2.9864,0.8751,0.4724,1862.5
s7_pts12-r1,6,21,pm,2052,-8858.0,-0.3572,0.9834,0.4956,1737.5
s7_pts12-r2,6,22,all,10341,-293014.0,-3.5988,0.9263,0.3509,2662.5
s7_pts12-r2,6,22,eve,1315,-72260.0,-2.4093,0.8685,0.3171,1062.5
s7_pts12-r2,6,22,asia,1108,-1432.0,-0.0509,0.9968,0.3466,612.5
s7_pts12-r2,6,22,london,1572,-45450.5,-1.3639,0.9293,0.3308,2662.5
s7_pts12-r2,6,22,pre,1162,-56373.0,-2.0084,0.8816,0.3296,2600.0
s7_pts12-r2,6,22,nyam,1760,-52552.5,-1.5285,0.925,0.3386,1600.0
s7_pts12-r2,6,22,mid,1730,-65870.0,-2.0285,0.8996,0.3538,1862.5
s7_pts12-r2,6,22,pm,1694,924.0,0.0326,1.0018,0.4233,1737.5
s7_pts12-r3,6,23,all,9745,-259280.0,-2.8182,0.9354,0.303,2662.5
s7_pts12-r3,6,23,eve,1260,-97102.5,-2.8247,0.8328,0.2452,1062.5
s7_pts12-r3,6,23,asia,1091,3923.5,0.1181,1.0083,0.2841,612.5
s7_pts12-r3,6,23,london,1469,-68476.0,-1.8222,0.8959,0.2628,2662.5
s7_pts12-r3,6,23,pre,1136,-40769.0,-1.2477,0.918,0.2808,2600.0
s7_pts12-r3,6,23,nyam,1615,-23672.5,-0.6108,0.9654,0.2923,1600.0
s7_pts12-r3,6,23,mid,1597,-45375.5,-1.2717,0.9284,0.3231,1862.5
s7_pts12-r3,6,23,pm,1577,12192.0,0.4013,1.0249,0.4065,1737.5
s7_pct0p1-r0,6,24,all,13538,-364502.0,-4.0491,0.8774,0.1261,1737.5
s7_pct0p1-r0,6,24,eve,1831,-92136.5,-2.6924,0.7828,0.0808,312.5
s7_pct0p1-r0,6,24,asia,1563,-46764.5,-1.4512,0.8683,0.0947,312.5
s7_pct0p1-r0,6,24,london,2072,-48338.0,-1.1858,0.8978,0.0956,900.0
s7_pct0p1-r0,6,24,pre,1597,-56400.5,-1.8252,0.8436,0.1027,387.5
s7_pct0p1-r0,6,24,nyam,2176,-19154.0,-0.5198,0.9601,0.125,312.5
s7_pct0p1-r0,6,24,mid,2167,-62043.0,-1.8406,0.8668,0.144,312.5
s7_pct0p1-r0,6,24,pm,2132,-39665.5,-1.4158,0.9043,0.2181,1737.5
s7_pct0p1-r1,6,25,all,17684,-521723.5,-15.9777,0.7843,0.4605,1337.5
s7_pct0p1-r1,6,25,eve,2482,-45553.0,-3.7157,0.86,0.4827,312.5
s7_pct0p1-r1,6,25,asia,2091,-54376.5,-4.8736,0.8062,0.4668,312.5
s7_pct0p1-r1,6,25,london,2729,-90041.0,-6.9727,0.7631,0.4529,1337.5
s7_pct0p1-r1,6,25,pre,2094,-79288.5,-7.131,0.7303,0.4417,387.5
s7_pct0p1-r1,6,25,nyam,2767,-95643.0,-7.3812,0.7534,0.4503,325.0
s7_pct0p1-r1,6,25,mid,2780,-78645.0,-6.0438,0.7933,0.464,312.5
s7_pct0p1-r1,6,25,pm,2741,-78176.5,-6.1118,0.7893,0.4644,312.5
s7_pct0p1-r2,6,26,all,16172,-427075.5,-9.9586,0.8469,0.316,387.5
s7_pct0p1-r2,6,26,eve,2171,-52584.0,-3.3184,0.8598,0.316,312.5
s7_pct0p1-r2,6,26,asia,1781,-52636.5,-3.719,0.8296,0.3088,312.5
s7_pct0p1-r2,6,26,london,2534,-59261.0,-3.451,0.8646,0.3153,312.5
s7_pct0p1-r2,6,26,pre,1812,-67273.0,-4.7547,0.7896,0.3002,387.5
s7_pct0p1-r2,6,26,nyam,2642,-74118.0,-4.2435,0.8395,0.3119,312.5
s7_pct0p1-r2,6,26,mid,2642,-62218.0,-3.5624,0.8634,0.321,312.5
s7_pct0p1-r2,6,26,pm,2590,-58985.0,-3.5069,0.8631,0.3317,312.5
s7_pct0p1-r3,6,27,all,15282,-467828.0,-9.3693,0.8403,0.239,1737.5
s7_pct0p1-r3,6,27,eve,2018,-48097.0,-2.5848,0.8761,0.2379,312.5
s7_pct0p1-r3,6,27,asia,1668,-45197.0,-2.7018,0.859,0.235,312.5
s7_pct0p1-r3,6,27,london,2377,-74108.0,-3.7209,0.8394,0.2314,900.0
s7_pct0p1-r3,6,27,pre,1727,-73845.5,-4.492,0.7816,0.2247,387.5
s7_pct0p1-r3,6,27,nyam,2529,-64441.0,-3.0986,0.868,0.2384,312.5
s7_pct0p1-r3,6,27,mid,2496,-76784.0,-3.8046,0.8396,0.2388,312.5
s7_pct0p1-r3,6,27,pm,2467,-85355.5,-4.4931,0.8118,0.261,1737.5
s7_pct0p2-r0,6,28,all,10379,-151653.5,-1.3211,0.9599,0.2293,2525.0
s7_pct0p2-r0,6,28,eve,1387,-115373.0,-2.612,0.7961,0.155,1062.5
s7_pct0p2-r0,6,28,asia,1166,-13314.0,-0.3163,0.9708,0.1878,625.0
s7_pct0p2-r0,6,28,london,1593,-63222.0,-1.302,0.9005,0.1714,2162.5
s7_pct0p2-r0,6,28,pre,1213,-35114.5,-0.9184,0.9252,0.2003,2525.0
s7_pct0p2-r0,6,28,nyam,1686,91381.0,1.8847,1.1502,0.2372,1600.0
s7_pct0p2-r0,6,28,mid,1690,-7860.0,-0.1662,0.9866,0.2633,1600.0
s7_pct0p2-r0,6,28,pm,1644,-8151.0,-0.2531,0.9823,0.3558,1737.5
s7_pct0p2-r1,6,29,all,13811,-310844.0,-5.5632,0.908,0.4858,2162.5
s7_pct0p2-r1,6,29,eve,1769,-64051.0,-3.1631,0.8588,0.4703,687.5
s7_pct0p2-r1,6,29,asia,1389,-36318.5,-2.0279,0.8956,0.4831,625.0
s7_pct0p2-r1,6,29,london,2198,-55117.0,-2.4334,0.9,0.4823,2162.5
s7_pct0p2-r1,6,29,pre,1443,-42309.5,-2.3183,0.8837,0.4782,625.0
s7_pct0p2-r1,6,29,nyam,2366,-27276.5,-1.1638,0.9527,0.4979,625.0
s7_pct0p2-r1,6,29,mid,2340,-63935.0,-2.7769,0.8896,0.4825,625.0
s7_pct0p2-r1,6,29,pm,2306,-21836.5,-1.0117,0.9569,0.4983,625.0
s7_pct0p2-r2,6,30,all,11916,-248739.0,-3.507,0.9329,0.3433,2525.0
s7_pct0p2-r2,6,30,eve,1512,-73023.0,-2.8418,0.8553,0.3102,687.5
s7_pct0p2-r2,6,30,asia,1233,-6119.5,-0.2571,0.9844,0.3414,625.0
s7_pct0p2-r2,6,30,london,1866,-50764.0,-1.7626,0.9164,0.3258,2162.5
s7_pct0p2-r2,6,30,pre,1296,-44846.5,-1.8758,0.8942,0.3272,2525.0
s7_pct0p2-r2,6,30,nyam,2026,-3966.5,-0.1313,0.9937,0.346,1600.0
s7_pct0p2-r2,6,30,mid,2003,-68212.0,-2.3865,0.891,0.3375,1600.0
s7_pct0p2-r2,6,30,pm,1980,-1807.5,-0.0697,0.9965,0.4,1737.5
s7_pct0p2-r3,6,31,all,11103,-290074.5,-3.6077,0.923,0.2829,2525.0
s7_pct0p2-r3,6,31,eve,1442,-91943.0,-3.0828,0.8281,0.2337,1062.5
s7_pct0p2-r3,6,31,asia,1196,-12284.0,-0.4373,0.9711,0.2659,625.0
s7_pct0p2-r3,6,31,london,1723,-52292.0,-1.5759,0.9156,0.2519,2162.5
s7_pct0p2-r3,6,31,pre,1245,-61967.5,-2.2485,0.8626,0.2522,2525.0
s7_pct0p2-r3,6,31,nyam,1857,-11065.5,-0.3244,0.9826,0.2789,1600.0
s7_pct0p2-r3,6,31,mid,1832,-57153.0,-1.8059,0.9064,0.2942,1600.0
s7_pct0p2-r3,6,31,pm,1808,-3369.5,-0.1222,0.9931,0.3767,1737.5
s8_atr1p5-r0,7,0,all,13871,-433921.5,-3.9885,0.8741,0.1394,5200.0
s8_atr1p5-r0,7,0,eve,2020,-147517.5,-3.8905,0.6683,0.0564,5200.0
s8_atr1p5-r0,7,0,asia,2283,-95669.5,-3.5418,0.6849,0.0385,1962.5
s8_atr1p5-r0,7,0,london,2347,-69963.0,-1.6825,0.8547,0.0712,1775.0
s8_atr1p5-r0,7,0,pre,1611,2381.0,0.0514,1.0059,0.113,1912.5
s8_atr1p5-r0,7,0,nyam,1992,-3130.5,-0.0578,0.9953,0.1732,1837.5
s8_atr1p5-r0,7,0,mid,1758,-38219.5,-0.8921,0.9395,0.2565,2187.5
s8_atr1p5-r0,7,0,pm,1860,-81802.5,-2.5533,0.8432,0.3156,2650.0
s8_atr1p5-r1,7,1,all,18515,-643435.0,-12.4627,0.7956,0.4387,5200.0
s8_atr1p5-r1,7,1,eve,2694,-115138.5,-7.6782,0.6723,0.4232,5200.0
s8_atr1p5-r1,7,1,asia,2810,-99852.5,-11.3938,0.5776,0.3712,1962.5
s8_atr1p5-r1,7,1,london,2832,-70328.0,-5.2268,0.7939,0.4396,1312.5
s8_atr1p5-r1,7,1,pre,2163,-71227.0,-4.6688,0.791,0.4521,1862.5
s8_atr1p5-r1,7,1,nyam,2731,-105699.0,-4.3656,0.8283,0.4544,2187.5
s8_atr1p5-r1,7,1,mid,2595,-93817.5,-3.3865,0.8604,0.4667,2187.5
s8_atr1p5-r1,7,1,pm,2690,-87372.5,-3.5768,0.8519,0.4699,3112.5
s8_atr1p5-r2,7,2,all,16655,-568820.0,-8.6189,0.8368,0.2991,5200.0
s8_atr1p5-r2,7,2,eve,2465,-102572.5,-5.1868,0.746,0.2779,5200.0
s8_atr1p5-r2,7,2,asia,2723,-103317.0,-8.6838,0.6372,0.2479,1962.5
s8_atr1p5-r2,7,2,london,2819,-77738.5,-4.0565,0.8243,0.2919,1737.5
s8_atr1p5-r2,7,2,pre,1805,-67820.0,-3.4873,0.8139,0.2958,1712.5
s8_atr1p5-r2,7,2,nyam,2443,-89159.5,-2.7067,0.8743,0.3029,2237.5
s8_atr1p5-r2,7,2,mid,2106,-53124.0,-1.5599,0.9225,0.3281,2187.5
s8_atr1p5-r2,7,2,pm,2294,-75088.5,-2.6006,0.8739,0.3631,2650.0
s8_atr1p5-r3,7,3,all,15464,-569081.0,-7.7165,0.8371,0.2352,5200.0
s8_atr1p5-r3,7,3,eve,2289,-109731.0,-4.9391,0.7386,0.2045,5200.0
s8_atr1p5-r3,7,3,asia,2578,-106137.0,-7.815,0.6413,0.1843,1962.5
s8_atr1p5-r3,7,3,london,2739,-93268.5,-4.08,0.8059,0.2169,1687.5
s8_atr1p5-r3,7,3,pre,1691,-71639.0,-3.1985,0.8105,0.2194,1912.5
s8_atr1p5-r3,7,3,nyam,2248,-81604.5,-2.1837,0.8847,0.2331,1837.5
s8_atr1p5-r3,7,3,mid,1862,-28085.5,-0.7423,0.9569,0.2836,2187.5
s8_atr1p5-r3,7,3,pm,2057,-78615.5,-2.6069,0.8594,0.3291,2650.0
s8_atr3-r0,7,4,all,10150,-170125.0,-1.3357,0.957,0.2398,10400.0
s8_atr3-r0,7,4,eve,1418,-133622.0,-2.9361,0.7719,0.1375,10400.0
s8_atr3-r0,7,4,asia,1678,-26862.0,-0.5906,0.9324,0.0894,2750.0
s8_atr3-r0,7,4,london,1880,-95132.5,-1.9056,0.8609,0.141,3550.0
s8_atr3-r0,7,4,pre,1176,50946.0,0.962,1.1036,0.2262,3437.5
s8_atr3-r0,7,4,nyam,1454,71546.5,1.236,1.0999,0.3274,3575.0
s8_atr3-r0,7,4,mid,1213,12510.5,0.2691,1.0209,0.4081,4387.5
s8_atr3-r0,7,4,pm,1331,-49511.5,-1.3948,0.898,0.441,5312.5
s8_atr3-r1,7,5,all,13470,-374405.0,-4.6162,0.9034,0.4728,10400.0
s8_atr3-r1,7,5,eve,1947,-94825.5,-3.4538,0.8077,0.4638,10400.0
s8_atr3-r1,7,5,asia,2320,-67292.5,-4.1681,0.8046,0.4496,2750.0
s8_atr3-r1,7,5,london,2656,-121986.5,-4.6786,0.8082,0.4567,2875.0
s8_atr3-r1,7,5,pre,1356,-24474.0,-1.012,0.9373,0.4838,3437.5
s8_atr3-r1,7,5,nyam,1961,12881.0,0.3137,1.0164,0.4972,4350.0
s8_atr3-r1,7,5,mid,1493,-24372.0,-0.629,0.9628,0.4863,4387.5
s8_atr3-r1,7,5,pm,1737,-54335.5,-1.6306,0.9051,0.4905,5312.5
s8_atr3-r2,7,6,all,11210,-330465.0,-3.4832,0.9159,0.3459,10400.0
s8_atr3-r2,7,6,eve,1565,-112647.5,-3.5106,0.7896,0.3093,10400.0
s8_atr3-r2,7,6,asia,1923,-47729.5,-2.2217,0.8694,0.3021,2750.0
s8_atr3-r2,7,6,london,2261,-140356.5,-4.32,0.7998,0.2972,3550.0
s8_atr3-r2,7,6,pre,1211,-21744.0,-0.6827,0.9518,0.3303,3437.5
s8_atr3-r2,7,6,nyam,1594,34699.0,0.731,1.0459,0.3689,3575.0
s8_atr3-r2,7,6,mid,1240,4002.5,0.091,1.0066,0.4161,4387.5
s8_atr3-r2,7,6,pm,1416,-46689.0,-1.3231,0.9083,0.4499,5312.5
s8_atr3-r3,7,7,all,10541,-237626.5,-2.2979,0.9391,0.3,10400.0
s8_atr3-r3,7,7,eve,1473,-112479.5,-3.0827,0.7969,0.2383,10400.0
s8_atr3-r3,7,7,asia,1764,-16181.0,-0.6156,0.9554,0.2347,2750.0
s8_atr3-r3,7,7,london,2051,-85154.0,-2.2429,0.8755,0.2326,3550.0
s8_atr3-r3,7,7,pre,1194,1986.5,0.052,1.0041,0.2722,3437.5
s8_atr3-r3,7,7,nyam,1486,45106.0,0.8718,1.062,0.3331,3575.0
s8_atr3-r3,7,7,mid,1216,-11089.0,-0.2528,0.9815,0.4095,4387.5
s8_atr3-r3,7,7,pm,1357,-59815.5,-1.7507,0.879,0.4436,5312.5
s8_pts2p5-r0,7,8,all,16330,-552820.0,-7.7227,0.745,0.0628,1737.5
s8_pts2p5-r0,7,8,eve,2287,-117048.0,-4.6038,0.6242,0.0376,137.5
s8_pts2p5-r0,7,8,asia,2067,-70230.5,-2.7561,0.7483,0.0469,312.5
s8_pts2p5-r0,7,8,london,2455,-74695.0,-2.6188,0.7743,0.0497,900.0
s8_pts2p5-r0,7,8,pre,2036,-41756.5,-1.1302,0.8474,0.0506,312.5
s8_pts2p5-r0,7,8,nyam,2523,-92454.5,-3.5582,0.726,0.0559,325.0
s8_pts2p5-r0,7,8,mid,2481,-67211.5,-2.7724,0.7917,0.0802,125.0
s8_pts2p5-r0,7,8,pm,2481,-89424.0,-4.5406,0.7143,0.1116,1737.5
s8_pts2p5-r1,7,9,all,19385,-595090.0,-32.9585,0.6246,0.4222,312.5
s8_pts2p5-r1,7,9,eve,2796,-86946.5,-12.6864,0.6207,0.4206,137.5
s8_pts2p5-r1,7,9,asia,2664,-89206.0,-13.3634,0.5981,0.4118,312.5
s8_pts2p5-r1,7,9,london,2828,-87574.5,-12.7022,0.622,0.4211,137.5
s8_pts2p5-r1,7,9,pre,2629,-77103.5,-11.5712,0.6382,0.4275,237.5
s8_pts2p5-r1,7,9,nyam,2825,-90800.0,-13.1976,0.6107,0.4166,137.5
s8_pts2p5-r1,7,9,mid,2832,-85690.5,-12.4122,0.6289,0.4237,137.5
s8_pts2p5-r1,7,9,pm,2811,-77769.0,-11.2735,0.6548,0.4337,125.0
s8_pts2p5-r2,7,10,all,18809,-631011.0,-26.4835,0.6713,0.2787,312.5
s8_pts2p5-r2,7,10,eve,2691,-88214.0,-9.766,0.678,0.2806,125.0
s8_pts2p5-r2,7,10,asia,2427,-88670.5,-10.4406,0.6461,0.2711,312.5
s8_pts2p5-r2,7,10,london,2814,-89793.5,-9.6963,0.6856,0.2829,137.5
s8_pts2p5-r2,7,10,pre,2434,-77573.5,-9.0027,0.686,0.2831,237.5
s8_pts2p5-r2,7,10,nyam,2816,-103601.5,-11.3428,0.6437,0.2702,137.5
s8_pts2p5-r2,7,10,mid,2821,-95134.0,-10.3176,0.6697,0.2783,137.5
s8_pts2p5-r2,7,10,pm,2806,-88024.0,-9.512,0.69,0.2847,125.0
s8_pts2p5-r3,7,11,all,18332,-666215.5,-23.7877,0.6767,0.2058,312.5
s8_pts2p5-r3,7,11,eve,2605,-101082.5,-9.6521,0.6571,0.2004,125.0
s8_pts2p5-r3,7,11,asia,2297,-92588.0,-9.4594,0.6453,0.1976,312.5
s8_pts2p5-r3,7,11,london,2773,-91604.5,-8.3071,0.7039,0.2117,137.5
s8_pts2p5-r3,7,11,pre,2285,-79602.5,-7.9968,0.6893,0.2083,237.5
s8_pts2p5-r3,7,11,nyam,2792,-115143.0,-10.7181,0.6376,0.1959,150.0
s8_pts2p5-r3,7,11,mid,2800,-105937.5,-9.7304,0.6646,0.2029,137.5
s8_pts2p5-r3,7,11,pm,2780,-80257.5,-7.2014,0.7373,0.2223,125.0
s8_pts5-r0,7,12,all,13476,-461554.0,-4.9068,0.8523,0.1283,2100.0
s8_pts5-r0,7,12,eve,1798,-111079.5,-3.2441,0.7477,0.0812,437.5
s8_pts5-r0,7,12,asia,1552,-56633.0,-1.7294,0.8482,0.1005,1475.0
s8_pts5-r0,7,12,london,2086,-60706.5,-1.4749,0.8793,0.0983,900.0
s8_pts5-r0,7,12,pre,1585,10122.5,0.2331,1.027,0.1205,2100.0
s8_pts5-r0,7,12,nyam,2179,-48128.5,-1.3153,0.9053,0.1225,375.0
s8_pts5-r0,7,12,mid,2160,-89527.5,-2.7583,0.8177,0.1458,1437.5
s8_pts5-r0,7,12,pm,2116,-105601.5,-4.204,0.7576,0.2122,1737.5
s8_pts5-r1,7,13,all,17550,-561162.5,-16.5689,0.7785,0.4578,2100.0
s8_pts5-r1,7,13,eve,2436,-76756.5,-6.0884,0.7817,0.4585,262.5
s8_pts5-r1,7,13,asia,2034,-78273.5,-6.8124,0.7399,0.4449,262.5
s8_pts5-r1,7,13,london,2731,-79574.0,-5.9292,0.7966,0.4639,1312.5
s8_pts5-r1,7,13,pre,2057,-68865.5,-5.8531,0.7703,0.4565,2100.0
s8_pts5-r1,7,13,nyam,2766,-97864.0,-7.2965,0.7581,0.4508,275.0
s8_pts5-r1,7,13,mid,2778,-93937.0,-6.9871,0.7674,0.4536,250.0
s8_pts5-r1,7,13,pm,2748,-65892.0,-4.9528,0.8272,0.4727,250.0
s8_pts5-r2,7,14,all,16000,-600100.0,-13.6361,0.7975,0.3032,2100.0
s8_pts5-r2,7,14,eve,2116,-87551.5,-5.4688,0.7798,0.2954,437.5
s8_pts5-r2,7,14,asia,1731,-69411.5,-4.7871,0.786,0.2969,262.5
s8_pts5-r2,7,14,london,2548,-70592.0,-3.9537,0.8486,0.3132,262.5
s8_pts5-r2,7,14,pre,1780,-69882.5,-4.6953,0.7909,0.2994,2100.0
s8_pts5-r2,7,14,nyam,2616,-108189.0,-6.0863,0.7796,0.2955,250.0
s8_pts5-r2,7,14,mid,2635,-122740.0,-6.9474,0.7534,0.2903,250.0
s8_pts5-r2,7,14,pm,2574,-71733.5,-4.1299,0.8416,0.3275,250.0
s8_pts5-r3,7,15,all,15072,-550850.5,-10.6982,0.8203,0.2353,2100.0
s8_pts5-r3,7,15,eve,1980,-77870.0,-4.1422,0.8097,0.2247,437.5
s8_pts5-r3,7,15,asia,1631,-70911.5,-4.1846,0.7907,0.2207,262.5
s8_pts5-r3,7,15,london,2376,-63929.0,-3.0494,0.8677,0.237,262.5
s8_pts5-r3,7,15,pre,1677,-61695.5,-3.5039,0.8226,0.2302,2100.0
s8_pts5-r3,7,15,nyam,2511,-95806.5,-4.5321,0.8145,0.227,250.0
s8_pts5-r3,7,15,mid,2472,-101588.0,-4.9163,0.799,0.2306,250.0
s8_pts5-r3,7,15,pm,2425,-79050.0,-4.0137,0.8296,0.2693,1737.5
s8_pts8-r0,7,16,all,11299,-363821.0,-3.4028,0.9025,0.198,2550.0
s8_pts8-r0,7,16,eve,1490,-76560.0,-1.8687,0.8562,0.1403,1025.0
s8_pts8-r0,7,16,asia,1251,-5441.5,-0.1393,0.9875,0.1647,1475.0
s8_pts8-r0,7,16,london,1757,-81103.0,-1.7645,0.8699,0.1497,2550.0
s8_pts8-r0,7,16,pre,1311,-33044.0,-0.7369,0.9274,0.1701,2525.0
s8_pts8-r0,7,16,nyam,1856,-26074.0,-0.6058,0.9579,0.1913,400.0
s8_pts8-r0,7,16,mid,1829,-52653.5,-1.394,0.9089,0.2313,1437.5
s8_pts8-r0,7,16,pm,1805,-88945.0,-3.0924,0.8177,0.3091,1737.5
s8_pts8-r1,7,17,all,14980,-578845.0,-11.7484,0.8247,0.4649,2100.0
s8_pts8-r1,7,17,eve,1962,-83398.0,-4.6485,0.8109,0.4602,412.5
s8_pts8-r1,7,17,asia,1526,-46879.0,-2.958,0.8595,0.4744,475.0
s8_pts8-r1,7,17,london,2392,-94130.5,-4.7503,0.8236,0.4645,412.5
s8_pts8-r1,7,17,pre,1582,-71290.5,-4.3927,0.801,0.4583,2100.0
s8_pts8-r1,7,17,nyam,2530,-92545.0,-4.5405,0.8349,0.4672,412.5
s8_pts8-r1,7,17,mid,2518,-119597.0,-5.9155,0.7899,0.4543,400.0
s8_pts8-r1,7,17,pm,2470,-71005.0,-3.6686,0.8598,0.4757,962.5
s8_pts8-r2,7,18,all,13039,-513656.0,-8.1684,0.8589,0.3223,2550.0
s8_pts8-r2,7,18,eve,1671,-80559.0,-3.5375,0.8335,0.3046,612.5
s8_pts8-r2,7,18,asia,1330,-46970.0,-2.2831,0.8764,0.315,1475.0
s8_pts8-r2,7,18,london,2053,-85224.5,-3.3443,0.8556,0.3117,2550.0
s8_pts8-r2,7,18,pre,1394,-78088.5,-3.7203,0.8094,0.302,2525.0
s8_pts8-r2,7,18,nyam,2233,-66744.5,-2.5164,0.8937,0.3211,412.5
s8_pts8-r2,7,18,mid,2207,-82903.0,-3.221,0.8645,0.3249,400.0
s8_pts8-r2,7,18,pm,2151,-73166.5,-3.0986,0.8639,0.3622,1737.5
s8_pts8-r3,7,19,all,12161,-465456.5,-6.4406,0.8741,0.2621,2550.0
s8_pts8-r3,7,19,eve,1579,-60716.0,-2.2513,0.8784,0.2388,412.5
s8_pts8-r3,7,19,asia,1288,-15502.0,-0.621,0.9612,0.2554,1475.0
s8_pts8-r3,7,19,london,1904,-115691.0,-3.9821,0.8115,0.2274,2550.0
s8_pts8-r3,7,19,pre,1344,-48388.5,-1.9321,0.8859,0.2493,2525.0
s8_pts8-r3,7,19,nyam,2049,-77446.0,-2.5615,0.8785,0.2465,400.0
s8_pts8-r3,7,19,mid,2022,-81688.0,-2.8117,0.8661,0.2685,1437.5
s8_pts8-r3,7,19,pm,1975,-66025.0,-2.6029,0.8712,0.3372,1737.5
s8_pts12-r0,7,20,all,9460,-190565.0,-1.5887,0.9533,0.2738,2600.0
s8_pts12-r0,7,20,eve,1244,-70426.0,-1.4458,0.8835,0.2034,1025.0
s8_pts12-r0,7,20,asia,1072,16749.5,0.3853,1.0337,0.2407,1550.0
s8_pts12-r0,7,20,london,1476,-61216.5,-1.1859,0.9131,0.2188,2550.0
s8_pts12-r0,7,20,pre,1120,1207.5,0.0244,1.0024,0.2589,2600.0
s8_pts12-r0,7,20,nyam,1544,3211.5,0.0657,1.0047,0.2701,775.0
s8_pts12-r0,7,20,mid,1498,-17704.5,-0.4343,0.9705,0.3131,1437.5
s8_pts12-r0,7,20,pm,1506,-62386.5,-2.0203,0.8728,0.3851,1737.5
s8_pts12-r1,7,21,all,12172,-430450.5,-6.5753,0.8861,0.4789,2600.0
s8_pts12-r1,7,21,eve,1526,-49804.0,-2.1078,0.8976,0.4823,762.5
s8_pts12-r1,7,21,asia,1198,-43204.5,-2.0571,0.8876,0.4791,1550.0
s8_pts12-r1,7,21,london,1928,-99912.0,-3.7647,0.8422,0.4658,1662.5
s8_pts12-r1,7,21,pre,1279,-40366.0,-1.8477,0.9008,0.484,2600.0
s8_pts12-r1,7,21,nyam,2121,-66696.5,-2.4081,0.9003,0.4823,600.0
s8_pts12-r1,7,21,mid,2067,-85430.5,-3.1736,0.868,0.4722,1862.5
s8_pts12-r1,7,21,pm,2053,-45037.0,-1.8176,0.9186,0.4886,1737.5
s8_pts12-r2,7,22,all,10389,-290268.5,-3.5478,0.9275,0.3535,2600.0
s8_pts12-r2,7,22,eve,1325,-52175.0,-1.7227,0.9044,0.3275,762.5
s8_pts12-r2,7,22,asia,1105,8967.5,0.3163,1.0204,0.352,1550.0
s8_pts12-r2,7,22,london,1626,-83141.5,-2.4727,0.8776,0.3216,2587.5
s8_pts12-r2,7,22,pre,1164,-28218.5,-0.9866,0.9398,0.3471,2600.0
s8_pts12-r2,7,22,nyam,1766,-66376.5,-1.9333,0.9064,0.3352,775.0
s8_pts12-r2,7,22,mid,1704,-30978.5,-0.9494,0.9514,0.365,1437.5
s8_pts12-r2,7,22,pm,1699,-38346.0,-1.3715,0.9269,0.4167,1737.5
s8_pts12-r3,7,23,all,9816,-269826.5,-2.9198,0.9335,0.3058,2600.0
s8_pts12-r3,7,23,eve,1277,-60070.5,-1.7048,0.896,0.2616,1025.0
s8_pts12-r3,7,23,asia,1080,19167.5,0.5705,1.0408,0.2889,1550.0
s8_pts12-r3,7,23,london,1535,-93302.5,-2.4403,0.8661,0.2599,2587.5
s8_pts12-r3,7,23,pre,1136,-32681.5,-0.9958,0.9338,0.2923,2600.0
s8_pts12-r3,7,23,nyam,1623,-57767.0,-1.5152,0.9168,0.289,775.0
s8_pts12-r3,7,23,mid,1581,-6924.0,-0.1916,0.9888,0.3321,1437.5
s8_pts12-r3,7,23,pm,1584,-38248.5,-1.2961,0.9242,0.3984,1737.5
s8_pct0p1-r0,7,24,all,13801,-442304.0,-4.7293,0.8546,0.1227,1737.5
s8_pct0p1-r0,7,24,eve,1873,-99042.0,-2.8005,0.7717,0.0785,437.5
s8_pct0p1-r0,7,24,asia,1609,-54261.0,-1.6482,0.852,0.0938,1350.0
s8_pct0p1-r0,7,24,london,2131,-84711.5,-2.1304,0.8281,0.0873,900.0
s8_pct0p1-r0,7,24,pre,1643,10290.5,0.2383,1.028,0.1114,475.0
s8_pct0p1-r0,7,24,nyam,2212,-59873.0,-1.6701,0.8784,0.1157,325.0
s8_pct0p1-r0,7,24,mid,2187,-60235.5,-1.8598,0.8717,0.1477,1437.5
s8_pct0p1-r0,7,24,pm,2146,-94471.5,-3.7562,0.775,0.2083,1737.5
s8_pct0p1-r1,7,25,all,17705,-602670.0,-18.4576,0.7555,0.4511,1350.0
s8_pct0p1-r1,7,25,eve,2472,-87563.0,-7.1941,0.7468,0.4466,312.5
s8_pct0p1-r1,7,25,asia,2097,-85888.0,-7.6811,0.7118,0.4368,1350.0
s8_pct0p1-r1,7,25,london,2732,-92015.5,-7.1193,0.7589,0.4528,1312.5
s8_pct0p1-r1,7,25,pre,2112,-75785.5,-6.7734,0.7427,0.447,337.5
s8_pct0p1-r1,7,25,nyam,2766,-107914.0,-8.346,0.7262,0.4418,325.0
s8_pct0p1-r1,7,25,mid,2776,-88416.5,-6.8069,0.7704,0.4553,312.5
s8_pct0p1-r1,7,25,pm,2750,-65087.5,-5.0721,0.822,0.4727,312.5
s8_pct0p1-r2,7,26,all,16275,-606337.5,-14.2899,0.7886,0.3004,1350.0
s8_pct0p1-r2,7,26,eve,2178,-101799.5,-6.6134,0.7408,0.2828,437.5
s8_pct0p1-r2,7,26,asia,1816,-81376.5,-5.773,0.75,0.2869,1350.0
s8_pct0p1-r2,7,26,london,2581,-87349.0,-5.1113,0.8082,0.3038,312.5
s8_pct0p1-r2,7,26,pre,1849,-69446.0,-4.854,0.7875,0.298,337.5
s8_pct0p1-r2,7,26,nyam,2638,-101114.5,-5.8667,0.7853,0.2972,312.5
s8_pct0p1-r2,7,26,mid,2634,-99373.5,-5.7944,0.7871,0.2984,325.0
s8_pct0p1-r2,7,26,pm,2579,-65878.5,-3.9595,0.8466,0.3284,312.5
s8_pct0p1-r3,7,27,all,15421,-576421.5,-11.6287,0.8065,0.2317,1737.5
s8_pct0p1-r3,7,27,eve,2064,-99143.5,-5.4936,0.7574,0.2112,437.5
s8_pct0p1-r3,7,27,asia,1710,-78415.0,-4.7587,0.7676,0.2158,1350.0
s8_pct0p1-r3,7,27,london,2419,-82601.0,-4.1439,0.8248,0.2303,312.5
s8_pct0p1-r3,7,27,pre,1740,-57735.0,-3.418,0.8287,0.2305,337.5
s8_pct0p1-r3,7,27,nyam,2532,-92178.0,-4.5194,0.8138,0.2279,312.5
s8_pct0p1-r3,7,27,mid,2503,-95762.0,-4.7929,0.8023,0.2293,312.5
s8_pct0p1-r3,7,27,pm,2453,-70587.0,-3.708,0.841,0.2687,1737.5
s8_pct0p2-r0,7,28,all,10551,-288766.5,-2.5866,0.9254,0.2259,2550.0
s8_pct0p2-r0,7,28,eve,1407,-76315.5,-1.7466,0.8657,0.1613,1025.0
s8_pct0p2-r0,7,28,asia,1185,-8427.5,-0.206,0.9819,0.1899,1550.0
s8_pct0p2-r0,7,28,london,1624,-60408.5,-1.2625,0.906,0.1798,2550.0
s8_pct0p2-r0,7,28,pre,1218,-10622.0,-0.2293,0.9772,0.2061,2525.0
s8_pct0p2-r0,7,28,nyam,1733,-20569.5,-0.4573,0.9683,0.2164,775.0
s8_pct0p2-r0,7,28,mid,1692,-20030.5,-0.5052,0.9657,0.266,1437.5
s8_pct0p2-r0,7,28,pm,1692,-92393.0,-3.1625,0.8139,0.3327,1737.5
s8_pct0p2-r1,7,29,all,13826,-480354.0,-8.6016,0.8615,0.472,2100.0
s8_pct0p2-r1,7,29,eve,1775,-73012.5,-3.6078,0.8409,0.4665,762.5
s8_pct0p2-r1,7,29,asia,1403,-51687.0,-2.8592,0.8565,0.4711,1550.0
s8_pct0p2-r1,7,29,london,2204,-62891.0,-2.7883,0.8867,0.4791,612.5
s8_pct0p2-r1,7,29,pre,1439,-51918.5,-2.8312,0.8592,0.4698,2100.0
s8_pct0p2-r1,7,29,nyam,2358,-96582.0,-4.1365,0.8415,0.4682,625.0
s8_pct0p2-r1,7,29,mid,2342,-85755.5,-3.7259,0.855,0.4684,625.0
s8_pct0p2-r1,7,29,pm,2305,-58507.5,-2.7182,0.8885,0.479,962.5
s8_pct0p2-r2,7,30,all,11965,-419597.5,-5.9348,0.8893,0.3326,2550.0
s8_pct0p2-r2,7,30,eve,1544,-69876.0,-2.69,0.8637,0.3115,762.5
s8_pct0p2-r2,7,30,asia,1239,-45593.5,-1.9265,0.8893,0.3164,1550.0
s8_pct0p2-r2,7,30,london,1863,-62564.5,-2.1732,0.8975,0.321,2550.0
s8_pct0p2-r2,7,30,pre,1288,-38252.0,-1.5793,0.9095,0.3269,2525.0
s8_pct0p2-r2,7,30,nyam,2050,-65812.5,-2.1996,0.9013,0.3263,775.0
s8_pct0p2-r2,7,30,mid,2011,-69731.5,-2.4406,0.8892,0.3362,625.0
s8_pct0p2-r2,7,30,pm,1970,-67767.5,-2.6806,0.874,0.3772,1737.5
s8_pct0p2-r3,7,31,all,11222,-386325.5,-4.793,0.8996,0.2768,2550.0
s8_pct0p2-r3,7,31,eve,1471,-64984.0,-2.1226,0.8791,0.2413,762.5
s8_pct0p2-r3,7,31,asia,1205,-26420.0,-0.9415,0.9392,0.2581,1550.0
s8_pct0p2-r3,7,31,london,1737,-76773.0,-2.3259,0.8782,0.2464,2550.0
s8_pct0p2-r3,7,31,pre,1237,-41573.0,-1.4794,0.9065,0.2611,2525.0
s8_pct0p2-r3,7,31,nyam,1888,-80927.0,-2.4137,0.8795,0.2585,775.0
s8_pct0p2-r3,7,31,mid,1841,-31551.5,-0.9822,0.948,0.2988,1437.5
s8_pct0p2-r3,7,31,pm,1843,-64097.0,-2.3579,0.8773,0.3532,1737.5
s9_atr1p5-r0,8,0,all,13666,-285414.0,-2.5416,0.916,0.1436,4612.5
s9_atr1p5-r0,8,0,eve,1980,-88895.0,-2.135,0.7938,0.0621,2587.5
s9_atr1p5-r0,8,0,asia,2227,-35170.5,-0.8143,0.8818,0.0413,1962.5
s9_atr1p5-r0,8,0,london,2319,-66288.5,-1.5903,0.8616,0.0712,1775.0
s9_atr1p5-r0,8,0,pre,1577,19479.5,0.4215,1.0501,0.1084,1675.0
s9_atr1p5-r0,8,0,nyam,1970,52695.0,1.0819,1.0833,0.2,2125.0
s9_atr1p5-r0,8,0,mid,1750,-60100.0,-1.4155,0.9058,0.2617,4612.5
s9_atr1p5-r0,8,0,pm,1843,-107134.5,-3.4615,0.7987,0.3039,3850.0
s9_atr1p5-r1,8,1,all,18489,-611256.0,-11.7451,0.8047,0.447,4612.5
s9_atr1p5-r1,8,1,eve,2663,-91214.5,-5.768,0.7297,0.4251,2587.5
s9_atr1p5-r1,8,1,asia,2810,-85490.0,-9.8317,0.6259,0.3975,1237.5
s9_atr1p5-r1,8,1,london,2832,-81078.0,-6.0296,0.7659,0.446,1887.5
s9_atr1p5-r1,8,1,pre,2178,-41287.0,-2.6747,0.8742,0.4692,1912.5
s9_atr1p5-r1,8,1,nyam,2729,-77278.5,-3.1805,0.8715,0.4687,2300.0
s9_atr1p5-r1,8,1,mid,2597,-114838.0,-4.0898,0.8324,0.469,4612.5
s9_atr1p5-r1,8,1,pm,2680,-120070.0,-4.9662,0.801,0.4604,3850.0
s9_atr1p5-r2,8,2,all,16573,-591479.5,-8.8685,0.8312,0.3049,4612.5
s9_atr1p5-r2,8,2,eve,2424,-74571.0,-3.1638,0.809,0.2888,2587.5
s9_atr1p5-r2,8,2,asia,2702,-107470.5,-9.1788,0.6235,0.2546,1962.5
s9_atr1p5-r2,8,2,london,2811,-76206.5,-4.0719,0.8271,0.3063,1837.5
s9_atr1p5-r2,8,2,pre,1788,-62027.0,-3.2637,0.8262,0.3003,1812.5
s9_atr1p5-r2,8,2,nyam,2456,-63986.5,-1.9611,0.9092,0.3168,2125.0
s9_atr1p5-r2,8,2,mid,2119,-100576.0,-2.9347,0.8588,0.327,4612.5
s9_atr1p5-r2,8,2,pm,2273,-106642.0,-3.7575,0.8259,0.3502,3850.0
s9_atr1p5-r3,8,3,all,15353,-471962.0,-6.3413,0.8638,0.2448,4612.5
s9_atr1p5-r3,8,3,eve,2243,-95159.5,-4.0692,0.7673,0.2118,2587.5
s9_atr1p5-r3,8,3,asia,2540,-87872.5,-6.283,0.6969,0.1976,1962.5
s9_atr1p5-r3,8,3,london,2730,-82320.0,-3.6248,0.8274,0.2267,1687.5
s9_atr1p5-r3,8,3,pre,1667,-31018.0,-1.3554,0.9135,0.2334,1587.5
s9_atr1p5-r3,8,3,nyam,2239,-11031.0,-0.29,0.984,0.2568,3875.0
s9_atr1p5-r3,8,3,mid,1886,-42819.0,-1.1263,0.9353,0.2932,4612.5
s9_atr1p5-r3,8,3,pm,2048,-121742.0,-4.1433,0.7893,0.3154,3850.0
s9_atr3-r0,8,4,all,10104,-217366.0,-1.7232,0.9453,0.2354,7350.0
s9_atr3-r0,8,4,eve,1440,-77335.0,-1.5608,0.8667,0.1507,4075.0
s9_atr3-r0,8,4,asia,1672,7737.0,0.1827,1.0194,0.0969,3925.0
s9_atr3-r0,8,4,london,1866,-94914.0,-1.8925,0.8616,0.1388,3550.0
s9_atr3-r0,8,4,pre,1157,-24115.5,-0.4885,0.9509,0.1988,3337.5
s9_atr3-r0,8,4,nyam,1451,61508.5,1.0668,1.0852,0.3294,3325.0
s9_atr3-r0,8,4,mid,1191,-18076.5,-0.3891,0.9699,0.3997,5125.0
s9_atr3-r0,8,4,pm,1327,-72170.5,-2.061,0.8545,0.419,7350.0
s9_atr3-r1,8,5,all,13481,-409286.5,-5.0175,0.8949,0.4721,7762.5
s9_atr3-r1,8,5,eve,1963,-58139.5,-1.9653,0.8793,0.4783,4075.0
s9_atr3-r1,8,5,asia,2317,-68718.0,-4.2798,0.8008,0.4519,3925.0
s9_atr3-r1,8,5,london,2661,-98794.0,-3.7978,0.8416,0.4596,2762.5
s9_atr3-r1,8,5,pre,1357,-51140.5,-2.1518,0.8719,0.4709,3475.0
s9_atr3-r1,8,5,nyam,1959,-33548.5,-0.8125,0.9585,0.4916,7762.5
s9_atr3-r1,8,5,mid,1480,-34795.0,-0.8942,0.9474,0.4878,5125.0
s9_atr3-r1,8,5,pm,1744,-64151.0,-1.9677,0.8887,0.4771,7350.0
s9_atr3-r2,8,6,all,11201,-335691.5,-3.5449,0.9145,0.3455,7762.5
s9_atr3-r2,8,6,eve,1596,-66846.5,-1.992,0.8742,0.3214,4075.0
s9_atr3-r2,8,6,asia,1901,-59841.5,-2.9756,0.8364,0.3019,3925.0
s9_atr3-r2,8,6,london,2275,-69737.5,-2.0406,0.8982,0.3156,3550.0
s9_atr3-r2,8,6,pre,1198,-28979.5,-0.9443,0.934,0.3155,3162.5
s9_atr3-r2,8,6,nyam,1586,-15256.5,-0.3216,0.9802,0.3657,7762.5
s9_atr3-r2,8,6,mid,1227,-28808.0,-0.6667,0.9529,0.4124,5125.0
s9_atr3-r2,8,6,pm,1418,-66222.0,-1.9008,0.8731,0.4238,7350.0
s9_atr3-r3,8,7,all,10490,-358460.0,-3.5008,0.9088,0.2953,7762.5
s9_atr3-r3,8,7,eve,1497,-70563.0,-1.8674,0.8718,0.2498,4075.0
s9_atr3-r3,8,7,asia,1752,-65545.5,-2.9569,0.8241,0.23,3925.0
s9_atr3-r3,8,7,london,2031,-97911.5,-2.5727,0.8574,0.2294,3550.0
s9_atr3-r3,8,7,pre,1174,-26746.0,-0.7576,0.9429,0.2581,3337.5
s9_atr3-r3,8,7,nyam,1487,13814.5,0.2644,1.0186,0.3383,7762.5
s9_atr3-r3,8,7,mid,1193,-29022.0,-0.6571,0.9516,0.4023,5125.0
s9_atr3-r3,8,7,pm,1356,-82486.5,-2.3884,0.8378,0.4196,7350.0
s9_pts2p5-r0,8,8,all,16268,-472597.0,-6.7926,0.7807,0.065,1737.5
s9_pts2p5-r0,8,8,eve,2294,-91526.0,-3.2921,0.7066,0.0405,600.0
s9_pts2p5-r0,8,8,asia,2034,-63936.0,-2.4096,0.7669,0.0467,137.5
s9_pts2p5-r0,8,8,london,2454,-77978.5,-2.7254,0.7648,0.0456,362.5
s9_pts2p5-r0,8,8,pre,2031,-46936.5,-1.7557,0.8277,0.0527,312.5
s9_pts2p5-r0,8,8,nyam,2525,-69437.5,-2.6102,0.7938,0.0614,1387.5
s9_pts2p5-r0,8,8,mid,2484,-70498.5,-2.7605,0.7831,0.0753,325.0
s9_pts2p5-r0,8,8,pm,2446,-52284.0,-2.4069,0.8273,0.1259,1737.5
s9_pts2p5-r1,8,9,all,19410,-593415.0,-32.8395,0.6259,0.4227,312.5
s9_pts2p5-r1,8,9,eve,2802,-83108.0,-12.0911,0.6348,0.4261,162.5
s9_pts2p5-r1,8,9,asia,2665,-76997.5,-11.467,0.6426,0.4293,312.5
s9_pts2p5-r1,8,9,london,2829,-85091.0,-12.3266,0.6307,0.4245,137.5
s9_pts2p5-r1,8,9,pre,2646,-80809.0,-12.1067,0.6262,0.4229,200.0
s9_pts2p5-r1,8,9,nyam,2827,-97095.5,-14.1516,0.5898,0.4082,125.0
s9_pts2p5-r1,8,9,mid,2830,-88345.0,-12.8148,0.6196,0.4201,137.5
s9_pts2p5-r1,8,9,pm,2811,-81969.0,-11.9014,0.6397,0.428,125.0
s9_pts2p5-r2,8,10,all,18824,-624246.0,-26.162,0.6747,0.2797,200.0
s9_pts2p5-r2,8,10,eve,2702,-85945.5,-9.4686,0.6865,0.2831,162.5
s9_pts2p5-r2,8,10,asia,2425,-75787.5,-8.8004,0.6913,0.2845,137.5
s9_pts2p5-r2,8,10,london,2815,-94572.5,-10.2592,0.671,0.2785,137.5
s9_pts2p5-r2,8,10,pre,2437,-65198.0,-7.4609,0.7315,0.2963,200.0
s9_pts2p5-r2,8,10,nyam,2819,-115238.5,-12.7726,0.6098,0.2597,125.0
s9_pts2p5-r2,8,10,mid,2820,-105405.0,-11.5547,0.6388,0.2688,137.5
s9_pts2p5-r2,8,10,pm,2806,-82099.0,-8.8207,0.7087,0.2901,125.0
s9_pts2p5-r3,8,11,all,18320,-636767.5,-22.6283,0.6894,0.2089,200.0
s9_pts2p5-r3,8,11,eve,2600,-85562.5,-8.0098,0.7049,0.2119,162.5
s9_pts2p5-r3,8,11,asia,2283,-80157.0,-8.0682,0.6869,0.2076,137.5
s9_pts2p5-r3,8,11,london,2770,-98855.0,-9.0518,0.6822,0.2065,137.5
s9_pts2p5-r3,8,11,pre,2290,-67422.5,-6.647,0.7338,0.2188,200.0
s9_pts2p5-r3,8,11,nyam,2798,-109954.5,-10.1489,0.6531,0.1994,137.5
s9_pts2p5-r3,8,11,mid,2798,-114867.0,-10.6802,0.6389,0.1966,137.5
s9_pts2p5-r3,8,11,pm,2781,-79949.0,-7.1862,0.7378,0.2233,125.0
s9_pts5-r0,8,12,all,13331,-276574.0,-2.9242,0.9101,0.1321,2100.0
s9_pts5-r0,8,12,eve,1802,-36108.0,-0.8734,0.9172,0.0938,987.5
s9_pts5-r0,8,12,asia,1520,-29580.0,-0.8485,0.9195,0.0961,1437.5
s9_pts5-r0,8,12,london,2084,-71798.5,-1.8506,0.8568,0.0964,562.5
s9_pts5-r0,8,12,pre,1533,-1319.5,-0.0378,0.9964,0.1135,2100.0
s9_pts5-r0,8,12,nyam,2127,3379.5,0.0875,1.0069,0.1345,1387.5
s9_pts5-r0,8,12,mid,2168,-59209.5,-1.7675,0.8791,0.1504,1612.5
s9_pts5-r0,8,12,pm,2097,-81938.0,-3.1298,0.8091,0.2189,1737.5
s9_pts5-r1,8,13,all,17580,-576282.5,-17.0147,0.7736,0.456,2100.0
s9_pts5-r1,8,13,eve,2462,-75460.5,-5.9526,0.7869,0.4602,250.0
s9_pts5-r1,8,13,asia,2027,-61070.5,-5.3075,0.7902,0.4613,262.5
s9_pts5-r1,8,13,london,2746,-101496.5,-7.5978,0.7488,0.4479,262.5
s9_pts5-r1,8,13,pre,2051,-48866.5,-4.1477,0.8307,0.4754,2100.0
s9_pts5-r1,8,13,nyam,2765,-83735.0,-6.2334,0.7892,0.4608,250.0
s9_pts5-r1,8,13,mid,2781,-118886.5,-8.8708,0.7151,0.4365,250.0
s9_pts5-r1,8,13,pm,2748,-86767.0,-6.5294,0.779,0.4567,250.0
s9_pts5-r2,8,14,all,15954,-567191.0,-12.8759,0.8074,0.3056,2100.0
s9_pts5-r2,8,14,eve,2138,-44414.5,-2.6949,0.885,0.3223,250.0
s9_pts5-r2,8,14,asia,1706,-76474.0,-5.3455,0.7629,0.2907,262.5
s9_pts5-r2,8,14,london,2532,-97953.0,-5.5772,0.793,0.299,262.5
s9_pts5-r2,8,14,pre,1769,-60151.0,-4.0275,0.8172,0.3064,2100.0
s9_pts5-r2,8,14,nyam,2606,-81849.0,-4.5556,0.8295,0.3085,250.0
s9_pts5-r2,8,14,mid,2633,-120007.0,-6.7821,0.7583,0.2909,325.0
s9_pts5-r2,8,14,pm,2570,-86342.5,-5.0143,0.811,0.3195,250.0
s9_pts5-r3,8,15,all,15014,-534081.0,-10.3784,0.8247,0.2364,2100.0
s9_pts5-r3,8,15,eve,1984,-57111.0,-2.9876,0.8588,0.2349,250.0
s9_pts5-r3,8,15,asia,1609,-66348.5,-3.9265,0.801,0.2225,262.5
s9_pts5-r3,8,15,london,2353,-87437.0,-4.2598,0.8194,0.2274,262.5
s9_pts5-r3,8,15,pre,1659,-56586.0,-3.2375,0.8343,0.2315,2100.0
s9_pts5-r3,8,15,nyam,2480,-68057.5,-3.1867,0.8648,0.2375,250.0
s9_pts5-r3,8,15,mid,2495,-102317.5,-4.9061,0.7998,0.2305,1612.5
s9_pts5-r3,8,15,pm,2434,-96223.5,-4.9361,0.7949,0.2638,1737.5
s9_pts8-r0,8,16,all,11173,-292529.5,-2.726,0.9207,0.1967,2550.0
s9_pts8-r0,8,16,eve,1471,-7171.5,-0.1529,0.9862,0.1516,800.0
s9_pts8-r0,8,16,asia,1260,5547.5,0.1291,1.0126,0.1556,1437.5
s9_pts8-r0,8,16,london,1741,-125539.0,-2.8642,0.7996,0.139,2550.0
s9_pts8-r0,8,16,pre,1266,-30376.5,-0.814,0.9306,0.1698,2100.0
s9_pts8-r0,8,16,nyam,1820,24082.5,0.5489,1.0404,0.2077,1387.5
s9_pts8-r0,8,16,mid,1830,-51432.5,-1.3502,0.911,0.2311,1612.5
s9_pts8-r0,8,16,pm,1785,-107640.0,-3.8628,0.7811,0.2919,1737.5
s9_pts8-r1,8,17,all,14985,-548602.5,-11.1239,0.8331,0.4673,2100.0
s9_pts8-r1,8,17,eve,1958,-55807.0,-3.1068,0.869,0.4775,612.5
s9_pts8-r1,8,17,asia,1533,-55607.0,-3.503,0.8362,0.4677,412.5
s9_pts8-r1,8,17,london,2380,-103120.0,-5.2002,0.8077,0.4601,1850.0
s9_pts8-r1,8,17,pre,1592,-60455.5,-3.7095,0.8295,0.468,2100.0
s9_pts8-r1,8,17,nyam,2537,-73185.5,-3.5837,0.8673,0.4765,412.5
s9_pts8-r1,8,17,mid,2523,-113942.0,-5.6263,0.7992,0.4574,400.0
s9_pts8-r1,8,17,pm,2462,-86485.5,-4.4845,0.8312,0.4659,950.0
s9_pts8-r2,8,18,all,12970,-529855.0,-8.471,0.8537,0.3205,2550.0
s9_pts8-r2,8,18,eve,1642,-60530.5,-2.6601,0.8708,0.3143,412.5
s9_pts8-r2,8,18,asia,1345,-57067.5,-2.776,0.8525,0.3093,1437.5
s9_pts8-r2,8,18,london,2039,-112131.0,-4.4527,0.812,0.2997,2550.0
s9_pts8-r2,8,18,pre,1384,-57486.0,-2.7553,0.855,0.3136,2100.0
s9_pts8-r2,8,18,nyam,2218,-55684.5,-2.1033,0.91,0.3269,475.0
s9_pts8-r2,8,18,mid,2193,-80034.5,-3.1105,0.8683,0.3279,1612.5
s9_pts8-r2,8,18,pm,2149,-106921.0,-4.6003,0.8048,0.3425,1737.5
s9_pts8-r3,8,19,all,12062,-438098.0,-6.0702,0.8805,0.2614,2550.0
s9_pts8-r3,8,19,eve,1541,-31164.0,-1.1529,0.935,0.2518,412.5
s9_pts8-r3,8,19,asia,1295,-27017.5,-1.0866,0.9332,0.2486,1437.5
s9_pts8-r3,8,19,london,1880,-124270.0,-4.3167,0.7964,0.2234,2550.0
s9_pts8-r3,8,19,pre,1316,-32539.0,-1.3085,0.9206,0.2538,2100.0
s9_pts8-r3,8,19,nyam,2039,-43793.5,-1.4296,0.93,0.2599,1387.5
s9_pts8-r3,8,19,mid,2024,-73108.5,-2.5052,0.8797,0.2698,1612.5
s9_pts8-r3,8,19,pm,1967,-106205.5,-4.2596,0.799,0.3116,1737.5
s9_pts12-r0,8,20,all,9415,-169147.5,-1.4026,0.9584,0.2718,2550.0
s9_pts12-r0,8,20,eve,1237,-53860.5,-1.1027,0.9097,0.2118,1187.5
s9_pts12-r0,8,20,asia,1082,-8990.5,-0.2017,0.9822,0.232,1550.0
s9_pts12-r0,8,20,london,1445,-68317.5,-1.3501,0.9019,0.2173,2550.0
s9_pts12-r0,8,20,pre,1104,-20141.0,-0.4,0.9611,0.231,2100.0
s9_pts12-r0,8,20,nyam,1540,76427.5,1.5687,1.1175,0.2981,1387.5
s9_pts12-r0,8,20,mid,1481,-861.5,-0.0207,0.9985,0.3147,1612.5
s9_pts12-r0,8,20,pm,1526,-93404.0,-3.0054,0.8179,0.3617,1737.5
s9_pts12-r1,8,21,all,12161,-327406.5,-5.0106,0.9119,0.4862,2100.0
s9_pts12-r1,8,21,eve,1514,-20306.0,-0.862,0.9566,0.498,787.5
s9_pts12-r1,8,21,asia,1201,-46591.5,-2.2188,0.8795,0.4771,1550.0
s9_pts12-r1,8,21,london,1935,-62040.0,-2.3267,0.8993,0.4827,1662.5
s9_pts12-r1,8,21,pre,1284,-81286.0,-3.757,0.8101,0.4579,2100.0
s9_pts12-r1,8,21,nyam,2118,-5097.0,-0.1841,0.992,0.5085,625.0
s9_pts12-r1,8,21,mid,2054,-40128.5,-1.4982,0.9352,0.4903,600.0
s9_pts12-r1,8,21,pm,2055,-71957.5,-2.916,0.8723,0.4769,1737.5
s9_pts12-r2,8,22,all,10357,-290090.5,-3.5515,0.9274,0.351,2550.0
s9_pts12-r2,8,22,eve,1308,-42982.0,-1.4199,0.92,0.3295,1187.5
s9_pts12-r2,8,22,asia,1113,-14939.5,-0.5317,0.9666,0.3414,1550.0
s9_pts12-r2,8,22,london,1592,-60180.5,-1.7963,0.9088,0.3304,2550.0
s9_pts12-r2,8,22,pre,1153,-42174.5,-1.4983,0.9102,0.3339,2100.0
s9_pts12-r2,8,22,nyam,1773,-10142.0,-0.2912,0.9853,0.3576,1387.5
s9_pts12-r2,8,22,mid,1693,-8922.0,-0.2724,0.9857,0.368,1612.5
s9_pts12-r2,8,22,pm,1725,-110750.0,-4.0044,0.8035,0.3803,1737.5
s9_pts12-r3,8,23,all,9813,-280352.0,-3.0367,0.9309,0.3038,2550.0
s9_pts12-r3,8,23,eve,1259,-61661.0,-1.768,0.8916,0.2621,1187.5
s9_pts12-r3,8,23,asia,1093,-20509.5,-0.623,0.9575,0.2763,1550.0
s9_pts12-r3,8,23,london,1508,-62319.5,-1.6231,0.9084,0.2692,2550.0
s9_pts12-r3,8,23,pre,1129,-59678.5,-1.8407,0.8815,0.2684,2100.0
s9_pts12-r3,8,23,nyam,1646,23341.0,0.5912,1.0344,0.3171,1387.5
s9_pts12-r3,8,23,mid,1563,-5764.5,-0.1611,0.9905,0.3327,1612.5
s9_pts12-r3,8,23,pm,1615,-93760.0,-3.2027,0.8255,0.3703,1737.5
s9_pct0p1-r0,8,24,all,13590,-306272.5,-3.2955,0.8975,0.1265,1737.5
s9_pct0p1-r0,8,24,eve,1846,-1796.5,-0.043,0.9957,0.097,800.0
s9_pct0p1-r0,8,24,asia,1560,-19540.0,-0.5306,0.9451,0.0962,1437.5
s9_pct0p1-r0,8,24,london,2112,-95660.5,-2.6025,0.8037,0.0914,937.5
s9_pct0p1-r0,8,24,pre,1576,-10129.0,-0.3054,0.9712,0.1079,337.5
s9_pct0p1-r0,8,24,nyam,2175,-9587.5,-0.2541,0.98,0.1269,1387.5
s9_pct0p1-r0,8,24,mid,2204,-76628.5,-2.3223,0.8395,0.1379,325.0
s9_pct0p1-r0,8,24,pm,2117,-92930.5,-3.888,0.7755,0.2111,1737.5
s9_pct0p1-r1,8,25,all,17665,-580160.0,-17.8188,0.7628,0.4526,337.5
s9_pct0p1-r1,8,25,eve,2486,-78581.5,-6.431,0.7707,0.4558,312.5
s9_pct0p1-r1,8,25,asia,2070,-64367.5,-5.8111,0.7726,0.4565,312.5
s9_pct0p1-r1,8,25,london,2734,-105173.5,-8.1996,0.729,0.4418,312.5
s9_pct0p1-r1,8,25,pre,2088,-48239.5,-4.3277,0.8257,0.4737,337.5
s9_pct0p1-r1,8,25,nyam,2763,-91777.0,-7.0869,0.7618,0.4488,312.5
s9_pct0p1-r1,8,25,mid,2777,-116745.5,-9.0367,0.7078,0.4346,312.5
s9_pct0p1-r1,8,25,pm,2747,-75275.5,-5.8701,0.797,0.4638,312.5
s9_pct0p1-r2,8,26,all,16183,-549944.5,-12.9566,0.8058,0.3054,337.5
s9_pct0p1-r2,8,26,eve,2200,-49225.0,-3.0811,0.87,0.3191,312.5
s9_pct0p1-r2,8,26,asia,1767,-65818.0,-4.7201,0.7884,0.2982,312.5
s9_pct0p1-r2,8,26,london,2545,-99230.0,-5.8979,0.7811,0.2974,325.0
s9_pct0p1-r2,8,26,pre,1817,-57930.5,-4.0803,0.8168,0.3076,337.5
s9_pct0p1-r2,8,26,nyam,2629,-75453.5,-4.3324,0.8359,0.3085,312.5
s9_pct0p1-r2,8,26,mid,2649,-119546.0,-7.0075,0.7497,0.2888,325.0
s9_pct0p1-r2,8,26,pm,2576,-82741.5,-5.0097,0.8097,0.3191,312.5
s9_pct0p1-r3,8,27,all,15255,-532920.0,-10.7635,0.8186,0.235,1737.5
s9_pct0p1-r3,8,27,eve,2038,-47302.0,-2.5256,0.8792,0.239,312.5
s9_pct0p1-r3,8,27,asia,1668,-57422.0,-3.4811,0.8225,0.2284,312.5
s9_pct0p1-r3,8,27,london,2384,-93036.0,-4.7339,0.801,0.2253,937.5
s9_pct0p1-r3,8,27,pre,1716,-46601.5,-2.756,0.8585,0.236,337.5
s9_pct0p1-r3,8,27,nyam,2515,-77860.0,-3.7808,0.8407,0.2302,312.5
s9_pct0p1-r3,8,27,mid,2504,-114291.0,-5.7969,0.7671,0.2244,325.0
s9_pct0p1-r3,8,27,pm,2430,-96407.5,-5.2,0.7841,0.2609,1737.5
s9_pct0p2-r0,8,28,all,10465,-243297.5,-2.1691,0.9367,0.2247,2550.0
s9_pct0p2-r0,8,28,eve,1368,-32872.0,-0.7022,0.9396,0.1762,800.0
s9_pct0p2-r0,8,28,asia,1191,-7801.5,-0.1806,0.9834,0.1839,1550.0
s9_pct0p2-r0,8,28,london,1628,-110912.0,-2.3025,0.8332,0.1634,2550.0
s9_pct0p2-r0,8,28,pre,1202,-15845.5,-0.3937,0.9662,0.1972,2100.0
s9_pct0p2-r0,8,28,nyam,1721,39503.5,0.8584,1.063,0.2342,1387.5
s9_pct0p2-r0,8,28,mid,1685,-25015.0,-0.6267,0.9568,0.2635,1612.5
s9_pct0p2-r0,8,28,pm,1670,-90355.0,-3.0615,0.8168,0.324,1737.5
s9_pct0p2-r1,8,29,all,13859,-426548.5,-7.6252,0.8762,0.4768,2100.0
s9_pct0p2-r1,8,29,eve,1778,-22774.5,-1.1206,0.9476,0.4955,787.5
s9_pct0p2-r1,8,29,asia,1407,-43153.0,-2.3933,0.8786,0.4797,1550.0
s9_pct0p2-r1,8,29,london,2194,-95926.0,-4.2454,0.832,0.4663,1850.0
s9_pct0p2-r1,8,29,pre,1469,-60551.0,-3.2825,0.8402,0.4724,2100.0
s9_pct0p2-r1,8,29,nyam,2371,-64721.5,-2.7593,0.8915,0.4787,625.0
s9_pct0p2-r1,8,29,mid,2350,-76175.0,-3.2972,0.8708,0.4732,625.0
s9_pct0p2-r1,8,29,pm,2290,-63247.5,-2.96,0.8784,0.4751,950.0
s9_pct0p2-r2,8,30,all,11947,-422963.0,-5.9962,0.888,0.3324,2550.0
s9_pct0p2-r2,8,30,eve,1508,-40557.0,-1.5586,0.9175,0.3243,787.5
s9_pct0p2-r2,8,30,asia,1261,-41281.5,-1.7393,0.9004,0.3212,1550.0
s9_pct0p2-r2,8,30,london,1879,-98341.0,-3.4396,0.8438,0.3119,2550.0
s9_pct0p2-r2,8,30,pre,1294,-36563.5,-1.5184,0.9135,0.33,2100.0
s9_pct0p2-r2,8,30,nyam,2050,-32137.5,-1.066,0.9506,0.3356,625.0
s9_pct0p2-r2,8,30,mid,1993,-56647.0,-1.977,0.9083,0.3417,1612.5
s9_pct0p2-r2,8,30,pm,1962,-117435.5,-4.7632,0.786,0.3542,1737.5
s9_pct0p2-r3,8,31,all,11151,-389091.5,-4.8492,0.8982,0.2767,2550.0
s9_pct0p2-r3,8,31,eve,1418,-38659.5,-1.2756,0.9242,0.256,787.5
s9_pct0p2-r3,8,31,asia,1214,-44643.5,-1.609,0.8987,0.2512,1550.0
s9_pct0p2-r3,8,31,london,1733,-125882.0,-3.9177,0.805,0.2372,2550.0
s9_pct0p2-r3,8,31,pre,1245,-17267.5,-0.6036,0.961,0.2683,2100.0
s9_pct0p2-r3,8,31,nyam,1880,-16757.5,-0.4872,0.9742,0.2766,1387.5
s9_pct0p2-r3,8,31,mid,1836,-37206.5,-1.166,0.9381,0.2979,1612.5
s9_pct0p2-r3,8,31,pm,1825,-108675.0,-4.1219,0.7954,0.3315,1737.5
s10_atr1p5-r0,9,0,all,13654,-207491.0,-1.8391,0.9384,0.1458,4612.5
s10_atr1p5-r0,9,0,eve,1965,-44735.0,-1.0544,0.8938,0.0677,2587.5
s10_atr1p5-r0,9,0,asia,2213,-88277.0,-3.214,0.7013,0.0393,1775.0
s10_atr1p5-r0,9,0,london,2321,-81959.0,-1.9765,0.8294,0.0664,1862.5
s10_atr1p5-r0,9,0,pre,1576,40558.5,0.8583,1.1035,0.118,1737.5
s10_atr1p5-r0,9,0,nyam,1980,59030.0,1.1192,1.0924,0.1914,1875.0
s10_atr1p5-r0,9,0,mid,1742,-13318.0,-0.2726,0.9786,0.2675,4612.5
s10_atr1p5-r0,9,0,pm,1857,-78790.5,-2.434,0.8478,0.3156,3850.0
s10_atr1p5-r1,9,1,all,18504,-532553.5,-10.2876,0.8275,0.4509,4612.5
s10_atr1p5-r1,9,1,eve,2692,-61518.0,-3.8358,0.8117,0.4383,2587.5
s10_atr1p5-r1,9,1,asia,2809,-71748.5,-8.253,0.6762,0.4069,1300.0
s10_atr1p5-r1,9,1,london,2832,-98490.5,-7.3554,0.7224,0.4417,1862.5
s10_atr1p5-r1,9,1,pre,2155,-71832.5,-4.7414,0.7884,0.4557,1937.5
s10_atr1p5-r1,9,1,nyam,2745,-70680.0,-2.9308,0.8819,0.4714,2275.0
s10_atr1p5-r1,9,1,mid,2594,-55413.5,-2.0039,0.915,0.4815,4612.5
s10_atr1p5-r1,9,1,pm,2677,-102870.5,-4.2276,0.827,0.4651,3850.0
s10_atr1p5-r2,9,2,all,16595,-416542.5,-6.1859,0.8785,0.3123,4612.5
s10_atr1p5-r2,9,2,eve,2439,-32881.0,-1.3554,0.9126,0.303,2587.5
s10_atr1p5-r2,9,2,asia,2701,-71866.5,-5.9815,0.7362,0.2725,1775.0
s10_atr1p5-r2,9,2,london,2819,-85626.0,-4.5794,0.8079,0.3005,1862.5
s10_atr1p5-r2,9,2,pre,1770,-46905.0,-2.4245,0.8664,0.3068,1737.5
s10_atr1p5-r2,9,2,nyam,2491,-35926.5,-1.0937,0.949,0.3256,3600.0
s10_atr1p5-r2,9,2,mid,2084,-74436.0,-2.1844,0.8912,0.3234,4612.5
s10_atr1p5-r2,9,2,pm,2291,-68901.5,-2.38,0.8839,0.3632,3850.0
s10_atr1p5-r3,9,3,all,15377,-353358.0,-4.7128,0.8969,0.2517,4612.5
s10_atr1p5-r3,9,3,eve,2248,-47104.5,-1.886,0.8814,0.2269,2587.5
s10_atr1p5-r3,9,3,asia,2548,-76204.5,-5.4364,0.7348,0.2057,1775.0
s10_atr1p5-r3,9,3,london,2726,-90954.0,-4.127,0.8106,0.2249,1862.5
s10_atr1p5-r3,9,3,pre,1664,-34118.5,-1.4988,0.9061,0.2392,1737.5
s10_atr1p5-r3,9,3,nyam,2249,10104.0,0.264,1.0147,0.2601,3600.0
s10_atr1p5-r3,9,3,mid,1875,-42112.5,-1.1163,0.9356,0.2891,4612.5
s10_atr1p5-r3,9,3,pm,2067,-72968.0,-2.4189,0.8691,0.3382,3850.0
s10_atr3-r0,9,4,all,10064,-228743.5,-1.8298,0.9421,0.2387,7900.0
s10_atr3-r0,9,4,eve,1409,-65548.5,-1.44,0.8827,0.1469,3475.0
s10_atr3-r0,9,4,asia,1662,-107910.5,-3.0594,0.7385,0.0776,3550.0
s10_atr3-r0,9,4,london,1839,-58193.5,-1.1726,0.9125,0.1501,3550.0
s10_atr3-r0,9,4,pre,1176,44071.0,0.8327,1.0888,0.216,3425.0
s10_atr3-r0,9,4,nyam,1442,48132.0,0.8505,1.0672,0.3252,3762.5
s10_atr3-r0,9,4,mid,1214,-28706.0,-0.5586,0.9536,0.4077,7900.0
s10_atr3-r0,9,4,pm,1322,-60588.0,-1.7493,0.8738,0.4327,7350.0
s10_atr3-r1,9,5,all,13464,-333143.5,-4.1091,0.9134,0.4751,7900.0
s10_atr3-r1,9,5,eve,1946,-33371.5,-1.1487,0.928,0.4687,3125.0
s10_atr3-r1,9,5,asia,2318,-62822.0,-3.8787,0.8172,0.4525,3550.0
s10_atr3-r1,9,5,london,2660,-89552.5,-3.4226,0.8554,0.4711,3550.0
s10_atr3-r1,9,5,pre,1359,-42711.0,-1.7765,0.8934,0.4724,2500.0
s10_atr3-r1,9,5,nyam,1949,-19608.5,-0.4853,0.9751,0.4977,4800.0
s10_atr3-r1,9,5,mid,1488,-33802.0,-0.8705,0.9489,0.4906,7900.0
s10_atr3-r1,9,5,pm,1744,-51276.0,-1.5705,0.9104,0.4822,7350.0
s10_atr3-r2,9,6,all,11132,-261315.5,-2.7646,0.9326,0.352,7900.0
s10_atr3-r2,9,6,eve,1555,-43407.5,-1.3118,0.9146,0.3158,3475.0
s10_atr3-r2,9,6,asia,1898,-70854.5,-3.4482,0.8088,0.2998,3550.0
s10_atr3-r2,9,6,london,2237,-65735.5,-1.9473,0.9025,0.3201,3550.0
s10_atr3-r2,9,6,pre,1219,-27288.5,-0.8777,0.94,0.3355,3425.0
s10_atr3-r2,9,6,nyam,1576,47358.5,1.0027,1.0641,0.3775,4800.0
s10_atr3-r2,9,6,mid,1247,-38075.5,-0.8656,0.9391,0.4186,7900.0
s10_atr3-r2,9,6,pm,1400,-63312.5,-1.8716,0.8744,0.4407,7350.0
s10_atr3-r3,9,7,all,10455,-317407.5,-3.1272,0.9185,0.2981,7900.0
s10_atr3-r3,9,7,eve,1458,-57182.0,-1.5354,0.8915,0.2401,3475.0
s10_atr3-r3,9,7,asia,1754,-73491.0,-3.1143,0.8066,0.2195,3550.0
s10_atr3-r3,9,7,london,2011,-57169.0,-1.5076,0.9142,0.2452,3550.0
s10_atr3-r3,9,7,pre,1194,-13951.0,-0.3739,0.9712,0.2605,3425.0
s10_atr3-r3,9,7,nyam,1479,21771.5,0.4373,1.03,0.3381,3762.5
s10_atr3-r3,9,7,mid,1217,-63230.5,-1.4284,0.898,0.4092,7900.0
s10_atr3-r3,9,7,pm,1342,-74155.5,-2.2459,0.8485,0.4322,7350.0
s10_pts2p5-r0,9,8,all,16278,-547074.5,-7.8769,0.7472,0.062,1825.0
s10_pts2p5-r0,9,8,eve,2266,-82851.5,-3.0589,0.7303,0.0424,187.5
s10_pts2p5-r0,9,8,asia,2050,-91325.0,-3.6086,0.6723,0.0405,325.0
s10_pts2p5-r0,9,8,london,2452,-85995.5,-2.9588,0.7414,0.0445,625.0
s10_pts2p5-r0,9,8,pre,2002,-40083.0,-1.5393,0.85,0.0574,300.0
s10_pts2p5-r0,9,8,nyam,2522,-70275.5,-2.6132,0.791,0.0615,1412.5
s10_pts2p5-r0,9,8,mid,2512,-91373.0,-3.4409,0.7234,0.0697,125.0
s10_pts2p5-r0,9,8,pm,2474,-85171.0,-3.8111,0.727,0.112,1825.0
s10_pts2p5-r1,9,9,all,19412,-592235.5,-32.7737,0.6265,0.4229,200.0
s10_pts2p5-r1,9,9,eve,2806,-86024.0,-12.5216,0.625,0.4223,162.5
s10_pts2p5-r1,9,9,asia,2693,-80522.0,-11.9538,0.6324,0.4252,137.5
s10_pts2p5-r1,9,9,london,2829,-95616.0,-13.9171,0.595,0.4104,137.5
s10_pts2p5-r1,9,9,pre,2612,-73110.5,-10.9927,0.6516,0.4326,200.0
s10_pts2p5-r1,9,9,nyam,2830,-89645.0,-13.0114,0.6151,0.4184,125.0
s10_pts2p5-r1,9,9,mid,2831,-87686.5,-12.7136,0.6219,0.4211,125.0
s10_pts2p5-r1,9,9,pm,2811,-79631.5,-11.5506,0.6481,0.4312,137.5
s10_pts2p5-r2,9,10,all,18833,-630632.0,-26.4475,0.6719,0.2788,200.0
s10_pts2p5-r2,9,10,eve,2698,-89254.5,-9.8754,0.6754,0.2798,162.5
s10_pts2p5-r2,9,10,asia,2460,-76077.5,-8.7635,0.6942,0.2854,137.5
s10_pts2p5-r2,9,10,london,2811,-101381.5,-11.0846,0.6499,0.2721,137.5
s10_pts2p5-r2,9,10,pre,2406,-65849.0,-7.5956,0.7259,0.2947,200.0
s10_pts2p5-r2,9,10,nyam,2825,-107950.0,-11.852,0.6318,0.2665,125.0
s10_pts2p5-r2,9,10,mid,2828,-103524.5,-11.3073,0.6452,0.2709,125.0
s10_pts2p5-r2,9,10,pm,2805,-86595.0,-9.3448,0.6944,0.2856,137.5
s10_pts2p5-r3,9,11,all,18289,-615456.0,-21.8033,0.6986,0.2111,275.0
s10_pts2p5-r3,9,11,eve,2585,-80865.0,-7.5512,0.7184,0.2151,162.5
s10_pts2p5-r3,9,11,asia,2288,-78277.0,-7.8466,0.6942,0.2094,137.5
s10_pts2p5-r3,9,11,london,2775,-101100.0,-9.2732,0.6762,0.205,137.5
s10_pts2p5-r3,9,11,pre,2252,-59470.5,-5.8562,0.7594,0.2247,200.0
s10_pts2p5-r3,9,11,nyam,2807,-110053.0,-10.1407,0.6537,0.1999,137.5
s10_pts2p5-r3,9,11,mid,2808,-97032.0,-8.7955,0.6912,0.209,125.0
s10_pts2p5-r3,9,11,pm,2774,-88658.5,-8.0552,0.7113,0.217,275.0
s10_pts5-r0,9,12,all,13323,-279117.0,-2.8633,0.909,0.1341,2100.0
s10_pts5-r0,9,12,eve,1751,-54504.0,-1.5124,0.8718,0.0902,937.5
s10_pts5-r0,9,12,asia,1527,-50945.5,-1.5291,0.8616,0.0956,350.0
s10_pts5-r0,9,12,london,2058,-55369.5,-1.3335,0.888,0.1006,1312.5
s10_pts5-r0,9,12,pre,1545,29795.0,0.6568,1.0817,0.1172,2100.0
s10_pts5-r0,9,12,nyam,2184,-13348.5,-0.3556,0.9735,0.1328,1412.5
s10_pts5-r0,9,12,mid,2158,-71957.0,-2.1057,0.8525,0.1497,1437.5
s10_pts5-r0,9,12,pm,2100,-62787.5,-2.3152,0.8515,0.229,1825.0
s10_pts5-r1,9,13,all,17558,-538244.5,-15.8801,0.7866,0.4604,2100.0
s10_pts5-r1,9,13,eve,2438,-64989.5,-5.1457,0.812,0.468,262.5
s10_pts5-r1,9,13,asia,2032,-74128.0,-6.4497,0.7516,0.4488,250.0
s10_pts5-r1,9,13,london,2744,-93263.5,-6.9441,0.7669,0.4544,1312.5
s10_pts5-r1,9,13,pre,2052,-59695.5,-5.0733,0.7972,0.4649,2100.0
s10_pts5-r1,9,13,nyam,2763,-70402.0,-5.2359,0.8195,0.4701,262.5
s10_pts5-r1,9,13,mid,2785,-97240.0,-7.2241,0.7609,0.4517,262.5
s10_pts5-r1,9,13,pm,2744,-78526.0,-5.9106,0.7974,0.4636,425.0
s10_pts5-r2,9,14,all,15906,-485149.0,-10.95,0.8332,0.3123,2100.0
s10_pts5-r2,9,14,eve,2100,-37037.5,-2.2605,0.9017,0.3267,262.5
s10_pts5-r2,9,14,asia,1713,-53939.5,-3.7002,0.8292,0.3082,275.0
s10_pts5-r2,9,14,london,2512,-77685.5,-4.3856,0.8323,0.3097,1312.5
s10_pts5-r2,9,14,pre,1754,-54253.5,-3.6365,0.8326,0.3101,2100.0
s10_pts5-r2,9,14,nyam,2631,-78199.0,-4.3241,0.8381,0.3109,250.0
s10_pts5-r2,9,14,mid,2636,-98644.0,-5.5054,0.7988,0.3016,425.0
s10_pts5-r2,9,14,pm,2560,-85390.0,-4.9478,0.8122,0.3199,1825.0
s10_pts5-r3,9,15,all,14937,-445485.5,-8.6102,0.8518,0.2426,2100.0
s10_pts5-r3,9,15,eve,1925,-40450.0,-2.1254,0.8958,0.2431,262.5
s10_pts5-r3,9,15,asia,1614,-63206.0,-3.7241,0.8104,0.2249,275.0
s10_pts5-r3,9,15,london,2349,-80296.0,-3.8839,0.8336,0.2307,1312.5
s10_pts5-r3,9,15,pre,1649,-56596.0,-3.252,0.8332,0.2317,2100.0
s10_pts5-r3,9,15,nyam,2504,-46578.5,-2.1446,0.9072,0.2468,250.0
s10_pts5-r3,9,15,mid,2465,-82660.0,-3.9521,0.8346,0.2377,425.0
s10_pts5-r3,9,15,pm,2431,-75699.0,-3.8451,0.8359,0.2735,1825.0
s10_pts8-r0,9,16,all,11190,-321960.0,-2.9267,0.9126,0.199,2550.0
s10_pts8-r0,9,16,eve,1457,-52678.0,-1.2464,0.8984,0.1448,1075.0
s10_pts8-r0,9,16,asia,1245,-64617.5,-1.7552,0.8533,0.1486,612.5
s10_pts8-r0,9,16,london,1743,-77797.0,-1.7257,0.8739,0.1492,2550.0
s10_pts8-r0,9,16,pre,1257,37859.5,0.7862,1.0884,0.1846,2525.0
s10_pts8-r0,9,16,nyam,1854,-15478.5,-0.3672,0.9747,0.199,412.5
s10_pts8-r0,9,16,mid,1828,-46149.5,-1.0367,0.9199,0.2314,1437.5
s10_pts8-r0,9,16,pm,1806,-103099.0,-3.539,0.7906,0.3029,1825.0
s10_pts8-r1,9,17,all,14971,-484584.0,-9.8314,0.851,0.4726,2100.0
s10_pts8-r1,9,17,eve,1954,-26816.0,-1.4933,0.9346,0.4959,412.5
s10_pts8-r1,9,17,asia,1520,-55930.0,-3.5385,0.8341,0.4671,450.0
s10_pts8-r1,9,17,london,2392,-114418.0,-5.7854,0.7896,0.4536,412.5
s10_pts8-r1,9,17,pre,1570,-39817.5,-2.4555,0.8828,0.4828,2100.0
s10_pts8-r1,9,17,nyam,2555,-75670.0,-3.6911,0.8641,0.4759,412.5
s10_pts8-r1,9,17,mid,2517,-72855.5,-3.5954,0.8662,0.4776,400.0
s10_pts8-r1,9,17,pm,2463,-99077.0,-5.1397,0.8093,0.4612,500.0
s10_pts8-r2,9,18,all,12964,-396943.5,-6.3063,0.8888,0.3307,2550.0
s10_pts8-r2,9,18,eve,1639,-37443.5,-1.6324,0.9185,0.3264,412.5
s10_pts8-r2,9,18,asia,1317,-54493.0,-2.6871,0.8556,0.3106,450.0
s10_pts8-r2,9,18,london,2074,-75808.5,-2.9482,0.8721,0.3144,2550.0
s10_pts8-r2,9,18,pre,1357,-25265.5,-1.1936,0.9335,0.3331,2525.0
s10_pts8-r2,9,18,nyam,2235,-32977.5,-1.2308,0.9465,0.3347,412.5
s10_pts8-r2,9,18,mid,2183,-63894.5,-2.485,0.8931,0.3339,400.0
s10_pts8-r2,9,18,pm,2159,-107061.0,-4.6233,0.8043,0.3529,1825.0
s10_pts8-r3,9,19,all,12113,-387189.5,-5.3427,0.8941,0.2666,2550.0
s10_pts8-r3,9,19,eve,1543,-45809.5,-1.7062,0.9054,0.2463,1075.0
s10_pts8-r3,9,19,asia,1279,-53503.5,-2.2149,0.868,0.2377,612.5
s10_pts8-r3,9,19,london,1908,-57994.5,-1.9386,0.9033,0.2458,2550.0
s10_pts8-r3,9,19,pre,1296,-32846.5,-1.3289,0.9186,0.2569,2525.0
s10_pts8-r3,9,19,nyam,2079,-13428.5,-0.4274,0.9787,0.266,775.0
s10_pts8-r3,9,19,mid,2024,-71346.0,-2.4619,0.8817,0.2747,1437.5
s10_pts8-r3,9,19,pm,1984,-112261.0,-4.5286,0.7878,0.3196,1825.0
s10_pts12-r0,9,20,all,9450,-256462.5,-2.1202,0.9373,0.2689,2550.0
s10_pts12-r0,9,20,eve,1217,-16993.0,-0.3427,0.971,0.2104,1075.0
s10_pts12-r0,9,20,asia,1086,-103519.0,-2.72,0.8009,0.2155,1212.5
s10_pts12-r0,9,20,london,1453,-97749.5,-1.9678,0.8599,0.2127,2550.0
s10_pts12-r0,9,20,pre,1109,51989.0,1.0067,1.1049,0.2642,2525.0
s10_pts12-r0,9,20,nyam,1543,29940.5,0.6237,1.0447,0.2741,625.0
s10_pts12-r0,9,20,mid,1530,-45407.5,-0.9591,0.927,0.3052,1437.5
s10_pts12-r0,9,20,pm,1512,-74723.0,-2.3238,0.8503,0.3697,1825.0
s10_pts12-r1,9,21,all,12193,-398122.0,-6.0809,0.8943,0.4808,2225.0
s10_pts12-r1,9,21,eve,1535,-34815.0,-1.4694,0.9276,0.4899,612.5
s10_pts12-r1,9,21,asia,1205,-55470.0,-2.6427,0.8585,0.4705,1212.5
s10_pts12-r1,9,21,london,1930,-101345.0,-3.8049,0.8404,0.4658,2225.0
s10_pts12-r1,9,21,pre,1276,-9004.0,-0.4149,0.9769,0.5039,2100.0
s10_pts12-r1,9,21,nyam,2112,-38610.5,-1.3943,0.9409,0.4934,625.0
s10_pts12-r1,9,21,mid,2079,-51378.5,-1.9015,0.9191,0.4877,637.5
s10_pts12-r1,9,21,pm,2056,-107499.0,-4.3671,0.8152,0.4601,1825.0
s10_pts12-r2,9,22,all,10411,-325694.0,-3.9906,0.9189,0.3507,2550.0
s10_pts12-r2,9,22,eve,1301,-35391.5,-1.1709,0.9334,0.3321,1075.0
s10_pts12-r2,9,22,asia,1117,-72105.5,-2.6297,0.8463,0.3142,1212.5
s10_pts12-r2,9,22,london,1604,-76178.5,-2.2812,0.8858,0.3236,2550.0
s10_pts12-r2,9,22,pre,1151,-8004.0,-0.2816,0.9823,0.3553,2525.0
s10_pts12-r2,9,22,nyam,1790,14902.5,0.4218,1.0215,0.3587,775.0
s10_pts12-r2,9,22,mid,1735,-68240.0,-2.1058,0.8961,0.3568,1437.5
s10_pts12-r2,9,22,pm,1713,-80677.0,-2.9024,0.8521,0.3964,1825.0
s10_pts12-r3,9,23,all,9805,-374270.0,-4.0934,0.9079,0.3001,2550.0
s10_pts12-r3,9,23,eve,1243,-43109.5,-1.2295,0.9228,0.2623,1075.0
s10_pts12-r3,9,23,asia,1096,-65696.5,-2.0483,0.8675,0.2591,1212.5
s10_pts12-r3,9,23,london,1506,-84961.5,-2.2454,0.8749,0.2616,2550.0
s10_pts12-r3,9,23,pre,1132,-11953.0,-0.3616,0.9753,0.2968,2525.0
s10_pts12-r3,9,23,nyam,1629,-12978.5,-0.334,0.9811,0.2983,625.0
s10_pts12-r3,9,23,mid,1601,-67129.0,-1.9116,0.8947,0.321,1437.5
s10_pts12-r3,9,23,pm,1598,-88442.0,-3.059,0.8312,0.3767,1825.0
s10_pct0p1-r0,9,24,all,13588,-361127.0,-3.8165,0.8792,0.1246,1825.0
s10_pct0p1-r0,9,24,eve,1811,-53644.0,-1.5156,0.8714,0.0883,937.5
s10_pct0p1-r0,9,24,asia,1563,-48927.0,-1.5369,0.862,0.0966,450.0
s10_pct0p1-r0,9,24,london,2082,-56228.0,-1.3654,0.8826,0.0922,1312.5
s10_pct0p1-r0,9,24,pre,1594,20511.5,0.4682,1.0579,0.1129,337.5
s10_pct0p1-r0,9,24,nyam,2232,-48615.5,-1.3429,0.9022,0.1183,1412.5
s10_pct0p1-r0,9,24,mid,2174,-98946.0,-3.0515,0.7905,0.1371,1437.5
s10_pct0p1-r0,9,24,pm,2132,-75278.0,-2.8249,0.8191,0.2101,1825.0
s10_pct0p1-r1,9,25,all,17690,-539810.0,-16.5454,0.7777,0.4574,1312.5
s10_pct0p1-r1,9,25,eve,2472,-66400.5,-5.4353,0.8018,0.4656,312.5
s10_pct0p1-r1,9,25,asia,2081,-63886.5,-5.7523,0.7751,0.4575,450.0
s10_pct0p1-r1,9,25,london,2743,-88084.5,-6.7991,0.7688,0.4542,1312.5
s10_pct0p1-r1,9,25,pre,2098,-70354.5,-6.3251,0.7568,0.4495,337.5
s10_pct0p1-r1,9,25,nyam,2774,-75133.5,-5.781,0.8011,0.4661,312.5
s10_pct0p1-r1,9,25,mid,2777,-87370.5,-6.7303,0.7727,0.4548,312.5
s10_pct0p1-r1,9,25,pm,2745,-88580.0,-6.9354,0.7647,0.4528,425.0
s10_pct0p1-r2,9,26,all,16148,-479742.0,-11.2526,0.8287,0.3112,1312.5
s10_pct0p1-r2,9,26,eve,2149,-45896.0,-2.9057,0.8755,0.3201,312.5
s10_pct0p1-r2,9,26,asia,1783,-46182.0,-3.2509,0.8494,0.3141,450.0
s10_pct0p1-r2,9,26,london,2544,-87988.5,-5.1758,0.8045,0.3031,1312.5
s10_pct0p1-r2,9,26,pre,1805,-46807.5,-3.2714,0.8493,0.313,337.5
s10_pct0p1-r2,9,26,nyam,2652,-81233.0,-4.6549,0.8257,0.3073,312.5
s10_pct0p1-r2,9,26,mid,2643,-81534.5,-4.7031,0.8236,0.3084,312.5
s10_pct0p1-r2,9,26,pm,2572,-90100.5,-5.505,0.7933,0.3153,312.5
s10_pct0p1-r3,9,27,all,15266,-466864.0,-9.3639,0.8401,0.2389,1825.0
s10_pct0p1-r3,9,27,eve,2003,-38249.5,-2.059,0.8997,0.2446,312.5
s10_pct0p1-r3,9,27,asia,1668,-37347.0,-2.2258,0.8826,0.2422,450.0
s10_pct0p1-r3,9,27,london,2391,-73639.0,-3.6757,0.8413,0.2325,1312.5
s10_pct0p1-r3,9,27,pre,1696,-56446.5,-3.3963,0.8276,0.23,337.5
s10_pct0p1-r3,9,27,nyam,2548,-79679.5,-3.8506,0.8391,0.2312,312.5
s10_pct0p1-r3,9,27,mid,2506,-90286.5,-4.4973,0.8135,0.2334,312.5
s10_pct0p1-r3,9,27,pm,2454,-91216.0,-4.8703,0.7969,0.2579,1825.0
s10_pct0p2-r0,9,28,all,10469,-248663.5,-2.1569,0.9353,0.2258,2550.0
s10_pct0p2-r0,9,28,eve,1357,-27578.0,-0.5919,0.9494,0.1695,1075.0
s10_pct0p2-r0,9,28,asia,1182,-52878.0,-1.3679,0.887,0.1819,1212.5
s10_pct0p2-r0,9,28,london,1621,-68634.0,-1.4721,0.8935,0.1771,2550.0
s10_pct0p2-r0,9,28,pre,1193,39153.0,0.7937,1.0864,0.2112,2525.0
s10_pct0p2-r0,9,28,nyam,1724,9766.5,0.2194,1.0154,0.2303,1412.5
s10_pct0p2-r0,9,28,mid,1709,-49748.5,-1.0791,0.9172,0.2586,1437.5
s10_pct0p2-r0,9,28,pm,1683,-98744.5,-3.2729,0.8017,0.3214,1825.0
s10_pct0p2-r1,9,29,all,13800,-428425.0,-7.6766,0.8753,0.477,2100.0
s10_pct0p2-r1,9,29,eve,1762,-37960.5,-1.8742,0.9135,0.4892,625.0
s10_pct0p2-r1,9,29,asia,1398,-56642.0,-3.1588,0.8427,0.47,1212.5
s10_pct0p2-r1,9,29,london,2201,-80829.0,-3.579,0.8568,0.4725,1575.0
s10_pct0p2-r1,9,29,pre,1440,-40772.5,-2.2282,0.8875,0.4771,2100.0
s10_pct0p2-r1,9,29,nyam,2367,-52680.5,-2.2502,0.9105,0.4863,625.0
s10_pct0p2-r1,9,29,mid,2353,-53999.5,-2.3326,0.9067,0.487,625.0
s10_pct0p2-r1,9,29,pm,2279,-105541.0,-4.953,0.8052,0.4559,625.0
s10_pct0p2-r2,9,30,all,11888,-358477.0,-5.0857,0.904,0.338,2550.0
s10_pct0p2-r2,9,30,eve,1496,-50434.0,-1.9522,0.8977,0.3209,687.5
s10_pct0p2-r2,9,30,asia,1241,-62351.5,-2.682,0.85,0.3127,1212.5
s10_pct0p2-r2,9,30,london,1882,-77028.0,-2.6828,0.8758,0.3177,2550.0
s10_pct0p2-r2,9,30,pre,1262,-23735.5,-0.9908,0.9416,0.3352,2525.0
s10_pct0p2-r2,9,30,nyam,2039,34969.0,1.1432,1.056,0.3595,775.0
s10_pct0p2-r2,9,30,mid,1997,-76850.5,-2.7103,0.8772,0.339,625.0
s10_pct0p2-r2,9,30,pm,1971,-103046.5,-4.1439,0.8116,0.3648,1825.0
s10_pct0p2-r3,9,31,all,11139,-458493.5,-5.7664,0.8802,0.2748,2550.0
s10_pct0p2-r3,9,31,eve,1418,-71397.0,-2.39,0.8633,0.2419,1075.0
s10_pct0p2-r3,9,31,asia,1205,-63632.5,-2.3366,0.8561,0.2448,1212.5
s10_pct0p2-r3,9,31,london,1737,-74235.5,-2.2632,0.8816,0.2504,2550.0
s10_pct0p2-r3,9,31,pre,1226,-30504.0,-1.0903,0.9299,0.2659,2525.0
s10_pct0p2-r3,9,31,nyam,1885,-8952.5,-0.2607,0.9862,0.2817,1412.5
s10_pct0p2-r3,9,31,mid,1844,-95913.5,-3.0932,0.8462,0.2847,1437.5
s10_pct0p2-r3,9,31,pm,1824,-113858.5,-4.3424,0.7855,0.3322,1825.0
