uid,src,key,family,root,tf,sess,label,group,side,timed,l2,stage_d,weak,penalty,controls,cells,dead,dup,share_pos,avg_net,median_net,avg_trades,days_build,days_2024,v60,v70,v80,exact60,t1,t3,reach_trades,reach_old_rule,c1_pass,c1_lift,c1_p_beat,c1_ctl_mean,c1_fallback_share,c2_pass,c2_lift,c2_p_beat,c2_ctl_mean,fast_profit_share,t2,build_pass,fail,base_pass,base_lift_per_trade,base_per_trade,base_base_per_trade,c2_why,shift_pass,shift_lift,shift_p_beat,shift_ctl_mean,days_pass,days_p_beat,days_lift_per_trade,days_per_trade,days_unfiltered_per_trade
bimb_follow_d1-NQ-tf5|asia|,s1,bimb_follow_d1-NQ-tf5,bimb_follow_d1,NQ,5,asia,,,,False,True,False,True,False,c1+c2,96,0,0,0.5104166666666666,6563.916666666667,936.5,628.2395833333334,573,252,False,False,False,False,False,True,904.5,,False,2518.83,0.625,4045.09,0.0019,True,13885.08,0.995,-7321.17,0.0,False,False,"1,2",,,,,,,,,,,,,,
bimb_follow_d1-NQ-tf5|eve|,s1,bimb_follow_d1-NQ-tf5,bimb_follow_d1,NQ,5,eve,,,,False,True,False,True,False,c1+c2,96,0,0,0.3020833333333333,-16780.520833333332,-11892.5,860.3125,573,252,False,False,False,False,False,True,1238.7,,,,,,,,,,,,,False,"1,2",,,,,,,,,,,,,,
bimb_follow_d1-NQ-tf5|london|,s1,bimb_follow_d1-NQ-tf5,bimb_follow_d1,NQ,5,london,,,,False,True,False,True,False,c1+c2,96,0,0,0.1875,-20107.25,-15444.5,961.1875,573,252,False,False,False,False,False,True,1383.9,,,,,,,,,,,,,False,"1,2",,,,,,,,,,,,,,
bimb_follow_d1-NQ-tf5|mid|,s1,bimb_follow_d1-NQ-tf5,bimb_follow_d1,NQ,5,mid,,,,False,True,False,True,False,c1+c2,96,0,0,0.5729166666666666,7181.677083333333,3787.0,605.4270833333334,573,252,False,False,False,False,False,True,871.7,,False,-16441.08,0.015,23622.75,0.0017,True,27684.68,1.0,-20503.0,0.0001,False,False,"1,2",,,,,,,,,,,,,,
bimb_follow_d1-NQ-tf5|nyam|,s1,bimb_follow_d1-NQ-tf5,bimb_follow_d1,NQ,5,nyam,,,,False,True,False,True,False,c1+c2,96,0,0,0.7708333333333334,18267.958333333332,11533.0,509.15625,573,252,True,True,False,False,True,True,733.1,,False,-6238.43,0.235,24506.39,0.0015,True,25535.04,0.995,-7267.08,0.0017,False,False,2,,,,,,,,,,,,,,
bimb_follow_d1-NQ-tf5|pm|,s1,bimb_follow_d1-NQ-tf5,bimb_follow_d1,NQ,5,pm,,,,False,True,False,True,False,c1+c2,96,0,0,0.28125,-10217.166666666666,-11187.5,684.6041666666666,573,252,False,False,False,False,False,True,985.7,,,,,,,,,,,,,False,"1,2",,,,,,,,,,,,,,
bimb_follow_d1-NQ-tf5|pre|,s1,bimb_follow_d1-NQ-tf5,bimb_follow_d1,NQ,5,pre,,,,False,True,False,True,False,c1+c2,96,0,0,0.13541666666666666,-11288.28125,-6963.5,343.9583333333333,573,252,False,False,False,False,False,True,495.2,,,,,,,,,,,,,False,"1,2",,,,,,,,,,,,,,
donchian-ES-tf15|asia|,s1,donchian-ES-tf15,donchian,ES,15,asia,,,,False,False,False,False,False,c1,32,96,0,0.3125,-1368.5625,-3729.5,98.0,573,252,False,False,False,False,False,True,141.1,,,,,,,,,,,,,False,"1,2",,,,,,,,,,,,,,
donchian-ES-tf15|eve|,s1,donchian-ES-tf15,donchian,ES,15,eve,,,,False,False,False,False,False,c1,64,64,0,0.015625,-20094.7109375,-21468.5,307.125,573,252,False,False,False,False,False,True,442.2,,,,,,,,,,,,,False,"1,2",,,,,,,,,,,,,,
donchian-ES-tf15|london|,s1,donchian-ES-tf15,donchian,ES,15,london,,,,False,False,False,False,False,c1,64,64,0,0.0,-35600.28125,-32514.5,753.0,573,252,False,False,False,False,False,True,1084.2,,,,,,,,,,,,,False,"1,2",,,,,,,,,,,,,,
donchian-ES-tf15|mid|,s1,donchian-ES-tf15,donchian,ES,15,mid,,,,False,False,False,False,False,c1,96,32,0,0.3645833333333333,-1451.8229166666667,-6214.75,437.2395833333333,573,252,False,False,False,False,False,True,629.5,,,,,,,,,,,,,False,"1,2",,,,,,,,,,,,,,
donchian-ES-tf15|nyam|,s1,donchian-ES-tf15,donchian,ES,15,nyam,,,,False,False,False,False,False,c1,96,32,0,0.5833333333333334,3201.5104166666665,1863.25,489.53125,573,252,False,False,False,False,False,True,704.8,,False,-4349.99,0.205,7551.5,0.0088,,,,,0.0012,False,False,"1,2",,,,,,,,,,,,,,
donchian-ES-tf15|pm|,s1,donchian-ES-tf15,donchian,ES,15,pm,,,,False,False,False,False,True,c1,126,0,2,0.7063492063492064,10520.5,9833.0,410.6984126984127,573,252,True,True,False,False,True,True,591.3,,False,5267.21,0.88,5253.29,0.0004,,,,,0.0013,False,False,2,,,,,,,,,,,,,,
donchian-ES-tf15|pre|,s1,donchian-ES-tf15,donchian,ES,15,pre,,,,False,False,False,False,False,c1,64,64,0,0.015625,-13103.7890625,-11083.75,336.640625,573,252,False,False,False,False,False,True,484.7,,,,,,,,,,,,,False,"1,2",,,,,,,,,,,,,,
donchian-ES-tf1|asia|,s1,donchian-ES-tf1,donchian,ES,1,asia,,,,False,False,False,False,False,c1,128,0,0,0.03125,-37496.046875,-40017.5,1104.96875,573,252,False,False,False,False,False,True,1590.9,,,,,,,,,,,,,False,"1,2",,,,,,,,,,,,,,
donchian-ES-tf1|eve|,s1,donchian-ES-tf1,donchian,ES,1,eve,,,,False,False,False,False,False,c1,128,0,0,0.0,-64860.3125,-63944.0,1270.3515625,573,252,False,False,False,False,False,True,1829.0,,,,,,,,,,,,,False,"1,2",,,,,,,,,,,,,,
donchian-ES-tf1|london|,s1,donchian-ES-tf1,donchian,ES,1,london,,,,False,False,False,False,False,c1,128,0,0,0.03125,-35772.2578125,-41190.5,1427.1953125,573,252,False,False,False,False,False,True,2054.9,,,,,,,,,,,,,False,"1,2",,,,,,,,,,,,,,
donchian-ES-tf1|mid|,s1,donchian-ES-tf1,donchian,ES,1,mid,,,,False,False,False,False,False,c1,128,0,0,0.0703125,-41352.93359375,-51367.25,1374.5859375,573,252,False,False,False,False,False,True,1979.1,,,,,,,,,,,,,False,"1,2",,,,,,,,,,,,,,
donchian-ES-tf1|nyam|,s1,donchian-ES-tf1,donchian,ES,1,nyam,,,,False,False,False,False,False,c1,128,0,0,0.109375,-34047.16796875,-39971.25,1395.1171875,573,252,False,False,False,False,False,True,2008.7,,,,,,,,,,,,,False,"1,2",,,,,,,,,,,,,,
donchian-ES-tf1|pm|,s1,donchian-ES-tf1,donchian,ES,1,pm,,,,False,False,False,False,True,c1,128,0,0,0.21875,-20080.296875,-20558.5,1399.2734375,573,252,False,False,False,False,False,True,2014.7,,,,,,,,,,,,,False,"1,2",,,,,,,,,,,,,,
donchian-ES-tf1|pre|,s1,donchian-ES-tf1,donchian,ES,1,pre,,,,False,False,False,False,False,c1,128,0,0,0.015625,-28823.671875,-28276.5,976.71875,573,252,False,False,False,False,False,True,1406.3,,,,,,,,,,,,,False,"1,2",,,,,,,,,,,,,,
donchian-ES-tf30|eve|,s1,donchian-ES-tf30,donchian,ES,30,eve,,,,False,False,False,False,False,c1,32,96,0,0.125,-2870.40625,-2529.0,51.0,573,252,False,False,False,False,False,False,73.4,,,,,,,,,,,,,False,"1,2,3",,,,,,,,,,,,,,
donchian-ES-tf30|london|,s1,donchian-ES-tf30,donchian,ES,30,london,,,,False,False,False,False,False,c1,32,96,0,0.0,-31379.015625,-33262.0,362.625,573,252,False,False,False,False,False,True,522.1,,,,,,,,,,,,,False,"1,2",,,,,,,,,,,,,,
donchian-ES-tf30|mid|,s1,donchian-ES-tf30,donchian,ES,30,mid,,,,False,False,False,False,False,c1,64,64,0,0.296875,-2901.2265625,-4354.75,309.046875,573,252,False,False,False,False,False,True,445.0,,,,,,,,,,,,,False,"1,2",,,,,,,,,,,,,,
donchian-ES-tf30|nyam|,s1,donchian-ES-tf30,donchian,ES,30,nyam,,,,False,False,False,False,False,c1,64,64,0,0.59375,9399.421875,5503.0,294.578125,573,252,False,False,False,False,False,True,424.1,,True,8791.61,0.965,607.81,0.1154,,,,,0.0013,True,False,1,,,,,,,,,,,,,,
donchian-ES-tf30|pm|,s1,donchian-ES-tf30,donchian,ES,30,pm,,,,False,False,False,False,True,c1,62,64,2,0.7419354838709677,10649.854838709678,17300.25,322.9193548387097,573,252,True,True,False,False,True,True,464.9,,True,16995.68,1.0,-6345.83,0.0155,,,,,0.0012,True,True,,,,,,,,,,,,,,,
donchian-ES-tf30|pre|,s1,donchian-ES-tf30,donchian,ES,30,pre,,,,False,False,False,False,False,c1,32,96,0,0.125,-13904.625,-10966.5,248.8125,573,252,False,False,False,False,False,True,358.2,,,,,,,,,,,,,False,"1,2",,,,,,,,,,,,,,
donchian-ES-tf5|asia|,s1,donchian-ES-tf5,donchian,ES,5,asia,,,,False,False,False,False,False,c1,64,64,0,0.03125,-32670.0625,-32906.5,724.15625,573,252,False,False,False,False,False,True,1042.6,,,,,,,,,,,,,False,"1,2",,,,,,,,,,,,,,
donchian-ES-tf5|eve|,s1,donchian-ES-tf5,donchian,ES,5,eve,,,,False,False,False,False,False,c1,128,0,0,0.0,-39643.453125,-40109.5,655.8828125,573,252,False,False,False,False,False,True,944.3,,,,,,,,,,,,,False,"1,2",,,,,,,,,,,,,,
donchian-ES-tf5|london|,s1,donchian-ES-tf5,donchian,ES,5,london,,,,False,False,False,False,False,c1,128,0,0,0.0,-37415.55859375,-37970.25,1046.8828125,573,252,False,False,False,False,False,True,1507.3,,,,,,,,,,,,,False,"1,2",,,,,,,,,,,,,,
donchian-ES-tf5|mid|,s1,donchian-ES-tf5,donchian,ES,5,mid,,,,False,False,False,False,False,c1,128,0,0,0.2109375,-15634.03125,-15206.75,743.46875,573,252,False,False,False,False,False,True,1070.4,,,,,,,,,,,,,False,"1,2",,,,,,,,,,,,,,
donchian-ES-tf5|nyam|,s1,donchian-ES-tf5,donchian,ES,5,nyam,,,,False,False,False,False,False,c1,128,0,0,0.359375,-12059.5625,-14349.5,857.6640625,573,252,False,False,False,False,False,True,1234.9,,,,,,,,,,,,,False,"1,2",,,,,,,,,,,,,,
donchian-ES-tf5|pm|,s1,donchian-ES-tf5,donchian,ES,5,pm,,,,False,False,False,False,True,c1,128,0,0,0.6796875,7598.93359375,11989.25,837.3515625,573,252,True,False,False,False,True,True,1205.6,,True,15115.85,0.99,-7516.92,0.0016,,,,,0.0011,True,True,,,,,,,,,,,,,,,
donchian-ES-tf5|pre|,s1,donchian-ES-tf5,donchian,ES,5,pre,,,,False,False,False,False,False,c1,128,0,0,0.046875,-20354.00390625,-21936.0,467.1875,573,252,False,False,False,False,False,True,672.7,,,,,,,,,,,,,False,"1,2",,,,,,,,,,,,,,
donchian-GC-tf15|asia|,s1,donchian-GC-tf15,donchian,GC,15,asia,,,,False,False,False,False,False,c1,32,96,0,0.03125,-8472.125,-8369.0,116.0,572,252,False,False,False,False,False,True,167.1,,,,,,,,,,,,,False,"1,2",,,,,,,,,,,,,,
donchian-GC-tf15|eve|,s1,donchian-GC-tf15,donchian,GC,15,eve,,,,False,False,False,False,False,c1,64,64,0,0.03125,-13981.78125,-10408.0,363.609375,572,252,False,False,False,False,False,True,523.8,,,,,,,,,,,,,False,"1,2",,,,,,,,,,,,,,
donchian-GC-tf15|london|,s1,donchian-GC-tf15,donchian,GC,15,london,,,,False,False,False,False,False,c1,64,64,0,0.0,-40086.375,-40447.0,666.671875,572,252,False,False,False,False,False,True,960.4,,,,,,,,,,,,,False,"1,2",,,,,,,,,,,,,,
donchian-GC-tf15|mid|,s1,donchian-GC-tf15,donchian,GC,15,mid,,,,False,False,False,False,False,c1,96,32,0,0.03125,-5462.1875,-5998.0,237.60416666666666,572,252,False,False,False,False,False,True,342.3,,,,,,,,,,,,,False,"1,2",,,,,,,,,,,,,,
donchian-GC-tf15|nyam|,s1,donchian-GC-tf15,donchian,GC,15,nyam,,,,False,False,False,False,False,c1,96,32,0,0.46875,-428.4791666666667,-393.0,308.8125,572,252,False,False,False,False,False,True,444.9,,,,,,,,,,,,,False,"1,2",,,,,,,,,,,,,,
donchian-GC-tf15|pm|,s1,donchian-GC-tf15,donchian,GC,15,pm,,,,False,False,False,False,True,c1,112,0,16,0.6339285714285714,329.48214285714283,537.0,218.00892857142858,572,252,True,False,False,False,True,True,314.1,,False,941.05,0.625,-611.57,0.0,,,,,0.0048,False,False,2,,,,,,,,,,,,,,
donchian-GC-tf15|pre|,s1,donchian-GC-tf15,donchian,GC,15,pre,,,,False,False,False,False,False,c1,64,64,0,0.640625,4039.90625,3860.0,394.28125,572,252,True,False,False,False,True,True,568.0,,False,-1862.48,0.34,5902.39,0.0051,,,,,0.0163,False,False,2,,,,,,,,,,,,,,
donchian-GC-tf1|asia|,s1,donchian-GC-tf1,donchian,GC,1,asia,,,,False,False,False,False,False,c1,128,0,0,0.09375,-24324.21875,-25843.0,1076.3671875,572,252,False,False,False,False,False,True,1550.6,,,,,,,,,,,,,False,"1,2",,,,,,,,,,,,,,
donchian-GC-tf1|eve|,s1,donchian-GC-tf1,donchian,GC,1,eve,,,,False,False,False,False,False,c1,128,0,0,0.0078125,-35387.484375,-38199.0,1213.1015625,572,252,False,False,False,False,False,True,1747.5,,,,,,,,,,,,,False,"1,2",,,,,,,,,,,,,,
donchian-GC-tf1|london|,s1,donchian-GC-tf1,donchian,GC,1,london,,,,False,False,False,False,False,c1,128,0,0,0.0,-41840.234375,-41080.0,1334.4921875,572,252,False,False,False,False,False,True,1922.4,,,,,,,,,,,,,False,"1,2",,,,,,,,,,,,,,
donchian-GC-tf1|mid|,s1,donchian-GC-tf1,donchian,GC,1,mid,,,,False,False,False,False,False,c1,128,0,0,0.1796875,-16605.875,-14726.0,1110.4140625,572,252,False,False,False,False,False,True,1599.6,,,,,,,,,,,,,False,"1,2",,,,,,,,,,,,,,
donchian-GC-tf1|nyam|,s1,donchian-GC-tf1,donchian,GC,1,nyam,,,,False,False,False,False,False,c1,128,0,0,0.28125,-13732.125,-12820.0,1169.6328125,572,252,False,False,False,False,False,True,1684.9,,,,,,,,,,,,,False,"1,2",,,,,,,,,,,,,,
donchian-GC-tf1|pm|,s1,donchian-GC-tf1,donchian,GC,1,pm,,,,False,False,False,False,True,c1,128,0,0,0.0,-29811.78125,-31240.0,1018.453125,572,252,False,False,False,False,False,True,1467.1,,,,,,,,,,,,,False,"1,2",,,,,,,,,,,,,,
donchian-GC-tf1|pre|,s1,donchian-GC-tf1,donchian,GC,1,pre,,,,False,False,False,False,False,c1,128,0,0,0.140625,-21703.984375,-25136.0,970.390625,572,252,False,False,False,False,False,True,1397.9,,,,,,,,,,,,,False,"1,2",,,,,,,,,,,,,,
donchian-GC-tf30|eve|,s1,donchian-GC-tf30,donchian,GC,30,eve,,,,False,False,False,False,False,c1,32,96,0,0.34375,-616.125,-1353.0,72.0,572,252,False,False,False,False,False,True,103.7,,,,,,,,,,,,,False,"1,2",,,,,,,,,,,,,,
donchian-GC-tf30|london|,s1,donchian-GC-tf30,donchian,GC,30,london,,,,False,False,False,False,False,c1,32,96,0,0.0,-17723.9375,-16844.0,327.9375,572,252,False,False,False,False,False,True,472.4,,,,,,,,,,,,,False,"1,2",,,,,,,,,,,,,,
donchian-GC-tf30|mid|,s1,donchian-GC-tf30,donchian,GC,30,mid,,,,False,False,False,False,False,c1,62,64,2,0.3387096774193548,-1845.516129032258,-1887.0,153.59677419354838,572,252,False,False,False,False,False,True,221.3,,,,,,,,,,,,,False,"1,2",,,,,,,,,,,,,,
donchian-GC-tf30|nyam|,s1,donchian-GC-tf30,donchian,GC,30,nyam,,,,False,False,False,False,False,c1,64,64,0,0.3125,-3120.75,-3026.0,177.921875,572,252,False,False,False,False,False,True,256.3,,,,,,,,,,,,,False,"1,2",,,,,,,,,,,,,,
donchian-GC-tf30|pm|,s1,donchian-GC-tf30,donchian,GC,30,pm,,,,False,False,False,False,True,c1,56,64,8,0.25,-1529.9642857142858,-1794.0,140.21428571428572,572,252,False,False,False,False,False,True,202.0,,,,,,,,,,,,,False,"1,2",,,,,,,,,,,,,,
donchian-GC-tf30|pre|,s1,donchian-GC-tf30,donchian,GC,30,pre,,,,False,False,False,False,False,c1,32,96,0,0.53125,1258.1875,3959.0,299.75,572,252,False,False,False,False,False,True,431.8,,False,-808.66,0.455,2066.85,0.0801,,,,,0.0231,False,False,"1,2",,,,,,,,,,,,,,
donchian-GC-tf5|asia|,s1,donchian-GC-tf5,donchian,GC,5,asia,,,,False,False,False,False,False,c1,64,64,0,0.078125,-16928.8125,-15981.0,710.09375,572,252,False,False,False,False,False,True,1022.9,,,,,,,,,,,,,False,"1,2",,,,,,,,,,,,,,
donchian-GC-tf5|eve|,s1,donchian-GC-tf5,donchian,GC,5,eve,,,,False,False,False,False,False,c1,128,0,0,0.0078125,-19913.4375,-16175.0,686.328125,572,252,False,False,False,False,False,True,988.7,,,,,,,,,,,,,False,"1,2",,,,,,,,,,,,,,
donchian-GC-tf5|london|,s1,donchian-GC-tf5,donchian,GC,5,london,,,,False,False,False,False,False,c1,128,0,0,0.0,-38522.15625,-39047.0,947.4140625,572,252,False,False,False,False,False,True,1364.8,,,,,,,,,,,,,False,"1,2",,,,,,,,,,,,,,
donchian-GC-tf5|mid|,s1,donchian-GC-tf5,donchian,GC,5,mid,,,,False,False,False,False,False,c1,128,0,0,0.28125,-6634.40625,-6224.0,502.625,572,252,False,False,False,False,False,True,724.1,,,,,,,,,,,,,False,"1,2",,,,,,,,,,,,,,
donchian-GC-tf5|nyam|,s1,donchian-GC-tf5,donchian,GC,5,nyam,,,,False,False,False,False,False,c1,128,0,0,0.4765625,-981.734375,-370.0,582.640625,572,252,False,False,False,False,False,True,839.3,,,,,,,,,,,,,False,"1,2",,,,,,,,,,,,,,
donchian-GC-tf5|pm|,s1,donchian-GC-tf5,donchian,GC,5,pm,,,,False,False,False,False,True,c1,128,0,0,0.296875,-7633.96875,-5301.0,511.8125,572,252,False,False,False,False,False,True,737.3,,,,,,,,,,,,,False,"1,2",,,,,,,,,,,,,,
donchian-GC-tf5|pre|,s1,donchian-GC-tf5,donchian,GC,5,pre,,,,False,False,False,False,False,c1,128,0,0,0.453125,1458.625,-1525.0,483.0390625,572,252,False,False,False,False,False,True,695.8,,,,,,,,,,,,,False,"1,2",,,,,,,,,,,,,,
donchian-NQ-tf15|asia|,s1,donchian-NQ-tf15,donchian,NQ,15,asia,,,,False,False,False,False,False,c1,32,96,0,0.40625,3000.5625,-3128.5,109.0,573,252,False,False,False,False,False,True,156.9,,,,,,,,,,,,,False,"1,2",,,,,,,,,,,,,,
donchian-NQ-tf15|eve|,s1,donchian-NQ-tf15,donchian,NQ,15,eve,,,,False,False,False,False,False,c1,64,64,0,0.15625,-14427.375,-12006.0,312.703125,573,252,False,False,False,False,False,True,450.2,,,,,,,,,,,,,False,"1,2",,,,,,,,,,,,,,
donchian-NQ-tf15|london|,s1,donchian-NQ-tf15,donchian,NQ,15,london,,,,False,False,False,False,False,c1,64,64,0,0.0625,-21525.203125,-19255.5,753.78125,573,252,False,False,False,False,False,True,1085.3,,,,,,,,,,,,,False,"1,2",,,,,,,,,,,,,,
donchian-NQ-tf15|mid|,s1,donchian-NQ-tf15,donchian,NQ,15,mid,,,,False,False,False,False,False,c1,94,32,2,0.35106382978723405,978.0425531914893,-11240.0,451.5,573,252,False,False,False,False,False,True,650.1,,,,,,,,,,,,,False,"1,2",,,,,,,,,,,,,,
donchian-NQ-tf15|nyam|,s1,donchian-NQ-tf15,donchian,NQ,15,nyam,,,,False,False,False,False,False,c1,96,32,0,0.7708333333333334,31497.1875,21535.0,547.7604166666666,573,252,True,True,False,False,True,True,788.7,,False,-8472.98,0.175,39970.17,0.0123,,,,,0.0017,False,False,2,,,,,,,,,,,,,,
donchian-NQ-tf15|pm|,s1,donchian-NQ-tf15,donchian,NQ,15,pm,,,,False,False,False,False,True,c1,125,0,3,0.856,29164.68,24610.0,407.04,573,252,True,True,True,False,True,True,586.1,,True,15819.09,0.99,13345.59,0.0006,,,,,0.0014,True,True,,,,,,,,,,,,,,,
donchian-NQ-tf15|pre|,s1,donchian-NQ-tf15,donchian,NQ,15,pre,,,,False,False,False,False,False,c1,64,64,0,0.578125,5192.9375,3941.0,353.875,573,252,False,False,False,False,False,True,509.5,,False,-3100.92,0.335,8293.86,0.0057,,,,,0.0145,False,False,"1,2",,,,,,,,,,,,,,
donchian-NQ-tf1|asia|,s1,donchian-NQ-tf1,donchian,NQ,1,asia,,,,False,False,False,False,False,c1,128,0,0,0.203125,-13646.453125,-20136.0,1136.90625,573,252,False,False,False,False,False,True,1636.9,,,,,,,,,,,,,False,"1,2",,,,,,,,,,,,,,
donchian-NQ-tf1|eve|,s1,donchian-NQ-tf1,donchian,NQ,1,eve,,,,False,False,False,False,False,c1,128,0,0,0.03125,-37434.15625,-35751.5,1291.078125,573,252,False,False,False,False,False,True,1858.9,,,,,,,,,,,,,False,"1,2",,,,,,,,,,,,,,
donchian-NQ-tf1|london|,s1,donchian-NQ-tf1,donchian,NQ,1,london,,,,False,False,False,False,False,c1,128,0,0,0.46875,-2871.5,-1117.5,1448.8125,573,252,False,False,False,False,False,True,2086.0,,,,,,,,,,,,,False,"1,2",,,,,,,,,,,,,,
donchian-NQ-tf1|mid|,s1,donchian-NQ-tf1,donchian,NQ,1,mid,,,,False,False,False,False,False,c1,128,0,0,0.203125,-26567.78125,-31114.5,1426.203125,573,252,False,False,False,False,False,True,2053.4,,,,,,,,,,,,,False,"1,2",,,,,,,,,,,,,,
donchian-NQ-tf1|nyam|,s1,donchian-NQ-tf1,donchian,NQ,1,nyam,,,,False,False,False,False,False,c1,128,0,0,0.3828125,7553.0390625,-11184.0,1492.84375,573,252,False,False,False,False,False,True,2149.4,,,,,,,,,,,,,False,"1,2",,,,,,,,,,,,,,
donchian-NQ-tf1|pm|,s1,donchian-NQ-tf1,donchian,NQ,1,pm,,,,False,False,False,False,True,c1,128,0,0,0.4921875,-756.0390625,-118.0,1421.9296875,573,252,False,False,False,False,False,True,2047.3,,,,,,,,,,,,,False,"1,2",,,,,,,,,,,,,,
donchian-NQ-tf1|pre|,s1,donchian-NQ-tf1,donchian,NQ,1,pre,,,,False,False,False,False,False,c1,128,0,0,0.46875,4128.609375,-2246.0,1010.875,573,252,False,False,False,False,False,True,1455.4,,,,,,,,,,,,,False,"1,2",,,,,,,,,,,,,,
donchian-NQ-tf30|eve|,s1,donchian-NQ-tf30,donchian,NQ,30,eve,,,,False,False,False,False,False,c1,32,96,0,0.4375,-1971.9375,-668.5,44.0,573,252,False,False,False,False,False,False,63.4,,,,,,,,,,,,,False,"1,2,3",,,,,,,,,,,,,,
donchian-NQ-tf30|london|,s1,donchian-NQ-tf30,donchian,NQ,30,london,,,,False,False,False,False,False,c1,32,96,0,0.0625,-18061.59375,-14611.0,359.96875,573,252,False,False,False,False,False,True,518.3,,,,,,,,,,,,,False,"1,2",,,,,,,,,,,,,,
donchian-NQ-tf30|mid|,s1,donchian-NQ-tf30,donchian,NQ,30,mid,,,,False,False,False,False,False,c1,62,64,2,0.2903225806451613,-5929.241935483871,-8353.5,331.0806451612903,573,252,False,False,False,False,False,True,476.7,,,,,,,,,,,,,False,"1,2",,,,,,,,,,,,,,
donchian-NQ-tf30|nyam|,s1,donchian-NQ-tf30,donchian,NQ,30,nyam,,,,False,False,False,False,False,c1,64,64,0,0.953125,34773.4375,28874.5,323.984375,573,252,True,True,True,False,True,True,466.5,,False,12193.46,0.935,22579.98,0.1077,,,,,0.0021,False,False,2,,,,,,,,,,,,,,
donchian-NQ-tf30|pm|,s1,donchian-NQ-tf30,donchian,NQ,30,pm,,,,False,False,False,False,True,c1,62,64,2,0.8709677419354839,27451.354838709678,29642.5,309.9032258064516,573,252,True,True,True,False,True,True,446.2,,True,34582.88,1.0,-7131.52,0.0254,,,,,0.0023,True,True,,,,,,,,,,,,,,,
donchian-NQ-tf30|pre|,s1,donchian-NQ-tf30,donchian,NQ,30,pre,,,,False,False,False,False,False,c1,32,96,0,0.3125,-10413.6875,-4908.0,246.78125,573,252,False,False,False,False,False,True,355.3,,,,,,,,,,,,,False,"1,2",,,,,,,,,,,,,,
donchian-NQ-tf5|asia|,s1,donchian-NQ-tf5,donchian,NQ,5,asia,,,,False,False,False,False,False,c1,64,64,0,0.21875,-13346.234375,-14790.0,744.78125,573,252,False,False,False,False,False,True,1072.3,,,,,,,,,,,,,False,"1,2",,,,,,,,,,,,,,
donchian-NQ-tf5|eve|,s1,donchian-NQ-tf5,donchian,NQ,5,eve,,,,False,False,False,False,False,c1,128,0,0,0.125,-23075.4296875,-16366.0,670.4296875,573,252,False,False,False,False,False,True,965.3,,,,,,,,,,,,,False,"1,2",,,,,,,,,,,,,,
donchian-NQ-tf5|london|,s1,donchian-NQ-tf5,donchian,NQ,5,london,,,,False,False,False,False,False,c1,128,0,0,0.140625,-19672.4140625,-17094.0,1062.1953125,573,252,False,False,False,False,False,True,1529.3,,,,,,,,,,,,,False,"1,2",,,,,,,,,,,,,,
donchian-NQ-tf5|mid|,s1,donchian-NQ-tf5,donchian,NQ,5,mid,,,,False,False,False,False,False,c1,128,0,0,0.4453125,1170.640625,-6064.0,761.421875,573,252,False,False,False,False,False,True,1096.3,,,,,,,,,,,,,False,"1,2",,,,,,,,,,,,,,
donchian-NQ-tf5|nyam|,s1,donchian-NQ-tf5,donchian,NQ,5,nyam,,,,False,False,False,False,False,c1,128,0,0,0.6171875,18340.3671875,7038.0,995.640625,573,252,True,False,False,False,True,True,1433.5,,False,-36195.38,0.0,54535.75,0.0007,,,,,0.0014,False,False,2,,,,,,,,,,,,,,
donchian-NQ-tf5|pm|,s1,donchian-NQ-tf5,donchian,NQ,5,pm,,,,False,False,False,False,True,c1,128,0,0,0.84375,29706.9140625,31252.0,846.09375,573,252,True,True,True,False,True,True,1218.2,,False,14450.44,0.93,15256.47,0.0011,,,,,0.0014,False,False,2,,,,,,,,,,,,,,
donchian-NQ-tf5|pre|,s1,donchian-NQ-tf5,donchian,NQ,5,pre,,,,False,False,False,False,False,c1,128,0,0,0.546875,8615.2109375,5392.0,488.7265625,573,252,False,False,False,False,False,True,703.7,,False,-15206.89,0.045,23822.1,0.0002,,,,,0.0083,False,False,"1,2",,,,,,,,,,,,,,
donchian_fbook-NQ-tf15|nyam|,s1,donchian_fbook-NQ-tf15,donchian_fbook,NQ,15,nyam,,,,False,True,True,False,False,c1+c2+base,96,32,0,0.5833333333333334,13893.8125,3596.0,232.19791666666666,573,252,False,False,False,False,False,True,334.3,,False,-17582.69,0.01,31476.5,0.0108,False,-11113.88,0.035,25007.69,0.0016,False,False,"1,2",True,2.33,59.84,57.5,,,,,,,,,,
donchian_fbook-NQ-tf15|pm|,s1,donchian_fbook-NQ-tf15,donchian_fbook,NQ,15,pm,,,,False,True,True,False,True,c1+c2+base,125,0,3,0.84,15320.128,11027.0,194.168,573,252,True,True,True,False,True,True,279.6,,False,342.23,0.53,14977.9,0.0004,False,4492.13,0.925,10828.0,0.0015,False,False,2,True,7.25,78.9,71.65,,,,,,,,,,
donchian_fbook-NQ-tf30|nyam|,s1,donchian_fbook-NQ-tf30,donchian_fbook,NQ,30,nyam,,,,False,True,True,False,False,c1+c2+base,64,64,0,0.90625,14932.15625,8379.5,126.609375,573,252,True,True,True,False,True,True,182.3,,True,8711.93,0.96,6220.23,0.0752,False,-8218.3,0.05,23150.45,0.0021,False,False,2,True,10.61,117.94,107.33,,,,,,,,,,
donchian_fbook-NQ-tf30|pm|,s1,donchian_fbook-NQ-tf30,donchian_fbook,NQ,30,pm,,,,False,True,True,False,True,c1+c2+base,60,64,4,0.7666666666666667,9181.183333333332,11394.5,138.26666666666668,573,252,True,True,False,False,True,True,199.1,,True,8350.33,0.96,830.85,0.0231,False,2460.21,0.75,6720.98,0.0026,False,False,2,False,-18.91,66.4,85.32,,,,,,,,,,
donchian_fbook-NQ-tf5|nyam|,s1,donchian_fbook-NQ-tf5,donchian_fbook,NQ,5,nyam,,,,False,True,True,False,False,c1+c2+base,128,0,0,0.421875,8496.7890625,-8168.5,466.7890625,573,252,False,False,False,False,False,True,672.1,,,,,,,,,,,,,False,"1,2",,,,,,,,,,,,,,
donchian_fbook-NQ-tf5|pm|,s1,donchian_fbook-NQ-tf5,donchian_fbook,NQ,5,pm,,,,False,True,True,False,True,c1+c2+base,128,0,0,0.796875,22317.3046875,24647.0,465.46875,573,252,True,True,False,False,True,True,670.2,,False,9260.22,0.895,13057.09,0.0003,False,-3675.51,0.2,25992.82,0.0011,False,False,2,True,12.84,47.95,35.11,,,,,,,,,,
donchian_thin-NQ-tf15|nyam|,s1,donchian_thin-NQ-tf15,donchian_thin,NQ,15,nyam,,,,False,True,True,False,False,c1+c2+base,96,32,0,0.6041666666666666,11989.291666666666,2145.5,118.40625,573,252,True,False,False,False,True,True,170.5,,False,386.22,0.505,11603.07,0.0028,True,9477.67,0.97,2511.62,0.0046,False,False,2,True,43.75,101.26,57.5,,,,,,,,,,
donchian_thin-NQ-tf15|pm|,s1,donchian_thin-NQ-tf15,donchian_thin,NQ,15,pm,,,,False,True,True,False,True,c1+c2+base,120,0,8,0.9333333333333333,8121.183333333333,7825.0,71.30833333333334,573,252,True,True,True,False,True,True,102.7,,False,2424.58,0.725,5696.6,0.0,False,2798.44,0.875,5322.74,0.0028,False,False,2,True,44.34,113.89,69.55,,,,,,,,,,
donchian_thin-NQ-tf30|nyam|,s1,donchian_thin-NQ-tf30,donchian_thin,NQ,30,nyam,,,,False,True,True,False,False,c1+c2+base,63,64,1,0.746031746031746,11677.20634920635,4775.0,93.7936507936508,573,252,True,True,False,False,True,True,135.0,,True,10637.97,1.0,1039.23,0.0778,True,11005.98,1.0,671.22,0.0054,True,True,,True,19.31,124.5,105.19,,,,,,,,,,
donchian_thin-NQ-tf30|pm|,s1,donchian_thin-NQ-tf30,donchian_thin,NQ,30,pm,,,,False,True,True,False,True,c1+c2+base,62,64,2,0.5645161290322581,469.48387096774195,988.5,33.193548387096776,573,252,False,False,False,False,False,False,47.8,,False,-1865.56,0.24,2335.04,0.0,False,-4719.3,0.04,5188.78,0.008,False,False,"1,2,3",False,-74.44,14.14,88.58,,,,,,,,,,
donchian_thin-NQ-tf5|nyam|,s1,donchian_thin-NQ-tf5,donchian_thin,NQ,5,nyam,,,,False,True,True,False,False,c1+c2+base,128,0,0,0.7421875,20629.578125,12921.0,160.90625,573,252,True,True,False,False,True,True,231.7,,False,-627.02,0.49,21256.6,0.0,False,6466.49,0.88,14163.09,0.0013,False,False,2,True,109.79,128.21,18.42,,,,,,,,,,
donchian_thin-NQ-tf5|pm|,s1,donchian_thin-NQ-tf5,donchian_thin,NQ,5,pm,,,,False,True,True,False,True,c1+c2+base,128,0,0,0.515625,-464.046875,391.0,182.90625,573,252,False,False,False,False,False,True,263.3,,,,,,,,,,,,,False,"1,2",,,,,,,,,,,,,,
donchian_xbook-NQ-tf15|nyam|,s1,donchian_xbook-NQ-tf15,donchian_xbook,NQ,15,nyam,,,,False,True,True,False,False,c1+c2+base,93,32,3,0.6129032258064516,1081.1935483870968,1530.0,664.3655913978495,573,252,True,False,False,False,True,True,956.5,,False,-62081.95,0.0,63163.14,0.0318,False,-2046.26,0.28,3127.45,0.003,False,False,2,False,-53.08,1.63,54.71,,,,,,,,,,
donchian_xbook-NQ-tf15|pm|,s1,donchian_xbook-NQ-tf15,donchian_xbook,NQ,15,pm,,,,False,True,True,False,True,c1+c2+base,118,0,10,0.8559322033898306,6285.067796610169,4033.0,547.228813559322,573,252,True,True,True,False,True,True,787.9,,False,-16856.06,0.01,23141.13,0.0233,False,-4929.77,0.06,11214.84,0.0023,False,False,2,False,-56.5,11.49,67.98,,,,,,,,,,
donchian_xbook-NQ-tf30|nyam|,s1,donchian_xbook-NQ-tf30,donchian_xbook,NQ,30,nyam,,,,False,True,True,False,False,c1+c2+base,61,64,3,0.9508196721311475,12989.344262295082,10798.0,353.6885245901639,573,252,True,True,True,False,True,True,509.2,,False,-14355.08,0.005,27344.43,0.1354,False,-291.54,0.515,13280.89,0.0043,False,False,2,False,-62.72,36.73,99.44,,,,,,,,,,
donchian_xbook-NQ-tf30|pm|,s1,donchian_xbook-NQ-tf30,donchian_xbook,NQ,30,pm,,,,False,True,True,False,True,c1+c2+base,58,64,6,0.7586206896551724,5225.379310344828,5753.5,393.5689655172414,573,252,True,True,False,False,True,True,566.7,,True,16944.88,0.985,-11719.5,0.073,False,-3327.92,0.115,8553.3,0.0039,False,False,2,False,-68.23,13.28,81.51,,,,,,,,,,
donchian_xbook-NQ-tf5|nyam|,s1,donchian_xbook-NQ-tf5,donchian_xbook,NQ,5,nyam,,,,False,True,True,False,False,c1+c2+base,128,0,0,0.203125,-9558.7421875,-10309.5,1162.9375,573,252,False,False,False,False,False,True,1674.4,,,,,,,,,,,,,False,"1,2",,,,,,,,,,,,,,
donchian_xbook-NQ-tf5|pm|,s1,donchian_xbook-NQ-tf5,donchian_xbook,NQ,5,pm,,,,False,True,True,False,True,c1+c2+base,127,0,1,0.11811023622047244,-9166.0,-8483.0,1098.724409448819,573,252,False,False,False,False,False,True,1581.9,,,,,,,,,,,,,False,"1,2",,,,,,,,,,,,,,
ema_pullback-ES-tf15|eve|,s1,ema_pullback-ES-tf15,ema_pullback,ES,15,eve,,,,False,False,False,True,False,c1,32,0,0,0.0,-11462.515625,-9959.75,281.9375,573,252,False,False,False,False,False,True,405.9,,,,,,,,,,,,,False,"1,2",,,,,,,,,,,,,,
ema_pullback-ES-tf15|london|,s1,ema_pullback-ES-tf15,ema_pullback,ES,15,london,,,,False,False,False,True,False,c1,32,0,0,0.0,-31050.734375,-30309.75,690.125,573,252,False,False,False,False,False,True,993.6,,,,,,,,,,,,,False,"1,2",,,,,,,,,,,,,,
ema_pullback-ES-tf15|mid|,s1,ema_pullback-ES-tf15,ema_pullback,ES,15,mid,,,,False,False,False,True,False,c1,32,0,0,0.0625,-13425.46875,-14871.75,575.3125,573,252,False,False,False,False,False,True,828.3,,,,,,,,,,,,,False,"1,2",,,,,,,,,,,,,,
ema_pullback-ES-tf15|nyam|,s1,ema_pullback-ES-tf15,ema_pullback,ES,15,nyam,,,,False,False,False,True,False,c1,32,0,0,0.0,-36151.4375,-34895.0,745.28125,573,252,False,False,False,False,False,True,1073.0,,,,,,,,,,,,,False,"1,2",,,,,,,,,,,,,,
ema_pullback-ES-tf15|pm|,s1,ema_pullback-ES-tf15,ema_pullback,ES,15,pm,,,,False,False,False,True,False,c1,32,0,0,0.0,-18299.90625,-17387.25,602.90625,573,252,False,False,False,False,False,True,868.1,,,,,,,,,,,,,False,"1,2",,,,,,,,,,,,,,
ema_pullback-ES-tf15|pre|,s1,ema_pullback-ES-tf15,ema_pullback,ES,15,pre,,,,False,False,False,True,False,c1,32,0,0,0.5625,820.875,1452.5,435.40625,573,252,False,False,False,False,False,True,626.9,,True,20113.22,1.0,-19292.34,0.0118,,,,,0.0141,True,False,1,,,,,,,,,,,,,,
ema_pullback-ES-tf1|asia|,s1,ema_pullback-ES-tf1,ema_pullback,ES,1,asia,,,,False,False,False,True,False,c1,32,0,0,0.0625,-38262.25,-43750.25,1138.21875,573,252,False,False,False,False,False,True,1638.8,,,,,,,,,,,,,False,"1,2",,,,,,,,,,,,,,
ema_pullback-ES-tf1|eve|,s1,ema_pullback-ES-tf1,ema_pullback,ES,1,eve,,,,False,False,False,True,False,c1,32,0,0,0.0,-63092.859375,-62470.0,1265.5,573,252,False,False,False,False,False,True,1822.1,,,,,,,,,,,,,False,"1,2",,,,,,,,,,,,,,
ema_pullback-ES-tf1|london|,s1,ema_pullback-ES-tf1,ema_pullback,ES,1,london,,,,False,False,False,True,False,c1,32,0,0,0.03125,-53108.09375,-57860.25,1428.0,573,252,False,False,False,False,False,True,2056.0,,,,,,,,,,,,,False,"1,2",,,,,,,,,,,,,,
ema_pullback-ES-tf1|mid|,s1,ema_pullback-ES-tf1,ema_pullback,ES,1,mid,,,,False,False,False,True,False,c1,32,0,0,0.21875,-23815.59375,-23862.75,1384.5625,573,252,False,False,False,False,False,True,1993.5,,,,,,,,,,,,,False,"1,2",,,,,,,,,,,,,,
ema_pullback-ES-tf1|nyam|,s1,ema_pullback-ES-tf1,ema_pullback,ES,1,nyam,,,,False,False,False,True,False,c1,32,0,0,0.0625,-40623.6875,-45993.5,1425.84375,573,252,False,False,False,False,False,True,2052.9,,,,,,,,,,,,,False,"1,2",,,,,,,,,,,,,,
ema_pullback-ES-tf1|pm|,s1,ema_pullback-ES-tf1,ema_pullback,ES,1,pm,,,,False,False,False,True,False,c1,32,0,0,0.1875,-17219.359375,-19588.75,1385.40625,573,252,False,False,False,False,False,True,1994.7,,,,,,,,,,,,,False,"1,2",,,,,,,,,,,,,,
ema_pullback-ES-tf1|pre|,s1,ema_pullback-ES-tf1,ema_pullback,ES,1,pre,,,,False,False,False,True,False,c1,32,0,0,0.15625,-17005.53125,-18097.5,1073.0625,573,252,False,False,False,False,False,True,1545.0,,,,,,,,,,,,,False,"1,2",,,,,,,,,,,,,,
ema_pullback-ES-tf30|mid|,s1,ema_pullback-ES-tf30,ema_pullback,ES,30,mid,,,,False,False,False,True,False,c1,32,0,0,0.28125,-8065.28125,-10791.5,405.96875,573,252,False,False,False,False,False,True,584.5,,,,,,,,,,,,,False,"1,2",,,,,,,,,,,,,,
ema_pullback-ES-tf30|nyam|,s1,ema_pullback-ES-tf30,ema_pullback,ES,30,nyam,,,,False,False,False,True,False,c1,32,0,0,0.0,-29294.9375,-25454.25,508.5,573,252,False,False,False,False,False,True,732.1,,,,,,,,,,,,,False,"1,2",,,,,,,,,,,,,,
ema_pullback-ES-tf30|pm|,s1,ema_pullback-ES-tf30,ema_pullback,ES,30,pm,,,,False,False,False,True,False,c1,32,0,0,0.59375,1438.671875,2426.5,384.375,573,252,False,False,False,False,False,True,553.4,,False,-2231.8,0.32,3670.47,0.0246,,,,,0.0034,False,False,"1,2",,,,,,,,,,,,,,
ema_pullback-ES-tf5|asia|,s1,ema_pullback-ES-tf5,ema_pullback,ES,5,asia,,,,False,False,False,True,False,c1,32,0,0,0.0,-28805.671875,-25998.0,687.0625,573,252,False,False,False,False,False,True,989.2,,,,,,,,,,,,,False,"1,2",,,,,,,,,,,,,,
ema_pullback-ES-tf5|eve|,s1,ema_pullback-ES-tf5,ema_pullback,ES,5,eve,,,,False,False,False,True,False,c1,32,0,0,0.0,-52262.15625,-52741.5,1009.875,573,252,False,False,False,False,False,True,1454.0,,,,,,,,,,,,,False,"1,2",,,,,,,,,,,,,,
ema_pullback-ES-tf5|london|,s1,ema_pullback-ES-tf5,ema_pullback,ES,5,london,,,,False,False,False,True,False,c1,32,0,0,0.0,-32839.34375,-35938.5,1260.8125,573,252,False,False,False,False,False,True,1815.3,,,,,,,,,,,,,False,"1,2",,,,,,,,,,,,,,
ema_pullback-ES-tf5|mid|,s1,ema_pullback-ES-tf5,ema_pullback,ES,5,mid,,,,False,False,False,True,False,c1,32,0,0,0.15625,-18530.8125,-17950.5,950.28125,573,252,False,False,False,False,False,True,1368.2,,,,,,,,,,,,,False,"1,2",,,,,,,,,,,,,,
ema_pullback-ES-tf5|nyam|,s1,ema_pullback-ES-tf5,ema_pullback,ES,5,nyam,,,,False,False,False,True,False,c1,32,0,0,0.0,-55053.078125,-53802.25,1044.03125,573,252,False,False,False,False,False,True,1503.2,,,,,,,,,,,,,False,"1,2",,,,,,,,,,,,,,
ema_pullback-ES-tf5|pm|,s1,ema_pullback-ES-tf5,ema_pullback,ES,5,pm,,,,False,False,False,True,False,c1,32,0,0,0.1875,-19262.40625,-20011.25,992.75,573,252,False,False,False,False,False,True,1429.4,,,,,,,,,,,,,False,"1,2",,,,,,,,,,,,,,
ema_pullback-ES-tf5|pre|,s1,ema_pullback-ES-tf5,ema_pullback,ES,5,pre,,,,False,False,False,True,False,c1,32,0,0,0.21875,-16471.375,-21290.5,656.125,573,252,False,False,False,False,False,True,944.7,,,,,,,,,,,,,False,"1,2",,,,,,,,,,,,,,
ema_pullback-GC-tf15|eve|,s1,ema_pullback-GC-tf15,ema_pullback,GC,15,eve,,,,False,False,False,True,False,c1,32,0,0,0.0,-20309.8125,-17300.0,255.96875,572,252,False,False,False,False,False,True,368.7,,,,,,,,,,,,,False,"1,2",,,,,,,,,,,,,,
ema_pullback-GC-tf15|london|,s1,ema_pullback-GC-tf15,ema_pullback,GC,15,london,,,,False,False,False,True,False,c1,32,0,0,0.0625,-13738.9375,-15011.0,651.53125,572,252,False,False,False,False,False,True,938.6,,,,,,,,,,,,,False,"1,2",,,,,,,,,,,,,,
ema_pullback-GC-tf15|mid|,s1,ema_pullback-GC-tf15,ema_pullback,GC,15,mid,,,,False,False,False,True,False,c1,32,0,0,0.0625,-7363.0625,-7696.0,386.625,572,252,False,False,False,False,False,True,557.0,,,,,,,,,,,,,False,"1,2",,,,,,,,,,,,,,
ema_pullback-GC-tf15|nyam|,s1,ema_pullback-GC-tf15,ema_pullback,GC,15,nyam,,,,False,False,False,True,False,c1,32,0,0,0.03125,-15507.375,-14867.0,536.53125,572,252,False,False,False,False,False,True,772.9,,,,,,,,,,,,,False,"1,2",,,,,,,,,,,,,,
ema_pullback-GC-tf15|pm|,s1,ema_pullback-GC-tf15,ema_pullback,GC,15,pm,,,,False,False,False,True,False,c1,32,0,0,0.4375,-1861.3125,-1388.0,370.875,572,252,False,False,False,False,False,True,534.3,,,,,,,,,,,,,False,"1,2",,,,,,,,,,,,,,
ema_pullback-GC-tf15|pre|,s1,ema_pullback-GC-tf15,ema_pullback,GC,15,pre,,,,False,False,False,True,False,c1,32,0,0,0.3125,-5798.75,-6689.0,547.65625,572,252,False,False,False,False,False,True,788.9,,,,,,,,,,,,,False,"1,2",,,,,,,,,,,,,,
ema_pullback-GC-tf1|asia|,s1,ema_pullback-GC-tf1,ema_pullback,GC,1,asia,,,,False,False,False,True,False,c1,32,0,0,0.09375,-28072.5625,-30013.0,1096.5,572,252,False,False,False,False,False,True,1579.6,,,,,,,,,,,,,False,"1,2",,,,,,,,,,,,,,
ema_pullback-GC-tf1|eve|,s1,ema_pullback-GC-tf1,ema_pullback,GC,1,eve,,,,False,False,False,True,False,c1,32,0,0,0.0,-47025.1875,-45230.0,1223.09375,572,252,False,False,False,False,False,True,1761.9,,,,,,,,,,,,,False,"1,2",,,,,,,,,,,,,,
ema_pullback-GC-tf1|london|,s1,ema_pullback-GC-tf1,ema_pullback,GC,1,london,,,,False,False,False,True,False,c1,32,0,0,0.0,-38110.9375,-39835.0,1327.96875,572,252,False,False,False,False,False,True,1913.0,,,,,,,,,,,,,False,"1,2",,,,,,,,,,,,,,
ema_pullback-GC-tf1|mid|,s1,ema_pullback-GC-tf1,ema_pullback,GC,1,mid,,,,False,False,False,True,False,c1,32,0,0,0.25,-16264.0,-18216.0,1136.15625,572,252,False,False,False,False,False,True,1636.7,,,,,,,,,,,,,False,"1,2",,,,,,,,,,,,,,
ema_pullback-GC-tf1|nyam|,s1,ema_pullback-GC-tf1,ema_pullback,GC,1,nyam,,,,False,False,False,True,False,c1,32,0,0,0.375,-7398.0,-9657.0,1228.875,572,252,False,False,False,False,False,True,1770.3,,,,,,,,,,,,,False,"1,2",,,,,,,,,,,,,,
ema_pullback-GC-tf1|pm|,s1,ema_pullback-GC-tf1,ema_pullback,GC,1,pm,,,,False,False,False,True,False,c1,32,0,0,0.125,-25122.9375,-28393.0,1023.78125,572,252,False,False,False,False,False,True,1474.8,,,,,,,,,,,,,False,"1,2",,,,,,,,,,,,,,
ema_pullback-GC-tf1|pre|,s1,ema_pullback-GC-tf1,ema_pullback,GC,1,pre,,,,False,False,False,True,False,c1,32,0,0,0.21875,-12596.25,-16492.0,1051.5625,572,252,False,False,False,False,False,True,1514.8,,,,,,,,,,,,,False,"1,2",,,,,,,,,,,,,,
ema_pullback-GC-tf30|mid|,s1,ema_pullback-GC-tf30,ema_pullback,GC,30,mid,,,,False,False,False,True,False,c1,32,0,0,0.25,-3152.375,-2945.0,249.96875,572,252,False,False,False,False,False,True,360.1,,,,,,,,,,,,,False,"1,2",,,,,,,,,,,,,,
ema_pullback-GC-tf30|nyam|,s1,ema_pullback-GC-tf30,ema_pullback,GC,30,nyam,,,,False,False,False,True,False,c1,32,0,0,0.125,-3351.3125,-3106.0,356.1875,572,252,False,False,False,False,False,True,513.1,,,,,,,,,,,,,False,"1,2",,,,,,,,,,,,,,
ema_pullback-GC-tf30|pm|,s1,ema_pullback-GC-tf30,ema_pullback,GC,30,pm,,,,False,False,False,True,False,c1,32,0,0,0.09375,-3660.875,-3622.0,228.8125,572,252,False,False,False,False,False,True,329.6,,,,,,,,,,,,,False,"1,2",,,,,,,,,,,,,,
ema_pullback-GC-tf5|asia|,s1,ema_pullback-GC-tf5,ema_pullback,GC,5,asia,,,,False,False,False,True,False,c1,32,0,0,0.25,-6807.5,-10927.0,635.78125,572,252,False,False,False,False,False,True,915.9,,,,,,,,,,,,,False,"1,2",,,,,,,,,,,,,,
ema_pullback-GC-tf5|eve|,s1,ema_pullback-GC-tf5,ema_pullback,GC,5,eve,,,,False,False,False,True,False,c1,32,0,0,0.0,-35711.8125,-35003.0,996.78125,572,252,False,False,False,False,False,True,1435.9,,,,,,,,,,,,,False,"1,2",,,,,,,,,,,,,,
ema_pullback-GC-tf5|london|,s1,ema_pullback-GC-tf5,ema_pullback,GC,5,london,,,,False,False,False,True,False,c1,32,0,0,0.03125,-29682.0,-24991.0,1129.09375,572,252,False,False,False,False,False,True,1626.5,,,,,,,,,,,,,False,"1,2",,,,,,,,,,,,,,
ema_pullback-GC-tf5|mid|,s1,ema_pullback-GC-tf5,ema_pullback,GC,5,mid,,,,False,False,False,True,False,c1,32,0,0,0.0,-14264.3125,-12739.0,694.75,572,252,False,False,False,False,False,True,1000.8,,,,,,,,,,,,,False,"1,2",,,,,,,,,,,,,,
ema_pullback-GC-tf5|nyam|,s1,ema_pullback-GC-tf5,ema_pullback,GC,5,nyam,,,,False,False,False,True,False,c1,32,0,0,0.0,-22052.8125,-21861.0,772.96875,572,252,False,False,False,False,False,True,1113.5,,,,,,,,,,,,,False,"1,2",,,,,,,,,,,,,,
ema_pullback-GC-tf5|pm|,s1,ema_pullback-GC-tf5,ema_pullback,GC,5,pm,,,,False,False,False,True,False,c1,32,0,0,0.1875,-8940.125,-8800.0,674.71875,572,252,False,False,False,False,False,True,972.0,,,,,,,,,,,,,False,"1,2",,,,,,,,,,,,,,
ema_pullback-GC-tf5|pre|,s1,ema_pullback-GC-tf5,ema_pullback,GC,5,pre,,,,False,False,False,True,False,c1,32,0,0,0.1875,-11360.125,-15317.0,691.59375,572,252,False,False,False,False,False,True,996.3,,,,,,,,,,,,,False,"1,2",,,,,,,,,,,,,,
ema_pullback-NQ-tf15|eve|,s1,ema_pullback-NQ-tf15,ema_pullback,NQ,15,eve,,,,False,False,False,True,False,c1,32,0,0,0.8125,11235.65625,8766.5,295.1875,573,252,True,True,True,False,True,True,425.0,,True,12037.14,0.975,-801.49,0.0,,,,,0.0001,True,True,,,,,,,,,,,,,,,
ema_pullback-NQ-tf15|london|,s1,ema_pullback-NQ-tf15,ema_pullback,NQ,15,london,,,,False,False,False,True,False,c1,32,0,0,0.375,-2499.15625,-5029.0,713.96875,573,252,False,False,False,False,False,True,1028.0,,,,,,,,,,,,,False,"1,2",,,,,,,,,,,,,,
ema_pullback-NQ-tf15|mid|,s1,ema_pullback-NQ-tf15,ema_pullback,NQ,15,mid,,,,False,False,False,True,False,c1,32,0,0,0.90625,28734.625,21089.0,545.40625,573,252,True,True,True,False,True,True,785.3,,True,33158.1,1.0,-4423.48,0.004,,,,,0.0006,True,True,,,,,,,,,,,,,,,
ema_pullback-NQ-tf15|nyam|,s1,ema_pullback-NQ-tf15,ema_pullback,NQ,15,nyam,,,,False,False,False,True,False,c1,32,0,0,0.28125,-11970.4375,-18247.0,828.9375,573,252,False,False,False,False,False,True,1193.5,,,,,,,,,,,,,False,"1,2",,,,,,,,,,,,,,
ema_pullback-NQ-tf15|pm|,s1,ema_pullback-NQ-tf15,ema_pullback,NQ,15,pm,,,,False,False,False,True,False,c1,32,0,0,0.8125,13434.84375,14675.0,586.40625,573,252,True,True,True,False,True,True,844.3,,False,11623.88,0.9,1810.96,0.0025,,,,,0.0024,False,False,2,,,,,,,,,,,,,,
ema_pullback-NQ-tf15|pre|,s1,ema_pullback-NQ-tf15,ema_pullback,NQ,15,pre,,,,False,False,False,True,False,c1,32,0,0,0.75,26230.40625,18706.0,456.65625,573,252,True,True,False,False,True,True,657.5,,True,19008.42,0.98,7221.99,0.0131,,,,,0.0154,True,True,,,,,,,,,,,,,,,
ema_pullback-NQ-tf1|asia|,s1,ema_pullback-NQ-tf1,ema_pullback,NQ,1,asia,,,,False,False,False,True,False,c1,32,0,0,0.125,-28940.625,-34862.0,1164.6875,573,252,False,False,False,False,False,True,1676.9,,,,,,,,,,,,,False,"1,2",,,,,,,,,,,,,,
ema_pullback-NQ-tf1|eve|,s1,ema_pullback-NQ-tf1,ema_pullback,NQ,1,eve,,,,False,False,False,True,False,c1,32,0,0,0.0,-56399.78125,-56659.0,1291.9375,573,252,False,False,False,False,False,True,1860.1,,,,,,,,,,,,,False,"1,2",,,,,,,,,,,,,,
ema_pullback-NQ-tf1|london|,s1,ema_pullback-NQ-tf1,ema_pullback,NQ,1,london,,,,False,False,False,True,False,c1,32,0,0,0.0625,-19019.75,-15509.5,1444.625,573,252,False,False,False,False,False,True,2080.0,,,,,,,,,,,,,False,"1,2",,,,,,,,,,,,,,
ema_pullback-NQ-tf1|mid|,s1,ema_pullback-NQ-tf1,ema_pullback,NQ,1,mid,,,,False,False,False,True,False,c1,32,0,0,0.3125,-6961.90625,-15678.0,1433.40625,573,252,False,False,False,False,False,True,2063.8,,,,,,,,,,,,,False,"1,2",,,,,,,,,,,,,,
ema_pullback-NQ-tf1|nyam|,s1,ema_pullback-NQ-tf1,ema_pullback,NQ,1,nyam,,,,False,False,False,True,False,c1,32,0,0,0.6875,25061.0,12824.5,1501.625,573,252,True,False,False,False,True,True,2162.0,,True,17822.9,0.95,7238.1,0.002,,,,,0.0027,True,True,,,,,,,,,,,,,,,
ema_pullback-NQ-tf1|pm|,s1,ema_pullback-NQ-tf1,ema_pullback,NQ,1,pm,,,,False,False,False,True,False,c1,32,0,0,0.6875,22528.8125,17486.5,1413.03125,573,252,True,False,False,False,True,True,2034.5,,True,23241.78,1.0,-712.96,0.0035,,,,,0.0013,True,True,,,,,,,,,,,,,,,
ema_pullback-NQ-tf1|pre|,s1,ema_pullback-NQ-tf1,ema_pullback,NQ,1,pre,,,,False,False,False,True,False,c1,32,0,0,0.71875,24131.90625,22630.5,1097.375,573,252,True,True,False,False,True,True,1580.0,,False,-1996.32,0.415,26128.22,0.0047,,,,,0.016,False,False,2,,,,,,,,,,,,,,
ema_pullback-NQ-tf30|mid|,s1,ema_pullback-NQ-tf30,ema_pullback,NQ,30,mid,,,,False,False,False,True,False,c1,32,0,0,0.3125,1308.90625,-5010.0,384.375,573,252,False,False,False,False,False,True,553.4,,,,,,,,,,,,,False,"1,2",,,,,,,,,,,,,,
ema_pullback-NQ-tf30|nyam|,s1,ema_pullback-NQ-tf30,ema_pullback,NQ,30,nyam,,,,False,False,False,True,False,c1,32,0,0,0.1875,-8407.40625,-6475.0,539.625,573,252,False,False,False,False,False,True,776.9,,,,,,,,,,,,,False,"1,2",,,,,,,,,,,,,,
ema_pullback-NQ-tf30|pm|,s1,ema_pullback-NQ-tf30,ema_pullback,NQ,30,pm,,,,False,False,False,True,False,c1,32,0,0,0.96875,22189.4375,24287.0,370.21875,573,252,True,True,True,False,True,True,533.0,,False,9750.23,0.915,12439.21,0.016,,,,,0.0027,False,False,2,,,,,,,,,,,,,,
ema_pullback-NQ-tf5|asia|,s1,ema_pullback-NQ-tf5,ema_pullback,NQ,5,asia,,,,False,False,False,True,False,c1,32,0,0,0.25,-6426.34375,-3855.5,684.90625,573,252,False,False,False,False,False,True,986.1,,,,,,,,,,,,,False,"1,2",,,,,,,,,,,,,,
ema_pullback-NQ-tf5|eve|,s1,ema_pullback-NQ-tf5,ema_pullback,NQ,5,eve,,,,False,False,False,True,False,c1,32,0,0,0.15625,-24557.40625,-33846.5,1033.6875,573,252,False,False,False,False,False,True,1488.3,,,,,,,,,,,,,False,"1,2",,,,,,,,,,,,,,
ema_pullback-NQ-tf5|london|,s1,ema_pullback-NQ-tf5,ema_pullback,NQ,5,london,,,,False,False,False,True,False,c1,32,0,0,0.21875,-9994.6875,-11663.0,1276.09375,573,252,False,False,False,False,False,True,1837.3,,,,,,,,,,,,,False,"1,2",,,,,,,,,,,,,,
ema_pullback-NQ-tf5|mid|,s1,ema_pullback-NQ-tf5,ema_pullback,NQ,5,mid,,,,False,False,False,True,False,c1,32,0,0,0.65625,22192.1875,18498.0,963.4375,573,252,True,False,False,False,True,True,1387.1,,False,14992.72,0.935,7199.47,0.0039,,,,,0.0007,False,False,2,,,,,,,,,,,,,,
ema_pullback-NQ-tf5|nyam|,s1,ema_pullback-NQ-tf5,ema_pullback,NQ,5,nyam,,,,False,False,False,True,False,c1,32,0,0,0.3125,-8558.96875,-6628.0,1145.09375,573,252,False,False,False,False,False,True,1648.7,,,,,,,,,,,,,False,"1,2",,,,,,,,,,,,,,
ema_pullback-NQ-tf5|pm|,s1,ema_pullback-NQ-tf5,ema_pullback,NQ,5,pm,,,,False,False,False,True,False,c1,32,0,0,0.78125,23025.40625,25012.5,996.8125,573,252,True,True,False,False,True,True,1435.2,,True,32157.87,1.0,-9132.46,0.0022,,,,,0.001,True,True,,,,,,,,,,,,,,,
ema_pullback-NQ-tf5|pre|,s1,ema_pullback-NQ-tf5,ema_pullback,NQ,5,pre,,,,False,False,False,True,False,c1,32,0,0,0.625,15192.21875,7200.5,655.34375,573,252,True,False,False,False,True,True,943.6,,False,4031.48,0.66,11160.74,0.0034,,,,,0.0185,False,False,2,,,,,,,,,,,,,,
ema_ribbon-ES-tf15|asia|,s1,ema_ribbon-ES-tf15,ema_ribbon,ES,15,asia,,,,False,False,False,True,False,c1,32,0,0,0.0,-7862.15625,-7195.75,63.0,573,252,False,False,False,False,False,False,90.7,,,,,,,,,,,,,False,"1,2,3",,,,,,,,,,,,,,
ema_ribbon-ES-tf15|eve|,s1,ema_ribbon-ES-tf15,ema_ribbon,ES,15,eve,,,,False,False,False,True,False,c1,32,0,0,0.0,-22647.625,-21466.25,268.15625,573,252,False,False,False,False,False,True,386.1,,,,,,,,,,,,,False,"1,2",,,,,,,,,,,,,,
ema_ribbon-ES-tf15|london|,s1,ema_ribbon-ES-tf15,ema_ribbon,ES,15,london,,,,False,False,False,True,False,c1,32,0,0,0.3125,-9229.40625,-13678.5,453.25,573,252,False,False,False,False,False,True,652.6,,,,,,,,,,,,,False,"1,2",,,,,,,,,,,,,,
ema_ribbon-ES-tf15|mid|,s1,ema_ribbon-ES-tf15,ema_ribbon,ES,15,mid,,,,False,False,False,True,False,c1,32,0,0,0.1875,-4798.390625,-5219.0,187.0,573,252,False,False,False,False,False,True,269.2,,,,,,,,,,,,,False,"1,2",,,,,,,,,,,,,,
ema_ribbon-ES-tf15|nyam|,s1,ema_ribbon-ES-tf15,ema_ribbon,ES,15,nyam,,,,False,False,False,True,False,c1,32,0,0,0.25,-4464.78125,-5160.25,175.375,573,252,False,False,False,False,False,True,252.5,,,,,,,,,,,,,False,"1,2",,,,,,,,,,,,,,
ema_ribbon-ES-tf15|pm|,s1,ema_ribbon-ES-tf15,ema_ribbon,ES,15,pm,,,,False,False,False,True,False,c1,31,0,1,0.8387096774193549,8503.532258064517,9302.5,142.96774193548387,573,252,True,True,True,False,True,True,205.8,,False,1473.09,0.655,7030.44,0.0,,,,,0.0011,False,False,2,,,,,,,,,,,,,,
ema_ribbon-ES-tf15|pre|,s1,ema_ribbon-ES-tf15,ema_ribbon,ES,15,pre,,,,False,False,False,True,False,c1,32,0,0,0.09375,-3474.125,-3816.75,99.0,573,252,False,False,False,False,False,True,142.5,,,,,,,,,,,,,False,"1,2",,,,,,,,,,,,,,
ema_ribbon-ES-tf1|asia|,s1,ema_ribbon-ES-tf1,ema_ribbon,ES,1,asia,,,,False,False,False,True,False,c1,32,0,0,0.0625,-36552.890625,-39479.25,1064.6875,573,252,False,False,False,False,False,True,1532.9,,,,,,,,,,,,,False,"1,2",,,,,,,,,,,,,,
ema_ribbon-ES-tf1|eve|,s1,ema_ribbon-ES-tf1,ema_ribbon,ES,1,eve,,,,False,False,False,True,False,c1,32,0,0,0.0,-70334.296875,-67120.5,1246.5625,573,252,False,False,False,False,False,True,1794.8,,,,,,,,,,,,,False,"1,2",,,,,,,,,,,,,,
ema_ribbon-ES-tf1|london|,s1,ema_ribbon-ES-tf1,ema_ribbon,ES,1,london,,,,False,False,False,True,False,c1,32,0,0,0.0,-41697.59375,-46321.75,1376.9375,573,252,False,False,False,False,False,True,1982.5,,,,,,,,,,,,,False,"1,2",,,,,,,,,,,,,,
ema_ribbon-ES-tf1|mid|,s1,ema_ribbon-ES-tf1,ema_ribbon,ES,1,mid,,,,False,False,False,True,False,c1,32,0,0,0.28125,-12374.96875,-18599.0,1261.125,573,252,False,False,False,False,False,True,1815.8,,,,,,,,,,,,,False,"1,2",,,,,,,,,,,,,,
ema_ribbon-ES-tf1|nyam|,s1,ema_ribbon-ES-tf1,ema_ribbon,ES,1,nyam,,,,False,False,False,True,False,c1,32,0,0,0.0,-39742.640625,-41195.0,1169.9375,573,252,False,False,False,False,False,True,1684.5,,,,,,,,,,,,,False,"1,2",,,,,,,,,,,,,,
ema_ribbon-ES-tf1|pm|,s1,ema_ribbon-ES-tf1,ema_ribbon,ES,1,pm,,,,False,False,False,True,False,c1,32,0,0,0.09375,-30454.171875,-32571.0,1257.0,573,252,False,False,False,False,False,True,1809.8,,,,,,,,,,,,,False,"1,2",,,,,,,,,,,,,,
ema_ribbon-ES-tf1|pre|,s1,ema_ribbon-ES-tf1,ema_ribbon,ES,1,pre,,,,False,False,False,True,False,c1,32,0,0,0.0625,-16685.25,-15909.0,740.0625,573,252,False,False,False,False,False,True,1065.5,,,,,,,,,,,,,False,"1,2",,,,,,,,,,,,,,
ema_ribbon-ES-tf30|eve|,s1,ema_ribbon-ES-tf30,ema_ribbon,ES,30,eve,,,,False,False,False,True,False,c1,32,0,0,0.625,2485.359375,604.5,52.0,573,252,True,False,False,False,True,False,74.9,,False,1211.75,0.63,1273.61,0.0,,,,,0.0,False,False,"2,3",,,,,,,,,,,,,,
ema_ribbon-ES-tf30|london|,s1,ema_ribbon-ES-tf30,ema_ribbon,ES,30,london,,,,False,False,False,True,False,c1,32,0,0,0.03125,-7855.234375,-7048.75,166.25,573,252,False,False,False,False,False,True,239.4,,,,,,,,,,,,,False,"1,2",,,,,,,,,,,,,,
ema_ribbon-ES-tf30|mid|,s1,ema_ribbon-ES-tf30,ema_ribbon,ES,30,mid,,,,False,False,False,True,False,c1,32,0,0,0.65625,671.28125,1109.0,104.25,573,252,True,False,False,False,True,True,150.1,,False,-974.39,0.415,1645.67,0.0096,,,,,0.0001,False,False,2,,,,,,,,,,,,,,
ema_ribbon-ES-tf30|nyam|,s1,ema_ribbon-ES-tf30,ema_ribbon,ES,30,nyam,,,,False,False,False,True,False,c1,31,0,1,0.16129032258064516,-2456.3548387096776,-3312.0,78.0,573,252,False,False,False,False,False,True,112.3,,,,,,,,,,,,,False,"1,2",,,,,,,,,,,,,,
ema_ribbon-ES-tf30|pm|,s1,ema_ribbon-ES-tf30,ema_ribbon,ES,30,pm,,,,False,False,False,True,False,c1,30,0,2,0.6666666666666666,3310.0833333333335,2680.5,83.0,573,252,True,False,False,False,True,True,119.5,,False,3508.77,0.895,-198.69,0.0,,,,,0.003,False,False,2,,,,,,,,,,,,,,
ema_ribbon-ES-tf30|pre|,s1,ema_ribbon-ES-tf30,ema_ribbon,ES,30,pre,,,,False,False,False,True,False,c1,32,0,0,0.09375,-4136.078125,-3293.5,64.0,573,252,False,False,False,False,False,False,92.1,,,,,,,,,,,,,False,"1,2,3",,,,,,,,,,,,,,
ema_ribbon-ES-tf5|asia|,s1,ema_ribbon-ES-tf5,ema_ribbon,ES,5,asia,,,,False,False,False,True,False,c1,32,0,0,0.0,-24355.25,-23769.5,491.15625,573,252,False,False,False,False,False,True,707.2,,,,,,,,,,,,,False,"1,2",,,,,,,,,,,,,,
ema_ribbon-ES-tf5|eve|,s1,ema_ribbon-ES-tf5,ema_ribbon,ES,5,eve,,,,False,False,False,True,False,c1,32,0,0,0.0,-47694.046875,-47045.5,795.875,573,252,False,False,False,False,False,True,1145.9,,,,,,,,,,,,,False,"1,2",,,,,,,,,,,,,,
ema_ribbon-ES-tf5|london|,s1,ema_ribbon-ES-tf5,ema_ribbon,ES,5,london,,,,False,False,False,True,False,c1,32,0,0,0.0,-30704.71875,-28596.0,892.78125,573,252,False,False,False,False,False,True,1285.4,,,,,,,,,,,,,False,"1,2",,,,,,,,,,,,,,
ema_ribbon-ES-tf5|mid|,s1,ema_ribbon-ES-tf5,ema_ribbon,ES,5,mid,,,,False,False,False,True,False,c1,32,0,0,0.1875,-7600.5,-10172.75,417.3125,573,252,False,False,False,False,False,True,600.8,,,,,,,,,,,,,False,"1,2",,,,,,,,,,,,,,
ema_ribbon-ES-tf5|nyam|,s1,ema_ribbon-ES-tf5,ema_ribbon,ES,5,nyam,,,,False,False,False,True,False,c1,32,0,0,0.0625,-20993.828125,-20301.25,397.1875,573,252,False,False,False,False,False,True,571.9,,,,,,,,,,,,,False,"1,2",,,,,,,,,,,,,,
ema_ribbon-ES-tf5|pm|,s1,ema_ribbon-ES-tf5,ema_ribbon,ES,5,pm,,,,False,False,False,True,False,c1,32,0,0,0.46875,-1811.375,-541.75,484.875,573,252,False,False,False,False,False,True,698.1,,,,,,,,,,,,,False,"1,2",,,,,,,,,,,,,,
ema_ribbon-ES-tf5|pre|,s1,ema_ribbon-ES-tf5,ema_ribbon,ES,5,pre,,,,False,False,False,True,False,c1,32,0,0,0.375,-2314.0625,-4685.75,250.0,573,252,False,False,False,False,False,True,359.9,,,,,,,,,,,,,False,"1,2",,,,,,,,,,,,,,
ema_ribbon-GC-tf15|asia|,s1,ema_ribbon-GC-tf15,ema_ribbon,GC,15,asia,,,,False,False,False,True,False,c1,32,0,0,0.0,-4964.1875,-5142.0,78.0,572,252,False,False,False,False,False,True,112.4,,,,,,,,,,,,,False,"1,2",,,,,,,,,,,,,,
ema_ribbon-GC-tf15|eve|,s1,ema_ribbon-GC-tf15,ema_ribbon,GC,15,eve,,,,False,False,False,True,False,c1,32,0,0,0.03125,-13039.0625,-9887.0,314.375,572,252,False,False,False,False,False,True,452.9,,,,,,,,,,,,,False,"1,2",,,,,,,,,,,,,,
ema_ribbon-GC-tf15|london|,s1,ema_ribbon-GC-tf15,ema_ribbon,GC,15,london,,,,False,False,False,True,False,c1,32,0,0,0.0,-15460.0,-14427.0,365.9375,572,252,False,False,False,False,False,True,527.2,,,,,,,,,,,,,False,"1,2",,,,,,,,,,,,,,
ema_ribbon-GC-tf15|mid|,s1,ema_ribbon-GC-tf15,ema_ribbon,GC,15,mid,,,,False,False,False,True,False,c1,32,0,0,0.6875,1730.75,2053.0,123.25,572,252,True,False,False,False,True,True,177.5,,False,1534.99,0.68,195.76,0.0,,,,,0.0,False,False,2,,,,,,,,,,,,,,
ema_ribbon-GC-tf15|nyam|,s1,ema_ribbon-GC-tf15,ema_ribbon,GC,15,nyam,,,,False,False,False,True,False,c1,32,0,0,0.375,-2401.0,-1979.0,156.5,572,252,False,False,False,False,False,True,225.4,,,,,,,,,,,,,False,"1,2",,,,,,,,,,,,,,
ema_ribbon-GC-tf15|pm|,s1,ema_ribbon-GC-tf15,ema_ribbon,GC,15,pm,,,,False,False,False,True,False,c1,30,0,2,0.03333333333333333,-2348.4,-2335.0,106.93333333333334,572,252,False,False,False,False,False,True,154.0,,,,,,,,,,,,,False,"1,2",,,,,,,,,,,,,,
ema_ribbon-GC-tf15|pre|,s1,ema_ribbon-GC-tf15,ema_ribbon,GC,15,pre,,,,False,False,False,True,False,c1,32,0,0,0.0,-6190.3125,-6084.0,121.25,572,252,False,False,False,False,False,True,174.7,,,,,,,,,,,,,False,"1,2",,,,,,,,,,,,,,
ema_ribbon-GC-tf1|asia|,s1,ema_ribbon-GC-tf1,ema_ribbon,GC,1,asia,,,,False,False,False,True,False,c1,32,0,0,0.1875,-22612.8125,-23721.0,1013.59375,572,252,False,False,False,False,False,True,1460.1,,,,,,,,,,,,,False,"1,2",,,,,,,,,,,,,,
ema_ribbon-GC-tf1|eve|,s1,ema_ribbon-GC-tf1,ema_ribbon,GC,1,eve,,,,False,False,False,True,False,c1,32,0,0,0.0,-37533.9375,-38850.0,1190.28125,572,252,False,False,False,False,False,True,1714.7,,,,,,,,,,,,,False,"1,2",,,,,,,,,,,,,,
ema_ribbon-GC-tf1|london|,s1,ema_ribbon-GC-tf1,ema_ribbon,GC,1,london,,,,False,False,False,True,False,c1,32,0,0,0.0,-39335.1875,-38807.0,1278.71875,572,252,False,False,False,False,False,True,1842.1,,,,,,,,,,,,,False,"1,2",,,,,,,,,,,,,,
ema_ribbon-GC-tf1|mid|,s1,ema_ribbon-GC-tf1,ema_ribbon,GC,1,mid,,,,False,False,False,True,False,c1,32,0,0,0.15625,-16948.6875,-16509.0,1008.1875,572,252,False,False,False,False,False,True,1452.4,,,,,,,,,,,,,False,"1,2",,,,,,,,,,,,,,
ema_ribbon-GC-tf1|nyam|,s1,ema_ribbon-GC-tf1,ema_ribbon,GC,1,nyam,,,,False,False,False,True,False,c1,32,0,0,0.0625,-17934.75,-21805.0,957.59375,572,252,False,False,False,False,False,True,1379.5,,,,,,,,,,,,,False,"1,2",,,,,,,,,,,,,,
ema_ribbon-GC-tf1|pm|,s1,ema_ribbon-GC-tf1,ema_ribbon,GC,1,pm,,,,False,False,False,True,False,c1,32,0,0,0.0,-29598.5,-31776.0,932.28125,572,252,False,False,False,False,False,True,1343.0,,,,,,,,,,,,,False,"1,2",,,,,,,,,,,,,,
ema_ribbon-GC-tf1|pre|,s1,ema_ribbon-GC-tf1,ema_ribbon,GC,1,pre,,,,False,False,False,True,False,c1,32,0,0,0.0,-23473.9375,-22220.0,737.15625,572,252,False,False,False,False,False,True,1061.9,,,,,,,,,,,,,False,"1,2",,,,,,,,,,,,,,
ema_ribbon-GC-tf30|eve|,s1,ema_ribbon-GC-tf30,ema_ribbon,GC,30,eve,,,,False,False,False,True,False,c1,32,0,0,0.09375,-3627.4375,-3455.0,42.25,572,252,False,False,False,False,False,False,60.9,,,,,,,,,,,,,False,"1,2,3",,,,,,,,,,,,,,
ema_ribbon-GC-tf30|london|,s1,ema_ribbon-GC-tf30,ema_ribbon,GC,30,london,,,,False,False,False,True,False,c1,32,0,0,0.1875,-5363.875,-6144.0,156.125,572,252,False,False,False,False,False,True,224.9,,,,,,,,,,,,,False,"1,2",,,,,,,,,,,,,,
ema_ribbon-GC-tf30|mid|,s1,ema_ribbon-GC-tf30,ema_ribbon,GC,30,mid,,,,False,False,False,True,False,c1,31,0,1,0.5483870967741935,910.7096774193549,662.0,92.0,572,252,False,False,False,False,False,True,132.5,,False,-542.19,0.42,1452.9,0.0109,,,,,0.0,False,False,"1,2",,,,,,,,,,,,,,
ema_ribbon-GC-tf30|nyam|,s1,ema_ribbon-GC-tf30,ema_ribbon,GC,30,nyam,,,,False,False,False,True,False,c1,31,0,1,0.5161290322580645,211.41935483870967,52.0,61.903225806451616,572,252,False,False,False,False,False,False,89.2,,False,-2477.35,0.11,2688.77,0.0547,,,,,0.0,False,False,"1,2,3",,,,,,,,,,,,,,
ema_ribbon-GC-tf30|pm|,s1,ema_ribbon-GC-tf30,ema_ribbon,GC,30,pm,,,,False,False,False,True,False,c1,24,0,8,0.20833333333333334,-566.6666666666666,-690.0,55.0,572,252,False,False,False,False,False,False,79.2,,,,,,,,,,,,,False,"1,2,3",,,,,,,,,,,,,,
ema_ribbon-GC-tf30|pre|,s1,ema_ribbon-GC-tf30,ema_ribbon,GC,30,pre,,,,False,False,False,True,False,c1,32,0,0,0.5625,725.5625,669.0,54.0,572,252,False,False,False,False,False,False,77.8,,False,60.34,0.495,665.23,0.0926,,,,,0.0052,False,False,"1,2,3",,,,,,,,,,,,,,
ema_ribbon-GC-tf5|asia|,s1,ema_ribbon-GC-tf5,ema_ribbon,GC,5,asia,,,,False,False,False,True,False,c1,32,0,0,0.125,-10758.25,-13189.0,488.625,572,252,False,False,False,False,False,True,703.9,,,,,,,,,,,,,False,"1,2",,,,,,,,,,,,,,
ema_ribbon-GC-tf5|eve|,s1,ema_ribbon-GC-tf5,ema_ribbon,GC,5,eve,,,,False,False,False,True,False,c1,32,0,0,0.15625,-16297.25,-17193.0,782.4375,572,252,False,False,False,False,False,True,1127.1,,,,,,,,,,,,,False,"1,2",,,,,,,,,,,,,,
ema_ribbon-GC-tf5|london|,s1,ema_ribbon-GC-tf5,ema_ribbon,GC,5,london,,,,False,False,False,True,False,c1,32,0,0,0.125,-8258.375,-6571.0,810.375,572,252,False,False,False,False,False,True,1167.4,,,,,,,,,,,,,False,"1,2",,,,,,,,,,,,,,
ema_ribbon-GC-tf5|mid|,s1,ema_ribbon-GC-tf5,ema_ribbon,GC,5,mid,,,,False,False,False,True,False,c1,32,0,0,0.65625,3464.9375,3706.0,345.09375,572,252,True,False,False,False,True,True,497.1,,False,-1540.32,0.385,5005.26,0.0015,,,,,0.0,False,False,2,,,,,,,,,,,,,,
ema_ribbon-GC-tf5|nyam|,s1,ema_ribbon-GC-tf5,ema_ribbon,GC,5,nyam,,,,False,False,False,True,False,c1,32,0,0,0.03125,-8378.6875,-7537.0,322.71875,572,252,False,False,False,False,False,True,464.9,,,,,,,,,,,,,False,"1,2",,,,,,,,,,,,,,
ema_ribbon-GC-tf5|pm|,s1,ema_ribbon-GC-tf5,ema_ribbon,GC,5,pm,,,,False,False,False,True,False,c1,32,0,0,0.0,-10940.0,-10726.0,377.65625,572,252,False,False,False,False,False,True,544.0,,,,,,,,,,,,,False,"1,2",,,,,,,,,,,,,,
ema_ribbon-GC-tf5|pre|,s1,ema_ribbon-GC-tf5,ema_ribbon,GC,5,pre,,,,False,False,False,True,False,c1,32,0,0,0.78125,3154.6875,1967.0,291.25,572,252,True,True,False,False,True,True,419.6,,False,-1079.63,0.42,4234.32,0.0005,,,,,0.0051,False,False,2,,,,,,,,,,,,,,
ema_ribbon-NQ-tf15|asia|,s1,ema_ribbon-NQ-tf15,ema_ribbon,NQ,15,asia,,,,False,False,False,True,False,c1,32,0,0,0.125,-7658.1875,-6474.5,68.375,573,252,False,False,False,False,False,False,98.4,,,,,,,,,,,,,False,"1,2,3",,,,,,,,,,,,,,
ema_ribbon-NQ-tf15|eve|,s1,ema_ribbon-NQ-tf15,ema_ribbon,NQ,15,eve,,,,False,False,False,True,False,c1,32,0,0,0.0,-20660.34375,-17763.5,267.78125,573,252,False,False,False,False,False,True,385.5,,,,,,,,,,,,,False,"1,2",,,,,,,,,,,,,,
ema_ribbon-NQ-tf15|london|,s1,ema_ribbon-NQ-tf15,ema_ribbon,NQ,15,london,,,,False,False,False,True,False,c1,32,0,0,0.40625,-1579.5,-1149.0,440.1875,573,252,False,False,False,False,False,True,633.8,,,,,,,,,,,,,False,"1,2",,,,,,,,,,,,,,
ema_ribbon-NQ-tf15|mid|,s1,ema_ribbon-NQ-tf15,ema_ribbon,NQ,15,mid,,,,False,False,False,True,False,c1,32,0,0,0.28125,-4708.21875,-6975.5,179.125,573,252,False,False,False,False,False,True,257.9,,,,,,,,,,,,,False,"1,2",,,,,,,,,,,,,,
ema_ribbon-NQ-tf15|nyam|,s1,ema_ribbon-NQ-tf15,ema_ribbon,NQ,15,nyam,,,,False,False,False,True,False,c1,32,0,0,0.8125,8055.375,6522.0,191.625,573,252,True,True,True,False,True,True,275.9,,False,-6809.89,0.18,14865.26,0.0028,,,,,0.0014,False,False,2,,,,,,,,,,,,,,
ema_ribbon-NQ-tf15|pm|,s1,ema_ribbon-NQ-tf15,ema_ribbon,NQ,15,pm,,,,False,False,False,True,False,c1,32,0,0,0.78125,7245.03125,8125.0,131.125,573,252,True,True,False,False,True,True,188.8,,False,-4858.62,0.155,12103.65,0.0,,,,,0.0015,False,False,2,,,,,,,,,,,,,,
ema_ribbon-NQ-tf15|pre|,s1,ema_ribbon-NQ-tf15,ema_ribbon,NQ,15,pre,,,,False,False,False,True,False,c1,32,0,0,0.4375,-577.0625,-2134.0,90.75,573,252,False,False,False,False,False,True,130.7,,,,,,,,,,,,,False,"1,2",,,,,,,,,,,,,,
ema_ribbon-NQ-tf1|asia|,s1,ema_ribbon-NQ-tf1,ema_ribbon,NQ,1,asia,,,,False,False,False,True,False,c1,32,0,0,0.0625,-28000.90625,-31041.5,1075.1875,573,252,False,False,False,False,False,True,1548.0,,,,,,,,,,,,,False,"1,2",,,,,,,,,,,,,,
ema_ribbon-NQ-tf1|eve|,s1,ema_ribbon-NQ-tf1,ema_ribbon,NQ,1,eve,,,,False,False,False,True,False,c1,32,0,0,0.0,-59835.40625,-60197.5,1271.3125,573,252,False,False,False,False,False,True,1830.4,,,,,,,,,,,,,False,"1,2",,,,,,,,,,,,,,
ema_ribbon-NQ-tf1|london|,s1,ema_ribbon-NQ-tf1,ema_ribbon,NQ,1,london,,,,False,False,False,True,False,c1,32,0,0,0.09375,-24807.125,-20888.0,1400.375,573,252,False,False,False,False,False,True,2016.2,,,,,,,,,,,,,False,"1,2",,,,,,,,,,,,,,
ema_ribbon-NQ-tf1|mid|,s1,ema_ribbon-NQ-tf1,ema_ribbon,NQ,1,mid,,,,False,False,False,True,False,c1,32,0,0,0.28125,-8571.4375,-20200.0,1309.65625,573,252,False,False,False,False,False,True,1885.6,,,,,,,,,,,,,False,"1,2",,,,,,,,,,,,,,
ema_ribbon-NQ-tf1|nyam|,s1,ema_ribbon-NQ-tf1,ema_ribbon,NQ,1,nyam,,,,False,False,False,True,False,c1,32,0,0,0.40625,-4121.90625,-5731.0,1199.34375,573,252,False,False,False,False,False,True,1726.8,,,,,,,,,,,,,False,"1,2",,,,,,,,,,,,,,
ema_ribbon-NQ-tf1|pm|,s1,ema_ribbon-NQ-tf1,ema_ribbon,NQ,1,pm,,,,False,False,False,True,False,c1,32,0,0,0.0625,-17060.75,-17783.5,1282.0625,573,252,False,False,False,False,False,True,1845.9,,,,,,,,,,,,,False,"1,2",,,,,,,,,,,,,,
ema_ribbon-NQ-tf1|pre|,s1,ema_ribbon-NQ-tf1,ema_ribbon,NQ,1,pre,,,,False,False,False,True,False,c1,32,0,0,0.65625,21342.25,16222.0,755.21875,573,252,True,False,False,False,True,True,1087.4,,False,826.91,0.565,20515.34,0.0036,,,,,0.0054,False,False,2,,,,,,,,,,,,,,
ema_ribbon-NQ-tf30|eve|,s1,ema_ribbon-NQ-tf30,ema_ribbon,NQ,30,eve,,,,False,False,False,True,False,c1,32,0,0,0.8125,7317.75,5852.0,54.625,573,252,True,True,True,False,True,False,78.6,,False,1761.49,0.66,5556.26,0.0,,,,,0.0,False,False,"2,3",,,,,,,,,,,,,,
ema_ribbon-NQ-tf30|london|,s1,ema_ribbon-NQ-tf30,ema_ribbon,NQ,30,london,,,,False,False,False,True,False,c1,32,0,0,0.1875,-9166.875,-5125.0,149.375,573,252,False,False,False,False,False,True,215.1,,,,,,,,,,,,,False,"1,2",,,,,,,,,,,,,,
ema_ribbon-NQ-tf30|mid|,s1,ema_ribbon-NQ-tf30,ema_ribbon,NQ,30,mid,,,,False,False,False,True,False,c1,31,0,1,0.1935483870967742,-4614.741935483871,-3682.0,112.35483870967742,573,252,False,False,False,False,False,True,161.8,,,,,,,,,,,,,False,"1,2",,,,,,,,,,,,,,
ema_ribbon-NQ-tf30|nyam|,s1,ema_ribbon-NQ-tf30,ema_ribbon,NQ,30,nyam,,,,False,False,False,True,False,c1,32,0,0,0.875,7720.28125,5699.0,98.875,573,252,True,True,True,False,True,True,142.4,,False,2436.85,0.715,5283.43,0.0809,,,,,0.0061,False,False,2,,,,,,,,,,,,,,
ema_ribbon-NQ-tf30|pm|,s1,ema_ribbon-NQ-tf30,ema_ribbon,NQ,30,pm,,,,False,False,False,True,False,c1,30,0,2,0.7,3061.766666666667,2019.5,71.93333333333334,573,252,True,True,False,False,True,True,103.6,,False,-4098.41,0.155,7160.18,0.0,,,,,0.0071,False,False,2,,,,,,,,,,,,,,
ema_ribbon-NQ-tf30|pre|,s1,ema_ribbon-NQ-tf30,ema_ribbon,NQ,30,pre,,,,False,False,False,True,False,c1,32,0,0,0.21875,-4422.96875,-3035.0,60.625,573,252,False,False,False,False,False,False,87.3,,,,,,,,,,,,,False,"1,2,3",,,,,,,,,,,,,,
ema_ribbon-NQ-tf5|asia|,s1,ema_ribbon-NQ-tf5,ema_ribbon,NQ,5,asia,,,,False,False,False,True,False,c1,32,0,0,0.125,-11524.5625,-7344.0,475.75,573,252,False,False,False,False,False,True,685.0,,,,,,,,,,,,,False,"1,2",,,,,,,,,,,,,,
ema_ribbon-NQ-tf5|eve|,s1,ema_ribbon-NQ-tf5,ema_ribbon,NQ,5,eve,,,,False,False,False,True,False,c1,32,0,0,0.125,-18620.65625,-19216.0,805.90625,573,252,False,False,False,False,False,True,1160.3,,,,,,,,,,,,,False,"1,2",,,,,,,,,,,,,,
ema_ribbon-NQ-tf5|london|,s1,ema_ribbon-NQ-tf5,ema_ribbon,NQ,5,london,,,,False,False,False,True,False,c1,32,0,0,0.09375,-23533.1875,-21596.0,917.59375,573,252,False,False,False,False,False,True,1321.1,,,,,,,,,,,,,False,"1,2",,,,,,,,,,,,,,
ema_ribbon-NQ-tf5|mid|,s1,ema_ribbon-NQ-tf5,ema_ribbon,NQ,5,mid,,,,False,False,False,True,False,c1,32,0,0,0.5625,3101.0,586.0,406.0,573,252,False,False,False,False,False,True,584.6,,False,-15418.26,0.035,18519.26,0.0015,,,,,0.0002,False,False,"1,2",,,,,,,,,,,,,,
ema_ribbon-NQ-tf5|nyam|,s1,ema_ribbon-NQ-tf5,ema_ribbon,NQ,5,nyam,,,,False,False,False,True,False,c1,32,0,0,0.25,-11801.84375,-19030.5,431.4375,573,252,False,False,False,False,False,True,621.2,,,,,,,,,,,,,False,"1,2",,,,,,,,,,,,,,
ema_ribbon-NQ-tf5|pm|,s1,ema_ribbon-NQ-tf5,ema_ribbon,NQ,5,pm,,,,False,False,False,True,False,c1,32,0,0,0.40625,-3182.96875,-1827.5,460.78125,573,252,False,False,False,False,False,True,663.4,,,,,,,,,,,,,False,"1,2",,,,,,,,,,,,,,
ema_ribbon-NQ-tf5|pre|,s1,ema_ribbon-NQ-tf5,ema_ribbon,NQ,5,pre,,,,False,False,False,True,False,c1,32,0,0,0.59375,7313.8125,6014.5,264.125,573,252,False,False,False,False,False,True,380.3,,False,1088.63,0.57,6225.18,0.0,,,,,0.0008,False,False,"1,2",,,,,,,,,,,,,,
first_bar_mom-ES-tf15|london|,s1,first_bar_mom-ES-tf15,first_bar_mom,ES,15,london,,,,False,False,False,False,True,c1,96,0,0,0.03125,-14975.03125,-14273.0,425.3333333333333,573,252,False,False,False,False,False,True,612.4,,,,,,,,,,,,,False,"1,2",,,,,,,,,,,,,,
first_bar_mom-ES-tf15|mid|,s1,first_bar_mom-ES-tf15,first_bar_mom,ES,15,mid,,,,False,False,False,False,True,c1,95,0,1,0.6842105263157895,4632.015789473684,2562.5,208.67368421052632,573,252,True,False,False,False,True,True,300.4,,True,7252.32,0.975,-2620.3,0.0,,,,,0.0001,True,True,,,,,,,,,,,,,,,
first_bar_mom-ES-tf15|nyam|,s1,first_bar_mom-ES-tf15,first_bar_mom,ES,15,nyam,,,,False,False,False,False,True,c1,96,0,0,0.11458333333333333,-12306.739583333334,-13036.5,533.0,573,252,False,False,False,False,False,True,767.4,,,,,,,,,,,,,False,"1,2",,,,,,,,,,,,,,
first_bar_mom-ES-tf15|pm|,s1,first_bar_mom-ES-tf15,first_bar_mom,ES,15,pm,,,,False,False,False,False,True,c1,95,0,1,0.9473684210526315,7975.647368421052,4611.5,86.77894736842106,573,252,True,True,True,False,True,True,124.9,,True,4029.1,0.97,3946.55,0.0,,,,,0.0,True,True,,,,,,,,,,,,,,,
first_bar_mom-ES-tf15|pre|,s1,first_bar_mom-ES-tf15,first_bar_mom,ES,15,pre,,,,False,False,False,False,True,c1,96,0,0,0.03125,-6860.333333333333,-4830.75,179.66666666666666,573,252,False,False,False,False,False,True,258.7,,,,,,,,,,,,,False,"1,2",,,,,,,,,,,,,,
first_bar_mom-ES-tf1|london|,s1,first_bar_mom-ES-tf1,first_bar_mom,ES,1,london,,,,False,False,False,False,True,c1,96,0,0,0.0,-25754.177083333332,-24312.5,480.6666666666667,573,252,False,False,False,False,False,True,692.1,,,,,,,,,,,,,False,"1,2",,,,,,,,,,,,,,
first_bar_mom-ES-tf1|mid|,s1,first_bar_mom-ES-tf1,first_bar_mom,ES,1,mid,,,,False,False,False,False,True,c1,96,0,0,0.21875,-4612.71875,-2095.0,144.0,573,252,False,False,False,False,False,True,207.3,,,,,,,,,,,,,False,"1,2",,,,,,,,,,,,,,
first_bar_mom-ES-tf1|nyam|,s1,first_bar_mom-ES-tf1,first_bar_mom,ES,1,nyam,,,,False,False,False,False,True,c1,96,0,0,0.3229166666666667,-2433.6354166666665,-3776.25,531.0,573,252,False,False,False,False,False,True,764.5,,,,,,,,,,,,,False,"1,2",,,,,,,,,,,,,,
first_bar_mom-ES-tf1|pm|,s1,first_bar_mom-ES-tf1,first_bar_mom,ES,1,pm,,,,False,False,False,False,True,c1,96,0,0,0.4895833333333333,465.0729166666667,-522.25,167.0,573,252,False,False,False,False,False,True,240.4,,,,,,,,,,,,,False,"1,2",,,,,,,,,,,,,,
first_bar_mom-ES-tf1|pre|,s1,first_bar_mom-ES-tf1,first_bar_mom,ES,1,pre,,,,False,False,False,False,True,c1,96,0,0,0.20833333333333334,-3496.7916666666665,-2518.0,104.66666666666667,573,252,False,False,False,False,False,True,150.7,,,,,,,,,,,,,False,"1,2",,,,,,,,,,,,,,
first_bar_mom-ES-tf30|london|,s1,first_bar_mom-ES-tf30,first_bar_mom,ES,30,london,,,,False,False,False,False,True,c1,96,0,0,0.041666666666666664,-19393.276041666668,-18838.25,413.0,573,252,False,False,False,False,False,True,594.6,,,,,,,,,,,,,False,"1,2",,,,,,,,,,,,,,
first_bar_mom-ES-tf30|mid|,s1,first_bar_mom-ES-tf30,first_bar_mom,ES,30,mid,,,,False,False,False,False,True,c1,95,0,1,0.4421052631578947,-1178.7421052631578,-1526.0,267.81052631578945,573,252,False,False,False,False,False,True,385.6,,,,,,,,,,,,,False,"1,2",,,,,,,,,,,,,,
first_bar_mom-ES-tf30|nyam|,s1,first_bar_mom-ES-tf30,first_bar_mom,ES,30,nyam,,,,False,False,False,False,True,c1,96,0,0,0.041666666666666664,-17865.3125,-16771.0,538.3333333333334,573,252,False,False,False,False,False,True,775.1,,,,,,,,,,,,,False,"1,2",,,,,,,,,,,,,,
first_bar_mom-ES-tf30|pm|,s1,first_bar_mom-ES-tf30,first_bar_mom,ES,30,pm,,,,False,False,False,False,True,c1,94,0,2,0.723404255319149,4237.297872340426,4425.25,127.51063829787235,573,252,True,True,False,False,True,True,183.6,,False,3282.79,0.875,954.51,0.0,,,,,0.008,False,False,2,,,,,,,,,,,,,,
first_bar_mom-ES-tf30|pre|,s1,first_bar_mom-ES-tf30,first_bar_mom,ES,30,pre,,,,False,False,False,False,True,c1,96,0,0,0.20833333333333334,-6758.973958333333,-3608.5,194.33333333333334,573,252,False,False,False,False,False,True,279.8,,,,,,,,,,,,,False,"1,2",,,,,,,,,,,,,,
first_bar_mom-ES-tf5|london|,s1,first_bar_mom-ES-tf5,first_bar_mom,ES,5,london,,,,False,False,False,False,True,c1,96,0,0,0.07291666666666667,-13568.145833333334,-13670.75,438.0,573,252,False,False,False,False,False,True,630.6,,,,,,,,,,,,,False,"1,2",,,,,,,,,,,,,,
first_bar_mom-ES-tf5|mid|,s1,first_bar_mom-ES-tf5,first_bar_mom,ES,5,mid,,,,False,False,False,False,True,c1,96,0,0,0.6666666666666666,2637.671875,2160.5,110.66666666666667,573,252,True,False,False,False,True,True,159.3,,False,2917.14,0.9,-279.47,0.0,,,,,0.0001,False,False,2,,,,,,,,,,,,,,
first_bar_mom-ES-tf5|nyam|,s1,first_bar_mom-ES-tf5,first_bar_mom,ES,5,nyam,,,,False,False,False,False,True,c1,96,0,0,0.13541666666666666,-12911.416666666666,-15346.5,527.3333333333334,573,252,False,False,False,False,False,True,759.2,,,,,,,,,,,,,False,"1,2",,,,,,,,,,,,,,
first_bar_mom-ES-tf5|pm|,s1,first_bar_mom-ES-tf5,first_bar_mom,ES,5,pm,,,,False,False,False,False,True,c1,96,0,0,0.75,1790.2395833333333,1549.25,84.66666666666667,573,252,True,True,False,False,True,True,121.9,,False,1414.54,0.83,375.7,0.0,,,,,0.0002,False,False,2,,,,,,,,,,,,,,
first_bar_mom-ES-tf5|pre|,s1,first_bar_mom-ES-tf5,first_bar_mom,ES,5,pre,,,,False,False,False,False,True,c1,96,0,0,0.125,-7291.046875,-6439.0,142.0,573,252,False,False,False,False,False,True,204.5,,,,,,,,,,,,,False,"1,2",,,,,,,,,,,,,,
first_bar_mom-GC-tf15|london|,s1,first_bar_mom-GC-tf15,first_bar_mom,GC,15,london,,,,False,False,False,False,True,c1,96,0,0,0.0625,-14629.854166666666,-12626.0,294.0,572,252,False,False,False,False,False,True,423.5,,,,,,,,,,,,,False,"1,2",,,,,,,,,,,,,,
first_bar_mom-GC-tf15|mid|,s1,first_bar_mom-GC-tf15,first_bar_mom,GC,15,mid,,,,False,False,False,False,True,c1,93,0,3,0.7096774193548387,1916.774193548387,2660.0,98.33333333333333,572,252,True,True,False,False,True,True,141.7,,False,2538.45,0.925,-621.67,0.0,,,,,0.0002,False,False,2,,,,,,,,,,,,,,
first_bar_mom-GC-tf15|nyam|,s1,first_bar_mom-GC-tf15,first_bar_mom,GC,15,nyam,,,,False,False,False,False,True,c1,96,0,0,0.4166666666666667,-2875.625,-1861.0,358.3333333333333,572,252,False,False,False,False,False,True,516.2,,,,,,,,,,,,,False,"1,2",,,,,,,,,,,,,,
first_bar_mom-GC-tf15|pm|,s1,first_bar_mom-GC-tf15,first_bar_mom,GC,15,pm,,,,False,False,False,False,True,c1,87,0,9,0.5977011494252874,494.3448275862069,704.0,38.6551724137931,572,252,False,False,False,False,False,False,55.7,,False,643.47,0.745,-149.13,0.0,,,,,0.0006,False,False,"1,2,3",,,,,,,,,,,,,,
first_bar_mom-GC-tf15|pre|,s1,first_bar_mom-GC-tf15,first_bar_mom,GC,15,pre,,,,False,False,False,False,True,c1,96,0,0,0.5208333333333334,1767.7916666666667,442.0,378.0,572,252,False,False,False,False,False,True,544.5,,False,4654.21,0.815,-2886.42,0.0026,,,,,0.0441,False,False,"1,2",,,,,,,,,,,,,,
first_bar_mom-GC-tf1|london|,s1,first_bar_mom-GC-tf1,first_bar_mom,GC,1,london,,,,False,False,False,False,True,c1,96,0,0,0.15625,-5710.5,-4995.0,365.3333333333333,572,252,False,False,False,False,False,True,526.3,,,,,,,,,,,,,False,"1,2",,,,,,,,,,,,,,
first_bar_mom-GC-tf1|mid|,s1,first_bar_mom-GC-tf1,first_bar_mom,GC,1,mid,,,,False,False,False,False,True,c1,94,0,2,0.20212765957446807,-2452.936170212766,-1112.0,135.89361702127658,572,252,False,False,False,False,False,True,195.8,,,,,,,,,,,,,False,"1,2",,,,,,,,,,,,,,
first_bar_mom-GC-tf1|nyam|,s1,first_bar_mom-GC-tf1,first_bar_mom,GC,1,nyam,,,,False,False,False,False,True,c1,96,0,0,0.25,-3613.0,-3330.0,275.3333333333333,572,252,False,False,False,False,False,True,396.6,,,,,,,,,,,,,False,"1,2",,,,,,,,,,,,,,
first_bar_mom-GC-tf1|pm|,s1,first_bar_mom-GC-tf1,first_bar_mom,GC,1,pm,,,,False,False,False,False,True,c1,96,0,0,0.10416666666666667,-5042.479166666667,-4571.0,218.66666666666666,572,252,False,False,False,False,False,True,315.0,,,,,,,,,,,,,False,"1,2",,,,,,,,,,,,,,
first_bar_mom-GC-tf1|pre|,s1,first_bar_mom-GC-tf1,first_bar_mom,GC,1,pre,,,,False,False,False,False,True,c1,96,0,0,0.3229166666666667,-3638.7916666666665,-1851.0,174.33333333333334,572,252,False,False,False,False,False,True,251.1,,,,,,,,,,,,,False,"1,2",,,,,,,,,,,,,,
first_bar_mom-GC-tf30|london|,s1,first_bar_mom-GC-tf30,first_bar_mom,GC,30,london,,,,False,False,False,False,True,c1,96,0,0,0.09375,-15340.5625,-12901.0,279.3333333333333,572,252,False,False,False,False,False,True,402.4,,,,,,,,,,,,,False,"1,2",,,,,,,,,,,,,,
first_bar_mom-GC-tf30|mid|,s1,first_bar_mom-GC-tf30,first_bar_mom,GC,30,mid,,,,False,False,False,False,True,c1,90,0,6,0.6,2122.311111111111,906.0,144.42222222222222,572,252,True,False,False,True,True,True,208.0,,True,9503.9,1.0,-7381.59,0.0094,,,,,0.0,True,True,,,,,,,,,,,,,,,
first_bar_mom-GC-tf30|nyam|,s1,first_bar_mom-GC-tf30,first_bar_mom,GC,30,nyam,,,,False,False,False,False,True,c1,96,0,0,0.17708333333333334,-4380.791666666667,-5471.0,400.6666666666667,572,252,False,False,False,False,False,True,577.2,,,,,,,,,,,,,False,"1,2",,,,,,,,,,,,,,
first_bar_mom-GC-tf30|pm|,s1,first_bar_mom-GC-tf30,first_bar_mom,GC,30,pm,,,,False,False,False,False,True,c1,84,0,12,0.6785714285714286,133.78571428571428,700.0,39.023809523809526,572,252,True,False,False,False,True,False,56.2,,False,1194.01,0.83,-1060.22,0.0098,,,,,0.0334,False,False,"2,3",,,,,,,,,,,,,,
first_bar_mom-GC-tf30|pre|,s1,first_bar_mom-GC-tf30,first_bar_mom,GC,30,pre,,,,False,False,False,False,True,c1,96,0,0,0.5,202.4375,79.0,327.3333333333333,572,252,False,False,False,False,False,True,471.5,,False,5083.99,0.905,-4881.55,0.0499,,,,,0.0469,False,False,"1,2",,,,,,,,,,,,,,
first_bar_mom-GC-tf5|london|,s1,first_bar_mom-GC-tf5,first_bar_mom,GC,5,london,,,,False,False,False,False,True,c1,96,0,0,0.03125,-11008.75,-9037.0,291.6666666666667,572,252,False,False,False,False,False,True,420.2,,,,,,,,,,,,,False,"1,2",,,,,,,,,,,,,,
first_bar_mom-GC-tf5|mid|,s1,first_bar_mom-GC-tf5,first_bar_mom,GC,5,mid,,,,False,False,False,False,True,c1,88,0,8,0.11363636363636363,-3569.2272727272725,-2511.0,69.06818181818181,572,252,False,False,False,False,False,False,99.5,,,,,,,,,,,,,False,"1,2,3",,,,,,,,,,,,,,
first_bar_mom-GC-tf5|nyam|,s1,first_bar_mom-GC-tf5,first_bar_mom,GC,5,nyam,,,,False,False,False,False,True,c1,96,0,0,0.40625,-2258.9791666666665,-1882.0,279.6666666666667,572,252,False,False,False,False,False,True,402.9,,,,,,,,,,,,,False,"1,2",,,,,,,,,,,,,,
first_bar_mom-GC-tf5|pm|,s1,first_bar_mom-GC-tf5,first_bar_mom,GC,5,pm,,,,False,False,False,False,True,c1,95,0,1,0.6105263157894737,-215.81052631578947,1362.0,97.5578947368421,572,252,False,False,False,False,False,True,140.5,,,,,,,,,,,,,False,"1,2",,,,,,,,,,,,,,
first_bar_mom-GC-tf5|pre|,s1,first_bar_mom-GC-tf5,first_bar_mom,GC,5,pre,,,,False,False,False,False,True,c1,96,0,0,0.125,-6163.166666666667,-4504.0,249.33333333333334,572,252,False,False,False,False,False,True,359.2,,,,,,,,,,,,,False,"1,2",,,,,,,,,,,,,,
first_bar_mom-NQ-tf15|london|,s1,first_bar_mom-NQ-tf15,first_bar_mom,NQ,15,london,,,,False,False,False,False,True,c1,96,0,0,0.28125,-3886.59375,-5569.0,428.6666666666667,573,252,False,False,False,False,False,True,617.2,,,,,,,,,,,,,False,"1,2",,,,,,,,,,,,,,
first_bar_mom-NQ-tf15|mid|,s1,first_bar_mom-NQ-tf15,first_bar_mom,NQ,15,mid,,,,False,False,False,False,True,c1,96,0,0,0.9270833333333334,16921.645833333332,11827.5,209.66666666666666,573,252,True,True,True,False,True,True,301.9,,True,16765.68,1.0,155.96,0.0,,,,,0.0002,True,True,,,,,,,,,,,,,,,
first_bar_mom-NQ-tf15|nyam|,s1,first_bar_mom-NQ-tf15,first_bar_mom,NQ,15,nyam,,,,False,False,False,False,True,c1,96,0,0,0.6770833333333334,25456.229166666668,10107.5,558.0,573,252,True,False,False,False,True,True,803.4,,False,-5128.39,0.315,30584.62,0.0,,,,,0.0018,False,False,2,,,,,,,,,,,,,,
first_bar_mom-NQ-tf15|pm|,s1,first_bar_mom-NQ-tf15,first_bar_mom,NQ,15,pm,,,,False,False,False,False,True,c1,96,0,0,0.9583333333333334,7422.75,4685.5,72.33333333333333,573,252,True,True,True,False,True,True,104.1,,False,-24.12,0.505,7446.87,0.0,,,,,0.0,False,False,2,,,,,,,,,,,,,,
first_bar_mom-NQ-tf15|pre|,s1,first_bar_mom-NQ-tf15,first_bar_mom,NQ,15,pre,,,,False,False,False,False,True,c1,96,0,0,0.5729166666666666,6048.979166666667,1638.5,180.33333333333334,573,252,False,False,False,False,False,True,259.6,,True,10518.18,0.96,-4469.2,0.0,,,,,0.0627,True,False,1,,,,,,,,,,,,,,
first_bar_mom-NQ-tf1|london|,s1,first_bar_mom-NQ-tf1,first_bar_mom,NQ,1,london,,,,False,False,False,False,True,c1,96,0,0,0.53125,2555.46875,974.5,478.3333333333333,573,252,False,False,False,False,False,True,688.7,,False,-4368.3,0.275,6923.77,0.0,,,,,0.0003,False,False,"1,2",,,,,,,,,,,,,,
first_bar_mom-NQ-tf1|mid|,s1,first_bar_mom-NQ-tf1,first_bar_mom,NQ,1,mid,,,,False,False,False,False,True,c1,96,0,0,0.3958333333333333,1707.3645833333333,-692.5,138.66666666666666,573,252,False,False,False,False,False,True,199.7,,,,,,,,,,,,,False,"1,2",,,,,,,,,,,,,,
first_bar_mom-NQ-tf1|nyam|,s1,first_bar_mom-NQ-tf1,first_bar_mom,NQ,1,nyam,,,,False,False,False,False,True,c1,96,0,0,0.5104166666666666,6881.5,475.5,559.0,573,252,False,False,False,False,False,True,804.8,,False,-18120.82,0.025,25002.32,0.0,,,,,0.0035,False,False,"1,2",,,,,,,,,,,,,,
first_bar_mom-NQ-tf1|pm|,s1,first_bar_mom-NQ-tf1,first_bar_mom,NQ,1,pm,,,,False,False,False,False,True,c1,96,0,0,0.4375,1503.4375,-846.5,160.0,573,252,False,False,False,False,False,True,230.4,,,,,,,,,,,,,False,"1,2",,,,,,,,,,,,,,
first_bar_mom-NQ-tf1|pre|,s1,first_bar_mom-NQ-tf1,first_bar_mom,NQ,1,pre,,,,False,False,False,False,True,c1,96,0,0,0.22916666666666666,-3891.1666666666665,-2318.0,118.0,573,252,False,False,False,False,False,True,169.9,,,,,,,,,,,,,False,"1,2",,,,,,,,,,,,,,
first_bar_mom-NQ-tf30|london|,s1,first_bar_mom-NQ-tf30,first_bar_mom,NQ,30,london,,,,False,False,False,False,True,c1,96,0,0,0.22916666666666666,-11048.510416666666,-13842.0,409.6666666666667,573,252,False,False,False,False,False,True,589.8,,,,,,,,,,,,,False,"1,2",,,,,,,,,,,,,,
first_bar_mom-NQ-tf30|mid|,s1,first_bar_mom-NQ-tf30,first_bar_mom,NQ,30,mid,,,,False,False,False,False,True,c1,96,0,0,0.65625,14368.395833333334,5784.5,282.6666666666667,573,252,True,False,False,False,True,True,407.0,,True,16247.89,0.98,-1879.5,0.0094,,,,,0.0002,True,True,,,,,,,,,,,,,,,
first_bar_mom-NQ-tf30|nyam|,s1,first_bar_mom-NQ-tf30,first_bar_mom,NQ,30,nyam,,,,False,False,False,False,True,c1,96,0,0,0.5520833333333334,18199.65625,2314.0,562.0,573,252,False,False,False,False,False,True,809.2,,False,-3026.88,0.375,21226.54,0.067,,,,,0.0051,False,False,"1,2",,,,,,,,,,,,,,
first_bar_mom-NQ-tf30|pm|,s1,first_bar_mom-NQ-tf30,first_bar_mom,NQ,30,pm,,,,False,False,False,False,True,c1,95,0,1,0.6105263157894737,3243.821052631579,2783.0,116.34736842105264,573,252,True,False,False,False,True,True,167.5,,False,255.57,0.51,2988.25,0.0,,,,,0.0102,False,False,2,,,,,,,,,,,,,,
first_bar_mom-NQ-tf30|pre|,s1,first_bar_mom-NQ-tf30,first_bar_mom,NQ,30,pre,,,,False,False,False,False,True,c1,96,0,0,0.7604166666666666,8606.666666666666,5310.5,200.0,573,252,True,True,False,False,True,True,288.0,,False,9448.23,0.93,-841.57,0.045,,,,,0.0503,False,False,2,,,,,,,,,,,,,,
first_bar_mom-NQ-tf5|london|,s1,first_bar_mom-NQ-tf5,first_bar_mom,NQ,5,london,,,,False,False,False,False,True,c1,96,0,0,0.6875,7199.197916666667,4675.5,436.3333333333333,573,252,True,False,False,False,True,True,628.2,,False,-3766.96,0.32,10966.16,0.0,,,,,0.0,False,False,2,,,,,,,,,,,,,,
first_bar_mom-NQ-tf5|mid|,s1,first_bar_mom-NQ-tf5,first_bar_mom,NQ,5,mid,,,,False,False,False,False,True,c1,96,0,0,0.9166666666666666,17388.635416666668,12805.0,100.66666666666667,573,252,True,True,True,False,True,True,144.9,,True,13511.24,1.0,3877.4,0.0,,,,,0.0008,True,True,,,,,,,,,,,,,,,
first_bar_mom-NQ-tf5|nyam|,s1,first_bar_mom-NQ-tf5,first_bar_mom,NQ,5,nyam,,,,False,False,False,False,True,c1,96,0,0,0.59375,3244.5520833333335,2616.0,555.3333333333334,573,252,False,False,False,False,False,True,799.6,,False,-37394.12,0.0,40638.67,0.0,,,,,0.0031,False,False,"1,2",,,,,,,,,,,,,,
first_bar_mom-NQ-tf5|pm|,s1,first_bar_mom-NQ-tf5,first_bar_mom,NQ,5,pm,,,,False,False,False,False,True,c1,96,0,0,0.7916666666666666,5066.760416666667,3152.5,80.66666666666667,573,252,True,True,False,False,True,True,116.1,,False,1275.37,0.675,3791.39,0.0,,,,,0.0005,False,False,2,,,,,,,,,,,,,,
first_bar_mom-NQ-tf5|pre|,s1,first_bar_mom-NQ-tf5,first_bar_mom,NQ,5,pre,,,,False,False,False,False,True,c1,96,0,0,0.7916666666666666,7308.9375,5147.5,129.66666666666666,573,252,True,True,False,False,True,True,186.7,,False,-167.75,0.5,7476.69,0.0,,,,,0.1204,False,False,2,,,,,,,,,,,,,,
flow_exhaust-NQ-tf1|asia|,s1,flow_exhaust-NQ-tf1,flow_exhaust,NQ,1,asia,,,,False,True,False,True,False,c1+c2,96,0,0,0.3125,-4102.895833333333,-3025.0,509.1354166666667,573,252,False,False,False,False,False,True,733.0,,,,,,,,,,,,,False,"1,2",,,,,,,,,,,,,,
flow_exhaust-NQ-tf1|eve|,s1,flow_exhaust-NQ-tf1,flow_exhaust,NQ,1,eve,,,,False,True,False,True,False,c1+c2,96,0,0,0.75,26577.291666666668,24241.0,452.2395833333333,573,252,True,True,False,False,True,True,651.1,,True,10161.2,0.955,16416.09,0.0017,True,30067.67,1.0,-3490.38,0.0,True,True,,,,,,,,,,,,,,,
flow_exhaust-NQ-tf1|london|,s1,flow_exhaust-NQ-tf1,flow_exhaust,NQ,1,london,,,,False,True,False,True,False,c1+c2,96,0,0,0.3854166666666667,-114.90625,-4194.0,619.5208333333334,573,252,False,False,False,False,False,True,892.0,,,,,,,,,,,,,False,"1,2",,,,,,,,,,,,,,
flow_exhaust-NQ-tf1|mid|,s1,flow_exhaust-NQ-tf1,flow_exhaust,NQ,1,mid,,,,False,True,False,True,False,c1+c2,96,0,0,0.3020833333333333,-2764.8333333333335,-2621.0,175.89583333333334,573,252,False,False,False,False,False,True,253.3,,,,,,,,,,,,,False,"1,2",,,,,,,,,,,,,,
flow_exhaust-NQ-tf1|nyam|,s1,flow_exhaust-NQ-tf1,flow_exhaust,NQ,1,nyam,,,,False,True,False,True,False,c1+c2,96,0,0,0.6666666666666666,8577.375,4735.0,314.8229166666667,573,252,True,False,False,False,True,True,453.3,,False,-5763.84,0.195,14341.22,0.0002,False,-7132.34,0.21,15709.71,0.0013,False,False,2,,,,,,,,,,,,,,
flow_exhaust-NQ-tf1|pm|,s1,flow_exhaust-NQ-tf1,flow_exhaust,NQ,1,pm,,,,False,True,False,True,False,c1+c2,96,0,0,0.07291666666666667,-10453.78125,-9966.0,259.1875,573,252,False,False,False,False,False,True,373.2,,,,,,,,,,,,,False,"1,2",,,,,,,,,,,,,,
flow_exhaust-NQ-tf1|pre|,s1,flow_exhaust-NQ-tf1,flow_exhaust,NQ,1,pre,,,,False,True,False,True,False,c1+c2,96,0,0,0.4791666666666667,6898.46875,-697.0,267.5833333333333,573,252,False,False,False,False,False,True,385.3,,,,,,,,,,,,,False,"1,2",,,,,,,,,,,,,,
flow_exhaust-NQ-tf5|asia|,s1,flow_exhaust-NQ-tf5,flow_exhaust,NQ,5,asia,,,,False,True,False,True,False,c1+c2,96,0,0,0.21875,-3370.6458333333335,-3990.0,150.96875,573,252,False,False,False,False,False,True,217.4,,,,,,,,,,,,,False,"1,2",,,,,,,,,,,,,,
flow_exhaust-NQ-tf5|eve|,s1,flow_exhaust-NQ-tf5,flow_exhaust,NQ,5,eve,,,,False,True,False,True,False,c1+c2,96,0,0,0.28125,-4888.833333333333,-1646.5,91.21875,573,252,False,False,False,False,False,True,131.3,,,,,,,,,,,,,False,"1,2",,,,,,,,,,,,,,
flow_exhaust-NQ-tf5|london|,s1,flow_exhaust-NQ-tf5,flow_exhaust,NQ,5,london,,,,False,True,False,True,False,c1+c2,96,0,0,0.20833333333333334,-6434.145833333333,-5388.0,270.75,573,252,False,False,False,False,False,True,389.8,,,,,,,,,,,,,False,"1,2",,,,,,,,,,,,,,
flow_exhaust-NQ-tf5|mid|,s1,flow_exhaust-NQ-tf5,flow_exhaust,NQ,5,mid,,,,False,True,False,True,False,c1+c2,96,0,0,0.78125,4803.479166666667,2181.0,56.760416666666664,573,252,True,True,False,False,True,False,81.7,,True,5587.86,0.955,-784.38,0.0,True,16210.56,1.0,-11407.08,0.0002,True,False,3,,,,,,,,,,,,,,
flow_exhaust-NQ-tf5|nyam|,s1,flow_exhaust-NQ-tf5,flow_exhaust,NQ,5,nyam,,,,False,True,False,True,False,c1+c2,96,0,0,0.7708333333333334,4742.447916666667,4963.5,170.41666666666666,573,252,True,True,False,False,True,True,245.4,,False,-7493.54,0.065,12235.99,0.0,False,9574.53,0.88,-4832.08,0.0024,False,False,2,,,,,,,,,,,,,,
flow_exhaust-NQ-tf5|pm|,s1,flow_exhaust-NQ-tf5,flow_exhaust,NQ,5,pm,,,,False,True,False,True,False,c1+c2,85,0,11,0.5882352941176471,180.0705882352941,269.0,22.011764705882353,573,252,False,False,False,False,False,False,31.7,,False,1827.42,0.895,-1647.35,0.0,True,6258.11,0.98,-6078.04,0.0024,False,False,"1,2,3",,,,,,,,,,,,,,
flow_exhaust-NQ-tf5|pre|,s1,flow_exhaust-NQ-tf5,flow_exhaust,NQ,5,pre,,,,False,True,False,True,False,c1+c2,96,0,0,0.8854166666666666,12717.8125,9752.5,100.78125,573,252,True,True,True,False,True,True,145.1,,True,12363.78,1.0,354.03,0.0,False,8333.28,0.93,4384.54,0.0,False,False,2,,,,,,,,,,,,,,
gap-ES-tf15|nyam|mode=fill,s1,gap-ES-tf15,gap,ES,15,nyam,mode=fill,,,False,False,False,False,False,c1,8,0,24,0.375,-5473.0,-7260.5,387.0,573,252,False,False,False,False,False,True,557.2,,,,,,,,,,,,,False,"1,2",,,,,,,,,,,,,,
gap-ES-tf15|nyam|mode=go,s1,gap-ES-tf15,gap,ES,15,nyam,mode=go,,,False,False,False,False,False,c1,32,0,0,0.34375,-3370.5625,-4575.25,411.0,573,252,False,False,False,False,False,True,591.8,,,,,,,,,,,,,False,"1,2",,,,,,,,,,,,,,
gap-ES-tf1|nyam|mode=fill,s1,gap-ES-tf1,gap,ES,1,nyam,mode=fill,,,False,False,False,False,False,c1,8,0,24,0.375,-4150.25,-4662.75,411.0,573,252,False,False,False,False,False,True,591.8,,,,,,,,,,,,,False,"1,2",,,,,,,,,,,,,,
gap-ES-tf1|nyam|mode=go,s1,gap-ES-tf1,gap,ES,1,nyam,mode=go,,,False,False,False,False,False,c1,32,0,0,0.28125,-5149.46875,-6712.75,411.0,573,252,False,False,False,False,False,True,591.8,,,,,,,,,,,,,False,"1,2",,,,,,,,,,,,,,
gap-ES-tf30|nyam|mode=fill,s1,gap-ES-tf30,gap,ES,30,nyam,mode=fill,,,False,False,False,False,False,c1,8,0,24,0.375,248.8125,-5696.5,371.0,573,252,False,False,False,False,False,True,534.2,,,,,,,,,,,,,False,"1,2",,,,,,,,,,,,,,
gap-ES-tf30|nyam|mode=go,s1,gap-ES-tf30,gap,ES,30,nyam,mode=go,,,False,False,False,False,False,c1,32,0,0,0.21875,-7160.796875,-7144.0,411.0,573,252,False,False,False,False,False,True,591.8,,,,,,,,,,,,,False,"1,2",,,,,,,,,,,,,,
gap-ES-tf5|nyam|mode=fill,s1,gap-ES-tf5,gap,ES,5,nyam,mode=fill,,,False,False,False,False,False,c1,8,0,24,0.25,-9369.4375,-10033.5,399.0,573,252,False,False,False,False,False,True,574.5,,,,,,,,,,,,,False,"1,2",,,,,,,,,,,,,,
gap-ES-tf5|nyam|mode=go,s1,gap-ES-tf5,gap,ES,5,nyam,mode=go,,,False,False,False,False,False,c1,32,0,0,0.4375,20.84375,-1794.0,411.0,573,252,False,False,False,False,False,True,591.8,,,,,,,,,,,,,False,"1,2",,,,,,,,,,,,,,
gap-GC-tf15|nyam|mode=fill,s1,gap-GC-tf15,gap,GC,15,nyam,mode=fill,,,False,False,False,False,False,c1,8,0,24,0.0,-10519.0,-6829.0,406.0,572,252,False,False,False,False,False,True,584.9,,,,,,,,,,,,,False,"1,2",,,,,,,,,,,,,,
gap-GC-tf15|nyam|mode=go,s1,gap-GC-tf15,gap,GC,15,nyam,mode=go,,,False,False,False,False,False,c1,32,0,0,0.6875,3395.3125,3195.0,415.0,572,252,True,False,False,False,True,True,597.8,,False,5913.46,0.81,-2518.15,0.0,,,,,0.0004,False,False,2,,,,,,,,,,,,,,
gap-GC-tf1|nyam|mode=fill,s1,gap-GC-tf1,gap,GC,1,nyam,mode=fill,,,False,False,False,False,False,c1,8,0,24,0.0,-17527.5,-16460.0,415.0,572,252,False,False,False,False,False,True,597.8,,,,,,,,,,,,,False,"1,2",,,,,,,,,,,,,,
gap-GC-tf1|nyam|mode=go,s1,gap-GC-tf1,gap,GC,1,nyam,mode=go,,,False,False,False,False,False,c1,32,0,0,0.75,8970.0,9510.0,415.0,572,252,True,True,False,False,True,True,597.8,,False,5415.47,0.875,3554.53,0.0,,,,,0.0001,False,False,2,,,,,,,,,,,,,,
gap-GC-tf30|nyam|mode=fill,s1,gap-GC-tf30,gap,GC,30,nyam,mode=fill,,,False,False,False,False,False,c1,8,0,24,0.0,-8520.25,-9249.0,396.0,572,252,False,False,False,False,False,True,570.5,,,,,,,,,,,,,False,"1,2",,,,,,,,,,,,,,
gap-GC-tf30|nyam|mode=go,s1,gap-GC-tf30,gap,GC,30,nyam,mode=go,,,False,False,False,False,False,c1,32,0,0,0.1875,-8129.0625,-10360.0,415.0,572,252,False,False,False,False,False,True,597.8,,,,,,,,,,,,,False,"1,2",,,,,,,,,,,,,,
gap-GC-tf5|nyam|mode=fill,s1,gap-GC-tf5,gap,GC,5,nyam,mode=fill,,,False,False,False,False,False,c1,8,0,24,0.0,-27038.5,-27956.0,414.0,572,252,False,False,False,False,False,True,596.4,,,,,,,,,,,,,False,"1,2",,,,,,,,,,,,,,
gap-GC-tf5|nyam|mode=go,s1,gap-GC-tf5,gap,GC,5,nyam,mode=go,,,False,False,False,False,False,c1,32,0,0,0.71875,5584.0625,7170.0,415.0,572,252,True,True,False,False,True,True,597.8,,False,3072.26,0.69,2511.8,0.0,,,,,0.0,False,False,2,,,,,,,,,,,,,,
gap-NQ-tf15|nyam|mode=fill,s1,gap-NQ-tf15,gap,NQ,15,nyam,mode=fill,,,False,False,False,False,False,c1,8,0,24,0.75,8110.875,5189.0,354.0,573,252,True,True,False,False,True,True,509.7,,False,-75339.23,0.0,83450.11,0.0,,,,,0.0021,False,False,2,,,,,,,,,,,,,,
gap-NQ-tf15|nyam|mode=go,s1,gap-NQ-tf15,gap,NQ,15,nyam,mode=go,,,False,False,False,False,False,c1,32,0,0,0.46875,795.53125,-2841.5,396.0,573,252,False,False,False,False,False,True,570.2,,,,,,,,,,,,,False,"1,2",,,,,,,,,,,,,,
gap-NQ-tf1|nyam|mode=fill,s1,gap-NQ-tf1,gap,NQ,1,nyam,mode=fill,,,False,False,False,False,False,c1,8,0,24,0.125,-10360.375,-10663.5,394.0,573,252,False,False,False,False,False,True,567.3,,,,,,,,,,,,,False,"1,2",,,,,,,,,,,,,,
gap-NQ-tf1|nyam|mode=go,s1,gap-NQ-tf1,gap,NQ,1,nyam,mode=go,,,False,False,False,False,False,c1,32,0,0,0.34375,-1482.59375,-3816.5,396.0,573,252,False,False,False,False,False,True,570.2,,,,,,,,,,,,,False,"1,2",,,,,,,,,,,,,,
gap-NQ-tf30|nyam|mode=fill,s1,gap-NQ-tf30,gap,NQ,30,nyam,mode=fill,,,False,False,False,False,False,c1,8,0,24,0.75,5885.625,9845.0,340.0,573,252,True,True,False,False,True,True,489.5,,False,-51824.8,0.0,57710.43,0.0765,,,,,0.0037,False,False,2,,,,,,,,,,,,,,
gap-NQ-tf30|nyam|mode=go,s1,gap-NQ-tf30,gap,NQ,30,nyam,mode=go,,,False,False,False,False,False,c1,32,0,0,0.625,-544.78125,1488.5,396.0,573,252,False,False,False,False,False,True,570.2,,,,,,,,,,,,,False,"1,2",,,,,,,,,,,,,,
gap-NQ-tf5|nyam|mode=fill,s1,gap-NQ-tf5,gap,NQ,5,nyam,mode=fill,,,False,False,False,False,False,c1,8,0,24,0.25,-10160.75,-14694.5,378.0,573,252,False,False,False,False,False,True,544.2,,,,,,,,,,,,,False,"1,2",,,,,,,,,,,,,,
gap-NQ-tf5|nyam|mode=go,s1,gap-NQ-tf5,gap,NQ,5,nyam,mode=go,,,False,False,False,False,False,c1,32,0,0,0.625,9823.5,4416.0,396.0,573,252,True,False,False,False,True,True,570.2,,False,-23181.15,0.01,33004.65,0.0,,,,,0.0029,False,False,2,,,,,,,,,,,,,,
ib-ES-tf15|mid|mode=break,s1,ib-ES-tf15,ib,ES,15,mid,mode=break,,,False,False,False,False,False,c1,32,0,0,0.75,12831.4375,9920.5,323.0,573,252,True,True,False,False,True,True,465.1,,False,2618.57,0.7,10212.87,0.0,,,,,0.0002,False,False,2,,,,,,,,,,,,,,
ib-ES-tf15|mid|mode=fade,s1,ib-ES-tf15,ib,ES,15,mid,mode=fade,,,False,False,False,False,False,c1,8,0,24,0.0,-19333.9375,-17449.25,283.875,573,252,False,False,False,False,False,True,408.7,,,,,,,,,,,,,False,"1,2",,,,,,,,,,,,,,
ib-ES-tf15|nyam|mode=break,s1,ib-ES-tf15,ib,ES,15,nyam,mode=break,,,False,False,False,False,False,c1,32,0,0,0.09375,-13413.90625,-14360.0,365.0,573,252,False,False,False,False,False,True,525.5,,,,,,,,,,,,,False,"1,2",,,,,,,,,,,,,,
ib-ES-tf15|nyam|mode=fade,s1,ib-ES-tf15,ib,ES,15,nyam,mode=fade,,,False,False,False,False,False,c1,0,32,0,,,,0.0,573,252,,,,,False,False,,,,,,,,,,,,,,False,"1,3",,,,,,,,,,,,,,
ib-ES-tf15|pm|mode=break,s1,ib-ES-tf15,ib,ES,15,pm,mode=break,,,False,False,False,False,False,c1,32,0,0,0.59375,3501.65625,1722.75,224.0,573,252,False,False,False,False,False,True,322.5,,False,-3536.33,0.24,7037.99,0.0,,,,,0.0019,False,False,"1,2",,,,,,,,,,,,,,
ib-ES-tf15|pm|mode=fade,s1,ib-ES-tf15,ib,ES,15,pm,mode=fade,,,False,False,False,False,False,c1,8,0,24,0.0,-15716.9375,-15114.0,235.875,573,252,False,False,False,False,False,True,339.6,,,,,,,,,,,,,False,"1,2",,,,,,,,,,,,,,
ib-ES-tf1|mid|mode=break,s1,ib-ES-tf1,ib,ES,1,mid,mode=break,,,False,False,False,False,False,c1,32,0,0,0.65625,7711.125,6120.5,323.0,573,252,True,False,False,False,True,True,465.1,,False,-3087.49,0.285,10798.62,0.0,,,,,0.0004,False,False,2,,,,,,,,,,,,,,
ib-ES-tf1|mid|mode=fade,s1,ib-ES-tf1,ib,ES,1,mid,mode=fade,,,False,False,False,False,False,c1,8,0,24,0.0,-39963.4375,-40092.75,688.125,573,252,False,False,False,False,False,True,990.8,,,,,,,,,,,,,False,"1,2",,,,,,,,,,,,,,
ib-ES-tf1|nyam|mode=break,s1,ib-ES-tf1,ib,ES,1,nyam,mode=break,,,False,False,False,False,False,c1,32,0,0,0.0,-16529.140625,-16322.5,365.0,573,252,False,False,False,False,False,True,525.5,,,,,,,,,,,,,False,"1,2",,,,,,,,,,,,,,
ib-ES-tf1|nyam|mode=fade,s1,ib-ES-tf1,ib,ES,1,nyam,mode=fade,,,False,False,False,False,False,c1,8,0,24,0.375,-2121.125,-1755.25,242.0,573,252,False,False,False,False,False,True,348.4,,,,,,,,,,,,,False,"1,2",,,,,,,,,,,,,,
ib-ES-tf1|pm|mode=break,s1,ib-ES-tf1,ib,ES,1,pm,mode=break,,,False,False,False,False,False,c1,32,0,0,0.4375,868.453125,-1527.25,224.0,573,252,False,False,False,False,False,True,322.5,,,,,,,,,,,,,False,"1,2",,,,,,,,,,,,,,
ib-ES-tf1|pm|mode=fade,s1,ib-ES-tf1,ib,ES,1,pm,mode=fade,,,False,False,False,False,False,c1,8,0,24,0.0,-38011.875,-37438.0,575.625,573,252,False,False,False,False,False,True,828.8,,,,,,,,,,,,,False,"1,2",,,,,,,,,,,,,,
ib-ES-tf30|mid|mode=break,s1,ib-ES-tf30,ib,ES,30,mid,mode=break,,,False,False,False,False,False,c1,32,0,0,0.75,14450.578125,9920.5,323.0,573,252,True,True,False,False,True,True,465.1,,True,11904.83,0.965,2545.74,0.0093,,,,,0.0002,True,True,,,,,,,,,,,,,,,
ib-ES-tf30|mid|mode=fade,s1,ib-ES-tf30,ib,ES,30,mid,mode=fade,,,False,False,False,False,False,c1,8,0,24,0.0,-11204.625,-9425.5,172.25,573,252,False,False,False,False,False,True,248.0,,,,,,,,,,,,,False,"1,2",,,,,,,,,,,,,,
ib-ES-tf30|nyam|mode=break,s1,ib-ES-tf30,ib,ES,30,nyam,mode=break,,,False,False,False,False,False,c1,32,0,0,0.09375,-11980.703125,-13678.75,365.0,573,252,False,False,False,False,False,True,525.5,,,,,,,,,,,,,False,"1,2",,,,,,,,,,,,,,
ib-ES-tf30|nyam|mode=fade,s1,ib-ES-tf30,ib,ES,30,nyam,mode=fade,,,False,False,False,False,False,c1,0,32,0,,,,0.0,573,252,,,,,False,False,,,,,,,,,,,,,,False,"1,3",,,,,,,,,,,,,,
ib-ES-tf30|pm|mode=break,s1,ib-ES-tf30,ib,ES,30,pm,mode=break,,,False,False,False,False,False,c1,32,0,0,0.625,4586.03125,2172.75,224.0,573,252,True,False,False,False,True,True,322.5,,False,2274.01,0.69,2312.02,0.0,,,,,0.0016,False,False,2,,,,,,,,,,,,,,
ib-ES-tf30|pm|mode=fade,s1,ib-ES-tf30,ib,ES,30,pm,mode=fade,,,False,False,False,False,False,c1,8,0,24,0.0,-5049.5,-4544.75,146.75,573,252,False,False,False,False,False,True,211.3,,,,,,,,,,,,,False,"1,2",,,,,,,,,,,,,,
ib-ES-tf5|mid|mode=break,s1,ib-ES-tf5,ib,ES,5,mid,mode=break,,,False,False,False,False,False,c1,32,0,0,0.75,12018.15625,9108.0,323.0,573,252,True,True,False,False,True,True,465.1,,False,-3611.76,0.265,15629.91,0.0,,,,,0.0002,False,False,2,,,,,,,,,,,,,,
ib-ES-tf5|mid|mode=fade,s1,ib-ES-tf5,ib,ES,5,mid,mode=fade,,,False,False,False,False,False,c1,8,0,24,0.0,-28229.0,-28236.0,454.125,573,252,False,False,False,False,False,True,653.8,,,,,,,,,,,,,False,"1,2",,,,,,,,,,,,,,
ib-ES-tf5|nyam|mode=break,s1,ib-ES-tf5,ib,ES,5,nyam,mode=break,,,False,False,False,False,False,c1,32,0,0,0.09375,-13861.953125,-14953.75,365.0,573,252,False,False,False,False,False,True,525.5,,,,,,,,,,,,,False,"1,2",,,,,,,,,,,,,,
ib-ES-tf5|nyam|mode=fade,s1,ib-ES-tf5,ib,ES,5,nyam,mode=fade,,,False,False,False,False,False,c1,8,0,24,1.0,4023.8125,3759.75,71.0,573,252,True,True,True,False,True,True,102.2,,False,-354.97,0.485,4378.78,0.0,,,,,0.0,False,False,2,,,,,,,,,,,,,,
ib-ES-tf5|pm|mode=break,s1,ib-ES-tf5,ib,ES,5,pm,mode=break,,,False,False,False,False,False,c1,32,0,0,0.59375,3221.1875,841.5,224.0,573,252,False,False,False,False,False,True,322.5,,False,498.5,0.55,2722.69,0.0,,,,,0.0019,False,False,"1,2",,,,,,,,,,,,,,
ib-ES-tf5|pm|mode=fade,s1,ib-ES-tf5,ib,ES,5,pm,mode=fade,,,False,False,False,False,False,c1,8,0,24,0.0,-27746.75,-27970.25,385.125,573,252,False,False,False,False,False,True,554.5,,,,,,,,,,,,,False,"1,2",,,,,,,,,,,,,,
ib-GC-tf15|mid|mode=break,s1,ib-GC-tf15,ib,GC,15,mid,mode=break,,,False,False,False,False,False,c1,32,0,0,0.59375,2967.25,3941.0,316.0,572,252,False,False,False,False,False,True,455.2,,False,2965.97,0.725,1.28,0.0,,,,,0.0007,False,False,"1,2",,,,,,,,,,,,,,
ib-GC-tf15|mid|mode=fade,s1,ib-GC-tf15,ib,GC,15,mid,mode=fade,,,False,False,False,False,False,c1,8,0,24,0.0,-10972.75,-11125.0,217.875,572,252,False,False,False,False,False,True,313.9,,,,,,,,,,,,,False,"1,2",,,,,,,,,,,,,,
ib-GC-tf15|nyam|mode=break,s1,ib-GC-tf15,ib,GC,15,nyam,mode=break,,,False,False,False,False,False,c1,32,0,0,0.0,-8303.625,-8333.0,302.0,572,252,False,False,False,False,False,True,435.0,,,,,,,,,,,,,False,"1,2",,,,,,,,,,,,,,
ib-GC-tf15|nyam|mode=fade,s1,ib-GC-tf15,ib,GC,15,nyam,mode=fade,,,False,False,False,False,False,c1,0,32,0,,,,0.0,572,252,,,,,False,False,,,,,,,,,,,,,,False,"1,3",,,,,,,,,,,,,,
ib-GC-tf15|pm|mode=break,s1,ib-GC-tf15,ib,GC,15,pm,mode=break,,,False,False,False,False,False,c1,32,0,0,0.46875,-161.25,-45.0,160.0,572,252,False,False,False,False,False,True,230.5,,,,,,,,,,,,,False,"1,2",,,,,,,,,,,,,,
ib-GC-tf15|pm|mode=fade,s1,ib-GC-tf15,ib,GC,15,pm,mode=fade,,,False,False,False,False,False,c1,8,0,24,0.0,-5978.5,-6133.0,137.75,572,252,False,False,False,False,False,True,198.4,,,,,,,,,,,,,False,"1,2",,,,,,,,,,,,,,
ib-GC-tf1|mid|mode=break,s1,ib-GC-tf1,ib,GC,1,mid,mode=break,,,False,False,False,False,False,c1,32,0,0,0.34375,-679.625,-3724.0,316.0,572,252,False,False,False,False,False,True,455.2,,,,,,,,,,,,,False,"1,2",,,,,,,,,,,,,,
ib-GC-tf1|mid|mode=fade,s1,ib-GC-tf1,ib,GC,1,mid,mode=fade,,,False,False,False,False,False,c1,8,0,24,0.0,-21784.75,-21122.0,467.75,572,252,False,False,False,False,False,True,673.8,,,,,,,,,,,,,False,"1,2",,,,,,,,,,,,,,
ib-GC-tf1|nyam|mode=break,s1,ib-GC-tf1,ib,GC,1,nyam,mode=break,,,False,False,False,False,False,c1,32,0,0,0.0,-8386.4375,-8343.0,302.0,572,252,False,False,False,False,False,True,435.0,,,,,,,,,,,,,False,"1,2",,,,,,,,,,,,,,
ib-GC-tf1|nyam|mode=fade,s1,ib-GC-tf1,ib,GC,1,nyam,mode=fade,,,False,False,False,False,False,c1,8,0,24,0.0,-8819.25,-8348.0,187.0,572,252,False,False,False,False,False,True,269.4,,,,,,,,,,,,,False,"1,2",,,,,,,,,,,,,,
ib-GC-tf1|pm|mode=break,s1,ib-GC-tf1,ib,GC,1,pm,mode=break,,,False,False,False,False,False,c1,32,0,0,0.34375,-1139.6875,-655.0,160.0,572,252,False,False,False,False,False,True,230.5,,,,,,,,,,,,,False,"1,2",,,,,,,,,,,,,,
ib-GC-tf1|pm|mode=fade,s1,ib-GC-tf1,ib,GC,1,pm,mode=fade,,,False,False,False,False,False,c1,8,0,24,0.0,-14191.25,-14238.0,296.875,572,252,False,False,False,False,False,True,427.7,,,,,,,,,,,,,False,"1,2",,,,,,,,,,,,,,
ib-GC-tf30|mid|mode=break,s1,ib-GC-tf30,ib,GC,30,mid,mode=break,,,False,False,False,False,False,c1,32,0,0,0.59375,3691.625,6231.0,316.0,572,252,False,False,False,False,False,True,455.2,,False,6052.1,0.94,-2360.47,0.0095,,,,,0.0007,False,False,"1,2",,,,,,,,,,,,,,
ib-GC-tf30|mid|mode=fade,s1,ib-GC-tf30,ib,GC,30,mid,mode=fade,,,False,False,False,False,False,c1,8,0,24,0.0,-6385.0,-6108.0,124.375,572,252,False,False,False,False,False,True,179.2,,,,,,,,,,,,,False,"1,2",,,,,,,,,,,,,,
ib-GC-tf30|nyam|mode=break,s1,ib-GC-tf30,ib,GC,30,nyam,mode=break,,,False,False,False,False,False,c1,32,0,0,0.0,-8483.625,-8268.0,302.0,572,252,False,False,False,False,False,True,435.0,,,,,,,,,,,,,False,"1,2",,,,,,,,,,,,,,
ib-GC-tf30|nyam|mode=fade,s1,ib-GC-tf30,ib,GC,30,nyam,mode=fade,,,False,False,False,False,False,c1,0,32,0,,,,0.0,572,252,,,,,False,False,,,,,,,,,,,,,,False,"1,3",,,,,,,,,,,,,,
ib-GC-tf30|pm|mode=break,s1,ib-GC-tf30,ib,GC,30,pm,mode=break,,,False,False,False,False,False,c1,32,0,0,0.5,-12.8125,125.0,160.0,572,252,False,False,False,False,False,True,230.5,,,,,,,,,,,,,False,"1,2",,,,,,,,,,,,,,
ib-GC-tf30|pm|mode=fade,s1,ib-GC-tf30,ib,GC,30,pm,mode=fade,,,False,False,False,False,False,c1,8,0,24,0.0,-4980.25,-4923.0,97.875,572,252,False,False,False,False,False,True,141.0,,,,,,,,,,,,,False,"1,2",,,,,,,,,,,,,,
ib-GC-tf5|mid|mode=break,s1,ib-GC-tf5,ib,GC,5,mid,mode=break,,,False,False,False,False,False,c1,32,0,0,0.53125,1709.75,2456.0,316.0,572,252,False,False,False,False,False,True,455.2,,False,-359.95,0.49,2069.7,0.0,,,,,0.0007,False,False,"1,2",,,,,,,,,,,,,,
ib-GC-tf5|mid|mode=fade,s1,ib-GC-tf5,ib,GC,5,mid,mode=fade,,,False,False,False,False,False,c1,8,0,24,0.0,-18875.5,-17324.0,328.25,572,252,False,False,False,False,False,True,472.9,,,,,,,,,,,,,False,"1,2",,,,,,,,,,,,,,
ib-GC-tf5|nyam|mode=break,s1,ib-GC-tf5,ib,GC,5,nyam,mode=break,,,False,False,False,False,False,c1,32,0,0,0.0,-9026.75,-10088.0,302.0,572,252,False,False,False,False,False,True,435.0,,,,,,,,,,,,,False,"1,2",,,,,,,,,,,,,,
ib-GC-tf5|nyam|mode=fade,s1,ib-GC-tf5,ib,GC,5,nyam,mode=fade,,,False,False,False,False,False,c1,8,0,24,0.0,-5433.75,-5474.0,71.25,572,252,False,False,False,False,False,True,102.6,,,,,,,,,,,,,False,"1,2",,,,,,,,,,,,,,
ib-GC-tf5|pm|mode=break,s1,ib-GC-tf5,ib,GC,5,pm,mode=break,,,False,False,False,False,False,c1,32,0,0,0.40625,-611.5625,-320.0,160.0,572,252,False,False,False,False,False,True,230.5,,,,,,,,,,,,,False,"1,2",,,,,,,,,,,,,,
ib-GC-tf5|pm|mode=fade,s1,ib-GC-tf5,ib,GC,5,pm,mode=fade,,,False,False,False,False,False,c1,8,0,24,0.0,-11224.5,-11158.0,213.625,572,252,False,False,False,False,False,True,307.7,,,,,,,,,,,,,False,"1,2",,,,,,,,,,,,,,
ib-NQ-tf15|mid|mode=break,s1,ib-NQ-tf15,ib,NQ,15,mid,mode=break,,,False,False,False,False,False,c1,32,0,0,1.0,48040.625,32875.0,310.0,573,252,True,True,True,False,True,True,446.3,,True,30249.53,0.995,17791.1,0.0,,,,,0.0009,True,True,,,,,,,,,,,,,,,
ib-NQ-tf15|mid|mode=fade,s1,ib-NQ-tf15,ib,NQ,15,mid,mode=fade,,,False,False,False,False,False,c1,8,0,24,0.0,-15506.125,-13515.0,275.75,573,252,False,False,False,False,False,True,397.0,,,,,,,,,,,,,False,"1,2",,,,,,,,,,,,,,
ib-NQ-tf15|nyam|mode=break,s1,ib-NQ-tf15,ib,NQ,15,nyam,mode=break,,,False,False,False,False,False,c1,32,0,0,0.625,9133.5,4643.5,346.0,573,252,True,False,False,False,True,True,498.2,,False,-13620.16,0.075,22753.66,0.0,,,,,0.0008,False,False,2,,,,,,,,,,,,,,
ib-NQ-tf15|nyam|mode=fade,s1,ib-NQ-tf15,ib,NQ,15,nyam,mode=fade,,,False,False,False,False,False,c1,0,32,0,,,,0.0,573,252,,,,,False,False,,,,,,,,,,,,,,False,"1,3",,,,,,,,,,,,,,
ib-NQ-tf15|pm|mode=break,s1,ib-NQ-tf15,ib,NQ,15,pm,mode=break,,,False,False,False,False,False,c1,32,0,0,0.8125,13970.5,16008.0,218.0,573,252,True,True,True,False,True,True,313.9,,False,-1556.43,0.455,15526.93,0.0,,,,,0.0052,False,False,2,,,,,,,,,,,,,,
ib-NQ-tf15|pm|mode=fade,s1,ib-NQ-tf15,ib,NQ,15,pm,mode=fade,,,False,False,False,False,False,c1,8,0,24,0.0,-9495.125,-7784.0,208.0,573,252,False,False,False,False,False,True,299.5,,,,,,,,,,,,,False,"1,2",,,,,,,,,,,,,,
ib-NQ-tf1|mid|mode=break,s1,ib-NQ-tf1,ib,NQ,1,mid,mode=break,,,False,False,False,False,False,c1,32,0,0,1.0,30577.1875,24537.5,310.0,573,252,True,True,True,False,True,True,446.3,,False,4400.34,0.69,26176.84,0.0,,,,,0.0014,False,False,2,,,,,,,,,,,,,,
ib-NQ-tf1|mid|mode=fade,s1,ib-NQ-tf1,ib,NQ,1,mid,mode=fade,,,False,False,False,False,False,c1,8,0,24,0.0,-37571.875,-34883.0,644.375,573,252,False,False,False,False,False,True,927.8,,,,,,,,,,,,,False,"1,2",,,,,,,,,,,,,,
ib-NQ-tf1|nyam|mode=break,s1,ib-NQ-tf1,ib,NQ,1,nyam,mode=break,,,False,False,False,False,False,c1,32,0,0,0.5625,2193.96875,1371.0,346.0,573,252,False,False,False,False,False,True,498.2,,False,-14065.77,0.025,16259.74,0.0,,,,,0.001,False,False,"1,2",,,,,,,,,,,,,,
ib-NQ-tf1|nyam|mode=fade,s1,ib-NQ-tf1,ib,NQ,1,nyam,mode=fade,,,False,False,False,False,False,c1,8,0,24,0.75,3547.875,4779.5,227.875,573,252,True,True,False,False,True,True,328.1,,False,-44903.66,0.0,48451.53,0.0,,,,,0.0,False,False,2,,,,,,,,,,,,,,
ib-NQ-tf1|pm|mode=break,s1,ib-NQ-tf1,ib,NQ,1,pm,mode=break,,,False,False,False,False,False,c1,32,0,0,0.6875,9566.90625,7133.0,218.0,573,252,True,False,False,False,True,True,313.9,,False,-3534.11,0.18,13101.01,0.0,,,,,0.009,False,False,2,,,,,,,,,,,,,,
ib-NQ-tf1|pm|mode=fade,s1,ib-NQ-tf1,ib,NQ,1,pm,mode=fade,,,False,False,False,False,False,c1,8,0,24,0.0,-25441.125,-26280.5,510.125,573,252,False,False,False,False,False,True,734.5,,,,,,,,,,,,,False,"1,2",,,,,,,,,,,,,,
ib-NQ-tf30|mid|mode=break,s1,ib-NQ-tf30,ib,NQ,30,mid,mode=break,,,False,False,False,False,False,c1,32,0,0,1.0,51981.09375,32875.0,310.0,573,252,True,True,True,False,True,True,446.3,,True,43057.87,1.0,8923.23,0.0129,,,,,0.0009,True,True,,,,,,,,,,,,,,,
ib-NQ-tf30|mid|mode=fade,s1,ib-NQ-tf30,ib,NQ,30,mid,mode=fade,,,False,False,False,False,False,c1,8,0,24,0.0,-13460.875,-10399.5,163.5,573,252,False,False,False,False,False,True,235.4,,,,,,,,,,,,,False,"1,2",,,,,,,,,,,,,,
ib-NQ-tf30|nyam|mode=break,s1,ib-NQ-tf30,ib,NQ,30,nyam,mode=break,,,False,False,False,False,False,c1,32,0,0,0.625,15488.65625,4643.5,346.0,573,252,True,False,False,False,True,True,498.2,,False,-4261.56,0.32,19750.22,0.0665,,,,,0.0008,False,False,2,,,,,,,,,,,,,,
ib-NQ-tf30|nyam|mode=fade,s1,ib-NQ-tf30,ib,NQ,30,nyam,mode=fade,,,False,False,False,False,False,c1,0,32,0,,,,0.0,573,252,,,,,False,False,,,,,,,,,,,,,,False,"1,3",,,,,,,,,,,,,,
ib-NQ-tf30|pm|mode=break,s1,ib-NQ-tf30,ib,NQ,30,pm,mode=break,,,False,False,False,False,False,c1,32,0,0,0.8125,13683.46875,15655.5,218.0,573,252,True,True,True,False,True,True,313.9,,False,5609.62,0.805,8073.85,0.0,,,,,0.0052,False,False,2,,,,,,,,,,,,,,
ib-NQ-tf30|pm|mode=fade,s1,ib-NQ-tf30,ib,NQ,30,pm,mode=fade,,,False,False,False,False,False,c1,8,0,24,0.25,-6429.5,-4611.5,119.25,573,252,False,False,False,False,False,True,171.7,,,,,,,,,,,,,False,"1,2",,,,,,,,,,,,,,
ib-NQ-tf5|mid|mode=break,s1,ib-NQ-tf5,ib,NQ,5,mid,mode=break,,,False,False,False,False,False,c1,32,0,0,1.0,43889.84375,32445.0,310.0,573,252,True,True,True,False,True,True,446.3,,True,19969.41,0.985,23920.43,0.0,,,,,0.001,True,True,,,,,,,,,,,,,,,
ib-NQ-tf5|mid|mode=fade,s1,ib-NQ-tf5,ib,NQ,5,mid,mode=fade,,,False,False,False,False,False,c1,8,0,24,0.0,-37600.5,-35257.5,439.5,573,252,False,False,False,False,False,True,632.8,,,,,,,,,,,,,False,"1,2",,,,,,,,,,,,,,
ib-NQ-tf5|nyam|mode=break,s1,ib-NQ-tf5,ib,NQ,5,nyam,mode=break,,,False,False,False,False,False,c1,32,0,0,0.59375,5703.96875,2331.0,346.0,573,252,False,False,False,False,False,True,498.2,,False,-24866.93,0.0,30570.9,0.0,,,,,0.0009,False,False,"1,2",,,,,,,,,,,,,,
ib-NQ-tf5|nyam|mode=fade,s1,ib-NQ-tf5,ib,NQ,5,nyam,mode=fade,,,False,False,False,False,False,c1,8,0,24,1.0,9672.875,8091.0,76.0,573,252,True,True,True,False,True,True,109.4,,False,-5116.23,0.175,14789.1,0.0,,,,,0.0,False,False,2,,,,,,,,,,,,,,
ib-NQ-tf5|pm|mode=break,s1,ib-NQ-tf5,ib,NQ,5,pm,mode=break,,,False,False,False,False,False,c1,32,0,0,0.8125,12693.78125,14968.0,218.0,573,252,True,True,True,False,True,True,313.9,,False,-1940.0,0.39,14633.78,0.0,,,,,0.0065,False,False,2,,,,,,,,,,,,,,
ib-NQ-tf5|pm|mode=fade,s1,ib-NQ-tf5,ib,NQ,5,pm,mode=fade,,,False,False,False,False,False,c1,8,0,24,0.0,-37011.75,-37924.0,333.875,573,252,False,False,False,False,False,True,480.7,,,,,,,,,,,,,False,"1,2",,,,,,,,,,,,,,
lon_break-ES-tf15|nyam|,s1,lon_break-ES-tf15,lon_break,ES,15,nyam,,,,False,False,False,False,False,c1,64,0,32,0.15625,-11309.53125,-14177.5,535.0,573,252,False,False,False,False,False,True,770.3,,,,,,,,,,,,,False,"1,2",,,,,,,,,,,,,,
lon_break-ES-tf1|nyam|,s1,lon_break-ES-tf1,lon_break,ES,1,nyam,,,,False,False,False,False,False,c1,32,0,64,0.125,-12668.78125,-14743.0,542.0,573,252,False,False,False,False,False,True,780.4,,,,,,,,,,,,,False,"1,2",,,,,,,,,,,,,,
lon_break-ES-tf30|nyam|,s1,lon_break-ES-tf30,lon_break,ES,30,nyam,,,,False,False,False,False,False,c1,96,0,0,0.19791666666666666,-10426.328125,-13946.75,535.0,573,252,False,False,False,False,False,True,770.3,,,,,,,,,,,,,False,"1,2",,,,,,,,,,,,,,
lon_break-ES-tf5|nyam|,s1,lon_break-ES-tf5,lon_break,ES,5,nyam,,,,False,False,False,False,False,c1,64,0,32,0.171875,-12283.3359375,-14907.75,541.0,573,252,False,False,False,False,False,True,778.9,,,,,,,,,,,,,False,"1,2",,,,,,,,,,,,,,
lon_break-GC-tf15|nyam|,s1,lon_break-GC-tf15,lon_break,GC,15,nyam,,,,False,False,False,False,False,c1,96,0,0,0.23958333333333334,-8149.5625,-11552.0,477.0,572,252,False,False,False,False,False,True,687.1,,,,,,,,,,,,,False,"1,2",,,,,,,,,,,,,,
lon_break-GC-tf1|nyam|,s1,lon_break-GC-tf1,lon_break,GC,1,nyam,,,,False,False,False,False,False,c1,32,0,64,0.125,-11026.375,-12422.0,488.0,572,252,False,False,False,False,False,True,703.0,,,,,,,,,,,,,False,"1,2",,,,,,,,,,,,,,
lon_break-GC-tf30|nyam|,s1,lon_break-GC-tf30,lon_break,GC,30,nyam,,,,False,False,False,False,False,c1,96,0,0,0.2604166666666667,-6406.395833333333,-9910.0,466.0,572,252,False,False,False,False,False,True,671.3,,,,,,,,,,,,,False,"1,2",,,,,,,,,,,,,,
lon_break-GC-tf5|nyam|,s1,lon_break-GC-tf5,lon_break,GC,5,nyam,,,,False,False,False,False,False,c1,64,0,32,0.15625,-9038.5625,-11077.0,483.0,572,252,False,False,False,False,False,True,695.8,,,,,,,,,,,,,False,"1,2",,,,,,,,,,,,,,
lon_break-NQ-tf15|nyam|,s1,lon_break-NQ-tf15,lon_break,NQ,15,nyam,,,,False,False,False,False,False,c1,64,0,32,0.796875,13374.59375,10576.0,541.0,573,252,True,True,False,False,True,True,778.9,,False,-16879.15,0.08,30253.74,0.0,,,,,0.0034,False,False,2,,,,,,,,,,,,,,
lon_break-NQ-tf1|nyam|,s1,lon_break-NQ-tf1,lon_break,NQ,1,nyam,,,,False,False,False,False,False,c1,32,0,64,0.8125,11904.25,9898.0,548.0,573,252,True,True,True,False,True,True,789.0,,False,-16107.03,0.035,28011.28,0.0,,,,,0.0066,False,False,2,,,,,,,,,,,,,,
lon_break-NQ-tf30|nyam|,s1,lon_break-NQ-tf30,lon_break,NQ,30,nyam,,,,False,False,False,False,False,c1,64,0,32,0.75,11865.890625,9898.0,533.0,573,252,True,True,False,False,True,True,767.4,,False,-9577.95,0.19,21443.84,0.0657,,,,,0.003,False,False,2,,,,,,,,,,,,,,
lon_break-NQ-tf5|nyam|,s1,lon_break-NQ-tf5,lon_break,NQ,5,nyam,,,,False,False,False,False,False,c1,64,0,32,0.75,11780.4375,10007.0,544.5,573,252,True,True,False,False,True,True,784.0,,False,-30788.93,0.005,42569.37,0.0,,,,,0.004,False,False,2,,,,,,,,,,,,,,
mid_fade-ES-tf15|mid|,s1,mid_fade-ES-tf15,mid_fade,ES,15,mid,,,,False,False,False,False,False,c1,32,0,0,0.03125,-7565.765625,-6824.75,164.0,573,252,False,False,False,False,False,True,236.1,,,,,,,,,,,,,False,"1,2",,,,,,,,,,,,,,
mid_fade-ES-tf1|mid|,s1,mid_fade-ES-tf1,mid_fade,ES,1,mid,,,,False,False,False,False,False,c1,32,0,0,0.0625,-9579.4375,-8949.75,164.0,573,252,False,False,False,False,False,True,236.1,,,,,,,,,,,,,False,"1,2",,,,,,,,,,,,,,
mid_fade-ES-tf30|mid|,s1,mid_fade-ES-tf30,mid_fade,ES,30,mid,,,,False,False,False,False,False,c1,32,0,0,0.0,-11752.875,-11012.25,164.0,573,252,False,False,False,False,False,True,236.1,,,,,,,,,,,,,False,"1,2",,,,,,,,,,,,,,
mid_fade-ES-tf5|mid|,s1,mid_fade-ES-tf5,mid_fade,ES,5,mid,,,,False,False,False,False,False,c1,32,0,0,0.0625,-8357.171875,-6768.5,164.0,573,252,False,False,False,False,False,True,236.1,,,,,,,,,,,,,False,"1,2",,,,,,,,,,,,,,
mid_fade-GC-tf15|mid|,s1,mid_fade-GC-tf15,mid_fade,GC,15,mid,,,,False,False,False,False,False,c1,31,0,1,0.03225806451612903,-7470.258064516129,-6968.0,147.0,572,252,False,False,False,False,False,True,211.8,,,,,,,,,,,,,False,"1,2",,,,,,,,,,,,,,
mid_fade-GC-tf1|mid|,s1,mid_fade-GC-tf1,mid_fade,GC,1,mid,,,,False,False,False,False,False,c1,32,0,0,0.0,-9166.125,-8328.0,147.0,572,252,False,False,False,False,False,True,211.8,,,,,,,,,,,,,False,"1,2",,,,,,,,,,,,,,
mid_fade-GC-tf30|mid|,s1,mid_fade-GC-tf30,mid_fade,GC,30,mid,,,,False,False,False,False,False,c1,30,0,2,0.0,-9312.666666666666,-7293.0,147.0,572,252,False,False,False,False,False,True,211.8,,,,,,,,,,,,,False,"1,2",,,,,,,,,,,,,,
mid_fade-GC-tf5|mid|,s1,mid_fade-GC-tf5,mid_fade,GC,5,mid,,,,False,False,False,False,False,c1,32,0,0,0.0,-9286.75,-9923.0,147.0,572,252,False,False,False,False,False,True,211.8,,,,,,,,,,,,,False,"1,2",,,,,,,,,,,,,,
mid_fade-NQ-tf15|mid|,s1,mid_fade-NQ-tf15,mid_fade,NQ,15,mid,,,,False,False,False,False,False,c1,32,0,0,0.09375,-12540.5625,-8054.0,191.0,573,252,False,False,False,False,False,True,275.0,,,,,,,,,,,,,False,"1,2",,,,,,,,,,,,,,
mid_fade-NQ-tf1|mid|,s1,mid_fade-NQ-tf1,mid_fade,NQ,1,mid,,,,False,False,False,False,False,c1,32,0,0,0.0,-12331.34375,-9749.0,191.0,573,252,False,False,False,False,False,True,275.0,,,,,,,,,,,,,False,"1,2",,,,,,,,,,,,,,
mid_fade-NQ-tf30|mid|,s1,mid_fade-NQ-tf30,mid_fade,NQ,30,mid,,,,False,False,False,False,False,c1,32,0,0,0.0,-18324.46875,-16394.0,191.0,573,252,False,False,False,False,False,True,275.0,,,,,,,,,,,,,False,"1,2",,,,,,,,,,,,,,
mid_fade-NQ-tf5|mid|,s1,mid_fade-NQ-tf5,mid_fade,NQ,5,mid,,,,False,False,False,False,False,c1,32,0,0,0.09375,-12655.875,-9816.5,191.0,573,252,False,False,False,False,False,True,275.0,,,,,,,,,,,,,False,"1,2",,,,,,,,,,,,,,
orb-ES-tf15|london|,s1,orb-ES-tf15,orb,ES,15,london,,,,False,False,False,False,False,c1,96,0,0,0.17708333333333334,-13526.713541666666,-17082.25,569.6666666666666,573,252,False,False,False,False,False,True,820.2,,,,,,,,,,,,,False,"1,2",,,,,,,,,,,,,,
orb-ES-tf15|mid|,s1,orb-ES-tf15,orb,ES,15,mid,,,,False,False,False,False,False,c1,96,0,0,0.14583333333333334,-20119.166666666668,-23393.0,568.3333333333334,573,252,False,False,False,False,False,True,818.3,,,,,,,,,,,,,False,"1,2",,,,,,,,,,,,,,
orb-ES-tf15|nyam|,s1,orb-ES-tf15,orb,ES,15,nyam,,,,False,False,False,False,False,c1,96,0,0,0.25,-6192.9375,-10224.75,558.0,573,252,False,False,False,False,False,True,803.4,,,,,,,,,,,,,False,"1,2",,,,,,,,,,,,,,
orb-ES-tf15|pm|,s1,orb-ES-tf15,orb,ES,15,pm,,,,False,False,False,False,False,c1,96,0,0,0.2708333333333333,-7824.515625,-10864.0,565.6666666666666,573,252,False,False,False,False,False,True,814.4,,,,,,,,,,,,,False,"1,2",,,,,,,,,,,,,,
orb-ES-tf15|pre|,s1,orb-ES-tf15,orb,ES,15,pre,,,,False,False,False,False,False,c1,96,0,0,0.15625,-12837.916666666666,-14530.5,510.0,573,252,False,False,False,False,False,True,734.3,,,,,,,,,,,,,False,"1,2",,,,,,,,,,,,,,
orb-ES-tf1|asia|,s1,orb-ES-tf1,orb,ES,1,asia,,,,False,False,False,False,False,c1,96,0,0,0.020833333333333332,-20822.901041666668,-21384.0,570.6666666666666,573,252,False,False,False,False,False,True,821.6,,,,,,,,,,,,,False,"1,2",,,,,,,,,,,,,,
orb-ES-tf1|eve|,s1,orb-ES-tf1,orb,ES,1,eve,,,,False,False,False,False,False,c1,96,0,0,0.0,-26186.140625,-25756.5,564.6666666666666,573,252,False,False,False,False,False,True,813.0,,,,,,,,,,,,,False,"1,2",,,,,,,,,,,,,,
orb-ES-tf1|london|,s1,orb-ES-tf1,orb,ES,1,london,,,,False,False,False,False,False,c1,96,0,0,0.14583333333333334,-13934.916666666666,-17149.25,569.6666666666666,573,252,False,False,False,False,False,True,820.2,,,,,,,,,,,,,False,"1,2",,,,,,,,,,,,,,
orb-ES-tf1|mid|,s1,orb-ES-tf1,orb,ES,1,mid,,,,False,False,False,False,False,c1,96,0,0,0.09375,-21385.963541666668,-23393.0,568.3333333333334,573,252,False,False,False,False,False,True,818.3,,,,,,,,,,,,,False,"1,2",,,,,,,,,,,,,,
orb-ES-tf1|nyam|,s1,orb-ES-tf1,orb,ES,1,nyam,,,,False,False,False,False,False,c1,96,0,0,0.15625,-11110.90625,-12405.5,558.0,573,252,False,False,False,False,False,True,803.4,,,,,,,,,,,,,False,"1,2",,,,,,,,,,,,,,
orb-ES-tf1|pm|,s1,orb-ES-tf1,orb,ES,1,pm,,,,False,False,False,False,False,c1,96,0,0,0.17708333333333334,-12920.21875,-16226.5,565.6666666666666,573,252,False,False,False,False,False,True,814.4,,,,,,,,,,,,,False,"1,2",,,,,,,,,,,,,,
orb-ES-tf1|pre|,s1,orb-ES-tf1,orb,ES,1,pre,,,,False,False,False,False,False,c1,96,0,0,0.16666666666666666,-11368.90625,-13333.5,510.0,573,252,False,False,False,False,False,True,734.3,,,,,,,,,,,,,False,"1,2",,,,,,,,,,,,,,
orb-ES-tf30|london|,s1,orb-ES-tf30,orb,ES,30,london,,,,False,False,False,False,False,c1,96,0,0,0.17708333333333334,-14428.145833333334,-17086.75,569.6666666666666,573,252,False,False,False,False,False,True,820.2,,,,,,,,,,,,,False,"1,2",,,,,,,,,,,,,,
orb-ES-tf30|mid|,s1,orb-ES-tf30,orb,ES,30,mid,,,,False,False,False,False,False,c1,96,0,0,0.14583333333333334,-19380.755208333332,-21002.75,568.3333333333334,573,252,False,False,False,False,False,True,818.3,,,,,,,,,,,,,False,"1,2",,,,,,,,,,,,,,
orb-ES-tf30|nyam|,s1,orb-ES-tf30,orb,ES,30,nyam,,,,False,False,False,False,False,c1,96,0,0,0.2708333333333333,-6154.395833333333,-10168.5,558.0,573,252,False,False,False,False,False,True,803.4,,,,,,,,,,,,,False,"1,2",,,,,,,,,,,,,,
orb-ES-tf30|pm|,s1,orb-ES-tf30,orb,ES,30,pm,,,,False,False,False,False,False,c1,96,0,0,0.3125,-7043.786458333333,-11103.75,565.6666666666666,573,252,False,False,False,False,False,True,814.4,,,,,,,,,,,,,False,"1,2",,,,,,,,,,,,,,
orb-ES-tf30|pre|,s1,orb-ES-tf30,orb,ES,30,pre,,,,False,False,False,False,False,c1,96,0,0,0.17708333333333334,-12589.869791666666,-14112.25,510.0,573,252,False,False,False,False,False,True,734.3,,,,,,,,,,,,,False,"1,2",,,,,,,,,,,,,,
orb-ES-tf5|asia|,s1,orb-ES-tf5,orb,ES,5,asia,,,,False,False,False,False,False,c1,64,32,0,0.015625,-24891.328125,-24517.5,570.0,573,252,False,False,False,False,False,True,820.7,,,,,,,,,,,,,False,"1,2",,,,,,,,,,,,,,
orb-ES-tf5|eve|,s1,orb-ES-tf5,orb,ES,5,eve,,,,False,False,False,False,False,c1,64,32,0,0.0,-31984.5234375,-30235.5,562.0,573,252,False,False,False,False,False,True,809.2,,,,,,,,,,,,,False,"1,2",,,,,,,,,,,,,,
orb-ES-tf5|london|,s1,orb-ES-tf5,orb,ES,5,london,,,,False,False,False,False,False,c1,96,0,0,0.16666666666666666,-13799.109375,-17269.75,569.6666666666666,573,252,False,False,False,False,False,True,820.2,,,,,,,,,,,,,False,"1,2",,,,,,,,,,,,,,
orb-ES-tf5|mid|,s1,orb-ES-tf5,orb,ES,5,mid,,,,False,False,False,False,False,c1,96,0,0,0.13541666666666666,-19292.604166666668,-23236.75,568.3333333333334,573,252,False,False,False,False,False,True,818.3,,,,,,,,,,,,,False,"1,2",,,,,,,,,,,,,,
orb-ES-tf5|nyam|,s1,orb-ES-tf5,orb,ES,5,nyam,,,,False,False,False,False,False,c1,96,0,0,0.22916666666666666,-7528.354166666667,-10756.0,558.0,573,252,False,False,False,False,False,True,803.4,,,,,,,,,,,,,False,"1,2",,,,,,,,,,,,,,
orb-ES-tf5|pm|,s1,orb-ES-tf5,orb,ES,5,pm,,,,False,False,False,False,False,c1,96,0,0,0.23958333333333334,-10747.953125,-14676.5,565.6666666666666,573,252,False,False,False,False,False,True,814.4,,,,,,,,,,,,,False,"1,2",,,,,,,,,,,,,,
orb-ES-tf5|pre|,s1,orb-ES-tf5,orb,ES,5,pre,,,,False,False,False,False,False,c1,96,0,0,0.16666666666666666,-12713.046875,-14530.5,510.0,573,252,False,False,False,False,False,True,734.3,,,,,,,,,,,,,False,"1,2",,,,,,,,,,,,,,
orb-GC-tf15|london|,s1,orb-GC-tf15,orb,GC,15,london,,,,False,False,False,False,False,c1,96,0,0,0.010416666666666666,-15821.166666666666,-14645.0,564.6666666666666,572,252,False,False,False,False,False,True,813.4,,,,,,,,,,,,,False,"1,2",,,,,,,,,,,,,,
orb-GC-tf15|mid|,s1,orb-GC-tf15,orb,GC,15,mid,,,,False,False,False,False,False,c1,96,0,0,0.23958333333333334,-4185.083333333333,-4495.0,552.0,572,252,False,False,False,False,False,True,795.2,,,,,,,,,,,,,False,"1,2",,,,,,,,,,,,,,
orb-GC-tf15|nyam|,s1,orb-GC-tf15,orb,GC,15,nyam,,,,False,False,False,False,False,c1,96,0,0,0.4270833333333333,-1312.2708333333333,-2324.0,540.3333333333334,572,252,False,False,False,False,False,True,778.4,,,,,,,,,,,,,False,"1,2",,,,,,,,,,,,,,
orb-GC-tf15|pm|,s1,orb-GC-tf15,orb,GC,15,pm,,,,False,False,False,False,False,c1,96,0,0,0.0,-11147.3125,-11314.0,558.0,572,252,False,False,False,False,False,True,803.8,,,,,,,,,,,,,False,"1,2",,,,,,,,,,,,,,
orb-GC-tf15|pre|,s1,orb-GC-tf15,orb,GC,15,pre,,,,False,False,False,False,False,c1,96,0,0,0.40625,-3838.7708333333335,-4139.0,494.6666666666667,572,252,False,False,False,False,False,True,712.6,,,,,,,,,,,,,False,"1,2",,,,,,,,,,,,,,
orb-GC-tf1|asia|,s1,orb-GC-tf1,orb,GC,1,asia,,,,False,False,False,False,False,c1,96,0,0,0.25,-7075.229166666667,-13926.0,564.6666666666666,572,252,False,False,False,False,False,True,813.4,,,,,,,,,,,,,False,"1,2",,,,,,,,,,,,,,
orb-GC-tf1|eve|,s1,orb-GC-tf1,orb,GC,1,eve,,,,False,False,False,False,False,c1,96,0,0,0.0,-22614.9375,-20710.0,562.6666666666666,572,252,False,False,False,False,False,True,810.6,,,,,,,,,,,,,False,"1,2",,,,,,,,,,,,,,
orb-GC-tf1|london|,s1,orb-GC-tf1,orb,GC,1,london,,,,False,False,False,False,False,c1,96,0,0,0.010416666666666666,-15380.75,-14563.0,564.6666666666666,572,252,False,False,False,False,False,True,813.4,,,,,,,,,,,,,False,"1,2",,,,,,,,,,,,,,
orb-GC-tf1|mid|,s1,orb-GC-tf1,orb,GC,1,mid,,,,False,False,False,False,False,c1,96,0,0,0.17708333333333334,-6392.375,-6981.0,552.0,572,252,False,False,False,False,False,True,795.2,,,,,,,,,,,,,False,"1,2",,,,,,,,,,,,,,
orb-GC-tf1|nyam|,s1,orb-GC-tf1,orb,GC,1,nyam,,,,False,False,False,False,False,c1,96,0,0,0.3020833333333333,-3230.9166666666665,-4327.0,540.3333333333334,572,252,False,False,False,False,False,True,778.4,,,,,,,,,,,,,False,"1,2",,,,,,,,,,,,,,
orb-GC-tf1|pm|,s1,orb-GC-tf1,orb,GC,1,pm,,,,False,False,False,False,False,c1,96,0,0,0.0,-12964.083333333334,-12689.0,558.0,572,252,False,False,False,False,False,True,803.8,,,,,,,,,,,,,False,"1,2",,,,,,,,,,,,,,
orb-GC-tf1|pre|,s1,orb-GC-tf1,orb,GC,1,pre,,,,False,False,False,False,False,c1,96,0,0,0.3958333333333333,-3128.6666666666665,-4466.0,494.6666666666667,572,252,False,False,False,False,False,True,712.6,,,,,,,,,,,,,False,"1,2",,,,,,,,,,,,,,
orb-GC-tf30|london|,s1,orb-GC-tf30,orb,GC,30,london,,,,False,False,False,False,False,c1,96,0,0,0.03125,-15632.104166666666,-14563.0,564.6666666666666,572,252,False,False,False,False,False,True,813.4,,,,,,,,,,,,,False,"1,2",,,,,,,,,,,,,,
orb-GC-tf30|mid|,s1,orb-GC-tf30,orb,GC,30,mid,,,,False,False,False,False,False,c1,95,0,1,0.23157894736842105,-4202.442105263158,-4204.0,551.8736842105263,572,252,False,False,False,False,False,True,795.0,,,,,,,,,,,,,False,"1,2",,,,,,,,,,,,,,
orb-GC-tf30|nyam|,s1,orb-GC-tf30,orb,GC,30,nyam,,,,False,False,False,False,False,c1,96,0,0,0.3958333333333333,-1704.0416666666667,-3199.0,540.3333333333334,572,252,False,False,False,False,False,True,778.4,,,,,,,,,,,,,False,"1,2",,,,,,,,,,,,,,
orb-GC-tf30|pm|,s1,orb-GC-tf30,orb,GC,30,pm,,,,False,False,False,False,False,c1,95,0,1,0.0,-10696.547368421052,-11138.0,557.9263157894737,572,252,False,False,False,False,False,True,803.7,,,,,,,,,,,,,False,"1,2",,,,,,,,,,,,,,
orb-GC-tf30|pre|,s1,orb-GC-tf30,orb,GC,30,pre,,,,False,False,False,False,False,c1,96,0,0,0.375,-4198.770833333333,-6594.0,494.6666666666667,572,252,False,False,False,False,False,True,712.6,,,,,,,,,,,,,False,"1,2",,,,,,,,,,,,,,
orb-GC-tf5|asia|,s1,orb-GC-tf5,orb,GC,5,asia,,,,False,False,False,False,False,c1,64,32,0,0.265625,-8098.8125,-13381.0,564.0,572,252,False,False,False,False,False,True,812.5,,,,,,,,,,,,,False,"1,2",,,,,,,,,,,,,,
orb-GC-tf5|eve|,s1,orb-GC-tf5,orb,GC,5,eve,,,,False,False,False,False,False,c1,64,32,0,0.0,-25580.6875,-24671.0,556.5,572,252,False,False,False,False,False,True,801.7,,,,,,,,,,,,,False,"1,2",,,,,,,,,,,,,,
orb-GC-tf5|london|,s1,orb-GC-tf5,orb,GC,5,london,,,,False,False,False,False,False,c1,96,0,0,0.010416666666666666,-16009.708333333334,-15140.0,564.6666666666666,572,252,False,False,False,False,False,True,813.4,,,,,,,,,,,,,False,"1,2",,,,,,,,,,,,,,
orb-GC-tf5|mid|,s1,orb-GC-tf5,orb,GC,5,mid,,,,False,False,False,False,False,c1,96,0,0,0.19791666666666666,-4768.9375,-5339.0,552.0,572,252,False,False,False,False,False,True,795.2,,,,,,,,,,,,,False,"1,2",,,,,,,,,,,,,,
orb-GC-tf5|nyam|,s1,orb-GC-tf5,orb,GC,5,nyam,,,,False,False,False,False,False,c1,96,0,0,0.3958333333333333,-1638.9375,-3100.0,540.3333333333334,572,252,False,False,False,False,False,True,778.4,,,,,,,,,,,,,False,"1,2",,,,,,,,,,,,,,
orb-GC-tf5|pm|,s1,orb-GC-tf5,orb,GC,5,pm,,,,False,False,False,False,False,c1,96,0,0,0.0,-12470.75,-12314.0,558.0,572,252,False,False,False,False,False,True,803.8,,,,,,,,,,,,,False,"1,2",,,,,,,,,,,,,,
orb-GC-tf5|pre|,s1,orb-GC-tf5,orb,GC,5,pre,,,,False,False,False,False,False,c1,96,0,0,0.3854166666666667,-3294.2916666666665,-5023.0,494.6666666666667,572,252,False,False,False,False,False,True,712.6,,,,,,,,,,,,,False,"1,2",,,,,,,,,,,,,,
orb-NQ-tf15|london|,s1,orb-NQ-tf15,orb,NQ,15,london,,,,False,False,False,False,False,c1,96,0,0,0.4375,3273.7395833333335,-2287.0,567.3333333333334,573,252,False,False,False,False,False,True,816.8,,,,,,,,,,,,,False,"1,2",,,,,,,,,,,,,,
orb-NQ-tf15|mid|,s1,orb-NQ-tf15,orb,NQ,15,mid,,,,False,False,False,False,False,c1,96,0,0,0.3958333333333333,1618.2604166666667,-6607.0,564.6666666666666,573,252,False,False,False,False,False,True,813.0,,,,,,,,,,,,,False,"1,2",,,,,,,,,,,,,,
orb-NQ-tf15|nyam|,s1,orb-NQ-tf15,orb,NQ,15,nyam,,,,False,False,False,False,False,c1,96,0,0,0.7291666666666666,19946.020833333332,8592.5,551.3333333333334,573,252,True,True,False,False,True,True,793.8,,False,-8962.96,0.24,28908.98,0.0,,,,,0.0017,False,False,2,,,,,,,,,,,,,,
orb-NQ-tf15|pm|,s1,orb-NQ-tf15,orb,NQ,15,pm,,,,False,False,False,False,False,c1,96,0,0,0.4791666666666667,2417.0625,-2082.0,563.0,573,252,False,False,False,False,False,True,810.6,,,,,,,,,,,,,False,"1,2",,,,,,,,,,,,,,
orb-NQ-tf15|pre|,s1,orb-NQ-tf15,orb,NQ,15,pre,,,,False,False,False,False,False,c1,96,0,0,0.78125,22707.177083333332,17217.0,504.0,573,252,True,True,False,False,True,True,725.7,,True,18981.27,0.97,3725.91,0.0,,,,,0.017,True,True,,,,,,,,,,,,,,,
orb-NQ-tf1|asia|,s1,orb-NQ-tf1,orb,NQ,1,asia,,,,False,False,False,False,False,c1,96,0,0,0.25,-1161.6354166666667,-6104.5,568.0,573,252,False,False,False,False,False,True,817.8,,,,,,,,,,,,,False,"1,2",,,,,,,,,,,,,,
orb-NQ-tf1|eve|,s1,orb-NQ-tf1,orb,NQ,1,eve,,,,False,False,False,False,False,c1,96,0,0,0.2916666666666667,-6262.072916666667,-5509.5,559.3333333333334,573,252,False,False,False,False,False,True,805.3,,,,,,,,,,,,,False,"1,2",,,,,,,,,,,,,,
orb-NQ-tf1|london|,s1,orb-NQ-tf1,orb,NQ,1,london,,,,False,False,False,False,False,c1,96,0,0,0.3645833333333333,-1966.5208333333333,-4732.0,567.3333333333334,573,252,False,False,False,False,False,True,816.8,,,,,,,,,,,,,False,"1,2",,,,,,,,,,,,,,
orb-NQ-tf1|mid|,s1,orb-NQ-tf1,orb,NQ,1,mid,,,,False,False,False,False,False,c1,96,0,0,0.3229166666666667,-4618.71875,-8437.0,564.6666666666666,573,252,False,False,False,False,False,True,813.0,,,,,,,,,,,,,False,"1,2",,,,,,,,,,,,,,
orb-NQ-tf1|nyam|,s1,orb-NQ-tf1,orb,NQ,1,nyam,,,,False,False,False,False,False,c1,96,0,0,0.7083333333333334,16314.875,6708.0,551.3333333333334,573,252,True,True,False,False,True,True,793.8,,False,-10265.06,0.145,26579.93,0.0,,,,,0.0021,False,False,2,,,,,,,,,,,,,,
orb-NQ-tf1|pm|,s1,orb-NQ-tf1,orb,NQ,1,pm,,,,False,False,False,False,False,c1,96,0,0,0.3645833333333333,-2606.9479166666665,-5077.0,563.0,573,252,False,False,False,False,False,True,810.6,,,,,,,,,,,,,False,"1,2",,,,,,,,,,,,,,
orb-NQ-tf1|pre|,s1,orb-NQ-tf1,orb,NQ,1,pre,,,,False,False,False,False,False,c1,96,0,0,0.71875,19279.052083333332,16117.5,504.0,573,252,True,True,False,False,True,True,725.7,,False,525.01,0.54,18754.04,0.0,,,,,0.0254,False,False,2,,,,,,,,,,,,,,
orb-NQ-tf30|london|,s1,orb-NQ-tf30,orb,NQ,30,london,,,,False,False,False,False,False,c1,96,0,0,0.4583333333333333,5433.322916666667,-1657.0,567.3333333333334,573,252,False,False,False,False,False,True,816.8,,,,,,,,,,,,,False,"1,2",,,,,,,,,,,,,,
orb-NQ-tf30|mid|,s1,orb-NQ-tf30,orb,NQ,30,mid,,,,False,False,False,False,False,c1,96,0,0,0.3958333333333333,3603.9375,-6607.0,564.6666666666666,573,252,False,False,False,False,False,True,813.0,,,,,,,,,,,,,False,"1,2",,,,,,,,,,,,,,
orb-NQ-tf30|nyam|,s1,orb-NQ-tf30,orb,NQ,30,nyam,,,,False,False,False,False,False,c1,96,0,0,0.7395833333333334,21703.885416666668,8755.5,551.3333333333334,573,252,True,True,False,False,True,True,793.8,,False,2811.16,0.575,18892.73,0.0689,,,,,0.0016,False,False,2,,,,,,,,,,,,,,
orb-NQ-tf30|pm|,s1,orb-NQ-tf30,orb,NQ,30,pm,,,,False,False,False,False,False,c1,96,0,0,0.46875,2733.3645833333335,-2832.0,563.0,573,252,False,False,False,False,False,True,810.6,,,,,,,,,,,,,False,"1,2",,,,,,,,,,,,,,
orb-NQ-tf30|pre|,s1,orb-NQ-tf30,orb,NQ,30,pre,,,,False,False,False,False,False,c1,96,0,0,0.8125,23503.6875,20007.5,504.0,573,252,True,True,True,False,True,True,725.7,,False,11607.02,0.9,11896.66,0.0483,,,,,0.0147,False,False,2,,,,,,,,,,,,,,
orb-NQ-tf5|asia|,s1,orb-NQ-tf5,orb,NQ,5,asia,,,,False,False,False,False,False,c1,64,32,0,0.234375,-5080.515625,-9232.0,568.0,573,252,False,False,False,False,False,True,817.8,,,,,,,,,,,,,False,"1,2",,,,,,,,,,,,,,
orb-NQ-tf5|eve|,s1,orb-NQ-tf5,orb,NQ,5,eve,,,,False,False,False,False,False,c1,64,32,0,0.21875,-15903.96875,-13850.0,556.5,573,252,False,False,False,False,False,True,801.2,,,,,,,,,,,,,False,"1,2",,,,,,,,,,,,,,
orb-NQ-tf5|london|,s1,orb-NQ-tf5,orb,NQ,5,london,,,,False,False,False,False,False,c1,96,0,0,0.375,-1339.0729166666667,-4083.0,567.3333333333334,573,252,False,False,False,False,False,True,816.8,,,,,,,,,,,,,False,"1,2",,,,,,,,,,,,,,
orb-NQ-tf5|mid|,s1,orb-NQ-tf5,orb,NQ,5,mid,,,,False,False,False,False,False,c1,96,0,0,0.3854166666666667,2590.1354166666665,-6607.0,564.6666666666666,573,252,False,False,False,False,False,True,813.0,,,,,,,,,,,,,False,"1,2",,,,,,,,,,,,,,
orb-NQ-tf5|nyam|,s1,orb-NQ-tf5,orb,NQ,5,nyam,,,,False,False,False,False,False,c1,96,0,0,0.7083333333333334,18989.041666666668,7324.5,551.3333333333334,573,252,True,True,False,False,True,True,793.8,,False,-17504.77,0.07,36493.81,0.0,,,,,0.0018,False,False,2,,,,,,,,,,,,,,
orb-NQ-tf5|pm|,s1,orb-NQ-tf5,orb,NQ,5,pm,,,,False,False,False,False,False,c1,96,0,0,0.4479166666666667,948.6770833333334,-3122.0,563.0,573,252,False,False,False,False,False,True,810.6,,,,,,,,,,,,,False,"1,2",,,,,,,,,,,,,,
orb-NQ-tf5|pre|,s1,orb-NQ-tf5,orb,NQ,5,pre,,,,False,False,False,False,False,c1,96,0,0,0.7708333333333334,21947.4375,16580.0,504.0,573,252,True,True,False,False,True,True,725.7,,False,11105.1,0.845,10842.34,0.0,,,,,0.0202,False,False,2,,,,,,,,,,,,,,
orb_fbook-NQ-tf15|nyam|,s1,orb_fbook-NQ-tf15,orb_fbook,NQ,15,nyam,,,,False,True,True,False,False,c1+c2+base,96,0,0,0.4791666666666667,-1299.96875,-914.0,193.0,573,252,False,False,False,False,False,True,277.9,,,,,,,,,,,,,False,"1,2",,,,,,,,,,,,,,
orb_fbook-NQ-tf15|pre|,s1,orb_fbook-NQ-tf15,orb_fbook,NQ,15,pre,,,,False,True,True,False,False,c1+c2+base,96,0,0,0.65625,4975.34375,4270.0,194.66666666666666,573,252,True,False,False,False,True,True,280.3,,False,1448.46,0.635,3526.88,0.0,False,-3478.88,0.185,8454.22,0.0216,False,False,2,False,-19.5,25.56,45.05,,,,,,,,,,
orb_fbook-NQ-tf1|nyam|,s1,orb_fbook-NQ-tf1,orb_fbook,NQ,1,nyam,,,,False,True,True,False,False,c1+c2+base,96,0,0,0.4375,-1857.2604166666667,-2244.0,193.0,573,252,False,False,False,False,False,True,277.9,,,,,,,,,,,,,False,"1,2",,,,,,,,,,,,,,
orb_fbook-NQ-tf1|pre|,s1,orb_fbook-NQ-tf1,orb_fbook,NQ,1,pre,,,,False,True,True,False,False,c1+c2+base,96,0,0,0.59375,3972.53125,1831.0,194.66666666666666,573,252,False,False,False,False,False,True,280.3,,False,-2877.27,0.28,6849.81,0.0,False,,,,0.034,False,False,"1,2",False,-17.85,20.41,38.25,no shuffled-book store on disk,,,,,,,,,
orb_fbook-NQ-tf30|nyam|,s1,orb_fbook-NQ-tf30,orb_fbook,NQ,30,nyam,,,,False,True,True,False,False,c1+c2+base,96,0,0,0.4583333333333333,-1879.5,-1583.5,193.0,573,252,False,False,False,False,False,True,277.9,,,,,,,,,,,,,False,"1,2",,,,,,,,,,,,,,
orb_fbook-NQ-tf30|pre|,s1,orb_fbook-NQ-tf30,orb_fbook,NQ,30,pre,,,,False,True,True,False,False,c1+c2+base,96,0,0,0.6354166666666666,5016.489583333333,2921.0,194.66666666666666,573,252,True,False,False,False,True,True,280.3,,False,2360.35,0.68,2656.14,0.0274,False,-5185.23,0.13,10201.72,0.0184,False,False,2,False,-20.86,25.77,46.63,,,,,,,,,,
orb_fbook-NQ-tf5|nyam|,s1,orb_fbook-NQ-tf5,orb_fbook,NQ,5,nyam,,,,False,True,True,False,False,c1+c2+base,96,0,0,0.4479166666666667,-1464.1875,-1181.0,193.0,573,252,False,False,False,False,False,True,277.9,,,,,,,,,,,,,False,"1,2",,,,,,,,,,,,,,
orb_fbook-NQ-tf5|pre|,s1,orb_fbook-NQ-tf5,orb_fbook,NQ,5,pre,,,,False,True,True,False,False,c1+c2+base,96,0,0,0.6041666666666666,4486.072916666667,1923.5,194.66666666666666,573,252,True,False,False,False,True,True,280.3,,False,-625.55,0.46,5111.62,0.0,False,-3950.91,0.08,8436.98,0.0266,False,False,2,False,-20.5,23.04,43.55,,,,,,,,,,
orb_thin-NQ-tf15|nyam|,s1,orb_thin-NQ-tf15,orb_thin,NQ,15,nyam,,,,False,True,True,False,False,c1+c2+base,96,0,0,0.4791666666666667,429.6770833333333,-214.0,77.33333333333333,573,252,False,False,False,False,False,True,111.3,,,,,,,,,,,,,False,"1,2",,,,,,,,,,,,,,
orb_thin-NQ-tf15|pre|,s1,orb_thin-NQ-tf15,orb_thin,NQ,15,pre,,,,False,True,True,False,False,c1+c2+base,96,0,0,0.7916666666666666,8038.489583333333,7056.0,101.66666666666667,573,252,True,True,False,False,True,True,146.4,,False,4584.55,0.91,3453.94,0.0,False,-476.82,0.46,8515.31,0.0622,False,False,2,True,34.01,79.07,45.05,,,,,,,,,,
orb_thin-NQ-tf1|nyam|,s1,orb_thin-NQ-tf1,orb_thin,NQ,1,nyam,,,,False,True,True,False,False,c1+c2+base,96,0,0,0.4791666666666667,610.9270833333334,-214.0,77.33333333333333,573,252,False,False,False,False,False,True,111.3,,,,,,,,,,,,,False,"1,2",,,,,,,,,,,,,,
orb_thin-NQ-tf1|pre|,s1,orb_thin-NQ-tf1,orb_thin,NQ,1,pre,,,,False,True,True,False,False,c1+c2+base,96,0,0,0.78125,6272.135416666667,5397.0,101.66666666666667,573,252,True,True,False,False,True,True,146.4,,False,244.26,0.515,6027.88,0.0,False,-2093.75,0.18,8365.89,0.0952,False,False,2,True,23.44,61.69,38.25,,,,,,,,,,
orb_thin-NQ-tf30|nyam|,s1,orb_thin-NQ-tf30,orb_thin,NQ,30,nyam,,,,False,True,True,False,False,c1+c2+base,96,0,0,0.5104166666666666,1011.1875,259.0,77.33333333333333,573,252,False,False,False,False,False,True,111.3,,False,3659.51,0.915,-2648.32,0.1034,False,942.76,0.655,68.43,0.005,False,False,"1,2",False,-26.29,13.08,39.37,,,,,,,,,,
orb_thin-NQ-tf30|pre|,s1,orb_thin-NQ-tf30,orb_thin,NQ,30,pre,,,,False,True,True,False,False,c1+c2+base,96,0,0,0.8125,8881.770833333334,7776.0,101.66666666666667,573,252,True,True,True,False,True,True,146.4,,False,5054.26,0.93,3827.52,0.0295,False,67.58,0.5,8814.19,0.0529,False,False,2,True,40.73,87.36,46.63,,,,,,,,,,
orb_thin-NQ-tf5|nyam|,s1,orb_thin-NQ-tf5,orb_thin,NQ,5,nyam,,,,False,True,True,False,False,c1+c2+base,96,0,0,0.5208333333333334,1203.9479166666667,318.0,77.33333333333333,573,252,False,False,False,False,False,True,111.3,,False,-1331.2,0.32,2535.15,0.0,False,736.28,0.535,467.67,0.0056,False,False,"1,2",False,-18.87,15.57,34.44,,,,,,,,,,
orb_thin-NQ-tf5|pre|,s1,orb_thin-NQ-tf5,orb_thin,NQ,5,pre,,,,False,True,True,False,False,c1+c2+base,96,0,0,0.78125,7453.229166666667,6879.5,101.66666666666667,573,252,True,True,False,False,True,True,146.4,,False,3996.44,0.93,3456.78,0.0,False,-1731.38,0.26,9184.61,0.0753,False,False,2,True,29.76,73.31,43.55,,,,,,,,,,
orb_xbook-NQ-tf15|nyam|,s1,orb_xbook-NQ-tf15,orb_xbook,NQ,15,nyam,,,,False,True,True,False,False,c1+c2+base,94,0,2,0.6595744680851063,1555.2978723404256,7254.0,551.468085106383,573,252,True,False,False,False,True,True,794.0,,False,-28070.52,0.0,29625.82,0.0,False,-683.78,0.415,2239.07,0.0034,False,False,2,False,-31.69,2.82,34.51,,,,,,,,,,
orb_xbook-NQ-tf15|pre|,s1,orb_xbook-NQ-tf15,orb_xbook,NQ,15,pre,,,,False,True,True,False,False,c1+c2+base,96,0,0,0.5416666666666666,8796.447916666666,2177.5,504.0,573,252,False,False,False,False,False,True,725.7,,False,6691.67,0.755,2104.77,0.0,True,4347.29,1.0,4449.16,0.0462,False,False,"1,2",False,-27.6,17.45,45.05,,,,,,,,,,
orb_xbook-NQ-tf1|nyam|,s1,orb_xbook-NQ-tf1,orb_xbook,NQ,1,nyam,,,,False,True,True,False,False,c1+c2+base,96,0,0,0.6458333333333334,1930.65625,7283.0,551.3333333333334,573,252,True,False,False,False,True,True,793.8,,False,-25371.56,0.005,27302.22,0.0,False,-316.07,0.47,2246.72,0.0036,False,False,2,False,-26.09,3.5,29.59,,,,,,,,,,
orb_xbook-NQ-tf1|pre|,s1,orb_xbook-NQ-tf1,orb_xbook,NQ,1,pre,,,,False,True,True,False,False,c1+c2+base,96,0,0,0.4791666666666667,8245.25,-879.5,504.0,573,252,False,False,False,False,False,True,725.7,,,,,,,,,,,,,False,"1,2",,,,,,,,,,,,,,
orb_xbook-NQ-tf30|nyam|,s1,orb_xbook-NQ-tf30,orb_xbook,NQ,30,nyam,,,,False,True,True,False,False,c1+c2+base,94,0,2,0.648936170212766,1151.723404255319,7283.0,551.5106382978723,573,252,True,False,False,False,True,True,794.1,,False,-18788.76,0.03,19940.48,0.0689,False,-954.2,0.365,2105.93,0.0033,False,False,2,False,-35.22,2.09,37.31,,,,,,,,,,
orb_xbook-NQ-tf30|pre|,s1,orb_xbook-NQ-tf30,orb_xbook,NQ,30,pre,,,,False,True,True,False,False,c1+c2+base,96,0,0,0.5625,8571.1875,2630.0,504.0,573,252,False,False,False,False,False,True,725.7,,False,-2800.67,0.4,11371.85,0.0483,True,4380.86,0.98,4190.33,0.0428,False,False,"1,2",False,-29.63,17.01,46.63,,,,,,,,,,
orb_xbook-NQ-tf5|nyam|,s1,orb_xbook-NQ-tf5,orb_xbook,NQ,5,nyam,,,,False,True,True,False,False,c1+c2+base,95,0,1,0.6421052631578947,1655.3263157894737,7759.0,551.6421052631579,573,252,True,False,False,False,True,True,794.2,,False,-35078.15,0.0,36733.48,0.0,False,-665.66,0.365,2320.98,0.0034,False,False,2,False,-29.74,3.0,32.74,,,,,,,,,,
orb_xbook-NQ-tf5|pre|,s1,orb_xbook-NQ-tf5,orb_xbook,NQ,5,pre,,,,False,True,True,False,False,c1+c2+base,96,0,0,0.5520833333333334,8935.614583333334,3517.5,504.0,573,252,False,False,False,False,False,True,725.7,,False,-2346.77,0.44,11282.38,0.0,True,4376.72,1.0,4558.9,0.0501,False,False,"1,2",False,-25.82,17.73,43.55,,,,,,,,,,
pinbar-ES-tf15|asia|,s1,pinbar-ES-tf15,pinbar,ES,15,asia,,,,False,False,False,False,False,c1,96,0,0,0.03125,-9719.75,-7830.0,129.41666666666666,573,252,False,False,False,False,False,True,186.3,,,,,,,,,,,,,False,"1,2",,,,,,,,,,,,,,
pinbar-ES-tf15|eve|,s1,pinbar-ES-tf15,pinbar,ES,15,eve,,,,False,False,False,False,False,c1,96,0,0,0.010416666666666666,-18291.052083333332,-15816.0,275.3020833333333,573,252,False,False,False,False,False,True,396.4,,,,,,,,,,,,,False,"1,2",,,,,,,,,,,,,,
pinbar-ES-tf15|london|,s1,pinbar-ES-tf15,pinbar,ES,15,london,,,,False,False,False,False,False,c1,96,0,0,0.4166666666666667,-3757.4895833333335,-4097.5,211.05208333333334,573,252,False,False,False,False,False,True,303.9,,,,,,,,,,,,,False,"1,2",,,,,,,,,,,,,,
pinbar-ES-tf15|mid|,s1,pinbar-ES-tf15,pinbar,ES,15,mid,,,,False,False,False,False,False,c1,96,0,0,0.21875,-4249.890625,-3747.75,150.39583333333334,573,252,False,False,False,False,False,True,216.5,,,,,,,,,,,,,False,"1,2",,,,,,,,,,,,,,
pinbar-ES-tf15|nyam|,s1,pinbar-ES-tf15,pinbar,ES,15,nyam,,,,False,False,False,False,False,c1,96,0,0,0.23958333333333334,-2839.8333333333335,-2516.5,62.041666666666664,573,252,False,False,False,False,False,False,89.3,,,,,,,,,,,,,False,"1,2,3",,,,,,,,,,,,,,
pinbar-ES-tf15|pm|,s1,pinbar-ES-tf15,pinbar,ES,15,pm,,,,False,False,False,False,False,c1,90,0,6,0.0,-12856.633333333333,-12978.75,146.03333333333333,573,252,False,False,False,False,False,True,210.3,,,,,,,,,,,,,False,"1,2",,,,,,,,,,,,,,
pinbar-ES-tf15|pre|,s1,pinbar-ES-tf15,pinbar,ES,15,pre,,,,False,False,False,False,False,c1,96,0,0,0.3854166666666667,750.0677083333334,-630.0,32.4375,573,252,False,False,False,False,False,False,46.7,,,,,,,,,,,,,False,"1,2,3",,,,,,,,,,,,,,
pinbar-ES-tf1|asia|,s1,pinbar-ES-tf1,pinbar,ES,1,asia,,,,False,False,False,False,False,c1,96,0,0,0.14583333333333334,-15662.78125,-15615.0,730.34375,573,252,False,False,False,False,False,True,1051.5,,,,,,,,,,,,,False,"1,2",,,,,,,,,,,,,,
pinbar-ES-tf1|eve|,s1,pinbar-ES-tf1,pinbar,ES,1,eve,,,,False,False,False,False,False,c1,96,0,0,0.0,-40257.614583333336,-37224.5,876.1875,573,252,False,False,False,False,False,True,1261.5,,,,,,,,,,,,,False,"1,2",,,,,,,,,,,,,,
pinbar-ES-tf1|london|,s1,pinbar-ES-tf1,pinbar,ES,1,london,,,,False,False,False,False,False,c1,96,0,0,0.10416666666666667,-21082.28125,-23082.25,836.78125,573,252,False,False,False,False,False,True,1204.8,,,,,,,,,,,,,False,"1,2",,,,,,,,,,,,,,
pinbar-ES-tf1|mid|,s1,pinbar-ES-tf1,pinbar,ES,1,mid,,,,False,False,False,False,False,c1,96,0,0,0.08333333333333333,-24726.90625,-26963.5,750.0208333333334,573,252,False,False,False,False,False,True,1079.9,,,,,,,,,,,,,False,"1,2",,,,,,,,,,,,,,
pinbar-ES-tf1|nyam|,s1,pinbar-ES-tf1,pinbar,ES,1,nyam,,,,False,False,False,False,False,c1,96,0,0,0.3541666666666667,-7124.09375,-8832.5,584.34375,573,252,False,False,False,False,False,True,841.3,,,,,,,,,,,,,False,"1,2",,,,,,,,,,,,,,
pinbar-ES-tf1|pm|,s1,pinbar-ES-tf1,pinbar,ES,1,pm,,,,False,False,False,False,False,c1,96,0,0,0.07291666666666667,-15389.177083333334,-16832.75,714.15625,573,252,False,False,False,False,False,True,1028.2,,,,,,,,,,,,,False,"1,2",,,,,,,,,,,,,,
pinbar-ES-tf1|pre|,s1,pinbar-ES-tf1,pinbar,ES,1,pre,,,,False,False,False,False,False,c1,96,0,0,0.052083333333333336,-11487.984375,-10662.75,365.84375,573,252,False,False,False,False,False,True,526.7,,,,,,,,,,,,,False,"1,2",,,,,,,,,,,,,,
pinbar-ES-tf30|asia|,s1,pinbar-ES-tf30,pinbar,ES,30,asia,,,,False,False,False,False,False,c1,96,0,0,0.21875,-1645.7291666666667,-1753.25,38.125,573,252,False,False,False,False,False,False,54.9,,,,,,,,,,,,,False,"1,2,3",,,,,,,,,,,,,,
pinbar-ES-tf30|eve|,s1,pinbar-ES-tf30,pinbar,ES,30,eve,,,,False,False,False,False,False,c1,96,0,0,0.03125,-10273.203125,-6877.75,146.97916666666666,573,252,False,False,False,False,False,True,211.6,,,,,,,,,,,,,False,"1,2",,,,,,,,,,,,,,
pinbar-ES-tf30|london|,s1,pinbar-ES-tf30,pinbar,ES,30,london,,,,False,False,False,False,False,c1,96,0,0,0.3229166666666667,-3488.296875,-2029.75,131.9375,573,252,False,False,False,False,False,True,190.0,,,,,,,,,,,,,False,"1,2",,,,,,,,,,,,,,
pinbar-ES-tf30|mid|,s1,pinbar-ES-tf30,pinbar,ES,30,mid,,,,False,False,False,False,False,c1,96,0,0,0.7291666666666666,11073.598958333334,6564.75,65.03125,573,252,True,True,False,False,True,False,93.6,,True,9253.36,1.0,1820.24,0.0038,,,,,0.0,True,False,3,,,,,,,,,,,,,,
pinbar-ES-tf30|nyam|,s1,pinbar-ES-tf30,pinbar,ES,30,nyam,,,,False,False,False,False,False,c1,90,0,6,0.05555555555555555,-2439.938888888889,-2078.25,21.2,573,252,False,False,False,False,False,False,30.5,,,,,,,,,,,,,False,"1,2,3",,,,,,,,,,,,,,
pinbar-ES-tf30|pm|,s1,pinbar-ES-tf30,pinbar,ES,30,pm,,,,False,False,False,False,False,c1,79,0,17,0.08860759493670886,-4250.316455696203,-3347.0,70.56962025316456,573,252,False,False,False,False,False,True,101.6,,,,,,,,,,,,,False,"1,2",,,,,,,,,,,,,,
pinbar-ES-tf30|pre|,s1,pinbar-ES-tf30,pinbar,ES,30,pre,,,,False,False,False,False,False,c1,72,0,24,0.25,-1118.1666666666667,-416.25,7.666666666666667,573,252,False,False,False,False,False,False,11.0,,,,,,,,,,,,,False,"1,2,3",,,,,,,,,,,,,,
pinbar-ES-tf5|asia|,s1,pinbar-ES-tf5,pinbar,ES,5,asia,,,,False,False,False,False,False,c1,96,0,0,0.07291666666666667,-10950.0,-11436.0,293.75,573,252,False,False,False,False,False,True,422.9,,,,,,,,,,,,,False,"1,2",,,,,,,,,,,,,,
pinbar-ES-tf5|eve|,s1,pinbar-ES-tf5,pinbar,ES,5,eve,,,,False,False,False,False,False,c1,96,0,0,0.07291666666666667,-17954.244791666668,-15994.0,502.65625,573,252,False,False,False,False,False,True,723.7,,,,,,,,,,,,,False,"1,2",,,,,,,,,,,,,,
pinbar-ES-tf5|london|,s1,pinbar-ES-tf5,pinbar,ES,5,london,,,,False,False,False,False,False,c1,96,0,0,0.40625,-2094.1770833333335,-4123.5,437.8020833333333,573,252,False,False,False,False,False,True,630.3,,,,,,,,,,,,,False,"1,2",,,,,,,,,,,,,,
pinbar-ES-tf5|mid|,s1,pinbar-ES-tf5,pinbar,ES,5,mid,,,,False,False,False,False,False,c1,96,0,0,0.16666666666666666,-10680.682291666666,-8780.0,318.7708333333333,573,252,False,False,False,False,False,True,459.0,,,,,,,,,,,,,False,"1,2",,,,,,,,,,,,,,
pinbar-ES-tf5|nyam|,s1,pinbar-ES-tf5,pinbar,ES,5,nyam,,,,False,False,False,False,False,c1,96,0,0,0.4270833333333333,-412.3177083333333,-1408.75,190.41666666666666,573,252,False,False,False,False,False,True,274.2,,,,,,,,,,,,,False,"1,2",,,,,,,,,,,,,,
pinbar-ES-tf5|pm|,s1,pinbar-ES-tf5,pinbar,ES,5,pm,,,,False,False,False,False,False,c1,95,0,1,0.0,-17670.552631578947,-17373.5,325.10526315789474,573,252,False,False,False,False,False,True,468.1,,,,,,,,,,,,,False,"1,2",,,,,,,,,,,,,,
pinbar-ES-tf5|pre|,s1,pinbar-ES-tf5,pinbar,ES,5,pre,,,,False,False,False,False,False,c1,96,0,0,0.15625,-8438.9375,-7143.5,116.63541666666667,573,252,False,False,False,False,False,True,167.9,,,,,,,,,,,,,False,"1,2",,,,,,,,,,,,,,
pinbar-GC-tf15|asia|,s1,pinbar-GC-tf15,pinbar,GC,15,asia,,,,False,False,False,False,False,c1,96,0,0,0.34375,-950.7083333333334,-968.0,101.0625,572,252,False,False,False,False,False,True,145.6,,,,,,,,,,,,,False,"1,2",,,,,,,,,,,,,,
pinbar-GC-tf15|eve|,s1,pinbar-GC-tf15,pinbar,GC,15,eve,,,,False,False,False,False,False,c1,96,0,0,0.0,-20677.020833333332,-19070.0,257.25,572,252,False,False,False,False,False,True,370.6,,,,,,,,,,,,,False,"1,2",,,,,,,,,,,,,,
pinbar-GC-tf15|london|,s1,pinbar-GC-tf15,pinbar,GC,15,london,,,,False,False,False,False,False,c1,96,0,0,0.3229166666666667,-2783.625,-2423.0,211.47916666666666,572,252,False,False,False,False,False,True,304.6,,,,,,,,,,,,,False,"1,2",,,,,,,,,,,,,,
pinbar-GC-tf15|mid|,s1,pinbar-GC-tf15,pinbar,GC,15,mid,,,,False,False,False,False,False,c1,96,0,0,0.19791666666666666,-3533.4166666666665,-3637.0,163.77083333333334,572,252,False,False,False,False,False,True,235.9,,,,,,,,,,,,,False,"1,2",,,,,,,,,,,,,,
pinbar-GC-tf15|nyam|,s1,pinbar-GC-tf15,pinbar,GC,15,nyam,,,,False,False,False,False,False,c1,94,0,2,0.35106382978723405,-1148.5531914893618,-1288.0,85.64893617021276,572,252,False,False,False,False,False,True,123.4,,,,,,,,,,,,,False,"1,2",,,,,,,,,,,,,,
pinbar-GC-tf15|pm|,s1,pinbar-GC-tf15,pinbar,GC,15,pm,,,,False,False,False,False,False,c1,87,0,9,0.0,-7152.850574712644,-5706.0,178.98850574712642,572,252,False,False,False,False,False,True,257.8,,,,,,,,,,,,,False,"1,2",,,,,,,,,,,,,,
pinbar-GC-tf15|pre|,s1,pinbar-GC-tf15,pinbar,GC,15,pre,,,,False,False,False,False,False,c1,93,0,3,0.010752688172043012,-3201.032258064516,-2620.0,32.56989247311828,572,252,False,False,False,False,False,False,46.9,,,,,,,,,,,,,False,"1,2,3",,,,,,,,,,,,,,
pinbar-GC-tf1|asia|,s1,pinbar-GC-tf1,pinbar,GC,1,asia,,,,False,False,False,False,False,c1,96,0,0,0.4479166666666667,-708.5208333333334,-1713.0,632.3645833333334,572,252,False,False,False,False,False,True,911.0,,,,,,,,,,,,,False,"1,2",,,,,,,,,,,,,,
pinbar-GC-tf1|eve|,s1,pinbar-GC-tf1,pinbar,GC,1,eve,,,,False,False,False,False,False,c1,96,0,0,0.1875,-17484.979166666668,-16590.0,839.5520833333334,572,252,False,False,False,False,False,True,1209.4,,,,,,,,,,,,,False,"1,2",,,,,,,,,,,,,,
pinbar-GC-tf1|london|,s1,pinbar-GC-tf1,pinbar,GC,1,london,,,,False,False,False,False,False,c1,96,0,0,0.03125,-22863.729166666668,-23676.0,802.15625,572,252,False,False,False,False,False,True,1155.6,,,,,,,,,,,,,False,"1,2",,,,,,,,,,,,,,
pinbar-GC-tf1|mid|,s1,pinbar-GC-tf1,pinbar,GC,1,mid,,,,False,False,False,False,False,c1,96,0,0,0.20833333333333334,-5943.145833333333,-5220.0,562.7916666666666,572,252,False,False,False,False,False,True,810.7,,,,,,,,,,,,,False,"1,2",,,,,,,,,,,,,,
pinbar-GC-tf1|nyam|,s1,pinbar-GC-tf1,pinbar,GC,1,nyam,,,,False,False,False,False,False,c1,96,0,0,0.11458333333333333,-12157.625,-11157.0,525.34375,572,252,False,False,False,False,False,True,756.8,,,,,,,,,,,,,False,"1,2",,,,,,,,,,,,,,
pinbar-GC-tf1|pm|,s1,pinbar-GC-tf1,pinbar,GC,1,pm,,,,False,False,False,False,False,c1,96,0,0,0.0,-14515.1875,-13361.0,514.7604166666666,572,252,False,False,False,False,False,True,741.5,,,,,,,,,,,,,False,"1,2",,,,,,,,,,,,,,
pinbar-GC-tf1|pre|,s1,pinbar-GC-tf1,pinbar,GC,1,pre,,,,False,False,False,False,False,c1,96,0,0,0.23958333333333334,-6186.104166666667,-7510.0,377.8541666666667,572,252,False,False,False,False,False,True,544.3,,,,,,,,,,,,,False,"1,2",,,,,,,,,,,,,,
pinbar-GC-tf30|asia|,s1,pinbar-GC-tf30,pinbar,GC,30,asia,,,,False,False,False,False,False,c1,96,0,0,0.375,-1043.3958333333333,-1146.0,49.416666666666664,572,252,False,False,False,False,False,False,71.2,,,,,,,,,,,,,False,"1,2,3",,,,,,,,,,,,,,
pinbar-GC-tf30|eve|,s1,pinbar-GC-tf30,pinbar,GC,30,eve,,,,False,False,False,False,False,c1,96,0,0,0.03125,-9908.020833333334,-9592.0,139.32291666666666,572,252,False,False,False,False,False,True,200.7,,,,,,,,,,,,,False,"1,2",,,,,,,,,,,,,,
pinbar-GC-tf30|london|,s1,pinbar-GC-tf30,pinbar,GC,30,london,,,,False,False,False,False,False,c1,96,0,0,0.0625,-11221.520833333334,-9984.0,123.11458333333333,572,252,False,False,False,False,False,True,177.4,,,,,,,,,,,,,False,"1,2",,,,,,,,,,,,,,
pinbar-GC-tf30|mid|,s1,pinbar-GC-tf30,pinbar,GC,30,mid,,,,False,False,False,False,False,c1,93,0,3,0.5053763440860215,314.0430107526882,152.0,80.17204301075269,572,252,False,False,False,False,False,True,115.5,,False,163.54,0.515,150.5,0.0,,,,,0.0,False,False,"1,2",,,,,,,,,,,,,,
pinbar-GC-tf30|nyam|,s1,pinbar-GC-tf30,pinbar,GC,30,nyam,,,,False,False,False,False,False,c1,93,0,3,0.4838709677419355,404.86021505376345,-166.0,35.666666666666664,572,252,False,False,False,False,False,False,51.4,,,,,,,,,,,,,False,"1,2,3",,,,,,,,,,,,,,
pinbar-GC-tf30|pm|,s1,pinbar-GC-tf30,pinbar,GC,30,pm,,,,False,False,False,False,False,c1,95,0,1,0.5473684210526316,545.3052631578947,268.0,95.25263157894737,572,252,False,False,False,False,False,True,137.2,,True,2053.35,0.985,-1508.05,0.0027,,,,,0.017,True,False,1,,,,,,,,,,,,,,
pinbar-GC-tf30|pre|,s1,pinbar-GC-tf30,pinbar,GC,30,pre,,,,False,False,False,False,False,c1,74,0,22,0.08108108108108109,-1607.6756756756756,-1543.0,13.0,572,252,False,False,False,False,False,False,18.7,,,,,,,,,,,,,False,"1,2,3",,,,,,,,,,,,,,
pinbar-GC-tf5|asia|,s1,pinbar-GC-tf5,pinbar,GC,5,asia,,,,False,False,False,False,False,c1,96,0,0,0.3333333333333333,-2283.1458333333335,-2497.0,289.0416666666667,572,252,False,False,False,False,False,True,416.4,,,,,,,,,,,,,False,"1,2",,,,,,,,,,,,,,
pinbar-GC-tf5|eve|,s1,pinbar-GC-tf5,pinbar,GC,5,eve,,,,False,False,False,False,False,c1,96,0,0,0.0,-23444.104166666668,-19073.0,514.4895833333334,572,252,False,False,False,False,False,True,741.2,,,,,,,,,,,,,False,"1,2",,,,,,,,,,,,,,
pinbar-GC-tf5|london|,s1,pinbar-GC-tf5,pinbar,GC,5,london,,,,False,False,False,False,False,c1,96,0,0,0.14583333333333334,-12644.5625,-9273.0,412.5208333333333,572,252,False,False,False,False,False,True,594.3,,,,,,,,,,,,,False,"1,2",,,,,,,,,,,,,,
pinbar-GC-tf5|mid|,s1,pinbar-GC-tf5,pinbar,GC,5,mid,,,,False,False,False,False,False,c1,96,0,0,0.0,-15754.291666666666,-14555.0,317.2708333333333,572,252,False,False,False,False,False,True,457.0,,,,,,,,,,,,,False,"1,2",,,,,,,,,,,,,,
pinbar-GC-tf5|nyam|,s1,pinbar-GC-tf5,pinbar,GC,5,nyam,,,,False,False,False,False,False,c1,96,0,0,0.041666666666666664,-6831.770833333333,-7090.0,208.17708333333334,572,252,False,False,False,False,False,True,299.9,,,,,,,,,,,,,False,"1,2",,,,,,,,,,,,,,
pinbar-GC-tf5|pm|,s1,pinbar-GC-tf5,pinbar,GC,5,pm,,,,False,False,False,False,False,c1,91,0,5,0.0,-9871.45054945055,-9228.0,273.989010989011,572,252,False,False,False,False,False,True,394.7,,,,,,,,,,,,,False,"1,2",,,,,,,,,,,,,,
pinbar-GC-tf5|pre|,s1,pinbar-GC-tf5,pinbar,GC,5,pre,,,,False,False,False,False,False,c1,96,0,0,0.125,-8616.916666666666,-8655.0,119.69791666666667,572,252,False,False,False,False,False,True,172.4,,,,,,,,,,,,,False,"1,2",,,,,,,,,,,,,,
pinbar-NQ-tf15|asia|,s1,pinbar-NQ-tf15,pinbar,NQ,15,asia,,,,False,False,False,False,False,c1,96,0,0,0.25,-9060.802083333334,-3641.5,100.76041666666667,573,252,False,False,False,False,False,True,145.1,,,,,,,,,,,,,False,"1,2",,,,,,,,,,,,,,
pinbar-NQ-tf15|eve|,s1,pinbar-NQ-tf15,pinbar,NQ,15,eve,,,,False,False,False,False,False,c1,96,0,0,0.5520833333333334,-240.53125,892.0,235.66666666666666,573,252,False,False,False,False,False,True,339.3,,,,,,,,,,,,,False,"1,2",,,,,,,,,,,,,,
pinbar-NQ-tf15|london|,s1,pinbar-NQ-tf15,pinbar,NQ,15,london,,,,False,False,False,False,False,c1,96,0,0,0.13541666666666666,-7878.989583333333,-6533.0,195.48958333333334,573,252,False,False,False,False,False,True,281.5,,,,,,,,,,,,,False,"1,2",,,,,,,,,,,,,,
pinbar-NQ-tf15|mid|,s1,pinbar-NQ-tf15,pinbar,NQ,15,mid,,,,False,False,False,False,False,c1,96,0,0,0.20833333333333334,-7300.8125,-5655.5,151.0625,573,252,False,False,False,False,False,True,217.5,,,,,,,,,,,,,False,"1,2",,,,,,,,,,,,,,
pinbar-NQ-tf15|nyam|,s1,pinbar-NQ-tf15,pinbar,NQ,15,nyam,,,,False,False,False,False,False,c1,95,0,1,0.2,-3598.6736842105265,-1720.0,65.69473684210526,573,252,False,False,False,False,False,False,94.6,,,,,,,,,,,,,False,"1,2,3",,,,,,,,,,,,,,
pinbar-NQ-tf15|pm|,s1,pinbar-NQ-tf15,pinbar,NQ,15,pm,,,,False,False,False,False,False,c1,91,0,5,0.0,-21536.10989010989,-20428.0,152.9010989010989,573,252,False,False,False,False,False,True,220.1,,,,,,,,,,,,,False,"1,2",,,,,,,,,,,,,,
pinbar-NQ-tf15|pre|,s1,pinbar-NQ-tf15,pinbar,NQ,15,pre,,,,False,False,False,False,False,c1,96,0,0,0.19791666666666666,-2166.4895833333335,-2136.5,32.416666666666664,573,252,False,False,False,False,False,False,46.7,,,,,,,,,,,,,False,"1,2,3",,,,,,,,,,,,,,
pinbar-NQ-tf1|asia|,s1,pinbar-NQ-tf1,pinbar,NQ,1,asia,,,,False,False,False,False,False,c1,96,0,0,0.07291666666666667,-14297.541666666666,-14276.0,667.3020833333334,573,252,False,False,False,False,False,True,960.8,,,,,,,,,,,,,False,"1,2",,,,,,,,,,,,,,
pinbar-NQ-tf1|eve|,s1,pinbar-NQ-tf1,pinbar,NQ,1,eve,,,,False,False,False,False,False,c1,96,0,0,0.2708333333333333,-7325.833333333333,-10950.0,828.0208333333334,573,252,False,False,False,False,False,True,1192.2,,,,,,,,,,,,,False,"1,2",,,,,,,,,,,,,,
pinbar-NQ-tf1|london|,s1,pinbar-NQ-tf1,pinbar,NQ,1,london,,,,False,False,False,False,False,c1,96,0,0,0.375,-8604.3125,-4353.5,824.90625,573,252,False,False,False,False,False,True,1187.7,,,,,,,,,,,,,False,"1,2",,,,,,,,,,,,,,
pinbar-NQ-tf1|mid|,s1,pinbar-NQ-tf1,pinbar,NQ,1,mid,,,,False,False,False,False,False,c1,96,0,0,0.3020833333333333,-6894.135416666667,-8793.0,688.5729166666666,573,252,False,False,False,False,False,True,991.4,,,,,,,,,,,,,False,"1,2",,,,,,,,,,,,,,
pinbar-NQ-tf1|nyam|,s1,pinbar-NQ-tf1,pinbar,NQ,1,nyam,,,,False,False,False,False,False,c1,96,0,0,0.3854166666666667,7888.34375,-4760.5,551.9895833333334,573,252,False,False,False,False,False,True,794.7,,,,,,,,,,,,,False,"1,2",,,,,,,,,,,,,,
pinbar-NQ-tf1|pm|,s1,pinbar-NQ-tf1,pinbar,NQ,1,pm,,,,False,False,False,False,False,c1,96,0,0,0.5625,2353.1770833333335,1690.0,646.25,573,252,False,False,False,False,False,True,930.5,,False,3539.04,0.71,-1185.86,0.0006,,,,,0.0009,False,False,"1,2",,,,,,,,,,,,,,
pinbar-NQ-tf1|pre|,s1,pinbar-NQ-tf1,pinbar,NQ,1,pre,,,,False,False,False,False,False,c1,96,0,0,0.14583333333333334,-9140.083333333334,-7075.5,317.9375,573,252,False,False,False,False,False,True,457.8,,,,,,,,,,,,,False,"1,2",,,,,,,,,,,,,,
pinbar-NQ-tf30|asia|,s1,pinbar-NQ-tf30,pinbar,NQ,30,asia,,,,False,False,False,False,False,c1,96,0,0,0.25,-5637.791666666667,-3314.5,35.75,573,252,False,False,False,False,False,False,51.5,,,,,,,,,,,,,False,"1,2,3",,,,,,,,,,,,,,
pinbar-NQ-tf30|eve|,s1,pinbar-NQ-tf30,pinbar,NQ,30,eve,,,,False,False,False,False,False,c1,96,0,0,0.1875,-9747.510416666666,-5473.5,138.6875,573,252,False,False,False,False,False,True,199.7,,,,,,,,,,,,,False,"1,2",,,,,,,,,,,,,,
pinbar-NQ-tf30|london|,s1,pinbar-NQ-tf30,pinbar,NQ,30,london,,,,False,False,False,False,False,c1,96,0,0,0.3020833333333333,-6959.0,-2963.5,113.91666666666667,573,252,False,False,False,False,False,True,164.0,,,,,,,,,,,,,False,"1,2",,,,,,,,,,,,,,
pinbar-NQ-tf30|mid|,s1,pinbar-NQ-tf30,pinbar,NQ,30,mid,,,,False,False,False,False,False,c1,94,0,2,0.26595744680851063,-2674.4148936170213,-1646.5,71.38297872340425,573,252,False,False,False,False,False,True,102.8,,,,,,,,,,,,,False,"1,2",,,,,,,,,,,,,,
pinbar-NQ-tf30|nyam|,s1,pinbar-NQ-tf30,pinbar,NQ,30,nyam,,,,False,False,False,False,False,c1,96,0,0,0.5208333333333334,1233.1458333333333,237.0,23.666666666666668,573,252,False,False,False,False,False,False,34.1,,True,4167.84,1.0,-2934.69,0.0423,,,,,0.0032,True,False,"1,3",,,,,,,,,,,,,,
pinbar-NQ-tf30|pm|,s1,pinbar-NQ-tf30,pinbar,NQ,30,pm,,,,False,False,False,False,False,c1,80,0,16,0.0375,-6283.7875,-4708.5,64.4625,573,252,False,False,False,False,False,False,92.8,,,,,,,,,,,,,False,"1,2,3",,,,,,,,,,,,,,
pinbar-NQ-tf30|pre|,s1,pinbar-NQ-tf30,pinbar,NQ,30,pre,,,,False,False,False,False,False,c1,82,0,14,0.2682926829268293,-522.0975609756098,-805.5,12.414634146341463,573,252,False,False,False,False,False,False,17.9,,,,,,,,,,,,,False,"1,2,3",,,,,,,,,,,,,,
pinbar-NQ-tf5|asia|,s1,pinbar-NQ-tf5,pinbar,NQ,5,asia,,,,False,False,False,False,False,c1,96,0,0,0.20833333333333334,-5422.770833333333,-5465.5,260.6666666666667,573,252,False,False,False,False,False,True,375.3,,,,,,,,,,,,,False,"1,2",,,,,,,,,,,,,,
pinbar-NQ-tf5|eve|,s1,pinbar-NQ-tf5,pinbar,NQ,5,eve,,,,False,False,False,False,False,c1,96,0,0,0.4166666666666667,994.6041666666666,-3298.0,461.6875,573,252,False,False,False,False,False,True,664.7,,,,,,,,,,,,,False,"1,2",,,,,,,,,,,,,,
pinbar-NQ-tf5|london|,s1,pinbar-NQ-tf5,pinbar,NQ,5,london,,,,False,False,False,False,False,c1,96,0,0,0.6666666666666666,11535.583333333334,6312.5,405.6354166666667,573,252,True,False,False,False,True,True,584.0,,False,-4858.11,0.18,16393.7,0.0005,,,,,0.0,False,False,2,,,,,,,,,,,,,,
pinbar-NQ-tf5|mid|,s1,pinbar-NQ-tf5,pinbar,NQ,5,mid,,,,False,False,False,False,False,c1,96,0,0,0.052083333333333336,-16886.15625,-14430.5,336.1875,573,252,False,False,False,False,False,True,484.0,,,,,,,,,,,,,False,"1,2",,,,,,,,,,,,,,
pinbar-NQ-tf5|nyam|,s1,pinbar-NQ-tf5,pinbar,NQ,5,nyam,,,,False,False,False,False,False,c1,96,0,0,0.5104166666666666,12550.458333333334,1059.5,201.5,573,252,False,False,False,False,False,True,290.1,,True,9915.42,0.965,2635.04,0.0002,,,,,0.0003,True,False,1,,,,,,,,,,,,,,
pinbar-NQ-tf5|pm|,s1,pinbar-NQ-tf5,pinbar,NQ,5,pm,,,,False,False,False,False,False,c1,95,0,1,0.3894736842105263,-1562.042105263158,-4349.0,303.8,573,252,False,False,False,False,False,True,437.4,,,,,,,,,,,,,False,"1,2",,,,,,,,,,,,,,
pinbar-NQ-tf5|pre|,s1,pinbar-NQ-tf5,pinbar,NQ,5,pre,,,,False,False,False,False,False,c1,96,0,0,0.625,9886.833333333334,2089.0,106.3125,573,252,True,False,False,False,True,True,153.1,,False,6366.52,0.94,3520.31,0.0,,,,,0.0044,False,False,2,,,,,,,,,,,,,,
rsi2-ES-tf15|asia|,s1,rsi2-ES-tf15,rsi2,ES,15,asia,,,,False,False,False,False,False,c1,96,0,0,0.11458333333333333,-13742.369791666666,-12683.75,684.3229166666666,573,252,False,False,False,False,False,True,985.3,,,,,,,,,,,,,False,"1,2",,,,,,,,,,,,,,
rsi2-ES-tf15|eve|,s1,rsi2-ES-tf15,rsi2,ES,15,eve,,,,False,False,False,False,False,c1,96,0,0,0.20833333333333334,-16284.71875,-16408.5,917.7291666666666,573,252,False,False,False,False,False,True,1321.3,,,,,,,,,,,,,False,"1,2",,,,,,,,,,,,,,
rsi2-ES-tf15|london|,s1,rsi2-ES-tf15,rsi2,ES,15,london,,,,False,False,False,False,False,c1,96,0,0,0.0,-44922.739583333336,-39681.0,1113.3020833333333,573,252,False,False,False,False,False,True,1602.9,,,,,,,,,,,,,False,"1,2",,,,,,,,,,,,,,
rsi2-ES-tf15|mid|,s1,rsi2-ES-tf15,rsi2,ES,15,mid,,,,False,False,False,False,False,c1,96,0,0,0.0,-33221.364583333336,-29576.25,748.6354166666666,573,252,False,False,False,False,False,True,1077.9,,,,,,,,,,,,,False,"1,2",,,,,,,,,,,,,,
rsi2-ES-tf15|nyam|,s1,rsi2-ES-tf15,rsi2,ES,15,nyam,,,,False,False,False,False,False,c1,96,0,0,0.010416666666666666,-34633.791666666664,-33846.0,711.5729166666666,573,252,False,False,False,False,False,True,1024.5,,,,,,,,,,,,,False,"1,2",,,,,,,,,,,,,,
rsi2-ES-tf15|pm|,s1,rsi2-ES-tf15,rsi2,ES,15,pm,,,,False,False,False,False,False,c1,96,0,0,0.0,-73896.296875,-72487.75,857.1145833333334,573,252,False,False,False,False,False,True,1234.1,,,,,,,,,,,,,False,"1,2",,,,,,,,,,,,,,
rsi2-ES-tf15|pre|,s1,rsi2-ES-tf15,rsi2,ES,15,pre,,,,False,False,False,False,False,c1,96,0,0,0.3020833333333333,-10414.442708333334,-16348.0,520.1145833333334,573,252,False,False,False,False,False,True,748.9,,,,,,,,,,,,,False,"1,2",,,,,,,,,,,,,,
rsi2-ES-tf1|asia|,s1,rsi2-ES-tf1,rsi2,ES,1,asia,,,,False,False,False,False,False,c1,96,0,0,0.0,-41470.119791666664,-41922.0,1175.375,573,252,False,False,False,False,False,True,1692.3,,,,,,,,,,,,,False,"1,2",,,,,,,,,,,,,,
rsi2-ES-tf1|eve|,s1,rsi2-ES-tf1,rsi2,ES,1,eve,,,,False,False,False,False,False,c1,96,0,0,0.0,-64905.848958333336,-59137.5,1269.3333333333333,573,252,False,False,False,False,False,True,1827.6,,,,,,,,,,,,,False,"1,2",,,,,,,,,,,,,,
rsi2-ES-tf1|london|,s1,rsi2-ES-tf1,rsi2,ES,1,london,,,,False,False,False,False,False,c1,96,0,0,0.0625,-42138.416666666664,-49382.0,1434.6041666666667,573,252,False,False,False,False,False,True,2065.5,,,,,,,,,,,,,False,"1,2",,,,,,,,,,,,,,
rsi2-ES-tf1|mid|,s1,rsi2-ES-tf1,rsi2,ES,1,mid,,,,False,False,False,False,False,c1,96,0,0,0.020833333333333332,-34349.270833333336,-35302.25,1426.5104166666667,573,252,False,False,False,False,False,True,2053.9,,,,,,,,,,,,,False,"1,2",,,,,,,,,,,,,,
rsi2-ES-tf1|nyam|,s1,rsi2-ES-tf1,rsi2,ES,1,nyam,,,,False,False,False,False,False,c1,96,0,0,0.03125,-46457.197916666664,-52190.0,1481.03125,573,252,False,False,False,False,False,True,2132.4,,,,,,,,,,,,,False,"1,2",,,,,,,,,,,,,,
rsi2-ES-tf1|pm|,s1,rsi2-ES-tf1,rsi2,ES,1,pm,,,,False,False,False,False,False,c1,96,0,0,0.010416666666666666,-51995.401041666664,-52967.75,1445.8229166666667,573,252,False,False,False,False,False,True,2081.7,,,,,,,,,,,,,False,"1,2",,,,,,,,,,,,,,
rsi2-ES-tf1|pre|,s1,rsi2-ES-tf1,rsi2,ES,1,pre,,,,False,False,False,False,False,c1,96,0,0,0.3333333333333333,-12397.385416666666,-16397.0,1145.375,573,252,False,False,False,False,False,True,1649.1,,,,,,,,,,,,,False,"1,2",,,,,,,,,,,,,,
rsi2-ES-tf30|asia|,s1,rsi2-ES-tf30,rsi2,ES,30,asia,,,,False,False,False,False,False,c1,96,0,0,0.125,-6597.057291666667,-7122.5,351.7708333333333,573,252,False,False,False,False,False,True,506.5,,,,,,,,,,,,,False,"1,2",,,,,,,,,,,,,,
rsi2-ES-tf30|eve|,s1,rsi2-ES-tf30,rsi2,ES,30,eve,,,,False,False,False,False,False,c1,96,0,0,0.84375,19000.71875,18853.25,645.1979166666666,573,252,True,True,True,False,True,True,928.9,,True,19728.54,0.995,-727.82,0.0041,,,,,0.0,True,True,,,,,,,,,,,,,,,
rsi2-ES-tf30|london|,s1,rsi2-ES-tf30,rsi2,ES,30,london,,,,False,False,False,False,False,c1,96,0,0,0.0625,-22927.182291666668,-23749.25,825.1875,573,252,False,False,False,False,False,True,1188.1,,,,,,,,,,,,,False,"1,2",,,,,,,,,,,,,,
rsi2-ES-tf30|mid|,s1,rsi2-ES-tf30,rsi2,ES,30,mid,,,,False,False,False,False,False,c1,96,0,0,0.0,-28059.526041666668,-26725.5,437.6354166666667,573,252,False,False,False,False,False,True,630.1,,,,,,,,,,,,,False,"1,2",,,,,,,,,,,,,,
rsi2-ES-tf30|nyam|,s1,rsi2-ES-tf30,rsi2,ES,30,nyam,,,,False,False,False,False,False,c1,96,0,0,0.0,-27506.5,-26136.25,418.5520833333333,573,252,False,False,False,False,False,True,602.6,,,,,,,,,,,,,False,"1,2",,,,,,,,,,,,,,
rsi2-ES-tf30|pm|,s1,rsi2-ES-tf30,rsi2,ES,30,pm,,,,False,False,False,False,False,c1,96,0,0,0.0,-39383.411458333336,-40432.5,535.7291666666666,573,252,False,False,False,False,False,True,771.3,,,,,,,,,,,,,False,"1,2",,,,,,,,,,,,,,
rsi2-ES-tf30|pre|,s1,rsi2-ES-tf30,rsi2,ES,30,pre,,,,False,False,False,False,False,c1,96,0,0,0.46875,7293.90625,-1033.0,311.3541666666667,573,252,False,False,False,False,False,True,448.3,,,,,,,,,,,,,False,"1,2",,,,,,,,,,,,,,
rsi2-ES-tf5|asia|,s1,rsi2-ES-tf5,rsi2,ES,5,asia,,,,False,False,False,False,False,c1,96,0,0,0.1875,-16663.135416666668,-20637.75,994.8854166666666,573,252,False,False,False,False,False,True,1432.4,,,,,,,,,,,,,False,"1,2",,,,,,,,,,,,,,
rsi2-ES-tf5|eve|,s1,rsi2-ES-tf5,rsi2,ES,5,eve,,,,False,False,False,False,False,c1,96,0,0,0.14583333333333334,-24740.239583333332,-25911.75,1151.7916666666667,573,252,False,False,False,False,False,True,1658.3,,,,,,,,,,,,,False,"1,2",,,,,,,,,,,,,,
rsi2-ES-tf5|london|,s1,rsi2-ES-tf5,rsi2,ES,5,london,,,,False,False,False,False,False,c1,96,0,0,0.0,-46164.786458333336,-46875.0,1336.8020833333333,573,252,False,False,False,False,False,True,1924.7,,,,,,,,,,,,,False,"1,2",,,,,,,,,,,,,,
rsi2-ES-tf5|mid|,s1,rsi2-ES-tf5,rsi2,ES,5,mid,,,,False,False,False,False,False,c1,96,0,0,0.010416666666666666,-41232.166666666664,-44904.25,1151.2708333333333,573,252,False,False,False,False,False,True,1657.6,,,,,,,,,,,,,False,"1,2",,,,,,,,,,,,,,
rsi2-ES-tf5|nyam|,s1,rsi2-ES-tf5,rsi2,ES,5,nyam,,,,False,False,False,False,False,c1,96,0,0,0.0,-43237.869791666664,-41770.25,1153.7708333333333,573,252,False,False,False,False,False,True,1661.2,,,,,,,,,,,,,False,"1,2",,,,,,,,,,,,,,
rsi2-ES-tf5|pm|,s1,rsi2-ES-tf5,rsi2,ES,5,pm,,,,False,False,False,False,False,c1,96,0,0,0.0,-67927.390625,-68269.0,1216.3854166666667,573,252,False,False,False,False,False,True,1751.3,,,,,,,,,,,,,False,"1,2",,,,,,,,,,,,,,
rsi2-ES-tf5|pre|,s1,rsi2-ES-tf5,rsi2,ES,5,pre,,,,False,False,False,False,False,c1,96,0,0,0.25,-14834.432291666666,-16013.75,768.9270833333334,573,252,False,False,False,False,False,True,1107.1,,,,,,,,,,,,,False,"1,2",,,,,,,,,,,,,,
rsi2-GC-tf15|asia|,s1,rsi2-GC-tf15,rsi2,GC,15,asia,,,,False,False,False,False,False,c1,96,0,0,0.0,-27033.1875,-23341.0,646.1875,572,252,False,False,False,False,False,True,930.9,,,,,,,,,,,,,False,"1,2",,,,,,,,,,,,,,
rsi2-GC-tf15|eve|,s1,rsi2-GC-tf15,rsi2,GC,15,eve,,,,False,False,False,False,False,c1,96,0,0,0.0625,-28641.75,-29723.0,954.5,572,252,False,False,False,False,False,True,1375.0,,,,,,,,,,,,,False,"1,2",,,,,,,,,,,,,,
rsi2-GC-tf15|london|,s1,rsi2-GC-tf15,rsi2,GC,15,london,,,,False,False,False,False,False,c1,96,0,0,0.10416666666666667,-20057.791666666668,-18720.0,1001.3229166666666,572,252,False,False,False,False,False,True,1442.5,,,,,,,,,,,,,False,"1,2",,,,,,,,,,,,,,
rsi2-GC-tf15|mid|,s1,rsi2-GC-tf15,rsi2,GC,15,mid,,,,False,False,False,False,False,c1,96,0,0,0.0,-31070.1875,-35868.0,586.5833333333334,572,252,False,False,False,False,False,True,845.0,,,,,,,,,,,,,False,"1,2",,,,,,,,,,,,,,
rsi2-GC-tf15|nyam|,s1,rsi2-GC-tf15,rsi2,GC,15,nyam,,,,False,False,False,False,False,c1,96,0,0,0.0,-23590.729166666668,-22544.0,572.5520833333334,572,252,False,False,False,False,False,True,824.8,,,,,,,,,,,,,False,"1,2",,,,,,,,,,,,,,
rsi2-GC-tf15|pm|,s1,rsi2-GC-tf15,rsi2,GC,15,pm,,,,False,False,False,False,False,c1,93,0,3,0.0,-20550.752688172044,-20846.0,574.7849462365591,572,252,False,False,False,False,False,True,828.0,,,,,,,,,,,,,False,"1,2",,,,,,,,,,,,,,
rsi2-GC-tf15|pre|,s1,rsi2-GC-tf15,rsi2,GC,15,pre,,,,False,False,False,False,False,c1,96,0,0,0.1875,-9831.041666666666,-9792.0,551.3020833333334,572,252,False,False,False,False,False,True,794.2,,,,,,,,,,,,,False,"1,2",,,,,,,,,,,,,,
rsi2-GC-tf1|asia|,s1,rsi2-GC-tf1,rsi2,GC,1,asia,,,,False,False,False,False,False,c1,96,0,0,0.08333333333333333,-23629.1875,-25775.0,1132.7395833333333,572,252,False,False,False,False,False,True,1631.8,,,,,,,,,,,,,False,"1,2",,,,,,,,,,,,,,
rsi2-GC-tf1|eve|,s1,rsi2-GC-tf1,rsi2,GC,1,eve,,,,False,False,False,False,False,c1,96,0,0,0.052083333333333336,-33603.125,-36224.0,1223.5416666666667,572,252,False,False,False,False,False,True,1762.6,,,,,,,,,,,,,False,"1,2",,,,,,,,,,,,,,
rsi2-GC-tf1|london|,s1,rsi2-GC-tf1,rsi2,GC,1,london,,,,False,False,False,False,False,c1,96,0,0,0.0,-38329.166666666664,-39644.0,1349.2708333333333,572,252,False,False,False,False,False,True,1943.7,,,,,,,,,,,,,False,"1,2",,,,,,,,,,,,,,
rsi2-GC-tf1|mid|,s1,rsi2-GC-tf1,rsi2,GC,1,mid,,,,False,False,False,False,False,c1,96,0,0,0.0,-35141.5625,-35091.0,1187.03125,572,252,False,False,False,False,False,True,1710.0,,,,,,,,,,,,,False,"1,2",,,,,,,,,,,,,,
rsi2-GC-tf1|nyam|,s1,rsi2-GC-tf1,rsi2,GC,1,nyam,,,,False,False,False,False,False,c1,96,0,0,0.0,-38371.958333333336,-40397.0,1308.40625,572,252,False,False,False,False,False,True,1884.8,,,,,,,,,,,,,False,"1,2",,,,,,,,,,,,,,
rsi2-GC-tf1|pm|,s1,rsi2-GC-tf1,rsi2,GC,1,pm,,,,False,False,False,False,False,c1,96,0,0,0.0,-20418.104166666668,-19450.0,1055.4895833333333,572,252,False,False,False,False,False,True,1520.5,,,,,,,,,,,,,False,"1,2",,,,,,,,,,,,,,
rsi2-GC-tf1|pre|,s1,rsi2-GC-tf1,rsi2,GC,1,pre,,,,False,False,False,False,False,c1,96,0,0,0.2916666666666667,-13881.416666666666,-18039.0,1174.0,572,252,False,False,False,False,False,True,1691.2,,,,,,,,,,,,,False,"1,2",,,,,,,,,,,,,,
rsi2-GC-tf30|asia|,s1,rsi2-GC-tf30,rsi2,GC,30,asia,,,,False,False,False,False,False,c1,96,0,0,0.0,-21294.583333333332,-18681.0,331.4583333333333,572,252,False,False,False,False,False,True,477.5,,,,,,,,,,,,,False,"1,2",,,,,,,,,,,,,,
rsi2-GC-tf30|eve|,s1,rsi2-GC-tf30,rsi2,GC,30,eve,,,,False,False,False,False,False,c1,96,0,0,0.11458333333333333,-15983.125,-13876.0,718.4375,572,252,False,False,False,False,False,True,1035.0,,,,,,,,,,,,,False,"1,2",,,,,,,,,,,,,,
rsi2-GC-tf30|london|,s1,rsi2-GC-tf30,rsi2,GC,30,london,,,,False,False,False,False,False,c1,96,0,0,0.09375,-16180.125,-14843.0,748.7291666666666,572,252,False,False,False,False,False,True,1078.6,,,,,,,,,,,,,False,"1,2",,,,,,,,,,,,,,
rsi2-GC-tf30|mid|,s1,rsi2-GC-tf30,rsi2,GC,30,mid,,,,False,False,False,False,False,c1,93,0,3,0.010752688172043012,-13841.182795698925,-15698.0,330.96774193548384,572,252,False,False,False,False,False,True,476.8,,,,,,,,,,,,,False,"1,2",,,,,,,,,,,,,,
rsi2-GC-tf30|nyam|,s1,rsi2-GC-tf30,rsi2,GC,30,nyam,,,,False,False,False,False,False,c1,95,0,1,0.010526315789473684,-7773.894736842105,-7870.0,307.2105263157895,572,252,False,False,False,False,False,True,442.6,,,,,,,,,,,,,False,"1,2",,,,,,,,,,,,,,
rsi2-GC-tf30|pm|,s1,rsi2-GC-tf30,rsi2,GC,30,pm,,,,False,False,False,False,False,c1,93,0,3,0.0,-14664.645161290322,-14562.0,343.5806451612903,572,252,False,False,False,False,False,True,494.9,,,,,,,,,,,,,False,"1,2",,,,,,,,,,,,,,
rsi2-GC-tf30|pre|,s1,rsi2-GC-tf30,rsi2,GC,30,pre,,,,False,False,False,False,False,c1,96,0,0,0.3125,-2168.7291666666665,-2529.0,363.71875,572,252,False,False,False,False,False,True,524.0,,,,,,,,,,,,,False,"1,2",,,,,,,,,,,,,,
rsi2-GC-tf5|asia|,s1,rsi2-GC-tf5,rsi2,GC,5,asia,,,,False,False,False,False,False,c1,96,0,0,0.0,-36155.0625,-34464.0,968.5833333333334,572,252,False,False,False,False,False,True,1395.3,,,,,,,,,,,,,False,"1,2",,,,,,,,,,,,,,
rsi2-GC-tf5|eve|,s1,rsi2-GC-tf5,rsi2,GC,5,eve,,,,False,False,False,False,False,c1,96,0,0,0.010416666666666666,-36222.895833333336,-37650.0,1158.3541666666667,572,252,False,False,False,False,False,True,1668.7,,,,,,,,,,,,,False,"1,2",,,,,,,,,,,,,,
rsi2-GC-tf5|london|,s1,rsi2-GC-tf5,rsi2,GC,5,london,,,,False,False,False,False,False,c1,96,0,0,0.020833333333333332,-36004.666666666664,-39375.0,1243.0416666666667,572,252,False,False,False,False,False,True,1790.7,,,,,,,,,,,,,False,"1,2",,,,,,,,,,,,,,
rsi2-GC-tf5|mid|,s1,rsi2-GC-tf5,rsi2,GC,5,mid,,,,False,False,False,False,False,c1,96,0,0,0.020833333333333332,-24811.125,-22253.0,911.7395833333334,572,252,False,False,False,False,False,True,1313.4,,,,,,,,,,,,,False,"1,2",,,,,,,,,,,,,,
rsi2-GC-tf5|nyam|,s1,rsi2-GC-tf5,rsi2,GC,5,nyam,,,,False,False,False,False,False,c1,96,0,0,0.03125,-27066.520833333332,-29027.0,974.0520833333334,572,252,False,False,False,False,False,True,1403.2,,,,,,,,,,,,,False,"1,2",,,,,,,,,,,,,,
rsi2-GC-tf5|pm|,s1,rsi2-GC-tf5,rsi2,GC,5,pm,,,,False,False,False,False,False,c1,96,0,0,0.0,-14012.270833333334,-13441.0,830.4895833333334,572,252,False,False,False,False,False,True,1196.4,,,,,,,,,,,,,False,"1,2",,,,,,,,,,,,,,
rsi2-GC-tf5|pre|,s1,rsi2-GC-tf5,rsi2,GC,5,pre,,,,False,False,False,False,False,c1,96,0,0,0.4375,-3376.4583333333335,-1438.0,787.03125,572,252,False,False,False,False,False,True,1133.8,,,,,,,,,,,,,False,"1,2",,,,,,,,,,,,,,
rsi2-NQ-tf15|asia|,s1,rsi2-NQ-tf15,rsi2,NQ,15,asia,,,,False,False,False,False,False,c1,96,0,0,0.78125,19121.927083333332,14437.0,701.9791666666666,573,252,True,True,False,False,True,True,1010.7,,False,-982.45,0.435,20104.38,0.0064,,,,,0.0,False,False,2,,,,,,,,,,,,,,
rsi2-NQ-tf15|eve|,s1,rsi2-NQ-tf15,rsi2,NQ,15,eve,,,,False,False,False,False,False,c1,96,0,0,0.8541666666666666,31407.697916666668,30732.0,931.2916666666666,573,252,True,True,True,False,True,True,1340.9,,False,-1691.56,0.45,33099.25,0.0049,,,,,0.0,False,False,2,,,,,,,,,,,,,,
rsi2-NQ-tf15|london|,s1,rsi2-NQ-tf15,rsi2,NQ,15,london,,,,False,False,False,False,False,c1,96,0,0,0.17708333333333334,-23810.03125,-21820.5,1126.6354166666667,573,252,False,False,False,False,False,True,1622.1,,,,,,,,,,,,,False,"1,2",,,,,,,,,,,,,,
rsi2-NQ-tf15|mid|,s1,rsi2-NQ-tf15,rsi2,NQ,15,mid,,,,False,False,False,False,False,c1,96,0,0,0.010416666666666666,-39921.03125,-36866.0,745.8958333333334,573,252,False,False,False,False,False,True,1073.9,,,,,,,,,,,,,False,"1,2",,,,,,,,,,,,,,
rsi2-NQ-tf15|nyam|,s1,rsi2-NQ-tf15,rsi2,NQ,15,nyam,,,,False,False,False,False,False,c1,96,0,0,0.13541666666666666,-31120.541666666668,-30985.0,798.2083333333334,573,252,False,False,False,False,False,True,1149.3,,,,,,,,,,,,,False,"1,2",,,,,,,,,,,,,,
rsi2-NQ-tf15|pm|,s1,rsi2-NQ-tf15,rsi2,NQ,15,pm,,,,False,False,False,False,False,c1,96,0,0,0.0,-66876.01041666667,-70685.0,851.2291666666666,573,252,False,False,False,False,False,True,1225.6,,,,,,,,,,,,,False,"1,2",,,,,,,,,,,,,,
rsi2-NQ-tf15|pre|,s1,rsi2-NQ-tf15,rsi2,NQ,15,pre,,,,False,False,False,False,False,c1,96,0,0,0.28125,-5677.208333333333,-10219.0,521.125,573,252,False,False,False,False,False,True,750.3,,,,,,,,,,,,,False,"1,2",,,,,,,,,,,,,,
rsi2-NQ-tf1|asia|,s1,rsi2-NQ-tf1,rsi2,NQ,1,asia,,,,False,False,False,False,False,c1,96,0,0,0.2916666666666667,-6570.09375,-12217.0,1207.3541666666667,573,252,False,False,False,False,False,True,1738.3,,,,,,,,,,,,,False,"1,2",,,,,,,,,,,,,,
rsi2-NQ-tf1|eve|,s1,rsi2-NQ-tf1,rsi2,NQ,1,eve,,,,False,False,False,False,False,c1,96,0,0,0.08333333333333333,-23674.770833333332,-24363.5,1296.6875,573,252,False,False,False,False,False,True,1867.0,,,,,,,,,,,,,False,"1,2",,,,,,,,,,,,,,
rsi2-NQ-tf1|london|,s1,rsi2-NQ-tf1,rsi2,NQ,1,london,,,,False,False,False,False,False,c1,96,0,0,0.09375,-30835.125,-33380.0,1464.7708333333333,573,252,False,False,False,False,False,True,2109.0,,,,,,,,,,,,,False,"1,2",,,,,,,,,,,,,,
rsi2-NQ-tf1|mid|,s1,rsi2-NQ-tf1,rsi2,NQ,1,mid,,,,False,False,False,False,False,c1,96,0,0,0.3645833333333333,-5847.96875,-8389.5,1467.65625,573,252,False,False,False,False,False,True,2113.1,,,,,,,,,,,,,False,"1,2",,,,,,,,,,,,,,
rsi2-NQ-tf1|nyam|,s1,rsi2-NQ-tf1,rsi2,NQ,1,nyam,,,,False,False,False,False,False,c1,96,0,0,0.14583333333333334,-30762.385416666668,-32915.5,1543.8125,573,252,False,False,False,False,False,True,2222.8,,,,,,,,,,,,,False,"1,2",,,,,,,,,,,,,,
rsi2-NQ-tf1|pm|,s1,rsi2-NQ-tf1,rsi2,NQ,1,pm,,,,False,False,False,False,False,c1,96,0,0,0.020833333333333332,-46009.46875,-42575.0,1466.7291666666667,573,252,False,False,False,False,False,True,2111.8,,,,,,,,,,,,,False,"1,2",,,,,,,,,,,,,,
rsi2-NQ-tf1|pre|,s1,rsi2-NQ-tf1,rsi2,NQ,1,pre,,,,False,False,False,False,False,c1,96,0,0,0.4791666666666667,23892.583333333332,-1740.0,1169.875,573,252,False,False,False,False,False,True,1684.4,,,,,,,,,,,,,False,"1,2",,,,,,,,,,,,,,
rsi2-NQ-tf30|asia|,s1,rsi2-NQ-tf30,rsi2,NQ,30,asia,,,,False,False,False,False,False,c1,96,0,0,0.4375,1707.8854166666667,-2184.0,357.9375,573,252,False,False,False,False,False,True,515.4,,,,,,,,,,,,,False,"1,2",,,,,,,,,,,,,,
rsi2-NQ-tf30|eve|,s1,rsi2-NQ-tf30,rsi2,NQ,30,eve,,,,False,False,False,False,False,c1,96,0,0,0.9895833333333334,52583.916666666664,44214.5,654.3333333333334,573,252,True,True,True,False,True,True,942.1,,False,7502.28,0.775,45081.64,0.0049,,,,,0.0001,False,False,2,,,,,,,,,,,,,,
rsi2-NQ-tf30|london|,s1,rsi2-NQ-tf30,rsi2,NQ,30,london,,,,False,False,False,False,False,c1,96,0,0,0.1875,-11455.833333333334,-11043.0,834.2708333333334,573,252,False,False,False,False,False,True,1201.2,,,,,,,,,,,,,False,"1,2",,,,,,,,,,,,,,
rsi2-NQ-tf30|mid|,s1,rsi2-NQ-tf30,rsi2,NQ,30,mid,,,,False,False,False,False,False,c1,96,0,0,0.010416666666666666,-32027.666666666668,-21537.5,443.7395833333333,573,252,False,False,False,False,False,True,638.9,,,,,,,,,,,,,False,"1,2",,,,,,,,,,,,,,
rsi2-NQ-tf30|nyam|,s1,rsi2-NQ-tf30,rsi2,NQ,30,nyam,,,,False,False,False,False,False,c1,96,0,0,0.09375,-27050.072916666668,-23185.5,465.7083333333333,573,252,False,False,False,False,False,True,670.5,,,,,,,,,,,,,False,"1,2",,,,,,,,,,,,,,
rsi2-NQ-tf30|pm|,s1,rsi2-NQ-tf30,rsi2,NQ,30,pm,,,,False,False,False,False,False,c1,96,0,0,0.010416666666666666,-39934.572916666664,-40597.0,526.8854166666666,573,252,False,False,False,False,False,True,758.6,,,,,,,,,,,,,False,"1,2",,,,,,,,,,,,,,
rsi2-NQ-tf30|pre|,s1,rsi2-NQ-tf30,rsi2,NQ,30,pre,,,,False,False,False,False,False,c1,96,0,0,0.5,13906.833333333334,-181.5,310.7395833333333,573,252,False,False,False,False,False,True,447.4,,False,5915.49,0.785,7991.34,0.0984,,,,,0.019,False,False,"1,2",,,,,,,,,,,,,,
rsi2-NQ-tf5|asia|,s1,rsi2-NQ-tf5,rsi2,NQ,5,asia,,,,False,False,False,False,False,c1,96,0,0,0.59375,7091.645833333333,4427.0,1015.0833333333334,573,252,False,False,False,False,False,True,1461.5,,False,-50.6,0.535,7142.24,0.004,,,,,0.0004,False,False,"1,2",,,,,,,,,,,,,,
rsi2-NQ-tf5|eve|,s1,rsi2-NQ-tf5,rsi2,NQ,5,eve,,,,False,False,False,False,False,c1,96,0,0,0.53125,-4020.7604166666665,3063.0,1182.8333333333333,573,252,False,False,False,False,False,True,1703.0,,,,,,,,,,,,,False,"1,2",,,,,,,,,,,,,,
rsi2-NQ-tf5|london|,s1,rsi2-NQ-tf5,rsi2,NQ,5,london,,,,False,False,False,False,False,c1,96,0,0,0.19791666666666666,-19481.177083333332,-23069.5,1368.3020833333333,573,252,False,False,False,False,False,True,1970.1,,,,,,,,,,,,,False,"1,2",,,,,,,,,,,,,,
rsi2-NQ-tf5|mid|,s1,rsi2-NQ-tf5,rsi2,NQ,5,mid,,,,False,False,False,False,False,c1,96,0,0,0.08333333333333333,-31847.020833333332,-29946.0,1187.0416666666667,573,252,False,False,False,False,False,True,1709.1,,,,,,,,,,,,,False,"1,2",,,,,,,,,,,,,,
rsi2-NQ-tf5|nyam|,s1,rsi2-NQ-tf5,rsi2,NQ,5,nyam,,,,False,False,False,False,False,c1,96,0,0,0.07291666666666667,-41738.697916666664,-39653.0,1241.3541666666667,573,252,False,False,False,False,False,True,1787.3,,,,,,,,,,,,,False,"1,2",,,,,,,,,,,,,,
rsi2-NQ-tf5|pm|,s1,rsi2-NQ-tf5,rsi2,NQ,5,pm,,,,False,False,False,False,False,c1,96,0,0,0.0,-64127.666666666664,-65167.0,1217.8020833333333,573,252,False,False,False,False,False,True,1753.4,,,,,,,,,,,,,False,"1,2",,,,,,,,,,,,,,
rsi2-NQ-tf5|pre|,s1,rsi2-NQ-tf5,rsi2,NQ,5,pre,,,,False,False,False,False,False,c1,96,0,0,0.4166666666666667,8993.885416666666,-3621.0,784.3541666666666,573,252,False,False,False,False,False,True,1129.3,,,,,,,,,,,,,False,"1,2",,,,,,,,,,,,,,
squeeze-ES-tf15|asia|,s1,squeeze-ES-tf15,squeeze,ES,15,asia,,,,False,False,False,False,False,c1,64,32,0,0.3125,-9730.65625,-7930.25,250.046875,573,252,False,False,False,False,False,True,360.0,,,,,,,,,,,,,False,"1,2",,,,,,,,,,,,,,
squeeze-ES-tf15|eve|,s1,squeeze-ES-tf15,squeeze,ES,15,eve,,,,False,False,False,False,False,c1,96,0,0,0.2604166666666667,-24427.682291666668,-26393.0,483.125,573,252,False,False,False,False,False,True,695.6,,,,,,,,,,,,,False,"1,2",,,,,,,,,,,,,,
squeeze-ES-tf15|london|,s1,squeeze-ES-tf15,squeeze,ES,15,london,,,,False,False,False,False,False,c1,96,0,0,0.17708333333333334,-22856.088541666668,-30201.25,553.3125,573,252,False,False,False,False,False,True,796.7,,,,,,,,,,,,,False,"1,2",,,,,,,,,,,,,,
squeeze-ES-tf15|mid|,s1,squeeze-ES-tf15,squeeze,ES,15,mid,,,,False,False,False,False,False,c1,96,0,0,0.20833333333333334,-17185.78125,-14518.75,426.9791666666667,573,252,False,False,False,False,False,True,614.8,,,,,,,,,,,,,False,"1,2",,,,,,,,,,,,,,
squeeze-ES-tf15|nyam|,s1,squeeze-ES-tf15,squeeze,ES,15,nyam,,,,False,False,False,False,False,c1,96,0,0,0.2604166666666667,-2494.5208333333335,-1529.5,108.65625,573,252,False,False,False,False,False,True,156.4,,,,,,,,,,,,,False,"1,2",,,,,,,,,,,,,,
squeeze-ES-tf15|pm|,s1,squeeze-ES-tf15,squeeze,ES,15,pm,,,,False,False,False,False,False,c1,93,0,3,0.17204301075268819,-13354.086021505376,-10677.0,308.01075268817203,573,252,False,False,False,False,False,True,443.5,,,,,,,,,,,,,False,"1,2",,,,,,,,,,,,,,
squeeze-ES-tf15|pre|,s1,squeeze-ES-tf15,squeeze,ES,15,pre,,,,False,False,False,False,False,c1,96,0,0,0.23958333333333334,-4169.869791666667,-3380.75,134.42708333333334,573,252,False,False,False,False,False,True,193.5,,,,,,,,,,,,,False,"1,2",,,,,,,,,,,,,,
squeeze-ES-tf1|asia|,s1,squeeze-ES-tf1,squeeze,ES,1,asia,,,,False,False,False,False,False,c1,96,0,0,0.03125,-36961.239583333336,-38636.75,952.3541666666666,573,252,False,False,False,False,False,True,1371.2,,,,,,,,,,,,,False,"1,2",,,,,,,,,,,,,,
squeeze-ES-tf1|eve|,s1,squeeze-ES-tf1,squeeze,ES,1,eve,,,,False,False,False,False,False,c1,96,0,0,0.0,-57614.645833333336,-57041.25,1188.4270833333333,573,252,False,False,False,False,False,True,1711.1,,,,,,,,,,,,,False,"1,2",,,,,,,,,,,,,,
squeeze-ES-tf1|london|,s1,squeeze-ES-tf1,squeeze,ES,1,london,,,,False,False,False,False,False,c1,96,0,0,0.0,-39248.333333333336,-39814.0,1309.21875,573,252,False,False,False,False,False,True,1885.0,,,,,,,,,,,,,False,"1,2",,,,,,,,,,,,,,
squeeze-ES-tf1|mid|,s1,squeeze-ES-tf1,squeeze,ES,1,mid,,,,False,False,False,False,False,c1,96,0,0,0.052083333333333336,-46171.614583333336,-48737.25,1247.65625,573,252,False,False,False,False,False,True,1796.4,,,,,,,,,,,,,False,"1,2",,,,,,,,,,,,,,
squeeze-ES-tf1|nyam|,s1,squeeze-ES-tf1,squeeze,ES,1,nyam,,,,False,False,False,False,False,c1,96,0,0,0.17708333333333334,-31932.588541666668,-31773.25,1151.6041666666667,573,252,False,False,False,False,False,True,1658.1,,,,,,,,,,,,,False,"1,2",,,,,,,,,,,,,,
squeeze-ES-tf1|pm|,s1,squeeze-ES-tf1,squeeze,ES,1,pm,,,,False,False,False,False,False,c1,96,0,0,0.010416666666666666,-39610.166666666664,-38889.25,1234.3125,573,252,False,False,False,False,False,True,1777.2,,,,,,,,,,,,,False,"1,2",,,,,,,,,,,,,,
squeeze-ES-tf1|pre|,s1,squeeze-ES-tf1,squeeze,ES,1,pre,,,,False,False,False,False,False,c1,96,0,0,0.17708333333333334,-14927.005208333334,-12686.25,808.0208333333334,573,252,False,False,False,False,False,True,1163.4,,,,,,,,,,,,,False,"1,2",,,,,,,,,,,,,,
squeeze-ES-tf30|asia|,s1,squeeze-ES-tf30,squeeze,ES,30,asia,,,,False,False,False,False,False,c1,32,64,0,0.125,-8199.375,-3446.25,110.0,573,252,False,False,False,False,False,True,158.4,,,,,,,,,,,,,False,"1,2",,,,,,,,,,,,,,
squeeze-ES-tf30|eve|,s1,squeeze-ES-tf30,squeeze,ES,30,eve,,,,False,False,False,False,False,c1,64,32,0,0.125,-16233.375,-13522.25,450.921875,573,252,False,False,False,False,False,True,649.2,,,,,,,,,,,,,False,"1,2",,,,,,,,,,,,,,
squeeze-ES-tf30|london|,s1,squeeze-ES-tf30,squeeze,ES,30,london,,,,False,False,False,False,False,c1,64,32,0,0.03125,-24583.765625,-23340.25,484.90625,573,252,False,False,False,False,False,True,698.2,,,,,,,,,,,,,False,"1,2",,,,,,,,,,,,,,
squeeze-ES-tf30|mid|,s1,squeeze-ES-tf30,squeeze,ES,30,mid,,,,False,False,False,False,False,c1,93,0,3,0.03225806451612903,-7780.596774193548,-7569.0,212.9247311827957,573,252,False,False,False,False,False,True,306.6,,,,,,,,,,,,,False,"1,2",,,,,,,,,,,,,,
squeeze-ES-tf30|nyam|,s1,squeeze-ES-tf30,squeeze,ES,30,nyam,,,,False,False,False,False,False,c1,31,64,1,0.03225806451612903,-4086.5967741935483,-3149.5,53.0,573,252,False,False,False,False,False,False,76.3,,,,,,,,,,,,,False,"1,2,3",,,,,,,,,,,,,,
squeeze-ES-tf30|pm|,s1,squeeze-ES-tf30,squeeze,ES,30,pm,,,,False,False,False,False,False,c1,90,0,6,0.0,-9384.288888888888,-9190.25,175.1,573,252,False,False,False,False,False,True,252.1,,,,,,,,,,,,,False,"1,2",,,,,,,,,,,,,,
squeeze-ES-tf30|pre|,s1,squeeze-ES-tf30,squeeze,ES,30,pre,,,,False,False,False,False,False,c1,64,32,0,0.515625,1300.46875,106.25,62.1875,573,252,False,False,False,False,False,False,89.5,,True,4321.74,1.0,-3021.27,0.0915,,,,,0.0055,True,False,"1,3",,,,,,,,,,,,,,
squeeze-ES-tf5|asia|,s1,squeeze-ES-tf5,squeeze,ES,5,asia,,,,False,False,False,False,False,c1,96,0,0,0.21875,-17682.625,-22429.0,542.7916666666666,573,252,False,False,False,False,False,True,781.5,,,,,,,,,,,,,False,"1,2",,,,,,,,,,,,,,
squeeze-ES-tf5|eve|,s1,squeeze-ES-tf5,squeeze,ES,5,eve,,,,False,False,False,False,False,c1,96,0,0,0.0,-38550.380208333336,-40098.75,859.4375,573,252,False,False,False,False,False,True,1237.4,,,,,,,,,,,,,False,"1,2",,,,,,,,,,,,,,
squeeze-ES-tf5|london|,s1,squeeze-ES-tf5,squeeze,ES,5,london,,,,False,False,False,False,False,c1,96,0,0,0.0,-36358.171875,-37525.25,963.9895833333334,573,252,False,False,False,False,False,True,1387.9,,,,,,,,,,,,,False,"1,2",,,,,,,,,,,,,,
squeeze-ES-tf5|mid|,s1,squeeze-ES-tf5,squeeze,ES,5,mid,,,,False,False,False,False,False,c1,96,0,0,0.20833333333333334,-19543.213541666668,-15890.0,746.4479166666666,573,252,False,False,False,False,False,True,1074.7,,,,,,,,,,,,,False,"1,2",,,,,,,,,,,,,,
squeeze-ES-tf5|nyam|,s1,squeeze-ES-tf5,squeeze,ES,5,nyam,,,,False,False,False,False,False,c1,96,0,0,0.3020833333333333,-8189.130208333333,-8606.75,518.34375,573,252,False,False,False,False,False,True,746.3,,,,,,,,,,,,,False,"1,2",,,,,,,,,,,,,,
squeeze-ES-tf5|pm|,s1,squeeze-ES-tf5,squeeze,ES,5,pm,,,,False,False,False,False,False,c1,96,0,0,0.17708333333333334,-16157.015625,-9809.75,708.4270833333334,573,252,False,False,False,False,False,True,1020.0,,,,,,,,,,,,,False,"1,2",,,,,,,,,,,,,,
squeeze-ES-tf5|pre|,s1,squeeze-ES-tf5,squeeze,ES,5,pre,,,,False,False,False,False,False,c1,96,0,0,0.25,-7248.192708333333,-6735.0,354.8541666666667,573,252,False,False,False,False,False,True,510.9,,,,,,,,,,,,,False,"1,2",,,,,,,,,,,,,,
squeeze-GC-tf15|asia|,s1,squeeze-GC-tf15,squeeze,GC,15,asia,,,,False,False,False,False,False,c1,64,32,0,0.1875,-12338.53125,-9267.0,237.484375,572,252,False,False,False,False,False,True,342.1,,,,,,,,,,,,,False,"1,2",,,,,,,,,,,,,,
squeeze-GC-tf15|eve|,s1,squeeze-GC-tf15,squeeze,GC,15,eve,,,,False,False,False,False,False,c1,96,0,0,0.22916666666666666,-10733.895833333334,-7421.0,468.6041666666667,572,252,False,False,False,False,False,True,675.1,,,,,,,,,,,,,False,"1,2",,,,,,,,,,,,,,
squeeze-GC-tf15|london|,s1,squeeze-GC-tf15,squeeze,GC,15,london,,,,False,False,False,False,False,c1,96,0,0,0.2604166666666667,-11718.104166666666,-10585.0,559.7604166666666,572,252,False,False,False,False,False,True,806.4,,,,,,,,,,,,,False,"1,2",,,,,,,,,,,,,,
squeeze-GC-tf15|mid|,s1,squeeze-GC-tf15,squeeze,GC,15,mid,,,,False,False,False,False,False,c1,94,0,2,0.3191489361702128,-8683.27659574468,-6478.0,409.9148936170213,572,252,False,False,False,False,False,True,590.5,,,,,,,,,,,,,False,"1,2",,,,,,,,,,,,,,
squeeze-GC-tf15|nyam|,s1,squeeze-GC-tf15,squeeze,GC,15,nyam,,,,False,False,False,False,False,c1,93,0,3,0.44086021505376344,-922.0860215053764,-1734.0,203.93548387096774,572,252,False,False,False,False,False,True,293.8,,,,,,,,,,,,,False,"1,2",,,,,,,,,,,,,,
squeeze-GC-tf15|pm|,s1,squeeze-GC-tf15,squeeze,GC,15,pm,,,,False,False,False,False,False,c1,90,0,6,0.25555555555555554,-7074.266666666666,-7316.0,366.6222222222222,572,252,False,False,False,False,False,True,528.1,,,,,,,,,,,,,False,"1,2",,,,,,,,,,,,,,
squeeze-GC-tf15|pre|,s1,squeeze-GC-tf15,squeeze,GC,15,pre,,,,False,False,False,False,False,c1,96,0,0,0.5416666666666666,5.0,106.0,114.0625,572,252,False,False,False,False,False,True,164.3,,False,-2321.91,0.15,2326.91,0.0058,,,,,0.0043,False,False,"1,2",,,,,,,,,,,,,,
squeeze-GC-tf1|asia|,s1,squeeze-GC-tf1,squeeze,GC,1,asia,,,,False,False,False,False,False,c1,96,0,0,0.020833333333333332,-28829.895833333332,-27912.0,902.65625,572,252,False,False,False,False,False,True,1300.3,,,,,,,,,,,,,False,"1,2",,,,,,,,,,,,,,
squeeze-GC-tf1|eve|,s1,squeeze-GC-tf1,squeeze,GC,1,eve,,,,False,False,False,False,False,c1,96,0,0,0.010416666666666666,-34124.0625,-30496.0,1080.7291666666667,572,252,False,False,False,False,False,True,1556.9,,,,,,,,,,,,,False,"1,2",,,,,,,,,,,,,,
squeeze-GC-tf1|london|,s1,squeeze-GC-tf1,squeeze,GC,1,london,,,,False,False,False,False,False,c1,96,0,0,0.052083333333333336,-29145.1875,-31841.0,1214.0833333333333,572,252,False,False,False,False,False,True,1749.0,,,,,,,,,,,,,False,"1,2",,,,,,,,,,,,,,
squeeze-GC-tf1|mid|,s1,squeeze-GC-tf1,squeeze,GC,1,mid,,,,False,False,False,False,False,c1,96,0,0,0.0,-22208.354166666668,-18088.0,967.1666666666666,572,252,False,False,False,False,False,True,1393.3,,,,,,,,,,,,,False,"1,2",,,,,,,,,,,,,,
squeeze-GC-tf1|nyam|,s1,squeeze-GC-tf1,squeeze,GC,1,nyam,,,,False,False,False,False,False,c1,96,0,0,0.25,-11917.645833333334,-5852.0,985.3229166666666,572,252,False,False,False,False,False,True,1419.4,,,,,,,,,,,,,False,"1,2",,,,,,,,,,,,,,
squeeze-GC-tf1|pm|,s1,squeeze-GC-tf1,squeeze,GC,1,pm,,,,False,False,False,False,False,c1,96,0,0,0.0,-23401.041666666668,-19190.0,851.40625,572,252,False,False,False,False,False,True,1226.5,,,,,,,,,,,,,False,"1,2",,,,,,,,,,,,,,
squeeze-GC-tf1|pre|,s1,squeeze-GC-tf1,squeeze,GC,1,pre,,,,False,False,False,False,False,c1,96,0,0,0.17708333333333334,-15129.583333333334,-10963.0,850.9375,572,252,False,False,False,False,False,True,1225.8,,,,,,,,,,,,,False,"1,2",,,,,,,,,,,,,,
squeeze-GC-tf30|asia|,s1,squeeze-GC-tf30,squeeze,GC,30,asia,,,,False,False,False,False,False,c1,32,64,0,0.0,-11189.1875,-9296.0,119.875,572,252,False,False,False,False,False,True,172.7,,,,,,,,,,,,,False,"1,2",,,,,,,,,,,,,,
squeeze-GC-tf30|eve|,s1,squeeze-GC-tf30,squeeze,GC,30,eve,,,,False,False,False,False,False,c1,64,32,0,0.015625,-19806.125,-16640.0,349.96875,572,252,False,False,False,False,False,True,504.2,,,,,,,,,,,,,False,"1,2",,,,,,,,,,,,,,
squeeze-GC-tf30|london|,s1,squeeze-GC-tf30,squeeze,GC,30,london,,,,False,False,False,False,False,c1,64,32,0,0.0,-26281.03125,-24095.0,517.640625,572,252,False,False,False,False,False,True,745.7,,,,,,,,,,,,,False,"1,2",,,,,,,,,,,,,,
squeeze-GC-tf30|mid|,s1,squeeze-GC-tf30,squeeze,GC,30,mid,,,,False,False,False,False,False,c1,92,0,4,0.25,-3154.5,-2724.0,318.32608695652175,572,252,False,False,False,False,False,True,458.6,,,,,,,,,,,,,False,"1,2",,,,,,,,,,,,,,
squeeze-GC-tf30|nyam|,s1,squeeze-GC-tf30,squeeze,GC,30,nyam,,,,False,False,False,False,False,c1,62,32,2,0.3870967741935484,-101.70967741935483,-743.0,62.0,572,252,False,False,False,False,False,False,89.3,,,,,,,,,,,,,False,"1,2,3",,,,,,,,,,,,,,
squeeze-GC-tf30|pm|,s1,squeeze-GC-tf30,squeeze,GC,30,pm,,,,False,False,False,False,False,c1,86,0,10,0.05813953488372093,-5465.069767441861,-6115.0,246.61627906976744,572,252,False,False,False,False,False,True,355.3,,,,,,,,,,,,,False,"1,2",,,,,,,,,,,,,,
squeeze-GC-tf30|pre|,s1,squeeze-GC-tf30,squeeze,GC,30,pre,,,,False,False,False,False,False,c1,53,32,11,0.18867924528301888,-1719.3962264150944,-2098.0,34.56603773584906,572,252,False,False,False,False,False,False,49.8,,,,,,,,,,,,,False,"1,2,3",,,,,,,,,,,,,,
squeeze-GC-tf5|asia|,s1,squeeze-GC-tf5,squeeze,GC,5,asia,,,,False,False,False,False,False,c1,96,0,0,0.041666666666666664,-17997.729166666668,-15584.0,545.65625,572,252,False,False,False,False,False,True,786.1,,,,,,,,,,,,,False,"1,2",,,,,,,,,,,,,,
squeeze-GC-tf5|eve|,s1,squeeze-GC-tf5,squeeze,GC,5,eve,,,,False,False,False,False,False,c1,96,0,0,0.041666666666666664,-22954.333333333332,-19424.0,853.6354166666666,572,252,False,False,False,False,False,True,1229.7,,,,,,,,,,,,,False,"1,2",,,,,,,,,,,,,,
squeeze-GC-tf5|london|,s1,squeeze-GC-tf5,squeeze,GC,5,london,,,,False,False,False,False,False,c1,96,0,0,0.08333333333333333,-18527.145833333332,-18082.0,921.2916666666666,572,252,False,False,False,False,False,True,1327.2,,,,,,,,,,,,,False,"1,2",,,,,,,,,,,,,,
squeeze-GC-tf5|mid|,s1,squeeze-GC-tf5,squeeze,GC,5,mid,,,,False,False,False,False,False,c1,96,0,0,0.22916666666666666,-7714.458333333333,-6609.0,610.8541666666666,572,252,False,False,False,False,False,True,880.0,,,,,,,,,,,,,False,"1,2",,,,,,,,,,,,,,
squeeze-GC-tf5|nyam|,s1,squeeze-GC-tf5,squeeze,GC,5,nyam,,,,False,False,False,False,False,c1,96,0,0,0.6145833333333334,5584.270833333333,2607.0,505.8333333333333,572,252,True,False,False,False,True,True,728.7,,False,3673.13,0.785,1911.14,0.0009,,,,,0.002,False,False,2,,,,,,,,,,,,,,
squeeze-GC-tf5|pm|,s1,squeeze-GC-tf5,squeeze,GC,5,pm,,,,False,False,False,False,False,c1,96,0,0,0.010416666666666666,-13715.0,-12728.0,561.09375,572,252,False,False,False,False,False,True,808.3,,,,,,,,,,,,,False,"1,2",,,,,,,,,,,,,,
squeeze-GC-tf5|pre|,s1,squeeze-GC-tf5,squeeze,GC,5,pre,,,,False,False,False,False,False,c1,96,0,0,0.23958333333333334,-4110.395833333333,-4008.0,410.125,572,252,False,False,False,False,False,True,590.8,,,,,,,,,,,,,False,"1,2",,,,,,,,,,,,,,
squeeze-NQ-tf15|asia|,s1,squeeze-NQ-tf15,squeeze,NQ,15,asia,,,,False,False,False,False,False,c1,64,32,0,0.34375,-4540.328125,-2297.0,303.65625,573,252,False,False,False,False,False,True,437.2,,,,,,,,,,,,,False,"1,2",,,,,,,,,,,,,,
squeeze-NQ-tf15|eve|,s1,squeeze-NQ-tf15,squeeze,NQ,15,eve,,,,False,False,False,False,False,c1,96,0,0,0.4166666666666667,-7952.364583333333,-2969.0,540.34375,573,252,False,False,False,False,False,True,778.0,,,,,,,,,,,,,False,"1,2",,,,,,,,,,,,,,
squeeze-NQ-tf15|london|,s1,squeeze-NQ-tf15,squeeze,NQ,15,london,,,,False,False,False,False,False,c1,96,0,0,0.09375,-19737.510416666668,-16014.5,613.0104166666666,573,252,False,False,False,False,False,True,882.6,,,,,,,,,,,,,False,"1,2",,,,,,,,,,,,,,
squeeze-NQ-tf15|mid|,s1,squeeze-NQ-tf15,squeeze,NQ,15,mid,,,,False,False,False,False,False,c1,95,0,1,0.11578947368421053,-21812.884210526317,-16696.0,480.85263157894735,573,252,False,False,False,False,False,True,692.3,,,,,,,,,,,,,False,"1,2",,,,,,,,,,,,,,
squeeze-NQ-tf15|nyam|,s1,squeeze-NQ-tf15,squeeze,NQ,15,nyam,,,,False,False,False,False,False,c1,96,0,0,0.7604166666666666,5837.677083333333,3767.0,107.15625,573,252,True,True,False,False,True,True,154.3,,False,2130.33,0.705,3707.35,0.0,,,,,0.0026,False,False,2,,,,,,,,,,,,,,
squeeze-NQ-tf15|pm|,s1,squeeze-NQ-tf15,squeeze,NQ,15,pm,,,,False,False,False,False,False,c1,93,0,3,0.3655913978494624,-11408.827956989247,-5284.0,340.68817204301075,573,252,False,False,False,False,False,True,490.5,,,,,,,,,,,,,False,"1,2",,,,,,,,,,,,,,
squeeze-NQ-tf15|pre|,s1,squeeze-NQ-tf15,squeeze,NQ,15,pre,,,,False,False,False,False,False,c1,96,0,0,0.5729166666666666,5090.625,827.5,149.53125,573,252,False,False,False,False,False,True,215.3,,False,3240.97,0.78,1849.65,0.002,,,,,0.0078,False,False,"1,2",,,,,,,,,,,,,,
squeeze-NQ-tf1|asia|,s1,squeeze-NQ-tf1,squeeze,NQ,1,asia,,,,False,False,False,False,False,c1,96,0,0,0.2604166666666667,-9853.760416666666,-13543.5,1045.1458333333333,573,252,False,False,False,False,False,True,1504.8,,,,,,,,,,,,,False,"1,2",,,,,,,,,,,,,,
squeeze-NQ-tf1|eve|,s1,squeeze-NQ-tf1,squeeze,NQ,1,eve,,,,False,False,False,False,False,c1,96,0,0,0.2708333333333333,-14078.96875,-12600.0,1226.2395833333333,573,252,False,False,False,False,False,True,1765.5,,,,,,,,,,,,,False,"1,2",,,,,,,,,,,,,,
squeeze-NQ-tf1|london|,s1,squeeze-NQ-tf1,squeeze,NQ,1,london,,,,False,False,False,False,False,c1,96,0,0,0.2916666666666667,-4034.0520833333335,-10167.0,1360.8958333333333,573,252,False,False,False,False,False,True,1959.4,,,,,,,,,,,,,False,"1,2",,,,,,,,,,,,,,
squeeze-NQ-tf1|mid|,s1,squeeze-NQ-tf1,squeeze,NQ,1,mid,,,,False,False,False,False,False,c1,96,0,0,0.22916666666666666,-15526.833333333334,-20696.5,1287.125,573,252,False,False,False,False,False,True,1853.2,,,,,,,,,,,,,False,"1,2",,,,,,,,,,,,,,
squeeze-NQ-tf1|nyam|,s1,squeeze-NQ-tf1,squeeze,NQ,1,nyam,,,,False,False,False,False,False,c1,96,0,0,0.4166666666666667,2307.3645833333335,-7167.0,1207.9375,573,252,False,False,False,False,False,True,1739.2,,,,,,,,,,,,,False,"1,2",,,,,,,,,,,,,,
squeeze-NQ-tf1|pm|,s1,squeeze-NQ-tf1,squeeze,NQ,1,pm,,,,False,False,False,False,False,c1,96,0,0,0.3645833333333333,-7201.291666666667,-9789.0,1263.3958333333333,573,252,False,False,False,False,False,True,1819.0,,,,,,,,,,,,,False,"1,2",,,,,,,,,,,,,,
squeeze-NQ-tf1|pre|,s1,squeeze-NQ-tf1,squeeze,NQ,1,pre,,,,False,False,False,False,False,c1,96,0,0,0.59375,13104.8125,7396.5,870.0208333333334,573,252,False,False,False,False,False,True,1252.6,,False,-8004.07,0.155,21108.88,0.0028,,,,,0.0011,False,False,"1,2",,,,,,,,,,,,,,
squeeze-NQ-tf30|asia|,s1,squeeze-NQ-tf30,squeeze,NQ,30,asia,,,,False,False,False,False,False,c1,32,64,0,0.1875,-8155.03125,-6484.0,141.0625,573,252,False,False,False,False,False,True,203.1,,,,,,,,,,,,,False,"1,2",,,,,,,,,,,,,,
squeeze-NQ-tf30|eve|,s1,squeeze-NQ-tf30,squeeze,NQ,30,eve,,,,False,False,False,False,False,c1,64,32,0,0.5,-1165.484375,226.5,501.234375,573,252,False,False,False,False,False,True,721.7,,,,,,,,,,,,,False,"1,2",,,,,,,,,,,,,,
squeeze-NQ-tf30|london|,s1,squeeze-NQ-tf30,squeeze,NQ,30,london,,,,False,False,False,False,False,c1,64,32,0,0.265625,-19394.65625,-16397.5,522.0625,573,252,False,False,False,False,False,True,751.7,,,,,,,,,,,,,False,"1,2",,,,,,,,,,,,,,
squeeze-NQ-tf30|mid|,s1,squeeze-NQ-tf30,squeeze,NQ,30,mid,,,,False,False,False,False,False,c1,95,0,1,0.3894736842105263,-1041.2631578947369,-1985.0,221.78947368421052,573,252,False,False,False,False,False,True,319.3,,,,,,,,,,,,,False,"1,2",,,,,,,,,,,,,,
squeeze-NQ-tf30|nyam|,s1,squeeze-NQ-tf30,squeeze,NQ,30,nyam,,,,False,False,False,False,False,c1,32,64,0,0.25,-2608.5,-3076.0,69.0,573,252,False,False,False,False,False,False,99.3,,,,,,,,,,,,,False,"1,2,3",,,,,,,,,,,,,,
squeeze-NQ-tf30|pm|,s1,squeeze-NQ-tf30,squeeze,NQ,30,pm,,,,False,False,False,False,False,c1,90,0,6,0.8777777777777778,7720.877777777778,6738.5,203.48888888888888,573,252,True,True,True,False,True,True,293.0,,True,11659.69,1.0,-3938.82,0.0034,,,,,0.0027,True,True,,,,,,,,,,,,,,,
squeeze-NQ-tf30|pre|,s1,squeeze-NQ-tf30,squeeze,NQ,30,pre,,,,False,False,False,False,False,c1,64,32,0,0.703125,4284.296875,1502.0,59.6875,573,252,True,True,False,False,True,False,85.9,,True,3557.35,0.95,726.94,0.0838,,,,,0.0106,True,False,3,,,,,,,,,,,,,,
squeeze-NQ-tf5|asia|,s1,squeeze-NQ-tf5,squeeze,NQ,5,asia,,,,False,False,False,False,False,c1,96,0,0,0.3229166666666667,-13477.927083333334,-13438.0,631.2395833333334,573,252,False,False,False,False,False,True,908.9,,,,,,,,,,,,,False,"1,2",,,,,,,,,,,,,,
squeeze-NQ-tf5|eve|,s1,squeeze-NQ-tf5,squeeze,NQ,5,eve,,,,False,False,False,False,False,c1,96,0,0,0.2708333333333333,-11721.0625,-9845.0,911.75,573,252,False,False,False,False,False,True,1312.7,,,,,,,,,,,,,False,"1,2",,,,,,,,,,,,,,
squeeze-NQ-tf5|london|,s1,squeeze-NQ-tf5,squeeze,NQ,5,london,,,,False,False,False,False,False,c1,96,0,0,0.3020833333333333,-13792.979166666666,-12424.0,1019.0520833333334,573,252,False,False,False,False,False,True,1467.2,,,,,,,,,,,,,False,"1,2",,,,,,,,,,,,,,
squeeze-NQ-tf5|mid|,s1,squeeze-NQ-tf5,squeeze,NQ,5,mid,,,,False,False,False,False,False,c1,96,0,0,0.4375,3314.71875,-1684.0,804.71875,573,252,False,False,False,False,False,True,1158.6,,,,,,,,,,,,,False,"1,2",,,,,,,,,,,,,,
squeeze-NQ-tf5|nyam|,s1,squeeze-NQ-tf5,squeeze,NQ,5,nyam,,,,False,False,False,False,False,c1,96,0,0,0.3958333333333333,7839.645833333333,-4663.0,565.7395833333334,573,252,False,False,False,False,False,True,814.5,,,,,,,,,,,,,False,"1,2",,,,,,,,,,,,,,
squeeze-NQ-tf5|pm|,s1,squeeze-NQ-tf5,squeeze,NQ,5,pm,,,,False,False,False,False,False,c1,96,0,0,0.5208333333333334,11087.625,1025.0,767.6770833333334,573,252,False,False,False,False,False,True,1105.3,,False,5933.13,0.79,5154.5,0.0023,,,,,0.0012,False,False,"1,2",,,,,,,,,,,,,,
squeeze-NQ-tf5|pre|,s1,squeeze-NQ-tf5,squeeze,NQ,5,pre,,,,False,False,False,False,False,c1,96,0,0,0.6770833333333334,8972.479166666666,4928.0,407.4270833333333,573,252,True,False,False,False,True,True,586.6,,False,-1421.4,0.43,10393.88,0.0003,,,,,0.0035,False,False,2,,,,,,,,,,,,,,
straddle-ES-tf15|london|,s1,straddle-ES-tf15,straddle,ES,15,london,,,,False,False,False,False,False,c1,96,0,0,0.041666666666666664,-21866.682291666668,-21521.5,571.0,573,252,False,False,False,False,False,True,822.1,,,,,,,,,,,,,False,"1,2",,,,,,,,,,,,,,
straddle-ES-tf15|mid|,s1,straddle-ES-tf15,straddle,ES,15,mid,,,,False,False,False,False,False,c1,96,0,0,0.2604166666666667,-11243.453125,-14664.0,567.6666666666666,573,252,False,False,False,False,False,True,817.3,,,,,,,,,,,,,False,"1,2",,,,,,,,,,,,,,
straddle-ES-tf15|nyam|,s1,straddle-ES-tf15,straddle,ES,15,nyam,,,,False,False,False,False,False,c1,96,0,0,0.28125,-6056.786458333333,-9202.75,571.0,573,252,False,False,False,False,False,True,822.1,,,,,,,,,,,,,False,"1,2",,,,,,,,,,,,,,
straddle-ES-tf15|pm|,s1,straddle-ES-tf15,straddle,ES,15,pm,,,,False,False,False,False,False,c1,96,0,0,0.3958333333333333,-4214.276041666667,-6336.75,562.0,573,252,False,False,False,False,False,True,809.2,,,,,,,,,,,,,False,"1,2",,,,,,,,,,,,,,
straddle-ES-tf15|pre|,s1,straddle-ES-tf15,straddle,ES,15,pre,,,,False,False,False,False,False,c1,96,0,0,0.11458333333333333,-20184.265625,-23724.25,561.3333333333334,573,252,False,False,False,False,False,True,808.2,,,,,,,,,,,,,False,"1,2",,,,,,,,,,,,,,
straddle-ES-tf1|london|,s1,straddle-ES-tf1,straddle,ES,1,london,,,,False,False,False,False,False,c1,96,0,0,0.0,-19948.0625,-16827.75,571.0,573,252,False,False,False,False,False,True,822.1,,,,,,,,,,,,,False,"1,2",,,,,,,,,,,,,,
straddle-ES-tf1|mid|,s1,straddle-ES-tf1,straddle,ES,1,mid,,,,False,False,False,False,False,c1,96,0,0,0.052083333333333336,-20954.572916666668,-22671.5,571.0,573,252,False,False,False,False,False,True,822.1,,,,,,,,,,,,,False,"1,2",,,,,,,,,,,,,,
straddle-ES-tf1|nyam|,s1,straddle-ES-tf1,straddle,ES,1,nyam,,,,False,False,False,False,False,c1,96,0,0,0.10416666666666667,-17138.947916666668,-20777.75,571.0,573,252,False,False,False,False,False,True,822.1,,,,,,,,,,,,,False,"1,2",,,,,,,,,,,,,,
straddle-ES-tf1|pm|,s1,straddle-ES-tf1,straddle,ES,1,pm,,,,False,False,False,False,False,c1,96,0,0,0.4895833333333333,1940.4635416666667,-274.25,567.0,573,252,False,False,False,False,False,True,816.4,,,,,,,,,,,,,False,"1,2",,,,,,,,,,,,,,
straddle-ES-tf1|pre|,s1,straddle-ES-tf1,straddle,ES,1,pre,,,,False,False,False,False,False,c1,96,0,0,0.09375,-22017.854166666668,-25190.25,571.0,573,252,False,False,False,False,False,True,822.1,,,,,,,,,,,,,False,"1,2",,,,,,,,,,,,,,
straddle-ES-tf30|london|,s1,straddle-ES-tf30,straddle,ES,30,london,,,,False,False,False,False,False,c1,96,0,0,0.08333333333333333,-16653.791666666668,-16477.75,571.0,573,252,False,False,False,False,False,True,822.1,,,,,,,,,,,,,False,"1,2",,,,,,,,,,,,,,
straddle-ES-tf30|mid|,s1,straddle-ES-tf30,straddle,ES,30,mid,,,,False,False,False,False,False,c1,96,0,0,0.28125,-10387.682291666666,-17815.5,561.6666666666666,573,252,False,False,False,False,False,True,808.7,,,,,,,,,,,,,False,"1,2",,,,,,,,,,,,,,
straddle-ES-tf30|nyam|,s1,straddle-ES-tf30,straddle,ES,30,nyam,,,,False,False,False,False,False,c1,96,0,0,0.2708333333333333,-5816.161458333333,-12102.75,571.0,573,252,False,False,False,False,False,True,822.1,,,,,,,,,,,,,False,"1,2",,,,,,,,,,,,,,
straddle-ES-tf30|pm|,s1,straddle-ES-tf30,straddle,ES,30,pm,,,,False,False,False,False,False,c1,96,0,0,0.3645833333333333,-5613.786458333333,-5355.75,554.0,573,252,False,False,False,False,False,True,797.6,,,,,,,,,,,,,False,"1,2",,,,,,,,,,,,,,
straddle-ES-tf30|pre|,s1,straddle-ES-tf30,straddle,ES,30,pre,,,,False,False,False,False,False,c1,96,0,0,0.1875,-16715.796875,-19010.0,531.0,573,252,False,False,False,False,False,True,764.5,,,,,,,,,,,,,False,"1,2",,,,,,,,,,,,,,
straddle-ES-tf5|london|,s1,straddle-ES-tf5,straddle,ES,5,london,,,,False,False,False,False,False,c1,96,0,0,0.010416666666666666,-19060.953125,-17446.5,571.0,573,252,False,False,False,False,False,True,822.1,,,,,,,,,,,,,False,"1,2",,,,,,,,,,,,,,
straddle-ES-tf5|mid|,s1,straddle-ES-tf5,straddle,ES,5,mid,,,,False,False,False,False,False,c1,96,0,0,0.22916666666666666,-11882.046875,-18927.75,571.0,573,252,False,False,False,False,False,True,822.1,,,,,,,,,,,,,False,"1,2",,,,,,,,,,,,,,
straddle-ES-tf5|nyam|,s1,straddle-ES-tf5,straddle,ES,5,nyam,,,,False,False,False,False,False,c1,96,0,0,0.21875,-9029.182291666666,-13127.75,571.0,573,252,False,False,False,False,False,True,822.1,,,,,,,,,,,,,False,"1,2",,,,,,,,,,,,,,
straddle-ES-tf5|pm|,s1,straddle-ES-tf5,straddle,ES,5,pm,,,,False,False,False,False,False,c1,96,0,0,0.4166666666666667,-3475.03125,-6386.75,567.0,573,252,False,False,False,False,False,True,816.4,,,,,,,,,,,,,False,"1,2",,,,,,,,,,,,,,
straddle-ES-tf5|pre|,s1,straddle-ES-tf5,straddle,ES,5,pre,,,,False,False,False,False,False,c1,96,0,0,0.0625,-23304.802083333332,-25275.75,570.6666666666666,573,252,False,False,False,False,False,True,821.6,,,,,,,,,,,,,False,"1,2",,,,,,,,,,,,,,
straddle-GC-tf15|london|,s1,straddle-GC-tf15,straddle,GC,15,london,,,,False,False,False,False,False,c1,96,0,0,0.03125,-18297.395833333332,-17180.0,565.0,572,252,False,False,False,False,False,True,813.9,,,,,,,,,,,,,False,"1,2",,,,,,,,,,,,,,
straddle-GC-tf15|mid|,s1,straddle-GC-tf15,straddle,GC,15,mid,,,,False,False,False,False,False,c1,96,0,0,0.34375,-3686.6458333333335,-4235.0,547.0,572,252,False,False,False,False,False,True,788.0,,,,,,,,,,,,,False,"1,2",,,,,,,,,,,,,,
straddle-GC-tf15|nyam|,s1,straddle-GC-tf15,straddle,GC,15,nyam,,,,False,False,False,False,False,c1,96,0,0,0.16666666666666666,-8842.375,-10087.0,563.6666666666666,572,252,False,False,False,False,False,True,812.0,,,,,,,,,,,,,False,"1,2",,,,,,,,,,,,,,
straddle-GC-tf15|pm|,s1,straddle-GC-tf15,straddle,GC,15,pm,,,,False,False,False,False,False,c1,96,0,0,0.0,-15846.4375,-16255.0,510.3333333333333,572,252,False,False,False,False,False,True,735.2,,,,,,,,,,,,,False,"1,2",,,,,,,,,,,,,,
straddle-GC-tf15|pre|,s1,straddle-GC-tf15,straddle,GC,15,pre,,,,False,False,False,False,False,c1,96,0,0,0.125,-9819.708333333334,-9855.0,561.3333333333334,572,252,False,False,False,False,False,True,808.6,,,,,,,,,,,,,False,"1,2",,,,,,,,,,,,,,
straddle-GC-tf1|london|,s1,straddle-GC-tf1,straddle,GC,1,london,,,,False,False,False,False,False,c1,96,0,0,0.052083333333333336,-16135.208333333334,-15165.0,565.0,572,252,False,False,False,False,False,True,813.9,,,,,,,,,,,,,False,"1,2",,,,,,,,,,,,,,
straddle-GC-tf1|mid|,s1,straddle-GC-tf1,straddle,GC,1,mid,,,,False,False,False,False,False,c1,96,0,0,0.14583333333333334,-7771.25,-7790.0,565.0,572,252,False,False,False,False,False,True,813.9,,,,,,,,,,,,,False,"1,2",,,,,,,,,,,,,,
straddle-GC-tf1|nyam|,s1,straddle-GC-tf1,straddle,GC,1,nyam,,,,False,False,False,False,False,c1,96,0,0,0.041666666666666664,-11488.4375,-12285.0,565.0,572,252,False,False,False,False,False,True,813.9,,,,,,,,,,,,,False,"1,2",,,,,,,,,,,,,,
straddle-GC-tf1|pm|,s1,straddle-GC-tf1,straddle,GC,1,pm,,,,False,False,False,False,False,c1,96,0,0,0.0,-18179.6875,-18175.0,565.0,572,252,False,False,False,False,False,True,813.9,,,,,,,,,,,,,False,"1,2",,,,,,,,,,,,,,
straddle-GC-tf1|pre|,s1,straddle-GC-tf1,straddle,GC,1,pre,,,,False,False,False,False,False,c1,96,0,0,0.09375,-14543.229166666666,-13410.0,565.0,572,252,False,False,False,False,False,True,813.9,,,,,,,,,,,,,False,"1,2",,,,,,,,,,,,,,
straddle-GC-tf30|london|,s1,straddle-GC-tf30,straddle,GC,30,london,,,,False,False,False,False,False,c1,96,0,0,0.08333333333333333,-16085.354166666666,-16911.0,564.3333333333334,572,252,False,False,False,False,False,True,813.0,,,,,,,,,,,,,False,"1,2",,,,,,,,,,,,,,
straddle-GC-tf30|mid|,s1,straddle-GC-tf30,straddle,GC,30,mid,,,,False,False,False,False,False,c1,93,0,3,0.3225806451612903,-4440.408602150537,-6038.0,520.6666666666666,572,252,False,False,False,False,False,True,750.1,,,,,,,,,,,,,False,"1,2",,,,,,,,,,,,,,
straddle-GC-tf30|nyam|,s1,straddle-GC-tf30,straddle,GC,30,nyam,,,,False,False,False,False,False,c1,96,0,0,0.14583333333333334,-8386.875,-9330.0,556.6666666666666,572,252,False,False,False,False,False,True,801.9,,,,,,,,,,,,,False,"1,2",,,,,,,,,,,,,,
straddle-GC-tf30|pm|,s1,straddle-GC-tf30,straddle,GC,30,pm,,,,False,False,False,False,False,c1,95,0,1,0.06315789473684211,-11383.705263157895,-11322.0,448.5052631578947,572,252,False,False,False,False,False,True,646.1,,,,,,,,,,,,,False,"1,2",,,,,,,,,,,,,,
straddle-GC-tf30|pre|,s1,straddle-GC-tf30,straddle,GC,30,pre,,,,False,False,False,False,False,c1,96,0,0,0.010416666666666666,-16953.416666666668,-15435.0,552.0,572,252,False,False,False,False,False,True,795.2,,,,,,,,,,,,,False,"1,2",,,,,,,,,,,,,,
straddle-GC-tf5|london|,s1,straddle-GC-tf5,straddle,GC,5,london,,,,False,False,False,False,False,c1,96,0,0,0.03125,-16093.125,-15490.0,565.0,572,252,False,False,False,False,False,True,813.9,,,,,,,,,,,,,False,"1,2",,,,,,,,,,,,,,
straddle-GC-tf5|mid|,s1,straddle-GC-tf5,straddle,GC,5,mid,,,,False,False,False,False,False,c1,96,0,0,0.09375,-6978.583333333333,-7295.0,562.6666666666666,572,252,False,False,False,False,False,True,810.6,,,,,,,,,,,,,False,"1,2",,,,,,,,,,,,,,
straddle-GC-tf5|nyam|,s1,straddle-GC-tf5,straddle,GC,5,nyam,,,,False,False,False,False,False,c1,96,0,0,0.11458333333333333,-13697.8125,-15045.0,565.0,572,252,False,False,False,False,False,True,813.9,,,,,,,,,,,,,False,"1,2",,,,,,,,,,,,,,
straddle-GC-tf5|pm|,s1,straddle-GC-tf5,straddle,GC,5,pm,,,,False,False,False,False,False,c1,96,0,0,0.0,-20883.854166666668,-20450.0,563.3333333333334,572,252,False,False,False,False,False,True,811.5,,,,,,,,,,,,,False,"1,2",,,,,,,,,,,,,,
straddle-GC-tf5|pre|,s1,straddle-GC-tf5,straddle,GC,5,pre,,,,False,False,False,False,False,c1,96,0,0,0.13541666666666666,-12497.395833333334,-13250.0,565.0,572,252,False,False,False,False,False,True,813.9,,,,,,,,,,,,,False,"1,2",,,,,,,,,,,,,,
straddle-NQ-tf15|london|,s1,straddle-NQ-tf15,straddle,NQ,15,london,,,,False,False,False,False,False,c1,96,0,0,0.8333333333333334,11129.5625,9783.0,568.0,573,252,True,True,True,False,True,True,817.8,,False,208.57,0.485,10920.99,0.0,,,,,0.0003,False,False,2,,,,,,,,,,,,,,
straddle-NQ-tf15|mid|,s1,straddle-NQ-tf15,straddle,NQ,15,mid,,,,False,False,False,False,False,c1,96,0,0,0.46875,6104.552083333333,-2983.5,565.3333333333334,573,252,False,False,False,False,False,True,814.0,,,,,,,,,,,,,False,"1,2",,,,,,,,,,,,,,
straddle-NQ-tf15|nyam|,s1,straddle-NQ-tf15,straddle,NQ,15,nyam,,,,False,False,False,False,False,c1,96,0,0,0.5729166666666666,16924.09375,4695.5,568.0,573,252,False,False,False,False,False,True,817.8,,False,-13843.05,0.13,30767.15,0.0,,,,,0.0016,False,False,"1,2",,,,,,,,,,,,,,
straddle-NQ-tf15|pm|,s1,straddle-NQ-tf15,straddle,NQ,15,pm,,,,False,False,False,False,False,c1,96,0,0,0.71875,14132.479166666666,12945.0,554.6666666666666,573,252,True,True,False,False,True,True,798.6,,False,2348.1,0.575,11784.37,0.0,,,,,0.001,False,False,2,,,,,,,,,,,,,,
straddle-NQ-tf15|pre|,s1,straddle-NQ-tf15,straddle,NQ,15,pre,,,,False,False,False,False,False,c1,96,0,0,0.4479166666666667,1686.2708333333333,-3124.5,557.0,573,252,False,False,False,False,False,True,802.0,,,,,,,,,,,,,False,"1,2",,,,,,,,,,,,,,
straddle-NQ-tf1|london|,s1,straddle-NQ-tf1,straddle,NQ,1,london,,,,False,False,False,False,False,c1,96,0,0,0.65625,6834.40625,6533.0,568.0,573,252,True,False,False,False,True,True,817.8,,False,-6024.9,0.225,12859.31,0.0,,,,,0.0009,False,False,2,,,,,,,,,,,,,,
straddle-NQ-tf1|mid|,s1,straddle-NQ-tf1,straddle,NQ,1,mid,,,,False,False,False,False,False,c1,96,0,0,0.2708333333333333,-7837.625,-10937.0,568.0,573,252,False,False,False,False,False,True,817.8,,,,,,,,,,,,,False,"1,2",,,,,,,,,,,,,,
straddle-NQ-tf1|nyam|,s1,straddle-NQ-tf1,straddle,NQ,1,nyam,,,,False,False,False,False,False,c1,96,0,0,0.2604166666666667,-5311.895833333333,-7842.0,568.0,573,252,False,False,False,False,False,True,817.8,,,,,,,,,,,,,False,"1,2",,,,,,,,,,,,,,
straddle-NQ-tf1|pm|,s1,straddle-NQ-tf1,straddle,NQ,1,pm,,,,False,False,False,False,False,c1,96,0,0,0.8125,22960.770833333332,19114.0,564.0,573,252,True,True,True,False,True,True,812.0,,False,10250.8,0.91,12709.98,0.0,,,,,0.0007,False,False,2,,,,,,,,,,,,,,
straddle-NQ-tf1|pre|,s1,straddle-NQ-tf1,straddle,NQ,1,pre,,,,False,False,False,False,False,c1,96,0,0,0.16666666666666666,-9616.427083333334,-13917.0,568.0,573,252,False,False,False,False,False,True,817.8,,,,,,,,,,,,,False,"1,2",,,,,,,,,,,,,,
straddle-NQ-tf30|london|,s1,straddle-NQ-tf30,straddle,NQ,30,london,,,,False,False,False,False,False,c1,96,0,0,0.7708333333333334,11089.302083333334,9355.5,568.0,573,252,True,True,False,False,True,True,817.8,,False,11741.02,0.855,-651.71,0.0,,,,,0.0003,False,False,2,,,,,,,,,,,,,,
straddle-NQ-tf30|mid|,s1,straddle-NQ-tf30,straddle,NQ,30,mid,,,,False,False,False,False,False,c1,96,0,0,0.4791666666666667,6620.895833333333,-3585.5,561.0,573,252,False,False,False,False,False,True,807.7,,,,,,,,,,,,,False,"1,2",,,,,,,,,,,,,,
straddle-NQ-tf30|nyam|,s1,straddle-NQ-tf30,straddle,NQ,30,nyam,,,,False,False,False,False,False,c1,96,0,0,0.6041666666666666,24048.9375,7680.5,568.0,573,252,True,False,False,False,True,True,817.8,,False,4474.63,0.66,19574.31,0.0687,,,,,0.0012,False,False,2,,,,,,,,,,,,,,
straddle-NQ-tf30|pm|,s1,straddle-NQ-tf30,straddle,NQ,30,pm,,,,False,False,False,False,False,c1,96,0,0,0.6979166666666666,7553.572916666667,7704.5,541.3333333333334,573,252,True,False,False,False,True,True,779.4,,False,14860.47,0.91,-7306.9,0.0037,,,,,0.0011,False,False,2,,,,,,,,,,,,,,
straddle-NQ-tf30|pre|,s1,straddle-NQ-tf30,straddle,NQ,30,pre,,,,False,False,False,False,False,c1,96,0,0,0.4270833333333333,5203.40625,-5813.0,527.0,573,252,False,False,False,False,False,True,758.8,,,,,,,,,,,,,False,"1,2",,,,,,,,,,,,,,
straddle-NQ-tf5|london|,s1,straddle-NQ-tf5,straddle,NQ,5,london,,,,False,False,False,False,False,c1,96,0,0,0.7291666666666666,8290.552083333334,8145.5,568.0,573,252,True,True,False,False,True,True,817.8,,False,-3007.68,0.385,11298.24,0.0,,,,,0.0003,False,False,2,,,,,,,,,,,,,,
straddle-NQ-tf5|mid|,s1,straddle-NQ-tf5,straddle,NQ,5,mid,,,,False,False,False,False,False,c1,96,0,0,0.3645833333333333,4576.760416666667,-6403.0,567.3333333333334,573,252,False,False,False,False,False,True,816.8,,,,,,,,,,,,,False,"1,2",,,,,,,,,,,,,,
straddle-NQ-tf5|nyam|,s1,straddle-NQ-tf5,straddle,NQ,5,nyam,,,,False,False,False,False,False,c1,96,0,0,0.46875,3085.8645833333335,-3182.0,568.0,573,252,False,False,False,False,False,True,817.8,,,,,,,,,,,,,False,"1,2",,,,,,,,,,,,,,
straddle-NQ-tf5|pm|,s1,straddle-NQ-tf5,straddle,NQ,5,pm,,,,False,False,False,False,False,c1,96,0,0,0.6666666666666666,9416.864583333334,6684.0,564.0,573,252,True,False,False,False,True,True,812.0,,False,-4675.7,0.335,14092.57,0.0,,,,,0.0005,False,False,2,,,,,,,,,,,,,,
straddle-NQ-tf5|pre|,s1,straddle-NQ-tf5,straddle,NQ,5,pre,,,,False,False,False,False,False,c1,96,0,0,0.19791666666666666,-7793.09375,-10729.5,568.0,573,252,False,False,False,False,False,True,817.8,,,,,,,,,,,,,False,"1,2",,,,,,,,,,,,,,
straddle_fbook-NQ-tf15|london|,s1,straddle_fbook-NQ-tf15,straddle_fbook,NQ,15,london,,,,False,True,True,False,False,c1+c2+base,96,0,0,0.4583333333333333,-3917.0833333333335,-1437.5,253.33333333333334,573,252,False,False,False,False,False,True,364.7,,,,,,,,,,,,,False,"1,2",,,,,,,,,,,,,,
straddle_fbook-NQ-tf15|pm|,s1,straddle_fbook-NQ-tf15,straddle_fbook,NQ,15,pm,,,,False,True,True,False,False,c1+c2+base,95,0,1,0.5684210526315789,2256.0105263157893,1819.0,208.37894736842105,573,252,False,False,False,False,False,True,300.0,,False,3683.74,0.725,-1427.73,0.0,False,,,,0.0014,False,False,"1,2",False,-14.17,10.83,24.99,no shuffled-book store on disk,,,,,,,,,
straddle_fbook-NQ-tf1|london|,s1,straddle_fbook-NQ-tf1,straddle_fbook,NQ,1,london,,,,False,True,True,False,False,c1+c2+base,96,0,0,0.4479166666666667,-3467.46875,-1936.0,279.6666666666667,573,252,False,False,False,False,False,True,402.7,,,,,,,,,,,,,False,"1,2",,,,,,,,,,,,,,
straddle_fbook-NQ-tf1|pm|,s1,straddle_fbook-NQ-tf1,straddle_fbook,NQ,1,pm,,,,False,True,True,False,False,c1+c2+base,96,0,0,0.875,17988.885416666668,18276.0,241.33333333333334,573,252,True,True,True,False,True,True,347.5,,True,12924.21,1.0,5064.68,0.0,False,3861.84,0.78,14127.04,0.0002,False,False,2,True,33.83,74.54,40.71,,,,,,,,,,
straddle_fbook-NQ-tf30|london|,s1,straddle_fbook-NQ-tf30,straddle_fbook,NQ,30,london,,,,False,True,True,False,False,c1+c2+base,96,0,0,0.2708333333333333,-3735.8333333333335,-2811.5,233.33333333333334,573,252,False,False,False,False,False,True,336.0,,,,,,,,,,,,,False,"1,2",,,,,,,,,,,,,,
straddle_fbook-NQ-tf30|nyam|,s1,straddle_fbook-NQ-tf30,straddle_fbook,NQ,30,nyam,,,,False,True,True,False,False,c1+c2+base,96,0,0,0.5729166666666666,6305.927083333333,3715.0,259.0,573,252,False,False,False,False,False,True,372.9,,False,-2725.0,0.305,9030.93,0.0734,False,,,,0.0012,False,False,"1,2",False,-17.99,24.35,42.34,no shuffled-book store on disk,,,,,,,,,
straddle_fbook-NQ-tf30|pm|,s1,straddle_fbook-NQ-tf30,straddle_fbook,NQ,30,pm,,,,False,True,True,False,False,c1+c2+base,93,0,3,0.5913978494623656,3836.0967741935483,2059.0,196.5268817204301,573,252,False,False,False,False,False,True,283.0,,False,7520.99,0.935,-3684.89,0.0068,False,,,,0.0021,False,False,"1,2",True,7.14,19.52,12.38,no shuffled-book store on disk,,,,,,,,,
straddle_fbook-NQ-tf5|london|,s1,straddle_fbook-NQ-tf5,straddle_fbook,NQ,5,london,,,,False,True,True,False,False,c1+c2+base,96,0,0,0.3854166666666667,-6378.010416666667,-2874.5,271.0,573,252,False,False,False,False,False,True,390.2,,,,,,,,,,,,,False,"1,2",,,,,,,,,,,,,,
straddle_fbook-NQ-tf5|pm|,s1,straddle_fbook-NQ-tf5,straddle_fbook,NQ,5,pm,,,,False,True,True,False,False,c1+c2+base,96,0,0,0.5833333333333334,6418.052083333333,1825.0,223.0,573,252,False,False,False,False,False,True,321.1,,False,6226.08,0.905,191.97,0.0,False,,,,0.0003,False,False,"1,2",True,12.08,28.78,16.7,no shuffled-book store on disk,,,,,,,,,
straddle_t_0000-ES-tf30|asia|,s1,straddle_t_0000-ES-tf30,straddle_t_0000,ES,30,asia,,,,True,False,False,True,False,shift,160,0,0,0.06875,-11542.58125,-9661.5,354.2,573,252,False,False,False,False,False,True,510.0,,,,,,,,,,,,,False,"1,2",,,,,,,,,,,,,,
straddle_t_0000-GC-tf30|asia|,s1,straddle_t_0000-GC-tf30,straddle_t_0000,GC,30,asia,,,,True,False,False,True,False,shift,160,0,0,0.3625,-3012.6,-3287.0,327.4,572,252,False,False,False,False,False,True,471.6,,,,,,,,,,,,,False,"1,2",,,,,,,,,,,,,,
straddle_t_0000-NQ-tf30|asia|,s1,straddle_t_0000-NQ-tf30,straddle_t_0000,NQ,30,asia,,,,True,False,False,True,False,shift,160,0,0,0.43125,-1765.4625,-1454.5,354.6,573,252,False,False,False,False,False,True,510.5,,,,,,,,,,,,,False,"1,2",,,,,,,,,,,,,,
straddle_t_0200-ES-tf30|asia|,s1,straddle_t_0200-ES-tf30,straddle_t_0200,ES,30,asia,,,,True,False,False,False,False,shift,160,0,0,0.05,-17604.496875,-17123.0,488.8,573,252,False,False,False,False,False,True,703.8,,,,,,,,,,,,,False,"1,2",,,,,,,,,,,,,,
straddle_t_0200-GC-tf30|asia|,s1,straddle_t_0200-GC-tf30,straddle_t_0200,GC,30,asia,,,,True,False,False,False,False,shift,160,0,0,0.025,-20734.7,-18707.0,437.8,572,252,False,False,False,False,False,True,630.7,,,,,,,,,,,,,False,"1,2",,,,,,,,,,,,,,
straddle_t_0200-NQ-tf30|asia|,s1,straddle_t_0200-NQ-tf30,straddle_t_0200,NQ,30,asia,,,,True,False,False,False,False,shift,160,0,0,0.35625,-2946.68125,-4483.0,492.6,573,252,False,False,False,False,False,True,709.2,,,,,,,,,,,,,False,"1,2",,,,,,,,,,,,,,
straddle_t_0300-ES-tf30|london|,s1,straddle_t_0300-ES-tf30,straddle_t_0300,ES,30,london,,,,True,False,False,False,False,shift,160,0,0,0.0625,-18284.76875,-17611.25,544.2,573,252,False,False,False,False,False,True,783.5,,,,,,,,,,,,,False,"1,2",,,,,,,,,,,,,,
straddle_t_0300-GC-tf30|london|,s1,straddle_t_0300-GC-tf30,straddle_t_0300,GC,30,london,,,,True,False,False,False,False,shift,160,0,0,0.05,-14998.3,-15231.0,471.2,572,252,False,False,False,False,False,True,678.8,,,,,,,,,,,,,False,"1,2",,,,,,,,,,,,,,
straddle_t_0300-NQ-tf30|london|,s1,straddle_t_0300-NQ-tf30,straddle_t_0300,NQ,30,london,,,,True,False,False,False,False,shift,160,0,0,0.6875,10116.31875,8584.0,543.6,573,252,True,False,False,False,True,True,782.7,,,,,,,,,,,0.0003,False,False,2,,,,,,False,5284.36,0.785,4831.96,,,,,
straddle_t_0300_fbook-NQ-tf30|london|,s1,straddle_t_0300_fbook-NQ-tf30,straddle_t_0300_fbook,NQ,30,london,,,,True,True,True,False,False,shift+c2+base,160,0,0,0.25625,-5681.9625,-4723.5,205.6,573,252,False,False,False,False,False,True,296.0,,,,,,,,,,,,,False,"1,2",,,,,,,,,,,,,,
straddle_t_0300_thin-NQ-tf30|london|,s1,straddle_t_0300_thin-NQ-tf30,straddle_t_0300_thin,NQ,30,london,,,,True,True,True,False,False,shift+c2+base,160,0,0,0.56875,1539.38125,863.5,57.6,573,252,False,False,False,False,False,False,82.9,,,,,,,False,,,,0.0014,False,False,"1,2,3",True,8.12,26.73,18.61,no shuffled-book store on disk,False,-3292.58,0.385,4831.96,,,,,
straddle_t_0300_xbook-NQ-tf30|london|,s1,straddle_t_0300_xbook-NQ-tf30,straddle_t_0300_xbook,NQ,30,london,,,,True,True,True,False,False,shift+c2+base,160,0,0,0.8,7284.975,6289.0,543.6,573,252,True,True,True,False,True,True,782.7,,,,,,,True,3445.98,0.95,3838.99,0.0009,False,False,2,False,-5.21,13.4,18.61,,False,2453.02,0.585,4831.96,,,,,
straddle_t_0830-ES-tf30|pre|,s1,straddle_t_0830-ES-tf30,straddle_t_0830,ES,30,pre,,,,True,False,False,False,False,shift,160,0,0,0.35625,-1999.640625,-6378.0,527.0,573,252,False,False,False,False,False,True,758.8,,,,,,,,,,,,,False,"1,2",,,,,,,,,,,,,,
straddle_t_0830-GC-tf30|pre|,s1,straddle_t_0830-GC-tf30,straddle_t_0830,GC,30,pre,,,,True,False,False,False,False,shift,160,0,0,0.39375,-4093.2375,-2478.0,524.2,572,252,False,False,False,False,False,True,755.1,,,,,,,,,,,,,False,"1,2",,,,,,,,,,,,,,
straddle_t_0830-NQ-tf30|pre|,s1,straddle_t_0830-NQ-tf30,straddle_t_0830,NQ,30,pre,,,,True,False,False,False,False,shift,160,0,0,0.91875,43665.35,35920.0,525.6,573,252,True,True,True,False,True,True,756.8,,,,,,,,,,,0.0325,True,True,,,,,,,True,29478.66,1.0,14186.69,,,,,
straddle_t_0830_fbook-NQ-tf30|pre|,s1,straddle_t_0830_fbook-NQ-tf30,straddle_t_0830_fbook,NQ,30,pre,,,,True,True,True,False,False,shift+c2+base,160,0,0,0.7125,7586.5875,4453.0,212.4,573,252,True,True,False,False,True,True,305.8,,,,,,,False,-16705.1,0.0,24291.69,0.0422,False,False,2,False,-47.36,35.72,83.08,,False,-6600.1,0.255,14186.69,,,,,
straddle_t_0830_thin-NQ-tf30|pre|,s1,straddle_t_0830_thin-NQ-tf30,straddle_t_0830_thin,NQ,30,pre,,,,True,True,True,False,False,shift+c2+base,160,0,0,0.91875,14112.96875,11831.5,182.0,573,252,True,True,True,False,True,True,262.0,,,,,,,False,-1538.27,0.365,15651.24,0.0762,False,False,2,False,-5.53,77.54,83.08,,False,-73.72,0.535,14186.69,,,,,
straddle_t_0830_xbook-NQ-tf30|pre|,s1,straddle_t_0830_xbook-NQ-tf30,straddle_t_0830_xbook,NQ,30,pre,,,,True,True,True,False,False,shift+c2+base,160,0,0,0.90625,26298.00625,21057.5,525.6,573,252,True,True,True,False,True,True,756.8,,,,,,,True,4490.53,0.96,21807.47,0.0763,False,False,2,False,-33.04,50.03,83.08,,False,12111.32,0.89,14186.69,,,,,
straddle_t_0930-ES-tf30|nyam|,s1,straddle_t_0930-ES-tf30,straddle_t_0930,ES,30,nyam,,,,True,False,False,False,False,shift,160,0,0,0.275,-5768.63125,-12434.0,570.4,573,252,False,False,False,False,False,True,821.3,,,,,,,,,,,,,False,"1,2",,,,,,,,,,,,,,
straddle_t_0930-GC-tf30|nyam|,s1,straddle_t_0930-GC-tf30,straddle_t_0930,GC,30,nyam,,,,True,False,False,False,False,shift,160,0,0,0.14375,-8100.95,-8748.0,544.8,572,252,False,False,False,False,False,True,784.8,,,,,,,,,,,,,False,"1,2",,,,,,,,,,,,,,
straddle_t_0930-NQ-tf30|nyam|,s1,straddle_t_0930-NQ-tf30,straddle_t_0930,NQ,30,nyam,,,,True,False,False,False,False,shift,160,0,0,0.54375,18213.975,5420.0,567.6,573,252,False,False,False,False,False,True,817.2,,,,,,,,,,,0.0015,False,False,"1,2",,,,,,False,14573.38,0.895,3640.59,,,,,
straddle_t_1105-ES-tf30|mid|,s1,straddle_t_1105-ES-tf30,straddle_t_1105,ES,30,mid,,,,True,False,False,True,False,shift,160,0,0,0.2875,-9329.025,-12909.5,539.6,573,252,False,False,False,False,False,True,776.9,,,,,,,,,,,,,False,"1,2",,,,,,,,,,,,,,
straddle_t_1105-GC-tf30|mid|,s1,straddle_t_1105-GC-tf30,straddle_t_1105,GC,30,mid,,,,True,False,False,True,False,shift,157,0,3,0.20382165605095542,-5397.949044585987,-5510.0,441.0,572,252,False,False,False,False,False,True,635.3,,,,,,,,,,,,,False,"1,2",,,,,,,,,,,,,,
straddle_t_1105-NQ-tf30|mid|,s1,straddle_t_1105-NQ-tf30,straddle_t_1105,NQ,30,mid,,,,True,False,False,True,False,shift,160,0,0,0.6,18202.21875,5598.0,545.0,573,252,True,False,False,True,True,True,784.7,,,,,,,,,,,0.0002,True,True,,,,,,,True,21821.11,0.98,-3618.89,,,,,
straddle_t_1105_fbook-NQ-tf30|mid|,s1,straddle_t_1105_fbook-NQ-tf30,straddle_t_1105_fbook,NQ,30,mid,,,,True,True,True,True,False,shift+c2+base,160,0,0,0.6,13338.425,1711.5,225.8,573,252,True,False,False,True,True,True,325.1,,,,,,,False,-121.8,0.535,13460.22,0.0003,False,False,2,True,25.67,59.07,33.4,,False,16957.32,0.915,-3618.89,,,,,
straddle_t_1105_thin-NQ-tf30|mid|,s1,straddle_t_1105_thin-NQ-tf30,straddle_t_1105_thin,NQ,30,mid,,,,True,True,True,True,False,shift+c2+base,158,0,2,0.5443037974683544,2530.5949367088606,576.0,38.822784810126585,573,252,False,False,False,False,False,False,55.9,,,,,,,False,,,,0.0001,False,False,"1,2,3",True,31.63,65.18,33.56,no shuffled-book store on disk,False,6622.63,0.65,-4092.03,,,,,
straddle_t_1105_xbook-NQ-tf30|mid|,s1,straddle_t_1105_xbook-NQ-tf30,straddle_t_1105_xbook,NQ,30,mid,,,,True,True,True,True,False,shift+c2+base,155,0,5,0.6774193548387096,8097.258064516129,5909.0,545.0,573,252,True,False,False,False,True,True,784.7,,,,,,,True,7453.69,1.0,643.56,0.0005,False,False,2,False,-14.3,14.86,29.16,,False,11415.1,0.875,-3317.84,,,,,
straddle_t_1330-ES-tf30|pm|,s1,straddle_t_1330-ES-tf30,straddle_t_1330,ES,30,pm,,,,True,False,False,False,False,shift,160,0,0,0.41875,-2676.734375,-2164.75,511.0,573,252,False,False,False,False,False,True,735.7,,,,,,,,,,,,,False,"1,2",,,,,,,,,,,,,,
straddle_t_1330-GC-tf30|pm|,s1,straddle_t_1330-GC-tf30,straddle_t_1330,GC,30,pm,,,,True,False,False,False,False,shift,158,0,2,0.15822784810126583,-9050.025316455696,-8282.0,330.7025316455696,572,252,False,False,False,False,False,True,476.4,,,,,,,,,,,,,False,"1,2",,,,,,,,,,,,,,
straddle_t_1330-NQ-tf30|pm|,s1,straddle_t_1330-NQ-tf30,straddle_t_1330,NQ,30,pm,,,,True,False,False,False,False,shift,160,0,0,0.55625,5075.41875,2124.5,507.2,573,252,False,False,False,False,False,True,730.3,,,,,,,,,,,0.0009,False,False,"1,2",,,,,,False,-6074.69,0.25,11150.11,,,,,
straddle_t_1800-ES-tf30|eve|,s1,straddle_t_1800-ES-tf30,straddle_t_1800,ES,30,eve,,,,True,False,False,False,False,shift,160,0,0,0.45,-1516.8875,-1815.75,451.8,573,252,False,False,False,False,False,True,650.5,,,,,,,,,,,,,False,"1,2",,,,,,,,,,,,,,
straddle_t_1800-GC-tf30|eve|,s1,straddle_t_1800-GC-tf30,straddle_t_1800,GC,30,eve,,,,True,False,False,False,False,shift,160,0,0,0.15,-12364.725,-7971.0,284.4,572,252,False,False,False,False,False,True,409.7,,,,,,,,,,,,,False,"1,2",,,,,,,,,,,,,,
straddle_t_1800-NQ-tf30|eve|,s1,straddle_t_1800-NQ-tf30,straddle_t_1800,NQ,30,eve,,,,True,False,False,False,False,shift,160,0,0,0.8375,15758.91875,13127.0,438.2,573,252,True,True,True,False,True,True,630.9,,,,,,,,,,,0.0155,True,True,,,,,,,True,44920.72,1.0,-29161.8,,,,,
straddle_t_1800_fbook-NQ-tf30|eve|,s1,straddle_t_1800_fbook-NQ-tf30,straddle_t_1800_fbook,NQ,30,eve,,,,True,True,True,False,False,shift+c2+base,159,0,1,0.5786163522012578,801.3584905660377,1134.0,34.15723270440252,573,252,False,False,False,False,False,False,49.2,,,,,,,False,,,,0.0004,False,False,"1,2,3",False,-11.99,23.46,35.45,no shuffled-book store on disk,True,29708.55,1.0,-28907.19,,,,,
straddle_t_1800_thin-NQ-tf30|eve|,s1,straddle_t_1800_thin-NQ-tf30,straddle_t_1800_thin,NQ,30,eve,,,,True,True,True,False,False,shift+c2+base,134,0,26,0.5,421.57462686567163,11.5,7.8059701492537314,573,252,False,False,False,False,False,False,11.2,,,,,,,False,,,,0.0,False,False,"1,2,3",True,16.73,54.01,37.28,no shuffled-book store on disk,True,30054.07,1.0,-29632.5,,,,,
straddle_t_1800_xbook-NQ-tf30|eve|,s1,straddle_t_1800_xbook-NQ-tf30,straddle_t_1800_xbook,NQ,30,eve,,,,True,True,True,False,False,shift+c2+base,160,0,0,0.75625,4379.825,3591.0,438.2,573,252,True,True,False,False,True,True,630.9,,,,,,,False,-1029.66,0.23,5409.48,0.0511,False,False,2,False,-25.97,10.0,35.96,,True,33541.62,1.0,-29161.8,,,,,
straddle_t_2000-ES-tf30|eve|,s1,straddle_t_2000-ES-tf30,straddle_t_2000,ES,30,eve,,,,True,False,False,False,False,shift,160,0,0,0.0,-34644.3125,-29848.0,466.0,573,252,False,False,False,False,False,True,670.9,,,,,,,,,,,,,False,"1,2",,,,,,,,,,,,,,
straddle_t_2000-GC-tf30|eve|,s1,straddle_t_2000-GC-tf30,straddle_t_2000,GC,30,eve,,,,True,False,False,False,False,shift,160,0,0,0.33125,-664.0,-4166.0,417.0,572,252,False,False,False,False,False,True,600.7,,,,,,,,,,,,,False,"1,2",,,,,,,,,,,,,,
straddle_t_2000-NQ-tf30|eve|,s1,straddle_t_2000-NQ-tf30,straddle_t_2000,NQ,30,eve,,,,True,False,False,False,False,shift,160,0,0,0.10625,-22359.89375,-15859.0,460.2,573,252,False,False,False,False,False,True,662.6,,,,,,,,,,,,,False,"1,2",,,,,,,,,,,,,,
straddle_thin-NQ-tf15|london|,s1,straddle_thin-NQ-tf15,straddle_thin,NQ,15,london,,,,False,True,True,False,False,c1+c2+base,96,0,0,0.7604166666666666,3589.75,3205.0,89.33333333333333,573,252,True,True,False,False,True,True,128.6,,False,521.22,0.585,3068.53,0.0,False,1033.4,0.565,2556.35,0.0013,False,False,2,True,20.59,40.18,19.59,,,,,,,,,,
straddle_thin-NQ-tf15|pm|,s1,straddle_thin-NQ-tf15,straddle_thin,NQ,15,pm,,,,False,True,True,False,False,c1+c2+base,92,0,4,0.30434782608695654,-3309.0434782608695,-1926.0,45.41304347826087,573,252,False,False,False,False,False,False,65.4,,,,,,,,,,,,,False,"1,2,3",,,,,,,,,,,,,,
straddle_thin-NQ-tf1|london|,s1,straddle_thin-NQ-tf1,straddle_thin,NQ,1,london,,,,False,True,True,False,False,c1+c2+base,96,0,0,0.6875,3598.6145833333335,4046.0,132.0,573,252,True,False,False,False,True,True,190.1,,False,-2403.51,0.21,6002.12,0.0,False,4243.85,0.86,-645.24,0.0014,False,False,2,True,15.23,27.26,12.03,,,,,,,,,,
straddle_thin-NQ-tf1|pm|,s1,straddle_thin-NQ-tf1,straddle_thin,NQ,1,pm,,,,False,True,True,False,False,c1+c2+base,96,0,0,0.53125,3040.3541666666665,608.5,42.333333333333336,573,252,False,False,False,False,False,False,61.0,,False,-1096.21,0.295,4136.57,0.0,False,578.2,0.665,2462.15,0.0048,False,False,"1,2,3",True,31.11,71.82,40.71,,,,,,,,,,
straddle_thin-NQ-tf30|london|,s1,straddle_thin-NQ-tf30,straddle_thin,NQ,30,london,,,,False,True,True,False,False,c1+c2+base,96,0,0,0.6979166666666666,3902.2916666666665,2788.0,68.33333333333333,573,252,True,False,False,False,True,False,98.4,,True,4987.05,0.96,-1084.76,0.0,False,-62.18,0.465,3964.47,0.0011,False,False,"2,3",True,37.58,57.11,19.52,,,,,,,,,,
straddle_thin-NQ-tf30|nyam|,s1,straddle_thin-NQ-tf30,straddle_thin,NQ,30,nyam,,,,False,True,True,False,False,c1+c2+base,96,0,0,0.3229166666666667,1026.6770833333333,-3704.0,129.33333333333334,573,252,False,False,False,False,False,True,186.2,,,,,,,,,,,,,False,"1,2",,,,,,,,,,,,,,
straddle_thin-NQ-tf30|pm|,s1,straddle_thin-NQ-tf30,straddle_thin,NQ,30,pm,,,,False,True,True,False,False,c1+c2+base,91,0,5,0.27472527472527475,-4585.846153846154,-3342.0,51.18681318681319,573,252,False,False,False,False,False,False,73.7,,,,,,,,,,,,,False,"1,2,3",,,,,,,,,,,,,,
straddle_thin-NQ-tf5|london|,s1,straddle_thin-NQ-tf5,straddle_thin,NQ,5,london,,,,False,True,True,False,False,c1+c2+base,96,0,0,0.7395833333333334,4440.427083333333,5319.0,112.66666666666667,573,252,True,True,False,False,True,True,162.2,,False,-1222.94,0.375,5663.37,0.0,False,2490.37,0.79,1950.05,0.0009,False,False,2,True,24.82,39.41,14.6,,,,,,,,,,
straddle_thin-NQ-tf5|pm|,s1,straddle_thin-NQ-tf5,straddle_thin,NQ,5,pm,,,,False,True,True,False,False,c1+c2+base,94,0,2,0.3404255319148936,-1422.9574468085107,-1781.0,40.659574468085104,573,252,False,False,False,False,False,False,58.5,,,,,,,,,,,,,False,"1,2,3",,,,,,,,,,,,,,
straddle_xbook-NQ-tf15|london|,s1,straddle_xbook-NQ-tf15,straddle_xbook,NQ,15,london,,,,False,True,True,False,False,c1+c2+base,96,0,0,0.9166666666666666,7848.572916666667,7443.0,568.0,573,252,True,True,True,False,True,True,817.8,,False,-4091.15,0.35,11939.73,0.0,True,3878.23,0.965,3970.34,0.0009,False,False,2,False,-5.78,13.82,19.59,,,,,,,,,,
straddle_xbook-NQ-tf15|pm|,s1,straddle_xbook-NQ-tf15,straddle_xbook,NQ,15,pm,,,,False,True,True,False,False,c1+c2+base,95,0,1,0.2631578947368421,-10645.694736842106,-14106.0,554.5684210526316,573,252,False,False,False,False,False,True,798.5,,,,,,,,,,,,,False,"1,2",,,,,,,,,,,,,,
straddle_xbook-NQ-tf1|london|,s1,straddle_xbook-NQ-tf1,straddle_xbook,NQ,1,london,,,,False,True,True,False,False,c1+c2+base,96,0,0,0.8125,7261.177083333333,6448.0,568.0,573,252,True,True,True,False,True,True,817.8,,False,-6288.57,0.185,13549.74,0.0,True,3878.46,0.98,3382.71,0.0021,False,False,2,True,0.75,12.78,12.03,,,,,,,,,,
straddle_xbook-NQ-tf1|pm|,s1,straddle_xbook-NQ-tf1,straddle_xbook,NQ,1,pm,,,,False,True,True,False,False,c1+c2+base,96,0,0,0.11458333333333333,-8620.479166666666,-9018.5,564.0,573,252,False,False,False,False,False,True,812.0,,,,,,,,,,,,,False,"1,2",,,,,,,,,,,,,,
straddle_xbook-NQ-tf30|london|,s1,straddle_xbook-NQ-tf30,straddle_xbook,NQ,30,london,,,,False,True,True,False,False,c1+c2+base,96,0,0,0.84375,8221.958333333334,6913.0,568.0,573,252,True,True,True,False,True,True,817.8,,False,6879.95,0.725,1342.01,0.0,True,3977.24,0.985,4244.72,0.0009,False,False,2,False,-5.05,14.48,19.52,,,,,,,,,,
straddle_xbook-NQ-tf30|nyam|,s1,straddle_xbook-NQ-tf30,straddle_xbook,NQ,30,nyam,,,,False,True,True,False,False,c1+c2+base,95,0,1,0.25263157894736843,-3948.9473684210525,-5112.0,568.0,573,252,False,False,False,False,False,True,817.8,,,,,,,,,,,,,False,"1,2",,,,,,,,,,,,,,
straddle_xbook-NQ-tf30|pm|,s1,straddle_xbook-NQ-tf30,straddle_xbook,NQ,30,pm,,,,False,True,True,False,False,c1+c2+base,94,0,2,0.09574468085106383,-13172.074468085106,-14952.0,540.8510638297872,573,252,False,False,False,False,False,True,778.7,,,,,,,,,,,,,False,"1,2",,,,,,,,,,,,,,
straddle_xbook-NQ-tf5|london|,s1,straddle_xbook-NQ-tf5,straddle_xbook,NQ,5,london,,,,False,True,True,False,False,c1+c2+base,96,0,0,0.84375,9537.947916666666,9705.5,568.0,573,252,True,True,True,False,True,True,817.8,,False,-2281.01,0.435,11818.96,0.0,True,3627.42,0.955,5910.53,0.0008,False,False,2,True,2.2,16.79,14.6,,,,,,,,,,
straddle_xbook-NQ-tf5|pm|,s1,straddle_xbook-NQ-tf5,straddle_xbook,NQ,5,pm,,,,False,True,True,False,False,c1+c2+base,96,0,0,0.041666666666666664,-14199.385416666666,-14763.5,564.0,573,252,False,False,False,False,False,True,812.0,,,,,,,,,,,,,False,"1,2",,,,,,,,,,,,,,
supertrend-ES-tf15|asia|,s1,supertrend-ES-tf15,supertrend,ES,15,asia,,,,False,False,False,True,False,c1,32,0,0,0.625,936.15625,601.0,56.0,573,252,True,False,False,False,True,False,80.6,,False,-2108.22,0.19,3044.38,0.0,,,,,0.0,False,False,"2,3",,,,,,,,,,,,,,
supertrend-ES-tf15|eve|,s1,supertrend-ES-tf15,supertrend,ES,15,eve,,,,False,False,False,True,False,c1,32,0,0,0.0,-13967.46875,-14321.25,160.8125,573,252,False,False,False,False,False,True,231.5,,,,,,,,,,,,,False,"1,2",,,,,,,,,,,,,,
supertrend-ES-tf15|london|,s1,supertrend-ES-tf15,supertrend,ES,15,london,,,,False,False,False,True,False,c1,32,0,0,0.0625,-21090.75,-18513.0,396.125,573,252,False,False,False,False,False,True,570.3,,,,,,,,,,,,,False,"1,2",,,,,,,,,,,,,,
supertrend-ES-tf15|mid|,s1,supertrend-ES-tf15,supertrend,ES,15,mid,,,,False,False,False,True,False,c1,32,0,0,0.40625,-920.953125,-2225.25,136.0,573,252,False,False,False,False,False,True,195.8,,,,,,,,,,,,,False,"1,2",,,,,,,,,,,,,,
supertrend-ES-tf15|nyam|,s1,supertrend-ES-tf15,supertrend,ES,15,nyam,,,,False,False,False,True,False,c1,32,0,0,0.5,507.671875,199.75,210.875,573,252,False,False,False,False,False,True,303.6,,False,-5103.71,0.165,5611.38,0.0,,,,,0.0018,False,False,"1,2",,,,,,,,,,,,,,
supertrend-ES-tf15|pm|,s1,supertrend-ES-tf15,supertrend,ES,15,pm,,,,False,False,False,True,False,c1,32,0,0,0.375,370.5625,-293.5,139.0,573,252,False,False,False,False,False,True,200.1,,,,,,,,,,,,,False,"1,2",,,,,,,,,,,,,,
supertrend-ES-tf15|pre|,s1,supertrend-ES-tf15,supertrend,ES,15,pre,,,,False,False,False,True,False,c1,32,0,0,0.25,-1661.25,-2267.5,120.0,573,252,False,False,False,False,False,True,172.8,,,,,,,,,,,,,False,"1,2",,,,,,,,,,,,,,
supertrend-ES-tf1|asia|,s1,supertrend-ES-tf1,supertrend,ES,1,asia,,,,False,False,False,True,False,c1,32,0,0,0.0625,-42133.40625,-43457.25,1062.0625,573,252,False,False,False,False,False,True,1529.1,,,,,,,,,,,,,False,"1,2",,,,,,,,,,,,,,
supertrend-ES-tf1|eve|,s1,supertrend-ES-tf1,supertrend,ES,1,eve,,,,False,False,False,True,False,c1,32,0,0,0.0,-41273.921875,-41779.75,1224.4375,573,252,False,False,False,False,False,True,1762.9,,,,,,,,,,,,,False,"1,2",,,,,,,,,,,,,,
supertrend-ES-tf1|london|,s1,supertrend-ES-tf1,supertrend,ES,1,london,,,,False,False,False,True,False,c1,32,0,0,0.0,-46895.890625,-44649.75,1380.125,573,252,False,False,False,False,False,True,1987.1,,,,,,,,,,,,,False,"1,2",,,,,,,,,,,,,,
supertrend-ES-tf1|mid|,s1,supertrend-ES-tf1,supertrend,ES,1,mid,,,,False,False,False,True,False,c1,32,0,0,0.125,-31226.140625,-33777.5,1168.15625,573,252,False,False,False,False,False,True,1681.9,,,,,,,,,,,,,False,"1,2",,,,,,,,,,,,,,
supertrend-ES-tf1|nyam|,s1,supertrend-ES-tf1,supertrend,ES,1,nyam,,,,False,False,False,True,False,c1,32,0,0,0.0,-43062.265625,-44835.0,1084.21875,573,252,False,False,False,False,False,True,1561.0,,,,,,,,,,,,,False,"1,2",,,,,,,,,,,,,,
supertrend-ES-tf1|pm|,s1,supertrend-ES-tf1,supertrend,ES,1,pm,,,,False,False,False,True,False,c1,32,0,0,0.0,-45995.578125,-51162.5,1229.65625,573,252,False,False,False,False,False,True,1770.4,,,,,,,,,,,,,False,"1,2",,,,,,,,,,,,,,
supertrend-ES-tf1|pre|,s1,supertrend-ES-tf1,supertrend,ES,1,pre,,,,False,False,False,True,False,c1,32,0,0,0.0625,-24056.015625,-23615.5,657.65625,573,252,False,False,False,False,False,True,946.9,,,,,,,,,,,,,False,"1,2",,,,,,,,,,,,,,
supertrend-ES-tf30|eve|,s1,supertrend-ES-tf30,supertrend,ES,30,eve,,,,False,False,False,True,False,c1,32,0,0,0.65625,1688.421875,368.5,11.0,573,252,True,False,False,False,True,False,15.8,,False,421.33,0.635,1267.09,0.0,,,,,0.0008,False,False,"2,3",,,,,,,,,,,,,,
supertrend-ES-tf30|london|,s1,supertrend-ES-tf30,supertrend,ES,30,london,,,,False,False,False,True,False,c1,32,0,0,0.1875,-7213.046875,-7552.5,110.0,573,252,False,False,False,False,False,True,158.4,,,,,,,,,,,,,False,"1,2",,,,,,,,,,,,,,
supertrend-ES-tf30|mid|,s1,supertrend-ES-tf30,supertrend,ES,30,mid,,,,False,False,False,True,False,c1,32,0,0,0.5,2485.703125,21.25,90.0,573,252,False,False,False,False,False,True,129.6,,False,3408.78,0.88,-923.08,0.0111,,,,,0.0005,False,False,"1,2",,,,,,,,,,,,,,
supertrend-ES-tf30|nyam|,s1,supertrend-ES-tf30,supertrend,ES,30,nyam,,,,False,False,False,True,False,c1,32,0,0,0.625,1812.46875,1888.25,117.0,573,252,True,False,False,False,True,True,168.5,,False,30.02,0.505,1782.45,0.0342,,,,,0.0015,False,False,2,,,,,,,,,,,,,,
supertrend-ES-tf30|pm|,s1,supertrend-ES-tf30,supertrend,ES,30,pm,,,,False,False,False,True,False,c1,31,0,1,0.7741935483870968,2262.935483870968,2158.5,76.0,573,252,True,True,False,False,True,True,109.4,,False,452.06,0.555,1810.87,0.0,,,,,0.0041,False,False,2,,,,,,,,,,,,,,
supertrend-ES-tf30|pre|,s1,supertrend-ES-tf30,supertrend,ES,30,pre,,,,False,False,False,True,False,c1,32,0,0,0.3125,-1567.546875,-1975.75,58.0,573,252,False,False,False,False,False,False,83.5,,,,,,,,,,,,,False,"1,2,3",,,,,,,,,,,,,,
supertrend-ES-tf5|asia|,s1,supertrend-ES-tf5,supertrend,ES,5,asia,,,,False,False,False,True,False,c1,32,0,0,0.09375,-14947.59375,-17473.5,413.65625,573,252,False,False,False,False,False,True,595.6,,,,,,,,,,,,,False,"1,2",,,,,,,,,,,,,,
supertrend-ES-tf5|eve|,s1,supertrend-ES-tf5,supertrend,ES,5,eve,,,,False,False,False,True,False,c1,32,0,0,0.0,-35283.625,-36645.0,609.1875,573,252,False,False,False,False,False,True,877.1,,,,,,,,,,,,,False,"1,2",,,,,,,,,,,,,,
supertrend-ES-tf5|london|,s1,supertrend-ES-tf5,supertrend,ES,5,london,,,,False,False,False,True,False,c1,32,0,0,0.0625,-26330.671875,-26885.75,813.625,573,252,False,False,False,False,False,True,1171.4,,,,,,,,,,,,,False,"1,2",,,,,,,,,,,,,,
supertrend-ES-tf5|mid|,s1,supertrend-ES-tf5,supertrend,ES,5,mid,,,,False,False,False,True,False,c1,32,0,0,0.28125,-4418.453125,-7809.25,278.34375,573,252,False,False,False,False,False,True,400.8,,,,,,,,,,,,,False,"1,2",,,,,,,,,,,,,,
supertrend-ES-tf5|nyam|,s1,supertrend-ES-tf5,supertrend,ES,5,nyam,,,,False,False,False,True,False,c1,32,0,0,0.28125,-4179.390625,-8070.25,461.9375,573,252,False,False,False,False,False,True,665.1,,,,,,,,,,,,,False,"1,2",,,,,,,,,,,,,,
supertrend-ES-tf5|pm|,s1,supertrend-ES-tf5,supertrend,ES,5,pm,,,,False,False,False,True,False,c1,32,0,0,0.40625,-5060.328125,-3303.5,388.8125,573,252,False,False,False,False,False,True,559.8,,,,,,,,,,,,,False,"1,2",,,,,,,,,,,,,,
supertrend-ES-tf5|pre|,s1,supertrend-ES-tf5,supertrend,ES,5,pre,,,,False,False,False,True,False,c1,32,0,0,0.3125,-4006.421875,-4864.25,225.53125,573,252,False,False,False,False,False,True,324.7,,,,,,,,,,,,,False,"1,2",,,,,,,,,,,,,,
supertrend-GC-tf15|asia|,s1,supertrend-GC-tf15,supertrend,GC,15,asia,,,,False,False,False,True,False,c1,32,0,0,0.125,-3522.9375,-3567.0,53.0,572,252,False,False,False,False,False,False,76.3,,,,,,,,,,,,,False,"1,2,3",,,,,,,,,,,,,,
supertrend-GC-tf15|eve|,s1,supertrend-GC-tf15,supertrend,GC,15,eve,,,,False,False,False,True,False,c1,32,0,0,0.0,-12849.75,-12833.0,284.46875,572,252,False,False,False,False,False,True,409.8,,,,,,,,,,,,,False,"1,2",,,,,,,,,,,,,,
supertrend-GC-tf15|london|,s1,supertrend-GC-tf15,supertrend,GC,15,london,,,,False,False,False,True,False,c1,32,0,0,0.0,-14260.5625,-14105.0,362.25,572,252,False,False,False,False,False,True,521.8,,,,,,,,,,,,,False,"1,2",,,,,,,,,,,,,,
supertrend-GC-tf15|mid|,s1,supertrend-GC-tf15,supertrend,GC,15,mid,,,,False,False,False,True,False,c1,30,0,2,0.26666666666666666,-1368.3333333333333,-1249.0,76.0,572,252,False,False,False,False,False,True,109.5,,,,,,,,,,,,,False,"1,2",,,,,,,,,,,,,,
supertrend-GC-tf15|nyam|,s1,supertrend-GC-tf15,supertrend,GC,15,nyam,,,,False,False,False,True,False,c1,32,0,0,0.5,587.3125,-110.0,135.75,572,252,False,False,False,False,False,True,195.6,,False,2859.21,0.775,-2271.9,0.0,,,,,0.0,False,False,"1,2",,,,,,,,,,,,,,
supertrend-GC-tf15|pm|,s1,supertrend-GC-tf15,supertrend,GC,15,pm,,,,False,False,False,True,False,c1,27,0,5,0.0,-1972.2222222222222,-1960.0,45.0,572,252,False,False,False,False,False,False,64.8,,,,,,,,,,,,,False,"1,2,3",,,,,,,,,,,,,,
supertrend-GC-tf15|pre|,s1,supertrend-GC-tf15,supertrend,GC,15,pre,,,,False,False,False,True,False,c1,32,0,0,0.09375,-4503.75,-4180.0,165.0,572,252,False,False,False,False,False,True,237.7,,,,,,,,,,,,,False,"1,2",,,,,,,,,,,,,,
supertrend-GC-tf1|asia|,s1,supertrend-GC-tf1,supertrend,GC,1,asia,,,,False,False,False,True,False,c1,32,0,0,0.09375,-21931.625,-22256.0,1025.09375,572,252,False,False,False,False,False,True,1476.7,,,,,,,,,,,,,False,"1,2",,,,,,,,,,,,,,
supertrend-GC-tf1|eve|,s1,supertrend-GC-tf1,supertrend,GC,1,eve,,,,False,False,False,True,False,c1,32,0,0,0.0625,-31357.0,-31898.0,1192.6875,572,252,False,False,False,False,False,True,1718.1,,,,,,,,,,,,,False,"1,2",,,,,,,,,,,,,,
supertrend-GC-tf1|london|,s1,supertrend-GC-tf1,supertrend,GC,1,london,,,,False,False,False,True,False,c1,32,0,0,0.0,-42324.5625,-44655.0,1284.8125,572,252,False,False,False,False,False,True,1850.8,,,,,,,,,,,,,False,"1,2",,,,,,,,,,,,,,
supertrend-GC-tf1|mid|,s1,supertrend-GC-tf1,supertrend,GC,1,mid,,,,False,False,False,True,False,c1,32,0,0,0.0,-28276.5,-29013.0,963.96875,572,252,False,False,False,False,False,True,1388.7,,,,,,,,,,,,,False,"1,2",,,,,,,,,,,,,,
supertrend-GC-tf1|nyam|,s1,supertrend-GC-tf1,supertrend,GC,1,nyam,,,,False,False,False,True,False,c1,32,0,0,0.0,-19111.6875,-19091.0,922.0625,572,252,False,False,False,False,False,True,1328.3,,,,,,,,,,,,,False,"1,2",,,,,,,,,,,,,,
supertrend-GC-tf1|pm|,s1,supertrend-GC-tf1,supertrend,GC,1,pm,,,,False,False,False,True,False,c1,32,0,0,0.0,-25753.375,-24690.0,927.09375,572,252,False,False,False,False,False,True,1335.5,,,,,,,,,,,,,False,"1,2",,,,,,,,,,,,,,
supertrend-GC-tf1|pre|,s1,supertrend-GC-tf1,supertrend,GC,1,pre,,,,False,False,False,True,False,c1,32,0,0,0.0625,-15918.75,-15495.0,691.40625,572,252,False,False,False,False,False,True,996.0,,,,,,,,,,,,,False,"1,2",,,,,,,,,,,,,,
supertrend-GC-tf30|eve|,s1,supertrend-GC-tf30,supertrend,GC,30,eve,,,,False,False,False,True,False,c1,32,0,0,0.53125,220.5625,219.0,24.0,572,252,False,False,False,False,False,False,34.6,,False,1186.52,0.74,-965.96,0.0,,,,,0.0,False,False,"1,2,3",,,,,,,,,,,,,,
supertrend-GC-tf30|london|,s1,supertrend-GC-tf30,supertrend,GC,30,london,,,,False,False,False,True,False,c1,32,0,0,0.0,-5272.625,-4962.0,98.0,572,252,False,False,False,False,False,True,141.2,,,,,,,,,,,,,False,"1,2",,,,,,,,,,,,,,
supertrend-GC-tf30|mid|,s1,supertrend-GC-tf30,supertrend,GC,30,mid,,,,False,False,False,True,False,c1,27,0,5,0.9259259259259259,1359.111111111111,1638.0,43.0,572,252,True,True,True,False,True,False,61.9,,True,2645.04,0.98,-1285.92,0.0,,,,,0.0,True,False,3,,,,,,,,,,,,,,
supertrend-GC-tf30|nyam|,s1,supertrend-GC-tf30,supertrend,GC,30,nyam,,,,False,False,False,True,False,c1,31,0,1,0.6129032258064516,953.1612903225806,658.0,78.0,572,252,True,False,False,False,True,True,112.4,,True,4997.13,0.995,-4043.97,0.0641,,,,,0.0,True,True,,,,,,,,,,,,,,,
supertrend-GC-tf30|pm|,s1,supertrend-GC-tf30,supertrend,GC,30,pm,,,,False,False,False,True,False,c1,27,0,5,0.2222222222222222,-835.4814814814815,-514.0,31.0,572,252,False,False,False,False,False,False,44.7,,,,,,,,,,,,,False,"1,2,3",,,,,,,,,,,,,,
supertrend-GC-tf30|pre|,s1,supertrend-GC-tf30,supertrend,GC,30,pre,,,,False,False,False,True,False,c1,31,0,1,0.16129032258064516,-1512.1290322580646,-1146.0,94.0,572,252,False,False,False,False,False,True,135.4,,,,,,,,,,,,,False,"1,2",,,,,,,,,,,,,,
supertrend-GC-tf5|asia|,s1,supertrend-GC-tf5,supertrend,GC,5,asia,,,,False,False,False,True,False,c1,32,0,0,0.25,-7116.3125,-9597.0,450.5625,572,252,False,False,False,False,False,True,649.1,,,,,,,,,,,,,False,"1,2",,,,,,,,,,,,,,
supertrend-GC-tf5|eve|,s1,supertrend-GC-tf5,supertrend,GC,5,eve,,,,False,False,False,True,False,c1,32,0,0,0.25,-10546.125,-11877.0,694.03125,572,252,False,False,False,False,False,True,999.8,,,,,,,,,,,,,False,"1,2",,,,,,,,,,,,,,
supertrend-GC-tf5|london|,s1,supertrend-GC-tf5,supertrend,GC,5,london,,,,False,False,False,True,False,c1,32,0,0,0.0,-16909.125,-16702.0,739.15625,572,252,False,False,False,False,False,True,1064.8,,,,,,,,,,,,,False,"1,2",,,,,,,,,,,,,,
supertrend-GC-tf5|mid|,s1,supertrend-GC-tf5,supertrend,GC,5,mid,,,,False,False,False,True,False,c1,32,0,0,0.21875,-1920.8125,-2663.0,213.40625,572,252,False,False,False,False,False,True,307.4,,,,,,,,,,,,,False,"1,2",,,,,,,,,,,,,,
supertrend-GC-tf5|nyam|,s1,supertrend-GC-tf5,supertrend,GC,5,nyam,,,,False,False,False,True,False,c1,32,0,0,0.25,-2385.0625,-2619.0,274.9375,572,252,False,False,False,False,False,True,396.1,,,,,,,,,,,,,False,"1,2",,,,,,,,,,,,,,
supertrend-GC-tf5|pm|,s1,supertrend-GC-tf5,supertrend,GC,5,pm,,,,False,False,False,True,False,c1,32,0,0,0.0,-17735.5,-17393.0,277.3125,572,252,False,False,False,False,False,True,399.5,,,,,,,,,,,,,False,"1,2",,,,,,,,,,,,,,
supertrend-GC-tf5|pre|,s1,supertrend-GC-tf5,supertrend,GC,5,pre,,,,False,False,False,True,False,c1,32,0,0,0.21875,-5709.0,-8729.0,283.1875,572,252,False,False,False,False,False,True,407.9,,,,,,,,,,,,,False,"1,2",,,,,,,,,,,,,,
supertrend-NQ-tf15|asia|,s1,supertrend-NQ-tf15,supertrend,NQ,15,asia,,,,False,False,False,True,False,c1,32,0,0,1.0,6888.65625,3666.0,46.0,573,252,True,True,True,False,True,False,66.2,,False,762.91,0.555,6125.75,0.0,,,,,0.0,False,False,"2,3",,,,,,,,,,,,,,
supertrend-NQ-tf15|eve|,s1,supertrend-NQ-tf15,supertrend,NQ,15,eve,,,,False,False,False,True,False,c1,32,0,0,0.09375,-10386.40625,-9385.0,158.4375,573,252,False,False,False,False,False,True,228.1,,,,,,,,,,,,,False,"1,2",,,,,,,,,,,,,,
supertrend-NQ-tf15|london|,s1,supertrend-NQ-tf15,supertrend,NQ,15,london,,,,False,False,False,True,False,c1,32,0,0,0.0,-35795.75,-35740.0,420.8125,573,252,False,False,False,False,False,True,605.9,,,,,,,,,,,,,False,"1,2",,,,,,,,,,,,,,
supertrend-NQ-tf15|mid|,s1,supertrend-NQ-tf15,supertrend,NQ,15,mid,,,,False,False,False,True,False,c1,32,0,0,0.53125,2956.0,778.5,126.0,573,252,False,False,False,False,False,True,181.4,,False,-7497.47,0.125,10453.47,0.0,,,,,0.0008,False,False,"1,2",,,,,,,,,,,,,,
supertrend-NQ-tf15|nyam|,s1,supertrend-NQ-tf15,supertrend,NQ,15,nyam,,,,False,False,False,True,False,c1,32,0,0,0.34375,-3061.75,-5597.0,275.75,573,252,False,False,False,False,False,True,397.0,,,,,,,,,,,,,False,"1,2",,,,,,,,,,,,,,
supertrend-NQ-tf15|pm|,s1,supertrend-NQ-tf15,supertrend,NQ,15,pm,,,,False,False,False,True,False,c1,32,0,0,0.78125,1939.3125,3749.0,119.0,573,252,True,True,False,False,True,True,171.3,,False,-7184.2,0.14,9123.51,0.0,,,,,0.0027,False,False,2,,,,,,,,,,,,,,
supertrend-NQ-tf15|pre|,s1,supertrend-NQ-tf15,supertrend,NQ,15,pre,,,,False,False,False,True,False,c1,32,0,0,0.59375,2076.28125,2915.5,123.0,573,252,False,False,False,False,False,True,177.1,,True,8575.0,0.955,-6498.72,0.0,,,,,0.0134,True,False,1,,,,,,,,,,,,,,
supertrend-NQ-tf1|asia|,s1,supertrend-NQ-tf1,supertrend,NQ,1,asia,,,,False,False,False,True,False,c1,32,0,0,0.125,-21507.96875,-25838.0,1046.40625,573,252,False,False,False,False,False,True,1506.6,,,,,,,,,,,,,False,"1,2",,,,,,,,,,,,,,
supertrend-NQ-tf1|eve|,s1,supertrend-NQ-tf1,supertrend,NQ,1,eve,,,,False,False,False,True,False,c1,32,0,0,0.3125,-5585.5,-9283.0,1233.5625,573,252,False,False,False,False,False,True,1776.1,,,,,,,,,,,,,False,"1,2",,,,,,,,,,,,,,
supertrend-NQ-tf1|london|,s1,supertrend-NQ-tf1,supertrend,NQ,1,london,,,,False,False,False,True,False,c1,32,0,0,0.03125,-38859.375,-29174.0,1402.1875,573,252,False,False,False,False,False,True,2018.9,,,,,,,,,,,,,False,"1,2",,,,,,,,,,,,,,
supertrend-NQ-tf1|mid|,s1,supertrend-NQ-tf1,supertrend,NQ,1,mid,,,,False,False,False,True,False,c1,32,0,0,0.15625,-21288.96875,-28020.0,1210.875,573,252,False,False,False,False,False,True,1743.4,,,,,,,,,,,,,False,"1,2",,,,,,,,,,,,,,
supertrend-NQ-tf1|nyam|,s1,supertrend-NQ-tf1,supertrend,NQ,1,nyam,,,,False,False,False,True,False,c1,32,0,0,0.21875,-13730.4375,-14379.5,1151.75,573,252,False,False,False,False,False,True,1658.3,,,,,,,,,,,,,False,"1,2",,,,,,,,,,,,,,
supertrend-NQ-tf1|pm|,s1,supertrend-NQ-tf1,supertrend,NQ,1,pm,,,,False,False,False,True,False,c1,32,0,0,0.0,-44700.21875,-45375.5,1242.4375,573,252,False,False,False,False,False,True,1788.8,,,,,,,,,,,,,False,"1,2",,,,,,,,,,,,,,
supertrend-NQ-tf1|pre|,s1,supertrend-NQ-tf1,supertrend,NQ,1,pre,,,,False,False,False,True,False,c1,32,0,0,0.5625,9696.71875,1121.5,656.09375,573,252,False,False,False,False,False,True,944.6,,False,-13110.87,0.075,22807.59,0.0023,,,,,0.0072,False,False,"1,2",,,,,,,,,,,,,,
supertrend-NQ-tf30|eve|,s1,supertrend-NQ-tf30,supertrend,NQ,30,eve,,,,False,False,False,True,False,c1,32,0,0,0.8125,2189.1875,1722.0,12.0,573,252,True,True,True,False,True,False,17.3,,False,-873.7,0.405,3062.88,0.0,,,,,0.0021,False,False,"2,3",,,,,,,,,,,,,,
supertrend-NQ-tf30|london|,s1,supertrend-NQ-tf30,supertrend,NQ,30,london,,,,False,False,False,True,False,c1,32,0,0,0.0,-16964.34375,-13002.0,103.0,573,252,False,False,False,False,False,True,148.3,,,,,,,,,,,,,False,"1,2",,,,,,,,,,,,,,
supertrend-NQ-tf30|mid|,s1,supertrend-NQ-tf30,supertrend,NQ,30,mid,,,,False,False,False,True,False,c1,32,0,0,0.625,7162.875,4773.5,91.0,573,252,True,False,False,False,True,True,131.0,,False,8200.59,0.935,-1037.71,0.011,,,,,0.0007,False,False,2,,,,,,,,,,,,,,
supertrend-NQ-tf30|nyam|,s1,supertrend-NQ-tf30,supertrend,NQ,30,nyam,,,,False,False,False,True,False,c1,32,0,0,0.78125,11515.59375,9077.0,137.0,573,252,True,True,False,False,True,True,197.3,,False,3300.21,0.685,8215.38,0.0584,,,,,0.0032,False,False,2,,,,,,,,,,,,,,
supertrend-NQ-tf30|pm|,s1,supertrend-NQ-tf30,supertrend,NQ,30,pm,,,,False,False,False,True,False,c1,30,0,2,0.9333333333333333,6939.666666666667,5839.0,74.0,573,252,True,True,True,False,True,True,106.5,,False,-1086.69,0.425,8026.36,0.0,,,,,0.0072,False,False,2,,,,,,,,,,,,,,
supertrend-NQ-tf30|pre|,s1,supertrend-NQ-tf30,supertrend,NQ,30,pre,,,,False,False,False,True,False,c1,32,0,0,0.34375,-5135.375,-3326.0,69.0,573,252,False,False,False,False,False,False,99.3,,,,,,,,,,,,,False,"1,2,3",,,,,,,,,,,,,,
supertrend-NQ-tf5|asia|,s1,supertrend-NQ-tf5,supertrend,NQ,5,asia,,,,False,False,False,True,False,c1,32,0,0,0.1875,-14179.125,-15375.0,416.5,573,252,False,False,False,False,False,True,599.7,,,,,,,,,,,,,False,"1,2",,,,,,,,,,,,,,
supertrend-NQ-tf5|eve|,s1,supertrend-NQ-tf5,supertrend,NQ,5,eve,,,,False,False,False,True,False,c1,32,0,0,0.09375,-18941.75,-19593.5,617.78125,573,252,False,False,False,False,False,True,889.5,,,,,,,,,,,,,False,"1,2",,,,,,,,,,,,,,
supertrend-NQ-tf5|london|,s1,supertrend-NQ-tf5,supertrend,NQ,5,london,,,,False,False,False,True,False,c1,32,0,0,0.0,-33821.21875,-29073.5,824.09375,573,252,False,False,False,False,False,True,1186.5,,,,,,,,,,,,,False,"1,2",,,,,,,,,,,,,,
supertrend-NQ-tf5|mid|,s1,supertrend-NQ-tf5,supertrend,NQ,5,mid,,,,False,False,False,True,False,c1,32,0,0,0.90625,10131.53125,8288.5,238.40625,573,252,True,True,True,False,True,True,343.3,,False,5981.96,0.85,4149.57,0.0,,,,,0.0005,False,False,2,,,,,,,,,,,,,,
supertrend-NQ-tf5|nyam|,s1,supertrend-NQ-tf5,supertrend,NQ,5,nyam,,,,False,False,False,True,False,c1,32,0,0,0.65625,16524.0625,10789.0,484.0625,573,252,True,False,False,False,True,True,696.9,,False,-8766.65,0.23,25290.72,0.0005,,,,,0.0015,False,False,2,,,,,,,,,,,,,,
supertrend-NQ-tf5|pm|,s1,supertrend-NQ-tf5,supertrend,NQ,5,pm,,,,False,False,False,True,False,c1,32,0,0,0.5,3809.25,-72.5,375.03125,573,252,False,False,False,False,False,True,540.0,,False,868.65,0.53,2940.6,0.0002,,,,,0.0016,False,False,"1,2",,,,,,,,,,,,,,
supertrend-NQ-tf5|pre|,s1,supertrend-NQ-tf5,supertrend,NQ,5,pre,,,,False,False,False,True,False,c1,32,0,0,0.71875,10956.90625,8643.0,220.03125,573,252,True,True,False,False,True,True,316.8,,False,-2363.74,0.385,13320.64,0.0,,,,,0.0125,False,False,2,,,,,,,,,,,,,,
sweep_rev-ES-tf15|asia|,s1,sweep_rev-ES-tf15,sweep_rev,ES,15,asia,,,,False,False,False,False,False,c1,32,32,32,0.0,-7585.859375,-6980.0,70.0,573,252,False,False,False,False,False,True,100.8,,,,,,,,,,,,,False,"1,2",,,,,,,,,,,,,,
sweep_rev-ES-tf15|eve|,s1,sweep_rev-ES-tf15,sweep_rev,ES,15,eve,,,,False,False,False,False,False,c1,32,32,32,0.125,-5646.28125,-4695.5,102.0,573,252,False,False,False,False,False,True,146.9,,,,,,,,,,,,,False,"1,2",,,,,,,,,,,,,,
sweep_rev-ES-tf15|london|,s1,sweep_rev-ES-tf15,sweep_rev,ES,15,london,,,,False,False,False,False,False,c1,96,0,0,0.0,-29953.828125,-26678.0,487.7083333333333,573,252,False,False,False,False,False,True,702.2,,,,,,,,,,,,,False,"1,2",,,,,,,,,,,,,,
sweep_rev-ES-tf15|mid|,s1,sweep_rev-ES-tf15,sweep_rev,ES,15,mid,,,,False,False,False,False,False,c1,96,0,0,0.020833333333333332,-17281.734375,-15712.5,291.3645833333333,573,252,False,False,False,False,False,True,419.5,,,,,,,,,,,,,False,"1,2",,,,,,,,,,,,,,
sweep_rev-ES-tf15|nyam|,s1,sweep_rev-ES-tf15,sweep_rev,ES,15,nyam,,,,False,False,False,False,False,c1,96,0,0,0.010416666666666666,-16727.338541666668,-16057.5,340.1354166666667,573,252,False,False,False,False,False,True,489.7,,,,,,,,,,,,,False,"1,2",,,,,,,,,,,,,,
sweep_rev-ES-tf15|pm|,s1,sweep_rev-ES-tf15,sweep_rev,ES,15,pm,,,,False,False,False,False,False,c1,96,0,0,0.010416666666666666,-16702.744791666668,-16006.25,263.7395833333333,573,252,False,False,False,False,False,True,379.7,,,,,,,,,,,,,False,"1,2",,,,,,,,,,,,,,
sweep_rev-ES-tf15|pre|,s1,sweep_rev-ES-tf15,sweep_rev,ES,15,pre,,,,False,False,False,False,False,c1,96,0,0,0.07291666666666667,-14173.09375,-11240.75,199.97916666666666,573,252,False,False,False,False,False,True,287.9,,,,,,,,,,,,,False,"1,2",,,,,,,,,,,,,,
sweep_rev-ES-tf1|asia|,s1,sweep_rev-ES-tf1,sweep_rev,ES,1,asia,,,,False,False,False,False,False,c1,32,32,32,0.0,-8975.859375,-8176.25,105.0,573,252,False,False,False,False,False,True,151.2,,,,,,,,,,,,,False,"1,2",,,,,,,,,,,,,,
sweep_rev-ES-tf1|eve|,s1,sweep_rev-ES-tf1,sweep_rev,ES,1,eve,,,,False,False,False,False,False,c1,32,32,32,0.09375,-5043.671875,-4599.75,138.75,573,252,False,False,False,False,False,True,199.8,,,,,,,,,,,,,False,"1,2",,,,,,,,,,,,,,
sweep_rev-ES-tf1|london|,s1,sweep_rev-ES-tf1,sweep_rev,ES,1,london,,,,False,False,False,False,False,c1,96,0,0,0.010416666666666666,-17726.0625,-18067.75,561.8541666666666,573,252,False,False,False,False,False,True,809.0,,,,,,,,,,,,,False,"1,2",,,,,,,,,,,,,,
sweep_rev-ES-tf1|mid|,s1,sweep_rev-ES-tf1,sweep_rev,ES,1,mid,,,,False,False,False,False,False,c1,96,0,0,0.0,-24410.765625,-19511.25,363.7916666666667,573,252,False,False,False,False,False,True,523.8,,,,,,,,,,,,,False,"1,2",,,,,,,,,,,,,,
sweep_rev-ES-tf1|nyam|,s1,sweep_rev-ES-tf1,sweep_rev,ES,1,nyam,,,,False,False,False,False,False,c1,96,0,0,0.041666666666666664,-15209.223958333334,-17461.5,459.7604166666667,573,252,False,False,False,False,False,True,662.0,,,,,,,,,,,,,False,"1,2",,,,,,,,,,,,,,
sweep_rev-ES-tf1|pm|,s1,sweep_rev-ES-tf1,sweep_rev,ES,1,pm,,,,False,False,False,False,False,c1,96,0,0,0.0,-16544.333333333332,-15214.75,334.2604166666667,573,252,False,False,False,False,False,True,481.3,,,,,,,,,,,,,False,"1,2",,,,,,,,,,,,,,
sweep_rev-ES-tf1|pre|,s1,sweep_rev-ES-tf1,sweep_rev,ES,1,pre,,,,False,False,False,False,False,c1,96,0,0,0.09375,-11094.708333333334,-9370.0,264.8229166666667,573,252,False,False,False,False,False,True,381.3,,,,,,,,,,,,,False,"1,2",,,,,,,,,,,,,,
sweep_rev-ES-tf30|asia|,s1,sweep_rev-ES-tf30,sweep_rev,ES,30,asia,,,,False,False,False,False,False,c1,32,32,32,0.0,-7450.015625,-6884.0,46.0,573,252,False,False,False,False,False,False,66.2,,,,,,,,,,,,,False,"1,2,3",,,,,,,,,,,,,,
sweep_rev-ES-tf30|eve|,s1,sweep_rev-ES-tf30,sweep_rev,ES,30,eve,,,,False,False,False,False,False,c1,32,32,32,0.0,-10593.6875,-8770.25,91.0,573,252,False,False,False,False,False,True,131.0,,,,,,,,,,,,,False,"1,2",,,,,,,,,,,,,,
sweep_rev-ES-tf30|london|,s1,sweep_rev-ES-tf30,sweep_rev,ES,30,london,,,,False,False,False,False,False,c1,96,0,0,0.03125,-27052.520833333332,-26067.25,433.3125,573,252,False,False,False,False,False,True,623.9,,,,,,,,,,,,,False,"1,2",,,,,,,,,,,,,,
sweep_rev-ES-tf30|mid|,s1,sweep_rev-ES-tf30,sweep_rev,ES,30,mid,,,,False,False,False,False,False,c1,96,0,0,0.010416666666666666,-14583.760416666666,-11627.75,242.22916666666666,573,252,False,False,False,False,False,True,348.8,,,,,,,,,,,,,False,"1,2",,,,,,,,,,,,,,
sweep_rev-ES-tf30|nyam|,s1,sweep_rev-ES-tf30,sweep_rev,ES,30,nyam,,,,False,False,False,False,False,c1,96,0,0,0.16666666666666666,-6760.411458333333,-8462.0,252.11458333333334,573,252,False,False,False,False,False,True,363.0,,,,,,,,,,,,,False,"1,2",,,,,,,,,,,,,,
sweep_rev-ES-tf30|pm|,s1,sweep_rev-ES-tf30,sweep_rev,ES,30,pm,,,,False,False,False,False,False,c1,96,0,0,0.052083333333333336,-11836.161458333334,-10353.25,219.75,573,252,False,False,False,False,False,True,316.4,,,,,,,,,,,,,False,"1,2",,,,,,,,,,,,,,
sweep_rev-ES-tf30|pre|,s1,sweep_rev-ES-tf30,sweep_rev,ES,30,pre,,,,False,False,False,False,False,c1,96,0,0,0.125,-10379.447916666666,-9117.0,147.27083333333334,573,252,False,False,False,False,False,True,212.0,,,,,,,,,,,,,False,"1,2",,,,,,,,,,,,,,
sweep_rev-ES-tf5|asia|,s1,sweep_rev-ES-tf5,sweep_rev,ES,5,asia,,,,False,False,False,False,False,c1,32,32,32,0.0,-8519.859375,-7620.25,91.0,573,252,False,False,False,False,False,True,131.0,,,,,,,,,,,,,False,"1,2",,,,,,,,,,,,,,
sweep_rev-ES-tf5|eve|,s1,sweep_rev-ES-tf5,sweep_rev,ES,5,eve,,,,False,False,False,False,False,c1,32,32,32,0.28125,-2902.46875,-1197.0,118.0,573,252,False,False,False,False,False,True,169.9,,,,,,,,,,,,,False,"1,2",,,,,,,,,,,,,,
sweep_rev-ES-tf5|london|,s1,sweep_rev-ES-tf5,sweep_rev,ES,5,london,,,,False,False,False,False,False,c1,96,0,0,0.010416666666666666,-23578.296875,-23456.0,528.65625,573,252,False,False,False,False,False,True,761.2,,,,,,,,,,,,,False,"1,2",,,,,,,,,,,,,,
sweep_rev-ES-tf5|mid|,s1,sweep_rev-ES-tf5,sweep_rev,ES,5,mid,,,,False,False,False,False,False,c1,96,0,0,0.07291666666666667,-14991.010416666666,-14714.5,327.375,573,252,False,False,False,False,False,True,471.4,,,,,,,,,,,,,False,"1,2",,,,,,,,,,,,,,
sweep_rev-ES-tf5|nyam|,s1,sweep_rev-ES-tf5,sweep_rev,ES,5,nyam,,,,False,False,False,False,False,c1,96,0,0,0.08333333333333333,-11947.177083333334,-10868.25,408.0833333333333,573,252,False,False,False,False,False,True,587.6,,,,,,,,,,,,,False,"1,2",,,,,,,,,,,,,,
sweep_rev-ES-tf5|pm|,s1,sweep_rev-ES-tf5,sweep_rev,ES,5,pm,,,,False,False,False,False,False,c1,96,0,0,0.020833333333333332,-14115.375,-14086.25,302.28125,573,252,False,False,False,False,False,True,435.2,,,,,,,,,,,,,False,"1,2",,,,,,,,,,,,,,
sweep_rev-ES-tf5|pre|,s1,sweep_rev-ES-tf5,sweep_rev,ES,5,pre,,,,False,False,False,False,False,c1,96,0,0,0.17708333333333334,-8595.213541666666,-9901.25,234.96875,573,252,False,False,False,False,False,True,338.3,,,,,,,,,,,,,False,"1,2",,,,,,,,,,,,,,
sweep_rev-GC-tf15|asia|,s1,sweep_rev-GC-tf15,sweep_rev,GC,15,asia,,,,False,False,False,False,False,c1,32,32,32,0.28125,-3623.5,-2326.0,84.0,572,252,False,False,False,False,False,True,121.0,,,,,,,,,,,,,False,"1,2",,,,,,,,,,,,,,
sweep_rev-GC-tf15|eve|,s1,sweep_rev-GC-tf15,sweep_rev,GC,15,eve,,,,False,False,False,False,False,c1,32,32,32,0.25,-7473.0625,-6854.0,126.0,572,252,False,False,False,False,False,True,181.5,,,,,,,,,,,,,False,"1,2",,,,,,,,,,,,,,
sweep_rev-GC-tf15|london|,s1,sweep_rev-GC-tf15,sweep_rev,GC,15,london,,,,False,False,False,False,False,c1,96,0,0,0.07291666666666667,-17613.770833333332,-19147.0,460.9166666666667,572,252,False,False,False,False,False,True,664.0,,,,,,,,,,,,,False,"1,2",,,,,,,,,,,,,,
sweep_rev-GC-tf15|mid|,s1,sweep_rev-GC-tf15,sweep_rev,GC,15,mid,,,,False,False,False,False,False,c1,91,0,5,0.03296703296703297,-7165.120879120879,-7944.0,203.23076923076923,572,252,False,False,False,False,False,True,292.8,,,,,,,,,,,,,False,"1,2",,,,,,,,,,,,,,
sweep_rev-GC-tf15|nyam|,s1,sweep_rev-GC-tf15,sweep_rev,GC,15,nyam,,,,False,False,False,False,False,c1,96,0,0,0.010416666666666666,-8890.520833333334,-8660.0,271.1458333333333,572,252,False,False,False,False,False,True,390.6,,,,,,,,,,,,,False,"1,2",,,,,,,,,,,,,,
sweep_rev-GC-tf15|pm|,s1,sweep_rev-GC-tf15,sweep_rev,GC,15,pm,,,,False,False,False,False,False,c1,95,0,1,0.042105263157894736,-6074.4,-5490.0,138.49473684210525,572,252,False,False,False,False,False,True,199.5,,,,,,,,,,,,,False,"1,2",,,,,,,,,,,,,,
sweep_rev-GC-tf15|pre|,s1,sweep_rev-GC-tf15,sweep_rev,GC,15,pre,,,,False,False,False,False,False,c1,96,0,0,0.17708333333333334,-6864.875,-4562.0,258.7708333333333,572,252,False,False,False,False,False,True,372.8,,,,,,,,,,,,,False,"1,2",,,,,,,,,,,,,,
sweep_rev-GC-tf1|asia|,s1,sweep_rev-GC-tf1,sweep_rev,GC,1,asia,,,,False,False,False,False,False,c1,32,32,32,0.15625,-3733.25,-3957.0,118.0,572,252,False,False,False,False,False,True,170.0,,,,,,,,,,,,,False,"1,2",,,,,,,,,,,,,,
sweep_rev-GC-tf1|eve|,s1,sweep_rev-GC-tf1,sweep_rev,GC,1,eve,,,,False,False,False,False,False,c1,32,32,32,0.0,-12188.5625,-9342.0,163.0,572,252,False,False,False,False,False,True,234.8,,,,,,,,,,,,,False,"1,2",,,,,,,,,,,,,,
sweep_rev-GC-tf1|london|,s1,sweep_rev-GC-tf1,sweep_rev,GC,1,london,,,,False,False,False,False,False,c1,96,0,0,0.10416666666666667,-11253.020833333334,-13032.0,523.4895833333334,572,252,False,False,False,False,False,True,754.1,,,,,,,,,,,,,False,"1,2",,,,,,,,,,,,,,
sweep_rev-GC-tf1|mid|,s1,sweep_rev-GC-tf1,sweep_rev,GC,1,mid,,,,False,False,False,False,False,c1,95,0,1,0.05263157894736842,-8182.231578947369,-8306.0,244.82105263157894,572,252,False,False,False,False,False,True,352.7,,,,,,,,,,,,,False,"1,2",,,,,,,,,,,,,,
sweep_rev-GC-tf1|nyam|,s1,sweep_rev-GC-tf1,sweep_rev,GC,1,nyam,,,,False,False,False,False,False,c1,96,0,0,0.1875,-7944.104166666667,-9543.0,352.5104166666667,572,252,False,False,False,False,False,True,507.8,,,,,,,,,,,,,False,"1,2",,,,,,,,,,,,,,
sweep_rev-GC-tf1|pm|,s1,sweep_rev-GC-tf1,sweep_rev,GC,1,pm,,,,False,False,False,False,False,c1,96,0,0,0.0,-10245.770833333334,-9647.0,172.5625,572,252,False,False,False,False,False,True,248.6,,,,,,,,,,,,,False,"1,2",,,,,,,,,,,,,,
sweep_rev-GC-tf1|pre|,s1,sweep_rev-GC-tf1,sweep_rev,GC,1,pre,,,,False,False,False,False,False,c1,96,0,0,0.3645833333333333,-2492.1666666666665,-1563.0,332.8333333333333,572,252,False,False,False,False,False,True,479.5,,,,,,,,,,,,,False,"1,2",,,,,,,,,,,,,,
sweep_rev-GC-tf30|asia|,s1,sweep_rev-GC-tf30,sweep_rev,GC,30,asia,,,,False,False,False,False,False,c1,32,32,32,0.625,806.6875,1057.0,47.0,572,252,True,False,False,False,True,False,67.7,,False,-1905.4,0.18,2712.09,0.0213,,,,,0.0,False,False,"2,3",,,,,,,,,,,,,,
sweep_rev-GC-tf30|eve|,s1,sweep_rev-GC-tf30,sweep_rev,GC,30,eve,,,,False,False,False,False,False,c1,32,32,32,0.25,-4030.9375,-2970.0,105.0,572,252,False,False,False,False,False,True,151.3,,,,,,,,,,,,,False,"1,2",,,,,,,,,,,,,,
sweep_rev-GC-tf30|london|,s1,sweep_rev-GC-tf30,sweep_rev,GC,30,london,,,,False,False,False,False,False,c1,96,0,0,0.03125,-12221.375,-12250.0,418.3645833333333,572,252,False,False,False,False,False,True,602.7,,,,,,,,,,,,,False,"1,2",,,,,,,,,,,,,,
sweep_rev-GC-tf30|mid|,s1,sweep_rev-GC-tf30,sweep_rev,GC,30,mid,,,,False,False,False,False,False,c1,87,0,9,0.022988505747126436,-5833.793103448276,-5916.0,175.17241379310346,572,252,False,False,False,False,False,True,252.3,,,,,,,,,,,,,False,"1,2",,,,,,,,,,,,,,
sweep_rev-GC-tf30|nyam|,s1,sweep_rev-GC-tf30,sweep_rev,GC,30,nyam,,,,False,False,False,False,False,c1,93,0,3,0.27956989247311825,-2920.537634408602,-2846.0,208.06451612903226,572,252,False,False,False,False,False,True,299.7,,,,,,,,,,,,,False,"1,2",,,,,,,,,,,,,,
sweep_rev-GC-tf30|pm|,s1,sweep_rev-GC-tf30,sweep_rev,GC,30,pm,,,,False,False,False,False,False,c1,93,0,3,0.08602150537634409,-3750.6021505376343,-3640.0,116.27956989247312,572,252,False,False,False,False,False,True,167.5,,,,,,,,,,,,,False,"1,2",,,,,,,,,,,,,,
sweep_rev-GC-tf30|pre|,s1,sweep_rev-GC-tf30,sweep_rev,GC,30,pre,,,,False,False,False,False,False,c1,96,0,0,0.25,-4676.041666666667,-4128.0,184.94791666666666,572,252,False,False,False,False,False,True,266.4,,,,,,,,,,,,,False,"1,2",,,,,,,,,,,,,,
sweep_rev-GC-tf5|asia|,s1,sweep_rev-GC-tf5,sweep_rev,GC,5,asia,,,,False,False,False,False,False,c1,32,32,32,0.1875,-3290.3125,-2480.0,100.0,572,252,False,False,False,False,False,True,144.1,,,,,,,,,,,,,False,"1,2",,,,,,,,,,,,,,
sweep_rev-GC-tf5|eve|,s1,sweep_rev-GC-tf5,sweep_rev,GC,5,eve,,,,False,False,False,False,False,c1,32,32,32,0.0,-9521.25,-8660.0,150.0,572,252,False,False,False,False,False,True,216.1,,,,,,,,,,,,,False,"1,2",,,,,,,,,,,,,,
sweep_rev-GC-tf5|london|,s1,sweep_rev-GC-tf5,sweep_rev,GC,5,london,,,,False,False,False,False,False,c1,96,0,0,0.10416666666666667,-14916.020833333334,-15068.0,486.6354166666667,572,252,False,False,False,False,False,True,701.0,,,,,,,,,,,,,False,"1,2",,,,,,,,,,,,,,
sweep_rev-GC-tf5|mid|,s1,sweep_rev-GC-tf5,sweep_rev,GC,5,mid,,,,False,False,False,False,False,c1,94,0,2,0.02127659574468085,-9319.446808510638,-9879.0,230.0744680851064,572,252,False,False,False,False,False,True,331.4,,,,,,,,,,,,,False,"1,2",,,,,,,,,,,,,,
sweep_rev-GC-tf5|nyam|,s1,sweep_rev-GC-tf5,sweep_rev,GC,5,nyam,,,,False,False,False,False,False,c1,96,0,0,0.052083333333333336,-10069.8125,-10345.0,317.1145833333333,572,252,False,False,False,False,False,True,456.8,,,,,,,,,,,,,False,"1,2",,,,,,,,,,,,,,
sweep_rev-GC-tf5|pm|,s1,sweep_rev-GC-tf5,sweep_rev,GC,5,pm,,,,False,False,False,False,False,c1,96,0,0,0.0,-7494.3125,-6906.0,157.61458333333334,572,252,False,False,False,False,False,True,227.1,,,,,,,,,,,,,False,"1,2",,,,,,,,,,,,,,
sweep_rev-GC-tf5|pre|,s1,sweep_rev-GC-tf5,sweep_rev,GC,5,pre,,,,False,False,False,False,False,c1,96,0,0,0.22916666666666666,-5708.354166666667,-4453.0,299.7708333333333,572,252,False,False,False,False,False,True,431.8,,,,,,,,,,,,,False,"1,2",,,,,,,,,,,,,,
sweep_rev-NQ-tf15|asia|,s1,sweep_rev-NQ-tf15,sweep_rev,NQ,15,asia,,,,False,False,False,False,False,c1,32,32,32,0.375,-1369.125,-1836.0,69.0,573,252,False,False,False,False,False,False,99.3,,,,,,,,,,,,,False,"1,2,3",,,,,,,,,,,,,,
sweep_rev-NQ-tf15|eve|,s1,sweep_rev-NQ-tf15,sweep_rev,NQ,15,eve,,,,False,False,False,False,False,c1,32,32,32,0.9375,9839.53125,7392.5,100.0,573,252,True,True,True,False,True,True,144.0,,False,2491.75,0.71,7347.78,0.0,,,,,0.0,False,False,2,,,,,,,,,,,,,,
sweep_rev-NQ-tf15|london|,s1,sweep_rev-NQ-tf15,sweep_rev,NQ,15,london,,,,False,False,False,False,False,c1,96,0,0,0.20833333333333334,-9293.125,-9862.5,475.0,573,252,False,False,False,False,False,True,683.9,,,,,,,,,,,,,False,"1,2",,,,,,,,,,,,,,
sweep_rev-NQ-tf15|mid|,s1,sweep_rev-NQ-tf15,sweep_rev,NQ,15,mid,,,,False,False,False,False,False,c1,96,0,0,0.5833333333333334,909.84375,4172.5,265.46875,573,252,False,False,False,False,False,True,382.2,,False,-6422.96,0.185,7332.8,0.0,,,,,0.0003,False,False,"1,2",,,,,,,,,,,,,,
sweep_rev-NQ-tf15|nyam|,s1,sweep_rev-NQ-tf15,sweep_rev,NQ,15,nyam,,,,False,False,False,False,False,c1,96,0,0,0.46875,-498.8958333333333,-1014.5,371.1041666666667,573,252,False,False,False,False,False,True,534.3,,,,,,,,,,,,,False,"1,2",,,,,,,,,,,,,,
sweep_rev-NQ-tf15|pm|,s1,sweep_rev-NQ-tf15,sweep_rev,NQ,15,pm,,,,False,False,False,False,False,c1,96,0,0,0.11458333333333333,-21556.145833333332,-16522.5,251.09375,573,252,False,False,False,False,False,True,361.5,,,,,,,,,,,,,False,"1,2",,,,,,,,,,,,,,
sweep_rev-NQ-tf15|pre|,s1,sweep_rev-NQ-tf15,sweep_rev,NQ,15,pre,,,,False,False,False,False,False,c1,96,0,0,0.5520833333333334,1977.6041666666667,972.0,194.47916666666666,573,252,False,False,False,False,False,True,280.0,,False,2799.93,0.65,-822.32,0.0003,,,,,0.0181,False,False,"1,2",,,,,,,,,,,,,,
sweep_rev-NQ-tf1|asia|,s1,sweep_rev-NQ-tf1,sweep_rev,NQ,1,asia,,,,False,False,False,False,False,c1,32,32,32,0.0,-7270.5625,-5456.5,106.0,573,252,False,False,False,False,False,True,152.6,,,,,,,,,,,,,False,"1,2",,,,,,,,,,,,,,
sweep_rev-NQ-tf1|eve|,s1,sweep_rev-NQ-tf1,sweep_rev,NQ,1,eve,,,,False,False,False,False,False,c1,32,32,32,0.84375,8139.0625,6680.0,130.0,573,252,True,True,True,False,True,True,187.2,,False,6225.33,0.935,1913.73,0.0,,,,,0.0,False,False,2,,,,,,,,,,,,,,
sweep_rev-NQ-tf1|london|,s1,sweep_rev-NQ-tf1,sweep_rev,NQ,1,london,,,,False,False,False,False,False,c1,96,0,0,0.3125,-2861.71875,-6275.5,556.9270833333334,573,252,False,False,False,False,False,True,801.9,,,,,,,,,,,,,False,"1,2",,,,,,,,,,,,,,
sweep_rev-NQ-tf1|mid|,s1,sweep_rev-NQ-tf1,sweep_rev,NQ,1,mid,,,,False,False,False,False,False,c1,96,0,0,0.4375,1304.5833333333333,-2674.5,345.46875,573,252,False,False,False,False,False,True,497.4,,,,,,,,,,,,,False,"1,2",,,,,,,,,,,,,,
sweep_rev-NQ-tf1|nyam|,s1,sweep_rev-NQ-tf1,sweep_rev,NQ,1,nyam,,,,False,False,False,False,False,c1,96,0,0,0.5104166666666666,2722.71875,403.5,501.5729166666667,573,252,False,False,False,False,False,True,722.2,,False,-13542.92,0.035,16265.64,0.0,,,,,0.0015,False,False,"1,2",,,,,,,,,,,,,,
sweep_rev-NQ-tf1|pm|,s1,sweep_rev-NQ-tf1,sweep_rev,NQ,1,pm,,,,False,False,False,False,False,c1,96,0,0,0.052083333333333336,-10658.59375,-8145.5,312.8125,573,252,False,False,False,False,False,True,450.4,,,,,,,,,,,,,False,"1,2",,,,,,,,,,,,,,
sweep_rev-NQ-tf1|pre|,s1,sweep_rev-NQ-tf1,sweep_rev,NQ,1,pre,,,,False,False,False,False,False,c1,96,0,0,0.22916666666666666,-9145.552083333334,-4905.5,248.92708333333334,573,252,False,False,False,False,False,True,358.4,,,,,,,,,,,,,False,"1,2",,,,,,,,,,,,,,
sweep_rev-NQ-tf30|asia|,s1,sweep_rev-NQ-tf30,sweep_rev,NQ,30,asia,,,,False,False,False,False,False,c1,32,32,32,0.40625,127.71875,-916.5,41.0,573,252,False,False,False,False,False,False,59.0,,,,,,,,,,,,,False,"1,2,3",,,,,,,,,,,,,,
sweep_rev-NQ-tf30|eve|,s1,sweep_rev-NQ-tf30,sweep_rev,NQ,30,eve,,,,False,False,False,False,False,c1,32,32,32,0.71875,4796.3125,3243.5,86.0,573,252,True,True,False,False,True,True,123.8,,False,-2157.45,0.305,6953.76,0.0,,,,,0.0,False,False,2,,,,,,,,,,,,,,
sweep_rev-NQ-tf30|london|,s1,sweep_rev-NQ-tf30,sweep_rev,NQ,30,london,,,,False,False,False,False,False,c1,96,0,0,0.052083333333333336,-20268.885416666668,-18209.0,428.9791666666667,573,252,False,False,False,False,False,True,617.6,,,,,,,,,,,,,False,"1,2",,,,,,,,,,,,,,
sweep_rev-NQ-tf30|mid|,s1,sweep_rev-NQ-tf30,sweep_rev,NQ,30,mid,,,,False,False,False,False,False,c1,96,0,0,0.6354166666666666,-441.7916666666667,2564.0,222.47916666666666,573,252,False,False,False,False,False,True,320.3,,,,,,,,,,,,,False,"1,2",,,,,,,,,,,,,,
sweep_rev-NQ-tf30|nyam|,s1,sweep_rev-NQ-tf30,sweep_rev,NQ,30,nyam,,,,False,False,False,False,False,c1,96,0,0,0.25,-8625.46875,-8923.0,286.3541666666667,573,252,False,False,False,False,False,True,412.3,,,,,,,,,,,,,False,"1,2",,,,,,,,,,,,,,
sweep_rev-NQ-tf30|pm|,s1,sweep_rev-NQ-tf30,sweep_rev,NQ,30,pm,,,,False,False,False,False,False,c1,96,0,0,0.21875,-12360.958333333334,-9019.0,201.28125,573,252,False,False,False,False,False,True,289.8,,,,,,,,,,,,,False,"1,2",,,,,,,,,,,,,,
sweep_rev-NQ-tf30|pre|,s1,sweep_rev-NQ-tf30,sweep_rev,NQ,30,pre,,,,False,False,False,False,False,c1,96,0,0,0.6666666666666666,3749.1458333333335,2484.5,149.40625,573,252,True,False,False,False,True,True,215.1,,False,1643.07,0.68,2106.08,0.0867,,,,,0.023,False,False,2,,,,,,,,,,,,,,
sweep_rev-NQ-tf5|asia|,s1,sweep_rev-NQ-tf5,sweep_rev,NQ,5,asia,,,,False,False,False,False,False,c1,32,32,32,0.03125,-4357.625,-3042.0,88.0,573,252,False,False,False,False,False,True,126.7,,,,,,,,,,,,,False,"1,2",,,,,,,,,,,,,,
sweep_rev-NQ-tf5|eve|,s1,sweep_rev-NQ-tf5,sweep_rev,NQ,5,eve,,,,False,False,False,False,False,c1,32,32,32,0.8125,7572.4375,4646.5,124.0,573,252,True,True,True,False,True,True,178.5,,False,3551.81,0.79,4020.63,0.0,,,,,0.0,False,False,2,,,,,,,,,,,,,,
sweep_rev-NQ-tf5|london|,s1,sweep_rev-NQ-tf5,sweep_rev,NQ,5,london,,,,False,False,False,False,False,c1,96,0,0,0.5104166666666666,3284.375,142.0,521.7708333333334,573,252,False,False,False,False,False,True,751.2,,False,-2238.88,0.38,5523.26,0.0,,,,,0.0001,False,False,"1,2",,,,,,,,,,,,,,
sweep_rev-NQ-tf5|mid|,s1,sweep_rev-NQ-tf5,sweep_rev,NQ,5,mid,,,,False,False,False,False,False,c1,96,0,0,0.53125,3178.3333333333335,706.0,309.375,573,252,False,False,False,False,False,True,445.4,,False,-10775.6,0.065,13953.94,0.0,,,,,0.0003,False,False,"1,2",,,,,,,,,,,,,,
sweep_rev-NQ-tf5|nyam|,s1,sweep_rev-NQ-tf5,sweep_rev,NQ,5,nyam,,,,False,False,False,False,False,c1,96,0,0,0.53125,1931.53125,603.0,445.5416666666667,573,252,False,False,False,False,False,True,641.5,,False,-18941.93,0.015,20873.46,0.0,,,,,0.0021,False,False,"1,2",,,,,,,,,,,,,,
sweep_rev-NQ-tf5|pm|,s1,sweep_rev-NQ-tf5,sweep_rev,NQ,5,pm,,,,False,False,False,False,False,c1,96,0,0,0.09375,-15727.489583333334,-11121.0,283.5520833333333,573,252,False,False,False,False,False,True,408.3,,,,,,,,,,,,,False,"1,2",,,,,,,,,,,,,,
sweep_rev-NQ-tf5|pre|,s1,sweep_rev-NQ-tf5,sweep_rev,NQ,5,pre,,,,False,False,False,False,False,c1,96,0,0,0.5416666666666666,-164.1875,513.5,221.54166666666666,573,252,False,False,False,False,False,True,319.0,,,,,,,,,,,,,False,"1,2",,,,,,,,,,,,,,
tema_slope-ES-tf15|asia|,s1,tema_slope-ES-tf15,tema_slope,ES,15,asia,,,,False,False,False,True,False,c1,96,0,0,0.0625,-11327.510416666666,-11019.25,380.25,573,252,False,False,False,False,False,True,547.5,,,,,,,,,,,,,False,"1,2",,,,,,,,,,,,,,
tema_slope-ES-tf15|eve|,s1,tema_slope-ES-tf15,tema_slope,ES,15,eve,,,,False,False,False,True,False,c1,96,0,0,0.0625,-27055.28125,-21659.25,768.5729166666666,573,252,False,False,False,False,False,True,1106.6,,,,,,,,,,,,,False,"1,2",,,,,,,,,,,,,,
tema_slope-ES-tf15|london|,s1,tema_slope-ES-tf15,tema_slope,ES,15,london,,,,False,False,False,True,False,c1,96,0,0,0.052083333333333336,-36985.104166666664,-40325.5,1024.53125,573,252,False,False,False,False,False,True,1475.1,,,,,,,,,,,,,False,"1,2",,,,,,,,,,,,,,
tema_slope-ES-tf15|mid|,s1,tema_slope-ES-tf15,tema_slope,ES,15,mid,,,,False,False,False,True,False,c1,96,0,0,0.20833333333333334,-11090.5625,-14288.25,635.2708333333334,573,252,False,False,False,False,False,True,914.7,,,,,,,,,,,,,False,"1,2",,,,,,,,,,,,,,
tema_slope-ES-tf15|nyam|,s1,tema_slope-ES-tf15,tema_slope,ES,15,nyam,,,,False,False,False,True,False,c1,96,0,0,0.09375,-13977.192708333334,-12982.0,591.2708333333334,573,252,False,False,False,False,False,True,851.3,,,,,,,,,,,,,False,"1,2",,,,,,,,,,,,,,
tema_slope-ES-tf15|pm|,s1,tema_slope-ES-tf15,tema_slope,ES,15,pm,,,,False,False,False,True,False,c1,96,0,0,0.17708333333333334,-10413.786458333334,-10726.0,658.1666666666666,573,252,False,False,False,False,False,True,947.6,,,,,,,,,,,,,False,"1,2",,,,,,,,,,,,,,
tema_slope-ES-tf15|pre|,s1,tema_slope-ES-tf15,tema_slope,ES,15,pre,,,,False,False,False,True,False,c1,96,0,0,0.4166666666666667,-2050.2239583333335,-4655.75,397.09375,573,252,False,False,False,False,False,True,571.7,,,,,,,,,,,,,False,"1,2",,,,,,,,,,,,,,
tema_slope-ES-tf1|asia|,s1,tema_slope-ES-tf1,tema_slope,ES,1,asia,,,,False,False,False,True,False,c1,96,0,0,0.020833333333333332,-37336.5625,-38361.5,1163.4375,573,252,False,False,False,False,False,True,1675.1,,,,,,,,,,,,,False,"1,2",,,,,,,,,,,,,,
tema_slope-ES-tf1|eve|,s1,tema_slope-ES-tf1,tema_slope,ES,1,eve,,,,False,False,False,True,False,c1,96,0,0,0.0,-48455.083333333336,-46826.25,1265.0729166666667,573,252,False,False,False,False,False,True,1821.4,,,,,,,,,,,,,False,"1,2",,,,,,,,,,,,,,
tema_slope-ES-tf1|london|,s1,tema_slope-ES-tf1,tema_slope,ES,1,london,,,,False,False,False,True,False,c1,96,0,0,0.0,-51141.770833333336,-48354.5,1433.75,573,252,False,False,False,False,False,True,2064.3,,,,,,,,,,,,,False,"1,2",,,,,,,,,,,,,,
tema_slope-ES-tf1|mid|,s1,tema_slope-ES-tf1,tema_slope,ES,1,mid,,,,False,False,False,True,False,c1,96,0,0,0.052083333333333336,-45296.098958333336,-50899.25,1417.6770833333333,573,252,False,False,False,False,False,True,2041.2,,,,,,,,,,,,,False,"1,2",,,,,,,,,,,,,,
tema_slope-ES-tf1|nyam|,s1,tema_slope-ES-tf1,tema_slope,ES,1,nyam,,,,False,False,False,True,False,c1,96,0,0,0.0,-56023.6875,-55554.5,1454.4895833333333,573,252,False,False,False,False,False,True,2094.2,,,,,,,,,,,,,False,"1,2",,,,,,,,,,,,,,
tema_slope-ES-tf1|pm|,s1,tema_slope-ES-tf1,tema_slope,ES,1,pm,,,,False,False,False,True,False,c1,96,0,0,0.0,-70156.09895833333,-72119.75,1438.9270833333333,573,252,False,False,False,False,False,True,2071.8,,,,,,,,,,,,,False,"1,2",,,,,,,,,,,,,,
tema_slope-ES-tf1|pre|,s1,tema_slope-ES-tf1,tema_slope,ES,1,pre,,,,False,False,False,True,False,c1,96,0,0,0.21875,-18417.625,-24938.0,1121.3333333333333,573,252,False,False,False,False,False,True,1614.5,,,,,,,,,,,,,False,"1,2",,,,,,,,,,,,,,
tema_slope-ES-tf30|eve|,s1,tema_slope-ES-tf30,tema_slope,ES,30,eve,,,,False,False,False,True,False,c1,96,0,0,0.4791666666666667,1508.6354166666667,-433.0,344.2604166666667,573,252,False,False,False,False,False,True,495.7,,,,,,,,,,,,,False,"1,2",,,,,,,,,,,,,,
tema_slope-ES-tf30|london|,s1,tema_slope-ES-tf30,tema_slope,ES,30,london,,,,False,False,False,True,False,c1,96,0,0,0.010416666666666666,-26734.75,-24563.0,653.4791666666666,573,252,False,False,False,False,False,True,940.9,,,,,,,,,,,,,False,"1,2",,,,,,,,,,,,,,
tema_slope-ES-tf30|mid|,s1,tema_slope-ES-tf30,tema_slope,ES,30,mid,,,,False,False,False,True,False,c1,96,0,0,0.2604166666666667,-9091.479166666666,-8317.25,357.8958333333333,573,252,False,False,False,False,False,True,515.3,,,,,,,,,,,,,False,"1,2",,,,,,,,,,,,,,
tema_slope-ES-tf30|nyam|,s1,tema_slope-ES-tf30,tema_slope,ES,30,nyam,,,,False,False,False,True,False,c1,96,0,0,0.020833333333333332,-16255.005208333334,-16626.0,324.9166666666667,573,252,False,False,False,False,False,True,467.8,,,,,,,,,,,,,False,"1,2",,,,,,,,,,,,,,
tema_slope-ES-tf30|pm|,s1,tema_slope-ES-tf30,tema_slope,ES,30,pm,,,,False,False,False,True,False,c1,96,0,0,0.3854166666666667,-3211.3958333333335,-2020.0,367.0416666666667,573,252,False,False,False,False,False,True,528.5,,,,,,,,,,,,,False,"1,2",,,,,,,,,,,,,,
tema_slope-ES-tf30|pre|,s1,tema_slope-ES-tf30,tema_slope,ES,30,pre,,,,False,False,False,True,False,c1,96,0,0,0.3854166666666667,1045.828125,-2384.75,265.59375,573,252,False,False,False,False,False,True,382.4,,,,,,,,,,,,,False,"1,2",,,,,,,,,,,,,,
tema_slope-ES-tf5|asia|,s1,tema_slope-ES-tf5,tema_slope,ES,5,asia,,,,False,False,False,True,False,c1,96,0,0,0.0,-40521.328125,-40735.0,905.1041666666666,573,252,False,False,False,False,False,True,1303.2,,,,,,,,,,,,,False,"1,2",,,,,,,,,,,,,,
tema_slope-ES-tf5|eve|,s1,tema_slope-ES-tf5,tema_slope,ES,5,eve,,,,False,False,False,True,False,c1,96,0,0,0.11458333333333333,-27283.276041666668,-29750.25,1119.6145833333333,573,252,False,False,False,False,False,True,1612.0,,,,,,,,,,,,,False,"1,2",,,,,,,,,,,,,,
tema_slope-ES-tf5|london|,s1,tema_slope-ES-tf5,tema_slope,ES,5,london,,,,False,False,False,True,False,c1,96,0,0,0.020833333333333332,-37027.479166666664,-38838.0,1296.84375,573,252,False,False,False,False,False,True,1867.2,,,,,,,,,,,,,False,"1,2",,,,,,,,,,,,,,
tema_slope-ES-tf5|mid|,s1,tema_slope-ES-tf5,tema_slope,ES,5,mid,,,,False,False,False,True,False,c1,96,0,0,0.052083333333333336,-31664.697916666668,-32858.75,1081.0833333333333,573,252,False,False,False,False,False,True,1556.5,,,,,,,,,,,,,False,"1,2",,,,,,,,,,,,,,
tema_slope-ES-tf5|nyam|,s1,tema_slope-ES-tf5,tema_slope,ES,5,nyam,,,,False,False,False,True,False,c1,96,0,0,0.0,-43281.375,-40122.75,1040.9166666666667,573,252,False,False,False,False,False,True,1498.7,,,,,,,,,,,,,False,"1,2",,,,,,,,,,,,,,
tema_slope-ES-tf5|pm|,s1,tema_slope-ES-tf5,tema_slope,ES,5,pm,,,,False,False,False,True,False,c1,96,0,0,0.020833333333333332,-40312.380208333336,-39339.75,1098.8958333333333,573,252,False,False,False,False,False,True,1582.2,,,,,,,,,,,,,False,"1,2",,,,,,,,,,,,,,
tema_slope-ES-tf5|pre|,s1,tema_slope-ES-tf5,tema_slope,ES,5,pre,,,,False,False,False,True,False,c1,96,0,0,0.25,-9566.328125,-16383.75,652.5520833333334,573,252,False,False,False,False,False,True,939.5,,,,,,,,,,,,,False,"1,2",,,,,,,,,,,,,,
tema_slope-GC-tf15|asia|,s1,tema_slope-GC-tf15,tema_slope,GC,15,asia,,,,False,False,False,True,False,c1,96,0,0,0.0,-21946.270833333332,-20418.0,383.0,572,252,False,False,False,False,False,True,551.7,,,,,,,,,,,,,False,"1,2",,,,,,,,,,,,,,
tema_slope-GC-tf15|eve|,s1,tema_slope-GC-tf15,tema_slope,GC,15,eve,,,,False,False,False,True,False,c1,96,0,0,0.041666666666666664,-16488.479166666668,-16159.0,761.78125,572,252,False,False,False,False,False,True,1097.4,,,,,,,,,,,,,False,"1,2",,,,,,,,,,,,,,
tema_slope-GC-tf15|london|,s1,tema_slope-GC-tf15,tema_slope,GC,15,london,,,,False,False,False,True,False,c1,96,0,0,0.0,-27572.666666666668,-26698.0,920.9791666666666,572,252,False,False,False,False,False,True,1326.7,,,,,,,,,,,,,False,"1,2",,,,,,,,,,,,,,
tema_slope-GC-tf15|mid|,s1,tema_slope-GC-tf15,tema_slope,GC,15,mid,,,,False,False,False,True,False,c1,96,0,0,0.15625,-9656.416666666666,-7371.0,501.34375,572,252,False,False,False,False,False,True,722.2,,,,,,,,,,,,,False,"1,2",,,,,,,,,,,,,,
tema_slope-GC-tf15|nyam|,s1,tema_slope-GC-tf15,tema_slope,GC,15,nyam,,,,False,False,False,True,False,c1,96,0,0,0.0,-16239.666666666666,-16168.0,482.625,572,252,False,False,False,False,False,True,695.2,,,,,,,,,,,,,False,"1,2",,,,,,,,,,,,,,
tema_slope-GC-tf15|pm|,s1,tema_slope-GC-tf15,tema_slope,GC,15,pm,,,,False,False,False,True,False,c1,96,0,0,0.0,-18239.875,-18276.0,483.09375,572,252,False,False,False,False,False,True,695.9,,,,,,,,,,,,,False,"1,2",,,,,,,,,,,,,,
tema_slope-GC-tf15|pre|,s1,tema_slope-GC-tf15,tema_slope,GC,15,pre,,,,False,False,False,True,False,c1,96,0,0,0.16666666666666666,-6941.4375,-7599.0,450.8020833333333,572,252,False,False,False,False,False,True,649.4,,,,,,,,,,,,,False,"1,2",,,,,,,,,,,,,,
tema_slope-GC-tf1|asia|,s1,tema_slope-GC-tf1,tema_slope,GC,1,asia,,,,False,False,False,True,False,c1,96,0,0,0.010416666666666666,-32107.354166666668,-34884.0,1119.5208333333333,572,252,False,False,False,False,False,True,1612.7,,,,,,,,,,,,,False,"1,2",,,,,,,,,,,,,,
tema_slope-GC-tf1|eve|,s1,tema_slope-GC-tf1,tema_slope,GC,1,eve,,,,False,False,False,True,False,c1,96,0,0,0.0,-45776.1875,-44688.0,1225.7395833333333,572,252,False,False,False,False,False,True,1765.8,,,,,,,,,,,,,False,"1,2",,,,,,,,,,,,,,
tema_slope-GC-tf1|london|,s1,tema_slope-GC-tf1,tema_slope,GC,1,london,,,,False,False,False,True,False,c1,96,0,0,0.0,-30343.145833333332,-30529.0,1332.4791666666667,572,252,False,False,False,False,False,True,1919.5,,,,,,,,,,,,,False,"1,2",,,,,,,,,,,,,,
tema_slope-GC-tf1|mid|,s1,tema_slope-GC-tf1,tema_slope,GC,1,mid,,,,False,False,False,True,False,c1,96,0,0,0.0,-32358.6875,-31157.0,1173.2395833333333,572,252,False,False,False,False,False,True,1690.1,,,,,,,,,,,,,False,"1,2",,,,,,,,,,,,,,
tema_slope-GC-tf1|nyam|,s1,tema_slope-GC-tf1,tema_slope,GC,1,nyam,,,,False,False,False,True,False,c1,96,0,0,0.010416666666666666,-26737.791666666668,-25781.0,1267.1041666666667,572,252,False,False,False,False,False,True,1825.3,,,,,,,,,,,,,False,"1,2",,,,,,,,,,,,,,
tema_slope-GC-tf1|pm|,s1,tema_slope-GC-tf1,tema_slope,GC,1,pm,,,,False,False,False,True,False,c1,96,0,0,0.0,-28269.208333333332,-28905.0,1038.8645833333333,572,252,False,False,False,False,False,True,1496.5,,,,,,,,,,,,,False,"1,2",,,,,,,,,,,,,,
tema_slope-GC-tf1|pre|,s1,tema_slope-GC-tf1,tema_slope,GC,1,pre,,,,False,False,False,True,False,c1,96,0,0,0.0,-34149.333333333336,-33061.0,1121.1875,572,252,False,False,False,False,False,True,1615.1,,,,,,,,,,,,,False,"1,2",,,,,,,,,,,,,,
tema_slope-GC-tf30|eve|,s1,tema_slope-GC-tf30,tema_slope,GC,30,eve,,,,False,False,False,True,False,c1,96,0,0,0.40625,-1095.7708333333333,-3709.0,307.3541666666667,572,252,False,False,False,False,False,True,442.8,,,,,,,,,,,,,False,"1,2",,,,,,,,,,,,,,
tema_slope-GC-tf30|london|,s1,tema_slope-GC-tf30,tema_slope,GC,30,london,,,,False,False,False,True,False,c1,96,0,0,0.11458333333333333,-13163.166666666666,-11222.0,602.3541666666666,572,252,False,False,False,False,False,True,867.7,,,,,,,,,,,,,False,"1,2",,,,,,,,,,,,,,
tema_slope-GC-tf30|mid|,s1,tema_slope-GC-tf30,tema_slope,GC,30,mid,,,,False,False,False,True,False,c1,94,0,2,0.2978723404255319,-2945.723404255319,-3078.0,282.468085106383,572,252,False,False,False,False,False,True,406.9,,,,,,,,,,,,,False,"1,2",,,,,,,,,,,,,,
tema_slope-GC-tf30|nyam|,s1,tema_slope-GC-tf30,tema_slope,GC,30,nyam,,,,False,False,False,True,False,c1,96,0,0,0.2604166666666667,-3137.7083333333335,-3469.0,254.0625,572,252,False,False,False,False,False,True,366.0,,,,,,,,,,,,,False,"1,2",,,,,,,,,,,,,,
tema_slope-GC-tf30|pm|,s1,tema_slope-GC-tf30,tema_slope,GC,30,pm,,,,False,False,False,True,False,c1,90,0,6,0.011111111111111112,-8796.2,-8654.0,289.4111111111111,572,252,False,False,False,False,False,True,416.9,,,,,,,,,,,,,False,"1,2",,,,,,,,,,,,,,
tema_slope-GC-tf30|pre|,s1,tema_slope-GC-tf30,tema_slope,GC,30,pre,,,,False,False,False,True,False,c1,96,0,0,0.3645833333333333,-1458.9583333333333,-4192.0,308.28125,572,252,False,False,False,False,False,True,444.1,,,,,,,,,,,,,False,"1,2",,,,,,,,,,,,,,
tema_slope-GC-tf5|asia|,s1,tema_slope-GC-tf5,tema_slope,GC,5,asia,,,,False,False,False,True,False,c1,96,0,0,0.010416666666666666,-33969.479166666664,-31102.0,832.03125,572,252,False,False,False,False,False,True,1198.6,,,,,,,,,,,,,False,"1,2",,,,,,,,,,,,,,
tema_slope-GC-tf5|eve|,s1,tema_slope-GC-tf5,tema_slope,GC,5,eve,,,,False,False,False,True,False,c1,96,0,0,0.0,-32195.166666666668,-31738.0,1103.2708333333333,572,252,False,False,False,False,False,True,1589.3,,,,,,,,,,,,,False,"1,2",,,,,,,,,,,,,,
tema_slope-GC-tf5|london|,s1,tema_slope-GC-tf5,tema_slope,GC,5,london,,,,False,False,False,True,False,c1,96,0,0,0.010416666666666666,-26169.229166666668,-25417.0,1178.6875,572,252,False,False,False,False,False,True,1698.0,,,,,,,,,,,,,False,"1,2",,,,,,,,,,,,,,
tema_slope-GC-tf5|mid|,s1,tema_slope-GC-tf5,tema_slope,GC,5,mid,,,,False,False,False,True,False,c1,96,0,0,0.0,-25971.625,-25270.0,829.3645833333334,572,252,False,False,False,False,False,True,1194.7,,,,,,,,,,,,,False,"1,2",,,,,,,,,,,,,,
tema_slope-GC-tf5|nyam|,s1,tema_slope-GC-tf5,tema_slope,GC,5,nyam,,,,False,False,False,True,False,c1,96,0,0,0.09375,-20845.541666666668,-18717.0,836.6979166666666,572,252,False,False,False,False,False,True,1205.3,,,,,,,,,,,,,False,"1,2",,,,,,,,,,,,,,
tema_slope-GC-tf5|pm|,s1,tema_slope-GC-tf5,tema_slope,GC,5,pm,,,,False,False,False,True,False,c1,96,0,0,0.0,-27601.020833333332,-27983.0,769.0833333333334,572,252,False,False,False,False,False,True,1107.9,,,,,,,,,,,,,False,"1,2",,,,,,,,,,,,,,
tema_slope-GC-tf5|pre|,s1,tema_slope-GC-tf5,tema_slope,GC,5,pre,,,,False,False,False,True,False,c1,96,0,0,0.03125,-14545.104166666666,-14372.0,656.1458333333334,572,252,False,False,False,False,False,True,945.2,,,,,,,,,,,,,False,"1,2",,,,,,,,,,,,,,
tema_slope-NQ-tf15|asia|,s1,tema_slope-NQ-tf15,tema_slope,NQ,15,asia,,,,False,False,False,True,False,c1,96,0,0,0.21875,-8279.510416666666,-6027.0,369.7604166666667,573,252,False,False,False,False,False,True,532.4,,,,,,,,,,,,,False,"1,2",,,,,,,,,,,,,,
tema_slope-NQ-tf15|eve|,s1,tema_slope-NQ-tf15,tema_slope,NQ,15,eve,,,,False,False,False,True,False,c1,96,0,0,0.7083333333333334,15474.0,15960.5,771.9166666666666,573,252,True,True,False,False,True,True,1111.4,,False,7341.09,0.77,8132.91,0.002,,,,,0.0003,False,False,2,,,,,,,,,,,,,,
tema_slope-NQ-tf15|london|,s1,tema_slope-NQ-tf15,tema_slope,NQ,15,london,,,,False,False,False,True,False,c1,96,0,0,0.09375,-29730.875,-32049.0,1046.6770833333333,573,252,False,False,False,False,False,True,1507.0,,,,,,,,,,,,,False,"1,2",,,,,,,,,,,,,,
tema_slope-NQ-tf15|mid|,s1,tema_slope-NQ-tf15,tema_slope,NQ,15,mid,,,,False,False,False,True,False,c1,96,0,0,0.5520833333333334,609.15625,3263.5,647.2291666666666,573,252,False,False,False,False,False,True,931.9,,False,3492.79,0.625,-2883.64,0.0028,,,,,0.0007,False,False,"1,2",,,,,,,,,,,,,,
tema_slope-NQ-tf15|nyam|,s1,tema_slope-NQ-tf15,tema_slope,NQ,15,nyam,,,,False,False,False,True,False,c1,96,0,0,0.4791666666666667,637.28125,-4214.5,612.9583333333334,573,252,False,False,False,False,False,True,882.5,,,,,,,,,,,,,False,"1,2",,,,,,,,,,,,,,
tema_slope-NQ-tf15|pm|,s1,tema_slope-NQ-tf15,tema_slope,NQ,15,pm,,,,False,False,False,True,False,c1,96,0,0,0.3645833333333333,-4200.760416666667,-4821.0,655.4895833333334,573,252,False,False,False,False,False,True,943.8,,,,,,,,,,,,,False,"1,2",,,,,,,,,,,,,,
tema_slope-NQ-tf15|pre|,s1,tema_slope-NQ-tf15,tema_slope,NQ,15,pre,,,,False,False,False,True,False,c1,96,0,0,0.84375,22371.25,18927.0,400.0,573,252,True,True,True,False,True,True,575.9,,True,13383.48,0.955,8987.77,0.0086,,,,,0.0136,True,True,,,,,,,,,,,,,,,
tema_slope-NQ-tf1|asia|,s1,tema_slope-NQ-tf1,tema_slope,NQ,1,asia,,,,False,False,False,True,False,c1,96,0,0,0.3958333333333333,-3927.875,-6208.0,1182.28125,573,252,False,False,False,False,False,True,1702.2,,,,,,,,,,,,,False,"1,2",,,,,,,,,,,,,,
tema_slope-NQ-tf1|eve|,s1,tema_slope-NQ-tf1,tema_slope,NQ,1,eve,,,,False,False,False,True,False,c1,96,0,0,0.16666666666666666,-18833.083333333332,-18994.0,1290.25,573,252,False,False,False,False,False,True,1857.7,,,,,,,,,,,,,False,"1,2",,,,,,,,,,,,,,
tema_slope-NQ-tf1|london|,s1,tema_slope-NQ-tf1,tema_slope,NQ,1,london,,,,False,False,False,True,False,c1,96,0,0,0.3854166666666667,-3949.15625,-4007.5,1453.2916666666667,573,252,False,False,False,False,False,True,2092.4,,,,,,,,,,,,,False,"1,2",,,,,,,,,,,,,,
tema_slope-NQ-tf1|mid|,s1,tema_slope-NQ-tf1,tema_slope,NQ,1,mid,,,,False,False,False,True,False,c1,96,0,0,0.22916666666666666,-14878.041666666666,-21721.5,1456.4895833333333,573,252,False,False,False,False,False,True,2097.0,,,,,,,,,,,,,False,"1,2",,,,,,,,,,,,,,
tema_slope-NQ-tf1|nyam|,s1,tema_slope-NQ-tf1,tema_slope,NQ,1,nyam,,,,False,False,False,True,False,c1,96,0,0,0.16666666666666666,-22068.802083333332,-21680.5,1520.46875,573,252,False,False,False,False,False,True,2189.2,,,,,,,,,,,,,False,"1,2",,,,,,,,,,,,,,
tema_slope-NQ-tf1|pm|,s1,tema_slope-NQ-tf1,tema_slope,NQ,1,pm,,,,False,False,False,True,False,c1,96,0,0,0.010416666666666666,-52640.145833333336,-46979.5,1455.53125,573,252,False,False,False,False,False,True,2095.7,,,,,,,,,,,,,False,"1,2",,,,,,,,,,,,,,
tema_slope-NQ-tf1|pre|,s1,tema_slope-NQ-tf1,tema_slope,NQ,1,pre,,,,False,False,False,True,False,c1,96,0,0,0.3958333333333333,8046.427083333333,-13115.5,1148.6666666666667,573,252,False,False,False,False,False,True,1653.8,,,,,,,,,,,,,False,"1,2",,,,,,,,,,,,,,
tema_slope-NQ-tf30|eve|,s1,tema_slope-NQ-tf30,tema_slope,NQ,30,eve,,,,False,False,False,True,False,c1,96,0,0,0.8645833333333334,19972.052083333332,18928.5,340.0729166666667,573,252,True,True,True,False,True,True,489.6,,True,16122.67,0.985,3849.38,0.0,,,,,0.0001,True,True,,,,,,,,,,,,,,,
tema_slope-NQ-tf30|london|,s1,tema_slope-NQ-tf30,tema_slope,NQ,30,london,,,,False,False,False,True,False,c1,96,0,0,0.23958333333333334,-13950.395833333334,-14779.5,666.8958333333334,573,252,False,False,False,False,False,True,960.2,,,,,,,,,,,,,False,"1,2",,,,,,,,,,,,,,
tema_slope-NQ-tf30|mid|,s1,tema_slope-NQ-tf30,tema_slope,NQ,30,mid,,,,False,False,False,True,False,c1,96,0,0,0.625,7346.375,5347.0,341.3229166666667,573,252,True,False,False,False,True,True,491.4,,True,12093.91,0.95,-4747.53,0.0194,,,,,0.0003,True,True,,,,,,,,,,,,,,,
tema_slope-NQ-tf30|nyam|,s1,tema_slope-NQ-tf30,tema_slope,NQ,30,nyam,,,,False,False,False,True,False,c1,96,0,0,0.40625,-600.8854166666666,-1831.0,343.6979166666667,573,252,False,False,False,False,False,True,494.9,,,,,,,,,,,,,False,"1,2",,,,,,,,,,,,,,
tema_slope-NQ-tf30|pm|,s1,tema_slope-NQ-tf30,tema_slope,NQ,30,pm,,,,False,False,False,True,False,c1,96,0,0,0.6875,3051.6145833333335,4400.5,358.3333333333333,573,252,True,False,False,False,True,True,515.9,,False,-2857.17,0.325,5908.78,0.0157,,,,,0.0045,False,False,2,,,,,,,,,,,,,,
tema_slope-NQ-tf30|pre|,s1,tema_slope-NQ-tf30,tema_slope,NQ,30,pre,,,,False,False,False,True,False,c1,96,0,0,0.9375,23991.958333333332,14967.0,274.5625,573,252,True,True,True,False,True,True,395.3,,True,12112.52,0.975,11879.44,0.0777,,,,,0.0142,True,True,,,,,,,,,,,,,,,
tema_slope-NQ-tf5|asia|,s1,tema_slope-NQ-tf5,tema_slope,NQ,5,asia,,,,False,False,False,True,False,c1,96,0,0,0.20833333333333334,-15881.520833333334,-17771.0,890.5104166666666,573,252,False,False,False,False,False,True,1282.1,,,,,,,,,,,,,False,"1,2",,,,,,,,,,,,,,
tema_slope-NQ-tf5|eve|,s1,tema_slope-NQ-tf5,tema_slope,NQ,5,eve,,,,False,False,False,True,False,c1,96,0,0,0.5520833333333334,9762.614583333334,3626.0,1142.5625,573,252,False,False,False,False,False,True,1645.1,,False,-5654.98,0.26,15417.59,0.008,,,,,0.0,False,False,"1,2",,,,,,,,,,,,,,
tema_slope-NQ-tf5|london|,s1,tema_slope-NQ-tf5,tema_slope,NQ,5,london,,,,False,False,False,True,False,c1,96,0,0,0.19791666666666666,-15314.510416666666,-10509.0,1317.5208333333333,573,252,False,False,False,False,False,True,1897.0,,,,,,,,,,,,,False,"1,2",,,,,,,,,,,,,,
tema_slope-NQ-tf5|mid|,s1,tema_slope-NQ-tf5,tema_slope,NQ,5,mid,,,,False,False,False,True,False,c1,96,0,0,0.19791666666666666,-20851.0625,-21978.5,1117.4270833333333,573,252,False,False,False,False,False,True,1608.9,,,,,,,,,,,,,False,"1,2",,,,,,,,,,,,,,
tema_slope-NQ-tf5|nyam|,s1,tema_slope-NQ-tf5,tema_slope,NQ,5,nyam,,,,False,False,False,True,False,c1,96,0,0,0.3645833333333333,-7966.541666666667,-7198.5,1094.34375,573,252,False,False,False,False,False,True,1575.6,,,,,,,,,,,,,False,"1,2",,,,,,,,,,,,,,
tema_slope-NQ-tf5|pm|,s1,tema_slope-NQ-tf5,tema_slope,NQ,5,pm,,,,False,False,False,True,False,c1,96,0,0,0.010416666666666666,-37311.614583333336,-35187.5,1118.8020833333333,573,252,False,False,False,False,False,True,1610.8,,,,,,,,,,,,,False,"1,2",,,,,,,,,,,,,,
tema_slope-NQ-tf5|pre|,s1,tema_slope-NQ-tf5,tema_slope,NQ,5,pre,,,,False,False,False,True,False,c1,96,0,0,0.34375,7460.958333333333,-6833.0,654.5,573,252,False,False,False,False,False,True,942.3,,,,,,,,,,,,,False,"1,2",,,,,,,,,,,,,,
tod_drift-ES-tf15|asia|dir=long,s1,tod_drift-ES-tf15,tod_drift,ES,15,asia,dir=long,,,False,False,False,True,False,c1,31,96,1,0.0,-19236.016129032258,-19884.0,571.0,573,252,False,False,False,False,False,True,822.1,,,,,,,,,,,,,False,"1,2",,,,,,,,,,,,,,
tod_drift-ES-tf15|asia|dir=short,s1,tod_drift-ES-tf15,tod_drift,ES,15,asia,dir=short,,,False,False,False,True,False,c1,32,96,0,0.0,-14764.859375,-13352.75,571.0,573,252,False,False,False,False,False,True,822.1,,,,,,,,,,,,,False,"1,2",,,,,,,,,,,,,,
tod_drift-ES-tf15|eve|dir=long,s1,tod_drift-ES-tf15,tod_drift,ES,15,eve,dir=long,,,False,False,False,True,False,c1,30,96,2,0.0,-30359.833333333332,-31515.25,571.0,573,252,False,False,False,False,False,True,822.1,,,,,,,,,,,,,False,"1,2",,,,,,,,,,,,,,
tod_drift-ES-tf15|eve|dir=short,s1,tod_drift-ES-tf15,tod_drift,ES,15,eve,dir=short,,,False,False,False,True,False,c1,32,96,0,0.0,-9700.015625,-9065.25,571.0,573,252,False,False,False,False,False,True,822.1,,,,,,,,,,,,,False,"1,2",,,,,,,,,,,,,,
tod_drift-ES-tf15|london|dir=long,s1,tod_drift-ES-tf15,tod_drift,ES,15,london,dir=long,,,False,False,False,True,False,c1,126,0,2,0.03968253968253968,-12590.150793650793,-11340.25,571.0,573,252,False,False,False,False,False,True,822.1,,,,,,,,,,,,,False,"1,2",,,,,,,,,,,,,,
tod_drift-ES-tf15|london|dir=short,s1,tod_drift-ES-tf15,tod_drift,ES,15,london,dir=short,,,False,False,False,True,False,c1,128,0,0,0.0,-21405.09375,-21527.75,571.0,573,252,False,False,False,False,False,True,822.1,,,,,,,,,,,,,False,"1,2",,,,,,,,,,,,,,
tod_drift-ES-tf15|mid|dir=long,s1,tod_drift-ES-tf15,tod_drift,ES,15,mid,dir=long,,,False,False,False,True,False,c1,123,0,5,0.008130081300813009,-18712.455284552845,-17609.0,571.0,573,252,False,False,False,False,False,True,822.1,,,,,,,,,,,,,False,"1,2",,,,,,,,,,,,,,
tod_drift-ES-tf15|mid|dir=short,s1,tod_drift-ES-tf15,tod_drift,ES,15,mid,dir=short,,,False,False,False,True,False,c1,124,0,4,0.06451612903225806,-18531.6814516129,-20302.75,571.0,573,252,False,False,False,False,False,True,822.1,,,,,,,,,,,,,False,"1,2",,,,,,,,,,,,,,
tod_drift-ES-tf15|nyam|dir=long,s1,tod_drift-ES-tf15,tod_drift,ES,15,nyam,dir=long,,,False,False,False,True,False,c1,126,0,2,0.06349206349206349,-16732.511904761905,-16690.25,571.0,573,252,False,False,False,False,False,True,822.1,,,,,,,,,,,,,False,"1,2",,,,,,,,,,,,,,
tod_drift-ES-tf15|nyam|dir=short,s1,tod_drift-ES-tf15,tod_drift,ES,15,nyam,dir=short,,,False,False,False,True,False,c1,128,0,0,0.0,-18274.0390625,-16827.75,571.0,573,252,False,False,False,False,False,True,822.1,,,,,,,,,,,,,False,"1,2",,,,,,,,,,,,,,
tod_drift-ES-tf15|pm|dir=long,s1,tod_drift-ES-tf15,tod_drift,ES,15,pm,dir=long,,,False,False,False,True,False,c1,128,0,0,0.3671875,-3484.30859375,-2536.75,567.0,573,252,False,False,False,False,False,True,816.4,,,,,,,,,,,,,False,"1,2",,,,,,,,,,,,,,
tod_drift-ES-tf15|pm|dir=short,s1,tod_drift-ES-tf15,tod_drift,ES,15,pm,dir=short,,,False,False,False,True,False,c1,128,0,0,0.0,-26984.69921875,-27355.5,567.0,573,252,False,False,False,False,False,True,816.4,,,,,,,,,,,,,False,"1,2",,,,,,,,,,,,,,
tod_drift-ES-tf15|pre|dir=long,s1,tod_drift-ES-tf15,tod_drift,ES,15,pre,dir=long,,,False,False,False,True,False,c1,96,32,0,0.0,-23987.515625,-24627.75,571.0,573,252,False,False,False,False,False,True,822.1,,,,,,,,,,,,,False,"1,2",,,,,,,,,,,,,,
tod_drift-ES-tf15|pre|dir=short,s1,tod_drift-ES-tf15,tod_drift,ES,15,pre,dir=short,,,False,False,False,True,False,c1,96,32,0,0.0,-20717.723958333332,-18390.25,571.0,573,252,False,False,False,False,False,True,822.1,,,,,,,,,,,,,False,"1,2",,,,,,,,,,,,,,
tod_drift-ES-tf1|asia|dir=long,s1,tod_drift-ES-tf1,tod_drift,ES,1,asia,dir=long,,,False,False,False,True,False,c1,75,32,21,0.0,-15019.833333333334,-14384.0,571.0,573,252,False,False,False,False,False,True,822.1,,,,,,,,,,,,,False,"1,2",,,,,,,,,,,,,,
tod_drift-ES-tf1|asia|dir=short,s1,tod_drift-ES-tf1,tod_drift,ES,1,asia,dir=short,,,False,False,False,True,False,c1,72,32,24,0.0,-18492.680555555555,-18440.25,571.0,573,252,False,False,False,False,False,True,822.1,,,,,,,,,,,,,False,"1,2",,,,,,,,,,,,,,
tod_drift-ES-tf1|eve|dir=long,s1,tod_drift-ES-tf1,tod_drift,ES,1,eve,dir=long,,,False,False,False,True,False,c1,79,32,17,0.0,-16826.563291139242,-17071.5,571.0,573,252,False,False,False,False,False,True,822.1,,,,,,,,,,,,,False,"1,2",,,,,,,,,,,,,,
tod_drift-ES-tf1|eve|dir=short,s1,tod_drift-ES-tf1,tod_drift,ES,1,eve,dir=short,,,False,False,False,True,False,c1,68,32,28,0.0,-16532.529411764706,-16346.5,571.0,573,252,False,False,False,False,False,True,822.1,,,,,,,,,,,,,False,"1,2",,,,,,,,,,,,,,
tod_drift-ES-tf1|london|dir=long,s1,tod_drift-ES-tf1,tod_drift,ES,1,london,dir=long,,,False,False,False,True,False,c1,106,0,22,0.0,-16780.344339622643,-16740.25,571.0,573,252,False,False,False,False,False,True,822.1,,,,,,,,,,,,,False,"1,2",,,,,,,,,,,,,,
tod_drift-ES-tf1|london|dir=short,s1,tod_drift-ES-tf1,tod_drift,ES,1,london,dir=short,,,False,False,False,True,False,c1,109,0,19,0.0,-16089.963302752294,-16109.0,571.0,573,252,False,False,False,False,False,True,822.1,,,,,,,,,,,,,False,"1,2",,,,,,,,,,,,,,
tod_drift-ES-tf1|mid|dir=long,s1,tod_drift-ES-tf1,tod_drift,ES,1,mid,dir=long,,,False,False,False,True,False,c1,112,0,16,0.0,-20604.3125,-17940.25,571.0,573,252,False,False,False,False,False,True,822.1,,,,,,,,,,,,,False,"1,2",,,,,,,,,,,,,,
tod_drift-ES-tf1|mid|dir=short,s1,tod_drift-ES-tf1,tod_drift,ES,1,mid,dir=short,,,False,False,False,True,False,c1,109,0,19,0.0,-15439.619266055046,-18209.0,571.0,573,252,False,False,False,False,False,True,822.1,,,,,,,,,,,,,False,"1,2",,,,,,,,,,,,,,
tod_drift-ES-tf1|nyam|dir=long,s1,tod_drift-ES-tf1,tod_drift,ES,1,nyam,dir=long,,,False,False,False,True,False,c1,121,0,7,0.05785123966942149,-18180.590909090908,-18096.5,571.0,573,252,False,False,False,False,False,True,822.1,,,,,,,,,,,,,False,"1,2",,,,,,,,,,,,,,
tod_drift-ES-tf1|nyam|dir=short,s1,tod_drift-ES-tf1,tod_drift,ES,1,nyam,dir=short,,,False,False,False,True,False,c1,122,0,6,0.03278688524590164,-18274.061475409835,-17927.75,571.0,573,252,False,False,False,False,False,True,822.1,,,,,,,,,,,,,False,"1,2",,,,,,,,,,,,,,
tod_drift-ES-tf1|pm|dir=long,s1,tod_drift-ES-tf1,tod_drift,ES,1,pm,dir=long,,,False,False,False,True,False,c1,122,0,6,0.0,-17078.14344262295,-17018.0,567.0,573,252,False,False,False,False,False,True,816.4,,,,,,,,,,,,,False,"1,2",,,,,,,,,,,,,,
tod_drift-ES-tf1|pm|dir=short,s1,tod_drift-ES-tf1,tod_drift,ES,1,pm,dir=short,,,False,False,False,True,False,c1,117,0,11,0.0,-18036.26923076923,-16430.5,567.0,573,252,False,False,False,False,False,True,816.4,,,,,,,,,,,,,False,"1,2",,,,,,,,,,,,,,
tod_drift-ES-tf1|pre|dir=long,s1,tod_drift-ES-tf1,tod_drift,ES,1,pre,dir=long,,,False,False,False,True,False,c1,87,32,9,0.0,-18923.367816091955,-19446.5,571.0,573,252,False,False,False,False,False,True,822.1,,,,,,,,,,,,,False,"1,2",,,,,,,,,,,,,,
tod_drift-ES-tf1|pre|dir=short,s1,tod_drift-ES-tf1,tod_drift,ES,1,pre,dir=short,,,False,False,False,True,False,c1,87,32,9,0.0,-15286.586206896553,-15484.0,571.0,573,252,False,False,False,False,False,True,822.1,,,,,,,,,,,,,False,"1,2",,,,,,,,,,,,,,
tod_drift-ES-tf30|london|dir=long,s1,tod_drift-ES-tf30,tod_drift,ES,30,london,dir=long,,,False,False,False,True,False,c1,125,0,3,0.04,-11451.3,-10984.0,571.0,573,252,False,False,False,False,False,True,822.1,,,,,,,,,,,,,False,"1,2",,,,,,,,,,,,,,
tod_drift-ES-tf30|london|dir=short,s1,tod_drift-ES-tf30,tod_drift,ES,30,london,dir=short,,,False,False,False,True,False,c1,128,0,0,0.0,-24298.35546875,-23596.5,571.0,573,252,False,False,False,False,False,True,822.1,,,,,,,,,,,,,False,"1,2",,,,,,,,,,,,,,
tod_drift-ES-tf30|mid|dir=long,s1,tod_drift-ES-tf30,tod_drift,ES,30,mid,dir=long,,,False,False,False,True,False,c1,127,0,1,0.08661417322834646,-13318.94094488189,-14021.5,571.0,573,252,False,False,False,False,False,True,822.1,,,,,,,,,,,,,False,"1,2",,,,,,,,,,,,,,
tod_drift-ES-tf30|mid|dir=short,s1,tod_drift-ES-tf30,tod_drift,ES,30,mid,dir=short,,,False,False,False,True,False,c1,126,0,2,0.0,-22301.65873015873,-21909.0,571.0,573,252,False,False,False,False,False,True,822.1,,,,,,,,,,,,,False,"1,2",,,,,,,,,,,,,,
tod_drift-ES-tf30|nyam|dir=long,s1,tod_drift-ES-tf30,tod_drift,ES,30,nyam,dir=long,,,False,False,False,True,False,c1,128,0,0,0.1015625,-15449.33203125,-16871.5,571.0,573,252,False,False,False,False,False,True,822.1,,,,,,,,,,,,,False,"1,2",,,,,,,,,,,,,,
tod_drift-ES-tf30|nyam|dir=short,s1,tod_drift-ES-tf30,tod_drift,ES,30,nyam,dir=short,,,False,False,False,True,False,c1,128,0,0,0.0703125,-16442.984375,-13140.25,571.0,573,252,False,False,False,False,False,True,822.1,,,,,,,,,,,,,False,"1,2",,,,,,,,,,,,,,
tod_drift-ES-tf30|pm|dir=long,s1,tod_drift-ES-tf30,tod_drift,ES,30,pm,dir=long,,,False,False,False,True,False,c1,128,0,0,0.2890625,-5252.375,-4924.25,567.0,573,252,False,False,False,False,False,True,816.4,,,,,,,,,,,,,False,"1,2",,,,,,,,,,,,,,
tod_drift-ES-tf30|pm|dir=short,s1,tod_drift-ES-tf30,tod_drift,ES,30,pm,dir=short,,,False,False,False,True,False,c1,128,0,0,0.0078125,-23714.58203125,-24374.25,567.0,573,252,False,False,False,False,False,True,816.4,,,,,,,,,,,,,False,"1,2",,,,,,,,,,,,,,
tod_drift-ES-tf30|pre|dir=long,s1,tod_drift-ES-tf30,tod_drift,ES,30,pre,dir=long,,,False,False,False,True,False,c1,96,32,0,0.0,-25692.59375,-25052.75,571.0,573,252,False,False,False,False,False,True,822.1,,,,,,,,,,,,,False,"1,2",,,,,,,,,,,,,,
tod_drift-ES-tf30|pre|dir=short,s1,tod_drift-ES-tf30,tod_drift,ES,30,pre,dir=short,,,False,False,False,True,False,c1,96,32,0,0.08333333333333333,-15628.270833333334,-14384.0,571.0,573,252,False,False,False,False,False,True,822.1,,,,,,,,,,,,,False,"1,2",,,,,,,,,,,,,,
tod_drift-ES-tf5|asia|dir=long,s1,tod_drift-ES-tf5,tod_drift,ES,5,asia,dir=long,,,False,False,False,True,False,c1,83,32,13,0.0,-12627.030120481928,-11105.0,570.6506024096385,573,252,False,False,False,False,False,True,821.6,,,,,,,,,,,,,False,"1,2",,,,,,,,,,,,,,
tod_drift-ES-tf5|asia|dir=short,s1,tod_drift-ES-tf5,tod_drift,ES,5,asia,dir=short,,,False,False,False,True,False,c1,82,32,14,0.0,-22092.030487804877,-22121.5,570.6829268292682,573,252,False,False,False,False,False,True,821.7,,,,,,,,,,,,,False,"1,2",,,,,,,,,,,,,,
tod_drift-ES-tf5|eve|dir=long,s1,tod_drift-ES-tf5,tod_drift,ES,5,eve,dir=long,,,False,False,False,True,False,c1,82,32,14,0.0,-17502.14024390244,-18596.5,571.0,573,252,False,False,False,False,False,True,822.1,,,,,,,,,,,,,False,"1,2",,,,,,,,,,,,,,
tod_drift-ES-tf5|eve|dir=short,s1,tod_drift-ES-tf5,tod_drift,ES,5,eve,dir=short,,,False,False,False,True,False,c1,84,32,12,0.0,-15401.113095238095,-14902.75,571.0,573,252,False,False,False,False,False,True,822.1,,,,,,,,,,,,,False,"1,2",,,,,,,,,,,,,,
tod_drift-ES-tf5|london|dir=long,s1,tod_drift-ES-tf5,tod_drift,ES,5,london,dir=long,,,False,False,False,True,False,c1,125,0,3,0.0,-17375.9,-18671.5,571.0,573,252,False,False,False,False,False,True,822.1,,,,,,,,,,,,,False,"1,2",,,,,,,,,,,,,,
tod_drift-ES-tf5|london|dir=short,s1,tod_drift-ES-tf5,tod_drift,ES,5,london,dir=short,,,False,False,False,True,False,c1,124,0,4,0.0,-14617.66935483871,-14415.25,571.0,573,252,False,False,False,False,False,True,822.1,,,,,,,,,,,,,False,"1,2",,,,,,,,,,,,,,
tod_drift-ES-tf5|mid|dir=long,s1,tod_drift-ES-tf5,tod_drift,ES,5,mid,dir=long,,,False,False,False,True,False,c1,121,0,7,0.04132231404958678,-16649.289256198346,-15684.0,571.0,573,252,False,False,False,False,False,True,822.1,,,,,,,,,,,,,False,"1,2",,,,,,,,,,,,,,
tod_drift-ES-tf5|mid|dir=short,s1,tod_drift-ES-tf5,tod_drift,ES,5,mid,dir=short,,,False,False,False,True,False,c1,124,0,4,0.04032258064516129,-19716.762096774193,-22965.25,571.0,573,252,False,False,False,False,False,True,822.1,,,,,,,,,,,,,False,"1,2",,,,,,,,,,,,,,
tod_drift-ES-tf5|nyam|dir=long,s1,tod_drift-ES-tf5,tod_drift,ES,5,nyam,dir=long,,,False,False,False,True,False,c1,124,0,4,0.13709677419354838,-17403.354838709678,-19984.0,571.0,573,252,False,False,False,False,False,True,822.1,,,,,,,,,,,,,False,"1,2",,,,,,,,,,,,,,
tod_drift-ES-tf5|nyam|dir=short,s1,tod_drift-ES-tf5,tod_drift,ES,5,nyam,dir=short,,,False,False,False,True,False,c1,127,0,1,0.023622047244094488,-19892.858267716536,-18234.0,571.0,573,252,False,False,False,False,False,True,822.1,,,,,,,,,,,,,False,"1,2",,,,,,,,,,,,,,
tod_drift-ES-tf5|pm|dir=long,s1,tod_drift-ES-tf5,tod_drift,ES,5,pm,dir=long,,,False,False,False,True,False,c1,127,0,1,0.07086614173228346,-14445.36220472441,-14330.5,567.0,573,252,False,False,False,False,False,True,816.4,,,,,,,,,,,,,False,"1,2",,,,,,,,,,,,,,
tod_drift-ES-tf5|pm|dir=short,s1,tod_drift-ES-tf5,tod_drift,ES,5,pm,dir=short,,,False,False,False,True,False,c1,127,0,1,0.0,-23910.42125984252,-21980.5,567.0,573,252,False,False,False,False,False,True,816.4,,,,,,,,,,,,,False,"1,2",,,,,,,,,,,,,,
tod_drift-ES-tf5|pre|dir=long,s1,tod_drift-ES-tf5,tod_drift,ES,5,pre,dir=long,,,False,False,False,True,False,c1,96,32,0,0.0,-24711.34375,-24302.75,571.0,573,252,False,False,False,False,False,True,822.1,,,,,,,,,,,,,False,"1,2",,,,,,,,,,,,,,
tod_drift-ES-tf5|pre|dir=short,s1,tod_drift-ES-tf5,tod_drift,ES,5,pre,dir=short,,,False,False,False,True,False,c1,93,32,3,0.0,-11454.967741935483,-11521.5,571.0,573,252,False,False,False,False,False,True,822.1,,,,,,,,,,,,,False,"1,2",,,,,,,,,,,,,,
tod_drift-GC-tf15|asia|dir=long,s1,tod_drift-GC-tf15,tod_drift,GC,15,asia,dir=long,,,False,False,False,True,False,c1,32,96,0,0.0,-13424.0625,-13685.0,565.0,572,252,False,False,False,False,False,True,813.9,,,,,,,,,,,,,False,"1,2",,,,,,,,,,,,,,
tod_drift-GC-tf15|asia|dir=short,s1,tod_drift-GC-tf15,tod_drift,GC,15,asia,dir=short,,,False,False,False,True,False,c1,31,96,1,0.0,-15160.0,-14750.0,565.0,572,252,False,False,False,False,False,True,813.9,,,,,,,,,,,,,False,"1,2",,,,,,,,,,,,,,
tod_drift-GC-tf15|eve|dir=long,s1,tod_drift-GC-tf15,tod_drift,GC,15,eve,dir=long,,,False,False,False,True,False,c1,31,96,1,0.0,-12328.387096774193,-11920.0,565.0,572,252,False,False,False,False,False,True,813.9,,,,,,,,,,,,,False,"1,2",,,,,,,,,,,,,,
tod_drift-GC-tf15|eve|dir=short,s1,tod_drift-GC-tf15,tod_drift,GC,15,eve,dir=short,,,False,False,False,True,False,c1,31,96,1,0.0,-15884.516129032258,-15650.0,565.0,572,252,False,False,False,False,False,True,813.9,,,,,,,,,,,,,False,"1,2",,,,,,,,,,,,,,
tod_drift-GC-tf15|london|dir=long,s1,tod_drift-GC-tf15,tod_drift,GC,15,london,dir=long,,,False,False,False,True,False,c1,126,0,2,0.0,-19065.555555555555,-20060.0,565.0,572,252,False,False,False,False,False,True,813.9,,,,,,,,,,,,,False,"1,2",,,,,,,,,,,,,,
tod_drift-GC-tf15|london|dir=short,s1,tod_drift-GC-tf15,tod_drift,GC,15,london,dir=short,,,False,False,False,True,False,c1,127,0,1,0.03937007874015748,-11382.047244094489,-11300.0,565.0,572,252,False,False,False,False,False,True,813.9,,,,,,,,,,,,,False,"1,2",,,,,,,,,,,,,,
tod_drift-GC-tf15|mid|dir=long,s1,tod_drift-GC-tf15,tod_drift,GC,15,mid,dir=long,,,False,False,False,True,False,c1,116,0,12,0.0,-17789.396551724138,-18005.0,565.0,572,252,False,False,False,False,False,True,813.9,,,,,,,,,,,,,False,"1,2",,,,,,,,,,,,,,
tod_drift-GC-tf15|mid|dir=short,s1,tod_drift-GC-tf15,tod_drift,GC,15,mid,dir=short,,,False,False,False,True,False,c1,122,0,6,0.0,-9469.83606557377,-9615.0,565.0,572,252,False,False,False,False,False,True,813.9,,,,,,,,,,,,,False,"1,2",,,,,,,,,,,,,,
tod_drift-GC-tf15|nyam|dir=long,s1,tod_drift-GC-tf15,tod_drift,GC,15,nyam,dir=long,,,False,False,False,True,False,c1,128,0,0,0.078125,-10028.75,-10965.0,565.0,572,252,False,False,False,False,False,True,813.9,,,,,,,,,,,,,False,"1,2",,,,,,,,,,,,,,
tod_drift-GC-tf15|nyam|dir=short,s1,tod_drift-GC-tf15,tod_drift,GC,15,nyam,dir=short,,,False,False,False,True,False,c1,127,0,1,0.0,-16344.094488188977,-15890.0,565.0,572,252,False,False,False,False,False,True,813.9,,,,,,,,,,,,,False,"1,2",,,,,,,,,,,,,,
tod_drift-GC-tf15|pm|dir=long,s1,tod_drift-GC-tf15,tod_drift,GC,15,pm,dir=long,,,False,False,False,True,False,c1,127,0,1,0.0,-18118.425196850392,-18900.0,565.0,572,252,False,False,False,False,False,True,813.9,,,,,,,,,,,,,False,"1,2",,,,,,,,,,,,,,
tod_drift-GC-tf15|pm|dir=short,s1,tod_drift-GC-tf15,tod_drift,GC,15,pm,dir=short,,,False,False,False,True,False,c1,125,0,3,0.0,-8955.44,-8280.0,565.0,572,252,False,False,False,False,False,True,813.9,,,,,,,,,,,,,False,"1,2",,,,,,,,,,,,,,
tod_drift-GC-tf15|pre|dir=long,s1,tod_drift-GC-tf15,tod_drift,GC,15,pre,dir=long,,,False,False,False,True,False,c1,96,32,0,0.010416666666666666,-17877.1875,-18335.0,565.0,572,252,False,False,False,False,False,True,813.9,,,,,,,,,,,,,False,"1,2",,,,,,,,,,,,,,
tod_drift-GC-tf15|pre|dir=short,s1,tod_drift-GC-tf15,tod_drift,GC,15,pre,dir=short,,,False,False,False,True,False,c1,96,32,0,0.375,-2702.1875,-2370.0,565.0,572,252,False,False,False,False,False,True,813.9,,,,,,,,,,,,,False,"1,2",,,,,,,,,,,,,,
tod_drift-GC-tf1|asia|dir=long,s1,tod_drift-GC-tf1,tod_drift,GC,1,asia,dir=long,,,False,False,False,True,False,c1,58,32,38,0.0,-14580.0,-14010.0,565.0,572,252,False,False,False,False,False,True,813.9,,,,,,,,,,,,,False,"1,2",,,,,,,,,,,,,,
tod_drift-GC-tf1|asia|dir=short,s1,tod_drift-GC-tf1,tod_drift,GC,1,asia,dir=short,,,False,False,False,True,False,c1,52,32,44,0.0,-13195.576923076924,-13715.0,565.0,572,252,False,False,False,False,False,True,813.9,,,,,,,,,,,,,False,"1,2",,,,,,,,,,,,,,
tod_drift-GC-tf1|eve|dir=long,s1,tod_drift-GC-tf1,tod_drift,GC,1,eve,dir=long,,,False,False,False,True,False,c1,72,32,24,0.0,-15386.805555555555,-14835.0,565.0,572,252,False,False,False,False,False,True,813.9,,,,,,,,,,,,,False,"1,2",,,,,,,,,,,,,,
tod_drift-GC-tf1|eve|dir=short,s1,tod_drift-GC-tf1,tod_drift,GC,1,eve,dir=short,,,False,False,False,True,False,c1,81,32,15,0.0,-11702.592592592593,-12340.0,565.0,572,252,False,False,False,False,False,True,813.9,,,,,,,,,,,,,False,"1,2",,,,,,,,,,,,,,
tod_drift-GC-tf1|london|dir=long,s1,tod_drift-GC-tf1,tod_drift,GC,1,london,dir=long,,,False,False,False,True,False,c1,81,0,47,0.0,-13715.061728395061,-14930.0,565.0,572,252,False,False,False,False,False,True,813.9,,,,,,,,,,,,,False,"1,2",,,,,,,,,,,,,,
tod_drift-GC-tf1|london|dir=short,s1,tod_drift-GC-tf1,tod_drift,GC,1,london,dir=short,,,False,False,False,True,False,c1,93,0,35,0.0,-13470.752688172042,-13210.0,565.0,572,252,False,False,False,False,False,True,813.9,,,,,,,,,,,,,False,"1,2",,,,,,,,,,,,,,
tod_drift-GC-tf1|mid|dir=long,s1,tod_drift-GC-tf1,tod_drift,GC,1,mid,dir=long,,,False,False,False,True,False,c1,97,0,31,0.0,-16907.319587628866,-16720.0,565.0,572,252,False,False,False,False,False,True,813.9,,,,,,,,,,,,,False,"1,2",,,,,,,,,,,,,,
tod_drift-GC-tf1|mid|dir=short,s1,tod_drift-GC-tf1,tod_drift,GC,1,mid,dir=short,,,False,False,False,True,False,c1,102,0,26,0.0,-10981.862745098038,-11230.0,565.0,572,252,False,False,False,False,False,True,813.9,,,,,,,,,,,,,False,"1,2",,,,,,,,,,,,,,
tod_drift-GC-tf1|nyam|dir=long,s1,tod_drift-GC-tf1,tod_drift,GC,1,nyam,dir=long,,,False,False,False,True,False,c1,113,0,15,0.0,-12018.938053097345,-13920.0,565.0,572,252,False,False,False,False,False,True,813.9,,,,,,,,,,,,,False,"1,2",,,,,,,,,,,,,,
tod_drift-GC-tf1|nyam|dir=short,s1,tod_drift-GC-tf1,tod_drift,GC,1,nyam,dir=short,,,False,False,False,True,False,c1,115,0,13,0.0,-15251.04347826087,-15590.0,565.0,572,252,False,False,False,False,False,True,813.9,,,,,,,,,,,,,False,"1,2",,,,,,,,,,,,,,
tod_drift-GC-tf1|pm|dir=long,s1,tod_drift-GC-tf1,tod_drift,GC,1,pm,dir=long,,,False,False,False,True,False,c1,118,0,10,0.0,-12675.338983050848,-12305.0,565.0,572,252,False,False,False,False,False,True,813.9,,,,,,,,,,,,,False,"1,2",,,,,,,,,,,,,,
tod_drift-GC-tf1|pm|dir=short,s1,tod_drift-GC-tf1,tod_drift,GC,1,pm,dir=short,,,False,False,False,True,False,c1,102,0,26,0.0,-14091.862745098038,-13930.0,565.0,572,252,False,False,False,False,False,True,813.9,,,,,,,,,,,,,False,"1,2",,,,,,,,,,,,,,
tod_drift-GC-tf1|pre|dir=long,s1,tod_drift-GC-tf1,tod_drift,GC,1,pre,dir=long,,,False,False,False,True,False,c1,92,32,4,0.0,-14536.630434782608,-14350.0,565.0,572,252,False,False,False,False,False,True,813.9,,,,,,,,,,,,,False,"1,2",,,,,,,,,,,,,,
tod_drift-GC-tf1|pre|dir=short,s1,tod_drift-GC-tf1,tod_drift,GC,1,pre,dir=short,,,False,False,False,True,False,c1,86,32,10,0.0,-11783.720930232557,-12560.0,565.0,572,252,False,False,False,False,False,True,813.9,,,,,,,,,,,,,False,"1,2",,,,,,,,,,,,,,
tod_drift-GC-tf30|london|dir=long,s1,tod_drift-GC-tf30,tod_drift,GC,30,london,dir=long,,,False,False,False,True,False,c1,124,0,4,0.0,-13682.983870967742,-13380.0,565.0,572,252,False,False,False,False,False,True,813.9,,,,,,,,,,,,,False,"1,2",,,,,,,,,,,,,,
tod_drift-GC-tf30|london|dir=short,s1,tod_drift-GC-tf30,tod_drift,GC,30,london,dir=short,,,False,False,False,True,False,c1,125,0,3,0.0,-15845.2,-16140.0,565.0,572,252,False,False,False,False,False,True,813.9,,,,,,,,,,,,,False,"1,2",,,,,,,,,,,,,,
tod_drift-GC-tf30|mid|dir=long,s1,tod_drift-GC-tf30,tod_drift,GC,30,mid,dir=long,,,False,False,False,True,False,c1,126,0,2,0.0,-17908.88888888889,-18015.0,565.0,572,252,False,False,False,False,False,True,813.9,,,,,,,,,,,,,False,"1,2",,,,,,,,,,,,,,
tod_drift-GC-tf30|mid|dir=short,s1,tod_drift-GC-tf30,tod_drift,GC,30,mid,dir=short,,,False,False,False,True,False,c1,123,0,5,0.056910569105691054,-7786.991869918699,-8040.0,565.0,572,252,False,False,False,False,False,True,813.9,,,,,,,,,,,,,False,"1,2",,,,,,,,,,,,,,
tod_drift-GC-tf30|nyam|dir=long,s1,tod_drift-GC-tf30,tod_drift,GC,30,nyam,dir=long,,,False,False,False,True,False,c1,127,0,1,0.1732283464566929,-10255.1968503937,-12530.0,565.0,572,252,False,False,False,False,False,True,813.9,,,,,,,,,,,,,False,"1,2",,,,,,,,,,,,,,
tod_drift-GC-tf30|nyam|dir=short,s1,tod_drift-GC-tf30,tod_drift,GC,30,nyam,dir=short,,,False,False,False,True,False,c1,124,0,4,0.0,-13504.354838709678,-12560.0,565.0,572,252,False,False,False,False,False,True,813.9,,,,,,,,,,,,,False,"1,2",,,,,,,,,,,,,,
tod_drift-GC-tf30|pm|dir=long,s1,tod_drift-GC-tf30,tod_drift,GC,30,pm,dir=long,,,False,False,False,True,False,c1,127,0,1,0.0,-19795.196850393702,-21400.0,565.0,572,252,False,False,False,False,False,True,813.9,,,,,,,,,,,,,False,"1,2",,,,,,,,,,,,,,
tod_drift-GC-tf30|pm|dir=short,s1,tod_drift-GC-tf30,tod_drift,GC,30,pm,dir=short,,,False,False,False,True,False,c1,121,0,7,0.024793388429752067,-6332.3140495867765,-5420.0,565.0,572,252,False,False,False,False,False,True,813.9,,,,,,,,,,,,,False,"1,2",,,,,,,,,,,,,,
tod_drift-GC-tf30|pre|dir=long,s1,tod_drift-GC-tf30,tod_drift,GC,30,pre,dir=long,,,False,False,False,True,False,c1,96,32,0,0.07291666666666667,-17015.625,-16585.0,565.0,572,252,False,False,False,False,False,True,813.9,,,,,,,,,,,,,False,"1,2",,,,,,,,,,,,,,
tod_drift-GC-tf30|pre|dir=short,s1,tod_drift-GC-tf30,tod_drift,GC,30,pre,dir=short,,,False,False,False,True,False,c1,96,32,0,0.3541666666666667,-3125.1041666666665,-3825.0,565.0,572,252,False,False,False,False,False,True,813.9,,,,,,,,,,,,,False,"1,2",,,,,,,,,,,,,,
tod_drift-GC-tf5|asia|dir=long,s1,tod_drift-GC-tf5,tod_drift,GC,5,asia,dir=long,,,False,False,False,True,False,c1,79,32,17,0.0,-13988.303797468354,-13876.0,564.6708860759494,572,252,False,False,False,False,False,True,813.4,,,,,,,,,,,,,False,"1,2",,,,,,,,,,,,,,
tod_drift-GC-tf5|asia|dir=short,s1,tod_drift-GC-tf5,tod_drift,GC,5,asia,dir=short,,,False,False,False,True,False,c1,77,32,19,0.0,-14823.636363636364,-14720.0,564.6753246753246,572,252,False,False,False,False,False,True,813.4,,,,,,,,,,,,,False,"1,2",,,,,,,,,,,,,,
tod_drift-GC-tf5|eve|dir=long,s1,tod_drift-GC-tf5,tod_drift,GC,5,eve,dir=long,,,False,False,False,True,False,c1,85,32,11,0.0,-18036.964705882354,-19406.0,560.8588235294118,572,252,False,False,False,False,False,True,808.0,,,,,,,,,,,,,False,"1,2",,,,,,,,,,,,,,
tod_drift-GC-tf5|eve|dir=short,s1,tod_drift-GC-tf5,tod_drift,GC,5,eve,dir=short,,,False,False,False,True,False,c1,87,32,9,0.0,-10270.114942528735,-9106.0,561.2068965517242,572,252,False,False,False,False,False,True,808.5,,,,,,,,,,,,,False,"1,2",,,,,,,,,,,,,,
tod_drift-GC-tf5|london|dir=long,s1,tod_drift-GC-tf5,tod_drift,GC,5,london,dir=long,,,False,False,False,True,False,c1,118,0,10,0.0,-14374.237288135593,-14150.0,565.0,572,252,False,False,False,False,False,True,813.9,,,,,,,,,,,,,False,"1,2",,,,,,,,,,,,,,
tod_drift-GC-tf5|london|dir=short,s1,tod_drift-GC-tf5,tod_drift,GC,5,london,dir=short,,,False,False,False,True,False,c1,120,0,8,0.0,-13587.416666666666,-12430.0,565.0,572,252,False,False,False,False,False,True,813.9,,,,,,,,,,,,,False,"1,2",,,,,,,,,,,,,,
tod_drift-GC-tf5|mid|dir=long,s1,tod_drift-GC-tf5,tod_drift,GC,5,mid,dir=long,,,False,False,False,True,False,c1,112,0,16,0.0,-15743.125,-16105.0,565.0,572,252,False,False,False,False,False,True,813.9,,,,,,,,,,,,,False,"1,2",,,,,,,,,,,,,,
tod_drift-GC-tf5|mid|dir=short,s1,tod_drift-GC-tf5,tod_drift,GC,5,mid,dir=short,,,False,False,False,True,False,c1,121,0,7,0.0,-12862.314049586777,-12980.0,565.0,572,252,False,False,False,False,False,True,813.9,,,,,,,,,,,,,False,"1,2",,,,,,,,,,,,,,
tod_drift-GC-tf5|nyam|dir=long,s1,tod_drift-GC-tf5,tod_drift,GC,5,nyam,dir=long,,,False,False,False,True,False,c1,126,0,2,0.06349206349206349,-8977.063492063493,-8695.0,565.0,572,252,False,False,False,False,False,True,813.9,,,,,,,,,,,,,False,"1,2",,,,,,,,,,,,,,
tod_drift-GC-tf5|nyam|dir=short,s1,tod_drift-GC-tf5,tod_drift,GC,5,nyam,dir=short,,,False,False,False,True,False,c1,126,0,2,0.0,-17700.238095238095,-18315.0,565.0,572,252,False,False,False,False,False,True,813.9,,,,,,,,,,,,,False,"1,2",,,,,,,,,,,,,,
tod_drift-GC-tf5|pm|dir=long,s1,tod_drift-GC-tf5,tod_drift,GC,5,pm,dir=long,,,False,False,False,True,False,c1,127,0,1,0.0,-15169.527559055117,-15370.0,565.0,572,252,False,False,False,False,False,True,813.9,,,,,,,,,,,,,False,"1,2",,,,,,,,,,,,,,
tod_drift-GC-tf5|pm|dir=short,s1,tod_drift-GC-tf5,tod_drift,GC,5,pm,dir=short,,,False,False,False,True,False,c1,119,0,9,0.0,-12943.781512605043,-12590.0,565.0,572,252,False,False,False,False,False,True,813.9,,,,,,,,,,,,,False,"1,2",,,,,,,,,,,,,,
tod_drift-GC-tf5|pre|dir=long,s1,tod_drift-GC-tf5,tod_drift,GC,5,pre,dir=long,,,False,False,False,True,False,c1,92,32,4,0.0,-16936.304347826088,-16525.0,565.0,572,252,False,False,False,False,False,True,813.9,,,,,,,,,,,,,False,"1,2",,,,,,,,,,,,,,
tod_drift-GC-tf5|pre|dir=short,s1,tod_drift-GC-tf5,tod_drift,GC,5,pre,dir=short,,,False,False,False,True,False,c1,95,32,1,0.12631578947368421,-7877.263157894737,-9460.0,565.0,572,252,False,False,False,False,False,True,813.9,,,,,,,,,,,,,False,"1,2",,,,,,,,,,,,,,
tod_drift-NQ-tf15|asia|dir=long,s1,tod_drift-NQ-tf15,tod_drift,NQ,15,asia,dir=long,,,False,False,False,True,False,c1,31,96,1,0.0,-12431.838709677419,-12512.0,568.0,573,252,False,False,False,False,False,True,817.8,,,,,,,,,,,,,False,"1,2",,,,,,,,,,,,,,
tod_drift-NQ-tf15|asia|dir=short,s1,tod_drift-NQ-tf15,tod_drift,NQ,15,asia,dir=short,,,False,False,False,True,False,c1,32,96,0,0.15625,-5761.84375,-4912.0,568.0,573,252,False,False,False,False,False,True,817.8,,,,,,,,,,,,,False,"1,2",,,,,,,,,,,,,,
tod_drift-NQ-tf15|eve|dir=long,s1,tod_drift-NQ-tf15,tod_drift,NQ,15,eve,dir=long,,,False,False,False,True,False,c1,31,96,1,0.0,-25285.58064516129,-25813.0,567.0,573,252,False,False,False,False,False,True,816.4,,,,,,,,,,,,,False,"1,2",,,,,,,,,,,,,,
tod_drift-NQ-tf15|eve|dir=short,s1,tod_drift-NQ-tf15,tod_drift,NQ,15,eve,dir=short,,,False,False,False,True,False,c1,32,96,0,0.75,5102.625,6642.0,567.0,573,252,True,True,False,False,True,True,816.4,,False,-13555.98,0.095,18658.61,0.0,,,,,0.0,False,False,2,,,,,,,,,,,,,,
tod_drift-NQ-tf15|london|dir=long,s1,tod_drift-NQ-tf15,tod_drift,NQ,15,london,dir=long,,,False,False,False,True,False,c1,127,0,1,0.48031496062992124,-892.7086614173228,-677.0,568.0,573,252,False,False,False,False,False,True,817.8,,,,,,,,,,,,,False,"1,2",,,,,,,,,,,,,,
tod_drift-NQ-tf15|london|dir=short,s1,tod_drift-NQ-tf15,tod_drift,NQ,15,london,dir=short,,,False,False,False,True,False,c1,128,0,0,0.1171875,-11240.203125,-10559.5,568.0,573,252,False,False,False,False,False,True,817.8,,,,,,,,,,,,,False,"1,2",,,,,,,,,,,,,,
tod_drift-NQ-tf15|mid|dir=long,s1,tod_drift-NQ-tf15,tod_drift,NQ,15,mid,dir=long,,,False,False,False,True,False,c1,123,0,5,0.43089430894308944,-6168.30081300813,-3252.0,568.0,573,252,False,False,False,False,False,True,817.8,,,,,,,,,,,,,False,"1,2",,,,,,,,,,,,,,
tod_drift-NQ-tf15|mid|dir=short,s1,tod_drift-NQ-tf15,tod_drift,NQ,15,mid,dir=short,,,False,False,False,True,False,c1,124,0,4,0.24193548387096775,-17284.9435483871,-20904.5,568.0,573,252,False,False,False,False,False,True,817.8,,,,,,,,,,,,,False,"1,2",,,,,,,,,,,,,,
tod_drift-NQ-tf15|nyam|dir=long,s1,tod_drift-NQ-tf15,tod_drift,NQ,15,nyam,dir=long,,,False,False,False,True,False,c1,126,0,2,0.4365079365079365,-5214.103174603175,-4012.0,568.0,573,252,False,False,False,False,False,True,817.8,,,,,,,,,,,,,False,"1,2",,,,,,,,,,,,,,
tod_drift-NQ-tf15|nyam|dir=short,s1,tod_drift-NQ-tf15,tod_drift,NQ,15,nyam,dir=short,,,False,False,False,True,False,c1,128,0,0,0.3828125,-3697.078125,-6649.5,568.0,573,252,False,False,False,False,False,True,817.8,,,,,,,,,,,,,False,"1,2",,,,,,,,,,,,,,
tod_drift-NQ-tf15|pm|dir=long,s1,tod_drift-NQ-tf15,tod_drift,NQ,15,pm,dir=long,,,False,False,False,True,False,c1,128,0,0,0.796875,14360.5625,12804.0,564.0,573,252,True,True,False,False,True,True,812.0,,False,3352.25,0.655,11008.31,0.0,,,,,0.0012,False,False,2,,,,,,,,,,,,,,
tod_drift-NQ-tf15|pm|dir=short,s1,tod_drift-NQ-tf15,tod_drift,NQ,15,pm,dir=short,,,False,False,False,True,False,c1,128,0,0,0.0078125,-32491.625,-32348.5,564.0,573,252,False,False,False,False,False,True,812.0,,,,,,,,,,,,,False,"1,2",,,,,,,,,,,,,,
tod_drift-NQ-tf15|pre|dir=long,s1,tod_drift-NQ-tf15,tod_drift,NQ,15,pre,dir=long,,,False,False,False,True,False,c1,96,32,0,0.20833333333333334,-10506.375,-12727.0,568.0,573,252,False,False,False,False,False,True,817.8,,,,,,,,,,,,,False,"1,2",,,,,,,,,,,,,,
tod_drift-NQ-tf15|pre|dir=short,s1,tod_drift-NQ-tf15,tod_drift,NQ,15,pre,dir=short,,,False,False,False,True,False,c1,96,32,0,0.34375,-6911.583333333333,-5047.0,568.0,573,252,False,False,False,False,False,True,817.8,,,,,,,,,,,,,False,"1,2",,,,,,,,,,,,,,
tod_drift-NQ-tf1|asia|dir=long,s1,tod_drift-NQ-tf1,tod_drift,NQ,1,asia,dir=long,,,False,False,False,True,False,c1,80,32,16,0.025,-4759.9375,-4312.0,568.0,573,252,False,False,False,False,False,True,817.8,,,,,,,,,,,,,False,"1,2",,,,,,,,,,,,,,
tod_drift-NQ-tf1|asia|dir=short,s1,tod_drift-NQ-tf1,tod_drift,NQ,1,asia,dir=short,,,False,False,False,True,False,c1,67,32,29,0.0,-11093.268656716418,-10612.0,568.0,573,252,False,False,False,False,False,True,817.8,,,,,,,,,,,,,False,"1,2",,,,,,,,,,,,,,
tod_drift-NQ-tf1|eve|dir=long,s1,tod_drift-NQ-tf1,tod_drift,NQ,1,eve,dir=long,,,False,False,False,True,False,c1,82,32,14,0.0,-8042.695121951219,-7350.5,567.0,573,252,False,False,False,False,False,True,816.4,,,,,,,,,,,,,False,"1,2",,,,,,,,,,,,,,
tod_drift-NQ-tf1|eve|dir=short,s1,tod_drift-NQ-tf1,tod_drift,NQ,1,eve,dir=short,,,False,False,False,True,False,c1,71,32,25,0.0,-7450.112676056338,-7888.0,567.0,573,252,False,False,False,False,False,True,816.4,,,,,,,,,,,,,False,"1,2",,,,,,,,,,,,,,
tod_drift-NQ-tf1|london|dir=long,s1,tod_drift-NQ-tf1,tod_drift,NQ,1,london,dir=long,,,False,False,False,True,False,c1,108,0,20,0.21296296296296297,-9258.25,-8777.0,568.0,573,252,False,False,False,False,False,True,817.8,,,,,,,,,,,,,False,"1,2",,,,,,,,,,,,,,
tod_drift-NQ-tf1|london|dir=short,s1,tod_drift-NQ-tf1,tod_drift,NQ,1,london,dir=short,,,False,False,False,True,False,c1,110,0,18,0.2727272727272727,-4307.0,-5939.5,568.0,573,252,False,False,False,False,False,True,817.8,,,,,,,,,,,,,False,"1,2",,,,,,,,,,,,,,
tod_drift-NQ-tf1|mid|dir=long,s1,tod_drift-NQ-tf1,tod_drift,NQ,1,mid,dir=long,,,False,False,False,True,False,c1,115,0,13,0.06086956521739131,-15594.782608695652,-8897.0,568.0,573,252,False,False,False,False,False,True,817.8,,,,,,,,,,,,,False,"1,2",,,,,,,,,,,,,,
tod_drift-NQ-tf1|mid|dir=short,s1,tod_drift-NQ-tf1,tod_drift,NQ,1,mid,dir=short,,,False,False,False,True,False,c1,117,0,11,0.26495726495726496,-3085.162393162393,-9652.0,568.0,573,252,False,False,False,False,False,True,817.8,,,,,,,,,,,,,False,"1,2",,,,,,,,,,,,,,
tod_drift-NQ-tf1|nyam|dir=long,s1,tod_drift-NQ-tf1,tod_drift,NQ,1,nyam,dir=long,,,False,False,False,True,False,c1,122,0,6,0.22950819672131148,-13119.909836065573,-10429.5,568.0,573,252,False,False,False,False,False,True,817.8,,,,,,,,,,,,,False,"1,2",,,,,,,,,,,,,,
tod_drift-NQ-tf1|nyam|dir=short,s1,tod_drift-NQ-tf1,tod_drift,NQ,1,nyam,dir=short,,,False,False,False,True,False,c1,126,0,2,0.29365079365079366,-5941.206349206349,-8652.0,568.0,573,252,False,False,False,False,False,True,817.8,,,,,,,,,,,,,False,"1,2",,,,,,,,,,,,,,
tod_drift-NQ-tf1|pm|dir=long,s1,tod_drift-NQ-tf1,tod_drift,NQ,1,pm,dir=long,,,False,False,False,True,False,c1,124,0,4,0.0967741935483871,-7674.064516129032,-6616.0,564.0,573,252,False,False,False,False,False,True,812.0,,,,,,,,,,,,,False,"1,2",,,,,,,,,,,,,,
tod_drift-NQ-tf1|pm|dir=short,s1,tod_drift-NQ-tf1,tod_drift,NQ,1,pm,dir=short,,,False,False,False,True,False,c1,119,0,9,0.058823529411764705,-10448.899159663866,-11631.0,564.0,573,252,False,False,False,False,False,True,812.0,,,,,,,,,,,,,False,"1,2",,,,,,,,,,,,,,
tod_drift-NQ-tf1|pre|dir=long,s1,tod_drift-NQ-tf1,tod_drift,NQ,1,pre,dir=long,,,False,False,False,True,False,c1,89,32,7,0.02247191011235955,-8743.123595505618,-8932.0,568.0,573,252,False,False,False,False,False,True,817.8,,,,,,,,,,,,,False,"1,2",,,,,,,,,,,,,,
tod_drift-NQ-tf1|pre|dir=short,s1,tod_drift-NQ-tf1,tod_drift,NQ,1,pre,dir=short,,,False,False,False,True,False,c1,87,32,9,0.034482758620689655,-7398.206896551724,-8377.0,568.0,573,252,False,False,False,False,False,True,817.8,,,,,,,,,,,,,False,"1,2",,,,,,,,,,,,,,
tod_drift-NQ-tf30|london|dir=long,s1,tod_drift-NQ-tf30,tod_drift,NQ,30,london,dir=long,,,False,False,False,True,False,c1,128,0,0,0.390625,-1821.5703125,-2494.5,568.0,573,252,False,False,False,False,False,True,817.8,,,,,,,,,,,,,False,"1,2",,,,,,,,,,,,,,
tod_drift-NQ-tf30|london|dir=short,s1,tod_drift-NQ-tf30,tod_drift,NQ,30,london,dir=short,,,False,False,False,True,False,c1,128,0,0,0.125,-12259.3046875,-12742.0,568.0,573,252,False,False,False,False,False,True,817.8,,,,,,,,,,,,,False,"1,2",,,,,,,,,,,,,,
tod_drift-NQ-tf30|mid|dir=long,s1,tod_drift-NQ-tf30,tod_drift,NQ,30,mid,dir=long,,,False,False,False,True,False,c1,126,0,2,0.5952380952380952,4331.849206349207,5065.5,568.0,573,252,False,False,False,False,False,True,817.8,,False,-1278.19,0.43,5610.04,0.0088,,,,,0.0004,False,False,"1,2",,,,,,,,,,,,,,
tod_drift-NQ-tf30|mid|dir=short,s1,tod_drift-NQ-tf30,tod_drift,NQ,30,mid,dir=short,,,False,False,False,True,False,c1,126,0,2,0.10317460317460317,-24161.484126984127,-25264.5,568.0,573,252,False,False,False,False,False,True,817.8,,,,,,,,,,,,,False,"1,2",,,,,,,,,,,,,,
tod_drift-NQ-tf30|nyam|dir=long,s1,tod_drift-NQ-tf30,tod_drift,NQ,30,nyam,dir=long,,,False,False,False,True,False,c1,128,0,0,0.3671875,-3235.75,-5207.0,568.0,573,252,False,False,False,False,False,True,817.8,,,,,,,,,,,,,False,"1,2",,,,,,,,,,,,,,
tod_drift-NQ-tf30|nyam|dir=short,s1,tod_drift-NQ-tf30,tod_drift,NQ,30,nyam,dir=short,,,False,False,False,True,False,c1,128,0,0,0.484375,-1576.1015625,-1497.0,568.0,573,252,False,False,False,False,False,True,817.8,,,,,,,,,,,,,False,"1,2",,,,,,,,,,,,,,
tod_drift-NQ-tf30|pm|dir=long,s1,tod_drift-NQ-tf30,tod_drift,NQ,30,pm,dir=long,,,False,False,False,True,False,c1,128,0,0,0.75,11783.609375,10651.5,564.0,573,252,True,True,False,False,True,True,812.0,,True,20979.49,0.97,-9195.88,0.0035,,,,,0.0011,True,True,,,,,,,,,,,,,,,
tod_drift-NQ-tf30|pm|dir=short,s1,tod_drift-NQ-tf30,tod_drift,NQ,30,pm,dir=short,,,False,False,False,True,False,c1,128,0,0,0.0234375,-27002.5625,-25876.0,564.0,573,252,False,False,False,False,False,True,812.0,,,,,,,,,,,,,False,"1,2",,,,,,,,,,,,,,
tod_drift-NQ-tf30|pre|dir=long,s1,tod_drift-NQ-tf30,tod_drift,NQ,30,pre,dir=long,,,False,False,False,True,False,c1,96,32,0,0.23958333333333334,-10555.541666666666,-10752.0,568.0,573,252,False,False,False,False,False,True,817.8,,,,,,,,,,,,,False,"1,2",,,,,,,,,,,,,,
tod_drift-NQ-tf30|pre|dir=short,s1,tod_drift-NQ-tf30,tod_drift,NQ,30,pre,dir=short,,,False,False,False,True,False,c1,96,32,0,0.5104166666666666,3129.1458333333335,318.0,568.0,573,252,False,False,False,False,False,True,817.8,,False,-16823.26,0.02,19952.4,0.0528,,,,,0.0001,False,False,"1,2",,,,,,,,,,,,,,
tod_drift-NQ-tf5|asia|dir=long,s1,tod_drift-NQ-tf5,tod_drift,NQ,5,asia,dir=long,,,False,False,False,True,False,c1,87,32,9,0.6206896551724138,-481.7701149425287,3153.0,568.0,573,252,False,False,False,False,False,True,817.8,,,,,,,,,,,,,False,"1,2",,,,,,,,,,,,,,
tod_drift-NQ-tf5|asia|dir=short,s1,tod_drift-NQ-tf5,tod_drift,NQ,5,asia,dir=short,,,False,False,False,True,False,c1,84,32,12,0.0,-16776.880952380954,-17554.5,568.0,573,252,False,False,False,False,False,True,817.8,,,,,,,,,,,,,False,"1,2",,,,,,,,,,,,,,
tod_drift-NQ-tf5|eve|dir=long,s1,tod_drift-NQ-tf5,tod_drift,NQ,5,eve,dir=long,,,False,False,False,True,False,c1,90,32,6,0.2111111111111111,-8819.444444444445,-12300.5,567.0,573,252,False,False,False,False,False,True,816.4,,,,,,,,,,,,,False,"1,2",,,,,,,,,,,,,,
tod_drift-NQ-tf5|eve|dir=short,s1,tod_drift-NQ-tf5,tod_drift,NQ,5,eve,dir=short,,,False,False,False,True,False,c1,89,32,7,0.25842696629213485,-5932.606741573034,-3063.0,567.0,573,252,False,False,False,False,False,True,816.4,,,,,,,,,,,,,False,"1,2",,,,,,,,,,,,,,
tod_drift-NQ-tf5|london|dir=long,s1,tod_drift-NQ-tf5,tod_drift,NQ,5,london,dir=long,,,False,False,False,True,False,c1,126,0,2,0.31746031746031744,-6186.8015873015875,-7564.5,568.0,573,252,False,False,False,False,False,True,817.8,,,,,,,,,,,,,False,"1,2",,,,,,,,,,,,,,
tod_drift-NQ-tf5|london|dir=short,s1,tod_drift-NQ-tf5,tod_drift,NQ,5,london,dir=short,,,False,False,False,True,False,c1,124,0,4,0.4112903225806452,-4488.532258064516,-4902.0,568.0,573,252,False,False,False,False,False,True,817.8,,,,,,,,,,,,,False,"1,2",,,,,,,,,,,,,,
tod_drift-NQ-tf5|mid|dir=long,s1,tod_drift-NQ-tf5,tod_drift,NQ,5,mid,dir=long,,,False,False,False,True,False,c1,122,0,6,0.5081967213114754,-4803.7213114754095,638.0,568.0,573,252,False,False,False,False,False,True,817.8,,,,,,,,,,,,,False,"1,2",,,,,,,,,,,,,,
tod_drift-NQ-tf5|mid|dir=short,s1,tod_drift-NQ-tf5,tod_drift,NQ,5,mid,dir=short,,,False,False,False,True,False,c1,122,0,6,0.2540983606557377,-14050.155737704918,-21629.5,568.0,573,252,False,False,False,False,False,True,817.8,,,,,,,,,,,,,False,"1,2",,,,,,,,,,,,,,
tod_drift-NQ-tf5|nyam|dir=long,s1,tod_drift-NQ-tf5,tod_drift,NQ,5,nyam,dir=long,,,False,False,False,True,False,c1,123,0,5,0.2682926829268293,-13235.008130081302,-12617.0,568.0,573,252,False,False,False,False,False,True,817.8,,,,,,,,,,,,,False,"1,2",,,,,,,,,,,,,,
tod_drift-NQ-tf5|nyam|dir=short,s1,tod_drift-NQ-tf5,tod_drift,NQ,5,nyam,dir=short,,,False,False,False,True,False,c1,128,0,0,0.4296875,-5340.046875,-6887.0,568.0,573,252,False,False,False,False,False,True,817.8,,,,,,,,,,,,,False,"1,2",,,,,,,,,,,,,,
tod_drift-NQ-tf5|pm|dir=long,s1,tod_drift-NQ-tf5,tod_drift,NQ,5,pm,dir=long,,,False,False,False,True,False,c1,127,0,1,0.4645669291338583,-1085.6062992125985,-2146.0,564.0,573,252,False,False,False,False,False,True,812.0,,,,,,,,,,,,,False,"1,2",,,,,,,,,,,,,,
tod_drift-NQ-tf5|pm|dir=short,s1,tod_drift-NQ-tf5,tod_drift,NQ,5,pm,dir=short,,,False,False,False,True,False,c1,128,0,0,0.0078125,-22861.9375,-20888.5,564.0,573,252,False,False,False,False,False,True,812.0,,,,,,,,,,,,,False,"1,2",,,,,,,,,,,,,,
tod_drift-NQ-tf5|pre|dir=long,s1,tod_drift-NQ-tf5,tod_drift,NQ,5,pre,dir=long,,,False,False,False,True,False,c1,95,32,1,0.0,-14899.578947368422,-15237.0,568.0,573,252,False,False,False,False,False,True,817.8,,,,,,,,,,,,,False,"1,2",,,,,,,,,,,,,,
tod_drift-NQ-tf5|pre|dir=short,s1,tod_drift-NQ-tf5,tod_drift,NQ,5,pre,dir=short,,,False,False,False,True,False,c1,93,32,3,0.3010752688172043,-2339.2043010752686,-2622.0,568.0,573,252,False,False,False,False,False,True,817.8,,,,,,,,,,,,,False,"1,2",,,,,,,,,,,,,,
vwap_band-ES-tf15|asia|,s1,vwap_band-ES-tf15,vwap_band,ES,15,asia,,,,False,False,False,False,False,c1,127,0,1,0.18110236220472442,-7674.334645669292,-6106.5,272.2992125984252,573,252,False,False,False,False,False,True,392.1,,,,,,,,,,,,,False,"1,2",,,,,,,,,,,,,,
vwap_band-ES-tf15|eve|,s1,vwap_band-ES-tf15,vwap_band,ES,15,eve,,,,False,False,False,False,False,c1,128,0,0,0.15625,-10579.328125,-6450.5,362.703125,573,252,False,False,False,False,False,True,522.2,,,,,,,,,,,,,False,"1,2",,,,,,,,,,,,,,
vwap_band-ES-tf15|london|,s1,vwap_band-ES-tf15,vwap_band,ES,15,london,,,,False,False,False,False,False,c1,128,0,0,0.2734375,-9168.60546875,-6530.25,370.59375,573,252,False,False,False,False,False,True,533.6,,,,,,,,,,,,,False,"1,2",,,,,,,,,,,,,,
vwap_band-ES-tf15|mid|,s1,vwap_band-ES-tf15,vwap_band,ES,15,mid,,,,False,False,False,False,False,c1,124,0,4,0.4032258064516129,-3399.9032258064517,-640.0,230.82258064516128,573,252,False,False,False,False,False,True,332.3,,,,,,,,,,,,,False,"1,2",,,,,,,,,,,,,,
vwap_band-ES-tf15|nyam|,s1,vwap_band-ES-tf15,vwap_band,ES,15,nyam,,,,False,False,False,False,False,c1,124,0,4,0.16129032258064516,-7431.737903225807,-6302.0,100.09677419354838,573,252,False,False,False,False,False,True,144.1,,,,,,,,,,,,,False,"1,2",,,,,,,,,,,,,,
vwap_band-ES-tf15|pm|,s1,vwap_band-ES-tf15,vwap_band,ES,15,pm,,,,False,False,False,False,False,c1,122,0,6,0.29508196721311475,-7980.573770491803,-6283.25,233.97540983606558,573,252,False,False,False,False,False,True,336.9,,,,,,,,,,,,,False,"1,2",,,,,,,,,,,,,,
vwap_band-ES-tf15|pre|,s1,vwap_band-ES-tf15,vwap_band,ES,15,pre,,,,False,False,False,False,False,c1,96,32,0,0.375,-452.0260416666667,-819.5,48.0,573,252,False,False,False,False,False,False,69.1,,,,,,,,,,,,,False,"1,2,3",,,,,,,,,,,,,,
vwap_band-ES-tf1|asia|,s1,vwap_band-ES-tf1,vwap_band,ES,1,asia,,,,False,False,False,False,False,c1,128,0,0,0.015625,-29740.74609375,-29955.25,837.1640625,573,252,False,False,False,False,False,True,1205.3,,,,,,,,,,,,,False,"1,2",,,,,,,,,,,,,,
vwap_band-ES-tf1|eve|,s1,vwap_band-ES-tf1,vwap_band,ES,1,eve,,,,False,False,False,False,False,c1,128,0,0,0.015625,-34791.3828125,-33579.5,869.0859375,573,252,False,False,False,False,False,True,1251.3,,,,,,,,,,,,,False,"1,2",,,,,,,,,,,,,,
vwap_band-ES-tf1|london|,s1,vwap_band-ES-tf1,vwap_band,ES,1,london,,,,False,False,False,False,False,c1,128,0,0,0.0625,-26804.7578125,-27411.5,966.375,573,252,False,False,False,False,False,True,1391.4,,,,,,,,,,,,,False,"1,2",,,,,,,,,,,,,,
vwap_band-ES-tf1|mid|,s1,vwap_band-ES-tf1,vwap_band,ES,1,mid,,,,False,False,False,False,False,c1,128,0,0,0.2890625,-15150.99609375,-10752.25,936.2109375,573,252,False,False,False,False,False,True,1347.9,,,,,,,,,,,,,False,"1,2",,,,,,,,,,,,,,
vwap_band-ES-tf1|nyam|,s1,vwap_band-ES-tf1,vwap_band,ES,1,nyam,,,,False,False,False,False,False,c1,128,0,0,0.0234375,-28800.3828125,-26413.0,923.2890625,573,252,False,False,False,False,False,True,1329.3,,,,,,,,,,,,,False,"1,2",,,,,,,,,,,,,,
vwap_band-ES-tf1|pm|,s1,vwap_band-ES-tf1,vwap_band,ES,1,pm,,,,False,False,False,False,False,c1,128,0,0,0.1015625,-33705.00390625,-38156.5,954.7421875,573,252,False,False,False,False,False,True,1374.6,,,,,,,,,,,,,False,"1,2",,,,,,,,,,,,,,
vwap_band-ES-tf1|pre|,s1,vwap_band-ES-tf1,vwap_band,ES,1,pre,,,,False,False,False,False,False,c1,128,0,0,0.4375,-6613.0625,-1652.5,642.5234375,573,252,False,False,False,False,False,True,925.1,,,,,,,,,,,,,False,"1,2",,,,,,,,,,,,,,
vwap_band-ES-tf30|asia|,s1,vwap_band-ES-tf30,vwap_band,ES,30,asia,,,,False,False,False,False,False,c1,119,0,9,0.37815126050420167,1442.59243697479,-707.5,101.14285714285714,573,252,False,False,False,False,False,True,145.6,,,,,,,,,,,,,False,"1,2",,,,,,,,,,,,,,
vwap_band-ES-tf30|eve|,s1,vwap_band-ES-tf30,vwap_band,ES,30,eve,,,,False,False,False,False,False,c1,122,0,6,0.1721311475409836,-6792.352459016393,-4137.5,217.4016393442623,573,252,False,False,False,False,False,True,313.0,,,,,,,,,,,,,False,"1,2",,,,,,,,,,,,,,
vwap_band-ES-tf30|london|,s1,vwap_band-ES-tf30,vwap_band,ES,30,london,,,,False,False,False,False,False,c1,128,0,0,0.4921875,-2702.640625,-156.5,195.2890625,573,252,False,False,False,False,False,True,281.2,,,,,,,,,,,,,False,"1,2",,,,,,,,,,,,,,
vwap_band-ES-tf30|mid|,s1,vwap_band-ES-tf30,vwap_band,ES,30,mid,,,,False,False,False,False,False,c1,118,0,10,0.4915254237288136,520.8728813559322,-24.5,52.355932203389834,573,252,False,False,False,False,False,False,75.4,,,,,,,,,,,,,False,"1,2,3",,,,,,,,,,,,,,
vwap_band-ES-tf30|pm|,s1,vwap_band-ES-tf30,vwap_band,ES,30,pm,,,,False,False,False,False,False,c1,80,32,16,0.175,-2290.78125,-2187.25,65.0,573,252,False,False,False,False,False,False,93.6,,,,,,,,,,,,,False,"1,2,3",,,,,,,,,,,,,,
vwap_band-ES-tf5|asia|,s1,vwap_band-ES-tf5,vwap_band,ES,5,asia,,,,False,False,False,False,False,c1,128,0,0,0.046875,-17266.65625,-15950.5,530.7265625,573,252,False,False,False,False,False,True,764.1,,,,,,,,,,,,,False,"1,2",,,,,,,,,,,,,,
vwap_band-ES-tf5|eve|,s1,vwap_band-ES-tf5,vwap_band,ES,5,eve,,,,False,False,False,False,False,c1,128,0,0,0.1015625,-11801.94921875,-9650.25,586.15625,573,252,False,False,False,False,False,True,843.9,,,,,,,,,,,,,False,"1,2",,,,,,,,,,,,,,
vwap_band-ES-tf5|london|,s1,vwap_band-ES-tf5,vwap_band,ES,5,london,,,,False,False,False,False,False,c1,128,0,0,0.140625,-20997.75,-15809.25,645.53125,573,252,False,False,False,False,False,True,929.4,,,,,,,,,,,,,False,"1,2",,,,,,,,,,,,,,
vwap_band-ES-tf5|mid|,s1,vwap_band-ES-tf5,vwap_band,ES,5,mid,,,,False,False,False,False,False,c1,128,0,0,0.15625,-10908.9609375,-6160.0,518.109375,573,252,False,False,False,False,False,True,746.0,,,,,,,,,,,,,False,"1,2",,,,,,,,,,,,,,
vwap_band-ES-tf5|nyam|,s1,vwap_band-ES-tf5,vwap_band,ES,5,nyam,,,,False,False,False,False,False,c1,128,0,0,0.1171875,-12252.33203125,-8235.25,395.578125,573,252,False,False,False,False,False,True,569.5,,,,,,,,,,,,,False,"1,2",,,,,,,,,,,,,,
vwap_band-ES-tf5|pm|,s1,vwap_band-ES-tf5,vwap_band,ES,5,pm,,,,False,False,False,False,False,c1,128,0,0,0.296875,-17408.7265625,-14320.0,545.296875,573,252,False,False,False,False,False,True,785.1,,,,,,,,,,,,,False,"1,2",,,,,,,,,,,,,,
vwap_band-ES-tf5|pre|,s1,vwap_band-ES-tf5,vwap_band,ES,5,pre,,,,False,False,False,False,False,c1,128,0,0,0.3515625,-3432.7421875,-911.5,210.96875,573,252,False,False,False,False,False,True,303.8,,,,,,,,,,,,,False,"1,2",,,,,,,,,,,,,,
vwap_band-GC-tf15|asia|,s1,vwap_band-GC-tf15,vwap_band,GC,15,asia,,,,False,False,False,False,False,c1,128,0,0,0.390625,-11249.359375,-2205.0,252.125,572,252,False,False,False,False,False,True,363.2,,,,,,,,,,,,,False,"1,2",,,,,,,,,,,,,,
vwap_band-GC-tf15|eve|,s1,vwap_band-GC-tf15,vwap_band,GC,15,eve,,,,False,False,False,False,False,c1,128,0,0,0.0390625,-15804.546875,-14456.0,418.1484375,572,252,False,False,False,False,False,True,602.4,,,,,,,,,,,,,False,"1,2",,,,,,,,,,,,,,
vwap_band-GC-tf15|london|,s1,vwap_band-GC-tf15,vwap_band,GC,15,london,,,,False,False,False,False,False,c1,128,0,0,0.4140625,-10577.84375,-3370.0,353.8359375,572,252,False,False,False,False,False,True,509.7,,,,,,,,,,,,,False,"1,2",,,,,,,,,,,,,,
vwap_band-GC-tf15|mid|,s1,vwap_band-GC-tf15,vwap_band,GC,15,mid,,,,False,False,False,False,False,c1,97,0,31,0.21649484536082475,-10029.113402061856,-12736.0,218.0,572,252,False,False,False,False,False,True,314.0,,,,,,,,,,,,,False,"1,2",,,,,,,,,,,,,,
vwap_band-GC-tf15|nyam|,s1,vwap_band-GC-tf15,vwap_band,GC,15,nyam,,,,False,False,False,False,False,c1,114,0,14,0.37719298245614036,-2729.7894736842104,-827.0,64.15789473684211,572,252,False,False,False,False,False,False,92.4,,,,,,,,,,,,,False,"1,2,3",,,,,,,,,,,,,,
vwap_band-GC-tf15|pm|,s1,vwap_band-GC-tf15,vwap_band,GC,15,pm,,,,False,False,False,False,False,c1,79,0,49,0.11392405063291139,-7463.037974683544,-9604.0,238.67088607594937,572,252,False,False,False,False,False,True,343.8,,,,,,,,,,,,,False,"1,2",,,,,,,,,,,,,,
vwap_band-GC-tf15|pre|,s1,vwap_band-GC-tf15,vwap_band,GC,15,pre,,,,False,False,False,False,False,c1,96,32,0,0.7083333333333334,400.375,866.0,41.0,572,252,True,True,False,False,True,False,59.1,,False,819.32,0.675,-418.95,0.0,,,,,0.0,False,False,"2,3",,,,,,,,,,,,,,
vwap_band-GC-tf1|asia|,s1,vwap_band-GC-tf1,vwap_band,GC,1,asia,,,,False,False,False,False,False,c1,128,0,0,0.1484375,-26640.140625,-29326.0,782.2421875,572,252,False,False,False,False,False,True,1126.9,,,,,,,,,,,,,False,"1,2",,,,,,,,,,,,,,
vwap_band-GC-tf1|eve|,s1,vwap_band-GC-tf1,vwap_band,GC,1,eve,,,,False,False,False,False,False,c1,128,0,0,0.1484375,-17714.796875,-16586.0,861.453125,572,252,False,False,False,False,False,True,1241.0,,,,,,,,,,,,,False,"1,2",,,,,,,,,,,,,,
vwap_band-GC-tf1|london|,s1,vwap_band-GC-tf1,vwap_band,GC,1,london,,,,False,False,False,False,False,c1,128,0,0,0.0625,-21865.828125,-22719.0,897.609375,572,252,False,False,False,False,False,True,1293.1,,,,,,,,,,,,,False,"1,2",,,,,,,,,,,,,,
vwap_band-GC-tf1|mid|,s1,vwap_band-GC-tf1,vwap_band,GC,1,mid,,,,False,False,False,False,False,c1,128,0,0,0.0,-26335.0625,-25688.0,720.484375,572,252,False,False,False,False,False,True,1037.9,,,,,,,,,,,,,False,"1,2",,,,,,,,,,,,,,
vwap_band-GC-tf1|nyam|,s1,vwap_band-GC-tf1,vwap_band,GC,1,nyam,,,,False,False,False,False,False,c1,128,0,0,0.0,-21929.09375,-20603.0,720.1640625,572,252,False,False,False,False,False,True,1037.4,,,,,,,,,,,,,False,"1,2",,,,,,,,,,,,,,
vwap_band-GC-tf1|pm|,s1,vwap_band-GC-tf1,vwap_band,GC,1,pm,,,,False,False,False,False,False,c1,128,0,0,0.0234375,-12528.671875,-8610.0,709.6484375,572,252,False,False,False,False,False,True,1022.3,,,,,,,,,,,,,False,"1,2",,,,,,,,,,,,,,
vwap_band-GC-tf1|pre|,s1,vwap_band-GC-tf1,vwap_band,GC,1,pre,,,,False,False,False,False,False,c1,128,0,0,0.46875,-2337.90625,-996.0,623.5390625,572,252,False,False,False,False,False,True,898.2,,,,,,,,,,,,,False,"1,2",,,,,,,,,,,,,,
vwap_band-GC-tf30|asia|,s1,vwap_band-GC-tf30,vwap_band,GC,30,asia,,,,False,False,False,False,False,c1,126,0,2,0.38095238095238093,-2881.0476190476193,-674.0,82.84126984126983,572,252,False,False,False,False,False,True,119.3,,,,,,,,,,,,,False,"1,2",,,,,,,,,,,,,,
vwap_band-GC-tf30|eve|,s1,vwap_band-GC-tf30,vwap_band,GC,30,eve,,,,False,False,False,False,False,c1,128,0,0,0.4765625,-7910.84375,-507.0,250.015625,572,252,False,False,False,False,False,True,360.2,,,,,,,,,,,,,False,"1,2",,,,,,,,,,,,,,
vwap_band-GC-tf30|london|,s1,vwap_band-GC-tf30,vwap_band,GC,30,london,,,,False,False,False,False,False,c1,126,0,2,0.31746031746031744,-5407.587301587301,-1708.0,192.33333333333334,572,252,False,False,False,False,False,True,277.1,,,,,,,,,,,,,False,"1,2",,,,,,,,,,,,,,
vwap_band-GC-tf30|mid|,s1,vwap_band-GC-tf30,vwap_band,GC,30,mid,,,,False,False,False,False,False,c1,62,32,34,0.04838709677419355,-2218.3870967741937,-1213.0,58.38709677419355,572,252,False,False,False,False,False,False,84.1,,,,,,,,,,,,,False,"1,2,3",,,,,,,,,,,,,,
vwap_band-GC-tf30|pm|,s1,vwap_band-GC-tf30,vwap_band,GC,30,pm,,,,False,False,False,False,False,c1,28,0,100,0.2857142857142857,-1019.7142857142857,-702.0,64.39285714285714,572,252,False,False,False,False,False,False,92.8,,,,,,,,,,,,,False,"1,2,3",,,,,,,,,,,,,,
vwap_band-GC-tf5|asia|,s1,vwap_band-GC-tf5,vwap_band,GC,5,asia,,,,False,False,False,False,False,c1,128,0,0,0.09375,-16542.296875,-10304.0,495.984375,572,252,False,False,False,False,False,True,714.5,,,,,,,,,,,,,False,"1,2",,,,,,,,,,,,,,
vwap_band-GC-tf5|eve|,s1,vwap_band-GC-tf5,vwap_band,GC,5,eve,,,,False,False,False,False,False,c1,128,0,0,0.015625,-19802.8125,-16025.0,623.671875,572,252,False,False,False,False,False,True,898.4,,,,,,,,,,,,,False,"1,2",,,,,,,,,,,,,,
vwap_band-GC-tf5|london|,s1,vwap_band-GC-tf5,vwap_band,GC,5,london,,,,False,False,False,False,False,c1,128,0,0,0.1015625,-19466.28125,-12555.0,594.578125,572,252,False,False,False,False,False,True,856.5,,,,,,,,,,,,,False,"1,2",,,,,,,,,,,,,,
vwap_band-GC-tf5|mid|,s1,vwap_band-GC-tf5,vwap_band,GC,5,mid,,,,False,False,False,False,False,c1,121,0,7,0.03305785123966942,-17163.586776859505,-13974.0,410.54545454545456,572,252,False,False,False,False,False,True,591.4,,,,,,,,,,,,,False,"1,2",,,,,,,,,,,,,,
vwap_band-GC-tf5|nyam|,s1,vwap_band-GC-tf5,vwap_band,GC,5,nyam,,,,False,False,False,False,False,c1,128,0,0,0.5234375,-1751.359375,384.0,288.71875,572,252,False,False,False,False,False,True,415.9,,,,,,,,,,,,,False,"1,2",,,,,,,,,,,,,,
vwap_band-GC-tf5|pm|,s1,vwap_band-GC-tf5,vwap_band,GC,5,pm,,,,False,False,False,False,False,c1,121,0,7,0.0,-12139.537190082645,-8772.0,415.504132231405,572,252,False,False,False,False,False,True,598.6,,,,,,,,,,,,,False,"1,2",,,,,,,,,,,,,,
vwap_band-GC-tf5|pre|,s1,vwap_band-GC-tf5,vwap_band,GC,5,pre,,,,False,False,False,False,False,c1,121,0,7,0.5785123966942148,4666.380165289256,2748.0,216.54545454545453,572,252,False,False,False,False,False,True,311.9,,False,3459.66,0.865,1206.72,0.0006,,,,,0.0,False,False,"1,2",,,,,,,,,,,,,,
vwap_band-NQ-tf15|asia|,s1,vwap_band-NQ-tf15,vwap_band,NQ,15,asia,,,,False,False,False,False,False,c1,128,0,0,0.4921875,1079.796875,-55.0,255.4609375,573,252,False,False,False,False,False,True,367.8,,,,,,,,,,,,,False,"1,2",,,,,,,,,,,,,,
vwap_band-NQ-tf15|eve|,s1,vwap_band-NQ-tf15,vwap_band,NQ,15,eve,,,,False,False,False,False,False,c1,128,0,0,0.875,16167.078125,11341.0,362.2734375,573,252,True,True,True,False,True,True,521.6,,False,6369.72,0.925,9797.36,0.0017,,,,,0.0,False,False,2,,,,,,,,,,,,,,
vwap_band-NQ-tf15|london|,s1,vwap_band-NQ-tf15,vwap_band,NQ,15,london,,,,False,False,False,False,False,c1,125,0,3,0.464,-1797.48,-300.0,376.52,573,252,False,False,False,False,False,True,542.1,,,,,,,,,,,,,False,"1,2",,,,,,,,,,,,,,
vwap_band-NQ-tf15|mid|,s1,vwap_band-NQ-tf15,vwap_band,NQ,15,mid,,,,False,False,False,False,False,c1,123,0,5,0.4634146341463415,1150.1869918699188,-363.0,213.03252032520325,573,252,False,False,False,False,False,True,306.7,,,,,,,,,,,,,False,"1,2",,,,,,,,,,,,,,
vwap_band-NQ-tf15|nyam|,s1,vwap_band-NQ-tf15,vwap_band,NQ,15,nyam,,,,False,False,False,False,False,c1,126,0,2,0.40476190476190477,-4593.523809523809,-416.0,92.86507936507937,573,252,False,False,False,False,False,True,133.7,,,,,,,,,,,,,False,"1,2",,,,,,,,,,,,,,
vwap_band-NQ-tf15|pm|,s1,vwap_band-NQ-tf15,vwap_band,NQ,15,pm,,,,False,False,False,False,False,c1,119,0,9,0.04201680672268908,-9941.0,-8982.0,244.50420168067228,573,252,False,False,False,False,False,True,352.0,,,,,,,,,,,,,False,"1,2",,,,,,,,,,,,,,
vwap_band-NQ-tf15|pre|,s1,vwap_band-NQ-tf15,vwap_band,NQ,15,pre,,,,False,False,False,False,False,c1,92,32,4,0.25,-2277.891304347826,-1747.5,50.91304347826087,573,252,False,False,False,False,False,False,73.3,,,,,,,,,,,,,False,"1,2,3",,,,,,,,,,,,,,
vwap_band-NQ-tf1|asia|,s1,vwap_band-NQ-tf1,vwap_band,NQ,1,asia,,,,False,False,False,False,False,c1,128,0,0,0.2578125,-10293.5546875,-8624.5,809.375,573,252,False,False,False,False,False,True,1165.3,,,,,,,,,,,,,False,"1,2",,,,,,,,,,,,,,
vwap_band-NQ-tf1|eve|,s1,vwap_band-NQ-tf1,vwap_band,NQ,1,eve,,,,False,False,False,False,False,c1,128,0,0,0.3046875,-12086.609375,-7024.0,869.71875,573,252,False,False,False,False,False,True,1252.2,,,,,,,,,,,,,False,"1,2",,,,,,,,,,,,,,
vwap_band-NQ-tf1|london|,s1,vwap_band-NQ-tf1,vwap_band,NQ,1,london,,,,False,False,False,False,False,c1,128,0,0,0.171875,-11519.7734375,-12908.5,944.40625,573,252,False,False,False,False,False,True,1359.7,,,,,,,,,,,,,False,"1,2",,,,,,,,,,,,,,
vwap_band-NQ-tf1|mid|,s1,vwap_band-NQ-tf1,vwap_band,NQ,1,mid,,,,False,False,False,False,False,c1,128,0,0,0.390625,-6274.546875,-3202.5,940.453125,573,252,False,False,False,False,False,True,1354.1,,,,,,,,,,,,,False,"1,2",,,,,,,,,,,,,,
vwap_band-NQ-tf1|nyam|,s1,vwap_band-NQ-tf1,vwap_band,NQ,1,nyam,,,,False,False,False,False,False,c1,128,0,0,0.484375,832.6328125,-1245.0,919.46875,573,252,False,False,False,False,False,True,1323.8,,,,,,,,,,,,,False,"1,2",,,,,,,,,,,,,,
vwap_band-NQ-tf1|pm|,s1,vwap_band-NQ-tf1,vwap_band,NQ,1,pm,,,,False,False,False,False,False,c1,128,0,0,0.28125,-11582.2265625,-7733.5,951.9921875,573,252,False,False,False,False,False,True,1370.7,,,,,,,,,,,,,False,"1,2",,,,,,,,,,,,,,
vwap_band-NQ-tf1|pre|,s1,vwap_band-NQ-tf1,vwap_band,NQ,1,pre,,,,False,False,False,False,False,c1,128,0,0,0.34375,-6557.3203125,-4914.0,641.0390625,573,252,False,False,False,False,False,True,923.0,,,,,,,,,,,,,False,"1,2",,,,,,,,,,,,,,
vwap_band-NQ-tf30|asia|,s1,vwap_band-NQ-tf30,vwap_band,NQ,30,asia,,,,False,False,False,False,False,c1,127,0,1,0.49606299212598426,3771.48031496063,-44.0,89.2755905511811,573,252,False,False,False,False,False,True,128.5,,,,,,,,,,,,,False,"1,2",,,,,,,,,,,,,,
vwap_band-NQ-tf30|eve|,s1,vwap_band-NQ-tf30,vwap_band,NQ,30,eve,,,,False,False,False,False,False,c1,123,0,5,0.7317073170731707,11279.869918699187,3592.0,218.28455284552845,573,252,True,True,False,False,True,True,314.3,,True,6689.9,0.95,4589.97,0.0005,,,,,0.0,True,True,,,,,,,,,,,,,,,
vwap_band-NQ-tf30|london|,s1,vwap_band-NQ-tf30,vwap_band,NQ,30,london,,,,False,False,False,False,False,c1,126,0,2,0.753968253968254,3997.063492063492,3087.5,194.72222222222223,573,252,True,True,False,False,True,True,280.4,,False,741.74,0.55,3255.32,0.0003,,,,,0.0001,False,False,2,,,,,,,,,,,,,,
vwap_band-NQ-tf30|mid|,s1,vwap_band-NQ-tf30,vwap_band,NQ,30,mid,,,,False,False,False,False,False,c1,104,0,24,0.6826923076923077,3303.8365384615386,1667.0,48.01923076923077,573,252,True,False,False,False,True,False,69.1,,False,2551.77,0.845,752.06,0.0062,,,,,0.0039,False,False,"2,3",,,,,,,,,,,,,,
vwap_band-NQ-tf30|pm|,s1,vwap_band-NQ-tf30,vwap_band,NQ,30,pm,,,,False,False,False,False,False,c1,80,32,16,0.1625,-2762.275,-3052.5,61.5375,573,252,False,False,False,False,False,False,88.6,,,,,,,,,,,,,False,"1,2,3",,,,,,,,,,,,,,
vwap_band-NQ-tf5|asia|,s1,vwap_band-NQ-tf5,vwap_band,NQ,5,asia,,,,False,False,False,False,False,c1,128,0,0,0.5546875,8742.1953125,796.5,510.828125,573,252,False,False,False,False,False,True,735.5,,False,7831.0,0.93,911.19,0.0023,,,,,0.0,False,False,"1,2",,,,,,,,,,,,,,
vwap_band-NQ-tf5|eve|,s1,vwap_band-NQ-tf5,vwap_band,NQ,5,eve,,,,False,False,False,False,False,c1,128,0,0,0.828125,15884.8984375,8259.5,583.21875,573,252,True,True,True,False,True,True,839.7,,False,3336.96,0.725,12547.94,0.0055,,,,,0.0,False,False,2,,,,,,,,,,,,,,
vwap_band-NQ-tf5|london|,s1,vwap_band-NQ-tf5,vwap_band,NQ,5,london,,,,False,False,False,False,False,c1,128,0,0,0.453125,-613.8125,-1007.5,628.609375,573,252,False,False,False,False,False,True,905.1,,,,,,,,,,,,,False,"1,2",,,,,,,,,,,,,,
vwap_band-NQ-tf5|mid|,s1,vwap_band-NQ-tf5,vwap_band,NQ,5,mid,,,,False,False,False,False,False,c1,127,0,1,0.3464566929133858,-1337.6220472440946,-3137.0,514.4251968503937,573,252,False,False,False,False,False,True,740.7,,,,,,,,,,,,,False,"1,2",,,,,,,,,,,,,,
vwap_band-NQ-tf5|nyam|,s1,vwap_band-NQ-tf5,vwap_band,NQ,5,nyam,,,,False,False,False,False,False,c1,128,0,0,0.40625,-5676.40625,-910.5,395.3515625,573,252,False,False,False,False,False,True,569.2,,,,,,,,,,,,,False,"1,2",,,,,,,,,,,,,,
vwap_band-NQ-tf5|pm|,s1,vwap_band-NQ-tf5,vwap_band,NQ,5,pm,,,,False,False,False,False,False,c1,127,0,1,0.2125984251968504,-11178.417322834646,-5284.0,557.7244094488188,573,252,False,False,False,False,False,True,803.0,,,,,,,,,,,,,False,"1,2",,,,,,,,,,,,,,
vwap_band-NQ-tf5|pre|,s1,vwap_band-NQ-tf5,vwap_band,NQ,5,pre,,,,False,False,False,False,False,c1,114,0,14,0.21052631578947367,-4580.482456140351,-3385.0,227.06140350877192,573,252,False,False,False,False,False,True,326.9,,,,,,,,,,,,,False,"1,2",,,,,,,,,,,,,,
vwap_ema_x-ES-tf15|asia|,s1,vwap_ema_x-ES-tf15,vwap_ema_x,ES,15,asia,,,,False,False,False,True,False,c1,96,0,96,0.20833333333333334,-9224.567708333334,-9450.0,414.5729166666667,573,252,False,False,False,False,False,True,596.9,,,,,,,,,,,,,False,"1,2",,,,,,,,,,,,,,
vwap_ema_x-ES-tf15|eve|,s1,vwap_ema_x-ES-tf15,vwap_ema_x,ES,15,eve,,,,False,False,False,True,False,c1,96,0,96,0.020833333333333332,-26240.385416666668,-25670.5,523.0520833333334,573,252,False,False,False,False,False,True,753.1,,,,,,,,,,,,,False,"1,2",,,,,,,,,,,,,,
vwap_ema_x-ES-tf15|london|,s1,vwap_ema_x-ES-tf15,vwap_ema_x,ES,15,london,,,,False,False,False,True,False,c1,96,0,96,0.13541666666666666,-10499.322916666666,-9373.25,380.8854166666667,573,252,False,False,False,False,False,True,548.4,,,,,,,,,,,,,False,"1,2",,,,,,,,,,,,,,
vwap_ema_x-ES-tf15|mid|,s1,vwap_ema_x-ES-tf15,vwap_ema_x,ES,15,mid,,,,False,False,False,True,False,c1,190,0,2,0.18421052631578946,-4034.8315789473686,-4025.5,158.37894736842105,573,252,False,False,False,False,False,True,228.0,,,,,,,,,,,,,False,"1,2",,,,,,,,,,,,,,
vwap_ema_x-ES-tf15|nyam|,s1,vwap_ema_x-ES-tf15,vwap_ema_x,ES,15,nyam,,,,False,False,False,True,False,c1,96,0,96,0.4166666666666667,-1549.421875,-1036.0,123.52083333333333,573,252,False,False,False,False,False,True,177.8,,,,,,,,,,,,,False,"1,2",,,,,,,,,,,,,,
vwap_ema_x-ES-tf15|pm|,s1,vwap_ema_x-ES-tf15,vwap_ema_x,ES,15,pm,,,,False,False,False,True,False,c1,190,0,2,0.17894736842105263,-3090.842105263158,-4266.75,157.57894736842104,573,252,False,False,False,False,False,True,226.9,,,,,,,,,,,,,False,"1,2",,,,,,,,,,,,,,
vwap_ema_x-ES-tf15|pre|,s1,vwap_ema_x-ES-tf15,vwap_ema_x,ES,15,pre,,,,False,False,False,True,False,c1,96,0,96,0.1875,-4697.489583333333,-4859.5,142.66666666666666,573,252,False,False,False,False,False,True,205.4,,,,,,,,,,,,,False,"1,2",,,,,,,,,,,,,,
vwap_ema_x-ES-tf1|asia|,s1,vwap_ema_x-ES-tf1,vwap_ema_x,ES,1,asia,,,,False,False,False,True,False,c1,96,0,96,0.0625,-29745.057291666668,-29879.5,896.0625,573,252,False,False,False,False,False,True,1290.1,,,,,,,,,,,,,False,"1,2",,,,,,,,,,,,,,
vwap_ema_x-ES-tf1|eve|,s1,vwap_ema_x-ES-tf1,vwap_ema_x,ES,1,eve,,,,False,False,False,True,False,c1,96,0,96,0.03125,-39207.260416666664,-37654.25,983.78125,573,252,False,False,False,False,False,True,1416.4,,,,,,,,,,,,,False,"1,2",,,,,,,,,,,,,,
vwap_ema_x-ES-tf1|london|,s1,vwap_ema_x-ES-tf1,vwap_ema_x,ES,1,london,,,,False,False,False,True,False,c1,96,0,96,0.0,-32077.453125,-32032.75,1050.90625,573,252,False,False,False,False,False,True,1513.1,,,,,,,,,,,,,False,"1,2",,,,,,,,,,,,,,
vwap_ema_x-ES-tf1|mid|,s1,vwap_ema_x-ES-tf1,vwap_ema_x,ES,1,mid,,,,False,False,False,True,False,c1,192,0,0,0.06770833333333333,-24030.778645833332,-21247.0,677.1770833333334,573,252,False,False,False,False,False,True,975.0,,,,,,,,,,,,,False,"1,2",,,,,,,,,,,,,,
vwap_ema_x-ES-tf1|nyam|,s1,vwap_ema_x-ES-tf1,vwap_ema_x,ES,1,nyam,,,,False,False,False,True,False,c1,96,0,96,0.21875,-13495.239583333334,-17360.0,844.96875,573,252,False,False,False,False,False,True,1216.6,,,,,,,,,,,,,False,"1,2",,,,,,,,,,,,,,
vwap_ema_x-ES-tf1|pm|,s1,vwap_ema_x-ES-tf1,vwap_ema_x,ES,1,pm,,,,False,False,False,True,False,c1,192,0,0,0.140625,-12004.372395833334,-10380.75,643.0364583333334,573,252,False,False,False,False,False,True,925.8,,,,,,,,,,,,,False,"1,2",,,,,,,,,,,,,,
vwap_ema_x-ES-tf1|pre|,s1,vwap_ema_x-ES-tf1,vwap_ema_x,ES,1,pre,,,,False,False,False,True,False,c1,96,0,96,0.125,-15314.8125,-15398.75,612.1666666666666,573,252,False,False,False,False,False,True,881.4,,,,,,,,,,,,,False,"1,2",,,,,,,,,,,,,,
vwap_ema_x-ES-tf5|asia|,s1,vwap_ema_x-ES-tf5,vwap_ema_x,ES,5,asia,,,,False,False,False,True,False,c1,96,0,96,0.07291666666666667,-18134.744791666668,-20238.0,610.8020833333334,573,252,False,False,False,False,False,True,879.4,,,,,,,,,,,,,False,"1,2",,,,,,,,,,,,,,
vwap_ema_x-ES-tf5|eve|,s1,vwap_ema_x-ES-tf5,vwap_ema_x,ES,5,eve,,,,False,False,False,True,False,c1,96,0,96,0.020833333333333332,-29506.244791666668,-27499.0,762.0104166666666,573,252,False,False,False,False,False,True,1097.1,,,,,,,,,,,,,False,"1,2",,,,,,,,,,,,,,
vwap_ema_x-ES-tf5|london|,s1,vwap_ema_x-ES-tf5,vwap_ema_x,ES,5,london,,,,False,False,False,True,False,c1,96,0,96,0.020833333333333332,-24848.276041666668,-23983.0,681.4375,573,252,False,False,False,False,False,True,981.1,,,,,,,,,,,,,False,"1,2",,,,,,,,,,,,,,
vwap_ema_x-ES-tf5|mid|,s1,vwap_ema_x-ES-tf5,vwap_ema_x,ES,5,mid,,,,False,False,False,True,False,c1,192,0,0,0.3541666666666667,-3762.4557291666665,-4955.5,351.5677083333333,573,252,False,False,False,False,False,True,506.2,,,,,,,,,,,,,False,"1,2",,,,,,,,,,,,,,
vwap_ema_x-ES-tf5|nyam|,s1,vwap_ema_x-ES-tf5,vwap_ema_x,ES,5,nyam,,,,False,False,False,True,False,c1,96,0,96,0.5520833333333334,3542.75,1735.0,349.7291666666667,573,252,False,False,False,False,False,True,503.5,,False,-2575.7,0.265,6118.45,0.0003,,,,,0.001,False,False,"1,2",,,,,,,,,,,,,,
vwap_ema_x-ES-tf5|pm|,s1,vwap_ema_x-ES-tf5,vwap_ema_x,ES,5,pm,,,,False,False,False,True,False,c1,192,0,0,0.1875,-7572.895833333333,-8620.75,325.7760416666667,573,252,False,False,False,False,False,True,469.0,,,,,,,,,,,,,False,"1,2",,,,,,,,,,,,,,
vwap_ema_x-ES-tf5|pre|,s1,vwap_ema_x-ES-tf5,vwap_ema_x,ES,5,pre,,,,False,False,False,True,False,c1,96,0,96,0.25,-5643.546875,-4060.5,251.47916666666666,573,252,False,False,False,False,False,True,362.1,,,,,,,,,,,,,False,"1,2",,,,,,,,,,,,,,
vwap_ema_x-GC-tf15|asia|,s1,vwap_ema_x-GC-tf15,vwap_ema_x,GC,15,asia,,,,False,False,False,True,False,c1,96,0,96,0.0,-21321.416666666668,-19063.0,409.8333333333333,572,252,False,False,False,False,False,True,590.4,,,,,,,,,,,,,False,"1,2",,,,,,,,,,,,,,
vwap_ema_x-GC-tf15|eve|,s1,vwap_ema_x-GC-tf15,vwap_ema_x,GC,15,eve,,,,False,False,False,True,False,c1,96,0,96,0.1875,-11875.8125,-12625.0,541.21875,572,252,False,False,False,False,False,True,779.7,,,,,,,,,,,,,False,"1,2",,,,,,,,,,,,,,
vwap_ema_x-GC-tf15|london|,s1,vwap_ema_x-GC-tf15,vwap_ema_x,GC,15,london,,,,False,False,False,True,False,c1,96,0,96,0.010416666666666666,-18061.8125,-15800.0,348.03125,572,252,False,False,False,False,False,True,501.4,,,,,,,,,,,,,False,"1,2",,,,,,,,,,,,,,
vwap_ema_x-GC-tf15|mid|,s1,vwap_ema_x-GC-tf15,vwap_ema_x,GC,15,mid,,,,False,False,False,True,False,c1,191,0,1,0.6701570680628273,2272.1570680628274,1856.0,130.53403141361255,572,252,True,False,False,False,True,True,188.0,,False,266.35,0.555,2005.81,0.0009,,,,,0.0,False,False,2,,,,,,,,,,,,,,
vwap_ema_x-GC-tf15|nyam|,s1,vwap_ema_x-GC-tf15,vwap_ema_x,GC,15,nyam,,,,False,False,False,True,False,c1,96,0,96,0.3541666666666667,-967.5625,-2002.0,120.25,572,252,False,False,False,False,False,True,173.2,,,,,,,,,,,,,False,"1,2",,,,,,,,,,,,,,
vwap_ema_x-GC-tf15|pm|,s1,vwap_ema_x-GC-tf15,vwap_ema_x,GC,15,pm,,,,False,False,False,True,False,c1,183,0,9,0.2568306010928962,-2276.5464480874316,-1830.0,121.81420765027322,572,252,False,False,False,False,False,True,175.5,,,,,,,,,,,,,False,"1,2",,,,,,,,,,,,,,
vwap_ema_x-GC-tf15|pre|,s1,vwap_ema_x-GC-tf15,vwap_ema_x,GC,15,pre,,,,False,False,False,True,False,c1,96,0,96,0.5104166666666666,2755.1458333333335,75.0,143.53125,572,252,False,False,False,False,False,True,206.8,,False,710.73,0.58,2044.42,0.0013,,,,,0.0,False,False,"1,2",,,,,,,,,,,,,,
vwap_ema_x-GC-tf1|asia|,s1,vwap_ema_x-GC-tf1,vwap_ema_x,GC,1,asia,,,,False,False,False,True,False,c1,96,0,96,0.10416666666666667,-18061.625,-19104.0,864.3125,572,252,False,False,False,False,False,True,1245.1,,,,,,,,,,,,,False,"1,2",,,,,,,,,,,,,,
vwap_ema_x-GC-tf1|eve|,s1,vwap_ema_x-GC-tf1,vwap_ema_x,GC,1,eve,,,,False,False,False,True,False,c1,96,0,96,0.0,-28645.4375,-27945.0,939.5625,572,252,False,False,False,False,False,True,1353.5,,,,,,,,,,,,,False,"1,2",,,,,,,,,,,,,,
vwap_ema_x-GC-tf1|london|,s1,vwap_ema_x-GC-tf1,vwap_ema_x,GC,1,london,,,,False,False,False,True,False,c1,96,0,96,0.08333333333333333,-23426.645833333332,-24397.0,975.8541666666666,572,252,False,False,False,False,False,True,1405.8,,,,,,,,,,,,,False,"1,2",,,,,,,,,,,,,,
vwap_ema_x-GC-tf1|mid|,s1,vwap_ema_x-GC-tf1,vwap_ema_x,GC,1,mid,,,,False,False,False,True,False,c1,192,0,0,0.265625,-5956.020833333333,-5370.0,557.1822916666666,572,252,False,False,False,False,False,True,802.7,,,,,,,,,,,,,False,"1,2",,,,,,,,,,,,,,
vwap_ema_x-GC-tf1|nyam|,s1,vwap_ema_x-GC-tf1,vwap_ema_x,GC,1,nyam,,,,False,False,False,True,False,c1,96,0,96,0.3229166666666667,-4296.645833333333,-3630.0,739.7083333333334,572,252,False,False,False,False,False,True,1065.6,,,,,,,,,,,,,False,"1,2",,,,,,,,,,,,,,
vwap_ema_x-GC-tf1|pm|,s1,vwap_ema_x-GC-tf1,vwap_ema_x,GC,1,pm,,,,False,False,False,True,False,c1,192,0,0,0.0625,-12474.875,-10982.0,458.25,572,252,False,False,False,False,False,True,660.1,,,,,,,,,,,,,False,"1,2",,,,,,,,,,,,,,
vwap_ema_x-GC-tf1|pre|,s1,vwap_ema_x-GC-tf1,vwap_ema_x,GC,1,pre,,,,False,False,False,True,False,c1,96,0,96,0.4375,-2414.75,-2664.0,608.3229166666666,572,252,False,False,False,False,False,True,876.3,,,,,,,,,,,,,False,"1,2",,,,,,,,,,,,,,
vwap_ema_x-GC-tf5|asia|,s1,vwap_ema_x-GC-tf5,vwap_ema_x,GC,5,asia,,,,False,False,False,True,False,c1,96,0,96,0.0,-28436.375,-30883.0,605.8645833333334,572,252,False,False,False,False,False,True,872.8,,,,,,,,,,,,,False,"1,2",,,,,,,,,,,,,,
vwap_ema_x-GC-tf5|eve|,s1,vwap_ema_x-GC-tf5,vwap_ema_x,GC,5,eve,,,,False,False,False,True,False,c1,96,0,96,0.125,-15183.5625,-15367.0,748.9895833333334,572,252,False,False,False,False,False,True,1079.0,,,,,,,,,,,,,False,"1,2",,,,,,,,,,,,,,
vwap_ema_x-GC-tf5|london|,s1,vwap_ema_x-GC-tf5,vwap_ema_x,GC,5,london,,,,False,False,False,True,False,c1,96,0,96,0.08333333333333333,-20907.0,-21321.0,638.15625,572,252,False,False,False,False,False,True,919.3,,,,,,,,,,,,,False,"1,2",,,,,,,,,,,,,,
vwap_ema_x-GC-tf5|mid|,s1,vwap_ema_x-GC-tf5,vwap_ema_x,GC,5,mid,,,,False,False,False,True,False,c1,192,0,0,0.359375,-1351.2291666666667,-3526.0,314.8645833333333,572,252,False,False,False,False,False,True,453.6,,,,,,,,,,,,,False,"1,2",,,,,,,,,,,,,,
vwap_ema_x-GC-tf5|nyam|,s1,vwap_ema_x-GC-tf5,vwap_ema_x,GC,5,nyam,,,,False,False,False,True,False,c1,96,0,96,0.14583333333333334,-5624.770833333333,-5606.0,294.6041666666667,572,252,False,False,False,False,False,True,424.4,,,,,,,,,,,,,False,"1,2",,,,,,,,,,,,,,
vwap_ema_x-GC-tf5|pm|,s1,vwap_ema_x-GC-tf5,vwap_ema_x,GC,5,pm,,,,False,False,False,True,False,c1,191,0,1,0.1518324607329843,-5035.267015706806,-3598.0,249.7591623036649,572,252,False,False,False,False,False,True,359.8,,,,,,,,,,,,,False,"1,2",,,,,,,,,,,,,,
vwap_ema_x-GC-tf5|pre|,s1,vwap_ema_x-GC-tf5,vwap_ema_x,GC,5,pre,,,,False,False,False,True,False,c1,96,0,96,0.4791666666666667,196.47916666666666,-431.0,251.84375,572,252,False,False,False,False,False,True,362.8,,,,,,,,,,,,,False,"1,2",,,,,,,,,,,,,,
vwap_ema_x-NQ-tf15|asia|,s1,vwap_ema_x-NQ-tf15,vwap_ema_x,NQ,15,asia,,,,False,False,False,True,False,c1,96,0,96,0.5208333333333334,6753.09375,871.5,430.6458333333333,573,252,False,False,False,False,False,True,620.0,,False,4841.65,0.73,1911.45,0.001,,,,,0.0,False,False,"1,2",,,,,,,,,,,,,,
vwap_ema_x-NQ-tf15|eve|,s1,vwap_ema_x-NQ-tf15,vwap_ema_x,NQ,15,eve,,,,False,False,False,True,False,c1,96,0,96,0.375,-8129.010416666667,-6642.5,501.5104166666667,573,252,False,False,False,False,False,True,722.1,,,,,,,,,,,,,False,"1,2",,,,,,,,,,,,,,
vwap_ema_x-NQ-tf15|london|,s1,vwap_ema_x-NQ-tf15,vwap_ema_x,NQ,15,london,,,,False,False,False,True,False,c1,96,0,96,0.2916666666666667,-7837.260416666667,-7667.5,383.8854166666667,573,252,False,False,False,False,False,True,552.7,,,,,,,,,,,,,False,"1,2",,,,,,,,,,,,,,
vwap_ema_x-NQ-tf15|mid|,s1,vwap_ema_x-NQ-tf15,vwap_ema_x,NQ,15,mid,,,,False,False,False,True,False,c1,191,0,1,0.4031413612565445,60.84293193717277,-1645.0,147.36125654450262,573,252,False,False,False,False,False,True,212.2,,,,,,,,,,,,,False,"1,2",,,,,,,,,,,,,,
vwap_ema_x-NQ-tf15|nyam|,s1,vwap_ema_x-NQ-tf15,vwap_ema_x,NQ,15,nyam,,,,False,False,False,True,False,c1,96,0,96,0.4375,-3204.6666666666665,-704.0,120.33333333333333,573,252,False,False,False,False,False,True,173.3,,,,,,,,,,,,,False,"1,2",,,,,,,,,,,,,,
vwap_ema_x-NQ-tf15|pm|,s1,vwap_ema_x-NQ-tf15,vwap_ema_x,NQ,15,pm,,,,False,False,False,True,False,c1,189,0,3,0.42857142857142855,1540.126984126984,-1583.0,135.7089947089947,573,252,False,False,False,False,False,True,195.4,,,,,,,,,,,,,False,"1,2",,,,,,,,,,,,,,
vwap_ema_x-NQ-tf15|pre|,s1,vwap_ema_x-NQ-tf15,vwap_ema_x,NQ,15,pre,,,,False,False,False,True,False,c1,96,0,96,0.3958333333333333,1327.0729166666667,-4066.5,146.29166666666666,573,252,False,False,False,False,False,True,210.6,,,,,,,,,,,,,False,"1,2",,,,,,,,,,,,,,
vwap_ema_x-NQ-tf1|asia|,s1,vwap_ema_x-NQ-tf1,vwap_ema_x,NQ,1,asia,,,,False,False,False,True,False,c1,96,0,96,0.22916666666666666,-11531.875,-13419.0,910.1041666666666,573,252,False,False,False,False,False,True,1310.4,,,,,,,,,,,,,False,"1,2",,,,,,,,,,,,,,
vwap_ema_x-NQ-tf1|eve|,s1,vwap_ema_x-NQ-tf1,vwap_ema_x,NQ,1,eve,,,,False,False,False,True,False,c1,96,0,96,0.0625,-32520.239583333332,-27725.0,990.4375,573,252,False,False,False,False,False,True,1426.0,,,,,,,,,,,,,False,"1,2",,,,,,,,,,,,,,
vwap_ema_x-NQ-tf1|london|,s1,vwap_ema_x-NQ-tf1,vwap_ema_x,NQ,1,london,,,,False,False,False,True,False,c1,96,0,96,0.34375,-4610.78125,-8929.0,1075.3645833333333,573,252,False,False,False,False,False,True,1548.3,,,,,,,,,,,,,False,"1,2",,,,,,,,,,,,,,
vwap_ema_x-NQ-tf1|mid|,s1,vwap_ema_x-NQ-tf1,vwap_ema_x,NQ,1,mid,,,,False,False,False,True,False,c1,192,0,0,0.34375,-5944.885416666667,-6545.5,679.4895833333334,573,252,False,False,False,False,False,True,978.3,,,,,,,,,,,,,False,"1,2",,,,,,,,,,,,,,
vwap_ema_x-NQ-tf1|nyam|,s1,vwap_ema_x-NQ-tf1,vwap_ema_x,NQ,1,nyam,,,,False,False,False,True,False,c1,96,0,96,0.59375,22822.96875,11936.5,859.53125,573,252,False,False,False,False,False,True,1237.5,,True,15558.32,0.97,7264.65,0.0014,,,,,0.0009,True,False,1,,,,,,,,,,,,,,
vwap_ema_x-NQ-tf1|pm|,s1,vwap_ema_x-NQ-tf1,vwap_ema_x,NQ,1,pm,,,,False,False,False,True,False,c1,192,0,0,0.515625,2253.3541666666665,502.0,632.3125,573,252,False,False,False,False,False,True,910.4,,False,991.42,0.565,1261.93,0.0034,,,,,0.0011,False,False,"1,2",,,,,,,,,,,,,,
vwap_ema_x-NQ-tf1|pre|,s1,vwap_ema_x-NQ-tf1,vwap_ema_x,NQ,1,pre,,,,False,False,False,True,False,c1,96,0,96,0.53125,2701.25,297.5,619.6354166666666,573,252,False,False,False,False,False,True,892.1,,False,-23722.9,0.0,26424.15,0.002,,,,,0.0046,False,False,"1,2",,,,,,,,,,,,,,
vwap_ema_x-NQ-tf5|asia|,s1,vwap_ema_x-NQ-tf5,vwap_ema_x,NQ,5,asia,,,,False,False,False,True,False,c1,96,0,96,0.2916666666666667,-4861.84375,-12485.5,612.5833333333334,573,252,False,False,False,False,False,True,882.0,,,,,,,,,,,,,False,"1,2",,,,,,,,,,,,,,
vwap_ema_x-NQ-tf5|eve|,s1,vwap_ema_x-NQ-tf5,vwap_ema_x,NQ,5,eve,,,,False,False,False,True,False,c1,96,0,96,0.25,-12227.770833333334,-12338.0,759.6770833333334,573,252,False,False,False,False,False,True,1093.8,,,,,,,,,,,,,False,"1,2",,,,,,,,,,,,,,
vwap_ema_x-NQ-tf5|london|,s1,vwap_ema_x-NQ-tf5,vwap_ema_x,NQ,5,london,,,,False,False,False,True,False,c1,96,0,96,0.25,-12513.322916666666,-11736.0,691.46875,573,252,False,False,False,False,False,True,995.6,,,,,,,,,,,,,False,"1,2",,,,,,,,,,,,,,
vwap_ema_x-NQ-tf5|mid|,s1,vwap_ema_x-NQ-tf5,vwap_ema_x,NQ,5,mid,,,,False,False,False,True,False,c1,192,0,0,0.515625,3203.5208333333335,468.5,343.6770833333333,573,252,False,False,False,False,False,True,494.8,,False,-4911.02,0.185,8114.54,0.0021,,,,,0.0002,False,False,"1,2",,,,,,,,,,,,,,
vwap_ema_x-NQ-tf5|nyam|,s1,vwap_ema_x-NQ-tf5,vwap_ema_x,NQ,5,nyam,,,,False,False,False,True,False,c1,96,0,96,0.59375,11118.15625,4844.5,358.625,573,252,False,False,False,False,False,True,516.3,,False,-15167.72,0.005,26285.88,0.0019,,,,,0.0016,False,False,"1,2",,,,,,,,,,,,,,
vwap_ema_x-NQ-tf5|pm|,s1,vwap_ema_x-NQ-tf5,vwap_ema_x,NQ,5,pm,,,,False,False,False,True,False,c1,192,0,0,0.46875,2773.7864583333335,-672.0,314.8020833333333,573,252,False,False,False,False,False,True,453.2,,,,,,,,,,,,,False,"1,2",,,,,,,,,,,,,,
vwap_ema_x-NQ-tf5|pre|,s1,vwap_ema_x-NQ-tf5,vwap_ema_x,NQ,5,pre,,,,False,False,False,True,False,c1,96,0,96,0.5625,5602.71875,1522.5,249.48958333333334,573,252,False,False,False,False,False,True,359.2,,False,-7972.5,0.075,13575.22,0.0001,,,,,0.0007,False,False,"1,2",,,,,,,,,,,,,,
vwap_flip-ES-tf15|asia|,s1,vwap_flip-ES-tf15,vwap_flip,ES,15,asia,,,,False,False,False,False,False,c1,96,0,0,0.052083333333333336,-18168.270833333332,-18241.25,551.8333333333334,573,252,False,False,False,False,False,True,794.5,,,,,,,,,,,,,False,"1,2",,,,,,,,,,,,,,
vwap_flip-ES-tf15|eve|,s1,vwap_flip-ES-tf15,vwap_flip,ES,15,eve,,,,False,False,False,False,False,c1,96,0,0,0.0,-53344.604166666664,-49549.5,792.2708333333334,573,252,False,False,False,False,False,True,1140.7,,,,,,,,,,,,,False,"1,2",,,,,,,,,,,,,,
vwap_flip-ES-tf15|london|,s1,vwap_flip-ES-tf15,vwap_flip,ES,15,london,,,,False,False,False,False,False,c1,96,0,0,0.0,-26956.338541666668,-26876.25,785.6666666666666,573,252,False,False,False,False,False,True,1131.2,,,,,,,,,,,,,False,"1,2",,,,,,,,,,,,,,
vwap_flip-ES-tf15|mid|,s1,vwap_flip-ES-tf15,vwap_flip,ES,15,mid,,,,False,False,False,False,False,c1,96,0,0,0.09375,-18109.479166666668,-20106.0,461.3541666666667,573,252,False,False,False,False,False,True,664.3,,,,,,,,,,,,,False,"1,2",,,,,,,,,,,,,,
vwap_flip-ES-tf15|nyam|,s1,vwap_flip-ES-tf15,vwap_flip,ES,15,nyam,,,,False,False,False,False,False,c1,96,0,0,0.3125,-5310.348958333333,-4897.0,201.70833333333334,573,252,False,False,False,False,False,True,290.4,,,,,,,,,,,,,False,"1,2",,,,,,,,,,,,,,
vwap_flip-ES-tf15|pm|,s1,vwap_flip-ES-tf15,vwap_flip,ES,15,pm,,,,False,False,False,False,False,c1,94,0,2,0.5957446808510638,1205.4308510638298,3471.5,466.09574468085106,573,252,False,False,False,False,False,True,671.1,,False,6710.13,0.905,-5504.7,0.0005,,,,,0.0006,False,False,"1,2",,,,,,,,,,,,,,
vwap_flip-ES-tf15|pre|,s1,vwap_flip-ES-tf15,vwap_flip,ES,15,pre,,,,False,False,False,False,False,c1,64,32,0,0.296875,-3566.28125,-5771.75,244.5,573,252,False,False,False,False,False,True,352.0,,,,,,,,,,,,,False,"1,2",,,,,,,,,,,,,,
vwap_flip-ES-tf1|asia|,s1,vwap_flip-ES-tf1,vwap_flip,ES,1,asia,,,,False,False,False,False,False,c1,96,0,0,0.03125,-35930.453125,-35173.0,1017.8020833333334,573,252,False,False,False,False,False,True,1465.4,,,,,,,,,,,,,False,"1,2",,,,,,,,,,,,,,
vwap_flip-ES-tf1|eve|,s1,vwap_flip-ES-tf1,vwap_flip,ES,1,eve,,,,False,False,False,False,False,c1,96,0,0,0.0,-36531.244791666664,-38662.75,1081.5416666666667,573,252,False,False,False,False,False,True,1557.2,,,,,,,,,,,,,False,"1,2",,,,,,,,,,,,,,
vwap_flip-ES-tf1|london|,s1,vwap_flip-ES-tf1,vwap_flip,ES,1,london,,,,False,False,False,False,False,c1,96,0,0,0.0625,-41566.848958333336,-47050.0,1248.90625,573,252,False,False,False,False,False,True,1798.2,,,,,,,,,,,,,False,"1,2",,,,,,,,,,,,,,
vwap_flip-ES-tf1|mid|,s1,vwap_flip-ES-tf1,vwap_flip,ES,1,mid,,,,False,False,False,False,False,c1,96,0,0,0.0625,-39398.098958333336,-46085.0,1203.59375,573,252,False,False,False,False,False,True,1732.9,,,,,,,,,,,,,False,"1,2",,,,,,,,,,,,,,
vwap_flip-ES-tf1|nyam|,s1,vwap_flip-ES-tf1,vwap_flip,ES,1,nyam,,,,False,False,False,False,False,c1,96,0,0,0.11458333333333333,-34181.546875,-41811.0,1199.5208333333333,573,252,False,False,False,False,False,True,1727.1,,,,,,,,,,,,,False,"1,2",,,,,,,,,,,,,,
vwap_flip-ES-tf1|pm|,s1,vwap_flip-ES-tf1,vwap_flip,ES,1,pm,,,,False,False,False,False,False,c1,96,0,0,0.010416666666666666,-40228.307291666664,-42257.0,1220.78125,573,252,False,False,False,False,False,True,1757.7,,,,,,,,,,,,,False,"1,2",,,,,,,,,,,,,,
vwap_flip-ES-tf1|pre|,s1,vwap_flip-ES-tf1,vwap_flip,ES,1,pre,,,,False,False,False,False,False,c1,96,0,0,0.020833333333333332,-29465.541666666668,-27739.0,954.6666666666666,573,252,False,False,False,False,False,True,1374.5,,,,,,,,,,,,,False,"1,2",,,,,,,,,,,,,,
vwap_flip-ES-tf30|asia|,s1,vwap_flip-ES-tf30,vwap_flip,ES,30,asia,,,,False,False,False,False,False,c1,96,0,0,0.11458333333333333,-4634.411458333333,-5011.5,213.58333333333334,573,252,False,False,False,False,False,True,307.5,,,,,,,,,,,,,False,"1,2",,,,,,,,,,,,,,
vwap_flip-ES-tf30|eve|,s1,vwap_flip-ES-tf30,vwap_flip,ES,30,eve,,,,False,False,False,False,False,c1,96,0,0,0.0,-42032.661458333336,-38136.0,558.1979166666666,573,252,False,False,False,False,False,True,803.7,,,,,,,,,,,,,False,"1,2",,,,,,,,,,,,,,
vwap_flip-ES-tf30|london|,s1,vwap_flip-ES-tf30,vwap_flip,ES,30,london,,,,False,False,False,False,False,c1,96,0,0,0.010416666666666666,-21703.630208333332,-21636.5,488.1145833333333,573,252,False,False,False,False,False,True,702.8,,,,,,,,,,,,,False,"1,2",,,,,,,,,,,,,,
vwap_flip-ES-tf30|mid|,s1,vwap_flip-ES-tf30,vwap_flip,ES,30,mid,,,,False,False,False,False,False,c1,64,32,0,0.359375,-736.40625,-1942.25,180.0,573,252,False,False,False,False,False,True,259.2,,,,,,,,,,,,,False,"1,2",,,,,,,,,,,,,,
vwap_flip-ES-tf30|pm|,s1,vwap_flip-ES-tf30,vwap_flip,ES,30,pm,,,,False,False,False,False,False,c1,56,32,8,0.44642857142857145,499.51785714285717,-212.25,192.19642857142858,573,252,False,False,False,False,False,True,276.7,,,,,,,,,,,,,False,"1,2",,,,,,,,,,,,,,
vwap_flip-ES-tf5|asia|,s1,vwap_flip-ES-tf5,vwap_flip,ES,5,asia,,,,False,False,False,False,False,c1,96,0,0,0.041666666666666664,-34391.020833333336,-37372.75,874.4479166666666,573,252,False,False,False,False,False,True,1259.0,,,,,,,,,,,,,False,"1,2",,,,,,,,,,,,,,
vwap_flip-ES-tf5|eve|,s1,vwap_flip-ES-tf5,vwap_flip,ES,5,eve,,,,False,False,False,False,False,c1,96,0,0,0.0,-53935.822916666664,-51664.75,968.9166666666666,573,252,False,False,False,False,False,True,1395.0,,,,,,,,,,,,,False,"1,2",,,,,,,,,,,,,,
vwap_flip-ES-tf5|london|,s1,vwap_flip-ES-tf5,vwap_flip,ES,5,london,,,,False,False,False,False,False,c1,96,0,0,0.020833333333333332,-33516.8125,-34371.25,1057.4583333333333,573,252,False,False,False,False,False,True,1522.5,,,,,,,,,,,,,False,"1,2",,,,,,,,,,,,,,
vwap_flip-ES-tf5|mid|,s1,vwap_flip-ES-tf5,vwap_flip,ES,5,mid,,,,False,False,False,False,False,c1,96,0,0,0.010416666666666666,-33723.072916666664,-33946.5,909.21875,573,252,False,False,False,False,False,True,1309.1,,,,,,,,,,,,,False,"1,2",,,,,,,,,,,,,,
vwap_flip-ES-tf5|nyam|,s1,vwap_flip-ES-tf5,vwap_flip,ES,5,nyam,,,,False,False,False,False,False,c1,96,0,0,0.16666666666666666,-17550.380208333332,-21469.75,725.84375,573,252,False,False,False,False,False,True,1045.1,,,,,,,,,,,,,False,"1,2",,,,,,,,,,,,,,
vwap_flip-ES-tf5|pm|,s1,vwap_flip-ES-tf5,vwap_flip,ES,5,pm,,,,False,False,False,False,False,c1,96,0,0,0.3020833333333333,-13067.692708333334,-15349.75,948.53125,573,252,False,False,False,False,False,True,1365.7,,,,,,,,,,,,,False,"1,2",,,,,,,,,,,,,,
vwap_flip-ES-tf5|pre|,s1,vwap_flip-ES-tf5,vwap_flip,ES,5,pre,,,,False,False,False,False,False,c1,96,0,0,0.07291666666666667,-17680.619791666668,-16738.75,550.65625,573,252,False,False,False,False,False,True,792.8,,,,,,,,,,,,,False,"1,2",,,,,,,,,,,,,,
vwap_flip-GC-tf15|asia|,s1,vwap_flip-GC-tf15,vwap_flip,GC,15,asia,,,,False,False,False,False,False,c1,96,0,0,0.010416666666666666,-17236.958333333332,-16432.0,561.6354166666666,572,252,False,False,False,False,False,True,809.1,,,,,,,,,,,,,False,"1,2",,,,,,,,,,,,,,
vwap_flip-GC-tf15|eve|,s1,vwap_flip-GC-tf15,vwap_flip,GC,15,eve,,,,False,False,False,False,False,c1,96,0,0,0.3229166666666667,-6284.229166666667,-7746.0,801.1875,572,252,False,False,False,False,False,True,1154.2,,,,,,,,,,,,,False,"1,2",,,,,,,,,,,,,,
vwap_flip-GC-tf15|london|,s1,vwap_flip-GC-tf15,vwap_flip,GC,15,london,,,,False,False,False,False,False,c1,96,0,0,0.010416666666666666,-23975.6875,-23395.0,749.9895833333334,572,252,False,False,False,False,False,True,1080.4,,,,,,,,,,,,,False,"1,2",,,,,,,,,,,,,,
vwap_flip-GC-tf15|mid|,s1,vwap_flip-GC-tf15,vwap_flip,GC,15,mid,,,,False,False,False,False,False,c1,96,0,0,0.375,-447.875,-1260.0,425.0416666666667,572,252,False,False,False,False,False,True,612.3,,,,,,,,,,,,,False,"1,2",,,,,,,,,,,,,,
vwap_flip-GC-tf15|nyam|,s1,vwap_flip-GC-tf15,vwap_flip,GC,15,nyam,,,,False,False,False,False,False,c1,96,0,0,0.625,2347.6458333333335,2322.0,223.16666666666666,572,252,True,False,False,False,True,True,321.5,,False,-4835.74,0.08,7183.38,0.0,,,,,0.0004,False,False,2,,,,,,,,,,,,,,
vwap_flip-GC-tf15|pm|,s1,vwap_flip-GC-tf15,vwap_flip,GC,15,pm,,,,False,False,False,False,False,c1,89,0,7,0.0,-10652.898876404495,-10336.0,435.69662921348316,572,252,False,False,False,False,False,True,627.6,,,,,,,,,,,,,False,"1,2",,,,,,,,,,,,,,
vwap_flip-GC-tf15|pre|,s1,vwap_flip-GC-tf15,vwap_flip,GC,15,pre,,,,False,False,False,False,False,c1,64,32,0,0.71875,3338.03125,3001.0,228.5,572,252,True,True,False,False,True,True,329.2,,False,513.72,0.57,2824.31,0.0,,,,,0.0,False,False,2,,,,,,,,,,,,,,
vwap_flip-GC-tf1|asia|,s1,vwap_flip-GC-tf1,vwap_flip,GC,1,asia,,,,False,False,False,False,False,c1,96,0,0,0.3541666666666667,-11847.375,-17962.0,975.8541666666666,572,252,False,False,False,False,False,True,1405.8,,,,,,,,,,,,,False,"1,2",,,,,,,,,,,,,,
vwap_flip-GC-tf1|eve|,s1,vwap_flip-GC-tf1,vwap_flip,GC,1,eve,,,,False,False,False,False,False,c1,96,0,0,0.25,-19843.145833333332,-19071.0,1038.15625,572,252,False,False,False,False,False,True,1495.5,,,,,,,,,,,,,False,"1,2",,,,,,,,,,,,,,
vwap_flip-GC-tf1|london|,s1,vwap_flip-GC-tf1,vwap_flip,GC,1,london,,,,False,False,False,False,False,c1,96,0,0,0.0,-38190.708333333336,-39501.0,1155.90625,572,252,False,False,False,False,False,True,1665.2,,,,,,,,,,,,,False,"1,2",,,,,,,,,,,,,,
vwap_flip-GC-tf1|mid|,s1,vwap_flip-GC-tf1,vwap_flip,GC,1,mid,,,,False,False,False,False,False,c1,96,0,0,0.041666666666666664,-17377.041666666668,-15762.0,950.3541666666666,572,252,False,False,False,False,False,True,1369.0,,,,,,,,,,,,,False,"1,2",,,,,,,,,,,,,,
vwap_flip-GC-tf1|nyam|,s1,vwap_flip-GC-tf1,vwap_flip,GC,1,nyam,,,,False,False,False,False,False,c1,96,0,0,0.3125,-9204.104166666666,-7561.0,1048.3958333333333,572,252,False,False,False,False,False,True,1510.3,,,,,,,,,,,,,False,"1,2",,,,,,,,,,,,,,
vwap_flip-GC-tf1|pm|,s1,vwap_flip-GC-tf1,vwap_flip,GC,1,pm,,,,False,False,False,False,False,c1,96,0,0,0.0,-24927.416666666668,-23789.0,879.09375,572,252,False,False,False,False,False,True,1266.4,,,,,,,,,,,,,False,"1,2",,,,,,,,,,,,,,
vwap_flip-GC-tf1|pre|,s1,vwap_flip-GC-tf1,vwap_flip,GC,1,pre,,,,False,False,False,False,False,c1,96,0,0,0.10416666666666667,-28266.416666666668,-31013.0,952.0208333333334,572,252,False,False,False,False,False,True,1371.4,,,,,,,,,,,,,False,"1,2",,,,,,,,,,,,,,
vwap_flip-GC-tf30|asia|,s1,vwap_flip-GC-tf30,vwap_flip,GC,30,asia,,,,False,False,False,False,False,c1,96,0,0,0.21875,-10568.208333333334,-11341.0,212.83333333333334,572,252,False,False,False,False,False,True,306.6,,,,,,,,,,,,,False,"1,2",,,,,,,,,,,,,,
vwap_flip-GC-tf30|eve|,s1,vwap_flip-GC-tf30,vwap_flip,GC,30,eve,,,,False,False,False,False,False,c1,96,0,0,0.21875,-8545.645833333334,-10618.0,578.3645833333334,572,252,False,False,False,False,False,True,833.2,,,,,,,,,,,,,False,"1,2",,,,,,,,,,,,,,
vwap_flip-GC-tf30|london|,s1,vwap_flip-GC-tf30,vwap_flip,GC,30,london,,,,False,False,False,False,False,c1,96,0,0,0.0,-25174.666666666668,-24106.0,487.9375,572,252,False,False,False,False,False,True,702.9,,,,,,,,,,,,,False,"1,2",,,,,,,,,,,,,,
vwap_flip-GC-tf30|mid|,s1,vwap_flip-GC-tf30,vwap_flip,GC,30,mid,,,,False,False,False,False,False,c1,62,32,2,0.3548387096774194,-1152.3225806451612,-1158.0,183.0,572,252,False,False,False,False,False,True,263.6,,,,,,,,,,,,,False,"1,2",,,,,,,,,,,,,,
vwap_flip-GC-tf30|pm|,s1,vwap_flip-GC-tf30,vwap_flip,GC,30,pm,,,,False,False,False,False,False,c1,39,32,25,0.0,-3947.128205128205,-3758.0,187.48717948717947,572,252,False,False,False,False,False,True,270.1,,,,,,,,,,,,,False,"1,2",,,,,,,,,,,,,,
vwap_flip-GC-tf5|asia|,s1,vwap_flip-GC-tf5,vwap_flip,GC,5,asia,,,,False,False,False,False,False,c1,96,0,0,0.0,-26206.0,-28575.0,833.8958333333334,572,252,False,False,False,False,False,True,1201.3,,,,,,,,,,,,,False,"1,2",,,,,,,,,,,,,,
vwap_flip-GC-tf5|eve|,s1,vwap_flip-GC-tf5,vwap_flip,GC,5,eve,,,,False,False,False,False,False,c1,96,0,0,0.041666666666666664,-28459.020833333332,-26130.0,939.0,572,252,False,False,False,False,False,True,1352.7,,,,,,,,,,,,,False,"1,2",,,,,,,,,,,,,,
vwap_flip-GC-tf5|london|,s1,vwap_flip-GC-tf5,vwap_flip,GC,5,london,,,,False,False,False,False,False,c1,96,0,0,0.11458333333333333,-20184.979166666668,-21222.0,975.4375,572,252,False,False,False,False,False,True,1405.2,,,,,,,,,,,,,False,"1,2",,,,,,,,,,,,,,
vwap_flip-GC-tf5|mid|,s1,vwap_flip-GC-tf5,vwap_flip,GC,5,mid,,,,False,False,False,False,False,c1,96,0,0,0.23958333333333334,-6042.625,-6361.0,718.3125,572,252,False,False,False,False,False,True,1034.8,,,,,,,,,,,,,False,"1,2",,,,,,,,,,,,,,
vwap_flip-GC-tf5|nyam|,s1,vwap_flip-GC-tf5,vwap_flip,GC,5,nyam,,,,False,False,False,False,False,c1,96,0,0,0.3645833333333333,-2719.5416666666665,-2626.0,691.65625,572,252,False,False,False,False,False,True,996.4,,,,,,,,,,,,,False,"1,2",,,,,,,,,,,,,,
vwap_flip-GC-tf5|pm|,s1,vwap_flip-GC-tf5,vwap_flip,GC,5,pm,,,,False,False,False,False,False,c1,96,0,0,0.0,-18104.041666666668,-19410.0,671.4270833333334,572,252,False,False,False,False,False,True,967.2,,,,,,,,,,,,,False,"1,2",,,,,,,,,,,,,,
vwap_flip-GC-tf5|pre|,s1,vwap_flip-GC-tf5,vwap_flip,GC,5,pre,,,,False,False,False,False,False,c1,96,0,0,0.1875,-6391.979166666667,-5796.0,557.3958333333334,572,252,False,False,False,False,False,True,803.0,,,,,,,,,,,,,False,"1,2",,,,,,,,,,,,,,
vwap_flip-NQ-tf15|asia|,s1,vwap_flip-NQ-tf15,vwap_flip,NQ,15,asia,,,,False,False,False,False,False,c1,96,0,0,0.17708333333333334,-13287.895833333334,-12731.5,565.0729166666666,573,252,False,False,False,False,False,True,813.6,,,,,,,,,,,,,False,"1,2",,,,,,,,,,,,,,
vwap_flip-NQ-tf15|eve|,s1,vwap_flip-NQ-tf15,vwap_flip,NQ,15,eve,,,,False,False,False,False,False,c1,96,0,0,0.0,-46838.833333333336,-41539.0,796.375,573,252,False,False,False,False,False,True,1146.6,,,,,,,,,,,,,False,"1,2",,,,,,,,,,,,,,
vwap_flip-NQ-tf15|london|,s1,vwap_flip-NQ-tf15,vwap_flip,NQ,15,london,,,,False,False,False,False,False,c1,96,0,0,0.28125,-11247.458333333334,-12584.0,810.1458333333334,573,252,False,False,False,False,False,True,1166.4,,,,,,,,,,,,,False,"1,2",,,,,,,,,,,,,,
vwap_flip-NQ-tf15|mid|,s1,vwap_flip-NQ-tf15,vwap_flip,NQ,15,mid,,,,False,False,False,False,False,c1,96,0,0,0.3020833333333333,-13901.0,-13525.5,465.3020833333333,573,252,False,False,False,False,False,True,669.9,,,,,,,,,,,,,False,"1,2",,,,,,,,,,,,,,
vwap_flip-NQ-tf15|nyam|,s1,vwap_flip-NQ-tf15,vwap_flip,NQ,15,nyam,,,,False,False,False,False,False,c1,96,0,0,0.46875,2274.6979166666665,-1148.0,211.0,573,252,False,False,False,False,False,True,303.8,,,,,,,,,,,,,False,"1,2",,,,,,,,,,,,,,
vwap_flip-NQ-tf15|pm|,s1,vwap_flip-NQ-tf15,vwap_flip,NQ,15,pm,,,,False,False,False,False,False,c1,94,0,2,0.8617021276595744,20467.212765957447,22396.5,477.8510638297872,573,252,True,True,True,False,True,True,688.0,,True,13181.44,0.96,7285.77,0.0002,,,,,0.0011,True,True,,,,,,,,,,,,,,,
vwap_flip-NQ-tf15|pre|,s1,vwap_flip-NQ-tf15,vwap_flip,NQ,15,pre,,,,False,False,False,False,False,c1,64,32,0,0.734375,22880.5625,18166.5,231.5,573,252,True,True,False,False,True,True,333.3,,True,13613.32,0.975,9267.25,0.0,,,,,0.0005,True,True,,,,,,,,,,,,,,,
vwap_flip-NQ-tf1|asia|,s1,vwap_flip-NQ-tf1,vwap_flip,NQ,1,asia,,,,False,False,False,False,False,c1,96,0,0,0.125,-18265.552083333332,-22102.5,1014.5,573,252,False,False,False,False,False,True,1460.7,,,,,,,,,,,,,False,"1,2",,,,,,,,,,,,,,
vwap_flip-NQ-tf1|eve|,s1,vwap_flip-NQ-tf1,vwap_flip,NQ,1,eve,,,,False,False,False,False,False,c1,96,0,0,0.041666666666666664,-28607.791666666668,-28768.0,1093.40625,573,252,False,False,False,False,False,True,1574.3,,,,,,,,,,,,,False,"1,2",,,,,,,,,,,,,,
vwap_flip-NQ-tf1|london|,s1,vwap_flip-NQ-tf1,vwap_flip,NQ,1,london,,,,False,False,False,False,False,c1,96,0,0,0.17708333333333334,-14292.78125,-18570.0,1276.75,573,252,False,False,False,False,False,True,1838.3,,,,,,,,,,,,,False,"1,2",,,,,,,,,,,,,,
vwap_flip-NQ-tf1|mid|,s1,vwap_flip-NQ-tf1,vwap_flip,NQ,1,mid,,,,False,False,False,False,False,c1,96,0,0,0.020833333333333332,-33071.416666666664,-30604.0,1250.9791666666667,573,252,False,False,False,False,False,True,1801.1,,,,,,,,,,,,,False,"1,2",,,,,,,,,,,,,,
vwap_flip-NQ-tf1|nyam|,s1,vwap_flip-NQ-tf1,vwap_flip,NQ,1,nyam,,,,False,False,False,False,False,c1,96,0,0,0.20833333333333334,-24590.9375,-30834.5,1252.8645833333333,573,252,False,False,False,False,False,True,1803.9,,,,,,,,,,,,,False,"1,2",,,,,,,,,,,,,,
vwap_flip-NQ-tf1|pm|,s1,vwap_flip-NQ-tf1,vwap_flip,NQ,1,pm,,,,False,False,False,False,False,c1,96,0,0,0.020833333333333332,-39943.75,-42746.0,1238.90625,573,252,False,False,False,False,False,True,1783.8,,,,,,,,,,,,,False,"1,2",,,,,,,,,,,,,,
vwap_flip-NQ-tf1|pre|,s1,vwap_flip-NQ-tf1,vwap_flip,NQ,1,pre,,,,False,False,False,False,False,c1,96,0,0,0.5208333333333334,9984.770833333334,1270.0,951.1770833333334,573,252,False,False,False,False,False,True,1369.5,,False,-1227.5,0.465,11212.27,0.0029,,,,,0.0054,False,False,"1,2",,,,,,,,,,,,,,
vwap_flip-NQ-tf30|asia|,s1,vwap_flip-NQ-tf30,vwap_flip,NQ,30,asia,,,,False,False,False,False,False,c1,96,0,0,0.4895833333333333,1103.6666666666667,-102.0,221.58333333333334,573,252,False,False,False,False,False,True,319.0,,,,,,,,,,,,,False,"1,2",,,,,,,,,,,,,,
vwap_flip-NQ-tf30|eve|,s1,vwap_flip-NQ-tf30,vwap_flip,NQ,30,eve,,,,False,False,False,False,False,c1,96,0,0,0.125,-25251.114583333332,-23331.5,549.1979166666666,573,252,False,False,False,False,False,True,790.7,,,,,,,,,,,,,False,"1,2",,,,,,,,,,,,,,
vwap_flip-NQ-tf30|london|,s1,vwap_flip-NQ-tf30,vwap_flip,NQ,30,london,,,,False,False,False,False,False,c1,96,0,0,0.20833333333333334,-15325.041666666666,-13925.0,490.4791666666667,573,252,False,False,False,False,False,True,706.2,,,,,,,,,,,,,False,"1,2",,,,,,,,,,,,,,
vwap_flip-NQ-tf30|mid|,s1,vwap_flip-NQ-tf30,vwap_flip,NQ,30,mid,,,,False,False,False,False,False,c1,63,32,1,0.20634920634920634,-7047.190476190476,-5486.0,185.26984126984127,573,252,False,False,False,False,False,True,266.7,,,,,,,,,,,,,False,"1,2",,,,,,,,,,,,,,
vwap_flip-NQ-tf30|pm|,s1,vwap_flip-NQ-tf30,vwap_flip,NQ,30,pm,,,,False,False,False,False,False,c1,56,32,8,0.7857142857142857,8407.19642857143,5737.0,189.51785714285714,573,252,True,True,False,False,True,True,272.9,,False,3959.4,0.75,4447.8,0.0,,,,,0.0009,False,False,2,,,,,,,,,,,,,,
vwap_flip-NQ-tf5|asia|,s1,vwap_flip-NQ-tf5,vwap_flip,NQ,5,asia,,,,False,False,False,False,False,c1,96,0,0,0.2708333333333333,-4109.145833333333,-15618.0,866.375,573,252,False,False,False,False,False,True,1247.4,,,,,,,,,,,,,False,"1,2",,,,,,,,,,,,,,
vwap_flip-NQ-tf5|eve|,s1,vwap_flip-NQ-tf5,vwap_flip,NQ,5,eve,,,,False,False,False,False,False,c1,96,0,0,0.0,-47956.0,-47688.5,976.96875,573,252,False,False,False,False,False,True,1406.6,,,,,,,,,,,,,False,"1,2",,,,,,,,,,,,,,
vwap_flip-NQ-tf5|london|,s1,vwap_flip-NQ-tf5,vwap_flip,NQ,5,london,,,,False,False,False,False,False,c1,96,0,0,0.052083333333333336,-27901.260416666668,-22094.0,1091.1875,573,252,False,False,False,False,False,True,1571.1,,,,,,,,,,,,,False,"1,2",,,,,,,,,,,,,,
vwap_flip-NQ-tf5|mid|,s1,vwap_flip-NQ-tf5,vwap_flip,NQ,5,mid,,,,False,False,False,False,False,c1,96,0,0,0.25,-10270.15625,-12814.5,937.03125,573,252,False,False,False,False,False,True,1349.1,,,,,,,,,,,,,False,"1,2",,,,,,,,,,,,,,
vwap_flip-NQ-tf5|nyam|,s1,vwap_flip-NQ-tf5,vwap_flip,NQ,5,nyam,,,,False,False,False,False,False,c1,96,0,0,0.3333333333333333,-5785.489583333333,-12408.0,724.1458333333334,573,252,False,False,False,False,False,True,1042.6,,,,,,,,,,,,,False,"1,2",,,,,,,,,,,,,,
vwap_flip-NQ-tf5|pm|,s1,vwap_flip-NQ-tf5,vwap_flip,NQ,5,pm,,,,False,False,False,False,False,c1,96,0,0,0.3333333333333333,-11780.572916666666,-16816.0,949.6354166666666,573,252,False,False,False,False,False,True,1367.3,,,,,,,,,,,,,False,"1,2",,,,,,,,,,,,,,
vwap_flip-NQ-tf5|pre|,s1,vwap_flip-NQ-tf5,vwap_flip,NQ,5,pre,,,,False,False,False,False,False,c1,96,0,0,0.7395833333333334,24798.375,15003.5,543.7916666666666,573,252,True,True,False,False,True,True,782.9,,True,17956.07,0.98,6842.31,0.001,,,,,0.0,True,True,,,,,,,,,,,,,,,
vwap_z-ES-tf15|asia|,s1,vwap_z-ES-tf15,vwap_z,ES,15,asia,,,,False,False,False,False,False,c1,128,0,0,0.203125,-5538.94921875,-4042.75,311.6171875,573,252,False,False,False,False,False,True,448.7,,,,,,,,,,,,,False,"1,2",,,,,,,,,,,,,,
vwap_z-ES-tf15|eve|,s1,vwap_z-ES-tf15,vwap_z,ES,15,eve,,,,False,False,False,False,False,c1,128,0,0,0.1484375,-10279.1171875,-8460.25,391.8984375,573,252,False,False,False,False,False,True,564.3,,,,,,,,,,,,,False,"1,2",,,,,,,,,,,,,,
vwap_z-ES-tf15|london|,s1,vwap_z-ES-tf15,vwap_z,ES,15,london,,,,False,False,False,False,False,c1,128,0,0,0.2265625,-13109.78515625,-7768.0,430.7421875,573,252,False,False,False,False,False,True,620.2,,,,,,,,,,,,,False,"1,2",,,,,,,,,,,,,,
vwap_z-ES-tf15|mid|,s1,vwap_z-ES-tf15,vwap_z,ES,15,mid,,,,False,False,False,False,False,c1,126,0,2,0.38095238095238093,-7948.56746031746,-975.25,300.06349206349205,573,252,False,False,False,False,False,True,432.0,,,,,,,,,,,,,False,"1,2",,,,,,,,,,,,,,
vwap_z-ES-tf15|nyam|,s1,vwap_z-ES-tf15,vwap_z,ES,15,nyam,,,,False,False,False,False,False,c1,118,0,10,0.06779661016949153,-14313.02966101695,-12746.75,184.32203389830508,573,252,False,False,False,False,False,True,265.4,,,,,,,,,,,,,False,"1,2",,,,,,,,,,,,,,
vwap_z-ES-tf15|pm|,s1,vwap_z-ES-tf15,vwap_z,ES,15,pm,,,,False,False,False,False,False,c1,120,0,8,0.2,-16179.341666666667,-9656.0,325.2,573,252,False,False,False,False,False,True,468.2,,,,,,,,,,,,,False,"1,2",,,,,,,,,,,,,,
vwap_z-ES-tf15|pre|,s1,vwap_z-ES-tf15,vwap_z,ES,15,pre,,,,False,False,False,False,False,c1,103,0,25,0.17475728155339806,-3653.5436893203882,-1765.5,103.7378640776699,573,252,False,False,False,False,False,True,149.4,,,,,,,,,,,,,False,"1,2",,,,,,,,,,,,,,
vwap_z-ES-tf1|asia|,s1,vwap_z-ES-tf1,vwap_z,ES,1,asia,,,,False,False,False,False,False,c1,128,0,0,0.0078125,-29752.23828125,-29230.5,847.8984375,573,252,False,False,False,False,False,True,1220.8,,,,,,,,,,,,,False,"1,2",,,,,,,,,,,,,,
vwap_z-ES-tf1|eve|,s1,vwap_z-ES-tf1,vwap_z,ES,1,eve,,,,False,False,False,False,False,c1,128,0,0,0.0078125,-38054.08203125,-35025.0,874.7265625,573,252,False,False,False,False,False,True,1259.4,,,,,,,,,,,,,False,"1,2",,,,,,,,,,,,,,
vwap_z-ES-tf1|london|,s1,vwap_z-ES-tf1,vwap_z,ES,1,london,,,,False,False,False,False,False,c1,128,0,0,0.0546875,-31594.4296875,-32765.5,976.5859375,573,252,False,False,False,False,False,True,1406.1,,,,,,,,,,,,,False,"1,2",,,,,,,,,,,,,,
vwap_z-ES-tf1|mid|,s1,vwap_z-ES-tf1,vwap_z,ES,1,mid,,,,False,False,False,False,False,c1,128,0,0,0.40625,-10448.01171875,-7912.5,954.703125,573,252,False,False,False,False,False,True,1374.6,,,,,,,,,,,,,False,"1,2",,,,,,,,,,,,,,
vwap_z-ES-tf1|nyam|,s1,vwap_z-ES-tf1,vwap_z,ES,1,nyam,,,,False,False,False,False,False,c1,128,0,0,0.046875,-30778.59765625,-25208.5,958.8828125,573,252,False,False,False,False,False,True,1380.6,,,,,,,,,,,,,False,"1,2",,,,,,,,,,,,,,
vwap_z-ES-tf1|pm|,s1,vwap_z-ES-tf1,vwap_z,ES,1,pm,,,,False,False,False,False,False,c1,128,0,0,0.0859375,-31820.953125,-36935.5,972.9140625,573,252,False,False,False,False,False,True,1400.8,,,,,,,,,,,,,False,"1,2",,,,,,,,,,,,,,
vwap_z-ES-tf1|pre|,s1,vwap_z-ES-tf1,vwap_z,ES,1,pre,,,,False,False,False,False,False,c1,128,0,0,0.375,-7226.80078125,-3521.75,650.328125,573,252,False,False,False,False,False,True,936.3,,,,,,,,,,,,,False,"1,2",,,,,,,,,,,,,,
vwap_z-ES-tf30|asia|,s1,vwap_z-ES-tf30,vwap_z,ES,30,asia,,,,False,False,False,False,False,c1,127,0,1,0.6692913385826772,4084.1102362204724,1744.0,153.8740157480315,573,252,True,False,False,False,True,True,221.5,,False,2774.61,0.88,1309.5,0.0308,,,,,0.0,False,False,2,,,,,,,,,,,,,,
vwap_z-ES-tf30|eve|,s1,vwap_z-ES-tf30,vwap_z,ES,30,eve,,,,False,False,False,False,False,c1,123,0,5,0.12195121951219512,-6586.028455284553,-3712.0,255.17073170731706,573,252,False,False,False,False,False,True,367.4,,,,,,,,,,,,,False,"1,2",,,,,,,,,,,,,,
vwap_z-ES-tf30|london|,s1,vwap_z-ES-tf30,vwap_z,ES,30,london,,,,False,False,False,False,False,c1,128,0,0,0.3203125,-5697.51171875,-3847.5,249.3046875,573,252,False,False,False,False,False,True,358.9,,,,,,,,,,,,,False,"1,2",,,,,,,,,,,,,,
vwap_z-ES-tf30|mid|,s1,vwap_z-ES-tf30,vwap_z,ES,30,mid,,,,False,False,False,False,False,c1,125,0,3,0.68,2210.456,891.5,113.736,573,252,True,False,False,False,True,True,163.8,,False,2412.33,0.835,-201.88,0.0113,,,,,0.0,False,False,2,,,,,,,,,,,,,,
vwap_z-ES-tf30|pm|,s1,vwap_z-ES-tf30,vwap_z,ES,30,pm,,,,False,False,False,False,False,c1,86,0,42,0.03488372093023256,-11876.331395348838,-10064.25,152.47674418604652,573,252,False,False,False,False,False,True,219.5,,,,,,,,,,,,,False,"1,2",,,,,,,,,,,,,,
vwap_z-ES-tf5|asia|,s1,vwap_z-ES-tf5,vwap_z,ES,5,asia,,,,False,False,False,False,False,c1,128,0,0,0.078125,-14375.79296875,-12353.75,551.4921875,573,252,False,False,False,False,False,True,794.0,,,,,,,,,,,,,False,"1,2",,,,,,,,,,,,,,
vwap_z-ES-tf5|eve|,s1,vwap_z-ES-tf5,vwap_z,ES,5,eve,,,,False,False,False,False,False,c1,128,0,0,0.03125,-14450.87890625,-11931.25,601.7578125,573,252,False,False,False,False,False,True,866.4,,,,,,,,,,,,,False,"1,2",,,,,,,,,,,,,,
vwap_z-ES-tf5|london|,s1,vwap_z-ES-tf5,vwap_z,ES,5,london,,,,False,False,False,False,False,c1,128,0,0,0.1171875,-24560.83984375,-20826.25,679.1015625,573,252,False,False,False,False,False,True,977.8,,,,,,,,,,,,,False,"1,2",,,,,,,,,,,,,,
vwap_z-ES-tf5|mid|,s1,vwap_z-ES-tf5,vwap_z,ES,5,mid,,,,False,False,False,False,False,c1,128,0,0,0.265625,-7431.76953125,-3697.0,576.5703125,573,252,False,False,False,False,False,True,830.1,,,,,,,,,,,,,False,"1,2",,,,,,,,,,,,,,
vwap_z-ES-tf5|nyam|,s1,vwap_z-ES-tf5,vwap_z,ES,5,nyam,,,,False,False,False,False,False,c1,128,0,0,0.03125,-24820.18359375,-24198.5,497.2578125,573,252,False,False,False,False,False,True,715.9,,,,,,,,,,,,,False,"1,2",,,,,,,,,,,,,,
vwap_z-ES-tf5|pm|,s1,vwap_z-ES-tf5,vwap_z,ES,5,pm,,,,False,False,False,False,False,c1,128,0,0,0.1875,-19364.35546875,-13866.75,601.5625,573,252,False,False,False,False,False,True,866.1,,,,,,,,,,,,,False,"1,2",,,,,,,,,,,,,,
vwap_z-ES-tf5|pre|,s1,vwap_z-ES-tf5,vwap_z,ES,5,pre,,,,False,False,False,False,False,c1,128,0,0,0.21875,-5706.625,-2144.5,246.7734375,573,252,False,False,False,False,False,True,355.3,,,,,,,,,,,,,False,"1,2",,,,,,,,,,,,,,
vwap_z-GC-tf15|asia|,s1,vwap_z-GC-tf15,vwap_z,GC,15,asia,,,,False,False,False,False,False,c1,128,0,0,0.3359375,-10407.390625,-2874.0,287.140625,572,252,False,False,False,False,False,True,413.6,,,,,,,,,,,,,False,"1,2",,,,,,,,,,,,,,
vwap_z-GC-tf15|eve|,s1,vwap_z-GC-tf15,vwap_z,GC,15,eve,,,,False,False,False,False,False,c1,128,0,0,0.0078125,-18763.46875,-17334.0,439.2265625,572,252,False,False,False,False,False,True,632.7,,,,,,,,,,,,,False,"1,2",,,,,,,,,,,,,,
vwap_z-GC-tf15|london|,s1,vwap_z-GC-tf15,vwap_z,GC,15,london,,,,False,False,False,False,False,c1,128,0,0,0.421875,-11236.53125,-1345.0,396.59375,572,252,False,False,False,False,False,True,571.3,,,,,,,,,,,,,False,"1,2",,,,,,,,,,,,,,
vwap_z-GC-tf15|mid|,s1,vwap_z-GC-tf15,vwap_z,GC,15,mid,,,,False,False,False,False,False,c1,95,0,33,0.1368421052631579,-7036.5684210526315,-6830.0,279.22105263157897,572,252,False,False,False,False,False,True,402.2,,,,,,,,,,,,,False,"1,2",,,,,,,,,,,,,,
vwap_z-GC-tf15|nyam|,s1,vwap_z-GC-tf15,vwap_z,GC,15,nyam,,,,False,False,False,False,False,c1,114,0,14,0.4298245614035088,-4775.122807017544,-1624.0,117.37719298245614,572,252,False,False,False,False,False,True,169.1,,,,,,,,,,,,,False,"1,2",,,,,,,,,,,,,,
vwap_z-GC-tf15|pm|,s1,vwap_z-GC-tf15,vwap_z,GC,15,pm,,,,False,False,False,False,False,c1,88,0,40,0.022727272727272728,-6087.227272727273,-7033.0,293.1136363636364,572,252,False,False,False,False,False,True,422.2,,,,,,,,,,,,,False,"1,2",,,,,,,,,,,,,,
vwap_z-GC-tf15|pre|,s1,vwap_z-GC-tf15,vwap_z,GC,15,pre,,,,False,False,False,False,False,c1,96,32,0,0.5833333333333334,-342.6666666666667,816.0,95.66666666666667,572,252,False,False,False,False,False,True,137.8,,,,,,,,,,,,,False,"1,2",,,,,,,,,,,,,,
vwap_z-GC-tf1|asia|,s1,vwap_z-GC-tf1,vwap_z,GC,1,asia,,,,False,False,False,False,False,c1,128,0,0,0.140625,-25295.046875,-27994.0,787.375,572,252,False,False,False,False,False,True,1134.3,,,,,,,,,,,,,False,"1,2",,,,,,,,,,,,,,
vwap_z-GC-tf1|eve|,s1,vwap_z-GC-tf1,vwap_z,GC,1,eve,,,,False,False,False,False,False,c1,128,0,0,0.171875,-15621.3125,-12498.0,870.5234375,572,252,False,False,False,False,False,True,1254.0,,,,,,,,,,,,,False,"1,2",,,,,,,,,,,,,,
vwap_z-GC-tf1|london|,s1,vwap_z-GC-tf1,vwap_z,GC,1,london,,,,False,False,False,False,False,c1,128,0,0,0.0703125,-23737.078125,-23379.0,911.125,572,252,False,False,False,False,False,True,1312.5,,,,,,,,,,,,,False,"1,2",,,,,,,,,,,,,,
vwap_z-GC-tf1|mid|,s1,vwap_z-GC-tf1,vwap_z,GC,1,mid,,,,False,False,False,False,False,c1,128,0,0,0.0,-24791.609375,-22743.0,728.8984375,572,252,False,False,False,False,False,True,1050.0,,,,,,,,,,,,,False,"1,2",,,,,,,,,,,,,,
vwap_z-GC-tf1|nyam|,s1,vwap_z-GC-tf1,vwap_z,GC,1,nyam,,,,False,False,False,False,False,c1,128,0,0,0.0,-25071.84375,-21802.0,724.953125,572,252,False,False,False,False,False,True,1044.3,,,,,,,,,,,,,False,"1,2",,,,,,,,,,,,,,
vwap_z-GC-tf1|pm|,s1,vwap_z-GC-tf1,vwap_z,GC,1,pm,,,,False,False,False,False,False,c1,128,0,0,0.078125,-12750.796875,-10070.0,720.1015625,572,252,False,False,False,False,False,True,1037.3,,,,,,,,,,,,,False,"1,2",,,,,,,,,,,,,,
vwap_z-GC-tf1|pre|,s1,vwap_z-GC-tf1,vwap_z,GC,1,pre,,,,False,False,False,False,False,c1,128,0,0,0.2890625,-7284.40625,-4576.0,640.7109375,572,252,False,False,False,False,False,True,923.0,,,,,,,,,,,,,False,"1,2",,,,,,,,,,,,,,
vwap_z-GC-tf30|asia|,s1,vwap_z-GC-tf30,vwap_z,GC,30,asia,,,,False,False,False,False,False,c1,126,0,2,0.36507936507936506,-3329.4126984126983,-512.0,134.31746031746033,572,252,False,False,False,False,False,True,193.5,,,,,,,,,,,,,False,"1,2",,,,,,,,,,,,,,
vwap_z-GC-tf30|eve|,s1,vwap_z-GC-tf30,vwap_z,GC,30,eve,,,,False,False,False,False,False,c1,128,0,0,0.2734375,-10172.84375,-6562.0,284.109375,572,252,False,False,False,False,False,True,409.3,,,,,,,,,,,,,False,"1,2",,,,,,,,,,,,,,
vwap_z-GC-tf30|london|,s1,vwap_z-GC-tf30,vwap_z,GC,30,london,,,,False,False,False,False,False,c1,125,0,3,0.24,-7413.136,-2270.0,237.344,572,252,False,False,False,False,False,True,341.9,,,,,,,,,,,,,False,"1,2",,,,,,,,,,,,,,
vwap_z-GC-tf30|mid|,s1,vwap_z-GC-tf30,vwap_z,GC,30,mid,,,,False,False,False,False,False,c1,71,32,25,0.07042253521126761,-3851.0140845070423,-3526.0,120.53521126760563,572,252,False,False,False,False,False,True,173.6,,,,,,,,,,,,,False,"1,2",,,,,,,,,,,,,,
vwap_z-GC-tf30|pm|,s1,vwap_z-GC-tf30,vwap_z,GC,30,pm,,,,False,False,False,False,False,c1,61,0,67,0.32786885245901637,-2518.2950819672133,-938.0,135.63934426229508,572,252,False,False,False,False,False,True,195.4,,,,,,,,,,,,,False,"1,2",,,,,,,,,,,,,,
vwap_z-GC-tf5|asia|,s1,vwap_z-GC-tf5,vwap_z,GC,5,asia,,,,False,False,False,False,False,c1,128,0,0,0.1171875,-16899.625,-12728.0,513.421875,572,252,False,False,False,False,False,True,739.6,,,,,,,,,,,,,False,"1,2",,,,,,,,,,,,,,
vwap_z-GC-tf5|eve|,s1,vwap_z-GC-tf5,vwap_z,GC,5,eve,,,,False,False,False,False,False,c1,128,0,0,0.0078125,-20625.75,-15431.0,634.71875,572,252,False,False,False,False,False,True,914.4,,,,,,,,,,,,,False,"1,2",,,,,,,,,,,,,,
vwap_z-GC-tf5|london|,s1,vwap_z-GC-tf5,vwap_z,GC,5,london,,,,False,False,False,False,False,c1,128,0,0,0.1640625,-19844.53125,-12287.0,621.40625,572,252,False,False,False,False,False,True,895.2,,,,,,,,,,,,,False,"1,2",,,,,,,,,,,,,,
vwap_z-GC-tf5|mid|,s1,vwap_z-GC-tf5,vwap_z,GC,5,mid,,,,False,False,False,False,False,c1,123,0,5,0.016260162601626018,-12622.71544715447,-10430.0,425.4959349593496,572,252,False,False,False,False,False,True,613.0,,,,,,,,,,,,,False,"1,2",,,,,,,,,,,,,,
vwap_z-GC-tf5|nyam|,s1,vwap_z-GC-tf5,vwap_z,GC,5,nyam,,,,False,False,False,False,False,c1,128,0,0,0.5703125,-3218.734375,968.0,335.6796875,572,252,False,False,False,False,False,True,483.6,,,,,,,,,,,,,False,"1,2",,,,,,,,,,,,,,
vwap_z-GC-tf5|pm|,s1,vwap_z-GC-tf5,vwap_z,GC,5,pm,,,,False,False,False,False,False,c1,121,0,7,0.0,-10178.479338842975,-7850.0,438.54545454545456,572,252,False,False,False,False,False,True,631.8,,,,,,,,,,,,,False,"1,2",,,,,,,,,,,,,,
vwap_z-GC-tf5|pre|,s1,vwap_z-GC-tf5,vwap_z,GC,5,pre,,,,False,False,False,False,False,c1,123,0,5,0.3902439024390244,-177.0569105691057,-982.0,253.10569105691056,572,252,False,False,False,False,False,True,364.6,,,,,,,,,,,,,False,"1,2",,,,,,,,,,,,,,
vwap_z-NQ-tf15|asia|,s1,vwap_z-NQ-tf15,vwap_z,NQ,15,asia,,,,False,False,False,False,False,c1,128,0,0,0.4453125,-84.015625,-583.0,300.515625,573,252,False,False,False,False,False,True,432.7,,,,,,,,,,,,,False,"1,2",,,,,,,,,,,,,,
vwap_z-NQ-tf15|eve|,s1,vwap_z-NQ-tf15,vwap_z,NQ,15,eve,,,,False,False,False,False,False,c1,128,0,0,0.796875,12728.28125,5282.5,395.703125,573,252,True,True,False,False,True,True,569.7,,False,-1385.96,0.355,14114.25,0.0028,,,,,0.0,False,False,2,,,,,,,,,,,,,,
vwap_z-NQ-tf15|london|,s1,vwap_z-NQ-tf15,vwap_z,NQ,15,london,,,,False,False,False,False,False,c1,127,0,1,0.4094488188976378,-5708.811023622047,-1050.0,432.48818897637796,573,252,False,False,False,False,False,True,622.7,,,,,,,,,,,,,False,"1,2",,,,,,,,,,,,,,
vwap_z-NQ-tf15|mid|,s1,vwap_z-NQ-tf15,vwap_z,NQ,15,mid,,,,False,False,False,False,False,c1,126,0,2,0.4523809523809524,1583.2619047619048,-718.0,287.5079365079365,573,252,False,False,False,False,False,True,414.0,,,,,,,,,,,,,False,"1,2",,,,,,,,,,,,,,
vwap_z-NQ-tf15|nyam|,s1,vwap_z-NQ-tf15,vwap_z,NQ,15,nyam,,,,False,False,False,False,False,c1,126,0,2,0.3333333333333333,-11662.595238095239,-4623.0,172.84126984126985,573,252,False,False,False,False,False,True,248.9,,,,,,,,,,,,,False,"1,2",,,,,,,,,,,,,,
vwap_z-NQ-tf15|pm|,s1,vwap_z-NQ-tf15,vwap_z,NQ,15,pm,,,,False,False,False,False,False,c1,118,0,10,0.06779661016949153,-16035.542372881357,-7947.0,338.0593220338983,573,252,False,False,False,False,False,True,486.7,,,,,,,,,,,,,False,"1,2",,,,,,,,,,,,,,
vwap_z-NQ-tf15|pre|,s1,vwap_z-NQ-tf15,vwap_z,NQ,15,pre,,,,False,False,False,False,False,c1,109,0,19,0.30275229357798167,-4894.972477064221,-1733.0,94.38532110091744,573,252,False,False,False,False,False,True,135.9,,,,,,,,,,,,,False,"1,2",,,,,,,,,,,,,,
vwap_z-NQ-tf1|asia|,s1,vwap_z-NQ-tf1,vwap_z,NQ,1,asia,,,,False,False,False,False,False,c1,128,0,0,0.2890625,-7000.7109375,-7208.0,820.109375,573,252,False,False,False,False,False,True,1180.8,,,,,,,,,,,,,False,"1,2",,,,,,,,,,,,,,
vwap_z-NQ-tf1|eve|,s1,vwap_z-NQ-tf1,vwap_z,NQ,1,eve,,,,False,False,False,False,False,c1,128,0,0,0.21875,-17236.3203125,-13171.0,880.3984375,573,252,False,False,False,False,False,True,1267.6,,,,,,,,,,,,,False,"1,2",,,,,,,,,,,,,,
vwap_z-NQ-tf1|london|,s1,vwap_z-NQ-tf1,vwap_z,NQ,1,london,,,,False,False,False,False,False,c1,128,0,0,0.1796875,-15193.8515625,-12679.0,955.5625,573,252,False,False,False,False,False,True,1375.8,,,,,,,,,,,,,False,"1,2",,,,,,,,,,,,,,
vwap_z-NQ-tf1|mid|,s1,vwap_z-NQ-tf1,vwap_z,NQ,1,mid,,,,False,False,False,False,False,c1,128,0,0,0.46875,-2533.4453125,-1264.5,960.03125,573,252,False,False,False,False,False,True,1382.2,,,,,,,,,,,,,False,"1,2",,,,,,,,,,,,,,
vwap_z-NQ-tf1|nyam|,s1,vwap_z-NQ-tf1,vwap_z,NQ,1,nyam,,,,False,False,False,False,False,c1,128,0,0,0.390625,-6651.1796875,-4238.5,957.375,573,252,False,False,False,False,False,True,1378.4,,,,,,,,,,,,,False,"1,2",,,,,,,,,,,,,,
vwap_z-NQ-tf1|pm|,s1,vwap_z-NQ-tf1,vwap_z,NQ,1,pm,,,,False,False,False,False,False,c1,128,0,0,0.265625,-10812.0390625,-9367.0,974.40625,573,252,False,False,False,False,False,True,1402.9,,,,,,,,,,,,,False,"1,2",,,,,,,,,,,,,,
vwap_z-NQ-tf1|pre|,s1,vwap_z-NQ-tf1,vwap_z,NQ,1,pre,,,,False,False,False,False,False,c1,128,0,0,0.421875,-1745.75,-3223.5,646.7109375,573,252,False,False,False,False,False,True,931.1,,,,,,,,,,,,,False,"1,2",,,,,,,,,,,,,,
vwap_z-NQ-tf30|asia|,s1,vwap_z-NQ-tf30,vwap_z,NQ,30,asia,,,,False,False,False,False,False,c1,128,0,0,0.609375,4454.75,1406.0,142.953125,573,252,True,False,False,False,True,True,205.8,,False,-4611.62,0.08,9066.37,0.0356,,,,,0.0,False,False,2,,,,,,,,,,,,,,
vwap_z-NQ-tf30|eve|,s1,vwap_z-NQ-tf30,vwap_z,NQ,30,eve,,,,False,False,False,False,False,c1,128,0,0,0.8125,12670.2265625,5692.5,245.734375,573,252,True,True,True,False,True,True,353.8,,False,3609.14,0.835,9061.09,0.0025,,,,,0.0,False,False,2,,,,,,,,,,,,,,
vwap_z-NQ-tf30|london|,s1,vwap_z-NQ-tf30,vwap_z,NQ,30,london,,,,False,False,False,False,False,c1,125,0,3,0.656,2637.336,1203.0,256.896,573,252,True,False,False,False,True,True,369.9,,False,-944.24,0.44,3581.58,0.0012,,,,,0.0001,False,False,2,,,,,,,,,,,,,,
vwap_z-NQ-tf30|mid|,s1,vwap_z-NQ-tf30,vwap_z,NQ,30,mid,,,,False,False,False,False,False,c1,104,0,24,0.7403846153846154,8222.89423076923,7072.0,122.46153846153847,573,252,True,True,False,False,True,True,176.3,,False,7070.31,0.945,1152.59,0.0064,,,,,0.0,False,False,2,,,,,,,,,,,,,,
vwap_z-NQ-tf30|pm|,s1,vwap_z-NQ-tf30,vwap_z,NQ,30,pm,,,,False,False,False,False,False,c1,93,0,35,0.053763440860215055,-12455.118279569893,-10843.0,133.21505376344086,573,252,False,False,False,False,False,True,191.8,,,,,,,,,,,,,False,"1,2",,,,,,,,,,,,,,
vwap_z-NQ-tf5|asia|,s1,vwap_z-NQ-tf5,vwap_z,NQ,5,asia,,,,False,False,False,False,False,c1,128,0,0,0.5625,8827.390625,896.5,536.921875,573,252,False,False,False,False,False,True,773.1,,False,8263.05,0.93,564.34,0.0024,,,,,0.0005,False,False,"1,2",,,,,,,,,,,,,,
vwap_z-NQ-tf5|eve|,s1,vwap_z-NQ-tf5,vwap_z,NQ,5,eve,,,,False,False,False,False,False,c1,128,0,0,0.5078125,2813.40625,407.0,609.03125,573,252,False,False,False,False,False,True,876.9,,False,-11248.65,0.025,14062.05,0.0061,,,,,0.0,False,False,"1,2",,,,,,,,,,,,,,
vwap_z-NQ-tf5|london|,s1,vwap_z-NQ-tf5,vwap_z,NQ,5,london,,,,False,False,False,False,False,c1,128,0,0,0.390625,-6346.53125,-2741.0,665.0703125,573,252,False,False,False,False,False,True,957.6,,,,,,,,,,,,,False,"1,2",,,,,,,,,,,,,,
vwap_z-NQ-tf5|mid|,s1,vwap_z-NQ-tf5,vwap_z,NQ,5,mid,,,,False,False,False,False,False,c1,127,0,1,0.5118110236220472,5948.937007874016,219.0,577.0866141732283,573,252,False,False,False,False,False,True,830.9,,False,-10827.59,0.045,16776.53,0.0029,,,,,0.0001,False,False,"1,2",,,,,,,,,,,,,,
vwap_z-NQ-tf5|nyam|,s1,vwap_z-NQ-tf5,vwap_z,NQ,5,nyam,,,,False,False,False,False,False,c1,128,0,0,0.2421875,-21229.9296875,-17629.5,509.4453125,573,252,False,False,False,False,False,True,733.5,,,,,,,,,,,,,False,"1,2",,,,,,,,,,,,,,
vwap_z-NQ-tf5|pm|,s1,vwap_z-NQ-tf5,vwap_z,NQ,5,pm,,,,False,False,False,False,False,c1,127,0,1,0.1968503937007874,-11762.88188976378,-6808.0,613.4173228346457,573,252,False,False,False,False,False,True,883.2,,,,,,,,,,,,,False,"1,2",,,,,,,,,,,,,,
vwap_z-NQ-tf5|pre|,s1,vwap_z-NQ-tf5,vwap_z,NQ,5,pre,,,,False,False,False,False,False,c1,112,0,16,0.2767857142857143,-6286.589285714285,-2502.5,272.42857142857144,573,252,False,False,False,False,False,True,392.2,,,,,,,,,,,,,False,"1,2",,,,,,,,,,,,,,
late_mom-ES-tf30|pm|,r1,late_mom-ES-tf30,late_mom,ES,30,pm,,,,True,False,False,False,False,shift,255,0,33,0.058823529411764705,-14326.119607843137,-13914.0,410.73333333333335,573,252,False,False,False,False,False,True,591.4,,,,,,,,,,,,,False,"1,2",,,,,,,,,,,,,,
late_mom-GC-tf30|pm|,r1,late_mom-GC-tf30,late_mom,GC,30,pm,,,,True,False,False,False,False,shift,170,0,118,0.07058823529411765,-4622.176470588235,-3395.0,404.3529411764706,572,252,False,False,False,False,False,True,582.5,,,,,,,,,,,,,False,"1,2",,,,,,,,,,,,,,
late_mom-NQ-tf30|pm|,r1,late_mom-NQ-tf30,late_mom,NQ,30,pm,,,,True,False,False,False,False,shift,249,0,39,0.30522088353413657,-6697.3293172690765,-6276.0,445.58232931726906,573,252,False,False,False,False,False,True,641.5,,,,,,,,,,,,,False,"1,2",,,,,,,,,,,,,,
open_fade-ES-tf1|nyam|,r1,open_fade-ES-tf1,open_fade,ES,1,nyam,,,,False,False,False,False,False,c1,96,0,0,0.0,-45940.265625,-48042.75,1340.6979166666667,573,252,False,False,False,False,False,True,1930.3,,,,,,,,,,,,,False,"1,2",,,,,,,,,,,,,,
open_fade-ES-tf5|nyam|,r1,open_fade-ES-tf5,open_fade,ES,5,nyam,,,,False,False,False,False,False,c1,96,0,0,0.010416666666666666,-19031.046875,-19245.75,607.9895833333334,573,252,False,False,False,False,False,True,875.4,,,,,,,,,,,,,False,"1,2",,,,,,,,,,,,,,
open_fade-GC-tf1|nyam|,r1,open_fade-GC-tf1,open_fade,GC,1,nyam,,,,False,False,False,False,False,c1,96,0,0,0.0,-26954.895833333332,-27980.0,1030.15625,572,252,False,False,False,False,False,True,1484.0,,,,,,,,,,,,,False,"1,2",,,,,,,,,,,,,,
open_fade-GC-tf5|nyam|,r1,open_fade-GC-tf5,open_fade,GC,5,nyam,,,,False,False,False,False,False,c1,96,0,0,0.041666666666666664,-11070.229166666666,-11566.0,495.2916666666667,572,252,False,False,False,False,False,True,713.5,,,,,,,,,,,,,False,"1,2",,,,,,,,,,,,,,
open_fade-NQ-tf1|nyam|,r1,open_fade-NQ-tf1,open_fade,NQ,1,nyam,,,,False,False,False,False,False,c1,96,0,0,0.3125,-11591.59375,-17492.5,1442.6770833333333,573,252,False,False,False,False,False,True,2077.2,,,,,,,,,,,,,False,"1,2",,,,,,,,,,,,,,
open_fade-NQ-tf5|nyam|,r1,open_fade-NQ-tf5,open_fade,NQ,5,nyam,,,,False,False,False,False,False,c1,96,0,0,0.3854166666666667,6450.583333333333,-7041.5,680.6875,573,252,False,False,False,False,False,True,980.0,,,,,,,,,,,,,False,"1,2",,,,,,,,,,,,,,
orb_confirm-ES-tf15|mid|dir=long,r1,orb_confirm-ES-tf15,orb_confirm,ES,15,mid,dir=long,,,False,False,False,False,False,c1,96,0,0,0.6770833333333334,7386.536458333333,9120.5,270.0,573,252,True,False,False,False,True,True,388.7,,False,1489.42,0.615,5897.12,0.0,,,,,0.0,False,False,2,,,,,,,,,,,,,,
orb_confirm-ES-tf15|mid|dir=short,r1,orb_confirm-ES-tf15,orb_confirm,ES,15,mid,dir=short,,,False,False,False,False,False,c1,96,0,0,0.34375,-4054.2604166666665,-4901.75,259.3333333333333,573,252,False,False,False,False,False,True,373.4,,,,,,,,,,,,,False,"1,2",,,,,,,,,,,,,,
orb_confirm-ES-tf15|nyam|dir=long,r1,orb_confirm-ES-tf15,orb_confirm,ES,15,nyam,dir=long,,,False,False,False,False,False,c1,95,0,1,0.5157894736842106,1430.542105263158,353.0,179.83157894736843,573,252,False,False,False,False,False,True,258.9,,False,-1965.73,0.295,3396.27,0.0,,,,,0.001,False,False,"1,2",,,,,,,,,,,,,,
orb_confirm-ES-tf15|nyam|dir=short,r1,orb_confirm-ES-tf15,orb_confirm,ES,15,nyam,dir=short,,,False,False,False,False,False,c1,96,0,0,0.3645833333333333,-572.5,-2529.0,181.66666666666666,573,252,False,False,False,False,False,True,261.6,,,,,,,,,,,,,False,"1,2",,,,,,,,,,,,,,
orb_confirm-ES-tf15|pm|dir=long,r1,orb_confirm-ES-tf15,orb_confirm,ES,15,pm,dir=long,,,False,False,False,False,False,c1,96,0,0,0.6875,6438.166666666667,4387.25,287.3333333333333,573,252,True,False,False,False,True,True,413.7,,False,6202.03,0.895,236.14,0.0,,,,,0.0007,False,False,2,,,,,,,,,,,,,,
orb_confirm-ES-tf15|pm|dir=short,r1,orb_confirm-ES-tf15,orb_confirm,ES,15,pm,dir=short,,,False,False,False,False,False,c1,96,0,0,0.5729166666666666,5635.838541666667,4594.75,258.0,573,252,False,False,False,False,False,True,371.5,,False,6008.2,0.89,-372.36,0.0,,,,,0.0005,False,False,"1,2",,,,,,,,,,,,,,
orb_confirm-ES-tf1|mid|dir=long,r1,orb_confirm-ES-tf1,orb_confirm,ES,1,mid,dir=long,,,False,False,False,False,False,c1,96,0,0,0.5625,4420.223958333333,2951.0,302.3333333333333,573,252,False,False,False,False,False,True,435.3,,False,-4271.82,0.18,8692.04,0.0,,,,,0.0001,False,False,"1,2",,,,,,,,,,,,,,
orb_confirm-ES-tf1|mid|dir=short,r1,orb_confirm-ES-tf1,orb_confirm,ES,1,mid,dir=short,,,False,False,False,False,False,c1,96,0,0,0.125,-8049.052083333333,-9391.0,292.6666666666667,573,252,False,False,False,False,False,True,421.4,,,,,,,,,,,,,False,"1,2",,,,,,,,,,,,,,
orb_confirm-ES-tf1|nyam|dir=long,r1,orb_confirm-ES-tf1,orb_confirm,ES,1,nyam,dir=long,,,False,False,False,False,False,c1,96,0,0,0.46875,346.8854166666667,-861.75,252.66666666666666,573,252,False,False,False,False,False,True,363.8,,,,,,,,,,,,,False,"1,2",,,,,,,,,,,,,,
orb_confirm-ES-tf1|nyam|dir=short,r1,orb_confirm-ES-tf1,orb_confirm,ES,1,nyam,dir=short,,,False,False,False,False,False,c1,96,0,0,0.09375,-10654.864583333334,-11386.0,263.0,573,252,False,False,False,False,False,True,378.7,,,,,,,,,,,,,False,"1,2",,,,,,,,,,,,,,
orb_confirm-ES-tf1|pm|dir=long,r1,orb_confirm-ES-tf1,orb_confirm,ES,1,pm,dir=long,,,False,False,False,False,False,c1,96,0,0,0.6041666666666666,4275.296875,2939.0,317.6666666666667,573,252,True,False,False,False,True,True,457.4,,True,5722.36,0.95,-1447.06,0.0,,,,,0.0009,True,True,,,,,,,,,,,,,,,
orb_confirm-ES-tf1|pm|dir=short,r1,orb_confirm-ES-tf1,orb_confirm,ES,1,pm,dir=short,,,False,False,False,False,False,c1,96,0,0,0.3854166666666667,-1878.6822916666667,-4333.25,290.6666666666667,573,252,False,False,False,False,False,True,418.5,,,,,,,,,,,,,False,"1,2",,,,,,,,,,,,,,
orb_confirm-ES-tf5|mid|dir=long,r1,orb_confirm-ES-tf5,orb_confirm,ES,5,mid,dir=long,,,False,False,False,False,False,c1,96,0,0,0.59375,6600.463541666667,4928.75,285.3333333333333,573,252,False,False,False,False,False,True,410.8,,False,-6439.84,0.085,13040.3,0.0,,,,,0.0,False,False,"1,2",,,,,,,,,,,,,,
orb_confirm-ES-tf5|mid|dir=short,r1,orb_confirm-ES-tf5,orb_confirm,ES,5,mid,dir=short,,,False,False,False,False,False,c1,96,0,0,0.3020833333333333,-2353.53125,-3827.5,279.3333333333333,573,252,False,False,False,False,False,True,402.2,,,,,,,,,,,,,False,"1,2",,,,,,,,,,,,,,
orb_confirm-ES-tf5|nyam|dir=long,r1,orb_confirm-ES-tf5,orb_confirm,ES,5,nyam,dir=long,,,False,False,False,False,False,c1,96,0,0,0.5104166666666666,1525.9635416666667,189.5,221.66666666666666,573,252,False,False,False,False,False,True,319.2,,False,-4991.82,0.1,6517.78,0.0,,,,,0.0001,False,False,"1,2",,,,,,,,,,,,,,
orb_confirm-ES-tf5|nyam|dir=short,r1,orb_confirm-ES-tf5,orb_confirm,ES,5,nyam,dir=short,,,False,False,False,False,False,c1,96,0,0,0.17708333333333334,-7673.880208333333,-8112.0,220.0,573,252,False,False,False,False,False,True,316.8,,,,,,,,,,,,,False,"1,2",,,,,,,,,,,,,,
orb_confirm-ES-tf5|pm|dir=long,r1,orb_confirm-ES-tf5,orb_confirm,ES,5,pm,dir=long,,,False,False,False,False,False,c1,96,0,0,0.8333333333333334,9406.385416666666,9844.75,301.3333333333333,573,252,True,True,True,False,True,True,433.9,,True,14606.74,1.0,-5200.36,0.0,,,,,0.0007,True,True,,,,,,,,,,,,,,,
orb_confirm-ES-tf5|pm|dir=short,r1,orb_confirm-ES-tf5,orb_confirm,ES,5,pm,dir=short,,,False,False,False,False,False,c1,96,0,0,0.3958333333333333,-1416.515625,-3072.0,280.3333333333333,573,252,False,False,False,False,False,True,403.6,,,,,,,,,,,,,False,"1,2",,,,,,,,,,,,,,
orb_confirm-GC-tf15|mid|dir=long,r1,orb_confirm-GC-tf15,orb_confirm,GC,15,mid,dir=long,,,False,False,False,False,False,c1,96,0,0,0.21875,-2912.75,-3391.0,236.0,572,252,False,False,False,False,False,True,340.0,,,,,,,,,,,,,False,"1,2",,,,,,,,,,,,,,
orb_confirm-GC-tf15|mid|dir=short,r1,orb_confirm-GC-tf15,orb_confirm,GC,15,mid,dir=short,,,False,False,False,False,False,c1,92,0,4,0.6195652173913043,2410.1739130434785,4008.0,231.20652173913044,572,252,True,False,False,False,True,True,333.1,,False,2812.2,0.78,-402.03,0.0,,,,,0.0,False,False,2,,,,,,,,,,,,,,
orb_confirm-GC-tf15|nyam|dir=long,r1,orb_confirm-GC-tf15,orb_confirm,GC,15,nyam,dir=long,,,False,False,False,False,False,c1,95,0,1,0.3368421052631579,-2529.1157894736843,-2108.0,163.09473684210528,572,252,False,False,False,False,False,True,234.9,,,,,,,,,,,,,False,"1,2",,,,,,,,,,,,,,
orb_confirm-GC-tf15|nyam|dir=short,r1,orb_confirm-GC-tf15,orb_confirm,GC,15,nyam,dir=short,,,False,False,False,False,False,c1,93,0,3,0.3655913978494624,-1176.6881720430108,-2142.0,167.1290322580645,572,252,False,False,False,False,False,True,240.8,,,,,,,,,,,,,False,"1,2",,,,,,,,,,,,,,
orb_confirm-GC-tf15|pm|dir=long,r1,orb_confirm-GC-tf15,orb_confirm,GC,15,pm,dir=long,,,False,False,False,False,False,c1,96,0,0,0.5416666666666666,272.0416666666667,360.0,219.33333333333334,572,252,False,False,False,False,False,True,316.0,,False,2208.27,0.815,-1936.22,0.0,,,,,0.0001,False,False,"1,2",,,,,,,,,,,,,,
orb_confirm-GC-tf15|pm|dir=short,r1,orb_confirm-GC-tf15,orb_confirm,GC,15,pm,dir=short,,,False,False,False,False,False,c1,93,0,3,0.11827956989247312,-2260.516129032258,-2446.0,225.66666666666666,572,252,False,False,False,False,False,True,325.1,,,,,,,,,,,,,False,"1,2",,,,,,,,,,,,,,
orb_confirm-GC-tf1|mid|dir=long,r1,orb_confirm-GC-tf1,orb_confirm,GC,1,mid,dir=long,,,False,False,False,False,False,c1,96,0,0,0.22916666666666666,-3027.3541666666665,-4172.0,267.3333333333333,572,252,False,False,False,False,False,True,385.1,,,,,,,,,,,,,False,"1,2",,,,,,,,,,,,,,
orb_confirm-GC-tf1|mid|dir=short,r1,orb_confirm-GC-tf1,orb_confirm,GC,1,mid,dir=short,,,False,False,False,False,False,c1,96,0,0,0.59375,1527.1666666666667,1029.0,263.0,572,252,False,False,False,False,False,True,378.9,,False,4291.06,0.93,-2763.89,0.0,,,,,0.0002,False,False,"1,2",,,,,,,,,,,,,,
orb_confirm-GC-tf1|nyam|dir=long,r1,orb_confirm-GC-tf1,orb_confirm,GC,1,nyam,dir=long,,,False,False,False,False,False,c1,96,0,0,0.16666666666666666,-4861.458333333333,-5063.0,245.0,572,252,False,False,False,False,False,True,352.9,,,,,,,,,,,,,False,"1,2",,,,,,,,,,,,,,
orb_confirm-GC-tf1|nyam|dir=short,r1,orb_confirm-GC-tf1,orb_confirm,GC,1,nyam,dir=short,,,False,False,False,False,False,c1,96,0,0,0.3229166666666667,-1952.3333333333333,-2949.0,239.33333333333334,572,252,False,False,False,False,False,True,344.8,,,,,,,,,,,,,False,"1,2",,,,,,,,,,,,,,
orb_confirm-GC-tf1|pm|dir=long,r1,orb_confirm-GC-tf1,orb_confirm,GC,1,pm,dir=long,,,False,False,False,False,False,c1,96,0,0,0.5104166666666666,715.7708333333334,202.0,240.66666666666666,572,252,False,False,False,False,False,True,346.7,,False,2992.64,0.89,-2276.87,0.0,,,,,0.0014,False,False,"1,2",,,,,,,,,,,,,,
orb_confirm-GC-tf1|pm|dir=short,r1,orb_confirm-GC-tf1,orb_confirm,GC,1,pm,dir=short,,,False,False,False,False,False,c1,96,0,0,0.2916666666666667,-1971.2708333333333,-1496.0,248.0,572,252,False,False,False,False,False,True,357.3,,,,,,,,,,,,,False,"1,2",,,,,,,,,,,,,,
orb_confirm-GC-tf5|mid|dir=long,r1,orb_confirm-GC-tf5,orb_confirm,GC,5,mid,dir=long,,,False,False,False,False,False,c1,96,0,0,0.375,-1307.7916666666667,-3014.0,255.33333333333334,572,252,False,False,False,False,False,True,367.8,,,,,,,,,,,,,False,"1,2",,,,,,,,,,,,,,
orb_confirm-GC-tf5|mid|dir=short,r1,orb_confirm-GC-tf5,orb_confirm,GC,5,mid,dir=short,,,False,False,False,False,False,c1,95,0,1,0.6421052631578947,3139.8526315789472,2806.0,247.4842105263158,572,252,True,False,False,False,True,True,356.5,,False,3055.57,0.81,84.29,0.0,,,,,0.0,False,False,2,,,,,,,,,,,,,,
orb_confirm-GC-tf5|nyam|dir=long,r1,orb_confirm-GC-tf5,orb_confirm,GC,5,nyam,dir=long,,,False,False,False,False,False,c1,96,0,0,0.3333333333333333,-3105.8958333333335,-3050.0,209.0,572,252,False,False,False,False,False,True,301.1,,,,,,,,,,,,,False,"1,2",,,,,,,,,,,,,,
orb_confirm-GC-tf5|nyam|dir=short,r1,orb_confirm-GC-tf5,orb_confirm,GC,5,nyam,dir=short,,,False,False,False,False,False,c1,95,0,1,0.21052631578947367,-2956.7368421052633,-3432.0,210.89473684210526,572,252,False,False,False,False,False,True,303.8,,,,,,,,,,,,,False,"1,2",,,,,,,,,,,,,,
orb_confirm-GC-tf5|pm|dir=long,r1,orb_confirm-GC-tf5,orb_confirm,GC,5,pm,dir=long,,,False,False,False,False,False,c1,96,0,0,0.4166666666666667,-532.3125,-795.0,233.0,572,252,False,False,False,False,False,True,335.7,,,,,,,,,,,,,False,"1,2",,,,,,,,,,,,,,
orb_confirm-GC-tf5|pm|dir=short,r1,orb_confirm-GC-tf5,orb_confirm,GC,5,pm,dir=short,,,False,False,False,False,False,c1,96,0,0,0.21875,-2407.2291666666665,-2418.0,242.66666666666666,572,252,False,False,False,False,False,True,349.6,,,,,,,,,,,,,False,"1,2",,,,,,,,,,,,,,
orb_confirm-NQ-tf15|mid|dir=long,r1,orb_confirm-NQ-tf15,orb_confirm,NQ,15,mid,dir=long,,,False,False,False,False,False,c1,96,0,0,0.90625,24313.427083333332,17767.5,267.3333333333333,573,252,True,True,True,False,True,True,384.9,,False,10875.96,0.905,13437.47,0.0,,,,,0.0001,False,False,2,,,,,,,,,,,,,,
orb_confirm-NQ-tf15|mid|dir=short,r1,orb_confirm-NQ-tf15,orb_confirm,NQ,15,mid,dir=short,,,False,False,False,False,False,c1,96,0,0,0.4583333333333333,3461.2083333333335,-1689.0,242.66666666666666,573,252,False,False,False,False,False,True,349.4,,,,,,,,,,,,,False,"1,2",,,,,,,,,,,,,,
orb_confirm-NQ-tf15|nyam|dir=long,r1,orb_confirm-NQ-tf15,orb_confirm,NQ,15,nyam,dir=long,,,False,False,False,False,False,c1,95,0,1,0.6842105263157895,6039.578947368421,2538.0,174.05263157894737,573,252,True,False,False,False,True,True,250.6,,False,-6341.69,0.15,12381.27,0.0,,,,,0.0014,False,False,2,,,,,,,,,,,,,,
orb_confirm-NQ-tf15|nyam|dir=short,r1,orb_confirm-NQ-tf15,orb_confirm,NQ,15,nyam,dir=short,,,False,False,False,False,False,c1,96,0,0,0.6666666666666666,16402.947916666668,9084.5,173.0,573,252,True,False,False,False,True,True,249.1,,False,-760.85,0.47,17163.79,0.0,,,,,0.0014,False,False,2,,,,,,,,,,,,,,
orb_confirm-NQ-tf15|pm|dir=long,r1,orb_confirm-NQ-tf15,orb_confirm,NQ,15,pm,dir=long,,,False,False,False,False,False,c1,96,0,0,0.875,25788.010416666668,26485.5,280.6666666666667,573,252,True,True,True,False,True,True,404.1,,True,18826.47,1.0,6961.54,0.0,,,,,0.0009,True,True,,,,,,,,,,,,,,,
orb_confirm-NQ-tf15|pm|dir=short,r1,orb_confirm-NQ-tf15,orb_confirm,NQ,15,pm,dir=short,,,False,False,False,False,False,c1,96,0,0,0.4895833333333333,6256.28125,-531.5,251.33333333333334,573,252,False,False,False,False,False,True,361.9,,,,,,,,,,,,,False,"1,2",,,,,,,,,,,,,,
orb_confirm-NQ-tf1|mid|dir=long,r1,orb_confirm-NQ-tf1,orb_confirm,NQ,1,mid,dir=long,,,False,False,False,False,False,c1,96,0,0,0.96875,22860.65625,18534.0,289.6666666666667,573,252,True,True,True,False,True,True,417.1,,False,378.12,0.495,22482.54,0.0,,,,,0.0001,False,False,2,,,,,,,,,,,,,,
orb_confirm-NQ-tf1|mid|dir=short,r1,orb_confirm-NQ-tf1,orb_confirm,NQ,1,mid,dir=short,,,False,False,False,False,False,c1,96,0,0,0.4479166666666667,-198.22916666666666,-1303.0,273.3333333333333,573,252,False,False,False,False,False,True,393.5,,,,,,,,,,,,,False,"1,2",,,,,,,,,,,,,,
orb_confirm-NQ-tf1|nyam|dir=long,r1,orb_confirm-NQ-tf1,orb_confirm,NQ,1,nyam,dir=long,,,False,False,False,False,False,c1,96,0,0,0.5104166666666666,-930.3958333333334,545.5,253.66666666666666,573,252,False,False,False,False,False,True,365.2,,,,,,,,,,,,,False,"1,2",,,,,,,,,,,,,,
orb_confirm-NQ-tf1|nyam|dir=short,r1,orb_confirm-NQ-tf1,orb_confirm,NQ,1,nyam,dir=short,,,False,False,False,False,False,c1,96,0,0,0.3229166666666667,81.22916666666667,-3396.5,254.66666666666666,573,252,False,False,False,False,False,True,366.7,,,,,,,,,,,,,False,"1,2",,,,,,,,,,,,,,
orb_confirm-NQ-tf1|pm|dir=long,r1,orb_confirm-NQ-tf1,orb_confirm,NQ,1,pm,dir=long,,,False,False,False,False,False,c1,96,0,0,0.7291666666666666,11811.427083333334,8573.0,302.0,573,252,True,True,False,False,True,True,434.8,,False,3188.28,0.715,8623.15,0.0,,,,,0.0004,False,False,2,,,,,,,,,,,,,,
orb_confirm-NQ-tf1|pm|dir=short,r1,orb_confirm-NQ-tf1,orb_confirm,NQ,1,pm,dir=short,,,False,False,False,False,False,c1,96,0,0,0.34375,-1800.3229166666667,-3652.5,279.0,573,252,False,False,False,False,False,True,401.7,,,,,,,,,,,,,False,"1,2",,,,,,,,,,,,,,
orb_confirm-NQ-tf5|mid|dir=long,r1,orb_confirm-NQ-tf5,orb_confirm,NQ,5,mid,dir=long,,,False,False,False,False,False,c1,96,0,0,0.8333333333333334,25403.895833333332,21205.5,280.6666666666667,573,252,True,True,True,False,True,True,404.1,,False,5020.6,0.755,20383.29,0.0,,,,,0.0002,False,False,2,,,,,,,,,,,,,,
orb_confirm-NQ-tf5|mid|dir=short,r1,orb_confirm-NQ-tf5,orb_confirm,NQ,5,mid,dir=short,,,False,False,False,False,False,c1,96,0,0,0.4895833333333333,6217.21875,-223.5,258.0,573,252,False,False,False,False,False,True,371.5,,,,,,,,,,,,,False,"1,2",,,,,,,,,,,,,,
orb_confirm-NQ-tf5|nyam|dir=long,r1,orb_confirm-NQ-tf5,orb_confirm,NQ,5,nyam,dir=long,,,False,False,False,False,False,c1,96,0,0,0.7708333333333334,6760.645833333333,6236.0,220.33333333333334,573,252,True,True,False,False,True,True,317.2,,False,-14539.54,0.025,21300.18,0.0,,,,,0.0006,False,False,2,,,,,,,,,,,,,,
orb_confirm-NQ-tf5|nyam|dir=short,r1,orb_confirm-NQ-tf5,orb_confirm,NQ,5,nyam,dir=short,,,False,False,False,False,False,c1,96,0,0,0.375,3200.5104166666665,-5256.5,219.0,573,252,False,False,False,False,False,True,315.3,,,,,,,,,,,,,False,"1,2",,,,,,,,,,,,,,
orb_confirm-NQ-tf5|pm|dir=long,r1,orb_confirm-NQ-tf5,orb_confirm,NQ,5,pm,dir=long,,,False,False,False,False,False,c1,96,0,0,0.8333333333333334,21618.989583333332,18857.0,291.3333333333333,573,252,True,True,True,False,True,True,419.5,,True,19141.06,1.0,2477.93,0.0,,,,,0.0004,True,True,,,,,,,,,,,,,,,
orb_confirm-NQ-tf5|pm|dir=short,r1,orb_confirm-NQ-tf5,orb_confirm,NQ,5,pm,dir=short,,,False,False,False,False,False,c1,96,0,0,0.375,-625.65625,-4149.0,267.0,573,252,False,False,False,False,False,True,384.4,,,,,,,,,,,,,False,"1,2",,,,,,,,,,,,,,
straddle_tight_0830-ES-tf30|pre|,r1,straddle_tight_0830-ES-tf30,straddle_tight_0830,ES,30,pre,,,,True,False,False,False,False,shift,27,0,0,0.037037037037037035,-7860.518518518518,-8418.0,531.3333333333334,573,252,False,False,False,False,False,True,765.0,,,,,,,,,,,,,False,"1,2",,,,,,,,,,,,,,
straddle_tight_0830-GC-tf30|pre|,r1,straddle_tight_0830-GC-tf30,straddle_tight_0830,GC,30,pre,,,,True,False,False,False,False,shift,27,0,0,0.8518518518518519,4899.037037037037,5004.0,507.0,572,252,True,True,True,False,True,True,730.4,,,,,,,,,,,0.2478,True,True,,,,,,,True,15864.07,1.0,-10965.04,,,,,
straddle_tight_0830-NQ-tf30|pre|,r1,straddle_tight_0830-NQ-tf30,straddle_tight_0830,NQ,30,pre,,,,True,False,False,False,False,shift,27,0,0,1.0,9735.851851851852,8954.0,530.6666666666666,573,252,True,True,True,False,True,True,764.0,,,,,,,,,,,0.3242,True,True,,,,,,,True,16616.94,1.0,-6881.09,,,,,
straddle_tight_0930-ES-tf30|all|,r1,straddle_tight_0930-ES-tf30,straddle_tight_0930,ES,30,all,,,,True,False,False,False,False,shift,27,0,0,0.0,-21483.12962962963,-22146.5,570.6666666666666,573,252,False,False,False,False,False,True,821.6,,,,,,,,,,,,,False,"1,2",,,,,,,,,,,,,,
straddle_tight_0930-GC-tf30|all|,r1,straddle_tight_0930-GC-tf30,straddle_tight_0930,GC,30,all,,,,True,False,False,False,False,shift,27,0,0,0.0,-15287.333333333334,-15136.0,516.0,572,252,False,False,False,False,False,True,743.3,,,,,,,,,,,,,False,"1,2",,,,,,,,,,,,,,
straddle_tight_0930-NQ-tf30|all|,r1,straddle_tight_0930-NQ-tf30,straddle_tight_0930,NQ,30,all,,,,True,False,False,False,False,shift,27,0,0,0.0,-9549.592592592593,-9737.0,568.0,573,252,False,False,False,False,False,True,817.8,,,,,,,,,,,,,False,"1,2",,,,,,,,,,,,,,
straddle_tight_1000-ES-tf30|nyam|,r1,straddle_tight_1000-ES-tf30,straddle_tight_1000,ES,30,nyam,,,,True,False,False,False,False,shift,27,0,0,0.0,-11985.592592592593,-12202.5,567.0,573,252,False,False,False,False,False,True,816.4,,,,,,,,,,,,,False,"1,2",,,,,,,,,,,,,,
straddle_tight_1000-GC-tf30|nyam|,r1,straddle_tight_1000-GC-tf30,straddle_tight_1000,GC,30,nyam,,,,True,False,False,False,False,shift,27,0,0,0.2222222222222222,-4894.962962962963,-5910.0,519.6666666666666,572,252,False,False,False,False,False,True,748.6,,,,,,,,,,,,,False,"1,2",,,,,,,,,,,,,,
straddle_tight_1000-NQ-tf30|nyam|,r1,straddle_tight_1000-NQ-tf30,straddle_tight_1000,NQ,30,nyam,,,,True,False,False,False,False,shift,27,0,0,0.5185185185185185,237.37037037037038,421.0,567.0,573,252,False,False,False,False,False,True,816.4,,,,,,,,,,,0.1922,True,False,1,,,,,,True,5580.94,0.985,-5343.57,,,,,
va_reclaim-ES-tf15|asia|,r1,va_reclaim-ES-tf15,va_reclaim,ES,15,asia,,,,False,False,False,False,False,c1,96,0,0,0.14583333333333334,-3902.796875,-5230.5,100.14583333333333,573,252,False,False,False,False,False,True,144.2,,,,,,,,,,,,,False,"1,2",,,,,,,,,,,,,,
va_reclaim-ES-tf15|eve|,r1,va_reclaim-ES-tf15,va_reclaim,ES,15,eve,,,,False,False,False,False,False,c1,96,0,0,0.0,-17822.65625,-15401.25,195.3125,573,252,False,False,False,False,False,True,281.2,,,,,,,,,,,,,False,"1,2",,,,,,,,,,,,,,
va_reclaim-ES-tf15|london|,r1,va_reclaim-ES-tf15,va_reclaim,ES,15,london,,,,False,False,False,False,False,c1,96,0,0,0.10416666666666667,-8077.4375,-9099.5,263.5,573,252,False,False,False,False,False,True,379.4,,,,,,,,,,,,,False,"1,2",,,,,,,,,,,,,,
va_reclaim-ES-tf15|mid|,r1,va_reclaim-ES-tf15,va_reclaim,ES,15,mid,,,,False,False,False,False,False,c1,96,0,0,0.3854166666666667,-2028.453125,-1809.5,185.79166666666666,573,252,False,False,False,False,False,True,267.5,,,,,,,,,,,,,False,"1,2",,,,,,,,,,,,,,
va_reclaim-ES-tf15|nyam|,r1,va_reclaim-ES-tf15,va_reclaim,ES,15,nyam,,,,False,False,False,False,False,c1,96,0,0,0.53125,5490.755208333333,624.0,223.69791666666666,573,252,False,False,False,False,False,True,322.1,,False,2064.63,0.685,3426.13,0.0002,,,,,0.0011,False,False,"1,2",,,,,,,,,,,,,,
va_reclaim-ES-tf15|pm|,r1,va_reclaim-ES-tf15,va_reclaim,ES,15,pm,,,,False,False,False,False,False,c1,96,0,0,0.13541666666666666,-7176.520833333333,-7479.0,161.96875,573,252,False,False,False,False,False,True,233.2,,,,,,,,,,,,,False,"1,2",,,,,,,,,,,,,,
va_reclaim-ES-tf15|pre|,r1,va_reclaim-ES-tf15,va_reclaim,ES,15,pre,,,,False,False,False,False,False,c1,96,0,0,0.14583333333333334,-4088.765625,-4126.0,118.1875,573,252,False,False,False,False,False,True,170.2,,,,,,,,,,,,,False,"1,2",,,,,,,,,,,,,,
va_reclaim-ES-tf1|asia|,r1,va_reclaim-ES-tf1,va_reclaim,ES,1,asia,,,,False,False,False,False,False,c1,96,0,0,0.15625,-3959.9114583333335,-5193.25,153.03125,573,252,False,False,False,False,False,True,220.3,,,,,,,,,,,,,False,"1,2",,,,,,,,,,,,,,
va_reclaim-ES-tf1|eve|,r1,va_reclaim-ES-tf1,va_reclaim,ES,1,eve,,,,False,False,False,False,False,c1,96,0,0,0.0,-20899.78125,-18869.5,271.8854166666667,573,252,False,False,False,False,False,True,391.5,,,,,,,,,,,,,False,"1,2",,,,,,,,,,,,,,
va_reclaim-ES-tf1|london|,r1,va_reclaim-ES-tf1,va_reclaim,ES,1,london,,,,False,False,False,False,False,c1,96,0,0,0.07291666666666667,-11377.630208333334,-10473.0,325.3645833333333,573,252,False,False,False,False,False,True,468.5,,,,,,,,,,,,,False,"1,2",,,,,,,,,,,,,,
va_reclaim-ES-tf1|mid|,r1,va_reclaim-ES-tf1,va_reclaim,ES,1,mid,,,,False,False,False,False,False,c1,96,0,0,0.10416666666666667,-6976.197916666667,-8074.75,273.5416666666667,573,252,False,False,False,False,False,True,393.8,,,,,,,,,,,,,False,"1,2",,,,,,,,,,,,,,
va_reclaim-ES-tf1|nyam|,r1,va_reclaim-ES-tf1,va_reclaim,ES,1,nyam,,,,False,False,False,False,False,c1,96,0,0,0.19791666666666666,-5609.364583333333,-7594.25,322.71875,573,252,False,False,False,False,False,True,464.6,,,,,,,,,,,,,False,"1,2",,,,,,,,,,,,,,
va_reclaim-ES-tf1|pm|,r1,va_reclaim-ES-tf1,va_reclaim,ES,1,pm,,,,False,False,False,False,False,c1,96,0,0,0.1875,-7949.880208333333,-9868.25,241.34375,573,252,False,False,False,False,False,True,347.5,,,,,,,,,,,,,False,"1,2",,,,,,,,,,,,,,
va_reclaim-ES-tf1|pre|,r1,va_reclaim-ES-tf1,va_reclaim,ES,1,pre,,,,False,False,False,False,False,c1,96,0,0,0.010416666666666666,-13164.552083333334,-11561.25,168.9375,573,252,False,False,False,False,False,True,243.2,,,,,,,,,,,,,False,"1,2",,,,,,,,,,,,,,
va_reclaim-ES-tf30|asia|,r1,va_reclaim-ES-tf30,va_reclaim,ES,30,asia,,,,False,False,False,False,False,c1,96,0,0,0.125,-3438.109375,-3337.5,60.666666666666664,573,252,False,False,False,False,False,False,87.3,,,,,,,,,,,,,False,"1,2,3",,,,,,,,,,,,,,
va_reclaim-ES-tf30|eve|,r1,va_reclaim-ES-tf30,va_reclaim,ES,30,eve,,,,False,False,False,False,False,c1,96,0,0,0.0,-15222.21875,-11052.25,155.48958333333334,573,252,False,False,False,False,False,True,223.9,,,,,,,,,,,,,False,"1,2",,,,,,,,,,,,,,
va_reclaim-ES-tf30|london|,r1,va_reclaim-ES-tf30,va_reclaim,ES,30,london,,,,False,False,False,False,False,c1,96,0,0,0.20833333333333334,-8002.526041666667,-8482.5,231.19791666666666,573,252,False,False,False,False,False,True,332.9,,,,,,,,,,,,,False,"1,2",,,,,,,,,,,,,,
va_reclaim-ES-tf30|mid|,r1,va_reclaim-ES-tf30,va_reclaim,ES,30,mid,,,,False,False,False,False,False,c1,96,0,0,0.5208333333333334,102.796875,368.75,148.03125,573,252,False,False,False,False,False,True,213.1,,False,294.51,0.555,-191.71,0.0049,,,,,0.0001,False,False,"1,2",,,,,,,,,,,,,,
va_reclaim-ES-tf30|nyam|,r1,va_reclaim-ES-tf30,va_reclaim,ES,30,nyam,,,,False,False,False,False,False,c1,96,0,0,0.6979166666666666,6085.692708333333,3295.0,168.58333333333334,573,252,True,False,False,False,True,True,242.7,,False,2093.33,0.71,3992.36,0.0415,,,,,0.0038,False,False,2,,,,,,,,,,,,,,
va_reclaim-ES-tf30|pm|,r1,va_reclaim-ES-tf30,va_reclaim,ES,30,pm,,,,False,False,False,False,False,c1,94,0,2,0.3723404255319149,-1711.686170212766,-2192.75,129.61702127659575,573,252,False,False,False,False,False,True,186.6,,,,,,,,,,,,,False,"1,2",,,,,,,,,,,,,,
va_reclaim-ES-tf30|pre|,r1,va_reclaim-ES-tf30,va_reclaim,ES,30,pre,,,,False,False,False,False,False,c1,96,0,0,0.0,-11348.213541666666,-9935.25,100.82291666666667,573,252,False,False,False,False,False,True,145.2,,,,,,,,,,,,,False,"1,2",,,,,,,,,,,,,,
va_reclaim-ES-tf5|asia|,r1,va_reclaim-ES-tf5,va_reclaim,ES,5,asia,,,,False,False,False,False,False,c1,96,0,0,0.16666666666666666,-2615.609375,-3515.75,130.5625,573,252,False,False,False,False,False,True,188.0,,,,,,,,,,,,,False,"1,2",,,,,,,,,,,,,,
va_reclaim-ES-tf5|eve|,r1,va_reclaim-ES-tf5,va_reclaim,ES,5,eve,,,,False,False,False,False,False,c1,96,0,0,0.0,-20387.583333333332,-18926.25,233.09375,573,252,False,False,False,False,False,True,335.6,,,,,,,,,,,,,False,"1,2",,,,,,,,,,,,,,
va_reclaim-ES-tf5|london|,r1,va_reclaim-ES-tf5,va_reclaim,ES,5,london,,,,False,False,False,False,False,c1,96,0,0,0.08333333333333333,-8751.359375,-8659.25,293.9270833333333,573,252,False,False,False,False,False,True,423.2,,,,,,,,,,,,,False,"1,2",,,,,,,,,,,,,,
va_reclaim-ES-tf5|mid|,r1,va_reclaim-ES-tf5,va_reclaim,ES,5,mid,,,,False,False,False,False,False,c1,96,0,0,0.16666666666666666,-6678.895833333333,-6669.25,231.05208333333334,573,252,False,False,False,False,False,True,332.7,,,,,,,,,,,,,False,"1,2",,,,,,,,,,,,,,
va_reclaim-ES-tf5|nyam|,r1,va_reclaim-ES-tf5,va_reclaim,ES,5,nyam,,,,False,False,False,False,False,c1,96,0,0,0.22916666666666666,-6318.541666666667,-7853.25,275.9895833333333,573,252,False,False,False,False,False,True,397.4,,,,,,,,,,,,,False,"1,2",,,,,,,,,,,,,,
va_reclaim-ES-tf5|pm|,r1,va_reclaim-ES-tf5,va_reclaim,ES,5,pm,,,,False,False,False,False,False,c1,96,0,0,0.1875,-6666.791666666667,-8390.0,200.55208333333334,573,252,False,False,False,False,False,True,288.8,,,,,,,,,,,,,False,"1,2",,,,,,,,,,,,,,
va_reclaim-ES-tf5|pre|,r1,va_reclaim-ES-tf5,va_reclaim,ES,5,pre,,,,False,False,False,False,False,c1,96,0,0,0.010416666666666666,-8511.880208333334,-7983.5,131.0625,573,252,False,False,False,False,False,True,188.7,,,,,,,,,,,,,False,"1,2",,,,,,,,,,,,,,
va_reclaim-GC-tf15|asia|,r1,va_reclaim-GC-tf15,va_reclaim,GC,15,asia,,,,False,False,False,False,False,c1,96,0,0,0.13541666666666666,-4108.1875,-4376.0,205.66666666666666,572,252,False,False,False,False,False,True,296.3,,,,,,,,,,,,,False,"1,2",,,,,,,,,,,,,,
va_reclaim-GC-tf15|eve|,r1,va_reclaim-GC-tf15,va_reclaim,GC,15,eve,,,,False,False,False,False,False,c1,96,0,0,0.0,-20248.104166666668,-18610.0,330.8020833333333,572,252,False,False,False,False,False,True,476.5,,,,,,,,,,,,,False,"1,2",,,,,,,,,,,,,,
va_reclaim-GC-tf15|london|,r1,va_reclaim-GC-tf15,va_reclaim,GC,15,london,,,,False,False,False,False,False,c1,96,0,0,0.010416666666666666,-14103.541666666666,-14034.0,314.1145833333333,572,252,False,False,False,False,False,True,452.5,,,,,,,,,,,,,False,"1,2",,,,,,,,,,,,,,
va_reclaim-GC-tf15|mid|,r1,va_reclaim-GC-tf15,va_reclaim,GC,15,mid,,,,False,False,False,False,False,c1,96,0,0,0.0,-12408.833333333334,-10884.0,116.11458333333333,572,252,False,False,False,False,False,True,167.3,,,,,,,,,,,,,False,"1,2",,,,,,,,,,,,,,
va_reclaim-GC-tf15|nyam|,r1,va_reclaim-GC-tf15,va_reclaim,GC,15,nyam,,,,False,False,False,False,False,c1,96,0,0,0.3958333333333333,-2153.2083333333335,-1767.0,195.48958333333334,572,252,False,False,False,False,False,True,281.6,,,,,,,,,,,,,False,"1,2",,,,,,,,,,,,,,
va_reclaim-GC-tf15|pm|,r1,va_reclaim-GC-tf15,va_reclaim,GC,15,pm,,,,False,False,False,False,False,c1,94,0,2,0.0851063829787234,-2685.723404255319,-2765.0,87.8936170212766,572,252,False,False,False,False,False,True,126.6,,,,,,,,,,,,,False,"1,2",,,,,,,,,,,,,,
va_reclaim-GC-tf15|pre|,r1,va_reclaim-GC-tf15,va_reclaim,GC,15,pre,,,,False,False,False,False,False,c1,96,0,0,0.052083333333333336,-6209.0625,-6247.0,180.67708333333334,572,252,False,False,False,False,False,True,260.3,,,,,,,,,,,,,False,"1,2",,,,,,,,,,,,,,
va_reclaim-GC-tf1|asia|,r1,va_reclaim-GC-tf1,va_reclaim,GC,1,asia,,,,False,False,False,False,False,c1,96,0,0,0.28125,-2677.5416666666665,-2180.0,292.9791666666667,572,252,False,False,False,False,False,True,422.1,,,,,,,,,,,,,False,"1,2",,,,,,,,,,,,,,
va_reclaim-GC-tf1|eve|,r1,va_reclaim-GC-tf1,va_reclaim,GC,1,eve,,,,False,False,False,False,False,c1,96,0,0,0.0,-23168.666666666668,-18898.0,432.0625,572,252,False,False,False,False,False,True,622.4,,,,,,,,,,,,,False,"1,2",,,,,,,,,,,,,,
va_reclaim-GC-tf1|london|,r1,va_reclaim-GC-tf1,va_reclaim,GC,1,london,,,,False,False,False,False,False,c1,96,0,0,0.23958333333333334,-3024.8333333333335,-2957.0,375.3229166666667,572,252,False,False,False,False,False,True,540.7,,,,,,,,,,,,,False,"1,2",,,,,,,,,,,,,,
va_reclaim-GC-tf1|mid|,r1,va_reclaim-GC-tf1,va_reclaim,GC,1,mid,,,,False,False,False,False,False,c1,96,0,0,0.0,-15993.979166666666,-13830.0,180.1875,572,252,False,False,False,False,False,True,259.6,,,,,,,,,,,,,False,"1,2",,,,,,,,,,,,,,
va_reclaim-GC-tf1|nyam|,r1,va_reclaim-GC-tf1,va_reclaim,GC,1,nyam,,,,False,False,False,False,False,c1,96,0,0,0.3958333333333333,-3106.4375,-1846.0,291.21875,572,252,False,False,False,False,False,True,419.5,,,,,,,,,,,,,False,"1,2",,,,,,,,,,,,,,
va_reclaim-GC-tf1|pm|,r1,va_reclaim-GC-tf1,va_reclaim,GC,1,pm,,,,False,False,False,False,False,c1,96,0,0,0.0,-6705.729166666667,-7178.0,134.16666666666666,572,252,False,False,False,False,False,True,193.3,,,,,,,,,,,,,False,"1,2",,,,,,,,,,,,,,
va_reclaim-GC-tf1|pre|,r1,va_reclaim-GC-tf1,va_reclaim,GC,1,pre,,,,False,False,False,False,False,c1,96,0,0,0.15625,-4859.729166666667,-4836.0,260.21875,572,252,False,False,False,False,False,True,374.9,,,,,,,,,,,,,False,"1,2",,,,,,,,,,,,,,
va_reclaim-GC-tf30|asia|,r1,va_reclaim-GC-tf30,va_reclaim,GC,30,asia,,,,False,False,False,False,False,c1,96,0,0,0.21875,-2102.5208333333335,-2316.0,131.48958333333334,572,252,False,False,False,False,False,True,189.4,,,,,,,,,,,,,False,"1,2",,,,,,,,,,,,,,
va_reclaim-GC-tf30|eve|,r1,va_reclaim-GC-tf30,va_reclaim,GC,30,eve,,,,False,False,False,False,False,c1,96,0,0,0.052083333333333336,-12240.979166666666,-9668.0,274.1770833333333,572,252,False,False,False,False,False,True,395.0,,,,,,,,,,,,,False,"1,2",,,,,,,,,,,,,,
va_reclaim-GC-tf30|london|,r1,va_reclaim-GC-tf30,va_reclaim,GC,30,london,,,,False,False,False,False,False,c1,96,0,0,0.0,-15607.458333333334,-15636.0,270.1979166666667,572,252,False,False,False,False,False,True,389.2,,,,,,,,,,,,,False,"1,2",,,,,,,,,,,,,,
va_reclaim-GC-tf30|mid|,r1,va_reclaim-GC-tf30,va_reclaim,GC,30,mid,,,,False,False,False,False,False,c1,93,0,3,0.0,-9619.397849462366,-8644.0,88.45161290322581,572,252,False,False,False,False,False,True,127.4,,,,,,,,,,,,,False,"1,2",,,,,,,,,,,,,,
va_reclaim-GC-tf30|nyam|,r1,va_reclaim-GC-tf30,va_reclaim,GC,30,nyam,,,,False,False,False,False,False,c1,96,0,0,0.1875,-4150.75,-4145.0,146.54166666666666,572,252,False,False,False,False,False,True,211.1,,,,,,,,,,,,,False,"1,2",,,,,,,,,,,,,,
va_reclaim-GC-tf30|pm|,r1,va_reclaim-GC-tf30,va_reclaim,GC,30,pm,,,,False,False,False,False,False,c1,80,0,16,0.125,-1953.8,-2159.0,64.95,572,252,False,False,False,False,False,False,93.6,,,,,,,,,,,,,False,"1,2,3",,,,,,,,,,,,,,
va_reclaim-GC-tf30|pre|,r1,va_reclaim-GC-tf30,va_reclaim,GC,30,pre,,,,False,False,False,False,False,c1,96,0,0,0.4270833333333333,-1281.4375,-978.0,137.83333333333334,572,252,False,False,False,False,False,True,198.6,,,,,,,,,,,,,False,"1,2",,,,,,,,,,,,,,
va_reclaim-GC-tf5|asia|,r1,va_reclaim-GC-tf5,va_reclaim,GC,5,asia,,,,False,False,False,False,False,c1,96,0,0,0.21875,-2936.4375,-2840.0,258.9270833333333,572,252,False,False,False,False,False,True,373.0,,,,,,,,,,,,,False,"1,2",,,,,,,,,,,,,,
va_reclaim-GC-tf5|eve|,r1,va_reclaim-GC-tf5,va_reclaim,GC,5,eve,,,,False,False,False,False,False,c1,96,0,0,0.0,-20645.666666666668,-16896.0,380.6875,572,252,False,False,False,False,False,True,548.4,,,,,,,,,,,,,False,"1,2",,,,,,,,,,,,,,
va_reclaim-GC-tf5|london|,r1,va_reclaim-GC-tf5,va_reclaim,GC,5,london,,,,False,False,False,False,False,c1,96,0,0,0.09375,-7110.083333333333,-7872.0,345.4375,572,252,False,False,False,False,False,True,497.6,,,,,,,,,,,,,False,"1,2",,,,,,,,,,,,,,
va_reclaim-GC-tf5|mid|,r1,va_reclaim-GC-tf5,va_reclaim,GC,5,mid,,,,False,False,False,False,False,c1,96,0,0,0.0,-18774.625,-17084.0,151.36458333333334,572,252,False,False,False,False,False,True,218.0,,,,,,,,,,,,,False,"1,2",,,,,,,,,,,,,,
va_reclaim-GC-tf5|nyam|,r1,va_reclaim-GC-tf5,va_reclaim,GC,5,nyam,,,,False,False,False,False,False,c1,96,0,0,0.3958333333333333,-3663.3541666666665,-2009.0,241.48958333333334,572,252,False,False,False,False,False,True,347.9,,,,,,,,,,,,,False,"1,2",,,,,,,,,,,,,,
va_reclaim-GC-tf5|pm|,r1,va_reclaim-GC-tf5,va_reclaim,GC,5,pm,,,,False,False,False,False,False,c1,96,0,0,0.03125,-4708.458333333333,-5202.0,110.76041666666667,572,252,False,False,False,False,False,True,159.6,,,,,,,,,,,,,False,"1,2",,,,,,,,,,,,,,
va_reclaim-GC-tf5|pre|,r1,va_reclaim-GC-tf5,va_reclaim,GC,5,pre,,,,False,False,False,False,False,c1,96,0,0,0.125,-8036.604166666667,-8474.0,213.29166666666666,572,252,False,False,False,False,False,True,307.3,,,,,,,,,,,,,False,"1,2",,,,,,,,,,,,,,
va_reclaim-NQ-tf15|asia|,r1,va_reclaim-NQ-tf15,va_reclaim,NQ,15,asia,,,,False,False,False,False,False,c1,96,0,0,0.3020833333333333,-2134.6770833333335,-3113.5,116.0,573,252,False,False,False,False,False,True,167.0,,,,,,,,,,,,,False,"1,2",,,,,,,,,,,,,,
va_reclaim-NQ-tf15|eve|,r1,va_reclaim-NQ-tf15,va_reclaim,NQ,15,eve,,,,False,False,False,False,False,c1,96,0,0,0.11458333333333333,-10795.625,-7232.5,180.36458333333334,573,252,False,False,False,False,False,True,259.7,,,,,,,,,,,,,False,"1,2",,,,,,,,,,,,,,
va_reclaim-NQ-tf15|london|,r1,va_reclaim-NQ-tf15,va_reclaim,NQ,15,london,,,,False,False,False,False,False,c1,96,0,0,0.020833333333333332,-23052.666666666668,-18641.5,265.5625,573,252,False,False,False,False,False,True,382.4,,,,,,,,,,,,,False,"1,2",,,,,,,,,,,,,,
va_reclaim-NQ-tf15|mid|,r1,va_reclaim-NQ-tf15,va_reclaim,NQ,15,mid,,,,False,False,False,False,False,c1,96,0,0,0.4375,-2427.7916666666665,-790.5,174.1875,573,252,False,False,False,False,False,True,250.8,,,,,,,,,,,,,False,"1,2",,,,,,,,,,,,,,
va_reclaim-NQ-tf15|nyam|,r1,va_reclaim-NQ-tf15,va_reclaim,NQ,15,nyam,,,,False,False,False,False,False,c1,96,0,0,0.59375,19611.802083333332,6030.0,257.53125,573,252,False,False,False,False,False,True,370.8,,False,-1253.6,0.445,20865.4,0.0,,,,,0.0025,False,False,"1,2",,,,,,,,,,,,,,
va_reclaim-NQ-tf15|pm|,r1,va_reclaim-NQ-tf15,va_reclaim,NQ,15,pm,,,,False,False,False,False,False,c1,93,0,3,0.24731182795698925,-6534.967741935484,-5523.0,155.89247311827958,573,252,False,False,False,False,False,True,224.5,,,,,,,,,,,,,False,"1,2",,,,,,,,,,,,,,
va_reclaim-NQ-tf15|pre|,r1,va_reclaim-NQ-tf15,va_reclaim,NQ,15,pre,,,,False,False,False,False,False,c1,96,0,0,0.46875,3526.9895833333335,-357.5,129.22916666666666,573,252,False,False,False,False,False,True,186.1,,,,,,,,,,,,,False,"1,2",,,,,,,,,,,,,,
va_reclaim-NQ-tf1|asia|,r1,va_reclaim-NQ-tf1,va_reclaim,NQ,1,asia,,,,False,False,False,False,False,c1,96,0,0,0.1875,-8878.885416666666,-10601.5,183.875,573,252,False,False,False,False,False,True,264.7,,,,,,,,,,,,,False,"1,2",,,,,,,,,,,,,,
va_reclaim-NQ-tf1|eve|,r1,va_reclaim-NQ-tf1,va_reclaim,NQ,1,eve,,,,False,False,False,False,False,c1,96,0,0,0.3229166666666667,-6280.083333333333,-3382.5,239.23958333333334,573,252,False,False,False,False,False,True,344.5,,,,,,,,,,,,,False,"1,2",,,,,,,,,,,,,,
va_reclaim-NQ-tf1|london|,r1,va_reclaim-NQ-tf1,va_reclaim,NQ,1,london,,,,False,False,False,False,False,c1,96,0,0,0.020833333333333332,-22777.739583333332,-15699.5,323.0416666666667,573,252,False,False,False,False,False,True,465.1,,,,,,,,,,,,,False,"1,2",,,,,,,,,,,,,,
va_reclaim-NQ-tf1|mid|,r1,va_reclaim-NQ-tf1,va_reclaim,NQ,1,mid,,,,False,False,False,False,False,c1,96,0,0,0.3958333333333333,-5314.770833333333,-2641.0,247.9375,573,252,False,False,False,False,False,True,357.0,,,,,,,,,,,,,False,"1,2",,,,,,,,,,,,,,
va_reclaim-NQ-tf1|nyam|,r1,va_reclaim-NQ-tf1,va_reclaim,NQ,1,nyam,,,,False,False,False,False,False,c1,96,0,0,0.3958333333333333,169.42708333333334,-5687.5,354.5833333333333,573,252,False,False,False,False,False,True,510.5,,,,,,,,,,,,,False,"1,2",,,,,,,,,,,,,,
va_reclaim-NQ-tf1|pm|,r1,va_reclaim-NQ-tf1,va_reclaim,NQ,1,pm,,,,False,False,False,False,False,c1,96,0,0,0.03125,-10566.03125,-9670.0,232.04166666666666,573,252,False,False,False,False,False,True,334.1,,,,,,,,,,,,,False,"1,2",,,,,,,,,,,,,,
va_reclaim-NQ-tf1|pre|,r1,va_reclaim-NQ-tf1,va_reclaim,NQ,1,pre,,,,False,False,False,False,False,c1,96,0,0,0.041666666666666664,-8510.864583333334,-7447.5,183.35416666666666,573,252,False,False,False,False,False,True,264.0,,,,,,,,,,,,,False,"1,2",,,,,,,,,,,,,,
va_reclaim-NQ-tf30|asia|,r1,va_reclaim-NQ-tf30,va_reclaim,NQ,30,asia,,,,False,False,False,False,False,c1,96,0,0,0.625,2745.5625,1945.5,67.33333333333333,573,252,True,False,False,False,True,False,96.9,,True,8064.18,0.995,-5318.61,0.0297,,,,,0.0,True,False,3,,,,,,,,,,,,,,
va_reclaim-NQ-tf30|eve|,r1,va_reclaim-NQ-tf30,va_reclaim,NQ,30,eve,,,,False,False,False,False,False,c1,96,0,0,0.19791666666666666,-7408.260416666667,-3457.5,143.09375,573,252,False,False,False,False,False,True,206.0,,,,,,,,,,,,,False,"1,2",,,,,,,,,,,,,,
va_reclaim-NQ-tf30|london|,r1,va_reclaim-NQ-tf30,va_reclaim,NQ,30,london,,,,False,False,False,False,False,c1,96,0,0,0.03125,-16737.166666666668,-15155.5,227.3125,573,252,False,False,False,False,False,True,327.3,,,,,,,,,,,,,False,"1,2",,,,,,,,,,,,,,
va_reclaim-NQ-tf30|mid|,r1,va_reclaim-NQ-tf30,va_reclaim,NQ,30,mid,,,,False,False,False,False,False,c1,96,0,0,0.17708333333333334,-8707.583333333334,-7181.5,149.34375,573,252,False,False,False,False,False,True,215.0,,,,,,,,,,,,,False,"1,2",,,,,,,,,,,,,,
va_reclaim-NQ-tf30|nyam|,r1,va_reclaim-NQ-tf30,va_reclaim,NQ,30,nyam,,,,False,False,False,False,False,c1,96,0,0,0.7083333333333334,16452.0625,8639.5,188.3125,573,252,True,True,False,False,True,True,271.1,,False,-2039.24,0.39,18491.3,0.0833,,,,,0.0048,False,False,2,,,,,,,,,,,,,,
va_reclaim-NQ-tf30|pm|,r1,va_reclaim-NQ-tf30,va_reclaim,NQ,30,pm,,,,False,False,False,False,False,c1,91,0,5,0.4725274725274725,-506.8131868131868,-198.0,122.74725274725274,573,252,False,False,False,False,False,True,176.7,,,,,,,,,,,,,False,"1,2",,,,,,,,,,,,,,
va_reclaim-NQ-tf30|pre|,r1,va_reclaim-NQ-tf30,va_reclaim,NQ,30,pre,,,,False,False,False,False,False,c1,96,0,0,0.46875,-772.0833333333334,-1571.0,112.5,573,252,False,False,False,False,False,True,162.0,,,,,,,,,,,,,False,"1,2",,,,,,,,,,,,,,
va_reclaim-NQ-tf5|asia|,r1,va_reclaim-NQ-tf5,va_reclaim,NQ,5,asia,,,,False,False,False,False,False,c1,96,0,0,0.23958333333333334,-6626.833333333333,-9117.5,151.44791666666666,573,252,False,False,False,False,False,True,218.1,,,,,,,,,,,,,False,"1,2",,,,,,,,,,,,,,
va_reclaim-NQ-tf5|eve|,r1,va_reclaim-NQ-tf5,va_reclaim,NQ,5,eve,,,,False,False,False,False,False,c1,96,0,0,0.16666666666666666,-7975.041666666667,-5410.5,213.08333333333334,573,252,False,False,False,False,False,True,306.8,,,,,,,,,,,,,False,"1,2",,,,,,,,,,,,,,
va_reclaim-NQ-tf5|london|,r1,va_reclaim-NQ-tf5,va_reclaim,NQ,5,london,,,,False,False,False,False,False,c1,96,0,0,0.0,-30470.15625,-26544.5,297.1875,573,252,False,False,False,False,False,True,427.9,,,,,,,,,,,,,False,"1,2",,,,,,,,,,,,,,
va_reclaim-NQ-tf5|mid|,r1,va_reclaim-NQ-tf5,va_reclaim,NQ,5,mid,,,,False,False,False,False,False,c1,96,0,0,0.17708333333333334,-10581.3125,-6258.5,217.4375,573,252,False,False,False,False,False,True,313.1,,,,,,,,,,,,,False,"1,2",,,,,,,,,,,,,,
va_reclaim-NQ-tf5|nyam|,r1,va_reclaim-NQ-tf5,va_reclaim,NQ,5,nyam,,,,False,False,False,False,False,c1,96,0,0,0.5833333333333334,16115.333333333334,5089.0,307.5208333333333,573,252,False,False,False,False,False,True,442.8,,False,-4183.32,0.3,20298.65,0.0,,,,,0.0015,False,False,"1,2",,,,,,,,,,,,,,
va_reclaim-NQ-tf5|pm|,r1,va_reclaim-NQ-tf5,va_reclaim,NQ,5,pm,,,,False,False,False,False,False,c1,96,0,0,0.07291666666666667,-8705.458333333334,-9090.0,194.38541666666666,573,252,False,False,False,False,False,True,279.9,,,,,,,,,,,,,False,"1,2",,,,,,,,,,,,,,
va_reclaim-NQ-tf5|pre|,r1,va_reclaim-NQ-tf5,va_reclaim,NQ,5,pre,,,,False,False,False,False,False,c1,96,0,0,0.5833333333333334,2868.6666666666665,695.5,143.71875,573,252,False,False,False,False,False,True,206.9,,False,3453.66,0.76,-584.99,0.0,,,,,0.015,False,False,"1,2",,,,,,,,,,,,,,
vol_spike_break-ES-tf15|eve|,r1,vol_spike_break-ES-tf15,vol_spike_break,ES,15,eve,,,,False,False,False,False,False,c1,95,0,1,0.4842105263157895,129.18947368421053,-41.0,10.4,573,252,False,False,False,False,False,False,15.0,,,,,,,,,,,,,False,"1,2,3",,,,,,,,,,,,,,
vol_spike_break-ES-tf15|london|,r1,vol_spike_break-ES-tf15,vol_spike_break,ES,15,london,,,,False,False,False,False,False,c1,96,0,0,0.0,-10206.807291666666,-8221.5,139.625,573,252,False,False,False,False,False,True,201.0,,,,,,,,,,,,,False,"1,2",,,,,,,,,,,,,,
vol_spike_break-ES-tf15|mid|,r1,vol_spike_break-ES-tf15,vol_spike_break,ES,15,mid,,,,False,False,False,False,False,c1,96,0,0,0.4895833333333333,1931.3229166666667,-761.0,202.26041666666666,573,252,False,False,False,False,False,True,291.2,,,,,,,,,,,,,False,"1,2",,,,,,,,,,,,,,
vol_spike_break-ES-tf15|nyam|,r1,vol_spike_break-ES-tf15,vol_spike_break,ES,15,nyam,,,,False,False,False,False,False,c1,88,0,8,0.45454545454545453,-388.6306818181818,-2113.0,526.4545454545455,573,252,False,False,False,False,False,True,758.0,,,,,,,,,,,,,False,"1,2",,,,,,,,,,,,,,
vol_spike_break-ES-tf15|pm|,r1,vol_spike_break-ES-tf15,vol_spike_break,ES,15,pm,,,,False,False,False,False,False,c1,95,0,1,0.9157894736842105,4323.168421052632,4520.0,43.48421052631579,573,252,True,True,True,False,True,False,62.6,,False,2078.64,0.85,2244.53,0.0,,,,,0.0048,False,False,"2,3",,,,,,,,,,,,,,
vol_spike_break-ES-tf15|pre|,r1,vol_spike_break-ES-tf15,vol_spike_break,ES,15,pre,,,,False,False,False,False,False,c1,96,0,0,0.1875,-6840.515625,-6396.75,206.38541666666666,573,252,False,False,False,False,False,True,297.2,,,,,,,,,,,,,False,"1,2",,,,,,,,,,,,,,
vol_spike_break-ES-tf1|asia|,r1,vol_spike_break-ES-tf1,vol_spike_break,ES,1,asia,,,,False,False,False,False,False,c1,96,0,0,0.03125,-30697.088541666668,-34028.25,843.5104166666666,573,252,False,False,False,False,False,True,1214.5,,,,,,,,,,,,,False,"1,2",,,,,,,,,,,,,,
vol_spike_break-ES-tf1|eve|,r1,vol_spike_break-ES-tf1,vol_spike_break,ES,1,eve,,,,False,False,False,False,False,c1,96,0,0,0.0,-45736.614583333336,-45230.75,947.7604166666666,573,252,False,False,False,False,False,True,1364.6,,,,,,,,,,,,,False,"1,2",,,,,,,,,,,,,,
vol_spike_break-ES-tf1|london|,r1,vol_spike_break-ES-tf1,vol_spike_break,ES,1,london,,,,False,False,False,False,False,c1,96,0,0,0.03125,-34205.140625,-35022.75,978.53125,573,252,False,False,False,False,False,True,1408.9,,,,,,,,,,,,,False,"1,2",,,,,,,,,,,,,,
vol_spike_break-ES-tf1|mid|,r1,vol_spike_break-ES-tf1,vol_spike_break,ES,1,mid,,,,False,False,False,False,False,c1,96,0,0,0.59375,534.84375,2884.5,524.4270833333334,573,252,False,False,False,False,False,True,755.1,,False,408.35,0.555,126.49,0.0,,,,,0.0004,False,False,"1,2",,,,,,,,,,,,,,
vol_spike_break-ES-tf1|nyam|,r1,vol_spike_break-ES-tf1,vol_spike_break,ES,1,nyam,,,,False,False,False,False,False,c1,96,0,0,0.25,-7965.255208333333,-13489.5,767.84375,573,252,False,False,False,False,False,True,1105.5,,,,,,,,,,,,,False,"1,2",,,,,,,,,,,,,,
vol_spike_break-ES-tf1|pm|,r1,vol_spike_break-ES-tf1,vol_spike_break,ES,1,pm,,,,False,False,False,False,False,c1,96,0,0,0.13541666666666666,-9746.296875,-6789.5,641.4895833333334,573,252,False,False,False,False,False,True,923.6,,,,,,,,,,,,,False,"1,2",,,,,,,,,,,,,,
vol_spike_break-ES-tf1|pre|,r1,vol_spike_break-ES-tf1,vol_spike_break,ES,1,pre,,,,False,False,False,False,False,c1,96,0,0,0.020833333333333332,-18548.385416666668,-18539.5,527.1354166666666,573,252,False,False,False,False,False,True,759.0,,,,,,,,,,,,,False,"1,2",,,,,,,,,,,,,,
vol_spike_break-ES-tf30|mid|,r1,vol_spike_break-ES-tf30,vol_spike_break,ES,30,mid,,,,False,False,False,False,False,c1,85,0,11,0.3176470588235294,-2436.6882352941175,-4225.5,279.5764705882353,573,252,False,False,False,False,False,True,402.5,,,,,,,,,,,,,False,"1,2",,,,,,,,,,,,,,
vol_spike_break-ES-tf30|nyam|,r1,vol_spike_break-ES-tf30,vol_spike_break,ES,30,nyam,,,,False,False,False,False,False,c1,32,0,64,0.59375,11184.625,4875.25,189.0,573,252,False,False,False,False,False,True,272.1,,True,10710.14,0.985,474.49,0.1111,,,,,0.0004,True,False,1,,,,,,,,,,,,,,
vol_spike_break-ES-tf30|pm|,r1,vol_spike_break-ES-tf30,vol_spike_break,ES,30,pm,,,,False,False,False,False,False,c1,93,0,3,0.7956989247311828,9126.768817204302,9042.0,123.24731182795699,573,252,True,True,False,False,True,True,177.5,,True,8338.76,0.99,788.01,0.0044,,,,,0.0023,True,True,,,,,,,,,,,,,,,
vol_spike_break-ES-tf5|asia|,r1,vol_spike_break-ES-tf5,vol_spike_break,ES,5,asia,,,,False,False,False,False,False,c1,96,0,0,0.125,-12203.375,-12124.0,305.0104166666667,573,252,False,False,False,False,False,True,439.2,,,,,,,,,,,,,False,"1,2",,,,,,,,,,,,,,
vol_spike_break-ES-tf5|eve|,r1,vol_spike_break-ES-tf5,vol_spike_break,ES,5,eve,,,,False,False,False,False,False,c1,96,0,0,0.0,-26926.583333333332,-23937.25,429.3020833333333,573,252,False,False,False,False,False,True,618.1,,,,,,,,,,,,,False,"1,2",,,,,,,,,,,,,,
vol_spike_break-ES-tf5|london|,r1,vol_spike_break-ES-tf5,vol_spike_break,ES,5,london,,,,False,False,False,False,False,c1,96,0,0,0.020833333333333332,-18647.598958333332,-19057.0,616.4895833333334,573,252,False,False,False,False,False,True,887.6,,,,,,,,,,,,,False,"1,2",,,,,,,,,,,,,,
vol_spike_break-ES-tf5|mid|,r1,vol_spike_break-ES-tf5,vol_spike_break,ES,5,mid,,,,False,False,False,False,False,c1,95,0,1,0.9157894736842105,3581.063157894737,3004.5,46.90526315789474,573,252,True,True,True,False,True,False,67.5,,True,3035.98,0.98,545.09,0.0,,,,,0.0021,True,False,3,,,,,,,,,,,,,,
vol_spike_break-ES-tf5|nyam|,r1,vol_spike_break-ES-tf5,vol_spike_break,ES,5,nyam,,,,False,False,False,False,False,c1,96,0,0,0.40625,-6231.125,-9489.5,632.2604166666666,573,252,False,False,False,False,False,True,910.3,,,,,,,,,,,,,False,"1,2",,,,,,,,,,,,,,
vol_spike_break-ES-tf5|pm|,r1,vol_spike_break-ES-tf5,vol_spike_break,ES,5,pm,,,,False,False,False,False,False,c1,96,0,0,0.5,1426.7291666666667,-154.5,187.19791666666666,573,252,False,False,False,False,False,True,269.5,,False,1840.26,0.755,-413.53,0.0,,,,,0.0017,False,False,"1,2",,,,,,,,,,,,,,
vol_spike_break-ES-tf5|pre|,r1,vol_spike_break-ES-tf5,vol_spike_break,ES,5,pre,,,,False,False,False,False,False,c1,96,0,0,0.010416666666666666,-13141.161458333334,-12827.5,294.4375,573,252,False,False,False,False,False,True,423.9,,,,,,,,,,,,,False,"1,2",,,,,,,,,,,,,,
vol_spike_break-GC-tf15|eve|,r1,vol_spike_break-GC-tf15,vol_spike_break,GC,15,eve,,,,False,False,False,False,False,c1,96,0,0,0.2916666666666667,-267.8541666666667,-856.0,22.666666666666668,572,252,False,False,False,False,False,False,32.7,,,,,,,,,,,,,False,"1,2,3",,,,,,,,,,,,,,
vol_spike_break-GC-tf15|london|,r1,vol_spike_break-GC-tf15,vol_spike_break,GC,15,london,,,,False,False,False,False,False,c1,96,0,0,0.010416666666666666,-12763.416666666666,-11748.0,150.38541666666666,572,252,False,False,False,False,False,True,216.6,,,,,,,,,,,,,False,"1,2",,,,,,,,,,,,,,
vol_spike_break-GC-tf15|mid|,r1,vol_spike_break-GC-tf15,vol_spike_break,GC,15,mid,,,,False,False,False,False,False,c1,87,0,9,0.26436781609195403,-650.183908045977,-430.0,29.471264367816094,572,252,False,False,False,False,False,False,42.5,,,,,,,,,,,,,False,"1,2,3",,,,,,,,,,,,,,
vol_spike_break-GC-tf15|nyam|,r1,vol_spike_break-GC-tf15,vol_spike_break,GC,15,nyam,,,,False,False,False,False,False,c1,96,0,0,0.16666666666666666,-4195.75,-4431.0,294.25,572,252,False,False,False,False,False,True,423.9,,,,,,,,,,,,,False,"1,2",,,,,,,,,,,,,,
vol_spike_break-GC-tf15|pm|,r1,vol_spike_break-GC-tf15,vol_spike_break,GC,15,pm,,,,False,False,False,False,False,c1,92,0,4,0.5434782608695652,132.95652173913044,82.0,32.57608695652174,572,252,False,False,False,False,False,False,46.9,,False,-634.63,0.32,767.58,0.0,,,,,0.0,False,False,"1,2,3",,,,,,,,,,,,,,
vol_spike_break-GC-tf15|pre|,r1,vol_spike_break-GC-tf15,vol_spike_break,GC,15,pre,,,,False,False,False,False,False,c1,96,0,0,0.59375,4266.645833333333,4111.0,292.4270833333333,572,252,False,False,False,False,False,True,421.3,,False,-756.33,0.44,5022.97,0.0044,,,,,0.0124,False,False,"1,2",,,,,,,,,,,,,,
vol_spike_break-GC-tf1|asia|,r1,vol_spike_break-GC-tf1,vol_spike_break,GC,1,asia,,,,False,False,False,False,False,c1,96,0,0,0.28125,-10121.479166666666,-22089.0,842.1145833333334,572,252,False,False,False,False,False,True,1213.1,,,,,,,,,,,,,False,"1,2",,,,,,,,,,,,,,
vol_spike_break-GC-tf1|eve|,r1,vol_spike_break-GC-tf1,vol_spike_break,GC,1,eve,,,,False,False,False,False,False,c1,96,0,0,0.010416666666666666,-30914.458333333332,-32573.0,942.2604166666666,572,252,False,False,False,False,False,True,1357.4,,,,,,,,,,,,,False,"1,2",,,,,,,,,,,,,,
vol_spike_break-GC-tf1|london|,r1,vol_spike_break-GC-tf1,vol_spike_break,GC,1,london,,,,False,False,False,False,False,c1,96,0,0,0.0,-29763.145833333332,-29117.0,977.375,572,252,False,False,False,False,False,True,1408.0,,,,,,,,,,,,,False,"1,2",,,,,,,,,,,,,,
vol_spike_break-GC-tf1|mid|,r1,vol_spike_break-GC-tf1,vol_spike_break,GC,1,mid,,,,False,False,False,False,False,c1,96,0,0,0.2916666666666667,-7381.479166666667,-8183.0,674.0416666666666,572,252,False,False,False,False,False,True,971.0,,,,,,,,,,,,,False,"1,2",,,,,,,,,,,,,,
vol_spike_break-GC-tf1|nyam|,r1,vol_spike_break-GC-tf1,vol_spike_break,GC,1,nyam,,,,False,False,False,False,False,c1,96,0,0,0.2708333333333333,-6982.6875,-8211.0,700.4375,572,252,False,False,False,False,False,True,1009.0,,,,,,,,,,,,,False,"1,2",,,,,,,,,,,,,,
vol_spike_break-GC-tf1|pm|,r1,vol_spike_break-GC-tf1,vol_spike_break,GC,1,pm,,,,False,False,False,False,False,c1,96,0,0,0.0,-21076.520833333332,-19133.0,694.2083333333334,572,252,False,False,False,False,False,True,1000.0,,,,,,,,,,,,,False,"1,2",,,,,,,,,,,,,,
vol_spike_break-GC-tf1|pre|,r1,vol_spike_break-GC-tf1,vol_spike_break,GC,1,pre,,,,False,False,False,False,False,c1,96,0,0,0.17708333333333334,-13775.416666666666,-18580.0,586.6666666666666,572,252,False,False,False,False,False,True,845.1,,,,,,,,,,,,,False,"1,2",,,,,,,,,,,,,,
vol_spike_break-GC-tf30|mid|,r1,vol_spike_break-GC-tf30,vol_spike_break,GC,30,mid,,,,False,False,False,False,False,c1,87,0,9,0.896551724137931,2528.8735632183907,3158.0,65.25287356321839,572,252,True,True,True,False,True,False,94.0,,True,4449.74,0.99,-1920.86,0.0185,,,,,0.0,True,False,3,,,,,,,,,,,,,,
vol_spike_break-GC-tf30|nyam|,r1,vol_spike_break-GC-tf30,vol_spike_break,GC,30,nyam,,,,False,False,False,False,False,c1,96,0,0,0.5729166666666666,1134.5833333333333,1097.0,98.33333333333333,572,252,False,False,False,False,False,True,141.7,,False,-122.35,0.495,1256.93,0.0678,,,,,0.0,False,False,"1,2",,,,,,,,,,,,,,
vol_spike_break-GC-tf30|pm|,r1,vol_spike_break-GC-tf30,vol_spike_break,GC,30,pm,,,,False,False,False,False,False,c1,83,0,13,0.20481927710843373,-1034.1686746987953,-956.0,27.216867469879517,572,252,False,False,False,False,False,False,39.2,,,,,,,,,,,,,False,"1,2,3",,,,,,,,,,,,,,
vol_spike_break-GC-tf5|asia|,r1,vol_spike_break-GC-tf5,vol_spike_break,GC,5,asia,,,,False,False,False,False,False,c1,96,0,0,0.34375,-2949.875,-2673.0,305.75,572,252,False,False,False,False,False,True,440.5,,,,,,,,,,,,,False,"1,2",,,,,,,,,,,,,,
vol_spike_break-GC-tf5|eve|,r1,vol_spike_break-GC-tf5,vol_spike_break,GC,5,eve,,,,False,False,False,False,False,c1,96,0,0,0.0,-18371.75,-17815.0,596.3229166666666,572,252,False,False,False,False,False,True,859.0,,,,,,,,,,,,,False,"1,2",,,,,,,,,,,,,,
vol_spike_break-GC-tf5|london|,r1,vol_spike_break-GC-tf5,vol_spike_break,GC,5,london,,,,False,False,False,False,False,c1,96,0,0,0.0,-32582.0,-32449.0,597.21875,572,252,False,False,False,False,False,True,860.3,,,,,,,,,,,,,False,"1,2",,,,,,,,,,,,,,
vol_spike_break-GC-tf5|mid|,r1,vol_spike_break-GC-tf5,vol_spike_break,GC,5,mid,,,,False,False,False,False,False,c1,95,0,1,0.0,-4553.936842105263,-3862.0,114.53684210526316,572,252,False,False,False,False,False,True,165.0,,,,,,,,,,,,,False,"1,2",,,,,,,,,,,,,,
vol_spike_break-GC-tf5|nyam|,r1,vol_spike_break-GC-tf5,vol_spike_break,GC,5,nyam,,,,False,False,False,False,False,c1,96,0,0,0.4895833333333333,40.229166666666664,-408.0,244.86458333333334,572,252,False,False,False,False,False,True,352.7,,,,,,,,,,,,,False,"1,2",,,,,,,,,,,,,,
vol_spike_break-GC-tf5|pm|,r1,vol_spike_break-GC-tf5,vol_spike_break,GC,5,pm,,,,False,False,False,False,False,c1,96,0,0,0.5729166666666666,368.7291666666667,1307.0,158.41666666666666,572,252,False,False,False,False,False,True,228.2,,False,-323.96,0.44,692.69,0.0,,,,,0.0026,False,False,"1,2",,,,,,,,,,,,,,
vol_spike_break-GC-tf5|pre|,r1,vol_spike_break-GC-tf5,vol_spike_break,GC,5,pre,,,,False,False,False,False,False,c1,96,0,0,0.46875,-24.1875,-485.0,376.59375,572,252,False,False,False,False,False,True,542.5,,,,,,,,,,,,,False,"1,2",,,,,,,,,,,,,,
vol_spike_break-NQ-tf15|eve|,r1,vol_spike_break-NQ-tf15,vol_spike_break,NQ,15,eve,,,,False,False,False,False,False,c1,94,0,2,0.43617021276595747,-892.4468085106383,-85.5,10.53191489361702,573,252,False,False,False,False,False,False,15.2,,,,,,,,,,,,,False,"1,2,3",,,,,,,,,,,,,,
vol_spike_break-NQ-tf15|london|,r1,vol_spike_break-NQ-tf15,vol_spike_break,NQ,15,london,,,,False,False,False,False,False,c1,96,0,0,0.3229166666666667,-2463.9375,-1876.5,107.78125,573,252,False,False,False,False,False,True,155.2,,,,,,,,,,,,,False,"1,2",,,,,,,,,,,,,,
vol_spike_break-NQ-tf15|mid|,r1,vol_spike_break-NQ-tf15,vol_spike_break,NQ,15,mid,,,,False,False,False,False,False,c1,93,0,3,0.3655913978494624,509.86021505376345,-2751.0,204.752688172043,573,252,False,False,False,False,False,True,294.8,,,,,,,,,,,,,False,"1,2",,,,,,,,,,,,,,
vol_spike_break-NQ-tf15|nyam|,r1,vol_spike_break-NQ-tf15,vol_spike_break,NQ,15,nyam,,,,False,False,False,False,False,c1,64,0,32,0.6875,32960.234375,21785.5,587.5,573,252,True,False,False,False,True,True,845.9,,False,-11193.85,0.18,44154.08,0.0091,,,,,0.002,False,False,2,,,,,,,,,,,,,,
vol_spike_break-NQ-tf15|pm|,r1,vol_spike_break-NQ-tf15,vol_spike_break,NQ,15,pm,,,,False,False,False,False,False,c1,96,0,0,0.7604166666666666,5664.416666666667,3047.0,29.15625,573,252,True,True,False,False,True,False,42.0,,False,3640.32,0.895,2024.1,0.0,,,,,0.0105,False,False,"2,3",,,,,,,,,,,,,,
vol_spike_break-NQ-tf15|pre|,r1,vol_spike_break-NQ-tf15,vol_spike_break,NQ,15,pre,,,,False,False,False,False,False,c1,96,0,0,0.4791666666666667,580.75,-746.5,188.5625,573,252,False,False,False,False,False,True,271.5,,,,,,,,,,,,,False,"1,2",,,,,,,,,,,,,,
vol_spike_break-NQ-tf1|asia|,r1,vol_spike_break-NQ-tf1,vol_spike_break,NQ,1,asia,,,,False,False,False,False,False,c1,96,0,0,0.23958333333333334,-7312.1875,-16632.0,871.5104166666666,573,252,False,False,False,False,False,True,1254.8,,,,,,,,,,,,,False,"1,2",,,,,,,,,,,,,,
vol_spike_break-NQ-tf1|eve|,r1,vol_spike_break-NQ-tf1,vol_spike_break,NQ,1,eve,,,,False,False,False,False,False,c1,96,0,0,0.041666666666666664,-29917.125,-28150.5,962.9791666666666,573,252,False,False,False,False,False,True,1386.5,,,,,,,,,,,,,False,"1,2",,,,,,,,,,,,,,
vol_spike_break-NQ-tf1|london|,r1,vol_spike_break-NQ-tf1,vol_spike_break,NQ,1,london,,,,False,False,False,False,False,c1,96,0,0,0.28125,-7644.260416666667,-4622.0,1001.46875,573,252,False,False,False,False,False,True,1441.9,,,,,,,,,,,,,False,"1,2",,,,,,,,,,,,,,
vol_spike_break-NQ-tf1|mid|,r1,vol_spike_break-NQ-tf1,vol_spike_break,NQ,1,mid,,,,False,False,False,False,False,c1,96,0,0,0.6770833333333334,7656.520833333333,4276.5,535.375,573,252,True,False,False,False,True,True,770.8,,False,-4026.46,0.255,11682.99,0.0,,,,,0.0004,False,False,2,,,,,,,,,,,,,,
vol_spike_break-NQ-tf1|nyam|,r1,vol_spike_break-NQ-tf1,vol_spike_break,NQ,1,nyam,,,,False,False,False,False,False,c1,96,0,0,0.40625,6332.625,-6134.5,856.53125,573,252,False,False,False,False,False,True,1233.2,,,,,,,,,,,,,False,"1,2",,,,,,,,,,,,,,
vol_spike_break-NQ-tf1|pm|,r1,vol_spike_break-NQ-tf1,vol_spike_break,NQ,1,pm,,,,False,False,False,False,False,c1,96,0,0,0.2708333333333333,-6734.125,-6681.0,626.0833333333334,573,252,False,False,False,False,False,True,901.4,,,,,,,,,,,,,False,"1,2",,,,,,,,,,,,,,
vol_spike_break-NQ-tf1|pre|,r1,vol_spike_break-NQ-tf1,vol_spike_break,NQ,1,pre,,,,False,False,False,False,False,c1,96,0,0,0.5729166666666666,4459.270833333333,3668.5,571.0416666666666,573,252,False,False,False,False,False,True,822.2,,False,-14326.84,0.03,18786.11,0.0,,,,,0.0155,False,False,"1,2",,,,,,,,,,,,,,
vol_spike_break-NQ-tf30|mid|,r1,vol_spike_break-NQ-tf30,vol_spike_break,NQ,30,mid,,,,False,False,False,False,False,c1,93,0,3,0.40860215053763443,-657.6989247311828,-4220.0,292.19354838709677,573,252,False,False,False,False,False,True,420.7,,,,,,,,,,,,,False,"1,2",,,,,,,,,,,,,,
vol_spike_break-NQ-tf30|nyam|,r1,vol_spike_break-NQ-tf30,vol_spike_break,NQ,30,nyam,,,,False,False,False,False,False,c1,32,0,64,1.0,26377.0625,22770.5,193.0,573,252,True,True,True,False,True,True,277.9,,False,8106.24,0.87,18270.82,0.0829,,,,,0.0006,False,False,2,,,,,,,,,,,,,,
vol_spike_break-NQ-tf30|pm|,r1,vol_spike_break-NQ-tf30,vol_spike_break,NQ,30,pm,,,,False,False,False,False,False,c1,91,0,5,0.8901098901098901,15737.362637362638,18134.0,96.5934065934066,573,252,True,True,True,False,True,True,139.1,,True,13798.73,1.0,1938.63,0.0052,,,,,0.0049,True,True,,,,,,,,,,,,,,,
vol_spike_break-NQ-tf5|asia|,r1,vol_spike_break-NQ-tf5,vol_spike_break,NQ,5,asia,,,,False,False,False,False,False,c1,96,0,0,0.3125,-571.9583333333334,-5452.5,307.1041666666667,573,252,False,False,False,False,False,True,442.2,,,,,,,,,,,,,False,"1,2",,,,,,,,,,,,,,
vol_spike_break-NQ-tf5|eve|,r1,vol_spike_break-NQ-tf5,vol_spike_break,NQ,5,eve,,,,False,False,False,False,False,c1,96,0,0,0.08333333333333333,-20907.177083333332,-18066.0,460.6354166666667,573,252,False,False,False,False,False,True,663.2,,,,,,,,,,,,,False,"1,2",,,,,,,,,,,,,,
vol_spike_break-NQ-tf5|london|,r1,vol_spike_break-NQ-tf5,vol_spike_break,NQ,5,london,,,,False,False,False,False,False,c1,96,0,0,0.4895833333333333,-1286.1875,-422.5,596.8854166666666,573,252,False,False,False,False,False,True,859.4,,,,,,,,,,,,,False,"1,2",,,,,,,,,,,,,,
vol_spike_break-NQ-tf5|mid|,r1,vol_spike_break-NQ-tf5,vol_spike_break,NQ,5,mid,,,,False,False,False,False,False,c1,94,0,2,0.851063829787234,5936.255319148936,4526.5,33.01063829787234,573,252,True,True,True,False,True,False,47.5,,True,4013.68,0.995,1922.57,0.0,,,,,0.0054,True,False,3,,,,,,,,,,,,,,
vol_spike_break-NQ-tf5|nyam|,r1,vol_spike_break-NQ-tf5,vol_spike_break,NQ,5,nyam,,,,False,False,False,False,False,c1,96,0,0,0.4166666666666667,12221.375,-5823.5,727.7291666666666,573,252,False,False,False,False,False,True,1047.8,,,,,,,,,,,,,False,"1,2",,,,,,,,,,,,,,
vol_spike_break-NQ-tf5|pm|,r1,vol_spike_break-NQ-tf5,vol_spike_break,NQ,5,pm,,,,False,False,False,False,False,c1,96,0,0,0.8229166666666666,11150.15625,8540.0,143.69791666666666,573,252,True,True,True,False,True,True,206.9,,False,6703.12,0.93,4447.04,0.0,,,,,0.0031,False,False,2,,,,,,,,,,,,,,
vol_spike_break-NQ-tf5|pre|,r1,vol_spike_break-NQ-tf5,vol_spike_break,NQ,5,pre,,,,False,False,False,False,False,c1,96,0,0,0.53125,3729.5104166666665,526.0,300.03125,573,252,False,False,False,False,False,True,432.0,,False,-20226.69,0.005,23956.2,0.0,,,,,0.0104,False,False,"1,2",,,,,,,,,,,,,,
vwap_trend_pull-ES-tf15|mid|,r1,vwap_trend_pull-ES-tf15,vwap_trend_pull,ES,15,mid,,,,False,False,False,False,False,c1,96,0,0,0.1875,-9859.177083333334,-9548.5,531.65625,573,252,False,False,False,False,False,True,765.5,,,,,,,,,,,,,False,"1,2",,,,,,,,,,,,,,
vwap_trend_pull-ES-tf15|nyam|,r1,vwap_trend_pull-ES-tf15,vwap_trend_pull,ES,15,nyam,,,,False,False,False,False,False,c1,96,0,0,0.6875,4509.171875,3654.25,181.33333333333334,573,252,True,False,False,False,True,True,261.1,,False,5114.93,0.86,-605.76,0.0,,,,,0.0001,False,False,2,,,,,,,,,,,,,,
vwap_trend_pull-ES-tf15|pm|,r1,vwap_trend_pull-ES-tf15,vwap_trend_pull,ES,15,pm,,,,False,False,False,False,False,c1,96,0,0,0.5833333333333334,2486.9322916666665,1574.0,402.84375,573,252,False,False,False,False,False,True,580.0,,False,1394.97,0.645,1091.96,0.0,,,,,0.0015,False,False,"1,2",,,,,,,,,,,,,,
vwap_trend_pull-ES-tf1|mid|,r1,vwap_trend_pull-ES-tf1,vwap_trend_pull,ES,1,mid,,,,False,False,False,False,False,c1,96,0,0,0.1875,-20061.59375,-20328.75,1223.40625,573,252,False,False,False,False,False,True,1761.4,,,,,,,,,,,,,False,"1,2",,,,,,,,,,,,,,
vwap_trend_pull-ES-tf1|nyam|,r1,vwap_trend_pull-ES-tf1,vwap_trend_pull,ES,1,nyam,,,,False,False,False,False,False,c1,96,0,0,0.375,-6490.697916666667,-7787.25,827.4270833333334,573,252,False,False,False,False,False,True,1191.3,,,,,,,,,,,,,False,"1,2",,,,,,,,,,,,,,
vwap_trend_pull-ES-tf1|pm|,r1,vwap_trend_pull-ES-tf1,vwap_trend_pull,ES,1,pm,,,,False,False,False,False,False,c1,96,0,0,0.4895833333333333,-6008.260416666667,-293.25,1103.8229166666667,573,252,False,False,False,False,False,True,1589.3,,,,,,,,,,,,,False,"1,2",,,,,,,,,,,,,,
vwap_trend_pull-ES-tf30|mid|,r1,vwap_trend_pull-ES-tf30,vwap_trend_pull,ES,30,mid,,,,False,False,False,False,False,c1,91,0,5,0.14285714285714285,-6118.17032967033,-5337.0,181.0879120879121,573,252,False,False,False,False,False,True,260.7,,,,,,,,,,,,,False,"1,2",,,,,,,,,,,,,,
vwap_trend_pull-ES-tf30|pm|,r1,vwap_trend_pull-ES-tf30,vwap_trend_pull,ES,30,pm,,,,False,False,False,False,False,c1,90,0,6,0.7,2136.0777777777776,1896.0,147.3,573,252,True,True,False,False,True,True,212.1,,True,9114.25,1.0,-6978.18,0.0146,,,,,0.0006,True,True,,,,,,,,,,,,,,,
vwap_trend_pull-ES-tf5|mid|,r1,vwap_trend_pull-ES-tf5,vwap_trend_pull,ES,5,mid,,,,False,False,False,False,False,c1,96,0,0,0.3645833333333333,-7185.109375,-7780.5,952.1041666666666,573,252,False,False,False,False,False,True,1370.8,,,,,,,,,,,,,False,"1,2",,,,,,,,,,,,,,
vwap_trend_pull-ES-tf5|nyam|,r1,vwap_trend_pull-ES-tf5,vwap_trend_pull,ES,5,nyam,,,,False,False,False,False,False,c1,96,0,0,0.3645833333333333,-1132.828125,-6122.25,412.1458333333333,573,252,False,False,False,False,False,True,593.4,,,,,,,,,,,,,False,"1,2",,,,,,,,,,,,,,
vwap_trend_pull-ES-tf5|pm|,r1,vwap_trend_pull-ES-tf5,vwap_trend_pull,ES,5,pm,,,,False,False,False,False,False,c1,96,0,0,0.6041666666666666,7278.838541666667,9290.75,814.1770833333334,573,252,True,False,False,False,True,True,1172.2,,False,8963.46,0.91,-1684.62,0.0,,,,,0.0015,False,False,2,,,,,,,,,,,,,,
vwap_trend_pull-GC-tf15|mid|,r1,vwap_trend_pull-GC-tf15,vwap_trend_pull,GC,15,mid,,,,False,False,False,False,False,c1,96,0,0,0.4583333333333333,-640.2708333333334,-304.0,399.2083333333333,572,252,False,False,False,False,False,True,575.1,,,,,,,,,,,,,False,"1,2",,,,,,,,,,,,,,
vwap_trend_pull-GC-tf15|nyam|,r1,vwap_trend_pull-GC-tf15,vwap_trend_pull,GC,15,nyam,,,,False,False,False,False,False,c1,96,0,0,0.75,4902.041666666667,4950.0,162.66666666666666,572,252,True,True,False,False,True,True,234.3,,False,4819.84,0.875,82.2,0.0,,,,,0.0,False,False,2,,,,,,,,,,,,,,
vwap_trend_pull-GC-tf15|pm|,r1,vwap_trend_pull-GC-tf15,vwap_trend_pull,GC,15,pm,,,,False,False,False,False,False,c1,84,0,12,0.03571428571428571,-4484.0,-3749.0,262.60714285714283,572,252,False,False,False,False,False,True,378.3,,,,,,,,,,,,,False,"1,2",,,,,,,,,,,,,,
vwap_trend_pull-GC-tf1|mid|,r1,vwap_trend_pull-GC-tf1,vwap_trend_pull,GC,1,mid,,,,False,False,False,False,False,c1,96,0,0,0.3333333333333333,-9951.458333333334,-11037.0,994.84375,572,252,False,False,False,False,False,True,1433.1,,,,,,,,,,,,,False,"1,2",,,,,,,,,,,,,,
vwap_trend_pull-GC-tf1|nyam|,r1,vwap_trend_pull-GC-tf1,vwap_trend_pull,GC,1,nyam,,,,False,False,False,False,False,c1,96,0,0,0.052083333333333336,-12446.166666666666,-12173.0,663.8333333333334,572,252,False,False,False,False,False,True,956.3,,,,,,,,,,,,,False,"1,2",,,,,,,,,,,,,,
vwap_trend_pull-GC-tf1|pm|,r1,vwap_trend_pull-GC-tf1,vwap_trend_pull,GC,1,pm,,,,False,False,False,False,False,c1,96,0,0,0.28125,-11289.145833333334,-8969.0,677.5208333333334,572,252,False,False,False,False,False,True,976.0,,,,,,,,,,,,,False,"1,2",,,,,,,,,,,,,,
vwap_trend_pull-GC-tf30|mid|,r1,vwap_trend_pull-GC-tf30,vwap_trend_pull,GC,30,mid,,,,False,False,False,False,False,c1,93,0,3,0.17204301075268819,-2658.989247311828,-2714.0,140.90322580645162,572,252,False,False,False,False,False,True,203.0,,,,,,,,,,,,,False,"1,2",,,,,,,,,,,,,,
vwap_trend_pull-GC-tf30|pm|,r1,vwap_trend_pull-GC-tf30,vwap_trend_pull,GC,30,pm,,,,False,False,False,False,False,c1,63,0,33,0.0,-3177.3968253968255,-3168.0,93.15873015873017,572,252,False,False,False,False,False,True,134.2,,,,,,,,,,,,,False,"1,2",,,,,,,,,,,,,,
vwap_trend_pull-GC-tf5|mid|,r1,vwap_trend_pull-GC-tf5,vwap_trend_pull,GC,5,mid,,,,False,False,False,False,False,c1,96,0,0,0.4479166666666667,-791.75,-2338.0,715.59375,572,252,False,False,False,False,False,True,1030.9,,,,,,,,,,,,,False,"1,2",,,,,,,,,,,,,,
vwap_trend_pull-GC-tf5|nyam|,r1,vwap_trend_pull-GC-tf5,vwap_trend_pull,GC,5,nyam,,,,False,False,False,False,False,c1,96,0,0,0.6979166666666666,5403.1875,3774.0,356.0520833333333,572,252,True,False,False,False,True,True,512.9,,False,-6110.14,0.145,11513.33,0.0,,,,,0.0,False,False,2,,,,,,,,,,,,,,
vwap_trend_pull-GC-tf5|pm|,r1,vwap_trend_pull-GC-tf5,vwap_trend_pull,GC,5,pm,,,,False,False,False,False,False,c1,96,0,0,0.0,-11605.479166666666,-11183.0,468.4791666666667,572,252,False,False,False,False,False,True,674.9,,,,,,,,,,,,,False,"1,2",,,,,,,,,,,,,,
vwap_trend_pull-NQ-tf15|mid|,r1,vwap_trend_pull-NQ-tf15,vwap_trend_pull,NQ,15,mid,,,,False,False,False,False,False,c1,96,0,0,0.3333333333333333,-4814.90625,-7519.0,601.65625,573,252,False,False,False,False,False,True,866.3,,,,,,,,,,,,,False,"1,2",,,,,,,,,,,,,,
vwap_trend_pull-NQ-tf15|nyam|,r1,vwap_trend_pull-NQ-tf15,vwap_trend_pull,NQ,15,nyam,,,,False,False,False,False,False,c1,96,0,0,0.7395833333333334,14807.552083333334,8892.0,203.33333333333334,573,252,True,True,False,False,True,True,292.8,,False,-11065.61,0.075,25873.16,0.0,,,,,0.0004,False,False,2,,,,,,,,,,,,,,
vwap_trend_pull-NQ-tf15|pm|,r1,vwap_trend_pull-NQ-tf15,vwap_trend_pull,NQ,15,pm,,,,False,False,False,False,False,c1,94,0,2,0.8829787234042553,20266.36170212766,24269.5,459.5531914893617,573,252,True,True,True,False,True,True,661.7,,False,4932.76,0.75,15333.6,0.0,,,,,0.0018,False,False,2,,,,,,,,,,,,,,
vwap_trend_pull-NQ-tf1|mid|,r1,vwap_trend_pull-NQ-tf1,vwap_trend_pull,NQ,1,mid,,,,False,False,False,False,False,c1,96,0,0,0.8020833333333334,22762.322916666668,20745.0,1323.625,573,252,True,True,True,False,True,True,1905.7,,False,-2817.17,0.415,25579.49,0.0,,,,,0.0001,False,False,2,,,,,,,,,,,,,,
vwap_trend_pull-NQ-tf1|nyam|,r1,vwap_trend_pull-NQ-tf1,vwap_trend_pull,NQ,1,nyam,,,,False,False,False,False,False,c1,96,0,0,0.5833333333333334,17331.895833333332,5489.5,931.7395833333334,573,252,False,False,False,False,False,True,1341.5,,False,-5567.72,0.29,22899.62,0.0,,,,,0.0004,False,False,"1,2",,,,,,,,,,,,,,
vwap_trend_pull-NQ-tf1|pm|,r1,vwap_trend_pull-NQ-tf1,vwap_trend_pull,NQ,1,pm,,,,False,False,False,False,False,c1,96,0,0,0.8125,27924.458333333332,31152.0,1192.7916666666667,573,252,True,True,True,False,True,True,1717.4,,True,14380.6,0.955,13543.86,0.0,,,,,0.0003,True,True,,,,,,,,,,,,,,,
vwap_trend_pull-NQ-tf30|mid|,r1,vwap_trend_pull-NQ-tf30,vwap_trend_pull,NQ,30,mid,,,,False,False,False,False,False,c1,94,0,2,0.32978723404255317,-1117.0531914893618,-2861.0,229.64893617021278,573,252,False,False,False,False,False,True,330.6,,,,,,,,,,,,,False,"1,2",,,,,,,,,,,,,,
vwap_trend_pull-NQ-tf30|pm|,r1,vwap_trend_pull-NQ-tf30,vwap_trend_pull,NQ,30,pm,,,,False,False,False,False,False,c1,93,0,3,0.5913978494623656,3269.1720430107525,1253.0,169.01075268817203,573,252,False,False,False,False,False,True,243.3,,False,8464.89,0.94,-5195.72,0.0148,,,,,0.0017,False,False,"1,2",,,,,,,,,,,,,,
vwap_trend_pull-NQ-tf5|mid|,r1,vwap_trend_pull-NQ-tf5,vwap_trend_pull,NQ,5,mid,,,,False,False,False,False,False,c1,96,0,0,0.625,23647.645833333332,8518.5,1058.0625,573,252,True,False,False,False,True,True,1523.4,,False,-1145.09,0.46,24792.73,0.0001,,,,,0.0001,False,False,2,,,,,,,,,,,,,,
vwap_trend_pull-NQ-tf5|nyam|,r1,vwap_trend_pull-NQ-tf5,vwap_trend_pull,NQ,5,nyam,,,,False,False,False,False,False,c1,96,0,0,0.6145833333333334,16216.166666666666,7716.5,439.8125,573,252,True,False,False,False,True,True,633.2,,False,-25303.97,0.01,41520.14,0.0,,,,,0.0004,False,False,2,,,,,,,,,,,,,,
vwap_trend_pull-NQ-tf5|pm|,r1,vwap_trend_pull-NQ-tf5,vwap_trend_pull,NQ,5,pm,,,,False,False,False,False,False,c1,96,0,0,0.9166666666666666,57133.125,64513.0,889.3229166666666,573,252,True,True,True,False,True,True,1280.4,,True,36468.85,1.0,20664.27,0.0,,,,,0.001,True,True,,,,,,,,,,,,,,,
E1-A-NQ,ev,straddle_tight_0830-NQ-tf30,straddle_tight_0830,NQ,30,pre,,A,,True,False,False,False,False,days+shift,27,0,0,1.0,10083.962962962964,10305.0,224.33333333333334,227,96,True,True,True,False,True,True,319.2,320.3,,,,,,,,,,0.629,True,True,,,,,,,True,13240.46,1.0,-3156.5,True,0.9968,26.6,44.95,18.35
E1-A-ES,ev,straddle_tight_0830-ES-tf30,straddle_tight_0830,ES,30,pre,,A,,True,False,False,False,False,days+shift,27,0,0,0.48148148148148145,373.14814814814815,-179.0,225.0,227,96,False,False,False,False,False,True,320.2,321.0,,,,,,,,,,,,False,"1,2",,,,,,,,,,,,,,
E1-A-GC,ev,straddle_tight_0830-GC-tf30,straddle_tight_0830,GC,30,pre,,A,,True,False,False,False,False,days+shift,27,0,0,0.9629629629629629,10184.666666666666,10598.0,221.33333333333334,226,96,True,True,True,False,True,True,315.4,317.3,,,,,,,,,,0.452,True,True,,,,,,,True,15003.11,1.0,-4818.44,True,1.0,36.35,46.02,9.66
E1-B-NQ,ev,straddle_tight_0830-NQ-tf30,straddle_tight_0830,NQ,30,pre,,B,,True,False,False,False,False,days+shift,27,0,0,1.0,9145.518518518518,9047.0,157.0,159,68,True,True,True,False,True,True,224.1,225.0,,,,,,,,,,0.7369,True,True,,,,,,,True,11068.96,1.0,-1923.44,True,0.9998,39.91,58.25,18.35
E1-B-ES,ev,straddle_tight_0830-ES-tf30,straddle_tight_0830,ES,30,pre,,B,,True,False,False,False,False,days+shift,27,0,0,0.8518518518518519,2819.3888888888887,2118.0,158.0,159,68,True,True,True,False,True,True,225.6,226.0,,,,,,,,,,0.717,True,True,,,,,,,True,8359.82,1.0,-5540.44,True,1.0,32.64,17.84,-14.79
E1-B-GC,ev,straddle_tight_0830-GC-tf30,straddle_tight_0830,GC,30,pre,,B,,True,False,False,False,False,days+shift,27,0,0,1.0,8698.296296296296,8066.0,155.33333333333334,158,68,True,True,True,False,True,True,222.2,223.3,,,,,,,,,,0.5672,True,True,,,,,,,True,12094.37,1.0,-3396.07,True,1.0,46.33,56.0,9.66
E2-A-NQ,ev,straddle_t_0830-NQ-tf30,straddle_t_0830,NQ,30,pre,,A,,True,False,False,False,False,days+shift,160,0,0,0.79375,11132.775,8377.5,220.4,227,96,True,True,False,False,True,True,313.6,316.4,,,,,,,,,,0.0789,False,False,2,,,,,,False,9549.34,0.92,1583.43,False,0.233,-32.57,50.51,83.08
E2-A-ES,ev,straddle_t_0830-ES-tf30,straddle_t_0830,ES,30,pre,,A,,True,False,False,False,False,days+shift,160,0,0,0.30625,-3564.04375,-3229.0,219.8,227,96,False,False,False,False,False,True,312.8,315.8,,,,,,,,,,,,False,"1,2",,,,,,,,,,,,,,
E2-A-GC,ev,straddle_t_0830-GC-tf30,straddle_t_0830,GC,30,pre,,A,,True,False,False,False,False,days+shift,160,0,0,0.63125,3789.6125,3058.0,218.8,226,96,True,False,False,False,True,True,311.7,314.8,,,,,,,,,,0.1009,False,False,2,,,,,,True,6370.22,0.98,-2580.61,False,0.8347,25.13,17.32,-7.81
E2-B-NQ,ev,straddle_t_0830-NQ-tf30,straddle_t_0830,NQ,30,pre,,B,,True,False,False,False,False,days+shift,160,0,0,0.7375,4534.90625,5252.0,156.0,159,68,True,True,False,False,True,True,222.7,224.0,,,,,,,,,,0.1115,False,False,2,,,,,,False,6439.25,0.865,-1904.35,False,0.1752,-54.01,29.07,83.08
E2-B-ES,ev,straddle_t_0830-ES-tf30,straddle_t_0830,ES,30,pre,,B,,True,False,False,False,False,days+shift,160,0,0,0.38125,-3424.1375,-2493.75,155.8,159,68,False,False,False,False,False,True,222.4,223.8,,,,,,,,,,,,False,"1,2",,,,,,,,,,,,,,
E2-B-GC,ev,straddle_t_0830-GC-tf30,straddle_t_0830,GC,30,pre,,B,,True,False,False,False,False,days+shift,160,0,0,0.65,2795.4625,3302.0,153.4,158,68,True,False,False,False,True,True,219.4,221.4,,,,,,,,,,0.1377,False,False,2,,,,,,True,6536.28,0.975,-3740.81,False,0.7853,26.03,18.22,-7.81
E3-C-NQ,ev,straddle_tight_1000-NQ-tf30,straddle_tight_1000,NQ,30,nyam,,C,,True,False,False,False,False,days+shift,27,0,0,0.9629629629629629,4100.37037037037,3215.0,95.0,97,46,True,True,True,False,True,True,140.1,141.0,,,,,,,,,,0.5208,True,True,,,,,,,True,6904.78,1.0,-2804.41,True,0.9955,42.74,43.16,0.42
E3-C-ES,ev,straddle_tight_1000-ES-tf30,straddle_tight_1000,ES,30,nyam,,C,,True,False,False,False,False,days+shift,27,0,0,0.8148148148148148,1991.6296296296296,1449.5,97.0,97,46,True,True,True,False,True,True,143.0,143.0,,,,,,,,,,0.4322,True,True,,,,,,,True,6028.67,1.0,-4037.04,True,1.0,41.67,20.53,-21.14
E3-C-GC,ev,straddle_tight_1000-GC-tf30,straddle_tight_1000,GC,30,nyam,,C,,True,False,False,False,False,days+shift,27,0,0,1.0,8210.074074074075,8202.0,96.0,97,46,True,True,True,False,True,True,141.5,142.0,,,,,,,,,,0.3902,True,True,,,,,,,True,9603.41,1.0,-1393.33,True,1.0,94.94,85.52,-9.42
W-A-NQ,en,straddle_wide_0830-NQ-tf30,straddle_wide_0830,NQ,30,pre,,A,,True,False,False,False,False,days+shift,36,0,0,1.0,9663.388888888889,8517.0,182.0,227,96,True,True,True,False,True,True,259.0,278.0,,,,,,,,,,0.2822,False,False,2,,,,,,True,13411.24,1.0,-3747.85,False,0.6975,9.76,53.1,43.33
W-A-ES,en,straddle_wide_0830-ES-tf30,straddle_wide_0830,ES,30,pre,,A,,True,False,False,False,False,days+shift,36,0,0,0.5277777777777778,871.9861111111111,181.5,171.5,227,96,False,False,False,False,False,True,244.0,267.5,,,,,,,,,,0.2944,False,False,"1,2",,,,,,True,6603.92,1.0,-5731.94,False,0.7375,8.31,5.08,-3.22
W-A-GC,en,straddle_wide_0830-GC-tf30,straddle_wide_0830,GC,30,pre,,A,,True,False,False,False,False,days+shift,36,0,0,0.6111111111111112,727.9444444444445,715.0,152.25,226,96,True,False,False,False,True,True,216.9,248.2,,,,,,,,,,0.2248,False,False,2,,,,,,False,1246.89,0.9,-518.94,False,0.6468,6.35,4.78,-1.57
W-B-NQ,en,straddle_wide_0830-NQ-tf30,straddle_wide_0830,NQ,30,pre,,B,,True,False,False,False,False,days+shift,36,0,0,1.0,10746.388888888889,9548.0,140.0,159,68,True,True,True,False,True,True,199.9,208.0,,,,,,,,,,0.3267,False,False,2,,,,,,True,12697.06,1.0,-1950.67,False,0.901,33.43,76.76,43.33
W-B-ES,en,straddle_wide_0830-ES-tf30,straddle_wide_0830,ES,30,pre,,B,,True,False,False,False,False,days+shift,36,0,0,0.8055555555555556,2898.722222222222,2194.75,134.0,159,68,True,True,True,False,True,True,191.3,202.0,,,,,,,,,,0.3319,False,False,2,,,,,,True,6866.35,1.0,-3967.63,False,0.9137,24.86,21.63,-3.22
W-B-GC,en,straddle_wide_0830-GC-tf30,straddle_wide_0830,GC,30,pre,,B,,True,False,False,False,False,days+shift,36,0,0,0.5277777777777778,-597.6111111111111,307.0,118.5,158,68,False,False,False,False,False,True,169.5,186.5,,,,,,,,,,,,False,"1,2",,,,,,,,,,,,,,
W-C-NQ,en,straddle_wide_1000-NQ-tf30,straddle_wide_1000,NQ,30,nyam,,C,,True,False,False,False,False,days+shift,36,0,0,0.6666666666666666,2057.75,1338.5,87.75,97,46,True,False,False,False,True,True,129.4,133.8,,,,,,,,,,0.0928,False,False,2,,,,,,True,3718.18,1.0,-1660.43,False,0.8792,38.94,23.45,-15.49
W-C-ES,en,straddle_wide_1000-ES-tf30,straddle_wide_1000,ES,30,nyam,,C,,True,False,False,False,False,days+shift,36,0,0,0.5,423.22222222222223,-282.0,87.25,97,46,False,False,False,False,False,True,128.6,133.2,,,,,,,,,,0.062,True,False,1,,,,,,True,2975.4,1.0,-2552.17,True,0.9623,37.56,4.85,-32.71
W-C-GC,en,straddle_wide_1000-GC-tf30,straddle_wide_1000,GC,30,nyam,,C,,True,False,False,False,False,days+shift,36,0,0,0.6666666666666666,2223.6666666666665,1933.0,63.25,97,46,True,False,False,False,True,False,93.2,109.2,,,,,,,,,,0.0963,False,False,"2,3",,,,,,True,1808.03,0.98,415.64,False,0.8758,39.36,35.16,-4.21
D-A-NQ,en,event_dir_0830-NQ-tf30,event_dir_0830,NQ,30,pre,,A,,True,False,False,False,False,days+shift,224,0,0,0.21875,-10620.660714285714,-7454.5,204.42857142857142,227,96,False,False,False,False,False,True,290.9,300.4,,,,,,,,,,,,False,"1,2",,,,,,,,,,,,,,
D-A-ES,en,event_dir_0830-ES-tf30,event_dir_0830,ES,30,pre,,A,,True,False,False,False,False,days+shift,224,0,0,0.20535714285714285,-5228.486607142857,-6444.5,193.14285714285714,227,96,False,False,False,False,False,True,274.8,289.1,,,,,,,,,,,,False,"1,2",,,,,,,,,,,,,,
D-A-GC,en,event_dir_0830-GC-tf30,event_dir_0830,GC,30,pre,,A,,True,False,False,False,False,days+shift,224,0,0,0.08482142857142858,-9311.982142857143,-7667.0,189.71428571428572,226,96,False,False,False,False,False,True,270.3,285.7,,,,,,,,,,,,False,"1,2",,,,,,,,,,,,,,
D-B-NQ,en,event_dir_0830-NQ-tf30,event_dir_0830,NQ,30,pre,,B,,True,False,False,False,False,days+shift,224,0,0,0.1875,-10601.089285714286,-6353.0,143.28571428571428,159,68,False,False,False,False,False,True,204.6,211.3,,,,,,,,,,,,False,"1,2",,,,,,,,,,,,,,
D-B-ES,en,event_dir_0830-ES-tf30,event_dir_0830,ES,30,pre,,B,,True,False,False,False,False,days+shift,224,0,0,0.13839285714285715,-7822.772321428572,-7074.0,134.57142857142858,159,68,False,False,False,False,False,True,192.1,202.6,,,,,,,,,,,,False,"1,2",,,,,,,,,,,,,,
D-B-GC,en,event_dir_0830-GC-tf30,event_dir_0830,GC,30,pre,,B,,True,False,False,False,False,days+shift,224,0,0,0.05357142857142857,-7947.910714285715,-7046.0,133.42857142857142,158,68,False,False,False,False,False,True,190.9,201.4,,,,,,,,,,,,False,"1,2",,,,,,,,,,,,,,
D-C-NQ,en,event_dir_1000-NQ-tf30,event_dir_1000,NQ,30,nyam,,C,,True,False,False,False,False,days+shift,224,0,0,0.45982142857142855,458.25,-365.5,93.42857142857143,97,46,False,False,False,False,False,True,137.7,139.4,,,,,,,,,,,,False,"1,2",,,,,,,,,,,,,,
D-C-ES,en,event_dir_1000-ES-tf30,event_dir_1000,ES,30,nyam,,C,,True,False,False,False,False,days+shift,224,0,0,0.5401785714285714,328.80580357142856,242.75,92.14285714285714,97,46,False,False,False,False,False,True,135.8,138.1,,,,,,,,,,0.0112,False,False,"1,2",,,,,,False,-381.81,0.44,710.61,False,0.6853,19.14,3.57,-15.58
D-C-GC,en,event_dir_1000-GC-tf30,event_dir_1000,GC,30,nyam,,C,,True,False,False,False,False,days+shift,224,0,0,0.7767857142857143,4785.901785714285,3103.0,93.71428571428571,97,46,True,True,False,False,True,True,138.2,139.7,,,,,,,,,,0.0069,False,False,2,,,,,,False,-2586.03,0.255,7371.93,True,0.9525,62.43,51.07,-11.36
donchian-NQ-tf5|nyam||vol_lo,2a,donchian-NQ-tf5,donchian,NQ,5,nyam,,,vol_lo,False,False,False,False,False,days+c1,128,0,0,0.8125,38694.78125,35030.0,473.84375,280,119,True,True,True,False,True,True,675.2,592.8,False,-5702.88,0.245,44397.66,0.0005,,,,,0.001,False,False,2,,,,,,,,,,True,0.9932,63.24,81.66,18.42
straddle_t_0830-NQ-tf30|pre||news_only,2a,straddle_t_0830-NQ-tf30,straddle_t_0830,NQ,30,pre,,,news_only,True,False,False,False,False,days+shift,160,0,0,0.9125,12387.04375,13006.5,69.2,73,31,True,True,True,False,True,False,98.6,100.2,,,,,,,,,,0.1486,False,False,"2,3",,,,,,True,16213.77,1.0,-3826.72,False,0.8445,95.93,179.0,83.08
