unit,cell,dead,author_cell,trades,net,t
va_reclaim-ES-tf15|asia|,d_atr0_atr1p5-r0,False,False,117,3157.0,0.25
va_reclaim-ES-tf15|asia|,d_atr0_atr1p5-r1,False,False,118,-4672.0,-1.432
va_reclaim-ES-tf15|asia|,d_atr0_atr1p5-r2,False,False,117,-5668.0,-1.308
va_reclaim-ES-tf15|asia|,d_atr0_atr1p5-r3,False,False,117,-1830.5,-0.333
va_reclaim-ES-tf15|asia|,d_atr0_atr3-r0,False,False,117,-3193.0,-0.211
va_reclaim-ES-tf15|asia|,d_atr0_atr3-r1,False,False,117,-5555.5,-0.86
va_reclaim-ES-tf15|asia|,d_atr0_atr3-r2,False,False,117,-4168.0,-0.475
va_reclaim-ES-tf15|asia|,d_atr0_atr3-r3,False,False,117,-6268.0,-0.616
va_reclaim-ES-tf15|asia|,d_atr0_pts2p5-r0,False,False,118,3428.0,0.374
va_reclaim-ES-tf15|asia|,d_atr0_pts2p5-r1,False,False,118,-5934.5,-4.352
va_reclaim-ES-tf15|asia|,d_atr0_pts2p5-r2,False,False,118,-6234.5,-3.511
va_reclaim-ES-tf15|asia|,d_atr0_pts2p5-r3,False,False,118,-4909.5,-2.217
va_reclaim-ES-tf15|asia|,d_atr0_pts5-r0,False,False,117,-5205.5,-0.538
va_reclaim-ES-tf15|asia|,d_atr0_pts5-r1,False,False,118,-6334.5,-2.299
va_reclaim-ES-tf15|asia|,d_atr0_pts5-r2,False,False,117,-5255.5,-1.397
va_reclaim-ES-tf15|asia|,d_atr0_pts5-r3,False,False,117,-3843.0,-0.829
va_reclaim-ES-tf15|asia|,d_atr0_pts8-r0,False,False,117,5582.0,0.384
va_reclaim-ES-tf15|asia|,d_atr0_pts8-r1,False,False,117,-6480.5,-1.478
va_reclaim-ES-tf15|asia|,d_atr0_pts8-r2,False,False,117,-1443.0,-0.232
va_reclaim-ES-tf15|asia|,d_atr0_pts8-r3,False,False,117,-3630.5,-0.491
va_reclaim-ES-tf15|asia|,d_atr0_pts12-r0,False,False,117,10582.0,0.641
va_reclaim-ES-tf15|asia|,d_atr0_pts12-r1,False,False,117,-3655.5,-0.558
va_reclaim-ES-tf15|asia|,d_atr0_pts12-r2,False,False,117,632.0,0.069
va_reclaim-ES-tf15|asia|,d_atr0_pts12-r3,False,False,117,782.0,0.071
va_reclaim-ES-tf15|asia|,d_atr0_pct0p1-r0,False,False,117,-1168.0,-0.122
va_reclaim-ES-tf15|asia|,d_atr0_pct0p1-r1,False,False,118,-5909.5,-2.521
va_reclaim-ES-tf15|asia|,d_atr0_pct0p1-r2,False,False,117,-3993.0,-1.237
va_reclaim-ES-tf15|asia|,d_atr0_pct0p1-r3,False,False,117,-5130.5,-1.334
va_reclaim-ES-tf15|asia|,d_atr0_pct0p2-r0,False,False,117,807.0,0.057
va_reclaim-ES-tf15|asia|,d_atr0_pct0p2-r1,False,False,117,-6655.5,-1.436
va_reclaim-ES-tf15|asia|,d_atr0_pct0p2-r2,False,False,117,-3368.0,-0.525
va_reclaim-ES-tf15|asia|,d_atr0_pct0p2-r3,False,False,117,-4755.5,-0.62
va_reclaim-ES-tf15|asia|,d_atr0p25_atr1p5-r0,False,False,98,1908.0,0.161
va_reclaim-ES-tf15|asia|,d_atr0p25_atr1p5-r1,False,False,99,-3733.5,-1.295
va_reclaim-ES-tf15|asia|,d_atr0p25_atr1p5-r2,False,False,98,-7579.5,-2.074
va_reclaim-ES-tf15|asia|,d_atr0p25_atr1p5-r3,False,False,98,-6342.0,-1.417
va_reclaim-ES-tf15|asia|,d_atr0p25_atr3-r0,False,False,98,-2042.0,-0.143
va_reclaim-ES-tf15|asia|,d_atr0p25_atr3-r1,False,False,98,-6267.0,-1.102
va_reclaim-ES-tf15|asia|,d_atr0p25_atr3-r2,False,False,98,-1392.0,-0.178
va_reclaim-ES-tf15|asia|,d_atr0p25_atr3-r3,False,False,98,-5467.0,-0.608
va_reclaim-ES-tf15|asia|,d_atr0p25_pts2p5-r0,False,False,99,-558.5,-0.068
va_reclaim-ES-tf15|asia|,d_atr0p25_pts2p5-r1,False,False,99,-5871.0,-4.822
va_reclaim-ES-tf15|asia|,d_atr0p25_pts2p5-r2,False,False,99,-7033.5,-4.706
va_reclaim-ES-tf15|asia|,d_atr0p25_pts2p5-r3,False,False,99,-5808.5,-3.079
va_reclaim-ES-tf15|asia|,d_atr0p25_pts5-r0,False,False,98,-7192.0,-0.822
va_reclaim-ES-tf15|asia|,d_atr0p25_pts5-r1,False,False,99,-5883.5,-2.339
va_reclaim-ES-tf15|asia|,d_atr0p25_pts5-r2,False,False,98,-6292.0,-1.878
va_reclaim-ES-tf15|asia|,d_atr0p25_pts5-r3,False,False,98,-6879.5,-1.727
va_reclaim-ES-tf15|asia|,d_atr0p25_pts8-r0,False,False,98,3733.0,0.271
va_reclaim-ES-tf15|asia|,d_atr0p25_pts8-r1,False,False,98,-4254.5,-1.056
va_reclaim-ES-tf15|asia|,d_atr0p25_pts8-r2,False,False,98,-4442.0,-0.799
va_reclaim-ES-tf15|asia|,d_atr0p25_pts8-r3,False,False,98,-8617.0,-1.351
va_reclaim-ES-tf15|asia|,d_atr0p25_pts12-r0,False,False,98,6995.5,0.451
va_reclaim-ES-tf15|asia|,d_atr0p25_pts12-r1,False,False,98,-5279.5,-0.882
va_reclaim-ES-tf15|asia|,d_atr0p25_pts12-r2,False,False,98,-5779.5,-0.716
va_reclaim-ES-tf15|asia|,d_atr0p25_pts12-r3,False,False,98,-4917.0,-0.506
va_reclaim-ES-tf15|asia|,d_atr0p25_pct0p1-r0,False,False,98,-3792.0,-0.437
va_reclaim-ES-tf15|asia|,d_atr0p25_pct0p1-r1,False,False,99,-5571.0,-2.602
va_reclaim-ES-tf15|asia|,d_atr0p25_pct0p1-r2,False,False,98,-4842.0,-1.676
va_reclaim-ES-tf15|asia|,d_atr0p25_pct0p1-r3,False,False,98,-6879.5,-2.068
va_reclaim-ES-tf15|asia|,d_atr0p25_pct0p2-r0,False,False,98,-829.5,-0.062
va_reclaim-ES-tf15|asia|,d_atr0p25_pct0p2-r1,False,False,98,-6267.0,-1.476
va_reclaim-ES-tf15|asia|,d_atr0p25_pct0p2-r2,False,False,98,-6592.0,-1.154
va_reclaim-ES-tf15|asia|,d_atr0p25_pct0p2-r3,False,False,98,-10042.0,-1.53
va_reclaim-ES-tf15|asia|,d_atr0p5_atr1p5-r0,False,False,85,3997.5,0.341
va_reclaim-ES-tf15|asia|,d_atr0p5_atr1p5-r1,False,False,85,-4890.0,-1.867
va_reclaim-ES-tf15|asia|,d_atr0p5_atr1p5-r2,False,False,85,-6765.0,-2.014
va_reclaim-ES-tf15|asia|,d_atr0p5_atr1p5-r3,False,False,85,-5677.5,-1.383
va_reclaim-ES-tf15|asia|,d_atr0p5_atr3-r0,False,False,85,-2377.5,-0.174
va_reclaim-ES-tf15|asia|,d_atr0p5_atr3-r1,False,False,85,-8215.0,-1.578
va_reclaim-ES-tf15|asia|,d_atr0p5_atr3-r2,False,False,85,-6015.0,-0.877
va_reclaim-ES-tf15|asia|,d_atr0p5_atr3-r3,False,False,85,-5390.0,-0.663
va_reclaim-ES-tf15|asia|,d_atr0p5_pts2p5-r0,False,False,85,-3077.5,-0.443
va_reclaim-ES-tf15|asia|,d_atr0p5_pts2p5-r1,False,False,85,-5727.5,-5.226
va_reclaim-ES-tf15|asia|,d_atr0p5_pts2p5-r2,False,False,85,-6602.5,-4.953
va_reclaim-ES-tf15|asia|,d_atr0p5_pts2p5-r3,False,False,85,-5365.0,-3.136
va_reclaim-ES-tf15|asia|,d_atr0p5_pts5-r0,False,False,85,-5515.0,-0.643
va_reclaim-ES-tf15|asia|,d_atr0p5_pts5-r1,False,False,85,-5740.0,-2.478
va_reclaim-ES-tf15|asia|,d_atr0p5_pts5-r2,False,False,85,-5877.5,-1.898
va_reclaim-ES-tf15|asia|,d_atr0p5_pts5-r3,False,False,85,-6452.5,-1.758
va_reclaim-ES-tf15|asia|,d_atr0p5_pts8-r0,False,False,85,7210.0,0.529
va_reclaim-ES-tf15|asia|,d_atr0p5_pts8-r1,False,False,85,-3715.0,-0.989
va_reclaim-ES-tf15|asia|,d_atr0p5_pts8-r2,False,False,85,-2665.0,-0.509
va_reclaim-ES-tf15|asia|,d_atr0p5_pts8-r3,False,False,85,-6427.5,-1.068
va_reclaim-ES-tf15|asia|,d_atr0p5_pts12-r0,False,False,85,3510.0,0.237
va_reclaim-ES-tf15|asia|,d_atr0p5_pts12-r1,False,False,85,-5752.5,-1.034
va_reclaim-ES-tf15|asia|,d_atr0p5_pts12-r2,False,False,85,-9165.0,-1.252
va_reclaim-ES-tf15|asia|,d_atr0p5_pts12-r3,False,False,85,-9490.0,-1.097
va_reclaim-ES-tf15|asia|,d_atr0p5_pct0p1-r0,False,False,85,-2627.5,-0.309
va_reclaim-ES-tf15|asia|,d_atr0p5_pct0p1-r1,False,False,85,-6715.0,-3.48
va_reclaim-ES-tf15|asia|,d_atr0p5_pct0p1-r2,False,False,85,-4552.5,-1.701
va_reclaim-ES-tf15|asia|,d_atr0p5_pct0p1-r3,False,False,85,-5690.0,-1.819
va_reclaim-ES-tf15|asia|,d_atr0p5_pct0p2-r0,False,False,85,2372.5,0.178
va_reclaim-ES-tf15|asia|,d_atr0p5_pct0p2-r1,False,False,85,-4927.5,-1.24
va_reclaim-ES-tf15|asia|,d_atr0p5_pct0p2-r2,False,False,85,-3965.0,-0.728
va_reclaim-ES-tf15|asia|,d_atr0p5_pct0p2-r3,False,False,85,-8277.5,-1.339
va_reclaim-ES-tf15|eve|,d_atr0_atr1p5-r0,False,False,220,-24530.0,-1.95
va_reclaim-ES-tf15|eve|,d_atr0_atr1p5-r1,False,False,227,-15008.0,-2.719
va_reclaim-ES-tf15|eve|,d_atr0_atr1p5-r2,False,False,225,-19537.5,-2.779
va_reclaim-ES-tf15|eve|,d_atr0_atr1p5-r3,False,False,222,-20388.0,-2.537
va_reclaim-ES-tf15|eve|,d_atr0_atr3-r0,False,False,219,-39913.5,-2.073
va_reclaim-ES-tf15|eve|,d_atr0_atr3-r1,False,False,224,-28121.0,-2.58
va_reclaim-ES-tf15|eve|,d_atr0_atr3-r2,False,False,221,-47284.0,-3.688
va_reclaim-ES-tf15|eve|,d_atr0_atr3-r3,False,False,219,-56676.0,-4.11
va_reclaim-ES-tf15|eve|,d_atr0_pts2p5-r0,False,False,222,-8725.5,-1.092
va_reclaim-ES-tf15|eve|,d_atr0_pts2p5-r1,False,False,227,-5345.5,-2.711
va_reclaim-ES-tf15|eve|,d_atr0_pts2p5-r2,False,False,227,-7708.0,-2.942
va_reclaim-ES-tf15|eve|,d_atr0_pts2p5-r3,False,False,226,-7891.5,-2.518
va_reclaim-ES-tf15|eve|,d_atr0_pts5-r0,False,False,221,-13784.0,-1.203
va_reclaim-ES-tf15|eve|,d_atr0_pts5-r1,False,False,227,-8220.5,-2.136
va_reclaim-ES-tf15|eve|,d_atr0_pts5-r2,False,False,225,-12687.5,-2.477
va_reclaim-ES-tf15|eve|,d_atr0_pts5-r3,False,False,223,-13867.0,-2.28
va_reclaim-ES-tf15|eve|,d_atr0_pts8-r0,False,False,220,-32042.5,-2.419
va_reclaim-ES-tf15|eve|,d_atr0_pts8-r1,False,False,226,-14504.0,-2.391
va_reclaim-ES-tf15|eve|,d_atr0_pts8-r2,False,False,223,-19892.0,-2.474
va_reclaim-ES-tf15|eve|,d_atr0_pts8-r3,False,False,223,-21154.5,-2.204
va_reclaim-ES-tf15|eve|,d_atr0_pts12-r0,False,False,219,-17688.5,-0.912
va_reclaim-ES-tf15|eve|,d_atr0_pts12-r1,False,False,224,-18696.0,-2.076
va_reclaim-ES-tf15|eve|,d_atr0_pts12-r2,False,False,222,-21263.0,-1.758
va_reclaim-ES-tf15|eve|,d_atr0_pts12-r3,False,False,219,-28026.0,-2.018
va_reclaim-ES-tf15|eve|,d_atr0_pct0p1-r0,False,False,221,-14396.5,-1.402
va_reclaim-ES-tf15|eve|,d_atr0_pct0p1-r1,False,False,227,-8345.5,-2.551
va_reclaim-ES-tf15|eve|,d_atr0_pct0p1-r2,False,False,226,-8641.5,-1.943
va_reclaim-ES-tf15|eve|,d_atr0_pct0p1-r3,False,False,224,-9696.0,-1.829
va_reclaim-ES-tf15|eve|,d_atr0_pct0p2-r0,False,False,220,-24130.0,-1.668
va_reclaim-ES-tf15|eve|,d_atr0_pct0p2-r1,False,False,226,-16491.5,-2.58
va_reclaim-ES-tf15|eve|,d_atr0_pct0p2-r2,False,False,223,-16667.0,-1.941
va_reclaim-ES-tf15|eve|,d_atr0_pct0p2-r3,False,False,222,-21550.5,-2.142
va_reclaim-ES-tf15|eve|,d_atr0p25_atr1p5-r0,False,False,193,-24972.0,-2.211
va_reclaim-ES-tf15|eve|,d_atr0p25_atr1p5-r1,False,False,198,-14467.0,-2.825
va_reclaim-ES-tf15|eve|,d_atr0p25_atr1p5-r2,False,False,197,-16125.5,-2.427
va_reclaim-ES-tf15|eve|,d_atr0p25_atr1p5-r3,False,False,195,-19930.0,-2.648
va_reclaim-ES-tf15|eve|,d_atr0p25_atr3-r0,False,False,192,-36768.0,-2.057
va_reclaim-ES-tf15|eve|,d_atr0p25_atr3-r1,False,False,196,-25046.5,-2.466
va_reclaim-ES-tf15|eve|,d_atr0p25_atr3-r2,False,False,194,-42088.5,-3.493
va_reclaim-ES-tf15|eve|,d_atr0p25_atr3-r3,False,False,192,-50293.0,-3.876
va_reclaim-ES-tf15|eve|,d_atr0p25_pts2p5-r0,False,False,194,-13588.5,-2.254
va_reclaim-ES-tf15|eve|,d_atr0p25_pts2p5-r1,False,False,198,-6229.5,-3.409
va_reclaim-ES-tf15|eve|,d_atr0p25_pts2p5-r2,False,False,198,-7867.0,-3.27
va_reclaim-ES-tf15|eve|,d_atr0p25_pts2p5-r3,False,False,197,-7375.5,-2.542
va_reclaim-ES-tf15|eve|,d_atr0p25_pts5-r0,False,False,193,-15522.0,-1.532
va_reclaim-ES-tf15|eve|,d_atr0p25_pts5-r1,False,False,198,-7154.5,-1.989
va_reclaim-ES-tf15|eve|,d_atr0p25_pts5-r2,False,False,197,-12088.0,-2.541
va_reclaim-ES-tf15|eve|,d_atr0p25_pts5-r3,False,False,195,-14505.0,-2.61
va_reclaim-ES-tf15|eve|,d_atr0p25_pts8-r0,False,False,193,-30447.0,-2.53
va_reclaim-ES-tf15|eve|,d_atr0p25_pts8-r1,False,False,197,-12175.5,-2.147
va_reclaim-ES-tf15|eve|,d_atr0p25_pts8-r2,False,False,195,-20355.0,-2.748
va_reclaim-ES-tf15|eve|,d_atr0p25_pts8-r3,False,False,195,-20780.0,-2.35
va_reclaim-ES-tf15|eve|,d_atr0p25_pts12-r0,False,False,192,-18380.5,-1.014
va_reclaim-ES-tf15|eve|,d_atr0p25_pts12-r1,False,False,196,-20834.0,-2.486
va_reclaim-ES-tf15|eve|,d_atr0p25_pts12-r2,False,False,194,-22126.0,-1.981
va_reclaim-ES-tf15|eve|,d_atr0p25_pts12-r3,False,False,192,-29880.5,-2.353
va_reclaim-ES-tf15|eve|,d_atr0p25_pct0p1-r0,False,False,193,-17147.0,-1.951
va_reclaim-ES-tf15|eve|,d_atr0p25_pct0p1-r1,False,False,198,-7967.0,-2.61
va_reclaim-ES-tf15|eve|,d_atr0p25_pct0p1-r2,False,False,197,-8613.0,-2.092
va_reclaim-ES-tf15|eve|,d_atr0p25_pct0p1-r3,False,False,196,-10159.0,-2.082
va_reclaim-ES-tf15|eve|,d_atr0p25_pct0p2-r0,False,False,193,-23909.5,-1.801
va_reclaim-ES-tf15|eve|,d_atr0p25_pct0p2-r1,False,False,197,-15063.0,-2.525
va_reclaim-ES-tf15|eve|,d_atr0p25_pct0p2-r2,False,False,195,-17142.5,-2.158
va_reclaim-ES-tf15|eve|,d_atr0p25_pct0p2-r3,False,False,194,-25926.0,-2.879
va_reclaim-ES-tf15|eve|,d_atr0p5_atr1p5-r0,False,False,166,-17451.5,-1.573
va_reclaim-ES-tf15|eve|,d_atr0p5_atr1p5-r1,False,False,170,-9692.5,-2.04
va_reclaim-ES-tf15|eve|,d_atr0p5_atr1p5-r2,False,False,169,-10338.5,-1.636
va_reclaim-ES-tf15|eve|,d_atr0p5_atr1p5-r3,False,False,168,-15409.5,-2.161
va_reclaim-ES-tf15|eve|,d_atr0p5_atr3-r0,False,False,165,-31097.5,-1.842
va_reclaim-ES-tf15|eve|,d_atr0p5_atr3-r1,False,False,168,-16747.0,-1.78
va_reclaim-ES-tf15|eve|,d_atr0p5_atr3-r2,False,False,167,-33868.0,-3.025
va_reclaim-ES-tf15|eve|,d_atr0p5_atr3-r3,False,False,165,-44260.0,-3.727
va_reclaim-ES-tf15|eve|,d_atr0p5_pts2p5-r0,False,False,167,-9630.5,-1.591
va_reclaim-ES-tf15|eve|,d_atr0p5_pts2p5-r1,False,False,170,-6992.5,-4.192
va_reclaim-ES-tf15|eve|,d_atr0p5_pts2p5-r2,False,False,170,-8167.5,-3.768
va_reclaim-ES-tf15|eve|,d_atr0p5_pts2p5-r3,False,False,169,-7001.0,-2.643
va_reclaim-ES-tf15|eve|,d_atr0p5_pts5-r0,False,False,166,-10001.5,-1.002
va_reclaim-ES-tf15|eve|,d_atr0p5_pts5-r1,False,False,170,-5330.0,-1.596
va_reclaim-ES-tf15|eve|,d_atr0p5_pts5-r2,False,False,169,-9201.0,-2.065
va_reclaim-ES-tf15|eve|,d_atr0p5_pts5-r3,False,False,168,-11359.5,-2.172
va_reclaim-ES-tf15|eve|,d_atr0p5_pts8-r0,False,False,166,-25101.5,-2.207
va_reclaim-ES-tf15|eve|,d_atr0p5_pts8-r1,False,False,169,-9451.0,-1.796
va_reclaim-ES-tf15|eve|,d_atr0p5_pts8-r2,False,False,168,-12747.0,-1.803
va_reclaim-ES-tf15|eve|,d_atr0p5_pts8-r3,False,False,168,-14372.0,-1.708
va_reclaim-ES-tf15|eve|,d_atr0p5_pts12-r0,False,False,165,-15947.5,-0.933
va_reclaim-ES-tf15|eve|,d_atr0p5_pts12-r1,False,False,168,-14484.5,-1.858
va_reclaim-ES-tf15|eve|,d_atr0p5_pts12-r2,False,False,167,-15393.0,-1.464
va_reclaim-ES-tf15|eve|,d_atr0p5_pts12-r3,False,False,165,-26047.5,-2.218
va_reclaim-ES-tf15|eve|,d_atr0p5_pct0p1-r0,False,False,166,-12576.5,-1.457
va_reclaim-ES-tf15|eve|,d_atr0p5_pct0p1-r1,False,False,170,-7592.5,-2.698
va_reclaim-ES-tf15|eve|,d_atr0p5_pct0p1-r2,False,False,169,-7376.0,-1.938
va_reclaim-ES-tf15|eve|,d_atr0p5_pct0p1-r3,False,False,168,-8134.5,-1.792
va_reclaim-ES-tf15|eve|,d_atr0p5_pct0p2-r0,False,False,166,-17914.0,-1.415
va_reclaim-ES-tf15|eve|,d_atr0p5_pct0p2-r1,False,False,169,-11376.0,-2.057
va_reclaim-ES-tf15|eve|,d_atr0p5_pct0p2-r2,False,False,168,-9022.0,-1.193
va_reclaim-ES-tf15|eve|,d_atr0p5_pct0p2-r3,False,False,167,-19093.0,-2.239
va_reclaim-ES-tf15|london|,d_atr0_atr1p5-r0,False,False,275,-7262.5,-0.397
va_reclaim-ES-tf15|london|,d_atr0_atr1p5-r1,False,False,292,-10155.5,-1.458
va_reclaim-ES-tf15|london|,d_atr0_atr1p5-r2,False,False,288,-6214.5,-0.651
va_reclaim-ES-tf15|london|,d_atr0_atr1p5-r3,False,False,281,-19349.0,-1.826
va_reclaim-ES-tf15|london|,d_atr0_atr3-r0,False,False,271,-271.5,-0.011
va_reclaim-ES-tf15|london|,d_atr0_atr3-r1,False,False,288,-19314.5,-1.407
va_reclaim-ES-tf15|london|,d_atr0_atr3-r2,False,False,273,-21904.5,-1.281
va_reclaim-ES-tf15|london|,d_atr0_atr3-r3,False,False,271,-9146.5,-0.463
va_reclaim-ES-tf15|london|,d_atr0_pts2p5-r0,False,False,281,10163.5,0.753
va_reclaim-ES-tf15|london|,d_atr0_pts2p5-r1,False,False,292,-8505.5,-3.826
va_reclaim-ES-tf15|london|,d_atr0_pts2p5-r2,False,False,292,-9543.0,-3.201
va_reclaim-ES-tf15|london|,d_atr0_pts2p5-r3,False,False,292,-9030.5,-2.503
va_reclaim-ES-tf15|london|,d_atr0_pts5-r0,False,False,278,2500.5,0.156
va_reclaim-ES-tf15|london|,d_atr0_pts5-r1,False,False,292,-9655.5,-2.21
va_reclaim-ES-tf15|london|,d_atr0_pts5-r2,False,False,288,-5464.5,-0.902
va_reclaim-ES-tf15|london|,d_atr0_pts5-r3,False,False,282,-4915.5,-0.672
va_reclaim-ES-tf15|london|,d_atr0_pts8-r0,False,False,273,-12192.0,-0.691
va_reclaim-ES-tf15|london|,d_atr0_pts8-r1,False,False,291,-16389.0,-2.376
va_reclaim-ES-tf15|london|,d_atr0_pts8-r2,False,False,279,-10916.0,-1.167
va_reclaim-ES-tf15|london|,d_atr0_pts8-r3,False,False,274,-12271.0,-1.11
va_reclaim-ES-tf15|london|,d_atr0_pts12-r0,False,False,272,-5063.0,-0.237
va_reclaim-ES-tf15|london|,d_atr0_pts12-r1,False,False,284,-20298.5,-2.001
va_reclaim-ES-tf15|london|,d_atr0_pts12-r2,False,False,274,-11721.0,-0.862
va_reclaim-ES-tf15|london|,d_atr0_pts12-r3,False,False,273,-4529.5,-0.277
va_reclaim-ES-tf15|london|,d_atr0_pct0p1-r0,False,False,280,5567.5,0.366
va_reclaim-ES-tf15|london|,d_atr0_pct0p1-r1,False,False,292,-8443.0,-2.263
va_reclaim-ES-tf15|london|,d_atr0_pct0p1-r2,False,False,291,-5189.0,-1.001
va_reclaim-ES-tf15|london|,d_atr0_pct0p1-r3,False,False,286,-3656.5,-0.579
va_reclaim-ES-tf15|london|,d_atr0_pct0p2-r0,False,False,273,-11692.0,-0.652
va_reclaim-ES-tf15|london|,d_atr0_pct0p2-r1,False,False,291,-17051.5,-2.342
va_reclaim-ES-tf15|london|,d_atr0_pct0p2-r2,False,False,278,-19337.0,-2.012
va_reclaim-ES-tf15|london|,d_atr0_pct0p2-r3,False,False,274,-13646.0,-1.185
va_reclaim-ES-tf15|london|,d_atr0p25_atr1p5-r0,False,False,262,-10198.0,-0.582
va_reclaim-ES-tf15|london|,d_atr0p25_atr1p5-r1,False,False,273,-8267.0,-1.212
va_reclaim-ES-tf15|london|,d_atr0p25_atr1p5-r2,False,False,269,-9438.5,-1.017
va_reclaim-ES-tf15|london|,d_atr0p25_atr1p5-r3,False,False,265,-19772.5,-1.906
va_reclaim-ES-tf15|london|,d_atr0p25_atr3-r0,False,False,258,-3657.0,-0.156
va_reclaim-ES-tf15|london|,d_atr0p25_atr3-r1,False,False,269,-23688.5,-1.767
va_reclaim-ES-tf15|london|,d_atr0p25_atr3-r2,False,False,260,-23202.5,-1.378
va_reclaim-ES-tf15|london|,d_atr0p25_atr3-r3,False,False,258,-9557.0,-0.492
va_reclaim-ES-tf15|london|,d_atr0p25_pts2p5-r0,False,False,267,11757.0,0.888
va_reclaim-ES-tf15|london|,d_atr0p25_pts2p5-r1,False,False,273,-8704.5,-4.062
va_reclaim-ES-tf15|london|,d_atr0p25_pts2p5-r2,False,False,273,-9954.5,-3.491
va_reclaim-ES-tf15|london|,d_atr0p25_pts2p5-r3,False,False,273,-9929.5,-2.899
va_reclaim-ES-tf15|london|,d_atr0p25_pts5-r0,False,False,263,7435.5,0.471
va_reclaim-ES-tf15|london|,d_atr0p25_pts5-r1,False,False,273,-9717.0,-2.302
va_reclaim-ES-tf15|london|,d_atr0p25_pts5-r2,False,False,271,-4746.5,-0.807
va_reclaim-ES-tf15|london|,d_atr0p25_pts5-r3,False,False,267,-4968.0,-0.699
va_reclaim-ES-tf15|london|,d_atr0p25_pts8-r0,False,False,259,-12973.5,-0.769
va_reclaim-ES-tf15|london|,d_atr0p25_pts8-r1,False,False,272,-13350.5,-1.998
va_reclaim-ES-tf15|london|,d_atr0p25_pts8-r2,False,False,264,-8306.0,-0.908
va_reclaim-ES-tf15|london|,d_atr0p25_pts8-r3,False,False,260,-8052.5,-0.739
va_reclaim-ES-tf15|london|,d_atr0p25_pts12-r0,False,False,259,-7198.5,-0.35
va_reclaim-ES-tf15|london|,d_atr0p25_pts12-r1,False,False,267,-13980.5,-1.415
va_reclaim-ES-tf15|london|,d_atr0p25_pts12-r2,False,False,260,-9052.5,-0.68
va_reclaim-ES-tf15|london|,d_atr0p25_pts12-r3,False,False,259,-1248.5,-0.078
va_reclaim-ES-tf15|london|,d_atr0p25_pct0p1-r0,False,False,265,9790.0,0.652
va_reclaim-ES-tf15|london|,d_atr0p25_pct0p1-r1,False,False,273,-7554.5,-2.091
va_reclaim-ES-tf15|london|,d_atr0p25_pct0p1-r2,False,False,272,-4613.0,-0.918
va_reclaim-ES-tf15|london|,d_atr0p25_pct0p1-r3,False,False,269,-4801.0,-0.788
va_reclaim-ES-tf15|london|,d_atr0p25_pct0p2-r0,False,False,259,-12611.0,-0.734
va_reclaim-ES-tf15|london|,d_atr0p25_pct0p2-r1,False,False,272,-15050.5,-2.13
va_reclaim-ES-tf15|london|,d_atr0p25_pct0p2-r2,False,False,264,-16156.0,-1.71
va_reclaim-ES-tf15|london|,d_atr0p25_pct0p2-r3,False,False,260,-9577.5,-0.842
va_reclaim-ES-tf15|london|,d_atr0p5_atr1p5-r0,False,False,241,-3089.0,-0.177
va_reclaim-ES-tf15|london|,d_atr0p5_atr1p5-r1,False,False,247,-9388.0,-1.469
va_reclaim-ES-tf15|london|,d_atr0p5_atr1p5-r2,False,False,245,-8655.0,-0.984
va_reclaim-ES-tf15|london|,d_atr0p5_atr1p5-r3,False,False,243,-16809.5,-1.685
va_reclaim-ES-tf15|london|,d_atr0p5_atr3-r0,False,False,239,2794.0,0.123
va_reclaim-ES-tf15|london|,d_atr0p5_atr3-r1,False,False,245,-17892.5,-1.411
va_reclaim-ES-tf15|london|,d_atr0p5_atr3-r2,False,False,241,-16289.0,-1.001
va_reclaim-ES-tf15|london|,d_atr0p5_atr3-r3,False,False,239,-5368.5,-0.285
va_reclaim-ES-tf15|london|,d_atr0p5_pts2p5-r0,False,False,241,17348.5,1.298
va_reclaim-ES-tf15|london|,d_atr0p5_pts2p5-r1,False,False,247,-9225.5,-4.562
va_reclaim-ES-tf15|london|,d_atr0p5_pts2p5-r2,False,False,247,-8988.0,-3.313
va_reclaim-ES-tf15|london|,d_atr0p5_pts2p5-r3,False,False,247,-7788.0,-2.351
va_reclaim-ES-tf15|london|,d_atr0p5_pts5-r0,False,False,240,11615.0,0.738
va_reclaim-ES-tf15|london|,d_atr0p5_pts5-r1,False,False,247,-10475.5,-2.617
va_reclaim-ES-tf15|london|,d_atr0p5_pts5-r2,False,False,245,-3155.0,-0.561
va_reclaim-ES-tf15|london|,d_atr0p5_pts5-r3,False,False,243,-4647.0,-0.686
va_reclaim-ES-tf15|london|,d_atr0p5_pts8-r0,False,False,239,-10231.0,-0.618
va_reclaim-ES-tf15|london|,d_atr0p5_pts8-r1,False,False,246,-12271.5,-1.931
va_reclaim-ES-tf15|london|,d_atr0p5_pts8-r2,False,False,241,-10851.5,-1.254
va_reclaim-ES-tf15|london|,d_atr0p5_pts8-r3,False,False,239,-10593.5,-1.028
va_reclaim-ES-tf15|london|,d_atr0p5_pts12-r0,False,False,239,-3118.5,-0.156
va_reclaim-ES-tf15|london|,d_atr0p5_pts12-r1,False,False,244,-10626.0,-1.124
va_reclaim-ES-tf15|london|,d_atr0p5_pts12-r2,False,False,239,-7531.0,-0.59
va_reclaim-ES-tf15|london|,d_atr0p5_pts12-r3,False,False,239,-206.0,-0.013
va_reclaim-ES-tf15|london|,d_atr0p5_pct0p1-r0,False,False,241,13186.0,0.88
va_reclaim-ES-tf15|london|,d_atr0p5_pct0p1-r1,False,False,247,-8013.0,-2.33
va_reclaim-ES-tf15|london|,d_atr0p5_pct0p1-r2,False,False,246,-3859.0,-0.804
va_reclaim-ES-tf15|london|,d_atr0p5_pct0p1-r3,False,False,244,-5301.0,-0.919
va_reclaim-ES-tf15|london|,d_atr0p5_pct0p2-r0,False,False,239,-9593.5,-0.569
va_reclaim-ES-tf15|london|,d_atr0p5_pct0p2-r1,False,False,246,-12246.5,-1.816
va_reclaim-ES-tf15|london|,d_atr0p5_pct0p2-r2,False,False,242,-16630.5,-1.848
va_reclaim-ES-tf15|london|,d_atr0p5_pct0p2-r3,False,False,239,-11293.5,-1.043
va_reclaim-ES-tf15|mid|,d_atr0_atr1p5-r0,False,False,201,-3579.0,-0.206
va_reclaim-ES-tf15|mid|,d_atr0_atr1p5-r1,False,False,222,-1288.0,-0.117
va_reclaim-ES-tf15|mid|,d_atr0_atr1p5-r2,False,False,205,-18145.0,-1.368
va_reclaim-ES-tf15|mid|,d_atr0_atr1p5-r3,False,False,202,-15195.5,-1.05
va_reclaim-ES-tf15|mid|,d_atr0_atr3-r0,False,False,201,-6229.0,-0.295
va_reclaim-ES-tf15|mid|,d_atr0_atr3-r1,False,False,205,-23270.0,-1.413
va_reclaim-ES-tf15|mid|,d_atr0_atr3-r2,False,False,201,-18966.5,-1.048
va_reclaim-ES-tf15|mid|,d_atr0_atr3-r3,False,False,201,-15479.0,-0.814
va_reclaim-ES-tf15|mid|,d_atr0_pts2p5-r0,False,False,215,-6447.5,-0.95
va_reclaim-ES-tf15|mid|,d_atr0_pts2p5-r1,False,False,227,-9020.5,-4.671
va_reclaim-ES-tf15|mid|,d_atr0_pts2p5-r2,False,False,227,-6545.5,-2.463
va_reclaim-ES-tf15|mid|,d_atr0_pts2p5-r3,False,False,225,-6462.5,-2.031
va_reclaim-ES-tf15|mid|,d_atr0_pts5-r0,False,False,209,7201.5,0.613
va_reclaim-ES-tf15|mid|,d_atr0_pts5-r1,False,False,227,-6170.5,-1.598
va_reclaim-ES-tf15|mid|,d_atr0_pts5-r2,False,False,223,-5167.0,-0.976
va_reclaim-ES-tf15|mid|,d_atr0_pts5-r3,False,False,220,-5455.0,-0.877
va_reclaim-ES-tf15|mid|,d_atr0_pts8-r0,False,False,205,11117.5,0.766
va_reclaim-ES-tf15|mid|,d_atr0_pts8-r1,False,False,224,-7258.5,-1.197
va_reclaim-ES-tf15|mid|,d_atr0_pts8-r2,False,False,218,1840.5,0.223
va_reclaim-ES-tf15|mid|,d_atr0_pts8-r3,False,False,212,-5198.0,-0.554
va_reclaim-ES-tf15|mid|,d_atr0_pts12-r0,False,False,203,6350.5,0.382
va_reclaim-ES-tf15|mid|,d_atr0_pts12-r1,False,False,220,5545.0,0.641
va_reclaim-ES-tf15|mid|,d_atr0_pts12-r2,False,False,211,-6606.5,-0.6
va_reclaim-ES-tf15|mid|,d_atr0_pts12-r3,False,False,206,526.0,0.041
va_reclaim-ES-tf15|mid|,d_atr0_pct0p1-r0,False,False,210,6497.5,0.597
va_reclaim-ES-tf15|mid|,d_atr0_pct0p1-r1,False,False,227,-7283.0,-2.21
va_reclaim-ES-tf15|mid|,d_atr0_pct0p1-r2,False,False,225,-7212.5,-1.609
va_reclaim-ES-tf15|mid|,d_atr0_pct0p1-r3,False,False,220,-4705.0,-0.879
va_reclaim-ES-tf15|mid|,d_atr0_pct0p2-r0,False,False,205,8692.5,0.595
va_reclaim-ES-tf15|mid|,d_atr0_pct0p2-r1,False,False,224,-8321.0,-1.303
va_reclaim-ES-tf15|mid|,d_atr0_pct0p2-r2,False,False,218,-1597.0,-0.188
va_reclaim-ES-tf15|mid|,d_atr0_pct0p2-r3,False,False,212,-5810.5,-0.597
va_reclaim-ES-tf15|mid|,d_atr0p25_atr1p5-r0,False,False,178,1413.0,0.084
va_reclaim-ES-tf15|mid|,d_atr0p25_atr1p5-r1,False,False,189,1444.0,0.146
va_reclaim-ES-tf15|mid|,d_atr0p25_atr1p5-r2,False,False,179,-13503.5,-1.096
va_reclaim-ES-tf15|mid|,d_atr0p25_atr1p5-r3,False,False,179,-9866.0,-0.712
va_reclaim-ES-tf15|mid|,d_atr0p25_atr3-r0,False,False,178,888.0,0.044
va_reclaim-ES-tf15|mid|,d_atr0p25_atr3-r1,False,False,179,-22553.5,-1.499
va_reclaim-ES-tf15|mid|,d_atr0p25_atr3-r2,False,False,178,-12737.0,-0.751
va_reclaim-ES-tf15|mid|,d_atr0p25_atr3-r3,False,False,178,-8362.0,-0.463
va_reclaim-ES-tf15|mid|,d_atr0p25_pts2p5-r0,False,False,188,-2227.0,-0.331
va_reclaim-ES-tf15|mid|,d_atr0p25_pts2p5-r1,False,False,195,-6592.5,-3.647
va_reclaim-ES-tf15|mid|,d_atr0p25_pts2p5-r2,False,False,195,-4730.0,-1.898
va_reclaim-ES-tf15|mid|,d_atr0p25_pts2p5-r3,False,False,194,-3101.0,-1.011
va_reclaim-ES-tf15|mid|,d_atr0p25_pts5-r0,False,False,186,9993.5,0.876
va_reclaim-ES-tf15|mid|,d_atr0p25_pts5-r1,False,False,195,-3792.5,-1.058
va_reclaim-ES-tf15|mid|,d_atr0p25_pts5-r2,False,False,194,-2013.5,-0.403
va_reclaim-ES-tf15|mid|,d_atr0p25_pts5-r3,False,False,191,-3964.0,-0.683
va_reclaim-ES-tf15|mid|,d_atr0p25_pts8-r0,False,False,183,16168.0,1.138
va_reclaim-ES-tf15|mid|,d_atr0p25_pts8-r1,False,False,193,-1659.5,-0.295
va_reclaim-ES-tf15|mid|,d_atr0p25_pts8-r2,False,False,189,1631.5,0.213
va_reclaim-ES-tf15|mid|,d_atr0p25_pts8-r3,False,False,186,-281.5,-0.032
va_reclaim-ES-tf15|mid|,d_atr0p25_pts12-r0,False,False,180,10917.5,0.674
va_reclaim-ES-tf15|mid|,d_atr0p25_pts12-r1,False,False,190,6702.5,0.835
va_reclaim-ES-tf15|mid|,d_atr0p25_pts12-r2,False,False,184,-1323.5,-0.128
va_reclaim-ES-tf15|mid|,d_atr0p25_pts12-r3,False,False,180,1330.0,0.111
va_reclaim-ES-tf15|mid|,d_atr0p25_pct0p1-r0,False,False,186,6968.5,0.668
va_reclaim-ES-tf15|mid|,d_atr0p25_pct0p1-r1,False,False,195,-4642.5,-1.514
va_reclaim-ES-tf15|mid|,d_atr0p25_pct0p1-r2,False,False,194,-3938.5,-0.931
va_reclaim-ES-tf15|mid|,d_atr0p25_pct0p1-r3,False,False,191,-2689.0,-0.531
va_reclaim-ES-tf15|mid|,d_atr0p25_pct0p2-r0,False,False,183,14368.0,1.005
va_reclaim-ES-tf15|mid|,d_atr0p25_pct0p2-r1,False,False,193,-1959.5,-0.332
va_reclaim-ES-tf15|mid|,d_atr0p25_pct0p2-r2,False,False,189,-1431.0,-0.182
va_reclaim-ES-tf15|mid|,d_atr0p25_pct0p2-r3,False,False,186,-269.0,-0.029
va_reclaim-ES-tf15|mid|,d_atr0p5_atr1p5-r0,False,False,152,-770.5,-0.049
va_reclaim-ES-tf15|mid|,d_atr0p5_atr1p5-r1,False,False,158,3305.5,0.361
va_reclaim-ES-tf15|mid|,d_atr0p5_atr1p5-r2,False,False,152,-11995.5,-1.063
va_reclaim-ES-tf15|mid|,d_atr0p5_atr1p5-r3,False,False,152,-10070.5,-0.801
va_reclaim-ES-tf15|mid|,d_atr0p5_atr3-r0,False,False,152,-3758.0,-0.206
va_reclaim-ES-tf15|mid|,d_atr0p5_atr3-r1,False,False,152,-19470.5,-1.415
va_reclaim-ES-tf15|mid|,d_atr0p5_atr3-r2,False,False,152,-14845.5,-0.979
va_reclaim-ES-tf15|mid|,d_atr0p5_atr3-r3,False,False,152,-11820.5,-0.732
va_reclaim-ES-tf15|mid|,d_atr0p5_pts2p5-r0,False,False,157,422.0,0.052
va_reclaim-ES-tf15|mid|,d_atr0p5_pts2p5-r1,False,False,161,-5456.5,-3.321
va_reclaim-ES-tf15|mid|,d_atr0p5_pts2p5-r2,False,False,161,-3794.0,-1.672
va_reclaim-ES-tf15|mid|,d_atr0p5_pts2p5-r3,False,False,161,-2531.5,-0.906
va_reclaim-ES-tf15|mid|,d_atr0p5_pts5-r0,False,False,156,14788.5,1.221
va_reclaim-ES-tf15|mid|,d_atr0p5_pts5-r1,False,False,161,-369.0,-0.113
va_reclaim-ES-tf15|mid|,d_atr0p5_pts5-r2,False,False,161,943.5,0.205
va_reclaim-ES-tf15|mid|,d_atr0p5_pts5-r3,False,False,159,-373.5,-0.069
va_reclaim-ES-tf15|mid|,d_atr0p5_pts8-r0,False,False,154,12284.0,0.929
va_reclaim-ES-tf15|mid|,d_atr0p5_pts8-r1,False,False,160,1747.5,0.341
va_reclaim-ES-tf15|mid|,d_atr0p5_pts8-r2,False,False,157,3884.5,0.55
va_reclaim-ES-tf15|mid|,d_atr0p5_pts8-r3,False,False,155,1267.5,0.156
va_reclaim-ES-tf15|mid|,d_atr0p5_pts12-r0,False,False,153,10863.0,0.703
va_reclaim-ES-tf15|mid|,d_atr0p5_pts12-r1,False,False,159,8189.0,1.117
va_reclaim-ES-tf15|mid|,d_atr0p5_pts12-r2,False,False,154,1746.5,0.183
va_reclaim-ES-tf15|mid|,d_atr0p5_pts12-r3,False,False,153,1363.0,0.125
va_reclaim-ES-tf15|mid|,d_atr0p5_pct0p1-r0,False,False,156,10813.5,0.962
va_reclaim-ES-tf15|mid|,d_atr0p5_pct0p1-r1,False,False,161,-2031.5,-0.729
va_reclaim-ES-tf15|mid|,d_atr0p5_pct0p1-r2,False,False,161,-656.5,-0.168
va_reclaim-ES-tf15|mid|,d_atr0p5_pct0p1-r3,False,False,159,539.0,0.115
va_reclaim-ES-tf15|mid|,d_atr0p5_pct0p2-r0,False,False,154,10371.5,0.779
va_reclaim-ES-tf15|mid|,d_atr0p5_pct0p2-r1,False,False,160,1460.0,0.27
va_reclaim-ES-tf15|mid|,d_atr0p5_pct0p2-r2,False,False,157,1747.0,0.239
va_reclaim-ES-tf15|mid|,d_atr0p5_pct0p2-r3,False,False,155,930.0,0.11
va_reclaim-ES-tf15|nyam|,d_atr0_atr1p5-r0,False,False,234,18514.0,0.945
va_reclaim-ES-tf15|nyam|,d_atr0_atr1p5-r1,False,False,249,14304.0,1.489
va_reclaim-ES-tf15|nyam|,d_atr0_atr1p5-r2,False,False,241,2623.5,0.198
va_reclaim-ES-tf15|nyam|,d_atr0_atr1p5-r3,False,False,236,5693.5,0.367
va_reclaim-ES-tf15|nyam|,d_atr0_atr3-r0,False,False,228,35775.5,1.422
va_reclaim-ES-tf15|nyam|,d_atr0_atr3-r1,False,False,237,8464.5,0.478
va_reclaim-ES-tf15|nyam|,d_atr0_atr3-r2,False,False,229,20096.5,0.892
va_reclaim-ES-tf15|nyam|,d_atr0_atr3-r3,False,False,228,33538.0,1.373
va_reclaim-ES-tf15|nyam|,d_atr0_pts2p5-r0,False,False,250,-14062.5,-1.763
va_reclaim-ES-tf15|nyam|,d_atr0_pts2p5-r1,False,False,256,-6036.5,-2.884
va_reclaim-ES-tf15|nyam|,d_atr0_pts2p5-r2,False,False,256,-7161.5,-2.533
va_reclaim-ES-tf15|nyam|,d_atr0_pts2p5-r3,False,False,256,-8549.0,-2.55
va_reclaim-ES-tf15|nyam|,d_atr0_pts5-r0,False,False,244,-10088.5,-0.83
va_reclaim-ES-tf15|nyam|,d_atr0_pts5-r1,False,False,256,-4161.5,-1.013
va_reclaim-ES-tf15|nyam|,d_atr0_pts5-r2,False,False,253,-4862.0,-0.858
va_reclaim-ES-tf15|nyam|,d_atr0_pts5-r3,False,False,248,-6067.0,-0.898
va_reclaim-ES-tf15|nyam|,d_atr0_pts8-r0,False,False,239,15644.0,0.961
va_reclaim-ES-tf15|nyam|,d_atr0_pts8-r1,False,False,254,934.0,0.145
va_reclaim-ES-tf15|nyam|,d_atr0_pts8-r2,False,False,244,1686.5,0.19
va_reclaim-ES-tf15|nyam|,d_atr0_pts8-r3,False,False,240,-4897.5,-0.476
va_reclaim-ES-tf15|nyam|,d_atr0_pts12-r0,False,False,233,25668.0,1.345
va_reclaim-ES-tf15|nyam|,d_atr0_pts12-r1,False,False,248,20120.5,2.152
va_reclaim-ES-tf15|nyam|,d_atr0_pts12-r2,False,False,236,-1506.5,-0.122
va_reclaim-ES-tf15|nyam|,d_atr0_pts12-r3,False,False,236,9568.5,0.651
va_reclaim-ES-tf15|nyam|,d_atr0_pct0p1-r0,False,False,246,-17921.5,-1.855
va_reclaim-ES-tf15|nyam|,d_atr0_pct0p1-r1,False,False,256,-3336.5,-0.947
va_reclaim-ES-tf15|nyam|,d_atr0_pct0p1-r2,False,False,254,-4103.5,-0.842
va_reclaim-ES-tf15|nyam|,d_atr0_pct0p1-r3,False,False,251,-5504.0,-0.943
va_reclaim-ES-tf15|nyam|,d_atr0_pct0p2-r0,False,False,238,19910.5,1.154
va_reclaim-ES-tf15|nyam|,d_atr0_pct0p2-r1,False,False,254,2659.0,0.387
va_reclaim-ES-tf15|nyam|,d_atr0_pct0p2-r2,False,False,243,753.0,0.081
va_reclaim-ES-tf15|nyam|,d_atr0_pct0p2-r3,False,False,240,-4735.0,-0.44
va_reclaim-ES-tf15|nyam|,d_atr0p25_atr1p5-r0,False,False,214,20956.5,1.077
va_reclaim-ES-tf15|nyam|,d_atr0p25_atr1p5-r1,False,False,223,5808.0,0.633
va_reclaim-ES-tf15|nyam|,d_atr0p25_atr1p5-r2,False,False,220,-1955.0,-0.154
va_reclaim-ES-tf15|nyam|,d_atr0p25_atr1p5-r3,False,False,215,5215.0,0.347
va_reclaim-ES-tf15|nyam|,d_atr0p25_atr3-r0,False,False,210,40622.5,1.637
va_reclaim-ES-tf15|nyam|,d_atr0p25_atr3-r1,False,False,218,7403.0,0.434
va_reclaim-ES-tf15|nyam|,d_atr0p25_atr3-r2,False,False,210,25010.0,1.136
va_reclaim-ES-tf15|nyam|,d_atr0p25_atr3-r3,False,False,210,39022.5,1.616
va_reclaim-ES-tf15|nyam|,d_atr0p25_pts2p5-r0,False,False,225,-7575.0,-0.831
va_reclaim-ES-tf15|nyam|,d_atr0p25_pts2p5-r1,False,False,229,-5628.5,-2.845
va_reclaim-ES-tf15|nyam|,d_atr0p25_pts2p5-r2,False,False,229,-6828.5,-2.565
va_reclaim-ES-tf15|nyam|,d_atr0p25_pts2p5-r3,False,False,229,-8316.0,-2.649
va_reclaim-ES-tf15|nyam|,d_atr0p25_pts5-r0,False,False,220,-5142.5,-0.412
va_reclaim-ES-tf15|nyam|,d_atr0p25_pts5-r1,False,False,229,-3628.5,-0.934
va_reclaim-ES-tf15|nyam|,d_atr0p25_pts5-r2,False,False,227,-2958.0,-0.547
va_reclaim-ES-tf15|nyam|,d_atr0p25_pts5-r3,False,False,224,-3658.5,-0.56
va_reclaim-ES-tf15|nyam|,d_atr0p25_pts8-r0,False,False,216,20073.5,1.23
va_reclaim-ES-tf15|nyam|,d_atr0p25_pts8-r1,False,False,228,600.5,0.098
va_reclaim-ES-tf15|nyam|,d_atr0p25_pts8-r2,False,False,221,1878.5,0.221
va_reclaim-ES-tf15|nyam|,d_atr0p25_pts8-r3,False,False,217,-1855.5,-0.186
va_reclaim-ES-tf15|nyam|,d_atr0p25_pts12-r0,False,False,212,27514.5,1.454
va_reclaim-ES-tf15|nyam|,d_atr0p25_pts12-r1,False,False,223,14120.5,1.584
va_reclaim-ES-tf15|nyam|,d_atr0p25_pts12-r2,False,False,214,-2306.0,-0.196
va_reclaim-ES-tf15|nyam|,d_atr0p25_pts12-r3,False,False,214,4569.0,0.33
va_reclaim-ES-tf15|nyam|,d_atr0p25_pct0p1-r0,False,False,221,-9859.0,-0.93
va_reclaim-ES-tf15|nyam|,d_atr0p25_pct0p1-r1,False,False,229,-1978.5,-0.592
va_reclaim-ES-tf15|nyam|,d_atr0p25_pct0p1-r2,False,False,228,-1474.5,-0.315
va_reclaim-ES-tf15|nyam|,d_atr0p25_pct0p1-r3,False,False,225,-2675.0,-0.474
va_reclaim-ES-tf15|nyam|,d_atr0p25_pct0p2-r0,False,False,216,24161.0,1.397
va_reclaim-ES-tf15|nyam|,d_atr0p25_pct0p2-r1,False,False,228,2050.5,0.314
va_reclaim-ES-tf15|nyam|,d_atr0p25_pct0p2-r2,False,False,220,3457.5,0.386
va_reclaim-ES-tf15|nyam|,d_atr0p25_pct0p2-r3,False,False,217,-1430.5,-0.137
va_reclaim-ES-tf15|nyam|,d_atr0p5_atr1p5-r0,False,False,204,22621.5,1.177
va_reclaim-ES-tf15|nyam|,d_atr0p5_atr1p5-r1,False,False,207,10472.0,1.188
va_reclaim-ES-tf15|nyam|,d_atr0p5_atr1p5-r2,False,False,207,-928.0,-0.075
va_reclaim-ES-tf15|nyam|,d_atr0p5_atr1p5-r3,False,False,204,5809.0,0.394
va_reclaim-ES-tf15|nyam|,d_atr0p5_atr3-r0,False,False,200,46050.0,1.887
va_reclaim-ES-tf15|nyam|,d_atr0p5_atr3-r1,False,False,205,12305.0,0.746
va_reclaim-ES-tf15|nyam|,d_atr0p5_atr3-r2,False,False,200,30462.5,1.412
va_reclaim-ES-tf15|nyam|,d_atr0p5_atr3-r3,False,False,200,44512.5,1.876
va_reclaim-ES-tf15|nyam|,d_atr0p5_pts2p5-r0,False,False,208,-4807.0,-0.524
va_reclaim-ES-tf15|nyam|,d_atr0p5_pts2p5-r1,False,False,210,-4515.0,-2.377
va_reclaim-ES-tf15|nyam|,d_atr0p5_pts2p5-r2,False,False,210,-5302.5,-2.056
va_reclaim-ES-tf15|nyam|,d_atr0p5_pts2p5-r3,False,False,210,-6140.0,-1.994
va_reclaim-ES-tf15|nyam|,d_atr0p5_pts5-r0,False,False,207,-5040.5,-0.408
va_reclaim-ES-tf15|nyam|,d_atr0p5_pts5-r1,False,False,210,-1127.5,-0.303
va_reclaim-ES-tf15|nyam|,d_atr0p5_pts5-r2,False,False,210,-1065.0,-0.203
va_reclaim-ES-tf15|nyam|,d_atr0p5_pts5-r3,False,False,208,-3794.5,-0.603
va_reclaim-ES-tf15|nyam|,d_atr0p5_pts8-r0,False,False,204,15934.0,1.025
va_reclaim-ES-tf15|nyam|,d_atr0p5_pts8-r1,False,False,210,3535.0,0.6
va_reclaim-ES-tf15|nyam|,d_atr0p5_pts8-r2,False,False,206,351.0,0.043
va_reclaim-ES-tf15|nyam|,d_atr0p5_pts8-r3,False,False,205,-3632.5,-0.378
va_reclaim-ES-tf15|nyam|,d_atr0p5_pts12-r0,False,False,201,30021.0,1.608
va_reclaim-ES-tf15|nyam|,d_atr0p5_pts12-r1,False,False,207,14797.0,1.723
va_reclaim-ES-tf15|nyam|,d_atr0p5_pts12-r2,False,False,203,-812.0,-0.071
va_reclaim-ES-tf15|nyam|,d_atr0p5_pts12-r3,False,False,203,7125.5,0.526
va_reclaim-ES-tf15|nyam|,d_atr0p5_pct0p1-r0,False,False,208,-9919.5,-0.951
va_reclaim-ES-tf15|nyam|,d_atr0p5_pct0p1-r1,False,False,210,147.5,0.046
va_reclaim-ES-tf15|nyam|,d_atr0p5_pct0p1-r2,False,False,210,647.5,0.143
va_reclaim-ES-tf15|nyam|,d_atr0p5_pct0p1-r3,False,False,209,-1661.0,-0.303
va_reclaim-ES-tf15|nyam|,d_atr0p5_pct0p2-r0,False,False,204,20621.5,1.246
va_reclaim-ES-tf15|nyam|,d_atr0p5_pct0p2-r1,False,False,210,4397.5,0.701
va_reclaim-ES-tf15|nyam|,d_atr0p5_pct0p2-r2,False,False,206,738.5,0.086
va_reclaim-ES-tf15|nyam|,d_atr0p5_pct0p2-r3,False,False,205,-2845.0,-0.282
va_reclaim-ES-tf15|pm|,d_atr0_atr1p5-r0,False,False,183,-11607.0,-0.953
va_reclaim-ES-tf15|pm|,d_atr0_atr1p5-r1,False,False,189,-18968.5,-2.022
va_reclaim-ES-tf15|pm|,d_atr0_atr1p5-r2,False,False,184,-16511.0,-1.507
va_reclaim-ES-tf15|pm|,d_atr0_atr1p5-r3,False,False,183,-13782.0,-1.186
va_reclaim-ES-tf15|pm|,d_atr0_atr3-r0,False,False,181,-22561.5,-1.7
va_reclaim-ES-tf15|pm|,d_atr0_atr3-r1,False,False,183,-20694.5,-1.607
va_reclaim-ES-tf15|pm|,d_atr0_atr3-r2,False,False,181,-23911.5,-1.834
va_reclaim-ES-tf15|pm|,d_atr0_atr3-r3,False,False,181,-23124.0,-1.756
va_reclaim-ES-tf15|pm|,d_atr0_pts2p5-r0,False,False,188,-1339.5,-0.199
va_reclaim-ES-tf15|pm|,d_atr0_pts2p5-r1,False,False,192,-7743.0,-4.363
va_reclaim-ES-tf15|pm|,d_atr0_pts2p5-r2,False,False,192,-9993.0,-4.458
va_reclaim-ES-tf15|pm|,d_atr0_pts2p5-r3,False,False,192,-8030.5,-2.905
va_reclaim-ES-tf15|pm|,d_atr0_pts5-r0,False,False,186,10356.0,1.085
va_reclaim-ES-tf15|pm|,d_atr0_pts5-r1,False,False,192,-10993.0,-3.182
va_reclaim-ES-tf15|pm|,d_atr0_pts5-r2,False,False,190,-6935.0,-1.498
va_reclaim-ES-tf15|pm|,d_atr0_pts5-r3,False,False,190,-6260.0,-1.162
va_reclaim-ES-tf15|pm|,d_atr0_pts8-r0,False,False,184,2839.0,0.275
va_reclaim-ES-tf15|pm|,d_atr0_pts8-r1,False,False,192,-15068.0,-2.835
va_reclaim-ES-tf15|pm|,d_atr0_pts8-r2,False,False,188,-11302.0,-1.687
va_reclaim-ES-tf15|pm|,d_atr0_pts8-r3,False,False,185,-5402.5,-0.692
va_reclaim-ES-tf15|pm|,d_atr0_pts12-r0,False,False,184,-9048.5,-0.808
va_reclaim-ES-tf15|pm|,d_atr0_pts12-r1,False,False,189,-19368.5,-2.635
va_reclaim-ES-tf15|pm|,d_atr0_pts12-r2,False,False,185,-15065.0,-1.689
va_reclaim-ES-tf15|pm|,d_atr0_pts12-r3,False,False,184,-13723.5,-1.405
va_reclaim-ES-tf15|pm|,d_atr0_pct0p1-r0,False,False,187,10464.5,1.137
va_reclaim-ES-tf15|pm|,d_atr0_pct0p1-r1,False,False,192,-8730.5,-2.947
va_reclaim-ES-tf15|pm|,d_atr0_pct0p1-r2,False,False,192,-5680.5,-1.408
va_reclaim-ES-tf15|pm|,d_atr0_pct0p1-r3,False,False,190,-5147.5,-1.094
va_reclaim-ES-tf15|pm|,d_atr0_pct0p2-r0,False,False,184,2314.0,0.222
va_reclaim-ES-tf15|pm|,d_atr0_pct0p2-r1,False,False,192,-12718.0,-2.278
va_reclaim-ES-tf15|pm|,d_atr0_pct0p2-r2,False,False,188,-10877.0,-1.562
va_reclaim-ES-tf15|pm|,d_atr0_pct0p2-r3,False,False,184,-5423.5,-0.681
va_reclaim-ES-tf15|pm|,d_atr0p25_atr1p5-r0,False,False,157,-8190.5,-0.719
va_reclaim-ES-tf15|pm|,d_atr0p25_atr1p5-r1,False,False,159,-17398.5,-2.052
va_reclaim-ES-tf15|pm|,d_atr0p25_atr1p5-r2,False,False,157,-12103.0,-1.183
va_reclaim-ES-tf15|pm|,d_atr0p25_atr1p5-r3,False,False,157,-10953.0,-1.028
va_reclaim-ES-tf15|pm|,d_atr0p25_atr3-r0,False,False,154,-14703.5,-1.177
va_reclaim-ES-tf15|pm|,d_atr0p25_atr3-r1,False,False,155,-11795.0,-0.966
va_reclaim-ES-tf15|pm|,d_atr0p25_atr3-r2,False,False,154,-16053.5,-1.31
va_reclaim-ES-tf15|pm|,d_atr0p25_atr3-r3,False,False,154,-15266.0,-1.233
va_reclaim-ES-tf15|pm|,d_atr0p25_pts2p5-r0,False,False,159,-3123.5,-0.502
va_reclaim-ES-tf15|pm|,d_atr0p25_pts2p5-r1,False,False,161,-6506.5,-4.002
va_reclaim-ES-tf15|pm|,d_atr0p25_pts2p5-r2,False,False,161,-8706.5,-4.285
va_reclaim-ES-tf15|pm|,d_atr0p25_pts2p5-r3,False,False,161,-7231.5,-2.902
va_reclaim-ES-tf15|pm|,d_atr0p25_pts5-r0,False,False,158,7293.0,0.817
va_reclaim-ES-tf15|pm|,d_atr0p25_pts5-r1,False,False,161,-9869.0,-3.137
va_reclaim-ES-tf15|pm|,d_atr0p25_pts5-r2,False,False,159,-5673.5,-1.342
va_reclaim-ES-tf15|pm|,d_atr0p25_pts5-r3,False,False,159,-7273.5,-1.533
va_reclaim-ES-tf15|pm|,d_atr0p25_pts8-r0,False,False,157,2497.0,0.258
va_reclaim-ES-tf15|pm|,d_atr0p25_pts8-r1,False,False,161,-12081.5,-2.5
va_reclaim-ES-tf15|pm|,d_atr0p25_pts8-r2,False,False,158,-9144.5,-1.511
va_reclaim-ES-tf15|pm|,d_atr0p25_pts8-r3,False,False,157,-5615.5,-0.797
va_reclaim-ES-tf15|pm|,d_atr0p25_pts12-r0,False,False,157,-4590.5,-0.441
va_reclaim-ES-tf15|pm|,d_atr0p25_pts12-r1,False,False,158,-10982.0,-1.653
va_reclaim-ES-tf15|pm|,d_atr0p25_pts12-r2,False,False,157,-8878.0,-1.094
va_reclaim-ES-tf15|pm|,d_atr0p25_pts12-r3,False,False,157,-8503.0,-0.947
va_reclaim-ES-tf15|pm|,d_atr0p25_pct0p1-r0,False,False,159,7389.0,0.86
va_reclaim-ES-tf15|pm|,d_atr0p25_pct0p1-r1,False,False,161,-7956.5,-2.946
va_reclaim-ES-tf15|pm|,d_atr0p25_pct0p1-r2,False,False,161,-5731.5,-1.567
va_reclaim-ES-tf15|pm|,d_atr0p25_pct0p1-r3,False,False,159,-5886.0,-1.404
va_reclaim-ES-tf15|pm|,d_atr0p25_pct0p2-r0,False,False,157,3109.5,0.319
va_reclaim-ES-tf15|pm|,d_atr0p25_pct0p2-r1,False,False,161,-8444.0,-1.663
va_reclaim-ES-tf15|pm|,d_atr0p25_pct0p2-r2,False,False,158,-7007.0,-1.104
va_reclaim-ES-tf15|pm|,d_atr0p25_pct0p2-r3,False,False,157,-4115.5,-0.565
va_reclaim-ES-tf15|pm|,d_atr0p5_atr1p5-r0,False,False,140,-3935.0,-0.357
va_reclaim-ES-tf15|pm|,d_atr0p5_atr1p5-r1,False,False,142,-13268.0,-1.65
va_reclaim-ES-tf15|pm|,d_atr0p5_atr1p5-r2,False,False,140,-8885.0,-0.919
va_reclaim-ES-tf15|pm|,d_atr0p5_atr1p5-r3,False,False,140,-6697.5,-0.652
va_reclaim-ES-tf15|pm|,d_atr0p5_atr3-r0,False,False,137,-11848.0,-0.989
va_reclaim-ES-tf15|pm|,d_atr0p5_atr3-r1,False,False,138,-8364.5,-0.713
va_reclaim-ES-tf15|pm|,d_atr0p5_atr3-r2,False,False,137,-13198.0,-1.125
va_reclaim-ES-tf15|pm|,d_atr0p5_atr3-r3,False,False,137,-12410.5,-1.046
va_reclaim-ES-tf15|pm|,d_atr0p5_pts2p5-r0,False,False,141,386.0,0.062
va_reclaim-ES-tf15|pm|,d_atr0p5_pts2p5-r1,False,False,143,-5272.0,-3.418
va_reclaim-ES-tf15|pm|,d_atr0p5_pts2p5-r2,False,False,143,-6934.5,-3.547
va_reclaim-ES-tf15|pm|,d_atr0p5_pts2p5-r3,False,False,143,-5709.5,-2.389
va_reclaim-ES-tf15|pm|,d_atr0p5_pts5-r0,False,False,141,11123.5,1.257
va_reclaim-ES-tf15|pm|,d_atr0p5_pts5-r1,False,False,143,-8147.0,-2.743
va_reclaim-ES-tf15|pm|,d_atr0p5_pts5-r2,False,False,141,-3551.5,-0.881
va_reclaim-ES-tf15|pm|,d_atr0p5_pts5-r3,False,False,141,-3751.5,-0.804
va_reclaim-ES-tf15|pm|,d_atr0p5_pts8-r0,False,False,140,6340.0,0.667
va_reclaim-ES-tf15|pm|,d_atr0p5_pts8-r1,False,False,143,-9797.0,-2.17
va_reclaim-ES-tf15|pm|,d_atr0p5_pts8-r2,False,False,140,-5685.0,-0.981
va_reclaim-ES-tf15|pm|,d_atr0p5_pts8-r3,False,False,140,-2047.5,-0.302
va_reclaim-ES-tf15|pm|,d_atr0p5_pts12-r0,False,False,140,-422.5,-0.041
va_reclaim-ES-tf15|pm|,d_atr0p5_pts12-r1,False,False,140,-7810.0,-1.241
va_reclaim-ES-tf15|pm|,d_atr0p5_pts12-r2,False,False,140,-4985.0,-0.637
va_reclaim-ES-tf15|pm|,d_atr0p5_pts12-r3,False,False,140,-5210.0,-0.605
va_reclaim-ES-tf15|pm|,d_atr0p5_pct0p1-r0,False,False,141,10398.5,1.221
va_reclaim-ES-tf15|pm|,d_atr0p5_pct0p1-r1,False,False,143,-6534.5,-2.561
va_reclaim-ES-tf15|pm|,d_atr0p5_pct0p1-r2,False,False,143,-5272.0,-1.531
va_reclaim-ES-tf15|pm|,d_atr0p5_pct0p1-r3,False,False,141,-3101.5,-0.76
va_reclaim-ES-tf15|pm|,d_atr0p5_pct0p2-r0,False,False,140,6515.0,0.681
va_reclaim-ES-tf15|pm|,d_atr0p5_pct0p2-r1,False,False,143,-7684.5,-1.626
va_reclaim-ES-tf15|pm|,d_atr0p5_pct0p2-r2,False,False,140,-4635.0,-0.77
va_reclaim-ES-tf15|pm|,d_atr0p5_pct0p2-r3,False,False,140,-1022.5,-0.146
va_reclaim-ES-tf15|pre|,d_atr0_atr1p5-r0,False,False,139,-2118.5,-0.145
va_reclaim-ES-tf15|pre|,d_atr0_atr1p5-r1,False,False,144,-1651.0,-0.264
va_reclaim-ES-tf15|pre|,d_atr0_atr1p5-r2,False,False,140,-2135.0,-0.242
va_reclaim-ES-tf15|pre|,d_atr0_atr1p5-r3,False,False,140,-15647.5,-1.629
va_reclaim-ES-tf15|pre|,d_atr0_atr3-r0,False,False,137,-4473.0,-0.233
va_reclaim-ES-tf15|pre|,d_atr0_atr3-r1,False,False,138,-3102.0,-0.257
va_reclaim-ES-tf15|pre|,d_atr0_atr3-r2,False,False,137,-13048.0,-0.803
va_reclaim-ES-tf15|pre|,d_atr0_atr3-r3,False,False,137,-7448.0,-0.403
va_reclaim-ES-tf15|pre|,d_atr0_pts2p5-r0,False,False,142,144.5,0.02
va_reclaim-ES-tf15|pre|,d_atr0_pts2p5-r1,False,False,144,-3051.0,-1.937
va_reclaim-ES-tf15|pre|,d_atr0_pts2p5-r2,False,False,144,-2938.5,-1.359
va_reclaim-ES-tf15|pre|,d_atr0_pts2p5-r3,False,False,144,-4488.5,-1.77
va_reclaim-ES-tf15|pre|,d_atr0_pts5-r0,False,False,139,-5068.5,-0.561
va_reclaim-ES-tf15|pre|,d_atr0_pts5-r1,False,False,144,-4038.5,-1.312
va_reclaim-ES-tf15|pre|,d_atr0_pts5-r2,False,False,144,-6013.5,-1.442
va_reclaim-ES-tf15|pre|,d_atr0_pts5-r3,False,False,143,-5372.0,-1.062
va_reclaim-ES-tf15|pre|,d_atr0_pts8-r0,False,False,139,-2793.5,-0.22
va_reclaim-ES-tf15|pre|,d_atr0_pts8-r1,False,False,144,-4726.0,-0.968
va_reclaim-ES-tf15|pre|,d_atr0_pts8-r2,False,False,143,-6934.5,-1.041
va_reclaim-ES-tf15|pre|,d_atr0_pts8-r3,False,False,140,-7810.0,-0.993
va_reclaim-ES-tf15|pre|,d_atr0_pts12-r0,False,False,138,-4427.0,-0.287
va_reclaim-ES-tf15|pre|,d_atr0_pts12-r1,False,False,143,-7809.5,-1.086
va_reclaim-ES-tf15|pre|,d_atr0_pts12-r2,False,False,139,-12331.0,-1.298
va_reclaim-ES-tf15|pre|,d_atr0_pts12-r3,False,False,138,-12564.5,-1.146
va_reclaim-ES-tf15|pre|,d_atr0_pct0p1-r0,False,False,140,-8772.5,-1.163
va_reclaim-ES-tf15|pre|,d_atr0_pct0p1-r1,False,False,144,-3938.5,-1.51
va_reclaim-ES-tf15|pre|,d_atr0_pct0p1-r2,False,False,144,-7163.5,-2.066
va_reclaim-ES-tf15|pre|,d_atr0_pct0p1-r3,False,False,144,-9713.5,-2.419
va_reclaim-ES-tf15|pre|,d_atr0_pct0p2-r0,False,False,139,494.0,0.035
va_reclaim-ES-tf15|pre|,d_atr0_pct0p2-r1,False,False,144,-6226.0,-1.208
va_reclaim-ES-tf15|pre|,d_atr0_pct0p2-r2,False,False,143,-9259.5,-1.334
va_reclaim-ES-tf15|pre|,d_atr0_pct0p2-r3,False,False,140,-9060.0,-1.102
va_reclaim-ES-tf15|pre|,d_atr0p25_atr1p5-r0,False,False,117,4482.0,0.316
va_reclaim-ES-tf15|pre|,d_atr0p25_atr1p5-r1,False,False,120,532.5,0.095
va_reclaim-ES-tf15|pre|,d_atr0p25_atr1p5-r2,False,False,118,-1147.0,-0.144
va_reclaim-ES-tf15|pre|,d_atr0p25_atr1p5-r3,False,False,118,-7559.5,-0.82
va_reclaim-ES-tf15|pre|,d_atr0p25_atr3-r0,False,False,116,3973.5,0.219
va_reclaim-ES-tf15|pre|,d_atr0p25_atr3-r1,False,False,117,-830.5,-0.077
va_reclaim-ES-tf15|pre|,d_atr0p25_atr3-r2,False,False,116,-7251.5,-0.486
va_reclaim-ES-tf15|pre|,d_atr0p25_atr3-r3,False,False,116,-551.5,-0.032
va_reclaim-ES-tf15|pre|,d_atr0p25_pts2p5-r0,False,False,119,-738.5,-0.11
va_reclaim-ES-tf15|pre|,d_atr0p25_pts2p5-r1,False,False,120,-3855.0,-2.708
va_reclaim-ES-tf15|pre|,d_atr0p25_pts2p5-r2,False,False,120,-3805.0,-1.981
va_reclaim-ES-tf15|pre|,d_atr0p25_pts2p5-r3,False,False,120,-4680.0,-2.075
va_reclaim-ES-tf15|pre|,d_atr0p25_pts5-r0,False,False,117,-3718.0,-0.429
va_reclaim-ES-tf15|pre|,d_atr0p25_pts5-r1,False,False,120,-4817.5,-1.721
va_reclaim-ES-tf15|pre|,d_atr0p25_pts5-r2,False,False,120,-6480.0,-1.732
va_reclaim-ES-tf15|pre|,d_atr0p25_pts5-r3,False,False,119,-6063.5,-1.343
va_reclaim-ES-tf15|pre|,d_atr0p25_pts8-r0,False,False,117,1407.0,0.114
va_reclaim-ES-tf15|pre|,d_atr0p25_pts8-r1,False,False,120,-3667.5,-0.822
va_reclaim-ES-tf15|pre|,d_atr0p25_pts8-r2,False,False,119,-4213.5,-0.687
va_reclaim-ES-tf15|pre|,d_atr0p25_pts8-r3,False,False,118,-2847.0,-0.381
va_reclaim-ES-tf15|pre|,d_atr0p25_pts12-r0,False,False,117,2932.0,0.195
va_reclaim-ES-tf15|pre|,d_atr0p25_pts12-r1,False,False,120,-892.5,-0.135
va_reclaim-ES-tf15|pre|,d_atr0p25_pts12-r2,False,False,118,-6022.0,-0.674
va_reclaim-ES-tf15|pre|,d_atr0p25_pts12-r3,False,False,117,-7818.0,-0.762
va_reclaim-ES-tf15|pre|,d_atr0p25_pct0p1-r0,False,False,118,-8172.0,-1.149
va_reclaim-ES-tf15|pre|,d_atr0p25_pct0p1-r1,False,False,120,-5105.0,-2.158
va_reclaim-ES-tf15|pre|,d_atr0p25_pct0p1-r2,False,False,120,-8330.0,-2.735
va_reclaim-ES-tf15|pre|,d_atr0p25_pct0p1-r3,False,False,120,-10305.0,-2.949
va_reclaim-ES-tf15|pre|,d_atr0p25_pct0p2-r0,False,False,117,5094.5,0.375
va_reclaim-ES-tf15|pre|,d_atr0p25_pct0p2-r1,False,False,120,-6217.5,-1.321
va_reclaim-ES-tf15|pre|,d_atr0p25_pct0p2-r2,False,False,119,-7763.5,-1.226
va_reclaim-ES-tf15|pre|,d_atr0p25_pct0p2-r3,False,False,118,-5584.5,-0.726
va_reclaim-ES-tf15|pre|,d_atr0p5_atr1p5-r0,False,False,94,-1576.0,-0.131
va_reclaim-ES-tf15|pre|,d_atr0p5_atr1p5-r1,False,False,96,-1859.0,-0.36
va_reclaim-ES-tf15|pre|,d_atr0p5_atr1p5-r2,False,False,94,-5201.0,-0.742
va_reclaim-ES-tf15|pre|,d_atr0p5_atr1p5-r3,False,False,94,-10426.0,-1.326
va_reclaim-ES-tf15|pre|,d_atr0p5_atr3-r0,False,False,93,3578.0,0.22
va_reclaim-ES-tf15|pre|,d_atr0p5_atr3-r1,False,False,93,-2409.5,-0.243
va_reclaim-ES-tf15|pre|,d_atr0p5_atr3-r2,False,False,93,-6559.5,-0.49
va_reclaim-ES-tf15|pre|,d_atr0p5_atr3-r3,False,False,93,-3297.0,-0.22
va_reclaim-ES-tf15|pre|,d_atr0p5_pts2p5-r0,False,False,96,-2309.0,-0.418
va_reclaim-ES-tf15|pre|,d_atr0p5_pts2p5-r1,False,False,96,-3084.0,-2.419
va_reclaim-ES-tf15|pre|,d_atr0p5_pts2p5-r2,False,False,96,-3121.5,-1.819
va_reclaim-ES-tf15|pre|,d_atr0p5_pts2p5-r3,False,False,96,-3846.5,-1.913
va_reclaim-ES-tf15|pre|,d_atr0p5_pts5-r0,False,False,94,-5113.5,-0.681
va_reclaim-ES-tf15|pre|,d_atr0p5_pts5-r1,False,False,96,-3546.5,-1.413
va_reclaim-ES-tf15|pre|,d_atr0p5_pts5-r2,False,False,96,-5759.0,-1.726
va_reclaim-ES-tf15|pre|,d_atr0p5_pts5-r3,False,False,95,-6080.0,-1.532
va_reclaim-ES-tf15|pre|,d_atr0p5_pts8-r0,False,False,94,4986.5,0.429
va_reclaim-ES-tf15|pre|,d_atr0p5_pts8-r1,False,False,96,-171.5,-0.043
va_reclaim-ES-tf15|pre|,d_atr0p5_pts8-r2,False,False,95,-767.5,-0.137
va_reclaim-ES-tf15|pre|,d_atr0p5_pts8-r3,False,False,95,1407.5,0.203
va_reclaim-ES-tf15|pre|,d_atr0p5_pts12-r0,False,False,94,3561.5,0.27
va_reclaim-ES-tf15|pre|,d_atr0p5_pts12-r1,False,False,96,3091.0,0.521
va_reclaim-ES-tf15|pre|,d_atr0p5_pts12-r2,False,False,95,-630.0,-0.076
va_reclaim-ES-tf15|pre|,d_atr0p5_pts12-r3,False,False,94,-4926.0,-0.531
va_reclaim-ES-tf15|pre|,d_atr0p5_pct0p1-r0,False,False,95,-7955.0,-1.334
va_reclaim-ES-tf15|pre|,d_atr0p5_pct0p1-r1,False,False,96,-3909.0,-1.843
va_reclaim-ES-tf15|pre|,d_atr0p5_pct0p1-r2,False,False,96,-6696.5,-2.458
va_reclaim-ES-tf15|pre|,d_atr0p5_pct0p1-r3,False,False,96,-8321.5,-2.669
va_reclaim-ES-tf15|pre|,d_atr0p5_pct0p2-r0,False,False,94,3236.5,0.277
va_reclaim-ES-tf15|pre|,d_atr0p5_pct0p2-r1,False,False,96,-3209.0,-0.76
va_reclaim-ES-tf15|pre|,d_atr0p5_pct0p2-r2,False,False,95,-5317.5,-0.929
va_reclaim-ES-tf15|pre|,d_atr0p5_pct0p2-r3,False,False,95,-2792.5,-0.397
va_reclaim-ES-tf1|asia|,d_atr0_atr1p5-r0,False,False,159,501.5,0.059
va_reclaim-ES-tf1|asia|,d_atr0_atr1p5-r1,False,False,159,-4698.5,-4.138
va_reclaim-ES-tf1|asia|,d_atr0_atr1p5-r2,False,False,159,-6198.5,-4.469
va_reclaim-ES-tf1|asia|,d_atr0_atr1p5-r3,False,False,159,-6161.0,-3.793
va_reclaim-ES-tf1|asia|,d_atr0_atr3-r0,False,False,158,5.5,0.001
va_reclaim-ES-tf1|asia|,d_atr0_atr3-r1,False,False,159,-9198.5,-4.264
va_reclaim-ES-tf1|asia|,d_atr0_atr3-r2,False,False,159,-9448.5,-3.43
va_reclaim-ES-tf1|asia|,d_atr0_atr3-r3,False,False,159,-8598.5,-2.561
va_reclaim-ES-tf1|asia|,d_atr0_pts2p5-r0,False,False,157,-1553.0,-0.171
va_reclaim-ES-tf1|asia|,d_atr0_pts2p5-r1,False,False,159,-5698.5,-3.5
va_reclaim-ES-tf1|asia|,d_atr0_pts2p5-r2,False,False,159,-5448.5,-2.485
va_reclaim-ES-tf1|asia|,d_atr0_pts2p5-r3,False,False,159,-6611.0,-2.574
va_reclaim-ES-tf1|asia|,d_atr0_pts5-r0,False,False,156,-1574.0,-0.134
va_reclaim-ES-tf1|asia|,d_atr0_pts5-r1,False,False,159,-3423.5,-1.057
va_reclaim-ES-tf1|asia|,d_atr0_pts5-r2,False,False,159,-3486.0,-0.774
va_reclaim-ES-tf1|asia|,d_atr0_pts5-r3,False,False,158,-1607.0,-0.289
va_reclaim-ES-tf1|asia|,d_atr0_pts8-r0,False,False,156,6776.0,0.419
va_reclaim-ES-tf1|asia|,d_atr0_pts8-r1,False,False,159,-7723.5,-1.51
va_reclaim-ES-tf1|asia|,d_atr0_pts8-r2,False,False,157,-3553.0,-0.498
va_reclaim-ES-tf1|asia|,d_atr0_pts8-r3,False,False,156,-6449.0,-0.764
va_reclaim-ES-tf1|asia|,d_atr0_pts12-r0,False,False,156,138.5,0.008
va_reclaim-ES-tf1|asia|,d_atr0_pts12-r1,False,False,158,-10744.5,-1.416
va_reclaim-ES-tf1|asia|,d_atr0_pts12-r2,False,False,156,-5749.0,-0.556
va_reclaim-ES-tf1|asia|,d_atr0_pts12-r3,False,False,156,-2486.5,-0.198
va_reclaim-ES-tf1|asia|,d_atr0_pct0p1-r0,False,False,156,-5899.0,-0.58
va_reclaim-ES-tf1|asia|,d_atr0_pct0p1-r1,False,False,159,-6461.0,-2.372
va_reclaim-ES-tf1|asia|,d_atr0_pct0p1-r2,False,False,159,-4461.0,-1.183
va_reclaim-ES-tf1|asia|,d_atr0_pct0p1-r3,False,False,158,-4194.5,-0.916
va_reclaim-ES-tf1|asia|,d_atr0_pct0p2-r0,False,False,156,8063.5,0.496
va_reclaim-ES-tf1|asia|,d_atr0_pct0p2-r1,False,False,159,-6936.0,-1.286
va_reclaim-ES-tf1|asia|,d_atr0_pct0p2-r2,False,False,157,-2390.5,-0.321
va_reclaim-ES-tf1|asia|,d_atr0_pct0p2-r3,False,False,156,-4436.5,-0.5
va_reclaim-ES-tf1|asia|,d_atr0p25_atr1p5-r0,False,False,155,4555.0,0.499
va_reclaim-ES-tf1|asia|,d_atr0p25_atr1p5-r1,False,False,155,-5670.0,-5.241
va_reclaim-ES-tf1|asia|,d_atr0p25_atr1p5-r2,False,False,155,-6120.0,-4.527
va_reclaim-ES-tf1|asia|,d_atr0p25_atr1p5-r3,False,False,155,-5882.5,-3.675
va_reclaim-ES-tf1|asia|,d_atr0p25_atr3-r0,False,False,154,1071.5,0.106
va_reclaim-ES-tf1|asia|,d_atr0p25_atr3-r1,False,False,155,-10195.0,-4.933
va_reclaim-ES-tf1|asia|,d_atr0p25_atr3-r2,False,False,155,-9757.5,-3.698
va_reclaim-ES-tf1|asia|,d_atr0p25_atr3-r3,False,False,155,-8682.5,-2.695
va_reclaim-ES-tf1|asia|,d_atr0p25_pts2p5-r0,False,False,153,2513.0,0.26
va_reclaim-ES-tf1|asia|,d_atr0p25_pts2p5-r1,False,False,155,-6182.5,-3.871
va_reclaim-ES-tf1|asia|,d_atr0p25_pts2p5-r2,False,False,155,-6045.0,-2.832
va_reclaim-ES-tf1|asia|,d_atr0p25_pts2p5-r3,False,False,155,-6045.0,-2.361
va_reclaim-ES-tf1|asia|,d_atr0p25_pts5-r0,False,False,153,-699.5,-0.059
va_reclaim-ES-tf1|asia|,d_atr0p25_pts5-r1,False,False,155,-4407.5,-1.381
va_reclaim-ES-tf1|asia|,d_atr0p25_pts5-r2,False,False,155,-3182.5,-0.715
va_reclaim-ES-tf1|asia|,d_atr0p25_pts5-r3,False,False,154,-1553.5,-0.283
va_reclaim-ES-tf1|asia|,d_atr0p25_pts8-r0,False,False,153,9438.0,0.584
va_reclaim-ES-tf1|asia|,d_atr0p25_pts8-r1,False,False,155,-6057.5,-1.197
va_reclaim-ES-tf1|asia|,d_atr0p25_pts8-r2,False,False,153,-1887.0,-0.266
va_reclaim-ES-tf1|asia|,d_atr0p25_pts8-r3,False,False,153,-5199.5,-0.618
va_reclaim-ES-tf1|asia|,d_atr0p25_pts12-r0,False,False,153,-74.5,-0.004
va_reclaim-ES-tf1|asia|,d_atr0p25_pts12-r1,False,False,154,-10703.5,-1.43
va_reclaim-ES-tf1|asia|,d_atr0p25_pts12-r2,False,False,153,-7524.5,-0.739
va_reclaim-ES-tf1|asia|,d_atr0p25_pts12-r3,False,False,153,-5374.5,-0.439
va_reclaim-ES-tf1|asia|,d_atr0p25_pct0p1-r0,False,False,153,-5187.0,-0.509
va_reclaim-ES-tf1|asia|,d_atr0p25_pct0p1-r1,False,False,155,-7182.5,-2.68
va_reclaim-ES-tf1|asia|,d_atr0p25_pct0p1-r2,False,False,155,-4195.0,-1.124
va_reclaim-ES-tf1|asia|,d_atr0p25_pct0p1-r3,False,False,154,-4128.5,-0.913
va_reclaim-ES-tf1|asia|,d_atr0p25_pct0p2-r0,False,False,153,9450.5,0.582
va_reclaim-ES-tf1|asia|,d_atr0p25_pct0p2-r1,False,False,155,-6057.5,-1.136
va_reclaim-ES-tf1|asia|,d_atr0p25_pct0p2-r2,False,False,153,-1912.0,-0.259
va_reclaim-ES-tf1|asia|,d_atr0p25_pct0p2-r3,False,False,153,-4812.0,-0.549
va_reclaim-ES-tf1|asia|,d_atr0p5_atr1p5-r0,False,False,148,4108.0,0.453
va_reclaim-ES-tf1|asia|,d_atr0p5_atr1p5-r1,False,False,148,-5742.0,-5.513
va_reclaim-ES-tf1|asia|,d_atr0p5_atr1p5-r2,False,False,148,-6092.0,-4.666
va_reclaim-ES-tf1|asia|,d_atr0p5_atr1p5-r3,False,False,148,-5804.5,-3.738
va_reclaim-ES-tf1|asia|,d_atr0p5_atr3-r0,False,False,147,1037.0,0.103
va_reclaim-ES-tf1|asia|,d_atr0p5_atr3-r1,False,False,148,-9842.0,-4.891
va_reclaim-ES-tf1|asia|,d_atr0p5_atr3-r2,False,False,148,-9342.0,-3.608
va_reclaim-ES-tf1|asia|,d_atr0p5_atr3-r3,False,False,148,-7954.5,-2.492
va_reclaim-ES-tf1|asia|,d_atr0p5_pts2p5-r0,False,False,146,2303.5,0.24
va_reclaim-ES-tf1|asia|,d_atr0p5_pts2p5-r1,False,False,148,-6242.0,-4.017
va_reclaim-ES-tf1|asia|,d_atr0p5_pts2p5-r2,False,False,148,-5829.5,-2.798
va_reclaim-ES-tf1|asia|,d_atr0p5_pts2p5-r3,False,False,148,-6079.5,-2.448
va_reclaim-ES-tf1|asia|,d_atr0p5_pts5-r0,False,False,146,-159.0,-0.014
va_reclaim-ES-tf1|asia|,d_atr0p5_pts5-r1,False,False,148,-4592.0,-1.473
va_reclaim-ES-tf1|asia|,d_atr0p5_pts5-r2,False,False,148,-3604.5,-0.832
va_reclaim-ES-tf1|asia|,d_atr0p5_pts5-r3,False,False,147,-2725.5,-0.515
va_reclaim-ES-tf1|asia|,d_atr0p5_pts8-r0,False,False,146,7528.5,0.475
va_reclaim-ES-tf1|asia|,d_atr0p5_pts8-r1,False,False,148,-6392.0,-1.293
va_reclaim-ES-tf1|asia|,d_atr0p5_pts8-r2,False,False,146,-3821.5,-0.556
va_reclaim-ES-tf1|asia|,d_atr0p5_pts8-r3,False,False,146,-7121.5,-0.879
va_reclaim-ES-tf1|asia|,d_atr0p5_pts12-r0,False,False,146,-1009.0,-0.058
va_reclaim-ES-tf1|asia|,d_atr0p5_pts12-r1,False,False,147,-11238.0,-1.538
va_reclaim-ES-tf1|asia|,d_atr0p5_pts12-r2,False,False,146,-8646.5,-0.875
va_reclaim-ES-tf1|asia|,d_atr0p5_pts12-r3,False,False,146,-7571.5,-0.638
va_reclaim-ES-tf1|asia|,d_atr0p5_pct0p1-r0,False,False,146,-4946.5,-0.489
va_reclaim-ES-tf1|asia|,d_atr0p5_pct0p1-r1,False,False,148,-6129.5,-2.328
va_reclaim-ES-tf1|asia|,d_atr0p5_pct0p1-r2,False,False,148,-3929.5,-1.075
va_reclaim-ES-tf1|asia|,d_atr0p5_pct0p1-r3,False,False,147,-4300.5,-0.976
va_reclaim-ES-tf1|asia|,d_atr0p5_pct0p2-r0,False,False,146,7503.5,0.471
va_reclaim-ES-tf1|asia|,d_atr0p5_pct0p2-r1,False,False,148,-6429.5,-1.233
va_reclaim-ES-tf1|asia|,d_atr0p5_pct0p2-r2,False,False,146,-2821.5,-0.393
va_reclaim-ES-tf1|asia|,d_atr0p5_pct0p2-r3,False,False,146,-6871.5,-0.813
va_reclaim-ES-tf1|eve|,d_atr0_atr1p5-r0,False,False,279,-6916.0,-0.696
va_reclaim-ES-tf1|eve|,d_atr0_atr1p5-r1,False,False,283,-14107.0,-5.803
va_reclaim-ES-tf1|eve|,d_atr0_atr1p5-r2,False,False,283,-14444.5,-4.963
va_reclaim-ES-tf1|eve|,d_atr0_atr1p5-r3,False,False,283,-15244.5,-4.66
va_reclaim-ES-tf1|eve|,d_atr0_atr3-r0,False,False,273,-17429.5,-1.34
va_reclaim-ES-tf1|eve|,d_atr0_atr3-r1,False,False,283,-13169.5,-2.674
va_reclaim-ES-tf1|eve|,d_atr0_atr3-r2,False,False,282,-17853.0,-2.895
va_reclaim-ES-tf1|eve|,d_atr0_atr3-r3,False,False,278,-23062.0,-3.559
va_reclaim-ES-tf1|eve|,d_atr0_pts2p5-r0,False,False,277,-1958.0,-0.169
va_reclaim-ES-tf1|eve|,d_atr0_pts2p5-r1,False,False,283,-7757.0,-3.537
va_reclaim-ES-tf1|eve|,d_atr0_pts2p5-r2,False,False,283,-9819.5,-3.365
va_reclaim-ES-tf1|eve|,d_atr0_pts2p5-r3,False,False,281,-11574.0,-3.389
va_reclaim-ES-tf1|eve|,d_atr0_pts5-r0,False,False,274,-18158.5,-1.329
va_reclaim-ES-tf1|eve|,d_atr0_pts5-r1,False,False,283,-12894.5,-3.015
va_reclaim-ES-tf1|eve|,d_atr0_pts5-r2,False,False,280,-22007.5,-3.995
va_reclaim-ES-tf1|eve|,d_atr0_pts5-r3,False,False,279,-22716.0,-3.469
va_reclaim-ES-tf1|eve|,d_atr0_pts8-r0,False,False,272,-24663.0,-1.349
va_reclaim-ES-tf1|eve|,d_atr0_pts8-r1,False,False,280,-27245.0,-4.096
va_reclaim-ES-tf1|eve|,d_atr0_pts8-r2,False,False,277,-30495.5,-3.471
va_reclaim-ES-tf1|eve|,d_atr0_pts8-r3,False,False,276,-30804.0,-2.955
va_reclaim-ES-tf1|eve|,d_atr0_pts12-r0,False,False,271,-31109.0,-1.45
va_reclaim-ES-tf1|eve|,d_atr0_pts12-r1,False,False,279,-35628.5,-3.587
va_reclaim-ES-tf1|eve|,d_atr0_pts12-r2,False,False,275,-40250.0,-3.105
va_reclaim-ES-tf1|eve|,d_atr0_pts12-r3,False,False,272,-45925.5,-3.106
va_reclaim-ES-tf1|eve|,d_atr0_pct0p1-r0,False,False,274,-8696.0,-0.643
va_reclaim-ES-tf1|eve|,d_atr0_pct0p1-r1,False,False,283,-10857.0,-2.953
va_reclaim-ES-tf1|eve|,d_atr0_pct0p1-r2,False,False,280,-19482.5,-4.141
va_reclaim-ES-tf1|eve|,d_atr0_pct0p1-r3,False,False,279,-17253.5,-3.01
va_reclaim-ES-tf1|eve|,d_atr0_pct0p2-r0,False,False,271,-23334.0,-1.244
va_reclaim-ES-tf1|eve|,d_atr0_pct0p2-r1,False,False,280,-32645.0,-4.647
va_reclaim-ES-tf1|eve|,d_atr0_pct0p2-r2,False,False,275,-32637.5,-3.531
va_reclaim-ES-tf1|eve|,d_atr0_pct0p2-r3,False,False,273,-40379.5,-3.817
va_reclaim-ES-tf1|eve|,d_atr0p25_atr1p5-r0,False,False,277,-9195.5,-0.982
va_reclaim-ES-tf1|eve|,d_atr0p25_atr1p5-r1,False,False,280,-14020.0,-5.968
va_reclaim-ES-tf1|eve|,d_atr0p25_atr1p5-r2,False,False,280,-14507.5,-5.186
va_reclaim-ES-tf1|eve|,d_atr0p25_atr1p5-r3,False,False,280,-15295.0,-4.889
va_reclaim-ES-tf1|eve|,d_atr0p25_atr3-r0,False,False,271,-18234.0,-1.442
va_reclaim-ES-tf1|eve|,d_atr0p25_atr3-r1,False,False,280,-12070.0,-2.53
va_reclaim-ES-tf1|eve|,d_atr0p25_atr3-r2,False,False,279,-17153.5,-2.858
va_reclaim-ES-tf1|eve|,d_atr0p25_atr3-r3,False,False,275,-21812.5,-3.457
va_reclaim-ES-tf1|eve|,d_atr0p25_pts2p5-r0,False,False,275,-1700.0,-0.147
va_reclaim-ES-tf1|eve|,d_atr0p25_pts2p5-r1,False,False,280,-8645.0,-3.979
va_reclaim-ES-tf1|eve|,d_atr0p25_pts2p5-r2,False,False,280,-9782.5,-3.373
va_reclaim-ES-tf1|eve|,d_atr0p25_pts2p5-r3,False,False,278,-11149.5,-3.269
va_reclaim-ES-tf1|eve|,d_atr0p25_pts5-r0,False,False,272,-17663.0,-1.294
va_reclaim-ES-tf1|eve|,d_atr0p25_pts5-r1,False,False,280,-13120.0,-3.086
va_reclaim-ES-tf1|eve|,d_atr0p25_pts5-r2,False,False,277,-21970.5,-4.015
va_reclaim-ES-tf1|eve|,d_atr0p25_pts5-r3,False,False,276,-20904.0,-3.172
va_reclaim-ES-tf1|eve|,d_atr0p25_pts8-r0,False,False,270,-23867.5,-1.307
va_reclaim-ES-tf1|eve|,d_atr0p25_pts8-r1,False,False,277,-26808.0,-4.051
va_reclaim-ES-tf1|eve|,d_atr0p25_pts8-r2,False,False,274,-28033.5,-3.182
va_reclaim-ES-tf1|eve|,d_atr0p25_pts8-r3,False,False,273,-29554.5,-2.839
va_reclaim-ES-tf1|eve|,d_atr0p25_pts12-r0,False,False,269,-29913.5,-1.395
va_reclaim-ES-tf1|eve|,d_atr0p25_pts12-r1,False,False,276,-34991.5,-3.54
va_reclaim-ES-tf1|eve|,d_atr0p25_pts12-r2,False,False,272,-40213.0,-3.123
va_reclaim-ES-tf1|eve|,d_atr0p25_pts12-r3,False,False,269,-46488.5,-3.175
va_reclaim-ES-tf1|eve|,d_atr0p25_pct0p1-r0,False,False,272,-8325.5,-0.616
va_reclaim-ES-tf1|eve|,d_atr0p25_pct0p1-r1,False,False,280,-10182.5,-2.779
va_reclaim-ES-tf1|eve|,d_atr0p25_pct0p1-r2,False,False,277,-18870.5,-4.019
va_reclaim-ES-tf1|eve|,d_atr0p25_pct0p1-r3,False,False,276,-15879.0,-2.76
va_reclaim-ES-tf1|eve|,d_atr0p25_pct0p2-r0,False,False,269,-22576.0,-1.205
va_reclaim-ES-tf1|eve|,d_atr0p25_pct0p2-r1,False,False,277,-32120.5,-4.592
va_reclaim-ES-tf1|eve|,d_atr0p25_pct0p2-r2,False,False,272,-30400.5,-3.285
va_reclaim-ES-tf1|eve|,d_atr0p25_pct0p2-r3,False,False,270,-39392.5,-3.736
va_reclaim-ES-tf1|eve|,d_atr0p5_atr1p5-r0,False,False,263,-9364.5,-1.087
va_reclaim-ES-tf1|eve|,d_atr0p5_atr1p5-r1,False,False,266,-11901.5,-5.765
va_reclaim-ES-tf1|eve|,d_atr0p5_atr1p5-r2,False,False,266,-12439.0,-4.901
va_reclaim-ES-tf1|eve|,d_atr0p5_atr1p5-r3,False,False,266,-13776.5,-4.837
va_reclaim-ES-tf1|eve|,d_atr0p5_atr3-r0,False,False,258,-18519.5,-1.598
va_reclaim-ES-tf1|eve|,d_atr0p5_atr3-r1,False,False,266,-7676.5,-1.834
va_reclaim-ES-tf1|eve|,d_atr0p5_atr3-r2,False,False,266,-14814.0,-2.679
va_reclaim-ES-tf1|eve|,d_atr0p5_atr3-r3,False,False,263,-19414.5,-3.347
va_reclaim-ES-tf1|eve|,d_atr0p5_pts2p5-r0,False,False,261,-5544.0,-0.525
va_reclaim-ES-tf1|eve|,d_atr0p5_pts2p5-r1,False,False,266,-10076.5,-4.806
va_reclaim-ES-tf1|eve|,d_atr0p5_pts2p5-r2,False,False,266,-10514.0,-3.771
va_reclaim-ES-tf1|eve|,d_atr0p5_pts2p5-r3,False,False,264,-11218.5,-3.406
va_reclaim-ES-tf1|eve|,d_atr0p5_pts5-r0,False,False,259,-20736.0,-1.626
va_reclaim-ES-tf1|eve|,d_atr0p5_pts5-r1,False,False,266,-12464.0,-3.008
va_reclaim-ES-tf1|eve|,d_atr0p5_pts5-r2,False,False,264,-20793.5,-3.889
va_reclaim-ES-tf1|eve|,d_atr0p5_pts5-r3,False,False,263,-20477.0,-3.197
va_reclaim-ES-tf1|eve|,d_atr0p5_pts8-r0,False,False,257,-25990.5,-1.479
va_reclaim-ES-tf1|eve|,d_atr0p5_pts8-r1,False,False,264,-23831.0,-3.675
va_reclaim-ES-tf1|eve|,d_atr0p5_pts8-r2,False,False,261,-26256.5,-3.048
va_reclaim-ES-tf1|eve|,d_atr0p5_pts8-r3,False,False,260,-32190.0,-3.235
va_reclaim-ES-tf1|eve|,d_atr0p5_pts12-r0,False,False,256,-31824.0,-1.533
va_reclaim-ES-tf1|eve|,d_atr0p5_pts12-r1,False,False,263,-31827.0,-3.293
va_reclaim-ES-tf1|eve|,d_atr0p5_pts12-r2,False,False,259,-41223.5,-3.311
va_reclaim-ES-tf1|eve|,d_atr0p5_pts12-r3,False,False,256,-52511.5,-3.801
va_reclaim-ES-tf1|eve|,d_atr0p5_pct0p1-r0,False,False,259,-12461.0,-0.988
va_reclaim-ES-tf1|eve|,d_atr0p5_pct0p1-r1,False,False,266,-10926.5,-3.071
va_reclaim-ES-tf1|eve|,d_atr0p5_pct0p1-r2,False,False,264,-18868.5,-4.142
va_reclaim-ES-tf1|eve|,d_atr0p5_pct0p1-r3,False,False,263,-15314.5,-2.729
va_reclaim-ES-tf1|eve|,d_atr0p5_pct0p2-r0,False,False,256,-21911.5,-1.202
va_reclaim-ES-tf1|eve|,d_atr0p5_pct0p2-r1,False,False,264,-28606.0,-4.172
va_reclaim-ES-tf1|eve|,d_atr0p5_pct0p2-r2,False,False,259,-26848.5,-2.947
va_reclaim-ES-tf1|eve|,d_atr0p5_pct0p2-r3,False,False,257,-40703.0,-4.038
va_reclaim-ES-tf1|london|,d_atr0_atr1p5-r0,False,False,332,-16740.5,-1.519
va_reclaim-ES-tf1|london|,d_atr0_atr1p5-r1,False,False,342,-7905.5,-3.219
va_reclaim-ES-tf1|london|,d_atr0_atr1p5-r2,False,False,342,-9193.0,-2.744
va_reclaim-ES-tf1|london|,d_atr0_atr1p5-r3,False,False,342,-8080.5,-1.971
va_reclaim-ES-tf1|london|,d_atr0_atr3-r0,False,False,327,-10295.5,-0.656
va_reclaim-ES-tf1|london|,d_atr0_atr3-r1,False,False,342,-13305.5,-2.769
va_reclaim-ES-tf1|london|,d_atr0_atr3-r2,False,False,342,-9393.0,-1.397
va_reclaim-ES-tf1|london|,d_atr0_atr3-r3,False,False,340,-5585.0,-0.678
va_reclaim-ES-tf1|london|,d_atr0_pts2p5-r0,False,False,329,-241.0,-0.018
va_reclaim-ES-tf1|london|,d_atr0_pts2p5-r1,False,False,342,-9280.5,-3.85
va_reclaim-ES-tf1|london|,d_atr0_pts2p5-r2,False,False,342,-8480.5,-2.576
va_reclaim-ES-tf1|london|,d_atr0_pts2p5-r3,False,False,340,-7622.5,-1.907
va_reclaim-ES-tf1|london|,d_atr0_pts5-r0,False,False,325,-862.5,-0.053
va_reclaim-ES-tf1|london|,d_atr0_pts5-r1,False,False,342,-10680.5,-2.258
va_reclaim-ES-tf1|london|,d_atr0_pts5-r2,False,False,339,-9843.5,-1.514
va_reclaim-ES-tf1|london|,d_atr0_pts5-r3,False,False,331,-5761.5,-0.727
va_reclaim-ES-tf1|london|,d_atr0_pts8-r0,False,False,318,-15759.5,-0.827
va_reclaim-ES-tf1|london|,d_atr0_pts8-r1,False,False,340,-16485.0,-2.207
va_reclaim-ES-tf1|london|,d_atr0_pts8-r2,False,False,329,-15841.0,-1.569
va_reclaim-ES-tf1|london|,d_atr0_pts8-r3,False,False,320,-11442.5,-0.946
va_reclaim-ES-tf1|london|,d_atr0_pts12-r0,False,False,315,-30185.0,-1.411
va_reclaim-ES-tf1|london|,d_atr0_pts12-r1,False,False,337,-25485.5,-2.316
va_reclaim-ES-tf1|london|,d_atr0_pts12-r2,False,False,318,-17397.0,-1.198
va_reclaim-ES-tf1|london|,d_atr0_pts12-r3,False,False,316,-22314.0,-1.308
va_reclaim-ES-tf1|london|,d_atr0_pct0p1-r0,False,False,326,-1941.5,-0.127
va_reclaim-ES-tf1|london|,d_atr0_pct0p1-r1,False,False,342,-11718.0,-2.906
va_reclaim-ES-tf1|london|,d_atr0_pct0p1-r2,False,False,339,-7818.5,-1.404
va_reclaim-ES-tf1|london|,d_atr0_pct0p1-r3,False,False,339,-4918.5,-0.717
va_reclaim-ES-tf1|london|,d_atr0_pct0p2-r0,False,False,318,-19522.0,-1.018
va_reclaim-ES-tf1|london|,d_atr0_pct0p2-r1,False,False,339,-16668.5,-2.11
va_reclaim-ES-tf1|london|,d_atr0_pct0p2-r2,False,False,328,-18524.5,-1.761
va_reclaim-ES-tf1|london|,d_atr0_pct0p2-r3,False,False,319,-17813.5,-1.439
va_reclaim-ES-tf1|london|,d_atr0p25_atr1p5-r0,False,False,326,-13554.0,-1.212
va_reclaim-ES-tf1|london|,d_atr0p25_atr1p5-r1,False,False,337,-6960.5,-2.856
va_reclaim-ES-tf1|london|,d_atr0p25_atr1p5-r2,False,False,337,-9423.0,-2.85
va_reclaim-ES-tf1|london|,d_atr0p25_atr1p5-r3,False,False,337,-7785.5,-1.913
va_reclaim-ES-tf1|london|,d_atr0p25_atr3-r0,False,False,321,-5971.5,-0.378
va_reclaim-ES-tf1|london|,d_atr0p25_atr3-r1,False,False,337,-13510.5,-2.84
va_reclaim-ES-tf1|london|,d_atr0p25_atr3-r2,False,False,337,-9160.5,-1.374
va_reclaim-ES-tf1|london|,d_atr0p25_atr3-r3,False,False,335,-4327.5,-0.528
va_reclaim-ES-tf1|london|,d_atr0p25_pts2p5-r0,False,False,324,466.5,0.036
va_reclaim-ES-tf1|london|,d_atr0p25_pts2p5-r1,False,False,337,-9623.0,-4.027
va_reclaim-ES-tf1|london|,d_atr0p25_pts2p5-r2,False,False,337,-9323.0,-2.873
va_reclaim-ES-tf1|london|,d_atr0p25_pts2p5-r3,False,False,335,-8452.5,-2.148
va_reclaim-ES-tf1|london|,d_atr0p25_pts5-r0,False,False,319,2911.5,0.177
va_reclaim-ES-tf1|london|,d_atr0p25_pts5-r1,False,False,337,-11398.0,-2.43
va_reclaim-ES-tf1|london|,d_atr0p25_pts5-r2,False,False,334,-10036.0,-1.557
va_reclaim-ES-tf1|london|,d_atr0p25_pts5-r3,False,False,326,-5441.5,-0.691
va_reclaim-ES-tf1|london|,d_atr0p25_pts8-r0,False,False,312,-10935.5,-0.571
va_reclaim-ES-tf1|london|,d_atr0p25_pts8-r1,False,False,335,-16840.0,-2.272
va_reclaim-ES-tf1|london|,d_atr0p25_pts8-r2,False,False,324,-14971.0,-1.492
va_reclaim-ES-tf1|london|,d_atr0p25_pts8-r3,False,False,315,-9360.0,-0.776
va_reclaim-ES-tf1|london|,d_atr0p25_pts12-r0,False,False,310,-27152.5,-1.271
va_reclaim-ES-tf1|london|,d_atr0p25_pts12-r1,False,False,332,-26040.5,-2.385
va_reclaim-ES-tf1|london|,d_atr0p25_pts12-r2,False,False,313,-16127.0,-1.118
va_reclaim-ES-tf1|london|,d_atr0p25_pts12-r3,False,False,311,-21644.0,-1.279
va_reclaim-ES-tf1|london|,d_atr0p25_pct0p1-r0,False,False,320,1507.5,0.098
va_reclaim-ES-tf1|london|,d_atr0p25_pct0p1-r1,False,False,337,-11848.0,-2.961
va_reclaim-ES-tf1|london|,d_atr0p25_pct0p1-r2,False,False,334,-8523.5,-1.546
va_reclaim-ES-tf1|london|,d_atr0p25_pct0p1-r3,False,False,334,-3811.0,-0.557
va_reclaim-ES-tf1|london|,d_atr0p25_pct0p2-r0,False,False,312,-14635.5,-0.76
va_reclaim-ES-tf1|london|,d_atr0p25_pct0p2-r1,False,False,334,-16936.0,-2.161
va_reclaim-ES-tf1|london|,d_atr0p25_pct0p2-r2,False,False,323,-17654.5,-1.689
va_reclaim-ES-tf1|london|,d_atr0p25_pct0p2-r3,False,False,314,-15768.5,-1.278
va_reclaim-ES-tf1|london|,d_atr0p5_atr1p5-r0,False,False,315,-14235.0,-1.279
va_reclaim-ES-tf1|london|,d_atr0p5_atr1p5-r1,False,False,325,-8300.0,-3.466
va_reclaim-ES-tf1|london|,d_atr0p5_atr1p5-r2,False,False,325,-10887.5,-3.405
va_reclaim-ES-tf1|london|,d_atr0p5_atr1p5-r3,False,False,325,-10987.5,-2.845
va_reclaim-ES-tf1|london|,d_atr0p5_atr3-r0,False,False,308,768.0,0.047
va_reclaim-ES-tf1|london|,d_atr0p5_atr3-r1,False,False,325,-9900.0,-2.102
va_reclaim-ES-tf1|london|,d_atr0p5_atr3-r2,False,False,325,-9300.0,-1.416
va_reclaim-ES-tf1|london|,d_atr0p5_atr3-r3,False,False,323,-4529.5,-0.564
va_reclaim-ES-tf1|london|,d_atr0p5_pts2p5-r0,False,False,311,5931.0,0.439
va_reclaim-ES-tf1|london|,d_atr0p5_pts2p5-r1,False,False,325,-10025.0,-4.283
va_reclaim-ES-tf1|london|,d_atr0p5_pts2p5-r2,False,False,325,-9175.0,-2.883
va_reclaim-ES-tf1|london|,d_atr0p5_pts2p5-r3,False,False,323,-8804.5,-2.293
va_reclaim-ES-tf1|london|,d_atr0p5_pts5-r0,False,False,306,5751.0,0.35
va_reclaim-ES-tf1|london|,d_atr0p5_pts5-r1,False,False,325,-9225.0,-1.999
va_reclaim-ES-tf1|london|,d_atr0p5_pts5-r2,False,False,322,-10650.5,-1.689
va_reclaim-ES-tf1|london|,d_atr0p5_pts5-r3,False,False,315,-6560.0,-0.852
va_reclaim-ES-tf1|london|,d_atr0p5_pts8-r0,False,False,303,-10849.5,-0.576
va_reclaim-ES-tf1|london|,d_atr0p5_pts8-r1,False,False,323,-16717.0,-2.298
va_reclaim-ES-tf1|london|,d_atr0p5_pts8-r2,False,False,314,-14443.5,-1.462
va_reclaim-ES-tf1|london|,d_atr0p5_pts8-r3,False,False,306,-12061.5,-1.024
va_reclaim-ES-tf1|london|,d_atr0p5_pts12-r0,False,False,301,-29516.5,-1.416
va_reclaim-ES-tf1|london|,d_atr0p5_pts12-r1,False,False,321,-27096.5,-2.524
va_reclaim-ES-tf1|london|,d_atr0p5_pts12-r2,False,False,304,-20203.5,-1.431
va_reclaim-ES-tf1|london|,d_atr0p5_pts12-r3,False,False,302,-23895.5,-1.442
va_reclaim-ES-tf1|london|,d_atr0p5_pct0p1-r0,False,False,307,3859.5,0.251
va_reclaim-ES-tf1|london|,d_atr0p5_pct0p1-r1,False,False,325,-12150.0,-3.094
va_reclaim-ES-tf1|london|,d_atr0p5_pct0p1-r2,False,False,322,-9000.5,-1.668
va_reclaim-ES-tf1|london|,d_atr0p5_pct0p1-r3,False,False,322,-5175.5,-0.776
va_reclaim-ES-tf1|london|,d_atr0p5_pct0p2-r0,False,False,303,-14737.0,-0.778
va_reclaim-ES-tf1|london|,d_atr0p5_pct0p2-r1,False,False,322,-18063.0,-2.346
va_reclaim-ES-tf1|london|,d_atr0p5_pct0p2-r2,False,False,313,-18602.0,-1.812
va_reclaim-ES-tf1|london|,d_atr0p5_pct0p2-r3,False,False,306,-14036.5,-1.145
va_reclaim-ES-tf1|mid|,d_atr0_atr1p5-r0,False,False,266,-226.5,-0.018
va_reclaim-ES-tf1|mid|,d_atr0_atr1p5-r1,False,False,292,-8530.5,-2.107
va_reclaim-ES-tf1|mid|,d_atr0_atr1p5-r2,False,False,292,-3155.5,-0.549
va_reclaim-ES-tf1|mid|,d_atr0_atr1p5-r3,False,False,289,-2193.5,-0.309
va_reclaim-ES-tf1|mid|,d_atr0_atr3-r0,False,False,261,-8056.5,-0.482
va_reclaim-ES-tf1|mid|,d_atr0_atr3-r1,False,False,292,-12018.0,-1.501
va_reclaim-ES-tf1|mid|,d_atr0_atr3-r2,False,False,283,-10794.5,-0.995
va_reclaim-ES-tf1|mid|,d_atr0_atr3-r3,False,False,269,-9926.0,-0.781
va_reclaim-ES-tf1|mid|,d_atr0_pts2p5-r0,False,False,279,-2091.0,-0.208
va_reclaim-ES-tf1|mid|,d_atr0_pts2p5-r1,False,False,293,-8384.5,-3.763
va_reclaim-ES-tf1|mid|,d_atr0_pts2p5-r2,False,False,293,-8134.5,-2.689
va_reclaim-ES-tf1|mid|,d_atr0_pts2p5-r3,False,False,293,-5072.0,-1.347
va_reclaim-ES-tf1|mid|,d_atr0_pts5-r0,False,False,265,-647.5,-0.049
va_reclaim-ES-tf1|mid|,d_atr0_pts5-r1,False,False,292,-9143.0,-2.092
va_reclaim-ES-tf1|mid|,d_atr0_pts5-r2,False,False,292,-6518.0,-1.072
va_reclaim-ES-tf1|mid|,d_atr0_pts5-r3,False,False,283,-6632.0,-0.925
va_reclaim-ES-tf1|mid|,d_atr0_pts8-r0,False,False,261,-5094.0,-0.315
va_reclaim-ES-tf1|mid|,d_atr0_pts8-r1,False,False,292,-22568.0,-3.3
va_reclaim-ES-tf1|mid|,d_atr0_pts8-r2,False,False,280,-11857.5,-1.299
va_reclaim-ES-tf1|mid|,d_atr0_pts8-r3,False,False,275,-12987.5,-1.222
va_reclaim-ES-tf1|mid|,d_atr0_pts12-r0,False,False,258,368.0,0.019
va_reclaim-ES-tf1|mid|,d_atr0_pts12-r1,False,False,287,-11435.5,-1.144
va_reclaim-ES-tf1|mid|,d_atr0_pts12-r2,False,False,274,-12583.5,-0.998
va_reclaim-ES-tf1|mid|,d_atr0_pts12-r3,False,False,262,-13773.0,-0.981
va_reclaim-ES-tf1|mid|,d_atr0_pct0p1-r0,False,False,268,-10384.5,-0.961
va_reclaim-ES-tf1|mid|,d_atr0_pct0p1-r1,False,False,293,-10647.0,-2.857
va_reclaim-ES-tf1|mid|,d_atr0_pct0p1-r2,False,False,292,-8093.0,-1.578
va_reclaim-ES-tf1|mid|,d_atr0_pct0p1-r3,False,False,289,-5031.0,-0.804
va_reclaim-ES-tf1|mid|,d_atr0_pct0p2-r0,False,False,261,-1506.5,-0.09
va_reclaim-ES-tf1|mid|,d_atr0_pct0p2-r1,False,False,292,-17493.0,-2.4
va_reclaim-ES-tf1|mid|,d_atr0_pct0p2-r2,False,False,280,-9007.5,-0.938
va_reclaim-ES-tf1|mid|,d_atr0_pct0p2-r3,False,False,273,-16267.0,-1.51
va_reclaim-ES-tf1|mid|,d_atr0p25_atr1p5-r0,False,False,260,5022.5,0.387
va_reclaim-ES-tf1|mid|,d_atr0p25_atr1p5-r1,False,False,284,-8373.5,-2.113
va_reclaim-ES-tf1|mid|,d_atr0p25_atr1p5-r2,False,False,284,-2911.0,-0.517
va_reclaim-ES-tf1|mid|,d_atr0p25_atr1p5-r3,False,False,281,-1624.0,-0.234
va_reclaim-ES-tf1|mid|,d_atr0p25_atr3-r0,False,False,256,-2186.5,-0.13
va_reclaim-ES-tf1|mid|,d_atr0p25_atr3-r1,False,False,284,-10823.5,-1.38
va_reclaim-ES-tf1|mid|,d_atr0p25_atr3-r2,False,False,276,-9979.0,-0.938
va_reclaim-ES-tf1|mid|,d_atr0p25_atr3-r3,False,False,263,-5752.0,-0.45
va_reclaim-ES-tf1|mid|,d_atr0p25_pts2p5-r0,False,False,272,-850.5,-0.085
va_reclaim-ES-tf1|mid|,d_atr0p25_pts2p5-r1,False,False,285,-8827.5,-4.027
va_reclaim-ES-tf1|mid|,d_atr0p25_pts2p5-r2,False,False,285,-7777.5,-2.603
va_reclaim-ES-tf1|mid|,d_atr0p25_pts2p5-r3,False,False,285,-4965.0,-1.337
va_reclaim-ES-tf1|mid|,d_atr0p25_pts5-r0,False,False,260,4335.0,0.323
va_reclaim-ES-tf1|mid|,d_atr0p25_pts5-r1,False,False,284,-9061.0,-2.102
va_reclaim-ES-tf1|mid|,d_atr0p25_pts5-r2,False,False,284,-5148.5,-0.855
va_reclaim-ES-tf1|mid|,d_atr0p25_pts5-r3,False,False,276,-5779.0,-0.814
va_reclaim-ES-tf1|mid|,d_atr0p25_pts8-r0,False,False,256,-861.5,-0.053
va_reclaim-ES-tf1|mid|,d_atr0p25_pts8-r1,False,False,284,-18423.5,-2.719
va_reclaim-ES-tf1|mid|,d_atr0p25_pts8-r2,False,False,273,-11392.0,-1.264
va_reclaim-ES-tf1|mid|,d_atr0p25_pts8-r3,False,False,268,-13284.5,-1.271
va_reclaim-ES-tf1|mid|,d_atr0p25_pts12-r0,False,False,253,7338.0,0.379
va_reclaim-ES-tf1|mid|,d_atr0p25_pts12-r1,False,False,279,-8428.5,-0.857
va_reclaim-ES-tf1|mid|,d_atr0p25_pts12-r2,False,False,267,-11730.5,-0.943
va_reclaim-ES-tf1|mid|,d_atr0p25_pts12-r3,False,False,256,-11674.0,-0.842
va_reclaim-ES-tf1|mid|,d_atr0p25_pct0p1-r0,False,False,262,-6710.5,-0.612
va_reclaim-ES-tf1|mid|,d_atr0p25_pct0p1-r1,False,False,285,-10565.0,-2.877
va_reclaim-ES-tf1|mid|,d_atr0p25_pct0p1-r2,False,False,284,-7411.0,-1.461
va_reclaim-ES-tf1|mid|,d_atr0p25_pct0p1-r3,False,False,281,-4086.5,-0.66
va_reclaim-ES-tf1|mid|,d_atr0p25_pct0p2-r0,False,False,256,3713.5,0.219
va_reclaim-ES-tf1|mid|,d_atr0p25_pct0p2-r1,False,False,284,-14573.5,-2.025
va_reclaim-ES-tf1|mid|,d_atr0p25_pct0p2-r2,False,False,273,-8367.0,-0.883
va_reclaim-ES-tf1|mid|,d_atr0p25_pct0p2-r3,False,False,267,-13230.5,-1.23
va_reclaim-ES-tf1|mid|,d_atr0p5_atr1p5-r0,False,False,256,4301.0,0.334
va_reclaim-ES-tf1|mid|,d_atr0p5_atr1p5-r1,False,False,276,-8104.0,-2.07
va_reclaim-ES-tf1|mid|,d_atr0p5_atr1p5-r2,False,False,276,-3366.5,-0.607
va_reclaim-ES-tf1|mid|,d_atr0p5_atr1p5-r3,False,False,274,-2208.5,-0.323
va_reclaim-ES-tf1|mid|,d_atr0p5_atr3-r0,False,False,252,-2808.0,-0.168
va_reclaim-ES-tf1|mid|,d_atr0p5_atr3-r1,False,False,276,-9254.0,-1.195
va_reclaim-ES-tf1|mid|,d_atr0p5_atr3-r2,False,False,270,-10067.5,-0.96
va_reclaim-ES-tf1|mid|,d_atr0p5_atr3-r3,False,False,259,-6261.0,-0.496
va_reclaim-ES-tf1|mid|,d_atr0p5_pts2p5-r0,False,False,265,-122.5,-0.012
va_reclaim-ES-tf1|mid|,d_atr0p5_pts2p5-r1,False,False,277,-8745.5,-4.05
va_reclaim-ES-tf1|mid|,d_atr0p5_pts2p5-r2,False,False,277,-8195.5,-2.799
va_reclaim-ES-tf1|mid|,d_atr0p5_pts2p5-r3,False,False,277,-6620.5,-1.847
va_reclaim-ES-tf1|mid|,d_atr0p5_pts5-r0,False,False,255,1292.5,0.098
va_reclaim-ES-tf1|mid|,d_atr0p5_pts5-r1,False,False,276,-8979.0,-2.113
va_reclaim-ES-tf1|mid|,d_atr0p5_pts5-r2,False,False,276,-5279.0,-0.89
va_reclaim-ES-tf1|mid|,d_atr0p5_pts5-r3,False,False,269,-5663.5,-0.81
va_reclaim-ES-tf1|mid|,d_atr0p5_pts8-r0,False,False,252,217.0,0.013
va_reclaim-ES-tf1|mid|,d_atr0p5_pts8-r1,False,False,276,-17504.0,-2.619
va_reclaim-ES-tf1|mid|,d_atr0p5_pts8-r2,False,False,266,-6839.0,-0.762
va_reclaim-ES-tf1|mid|,d_atr0p5_pts8-r3,False,False,263,-12002.0,-1.158
va_reclaim-ES-tf1|mid|,d_atr0p5_pts12-r0,False,False,249,6404.0,0.332
va_reclaim-ES-tf1|mid|,d_atr0p5_pts12-r1,False,False,272,-8375.5,-0.864
va_reclaim-ES-tf1|mid|,d_atr0p5_pts12-r2,False,False,262,-13723.0,-1.121
va_reclaim-ES-tf1|mid|,d_atr0p5_pts12-r3,False,False,252,-12670.5,-0.924
va_reclaim-ES-tf1|mid|,d_atr0p5_pct0p1-r0,False,False,256,-7536.5,-0.697
va_reclaim-ES-tf1|mid|,d_atr0p5_pct0p1-r1,False,False,277,-10670.5,-2.949
va_reclaim-ES-tf1|mid|,d_atr0p5_pct0p1-r2,False,False,276,-7266.5,-1.451
va_reclaim-ES-tf1|mid|,d_atr0p5_pct0p1-r3,False,False,274,-3733.5,-0.61
va_reclaim-ES-tf1|mid|,d_atr0p5_pct0p2-r0,False,False,252,4954.5,0.293
va_reclaim-ES-tf1|mid|,d_atr0p5_pct0p2-r1,False,False,276,-11791.5,-1.658
va_reclaim-ES-tf1|mid|,d_atr0p5_pct0p2-r2,False,False,266,-4601.5,-0.488
va_reclaim-ES-tf1|mid|,d_atr0p5_pct0p2-r3,False,False,262,-10223.0,-0.952
va_reclaim-ES-tf1|nyam|,d_atr0_atr1p5-r0,False,False,328,-637.0,-0.039
va_reclaim-ES-tf1|nyam|,d_atr0_atr1p5-r1,False,False,354,-9803.5,-1.908
va_reclaim-ES-tf1|nyam|,d_atr0_atr1p5-r2,False,False,354,-15128.5,-2.176
va_reclaim-ES-tf1|nyam|,d_atr0_atr1p5-r3,False,False,348,-13579.5,-1.604
va_reclaim-ES-tf1|nyam|,d_atr0_atr3-r0,False,False,312,24114.5,1.057
va_reclaim-ES-tf1|nyam|,d_atr0_atr3-r1,False,False,354,2459.0,0.242
va_reclaim-ES-tf1|nyam|,d_atr0_atr3-r2,False,False,341,13798.5,0.951
va_reclaim-ES-tf1|nyam|,d_atr0_atr3-r3,False,False,326,-216.5,-0.013
va_reclaim-ES-tf1|nyam|,d_atr0_pts2p5-r0,False,False,336,-4656.5,-0.385
va_reclaim-ES-tf1|nyam|,d_atr0_pts2p5-r1,False,False,354,-10453.5,-4.273
va_reclaim-ES-tf1|nyam|,d_atr0_pts2p5-r2,False,False,354,-7466.0,-2.21
va_reclaim-ES-tf1|nyam|,d_atr0_pts2p5-r3,False,False,353,-6387.0,-1.549
va_reclaim-ES-tf1|nyam|,d_atr0_pts5-r0,False,False,328,-8237.0,-0.547
va_reclaim-ES-tf1|nyam|,d_atr0_pts5-r1,False,False,354,-8753.5,-1.816
va_reclaim-ES-tf1|nyam|,d_atr0_pts5-r2,False,False,352,-8020.5,-1.203
va_reclaim-ES-tf1|nyam|,d_atr0_pts5-r3,False,False,347,-13338.0,-1.696
va_reclaim-ES-tf1|nyam|,d_atr0_pts8-r0,False,False,312,5177.0,0.284
va_reclaim-ES-tf1|nyam|,d_atr0_pts8-r1,False,False,351,-1029.0,-0.135
va_reclaim-ES-tf1|nyam|,d_atr0_pts8-r2,False,False,340,190.0,0.018
va_reclaim-ES-tf1|nyam|,d_atr0_pts8-r3,False,False,326,-8554.0,-0.709
va_reclaim-ES-tf1|nyam|,d_atr0_pts12-r0,False,False,306,7901.0,0.369
va_reclaim-ES-tf1|nyam|,d_atr0_pts12-r1,False,False,347,-1300.5,-0.116
va_reclaim-ES-tf1|nyam|,d_atr0_pts12-r2,False,False,324,-7196.0,-0.498
va_reclaim-ES-tf1|nyam|,d_atr0_pts12-r3,False,False,312,-3198.0,-0.193
va_reclaim-ES-tf1|nyam|,d_atr0_pct0p1-r0,False,False,332,-13228.0,-0.982
va_reclaim-ES-tf1|nyam|,d_atr0_pct0p1-r1,False,False,354,-8391.0,-2.033
va_reclaim-ES-tf1|nyam|,d_atr0_pct0p1-r2,False,False,353,-6087.0,-1.061
va_reclaim-ES-tf1|nyam|,d_atr0_pct0p1-r3,False,False,351,-11941.5,-1.772
va_reclaim-ES-tf1|nyam|,d_atr0_pct0p2-r0,False,False,310,9072.5,0.479
va_reclaim-ES-tf1|nyam|,d_atr0_pct0p2-r1,False,False,351,2346.0,0.29
va_reclaim-ES-tf1|nyam|,d_atr0_pct0p2-r2,False,False,335,-1815.0,-0.166
va_reclaim-ES-tf1|nyam|,d_atr0_pct0p2-r3,False,False,324,-7771.0,-0.618
va_reclaim-ES-tf1|nyam|,d_atr0p25_atr1p5-r0,False,False,316,-5764.0,-0.367
va_reclaim-ES-tf1|nyam|,d_atr0p25_atr1p5-r1,False,False,338,-12727.0,-2.562
va_reclaim-ES-tf1|nyam|,d_atr0p25_atr1p5-r2,False,False,338,-15914.5,-2.375
va_reclaim-ES-tf1|nyam|,d_atr0p25_atr1p5-r3,False,False,334,-13786.0,-1.684
va_reclaim-ES-tf1|nyam|,d_atr0p25_atr3-r0,False,False,302,11929.5,0.559
va_reclaim-ES-tf1|nyam|,d_atr0p25_atr3-r1,False,False,338,3273.0,0.331
va_reclaim-ES-tf1|nyam|,d_atr0p25_atr3-r2,False,False,327,7054.5,0.504
va_reclaim-ES-tf1|nyam|,d_atr0p25_atr3-r3,False,False,314,-7006.0,-0.44
va_reclaim-ES-tf1|nyam|,d_atr0p25_pts2p5-r0,False,False,323,-7917.0,-0.703
va_reclaim-ES-tf1|nyam|,d_atr0p25_pts2p5-r1,False,False,338,-12127.0,-5.117
va_reclaim-ES-tf1|nyam|,d_atr0p25_pts2p5-r2,False,False,338,-9852.0,-3.043
va_reclaim-ES-tf1|nyam|,d_atr0p25_pts2p5-r3,False,False,337,-8223.0,-2.079
va_reclaim-ES-tf1|nyam|,d_atr0p25_pts5-r0,False,False,315,-7285.0,-0.49
va_reclaim-ES-tf1|nyam|,d_atr0p25_pts5-r1,False,False,338,-12689.5,-2.705
va_reclaim-ES-tf1|nyam|,d_atr0p25_pts5-r2,False,False,336,-8331.5,-1.281
va_reclaim-ES-tf1|nyam|,d_atr0p25_pts5-r3,False,False,332,-8328.0,-1.061
va_reclaim-ES-tf1|nyam|,d_atr0p25_pts8-r0,False,False,300,2125.0,0.121
va_reclaim-ES-tf1|nyam|,d_atr0p25_pts8-r1,False,False,335,-865.0,-0.116
va_reclaim-ES-tf1|nyam|,d_atr0p25_pts8-r2,False,False,325,0.0,0.0
va_reclaim-ES-tf1|nyam|,d_atr0p25_pts8-r3,False,False,314,-10031.0,-0.853
va_reclaim-ES-tf1|nyam|,d_atr0p25_pts12-r0,False,False,297,6374.5,0.304
va_reclaim-ES-tf1|nyam|,d_atr0p25_pts12-r1,False,False,332,-1753.0,-0.16
va_reclaim-ES-tf1|nyam|,d_atr0p25_pts12-r2,False,False,312,-10710.5,-0.761
va_reclaim-ES-tf1|nyam|,d_atr0p25_pts12-r3,False,False,302,-7195.5,-0.444
va_reclaim-ES-tf1|nyam|,d_atr0p25_pct0p1-r0,False,False,319,-12838.5,-0.969
va_reclaim-ES-tf1|nyam|,d_atr0p25_pct0p1-r1,False,False,338,-9864.5,-2.449
va_reclaim-ES-tf1|nyam|,d_atr0p25_pct0p1-r2,False,False,337,-5523.0,-0.983
va_reclaim-ES-tf1|nyam|,d_atr0p25_pct0p1-r3,False,False,336,-8406.5,-1.253
va_reclaim-ES-tf1|nyam|,d_atr0p25_pct0p2-r0,False,False,299,841.5,0.047
va_reclaim-ES-tf1|nyam|,d_atr0p25_pct0p2-r1,False,False,335,3535.0,0.447
va_reclaim-ES-tf1|nyam|,d_atr0p25_pct0p2-r2,False,False,321,-3559.0,-0.334
va_reclaim-ES-tf1|nyam|,d_atr0p25_pct0p2-r3,False,False,311,-10819.0,-0.888
va_reclaim-ES-tf1|nyam|,d_atr0p5_atr1p5-r0,False,False,296,-14609.0,-1.02
va_reclaim-ES-tf1|nyam|,d_atr0p5_atr1p5-r1,False,False,317,-10943.0,-2.247
va_reclaim-ES-tf1|nyam|,d_atr0p5_atr1p5-r2,False,False,317,-14943.0,-2.264
va_reclaim-ES-tf1|nyam|,d_atr0p5_atr1p5-r3,False,False,314,-16206.0,-2.048
va_reclaim-ES-tf1|nyam|,d_atr0p5_atr3-r0,False,False,286,8493.5,0.406
va_reclaim-ES-tf1|nyam|,d_atr0p5_atr3-r1,False,False,317,4282.0,0.443
va_reclaim-ES-tf1|nyam|,d_atr0p5_atr3-r2,False,False,310,8347.5,0.603
va_reclaim-ES-tf1|nyam|,d_atr0p5_atr3-r3,False,False,298,-7342.0,-0.468
va_reclaim-ES-tf1|nyam|,d_atr0p5_pts2p5-r0,False,False,301,-16304.0,-1.758
va_reclaim-ES-tf1|nyam|,d_atr0p5_pts2p5-r1,False,False,317,-11780.5,-5.143
va_reclaim-ES-tf1|nyam|,d_atr0p5_pts2p5-r2,False,False,317,-9980.5,-3.203
va_reclaim-ES-tf1|nyam|,d_atr0p5_pts2p5-r3,False,False,316,-7814.0,-2.042
va_reclaim-ES-tf1|nyam|,d_atr0p5_pts5-r0,False,False,295,-16405.0,-1.237
va_reclaim-ES-tf1|nyam|,d_atr0p5_pts5-r1,False,False,317,-13243.0,-2.92
va_reclaim-ES-tf1|nyam|,d_atr0p5_pts5-r2,False,False,316,-8326.5,-1.323
va_reclaim-ES-tf1|nyam|,d_atr0p5_pts5-r3,False,False,311,-8569.0,-1.131
va_reclaim-ES-tf1|nyam|,d_atr0p5_pts8-r0,False,False,286,-7381.5,-0.447
va_reclaim-ES-tf1|nyam|,d_atr0p5_pts8-r1,False,False,316,-1876.5,-0.26
va_reclaim-ES-tf1|nyam|,d_atr0p5_pts8-r2,False,False,307,-1915.5,-0.192
va_reclaim-ES-tf1|nyam|,d_atr0p5_pts8-r3,False,False,297,-13625.5,-1.199
va_reclaim-ES-tf1|nyam|,d_atr0p5_pts12-r0,False,False,284,-2561.0,-0.127
va_reclaim-ES-tf1|nyam|,d_atr0p5_pts12-r1,False,False,314,-1568.5,-0.147
va_reclaim-ES-tf1|nyam|,d_atr0p5_pts12-r2,False,False,296,-11309.0,-0.824
va_reclaim-ES-tf1|nyam|,d_atr0p5_pts12-r3,False,False,289,-14293.5,-0.908
va_reclaim-ES-tf1|nyam|,d_atr0p5_pct0p1-r0,False,False,298,-19967.0,-1.709
va_reclaim-ES-tf1|nyam|,d_atr0p5_pct0p1-r1,False,False,317,-10693.0,-2.748
va_reclaim-ES-tf1|nyam|,d_atr0p5_pct0p1-r2,False,False,316,-7214.0,-1.337
va_reclaim-ES-tf1|nyam|,d_atr0p5_pct0p1-r3,False,False,315,-7722.5,-1.187
va_reclaim-ES-tf1|nyam|,d_atr0p5_pct0p2-r0,False,False,286,-2644.0,-0.152
va_reclaim-ES-tf1|nyam|,d_atr0p5_pct0p2-r1,False,False,316,2261.0,0.295
va_reclaim-ES-tf1|nyam|,d_atr0p5_pct0p2-r2,False,False,304,-2641.0,-0.253
va_reclaim-ES-tf1|nyam|,d_atr0p5_pct0p2-r3,False,False,295,-11492.5,-0.966
va_reclaim-ES-tf1|pm|,d_atr0_atr1p5-r0,False,False,245,3807.5,0.312
va_reclaim-ES-tf1|pm|,d_atr0_atr1p5-r1,False,False,258,-7644.5,-1.809
va_reclaim-ES-tf1|pm|,d_atr0_atr1p5-r2,False,False,258,-8694.5,-1.468
va_reclaim-ES-tf1|pm|,d_atr0_atr1p5-r3,False,False,258,-9244.5,-1.281
va_reclaim-ES-tf1|pm|,d_atr0_atr3-r0,False,False,238,-4527.0,-0.318
va_reclaim-ES-tf1|pm|,d_atr0_atr3-r1,False,False,257,-13740.5,-1.694
va_reclaim-ES-tf1|pm|,d_atr0_atr3-r2,False,False,251,-19641.5,-1.924
va_reclaim-ES-tf1|pm|,d_atr0_atr3-r3,False,False,248,-16179.5,-1.378
va_reclaim-ES-tf1|pm|,d_atr0_pts2p5-r0,False,False,248,1945.5,0.224
va_reclaim-ES-tf1|pm|,d_atr0_pts2p5-r1,False,False,259,-7511.0,-3.586
va_reclaim-ES-tf1|pm|,d_atr0_pts2p5-r2,False,False,259,-8973.5,-3.247
va_reclaim-ES-tf1|pm|,d_atr0_pts2p5-r3,False,False,258,-11094.5,-3.468
va_reclaim-ES-tf1|pm|,d_atr0_pts5-r0,False,False,243,2953.0,0.274
va_reclaim-ES-tf1|pm|,d_atr0_pts5-r1,False,False,259,-11511.0,-2.856
va_reclaim-ES-tf1|pm|,d_atr0_pts5-r2,False,False,257,-11665.5,-2.188
va_reclaim-ES-tf1|pm|,d_atr0_pts5-r3,False,False,253,-12012.0,-1.944
va_reclaim-ES-tf1|pm|,d_atr0_pts8-r0,False,False,240,-985.0,-0.083
va_reclaim-ES-tf1|pm|,d_atr0_pts8-r1,False,False,256,-15111.5,-2.471
va_reclaim-ES-tf1|pm|,d_atr0_pts8-r2,False,False,251,-13954.0,-1.791
va_reclaim-ES-tf1|pm|,d_atr0_pts8-r3,False,False,244,-10826.0,-1.233
va_reclaim-ES-tf1|pm|,d_atr0_pts12-r0,False,False,238,-6814.5,-0.477
va_reclaim-ES-tf1|pm|,d_atr0_pts12-r1,False,False,253,-21862.0,-2.611
va_reclaim-ES-tf1|pm|,d_atr0_pts12-r2,False,False,243,-21034.5,-2.124
va_reclaim-ES-tf1|pm|,d_atr0_pts12-r3,False,False,239,-15368.5,-1.38
va_reclaim-ES-tf1|pm|,d_atr0_pct0p1-r0,False,False,243,8765.5,0.828
va_reclaim-ES-tf1|pm|,d_atr0_pct0p1-r1,False,False,259,-7823.5,-2.253
va_reclaim-ES-tf1|pm|,d_atr0_pct0p1-r2,False,False,257,-9490.5,-2.053
va_reclaim-ES-tf1|pm|,d_atr0_pct0p1-r3,False,False,255,-7132.5,-1.297
va_reclaim-ES-tf1|pm|,d_atr0_pct0p2-r0,False,False,240,-2835.0,-0.238
va_reclaim-ES-tf1|pm|,d_atr0_pct0p2-r1,False,False,256,-14186.5,-2.211
va_reclaim-ES-tf1|pm|,d_atr0_pct0p2-r2,False,False,250,-14850.0,-1.843
va_reclaim-ES-tf1|pm|,d_atr0_pct0p2-r3,False,False,244,-11276.0,-1.238
va_reclaim-ES-tf1|pm|,d_atr0p25_atr1p5-r0,False,False,238,5785.5,0.47
va_reclaim-ES-tf1|pm|,d_atr0p25_atr1p5-r1,False,False,250,-9350.0,-2.263
va_reclaim-ES-tf1|pm|,d_atr0p25_atr1p5-r2,False,False,250,-11200.0,-1.967
va_reclaim-ES-tf1|pm|,d_atr0p25_atr1p5-r3,False,False,250,-11550.0,-1.623
va_reclaim-ES-tf1|pm|,d_atr0p25_atr3-r0,False,False,232,1672.0,0.116
va_reclaim-ES-tf1|pm|,d_atr0p25_atr3-r1,False,False,249,-14083.5,-1.786
va_reclaim-ES-tf1|pm|,d_atr0p25_atr3-r2,False,False,244,-15088.5,-1.455
va_reclaim-ES-tf1|pm|,d_atr0p25_atr3-r3,False,False,241,-9351.5,-0.765
va_reclaim-ES-tf1|pm|,d_atr0p25_pts2p5-r0,False,False,239,5756.5,0.656
va_reclaim-ES-tf1|pm|,d_atr0p25_pts2p5-r1,False,False,251,-6641.5,-3.212
va_reclaim-ES-tf1|pm|,d_atr0p25_pts2p5-r2,False,False,251,-9004.0,-3.323
va_reclaim-ES-tf1|pm|,d_atr0p25_pts2p5-r3,False,False,250,-10475.0,-3.313
va_reclaim-ES-tf1|pm|,d_atr0p25_pts5-r0,False,False,236,9318.5,0.824
va_reclaim-ES-tf1|pm|,d_atr0p25_pts5-r1,False,False,251,-12416.5,-3.141
va_reclaim-ES-tf1|pm|,d_atr0p25_pts5-r2,False,False,249,-11021.0,-2.1
va_reclaim-ES-tf1|pm|,d_atr0p25_pts5-r3,False,False,245,-9942.5,-1.619
va_reclaim-ES-tf1|pm|,d_atr0p25_pts8-r0,False,False,233,9505.5,0.699
va_reclaim-ES-tf1|pm|,d_atr0p25_pts8-r1,False,False,248,-14879.5,-2.473
va_reclaim-ES-tf1|pm|,d_atr0p25_pts8-r2,False,False,243,-12234.5,-1.596
va_reclaim-ES-tf1|pm|,d_atr0p25_pts8-r3,False,False,237,-7073.0,-0.803
va_reclaim-ES-tf1|pm|,d_atr0p25_pts12-r0,False,False,231,-1524.0,-0.107
va_reclaim-ES-tf1|pm|,d_atr0p25_pts12-r1,False,False,245,-19455.0,-2.383
va_reclaim-ES-tf1|pm|,d_atr0p25_pts12-r2,False,False,236,-17044.0,-1.741
va_reclaim-ES-tf1|pm|,d_atr0p25_pts12-r3,False,False,232,-11428.0,-1.036
va_reclaim-ES-tf1|pm|,d_atr0p25_pct0p1-r0,False,False,236,13568.5,1.219
va_reclaim-ES-tf1|pm|,d_atr0p25_pct0p1-r1,False,False,251,-8941.5,-2.627
va_reclaim-ES-tf1|pm|,d_atr0p25_pct0p1-r2,False,False,249,-10721.0,-2.384
va_reclaim-ES-tf1|pm|,d_atr0p25_pct0p1-r3,False,False,247,-6875.5,-1.274
va_reclaim-ES-tf1|pm|,d_atr0p25_pct0p2-r0,False,False,233,7730.5,0.566
va_reclaim-ES-tf1|pm|,d_atr0p25_pct0p2-r1,False,False,248,-13954.5,-2.208
va_reclaim-ES-tf1|pm|,d_atr0p25_pct0p2-r2,False,False,242,-11880.5,-1.491
va_reclaim-ES-tf1|pm|,d_atr0p25_pct0p2-r3,False,False,237,-7473.0,-0.819
va_reclaim-ES-tf1|pm|,d_atr0p5_atr1p5-r0,False,False,225,250.0,0.021
va_reclaim-ES-tf1|pm|,d_atr0p5_atr1p5-r1,False,False,236,-12769.0,-3.127
va_reclaim-ES-tf1|pm|,d_atr0p5_atr1p5-r2,False,False,236,-12069.0,-2.155
va_reclaim-ES-tf1|pm|,d_atr0p5_atr1p5-r3,False,False,236,-12544.0,-1.797
va_reclaim-ES-tf1|pm|,d_atr0p5_atr3-r0,False,False,222,424.5,0.031
va_reclaim-ES-tf1|pm|,d_atr0p5_atr3-r1,False,False,236,-9456.5,-1.214
va_reclaim-ES-tf1|pm|,d_atr0p5_atr3-r2,False,False,232,-14303.0,-1.424
va_reclaim-ES-tf1|pm|,d_atr0p5_atr3-r3,False,False,230,-10595.0,-0.897
va_reclaim-ES-tf1|pm|,d_atr0p5_pts2p5-r0,False,False,226,3083.5,0.365
va_reclaim-ES-tf1|pm|,d_atr0p5_pts2p5-r1,False,False,236,-7144.0,-3.577
va_reclaim-ES-tf1|pm|,d_atr0p5_pts2p5-r2,False,False,236,-9594.0,-3.709
va_reclaim-ES-tf1|pm|,d_atr0p5_pts2p5-r3,False,False,236,-10031.5,-3.276
va_reclaim-ES-tf1|pm|,d_atr0p5_pts5-r0,False,False,224,5041.5,0.466
va_reclaim-ES-tf1|pm|,d_atr0p5_pts5-r1,False,False,236,-13544.0,-3.557
va_reclaim-ES-tf1|pm|,d_atr0p5_pts5-r2,False,False,236,-10594.0,-2.08
va_reclaim-ES-tf1|pm|,d_atr0p5_pts5-r3,False,False,232,-12203.0,-2.107
va_reclaim-ES-tf1|pm|,d_atr0p5_pts8-r0,False,False,223,6620.5,0.502
va_reclaim-ES-tf1|pm|,d_atr0p5_pts8-r1,False,False,235,-14790.0,-2.546
va_reclaim-ES-tf1|pm|,d_atr0p5_pts8-r2,False,False,231,-12674.0,-1.722
va_reclaim-ES-tf1|pm|,d_atr0p5_pts8-r3,False,False,227,-7970.5,-0.941
va_reclaim-ES-tf1|pm|,d_atr0p5_pts12-r0,False,False,221,-2346.5,-0.17
va_reclaim-ES-tf1|pm|,d_atr0p5_pts12-r1,False,False,233,-15532.0,-1.961
va_reclaim-ES-tf1|pm|,d_atr0p5_pts12-r2,False,False,226,-16129.0,-1.715
va_reclaim-ES-tf1|pm|,d_atr0p5_pts12-r3,False,False,222,-12188.0,-1.167
va_reclaim-ES-tf1|pm|,d_atr0p5_pct0p1-r0,False,False,224,9354.0,0.878
va_reclaim-ES-tf1|pm|,d_atr0p5_pct0p1-r1,False,False,236,-9794.0,-2.977
va_reclaim-ES-tf1|pm|,d_atr0p5_pct0p1-r2,False,False,236,-9356.5,-2.129
va_reclaim-ES-tf1|pm|,d_atr0p5_pct0p1-r3,False,False,234,-6461.0,-1.231
va_reclaim-ES-tf1|pm|,d_atr0p5_pct0p2-r0,False,False,223,5495.5,0.415
va_reclaim-ES-tf1|pm|,d_atr0p5_pct0p2-r1,False,False,235,-13652.5,-2.235
va_reclaim-ES-tf1|pm|,d_atr0p5_pct0p2-r2,False,False,230,-11157.5,-1.451
va_reclaim-ES-tf1|pm|,d_atr0p5_pct0p2-r3,False,False,227,-7770.5,-0.886
va_reclaim-ES-tf1|pre|,d_atr0_atr1p5-r0,False,False,179,-11878.5,-1.282
va_reclaim-ES-tf1|pre|,d_atr0_atr1p5-r1,False,False,181,-3611.5,-1.204
va_reclaim-ES-tf1|pre|,d_atr0_atr1p5-r2,False,False,181,-5436.5,-1.231
va_reclaim-ES-tf1|pre|,d_atr0_atr1p5-r3,False,False,180,-7220.0,-1.364
va_reclaim-ES-tf1|pre|,d_atr0_atr3-r0,False,False,177,-17533.0,-1.356
va_reclaim-ES-tf1|pre|,d_atr0_atr3-r1,False,False,181,976.0,0.166
va_reclaim-ES-tf1|pre|,d_atr0_atr3-r2,False,False,180,-9745.0,-1.175
va_reclaim-ES-tf1|pre|,d_atr0_atr3-r3,False,False,178,-9812.0,-0.974
va_reclaim-ES-tf1|pre|,d_atr0_pts2p5-r0,False,False,179,-16091.0,-4.063
va_reclaim-ES-tf1|pre|,d_atr0_pts2p5-r1,False,False,181,-5661.5,-3.239
va_reclaim-ES-tf1|pre|,d_atr0_pts2p5-r2,False,False,181,-6236.5,-2.668
va_reclaim-ES-tf1|pre|,d_atr0_pts2p5-r3,False,False,181,-7161.5,-2.595
va_reclaim-ES-tf1|pre|,d_atr0_pts5-r0,False,False,179,-26428.5,-3.676
va_reclaim-ES-tf1|pre|,d_atr0_pts5-r1,False,False,181,-6724.0,-1.956
va_reclaim-ES-tf1|pre|,d_atr0_pts5-r2,False,False,181,-9349.0,-2.02
va_reclaim-ES-tf1|pre|,d_atr0_pts5-r3,False,False,180,-13545.0,-2.54
va_reclaim-ES-tf1|pre|,d_atr0_pts8-r0,False,False,177,-27370.5,-2.217
va_reclaim-ES-tf1|pre|,d_atr0_pts8-r1,False,False,181,-10386.5,-1.908
va_reclaim-ES-tf1|pre|,d_atr0_pts8-r2,False,False,180,-13132.5,-1.787
va_reclaim-ES-tf1|pre|,d_atr0_pts8-r3,False,False,179,-21778.5,-2.627
va_reclaim-ES-tf1|pre|,d_atr0_pts12-r0,False,False,176,-31291.5,-2.052
va_reclaim-ES-tf1|pre|,d_atr0_pts12-r1,False,False,181,-15324.0,-1.9
va_reclaim-ES-tf1|pre|,d_atr0_pts12-r2,False,False,179,-20241.0,-1.914
va_reclaim-ES-tf1|pre|,d_atr0_pts12-r3,False,False,178,-27674.5,-2.349
va_reclaim-ES-tf1|pre|,d_atr0_pct0p1-r0,False,False,179,-23516.0,-3.548
va_reclaim-ES-tf1|pre|,d_atr0_pct0p1-r1,False,False,181,-8111.5,-2.795
va_reclaim-ES-tf1|pre|,d_atr0_pct0p1-r2,False,False,181,-8174.0,-2.079
va_reclaim-ES-tf1|pre|,d_atr0_pct0p1-r3,False,False,180,-12807.5,-2.875
va_reclaim-ES-tf1|pre|,d_atr0_pct0p2-r0,False,False,177,-23858.0,-1.857
va_reclaim-ES-tf1|pre|,d_atr0_pct0p2-r1,False,False,181,-4636.5,-0.801
va_reclaim-ES-tf1|pre|,d_atr0_pct0p2-r2,False,False,180,-11520.0,-1.482
va_reclaim-ES-tf1|pre|,d_atr0_pct0p2-r3,False,False,178,-14912.0,-1.649
va_reclaim-ES-tf1|pre|,d_atr0p25_atr1p5-r0,False,False,171,-10246.5,-1.108
va_reclaim-ES-tf1|pre|,d_atr0p25_atr1p5-r1,False,False,171,-4534.0,-1.565
va_reclaim-ES-tf1|pre|,d_atr0p25_atr1p5-r2,False,False,171,-5834.0,-1.373
va_reclaim-ES-tf1|pre|,d_atr0p25_atr1p5-r3,False,False,171,-7009.0,-1.368
va_reclaim-ES-tf1|pre|,d_atr0p25_atr3-r0,False,False,169,-17351.0,-1.362
va_reclaim-ES-tf1|pre|,d_atr0p25_atr3-r1,False,False,171,-834.0,-0.147
va_reclaim-ES-tf1|pre|,d_atr0p25_atr3-r2,False,False,171,-12471.5,-1.584
va_reclaim-ES-tf1|pre|,d_atr0p25_atr3-r3,False,False,169,-11588.5,-1.222
va_reclaim-ES-tf1|pre|,d_atr0p25_pts2p5-r0,False,False,171,-14959.0,-3.78
va_reclaim-ES-tf1|pre|,d_atr0p25_pts2p5-r1,False,False,171,-6084.0,-3.602
va_reclaim-ES-tf1|pre|,d_atr0p25_pts2p5-r2,False,False,171,-6371.5,-2.827
va_reclaim-ES-tf1|pre|,d_atr0p25_pts2p5-r3,False,False,171,-6771.5,-2.524
va_reclaim-ES-tf1|pre|,d_atr0p25_pts5-r0,False,False,171,-24296.5,-3.383
va_reclaim-ES-tf1|pre|,d_atr0p25_pts5-r1,False,False,171,-7646.5,-2.296
va_reclaim-ES-tf1|pre|,d_atr0p25_pts5-r2,False,False,171,-8971.5,-1.997
va_reclaim-ES-tf1|pre|,d_atr0p25_pts5-r3,False,False,171,-12159.0,-2.32
va_reclaim-ES-tf1|pre|,d_atr0p25_pts8-r0,False,False,169,-24038.5,-1.951
va_reclaim-ES-tf1|pre|,d_atr0p25_pts8-r1,False,False,171,-9471.5,-1.789
va_reclaim-ES-tf1|pre|,d_atr0p25_pts8-r2,False,False,171,-10596.5,-1.465
va_reclaim-ES-tf1|pre|,d_atr0p25_pts8-r3,False,False,171,-20059.0,-2.462
va_reclaim-ES-tf1|pre|,d_atr0p25_pts12-r0,False,False,168,-28259.5,-1.861
va_reclaim-ES-tf1|pre|,d_atr0p25_pts12-r1,False,False,171,-14009.0,-1.787
va_reclaim-ES-tf1|pre|,d_atr0p25_pts12-r2,False,False,171,-20746.5,-2.02
va_reclaim-ES-tf1|pre|,d_atr0p25_pts12-r3,False,False,170,-27055.0,-2.345
va_reclaim-ES-tf1|pre|,d_atr0p25_pct0p1-r0,False,False,171,-21709.0,-3.278
va_reclaim-ES-tf1|pre|,d_atr0p25_pct0p1-r1,False,False,171,-8921.5,-3.182
va_reclaim-ES-tf1|pre|,d_atr0p25_pct0p1-r2,False,False,171,-8559.0,-2.26
va_reclaim-ES-tf1|pre|,d_atr0p25_pct0p1-r3,False,False,171,-11534.0,-2.629
va_reclaim-ES-tf1|pre|,d_atr0p25_pct0p2-r0,False,False,169,-20426.0,-1.594
va_reclaim-ES-tf1|pre|,d_atr0p25_pct0p2-r1,False,False,171,-4696.5,-0.835
va_reclaim-ES-tf1|pre|,d_atr0p25_pct0p2-r2,False,False,171,-10096.5,-1.327
va_reclaim-ES-tf1|pre|,d_atr0p25_pct0p2-r3,False,False,170,-14742.5,-1.672
va_reclaim-ES-tf1|pre|,d_atr0p5_atr1p5-r0,False,False,157,-12103.0,-1.378
va_reclaim-ES-tf1|pre|,d_atr0p5_atr1p5-r1,False,False,157,-4428.0,-1.566
va_reclaim-ES-tf1|pre|,d_atr0p5_atr1p5-r2,False,False,157,-6715.5,-1.636
va_reclaim-ES-tf1|pre|,d_atr0p5_atr1p5-r3,False,False,157,-6965.5,-1.405
va_reclaim-ES-tf1|pre|,d_atr0p5_atr3-r0,False,False,155,-17595.0,-1.428
va_reclaim-ES-tf1|pre|,d_atr0p5_atr3-r1,False,False,157,-1753.0,-0.316
va_reclaim-ES-tf1|pre|,d_atr0p5_atr3-r2,False,False,157,-11978.0,-1.562
va_reclaim-ES-tf1|pre|,d_atr0p5_atr3-r3,False,False,155,-12257.5,-1.339
va_reclaim-ES-tf1|pre|,d_atr0p5_pts2p5-r0,False,False,157,-17090.5,-6.352
va_reclaim-ES-tf1|pre|,d_atr0p5_pts2p5-r1,False,False,157,-6203.0,-3.857
va_reclaim-ES-tf1|pre|,d_atr0p5_pts2p5-r2,False,False,157,-6328.0,-2.958
va_reclaim-ES-tf1|pre|,d_atr0p5_pts2p5-r3,False,False,157,-6328.0,-2.468
va_reclaim-ES-tf1|pre|,d_atr0p5_pts5-r0,False,False,157,-24928.0,-3.819
va_reclaim-ES-tf1|pre|,d_atr0p5_pts5-r1,False,False,157,-6478.0,-2.026
va_reclaim-ES-tf1|pre|,d_atr0p5_pts5-r2,False,False,157,-9053.0,-2.118
va_reclaim-ES-tf1|pre|,d_atr0p5_pts5-r3,False,False,157,-12478.0,-2.526
va_reclaim-ES-tf1|pre|,d_atr0p5_pts8-r0,False,False,155,-28870.0,-2.765
va_reclaim-ES-tf1|pre|,d_atr0p5_pts8-r1,False,False,157,-9328.0,-1.84
va_reclaim-ES-tf1|pre|,d_atr0p5_pts8-r2,False,False,157,-12040.5,-1.759
va_reclaim-ES-tf1|pre|,d_atr0p5_pts8-r3,False,False,157,-20678.0,-2.703
va_reclaim-ES-tf1|pre|,d_atr0p5_pts12-r0,False,False,154,-27653.5,-1.897
va_reclaim-ES-tf1|pre|,d_atr0p5_pts12-r1,False,False,157,-10228.0,-1.358
va_reclaim-ES-tf1|pre|,d_atr0p5_pts12-r2,False,False,157,-19353.0,-1.975
va_reclaim-ES-tf1|pre|,d_atr0p5_pts12-r3,False,False,156,-27824.0,-2.577
va_reclaim-ES-tf1|pre|,d_atr0p5_pct0p1-r0,False,False,157,-22765.5,-3.846
va_reclaim-ES-tf1|pre|,d_atr0p5_pct0p1-r1,False,False,157,-8228.0,-3.068
va_reclaim-ES-tf1|pre|,d_atr0p5_pct0p1-r2,False,False,157,-9178.0,-2.572
va_reclaim-ES-tf1|pre|,d_atr0p5_pct0p1-r3,False,False,157,-11778.0,-2.861
va_reclaim-ES-tf1|pre|,d_atr0p5_pct0p2-r0,False,False,155,-21432.5,-1.764
va_reclaim-ES-tf1|pre|,d_atr0p5_pct0p2-r1,False,False,157,-3690.5,-0.685
va_reclaim-ES-tf1|pre|,d_atr0p5_pct0p2-r2,False,False,157,-10515.5,-1.455
va_reclaim-ES-tf1|pre|,d_atr0p5_pct0p2-r3,False,False,156,-15311.5,-1.852
va_reclaim-ES-tf30|asia|,d_atr0_atr1p5-r0,False,False,82,12097.0,0.911
va_reclaim-ES-tf30|asia|,d_atr0_atr1p5-r1,False,False,82,1047.0,0.263
va_reclaim-ES-tf30|asia|,d_atr0_atr1p5-r2,False,False,82,4747.0,0.819
va_reclaim-ES-tf30|asia|,d_atr0_atr1p5-r3,False,False,82,3534.5,0.491
va_reclaim-ES-tf30|asia|,d_atr0_atr3-r0,False,False,82,7122.0,0.462
va_reclaim-ES-tf30|asia|,d_atr0_atr3-r1,False,False,82,5097.0,0.646
va_reclaim-ES-tf30|asia|,d_atr0_atr3-r2,False,False,82,-2840.5,-0.273
va_reclaim-ES-tf30|asia|,d_atr0_atr3-r3,False,False,82,3484.5,0.274
va_reclaim-ES-tf30|asia|,d_atr0_pts2p5-r0,False,False,82,2147.0,0.272
va_reclaim-ES-tf30|asia|,d_atr0_pts2p5-r1,False,False,82,-2940.5,-2.507
va_reclaim-ES-tf30|asia|,d_atr0_pts2p5-r2,False,False,82,-3465.5,-2.249
va_reclaim-ES-tf30|asia|,d_atr0_pts2p5-r3,False,False,82,-1865.5,-0.947
va_reclaim-ES-tf30|asia|,d_atr0_pts5-r0,False,False,82,-3740.5,-0.448
va_reclaim-ES-tf30|asia|,d_atr0_pts5-r1,False,False,82,-3403.0,-1.469
va_reclaim-ES-tf30|asia|,d_atr0_pts5-r2,False,False,82,-1265.5,-0.388
va_reclaim-ES-tf30|asia|,d_atr0_pts5-r3,False,False,82,-1603.0,-0.405
va_reclaim-ES-tf30|asia|,d_atr0_pts8-r0,False,False,82,3622.0,0.29
va_reclaim-ES-tf30|asia|,d_atr0_pts8-r1,False,False,82,-4090.5,-1.11
va_reclaim-ES-tf30|asia|,d_atr0_pts8-r2,False,False,82,-1415.5,-0.273
va_reclaim-ES-tf30|asia|,d_atr0_pts8-r3,False,False,82,-2803.0,-0.451
va_reclaim-ES-tf30|asia|,d_atr0_pts12-r0,False,False,82,13509.5,0.907
va_reclaim-ES-tf30|asia|,d_atr0_pts12-r1,False,False,82,-2053.0,-0.372
va_reclaim-ES-tf30|asia|,d_atr0_pts12-r2,False,False,82,-1853.0,-0.242
va_reclaim-ES-tf30|asia|,d_atr0_pts12-r3,False,False,82,-953.0,-0.104
va_reclaim-ES-tf30|asia|,d_atr0_pct0p1-r0,False,False,82,-890.5,-0.108
va_reclaim-ES-tf30|asia|,d_atr0_pct0p1-r1,False,False,82,-2928.0,-1.473
va_reclaim-ES-tf30|asia|,d_atr0_pct0p1-r2,False,False,82,-1190.5,-0.427
va_reclaim-ES-tf30|asia|,d_atr0_pct0p1-r3,False,False,82,-3078.0,-0.936
va_reclaim-ES-tf30|asia|,d_atr0_pct0p2-r0,False,False,82,4284.5,0.34
va_reclaim-ES-tf30|asia|,d_atr0_pct0p2-r1,False,False,82,-4240.5,-1.084
va_reclaim-ES-tf30|asia|,d_atr0_pct0p2-r2,False,False,82,-1040.5,-0.189
va_reclaim-ES-tf30|asia|,d_atr0_pct0p2-r3,False,False,82,-428.0,-0.063
va_reclaim-ES-tf30|asia|,d_atr0p25_atr1p5-r0,False,False,55,755.0,0.074
va_reclaim-ES-tf30|asia|,d_atr0p25_atr1p5-r1,False,False,55,-2870.0,-0.871
va_reclaim-ES-tf30|asia|,d_atr0p25_atr1p5-r2,False,False,55,-2720.0,-0.624
va_reclaim-ES-tf30|asia|,d_atr0p25_atr1p5-r3,False,False,55,-3657.5,-0.718
va_reclaim-ES-tf30|asia|,d_atr0p25_atr3-r0,False,False,55,-6007.5,-0.492
va_reclaim-ES-tf30|asia|,d_atr0p25_atr3-r1,False,False,55,-5545.0,-0.852
va_reclaim-ES-tf30|asia|,d_atr0p25_atr3-r2,False,False,55,-10870.0,-1.367
va_reclaim-ES-tf30|asia|,d_atr0p25_atr3-r3,False,False,55,-10295.0,-1.1
va_reclaim-ES-tf30|asia|,d_atr0p25_pts2p5-r0,False,False,55,-3670.0,-0.892
va_reclaim-ES-tf30|asia|,d_atr0p25_pts2p5-r1,False,False,55,-2532.5,-2.68
va_reclaim-ES-tf30|asia|,d_atr0p25_pts2p5-r2,False,False,55,-2745.0,-2.228
va_reclaim-ES-tf30|asia|,d_atr0p25_pts2p5-r3,False,False,55,-1632.5,-1.03
va_reclaim-ES-tf30|asia|,d_atr0p25_pts5-r0,False,False,55,-7920.0,-1.718
va_reclaim-ES-tf30|asia|,d_atr0p25_pts5-r1,False,False,55,-2357.5,-1.239
va_reclaim-ES-tf30|asia|,d_atr0p25_pts5-r2,False,False,55,-932.5,-0.348
va_reclaim-ES-tf30|asia|,d_atr0p25_pts5-r3,False,False,55,-3520.0,-1.161
va_reclaim-ES-tf30|asia|,d_atr0p25_pts8-r0,False,False,55,-3995.0,-0.413
va_reclaim-ES-tf30|asia|,d_atr0p25_pts8-r1,False,False,55,-3407.5,-1.13
va_reclaim-ES-tf30|asia|,d_atr0p25_pts8-r2,False,False,55,-4720.0,-1.168
va_reclaim-ES-tf30|asia|,d_atr0p25_pts8-r3,False,False,55,-7682.5,-1.705
va_reclaim-ES-tf30|asia|,d_atr0p25_pts12-r0,False,False,55,-3845.0,-0.341
va_reclaim-ES-tf30|asia|,d_atr0p25_pts12-r1,False,False,55,-6020.0,-1.345
va_reclaim-ES-tf30|asia|,d_atr0p25_pts12-r2,False,False,55,-11107.5,-1.974
va_reclaim-ES-tf30|asia|,d_atr0p25_pts12-r3,False,False,55,-14482.5,-2.367
va_reclaim-ES-tf30|asia|,d_atr0p25_pct0p1-r0,False,False,55,-5970.0,-1.31
va_reclaim-ES-tf30|asia|,d_atr0p25_pct0p1-r1,False,False,55,-3820.0,-2.407
va_reclaim-ES-tf30|asia|,d_atr0p25_pct0p1-r2,False,False,55,-1645.0,-0.733
va_reclaim-ES-tf30|asia|,d_atr0p25_pct0p1-r3,False,False,55,-3145.0,-1.216
va_reclaim-ES-tf30|asia|,d_atr0p25_pct0p2-r0,False,False,55,-3357.5,-0.342
va_reclaim-ES-tf30|asia|,d_atr0p25_pct0p2-r1,False,False,55,-3745.0,-1.168
va_reclaim-ES-tf30|asia|,d_atr0p25_pct0p2-r2,False,False,55,-2495.0,-0.561
va_reclaim-ES-tf30|asia|,d_atr0p25_pct0p2-r3,False,False,55,-6120.0,-1.214
va_reclaim-ES-tf30|asia|,d_atr0p5_atr1p5-r0,False,False,45,-5330.0,-0.614
va_reclaim-ES-tf30|asia|,d_atr0p5_atr1p5-r1,False,False,45,-4367.5,-1.464
va_reclaim-ES-tf30|asia|,d_atr0p5_atr1p5-r2,False,False,45,-3392.5,-0.885
va_reclaim-ES-tf30|asia|,d_atr0p5_atr1p5-r3,False,False,45,-5817.5,-1.406
va_reclaim-ES-tf30|asia|,d_atr0p5_atr3-r0,False,False,45,-9930.0,-0.915
va_reclaim-ES-tf30|asia|,d_atr0p5_atr3-r1,False,False,45,-4055.0,-0.677
va_reclaim-ES-tf30|asia|,d_atr0p5_atr3-r2,False,False,45,-12355.0,-1.835
va_reclaim-ES-tf30|asia|,d_atr0p5_atr3-r3,False,False,45,-14755.0,-2.057
va_reclaim-ES-tf30|asia|,d_atr0p5_pts2p5-r0,False,False,45,-6367.5,
va_reclaim-ES-tf30|asia|,d_atr0p5_pts2p5-r1,False,False,45,-1905.0,-2.206
va_reclaim-ES-tf30|asia|,d_atr0p5_pts2p5-r2,False,False,45,-2105.0,-1.863
va_reclaim-ES-tf30|asia|,d_atr0p5_pts2p5-r3,False,False,45,-730.0,-0.489
va_reclaim-ES-tf30|asia|,d_atr0p5_pts5-r0,False,False,45,-11292.5,-16.132
va_reclaim-ES-tf30|asia|,d_atr0p5_pts5-r1,False,False,45,-2255.0,-1.313
va_reclaim-ES-tf30|asia|,d_atr0p5_pts5-r2,False,False,45,-2080.0,-0.887
va_reclaim-ES-tf30|asia|,d_atr0p5_pts5-r3,False,False,45,-4905.0,-1.97
va_reclaim-ES-tf30|asia|,d_atr0p5_pts8-r0,False,False,45,-6167.5,-0.72
va_reclaim-ES-tf30|asia|,d_atr0p5_pts8-r1,False,False,45,-2492.5,-0.91
va_reclaim-ES-tf30|asia|,d_atr0p5_pts8-r2,False,False,45,-4192.5,-1.153
va_reclaim-ES-tf30|asia|,d_atr0p5_pts8-r3,False,False,45,-8355.0,-2.212
va_reclaim-ES-tf30|asia|,d_atr0p5_pts12-r0,False,False,45,-7917.5,-0.804
va_reclaim-ES-tf30|asia|,d_atr0p5_pts12-r1,False,False,45,-7130.0,-1.788
va_reclaim-ES-tf30|asia|,d_atr0p5_pts12-r2,False,False,45,-10380.0,-2.096
va_reclaim-ES-tf30|asia|,d_atr0p5_pts12-r3,False,False,45,-15555.0,-3.216
va_reclaim-ES-tf30|asia|,d_atr0p5_pct0p1-r0,False,False,45,-9667.5,-14.429
va_reclaim-ES-tf30|asia|,d_atr0p5_pct0p1-r1,False,False,45,-3317.5,-2.321
va_reclaim-ES-tf30|asia|,d_atr0p5_pct0p1-r2,False,False,45,-1317.5,-0.647
va_reclaim-ES-tf30|asia|,d_atr0p5_pct0p1-r3,False,False,45,-4242.5,-1.983
va_reclaim-ES-tf30|asia|,d_atr0p5_pct0p2-r0,False,False,45,-5405.0,-0.62
va_reclaim-ES-tf30|asia|,d_atr0p5_pct0p2-r1,False,False,45,-2705.0,-0.927
va_reclaim-ES-tf30|asia|,d_atr0p5_pct0p2-r2,False,False,45,-3155.0,-0.795
va_reclaim-ES-tf30|asia|,d_atr0p5_pct0p2-r3,False,False,45,-6942.5,-1.61
va_reclaim-ES-tf30|eve|,d_atr0_atr1p5-r0,False,False,184,-19948.5,-1.352
va_reclaim-ES-tf30|eve|,d_atr0_atr1p5-r1,False,False,189,-13968.5,-1.967
va_reclaim-ES-tf30|eve|,d_atr0_atr1p5-r2,False,False,186,-22019.0,-2.449
va_reclaim-ES-tf30|eve|,d_atr0_atr1p5-r3,False,False,186,-28056.5,-2.795
va_reclaim-ES-tf30|eve|,d_atr0_atr3-r0,False,False,184,-45511.0,-2.29
va_reclaim-ES-tf30|eve|,d_atr0_atr3-r1,False,False,186,-45194.0,-3.359
va_reclaim-ES-tf30|eve|,d_atr0_atr3-r2,False,False,184,-57223.5,-3.657
va_reclaim-ES-tf30|eve|,d_atr0_atr3-r3,False,False,184,-54023.5,-3.013
va_reclaim-ES-tf30|eve|,d_atr0_pts2p5-r0,False,False,185,-6602.5,-0.908
va_reclaim-ES-tf30|eve|,d_atr0_pts2p5-r1,False,False,190,-3522.5,-1.946
va_reclaim-ES-tf30|eve|,d_atr0_pts2p5-r2,False,False,190,-7122.5,-3.001
va_reclaim-ES-tf30|eve|,d_atr0_pts2p5-r3,False,False,189,-5731.0,-1.968
va_reclaim-ES-tf30|eve|,d_atr0_pts5-r0,False,False,184,-11836.0,-1.182
va_reclaim-ES-tf30|eve|,d_atr0_pts5-r1,False,False,190,-6047.5,-1.714
va_reclaim-ES-tf30|eve|,d_atr0_pts5-r2,False,False,188,-11977.0,-2.586
va_reclaim-ES-tf30|eve|,d_atr0_pts5-r3,False,False,186,-11094.0,-1.987
va_reclaim-ES-tf30|eve|,d_atr0_pts8-r0,False,False,184,-19686.0,-1.505
va_reclaim-ES-tf30|eve|,d_atr0_pts8-r1,False,False,189,-9656.0,-1.733
va_reclaim-ES-tf30|eve|,d_atr0_pts8-r2,False,False,186,-18056.5,-2.472
va_reclaim-ES-tf30|eve|,d_atr0_pts8-r3,False,False,186,-17219.0,-1.957
va_reclaim-ES-tf30|eve|,d_atr0_pts12-r0,False,False,184,-17748.5,-1.062
va_reclaim-ES-tf30|eve|,d_atr0_pts12-r1,False,False,187,-11010.5,-1.329
va_reclaim-ES-tf30|eve|,d_atr0_pts12-r2,False,False,186,-20481.5,-1.857
va_reclaim-ES-tf30|eve|,d_atr0_pts12-r3,False,False,184,-21536.0,-1.666
va_reclaim-ES-tf30|eve|,d_atr0_pct0p1-r0,False,False,184,-13398.5,-1.548
va_reclaim-ES-tf30|eve|,d_atr0_pct0p1-r1,False,False,190,-7597.5,-2.546
va_reclaim-ES-tf30|eve|,d_atr0_pct0p1-r2,False,False,188,-10452.0,-2.66
va_reclaim-ES-tf30|eve|,d_atr0_pct0p1-r3,False,False,187,-8935.5,-1.863
va_reclaim-ES-tf30|eve|,d_atr0_pct0p2-r0,False,False,184,-17661.0,-1.307
va_reclaim-ES-tf30|eve|,d_atr0_pct0p2-r1,False,False,188,-18064.5,-3.133
va_reclaim-ES-tf30|eve|,d_atr0_pct0p2-r2,False,False,186,-18606.5,-2.421
va_reclaim-ES-tf30|eve|,d_atr0_pct0p2-r3,False,False,185,-17265.0,-1.869
va_reclaim-ES-tf30|eve|,d_atr0p25_atr1p5-r0,False,False,155,-18257.5,-1.334
va_reclaim-ES-tf30|eve|,d_atr0p25_atr1p5-r1,False,False,158,-11657.0,-1.721
va_reclaim-ES-tf30|eve|,d_atr0p25_atr1p5-r2,False,False,157,-19815.5,-2.308
va_reclaim-ES-tf30|eve|,d_atr0p25_atr1p5-r3,False,False,157,-23203.0,-2.399
va_reclaim-ES-tf30|eve|,d_atr0p25_atr3-r0,False,False,155,-48970.0,-2.731
va_reclaim-ES-tf30|eve|,d_atr0p25_atr3-r1,False,False,157,-43053.0,-3.37
va_reclaim-ES-tf30|eve|,d_atr0p25_atr3-r2,False,False,155,-55695.0,-3.818
va_reclaim-ES-tf30|eve|,d_atr0p25_atr3-r3,False,False,155,-52445.0,-3.14
va_reclaim-ES-tf30|eve|,d_atr0p25_pts2p5-r0,False,False,156,-11249.0,-2.226
va_reclaim-ES-tf30|eve|,d_atr0p25_pts2p5-r1,False,False,158,-4507.0,-2.75
va_reclaim-ES-tf30|eve|,d_atr0p25_pts2p5-r2,False,False,158,-5694.5,-2.618
va_reclaim-ES-tf30|eve|,d_atr0p25_pts2p5-r3,False,False,157,-4278.0,-1.595
va_reclaim-ES-tf30|eve|,d_atr0p25_pts5-r0,False,False,155,-13232.5,-1.561
va_reclaim-ES-tf30|eve|,d_atr0p25_pts5-r1,False,False,158,-5719.5,-1.779
va_reclaim-ES-tf30|eve|,d_atr0p25_pts5-r2,False,False,157,-9053.0,-2.118
va_reclaim-ES-tf30|eve|,d_atr0p25_pts5-r3,False,False,157,-10453.0,-2.063
va_reclaim-ES-tf30|eve|,d_atr0p25_pts8-r0,False,False,155,-17182.5,-1.449
va_reclaim-ES-tf30|eve|,d_atr0p25_pts8-r1,False,False,157,-8515.5,-1.677
va_reclaim-ES-tf30|eve|,d_atr0p25_pts8-r2,False,False,157,-14465.5,-2.144
va_reclaim-ES-tf30|eve|,d_atr0p25_pts8-r3,False,False,157,-13203.0,-1.618
va_reclaim-ES-tf30|eve|,d_atr0p25_pts12-r0,False,False,155,-21945.0,-1.492
va_reclaim-ES-tf30|eve|,d_atr0p25_pts12-r1,False,False,157,-13128.0,-1.735
va_reclaim-ES-tf30|eve|,d_atr0p25_pts12-r2,False,False,157,-18903.0,-1.88
va_reclaim-ES-tf30|eve|,d_atr0p25_pts12-r3,False,False,155,-24895.0,-2.181
va_reclaim-ES-tf30|eve|,d_atr0p25_pct0p1-r0,False,False,155,-15820.0,-2.314
va_reclaim-ES-tf30|eve|,d_atr0p25_pct0p1-r1,False,False,158,-7432.0,-2.745
va_reclaim-ES-tf30|eve|,d_atr0p25_pct0p1-r2,False,False,157,-8478.0,-2.351
va_reclaim-ES-tf30|eve|,d_atr0p25_pct0p1-r3,False,False,157,-7290.5,-1.653
va_reclaim-ES-tf30|eve|,d_atr0p25_pct0p2-r0,False,False,155,-14670.0,-1.191
va_reclaim-ES-tf30|eve|,d_atr0p25_pct0p2-r1,False,False,157,-13915.5,-2.631
va_reclaim-ES-tf30|eve|,d_atr0p25_pct0p2-r2,False,False,157,-14615.5,-2.053
va_reclaim-ES-tf30|eve|,d_atr0p25_pct0p2-r3,False,False,156,-14499.0,-1.706
va_reclaim-ES-tf30|eve|,d_atr0p5_atr1p5-r0,False,False,123,-3567.0,-0.27
va_reclaim-ES-tf30|eve|,d_atr0p5_atr1p5-r1,False,False,124,-9021.0,-1.573
va_reclaim-ES-tf30|eve|,d_atr0p5_atr1p5-r2,False,False,124,-10121.0,-1.318
va_reclaim-ES-tf30|eve|,d_atr0p5_atr1p5-r3,False,False,124,-8971.0,-0.994
va_reclaim-ES-tf30|eve|,d_atr0p5_atr3-r0,False,False,123,-26379.5,-1.566
va_reclaim-ES-tf30|eve|,d_atr0p5_atr3-r1,False,False,124,-26958.5,-2.457
va_reclaim-ES-tf30|eve|,d_atr0p5_atr3-r2,False,False,123,-29392.0,-2.179
va_reclaim-ES-tf30|eve|,d_atr0p5_atr3-r3,False,False,123,-30104.5,-1.94
va_reclaim-ES-tf30|eve|,d_atr0p5_pts2p5-r0,False,False,124,-8321.0,-1.733
va_reclaim-ES-tf30|eve|,d_atr0p5_pts2p5-r1,False,False,124,-3896.0,-2.69
va_reclaim-ES-tf30|eve|,d_atr0p5_pts2p5-r2,False,False,124,-6696.0,-3.696
va_reclaim-ES-tf30|eve|,d_atr0p5_pts2p5-r3,False,False,124,-5246.0,-2.317
va_reclaim-ES-tf30|eve|,d_atr0p5_pts5-r0,False,False,123,-6429.5,-0.777
va_reclaim-ES-tf30|eve|,d_atr0p5_pts5-r1,False,False,124,-5371.0,-1.89
va_reclaim-ES-tf30|eve|,d_atr0p5_pts5-r2,False,False,124,-7883.5,-2.092
va_reclaim-ES-tf30|eve|,d_atr0p5_pts5-r3,False,False,124,-6721.0,-1.458
va_reclaim-ES-tf30|eve|,d_atr0p5_pts8-r0,False,False,123,-6179.5,-0.532
va_reclaim-ES-tf30|eve|,d_atr0p5_pts8-r1,False,False,124,-5333.5,-1.178
va_reclaim-ES-tf30|eve|,d_atr0p5_pts8-r2,False,False,124,-7996.0,-1.299
va_reclaim-ES-tf30|eve|,d_atr0p5_pts8-r3,False,False,124,-5908.5,-0.784
va_reclaim-ES-tf30|eve|,d_atr0p5_pts12-r0,False,False,123,-4904.5,-0.342
va_reclaim-ES-tf30|eve|,d_atr0p5_pts12-r1,False,False,124,-7333.5,-1.085
va_reclaim-ES-tf30|eve|,d_atr0p5_pts12-r2,False,False,124,-9433.5,-1.03
va_reclaim-ES-tf30|eve|,d_atr0p5_pts12-r3,False,False,123,-5129.5,-0.464
va_reclaim-ES-tf30|eve|,d_atr0p5_pct0p1-r0,False,False,123,-10267.0,-1.551
va_reclaim-ES-tf30|eve|,d_atr0p5_pct0p1-r1,False,False,124,-6333.5,-2.645
va_reclaim-ES-tf30|eve|,d_atr0p5_pct0p1-r2,False,False,124,-6221.0,-1.924
va_reclaim-ES-tf30|eve|,d_atr0p5_pct0p1-r3,False,False,124,-4171.0,-1.037
va_reclaim-ES-tf30|eve|,d_atr0p5_pct0p2-r0,False,False,123,-3192.0,-0.265
va_reclaim-ES-tf30|eve|,d_atr0p5_pct0p2-r1,False,False,124,-8083.5,-1.7
va_reclaim-ES-tf30|eve|,d_atr0p5_pct0p2-r2,False,False,124,-6796.0,-1.039
va_reclaim-ES-tf30|eve|,d_atr0p5_pct0p2-r3,False,False,123,-5479.5,-0.693
va_reclaim-ES-tf30|london|,d_atr0_atr1p5-r0,False,False,251,-13829.0,-0.699
va_reclaim-ES-tf30|london|,d_atr0_atr1p5-r1,False,False,266,-18476.5,-1.963
va_reclaim-ES-tf30|london|,d_atr0_atr1p5-r2,False,False,257,-32578.0,-2.803
va_reclaim-ES-tf30|london|,d_atr0_atr1p5-r3,False,False,252,-34733.0,-2.65
va_reclaim-ES-tf30|london|,d_atr0_atr3-r0,False,False,249,4004.0,0.15
va_reclaim-ES-tf30|london|,d_atr0_atr3-r1,False,False,257,-32840.5,-1.921
va_reclaim-ES-tf30|london|,d_atr0_atr3-r2,False,False,249,-12283.5,-0.569
va_reclaim-ES-tf30|london|,d_atr0_atr3-r3,False,False,249,-9033.5,-0.379
va_reclaim-ES-tf30|london|,d_atr0_pts2p5-r0,False,False,259,11939.0,0.886
va_reclaim-ES-tf30|london|,d_atr0_pts2p5-r1,False,False,269,-11026.0,-5.259
va_reclaim-ES-tf30|london|,d_atr0_pts2p5-r2,False,False,269,-11713.5,-4.233
va_reclaim-ES-tf30|london|,d_atr0_pts2p5-r3,False,False,266,-10989.0,-3.309
va_reclaim-ES-tf30|london|,d_atr0_pts5-r0,False,False,253,14375.5,0.875
va_reclaim-ES-tf30|london|,d_atr0_pts5-r1,False,False,269,-10188.5,-2.434
va_reclaim-ES-tf30|london|,d_atr0_pts5-r2,False,False,264,-8218.5,-1.436
va_reclaim-ES-tf30|london|,d_atr0_pts5-r3,False,False,258,-3582.0,-0.509
va_reclaim-ES-tf30|london|,d_atr0_pts8-r0,False,False,252,942.0,0.052
va_reclaim-ES-tf30|london|,d_atr0_pts8-r1,False,False,265,-19447.5,-2.969
va_reclaim-ES-tf30|london|,d_atr0_pts8-r2,False,False,256,-15961.5,-1.813
va_reclaim-ES-tf30|london|,d_atr0_pts8-r3,False,False,254,-8853.5,-0.825
va_reclaim-ES-tf30|london|,d_atr0_pts12-r0,False,False,251,7171.0,0.333
va_reclaim-ES-tf30|london|,d_atr0_pts12-r1,False,False,260,-14802.5,-1.518
va_reclaim-ES-tf30|london|,d_atr0_pts12-r2,False,False,253,-9699.5,-0.739
va_reclaim-ES-tf30|london|,d_atr0_pts12-r3,False,False,251,-2716.5,-0.172
va_reclaim-ES-tf30|london|,d_atr0_pct0p1-r0,False,False,257,12434.5,0.796
va_reclaim-ES-tf30|london|,d_atr0_pct0p1-r1,False,False,269,-9901.0,-2.774
va_reclaim-ES-tf30|london|,d_atr0_pct0p1-r2,False,False,266,-10826.5,-2.256
va_reclaim-ES-tf30|london|,d_atr0_pct0p1-r3,False,False,262,-10835.5,-1.89
va_reclaim-ES-tf30|london|,d_atr0_pct0p2-r0,False,False,252,-3383.0,-0.187
va_reclaim-ES-tf30|london|,d_atr0_pct0p2-r1,False,False,265,-20222.5,-2.916
va_reclaim-ES-tf30|london|,d_atr0_pct0p2-r2,False,False,255,-20795.0,-2.277
va_reclaim-ES-tf30|london|,d_atr0_pct0p2-r3,False,False,254,-13078.5,-1.182
va_reclaim-ES-tf30|london|,d_atr0p25_atr1p5-r0,False,False,227,-6970.5,-0.363
va_reclaim-ES-tf30|london|,d_atr0p25_atr1p5-r1,False,False,234,-15773.5,-1.768
va_reclaim-ES-tf30|london|,d_atr0p25_atr1p5-r2,False,False,231,-23136.5,-2.036
va_reclaim-ES-tf30|london|,d_atr0p25_atr1p5-r3,False,False,228,-22274.5,-1.715
va_reclaim-ES-tf30|london|,d_atr0p25_atr3-r0,False,False,226,4933.5,0.193
va_reclaim-ES-tf30|london|,d_atr0p25_atr3-r1,False,False,231,-29374.0,-1.787
va_reclaim-ES-tf30|london|,d_atr0p25_atr3-r2,False,False,226,-6929.0,-0.332
va_reclaim-ES-tf30|london|,d_atr0p25_atr3-r3,False,False,226,-5516.5,-0.241
va_reclaim-ES-tf30|london|,d_atr0p25_pts2p5-r0,False,False,232,12322.0,0.941
va_reclaim-ES-tf30|london|,d_atr0p25_pts2p5-r1,False,False,237,-9385.5,-4.756
va_reclaim-ES-tf30|london|,d_atr0p25_pts2p5-r2,False,False,237,-9123.0,-3.454
va_reclaim-ES-tf30|london|,d_atr0p25_pts2p5-r3,False,False,237,-7398.0,-2.277
va_reclaim-ES-tf30|london|,d_atr0p25_pts5-r0,False,False,229,18321.5,1.131
va_reclaim-ES-tf30|london|,d_atr0p25_pts5-r1,False,False,237,-7298.0,-1.852
va_reclaim-ES-tf30|london|,d_atr0p25_pts5-r2,False,False,235,-2015.0,-0.364
va_reclaim-ES-tf30|london|,d_atr0p25_pts5-r3,False,False,232,309.5,0.046
va_reclaim-ES-tf30|london|,d_atr0p25_pts8-r0,False,False,228,4150.5,0.24
va_reclaim-ES-tf30|london|,d_atr0p25_pts8-r1,False,False,236,-10544.0,-1.692
va_reclaim-ES-tf30|london|,d_atr0p25_pts8-r2,False,False,230,-8695.0,-1.023
va_reclaim-ES-tf30|london|,d_atr0p25_pts8-r3,False,False,229,-1591.0,-0.153
va_reclaim-ES-tf30|london|,d_atr0p25_pts12-r0,False,False,228,8613.0,0.42
va_reclaim-ES-tf30|london|,d_atr0p25_pts12-r1,False,False,233,-12657.0,-1.375
va_reclaim-ES-tf30|london|,d_atr0p25_pts12-r2,False,False,229,-4553.5,-0.362
va_reclaim-ES-tf30|london|,d_atr0p25_pts12-r3,False,False,228,3063.0,0.202
va_reclaim-ES-tf30|london|,d_atr0p25_pct0p1-r0,False,False,231,15501.0,1.014
va_reclaim-ES-tf30|london|,d_atr0p25_pct0p1-r1,False,False,237,-7285.5,-2.161
va_reclaim-ES-tf30|london|,d_atr0p25_pct0p1-r2,False,False,237,-6673.0,-1.441
va_reclaim-ES-tf30|london|,d_atr0p25_pct0p1-r3,False,False,234,-6236.0,-1.117
va_reclaim-ES-tf30|london|,d_atr0p25_pct0p2-r0,False,False,228,150.5,0.009
va_reclaim-ES-tf30|london|,d_atr0p25_pct0p2-r1,False,False,236,-13594.0,-2.061
va_reclaim-ES-tf30|london|,d_atr0p25_pct0p2-r2,False,False,230,-13970.0,-1.585
va_reclaim-ES-tf30|london|,d_atr0p25_pct0p2-r3,False,False,229,-4316.0,-0.401
va_reclaim-ES-tf30|london|,d_atr0p5_atr1p5-r0,False,False,202,-7058.0,-0.374
va_reclaim-ES-tf30|london|,d_atr0p5_atr1p5-r1,False,False,206,-18774.0,-2.211
va_reclaim-ES-tf30|london|,d_atr0p5_atr1p5-r2,False,False,205,-26270.0,-2.442
va_reclaim-ES-tf30|london|,d_atr0p5_atr1p5-r3,False,False,203,-25049.5,-2.036
va_reclaim-ES-tf30|london|,d_atr0p5_atr3-r0,False,False,201,-9254.0,-0.384
va_reclaim-ES-tf30|london|,d_atr0p5_atr3-r1,False,False,205,-34407.5,-2.197
va_reclaim-ES-tf30|london|,d_atr0p5_atr3-r2,False,False,201,-21741.5,-1.107
va_reclaim-ES-tf30|london|,d_atr0p5_atr3-r3,False,False,201,-16829.0,-0.775
va_reclaim-ES-tf30|london|,d_atr0p5_pts2p5-r0,False,False,203,12913.0,1.007
va_reclaim-ES-tf30|london|,d_atr0p5_pts2p5-r1,False,False,207,-7765.5,-4.194
va_reclaim-ES-tf30|london|,d_atr0p5_pts2p5-r2,False,False,207,-6040.5,-2.382
va_reclaim-ES-tf30|london|,d_atr0p5_pts2p5-r3,False,False,207,-4690.5,-1.504
va_reclaim-ES-tf30|london|,d_atr0p5_pts5-r0,False,False,202,17217.0,1.085
va_reclaim-ES-tf30|london|,d_atr0p5_pts5-r1,False,False,207,-6478.0,-1.759
va_reclaim-ES-tf30|london|,d_atr0p5_pts5-r2,False,False,206,-3049.0,-0.591
va_reclaim-ES-tf30|london|,d_atr0p5_pts5-r3,False,False,204,-3741.0,-0.6
va_reclaim-ES-tf30|london|,d_atr0p5_pts8-r0,False,False,202,7429.5,0.432
va_reclaim-ES-tf30|london|,d_atr0p5_pts8-r1,False,False,207,-11465.5,-1.969
va_reclaim-ES-tf30|london|,d_atr0p5_pts8-r2,False,False,203,-13737.0,-1.757
va_reclaim-ES-tf30|london|,d_atr0p5_pts8-r3,False,False,202,-11058.0,-1.176
va_reclaim-ES-tf30|london|,d_atr0p5_pts12-r0,False,False,202,-408.0,-0.021
va_reclaim-ES-tf30|london|,d_atr0p5_pts12-r1,False,False,205,-15520.0,-1.8
va_reclaim-ES-tf30|london|,d_atr0p5_pts12-r2,False,False,202,-18645.5,-1.637
va_reclaim-ES-tf30|london|,d_atr0p5_pts12-r3,False,False,202,-7570.5,-0.54
va_reclaim-ES-tf30|london|,d_atr0p5_pct0p1-r0,False,False,203,14838.0,0.992
va_reclaim-ES-tf30|london|,d_atr0p5_pct0p1-r1,False,False,207,-6403.0,-2.036
va_reclaim-ES-tf30|london|,d_atr0p5_pct0p1-r2,False,False,207,-7078.0,-1.646
va_reclaim-ES-tf30|london|,d_atr0p5_pct0p1-r3,False,False,205,-8270.0,-1.616
va_reclaim-ES-tf30|london|,d_atr0p5_pct0p2-r0,False,False,202,3929.5,0.227
va_reclaim-ES-tf30|london|,d_atr0p5_pct0p2-r1,False,False,207,-14140.5,-2.293
va_reclaim-ES-tf30|london|,d_atr0p5_pct0p2-r2,False,False,203,-19049.5,-2.366
va_reclaim-ES-tf30|london|,d_atr0p5_pct0p2-r3,False,False,202,-12983.0,-1.329
va_reclaim-ES-tf30|mid|,d_atr0_atr1p5-r0,False,False,165,590.0,0.033
va_reclaim-ES-tf30|mid|,d_atr0_atr1p5-r1,False,False,170,-12542.5,-1.12
va_reclaim-ES-tf30|mid|,d_atr0_atr1p5-r2,False,False,165,-14972.5,-1.08
va_reclaim-ES-tf30|mid|,d_atr0_atr1p5-r3,False,False,165,-9622.5,-0.646
va_reclaim-ES-tf30|mid|,d_atr0_atr3-r0,False,False,165,-6372.5,-0.308
va_reclaim-ES-tf30|mid|,d_atr0_atr3-r1,False,False,165,-27135.0,-1.657
va_reclaim-ES-tf30|mid|,d_atr0_atr3-r2,False,False,165,-15860.0,-0.878
va_reclaim-ES-tf30|mid|,d_atr0_atr3-r3,False,False,165,-11897.5,-0.616
va_reclaim-ES-tf30|mid|,d_atr0_pts2p5-r0,False,False,176,7721.0,0.876
va_reclaim-ES-tf30|mid|,d_atr0_pts2p5-r1,False,False,180,-2632.5,-1.492
va_reclaim-ES-tf30|mid|,d_atr0_pts2p5-r2,False,False,180,-1445.0,-0.583
va_reclaim-ES-tf30|mid|,d_atr0_pts2p5-r3,False,False,180,667.5,0.215
va_reclaim-ES-tf30|mid|,d_atr0_pts5-r0,False,False,172,17337.0,1.386
va_reclaim-ES-tf30|mid|,d_atr0_pts5-r1,False,False,180,467.5,0.136
va_reclaim-ES-tf30|mid|,d_atr0_pts5-r2,False,False,176,3433.5,0.703
va_reclaim-ES-tf30|mid|,d_atr0_pts5-r3,False,False,174,1966.5,0.34
va_reclaim-ES-tf30|mid|,d_atr0_pts8-r0,False,False,169,16874.0,1.219
va_reclaim-ES-tf30|mid|,d_atr0_pts8-r1,False,False,178,1325.5,0.245
va_reclaim-ES-tf30|mid|,d_atr0_pts8-r2,False,False,173,4020.5,0.546
va_reclaim-ES-tf30|mid|,d_atr0_pts8-r3,False,False,171,-1534.0,-0.181
va_reclaim-ES-tf30|mid|,d_atr0_pts12-r0,False,False,167,10782.0,0.68
va_reclaim-ES-tf30|mid|,d_atr0_pts12-r1,False,False,174,4141.5,0.541
va_reclaim-ES-tf30|mid|,d_atr0_pts12-r2,False,False,171,-3046.5,-0.305
va_reclaim-ES-tf30|mid|,d_atr0_pts12-r3,False,False,168,-2497.0,-0.217
va_reclaim-ES-tf30|mid|,d_atr0_pct0p1-r0,False,False,173,9133.0,0.828
va_reclaim-ES-tf30|mid|,d_atr0_pct0p1-r1,False,False,180,-3770.0,-1.275
va_reclaim-ES-tf30|mid|,d_atr0_pct0p1-r2,False,False,178,513.0,0.123
va_reclaim-ES-tf30|mid|,d_atr0_pct0p1-r3,False,False,174,-2683.5,-0.557
va_reclaim-ES-tf30|mid|,d_atr0_pct0p2-r0,False,False,169,15511.5,1.114
va_reclaim-ES-tf30|mid|,d_atr0_pct0p2-r1,False,False,177,3242.0,0.571
va_reclaim-ES-tf30|mid|,d_atr0_pct0p2-r2,False,False,173,2720.5,0.355
va_reclaim-ES-tf30|mid|,d_atr0_pct0p2-r3,False,False,170,-2905.0,-0.334
va_reclaim-ES-tf30|mid|,d_atr0p25_atr1p5-r0,False,False,148,5870.5,0.342
va_reclaim-ES-tf30|mid|,d_atr0p25_atr1p5-r1,False,False,152,-14333.0,-1.4
va_reclaim-ES-tf30|mid|,d_atr0p25_atr1p5-r2,False,False,148,-10779.5,-0.832
va_reclaim-ES-tf30|mid|,d_atr0p25_atr1p5-r3,False,False,148,-5042.0,-0.355
va_reclaim-ES-tf30|mid|,d_atr0p25_atr3-r0,False,False,148,2308.0,0.116
va_reclaim-ES-tf30|mid|,d_atr0p25_atr3-r1,False,False,148,-19542.0,-1.286
va_reclaim-ES-tf30|mid|,d_atr0p25_atr3-r2,False,False,148,-7179.5,-0.418
va_reclaim-ES-tf30|mid|,d_atr0p25_atr3-r3,False,False,148,-3217.0,-0.174
va_reclaim-ES-tf30|mid|,d_atr0p25_pts2p5-r0,False,False,155,9842.5,1.133
va_reclaim-ES-tf30|mid|,d_atr0p25_pts2p5-r1,False,False,157,-2265.5,-1.374
va_reclaim-ES-tf30|mid|,d_atr0p25_pts2p5-r2,False,False,157,-515.5,-0.221
va_reclaim-ES-tf30|mid|,d_atr0p25_pts2p5-r3,False,False,157,1872.0,0.634
va_reclaim-ES-tf30|mid|,d_atr0p25_pts5-r0,False,False,154,17884.0,1.472
va_reclaim-ES-tf30|mid|,d_atr0p25_pts5-r1,False,False,157,447.0,0.139
va_reclaim-ES-tf30|mid|,d_atr0p25_pts5-r2,False,False,157,1897.0,0.415
va_reclaim-ES-tf30|mid|,d_atr0p25_pts5-r3,False,False,155,2042.5,0.375
va_reclaim-ES-tf30|mid|,d_atr0p25_pts8-r0,False,False,153,17363.0,1.29
va_reclaim-ES-tf30|mid|,d_atr0p25_pts8-r1,False,False,157,322.0,0.063
va_reclaim-ES-tf30|mid|,d_atr0p25_pts8-r2,False,False,155,3117.5,0.449
va_reclaim-ES-tf30|mid|,d_atr0p25_pts8-r3,False,False,154,1534.0,0.188
va_reclaim-ES-tf30|mid|,d_atr0p25_pts12-r0,False,False,151,13271.0,0.855
va_reclaim-ES-tf30|mid|,d_atr0p25_pts12-r1,False,False,155,-107.5,-0.015
va_reclaim-ES-tf30|mid|,d_atr0p25_pts12-r2,False,False,153,-3212.0,-0.34
va_reclaim-ES-tf30|mid|,d_atr0p25_pts12-r3,False,False,151,-491.5,-0.045
va_reclaim-ES-tf30|mid|,d_atr0p25_pct0p1-r0,False,False,155,8155.0,0.772
va_reclaim-ES-tf30|mid|,d_atr0p25_pct0p1-r1,False,False,157,-3853.0,-1.397
va_reclaim-ES-tf30|mid|,d_atr0p25_pct0p1-r2,False,False,157,-740.5,-0.191
va_reclaim-ES-tf30|mid|,d_atr0p25_pct0p1-r3,False,False,156,-424.0,-0.091
va_reclaim-ES-tf30|mid|,d_atr0p25_pct0p2-r0,False,False,153,15488.0,1.143
va_reclaim-ES-tf30|mid|,d_atr0p25_pct0p2-r1,False,False,157,2034.5,0.38
va_reclaim-ES-tf30|mid|,d_atr0p25_pct0p2-r2,False,False,155,555.0,0.077
va_reclaim-ES-tf30|mid|,d_atr0p25_pct0p2-r3,False,False,153,1175.5,0.139
va_reclaim-ES-tf30|mid|,d_atr0p5_atr1p5-r0,False,False,116,8836.0,0.549
va_reclaim-ES-tf30|mid|,d_atr0p5_atr1p5-r1,False,False,118,-12984.5,-1.446
va_reclaim-ES-tf30|mid|,d_atr0p5_atr1p5-r2,False,False,116,-8051.5,-0.712
va_reclaim-ES-tf30|mid|,d_atr0p5_atr1p5-r3,False,False,116,-3189.0,-0.256
va_reclaim-ES-tf30|mid|,d_atr0p5_atr3-r0,False,False,116,-2576.5,-0.145
va_reclaim-ES-tf30|mid|,d_atr0p5_atr3-r1,False,False,116,-18926.5,-1.41
va_reclaim-ES-tf30|mid|,d_atr0p5_atr3-r2,False,False,116,-9539.0,-0.628
va_reclaim-ES-tf30|mid|,d_atr0p5_atr3-r3,False,False,116,-7626.5,-0.47
va_reclaim-ES-tf30|mid|,d_atr0p5_pts2p5-r0,False,False,119,2236.5,0.302
va_reclaim-ES-tf30|mid|,d_atr0p5_pts2p5-r1,False,False,121,-3209.0,-2.231
va_reclaim-ES-tf30|mid|,d_atr0p5_pts2p5-r2,False,False,121,-1234.0,-0.609
va_reclaim-ES-tf30|mid|,d_atr0p5_pts2p5-r3,False,False,121,303.5,0.119
va_reclaim-ES-tf30|mid|,d_atr0p5_pts5-r0,False,False,118,13003.0,1.159
va_reclaim-ES-tf30|mid|,d_atr0p5_pts5-r1,False,False,121,553.5,0.196
va_reclaim-ES-tf30|mid|,d_atr0p5_pts5-r2,False,False,121,553.5,0.138
va_reclaim-ES-tf30|mid|,d_atr0p5_pts5-r3,False,False,119,-826.0,-0.177
va_reclaim-ES-tf30|mid|,d_atr0p5_pts8-r0,False,False,118,14790.5,1.192
va_reclaim-ES-tf30|mid|,d_atr0p5_pts8-r1,False,False,121,1203.5,0.27
va_reclaim-ES-tf30|mid|,d_atr0p5_pts8-r2,False,False,119,1486.5,0.244
va_reclaim-ES-tf30|mid|,d_atr0p5_pts8-r3,False,False,118,1240.5,0.174
va_reclaim-ES-tf30|mid|,d_atr0p5_pts12-r0,False,False,117,13769.5,0.942
va_reclaim-ES-tf30|mid|,d_atr0p5_pts12-r1,False,False,119,-601.0,-0.094
va_reclaim-ES-tf30|mid|,d_atr0p5_pts12-r2,False,False,117,-4168.0,-0.51
va_reclaim-ES-tf30|mid|,d_atr0p5_pts12-r3,False,False,117,-1380.5,-0.144
va_reclaim-ES-tf30|mid|,d_atr0p5_pct0p1-r0,False,False,119,2411.5,0.255
va_reclaim-ES-tf30|mid|,d_atr0p5_pct0p1-r1,False,False,121,-3371.5,-1.391
va_reclaim-ES-tf30|mid|,d_atr0p5_pct0p1-r2,False,False,121,-1446.5,-0.427
va_reclaim-ES-tf30|mid|,d_atr0p5_pct0p1-r3,False,False,120,-2555.0,-0.646
va_reclaim-ES-tf30|mid|,d_atr0p5_pct0p2-r0,False,False,118,13315.5,1.066
va_reclaim-ES-tf30|mid|,d_atr0p5_pct0p2-r1,False,False,121,2553.5,0.54
va_reclaim-ES-tf30|mid|,d_atr0p5_pct0p2-r2,False,False,119,-126.0,-0.02
va_reclaim-ES-tf30|mid|,d_atr0p5_pct0p2-r3,False,False,118,415.5,0.057
va_reclaim-ES-tf30|nyam|,d_atr0_atr1p5-r0,False,False,181,25463.5,1.344
va_reclaim-ES-tf30|nyam|,d_atr0_atr1p5-r1,False,False,185,3985.0,0.395
va_reclaim-ES-tf30|nyam|,d_atr0_atr1p5-r2,False,False,183,6218.0,0.445
va_reclaim-ES-tf30|nyam|,d_atr0_atr1p5-r3,False,False,181,20126.0,1.174
va_reclaim-ES-tf30|nyam|,d_atr0_atr3-r0,False,False,178,29263.0,1.276
va_reclaim-ES-tf30|nyam|,d_atr0_atr3-r1,False,False,180,3692.5,0.207
va_reclaim-ES-tf30|nyam|,d_atr0_atr3-r2,False,False,178,23213.0,1.084
va_reclaim-ES-tf30|nyam|,d_atr0_atr3-r3,False,False,178,25988.0,1.168
va_reclaim-ES-tf30|nyam|,d_atr0_pts2p5-r0,False,False,186,2631.0,0.257
va_reclaim-ES-tf30|nyam|,d_atr0_pts2p5-r1,False,False,188,-5077.0,-2.837
va_reclaim-ES-tf30|nyam|,d_atr0_pts2p5-r2,False,False,188,-5677.0,-2.355
va_reclaim-ES-tf30|nyam|,d_atr0_pts2p5-r3,False,False,188,-5077.0,-1.73
va_reclaim-ES-tf30|nyam|,d_atr0_pts5-r0,False,False,184,3314.0,0.268
va_reclaim-ES-tf30|nyam|,d_atr0_pts5-r1,False,False,188,-4489.5,-1.276
va_reclaim-ES-tf30|nyam|,d_atr0_pts5-r2,False,False,188,573.0,0.115
va_reclaim-ES-tf30|nyam|,d_atr0_pts5-r3,False,False,186,3506.0,0.568
va_reclaim-ES-tf30|nyam|,d_atr0_pts8-r0,False,False,181,7801.0,0.559
va_reclaim-ES-tf30|nyam|,d_atr0_pts8-r1,False,False,187,1939.5,0.35
va_reclaim-ES-tf30|nyam|,d_atr0_pts8-r2,False,False,184,1601.5,0.207
va_reclaim-ES-tf30|nyam|,d_atr0_pts8-r3,False,False,181,-5186.5,-0.585
va_reclaim-ES-tf30|nyam|,d_atr0_pts12-r0,False,False,180,21305.0,1.262
va_reclaim-ES-tf30|nyam|,d_atr0_pts12-r1,False,False,186,7718.5,0.958
va_reclaim-ES-tf30|nyam|,d_atr0_pts12-r2,False,False,180,1505.0,0.139
va_reclaim-ES-tf30|nyam|,d_atr0_pts12-r3,False,False,180,3167.5,0.251
va_reclaim-ES-tf30|nyam|,d_atr0_pct0p1-r0,False,False,184,1826.5,0.157
va_reclaim-ES-tf30|nyam|,d_atr0_pct0p1-r1,False,False,188,-6977.0,-2.312
va_reclaim-ES-tf30|nyam|,d_atr0_pct0p1-r2,False,False,188,-4414.5,-1.054
va_reclaim-ES-tf30|nyam|,d_atr0_pct0p1-r3,False,False,187,-2023.0,-0.392
va_reclaim-ES-tf30|nyam|,d_atr0_pct0p2-r0,False,False,181,8251.0,0.581
va_reclaim-ES-tf30|nyam|,d_atr0_pct0p2-r1,False,False,187,3439.5,0.581
va_reclaim-ES-tf30|nyam|,d_atr0_pct0p2-r2,False,False,182,-815.5,-0.101
va_reclaim-ES-tf30|nyam|,d_atr0_pct0p2-r3,False,False,181,-3786.5,-0.404
va_reclaim-ES-tf30|nyam|,d_atr0p25_atr1p5-r0,False,False,166,23261.0,1.273
va_reclaim-ES-tf30|nyam|,d_atr0p25_atr1p5-r1,False,False,169,1499.0,0.155
va_reclaim-ES-tf30|nyam|,d_atr0p25_atr1p5-r2,False,False,168,3328.0,0.25
va_reclaim-ES-tf30|nyam|,d_atr0p25_atr1p5-r3,False,False,166,18036.0,1.092
va_reclaim-ES-tf30|nyam|,d_atr0p25_atr3-r0,False,False,163,30873.0,1.367
va_reclaim-ES-tf30|nyam|,d_atr0p25_atr3-r1,False,False,165,1027.5,0.06
va_reclaim-ES-tf30|nyam|,d_atr0p25_atr3-r2,False,False,163,21810.5,1.049
va_reclaim-ES-tf30|nyam|,d_atr0p25_atr3-r3,False,False,163,27835.5,1.269
va_reclaim-ES-tf30|nyam|,d_atr0p25_pts2p5-r0,False,False,169,9749.0,0.871
va_reclaim-ES-tf30|nyam|,d_atr0p25_pts2p5-r1,False,False,170,-5155.0,-3.039
va_reclaim-ES-tf30|nyam|,d_atr0p25_pts2p5-r2,False,False,170,-5455.0,-2.391
va_reclaim-ES-tf30|nyam|,d_atr0p25_pts2p5-r3,False,False,170,-3555.0,-1.251
va_reclaim-ES-tf30|nyam|,d_atr0p25_pts5-r0,False,False,167,10557.0,0.821
va_reclaim-ES-tf30|nyam|,d_atr0p25_pts5-r1,False,False,170,-2767.5,-0.826
va_reclaim-ES-tf30|nyam|,d_atr0p25_pts5-r2,False,False,170,3082.5,0.641
va_reclaim-ES-tf30|nyam|,d_atr0p25_pts5-r3,False,False,169,5586.5,0.933
va_reclaim-ES-tf30|nyam|,d_atr0p25_pts8-r0,False,False,166,13561.0,0.955
va_reclaim-ES-tf30|nyam|,d_atr0p25_pts8-r1,False,False,170,3632.5,0.688
va_reclaim-ES-tf30|nyam|,d_atr0p25_pts8-r2,False,False,169,3124.0,0.417
va_reclaim-ES-tf30|nyam|,d_atr0p25_pts8-r3,False,False,166,-3251.5,-0.378
va_reclaim-ES-tf30|nyam|,d_atr0p25_pts12-r0,False,False,165,12602.5,0.791
va_reclaim-ES-tf30|nyam|,d_atr0p25_pts12-r1,False,False,169,1724.0,0.224
va_reclaim-ES-tf30|nyam|,d_atr0p25_pts12-r2,False,False,165,-4260.0,-0.416
va_reclaim-ES-tf30|nyam|,d_atr0p25_pts12-r3,False,False,165,-4097.5,-0.347
va_reclaim-ES-tf30|nyam|,d_atr0p25_pct0p1-r0,False,False,167,10069.5,0.809
va_reclaim-ES-tf30|nyam|,d_atr0p25_pct0p1-r1,False,False,170,-4555.0,-1.576
va_reclaim-ES-tf30|nyam|,d_atr0p25_pct0p1-r2,False,False,170,-805.0,-0.197
va_reclaim-ES-tf30|nyam|,d_atr0p25_pct0p1-r3,False,False,169,136.5,0.027
va_reclaim-ES-tf30|nyam|,d_atr0p25_pct0p2-r0,False,False,166,13161.0,0.911
va_reclaim-ES-tf30|nyam|,d_atr0p25_pct0p2-r1,False,False,170,4595.0,0.811
va_reclaim-ES-tf30|nyam|,d_atr0p25_pct0p2-r2,False,False,167,82.0,0.01
va_reclaim-ES-tf30|nyam|,d_atr0p25_pct0p2-r3,False,False,166,-2376.5,-0.26
va_reclaim-ES-tf30|nyam|,d_atr0p5_atr1p5-r0,False,False,154,27271.5,1.509
va_reclaim-ES-tf30|nyam|,d_atr0p5_atr1p5-r1,False,False,155,3930.0,0.421
va_reclaim-ES-tf30|nyam|,d_atr0p5_atr1p5-r2,False,False,155,5655.0,0.437
va_reclaim-ES-tf30|nyam|,d_atr0p5_atr1p5-r3,False,False,154,22209.0,1.36
va_reclaim-ES-tf30|nyam|,d_atr0p5_atr3-r0,False,False,152,32717.0,1.494
va_reclaim-ES-tf30|nyam|,d_atr0p5_atr3-r1,False,False,153,4050.5,0.243
va_reclaim-ES-tf30|nyam|,d_atr0p5_atr3-r2,False,False,152,25342.0,1.248
va_reclaim-ES-tf30|nyam|,d_atr0p5_atr3-r3,False,False,152,30129.5,1.414
va_reclaim-ES-tf30|nyam|,d_atr0p5_pts2p5-r0,False,False,155,11730.0,1.051
va_reclaim-ES-tf30|nyam|,d_atr0p5_pts2p5-r1,False,False,156,-3961.5,-2.425
va_reclaim-ES-tf30|nyam|,d_atr0p5_pts2p5-r2,False,False,156,-4636.5,-2.108
va_reclaim-ES-tf30|nyam|,d_atr0p5_pts2p5-r3,False,False,156,-2599.0,-0.943
va_reclaim-ES-tf30|nyam|,d_atr0p5_pts5-r0,False,False,155,10255.0,0.808
va_reclaim-ES-tf30|nyam|,d_atr0p5_pts5-r1,False,False,156,-2111.5,-0.658
va_reclaim-ES-tf30|nyam|,d_atr0p5_pts5-r2,False,False,156,3413.5,0.737
va_reclaim-ES-tf30|nyam|,d_atr0p5_pts5-r3,False,False,156,4651.0,0.809
va_reclaim-ES-tf30|nyam|,d_atr0p5_pts8-r0,False,False,154,14609.0,1.042
va_reclaim-ES-tf30|nyam|,d_atr0p5_pts8-r1,False,False,156,3276.0,0.645
va_reclaim-ES-tf30|nyam|,d_atr0p5_pts8-r2,False,False,156,5613.5,0.772
va_reclaim-ES-tf30|nyam|,d_atr0p5_pts8-r3,False,False,154,-1978.5,-0.237
va_reclaim-ES-tf30|nyam|,d_atr0p5_pts12-r0,False,False,153,18888.0,1.192
va_reclaim-ES-tf30|nyam|,d_atr0p5_pts12-r1,False,False,155,2055.0,0.277
va_reclaim-ES-tf30|nyam|,d_atr0p5_pts12-r2,False,False,153,-2587.0,-0.261
va_reclaim-ES-tf30|nyam|,d_atr0p5_pts12-r3,False,False,153,2175.5,0.185
va_reclaim-ES-tf30|nyam|,d_atr0p5_pct0p1-r0,False,False,155,11392.5,0.922
va_reclaim-ES-tf30|nyam|,d_atr0p5_pct0p1-r1,False,False,156,-3911.5,-1.414
va_reclaim-ES-tf30|nyam|,d_atr0p5_pct0p1-r2,False,False,156,-274.0,-0.07
va_reclaim-ES-tf30|nyam|,d_atr0p5_pct0p1-r3,False,False,156,451.0,0.093
va_reclaim-ES-tf30|nyam|,d_atr0p5_pct0p2-r0,False,False,154,14609.0,1.025
va_reclaim-ES-tf30|nyam|,d_atr0p5_pct0p2-r1,False,False,156,4176.0,0.769
va_reclaim-ES-tf30|nyam|,d_atr0p5_pct0p2-r2,False,False,155,2430.0,0.319
va_reclaim-ES-tf30|nyam|,d_atr0p5_pct0p2-r3,False,False,154,-803.5,-0.091
va_reclaim-ES-tf30|pm|,d_atr0_atr1p5-r0,False,False,149,-5908.5,-0.54
va_reclaim-ES-tf30|pm|,d_atr0_atr1p5-r1,False,False,152,-11933.0,-1.233
va_reclaim-ES-tf30|pm|,d_atr0_atr1p5-r2,False,False,149,-7458.5,-0.705
va_reclaim-ES-tf30|pm|,d_atr0_atr1p5-r3,False,False,149,-6571.0,-0.609
va_reclaim-ES-tf30|pm|,d_atr0_atr3-r0,False,False,149,-13733.5,-1.021
va_reclaim-ES-tf30|pm|,d_atr0_atr3-r1,False,False,149,-14296.0,-1.119
va_reclaim-ES-tf30|pm|,d_atr0_atr3-r2,False,False,149,-13833.5,-1.03
va_reclaim-ES-tf30|pm|,d_atr0_atr3-r3,False,False,149,-12221.0,-0.881
va_reclaim-ES-tf30|pm|,d_atr0_pts2p5-r0,False,False,152,-10920.5,-3.703
va_reclaim-ES-tf30|pm|,d_atr0_pts2p5-r1,False,False,155,-6970.0,-4.409
va_reclaim-ES-tf30|pm|,d_atr0_pts2p5-r2,False,False,155,-8370.0,-4.136
va_reclaim-ES-tf30|pm|,d_atr0_pts2p5-r3,False,False,155,-7795.0,-3.201
va_reclaim-ES-tf30|pm|,d_atr0_pts5-r0,False,False,151,5396.0,0.723
va_reclaim-ES-tf30|pm|,d_atr0_pts5-r1,False,False,155,-6345.0,-2.007
va_reclaim-ES-tf30|pm|,d_atr0_pts5-r2,False,False,153,-6437.0,-1.541
va_reclaim-ES-tf30|pm|,d_atr0_pts5-r3,False,False,152,-3258.0,-0.657
va_reclaim-ES-tf30|pm|,d_atr0_pts8-r0,False,False,150,3825.0,0.445
va_reclaim-ES-tf30|pm|,d_atr0_pts8-r1,False,False,154,-7478.5,-1.561
va_reclaim-ES-tf30|pm|,d_atr0_pts8-r2,False,False,151,-1091.5,-0.175
va_reclaim-ES-tf30|pm|,d_atr0_pts8-r3,False,False,150,1375.0,0.189
va_reclaim-ES-tf30|pm|,d_atr0_pts12-r0,False,False,149,-3071.0,-0.331
va_reclaim-ES-tf30|pm|,d_atr0_pts12-r1,False,False,151,-12016.5,-1.84
va_reclaim-ES-tf30|pm|,d_atr0_pts12-r2,False,False,149,-5321.0,-0.661
va_reclaim-ES-tf30|pm|,d_atr0_pts12-r3,False,False,149,-3496.0,-0.396
va_reclaim-ES-tf30|pm|,d_atr0_pct0p1-r0,False,False,151,2133.5,0.317
va_reclaim-ES-tf30|pm|,d_atr0_pct0p1-r1,False,False,155,-6357.5,-2.367
va_reclaim-ES-tf30|pm|,d_atr0_pct0p1-r2,False,False,154,-4353.5,-1.2
va_reclaim-ES-tf30|pm|,d_atr0_pct0p1-r3,False,False,152,-3870.5,-0.902
va_reclaim-ES-tf30|pm|,d_atr0_pct0p2-r0,False,False,150,3600.0,0.416
va_reclaim-ES-tf30|pm|,d_atr0_pct0p2-r1,False,False,154,-7078.5,-1.419
va_reclaim-ES-tf30|pm|,d_atr0_pct0p2-r2,False,False,151,-1966.5,-0.305
va_reclaim-ES-tf30|pm|,d_atr0_pct0p2-r3,False,False,150,1525.0,0.205
va_reclaim-ES-tf30|pm|,d_atr0p25_atr1p5-r0,False,False,127,-120.5,-0.012
va_reclaim-ES-tf30|pm|,d_atr0p25_atr1p5-r1,False,False,128,-6562.0,-0.731
va_reclaim-ES-tf30|pm|,d_atr0p25_atr1p5-r2,False,False,127,-495.5,-0.049
va_reclaim-ES-tf30|pm|,d_atr0p25_atr1p5-r3,False,False,127,-783.0,-0.077
va_reclaim-ES-tf30|pm|,d_atr0p25_atr3-r0,False,False,127,-9620.5,-0.783
va_reclaim-ES-tf30|pm|,d_atr0p25_atr3-r1,False,False,127,-7545.5,-0.631
va_reclaim-ES-tf30|pm|,d_atr0p25_atr3-r2,False,False,127,-9745.5,-0.795
va_reclaim-ES-tf30|pm|,d_atr0p25_atr3-r3,False,False,127,-9620.5,-0.783
va_reclaim-ES-tf30|pm|,d_atr0p25_pts2p5-r0,False,False,128,-8237.0,-2.844
va_reclaim-ES-tf30|pm|,d_atr0p25_pts2p5-r1,False,False,130,-5270.0,-3.605
va_reclaim-ES-tf30|pm|,d_atr0p25_pts2p5-r2,False,False,130,-5607.5,-2.905
va_reclaim-ES-tf30|pm|,d_atr0p25_pts2p5-r3,False,False,130,-5795.0,-2.538
va_reclaim-ES-tf30|pm|,d_atr0p25_pts5-r0,False,False,128,9513.0,1.342
va_reclaim-ES-tf30|pm|,d_atr0p25_pts5-r1,False,False,130,-2007.5,-0.689
va_reclaim-ES-tf30|pm|,d_atr0p25_pts5-r2,False,False,129,-1166.0,-0.292
va_reclaim-ES-tf30|pm|,d_atr0p25_pts5-r3,False,False,128,1600.5,0.339
va_reclaim-ES-tf30|pm|,d_atr0p25_pts8-r0,False,False,128,9075.5,1.126
va_reclaim-ES-tf30|pm|,d_atr0p25_pts8-r1,False,False,129,-1403.5,-0.322
va_reclaim-ES-tf30|pm|,d_atr0p25_pts8-r2,False,False,128,4963.0,0.858
va_reclaim-ES-tf30|pm|,d_atr0p25_pts8-r3,False,False,128,6225.5,0.921
va_reclaim-ES-tf30|pm|,d_atr0p25_pts12-r0,False,False,127,3779.5,0.437
va_reclaim-ES-tf30|pm|,d_atr0p25_pts12-r1,False,False,127,-2208.0,-0.373
va_reclaim-ES-tf30|pm|,d_atr0p25_pts12-r2,False,False,127,2942.0,0.393
va_reclaim-ES-tf30|pm|,d_atr0p25_pts12-r3,False,False,127,4654.5,0.556
va_reclaim-ES-tf30|pm|,d_atr0p25_pct0p1-r0,False,False,128,5975.5,0.937
va_reclaim-ES-tf30|pm|,d_atr0p25_pct0p1-r1,False,False,130,-2345.0,-0.944
va_reclaim-ES-tf30|pm|,d_atr0p25_pct0p1-r2,False,False,129,-566.0,-0.164
va_reclaim-ES-tf30|pm|,d_atr0p25_pct0p1-r3,False,False,128,1275.5,0.307
va_reclaim-ES-tf30|pm|,d_atr0p25_pct0p2-r0,False,False,128,9213.0,1.138
va_reclaim-ES-tf30|pm|,d_atr0p25_pct0p2-r1,False,False,129,-691.0,-0.152
va_reclaim-ES-tf30|pm|,d_atr0p25_pct0p2-r2,False,False,128,4463.0,0.745
va_reclaim-ES-tf30|pm|,d_atr0p25_pct0p2-r3,False,False,128,6850.5,0.993
va_reclaim-ES-tf30|pm|,d_atr0p5_atr1p5-r0,False,False,108,4355.5,0.417
va_reclaim-ES-tf30|pm|,d_atr0p5_atr1p5-r1,False,False,109,-6923.5,-0.824
va_reclaim-ES-tf30|pm|,d_atr0p5_atr1p5-r2,False,False,108,843.0,0.088
va_reclaim-ES-tf30|pm|,d_atr0p5_atr1p5-r3,False,False,108,2955.5,0.294
va_reclaim-ES-tf30|pm|,d_atr0p5_atr3-r0,False,False,108,-4232.0,-0.349
va_reclaim-ES-tf30|pm|,d_atr0p5_atr3-r1,False,False,108,-5294.5,-0.47
va_reclaim-ES-tf30|pm|,d_atr0p5_atr3-r2,False,False,108,-4357.0,-0.359
va_reclaim-ES-tf30|pm|,d_atr0p5_atr3-r3,False,False,108,-4232.0,-0.349
va_reclaim-ES-tf30|pm|,d_atr0p5_pts2p5-r0,False,False,109,-7923.5,-3.035
va_reclaim-ES-tf30|pm|,d_atr0p5_pts2p5-r1,False,False,110,-4540.0,-3.379
va_reclaim-ES-tf30|pm|,d_atr0p5_pts2p5-r2,False,False,110,-5102.5,-2.904
va_reclaim-ES-tf30|pm|,d_atr0p5_pts2p5-r3,False,False,110,-6552.5,-3.339
va_reclaim-ES-tf30|pm|,d_atr0p5_pts5-r0,False,False,108,11530.5,1.52
va_reclaim-ES-tf30|pm|,d_atr0p5_pts5-r1,False,False,110,-2452.5,-0.913
va_reclaim-ES-tf30|pm|,d_atr0p5_pts5-r2,False,False,109,-2211.0,-0.605
va_reclaim-ES-tf30|pm|,d_atr0p5_pts5-r3,False,False,109,676.5,0.153
va_reclaim-ES-tf30|pm|,d_atr0p5_pts8-r0,False,False,108,10443.0,1.233
va_reclaim-ES-tf30|pm|,d_atr0p5_pts8-r1,False,False,109,-3798.5,-0.948
va_reclaim-ES-tf30|pm|,d_atr0p5_pts8-r2,False,False,109,3089.0,0.563
va_reclaim-ES-tf30|pm|,d_atr0p5_pts8-r3,False,False,108,4180.5,0.652
va_reclaim-ES-tf30|pm|,d_atr0p5_pts12-r0,False,False,108,6580.5,0.734
va_reclaim-ES-tf30|pm|,d_atr0p5_pts12-r1,False,False,109,-3073.5,-0.553
va_reclaim-ES-tf30|pm|,d_atr0p5_pts12-r2,False,False,108,2330.5,0.329
va_reclaim-ES-tf30|pm|,d_atr0p5_pts12-r3,False,False,108,3443.0,0.435
va_reclaim-ES-tf30|pm|,d_atr0p5_pct0p1-r0,False,False,108,8268.0,1.188
va_reclaim-ES-tf30|pm|,d_atr0p5_pct0p1-r1,False,False,110,-2177.5,-0.949
va_reclaim-ES-tf30|pm|,d_atr0p5_pct0p1-r2,False,False,109,-2148.5,-0.686
va_reclaim-ES-tf30|pm|,d_atr0p5_pct0p1-r3,False,False,109,926.5,0.236
va_reclaim-ES-tf30|pm|,d_atr0p5_pct0p2-r0,False,False,108,10618.0,1.251
va_reclaim-ES-tf30|pm|,d_atr0p5_pct0p2-r1,False,False,109,-3448.5,-0.832
va_reclaim-ES-tf30|pm|,d_atr0p5_pct0p2-r2,False,False,109,1976.5,0.351
va_reclaim-ES-tf30|pm|,d_atr0p5_pct0p2-r3,False,False,108,5055.5,0.768
va_reclaim-ES-tf30|pre|,d_atr0_atr1p5-r0,False,False,132,-26953.0,-2.025
va_reclaim-ES-tf30|pre|,d_atr0_atr1p5-r1,False,False,133,-3557.0,-0.444
va_reclaim-ES-tf30|pre|,d_atr0_atr1p5-r2,False,False,132,-26540.5,-2.704
va_reclaim-ES-tf30|pre|,d_atr0_atr1p5-r3,False,False,132,-25990.5,-2.25
va_reclaim-ES-tf30|pre|,d_atr0_atr3-r0,False,False,131,-27811.5,-1.49
va_reclaim-ES-tf30|pre|,d_atr0_atr3-r1,False,False,132,-14453.0,-0.958
va_reclaim-ES-tf30|pre|,d_atr0_atr3-r2,False,False,131,-24324.0,-1.349
va_reclaim-ES-tf30|pre|,d_atr0_atr3-r3,False,False,131,-22824.0,-1.224
va_reclaim-ES-tf30|pre|,d_atr0_pts2p5-r0,False,False,133,-6919.5,-1.374
va_reclaim-ES-tf30|pre|,d_atr0_pts2p5-r1,False,False,134,-3223.5,-2.124
va_reclaim-ES-tf30|pre|,d_atr0_pts2p5-r2,False,False,134,-761.0,-0.354
va_reclaim-ES-tf30|pre|,d_atr0_pts2p5-r3,False,False,133,-3969.5,-1.62
va_reclaim-ES-tf30|pre|,d_atr0_pts5-r0,False,False,132,-15728.0,-2.307
va_reclaim-ES-tf30|pre|,d_atr0_pts5-r1,False,False,134,-4448.5,-1.5
va_reclaim-ES-tf30|pre|,d_atr0_pts5-r2,False,False,133,-6894.5,-1.745
va_reclaim-ES-tf30|pre|,d_atr0_pts5-r3,False,False,133,-5744.5,-1.188
va_reclaim-ES-tf30|pre|,d_atr0_pts8-r0,False,False,132,-24640.5,-2.605
va_reclaim-ES-tf30|pre|,d_atr0_pts8-r1,False,False,133,-9894.5,-2.131
va_reclaim-ES-tf30|pre|,d_atr0_pts8-r2,False,False,133,-11257.0,-1.807
va_reclaim-ES-tf30|pre|,d_atr0_pts8-r3,False,False,132,-17378.0,-2.496
va_reclaim-ES-tf30|pre|,d_atr0_pts12-r0,False,False,132,-25915.5,-2.062
va_reclaim-ES-tf30|pre|,d_atr0_pts12-r1,False,False,133,-10107.0,-1.464
va_reclaim-ES-tf30|pre|,d_atr0_pts12-r2,False,False,132,-19478.0,-2.2
va_reclaim-ES-tf30|pre|,d_atr0_pts12-r3,False,False,132,-19465.5,-1.884
va_reclaim-ES-tf30|pre|,d_atr0_pct0p1-r0,False,False,132,-13453.0,-2.073
va_reclaim-ES-tf30|pre|,d_atr0_pct0p1-r1,False,False,134,-2748.5,-1.092
va_reclaim-ES-tf30|pre|,d_atr0_pct0p1-r2,False,False,133,-6507.0,-1.953
va_reclaim-ES-tf30|pre|,d_atr0_pct0p1-r3,False,False,133,-7344.5,-1.857
va_reclaim-ES-tf30|pre|,d_atr0_pct0p2-r0,False,False,132,-25890.5,-2.71
va_reclaim-ES-tf30|pre|,d_atr0_pct0p2-r1,False,False,133,-9944.5,-2.034
va_reclaim-ES-tf30|pre|,d_atr0_pct0p2-r2,False,False,133,-12869.5,-1.989
va_reclaim-ES-tf30|pre|,d_atr0_pct0p2-r3,False,False,132,-16953.0,-2.335
va_reclaim-ES-tf30|pre|,d_atr0p25_atr1p5-r0,False,False,94,-12863.5,-1.036
va_reclaim-ES-tf30|pre|,d_atr0p25_atr1p5-r1,False,False,94,-1051.0,-0.153
va_reclaim-ES-tf30|pre|,d_atr0p25_atr1p5-r2,False,False,94,-18976.0,-2.263
va_reclaim-ES-tf30|pre|,d_atr0p25_atr1p5-r3,False,False,94,-18913.5,-1.931
va_reclaim-ES-tf30|pre|,d_atr0p25_atr3-r0,False,False,93,-15997.0,-0.951
va_reclaim-ES-tf30|pre|,d_atr0p25_atr3-r1,False,False,94,-15126.0,-1.165
va_reclaim-ES-tf30|pre|,d_atr0p25_atr3-r2,False,False,93,-20409.5,-1.306
va_reclaim-ES-tf30|pre|,d_atr0p25_atr3-r3,False,False,93,-19159.5,-1.191
va_reclaim-ES-tf30|pre|,d_atr0p25_pts2p5-r0,False,False,94,-5538.5,-1.257
va_reclaim-ES-tf30|pre|,d_atr0p25_pts2p5-r1,False,False,95,-2955.0,-2.325
va_reclaim-ES-tf30|pre|,d_atr0p25_pts2p5-r2,False,False,95,-1442.5,-0.81
va_reclaim-ES-tf30|pre|,d_atr0p25_pts2p5-r3,False,False,94,-4601.0,-2.392
va_reclaim-ES-tf30|pre|,d_atr0p25_pts5-r0,False,False,94,-10113.5,-1.608
va_reclaim-ES-tf30|pre|,d_atr0p25_pts5-r1,False,False,95,-4817.5,-1.943
va_reclaim-ES-tf30|pre|,d_atr0p25_pts5-r2,False,False,94,-7938.5,-2.524
va_reclaim-ES-tf30|pre|,d_atr0p25_pts5-r3,False,False,94,-6488.5,-1.672
va_reclaim-ES-tf30|pre|,d_atr0p25_pts8-r0,False,False,94,-12001.0,-1.317
va_reclaim-ES-tf30|pre|,d_atr0p25_pts8-r1,False,False,94,-8276.0,-2.129
va_reclaim-ES-tf30|pre|,d_atr0p25_pts8-r2,False,False,94,-7138.5,-1.353
va_reclaim-ES-tf30|pre|,d_atr0p25_pts8-r3,False,False,94,-10588.5,-1.75
va_reclaim-ES-tf30|pre|,d_atr0p25_pts12-r0,False,False,94,-7851.0,-0.65
va_reclaim-ES-tf30|pre|,d_atr0p25_pts12-r1,False,False,94,-4238.5,-0.729
va_reclaim-ES-tf30|pre|,d_atr0p25_pts12-r2,False,False,94,-10363.5,-1.352
va_reclaim-ES-tf30|pre|,d_atr0p25_pts12-r3,False,False,94,-9926.0,-1.111
va_reclaim-ES-tf30|pre|,d_atr0p25_pct0p1-r0,False,False,94,-9163.5,-1.538
va_reclaim-ES-tf30|pre|,d_atr0p25_pct0p1-r1,False,False,95,-2980.0,-1.413
va_reclaim-ES-tf30|pre|,d_atr0p25_pct0p1-r2,False,False,94,-7401.0,-2.822
va_reclaim-ES-tf30|pre|,d_atr0p25_pct0p1-r3,False,False,94,-7813.5,-2.527
va_reclaim-ES-tf30|pre|,d_atr0p25_pct0p2-r0,False,False,94,-12351.0,-1.344
va_reclaim-ES-tf30|pre|,d_atr0p25_pct0p2-r1,False,False,94,-9001.0,-2.214
va_reclaim-ES-tf30|pre|,d_atr0p25_pct0p2-r2,False,False,94,-9438.5,-1.748
va_reclaim-ES-tf30|pre|,d_atr0p25_pct0p2-r3,False,False,94,-9438.5,-1.494
va_reclaim-ES-tf30|pre|,d_atr0p5_atr1p5-r0,False,False,76,-10966.5,-0.976
va_reclaim-ES-tf30|pre|,d_atr0p5_atr1p5-r1,False,False,76,-3779.0,-0.605
va_reclaim-ES-tf30|pre|,d_atr0p5_atr1p5-r2,False,False,76,-15566.5,-2.062
va_reclaim-ES-tf30|pre|,d_atr0p5_atr1p5-r3,False,False,76,-14391.5,-1.601
va_reclaim-ES-tf30|pre|,d_atr0p5_atr3-r0,False,False,75,-19375.0,-1.249
va_reclaim-ES-tf30|pre|,d_atr0p5_atr3-r1,False,False,76,-17329.0,-1.443
va_reclaim-ES-tf30|pre|,d_atr0p5_atr3-r2,False,False,75,-22312.5,-1.544
va_reclaim-ES-tf30|pre|,d_atr0p5_atr3-r3,False,False,75,-21925.0,-1.482
va_reclaim-ES-tf30|pre|,d_atr0p5_pts2p5-r0,False,False,76,-5341.5,-1.421
va_reclaim-ES-tf30|pre|,d_atr0p5_pts2p5-r1,False,False,76,-2629.0,-2.32
va_reclaim-ES-tf30|pre|,d_atr0p5_pts2p5-r2,False,False,76,-2241.5,-1.452
va_reclaim-ES-tf30|pre|,d_atr0p5_pts2p5-r3,False,False,76,-4616.5,-2.814
va_reclaim-ES-tf30|pre|,d_atr0p5_pts5-r0,False,False,76,-11766.5,-2.708
va_reclaim-ES-tf30|pre|,d_atr0p5_pts5-r1,False,False,76,-5904.0,-2.721
va_reclaim-ES-tf30|pre|,d_atr0p5_pts5-r2,False,False,76,-9241.5,-3.558
va_reclaim-ES-tf30|pre|,d_atr0p5_pts5-r3,False,False,76,-7766.5,-2.397
va_reclaim-ES-tf30|pre|,d_atr0p5_pts8-r0,False,False,76,-12991.5,-1.687
va_reclaim-ES-tf30|pre|,d_atr0p5_pts8-r1,False,False,76,-9716.5,-2.847
va_reclaim-ES-tf30|pre|,d_atr0p5_pts8-r2,False,False,76,-8129.0,-1.767
va_reclaim-ES-tf30|pre|,d_atr0p5_pts8-r3,False,False,76,-12766.5,-2.558
va_reclaim-ES-tf30|pre|,d_atr0p5_pts12-r0,False,False,76,-6304.0,-0.575
va_reclaim-ES-tf30|pre|,d_atr0p5_pts12-r1,False,False,76,-4516.5,-0.862
va_reclaim-ES-tf30|pre|,d_atr0p5_pts12-r2,False,False,76,-12416.5,-1.872
va_reclaim-ES-tf30|pre|,d_atr0p5_pts12-r3,False,False,76,-10879.0,-1.405
va_reclaim-ES-tf30|pre|,d_atr0p5_pct0p1-r0,False,False,76,-11466.5,-2.956
va_reclaim-ES-tf30|pre|,d_atr0p5_pct0p1-r1,False,False,76,-3754.0,-2.015
va_reclaim-ES-tf30|pre|,d_atr0p5_pct0p1-r2,False,False,76,-8366.5,-3.877
va_reclaim-ES-tf30|pre|,d_atr0p5_pct0p1-r3,False,False,76,-8791.5,-3.519
va_reclaim-ES-tf30|pre|,d_atr0p5_pct0p2-r0,False,False,76,-13091.5,-1.683
va_reclaim-ES-tf30|pre|,d_atr0p5_pct0p2-r1,False,False,76,-9466.5,-2.633
va_reclaim-ES-tf30|pre|,d_atr0p5_pct0p2-r2,False,False,76,-10216.5,-2.184
va_reclaim-ES-tf30|pre|,d_atr0p5_pct0p2-r3,False,False,76,-13054.0,-2.564
va_reclaim-ES-tf5|asia|,d_atr0_atr1p5-r0,False,False,144,-3063.5,-0.32
va_reclaim-ES-tf5|asia|,d_atr0_atr1p5-r1,False,False,145,-6742.5,-3.057
va_reclaim-ES-tf5|asia|,d_atr0_atr1p5-r2,False,False,145,-7567.5,-2.627
va_reclaim-ES-tf5|asia|,d_atr0_atr1p5-r3,False,False,145,-6130.0,-1.757
va_reclaim-ES-tf5|asia|,d_atr0_atr3-r0,False,False,142,1732.0,0.125
va_reclaim-ES-tf5|asia|,d_atr0_atr3-r1,False,False,145,-2480.0,-0.558
va_reclaim-ES-tf5|asia|,d_atr0_atr3-r2,False,False,144,-713.5,-0.113
va_reclaim-ES-tf5|asia|,d_atr0_atr3-r3,False,False,144,-3901.0,-0.551
va_reclaim-ES-tf5|asia|,d_atr0_pts2p5-r0,False,False,144,-6601.0,-0.848
va_reclaim-ES-tf5|asia|,d_atr0_pts2p5-r1,False,False,145,-5817.5,-3.767
va_reclaim-ES-tf5|asia|,d_atr0_pts2p5-r2,False,False,145,-5405.0,-2.603
va_reclaim-ES-tf5|asia|,d_atr0_pts2p5-r3,False,False,145,-5142.5,-2.05
va_reclaim-ES-tf5|asia|,d_atr0_pts5-r0,False,False,142,-293.0,-0.025
va_reclaim-ES-tf5|asia|,d_atr0_pts5-r1,False,False,145,-3292.5,-1.064
va_reclaim-ES-tf5|asia|,d_atr0_pts5-r2,False,False,145,-1292.5,-0.297
va_reclaim-ES-tf5|asia|,d_atr0_pts5-r3,False,False,143,353.0,0.066
va_reclaim-ES-tf5|asia|,d_atr0_pts8-r0,False,False,142,5994.5,0.384
va_reclaim-ES-tf5|asia|,d_atr0_pts8-r1,False,False,145,-5142.5,-1.05
va_reclaim-ES-tf5|asia|,d_atr0_pts8-r2,False,False,143,-1359.5,-0.198
va_reclaim-ES-tf5|asia|,d_atr0_pts8-r3,False,False,142,-5643.0,-0.699
va_reclaim-ES-tf5|asia|,d_atr0_pts12-r0,False,False,142,5832.0,0.336
va_reclaim-ES-tf5|asia|,d_atr0_pts12-r1,False,False,144,-8176.0,-1.127
va_reclaim-ES-tf5|asia|,d_atr0_pts12-r2,False,False,142,-2705.5,-0.272
va_reclaim-ES-tf5|asia|,d_atr0_pts12-r3,False,False,142,-1293.0,-0.108
va_reclaim-ES-tf5|asia|,d_atr0_pct0p1-r0,False,False,142,-2755.5,-0.273
va_reclaim-ES-tf5|asia|,d_atr0_pct0p1-r1,False,False,145,-5005.0,-1.917
va_reclaim-ES-tf5|asia|,d_atr0_pct0p1-r2,False,False,145,-3055.0,-0.839
va_reclaim-ES-tf5|asia|,d_atr0_pct0p1-r3,False,False,144,-3501.0,-0.797
va_reclaim-ES-tf5|asia|,d_atr0_pct0p2-r0,False,False,142,8969.5,0.567
va_reclaim-ES-tf5|asia|,d_atr0_pct0p2-r1,False,False,145,-6017.5,-1.168
va_reclaim-ES-tf5|asia|,d_atr0_pct0p2-r2,False,False,143,-4159.5,-0.591
va_reclaim-ES-tf5|asia|,d_atr0_pct0p2-r3,False,False,142,-3530.5,-0.416
va_reclaim-ES-tf5|asia|,d_atr0p25_atr1p5-r0,False,False,128,-1099.5,-0.116
va_reclaim-ES-tf5|asia|,d_atr0p25_atr1p5-r1,False,False,129,-5953.5,-2.889
va_reclaim-ES-tf5|asia|,d_atr0p25_atr1p5-r2,False,False,129,-7078.5,-2.635
va_reclaim-ES-tf5|asia|,d_atr0p25_atr1p5-r3,False,False,129,-6528.5,-2.034
va_reclaim-ES-tf5|asia|,d_atr0p25_atr3-r0,False,False,127,3792.0,0.278
va_reclaim-ES-tf5|asia|,d_atr0p25_atr3-r1,False,False,129,-1378.5,-0.332
va_reclaim-ES-tf5|asia|,d_atr0p25_atr3-r2,False,False,128,-1987.0,-0.341
va_reclaim-ES-tf5|asia|,d_atr0p25_atr3-r3,False,False,128,-2924.5,-0.44
va_reclaim-ES-tf5|asia|,d_atr0p25_pts2p5-r0,False,False,128,-5487.0,-0.712
va_reclaim-ES-tf5|asia|,d_atr0p25_pts2p5-r1,False,False,129,-5916.0,-4.107
va_reclaim-ES-tf5|asia|,d_atr0p25_pts2p5-r2,False,False,129,-5853.5,-3.068
va_reclaim-ES-tf5|asia|,d_atr0p25_pts2p5-r3,False,False,129,-5441.0,-2.356
va_reclaim-ES-tf5|asia|,d_atr0p25_pts5-r0,False,False,127,2379.5,0.208
va_reclaim-ES-tf5|asia|,d_atr0p25_pts5-r1,False,False,129,-2103.5,-0.72
va_reclaim-ES-tf5|asia|,d_atr0p25_pts5-r2,False,False,129,-841.0,-0.204
va_reclaim-ES-tf5|asia|,d_atr0p25_pts5-r3,False,False,127,567.0,0.112
va_reclaim-ES-tf5|asia|,d_atr0p25_pts8-r0,False,False,127,10767.0,0.697
va_reclaim-ES-tf5|asia|,d_atr0p25_pts8-r1,False,False,129,-3353.5,-0.725
va_reclaim-ES-tf5|asia|,d_atr0p25_pts8-r2,False,False,127,-758.0,-0.117
va_reclaim-ES-tf5|asia|,d_atr0p25_pts8-r3,False,False,127,-4233.0,-0.552
va_reclaim-ES-tf5|asia|,d_atr0p25_pts12-r0,False,False,127,8579.5,0.506
va_reclaim-ES-tf5|asia|,d_atr0p25_pts12-r1,False,False,128,-8012.0,-1.173
va_reclaim-ES-tf5|asia|,d_atr0p25_pts12-r2,False,False,127,-2520.5,-0.269
va_reclaim-ES-tf5|asia|,d_atr0p25_pts12-r3,False,False,127,104.5,0.009
va_reclaim-ES-tf5|asia|,d_atr0p25_pct0p1-r0,False,False,127,-758.0,-0.076
va_reclaim-ES-tf5|asia|,d_atr0p25_pct0p1-r1,False,False,129,-5253.5,-2.133
va_reclaim-ES-tf5|asia|,d_atr0p25_pct0p1-r2,False,False,129,-3353.5,-0.979
va_reclaim-ES-tf5|asia|,d_atr0p25_pct0p1-r3,False,False,128,-4274.5,-1.046
va_reclaim-ES-tf5|asia|,d_atr0p25_pct0p2-r0,False,False,127,13742.0,0.877
va_reclaim-ES-tf5|asia|,d_atr0p25_pct0p2-r1,False,False,129,-4328.5,-0.886
va_reclaim-ES-tf5|asia|,d_atr0p25_pct0p2-r2,False,False,127,-2370.5,-0.354
va_reclaim-ES-tf5|asia|,d_atr0p25_pct0p2-r3,False,False,127,-2220.5,-0.274
va_reclaim-ES-tf5|asia|,d_atr0p5_atr1p5-r0,False,False,120,-5005.0,-0.578
va_reclaim-ES-tf5|asia|,d_atr0p5_atr1p5-r1,False,False,121,-6471.5,-3.448
va_reclaim-ES-tf5|asia|,d_atr0p5_atr1p5-r2,False,False,121,-7421.5,-3.044
va_reclaim-ES-tf5|asia|,d_atr0p5_atr1p5-r3,False,False,121,-7984.0,-2.829
va_reclaim-ES-tf5|asia|,d_atr0p5_atr3-r0,False,False,119,1049.0,0.081
va_reclaim-ES-tf5|asia|,d_atr0p5_atr3-r1,False,False,121,-721.5,-0.189
va_reclaim-ES-tf5|asia|,d_atr0p5_atr3-r2,False,False,120,-3655.0,-0.678
va_reclaim-ES-tf5|asia|,d_atr0p5_atr3-r3,False,False,120,-3855.0,-0.629
va_reclaim-ES-tf5|asia|,d_atr0p5_pts2p5-r0,False,False,120,-6505.0,-0.874
va_reclaim-ES-tf5|asia|,d_atr0p5_pts2p5-r1,False,False,121,-6096.5,-4.417
va_reclaim-ES-tf5|asia|,d_atr0p5_pts2p5-r2,False,False,121,-6659.0,-3.737
va_reclaim-ES-tf5|asia|,d_atr0p5_pts2p5-r3,False,False,121,-5846.5,-2.678
va_reclaim-ES-tf5|asia|,d_atr0p5_pts5-r0,False,False,119,-1363.5,-0.127
va_reclaim-ES-tf5|asia|,d_atr0p5_pts5-r1,False,False,121,-3046.5,-1.078
va_reclaim-ES-tf5|asia|,d_atr0p5_pts5-r2,False,False,121,-1759.0,-0.444
va_reclaim-ES-tf5|asia|,d_atr0p5_pts5-r3,False,False,119,-1351.0,-0.28
va_reclaim-ES-tf5|asia|,d_atr0p5_pts8-r0,False,False,119,5561.5,0.374
va_reclaim-ES-tf5|asia|,d_atr0p5_pts8-r1,False,False,121,-4896.5,-1.094
va_reclaim-ES-tf5|asia|,d_atr0p5_pts8-r2,False,False,119,-3488.5,-0.563
va_reclaim-ES-tf5|asia|,d_atr0p5_pts8-r3,False,False,119,-7726.0,-1.069
va_reclaim-ES-tf5|asia|,d_atr0p5_pts12-r0,False,False,119,7449.0,0.449
va_reclaim-ES-tf5|asia|,d_atr0p5_pts12-r1,False,False,120,-7930.0,-1.199
va_reclaim-ES-tf5|asia|,d_atr0p5_pts12-r2,False,False,119,-3601.0,-0.398
va_reclaim-ES-tf5|asia|,d_atr0p5_pts12-r3,False,False,119,-363.5,-0.033
va_reclaim-ES-tf5|asia|,d_atr0p5_pct0p1-r0,False,False,119,-4638.5,-0.502
va_reclaim-ES-tf5|asia|,d_atr0p5_pct0p1-r1,False,False,121,-5996.5,-2.536
va_reclaim-ES-tf5|asia|,d_atr0p5_pct0p1-r2,False,False,121,-4109.0,-1.256
va_reclaim-ES-tf5|asia|,d_atr0p5_pct0p1-r3,False,False,120,-5905.0,-1.544
va_reclaim-ES-tf5|asia|,d_atr0p5_pct0p2-r0,False,False,119,8711.5,0.576
va_reclaim-ES-tf5|asia|,d_atr0p5_pct0p2-r1,False,False,121,-5121.5,-1.086
va_reclaim-ES-tf5|asia|,d_atr0p5_pct0p2-r2,False,False,119,-4388.5,-0.684
va_reclaim-ES-tf5|asia|,d_atr0p5_pct0p2-r3,False,False,119,-5963.5,-0.784
va_reclaim-ES-tf5|eve|,d_atr0_atr1p5-r0,False,False,250,-12575.0,-1.016
va_reclaim-ES-tf5|eve|,d_atr0_atr1p5-r1,False,False,258,-15419.5,-3.967
va_reclaim-ES-tf5|eve|,d_atr0_atr1p5-r2,False,False,258,-14469.5,-2.907
va_reclaim-ES-tf5|eve|,d_atr0_atr1p5-r3,False,False,256,-19099.0,-3.538
va_reclaim-ES-tf5|eve|,d_atr0_atr3-r0,False,False,247,-27338.0,-1.621
va_reclaim-ES-tf5|eve|,d_atr0_atr3-r1,False,False,257,-21290.5,-2.749
va_reclaim-ES-tf5|eve|,d_atr0_atr3-r2,False,False,255,-26370.0,-2.674
va_reclaim-ES-tf5|eve|,d_atr0_atr3-r3,False,False,249,-34658.5,-3.322
va_reclaim-ES-tf5|eve|,d_atr0_pts2p5-r0,False,False,250,-3012.5,-0.276
va_reclaim-ES-tf5|eve|,d_atr0_pts2p5-r1,False,False,258,-7107.0,-3.394
va_reclaim-ES-tf5|eve|,d_atr0_pts2p5-r2,False,False,257,-7690.5,-2.729
va_reclaim-ES-tf5|eve|,d_atr0_pts2p5-r3,False,False,256,-9574.0,-2.896
va_reclaim-ES-tf5|eve|,d_atr0_pts5-r0,False,False,249,-14108.5,-1.047
va_reclaim-ES-tf5|eve|,d_atr0_pts5-r1,False,False,257,-13653.0,-3.364
va_reclaim-ES-tf5|eve|,d_atr0_pts5-r2,False,False,256,-18661.5,-3.508
va_reclaim-ES-tf5|eve|,d_atr0_pts5-r3,False,False,253,-18824.5,-2.975
va_reclaim-ES-tf5|eve|,d_atr0_pts8-r0,False,False,249,-31771.0,-2.039
va_reclaim-ES-tf5|eve|,d_atr0_pts8-r1,False,False,256,-26999.0,-4.264
va_reclaim-ES-tf5|eve|,d_atr0_pts8-r2,False,False,253,-32624.5,-3.969
va_reclaim-ES-tf5|eve|,d_atr0_pts8-r3,False,False,252,-29795.5,-3.008
va_reclaim-ES-tf5|eve|,d_atr0_pts12-r0,False,False,248,-22679.5,-1.071
va_reclaim-ES-tf5|eve|,d_atr0_pts12-r1,False,False,254,-33553.5,-3.545
va_reclaim-ES-tf5|eve|,d_atr0_pts12-r2,False,False,251,-37091.5,-2.98
va_reclaim-ES-tf5|eve|,d_atr0_pts12-r3,False,False,248,-40004.5,-2.79
va_reclaim-ES-tf5|eve|,d_atr0_pct0p1-r0,False,False,249,-5271.0,-0.395
va_reclaim-ES-tf5|eve|,d_atr0_pct0p1-r1,False,False,258,-11832.0,-3.397
va_reclaim-ES-tf5|eve|,d_atr0_pct0p1-r2,False,False,256,-14486.5,-3.138
va_reclaim-ES-tf5|eve|,d_atr0_pct0p1-r3,False,False,254,-14416.0,-2.606
va_reclaim-ES-tf5|eve|,d_atr0_pct0p2-r0,False,False,249,-20658.5,-1.218
va_reclaim-ES-tf5|eve|,d_atr0_pct0p2-r1,False,False,256,-26574.0,-3.939
va_reclaim-ES-tf5|eve|,d_atr0_pct0p2-r2,False,False,252,-30808.0,-3.516
va_reclaim-ES-tf5|eve|,d_atr0_pct0p2-r3,False,False,250,-34362.5,-3.366
va_reclaim-ES-tf5|eve|,d_atr0p25_atr1p5-r0,False,False,232,-14553.0,-1.284
va_reclaim-ES-tf5|eve|,d_atr0p25_atr1p5-r1,False,False,239,-14843.5,-4.135
va_reclaim-ES-tf5|eve|,d_atr0p25_atr1p5-r2,False,False,239,-16481.0,-3.697
va_reclaim-ES-tf5|eve|,d_atr0p25_atr1p5-r3,False,False,238,-18002.0,-3.552
va_reclaim-ES-tf5|eve|,d_atr0p25_atr3-r0,False,False,230,-25820.0,-1.617
va_reclaim-ES-tf5|eve|,d_atr0p25_atr3-r1,False,False,238,-22914.5,-3.217
va_reclaim-ES-tf5|eve|,d_atr0p25_atr3-r2,False,False,237,-22723.0,-2.463
va_reclaim-ES-tf5|eve|,d_atr0p25_atr3-r3,False,False,232,-29803.0,-2.979
va_reclaim-ES-tf5|eve|,d_atr0p25_pts2p5-r0,False,False,232,-7403.0,-0.754
va_reclaim-ES-tf5|eve|,d_atr0p25_pts2p5-r1,False,False,239,-8356.0,-4.184
va_reclaim-ES-tf5|eve|,d_atr0p25_pts2p5-r2,False,False,239,-9793.5,-3.722
va_reclaim-ES-tf5|eve|,d_atr0p25_pts2p5-r3,False,False,238,-10102.0,-3.229
va_reclaim-ES-tf5|eve|,d_atr0p25_pts5-r0,False,False,231,-16499.0,-1.313
va_reclaim-ES-tf5|eve|,d_atr0p25_pts5-r1,False,False,239,-15518.5,-4.001
va_reclaim-ES-tf5|eve|,d_atr0p25_pts5-r2,False,False,238,-19202.0,-3.794
va_reclaim-ES-tf5|eve|,d_atr0p25_pts5-r3,False,False,235,-18077.5,-2.979
va_reclaim-ES-tf5|eve|,d_atr0p25_pts8-r0,False,False,231,-31049.0,-2.104
va_reclaim-ES-tf5|eve|,d_atr0p25_pts8-r1,False,False,238,-23564.5,-3.845
va_reclaim-ES-tf5|eve|,d_atr0p25_pts8-r2,False,False,235,-28765.0,-3.603
va_reclaim-ES-tf5|eve|,d_atr0p25_pts8-r3,False,False,234,-30361.0,-3.232
va_reclaim-ES-tf5|eve|,d_atr0p25_pts12-r0,False,False,230,-20745.0,-1.015
va_reclaim-ES-tf5|eve|,d_atr0p25_pts12-r1,False,False,236,-29731.5,-3.252
va_reclaim-ES-tf5|eve|,d_atr0p25_pts12-r2,False,False,233,-35057.0,-2.931
va_reclaim-ES-tf5|eve|,d_atr0p25_pts12-r3,False,False,230,-42970.0,-3.191
va_reclaim-ES-tf5|eve|,d_atr0p25_pct0p1-r0,False,False,231,-8311.5,-0.668
va_reclaim-ES-tf5|eve|,d_atr0p25_pct0p1-r1,False,False,239,-11906.0,-3.559
va_reclaim-ES-tf5|eve|,d_atr0p25_pct0p1-r2,False,False,238,-13577.0,-3.046
va_reclaim-ES-tf5|eve|,d_atr0p25_pct0p1-r3,False,False,236,-12869.0,-2.397
va_reclaim-ES-tf5|eve|,d_atr0p25_pct0p2-r0,False,False,231,-21461.5,-1.33
va_reclaim-ES-tf5|eve|,d_atr0p25_pct0p2-r1,False,False,238,-25477.0,-3.918
va_reclaim-ES-tf5|eve|,d_atr0p25_pct0p2-r2,False,False,234,-28248.5,-3.339
va_reclaim-ES-tf5|eve|,d_atr0p25_pct0p2-r3,False,False,232,-36565.5,-3.819
va_reclaim-ES-tf5|eve|,d_atr0p5_atr1p5-r0,False,False,208,-15969.5,-1.523
va_reclaim-ES-tf5|eve|,d_atr0p5_atr1p5-r1,False,False,215,-13597.5,-4.1
va_reclaim-ES-tf5|eve|,d_atr0p5_atr1p5-r2,False,False,215,-14547.5,-3.503
va_reclaim-ES-tf5|eve|,d_atr0p5_atr1p5-r3,False,False,214,-16756.0,-3.537
va_reclaim-ES-tf5|eve|,d_atr0p5_atr3-r0,False,False,206,-25361.5,-1.694
va_reclaim-ES-tf5|eve|,d_atr0p5_atr3-r1,False,False,214,-16693.5,-2.515
va_reclaim-ES-tf5|eve|,d_atr0p5_atr3-r2,False,False,213,-19852.0,-2.293
va_reclaim-ES-tf5|eve|,d_atr0p5_atr3-r3,False,False,208,-25782.0,-2.731
va_reclaim-ES-tf5|eve|,d_atr0p5_pts2p5-r0,False,False,208,-10644.5,-1.194
va_reclaim-ES-tf5|eve|,d_atr0p5_pts2p5-r1,False,False,215,-7322.5,-3.86
va_reclaim-ES-tf5|eve|,d_atr0p5_pts2p5-r2,False,False,215,-9497.5,-3.845
va_reclaim-ES-tf5|eve|,d_atr0p5_pts2p5-r3,False,False,214,-9781.0,-3.339
va_reclaim-ES-tf5|eve|,d_atr0p5_pts5-r0,False,False,207,-14678.0,-1.21
va_reclaim-ES-tf5|eve|,d_atr0p5_pts5-r1,False,False,215,-14760.0,-4.025
va_reclaim-ES-tf5|eve|,d_atr0p5_pts5-r2,False,False,214,-17381.0,-3.625
va_reclaim-ES-tf5|eve|,d_atr0p5_pts5-r3,False,False,211,-17756.5,-3.134
va_reclaim-ES-tf5|eve|,d_atr0p5_pts8-r0,False,False,207,-29253.0,-2.076
va_reclaim-ES-tf5|eve|,d_atr0p5_pts8-r1,False,False,214,-21693.5,-3.737
va_reclaim-ES-tf5|eve|,d_atr0p5_pts8-r2,False,False,211,-27256.5,-3.631
va_reclaim-ES-tf5|eve|,d_atr0p5_pts8-r3,False,False,210,-25190.0,-2.795
va_reclaim-ES-tf5|eve|,d_atr0p5_pts12-r0,False,False,206,-16099.0,-0.81
va_reclaim-ES-tf5|eve|,d_atr0p5_pts12-r1,False,False,212,-27060.5,-3.125
va_reclaim-ES-tf5|eve|,d_atr0p5_pts12-r2,False,False,209,-29311.0,-2.572
va_reclaim-ES-tf5|eve|,d_atr0p5_pts12-r3,False,False,206,-37961.5,-2.956
va_reclaim-ES-tf5|eve|,d_atr0p5_pct0p1-r0,False,False,207,-10115.5,-0.864
va_reclaim-ES-tf5|eve|,d_atr0p5_pct0p1-r1,False,False,215,-13160.0,-4.198
va_reclaim-ES-tf5|eve|,d_atr0p5_pct0p1-r2,False,False,214,-13606.0,-3.27
va_reclaim-ES-tf5|eve|,d_atr0p5_pct0p1-r3,False,False,212,-11898.0,-2.352
va_reclaim-ES-tf5|eve|,d_atr0p5_pct0p2-r0,False,False,207,-19028.0,-1.225
va_reclaim-ES-tf5|eve|,d_atr0p5_pct0p2-r1,False,False,214,-23993.5,-3.908
va_reclaim-ES-tf5|eve|,d_atr0p5_pct0p2-r2,False,False,210,-22677.5,-2.8
va_reclaim-ES-tf5|eve|,d_atr0p5_pct0p2-r3,False,False,208,-30994.5,-3.388
va_reclaim-ES-tf5|london|,d_atr0_atr1p5-r0,False,False,302,-5420.5,-0.343
va_reclaim-ES-tf5|london|,d_atr0_atr1p5-r1,False,False,317,-4230.5,-0.904
va_reclaim-ES-tf5|london|,d_atr0_atr1p5-r2,False,False,317,-55.5,-0.008
va_reclaim-ES-tf5|london|,d_atr0_atr1p5-r3,False,False,314,906.5,0.112
va_reclaim-ES-tf5|london|,d_atr0_atr3-r0,False,False,294,-16126.0,-0.804
va_reclaim-ES-tf5|london|,d_atr0_atr3-r1,False,False,317,-4080.5,-0.441
va_reclaim-ES-tf5|london|,d_atr0_atr3-r2,False,False,307,-12853.0,-1.029
va_reclaim-ES-tf5|london|,d_atr0_atr3-r3,False,False,299,-24658.5,-1.801
va_reclaim-ES-tf5|london|,d_atr0_pts2p5-r0,False,False,305,7892.5,0.584
va_reclaim-ES-tf5|london|,d_atr0_pts2p5-r1,False,False,317,-8368.0,-3.603
va_reclaim-ES-tf5|london|,d_atr0_pts2p5-r2,False,False,317,-8818.0,-2.803
va_reclaim-ES-tf5|london|,d_atr0_pts2p5-r3,False,False,315,-7160.0,-1.863
va_reclaim-ES-tf5|london|,d_atr0_pts5-r0,False,False,298,-7329.5,-0.483
va_reclaim-ES-tf5|london|,d_atr0_pts5-r1,False,False,317,-7093.0,-1.554
va_reclaim-ES-tf5|london|,d_atr0_pts5-r2,False,False,314,-3956.0,-0.621
va_reclaim-ES-tf5|london|,d_atr0_pts5-r3,False,False,307,-5453.0,-0.714
va_reclaim-ES-tf5|london|,d_atr0_pts8-r0,False,False,293,-6834.5,-0.364
va_reclaim-ES-tf5|london|,d_atr0_pts8-r1,False,False,315,-13385.0,-1.859
va_reclaim-ES-tf5|london|,d_atr0_pts8-r2,False,False,304,-9103.5,-0.926
va_reclaim-ES-tf5|london|,d_atr0_pts8-r3,False,False,295,-6330.0,-0.54
va_reclaim-ES-tf5|london|,d_atr0_pts12-r0,False,False,292,-18155.5,-0.838
va_reclaim-ES-tf5|london|,d_atr0_pts12-r1,False,False,310,-19965.0,-1.888
va_reclaim-ES-tf5|london|,d_atr0_pts12-r2,False,False,295,-10642.5,-0.751
va_reclaim-ES-tf5|london|,d_atr0_pts12-r3,False,False,293,-14559.5,-0.87
va_reclaim-ES-tf5|london|,d_atr0_pct0p1-r0,False,False,299,-5233.5,-0.364
va_reclaim-ES-tf5|london|,d_atr0_pct0p1-r1,False,False,317,-5005.5,-1.283
va_reclaim-ES-tf5|london|,d_atr0_pct0p1-r2,False,False,314,-3606.0,-0.665
va_reclaim-ES-tf5|london|,d_atr0_pct0p1-r3,False,False,312,-548.0,-0.082
va_reclaim-ES-tf5|london|,d_atr0_pct0p2-r0,False,False,293,-10559.5,-0.559
va_reclaim-ES-tf5|london|,d_atr0_pct0p2-r1,False,False,314,-16193.5,-2.138
va_reclaim-ES-tf5|london|,d_atr0_pct0p2-r2,False,False,302,-14458.0,-1.423
va_reclaim-ES-tf5|london|,d_atr0_pct0p2-r3,False,False,295,-11255.0,-0.929
va_reclaim-ES-tf5|london|,d_atr0p25_atr1p5-r0,False,False,290,-3685.0,-0.237
va_reclaim-ES-tf5|london|,d_atr0p25_atr1p5-r1,False,False,305,-4120.0,-0.894
va_reclaim-ES-tf5|london|,d_atr0p25_atr1p5-r2,False,False,305,-932.5,-0.141
va_reclaim-ES-tf5|london|,d_atr0p25_atr1p5-r3,False,False,302,-695.5,-0.088
va_reclaim-ES-tf5|london|,d_atr0p25_atr3-r0,False,False,283,-20032.0,-1.041
va_reclaim-ES-tf5|london|,d_atr0p25_atr3-r1,False,False,305,-8082.5,-0.886
va_reclaim-ES-tf5|london|,d_atr0p25_atr3-r2,False,False,295,-15992.5,-1.312
va_reclaim-ES-tf5|london|,d_atr0p25_atr3-r3,False,False,288,-27114.5,-2.031
va_reclaim-ES-tf5|london|,d_atr0p25_pts2p5-r0,False,False,294,6124.0,0.466
va_reclaim-ES-tf5|london|,d_atr0p25_pts2p5-r1,False,False,305,-9295.0,-4.097
va_reclaim-ES-tf5|london|,d_atr0p25_pts2p5-r2,False,False,305,-9057.5,-2.949
va_reclaim-ES-tf5|london|,d_atr0p25_pts2p5-r3,False,False,303,-9049.5,-2.454
va_reclaim-ES-tf5|london|,d_atr0p25_pts5-r0,False,False,286,-5581.5,-0.374
va_reclaim-ES-tf5|london|,d_atr0p25_pts5-r1,False,False,305,-9020.0,-2.018
va_reclaim-ES-tf5|london|,d_atr0p25_pts5-r2,False,False,302,-6858.0,-1.11
va_reclaim-ES-tf5|london|,d_atr0p25_pts5-r3,False,False,296,-7584.0,-1.023
va_reclaim-ES-tf5|london|,d_atr0p25_pts8-r0,False,False,282,-6453.0,-0.356
va_reclaim-ES-tf5|london|,d_atr0p25_pts8-r1,False,False,303,-14887.0,-2.111
va_reclaim-ES-tf5|london|,d_atr0p25_pts8-r2,False,False,294,-9788.5,-1.015
va_reclaim-ES-tf5|london|,d_atr0p25_pts8-r3,False,False,285,-5390.0,-0.467
va_reclaim-ES-tf5|london|,d_atr0p25_pts12-r0,False,False,282,-20178.0,-0.956
va_reclaim-ES-tf5|london|,d_atr0p25_pts12-r1,False,False,299,-19783.5,-1.903
va_reclaim-ES-tf5|london|,d_atr0p25_pts12-r2,False,False,285,-12265.0,-0.883
va_reclaim-ES-tf5|london|,d_atr0p25_pts12-r3,False,False,282,-15553.0,-0.95
va_reclaim-ES-tf5|london|,d_atr0p25_pct0p1-r0,False,False,287,-3998.0,-0.284
va_reclaim-ES-tf5|london|,d_atr0p25_pct0p1-r1,False,False,305,-6945.0,-1.816
va_reclaim-ES-tf5|london|,d_atr0p25_pct0p1-r2,False,False,302,-7070.5,-1.349
va_reclaim-ES-tf5|london|,d_atr0p25_pct0p1-r3,False,False,300,-1875.0,-0.287
va_reclaim-ES-tf5|london|,d_atr0p25_pct0p2-r0,False,False,282,-12415.5,-0.684
va_reclaim-ES-tf5|london|,d_atr0p25_pct0p2-r1,False,False,302,-18808.0,-2.534
va_reclaim-ES-tf5|london|,d_atr0p25_pct0p2-r2,False,False,292,-15293.0,-1.532
va_reclaim-ES-tf5|london|,d_atr0p25_pct0p2-r3,False,False,285,-12252.5,-1.032
va_reclaim-ES-tf5|london|,d_atr0p5_atr1p5-r0,False,False,277,6442.0,0.394
va_reclaim-ES-tf5|london|,d_atr0p5_atr1p5-r1,False,False,287,-5198.0,-1.15
va_reclaim-ES-tf5|london|,d_atr0p5_atr1p5-r2,False,False,287,289.5,0.044
va_reclaim-ES-tf5|london|,d_atr0p5_atr1p5-r3,False,False,285,-2302.5,-0.298
va_reclaim-ES-tf5|london|,d_atr0p5_atr3-r0,False,False,272,-12513.0,-0.638
va_reclaim-ES-tf5|london|,d_atr0p5_atr3-r1,False,False,287,-5573.0,-0.622
va_reclaim-ES-tf5|london|,d_atr0p5_atr3-r2,False,False,280,-14332.5,-1.192
va_reclaim-ES-tf5|london|,d_atr0p5_atr3-r3,False,False,276,-22379.0,-1.678
va_reclaim-ES-tf5|london|,d_atr0p5_pts2p5-r0,False,False,281,11663.5,0.846
va_reclaim-ES-tf5|london|,d_atr0p5_pts2p5-r1,False,False,287,-10685.5,-4.902
va_reclaim-ES-tf5|london|,d_atr0p5_pts2p5-r2,False,False,287,-9610.5,-3.259
va_reclaim-ES-tf5|london|,d_atr0p5_pts2p5-r3,False,False,286,-10231.5,-2.912
va_reclaim-ES-tf5|london|,d_atr0p5_pts5-r0,False,False,274,5866.5,0.373
va_reclaim-ES-tf5|london|,d_atr0p5_pts5-r1,False,False,287,-9860.5,-2.278
va_reclaim-ES-tf5|london|,d_atr0p5_pts5-r2,False,False,285,-6140.0,-1.022
va_reclaim-ES-tf5|london|,d_atr0p5_pts5-r3,False,False,282,-2840.5,-0.384
va_reclaim-ES-tf5|london|,d_atr0p5_pts8-r0,False,False,272,-8500.5,-0.483
va_reclaim-ES-tf5|london|,d_atr0p5_pts8-r1,False,False,286,-12681.5,-1.849
va_reclaim-ES-tf5|london|,d_atr0p5_pts8-r2,False,False,281,-10436.5,-1.11
va_reclaim-ES-tf5|london|,d_atr0p5_pts8-r3,False,False,275,-7675.0,-0.682
va_reclaim-ES-tf5|london|,d_atr0p5_pts12-r0,False,False,272,-17688.0,-0.848
va_reclaim-ES-tf5|london|,d_atr0p5_pts12-r1,False,False,285,-18902.5,-1.854
va_reclaim-ES-tf5|london|,d_atr0p5_pts12-r2,False,False,275,-13825.0,-1.015
va_reclaim-ES-tf5|london|,d_atr0p5_pts12-r3,False,False,272,-12500.5,-0.773
va_reclaim-ES-tf5|london|,d_atr0p5_pct0p1-r0,False,False,274,7029.0,0.469
va_reclaim-ES-tf5|london|,d_atr0p5_pct0p1-r1,False,False,287,-8060.5,-2.175
va_reclaim-ES-tf5|london|,d_atr0p5_pct0p1-r2,False,False,285,-4452.5,-0.865
va_reclaim-ES-tf5|london|,d_atr0p5_pct0p1-r3,False,False,284,-848.5,-0.133
va_reclaim-ES-tf5|london|,d_atr0p5_pct0p2-r0,False,False,272,-14300.5,-0.811
va_reclaim-ES-tf5|london|,d_atr0p5_pct0p2-r1,False,False,285,-15852.5,-2.192
va_reclaim-ES-tf5|london|,d_atr0p5_pct0p2-r2,False,False,281,-14474.0,-1.479
va_reclaim-ES-tf5|london|,d_atr0p5_pct0p2-r3,False,False,275,-12987.5,-1.119
va_reclaim-ES-tf5|mid|,d_atr0_atr1p5-r0,False,False,236,-19344.0,-1.275
va_reclaim-ES-tf5|mid|,d_atr0_atr1p5-r1,False,False,261,-10781.5,-1.273
va_reclaim-ES-tf5|mid|,d_atr0_atr1p5-r2,False,False,252,-11195.5,-0.98
va_reclaim-ES-tf5|mid|,d_atr0_atr1p5-r3,False,False,240,-23797.5,-1.917
va_reclaim-ES-tf5|mid|,d_atr0_atr3-r0,False,False,230,-10657.5,-0.504
va_reclaim-ES-tf5|mid|,d_atr0_atr3-r1,False,False,248,-22042.0,-1.449
va_reclaim-ES-tf5|mid|,d_atr0_atr3-r2,False,False,232,-24690.5,-1.409
va_reclaim-ES-tf5|mid|,d_atr0_atr3-r3,False,False,230,-23345.0,-1.29
va_reclaim-ES-tf5|mid|,d_atr0_pts2p5-r0,False,False,250,-3487.5,-0.365
va_reclaim-ES-tf5|mid|,d_atr0_pts2p5-r1,False,False,263,-8077.0,-3.834
va_reclaim-ES-tf5|mid|,d_atr0_pts2p5-r2,False,False,262,-7235.5,-2.527
va_reclaim-ES-tf5|mid|,d_atr0_pts2p5-r3,False,False,262,-6060.5,-1.735
va_reclaim-ES-tf5|mid|,d_atr0_pts5-r0,False,False,243,3965.5,0.302
va_reclaim-ES-tf5|mid|,d_atr0_pts5-r1,False,False,262,-6785.5,-1.636
va_reclaim-ES-tf5|mid|,d_atr0_pts5-r2,False,False,259,-2298.5,-0.396
va_reclaim-ES-tf5|mid|,d_atr0_pts5-r3,False,False,255,-4082.5,-0.597
va_reclaim-ES-tf5|mid|,d_atr0_pts8-r0,False,False,236,-11681.5,-0.845
va_reclaim-ES-tf5|mid|,d_atr0_pts8-r1,False,False,261,-11294.0,-1.729
va_reclaim-ES-tf5|mid|,d_atr0_pts8-r2,False,False,250,-10712.5,-1.246
va_reclaim-ES-tf5|mid|,d_atr0_pts8-r3,False,False,247,-17625.5,-1.806
va_reclaim-ES-tf5|mid|,d_atr0_pts12-r0,False,False,234,-8636.0,-0.508
va_reclaim-ES-tf5|mid|,d_atr0_pts12-r1,False,False,253,-9249.5,-0.995
va_reclaim-ES-tf5|mid|,d_atr0_pts12-r2,False,False,247,-19338.0,-1.655
va_reclaim-ES-tf5|mid|,d_atr0_pts12-r3,False,False,237,-15410.5,-1.165
va_reclaim-ES-tf5|mid|,d_atr0_pct0p1-r0,False,False,244,2161.5,0.182
va_reclaim-ES-tf5|mid|,d_atr0_pct0p1-r1,False,False,262,-6085.5,-1.716
va_reclaim-ES-tf5|mid|,d_atr0_pct0p1-r2,False,False,262,-1135.5,-0.227
va_reclaim-ES-tf5|mid|,d_atr0_pct0p1-r3,False,False,256,-3499.0,-0.594
va_reclaim-ES-tf5|mid|,d_atr0_pct0p2-r0,False,False,236,-12969.0,-0.929
va_reclaim-ES-tf5|mid|,d_atr0_pct0p2-r1,False,False,261,-8831.5,-1.278
va_reclaim-ES-tf5|mid|,d_atr0_pct0p2-r2,False,False,250,-8737.5,-0.972
va_reclaim-ES-tf5|mid|,d_atr0_pct0p2-r3,False,False,247,-22238.0,-2.25
va_reclaim-ES-tf5|mid|,d_atr0p25_atr1p5-r0,False,False,225,-11175.0,-0.738
va_reclaim-ES-tf5|mid|,d_atr0p25_atr1p5-r1,False,False,243,-9497.0,-1.172
va_reclaim-ES-tf5|mid|,d_atr0p25_atr1p5-r2,False,False,236,-6519.0,-0.592
va_reclaim-ES-tf5|mid|,d_atr0p25_atr1p5-r3,False,False,228,-15862.0,-1.285
va_reclaim-ES-tf5|mid|,d_atr0p25_atr3-r0,False,False,221,-7721.5,-0.368
va_reclaim-ES-tf5|mid|,d_atr0p25_atr3-r1,False,False,233,-18769.5,-1.289
va_reclaim-ES-tf5|mid|,d_atr0p25_atr3-r2,False,False,222,-24575.5,-1.432
va_reclaim-ES-tf5|mid|,d_atr0p25_atr3-r3,False,False,221,-20009.0,-1.114
va_reclaim-ES-tf5|mid|,d_atr0p25_pts2p5-r0,False,False,237,4639.5,0.434
va_reclaim-ES-tf5|mid|,d_atr0p25_pts2p5-r1,False,False,245,-6317.5,-3.091
va_reclaim-ES-tf5|mid|,d_atr0p25_pts2p5-r2,False,False,244,-7788.5,-2.851
va_reclaim-ES-tf5|mid|,d_atr0p25_pts2p5-r3,False,False,244,-6588.5,-1.978
va_reclaim-ES-tf5|mid|,d_atr0p25_pts5-r0,False,False,230,12667.5,0.917
va_reclaim-ES-tf5|mid|,d_atr0p25_pts5-r1,False,False,244,-4038.5,-1.007
va_reclaim-ES-tf5|mid|,d_atr0p25_pts5-r2,False,False,243,1203.0,0.211
va_reclaim-ES-tf5|mid|,d_atr0p25_pts5-r3,False,False,239,2731.5,0.398
va_reclaim-ES-tf5|mid|,d_atr0p25_pts8-r0,False,False,226,-1154.0,-0.079
va_reclaim-ES-tf5|mid|,d_atr0p25_pts8-r1,False,False,243,-9484.5,-1.503
va_reclaim-ES-tf5|mid|,d_atr0p25_pts8-r2,False,False,235,-6877.5,-0.817
va_reclaim-ES-tf5|mid|,d_atr0p25_pts8-r3,False,False,233,-13269.5,-1.38
va_reclaim-ES-tf5|mid|,d_atr0p25_pts12-r0,False,False,224,5316.5,0.303
va_reclaim-ES-tf5|mid|,d_atr0p25_pts12-r1,False,False,238,-5164.5,-0.575
va_reclaim-ES-tf5|mid|,d_atr0p25_pts12-r2,False,False,233,-11769.5,-1.028
va_reclaim-ES-tf5|mid|,d_atr0p25_pts12-r3,False,False,225,-6750.0,-0.517
va_reclaim-ES-tf5|mid|,d_atr0p25_pct0p1-r0,False,False,231,8763.5,0.699
va_reclaim-ES-tf5|mid|,d_atr0p25_pct0p1-r1,False,False,244,-4013.5,-1.17
va_reclaim-ES-tf5|mid|,d_atr0p25_pct0p1-r2,False,False,244,-751.0,-0.155
va_reclaim-ES-tf5|mid|,d_atr0p25_pct0p1-r3,False,False,240,-2610.0,-0.456
va_reclaim-ES-tf5|mid|,d_atr0p25_pct0p2-r0,False,False,226,-2129.0,-0.144
va_reclaim-ES-tf5|mid|,d_atr0p25_pct0p2-r1,False,False,243,-7359.5,-1.105
va_reclaim-ES-tf5|mid|,d_atr0p25_pct0p2-r2,False,False,235,-5690.0,-0.646
va_reclaim-ES-tf5|mid|,d_atr0p25_pct0p2-r3,False,False,234,-14698.5,-1.483
va_reclaim-ES-tf5|mid|,d_atr0p5_atr1p5-r0,False,False,203,-8924.5,-0.624
va_reclaim-ES-tf5|mid|,d_atr0p5_atr1p5-r1,False,False,215,-7235.0,-0.967
va_reclaim-ES-tf5|mid|,d_atr0p5_atr1p5-r2,False,False,210,-3490.0,-0.34
va_reclaim-ES-tf5|mid|,d_atr0p5_atr1p5-r3,False,False,204,-13653.5,-1.205
va_reclaim-ES-tf5|mid|,d_atr0p5_atr3-r0,False,False,199,-1058.5,-0.053
va_reclaim-ES-tf5|mid|,d_atr0p5_atr3-r1,False,False,207,-11353.0,-0.85
va_reclaim-ES-tf5|mid|,d_atr0p5_atr3-r2,False,False,200,-20275.0,-1.298
va_reclaim-ES-tf5|mid|,d_atr0p5_atr3-r3,False,False,199,-12521.0,-0.743
va_reclaim-ES-tf5|mid|,d_atr0p5_pts2p5-r0,False,False,211,9531.0,0.893
va_reclaim-ES-tf5|mid|,d_atr0p5_pts2p5-r1,False,False,217,-5768.0,-3.0
va_reclaim-ES-tf5|mid|,d_atr0p5_pts2p5-r2,False,False,216,-7314.0,-2.861
va_reclaim-ES-tf5|mid|,d_atr0p5_pts2p5-r3,False,False,216,-5189.0,-1.641
va_reclaim-ES-tf5|mid|,d_atr0p5_pts5-r0,False,False,208,11255.5,0.86
va_reclaim-ES-tf5|mid|,d_atr0p5_pts5-r1,False,False,216,-3239.0,-0.858
va_reclaim-ES-tf5|mid|,d_atr0p5_pts5-r2,False,False,216,2298.5,0.426
va_reclaim-ES-tf5|mid|,d_atr0p5_pts5-r3,False,False,213,5085.5,0.774
va_reclaim-ES-tf5|mid|,d_atr0p5_pts8-r0,False,False,204,134.0,0.01
va_reclaim-ES-tf5|mid|,d_atr0p5_pts8-r1,False,False,215,-6760.0,-1.138
va_reclaim-ES-tf5|mid|,d_atr0p5_pts8-r2,False,False,210,-5602.5,-0.703
va_reclaim-ES-tf5|mid|,d_atr0p5_pts8-r3,False,False,208,-9219.5,-1.0
va_reclaim-ES-tf5|mid|,d_atr0p5_pts12-r0,False,False,202,8279.5,0.493
va_reclaim-ES-tf5|mid|,d_atr0p5_pts12-r1,False,False,212,-348.0,-0.041
va_reclaim-ES-tf5|mid|,d_atr0p5_pts12-r2,False,False,208,-6144.5,-0.563
va_reclaim-ES-tf5|mid|,d_atr0p5_pts12-r3,False,False,202,-1745.5,-0.14
va_reclaim-ES-tf5|mid|,d_atr0p5_pct0p1-r0,False,False,209,13276.5,1.066
va_reclaim-ES-tf5|mid|,d_atr0p5_pct0p1-r1,False,False,216,-3664.0,-1.137
va_reclaim-ES-tf5|mid|,d_atr0p5_pct0p1-r2,False,False,216,-176.5,-0.039
va_reclaim-ES-tf5|mid|,d_atr0p5_pct0p1-r3,False,False,214,1494.0,0.27
va_reclaim-ES-tf5|mid|,d_atr0p5_pct0p2-r0,False,False,204,-778.5,-0.056
va_reclaim-ES-tf5|mid|,d_atr0p5_pct0p2-r1,False,False,215,-5435.0,-0.869
va_reclaim-ES-tf5|mid|,d_atr0p5_pct0p2-r2,False,False,210,-3240.0,-0.387
va_reclaim-ES-tf5|mid|,d_atr0p5_pct0p2-r3,False,False,209,-8936.0,-0.932
va_reclaim-ES-tf5|nyam|,d_atr0_atr1p5-r0,False,False,285,2497.5,0.129
va_reclaim-ES-tf5|nyam|,d_atr0_atr1p5-r1,False,False,313,-10639.5,-1.265
va_reclaim-ES-tf5|nyam|,d_atr0_atr1p5-r2,False,False,304,-4603.5,-0.398
va_reclaim-ES-tf5|nyam|,d_atr0_atr1p5-r3,False,False,294,-14926.0,-1.141
va_reclaim-ES-tf5|nyam|,d_atr0_atr3-r0,False,False,273,12070.5,0.496
va_reclaim-ES-tf5|nyam|,d_atr0_atr3-r1,False,False,301,11758.5,0.737
va_reclaim-ES-tf5|nyam|,d_atr0_atr3-r2,False,False,279,-7103.5,-0.357
va_reclaim-ES-tf5|nyam|,d_atr0_atr3-r3,False,False,273,1333.0,0.059
va_reclaim-ES-tf5|nyam|,d_atr0_pts2p5-r0,False,False,303,-18387.0,-2.17
va_reclaim-ES-tf5|nyam|,d_atr0_pts2p5-r1,False,False,315,-11497.5,-5.029
va_reclaim-ES-tf5|nyam|,d_atr0_pts2p5-r2,False,False,315,-13185.0,-4.379
va_reclaim-ES-tf5|nyam|,d_atr0_pts2p5-r3,False,False,314,-11631.0,-3.174
va_reclaim-ES-tf5|nyam|,d_atr0_pts5-r0,False,False,289,-15443.5,-1.229
va_reclaim-ES-tf5|nyam|,d_atr0_pts5-r1,False,False,314,-12443.5,-2.754
va_reclaim-ES-tf5|nyam|,d_atr0_pts5-r2,False,False,309,-11948.5,-1.951
va_reclaim-ES-tf5|nyam|,d_atr0_pts5-r3,False,False,304,-14816.0,-2.054
va_reclaim-ES-tf5|nyam|,d_atr0_pts8-r0,False,False,282,17259.5,0.925
va_reclaim-ES-tf5|nyam|,d_atr0_pts8-r1,False,False,311,-7894.0,-1.102
va_reclaim-ES-tf5|nyam|,d_atr0_pts8-r2,False,False,300,-7812.5,-0.806
va_reclaim-ES-tf5|nyam|,d_atr0_pts8-r3,False,False,287,-10160.5,-0.905
va_reclaim-ES-tf5|nyam|,d_atr0_pts12-r0,False,False,277,9692.0,0.468
va_reclaim-ES-tf5|nyam|,d_atr0_pts12-r1,False,False,307,-2640.5,-0.251
va_reclaim-ES-tf5|nyam|,d_atr0_pts12-r2,False,False,285,-12940.0,-0.957
va_reclaim-ES-tf5|nyam|,d_atr0_pts12-r3,False,False,280,-7095.0,-0.451
va_reclaim-ES-tf5|nyam|,d_atr0_pct0p1-r0,False,False,293,-27534.5,-2.784
va_reclaim-ES-tf5|nyam|,d_atr0_pct0p1-r1,False,False,315,-8772.5,-2.252
va_reclaim-ES-tf5|nyam|,d_atr0_pct0p1-r2,False,False,312,-15948.0,-3.114
va_reclaim-ES-tf5|nyam|,d_atr0_pct0p1-r3,False,False,307,-19090.5,-3.229
va_reclaim-ES-tf5|nyam|,d_atr0_pct0p2-r0,False,False,280,24480.0,1.243
va_reclaim-ES-tf5|nyam|,d_atr0_pct0p2-r1,False,False,311,-6644.0,-0.872
va_reclaim-ES-tf5|nyam|,d_atr0_pct0p2-r2,False,False,297,-3800.5,-0.372
va_reclaim-ES-tf5|nyam|,d_atr0_pct0p2-r3,False,False,287,-9410.5,-0.803
va_reclaim-ES-tf5|nyam|,d_atr0p25_atr1p5-r0,False,False,263,-7927.0,-0.442
va_reclaim-ES-tf5|nyam|,d_atr0p25_atr1p5-r1,False,False,285,-3402.5,-0.424
va_reclaim-ES-tf5|nyam|,d_atr0p25_atr1p5-r2,False,False,279,-5528.5,-0.496
va_reclaim-ES-tf5|nyam|,d_atr0p25_atr1p5-r3,False,False,271,-17859.0,-1.434
va_reclaim-ES-tf5|nyam|,d_atr0p25_atr3-r0,False,False,257,12484.5,0.517
va_reclaim-ES-tf5|nyam|,d_atr0p25_atr3-r1,False,False,277,7617.0,0.496
va_reclaim-ES-tf5|nyam|,d_atr0p25_atr3-r2,False,False,262,-6048.0,-0.311
va_reclaim-ES-tf5|nyam|,d_atr0p25_atr3-r3,False,False,257,-365.5,-0.017
va_reclaim-ES-tf5|nyam|,d_atr0p25_pts2p5-r0,False,False,276,-22291.5,-3.095
va_reclaim-ES-tf5|nyam|,d_atr0p25_pts2p5-r1,False,False,286,-8969.0,-4.087
va_reclaim-ES-tf5|nyam|,d_atr0p25_pts2p5-r2,False,False,286,-11019.0,-3.8
va_reclaim-ES-tf5|nyam|,d_atr0p25_pts2p5-r3,False,False,286,-10231.5,-2.912
va_reclaim-ES-tf5|nyam|,d_atr0p25_pts5-r0,False,False,265,-21722.5,-1.91
va_reclaim-ES-tf5|nyam|,d_atr0p25_pts5-r1,False,False,285,-8815.0,-2.041
va_reclaim-ES-tf5|nyam|,d_atr0p25_pts5-r2,False,False,283,-7332.0,-1.232
va_reclaim-ES-tf5|nyam|,d_atr0p25_pts5-r3,False,False,277,-14733.0,-2.157
va_reclaim-ES-tf5|nyam|,d_atr0p25_pts8-r0,False,False,260,2022.5,0.12
va_reclaim-ES-tf5|nyam|,d_atr0p25_pts8-r1,False,False,285,-7652.5,-1.116
va_reclaim-ES-tf5|nyam|,d_atr0p25_pts8-r2,False,False,275,-9550.0,-1.036
va_reclaim-ES-tf5|nyam|,d_atr0p25_pts8-r3,False,False,266,-11914.0,-1.111
va_reclaim-ES-tf5|nyam|,d_atr0p25_pts12-r0,False,False,257,322.0,0.017
va_reclaim-ES-tf5|nyam|,d_atr0p25_pts12-r1,False,False,280,1855.0,0.185
va_reclaim-ES-tf5|nyam|,d_atr0p25_pts12-r2,False,False,264,-10818.5,-0.828
va_reclaim-ES-tf5|nyam|,d_atr0p25_pts12-r3,False,False,260,-8265.0,-0.545
va_reclaim-ES-tf5|nyam|,d_atr0p25_pct0p1-r0,False,False,269,-31813.5,-3.656
va_reclaim-ES-tf5|nyam|,d_atr0p25_pct0p1-r1,False,False,286,-7031.5,-1.892
va_reclaim-ES-tf5|nyam|,d_atr0p25_pct0p1-r2,False,False,286,-11844.0,-2.374
va_reclaim-ES-tf5|nyam|,d_atr0p25_pct0p1-r3,False,False,281,-15749.0,-2.747
va_reclaim-ES-tf5|nyam|,d_atr0p25_pct0p2-r0,False,False,260,8560.0,0.475
va_reclaim-ES-tf5|nyam|,d_atr0p25_pct0p2-r1,False,False,285,-6427.5,-0.881
va_reclaim-ES-tf5|nyam|,d_atr0p25_pct0p2-r2,False,False,273,-6017.0,-0.618
va_reclaim-ES-tf5|nyam|,d_atr0p25_pct0p2-r3,False,False,268,-12184.5,-1.088
va_reclaim-ES-tf5|nyam|,d_atr0p5_atr1p5-r0,False,False,250,-6987.5,-0.413
va_reclaim-ES-tf5|nyam|,d_atr0p5_atr1p5-r1,False,False,265,3890.0,0.505
va_reclaim-ES-tf5|nyam|,d_atr0p5_atr1p5-r2,False,False,262,-5410.5,-0.503
va_reclaim-ES-tf5|nyam|,d_atr0p5_atr1p5-r3,False,False,256,-14149.0,-1.145
va_reclaim-ES-tf5|nyam|,d_atr0p5_atr3-r0,False,False,246,25703.5,1.058
va_reclaim-ES-tf5|nyam|,d_atr0p5_atr3-r1,False,False,261,10168.5,0.685
va_reclaim-ES-tf5|nyam|,d_atr0p5_atr3-r2,False,False,251,5671.0,0.293
va_reclaim-ES-tf5|nyam|,d_atr0p5_atr3-r3,False,False,246,12203.5,0.554
va_reclaim-ES-tf5|nyam|,d_atr0p5_pts2p5-r0,False,False,259,-22161.0,-3.179
va_reclaim-ES-tf5|nyam|,d_atr0p5_pts2p5-r1,False,False,266,-8764.0,-4.149
va_reclaim-ES-tf5|nyam|,d_atr0p5_pts2p5-r2,False,False,266,-9739.0,-3.462
va_reclaim-ES-tf5|nyam|,d_atr0p5_pts2p5-r3,False,False,266,-8939.0,-2.618
va_reclaim-ES-tf5|nyam|,d_atr0p5_pts5-r0,False,False,250,-20912.5,-1.873
va_reclaim-ES-tf5|nyam|,d_atr0p5_pts5-r1,False,False,265,-8097.5,-1.944
va_reclaim-ES-tf5|nyam|,d_atr0p5_pts5-r2,False,False,264,-4781.0,-0.822
va_reclaim-ES-tf5|nyam|,d_atr0p5_pts5-r3,False,False,259,-12323.5,-1.834
va_reclaim-ES-tf5|nyam|,d_atr0p5_pts8-r0,False,False,248,1033.0,0.066
va_reclaim-ES-tf5|nyam|,d_atr0p5_pts8-r1,False,False,265,-2310.0,-0.349
va_reclaim-ES-tf5|nyam|,d_atr0p5_pts8-r2,False,False,258,-7969.5,-0.885
va_reclaim-ES-tf5|nyam|,d_atr0p5_pts8-r3,False,False,251,-12366.5,-1.185
va_reclaim-ES-tf5|nyam|,d_atr0p5_pts12-r0,False,False,246,9828.5,0.506
va_reclaim-ES-tf5|nyam|,d_atr0p5_pts12-r1,False,False,262,4464.5,0.459
va_reclaim-ES-tf5|nyam|,d_atr0p5_pts12-r2,False,False,250,-7487.5,-0.584
va_reclaim-ES-tf5|nyam|,d_atr0p5_pts12-r3,False,False,248,-3942.0,-0.264
va_reclaim-ES-tf5|nyam|,d_atr0p5_pct0p1-r0,False,False,254,-29178.5,-3.319
va_reclaim-ES-tf5|nyam|,d_atr0p5_pct0p1-r1,False,False,266,-5501.5,-1.531
va_reclaim-ES-tf5|nyam|,d_atr0p5_pct0p1-r2,False,False,266,-6914.0,-1.401
va_reclaim-ES-tf5|nyam|,d_atr0p5_pct0p1-r3,False,False,262,-10848.0,-1.882
va_reclaim-ES-tf5|nyam|,d_atr0p5_pct0p2-r0,False,False,248,7733.0,0.455
va_reclaim-ES-tf5|nyam|,d_atr0p5_pct0p2-r1,False,False,265,-635.0,-0.09
va_reclaim-ES-tf5|nyam|,d_atr0p5_pct0p2-r2,False,False,256,-4274.0,-0.448
va_reclaim-ES-tf5|nyam|,d_atr0p5_pct0p2-r3,False,False,252,-13658.0,-1.259
va_reclaim-ES-tf5|pm|,d_atr0_atr1p5-r0,False,False,210,-9477.5,-0.766
va_reclaim-ES-tf5|pm|,d_atr0_atr1p5-r1,False,False,226,-14754.0,-1.906
va_reclaim-ES-tf5|pm|,d_atr0_atr1p5-r2,False,False,221,-16996.5,-1.737
va_reclaim-ES-tf5|pm|,d_atr0_atr1p5-r3,False,False,214,-14806.0,-1.37
va_reclaim-ES-tf5|pm|,d_atr0_atr3-r0,False,False,207,-6790.5,-0.448
va_reclaim-ES-tf5|pm|,d_atr0_atr3-r1,False,False,219,-20313.5,-1.657
va_reclaim-ES-tf5|pm|,d_atr0_atr3-r2,False,False,207,-14990.5,-1.101
va_reclaim-ES-tf5|pm|,d_atr0_atr3-r3,False,False,207,-9890.5,-0.676
va_reclaim-ES-tf5|pm|,d_atr0_pts2p5-r0,False,False,220,2932.5,0.397
va_reclaim-ES-tf5|pm|,d_atr0_pts2p5-r1,False,False,229,-9566.0,-4.951
va_reclaim-ES-tf5|pm|,d_atr0_pts2p5-r2,False,False,229,-9841.0,-3.889
va_reclaim-ES-tf5|pm|,d_atr0_pts2p5-r3,False,False,229,-7628.5,-2.444
va_reclaim-ES-tf5|pm|,d_atr0_pts5-r0,False,False,215,1677.5,0.179
va_reclaim-ES-tf5|pm|,d_atr0_pts5-r1,False,False,229,-11666.0,-3.076
va_reclaim-ES-tf5|pm|,d_atr0_pts5-r2,False,False,227,-12495.5,-2.512
va_reclaim-ES-tf5|pm|,d_atr0_pts5-r3,False,False,222,-11650.5,-2.033
va_reclaim-ES-tf5|pm|,d_atr0_pts8-r0,False,False,213,5948.0,0.487
va_reclaim-ES-tf5|pm|,d_atr0_pts8-r1,False,False,227,-14970.5,-2.59
va_reclaim-ES-tf5|pm|,d_atr0_pts8-r2,False,False,220,-12705.0,-1.726
va_reclaim-ES-tf5|pm|,d_atr0_pts8-r3,False,False,216,-5951.5,-0.69
va_reclaim-ES-tf5|pm|,d_atr0_pts12-r0,False,False,209,-4611.0,-0.352
va_reclaim-ES-tf5|pm|,d_atr0_pts12-r1,False,False,224,-24796.0,-3.093
va_reclaim-ES-tf5|pm|,d_atr0_pts12-r2,False,False,213,-15564.5,-1.597
va_reclaim-ES-tf5|pm|,d_atr0_pts12-r3,False,False,209,-11348.5,-1.057
va_reclaim-ES-tf5|pm|,d_atr0_pct0p1-r0,False,False,217,4594.5,0.511
va_reclaim-ES-tf5|pm|,d_atr0_pct0p1-r1,False,False,229,-10078.5,-3.116
va_reclaim-ES-tf5|pm|,d_atr0_pct0p1-r2,False,False,228,-8162.0,-1.86
va_reclaim-ES-tf5|pm|,d_atr0_pct0p1-r3,False,False,224,-8146.0,-1.601
va_reclaim-ES-tf5|pm|,d_atr0_pct0p2-r0,False,False,212,7289.5,0.592
va_reclaim-ES-tf5|pm|,d_atr0_pct0p2-r1,False,False,226,-10554.0,-1.745
va_reclaim-ES-tf5|pm|,d_atr0_pct0p2-r2,False,False,219,-12501.0,-1.644
va_reclaim-ES-tf5|pm|,d_atr0_pct0p2-r3,False,False,214,-4706.0,-0.531
va_reclaim-ES-tf5|pm|,d_atr0p25_atr1p5-r0,False,False,194,-3176.0,-0.257
va_reclaim-ES-tf5|pm|,d_atr0p25_atr1p5-r1,False,False,204,-11703.5,-1.632
va_reclaim-ES-tf5|pm|,d_atr0p25_atr1p5-r2,False,False,200,-13275.0,-1.432
va_reclaim-ES-tf5|pm|,d_atr0p25_atr1p5-r3,False,False,195,-8930.0,-0.852
va_reclaim-ES-tf5|pm|,d_atr0p25_atr3-r0,False,False,191,-1826.5,-0.125
va_reclaim-ES-tf5|pm|,d_atr0p25_atr3-r1,False,False,198,-13367.0,-1.153
va_reclaim-ES-tf5|pm|,d_atr0p25_atr3-r2,False,False,191,-9039.0,-0.689
va_reclaim-ES-tf5|pm|,d_atr0p25_atr3-r3,False,False,191,-3789.0,-0.265
va_reclaim-ES-tf5|pm|,d_atr0p25_pts2p5-r0,False,False,200,3800.0,0.539
va_reclaim-ES-tf5|pm|,d_atr0p25_pts2p5-r1,False,False,205,-8532.5,-4.665
va_reclaim-ES-tf5|pm|,d_atr0p25_pts2p5-r2,False,False,205,-8770.0,-3.664
va_reclaim-ES-tf5|pm|,d_atr0p25_pts2p5-r3,False,False,205,-6795.0,-2.303
va_reclaim-ES-tf5|pm|,d_atr0p25_pts5-r0,False,False,195,7207.5,0.746
va_reclaim-ES-tf5|pm|,d_atr0p25_pts5-r1,False,False,205,-9745.0,-2.718
va_reclaim-ES-tf5|pm|,d_atr0p25_pts5-r2,False,False,203,-9324.5,-1.961
va_reclaim-ES-tf5|pm|,d_atr0p25_pts5-r3,False,False,199,-7996.0,-1.453
va_reclaim-ES-tf5|pm|,d_atr0p25_pts8-r0,False,False,195,7945.0,0.654
va_reclaim-ES-tf5|pm|,d_atr0p25_pts8-r1,False,False,204,-14816.0,-2.719
va_reclaim-ES-tf5|pm|,d_atr0p25_pts8-r2,False,False,199,-12596.0,-1.833
va_reclaim-ES-tf5|pm|,d_atr0p25_pts8-r3,False,False,198,-5954.5,-0.732
va_reclaim-ES-tf5|pm|,d_atr0p25_pts12-r0,False,False,192,857.0,0.066
va_reclaim-ES-tf5|pm|,d_atr0p25_pts12-r1,False,False,202,-18508.0,-2.48
va_reclaim-ES-tf5|pm|,d_atr0p25_pts12-r2,False,False,196,-10484.0,-1.136
va_reclaim-ES-tf5|pm|,d_atr0p25_pts12-r3,False,False,192,-7930.5,-0.792
va_reclaim-ES-tf5|pm|,d_atr0p25_pct0p1-r0,False,False,197,8774.5,0.941
va_reclaim-ES-tf5|pm|,d_atr0p25_pct0p1-r1,False,False,205,-9282.5,-3.037
va_reclaim-ES-tf5|pm|,d_atr0p25_pct0p1-r2,False,False,204,-7978.5,-1.929
va_reclaim-ES-tf5|pm|,d_atr0p25_pct0p1-r3,False,False,200,-6650.0,-1.38
va_reclaim-ES-tf5|pm|,d_atr0p25_pct0p2-r0,False,False,194,9586.5,0.784
va_reclaim-ES-tf5|pm|,d_atr0p25_pct0p2-r1,False,False,203,-10237.0,-1.791
va_reclaim-ES-tf5|pm|,d_atr0p25_pct0p2-r2,False,False,198,-11729.5,-1.642
va_reclaim-ES-tf5|pm|,d_atr0p25_pct0p2-r3,False,False,196,-4534.0,-0.543
va_reclaim-ES-tf5|pm|,d_atr0p5_atr1p5-r0,False,False,181,-2186.5,-0.177
va_reclaim-ES-tf5|pm|,d_atr0p5_atr1p5-r1,False,False,188,-11327.0,-1.603
va_reclaim-ES-tf5|pm|,d_atr0p5_atr1p5-r2,False,False,187,-12548.0,-1.363
va_reclaim-ES-tf5|pm|,d_atr0p5_atr1p5-r3,False,False,182,-9378.0,-0.904
va_reclaim-ES-tf5|pm|,d_atr0p5_atr3-r0,False,False,178,1650.5,0.115
va_reclaim-ES-tf5|pm|,d_atr0p5_atr3-r1,False,False,186,-10969.0,-0.974
va_reclaim-ES-tf5|pm|,d_atr0p5_atr3-r2,False,False,178,-5562.0,-0.432
va_reclaim-ES-tf5|pm|,d_atr0p5_atr3-r3,False,False,178,-312.0,-0.022
va_reclaim-ES-tf5|pm|,d_atr0p5_pts2p5-r0,False,False,184,3126.5,0.445
va_reclaim-ES-tf5|pm|,d_atr0p5_pts2p5-r1,False,False,188,-8489.5,-4.881
va_reclaim-ES-tf5|pm|,d_atr0p5_pts2p5-r2,False,False,188,-7914.5,-3.448
va_reclaim-ES-tf5|pm|,d_atr0p5_pts2p5-r3,False,False,188,-6952.0,-2.499
va_reclaim-ES-tf5|pm|,d_atr0p5_pts5-r0,False,False,182,8072.0,0.836
va_reclaim-ES-tf5|pm|,d_atr0p5_pts5-r1,False,False,188,-8789.5,-2.562
va_reclaim-ES-tf5|pm|,d_atr0p5_pts5-r2,False,False,187,-7923.0,-1.728
va_reclaim-ES-tf5|pm|,d_atr0p5_pts5-r3,False,False,184,-7361.0,-1.39
va_reclaim-ES-tf5|pm|,d_atr0p5_pts8-r0,False,False,182,10622.0,0.879
va_reclaim-ES-tf5|pm|,d_atr0p5_pts8-r1,False,False,188,-12764.5,-2.449
va_reclaim-ES-tf5|pm|,d_atr0p5_pts8-r2,False,False,184,-8911.0,-1.33
va_reclaim-ES-tf5|pm|,d_atr0p5_pts8-r3,False,False,184,-4298.5,-0.544
va_reclaim-ES-tf5|pm|,d_atr0p5_pts12-r0,False,False,179,3921.5,0.306
va_reclaim-ES-tf5|pm|,d_atr0p5_pts12-r1,False,False,186,-16294.0,-2.285
va_reclaim-ES-tf5|pm|,d_atr0p5_pts12-r2,False,False,182,-8403.0,-0.937
va_reclaim-ES-tf5|pm|,d_atr0p5_pts12-r3,False,False,179,-4866.0,-0.491
va_reclaim-ES-tf5|pm|,d_atr0p5_pct0p1-r0,False,False,182,9059.5,0.972
va_reclaim-ES-tf5|pm|,d_atr0p5_pct0p1-r1,False,False,188,-8377.0,-2.857
va_reclaim-ES-tf5|pm|,d_atr0p5_pct0p1-r2,False,False,188,-7502.0,-1.89
va_reclaim-ES-tf5|pm|,d_atr0p5_pct0p1-r3,False,False,184,-6648.5,-1.438
va_reclaim-ES-tf5|pm|,d_atr0p5_pct0p2-r0,False,False,181,12726.0,1.046
va_reclaim-ES-tf5|pm|,d_atr0p5_pct0p2-r1,False,False,187,-8548.0,-1.567
va_reclaim-ES-tf5|pm|,d_atr0p5_pct0p2-r2,False,False,183,-9257.0,-1.345
va_reclaim-ES-tf5|pm|,d_atr0p5_pct0p2-r3,False,False,182,-2290.5,-0.282
va_reclaim-ES-tf5|pre|,d_atr0_atr1p5-r0,False,False,148,-7617.0,-0.613
va_reclaim-ES-tf5|pre|,d_atr0_atr1p5-r1,False,False,152,-4758.0,-1.075
va_reclaim-ES-tf5|pre|,d_atr0_atr1p5-r2,False,False,149,-10208.5,-1.702
va_reclaim-ES-tf5|pre|,d_atr0_atr1p5-r3,False,False,149,-5808.5,-0.751
va_reclaim-ES-tf5|pre|,d_atr0_atr3-r0,False,False,147,-8788.0,-0.512
va_reclaim-ES-tf5|pre|,d_atr0_atr3-r1,False,False,149,-2333.5,-0.27
va_reclaim-ES-tf5|pre|,d_atr0_atr3-r2,False,False,148,-1179.5,-0.094
va_reclaim-ES-tf5|pre|,d_atr0_atr3-r3,False,False,147,-21513.0,-1.549
va_reclaim-ES-tf5|pre|,d_atr0_pts2p5-r0,False,False,151,-7566.5,-1.313
va_reclaim-ES-tf5|pre|,d_atr0_pts2p5-r1,False,False,152,-2345.5,-1.446
va_reclaim-ES-tf5|pre|,d_atr0_pts2p5-r2,False,False,152,-6783.0,-3.268
va_reclaim-ES-tf5|pre|,d_atr0_pts2p5-r3,False,False,152,-9720.5,-4.279
va_reclaim-ES-tf5|pre|,d_atr0_pts5-r0,False,False,149,-8033.5,-0.749
va_reclaim-ES-tf5|pre|,d_atr0_pts5-r1,False,False,152,-6683.0,-2.127
va_reclaim-ES-tf5|pre|,d_atr0_pts5-r2,False,False,151,-13554.0,-3.417
va_reclaim-ES-tf5|pre|,d_atr0_pts5-r3,False,False,150,-15675.0,-3.436
va_reclaim-ES-tf5|pre|,d_atr0_pts8-r0,False,False,147,-12350.5,-0.957
va_reclaim-ES-tf5|pre|,d_atr0_pts8-r1,False,False,151,-11704.0,-2.369
va_reclaim-ES-tf5|pre|,d_atr0_pts8-r2,False,False,149,-13096.0,-1.992
va_reclaim-ES-tf5|pre|,d_atr0_pts8-r3,False,False,148,-18642.0,-2.489
va_reclaim-ES-tf5|pre|,d_atr0_pts12-r0,False,False,147,-13975.5,-0.887
va_reclaim-ES-tf5|pre|,d_atr0_pts12-r1,False,False,149,-12571.0,-1.71
va_reclaim-ES-tf5|pre|,d_atr0_pts12-r2,False,False,148,-20192.0,-2.12
va_reclaim-ES-tf5|pre|,d_atr0_pts12-r3,False,False,148,-21404.5,-1.951
va_reclaim-ES-tf5|pre|,d_atr0_pct0p1-r0,False,False,149,-7933.5,-0.851
va_reclaim-ES-tf5|pre|,d_atr0_pct0p1-r1,False,False,152,-5158.0,-1.923
va_reclaim-ES-tf5|pre|,d_atr0_pct0p1-r2,False,False,151,-12391.5,-3.71
va_reclaim-ES-tf5|pre|,d_atr0_pct0p1-r3,False,False,150,-15325.0,-4.109
va_reclaim-ES-tf5|pre|,d_atr0_pct0p2-r0,False,False,147,-8463.0,-0.599
va_reclaim-ES-tf5|pre|,d_atr0_pct0p2-r1,False,False,151,-8954.0,-1.707
va_reclaim-ES-tf5|pre|,d_atr0_pct0p2-r2,False,False,149,-12208.5,-1.748
va_reclaim-ES-tf5|pre|,d_atr0_pct0p2-r3,False,False,148,-14654.5,-1.805
va_reclaim-ES-tf5|pre|,d_atr0p25_atr1p5-r0,False,False,129,-5991.0,-0.498
va_reclaim-ES-tf5|pre|,d_atr0p25_atr1p5-r1,False,False,131,-3811.5,-0.918
va_reclaim-ES-tf5|pre|,d_atr0p25_atr1p5-r2,False,False,130,-7757.5,-1.363
va_reclaim-ES-tf5|pre|,d_atr0p25_atr1p5-r3,False,False,130,-4932.5,-0.678
va_reclaim-ES-tf5|pre|,d_atr0p25_atr3-r0,False,False,128,-4774.5,-0.288
va_reclaim-ES-tf5|pre|,d_atr0p25_atr3-r1,False,False,130,480.0,0.059
va_reclaim-ES-tf5|pre|,d_atr0p25_atr3-r2,False,False,129,-3991.0,-0.344
va_reclaim-ES-tf5|pre|,d_atr0p25_atr3-r3,False,False,128,-15149.5,-1.124
va_reclaim-ES-tf5|pre|,d_atr0p25_pts2p5-r0,False,False,130,-8645.0,-1.719
va_reclaim-ES-tf5|pre|,d_atr0p25_pts2p5-r1,False,False,131,-3574.0,-2.39
va_reclaim-ES-tf5|pre|,d_atr0p25_pts2p5-r2,False,False,131,-6136.5,-3.208
va_reclaim-ES-tf5|pre|,d_atr0p25_pts2p5-r3,False,False,131,-8799.0,-4.244
va_reclaim-ES-tf5|pre|,d_atr0p25_pts5-r0,False,False,130,-7270.0,-0.704
va_reclaim-ES-tf5|pre|,d_atr0p25_pts5-r1,False,False,131,-5186.5,-1.773
va_reclaim-ES-tf5|pre|,d_atr0p25_pts5-r2,False,False,131,-10511.5,-2.793
va_reclaim-ES-tf5|pre|,d_atr0p25_pts5-r3,False,False,131,-13649.0,-3.198
va_reclaim-ES-tf5|pre|,d_atr0p25_pts8-r0,False,False,128,-9037.0,-0.722
va_reclaim-ES-tf5|pre|,d_atr0p25_pts8-r1,False,False,131,-9061.5,-1.962
va_reclaim-ES-tf5|pre|,d_atr0p25_pts8-r2,False,False,130,-10032.5,-1.618
va_reclaim-ES-tf5|pre|,d_atr0p25_pts8-r3,False,False,129,-15566.0,-2.213
va_reclaim-ES-tf5|pre|,d_atr0p25_pts12-r0,False,False,128,-11224.5,-0.738
va_reclaim-ES-tf5|pre|,d_atr0p25_pts12-r1,False,False,130,-8132.5,-1.18
va_reclaim-ES-tf5|pre|,d_atr0p25_pts12-r2,False,False,129,-17541.0,-1.978
va_reclaim-ES-tf5|pre|,d_atr0p25_pts12-r3,False,False,129,-20316.0,-2.007
va_reclaim-ES-tf5|pre|,d_atr0p25_pct0p1-r0,False,False,130,-7782.5,-0.877
va_reclaim-ES-tf5|pre|,d_atr0p25_pct0p1-r1,False,False,131,-4674.0,-1.883
va_reclaim-ES-tf5|pre|,d_atr0p25_pct0p1-r2,False,False,131,-10449.0,-3.352
va_reclaim-ES-tf5|pre|,d_atr0p25_pct0p1-r3,False,False,131,-13549.0,-3.915
va_reclaim-ES-tf5|pre|,d_atr0p25_pct0p2-r0,False,False,128,-4662.0,-0.339
va_reclaim-ES-tf5|pre|,d_atr0p25_pct0p2-r1,False,False,131,-7074.0,-1.45
va_reclaim-ES-tf5|pre|,d_atr0p25_pct0p2-r2,False,False,130,-8982.5,-1.367
va_reclaim-ES-tf5|pre|,d_atr0p25_pct0p2-r3,False,False,129,-11503.5,-1.511
va_reclaim-ES-tf5|pre|,d_atr0p5_atr1p5-r0,False,False,113,-2652.0,-0.223
va_reclaim-ES-tf5|pre|,d_atr0p5_atr1p5-r1,False,False,115,-2410.0,-0.6
va_reclaim-ES-tf5|pre|,d_atr0p5_atr1p5-r2,False,False,114,-4118.5,-0.732
va_reclaim-ES-tf5|pre|,d_atr0p5_atr1p5-r3,False,False,114,-1443.5,-0.2
va_reclaim-ES-tf5|pre|,d_atr0p5_atr3-r0,False,False,112,-3073.0,-0.19
va_reclaim-ES-tf5|pre|,d_atr0p5_atr3-r1,False,False,114,-281.0,-0.036
va_reclaim-ES-tf5|pre|,d_atr0p5_atr3-r2,False,False,113,-5402.0,-0.487
va_reclaim-ES-tf5|pre|,d_atr0p5_atr3-r3,False,False,112,-11060.5,-0.85
va_reclaim-ES-tf5|pre|,d_atr0p5_pts2p5-r0,False,False,114,-6381.0,-1.271
va_reclaim-ES-tf5|pre|,d_atr0p5_pts2p5-r1,False,False,115,-2885.0,-2.054
va_reclaim-ES-tf5|pre|,d_atr0p5_pts2p5-r2,False,False,115,-6585.0,-3.825
va_reclaim-ES-tf5|pre|,d_atr0p5_pts2p5-r3,False,False,115,-9097.5,-5.04
va_reclaim-ES-tf5|pre|,d_atr0p5_pts5-r0,False,False,114,-3906.0,-0.385
va_reclaim-ES-tf5|pre|,d_atr0p5_pts5-r1,False,False,115,-5022.5,-1.835
va_reclaim-ES-tf5|pre|,d_atr0p5_pts5-r2,False,False,115,-8535.0,-2.393
va_reclaim-ES-tf5|pre|,d_atr0p5_pts5-r3,False,False,115,-10397.5,-2.515
va_reclaim-ES-tf5|pre|,d_atr0p5_pts8-r0,False,False,112,-4973.0,-0.403
va_reclaim-ES-tf5|pre|,d_atr0p5_pts8-r1,False,False,115,-8085.0,-1.868
va_reclaim-ES-tf5|pre|,d_atr0p5_pts8-r2,False,False,114,-5043.5,-0.841
va_reclaim-ES-tf5|pre|,d_atr0p5_pts8-r3,False,False,113,-9364.5,-1.351
va_reclaim-ES-tf5|pre|,d_atr0p5_pts12-r0,False,False,112,-4498.0,-0.301
va_reclaim-ES-tf5|pre|,d_atr0p5_pts12-r1,False,False,114,-5531.0,-0.855
va_reclaim-ES-tf5|pre|,d_atr0p5_pts12-r2,False,False,113,-10289.5,-1.2
va_reclaim-ES-tf5|pre|,d_atr0p5_pts12-r3,False,False,113,-13702.0,-1.401
va_reclaim-ES-tf5|pre|,d_atr0p5_pct0p1-r0,False,False,114,-5481.0,-0.631
va_reclaim-ES-tf5|pre|,d_atr0p5_pct0p1-r1,False,False,115,-3660.0,-1.571
va_reclaim-ES-tf5|pre|,d_atr0p5_pct0p1-r2,False,False,115,-9360.0,-3.216
va_reclaim-ES-tf5|pre|,d_atr0p5_pct0p1-r3,False,False,115,-11635.0,-3.565
va_reclaim-ES-tf5|pre|,d_atr0p5_pct0p2-r0,False,False,112,-598.0,-0.044
va_reclaim-ES-tf5|pre|,d_atr0p5_pct0p2-r1,False,False,115,-7735.0,-1.698
va_reclaim-ES-tf5|pre|,d_atr0p5_pct0p2-r2,False,False,114,-6181.0,-0.988
va_reclaim-ES-tf5|pre|,d_atr0p5_pct0p2-r3,False,False,113,-6877.0,-0.93
