unit,cell,dead,author_cell,trades,net,t
va_reclaim-GC-tf15|asia|,d_atr0_atr1p5-r0,False,False,232,3412.0,0.262
va_reclaim-GC-tf15|asia|,d_atr0_atr1p5-r1,False,False,245,-2100.0,-0.518
va_reclaim-GC-tf15|asia|,d_atr0_atr1p5-r2,False,False,235,-1780.0,-0.309
va_reclaim-GC-tf15|asia|,d_atr0_atr1p5-r3,False,False,233,-4332.0,-0.632
va_reclaim-GC-tf15|asia|,d_atr0_atr3-r0,False,False,230,-2290.0,-0.148
va_reclaim-GC-tf15|asia|,d_atr0_atr3-r1,False,False,233,-11262.0,-1.449
va_reclaim-GC-tf15|asia|,d_atr0_atr3-r2,False,False,230,-3200.0,-0.302
va_reclaim-GC-tf15|asia|,d_atr0_atr3-r3,False,False,230,-490.0,-0.038
va_reclaim-GC-tf15|asia|,d_atr0_pts2-r0,False,False,231,-10224.0,-1.09
va_reclaim-GC-tf15|asia|,d_atr0_pts2-r1,False,False,244,-6326.0,-1.977
va_reclaim-GC-tf15|asia|,d_atr0_pts2-r2,False,False,237,-3778.0,-0.857
va_reclaim-GC-tf15|asia|,d_atr0_pts2-r3,False,False,232,-3508.0,-0.659
va_reclaim-GC-tf15|asia|,d_atr0_pts3-r0,False,False,231,-6524.0,-0.549
va_reclaim-GC-tf15|asia|,d_atr0_pts3-r1,False,False,242,-2788.0,-0.586
va_reclaim-GC-tf15|asia|,d_atr0_pts3-r2,False,False,232,-5518.0,-0.852
va_reclaim-GC-tf15|asia|,d_atr0_pts3-r3,False,False,231,-3024.0,-0.381
va_reclaim-GC-tf15|asia|,d_atr0_pts5-r0,False,False,230,5050.0,0.31
va_reclaim-GC-tf15|asia|,d_atr0_pts5-r1,False,False,234,-6146.0,-0.794
va_reclaim-GC-tf15|asia|,d_atr0_pts5-r2,False,False,230,-3490.0,-0.33
va_reclaim-GC-tf15|asia|,d_atr0_pts5-r3,False,False,230,-9770.0,-0.824
va_reclaim-GC-tf15|asia|,d_atr0_pts7-r0,False,False,230,-1160.0,-0.065
va_reclaim-GC-tf15|asia|,d_atr0_pts7-r1,False,False,230,-4300.0,-0.406
va_reclaim-GC-tf15|asia|,d_atr0_pts7-r2,False,False,230,-9460.0,-0.694
va_reclaim-GC-tf15|asia|,d_atr0_pts7-r3,False,False,230,-13690.0,-0.927
va_reclaim-GC-tf15|asia|,d_atr0_pct0p1-r0,False,False,232,-9068.0,-0.979
va_reclaim-GC-tf15|asia|,d_atr0_pct0p1-r1,False,False,244,-6636.0,-2.22
va_reclaim-GC-tf15|asia|,d_atr0_pct0p1-r2,False,False,239,-5126.0,-1.254
va_reclaim-GC-tf15|asia|,d_atr0_pct0p1-r3,False,False,234,-4336.0,-0.877
va_reclaim-GC-tf15|asia|,d_atr0_pct0p2-r0,False,False,231,-2364.0,-0.172
va_reclaim-GC-tf15|asia|,d_atr0_pct0p2-r1,False,False,238,-4392.0,-0.751
va_reclaim-GC-tf15|asia|,d_atr0_pct0p2-r2,False,False,231,-5874.0,-0.732
va_reclaim-GC-tf15|asia|,d_atr0_pct0p2-r3,False,False,231,-3494.0,-0.363
va_reclaim-GC-tf15|asia|,d_atr0p25_atr1p5-r0,False,False,201,8126.0,0.625
va_reclaim-GC-tf15|asia|,d_atr0p25_atr1p5-r1,False,False,208,-3272.0,-0.88
va_reclaim-GC-tf15|asia|,d_atr0p25_atr1p5-r2,False,False,202,-3758.0,-0.719
va_reclaim-GC-tf15|asia|,d_atr0p25_atr1p5-r3,False,False,202,-6028.0,-0.95
va_reclaim-GC-tf15|asia|,d_atr0p25_atr3-r0,False,False,201,3206.0,0.21
va_reclaim-GC-tf15|asia|,d_atr0p25_atr3-r1,False,False,202,-10718.0,-1.488
va_reclaim-GC-tf15|asia|,d_atr0p25_atr3-r2,False,False,201,-2394.0,-0.239
va_reclaim-GC-tf15|asia|,d_atr0p25_atr3-r3,False,False,201,-84.0,-0.007
va_reclaim-GC-tf15|asia|,d_atr0p25_pts2-r0,False,False,201,-3614.0,-0.38
va_reclaim-GC-tf15|asia|,d_atr0p25_pts2-r1,False,False,208,-5592.0,-1.893
va_reclaim-GC-tf15|asia|,d_atr0p25_pts2-r2,False,False,206,-3244.0,-0.789
va_reclaim-GC-tf15|asia|,d_atr0p25_pts2-r3,False,False,202,-5998.0,-1.239
va_reclaim-GC-tf15|asia|,d_atr0p25_pts3-r0,False,False,201,-1564.0,-0.133
va_reclaim-GC-tf15|asia|,d_atr0p25_pts3-r1,False,False,208,-4312.0,-0.979
va_reclaim-GC-tf15|asia|,d_atr0p25_pts3-r2,False,False,202,-5198.0,-0.862
va_reclaim-GC-tf15|asia|,d_atr0p25_pts3-r3,False,False,201,-2064.0,-0.278
va_reclaim-GC-tf15|asia|,d_atr0p25_pts5-r0,False,False,201,8396.0,0.532
va_reclaim-GC-tf15|asia|,d_atr0p25_pts5-r1,False,False,204,-4876.0,-0.675
va_reclaim-GC-tf15|asia|,d_atr0p25_pts5-r2,False,False,201,-3904.0,-0.397
va_reclaim-GC-tf15|asia|,d_atr0p25_pts5-r3,False,False,201,-8594.0,-0.771
va_reclaim-GC-tf15|asia|,d_atr0p25_pts7-r0,False,False,201,5936.0,0.344
va_reclaim-GC-tf15|asia|,d_atr0p25_pts7-r1,False,False,201,1286.0,0.13
va_reclaim-GC-tf15|asia|,d_atr0p25_pts7-r2,False,False,201,-4944.0,-0.385
va_reclaim-GC-tf15|asia|,d_atr0p25_pts7-r3,False,False,201,-5974.0,-0.421
va_reclaim-GC-tf15|asia|,d_atr0p25_pct0p1-r0,False,False,201,-2694.0,-0.287
va_reclaim-GC-tf15|asia|,d_atr0p25_pct0p1-r1,False,False,208,-5982.0,-2.163
va_reclaim-GC-tf15|asia|,d_atr0p25_pct0p1-r2,False,False,207,-3898.0,-1.019
va_reclaim-GC-tf15|asia|,d_atr0p25_pct0p1-r3,False,False,202,-3948.0,-0.859
va_reclaim-GC-tf15|asia|,d_atr0p25_pct0p2-r0,False,False,201,3476.0,0.256
va_reclaim-GC-tf15|asia|,d_atr0p25_pct0p2-r1,False,False,207,-7328.0,-1.344
va_reclaim-GC-tf15|asia|,d_atr0p25_pct0p2-r2,False,False,201,-4504.0,-0.6
va_reclaim-GC-tf15|asia|,d_atr0p25_pct0p2-r3,False,False,201,-4064.0,-0.452
va_reclaim-GC-tf15|asia|,d_atr0p5_atr1p5-r0,False,False,180,5510.0,0.441
va_reclaim-GC-tf15|asia|,d_atr0p5_atr1p5-r1,False,False,183,-4072.0,-1.152
va_reclaim-GC-tf15|asia|,d_atr0p5_atr1p5-r2,False,False,181,-7264.0,-1.479
va_reclaim-GC-tf15|asia|,d_atr0p5_atr1p5-r3,False,False,181,-11214.0,-1.927
va_reclaim-GC-tf15|asia|,d_atr0p5_atr3-r0,False,False,180,3780.0,0.255
va_reclaim-GC-tf15|asia|,d_atr0p5_atr3-r1,False,False,181,-13994.0,-2.029
va_reclaim-GC-tf15|asia|,d_atr0p5_atr3-r2,False,False,180,-7670.0,-0.809
va_reclaim-GC-tf15|asia|,d_atr0p5_atr3-r3,False,False,180,-1470.0,-0.126
va_reclaim-GC-tf15|asia|,d_atr0p5_pts2-r0,False,False,180,-4550.0,-0.516
va_reclaim-GC-tf15|asia|,d_atr0p5_pts2-r1,False,False,183,-5572.0,-2.013
va_reclaim-GC-tf15|asia|,d_atr0p5_pts2-r2,False,False,183,-5642.0,-1.487
va_reclaim-GC-tf15|asia|,d_atr0p5_pts2-r3,False,False,180,-7770.0,-1.747
va_reclaim-GC-tf15|asia|,d_atr0p5_pts3-r0,False,False,180,-2190.0,-0.197
va_reclaim-GC-tf15|asia|,d_atr0p5_pts3-r1,False,False,183,-4392.0,-1.063
va_reclaim-GC-tf15|asia|,d_atr0p5_pts3-r2,False,False,180,-7390.0,-1.317
va_reclaim-GC-tf15|asia|,d_atr0p5_pts3-r3,False,False,180,-7560.0,-1.119
va_reclaim-GC-tf15|asia|,d_atr0p5_pts5-r0,False,False,180,6970.0,0.464
va_reclaim-GC-tf15|asia|,d_atr0p5_pts5-r1,False,False,182,-9728.0,-1.429
va_reclaim-GC-tf15|asia|,d_atr0p5_pts5-r2,False,False,180,-9250.0,-1.01
va_reclaim-GC-tf15|asia|,d_atr0p5_pts5-r3,False,False,180,-9560.0,-0.912
va_reclaim-GC-tf15|asia|,d_atr0p5_pts7-r0,False,False,180,4810.0,0.292
va_reclaim-GC-tf15|asia|,d_atr0p5_pts7-r1,False,False,180,-4360.0,-0.464
va_reclaim-GC-tf15|asia|,d_atr0p5_pts7-r2,False,False,180,-9620.0,-0.796
va_reclaim-GC-tf15|asia|,d_atr0p5_pts7-r3,False,False,180,-5610.0,-0.415
va_reclaim-GC-tf15|asia|,d_atr0p5_pct0p1-r0,False,False,180,-3860.0,-0.443
va_reclaim-GC-tf15|asia|,d_atr0p5_pct0p1-r1,False,False,183,-5902.0,-2.28
va_reclaim-GC-tf15|asia|,d_atr0p5_pct0p1-r2,False,False,183,-5812.0,-1.647
va_reclaim-GC-tf15|asia|,d_atr0p5_pct0p1-r3,False,False,180,-6250.0,-1.484
va_reclaim-GC-tf15|asia|,d_atr0p5_pct0p2-r0,False,False,180,4170.0,0.321
va_reclaim-GC-tf15|asia|,d_atr0p5_pct0p2-r1,False,False,183,-7732.0,-1.509
va_reclaim-GC-tf15|asia|,d_atr0p5_pct0p2-r2,False,False,180,-7470.0,-1.066
va_reclaim-GC-tf15|asia|,d_atr0p5_pct0p2-r3,False,False,180,-7610.0,-0.916
va_reclaim-GC-tf15|eve|,d_atr0_atr1p5-r0,False,False,370,-15360.0,-1.118
va_reclaim-GC-tf15|eve|,d_atr0_atr1p5-r1,False,False,398,-10112.0,-2.067
va_reclaim-GC-tf15|eve|,d_atr0_atr1p5-r2,False,False,393,-16202.0,-2.553
va_reclaim-GC-tf15|eve|,d_atr0_atr1p5-r3,False,False,381,-17674.0,-2.395
va_reclaim-GC-tf15|eve|,d_atr0_atr3-r0,False,False,355,-29110.0,-1.68
va_reclaim-GC-tf15|eve|,d_atr0_atr3-r1,False,False,387,-26478.0,-2.829
va_reclaim-GC-tf15|eve|,d_atr0_atr3-r2,False,False,364,-33146.0,-2.881
va_reclaim-GC-tf15|eve|,d_atr0_atr3-r3,False,False,356,-29294.0,-2.222
va_reclaim-GC-tf15|eve|,d_atr0_pts2-r0,False,False,362,-6168.0,-0.45
va_reclaim-GC-tf15|eve|,d_atr0_pts2-r1,False,False,397,-8698.0,-2.131
va_reclaim-GC-tf15|eve|,d_atr0_pts2-r2,False,False,389,-9436.0,-1.692
va_reclaim-GC-tf15|eve|,d_atr0_pts2-r3,False,False,372,-16428.0,-2.58
va_reclaim-GC-tf15|eve|,d_atr0_pts3-r0,False,False,356,-20744.0,-1.412
va_reclaim-GC-tf15|eve|,d_atr0_pts3-r1,False,False,393,-9942.0,-1.645
va_reclaim-GC-tf15|eve|,d_atr0_pts3-r2,False,False,366,-22114.0,-2.829
va_reclaim-GC-tf15|eve|,d_atr0_pts3-r3,False,False,357,-20598.0,-2.21
va_reclaim-GC-tf15|eve|,d_atr0_pts5-r0,False,False,354,-28696.0,-1.527
va_reclaim-GC-tf15|eve|,d_atr0_pts5-r1,False,False,374,-26626.0,-2.743
va_reclaim-GC-tf15|eve|,d_atr0_pts5-r2,False,False,355,-37110.0,-2.961
va_reclaim-GC-tf15|eve|,d_atr0_pts5-r3,False,False,354,-30096.0,-2.042
va_reclaim-GC-tf15|eve|,d_atr0_pts7-r0,False,False,354,-31186.0,-1.433
va_reclaim-GC-tf15|eve|,d_atr0_pts7-r1,False,False,359,-44036.0,-3.382
va_reclaim-GC-tf15|eve|,d_atr0_pts7-r2,False,False,354,-46086.0,-2.79
va_reclaim-GC-tf15|eve|,d_atr0_pts7-r3,False,False,354,-47956.0,-2.663
va_reclaim-GC-tf15|eve|,d_atr0_pct0p1-r0,False,False,363,-8232.0,-0.624
va_reclaim-GC-tf15|eve|,d_atr0_pct0p1-r1,False,False,398,-10442.0,-2.735
va_reclaim-GC-tf15|eve|,d_atr0_pct0p1-r2,False,False,392,-9458.0,-1.812
va_reclaim-GC-tf15|eve|,d_atr0_pct0p1-r3,False,False,378,-16682.0,-2.804
va_reclaim-GC-tf15|eve|,d_atr0_pct0p2-r0,False,False,355,-24140.0,-1.478
va_reclaim-GC-tf15|eve|,d_atr0_pct0p2-r1,False,False,388,-15322.0,-2.059
va_reclaim-GC-tf15|eve|,d_atr0_pct0p2-r2,False,False,360,-31020.0,-3.286
va_reclaim-GC-tf15|eve|,d_atr0_pct0p2-r3,False,False,356,-23294.0,-2.032
va_reclaim-GC-tf15|eve|,d_atr0p25_atr1p5-r0,False,False,327,-12208.0,-0.948
va_reclaim-GC-tf15|eve|,d_atr0p25_atr1p5-r1,False,False,354,-7746.0,-1.678
va_reclaim-GC-tf15|eve|,d_atr0p25_atr1p5-r2,False,False,347,-16748.0,-2.835
va_reclaim-GC-tf15|eve|,d_atr0p25_atr1p5-r3,False,False,339,-18536.0,-2.697
va_reclaim-GC-tf15|eve|,d_atr0p25_atr3-r0,False,False,320,-25590.0,-1.568
va_reclaim-GC-tf15|eve|,d_atr0p25_atr3-r1,False,False,344,-22516.0,-2.554
va_reclaim-GC-tf15|eve|,d_atr0p25_atr3-r2,False,False,326,-23294.0,-2.11
va_reclaim-GC-tf15|eve|,d_atr0p25_atr3-r3,False,False,320,-23060.0,-1.829
va_reclaim-GC-tf15|eve|,d_atr0p25_pts2-r0,False,False,324,-7606.0,-0.6
va_reclaim-GC-tf15|eve|,d_atr0p25_pts2-r1,False,False,352,-7678.0,-1.997
va_reclaim-GC-tf15|eve|,d_atr0p25_pts2-r2,False,False,345,-11000.0,-2.118
va_reclaim-GC-tf15|eve|,d_atr0p25_pts2-r3,False,False,331,-17374.0,-2.946
va_reclaim-GC-tf15|eve|,d_atr0p25_pts3-r0,False,False,320,-20900.0,-1.525
va_reclaim-GC-tf15|eve|,d_atr0p25_pts3-r1,False,False,350,-9860.0,-1.729
va_reclaim-GC-tf15|eve|,d_atr0p25_pts3-r2,False,False,327,-21688.0,-2.957
va_reclaim-GC-tf15|eve|,d_atr0p25_pts3-r3,False,False,321,-21394.0,-2.453
va_reclaim-GC-tf15|eve|,d_atr0p25_pts5-r0,False,False,320,-30550.0,-1.721
va_reclaim-GC-tf15|eve|,d_atr0p25_pts5-r1,False,False,336,-25274.0,-2.749
va_reclaim-GC-tf15|eve|,d_atr0p25_pts5-r2,False,False,321,-33224.0,-2.788
va_reclaim-GC-tf15|eve|,d_atr0p25_pts5-r3,False,False,320,-31120.0,-2.249
va_reclaim-GC-tf15|eve|,d_atr0p25_pts7-r0,False,False,320,-37680.0,-1.832
va_reclaim-GC-tf15|eve|,d_atr0p25_pts7-r1,False,False,325,-42110.0,-3.4
va_reclaim-GC-tf15|eve|,d_atr0p25_pts7-r2,False,False,320,-46040.0,-2.959
va_reclaim-GC-tf15|eve|,d_atr0p25_pts7-r3,False,False,320,-52810.0,-3.127
va_reclaim-GC-tf15|eve|,d_atr0p25_pct0p1-r0,False,False,325,-10150.0,-0.836
va_reclaim-GC-tf15|eve|,d_atr0p25_pct0p1-r1,False,False,353,-8262.0,-2.293
va_reclaim-GC-tf15|eve|,d_atr0p25_pct0p1-r2,False,False,348,-11542.0,-2.381
va_reclaim-GC-tf15|eve|,d_atr0p25_pct0p1-r3,False,False,335,-17860.0,-3.259
va_reclaim-GC-tf15|eve|,d_atr0p25_pct0p2-r0,False,False,320,-21490.0,-1.393
va_reclaim-GC-tf15|eve|,d_atr0p25_pct0p2-r1,False,False,346,-10564.0,-1.501
va_reclaim-GC-tf15|eve|,d_atr0p25_pct0p2-r2,False,False,325,-25450.0,-2.816
va_reclaim-GC-tf15|eve|,d_atr0p25_pct0p2-r3,False,False,321,-18684.0,-1.704
va_reclaim-GC-tf15|eve|,d_atr0p5_atr1p5-r0,False,False,284,-6736.0,-0.532
va_reclaim-GC-tf15|eve|,d_atr0p5_atr1p5-r1,False,False,309,-2966.0,-0.674
va_reclaim-GC-tf15|eve|,d_atr0p5_atr1p5-r2,False,False,303,-14672.0,-2.632
va_reclaim-GC-tf15|eve|,d_atr0p5_atr1p5-r3,False,False,295,-16470.0,-2.553
va_reclaim-GC-tf15|eve|,d_atr0p5_atr3-r0,False,False,282,-19808.0,-1.256
va_reclaim-GC-tf15|eve|,d_atr0p5_atr3-r1,False,False,302,-21748.0,-2.589
va_reclaim-GC-tf15|eve|,d_atr0p5_atr3-r2,False,False,286,-22354.0,-2.162
va_reclaim-GC-tf15|eve|,d_atr0p5_atr3-r3,False,False,282,-19498.0,-1.633
va_reclaim-GC-tf15|eve|,d_atr0p5_pts2-r0,False,False,284,-2876.0,-0.23
va_reclaim-GC-tf15|eve|,d_atr0p5_pts2-r1,False,False,307,-4608.0,-1.281
va_reclaim-GC-tf15|eve|,d_atr0p5_pts2-r2,False,False,301,-8904.0,-1.829
va_reclaim-GC-tf15|eve|,d_atr0p5_pts2-r3,False,False,291,-13674.0,-2.442
va_reclaim-GC-tf15|eve|,d_atr0p5_pts3-r0,False,False,282,-11248.0,-0.831
va_reclaim-GC-tf15|eve|,d_atr0p5_pts3-r1,False,False,306,-4584.0,-0.858
va_reclaim-GC-tf15|eve|,d_atr0p5_pts3-r2,False,False,289,-17036.0,-2.448
va_reclaim-GC-tf15|eve|,d_atr0p5_pts3-r3,False,False,284,-14986.0,-1.795
va_reclaim-GC-tf15|eve|,d_atr0p5_pts5-r0,False,False,282,-22558.0,-1.341
va_reclaim-GC-tf15|eve|,d_atr0p5_pts5-r1,False,False,296,-18824.0,-2.176
va_reclaim-GC-tf15|eve|,d_atr0p5_pts5-r2,False,False,283,-23372.0,-2.068
va_reclaim-GC-tf15|eve|,d_atr0p5_pts5-r3,False,False,282,-25658.0,-1.994
va_reclaim-GC-tf15|eve|,d_atr0p5_pts7-r0,False,False,282,-33858.0,-1.763
va_reclaim-GC-tf15|eve|,d_atr0p5_pts7-r1,False,False,288,-36032.0,-3.086
va_reclaim-GC-tf15|eve|,d_atr0p5_pts7-r2,False,False,282,-41098.0,-2.821
va_reclaim-GC-tf15|eve|,d_atr0p5_pts7-r3,False,False,282,-48118.0,-3.066
va_reclaim-GC-tf15|eve|,d_atr0p5_pct0p1-r0,False,False,285,-1260.0,-0.102
va_reclaim-GC-tf15|eve|,d_atr0p5_pct0p1-r1,False,False,308,-6012.0,-1.781
va_reclaim-GC-tf15|eve|,d_atr0p5_pct0p1-r2,False,False,304,-8436.0,-1.844
va_reclaim-GC-tf15|eve|,d_atr0p5_pct0p1-r3,False,False,295,-12770.0,-2.419
va_reclaim-GC-tf15|eve|,d_atr0p5_pct0p2-r0,False,False,282,-13958.0,-0.94
va_reclaim-GC-tf15|eve|,d_atr0p5_pct0p2-r1,False,False,303,-8202.0,-1.244
va_reclaim-GC-tf15|eve|,d_atr0p5_pct0p2-r2,False,False,287,-18508.0,-2.149
va_reclaim-GC-tf15|eve|,d_atr0p5_pct0p2-r3,False,False,283,-11092.0,-1.058
va_reclaim-GC-tf15|london|,d_atr0_atr1p5-r0,False,False,333,-6342.0,-0.439
va_reclaim-GC-tf15|london|,d_atr0_atr1p5-r1,False,False,382,-10088.0,-1.577
va_reclaim-GC-tf15|london|,d_atr0_atr1p5-r2,False,False,361,-4304.0,-0.49
va_reclaim-GC-tf15|london|,d_atr0_atr1p5-r3,False,False,342,-248.0,-0.024
va_reclaim-GC-tf15|london|,d_atr0_atr3-r0,False,False,323,2978.0,0.155
va_reclaim-GC-tf15|london|,d_atr0_atr3-r1,False,False,357,-8738.0,-0.724
va_reclaim-GC-tf15|london|,d_atr0_atr3-r2,False,False,325,-500.0,-0.033
va_reclaim-GC-tf15|london|,d_atr0_atr3-r3,False,False,323,-4472.0,-0.269
va_reclaim-GC-tf15|london|,d_atr0_pts2-r0,False,False,342,-9198.0,-0.761
va_reclaim-GC-tf15|london|,d_atr0_pts2-r1,False,False,384,-12906.0,-3.231
va_reclaim-GC-tf15|london|,d_atr0_pts2-r2,False,False,376,-9724.0,-1.777
va_reclaim-GC-tf15|london|,d_atr0_pts2-r3,False,False,359,-15976.0,-2.558
va_reclaim-GC-tf15|london|,d_atr0_pts3-r0,False,False,333,-13842.0,-1.002
va_reclaim-GC-tf15|london|,d_atr0_pts3-r1,False,False,382,-13198.0,-2.219
va_reclaim-GC-tf15|london|,d_atr0_pts3-r2,False,False,353,-14282.0,-1.83
va_reclaim-GC-tf15|london|,d_atr0_pts3-r3,False,False,343,-12622.0,-1.36
va_reclaim-GC-tf15|london|,d_atr0_pts5-r0,False,False,325,-8790.0,-0.513
va_reclaim-GC-tf15|london|,d_atr0_pts5-r1,False,False,358,-21732.0,-2.285
va_reclaim-GC-tf15|london|,d_atr0_pts5-r2,False,False,329,-9256.0,-0.745
va_reclaim-GC-tf15|london|,d_atr0_pts5-r3,False,False,326,-9774.0,-0.693
va_reclaim-GC-tf15|london|,d_atr0_pts7-r0,False,False,322,-9148.0,-0.465
va_reclaim-GC-tf15|london|,d_atr0_pts7-r1,False,False,340,-13790.0,-1.082
va_reclaim-GC-tf15|london|,d_atr0_pts7-r2,False,False,324,-13476.0,-0.849
va_reclaim-GC-tf15|london|,d_atr0_pts7-r3,False,False,323,-15502.0,-0.895
va_reclaim-GC-tf15|london|,d_atr0_pct0p1-r0,False,False,346,-13974.0,-1.222
va_reclaim-GC-tf15|london|,d_atr0_pct0p1-r1,False,False,384,-13986.0,-3.751
va_reclaim-GC-tf15|london|,d_atr0_pct0p1-r2,False,False,379,-11156.0,-2.188
va_reclaim-GC-tf15|london|,d_atr0_pct0p1-r3,False,False,364,-15586.0,-2.65
va_reclaim-GC-tf15|london|,d_atr0_pct0p2-r0,False,False,329,-14816.0,-1.004
va_reclaim-GC-tf15|london|,d_atr0_pct0p2-r1,False,False,377,-13098.0,-1.78
va_reclaim-GC-tf15|london|,d_atr0_pct0p2-r2,False,False,344,-9906.0,-1.015
va_reclaim-GC-tf15|london|,d_atr0_pct0p2-r3,False,False,331,-7434.0,-0.651
va_reclaim-GC-tf15|london|,d_atr0p25_atr1p5-r0,False,False,299,-18396.0,-1.524
va_reclaim-GC-tf15|london|,d_atr0p25_atr1p5-r1,False,False,327,-14738.0,-2.508
va_reclaim-GC-tf15|london|,d_atr0p25_atr1p5-r2,False,False,319,-11016.0,-1.366
va_reclaim-GC-tf15|london|,d_atr0p25_atr1p5-r3,False,False,307,-8458.0,-0.897
va_reclaim-GC-tf15|london|,d_atr0p25_atr3-r0,False,False,293,-7502.0,-0.428
va_reclaim-GC-tf15|london|,d_atr0p25_atr3-r1,False,False,317,-14618.0,-1.297
va_reclaim-GC-tf15|london|,d_atr0p25_atr3-r2,False,False,295,-6940.0,-0.496
va_reclaim-GC-tf15|london|,d_atr0p25_atr3-r3,False,False,293,-12212.0,-0.808
va_reclaim-GC-tf15|london|,d_atr0p25_pts2-r0,False,False,304,-19166.0,-1.953
va_reclaim-GC-tf15|london|,d_atr0p25_pts2-r1,False,False,330,-14870.0,-4.049
va_reclaim-GC-tf15|london|,d_atr0p25_pts2-r2,False,False,328,-14082.0,-2.833
va_reclaim-GC-tf15|london|,d_atr0p25_pts2-r3,False,False,318,-17722.0,-3.093
va_reclaim-GC-tf15|london|,d_atr0p25_pts3-r0,False,False,299,-23356.0,-1.987
va_reclaim-GC-tf15|london|,d_atr0p25_pts3-r1,False,False,329,-17296.0,-3.154
va_reclaim-GC-tf15|london|,d_atr0p25_pts3-r2,False,False,314,-16596.0,-2.286
va_reclaim-GC-tf15|london|,d_atr0p25_pts3-r3,False,False,305,-16420.0,-1.925
va_reclaim-GC-tf15|london|,d_atr0p25_pts5-r0,False,False,295,-23900.0,-1.611
va_reclaim-GC-tf15|london|,d_atr0p25_pts5-r1,False,False,319,-23906.0,-2.672
va_reclaim-GC-tf15|london|,d_atr0p25_pts5-r2,False,False,298,-14462.0,-1.243
va_reclaim-GC-tf15|london|,d_atr0p25_pts5-r3,False,False,296,-16754.0,-1.277
va_reclaim-GC-tf15|london|,d_atr0p25_pts7-r0,False,False,293,-20702.0,-1.153
va_reclaim-GC-tf15|london|,d_atr0p25_pts7-r1,False,False,305,-16000.0,-1.324
va_reclaim-GC-tf15|london|,d_atr0p25_pts7-r2,False,False,294,-20196.0,-1.352
va_reclaim-GC-tf15|london|,d_atr0p25_pts7-r3,False,False,294,-24016.0,-1.488
va_reclaim-GC-tf15|london|,d_atr0p25_pct0p1-r0,False,False,307,-24148.0,-2.687
va_reclaim-GC-tf15|london|,d_atr0p25_pct0p1-r1,False,False,330,-16130.0,-4.717
va_reclaim-GC-tf15|london|,d_atr0p25_pct0p1-r2,False,False,328,-15082.0,-3.271
va_reclaim-GC-tf15|london|,d_atr0p25_pct0p1-r3,False,False,321,-19124.0,-3.611
va_reclaim-GC-tf15|london|,d_atr0p25_pct0p2-r0,False,False,296,-22204.0,-1.74
va_reclaim-GC-tf15|london|,d_atr0p25_pct0p2-r1,False,False,326,-11914.0,-1.739
va_reclaim-GC-tf15|london|,d_atr0p25_pct0p2-r2,False,False,306,-9684.0,-1.055
va_reclaim-GC-tf15|london|,d_atr0p25_pct0p2-r3,False,False,298,-10342.0,-0.974
va_reclaim-GC-tf15|london|,d_atr0p5_atr1p5-r0,False,False,279,-16636.0,-1.446
va_reclaim-GC-tf15|london|,d_atr0p5_atr1p5-r1,False,False,299,-12606.0,-2.216
va_reclaim-GC-tf15|london|,d_atr0p5_atr1p5-r2,False,False,295,-11990.0,-1.539
va_reclaim-GC-tf15|london|,d_atr0p5_atr1p5-r3,False,False,285,-9680.0,-1.067
va_reclaim-GC-tf15|london|,d_atr0p5_atr3-r0,False,False,274,-6506.0,-0.385
va_reclaim-GC-tf15|london|,d_atr0p5_atr3-r1,False,False,293,-17702.0,-1.625
va_reclaim-GC-tf15|london|,d_atr0p5_atr3-r2,False,False,275,-7050.0,-0.521
va_reclaim-GC-tf15|london|,d_atr0p5_atr3-r3,False,False,274,-7916.0,-0.529
va_reclaim-GC-tf15|london|,d_atr0p5_pts2-r0,False,False,281,-17174.0,-1.886
va_reclaim-GC-tf15|london|,d_atr0p5_pts2-r1,False,False,300,-12950.0,-3.693
va_reclaim-GC-tf15|london|,d_atr0p5_pts2-r2,False,False,300,-11740.0,-2.453
va_reclaim-GC-tf15|london|,d_atr0p5_pts2-r3,False,False,292,-17008.0,-3.117
va_reclaim-GC-tf15|london|,d_atr0p5_pts3-r0,False,False,279,-18426.0,-1.645
va_reclaim-GC-tf15|london|,d_atr0p5_pts3-r1,False,False,300,-13680.0,-2.604
va_reclaim-GC-tf15|london|,d_atr0p5_pts3-r2,False,False,291,-15744.0,-2.257
va_reclaim-GC-tf15|london|,d_atr0p5_pts3-r3,False,False,284,-13266.0,-1.6
va_reclaim-GC-tf15|london|,d_atr0p5_pts5-r0,False,False,276,-22794.0,-1.62
va_reclaim-GC-tf15|london|,d_atr0p5_pts5-r1,False,False,296,-27234.0,-3.176
va_reclaim-GC-tf15|london|,d_atr0p5_pts5-r2,False,False,278,-14742.0,-1.319
va_reclaim-GC-tf15|london|,d_atr0p5_pts5-r3,False,False,277,-17638.0,-1.404
va_reclaim-GC-tf15|london|,d_atr0p5_pts7-r0,False,False,274,-19856.0,-1.151
va_reclaim-GC-tf15|london|,d_atr0p5_pts7-r1,False,False,283,-19102.0,-1.643
va_reclaim-GC-tf15|london|,d_atr0p5_pts7-r2,False,False,275,-23670.0,-1.656
va_reclaim-GC-tf15|london|,d_atr0p5_pts7-r3,False,False,275,-21160.0,-1.342
va_reclaim-GC-tf15|london|,d_atr0p5_pct0p1-r0,False,False,284,-23156.0,-2.826
va_reclaim-GC-tf15|london|,d_atr0p5_pct0p1-r1,False,False,300,-14320.0,-4.384
va_reclaim-GC-tf15|london|,d_atr0p5_pct0p1-r2,False,False,300,-12180.0,-2.729
va_reclaim-GC-tf15|london|,d_atr0p5_pct0p1-r3,False,False,295,-17540.0,-3.446
va_reclaim-GC-tf15|london|,d_atr0p5_pct0p2-r0,False,False,277,-22658.0,-1.915
va_reclaim-GC-tf15|london|,d_atr0p5_pct0p2-r1,False,False,299,-10436.0,-1.588
va_reclaim-GC-tf15|london|,d_atr0p5_pct0p2-r2,False,False,284,-9836.0,-1.113
va_reclaim-GC-tf15|london|,d_atr0p5_pct0p2-r3,False,False,279,-10706.0,-1.047
va_reclaim-GC-tf15|mid|,d_atr0_atr1p5-r0,False,False,144,-17086.0,-3.13
va_reclaim-GC-tf15|mid|,d_atr0_atr1p5-r1,False,False,147,-13258.0,-2.583
va_reclaim-GC-tf15|mid|,d_atr0_atr1p5-r2,False,False,145,-13990.0,-2.531
va_reclaim-GC-tf15|mid|,d_atr0_atr1p5-r3,False,False,144,-16946.0,-3.125
va_reclaim-GC-tf15|mid|,d_atr0_atr3-r0,False,False,144,-26756.0,-3.802
va_reclaim-GC-tf15|mid|,d_atr0_atr3-r1,False,False,145,-24080.0,-3.495
va_reclaim-GC-tf15|mid|,d_atr0_atr3-r2,False,False,144,-26216.0,-3.649
va_reclaim-GC-tf15|mid|,d_atr0_atr3-r3,False,False,144,-26026.0,-3.589
va_reclaim-GC-tf15|mid|,d_atr0_pts2-r0,False,False,145,-9380.0,-2.409
va_reclaim-GC-tf15|mid|,d_atr0_pts2-r1,False,False,153,-6802.0,-2.74
va_reclaim-GC-tf15|mid|,d_atr0_pts2-r2,False,False,148,-8982.0,-2.927
va_reclaim-GC-tf15|mid|,d_atr0_pts2-r3,False,False,147,-8098.0,-2.295
va_reclaim-GC-tf15|mid|,d_atr0_pts3-r0,False,False,145,-11040.0,-2.382
va_reclaim-GC-tf15|mid|,d_atr0_pts3-r1,False,False,151,-11304.0,-3.238
va_reclaim-GC-tf15|mid|,d_atr0_pts3-r2,False,False,147,-8848.0,-2.047
va_reclaim-GC-tf15|mid|,d_atr0_pts3-r3,False,False,146,-9234.0,-1.991
va_reclaim-GC-tf15|mid|,d_atr0_pts5-r0,False,False,144,-14606.0,-2.609
va_reclaim-GC-tf15|mid|,d_atr0_pts5-r1,False,False,147,-11498.0,-2.29
va_reclaim-GC-tf15|mid|,d_atr0_pts5-r2,False,False,144,-14656.0,-2.699
va_reclaim-GC-tf15|mid|,d_atr0_pts5-r3,False,False,144,-14826.0,-2.68
va_reclaim-GC-tf15|mid|,d_atr0_pts7-r0,False,False,144,-21546.0,-3.434
va_reclaim-GC-tf15|mid|,d_atr0_pts7-r1,False,False,147,-15048.0,-2.465
va_reclaim-GC-tf15|mid|,d_atr0_pts7-r2,False,False,144,-22066.0,-3.596
va_reclaim-GC-tf15|mid|,d_atr0_pts7-r3,False,False,144,-20536.0,-3.117
va_reclaim-GC-tf15|mid|,d_atr0_pct0p1-r0,False,False,145,-9330.0,-2.48
va_reclaim-GC-tf15|mid|,d_atr0_pct0p1-r1,False,False,153,-6252.0,-2.684
va_reclaim-GC-tf15|mid|,d_atr0_pct0p1-r2,False,False,148,-9582.0,-3.399
va_reclaim-GC-tf15|mid|,d_atr0_pct0p1-r3,False,False,147,-8388.0,-2.538
va_reclaim-GC-tf15|mid|,d_atr0_pct0p2-r0,False,False,144,-13916.0,-2.834
va_reclaim-GC-tf15|mid|,d_atr0_pct0p2-r1,False,False,148,-12542.0,-3.058
va_reclaim-GC-tf15|mid|,d_atr0_pct0p2-r2,False,False,146,-9864.0,-1.985
va_reclaim-GC-tf15|mid|,d_atr0_pct0p2-r3,False,False,144,-14426.0,-3.047
va_reclaim-GC-tf15|mid|,d_atr0p25_atr1p5-r0,False,False,117,-14558.0,-3.16
va_reclaim-GC-tf15|mid|,d_atr0p25_atr1p5-r1,False,False,118,-10852.0,-2.419
va_reclaim-GC-tf15|mid|,d_atr0p25_atr1p5-r2,False,False,118,-12892.0,-2.77
va_reclaim-GC-tf15|mid|,d_atr0p25_atr1p5-r3,False,False,117,-14958.0,-3.34
va_reclaim-GC-tf15|mid|,d_atr0p25_atr3-r0,False,False,117,-21838.0,-3.882
va_reclaim-GC-tf15|mid|,d_atr0p25_atr3-r1,False,False,118,-18472.0,-3.252
va_reclaim-GC-tf15|mid|,d_atr0p25_atr3-r2,False,False,117,-21868.0,-3.894
va_reclaim-GC-tf15|mid|,d_atr0p25_atr3-r3,False,False,117,-21108.0,-3.583
va_reclaim-GC-tf15|mid|,d_atr0p25_pts2-r0,False,False,117,-11298.0,-3.824
va_reclaim-GC-tf15|mid|,d_atr0p25_pts2-r1,False,False,121,-8104.0,-3.779
va_reclaim-GC-tf15|mid|,d_atr0p25_pts2-r2,False,False,118,-9502.0,-3.677
va_reclaim-GC-tf15|mid|,d_atr0p25_pts2-r3,False,False,118,-8742.0,-2.937
va_reclaim-GC-tf15|mid|,d_atr0p25_pts3-r0,False,False,117,-11498.0,-3.049
va_reclaim-GC-tf15|mid|,d_atr0p25_pts3-r1,False,False,120,-10190.0,-3.326
va_reclaim-GC-tf15|mid|,d_atr0p25_pts3-r2,False,False,118,-8872.0,-2.387
va_reclaim-GC-tf15|mid|,d_atr0p25_pts3-r3,False,False,118,-10912.0,-2.9
va_reclaim-GC-tf15|mid|,d_atr0p25_pts5-r0,False,False,117,-14128.0,-3.13
va_reclaim-GC-tf15|mid|,d_atr0p25_pts5-r1,False,False,118,-10202.0,-2.33
va_reclaim-GC-tf15|mid|,d_atr0p25_pts5-r2,False,False,117,-13558.0,-2.959
va_reclaim-GC-tf15|mid|,d_atr0p25_pts5-r3,False,False,117,-13508.0,-2.883
va_reclaim-GC-tf15|mid|,d_atr0p25_pts7-r0,False,False,117,-19498.0,-3.829
va_reclaim-GC-tf15|mid|,d_atr0p25_pts7-r1,False,False,118,-13932.0,-2.674
va_reclaim-GC-tf15|mid|,d_atr0p25_pts7-r2,False,False,117,-19078.0,-3.677
va_reclaim-GC-tf15|mid|,d_atr0p25_pts7-r3,False,False,117,-18938.0,-3.568
va_reclaim-GC-tf15|mid|,d_atr0p25_pct0p1-r0,False,False,117,-11488.0,-4.12
va_reclaim-GC-tf15|mid|,d_atr0p25_pct0p1-r1,False,False,121,-7794.0,-3.88
va_reclaim-GC-tf15|mid|,d_atr0p25_pct0p1-r2,False,False,118,-10022.0,-4.274
va_reclaim-GC-tf15|mid|,d_atr0p25_pct0p1-r3,False,False,118,-9002.0,-3.243
va_reclaim-GC-tf15|mid|,d_atr0p25_pct0p2-r0,False,False,117,-11968.0,-2.909
va_reclaim-GC-tf15|mid|,d_atr0p25_pct0p2-r1,False,False,118,-10942.0,-3.089
va_reclaim-GC-tf15|mid|,d_atr0p25_pct0p2-r2,False,False,118,-10292.0,-2.461
va_reclaim-GC-tf15|mid|,d_atr0p25_pct0p2-r3,False,False,117,-12258.0,-3.068
va_reclaim-GC-tf15|mid|,d_atr0p5_atr1p5-r0,False,False,84,-10456.0,-2.705
va_reclaim-GC-tf15|mid|,d_atr0p5_atr1p5-r1,False,False,85,-8680.0,-2.397
va_reclaim-GC-tf15|mid|,d_atr0p5_atr1p5-r2,False,False,85,-9040.0,-2.347
va_reclaim-GC-tf15|mid|,d_atr0p5_atr1p5-r3,False,False,84,-10856.0,-2.926
va_reclaim-GC-tf15|mid|,d_atr0p5_atr3-r0,False,False,84,-12776.0,-2.914
va_reclaim-GC-tf15|mid|,d_atr0p5_atr3-r1,False,False,85,-9660.0,-2.215
va_reclaim-GC-tf15|mid|,d_atr0p5_atr3-r2,False,False,84,-12806.0,-2.929
va_reclaim-GC-tf15|mid|,d_atr0p5_atr3-r3,False,False,84,-12046.0,-2.554
va_reclaim-GC-tf15|mid|,d_atr0p5_pts2-r0,False,False,84,-9466.0,-3.862
va_reclaim-GC-tf15|mid|,d_atr0p5_pts2-r1,False,False,86,-6954.0,-3.931
va_reclaim-GC-tf15|mid|,d_atr0p5_pts2-r2,False,False,85,-8790.0,-4.329
va_reclaim-GC-tf15|mid|,d_atr0p5_pts2-r3,False,False,85,-8330.0,-3.578
va_reclaim-GC-tf15|mid|,d_atr0p5_pts3-r0,False,False,84,-9136.0,-2.818
va_reclaim-GC-tf15|mid|,d_atr0p5_pts3-r1,False,False,86,-8744.0,-3.446
va_reclaim-GC-tf15|mid|,d_atr0p5_pts3-r2,False,False,85,-8030.0,-2.62
va_reclaim-GC-tf15|mid|,d_atr0p5_pts3-r3,False,False,85,-8610.0,-2.678
va_reclaim-GC-tf15|mid|,d_atr0p5_pts5-r0,False,False,84,-10236.0,-2.694
va_reclaim-GC-tf15|mid|,d_atr0p5_pts5-r1,False,False,85,-8010.0,-2.24
va_reclaim-GC-tf15|mid|,d_atr0p5_pts5-r2,False,False,84,-10296.0,-2.762
va_reclaim-GC-tf15|mid|,d_atr0p5_pts5-r3,False,False,84,-10276.0,-2.717
va_reclaim-GC-tf15|mid|,d_atr0p5_pts7-r0,False,False,84,-12606.0,-3.04
va_reclaim-GC-tf15|mid|,d_atr0p5_pts7-r1,False,False,85,-9210.0,-2.218
va_reclaim-GC-tf15|mid|,d_atr0p5_pts7-r2,False,False,84,-12746.0,-3.116
va_reclaim-GC-tf15|mid|,d_atr0p5_pts7-r3,False,False,84,-12046.0,-2.734
va_reclaim-GC-tf15|mid|,d_atr0p5_pct0p1-r0,False,False,84,-9296.0,-4.004
va_reclaim-GC-tf15|mid|,d_atr0p5_pct0p1-r1,False,False,86,-7024.0,-4.278
va_reclaim-GC-tf15|mid|,d_atr0p5_pct0p1-r2,False,False,85,-8810.0,-4.793
va_reclaim-GC-tf15|mid|,d_atr0p5_pct0p1-r3,False,False,85,-8430.0,-3.994
va_reclaim-GC-tf15|mid|,d_atr0p5_pct0p2-r0,False,False,84,-9646.0,-2.758
va_reclaim-GC-tf15|mid|,d_atr0p5_pct0p2-r1,False,False,85,-9810.0,-3.374
va_reclaim-GC-tf15|mid|,d_atr0p5_pct0p2-r2,False,False,85,-8870.0,-2.565
va_reclaim-GC-tf15|mid|,d_atr0p5_pct0p2-r3,False,False,84,-10156.0,-3.092
va_reclaim-GC-tf15|nyam|,d_atr0_atr1p5-r0,False,False,209,264.0,0.024
va_reclaim-GC-tf15|nyam|,d_atr0_atr1p5-r1,False,False,229,-1736.0,-0.243
va_reclaim-GC-tf15|nyam|,d_atr0_atr1p5-r2,False,False,212,-3768.0,-0.429
va_reclaim-GC-tf15|nyam|,d_atr0_atr1p5-r3,False,False,210,-8900.0,-0.946
va_reclaim-GC-tf15|nyam|,d_atr0_atr3-r0,False,False,204,-11006.0,-0.874
va_reclaim-GC-tf15|nyam|,d_atr0_atr3-r1,False,False,208,-13592.0,-1.287
va_reclaim-GC-tf15|nyam|,d_atr0_atr3-r2,False,False,204,-15896.0,-1.374
va_reclaim-GC-tf15|nyam|,d_atr0_atr3-r3,False,False,204,-13796.0,-1.153
va_reclaim-GC-tf15|nyam|,d_atr0_pts2-r0,False,False,221,8136.0,0.87
va_reclaim-GC-tf15|nyam|,d_atr0_pts2-r1,False,False,246,-5504.0,-1.712
va_reclaim-GC-tf15|nyam|,d_atr0_pts2-r2,False,False,241,-2764.0,-0.621
va_reclaim-GC-tf15|nyam|,d_atr0_pts2-r3,False,False,231,2296.0,0.421
va_reclaim-GC-tf15|nyam|,d_atr0_pts3-r0,False,False,212,7982.0,0.777
va_reclaim-GC-tf15|nyam|,d_atr0_pts3-r1,False,False,239,-1236.0,-0.262
va_reclaim-GC-tf15|nyam|,d_atr0_pts3-r2,False,False,222,5152.0,0.806
va_reclaim-GC-tf15|nyam|,d_atr0_pts3-r3,False,False,214,-66.0,-0.009
va_reclaim-GC-tf15|nyam|,d_atr0_pts5-r0,False,False,208,-1282.0,-0.114
va_reclaim-GC-tf15|nyam|,d_atr0_pts5-r1,False,False,223,-2922.0,-0.405
va_reclaim-GC-tf15|nyam|,d_atr0_pts5-r2,False,False,209,-10546.0,-1.229
va_reclaim-GC-tf15|nyam|,d_atr0_pts5-r3,False,False,209,-8196.0,-0.849
va_reclaim-GC-tf15|nyam|,d_atr0_pts7-r0,False,False,205,-11570.0,-0.962
va_reclaim-GC-tf15|nyam|,d_atr0_pts7-r1,False,False,215,-7920.0,-0.86
va_reclaim-GC-tf15|nyam|,d_atr0_pts7-r2,False,False,207,-18908.0,-1.808
va_reclaim-GC-tf15|nyam|,d_atr0_pts7-r3,False,False,205,-15760.0,-1.425
va_reclaim-GC-tf15|nyam|,d_atr0_pct0p1-r0,False,False,222,11692.0,1.24
va_reclaim-GC-tf15|nyam|,d_atr0_pct0p1-r1,False,False,247,-6258.0,-2.069
va_reclaim-GC-tf15|nyam|,d_atr0_pct0p1-r2,False,False,243,-1312.0,-0.309
va_reclaim-GC-tf15|nyam|,d_atr0_pct0p1-r3,False,False,232,2622.0,0.508
va_reclaim-GC-tf15|nyam|,d_atr0_pct0p2-r0,False,False,210,3490.0,0.328
va_reclaim-GC-tf15|nyam|,d_atr0_pct0p2-r1,False,False,237,812.0,0.139
va_reclaim-GC-tf15|nyam|,d_atr0_pct0p2-r2,False,False,216,1956.0,0.263
va_reclaim-GC-tf15|nyam|,d_atr0_pct0p2-r3,False,False,211,-7424.0,-0.927
va_reclaim-GC-tf15|nyam|,d_atr0p25_atr1p5-r0,False,False,191,-2434.0,-0.242
va_reclaim-GC-tf15|nyam|,d_atr0p25_atr1p5-r1,False,False,205,-2710.0,-0.4
va_reclaim-GC-tf15|nyam|,d_atr0p25_atr1p5-r2,False,False,193,-3072.0,-0.37
va_reclaim-GC-tf15|nyam|,d_atr0p25_atr1p5-r3,False,False,192,-6788.0,-0.749
va_reclaim-GC-tf15|nyam|,d_atr0p25_atr3-r0,False,False,188,-11562.0,-1.004
va_reclaim-GC-tf15|nyam|,d_atr0p25_atr3-r1,False,False,191,-10654.0,-1.063
va_reclaim-GC-tf15|nyam|,d_atr0p25_atr3-r2,False,False,188,-14072.0,-1.287
va_reclaim-GC-tf15|nyam|,d_atr0p25_atr3-r3,False,False,188,-12662.0,-1.125
va_reclaim-GC-tf15|nyam|,d_atr0p25_pts2-r0,False,False,199,3834.0,0.469
va_reclaim-GC-tf15|nyam|,d_atr0p25_pts2-r1,False,False,217,-6688.0,-2.221
va_reclaim-GC-tf15|nyam|,d_atr0p25_pts2-r2,False,False,214,-3726.0,-0.891
va_reclaim-GC-tf15|nyam|,d_atr0p25_pts2-r3,False,False,207,2742.0,0.526
va_reclaim-GC-tf15|nyam|,d_atr0p25_pts3-r0,False,False,193,4068.0,0.443
va_reclaim-GC-tf15|nyam|,d_atr0p25_pts3-r1,False,False,214,-3146.0,-0.704
va_reclaim-GC-tf15|nyam|,d_atr0p25_pts3-r2,False,False,201,5886.0,0.958
va_reclaim-GC-tf15|nyam|,d_atr0p25_pts3-r3,False,False,195,1670.0,0.239
va_reclaim-GC-tf15|nyam|,d_atr0p25_pts5-r0,False,False,190,-3510.0,-0.345
va_reclaim-GC-tf15|nyam|,d_atr0p25_pts5-r1,False,False,200,-3440.0,-0.5
va_reclaim-GC-tf15|nyam|,d_atr0p25_pts5-r2,False,False,191,-8584.0,-1.052
va_reclaim-GC-tf15|nyam|,d_atr0p25_pts5-r3,False,False,191,-6274.0,-0.677
va_reclaim-GC-tf15|nyam|,d_atr0p25_pts7-r0,False,False,188,-13972.0,-1.272
va_reclaim-GC-tf15|nyam|,d_atr0p25_pts7-r1,False,False,196,-8634.0,-0.987
va_reclaim-GC-tf15|nyam|,d_atr0p25_pts7-r2,False,False,190,-17060.0,-1.702
va_reclaim-GC-tf15|nyam|,d_atr0p25_pts7-r3,False,False,188,-16712.0,-1.62
va_reclaim-GC-tf15|nyam|,d_atr0p25_pct0p1-r0,False,False,199,5634.0,0.693
va_reclaim-GC-tf15|nyam|,d_atr0p25_pct0p1-r1,False,False,217,-7128.0,-2.519
va_reclaim-GC-tf15|nyam|,d_atr0p25_pct0p1-r2,False,False,214,-3016.0,-0.763
va_reclaim-GC-tf15|nyam|,d_atr0p25_pct0p1-r3,False,False,207,2692.0,0.547
va_reclaim-GC-tf15|nyam|,d_atr0p25_pct0p2-r0,False,False,191,206.0,0.022
va_reclaim-GC-tf15|nyam|,d_atr0p25_pct0p2-r1,False,False,211,-94.0,-0.017
va_reclaim-GC-tf15|nyam|,d_atr0p25_pct0p2-r2,False,False,195,2970.0,0.416
va_reclaim-GC-tf15|nyam|,d_atr0p25_pct0p2-r3,False,False,192,-5898.0,-0.773
va_reclaim-GC-tf15|nyam|,d_atr0p5_atr1p5-r0,False,False,165,8650.0,0.809
va_reclaim-GC-tf15|nyam|,d_atr0p5_atr1p5-r1,False,False,174,1414.0,0.223
va_reclaim-GC-tf15|nyam|,d_atr0p5_atr1p5-r2,False,False,166,2496.0,0.313
va_reclaim-GC-tf15|nyam|,d_atr0p5_atr1p5-r3,False,False,166,1276.0,0.144
va_reclaim-GC-tf15|nyam|,d_atr0p5_atr3-r0,False,False,165,-1590.0,-0.135
va_reclaim-GC-tf15|nyam|,d_atr0p5_atr3-r1,False,False,166,-6354.0,-0.669
va_reclaim-GC-tf15|nyam|,d_atr0p5_atr3-r2,False,False,165,-7530.0,-0.722
va_reclaim-GC-tf15|nyam|,d_atr0p5_atr3-r3,False,False,165,-4510.0,-0.408
va_reclaim-GC-tf15|nyam|,d_atr0p5_pts2-r0,False,False,168,10568.0,1.184
va_reclaim-GC-tf15|nyam|,d_atr0p5_pts2-r1,False,False,179,-3476.0,-1.265
va_reclaim-GC-tf15|nyam|,d_atr0p5_pts2-r2,False,False,177,-1908.0,-0.497
va_reclaim-GC-tf15|nyam|,d_atr0p5_pts2-r3,False,False,174,3324.0,0.691
va_reclaim-GC-tf15|nyam|,d_atr0p5_pts3-r0,False,False,167,13332.0,1.349
va_reclaim-GC-tf15|nyam|,d_atr0p5_pts3-r1,False,False,178,-992.0,-0.243
va_reclaim-GC-tf15|nyam|,d_atr0p5_pts3-r2,False,False,173,8738.0,1.514
va_reclaim-GC-tf15|nyam|,d_atr0p5_pts3-r3,False,False,169,8224.0,1.201
va_reclaim-GC-tf15|nyam|,d_atr0p5_pts5-r0,False,False,165,7770.0,0.724
va_reclaim-GC-tf15|nyam|,d_atr0p5_pts5-r1,False,False,172,1462.0,0.229
va_reclaim-GC-tf15|nyam|,d_atr0p5_pts5-r2,False,False,166,86.0,0.011
va_reclaim-GC-tf15|nyam|,d_atr0p5_pts5-r3,False,False,166,1956.0,0.217
va_reclaim-GC-tf15|nyam|,d_atr0p5_pts7-r0,False,False,165,-920.0,-0.081
va_reclaim-GC-tf15|nyam|,d_atr0p5_pts7-r1,False,False,170,-1630.0,-0.199
va_reclaim-GC-tf15|nyam|,d_atr0p5_pts7-r2,False,False,166,-7474.0,-0.772
va_reclaim-GC-tf15|nyam|,d_atr0p5_pts7-r3,False,False,165,-5880.0,-0.578
va_reclaim-GC-tf15|nyam|,d_atr0p5_pct0p1-r0,False,False,168,12228.0,1.378
va_reclaim-GC-tf15|nyam|,d_atr0p5_pct0p1-r1,False,False,179,-3666.0,-1.418
va_reclaim-GC-tf15|nyam|,d_atr0p5_pct0p1-r2,False,False,177,-1798.0,-0.497
va_reclaim-GC-tf15|nyam|,d_atr0p5_pct0p1-r3,False,False,174,3394.0,0.744
va_reclaim-GC-tf15|nyam|,d_atr0p5_pct0p2-r0,False,False,166,10776.0,1.06
va_reclaim-GC-tf15|nyam|,d_atr0p5_pct0p2-r1,False,False,175,2290.0,0.457
va_reclaim-GC-tf15|nyam|,d_atr0p5_pct0p2-r2,False,False,168,8568.0,1.263
va_reclaim-GC-tf15|nyam|,d_atr0p5_pct0p2-r3,False,False,167,2562.0,0.34
va_reclaim-GC-tf15|pm|,d_atr0_atr1p5-r0,False,False,107,-3068.0,-0.577
va_reclaim-GC-tf15|pm|,d_atr0_atr1p5-r1,False,False,107,-6278.0,-1.974
va_reclaim-GC-tf15|pm|,d_atr0_atr1p5-r2,False,False,107,-3928.0,-0.969
va_reclaim-GC-tf15|pm|,d_atr0_atr1p5-r3,False,False,107,-6228.0,-1.799
va_reclaim-GC-tf15|pm|,d_atr0_atr3-r0,False,False,107,772.0,0.12
va_reclaim-GC-tf15|pm|,d_atr0_atr3-r1,False,False,107,-3718.0,-0.807
va_reclaim-GC-tf15|pm|,d_atr0_atr3-r2,False,False,107,-2758.0,-0.577
va_reclaim-GC-tf15|pm|,d_atr0_atr3-r3,False,False,107,-668.0,-0.12
va_reclaim-GC-tf15|pm|,d_atr0_pts2-r0,False,False,107,-2118.0,-0.447
va_reclaim-GC-tf15|pm|,d_atr0_pts2-r1,False,False,110,-3880.0,-2.078
va_reclaim-GC-tf15|pm|,d_atr0_pts2-r2,False,False,107,-6618.0,-3.296
va_reclaim-GC-tf15|pm|,d_atr0_pts2-r3,False,False,107,-5488.0,-2.386
va_reclaim-GC-tf15|pm|,d_atr0_pts3-r0,False,False,107,-2518.0,-0.509
va_reclaim-GC-tf15|pm|,d_atr0_pts3-r1,False,False,110,-4320.0,-1.811
va_reclaim-GC-tf15|pm|,d_atr0_pts3-r2,False,False,107,-5148.0,-1.896
va_reclaim-GC-tf15|pm|,d_atr0_pts3-r3,False,False,107,-4368.0,-1.446
va_reclaim-GC-tf15|pm|,d_atr0_pts5-r0,False,False,107,-2278.0,-0.435
va_reclaim-GC-tf15|pm|,d_atr0_pts5-r1,False,False,107,-5598.0,-1.924
va_reclaim-GC-tf15|pm|,d_atr0_pts5-r2,False,False,107,-5338.0,-1.588
va_reclaim-GC-tf15|pm|,d_atr0_pts5-r3,False,False,107,-4158.0,-1.099
va_reclaim-GC-tf15|pm|,d_atr0_pts7-r0,False,False,107,2252.0,0.368
va_reclaim-GC-tf15|pm|,d_atr0_pts7-r1,False,False,107,-3458.0,-0.994
va_reclaim-GC-tf15|pm|,d_atr0_pts7-r2,False,False,107,-1208.0,-0.28
va_reclaim-GC-tf15|pm|,d_atr0_pts7-r3,False,False,107,1592.0,0.298
va_reclaim-GC-tf15|pm|,d_atr0_pct0p1-r0,False,False,107,-1358.0,-0.289
va_reclaim-GC-tf15|pm|,d_atr0_pct0p1-r1,False,False,110,-2940.0,-1.666
va_reclaim-GC-tf15|pm|,d_atr0_pct0p1-r2,False,False,109,-5636.0,-2.825
va_reclaim-GC-tf15|pm|,d_atr0_pct0p1-r3,False,False,107,-4918.0,-2.241
va_reclaim-GC-tf15|pm|,d_atr0_pct0p2-r0,False,False,107,-1478.0,-0.288
va_reclaim-GC-tf15|pm|,d_atr0_pct0p2-r1,False,False,109,-5506.0,-2.128
va_reclaim-GC-tf15|pm|,d_atr0_pct0p2-r2,False,False,107,-4438.0,-1.485
va_reclaim-GC-tf15|pm|,d_atr0_pct0p2-r3,False,False,107,-4138.0,-1.238
va_reclaim-GC-tf15|pm|,d_atr0p25_atr1p5-r0,False,False,87,-3008.0,-0.917
va_reclaim-GC-tf15|pm|,d_atr0p25_atr1p5-r1,False,False,87,-3158.0,-1.018
va_reclaim-GC-tf15|pm|,d_atr0p25_atr1p5-r2,False,False,87,-828.0,-0.203
va_reclaim-GC-tf15|pm|,d_atr0p25_atr1p5-r3,False,False,87,-2398.0,-0.687
va_reclaim-GC-tf15|pm|,d_atr0p25_atr3-r0,False,False,87,-638.0,-0.142
va_reclaim-GC-tf15|pm|,d_atr0p25_atr3-r1,False,False,87,-88.0,-0.02
va_reclaim-GC-tf15|pm|,d_atr0p25_atr3-r2,False,False,87,-238.0,-0.053
va_reclaim-GC-tf15|pm|,d_atr0p25_atr3-r3,False,False,87,-638.0,-0.142
va_reclaim-GC-tf15|pm|,d_atr0p25_pts2-r0,False,False,87,-4758.0,-2.255
va_reclaim-GC-tf15|pm|,d_atr0p25_pts2-r1,False,False,89,-3376.0,-2.013
va_reclaim-GC-tf15|pm|,d_atr0p25_pts2-r2,False,False,87,-5448.0,-3.028
va_reclaim-GC-tf15|pm|,d_atr0p25_pts2-r3,False,False,87,-4468.0,-2.143
va_reclaim-GC-tf15|pm|,d_atr0p25_pts3-r0,False,False,87,-2308.0,-0.862
va_reclaim-GC-tf15|pm|,d_atr0p25_pts3-r1,False,False,89,-3196.0,-1.512
va_reclaim-GC-tf15|pm|,d_atr0p25_pts3-r2,False,False,87,-2468.0,-0.976
va_reclaim-GC-tf15|pm|,d_atr0p25_pts3-r3,False,False,87,-1848.0,-0.656
va_reclaim-GC-tf15|pm|,d_atr0p25_pts5-r0,False,False,87,-2468.0,-0.776
va_reclaim-GC-tf15|pm|,d_atr0p25_pts5-r1,False,False,87,-3578.0,-1.307
va_reclaim-GC-tf15|pm|,d_atr0p25_pts5-r2,False,False,87,-1898.0,-0.571
va_reclaim-GC-tf15|pm|,d_atr0p25_pts5-r3,False,False,87,-218.0,-0.056
va_reclaim-GC-tf15|pm|,d_atr0p25_pts7-r0,False,False,87,162.0,0.038
va_reclaim-GC-tf15|pm|,d_atr0p25_pts7-r1,False,False,87,-1328.0,-0.405
va_reclaim-GC-tf15|pm|,d_atr0p25_pts7-r2,False,False,87,922.0,0.223
va_reclaim-GC-tf15|pm|,d_atr0p25_pts7-r3,False,False,87,2272.0,0.474
va_reclaim-GC-tf15|pm|,d_atr0p25_pct0p1-r0,False,False,87,-4158.0,-2.013
va_reclaim-GC-tf15|pm|,d_atr0p25_pct0p1-r1,False,False,89,-2836.0,-1.795
va_reclaim-GC-tf15|pm|,d_atr0p25_pct0p1-r2,False,False,89,-5256.0,-3.03
va_reclaim-GC-tf15|pm|,d_atr0p25_pct0p1-r3,False,False,87,-4128.0,-2.108
va_reclaim-GC-tf15|pm|,d_atr0p25_pct0p2-r0,False,False,87,-1678.0,-0.552
va_reclaim-GC-tf15|pm|,d_atr0p25_pct0p2-r1,False,False,89,-4206.0,-1.773
va_reclaim-GC-tf15|pm|,d_atr0p25_pct0p2-r2,False,False,87,-2518.0,-0.907
va_reclaim-GC-tf15|pm|,d_atr0p25_pct0p2-r3,False,False,87,-778.0,-0.236
va_reclaim-GC-tf15|pm|,d_atr0p5_atr1p5-r0,False,False,68,-2922.0,-0.965
va_reclaim-GC-tf15|pm|,d_atr0p5_atr1p5-r1,False,False,68,-2702.0,-0.924
va_reclaim-GC-tf15|pm|,d_atr0p5_atr1p5-r2,False,False,68,-742.0,-0.191
va_reclaim-GC-tf15|pm|,d_atr0p5_atr1p5-r3,False,False,68,-2312.0,-0.71
va_reclaim-GC-tf15|pm|,d_atr0p5_atr3-r0,False,False,68,-942.0,-0.217
va_reclaim-GC-tf15|pm|,d_atr0p5_atr3-r1,False,False,68,-392.0,-0.091
va_reclaim-GC-tf15|pm|,d_atr0p5_atr3-r2,False,False,68,-542.0,-0.125
va_reclaim-GC-tf15|pm|,d_atr0p5_atr3-r3,False,False,68,-942.0,-0.217
va_reclaim-GC-tf15|pm|,d_atr0p5_pts2-r0,False,False,68,-5222.0,-2.981
va_reclaim-GC-tf15|pm|,d_atr0p5_pts2-r1,False,False,70,-4160.0,-2.814
va_reclaim-GC-tf15|pm|,d_atr0p5_pts2-r2,False,False,68,-5542.0,-3.586
va_reclaim-GC-tf15|pm|,d_atr0p5_pts2-r3,False,False,68,-4682.0,-2.548
va_reclaim-GC-tf15|pm|,d_atr0p5_pts3-r0,False,False,68,-2272.0,-0.956
va_reclaim-GC-tf15|pm|,d_atr0p5_pts3-r1,False,False,70,-2960.0,-1.579
va_reclaim-GC-tf15|pm|,d_atr0p5_pts3-r2,False,False,68,-2182.0,-0.952
va_reclaim-GC-tf15|pm|,d_atr0p5_pts3-r3,False,False,68,-1812.0,-0.715
va_reclaim-GC-tf15|pm|,d_atr0p5_pts5-r0,False,False,68,-2772.0,-0.937
va_reclaim-GC-tf15|pm|,d_atr0p5_pts5-r1,False,False,68,-3532.0,-1.376
va_reclaim-GC-tf15|pm|,d_atr0p5_pts5-r2,False,False,68,-2202.0,-0.707
va_reclaim-GC-tf15|pm|,d_atr0p5_pts5-r3,False,False,68,-522.0,-0.14
va_reclaim-GC-tf15|pm|,d_atr0p5_pts7-r0,False,False,68,-142.0,-0.035
va_reclaim-GC-tf15|pm|,d_atr0p5_pts7-r1,False,False,68,-1482.0,-0.477
va_reclaim-GC-tf15|pm|,d_atr0p5_pts7-r2,False,False,68,618.0,0.155
va_reclaim-GC-tf15|pm|,d_atr0p5_pts7-r3,False,False,68,1968.0,0.422
va_reclaim-GC-tf15|pm|,d_atr0p5_pct0p1-r0,False,False,68,-4682.0,-2.738
va_reclaim-GC-tf15|pm|,d_atr0p5_pct0p1-r1,False,False,70,-3580.0,-2.578
va_reclaim-GC-tf15|pm|,d_atr0p5_pct0p1-r2,False,False,70,-5360.0,-3.587
va_reclaim-GC-tf15|pm|,d_atr0p5_pct0p1-r3,False,False,68,-4352.0,-2.531
va_reclaim-GC-tf15|pm|,d_atr0p5_pct0p2-r0,False,False,68,-1562.0,-0.564
va_reclaim-GC-tf15|pm|,d_atr0p5_pct0p2-r1,False,False,70,-3670.0,-1.712
va_reclaim-GC-tf15|pm|,d_atr0p5_pct0p2-r2,False,False,68,-2282.0,-0.908
va_reclaim-GC-tf15|pm|,d_atr0p5_pct0p2-r3,False,False,68,-662.0,-0.217
va_reclaim-GC-tf15|pre|,d_atr0_atr1p5-r0,False,False,200,-4990.0,-0.471
va_reclaim-GC-tf15|pre|,d_atr0_atr1p5-r1,False,False,217,382.0,0.064
va_reclaim-GC-tf15|pre|,d_atr0_atr1p5-r2,False,False,209,-5476.0,-0.706
va_reclaim-GC-tf15|pre|,d_atr0_atr1p5-r3,False,False,204,-546.0,-0.06
va_reclaim-GC-tf15|pre|,d_atr0_atr3-r0,False,False,196,-11104.0,-0.848
va_reclaim-GC-tf15|pre|,d_atr0_atr3-r1,False,False,205,-7840.0,-0.747
va_reclaim-GC-tf15|pre|,d_atr0_atr3-r2,False,False,197,-7868.0,-0.626
va_reclaim-GC-tf15|pre|,d_atr0_atr3-r3,False,False,196,-12694.0,-1.009
va_reclaim-GC-tf15|pre|,d_atr0_pts2-r0,False,False,204,-11336.0,-1.634
va_reclaim-GC-tf15|pre|,d_atr0_pts2-r1,False,False,224,-2836.0,-0.922
va_reclaim-GC-tf15|pre|,d_atr0_pts2-r2,False,False,215,-880.0,-0.207
va_reclaim-GC-tf15|pre|,d_atr0_pts2-r3,False,False,212,-268.0,-0.052
va_reclaim-GC-tf15|pre|,d_atr0_pts3-r0,False,False,202,-10358.0,-1.154
va_reclaim-GC-tf15|pre|,d_atr0_pts3-r1,False,False,220,-5640.0,-1.246
va_reclaim-GC-tf15|pre|,d_atr0_pts3-r2,False,False,212,-668.0,-0.107
va_reclaim-GC-tf15|pre|,d_atr0_pts3-r3,False,False,206,-2774.0,-0.379
va_reclaim-GC-tf15|pre|,d_atr0_pts5-r0,False,False,199,-6716.0,-0.595
va_reclaim-GC-tf15|pre|,d_atr0_pts5-r1,False,False,212,-978.0,-0.134
va_reclaim-GC-tf15|pre|,d_atr0_pts5-r2,False,False,201,-3644.0,-0.39
va_reclaim-GC-tf15|pre|,d_atr0_pts5-r3,False,False,200,-6030.0,-0.586
va_reclaim-GC-tf15|pre|,d_atr0_pts7-r0,False,False,197,-10148.0,-0.805
va_reclaim-GC-tf15|pre|,d_atr0_pts7-r1,False,False,204,324.0,0.034
va_reclaim-GC-tf15|pre|,d_atr0_pts7-r2,False,False,198,-8352.0,-0.721
va_reclaim-GC-tf15|pre|,d_atr0_pts7-r3,False,False,197,-11648.0,-0.962
va_reclaim-GC-tf15|pre|,d_atr0_pct0p1-r0,False,False,206,-9454.0,-1.372
va_reclaim-GC-tf15|pre|,d_atr0_pct0p1-r1,False,False,225,-4080.0,-1.412
va_reclaim-GC-tf15|pre|,d_atr0_pct0p1-r2,False,False,219,-1806.0,-0.45
va_reclaim-GC-tf15|pre|,d_atr0_pct0p1-r3,False,False,214,-1876.0,-0.388
va_reclaim-GC-tf15|pre|,d_atr0_pct0p2-r0,False,False,202,-258.0,-0.024
va_reclaim-GC-tf15|pre|,d_atr0_pct0p2-r1,False,False,218,4278.0,0.761
va_reclaim-GC-tf15|pre|,d_atr0_pct0p2-r2,False,False,208,6688.0,0.862
va_reclaim-GC-tf15|pre|,d_atr0_pct0p2-r3,False,False,204,104.0,0.012
va_reclaim-GC-tf15|pre|,d_atr0p25_atr1p5-r0,False,False,178,-9212.0,-0.952
va_reclaim-GC-tf15|pre|,d_atr0p25_atr1p5-r1,False,False,191,-5214.0,-0.929
va_reclaim-GC-tf15|pre|,d_atr0p25_atr1p5-r2,False,False,186,-8904.0,-1.236
va_reclaim-GC-tf15|pre|,d_atr0p25_atr1p5-r3,False,False,181,-4594.0,-0.545
va_reclaim-GC-tf15|pre|,d_atr0p25_atr3-r0,False,False,173,-11562.0,-0.948
va_reclaim-GC-tf15|pre|,d_atr0p25_atr3-r1,False,False,181,-8444.0,-0.854
va_reclaim-GC-tf15|pre|,d_atr0p25_atr3-r2,False,False,174,-6756.0,-0.579
va_reclaim-GC-tf15|pre|,d_atr0p25_atr3-r3,False,False,173,-13082.0,-1.123
va_reclaim-GC-tf15|pre|,d_atr0p25_pts2-r0,False,False,184,-11766.0,-1.863
va_reclaim-GC-tf15|pre|,d_atr0p25_pts2-r1,False,False,195,-2780.0,-0.969
va_reclaim-GC-tf15|pre|,d_atr0p25_pts2-r2,False,False,192,-2668.0,-0.67
va_reclaim-GC-tf15|pre|,d_atr0p25_pts2-r3,False,False,190,-2850.0,-0.595
va_reclaim-GC-tf15|pre|,d_atr0p25_pts3-r0,False,False,180,-7670.0,-0.882
va_reclaim-GC-tf15|pre|,d_atr0p25_pts3-r1,False,False,193,-6922.0,-1.636
va_reclaim-GC-tf15|pre|,d_atr0p25_pts3-r2,False,False,188,-3142.0,-0.541
va_reclaim-GC-tf15|pre|,d_atr0p25_pts3-r3,False,False,184,-2336.0,-0.34
va_reclaim-GC-tf15|pre|,d_atr0p25_pts5-r0,False,False,177,-14948.0,-1.465
va_reclaim-GC-tf15|pre|,d_atr0p25_pts5-r1,False,False,187,-7318.0,-1.067
va_reclaim-GC-tf15|pre|,d_atr0p25_pts5-r2,False,False,178,-11492.0,-1.359
va_reclaim-GC-tf15|pre|,d_atr0p25_pts5-r3,False,False,177,-14618.0,-1.609
va_reclaim-GC-tf15|pre|,d_atr0p25_pts7-r0,False,False,174,-11486.0,-0.982
va_reclaim-GC-tf15|pre|,d_atr0p25_pts7-r1,False,False,180,-4160.0,-0.461
va_reclaim-GC-tf15|pre|,d_atr0p25_pts7-r2,False,False,174,-10296.0,-0.972
va_reclaim-GC-tf15|pre|,d_atr0p25_pts7-r3,False,False,174,-14446.0,-1.321
va_reclaim-GC-tf15|pre|,d_atr0p25_pct0p1-r0,False,False,185,-9830.0,-1.568
va_reclaim-GC-tf15|pre|,d_atr0p25_pct0p1-r1,False,False,195,-3390.0,-1.264
va_reclaim-GC-tf15|pre|,d_atr0p25_pct0p1-r2,False,False,195,-2560.0,-0.682
va_reclaim-GC-tf15|pre|,d_atr0p25_pct0p1-r3,False,False,191,-2554.0,-0.566
va_reclaim-GC-tf15|pre|,d_atr0p25_pct0p2-r0,False,False,180,-8420.0,-0.875
va_reclaim-GC-tf15|pre|,d_atr0p25_pct0p2-r1,False,False,193,-3012.0,-0.57
va_reclaim-GC-tf15|pre|,d_atr0p25_pct0p2-r2,False,False,185,-3240.0,-0.46
va_reclaim-GC-tf15|pre|,d_atr0p25_pct0p2-r3,False,False,181,-7084.0,-0.889
va_reclaim-GC-tf15|pre|,d_atr0p5_atr1p5-r0,False,False,148,-8212.0,-0.947
va_reclaim-GC-tf15|pre|,d_atr0p5_atr1p5-r1,False,False,156,-4104.0,-0.791
va_reclaim-GC-tf15|pre|,d_atr0p5_atr1p5-r2,False,False,153,-6942.0,-1.016
va_reclaim-GC-tf15|pre|,d_atr0p5_atr1p5-r3,False,False,150,-4280.0,-0.544
va_reclaim-GC-tf15|pre|,d_atr0p5_atr3-r0,False,False,144,-11196.0,-1.017
va_reclaim-GC-tf15|pre|,d_atr0p5_atr3-r1,False,False,149,-7836.0,-0.848
va_reclaim-GC-tf15|pre|,d_atr0p5_atr3-r2,False,False,145,-4970.0,-0.453
va_reclaim-GC-tf15|pre|,d_atr0p5_atr3-r3,False,False,144,-12086.0,-1.12
va_reclaim-GC-tf15|pre|,d_atr0p5_pts2-r0,False,False,152,-8278.0,-1.34
va_reclaim-GC-tf15|pre|,d_atr0p5_pts2-r1,False,False,159,-1636.0,-0.631
va_reclaim-GC-tf15|pre|,d_atr0p5_pts2-r2,False,False,157,-3108.0,-0.87
va_reclaim-GC-tf15|pre|,d_atr0p5_pts2-r3,False,False,156,-1014.0,-0.229
va_reclaim-GC-tf15|pre|,d_atr0p5_pts3-r0,False,False,150,-6570.0,-0.859
va_reclaim-GC-tf15|pre|,d_atr0p5_pts3-r1,False,False,158,-6302.0,-1.647
va_reclaim-GC-tf15|pre|,d_atr0p5_pts3-r2,False,False,155,-1930.0,-0.362
va_reclaim-GC-tf15|pre|,d_atr0p5_pts3-r3,False,False,153,-2862.0,-0.456
va_reclaim-GC-tf15|pre|,d_atr0p5_pts5-r0,False,False,148,-13572.0,-1.49
va_reclaim-GC-tf15|pre|,d_atr0p5_pts5-r1,False,False,154,-8936.0,-1.433
va_reclaim-GC-tf15|pre|,d_atr0p5_pts5-r2,False,False,149,-10656.0,-1.368
va_reclaim-GC-tf15|pre|,d_atr0p5_pts5-r3,False,False,148,-12402.0,-1.468
va_reclaim-GC-tf15|pre|,d_atr0p5_pts7-r0,False,False,145,-12660.0,-1.202
va_reclaim-GC-tf15|pre|,d_atr0p5_pts7-r1,False,False,149,-4386.0,-0.527
va_reclaim-GC-tf15|pre|,d_atr0p5_pts7-r2,False,False,145,-11580.0,-1.193
va_reclaim-GC-tf15|pre|,d_atr0p5_pts7-r3,False,False,145,-13950.0,-1.37
va_reclaim-GC-tf15|pre|,d_atr0p5_pct0p1-r0,False,False,153,-6682.0,-1.09
va_reclaim-GC-tf15|pre|,d_atr0p5_pct0p1-r1,False,False,159,-2036.0,-0.84
va_reclaim-GC-tf15|pre|,d_atr0p5_pct0p1-r2,False,False,159,-2246.0,-0.663
va_reclaim-GC-tf15|pre|,d_atr0p5_pct0p1-r3,False,False,157,-1218.0,-0.293
va_reclaim-GC-tf15|pre|,d_atr0p5_pct0p2-r0,False,False,150,-9300.0,-1.087
va_reclaim-GC-tf15|pre|,d_atr0p5_pct0p2-r1,False,False,158,-6192.0,-1.298
va_reclaim-GC-tf15|pre|,d_atr0p5_pct0p2-r2,False,False,154,-3376.0,-0.519
va_reclaim-GC-tf15|pre|,d_atr0p5_pct0p2-r3,False,False,151,-10304.0,-1.444
va_reclaim-GC-tf1|asia|,d_atr0_atr1p5-r0,False,False,307,-12498.0,-2.552
va_reclaim-GC-tf1|asia|,d_atr0_atr1p5-r1,False,False,315,-5380.0,-4.167
va_reclaim-GC-tf1|asia|,d_atr0_atr1p5-r2,False,False,315,-6980.0,-4.037
va_reclaim-GC-tf1|asia|,d_atr0_atr1p5-r3,False,False,315,-7870.0,-3.914
va_reclaim-GC-tf1|asia|,d_atr0_atr3-r0,False,False,300,2430.0,0.235
va_reclaim-GC-tf1|asia|,d_atr0_atr3-r1,False,False,315,-4530.0,-1.803
va_reclaim-GC-tf1|asia|,d_atr0_atr3-r2,False,False,315,-1650.0,-0.466
va_reclaim-GC-tf1|asia|,d_atr0_atr3-r3,False,False,315,-1210.0,-0.276
va_reclaim-GC-tf1|asia|,d_atr0_pts2-r0,False,False,291,66.0,0.005
va_reclaim-GC-tf1|asia|,d_atr0_pts2-r1,False,False,314,-5306.0,-1.459
va_reclaim-GC-tf1|asia|,d_atr0_pts2-r2,False,False,306,-3894.0,-0.775
va_reclaim-GC-tf1|asia|,d_atr0_pts2-r3,False,False,297,-2018.0,-0.331
va_reclaim-GC-tf1|asia|,d_atr0_pts3-r0,False,False,291,-2824.0,-0.209
va_reclaim-GC-tf1|asia|,d_atr0_pts3-r1,False,False,313,-5572.0,-1.031
va_reclaim-GC-tf1|asia|,d_atr0_pts3-r2,False,False,297,-2268.0,-0.305
va_reclaim-GC-tf1|asia|,d_atr0_pts3-r3,False,False,292,2312.0,0.254
va_reclaim-GC-tf1|asia|,d_atr0_pts5-r0,False,False,291,2726.0,0.153
va_reclaim-GC-tf1|asia|,d_atr0_pts5-r1,False,False,301,-3244.0,-0.37
va_reclaim-GC-tf1|asia|,d_atr0_pts5-r2,False,False,292,1282.0,0.107
va_reclaim-GC-tf1|asia|,d_atr0_pts5-r3,False,False,291,-9644.0,-0.712
va_reclaim-GC-tf1|asia|,d_atr0_pts7-r0,False,False,291,986.0,0.049
va_reclaim-GC-tf1|asia|,d_atr0_pts7-r1,False,False,293,-11942.0,-1.002
va_reclaim-GC-tf1|asia|,d_atr0_pts7-r2,False,False,291,-10484.0,-0.684
va_reclaim-GC-tf1|asia|,d_atr0_pts7-r3,False,False,291,-13824.0,-0.829
va_reclaim-GC-tf1|asia|,d_atr0_pct0p1-r0,False,False,292,3802.0,0.315
va_reclaim-GC-tf1|asia|,d_atr0_pct0p1-r1,False,False,314,-5946.0,-1.75
va_reclaim-GC-tf1|asia|,d_atr0_pct0p1-r2,False,False,310,-3530.0,-0.748
va_reclaim-GC-tf1|asia|,d_atr0_pct0p1-r3,False,False,301,-2044.0,-0.357
va_reclaim-GC-tf1|asia|,d_atr0_pct0p2-r0,False,False,291,736.0,0.049
va_reclaim-GC-tf1|asia|,d_atr0_pct0p2-r1,False,False,309,-896.0,-0.135
va_reclaim-GC-tf1|asia|,d_atr0_pct0p2-r2,False,False,294,-1026.0,-0.112
va_reclaim-GC-tf1|asia|,d_atr0_pct0p2-r3,False,False,292,-988.0,-0.091
va_reclaim-GC-tf1|asia|,d_atr0p25_atr1p5-r0,False,False,300,-11900.0,-2.43
va_reclaim-GC-tf1|asia|,d_atr0p25_atr1p5-r1,False,False,308,-5272.0,-4.133
va_reclaim-GC-tf1|asia|,d_atr0p25_atr1p5-r2,False,False,308,-7122.0,-4.193
va_reclaim-GC-tf1|asia|,d_atr0p25_atr1p5-r3,False,False,308,-7842.0,-3.96
va_reclaim-GC-tf1|asia|,d_atr0p25_atr3-r0,False,False,294,-1406.0,-0.142
va_reclaim-GC-tf1|asia|,d_atr0p25_atr3-r1,False,False,308,-4342.0,-1.747
va_reclaim-GC-tf1|asia|,d_atr0p25_atr3-r2,False,False,308,-1422.0,-0.406
va_reclaim-GC-tf1|asia|,d_atr0p25_atr3-r3,False,False,308,-1302.0,-0.3
va_reclaim-GC-tf1|asia|,d_atr0p25_pts2-r0,False,False,286,726.0,0.06
va_reclaim-GC-tf1|asia|,d_atr0p25_pts2-r1,False,False,307,-5858.0,-1.63
va_reclaim-GC-tf1|asia|,d_atr0p25_pts2-r2,False,False,301,-4044.0,-0.812
va_reclaim-GC-tf1|asia|,d_atr0p25_pts2-r3,False,False,292,-2568.0,-0.426
va_reclaim-GC-tf1|asia|,d_atr0p25_pts3-r0,False,False,286,-1744.0,-0.129
va_reclaim-GC-tf1|asia|,d_atr0p25_pts3-r1,False,False,306,-3984.0,-0.745
va_reclaim-GC-tf1|asia|,d_atr0p25_pts3-r2,False,False,292,-1608.0,-0.218
va_reclaim-GC-tf1|asia|,d_atr0p25_pts3-r3,False,False,287,2672.0,0.296
va_reclaim-GC-tf1|asia|,d_atr0p25_pts5-r0,False,False,286,6566.0,0.367
va_reclaim-GC-tf1|asia|,d_atr0p25_pts5-r1,False,False,296,-1684.0,-0.193
va_reclaim-GC-tf1|asia|,d_atr0p25_pts5-r2,False,False,287,2342.0,0.196
va_reclaim-GC-tf1|asia|,d_atr0p25_pts5-r3,False,False,286,-5734.0,-0.422
va_reclaim-GC-tf1|asia|,d_atr0p25_pts7-r0,False,False,286,3716.0,0.186
va_reclaim-GC-tf1|asia|,d_atr0p25_pts7-r1,False,False,288,-11212.0,-0.949
va_reclaim-GC-tf1|asia|,d_atr0p25_pts7-r2,False,False,286,-7784.0,-0.51
va_reclaim-GC-tf1|asia|,d_atr0p25_pts7-r3,False,False,286,-11124.0,-0.67
va_reclaim-GC-tf1|asia|,d_atr0p25_pct0p1-r0,False,False,286,2386.0,0.2
va_reclaim-GC-tf1|asia|,d_atr0p25_pct0p1-r1,False,False,307,-5648.0,-1.682
va_reclaim-GC-tf1|asia|,d_atr0p25_pct0p1-r2,False,False,304,-3426.0,-0.733
va_reclaim-GC-tf1|asia|,d_atr0p25_pct0p1-r3,False,False,295,-2310.0,-0.408
va_reclaim-GC-tf1|asia|,d_atr0p25_pct0p2-r0,False,False,286,2136.0,0.142
va_reclaim-GC-tf1|asia|,d_atr0p25_pct0p2-r1,False,False,304,334.0,0.051
va_reclaim-GC-tf1|asia|,d_atr0p25_pct0p2-r2,False,False,289,-166.0,-0.018
va_reclaim-GC-tf1|asia|,d_atr0p25_pct0p2-r3,False,False,287,-468.0,-0.043
va_reclaim-GC-tf1|asia|,d_atr0p5_atr1p5-r0,False,False,285,-12940.0,-2.757
va_reclaim-GC-tf1|asia|,d_atr0p5_atr1p5-r1,False,False,293,-5312.0,-4.266
va_reclaim-GC-tf1|asia|,d_atr0p5_atr1p5-r2,False,False,293,-6822.0,-4.114
va_reclaim-GC-tf1|asia|,d_atr0p5_atr1p5-r3,False,False,293,-7542.0,-3.941
va_reclaim-GC-tf1|asia|,d_atr0p5_atr3-r0,False,False,280,1380.0,0.139
va_reclaim-GC-tf1|asia|,d_atr0p5_atr3-r1,False,False,293,-4722.0,-1.946
va_reclaim-GC-tf1|asia|,d_atr0p5_atr3-r2,False,False,293,-2092.0,-0.614
va_reclaim-GC-tf1|asia|,d_atr0p5_atr3-r3,False,False,293,-952.0,-0.226
va_reclaim-GC-tf1|asia|,d_atr0p5_pts2-r0,False,False,274,3154.0,0.263
va_reclaim-GC-tf1|asia|,d_atr0p5_pts2-r1,False,False,292,-5928.0,-1.691
va_reclaim-GC-tf1|asia|,d_atr0p5_pts2-r2,False,False,287,-5928.0,-1.23
va_reclaim-GC-tf1|asia|,d_atr0p5_pts2-r3,False,False,279,-4646.0,-0.798
va_reclaim-GC-tf1|asia|,d_atr0p5_pts3-r0,False,False,274,554.0,0.041
va_reclaim-GC-tf1|asia|,d_atr0p5_pts3-r1,False,False,291,-5374.0,-1.031
va_reclaim-GC-tf1|asia|,d_atr0p5_pts3-r2,False,False,279,-2986.0,-0.416
va_reclaim-GC-tf1|asia|,d_atr0p5_pts3-r3,False,False,275,2810.0,0.317
va_reclaim-GC-tf1|asia|,d_atr0p5_pts5-r0,False,False,274,9734.0,0.557
va_reclaim-GC-tf1|asia|,d_atr0p5_pts5-r1,False,False,282,-1538.0,-0.181
va_reclaim-GC-tf1|asia|,d_atr0p5_pts5-r2,False,False,275,8400.0,0.712
va_reclaim-GC-tf1|asia|,d_atr0p5_pts5-r3,False,False,274,14.0,0.001
va_reclaim-GC-tf1|asia|,d_atr0p5_pts7-r0,False,False,274,7904.0,0.404
va_reclaim-GC-tf1|asia|,d_atr0p5_pts7-r1,False,False,276,-8304.0,-0.718
va_reclaim-GC-tf1|asia|,d_atr0p5_pts7-r2,False,False,274,-1716.0,-0.114
va_reclaim-GC-tf1|asia|,d_atr0p5_pts7-r3,False,False,274,-5836.0,-0.358
va_reclaim-GC-tf1|asia|,d_atr0p5_pct0p1-r0,False,False,274,4674.0,0.394
va_reclaim-GC-tf1|asia|,d_atr0p5_pct0p1-r1,False,False,292,-6058.0,-1.851
va_reclaim-GC-tf1|asia|,d_atr0p5_pct0p1-r2,False,False,288,-5872.0,-1.306
va_reclaim-GC-tf1|asia|,d_atr0p5_pct0p1-r3,False,False,281,-4714.0,-0.867
va_reclaim-GC-tf1|asia|,d_atr0p5_pct0p2-r0,False,False,274,5294.0,0.354
va_reclaim-GC-tf1|asia|,d_atr0p5_pct0p2-r1,False,False,288,-1702.0,-0.265
va_reclaim-GC-tf1|asia|,d_atr0p5_pct0p2-r2,False,False,277,-1038.0,-0.117
va_reclaim-GC-tf1|asia|,d_atr0p5_pct0p2-r3,False,False,275,1380.0,0.13
va_reclaim-GC-tf1|eve|,d_atr0_atr1p5-r0,False,False,460,-14370.0,-1.882
va_reclaim-GC-tf1|eve|,d_atr0_atr1p5-r1,False,False,470,-11530.0,-5.318
va_reclaim-GC-tf1|eve|,d_atr0_atr1p5-r2,False,False,469,-15046.0,-5.56
va_reclaim-GC-tf1|eve|,d_atr0_atr1p5-r3,False,False,469,-18776.0,-6.115
va_reclaim-GC-tf1|eve|,d_atr0_atr3-r0,False,False,443,-11632.0,-1.078
va_reclaim-GC-tf1|eve|,d_atr0_atr3-r1,False,False,469,-15286.0,-3.588
va_reclaim-GC-tf1|eve|,d_atr0_atr3-r2,False,False,468,-14962.0,-2.771
va_reclaim-GC-tf1|eve|,d_atr0_atr3-r3,False,False,462,-11108.0,-1.748
va_reclaim-GC-tf1|eve|,d_atr0_pts2-r0,False,False,425,-18860.0,-1.397
va_reclaim-GC-tf1|eve|,d_atr0_pts2-r1,False,False,470,-14090.0,-3.183
va_reclaim-GC-tf1|eve|,d_atr0_pts2-r2,False,False,461,-9014.0,-1.475
va_reclaim-GC-tf1|eve|,d_atr0_pts2-r3,False,False,446,-16904.0,-2.392
va_reclaim-GC-tf1|eve|,d_atr0_pts3-r0,False,False,416,-29364.0,-1.927
va_reclaim-GC-tf1|eve|,d_atr0_pts3-r1,False,False,467,-17938.0,-2.731
va_reclaim-GC-tf1|eve|,d_atr0_pts3-r2,False,False,439,-22286.0,-2.575
va_reclaim-GC-tf1|eve|,d_atr0_pts3-r3,False,False,420,-22530.0,-2.218
va_reclaim-GC-tf1|eve|,d_atr0_pts5-r0,False,False,414,-31276.0,-1.552
va_reclaim-GC-tf1|eve|,d_atr0_pts5-r1,False,False,447,-30848.0,-2.906
va_reclaim-GC-tf1|eve|,d_atr0_pts5-r2,False,False,418,-36302.0,-2.634
va_reclaim-GC-tf1|eve|,d_atr0_pts5-r3,False,False,414,-32596.0,-2.027
va_reclaim-GC-tf1|eve|,d_atr0_pts7-r0,False,False,414,-41176.0,-1.77
va_reclaim-GC-tf1|eve|,d_atr0_pts7-r1,False,False,427,-53288.0,-3.752
va_reclaim-GC-tf1|eve|,d_atr0_pts7-r2,False,False,414,-50976.0,-2.823
va_reclaim-GC-tf1|eve|,d_atr0_pts7-r3,False,False,414,-54566.0,-2.746
va_reclaim-GC-tf1|eve|,d_atr0_pct0p1-r0,False,False,427,-14018.0,-1.039
va_reclaim-GC-tf1|eve|,d_atr0_pct0p1-r1,False,False,470,-12930.0,-3.117
va_reclaim-GC-tf1|eve|,d_atr0_pct0p1-r2,False,False,464,-10206.0,-1.788
va_reclaim-GC-tf1|eve|,d_atr0_pct0p1-r3,False,False,452,-14408.0,-2.154
va_reclaim-GC-tf1|eve|,d_atr0_pct0p2-r0,False,False,416,-20304.0,-1.138
va_reclaim-GC-tf1|eve|,d_atr0_pct0p2-r1,False,False,463,-10062.0,-1.233
va_reclaim-GC-tf1|eve|,d_atr0_pct0p2-r2,False,False,428,-27932.0,-2.646
va_reclaim-GC-tf1|eve|,d_atr0_pct0p2-r3,False,False,419,-18936.0,-1.482
va_reclaim-GC-tf1|eve|,d_atr0p25_atr1p5-r0,False,False,453,-20412.0,-3.744
va_reclaim-GC-tf1|eve|,d_atr0p25_atr1p5-r1,False,False,459,-10686.0,-5.403
va_reclaim-GC-tf1|eve|,d_atr0p25_atr1p5-r2,False,False,459,-14406.0,-5.776
va_reclaim-GC-tf1|eve|,d_atr0p25_atr1p5-r3,False,False,459,-16586.0,-5.622
va_reclaim-GC-tf1|eve|,d_atr0p25_atr3-r0,False,False,435,-20060.0,-2.176
va_reclaim-GC-tf1|eve|,d_atr0p25_atr3-r1,False,False,459,-16656.0,-4.31
va_reclaim-GC-tf1|eve|,d_atr0p25_atr3-r2,False,False,458,-13512.0,-2.62
va_reclaim-GC-tf1|eve|,d_atr0p25_atr3-r3,False,False,452,-12548.0,-2.081
va_reclaim-GC-tf1|eve|,d_atr0p25_pts2-r0,False,False,415,-25940.0,-2.095
va_reclaim-GC-tf1|eve|,d_atr0p25_pts2-r1,False,False,459,-12966.0,-2.961
va_reclaim-GC-tf1|eve|,d_atr0p25_pts2-r2,False,False,450,-7880.0,-1.301
va_reclaim-GC-tf1|eve|,d_atr0p25_pts2-r3,False,False,434,-15956.0,-2.284
va_reclaim-GC-tf1|eve|,d_atr0p25_pts3-r0,False,False,408,-37002.0,-2.604
va_reclaim-GC-tf1|eve|,d_atr0p25_pts3-r1,False,False,456,-16314.0,-2.512
va_reclaim-GC-tf1|eve|,d_atr0p25_pts3-r2,False,False,429,-21876.0,-2.557
va_reclaim-GC-tf1|eve|,d_atr0p25_pts3-r3,False,False,412,-23648.0,-2.363
va_reclaim-GC-tf1|eve|,d_atr0p25_pts5-r0,False,False,407,-40178.0,-2.074
va_reclaim-GC-tf1|eve|,d_atr0p25_pts5-r1,False,False,437,-28738.0,-2.736
va_reclaim-GC-tf1|eve|,d_atr0p25_pts5-r2,False,False,411,-40254.0,-2.971
va_reclaim-GC-tf1|eve|,d_atr0p25_pts5-r3,False,False,407,-37808.0,-2.397
va_reclaim-GC-tf1|eve|,d_atr0p25_pts7-r0,False,False,407,-47078.0,-2.085
va_reclaim-GC-tf1|eve|,d_atr0p25_pts7-r1,False,False,417,-51788.0,-3.69
va_reclaim-GC-tf1|eve|,d_atr0p25_pts7-r2,False,False,407,-53228.0,-2.995
va_reclaim-GC-tf1|eve|,d_atr0p25_pts7-r3,False,False,407,-57888.0,-2.969
va_reclaim-GC-tf1|eve|,d_atr0p25_pct0p1-r0,False,False,417,-21128.0,-1.708
va_reclaim-GC-tf1|eve|,d_atr0p25_pct0p1-r1,False,False,459,-11936.0,-2.91
va_reclaim-GC-tf1|eve|,d_atr0p25_pct0p1-r2,False,False,453,-9142.0,-1.617
va_reclaim-GC-tf1|eve|,d_atr0p25_pct0p1-r3,False,False,440,-13530.0,-2.047
va_reclaim-GC-tf1|eve|,d_atr0p25_pct0p2-r0,False,False,408,-27492.0,-1.619
va_reclaim-GC-tf1|eve|,d_atr0p25_pct0p2-r1,False,False,452,-7298.0,-0.905
va_reclaim-GC-tf1|eve|,d_atr0p25_pct0p2-r2,False,False,418,-26392.0,-2.526
va_reclaim-GC-tf1|eve|,d_atr0p25_pct0p2-r3,False,False,411,-20634.0,-1.642
va_reclaim-GC-tf1|eve|,d_atr0p5_atr1p5-r0,False,False,438,-14262.0,-2.192
va_reclaim-GC-tf1|eve|,d_atr0p5_atr1p5-r1,False,False,445,-10390.0,-5.323
va_reclaim-GC-tf1|eve|,d_atr0p5_atr1p5-r2,False,False,445,-14220.0,-5.81
va_reclaim-GC-tf1|eve|,d_atr0p5_atr1p5-r3,False,False,445,-15550.0,-5.336
va_reclaim-GC-tf1|eve|,d_atr0p5_atr3-r0,False,False,420,-18380.0,-1.962
va_reclaim-GC-tf1|eve|,d_atr0p5_atr3-r1,False,False,445,-15170.0,-3.969
va_reclaim-GC-tf1|eve|,d_atr0p5_atr3-r2,False,False,445,-12180.0,-2.394
va_reclaim-GC-tf1|eve|,d_atr0p5_atr3-r3,False,False,438,-11962.0,-2.032
va_reclaim-GC-tf1|eve|,d_atr0p5_pts2-r0,False,False,403,-25592.0,-2.061
va_reclaim-GC-tf1|eve|,d_atr0p5_pts2-r1,False,False,445,-11190.0,-2.592
va_reclaim-GC-tf1|eve|,d_atr0p5_pts2-r2,False,False,438,-7742.0,-1.296
va_reclaim-GC-tf1|eve|,d_atr0p5_pts2-r3,False,False,420,-17000.0,-2.493
va_reclaim-GC-tf1|eve|,d_atr0p5_pts3-r0,False,False,398,-29372.0,-1.992
va_reclaim-GC-tf1|eve|,d_atr0p5_pts3-r1,False,False,444,-14376.0,-2.241
va_reclaim-GC-tf1|eve|,d_atr0p5_pts3-r2,False,False,417,-19928.0,-2.354
va_reclaim-GC-tf1|eve|,d_atr0p5_pts3-r3,False,False,400,-22300.0,-2.256
va_reclaim-GC-tf1|eve|,d_atr0p5_pts5-r0,False,False,398,-35412.0,-1.816
va_reclaim-GC-tf1|eve|,d_atr0p5_pts5-r1,False,False,425,-29630.0,-2.863
va_reclaim-GC-tf1|eve|,d_atr0p5_pts5-r2,False,False,400,-40630.0,-3.049
va_reclaim-GC-tf1|eve|,d_atr0p5_pts5-r3,False,False,398,-35232.0,-2.252
va_reclaim-GC-tf1|eve|,d_atr0p5_pts7-r0,False,False,398,-37382.0,-1.648
va_reclaim-GC-tf1|eve|,d_atr0p5_pts7-r1,False,False,406,-48344.0,-3.496
va_reclaim-GC-tf1|eve|,d_atr0p5_pts7-r2,False,False,398,-44222.0,-2.495
va_reclaim-GC-tf1|eve|,d_atr0p5_pts7-r3,False,False,398,-50642.0,-2.613
va_reclaim-GC-tf1|eve|,d_atr0p5_pct0p1-r0,False,False,405,-20980.0,-1.691
va_reclaim-GC-tf1|eve|,d_atr0p5_pct0p1-r1,False,False,445,-10300.0,-2.546
va_reclaim-GC-tf1|eve|,d_atr0p5_pct0p1-r2,False,False,441,-9104.0,-1.633
va_reclaim-GC-tf1|eve|,d_atr0p5_pct0p1-r3,False,False,426,-15304.0,-2.38
va_reclaim-GC-tf1|eve|,d_atr0p5_pct0p2-r0,False,False,398,-27202.0,-1.601
va_reclaim-GC-tf1|eve|,d_atr0p5_pct0p2-r1,False,False,440,-8050.0,-1.012
va_reclaim-GC-tf1|eve|,d_atr0p5_pct0p2-r2,False,False,406,-26474.0,-2.576
va_reclaim-GC-tf1|eve|,d_atr0p5_pct0p2-r3,False,False,400,-21190.0,-1.716
va_reclaim-GC-tf1|london|,d_atr0_atr1p5-r0,False,False,398,-2762.0,-0.28
va_reclaim-GC-tf1|london|,d_atr0_atr1p5-r1,False,False,419,-8036.0,-3.779
va_reclaim-GC-tf1|london|,d_atr0_atr1p5-r2,False,False,419,-12436.0,-4.452
va_reclaim-GC-tf1|london|,d_atr0_atr1p5-r3,False,False,418,-14032.0,-4.305
va_reclaim-GC-tf1|london|,d_atr0_atr3-r0,False,False,376,4236.0,0.315
va_reclaim-GC-tf1|london|,d_atr0_atr3-r1,False,False,419,-5806.0,-1.387
va_reclaim-GC-tf1|london|,d_atr0_atr3-r2,False,False,416,-8744.0,-1.55
va_reclaim-GC-tf1|london|,d_atr0_atr3-r3,False,False,407,-5118.0,-0.74
va_reclaim-GC-tf1|london|,d_atr0_pts2-r0,False,False,368,4018.0,0.303
va_reclaim-GC-tf1|london|,d_atr0_pts2-r1,False,False,419,-6046.0,-1.439
va_reclaim-GC-tf1|london|,d_atr0_pts2-r2,False,False,413,-3002.0,-0.511
va_reclaim-GC-tf1|london|,d_atr0_pts2-r3,False,False,397,-3978.0,-0.567
va_reclaim-GC-tf1|london|,d_atr0_pts3-r0,False,False,356,6006.0,0.387
va_reclaim-GC-tf1|london|,d_atr0_pts3-r1,False,False,419,-4096.0,-0.655
va_reclaim-GC-tf1|london|,d_atr0_pts3-r2,False,False,394,-1406.0,-0.164
va_reclaim-GC-tf1|london|,d_atr0_pts3-r3,False,False,370,-1860.0,-0.186
va_reclaim-GC-tf1|london|,d_atr0_pts5-r0,False,False,348,1508.0,0.084
va_reclaim-GC-tf1|london|,d_atr0_pts5-r1,False,False,400,-16000.0,-1.586
va_reclaim-GC-tf1|london|,d_atr0_pts5-r2,False,False,358,-3462.0,-0.265
va_reclaim-GC-tf1|london|,d_atr0_pts5-r3,False,False,350,840.0,0.056
va_reclaim-GC-tf1|london|,d_atr0_pts7-r0,False,False,343,5528.0,0.267
va_reclaim-GC-tf1|london|,d_atr0_pts7-r1,False,False,376,-9104.0,-0.68
va_reclaim-GC-tf1|london|,d_atr0_pts7-r2,False,False,347,542.0,0.032
va_reclaim-GC-tf1|london|,d_atr0_pts7-r3,False,False,344,714.0,0.039
va_reclaim-GC-tf1|london|,d_atr0_pct0p1-r0,False,False,370,8440.0,0.636
va_reclaim-GC-tf1|london|,d_atr0_pct0p1-r1,False,False,419,-7286.0,-1.852
va_reclaim-GC-tf1|london|,d_atr0_pct0p1-r2,False,False,417,-3138.0,-0.568
va_reclaim-GC-tf1|london|,d_atr0_pct0p1-r3,False,False,403,-3012.0,-0.453
va_reclaim-GC-tf1|london|,d_atr0_pct0p2-r0,False,False,353,1108.0,0.067
va_reclaim-GC-tf1|london|,d_atr0_pct0p2-r1,False,False,416,-5794.0,-0.749
va_reclaim-GC-tf1|london|,d_atr0_pct0p2-r2,False,False,379,-5746.0,-0.557
va_reclaim-GC-tf1|london|,d_atr0_pct0p2-r3,False,False,360,-250.0,-0.02
va_reclaim-GC-tf1|london|,d_atr0p25_atr1p5-r0,False,False,386,-6184.0,-0.658
va_reclaim-GC-tf1|london|,d_atr0p25_atr1p5-r1,False,False,405,-8340.0,-3.972
va_reclaim-GC-tf1|london|,d_atr0p25_atr1p5-r2,False,False,405,-10830.0,-3.876
va_reclaim-GC-tf1|london|,d_atr0p25_atr1p5-r3,False,False,404,-12956.0,-3.974
va_reclaim-GC-tf1|london|,d_atr0p25_atr3-r0,False,False,367,-2988.0,-0.235
va_reclaim-GC-tf1|london|,d_atr0p25_atr3-r1,False,False,405,-6070.0,-1.467
va_reclaim-GC-tf1|london|,d_atr0p25_atr3-r2,False,False,402,-10268.0,-1.858
va_reclaim-GC-tf1|london|,d_atr0p25_atr3-r3,False,False,395,-8490.0,-1.262
va_reclaim-GC-tf1|london|,d_atr0p25_pts2-r0,False,False,358,5628.0,0.422
va_reclaim-GC-tf1|london|,d_atr0p25_pts2-r1,False,False,405,-4680.0,-1.133
va_reclaim-GC-tf1|london|,d_atr0p25_pts2-r2,False,False,400,-3260.0,-0.564
va_reclaim-GC-tf1|london|,d_atr0p25_pts2-r3,False,False,386,-2424.0,-0.348
va_reclaim-GC-tf1|london|,d_atr0p25_pts3-r0,False,False,347,1532.0,0.102
va_reclaim-GC-tf1|london|,d_atr0p25_pts3-r1,False,False,405,-4580.0,-0.745
va_reclaim-GC-tf1|london|,d_atr0p25_pts3-r2,False,False,383,-1602.0,-0.19
va_reclaim-GC-tf1|london|,d_atr0p25_pts3-r3,False,False,360,-2350.0,-0.238
va_reclaim-GC-tf1|london|,d_atr0p25_pts5-r0,False,False,339,-2926.0,-0.168
va_reclaim-GC-tf1|london|,d_atr0p25_pts5-r1,False,False,388,-17912.0,-1.805
va_reclaim-GC-tf1|london|,d_atr0p25_pts5-r2,False,False,350,-4650.0,-0.36
va_reclaim-GC-tf1|london|,d_atr0p25_pts5-r3,False,False,341,-2554.0,-0.175
va_reclaim-GC-tf1|london|,d_atr0p25_pts7-r0,False,False,334,-56.0,-0.003
va_reclaim-GC-tf1|london|,d_atr0p25_pts7-r1,False,False,365,-8280.0,-0.629
va_reclaim-GC-tf1|london|,d_atr0p25_pts7-r2,False,False,338,-3552.0,-0.217
va_reclaim-GC-tf1|london|,d_atr0p25_pts7-r3,False,False,335,-3670.0,-0.202
va_reclaim-GC-tf1|london|,d_atr0p25_pct0p1-r0,False,False,360,9940.0,0.744
va_reclaim-GC-tf1|london|,d_atr0p25_pct0p1-r1,False,False,405,-5960.0,-1.54
va_reclaim-GC-tf1|london|,d_atr0p25_pct0p1-r2,False,False,403,-3192.0,-0.587
va_reclaim-GC-tf1|london|,d_atr0p25_pct0p1-r3,False,False,391,-2844.0,-0.434
va_reclaim-GC-tf1|london|,d_atr0p25_pct0p2-r0,False,False,344,-2906.0,-0.182
va_reclaim-GC-tf1|london|,d_atr0p25_pct0p2-r1,False,False,402,-4948.0,-0.65
va_reclaim-GC-tf1|london|,d_atr0p25_pct0p2-r2,False,False,368,-4742.0,-0.466
va_reclaim-GC-tf1|london|,d_atr0p25_pct0p2-r3,False,False,349,-3176.0,-0.266
va_reclaim-GC-tf1|london|,d_atr0p5_atr1p5-r0,False,False,369,4784.0,0.452
va_reclaim-GC-tf1|london|,d_atr0p5_atr1p5-r1,False,False,389,-6846.0,-3.337
va_reclaim-GC-tf1|london|,d_atr0p5_atr1p5-r2,False,False,389,-8496.0,-3.06
va_reclaim-GC-tf1|london|,d_atr0p5_atr1p5-r3,False,False,388,-10752.0,-3.301
va_reclaim-GC-tf1|london|,d_atr0p5_atr3-r0,False,False,352,-1718.0,-0.139
va_reclaim-GC-tf1|london|,d_atr0p5_atr3-r1,False,False,389,-3136.0,-0.779
va_reclaim-GC-tf1|london|,d_atr0p5_atr3-r2,False,False,386,-9674.0,-1.796
va_reclaim-GC-tf1|london|,d_atr0p5_atr3-r3,False,False,381,-6494.0,-0.982
va_reclaim-GC-tf1|london|,d_atr0p5_pts2-r0,False,False,344,13654.0,1.002
va_reclaim-GC-tf1|london|,d_atr0p5_pts2-r1,False,False,389,-2896.0,-0.715
va_reclaim-GC-tf1|london|,d_atr0p5_pts2-r2,False,False,384,-1666.0,-0.293
va_reclaim-GC-tf1|london|,d_atr0p5_pts2-r3,False,False,373,358.0,0.052
va_reclaim-GC-tf1|london|,d_atr0p5_pts3-r0,False,False,336,1836.0,0.126
va_reclaim-GC-tf1|london|,d_atr0p5_pts3-r1,False,False,389,-776.0,-0.129
va_reclaim-GC-tf1|london|,d_atr0p5_pts3-r2,False,False,372,32.0,0.004
va_reclaim-GC-tf1|london|,d_atr0p5_pts3-r3,False,False,350,-1630.0,-0.167
va_reclaim-GC-tf1|london|,d_atr0p5_pts5-r0,False,False,331,1896.0,0.109
va_reclaim-GC-tf1|london|,d_atr0p5_pts5-r1,False,False,376,-16794.0,-1.718
va_reclaim-GC-tf1|london|,d_atr0p5_pts5-r2,False,False,340,-1140.0,-0.089
va_reclaim-GC-tf1|london|,d_atr0p5_pts5-r3,False,False,332,1362.0,0.094
va_reclaim-GC-tf1|london|,d_atr0p5_pts7-r0,False,False,326,1746.0,0.087
va_reclaim-GC-tf1|london|,d_atr0p5_pts7-r1,False,False,355,-8390.0,-0.646
va_reclaim-GC-tf1|london|,d_atr0p5_pts7-r2,False,False,329,-2826.0,-0.175
va_reclaim-GC-tf1|london|,d_atr0p5_pts7-r3,False,False,327,-2048.0,-0.114
va_reclaim-GC-tf1|london|,d_atr0p5_pct0p1-r0,False,False,345,18000.0,1.32
va_reclaim-GC-tf1|london|,d_atr0p5_pct0p1-r1,False,False,389,-3926.0,-1.034
va_reclaim-GC-tf1|london|,d_atr0p5_pct0p1-r2,False,False,387,-1728.0,-0.323
va_reclaim-GC-tf1|london|,d_atr0p5_pct0p1-r3,False,False,377,-1618.0,-0.251
va_reclaim-GC-tf1|london|,d_atr0p5_pct0p2-r0,False,False,335,-1520.0,-0.098
va_reclaim-GC-tf1|london|,d_atr0p5_pct0p2-r1,False,False,387,-2208.0,-0.296
va_reclaim-GC-tf1|london|,d_atr0p5_pct0p2-r2,False,False,358,-2032.0,-0.202
va_reclaim-GC-tf1|london|,d_atr0p5_pct0p2-r3,False,False,341,1726.0,0.145
va_reclaim-GC-tf1|mid|,d_atr0_atr1p5-r0,False,False,183,-9342.0,-2.617
va_reclaim-GC-tf1|mid|,d_atr0_atr1p5-r1,False,False,195,-3150.0,-1.762
va_reclaim-GC-tf1|mid|,d_atr0_atr1p5-r2,False,False,195,-5120.0,-2.136
va_reclaim-GC-tf1|mid|,d_atr0_atr1p5-r3,False,False,193,-4162.0,-1.433
va_reclaim-GC-tf1|mid|,d_atr0_atr3-r0,False,False,180,-15100.0,-3.311
va_reclaim-GC-tf1|mid|,d_atr0_atr3-r1,False,False,194,-6696.0,-1.949
va_reclaim-GC-tf1|mid|,d_atr0_atr3-r2,False,False,188,-12732.0,-3.034
va_reclaim-GC-tf1|mid|,d_atr0_atr3-r3,False,False,184,-13406.0,-2.955
va_reclaim-GC-tf1|mid|,d_atr0_pts2-r0,False,False,181,-14204.0,-3.342
va_reclaim-GC-tf1|mid|,d_atr0_pts2-r1,False,False,195,-7020.0,-2.497
va_reclaim-GC-tf1|mid|,d_atr0_pts2-r2,False,False,188,-12562.0,-3.647
va_reclaim-GC-tf1|mid|,d_atr0_pts2-r3,False,False,186,-11614.0,-2.918
va_reclaim-GC-tf1|mid|,d_atr0_pts3-r0,False,False,180,-18610.0,-3.747
va_reclaim-GC-tf1|mid|,d_atr0_pts3-r1,False,False,193,-10732.0,-2.68
va_reclaim-GC-tf1|mid|,d_atr0_pts3-r2,False,False,186,-12724.0,-2.581
va_reclaim-GC-tf1|mid|,d_atr0_pts3-r3,False,False,183,-15702.0,-3.055
va_reclaim-GC-tf1|mid|,d_atr0_pts5-r0,False,False,180,-27820.0,-4.726
va_reclaim-GC-tf1|mid|,d_atr0_pts5-r1,False,False,188,-18132.0,-3.165
va_reclaim-GC-tf1|mid|,d_atr0_pts5-r2,False,False,181,-28054.0,-4.818
va_reclaim-GC-tf1|mid|,d_atr0_pts5-r3,False,False,181,-28214.0,-4.758
va_reclaim-GC-tf1|mid|,d_atr0_pts7-r0,False,False,180,-32500.0,-4.747
va_reclaim-GC-tf1|mid|,d_atr0_pts7-r1,False,False,184,-26746.0,-3.972
va_reclaim-GC-tf1|mid|,d_atr0_pts7-r2,False,False,181,-33624.0,-4.97
va_reclaim-GC-tf1|mid|,d_atr0_pts7-r3,False,False,180,-31410.0,-4.388
va_reclaim-GC-tf1|mid|,d_atr0_pct0p1-r0,False,False,181,-12864.0,-3.087
va_reclaim-GC-tf1|mid|,d_atr0_pct0p1-r1,False,False,195,-5210.0,-1.974
va_reclaim-GC-tf1|mid|,d_atr0_pct0p1-r2,False,False,189,-10916.0,-3.305
va_reclaim-GC-tf1|mid|,d_atr0_pct0p1-r3,False,False,187,-9338.0,-2.402
va_reclaim-GC-tf1|mid|,d_atr0_pct0p2-r0,False,False,180,-21840.0,-4.108
va_reclaim-GC-tf1|mid|,d_atr0_pct0p2-r1,False,False,189,-15666.0,-3.372
va_reclaim-GC-tf1|mid|,d_atr0_pct0p2-r2,False,False,184,-18196.0,-3.379
va_reclaim-GC-tf1|mid|,d_atr0_pct0p2-r3,False,False,181,-22104.0,-4.208
va_reclaim-GC-tf1|mid|,d_atr0p25_atr1p5-r0,False,False,180,-10340.0,-2.992
va_reclaim-GC-tf1|mid|,d_atr0p25_atr1p5-r1,False,False,191,-3944.0,-2.225
va_reclaim-GC-tf1|mid|,d_atr0p25_atr1p5-r2,False,False,191,-5874.0,-2.49
va_reclaim-GC-tf1|mid|,d_atr0p25_atr1p5-r3,False,False,189,-4806.0,-1.679
va_reclaim-GC-tf1|mid|,d_atr0p25_atr3-r0,False,False,177,-15128.0,-3.339
va_reclaim-GC-tf1|mid|,d_atr0p25_atr3-r1,False,False,190,-7110.0,-2.078
va_reclaim-GC-tf1|mid|,d_atr0p25_atr3-r2,False,False,185,-12640.0,-3.023
va_reclaim-GC-tf1|mid|,d_atr0p25_atr3-r3,False,False,181,-13534.0,-3.01
va_reclaim-GC-tf1|mid|,d_atr0p25_pts2-r0,False,False,178,-14222.0,-3.375
va_reclaim-GC-tf1|mid|,d_atr0p25_pts2-r1,False,False,191,-7394.0,-2.663
va_reclaim-GC-tf1|mid|,d_atr0p25_pts2-r2,False,False,185,-12530.0,-3.678
va_reclaim-GC-tf1|mid|,d_atr0p25_pts2-r3,False,False,183,-11632.0,-2.951
va_reclaim-GC-tf1|mid|,d_atr0p25_pts3-r0,False,False,177,-18428.0,-3.742
va_reclaim-GC-tf1|mid|,d_atr0p25_pts3-r1,False,False,189,-10066.0,-2.539
va_reclaim-GC-tf1|mid|,d_atr0p25_pts3-r2,False,False,183,-12522.0,-2.56
va_reclaim-GC-tf1|mid|,d_atr0p25_pts3-r3,False,False,180,-15500.0,-3.038
va_reclaim-GC-tf1|mid|,d_atr0p25_pts5-r0,False,False,177,-27018.0,-4.639
va_reclaim-GC-tf1|mid|,d_atr0p25_pts5-r1,False,False,185,-18100.0,-3.216
va_reclaim-GC-tf1|mid|,d_atr0p25_pts5-r2,False,False,178,-27252.0,-4.732
va_reclaim-GC-tf1|mid|,d_atr0p25_pts5-r3,False,False,178,-27412.0,-4.672
va_reclaim-GC-tf1|mid|,d_atr0p25_pts7-r0,False,False,177,-31598.0,-4.663
va_reclaim-GC-tf1|mid|,d_atr0p25_pts7-r1,False,False,181,-25814.0,-3.874
va_reclaim-GC-tf1|mid|,d_atr0p25_pts7-r2,False,False,178,-32722.0,-4.887
va_reclaim-GC-tf1|mid|,d_atr0p25_pts7-r3,False,False,177,-30508.0,-4.302
va_reclaim-GC-tf1|mid|,d_atr0p25_pct0p1-r0,False,False,178,-12922.0,-3.127
va_reclaim-GC-tf1|mid|,d_atr0p25_pct0p1-r1,False,False,191,-5554.0,-2.128
va_reclaim-GC-tf1|mid|,d_atr0p25_pct0p1-r2,False,False,185,-11260.0,-3.473
va_reclaim-GC-tf1|mid|,d_atr0p25_pct0p1-r3,False,False,184,-9396.0,-2.44
va_reclaim-GC-tf1|mid|,d_atr0p25_pct0p2-r0,False,False,177,-21548.0,-4.088
va_reclaim-GC-tf1|mid|,d_atr0p25_pct0p2-r1,False,False,185,-16330.0,-3.572
va_reclaim-GC-tf1|mid|,d_atr0p25_pct0p2-r2,False,False,181,-17884.0,-3.346
va_reclaim-GC-tf1|mid|,d_atr0p25_pct0p2-r3,False,False,178,-21812.0,-4.189
va_reclaim-GC-tf1|mid|,d_atr0p5_atr1p5-r0,False,False,171,-11614.0,-4.008
va_reclaim-GC-tf1|mid|,d_atr0p5_atr1p5-r1,False,False,179,-5076.0,-3.027
va_reclaim-GC-tf1|mid|,d_atr0p5_atr1p5-r2,False,False,179,-5946.0,-2.665
va_reclaim-GC-tf1|mid|,d_atr0p5_atr1p5-r3,False,False,177,-5228.0,-1.929
va_reclaim-GC-tf1|mid|,d_atr0p5_atr3-r0,False,False,169,-14906.0,-3.602
va_reclaim-GC-tf1|mid|,d_atr0p5_atr3-r1,False,False,178,-7612.0,-2.35
va_reclaim-GC-tf1|mid|,d_atr0p5_atr3-r2,False,False,174,-12636.0,-3.239
va_reclaim-GC-tf1|mid|,d_atr0p5_atr3-r3,False,False,171,-12234.0,-2.858
va_reclaim-GC-tf1|mid|,d_atr0p5_pts2-r0,False,False,169,-15246.0,-4.066
va_reclaim-GC-tf1|mid|,d_atr0p5_pts2-r1,False,False,179,-8106.0,-3.034
va_reclaim-GC-tf1|mid|,d_atr0p5_pts2-r2,False,False,174,-12006.0,-3.655
va_reclaim-GC-tf1|mid|,d_atr0p5_pts2-r3,False,False,172,-11898.0,-3.193
va_reclaim-GC-tf1|mid|,d_atr0p5_pts3-r0,False,False,168,-19472.0,-4.335
va_reclaim-GC-tf1|mid|,d_atr0p5_pts3-r1,False,False,177,-10698.0,-2.804
va_reclaim-GC-tf1|mid|,d_atr0p5_pts3-r2,False,False,172,-12708.0,-2.714
va_reclaim-GC-tf1|mid|,d_atr0p5_pts3-r3,False,False,171,-13584.0,-2.698
va_reclaim-GC-tf1|mid|,d_atr0p5_pts5-r0,False,False,168,-24822.0,-4.367
va_reclaim-GC-tf1|mid|,d_atr0p5_pts5-r1,False,False,174,-17306.0,-3.194
va_reclaim-GC-tf1|mid|,d_atr0p5_pts5-r2,False,False,169,-25386.0,-4.584
va_reclaim-GC-tf1|mid|,d_atr0p5_pts5-r3,False,False,169,-25356.0,-4.46
va_reclaim-GC-tf1|mid|,d_atr0p5_pts7-r0,False,False,168,-30592.0,-4.815
va_reclaim-GC-tf1|mid|,d_atr0p5_pts7-r1,False,False,171,-23974.0,-3.744
va_reclaim-GC-tf1|mid|,d_atr0p5_pts7-r2,False,False,169,-31626.0,-5.029
va_reclaim-GC-tf1|mid|,d_atr0p5_pts7-r3,False,False,168,-29542.0,-4.423
va_reclaim-GC-tf1|mid|,d_atr0p5_pct0p1-r0,False,False,169,-14076.0,-3.84
va_reclaim-GC-tf1|mid|,d_atr0p5_pct0p1-r1,False,False,179,-6616.0,-2.635
va_reclaim-GC-tf1|mid|,d_atr0p5_pct0p1-r2,False,False,174,-10816.0,-3.459
va_reclaim-GC-tf1|mid|,d_atr0p5_pct0p1-r3,False,False,173,-9782.0,-2.687
va_reclaim-GC-tf1|mid|,d_atr0p5_pct0p2-r0,False,False,168,-22292.0,-4.598
va_reclaim-GC-tf1|mid|,d_atr0p5_pct0p2-r1,False,False,174,-16036.0,-3.64
va_reclaim-GC-tf1|mid|,d_atr0p5_pct0p2-r2,False,False,171,-17404.0,-3.396
va_reclaim-GC-tf1|mid|,d_atr0p5_pct0p2-r3,False,False,169,-22516.0,-4.676
va_reclaim-GC-tf1|nyam|,d_atr0_atr1p5-r0,False,False,293,14208.0,1.482
va_reclaim-GC-tf1|nyam|,d_atr0_atr1p5-r1,False,False,333,-672.0,-0.198
va_reclaim-GC-tf1|nyam|,d_atr0_atr1p5-r2,False,False,329,3644.0,0.735
va_reclaim-GC-tf1|nyam|,d_atr0_atr1p5-r3,False,False,324,8654.0,1.397
va_reclaim-GC-tf1|nyam|,d_atr0_atr3-r0,False,False,273,-1472.0,-0.129
va_reclaim-GC-tf1|nyam|,d_atr0_atr3-r1,False,False,324,-5146.0,-0.788
va_reclaim-GC-tf1|nyam|,d_atr0_atr3-r2,False,False,300,-550.0,-0.063
va_reclaim-GC-tf1|nyam|,d_atr0_atr3-r3,False,False,283,-3052.0,-0.326
va_reclaim-GC-tf1|nyam|,d_atr0_pts2-r0,False,False,287,11592.0,1.12
va_reclaim-GC-tf1|nyam|,d_atr0_pts2-r1,False,False,333,-4852.0,-1.295
va_reclaim-GC-tf1|nyam|,d_atr0_pts2-r2,False,False,327,-2288.0,-0.437
va_reclaim-GC-tf1|nyam|,d_atr0_pts2-r3,False,False,313,3888.0,0.608
va_reclaim-GC-tf1|nyam|,d_atr0_pts3-r0,False,False,275,6980.0,0.63
va_reclaim-GC-tf1|nyam|,d_atr0_pts3-r1,False,False,331,-3484.0,-0.628
va_reclaim-GC-tf1|nyam|,d_atr0_pts3-r2,False,False,305,3350.0,0.445
va_reclaim-GC-tf1|nyam|,d_atr0_pts3-r3,False,False,288,8118.0,0.925
va_reclaim-GC-tf1|nyam|,d_atr0_pts5-r0,False,False,267,-10348.0,-0.82
va_reclaim-GC-tf1|nyam|,d_atr0_pts5-r1,False,False,312,-17878.0,-2.063
va_reclaim-GC-tf1|nyam|,d_atr0_pts5-r2,False,False,275,-14330.0,-1.4
va_reclaim-GC-tf1|nyam|,d_atr0_pts5-r3,False,False,268,-19762.0,-1.823
va_reclaim-GC-tf1|nyam|,d_atr0_pts7-r0,False,False,263,-21772.0,-1.588
va_reclaim-GC-tf1|nyam|,d_atr0_pts7-r1,False,False,290,-18050.0,-1.658
va_reclaim-GC-tf1|nyam|,d_atr0_pts7-r2,False,False,266,-29424.0,-2.422
va_reclaim-GC-tf1|nyam|,d_atr0_pts7-r3,False,False,264,-26856.0,-2.099
va_reclaim-GC-tf1|nyam|,d_atr0_pct0p1-r0,False,False,289,12264.0,1.197
va_reclaim-GC-tf1|nyam|,d_atr0_pct0p1-r1,False,False,333,-4382.0,-1.245
va_reclaim-GC-tf1|nyam|,d_atr0_pct0p1-r2,False,False,330,-2150.0,-0.435
va_reclaim-GC-tf1|nyam|,d_atr0_pct0p1-r3,False,False,320,2930.0,0.483
va_reclaim-GC-tf1|nyam|,d_atr0_pct0p2-r0,False,False,273,5158.0,0.427
va_reclaim-GC-tf1|nyam|,d_atr0_pct0p2-r1,False,False,327,-11178.0,-1.633
va_reclaim-GC-tf1|nyam|,d_atr0_pct0p2-r2,False,False,293,2938.0,0.331
va_reclaim-GC-tf1|nyam|,d_atr0_pct0p2-r3,False,False,277,-1808.0,-0.186
va_reclaim-GC-tf1|nyam|,d_atr0p25_atr1p5-r0,False,False,288,12398.0,1.301
va_reclaim-GC-tf1|nyam|,d_atr0p25_atr1p5-r1,False,False,325,-750.0,-0.224
va_reclaim-GC-tf1|nyam|,d_atr0p25_atr1p5-r2,False,False,322,2442.0,0.503
va_reclaim-GC-tf1|nyam|,d_atr0p25_atr1p5-r3,False,False,318,5928.0,0.987
va_reclaim-GC-tf1|nyam|,d_atr0p25_atr3-r0,False,False,270,-1700.0,-0.149
va_reclaim-GC-tf1|nyam|,d_atr0p25_atr3-r1,False,False,318,-5872.0,-0.905
va_reclaim-GC-tf1|nyam|,d_atr0p25_atr3-r2,False,False,296,-1884.0,-0.219
va_reclaim-GC-tf1|nyam|,d_atr0p25_atr3-r3,False,False,278,-3602.0,-0.387
va_reclaim-GC-tf1|nyam|,d_atr0p25_pts2-r0,False,False,284,11784.0,1.139
va_reclaim-GC-tf1|nyam|,d_atr0p25_pts2-r1,False,False,326,-4584.0,-1.237
va_reclaim-GC-tf1|nyam|,d_atr0p25_pts2-r2,False,False,321,-1614.0,-0.311
va_reclaim-GC-tf1|nyam|,d_atr0p25_pts2-r3,False,False,308,3488.0,0.55
va_reclaim-GC-tf1|nyam|,d_atr0p25_pts3-r0,False,False,272,6722.0,0.608
va_reclaim-GC-tf1|nyam|,d_atr0p25_pts3-r1,False,False,324,-3116.0,-0.567
va_reclaim-GC-tf1|nyam|,d_atr0p25_pts3-r2,False,False,300,3660.0,0.489
va_reclaim-GC-tf1|nyam|,d_atr0p25_pts3-r3,False,False,284,8184.0,0.936
va_reclaim-GC-tf1|nyam|,d_atr0p25_pts5-r0,False,False,264,-10616.0,-0.843
va_reclaim-GC-tf1|nyam|,d_atr0p25_pts5-r1,False,False,305,-19220.0,-2.245
va_reclaim-GC-tf1|nyam|,d_atr0p25_pts5-r2,False,False,271,-13894.0,-1.361
va_reclaim-GC-tf1|nyam|,d_atr0p25_pts5-r3,False,False,265,-19930.0,-1.842
va_reclaim-GC-tf1|nyam|,d_atr0p25_pts7-r0,False,False,261,-21094.0,-1.542
va_reclaim-GC-tf1|nyam|,d_atr0p25_pts7-r1,False,False,287,-17928.0,-1.657
va_reclaim-GC-tf1|nyam|,d_atr0p25_pts7-r2,False,False,263,-27932.0,-2.306
va_reclaim-GC-tf1|nyam|,d_atr0p25_pts7-r3,False,False,262,-26158.0,-2.049
va_reclaim-GC-tf1|nyam|,d_atr0p25_pct0p1-r0,False,False,286,12426.0,1.213
va_reclaim-GC-tf1|nyam|,d_atr0p25_pct0p1-r1,False,False,326,-3824.0,-1.098
va_reclaim-GC-tf1|nyam|,d_atr0p25_pct0p1-r2,False,False,324,-1626.0,-0.331
va_reclaim-GC-tf1|nyam|,d_atr0p25_pct0p1-r3,False,False,314,1414.0,0.237
va_reclaim-GC-tf1|nyam|,d_atr0p25_pct0p2-r0,False,False,269,3744.0,0.312
va_reclaim-GC-tf1|nyam|,d_atr0p25_pct0p2-r1,False,False,320,-11600.0,-1.714
va_reclaim-GC-tf1|nyam|,d_atr0p25_pct0p2-r2,False,False,287,1392.0,0.159
va_reclaim-GC-tf1|nyam|,d_atr0p25_pct0p2-r3,False,False,272,-2928.0,-0.305
va_reclaim-GC-tf1|nyam|,d_atr0p5_atr1p5-r0,False,False,272,18052.0,1.785
va_reclaim-GC-tf1|nyam|,d_atr0p5_atr1p5-r1,False,False,307,152.0,0.047
va_reclaim-GC-tf1|nyam|,d_atr0p5_atr1p5-r2,False,False,304,5014.0,1.052
va_reclaim-GC-tf1|nyam|,d_atr0p5_atr1p5-r3,False,False,299,8034.0,1.364
va_reclaim-GC-tf1|nyam|,d_atr0p5_atr3-r0,False,False,261,2626.0,0.228
va_reclaim-GC-tf1|nyam|,d_atr0p5_atr3-r1,False,False,302,-5098.0,-0.798
va_reclaim-GC-tf1|nyam|,d_atr0p5_atr3-r2,False,False,283,-242.0,-0.028
va_reclaim-GC-tf1|nyam|,d_atr0p5_atr3-r3,False,False,268,-2492.0,-0.27
va_reclaim-GC-tf1|nyam|,d_atr0p5_pts2-r0,False,False,270,13060.0,1.269
va_reclaim-GC-tf1|nyam|,d_atr0p5_pts2-r1,False,False,307,-3798.0,-1.056
va_reclaim-GC-tf1|nyam|,d_atr0p5_pts2-r2,False,False,304,-2246.0,-0.445
va_reclaim-GC-tf1|nyam|,d_atr0p5_pts2-r3,False,False,293,3638.0,0.587
va_reclaim-GC-tf1|nyam|,d_atr0p5_pts3-r0,False,False,262,8422.0,0.758
va_reclaim-GC-tf1|nyam|,d_atr0p5_pts3-r1,False,False,306,-2954.0,-0.554
va_reclaim-GC-tf1|nyam|,d_atr0p5_pts3-r2,False,False,287,2652.0,0.362
va_reclaim-GC-tf1|nyam|,d_atr0p5_pts3-r3,False,False,271,6076.0,0.717
va_reclaim-GC-tf1|nyam|,d_atr0p5_pts5-r0,False,False,256,-6064.0,-0.478
va_reclaim-GC-tf1|nyam|,d_atr0p5_pts5-r1,False,False,292,-17828.0,-2.126
va_reclaim-GC-tf1|nyam|,d_atr0p5_pts5-r2,False,False,262,-10048.0,-0.994
va_reclaim-GC-tf1|nyam|,d_atr0p5_pts5-r3,False,False,257,-16158.0,-1.497
va_reclaim-GC-tf1|nyam|,d_atr0p5_pts7-r0,False,False,253,-12912.0,-0.936
va_reclaim-GC-tf1|nyam|,d_atr0p5_pts7-r1,False,False,275,-14710.0,-1.391
va_reclaim-GC-tf1|nyam|,d_atr0p5_pts7-r2,False,False,255,-20960.0,-1.736
va_reclaim-GC-tf1|nyam|,d_atr0p5_pts7-r3,False,False,254,-18156.0,-1.411
va_reclaim-GC-tf1|nyam|,d_atr0p5_pct0p1-r0,False,False,272,13542.0,1.329
va_reclaim-GC-tf1|nyam|,d_atr0p5_pct0p1-r1,False,False,307,-3148.0,-0.931
va_reclaim-GC-tf1|nyam|,d_atr0p5_pct0p1-r2,False,False,306,-2694.0,-0.568
va_reclaim-GC-tf1|nyam|,d_atr0p5_pct0p1-r3,False,False,298,2338.0,0.4
va_reclaim-GC-tf1|nyam|,d_atr0p5_pct0p2-r0,False,False,259,7984.0,0.661
va_reclaim-GC-tf1|nyam|,d_atr0p5_pct0p2-r1,False,False,304,-10846.0,-1.644
va_reclaim-GC-tf1|nyam|,d_atr0p5_pct0p2-r2,False,False,274,3064.0,0.356
va_reclaim-GC-tf1|nyam|,d_atr0p5_pct0p2-r3,False,False,262,-498.0,-0.053
va_reclaim-GC-tf1|pm|,d_atr0_atr1p5-r0,False,False,136,-1824.0,-0.357
va_reclaim-GC-tf1|pm|,d_atr0_atr1p5-r1,False,False,141,-6264.0,-4.018
va_reclaim-GC-tf1|pm|,d_atr0_atr1p5-r2,False,False,139,-6006.0,-3.067
va_reclaim-GC-tf1|pm|,d_atr0_atr1p5-r3,False,False,138,-6982.0,-3.261
va_reclaim-GC-tf1|pm|,d_atr0_atr3-r0,False,False,135,-3260.0,-0.567
va_reclaim-GC-tf1|pm|,d_atr0_atr3-r1,False,False,139,-7746.0,-2.659
va_reclaim-GC-tf1|pm|,d_atr0_atr3-r2,False,False,138,-9232.0,-2.724
va_reclaim-GC-tf1|pm|,d_atr0_atr3-r3,False,False,136,-6824.0,-1.665
va_reclaim-GC-tf1|pm|,d_atr0_pts2-r0,False,False,136,-1884.0,-0.347
va_reclaim-GC-tf1|pm|,d_atr0_pts2-r1,False,False,141,-6754.0,-3.12
va_reclaim-GC-tf1|pm|,d_atr0_pts2-r2,False,False,141,-9004.0,-3.558
va_reclaim-GC-tf1|pm|,d_atr0_pts2-r3,False,False,137,-6428.0,-2.208
va_reclaim-GC-tf1|pm|,d_atr0_pts3-r0,False,False,135,-4020.0,-0.716
va_reclaim-GC-tf1|pm|,d_atr0_pts3-r1,False,False,141,-7884.0,-2.733
va_reclaim-GC-tf1|pm|,d_atr0_pts3-r2,False,False,136,-8154.0,-2.509
va_reclaim-GC-tf1|pm|,d_atr0_pts3-r3,False,False,135,-7180.0,-2.027
va_reclaim-GC-tf1|pm|,d_atr0_pts5-r0,False,False,135,-4630.0,-0.766
va_reclaim-GC-tf1|pm|,d_atr0_pts5-r1,False,False,138,-10972.0,-3.037
va_reclaim-GC-tf1|pm|,d_atr0_pts5-r2,False,False,135,-8840.0,-2.15
va_reclaim-GC-tf1|pm|,d_atr0_pts5-r3,False,False,135,-6780.0,-1.436
va_reclaim-GC-tf1|pm|,d_atr0_pts7-r0,False,False,134,-916.0,-0.131
va_reclaim-GC-tf1|pm|,d_atr0_pts7-r1,False,False,136,-7464.0,-1.69
va_reclaim-GC-tf1|pm|,d_atr0_pts7-r2,False,False,134,-4956.0,-0.944
va_reclaim-GC-tf1|pm|,d_atr0_pts7-r3,False,False,134,-1006.0,-0.156
va_reclaim-GC-tf1|pm|,d_atr0_pct0p1-r0,False,False,136,-2044.0,-0.384
va_reclaim-GC-tf1|pm|,d_atr0_pct0p1-r1,False,False,141,-6254.0,-3.057
va_reclaim-GC-tf1|pm|,d_atr0_pct0p1-r2,False,False,141,-7874.0,-3.208
va_reclaim-GC-tf1|pm|,d_atr0_pct0p1-r3,False,False,138,-6922.0,-2.577
va_reclaim-GC-tf1|pm|,d_atr0_pct0p2-r0,False,False,135,-3080.0,-0.528
va_reclaim-GC-tf1|pm|,d_atr0_pct0p2-r1,False,False,141,-9454.0,-2.94
va_reclaim-GC-tf1|pm|,d_atr0_pct0p2-r2,False,False,136,-7834.0,-2.201
va_reclaim-GC-tf1|pm|,d_atr0_pct0p2-r3,False,False,135,-6810.0,-1.723
va_reclaim-GC-tf1|pm|,d_atr0p25_atr1p5-r0,False,False,135,-2920.0,-0.581
va_reclaim-GC-tf1|pm|,d_atr0p25_atr1p5-r1,False,False,139,-7176.0,-4.742
va_reclaim-GC-tf1|pm|,d_atr0p25_atr1p5-r2,False,False,138,-7102.0,-3.831
va_reclaim-GC-tf1|pm|,d_atr0p25_atr1p5-r3,False,False,137,-7988.0,-4.064
va_reclaim-GC-tf1|pm|,d_atr0p25_atr3-r0,False,False,135,-3230.0,-0.562
va_reclaim-GC-tf1|pm|,d_atr0p25_atr3-r1,False,False,138,-8342.0,-2.877
va_reclaim-GC-tf1|pm|,d_atr0p25_atr3-r2,False,False,137,-9058.0,-2.693
va_reclaim-GC-tf1|pm|,d_atr0p25_atr3-r3,False,False,136,-6864.0,-1.69
va_reclaim-GC-tf1|pm|,d_atr0p25_pts2-r0,False,False,135,-3130.0,-0.587
va_reclaim-GC-tf1|pm|,d_atr0p25_pts2-r1,False,False,139,-7666.0,-3.621
va_reclaim-GC-tf1|pm|,d_atr0p25_pts2-r2,False,False,139,-9496.0,-3.886
va_reclaim-GC-tf1|pm|,d_atr0p25_pts2-r3,False,False,136,-7544.0,-2.729
va_reclaim-GC-tf1|pm|,d_atr0p25_pts3-r0,False,False,134,-4556.0,-0.825
va_reclaim-GC-tf1|pm|,d_atr0p25_pts3-r1,False,False,139,-8696.0,-3.082
va_reclaim-GC-tf1|pm|,d_atr0p25_pts3-r2,False,False,136,-8684.0,-2.728
va_reclaim-GC-tf1|pm|,d_atr0p25_pts3-r3,False,False,135,-8010.0,-2.348
va_reclaim-GC-tf1|pm|,d_atr0p25_pts5-r0,False,False,134,-4126.0,-0.686
va_reclaim-GC-tf1|pm|,d_atr0p25_pts5-r1,False,False,137,-10528.0,-2.927
va_reclaim-GC-tf1|pm|,d_atr0p25_pts5-r2,False,False,134,-8296.0,-2.031
va_reclaim-GC-tf1|pm|,d_atr0p25_pts5-r3,False,False,134,-6236.0,-1.328
va_reclaim-GC-tf1|pm|,d_atr0p25_pts7-r0,False,False,134,-656.0,-0.094
va_reclaim-GC-tf1|pm|,d_atr0p25_pts7-r1,False,False,136,-7164.0,-1.634
va_reclaim-GC-tf1|pm|,d_atr0p25_pts7-r2,False,False,134,-4656.0,-0.891
va_reclaim-GC-tf1|pm|,d_atr0p25_pts7-r3,False,False,134,-706.0,-0.11
va_reclaim-GC-tf1|pm|,d_atr0p25_pct0p1-r0,False,False,135,-2180.0,-0.411
va_reclaim-GC-tf1|pm|,d_atr0p25_pct0p1-r1,False,False,139,-7096.0,-3.541
va_reclaim-GC-tf1|pm|,d_atr0p25_pct0p1-r2,False,False,139,-7776.0,-3.224
va_reclaim-GC-tf1|pm|,d_atr0p25_pct0p1-r3,False,False,137,-7208.0,-2.758
va_reclaim-GC-tf1|pm|,d_atr0p25_pct0p2-r0,False,False,134,-3926.0,-0.682
va_reclaim-GC-tf1|pm|,d_atr0p25_pct0p2-r1,False,False,139,-10076.0,-3.193
va_reclaim-GC-tf1|pm|,d_atr0p25_pct0p2-r2,False,False,136,-8814.0,-2.522
va_reclaim-GC-tf1|pm|,d_atr0p25_pct0p2-r3,False,False,134,-7736.0,-2.033
va_reclaim-GC-tf1|pm|,d_atr0p5_atr1p5-r0,False,False,128,-6692.0,-2.411
va_reclaim-GC-tf1|pm|,d_atr0p5_atr1p5-r1,False,False,132,-7088.0,-4.751
va_reclaim-GC-tf1|pm|,d_atr0p5_atr1p5-r2,False,False,131,-6694.0,-3.641
va_reclaim-GC-tf1|pm|,d_atr0p5_atr1p5-r3,False,False,130,-7500.0,-3.843
va_reclaim-GC-tf1|pm|,d_atr0p5_atr3-r0,False,False,128,-7032.0,-1.805
va_reclaim-GC-tf1|pm|,d_atr0p5_atr3-r1,False,False,131,-8104.0,-2.825
va_reclaim-GC-tf1|pm|,d_atr0p5_atr3-r2,False,False,130,-8330.0,-2.498
va_reclaim-GC-tf1|pm|,d_atr0p5_atr3-r3,False,False,129,-7106.0,-1.783
va_reclaim-GC-tf1|pm|,d_atr0p5_pts2-r0,False,False,128,-6862.0,-2.112
va_reclaim-GC-tf1|pm|,d_atr0p5_pts2-r1,False,False,132,-7118.0,-3.457
va_reclaim-GC-tf1|pm|,d_atr0p5_pts2-r2,False,False,132,-9488.0,-4.069
va_reclaim-GC-tf1|pm|,d_atr0p5_pts2-r3,False,False,129,-7736.0,-2.947
va_reclaim-GC-tf1|pm|,d_atr0p5_pts3-r0,False,False,127,-8198.0,-2.322
va_reclaim-GC-tf1|pm|,d_atr0p5_pts3-r1,False,False,132,-8568.0,-3.154
va_reclaim-GC-tf1|pm|,d_atr0p5_pts3-r2,False,False,129,-8786.0,-2.883
va_reclaim-GC-tf1|pm|,d_atr0p5_pts3-r3,False,False,128,-8412.0,-2.62
va_reclaim-GC-tf1|pm|,d_atr0p5_pts5-r0,False,False,127,-7758.0,-1.825
va_reclaim-GC-tf1|pm|,d_atr0p5_pts5-r1,False,False,130,-10520.0,-3.023
va_reclaim-GC-tf1|pm|,d_atr0p5_pts5-r2,False,False,127,-8788.0,-2.264
va_reclaim-GC-tf1|pm|,d_atr0p5_pts5-r3,False,False,127,-7228.0,-1.652
va_reclaim-GC-tf1|pm|,d_atr0p5_pts7-r0,False,False,127,-4218.0,-0.765
va_reclaim-GC-tf1|pm|,d_atr0p5_pts7-r1,False,False,129,-7286.0,-1.715
va_reclaim-GC-tf1|pm|,d_atr0p5_pts7-r2,False,False,127,-5478.0,-1.105
va_reclaim-GC-tf1|pm|,d_atr0p5_pts7-r3,False,False,127,-2228.0,-0.371
va_reclaim-GC-tf1|pm|,d_atr0p5_pct0p1-r0,False,False,128,-6002.0,-1.872
va_reclaim-GC-tf1|pm|,d_atr0p5_pct0p1-r1,False,False,132,-6658.0,-3.42
va_reclaim-GC-tf1|pm|,d_atr0p5_pct0p1-r2,False,False,132,-7988.0,-3.495
va_reclaim-GC-tf1|pm|,d_atr0p5_pct0p1-r3,False,False,130,-7490.0,-3.03
va_reclaim-GC-tf1|pm|,d_atr0p5_pct0p2-r0,False,False,127,-7628.0,-1.965
va_reclaim-GC-tf1|pm|,d_atr0p5_pct0p2-r1,False,False,132,-10168.0,-3.351
va_reclaim-GC-tf1|pm|,d_atr0p5_pct0p2-r2,False,False,129,-9176.0,-2.763
va_reclaim-GC-tf1|pm|,d_atr0p5_pct0p2-r3,False,False,127,-8498.0,-2.408
va_reclaim-GC-tf1|pre|,d_atr0_atr1p5-r0,False,False,268,-7032.0,-0.828
va_reclaim-GC-tf1|pre|,d_atr0_atr1p5-r1,False,False,297,-5248.0,-1.582
va_reclaim-GC-tf1|pre|,d_atr0_atr1p5-r2,False,False,292,-5228.0,-1.182
va_reclaim-GC-tf1|pre|,d_atr0_atr1p5-r3,False,False,287,-4718.0,-0.889
va_reclaim-GC-tf1|pre|,d_atr0_atr3-r0,False,False,256,986.0,0.084
va_reclaim-GC-tf1|pre|,d_atr0_atr3-r1,False,False,289,484.0,0.076
va_reclaim-GC-tf1|pre|,d_atr0_atr3-r2,False,False,272,5092.0,0.581
va_reclaim-GC-tf1|pre|,d_atr0_atr3-r3,False,False,264,5884.0,0.59
va_reclaim-GC-tf1|pre|,d_atr0_pts2-r0,False,False,266,-8314.0,-0.956
va_reclaim-GC-tf1|pre|,d_atr0_pts2-r1,False,False,297,802.0,0.227
va_reclaim-GC-tf1|pre|,d_atr0_pts2-r2,False,False,293,-2332.0,-0.471
va_reclaim-GC-tf1|pre|,d_atr0_pts2-r3,False,False,282,-1518.0,-0.255
va_reclaim-GC-tf1|pre|,d_atr0_pts3-r0,False,False,260,-7920.0,-0.746
va_reclaim-GC-tf1|pre|,d_atr0_pts3-r1,False,False,296,2806.0,0.535
va_reclaim-GC-tf1|pre|,d_atr0_pts3-r2,False,False,279,-346.0,-0.048
va_reclaim-GC-tf1|pre|,d_atr0_pts3-r3,False,False,266,-2184.0,-0.26
va_reclaim-GC-tf1|pre|,d_atr0_pts5-r0,False,False,255,-11300.0,-0.866
va_reclaim-GC-tf1|pre|,d_atr0_pts5-r1,False,False,278,-12812.0,-1.524
va_reclaim-GC-tf1|pre|,d_atr0_pts5-r2,False,False,262,-8668.0,-0.794
va_reclaim-GC-tf1|pre|,d_atr0_pts5-r3,False,False,257,-7678.0,-0.633
va_reclaim-GC-tf1|pre|,d_atr0_pts7-r0,False,False,252,-11188.0,-0.771
va_reclaim-GC-tf1|pre|,d_atr0_pts7-r1,False,False,268,-8702.0,-0.784
va_reclaim-GC-tf1|pre|,d_atr0_pts7-r2,False,False,255,-4830.0,-0.357
va_reclaim-GC-tf1|pre|,d_atr0_pts7-r3,False,False,252,-15608.0,-1.15
va_reclaim-GC-tf1|pre|,d_atr0_pct0p1-r0,False,False,266,-6204.0,-0.72
va_reclaim-GC-tf1|pre|,d_atr0_pct0p1-r1,False,False,297,902.0,0.272
va_reclaim-GC-tf1|pre|,d_atr0_pct0p1-r2,False,False,295,-1040.0,-0.222
va_reclaim-GC-tf1|pre|,d_atr0_pct0p1-r3,False,False,283,-252.0,-0.045
va_reclaim-GC-tf1|pre|,d_atr0_pct0p2-r0,False,False,258,-16892.0,-1.526
va_reclaim-GC-tf1|pre|,d_atr0_pct0p2-r1,False,False,293,-4842.0,-0.742
va_reclaim-GC-tf1|pre|,d_atr0_pct0p2-r2,False,False,270,-6520.0,-0.754
va_reclaim-GC-tf1|pre|,d_atr0_pct0p2-r3,False,False,262,-11688.0,-1.205
va_reclaim-GC-tf1|pre|,d_atr0p25_atr1p5-r0,False,False,258,-3122.0,-0.366
va_reclaim-GC-tf1|pre|,d_atr0p25_atr1p5-r1,False,False,284,-4626.0,-1.412
va_reclaim-GC-tf1|pre|,d_atr0p25_atr1p5-r2,False,False,280,-5610.0,-1.29
va_reclaim-GC-tf1|pre|,d_atr0p25_atr1p5-r3,False,False,277,-2898.0,-0.545
va_reclaim-GC-tf1|pre|,d_atr0p25_atr3-r0,False,False,248,6238.0,0.527
va_reclaim-GC-tf1|pre|,d_atr0p25_atr3-r1,False,False,277,-248.0,-0.039
va_reclaim-GC-tf1|pre|,d_atr0p25_atr3-r2,False,False,265,5730.0,0.657
va_reclaim-GC-tf1|pre|,d_atr0p25_atr3-r3,False,False,256,8576.0,0.867
va_reclaim-GC-tf1|pre|,d_atr0p25_pts2-r0,False,False,257,-6198.0,-0.714
va_reclaim-GC-tf1|pre|,d_atr0p25_pts2-r1,False,False,284,-526.0,-0.152
va_reclaim-GC-tf1|pre|,d_atr0p25_pts2-r2,False,False,281,-3424.0,-0.71
va_reclaim-GC-tf1|pre|,d_atr0p25_pts2-r3,False,False,274,-3056.0,-0.526
va_reclaim-GC-tf1|pre|,d_atr0p25_pts3-r0,False,False,251,-4894.0,-0.462
va_reclaim-GC-tf1|pre|,d_atr0p25_pts3-r1,False,False,283,2618.0,0.51
va_reclaim-GC-tf1|pre|,d_atr0p25_pts3-r2,False,False,271,-564.0,-0.08
va_reclaim-GC-tf1|pre|,d_atr0p25_pts3-r3,False,False,257,-508.0,-0.061
va_reclaim-GC-tf1|pre|,d_atr0p25_pts5-r0,False,False,247,-7548.0,-0.579
va_reclaim-GC-tf1|pre|,d_atr0p25_pts5-r1,False,False,271,-12244.0,-1.475
va_reclaim-GC-tf1|pre|,d_atr0p25_pts5-r2,False,False,254,-7826.0,-0.726
va_reclaim-GC-tf1|pre|,d_atr0p25_pts5-r3,False,False,249,-2976.0,-0.243
va_reclaim-GC-tf1|pre|,d_atr0p25_pts7-r0,False,False,245,-7370.0,-0.509
va_reclaim-GC-tf1|pre|,d_atr0p25_pts7-r1,False,False,261,-7624.0,-0.696
va_reclaim-GC-tf1|pre|,d_atr0p25_pts7-r2,False,False,248,-2172.0,-0.161
va_reclaim-GC-tf1|pre|,d_atr0p25_pts7-r3,False,False,245,-11760.0,-0.867
va_reclaim-GC-tf1|pre|,d_atr0p25_pct0p1-r0,False,False,257,-4148.0,-0.482
va_reclaim-GC-tf1|pre|,d_atr0p25_pct0p1-r1,False,False,284,-306.0,-0.094
va_reclaim-GC-tf1|pre|,d_atr0p25_pct0p1-r2,False,False,282,-2968.0,-0.653
va_reclaim-GC-tf1|pre|,d_atr0p25_pct0p1-r3,False,False,275,-1700.0,-0.309
va_reclaim-GC-tf1|pre|,d_atr0p25_pct0p2-r0,False,False,250,-13430.0,-1.21
va_reclaim-GC-tf1|pre|,d_atr0p25_pct0p2-r1,False,False,280,-5910.0,-0.927
va_reclaim-GC-tf1|pre|,d_atr0p25_pct0p2-r2,False,False,262,-7698.0,-0.907
va_reclaim-GC-tf1|pre|,d_atr0p25_pct0p2-r3,False,False,254,-7816.0,-0.804
va_reclaim-GC-tf1|pre|,d_atr0p5_atr1p5-r0,False,False,236,-7784.0,-1.027
va_reclaim-GC-tf1|pre|,d_atr0p5_atr1p5-r1,False,False,258,-5822.0,-1.842
va_reclaim-GC-tf1|pre|,d_atr0p5_atr1p5-r2,False,False,254,-6586.0,-1.584
va_reclaim-GC-tf1|pre|,d_atr0p5_atr1p5-r3,False,False,250,-3960.0,-0.788
va_reclaim-GC-tf1|pre|,d_atr0p5_atr3-r0,False,False,230,1710.0,0.153
va_reclaim-GC-tf1|pre|,d_atr0p5_atr3-r1,False,False,253,-4462.0,-0.729
va_reclaim-GC-tf1|pre|,d_atr0p5_atr3-r2,False,False,242,2202.0,0.264
va_reclaim-GC-tf1|pre|,d_atr0p5_atr3-r3,False,False,237,1782.0,0.189
va_reclaim-GC-tf1|pre|,d_atr0p5_pts2-r0,False,False,236,-7854.0,-1.006
va_reclaim-GC-tf1|pre|,d_atr0p5_pts2-r1,False,False,258,-1912.0,-0.58
va_reclaim-GC-tf1|pre|,d_atr0p5_pts2-r2,False,False,255,-4550.0,-0.998
va_reclaim-GC-tf1|pre|,d_atr0p5_pts2-r3,False,False,247,-3738.0,-0.683
va_reclaim-GC-tf1|pre|,d_atr0p5_pts3-r0,False,False,231,-5464.0,-0.552
va_reclaim-GC-tf1|pre|,d_atr0p5_pts3-r1,False,False,257,3472.0,0.711
va_reclaim-GC-tf1|pre|,d_atr0p5_pts3-r2,False,False,245,-1480.0,-0.22
va_reclaim-GC-tf1|pre|,d_atr0p5_pts3-r3,False,False,236,-1814.0,-0.229
va_reclaim-GC-tf1|pre|,d_atr0p5_pts5-r0,False,False,228,-10122.0,-0.82
va_reclaim-GC-tf1|pre|,d_atr0p5_pts5-r1,False,False,246,-13534.0,-1.714
va_reclaim-GC-tf1|pre|,d_atr0p5_pts5-r2,False,False,235,-11830.0,-1.155
va_reclaim-GC-tf1|pre|,d_atr0p5_pts5-r3,False,False,230,-8770.0,-0.762
va_reclaim-GC-tf1|pre|,d_atr0p5_pts7-r0,False,False,228,-12492.0,-0.903
va_reclaim-GC-tf1|pre|,d_atr0p5_pts7-r1,False,False,240,-12800.0,-1.218
va_reclaim-GC-tf1|pre|,d_atr0p5_pts7-r2,False,False,231,-10114.0,-0.787
va_reclaim-GC-tf1|pre|,d_atr0p5_pts7-r3,False,False,228,-16002.0,-1.229
va_reclaim-GC-tf1|pre|,d_atr0p5_pct0p1-r0,False,False,236,-6034.0,-0.782
va_reclaim-GC-tf1|pre|,d_atr0p5_pct0p1-r1,False,False,258,-1992.0,-0.644
va_reclaim-GC-tf1|pre|,d_atr0p5_pct0p1-r2,False,False,256,-4114.0,-0.96
va_reclaim-GC-tf1|pre|,d_atr0p5_pct0p1-r3,False,False,248,-1662.0,-0.319
va_reclaim-GC-tf1|pre|,d_atr0p5_pct0p2-r0,False,False,230,-12890.0,-1.239
va_reclaim-GC-tf1|pre|,d_atr0p5_pct0p2-r1,False,False,255,-7820.0,-1.288
va_reclaim-GC-tf1|pre|,d_atr0p5_pct0p2-r2,False,False,239,-7936.0,-0.984
va_reclaim-GC-tf1|pre|,d_atr0p5_pct0p2-r3,False,False,234,-10046.0,-1.096
va_reclaim-GC-tf30|asia|,d_atr0_atr1p5-r0,False,False,164,2324.0,0.194
va_reclaim-GC-tf30|asia|,d_atr0_atr1p5-r1,False,False,166,-2104.0,-0.441
va_reclaim-GC-tf30|asia|,d_atr0_atr1p5-r2,False,False,164,-2966.0,-0.439
va_reclaim-GC-tf30|asia|,d_atr0_atr1p5-r3,False,False,164,1834.0,0.215
va_reclaim-GC-tf30|asia|,d_atr0_atr3-r0,False,False,164,11794.0,0.754
va_reclaim-GC-tf30|asia|,d_atr0_atr3-r1,False,False,164,-76.0,-0.008
va_reclaim-GC-tf30|asia|,d_atr0_atr3-r2,False,False,164,6044.0,0.488
va_reclaim-GC-tf30|asia|,d_atr0_atr3-r3,False,False,164,2444.0,0.176
va_reclaim-GC-tf30|asia|,d_atr0_pts2-r0,False,False,164,-11126.0,-1.607
va_reclaim-GC-tf30|asia|,d_atr0_pts2-r1,False,False,168,-2742.0,-1.03
va_reclaim-GC-tf30|asia|,d_atr0_pts2-r2,False,False,164,-326.0,-0.087
va_reclaim-GC-tf30|asia|,d_atr0_pts2-r3,False,False,164,-6746.0,-1.582
va_reclaim-GC-tf30|asia|,d_atr0_pts3-r0,False,False,164,-10646.0,-1.225
va_reclaim-GC-tf30|asia|,d_atr0_pts3-r1,False,False,166,-904.0,-0.229
va_reclaim-GC-tf30|asia|,d_atr0_pts3-r2,False,False,164,-4196.0,-0.771
va_reclaim-GC-tf30|asia|,d_atr0_pts3-r3,False,False,164,-2306.0,-0.345
va_reclaim-GC-tf30|asia|,d_atr0_pts5-r0,False,False,164,2734.0,0.202
va_reclaim-GC-tf30|asia|,d_atr0_pts5-r1,False,False,164,-1506.0,-0.232
va_reclaim-GC-tf30|asia|,d_atr0_pts5-r2,False,False,164,-4666.0,-0.531
va_reclaim-GC-tf30|asia|,d_atr0_pts5-r3,False,False,164,-4976.0,-0.493
va_reclaim-GC-tf30|asia|,d_atr0_pts7-r0,False,False,164,8564.0,0.543
va_reclaim-GC-tf30|asia|,d_atr0_pts7-r1,False,False,164,-2326.0,-0.26
va_reclaim-GC-tf30|asia|,d_atr0_pts7-r2,False,False,164,-5256.0,-0.462
va_reclaim-GC-tf30|asia|,d_atr0_pts7-r3,False,False,164,-1426.0,-0.112
va_reclaim-GC-tf30|asia|,d_atr0_pct0p1-r0,False,False,164,-11026.0,-1.649
va_reclaim-GC-tf30|asia|,d_atr0_pct0p1-r1,False,False,168,-3722.0,-1.494
va_reclaim-GC-tf30|asia|,d_atr0_pct0p1-r2,False,False,164,-2006.0,-0.584
va_reclaim-GC-tf30|asia|,d_atr0_pct0p1-r3,False,False,164,-3876.0,-0.946
va_reclaim-GC-tf30|asia|,d_atr0_pct0p2-r0,False,False,164,1004.0,0.081
va_reclaim-GC-tf30|asia|,d_atr0_pct0p2-r1,False,False,164,-1216.0,-0.25
va_reclaim-GC-tf30|asia|,d_atr0_pct0p2-r2,False,False,164,-6946.0,-1.04
va_reclaim-GC-tf30|asia|,d_atr0_pct0p2-r3,False,False,164,-4736.0,-0.595
va_reclaim-GC-tf30|asia|,d_atr0p25_atr1p5-r0,False,False,132,8282.0,0.703
va_reclaim-GC-tf30|asia|,d_atr0p25_atr1p5-r1,False,False,132,-288.0,-0.066
va_reclaim-GC-tf30|asia|,d_atr0p25_atr1p5-r2,False,False,132,-1238.0,-0.199
va_reclaim-GC-tf30|asia|,d_atr0p25_atr1p5-r3,False,False,132,2862.0,0.363
va_reclaim-GC-tf30|asia|,d_atr0p25_atr3-r0,False,False,132,6022.0,0.431
va_reclaim-GC-tf30|asia|,d_atr0p25_atr3-r1,False,False,132,-2378.0,-0.278
va_reclaim-GC-tf30|asia|,d_atr0p25_atr3-r2,False,False,132,2222.0,0.196
va_reclaim-GC-tf30|asia|,d_atr0p25_atr3-r3,False,False,132,1052.0,0.083
va_reclaim-GC-tf30|asia|,d_atr0p25_pts2-r0,False,False,132,1392.0,0.147
va_reclaim-GC-tf30|asia|,d_atr0p25_pts2-r1,False,False,133,-2632.0,-1.111
va_reclaim-GC-tf30|asia|,d_atr0p25_pts2-r2,False,False,132,-798.0,-0.239
va_reclaim-GC-tf30|asia|,d_atr0p25_pts2-r3,False,False,132,-4758.0,-1.23
va_reclaim-GC-tf30|asia|,d_atr0p25_pts3-r0,False,False,132,-718.0,-0.069
va_reclaim-GC-tf30|asia|,d_atr0p25_pts3-r1,False,False,133,-912.0,-0.258
va_reclaim-GC-tf30|asia|,d_atr0p25_pts3-r2,False,False,132,-3248.0,-0.664
va_reclaim-GC-tf30|asia|,d_atr0p25_pts3-r3,False,False,132,-1808.0,-0.301
va_reclaim-GC-tf30|asia|,d_atr0p25_pts5-r0,False,False,132,782.0,0.063
va_reclaim-GC-tf30|asia|,d_atr0p25_pts5-r1,False,False,132,-1198.0,-0.206
va_reclaim-GC-tf30|asia|,d_atr0p25_pts5-r2,False,False,132,-6068.0,-0.772
va_reclaim-GC-tf30|asia|,d_atr0p25_pts5-r3,False,False,132,-7158.0,-0.798
va_reclaim-GC-tf30|asia|,d_atr0p25_pts7-r0,False,False,132,6902.0,0.493
va_reclaim-GC-tf30|asia|,d_atr0p25_pts7-r1,False,False,132,-1018.0,-0.127
va_reclaim-GC-tf30|asia|,d_atr0p25_pts7-r2,False,False,132,-3638.0,-0.356
va_reclaim-GC-tf30|asia|,d_atr0p25_pts7-r3,False,False,132,212.0,0.019
va_reclaim-GC-tf30|asia|,d_atr0p25_pct0p1-r0,False,False,132,2762.0,0.293
va_reclaim-GC-tf30|asia|,d_atr0p25_pct0p1-r1,False,False,133,-3182.0,-1.43
va_reclaim-GC-tf30|asia|,d_atr0p25_pct0p1-r2,False,False,132,-1718.0,-0.555
va_reclaim-GC-tf30|asia|,d_atr0p25_pct0p1-r3,False,False,132,-3378.0,-0.917
va_reclaim-GC-tf30|asia|,d_atr0p25_pct0p2-r0,False,False,132,1912.0,0.162
va_reclaim-GC-tf30|asia|,d_atr0p25_pct0p2-r1,False,False,132,-2458.0,-0.56
va_reclaim-GC-tf30|asia|,d_atr0p25_pct0p2-r2,False,False,132,-7268.0,-1.223
va_reclaim-GC-tf30|asia|,d_atr0p25_pct0p2-r3,False,False,132,-6828.0,-0.97
va_reclaim-GC-tf30|asia|,d_atr0p5_atr1p5-r0,False,False,98,2128.0,0.226
va_reclaim-GC-tf30|asia|,d_atr0p5_atr1p5-r1,False,False,98,-642.0,-0.169
va_reclaim-GC-tf30|asia|,d_atr0p5_atr1p5-r2,False,False,98,-3712.0,-0.709
va_reclaim-GC-tf30|asia|,d_atr0p5_atr1p5-r3,False,False,98,-1402.0,-0.218
va_reclaim-GC-tf30|asia|,d_atr0p5_atr3-r0,False,False,98,-5582.0,-0.511
va_reclaim-GC-tf30|asia|,d_atr0p5_atr3-r1,False,False,98,-7872.0,-1.062
va_reclaim-GC-tf30|asia|,d_atr0p5_atr3-r2,False,False,98,-6772.0,-0.722
va_reclaim-GC-tf30|asia|,d_atr0p5_atr3-r3,False,False,98,-9542.0,-0.98
va_reclaim-GC-tf30|asia|,d_atr0p5_pts2-r0,False,False,98,-3782.0,-0.571
va_reclaim-GC-tf30|asia|,d_atr0p5_pts2-r1,False,False,98,-1702.0,-0.835
va_reclaim-GC-tf30|asia|,d_atr0p5_pts2-r2,False,False,98,-842.0,-0.294
va_reclaim-GC-tf30|asia|,d_atr0p5_pts2-r3,False,False,98,-3152.0,-0.937
va_reclaim-GC-tf30|asia|,d_atr0p5_pts3-r0,False,False,98,-3602.0,-0.462
va_reclaim-GC-tf30|asia|,d_atr0p5_pts3-r1,False,False,98,-902.0,-0.297
va_reclaim-GC-tf30|asia|,d_atr0p5_pts3-r2,False,False,98,-2582.0,-0.613
va_reclaim-GC-tf30|asia|,d_atr0p5_pts3-r3,False,False,98,-4172.0,-0.83
va_reclaim-GC-tf30|asia|,d_atr0p5_pts5-r0,False,False,98,-1302.0,-0.129
va_reclaim-GC-tf30|asia|,d_atr0p5_pts5-r1,False,False,98,118.0,0.023
va_reclaim-GC-tf30|asia|,d_atr0p5_pts5-r2,False,False,98,-5882.0,-0.872
va_reclaim-GC-tf30|asia|,d_atr0p5_pts5-r3,False,False,98,-5612.0,-0.728
va_reclaim-GC-tf30|asia|,d_atr0p5_pts7-r0,False,False,98,-3362.0,-0.309
va_reclaim-GC-tf30|asia|,d_atr0p5_pts7-r1,False,False,98,-5462.0,-0.789
va_reclaim-GC-tf30|asia|,d_atr0p5_pts7-r2,False,False,98,-6242.0,-0.715
va_reclaim-GC-tf30|asia|,d_atr0p5_pts7-r3,False,False,98,-5232.0,-0.545
va_reclaim-GC-tf30|asia|,d_atr0p5_pct0p1-r0,False,False,98,-2752.0,-0.417
va_reclaim-GC-tf30|asia|,d_atr0p5_pct0p1-r1,False,False,98,-2622.0,-1.374
va_reclaim-GC-tf30|asia|,d_atr0p5_pct0p1-r2,False,False,98,-1642.0,-0.619
va_reclaim-GC-tf30|asia|,d_atr0p5_pct0p1-r3,False,False,98,-2642.0,-0.837
va_reclaim-GC-tf30|asia|,d_atr0p5_pct0p2-r0,False,False,98,-1172.0,-0.125
va_reclaim-GC-tf30|asia|,d_atr0p5_pct0p2-r1,False,False,98,-462.0,-0.122
va_reclaim-GC-tf30|asia|,d_atr0p5_pct0p2-r2,False,False,98,-7572.0,-1.508
va_reclaim-GC-tf30|asia|,d_atr0p5_pct0p2-r3,False,False,98,-6502.0,-1.092
va_reclaim-GC-tf30|eve|,d_atr0_atr1p5-r0,False,False,317,-3668.0,-0.271
va_reclaim-GC-tf30|eve|,d_atr0_atr1p5-r1,False,False,342,-9878.0,-1.626
va_reclaim-GC-tf30|eve|,d_atr0_atr1p5-r2,False,False,331,-6134.0,-0.743
va_reclaim-GC-tf30|eve|,d_atr0_atr1p5-r3,False,False,321,2546.0,0.254
va_reclaim-GC-tf30|eve|,d_atr0_atr3-r0,False,False,311,-28904.0,-1.628
va_reclaim-GC-tf30|eve|,d_atr0_atr3-r1,False,False,329,-25566.0,-2.207
va_reclaim-GC-tf30|eve|,d_atr0_atr3-r2,False,False,311,-21214.0,-1.479
va_reclaim-GC-tf30|eve|,d_atr0_atr3-r3,False,False,311,-22514.0,-1.435
va_reclaim-GC-tf30|eve|,d_atr0_pts2-r0,False,False,318,-10552.0,-0.944
va_reclaim-GC-tf30|eve|,d_atr0_pts2-r1,False,False,346,-7644.0,-2.005
va_reclaim-GC-tf30|eve|,d_atr0_pts2-r2,False,False,338,-5862.0,-1.116
va_reclaim-GC-tf30|eve|,d_atr0_pts2-r3,False,False,327,-6818.0,-1.09
va_reclaim-GC-tf30|eve|,d_atr0_pts3-r0,False,False,314,-22146.0,-1.782
va_reclaim-GC-tf30|eve|,d_atr0_pts3-r1,False,False,343,-11932.0,-2.117
va_reclaim-GC-tf30|eve|,d_atr0_pts3-r2,False,False,323,-13152.0,-1.752
va_reclaim-GC-tf30|eve|,d_atr0_pts3-r3,False,False,315,-14800.0,-1.666
va_reclaim-GC-tf30|eve|,d_atr0_pts5-r0,False,False,311,-24994.0,-1.529
va_reclaim-GC-tf30|eve|,d_atr0_pts5-r1,False,False,325,-21610.0,-2.386
va_reclaim-GC-tf30|eve|,d_atr0_pts5-r2,False,False,312,-22808.0,-1.894
va_reclaim-GC-tf30|eve|,d_atr0_pts5-r3,False,False,311,-19754.0,-1.41
va_reclaim-GC-tf30|eve|,d_atr0_pts7-r0,False,False,311,-31194.0,-1.584
va_reclaim-GC-tf30|eve|,d_atr0_pts7-r1,False,False,316,-38574.0,-3.145
va_reclaim-GC-tf30|eve|,d_atr0_pts7-r2,False,False,311,-35394.0,-2.253
va_reclaim-GC-tf30|eve|,d_atr0_pts7-r3,False,False,311,-43014.0,-2.565
va_reclaim-GC-tf30|eve|,d_atr0_pct0p1-r0,False,False,318,-10082.0,-0.945
va_reclaim-GC-tf30|eve|,d_atr0_pct0p1-r1,False,False,346,-9094.0,-2.556
va_reclaim-GC-tf30|eve|,d_atr0_pct0p1-r2,False,False,341,-5964.0,-1.213
va_reclaim-GC-tf30|eve|,d_atr0_pct0p1-r3,False,False,329,-5096.0,-0.864
va_reclaim-GC-tf30|eve|,d_atr0_pct0p2-r0,False,False,311,-15304.0,-1.056
va_reclaim-GC-tf30|eve|,d_atr0_pct0p2-r1,False,False,337,-7518.0,-1.081
va_reclaim-GC-tf30|eve|,d_atr0_pct0p2-r2,False,False,316,-18184.0,-1.998
va_reclaim-GC-tf30|eve|,d_atr0_pct0p2-r3,False,False,312,-7128.0,-0.637
va_reclaim-GC-tf30|eve|,d_atr0p25_atr1p5-r0,False,False,269,-3266.0,-0.254
va_reclaim-GC-tf30|eve|,d_atr0p25_atr1p5-r1,False,False,288,-10082.0,-1.778
va_reclaim-GC-tf30|eve|,d_atr0p25_atr1p5-r2,False,False,280,-8320.0,-1.099
va_reclaim-GC-tf30|eve|,d_atr0p25_atr1p5-r3,False,False,272,1832.0,0.197
va_reclaim-GC-tf30|eve|,d_atr0p25_atr3-r0,False,False,266,-21534.0,-1.268
va_reclaim-GC-tf30|eve|,d_atr0p25_atr3-r1,False,False,280,-24530.0,-2.256
va_reclaim-GC-tf30|eve|,d_atr0p25_atr3-r2,False,False,266,-16234.0,-1.199
va_reclaim-GC-tf30|eve|,d_atr0p25_atr3-r3,False,False,266,-17984.0,-1.214
va_reclaim-GC-tf30|eve|,d_atr0p25_pts2-r0,False,False,270,-7810.0,-0.725
va_reclaim-GC-tf30|eve|,d_atr0p25_pts2-r1,False,False,291,-6534.0,-1.869
va_reclaim-GC-tf30|eve|,d_atr0p25_pts2-r2,False,False,284,-7726.0,-1.627
va_reclaim-GC-tf30|eve|,d_atr0p25_pts2-r3,False,False,276,-8864.0,-1.575
va_reclaim-GC-tf30|eve|,d_atr0p25_pts3-r0,False,False,267,-15028.0,-1.257
va_reclaim-GC-tf30|eve|,d_atr0p25_pts3-r1,False,False,289,-10836.0,-2.095
va_reclaim-GC-tf30|eve|,d_atr0p25_pts3-r2,False,False,273,-10192.0,-1.471
va_reclaim-GC-tf30|eve|,d_atr0p25_pts3-r3,False,False,268,-10932.0,-1.324
va_reclaim-GC-tf30|eve|,d_atr0p25_pts5-r0,False,False,266,-15334.0,-0.989
va_reclaim-GC-tf30|eve|,d_atr0p25_pts5-r1,False,False,277,-15118.0,-1.803
va_reclaim-GC-tf30|eve|,d_atr0p25_pts5-r2,False,False,267,-14908.0,-1.333
va_reclaim-GC-tf30|eve|,d_atr0p25_pts5-r3,False,False,266,-11554.0,-0.886
va_reclaim-GC-tf30|eve|,d_atr0p25_pts7-r0,False,False,266,-26254.0,-1.428
va_reclaim-GC-tf30|eve|,d_atr0p25_pts7-r1,False,False,270,-36710.0,-3.254
va_reclaim-GC-tf30|eve|,d_atr0p25_pts7-r2,False,False,266,-31014.0,-2.135
va_reclaim-GC-tf30|eve|,d_atr0p25_pts7-r3,False,False,266,-35224.0,-2.235
va_reclaim-GC-tf30|eve|,d_atr0p25_pct0p1-r0,False,False,270,-4680.0,-0.437
va_reclaim-GC-tf30|eve|,d_atr0p25_pct0p1-r1,False,False,291,-7154.0,-2.184
va_reclaim-GC-tf30|eve|,d_atr0p25_pct0p1-r2,False,False,285,-7190.0,-1.614
va_reclaim-GC-tf30|eve|,d_atr0p25_pct0p1-r3,False,False,277,-7408.0,-1.394
va_reclaim-GC-tf30|eve|,d_atr0p25_pct0p2-r0,False,False,266,-11414.0,-0.84
va_reclaim-GC-tf30|eve|,d_atr0p25_pct0p2-r1,False,False,283,-5432.0,-0.852
va_reclaim-GC-tf30|eve|,d_atr0p25_pct0p2-r2,False,False,269,-12386.0,-1.46
va_reclaim-GC-tf30|eve|,d_atr0p25_pct0p2-r3,False,False,267,-5448.0,-0.527
va_reclaim-GC-tf30|eve|,d_atr0p5_atr1p5-r0,False,False,223,2598.0,0.216
va_reclaim-GC-tf30|eve|,d_atr0p5_atr1p5-r1,False,False,232,-8078.0,-1.562
va_reclaim-GC-tf30|eve|,d_atr0p5_atr1p5-r2,False,False,230,-2320.0,-0.328
va_reclaim-GC-tf30|eve|,d_atr0p5_atr1p5-r3,False,False,226,6046.0,0.697
va_reclaim-GC-tf30|eve|,d_atr0p5_atr3-r0,False,False,222,-15838.0,-1.012
va_reclaim-GC-tf30|eve|,d_atr0p5_atr3-r1,False,False,230,-15750.0,-1.571
va_reclaim-GC-tf30|eve|,d_atr0p5_atr3-r2,False,False,222,-8338.0,-0.667
va_reclaim-GC-tf30|eve|,d_atr0p5_atr3-r3,False,False,222,-10378.0,-0.757
va_reclaim-GC-tf30|eve|,d_atr0p5_pts2-r0,False,False,226,-4644.0,-0.464
va_reclaim-GC-tf30|eve|,d_atr0p5_pts2-r1,False,False,234,-6216.0,-1.985
va_reclaim-GC-tf30|eve|,d_atr0p5_pts2-r2,False,False,233,-5342.0,-1.234
va_reclaim-GC-tf30|eve|,d_atr0p5_pts2-r3,False,False,230,-6300.0,-1.215
va_reclaim-GC-tf30|eve|,d_atr0p5_pts3-r0,False,False,223,-10082.0,-0.914
va_reclaim-GC-tf30|eve|,d_atr0p5_pts3-r1,False,False,233,-7892.0,-1.697
va_reclaim-GC-tf30|eve|,d_atr0p5_pts3-r2,False,False,227,-4848.0,-0.755
va_reclaim-GC-tf30|eve|,d_atr0p5_pts3-r3,False,False,224,-2446.0,-0.312
va_reclaim-GC-tf30|eve|,d_atr0p5_pts5-r0,False,False,222,-9458.0,-0.667
va_reclaim-GC-tf30|eve|,d_atr0p5_pts5-r1,False,False,229,-8676.0,-1.134
va_reclaim-GC-tf30|eve|,d_atr0p5_pts5-r2,False,False,223,-2432.0,-0.232
va_reclaim-GC-tf30|eve|,d_atr0p5_pts5-r3,False,False,222,-3898.0,-0.323
va_reclaim-GC-tf30|eve|,d_atr0p5_pts7-r0,False,False,222,-14588.0,-0.855
va_reclaim-GC-tf30|eve|,d_atr0p5_pts7-r1,False,False,225,-22110.0,-2.119
va_reclaim-GC-tf30|eve|,d_atr0p5_pts7-r2,False,False,222,-16838.0,-1.248
va_reclaim-GC-tf30|eve|,d_atr0p5_pts7-r3,False,False,222,-23818.0,-1.646
va_reclaim-GC-tf30|eve|,d_atr0p5_pct0p1-r0,False,False,226,-2054.0,-0.206
va_reclaim-GC-tf30|eve|,d_atr0p5_pct0p1-r1,False,False,234,-7206.0,-2.463
va_reclaim-GC-tf30|eve|,d_atr0p5_pct0p1-r2,False,False,234,-6086.0,-1.51
va_reclaim-GC-tf30|eve|,d_atr0p5_pct0p1-r3,False,False,230,-5590.0,-1.149
va_reclaim-GC-tf30|eve|,d_atr0p5_pct0p2-r0,False,False,222,-4958.0,-0.393
va_reclaim-GC-tf30|eve|,d_atr0p5_pct0p2-r1,False,False,232,-808.0,-0.14
va_reclaim-GC-tf30|eve|,d_atr0p5_pct0p2-r2,False,False,224,-3486.0,-0.44
va_reclaim-GC-tf30|eve|,d_atr0p5_pct0p2-r3,False,False,223,5918.0,0.604
va_reclaim-GC-tf30|london|,d_atr0_atr1p5-r0,False,False,291,-10324.0,-0.704
va_reclaim-GC-tf30|london|,d_atr0_atr1p5-r1,False,False,320,-15140.0,-1.843
va_reclaim-GC-tf30|london|,d_atr0_atr1p5-r2,False,False,298,-3322.0,-0.305
va_reclaim-GC-tf30|london|,d_atr0_atr1p5-r3,False,False,291,-9684.0,-0.807
va_reclaim-GC-tf30|london|,d_atr0_atr3-r0,False,False,290,-16150.0,-0.82
va_reclaim-GC-tf30|london|,d_atr0_atr3-r1,False,False,298,-12312.0,-0.854
va_reclaim-GC-tf30|london|,d_atr0_atr3-r2,False,False,290,-24640.0,-1.459
va_reclaim-GC-tf30|london|,d_atr0_atr3-r3,False,False,290,-20240.0,-1.11
va_reclaim-GC-tf30|london|,d_atr0_pts2-r0,False,False,302,-12868.0,-1.115
va_reclaim-GC-tf30|london|,d_atr0_pts2-r1,False,False,336,-13724.0,-3.689
va_reclaim-GC-tf30|london|,d_atr0_pts2-r2,False,False,325,-8600.0,-1.691
va_reclaim-GC-tf30|london|,d_atr0_pts2-r3,False,False,314,-18656.0,-3.3
va_reclaim-GC-tf30|london|,d_atr0_pts3-r0,False,False,297,-18098.0,-1.397
va_reclaim-GC-tf30|london|,d_atr0_pts3-r1,False,False,334,-7276.0,-1.305
va_reclaim-GC-tf30|london|,d_atr0_pts3-r2,False,False,311,-16884.0,-2.334
va_reclaim-GC-tf30|london|,d_atr0_pts3-r3,False,False,302,-17648.0,-2.079
va_reclaim-GC-tf30|london|,d_atr0_pts5-r0,False,False,293,-19842.0,-1.259
va_reclaim-GC-tf30|london|,d_atr0_pts5-r1,False,False,314,-24376.0,-2.748
va_reclaim-GC-tf30|london|,d_atr0_pts5-r2,False,False,297,-19378.0,-1.689
va_reclaim-GC-tf30|london|,d_atr0_pts5-r3,False,False,295,-18760.0,-1.435
va_reclaim-GC-tf30|london|,d_atr0_pts7-r0,False,False,290,-18040.0,-0.972
va_reclaim-GC-tf30|london|,d_atr0_pts7-r1,False,False,300,-18520.0,-1.552
va_reclaim-GC-tf30|london|,d_atr0_pts7-r2,False,False,292,-18928.0,-1.268
va_reclaim-GC-tf30|london|,d_atr0_pts7-r3,False,False,291,-24564.0,-1.511
va_reclaim-GC-tf30|london|,d_atr0_pct0p1-r0,False,False,305,-12230.0,-1.074
va_reclaim-GC-tf30|london|,d_atr0_pct0p1-r1,False,False,337,-14508.0,-4.17
va_reclaim-GC-tf30|london|,d_atr0_pct0p1-r2,False,False,331,-7884.0,-1.637
va_reclaim-GC-tf30|london|,d_atr0_pct0p1-r3,False,False,318,-13042.0,-2.355
va_reclaim-GC-tf30|london|,d_atr0_pct0p2-r0,False,False,293,-11242.0,-0.781
va_reclaim-GC-tf30|london|,d_atr0_pct0p2-r1,False,False,328,-11482.0,-1.671
va_reclaim-GC-tf30|london|,d_atr0_pct0p2-r2,False,False,304,-9826.0,-1.071
va_reclaim-GC-tf30|london|,d_atr0_pct0p2-r3,False,False,296,-10464.0,-0.979
va_reclaim-GC-tf30|london|,d_atr0p25_atr1p5-r0,False,False,256,-19654.0,-1.559
va_reclaim-GC-tf30|london|,d_atr0p25_atr1p5-r1,False,False,271,-19934.0,-2.614
va_reclaim-GC-tf30|london|,d_atr0p25_atr1p5-r2,False,False,260,-8160.0,-0.811
va_reclaim-GC-tf30|london|,d_atr0p25_atr1p5-r3,False,False,256,-15654.0,-1.447
va_reclaim-GC-tf30|london|,d_atr0p25_atr3-r0,False,False,255,-19600.0,-1.09
va_reclaim-GC-tf30|london|,d_atr0p25_atr3-r1,False,False,260,-14030.0,-1.045
va_reclaim-GC-tf30|london|,d_atr0p25_atr3-r2,False,False,255,-26860.0,-1.755
va_reclaim-GC-tf30|london|,d_atr0p25_atr3-r3,False,False,255,-24680.0,-1.508
va_reclaim-GC-tf30|london|,d_atr0p25_pts2-r0,False,False,264,-18956.0,-1.998
va_reclaim-GC-tf30|london|,d_atr0p25_pts2-r1,False,False,279,-12156.0,-3.595
va_reclaim-GC-tf30|london|,d_atr0p25_pts2-r2,False,False,277,-10498.0,-2.277
va_reclaim-GC-tf30|london|,d_atr0p25_pts2-r3,False,False,272,-16928.0,-3.24
va_reclaim-GC-tf30|london|,d_atr0p25_pts3-r0,False,False,261,-26654.0,-2.518
va_reclaim-GC-tf30|london|,d_atr0p25_pts3-r1,False,False,278,-9822.0,-1.935
va_reclaim-GC-tf30|london|,d_atr0p25_pts3-r2,False,False,270,-14930.0,-2.218
va_reclaim-GC-tf30|london|,d_atr0p25_pts3-r3,False,False,263,-17872.0,-2.287
va_reclaim-GC-tf30|london|,d_atr0p25_pts5-r0,False,False,259,-22466.0,-1.616
va_reclaim-GC-tf30|london|,d_atr0p25_pts5-r1,False,False,273,-21082.0,-2.553
va_reclaim-GC-tf30|london|,d_atr0p25_pts5-r2,False,False,261,-14714.0,-1.366
va_reclaim-GC-tf30|london|,d_atr0p25_pts5-r3,False,False,260,-16210.0,-1.33
va_reclaim-GC-tf30|london|,d_atr0p25_pts7-r0,False,False,256,-19634.0,-1.164
va_reclaim-GC-tf30|london|,d_atr0p25_pts7-r1,False,False,262,-17188.0,-1.54
va_reclaim-GC-tf30|london|,d_atr0p25_pts7-r2,False,False,257,-17028.0,-1.219
va_reclaim-GC-tf30|london|,d_atr0p25_pts7-r3,False,False,257,-23168.0,-1.534
va_reclaim-GC-tf30|london|,d_atr0p25_pct0p1-r0,False,False,264,-18136.0,-1.949
va_reclaim-GC-tf30|london|,d_atr0p25_pct0p1-r1,False,False,279,-12136.0,-3.831
va_reclaim-GC-tf30|london|,d_atr0p25_pct0p1-r2,False,False,277,-9048.0,-2.083
va_reclaim-GC-tf30|london|,d_atr0p25_pct0p1-r3,False,False,272,-12998.0,-2.581
va_reclaim-GC-tf30|london|,d_atr0p25_pct0p2-r0,False,False,259,-16766.0,-1.362
va_reclaim-GC-tf30|london|,d_atr0p25_pct0p2-r1,False,False,277,-9708.0,-1.536
va_reclaim-GC-tf30|london|,d_atr0p25_pct0p2-r2,False,False,265,-8130.0,-0.949
va_reclaim-GC-tf30|london|,d_atr0p25_pct0p2-r3,False,False,261,-9024.0,-0.908
va_reclaim-GC-tf30|london|,d_atr0p5_atr1p5-r0,False,False,234,-13906.0,-1.122
va_reclaim-GC-tf30|london|,d_atr0p5_atr1p5-r1,False,False,245,-19680.0,-2.706
va_reclaim-GC-tf30|london|,d_atr0p5_atr1p5-r2,False,False,237,-10478.0,-1.099
va_reclaim-GC-tf30|london|,d_atr0p5_atr1p5-r3,False,False,234,-15126.0,-1.482
va_reclaim-GC-tf30|london|,d_atr0p5_atr3-r0,False,False,233,-15922.0,-0.907
va_reclaim-GC-tf30|london|,d_atr0p5_atr3-r1,False,False,237,-16588.0,-1.284
va_reclaim-GC-tf30|london|,d_atr0p5_atr3-r2,False,False,233,-24212.0,-1.62
va_reclaim-GC-tf30|london|,d_atr0p5_atr3-r3,False,False,233,-22902.0,-1.435
va_reclaim-GC-tf30|london|,d_atr0p5_pts2-r0,False,False,239,-14536.0,-1.554
va_reclaim-GC-tf30|london|,d_atr0p5_pts2-r1,False,False,250,-12910.0,-4.064
va_reclaim-GC-tf30|london|,d_atr0p5_pts2-r2,False,False,250,-12030.0,-2.797
va_reclaim-GC-tf30|london|,d_atr0p5_pts2-r3,False,False,247,-15618.0,-3.145
va_reclaim-GC-tf30|london|,d_atr0p5_pts3-r0,False,False,238,-17792.0,-1.681
va_reclaim-GC-tf30|london|,d_atr0p5_pts3-r1,False,False,250,-7740.0,-1.606
va_reclaim-GC-tf30|london|,d_atr0p5_pts3-r2,False,False,246,-11944.0,-1.845
va_reclaim-GC-tf30|london|,d_atr0p5_pts3-r3,False,False,239,-16196.0,-2.179
va_reclaim-GC-tf30|london|,d_atr0p5_pts5-r0,False,False,236,-19234.0,-1.445
va_reclaim-GC-tf30|london|,d_atr0p5_pts5-r1,False,False,247,-19838.0,-2.529
va_reclaim-GC-tf30|london|,d_atr0p5_pts5-r2,False,False,237,-17778.0,-1.753
va_reclaim-GC-tf30|london|,d_atr0p5_pts5-r3,False,False,237,-20828.0,-1.852
va_reclaim-GC-tf30|london|,d_atr0p5_pts7-r0,False,False,234,-14756.0,-0.9
va_reclaim-GC-tf30|london|,d_atr0p5_pts7-r1,False,False,239,-20166.0,-1.892
va_reclaim-GC-tf30|london|,d_atr0p5_pts7-r2,False,False,235,-21740.0,-1.653
va_reclaim-GC-tf30|london|,d_atr0p5_pts7-r3,False,False,235,-21210.0,-1.465
va_reclaim-GC-tf30|london|,d_atr0p5_pct0p1-r0,False,False,239,-14026.0,-1.528
va_reclaim-GC-tf30|london|,d_atr0p5_pct0p1-r1,False,False,250,-12740.0,-4.281
va_reclaim-GC-tf30|london|,d_atr0p5_pct0p1-r2,False,False,250,-10240.0,-2.512
va_reclaim-GC-tf30|london|,d_atr0p5_pct0p1-r3,False,False,247,-12308.0,-2.569
va_reclaim-GC-tf30|london|,d_atr0p5_pct0p2-r0,False,False,236,-12984.0,-1.097
va_reclaim-GC-tf30|london|,d_atr0p5_pct0p2-r1,False,False,250,-9750.0,-1.623
va_reclaim-GC-tf30|london|,d_atr0p5_pct0p2-r2,False,False,241,-7664.0,-0.937
va_reclaim-GC-tf30|london|,d_atr0p5_pct0p2-r3,False,False,237,-12998.0,-1.402
va_reclaim-GC-tf30|mid|,d_atr0_atr1p5-r0,False,False,115,-15680.0,-2.887
va_reclaim-GC-tf30|mid|,d_atr0_atr1p5-r1,False,False,117,-12458.0,-2.414
va_reclaim-GC-tf30|mid|,d_atr0_atr1p5-r2,False,False,115,-15940.0,-3.024
va_reclaim-GC-tf30|mid|,d_atr0_atr1p5-r3,False,False,115,-15620.0,-2.865
va_reclaim-GC-tf30|mid|,d_atr0_atr3-r0,False,False,115,-19960.0,-2.923
va_reclaim-GC-tf30|mid|,d_atr0_atr3-r1,False,False,115,-20270.0,-3.032
va_reclaim-GC-tf30|mid|,d_atr0_atr3-r2,False,False,115,-18820.0,-2.626
va_reclaim-GC-tf30|mid|,d_atr0_atr3-r3,False,False,115,-19960.0,-2.923
va_reclaim-GC-tf30|mid|,d_atr0_pts2-r0,False,False,116,-9714.0,-3.072
va_reclaim-GC-tf30|mid|,d_atr0_pts2-r1,False,False,121,-8774.0,-4.145
va_reclaim-GC-tf30|mid|,d_atr0_pts2-r2,False,False,118,-9862.0,-3.8
va_reclaim-GC-tf30|mid|,d_atr0_pts2-r3,False,False,118,-9292.0,-3.156
va_reclaim-GC-tf30|mid|,d_atr0_pts3-r0,False,False,115,-9560.0,-2.434
va_reclaim-GC-tf30|mid|,d_atr0_pts3-r1,False,False,118,-10332.0,-3.391
va_reclaim-GC-tf30|mid|,d_atr0_pts3-r2,False,False,117,-7478.0,-1.952
va_reclaim-GC-tf30|mid|,d_atr0_pts3-r3,False,False,115,-7880.0,-1.955
va_reclaim-GC-tf30|mid|,d_atr0_pts5-r0,False,False,115,-14000.0,-3.019
va_reclaim-GC-tf30|mid|,d_atr0_pts5-r1,False,False,117,-9768.0,-2.173
va_reclaim-GC-tf30|mid|,d_atr0_pts5-r2,False,False,115,-12930.0,-2.711
va_reclaim-GC-tf30|mid|,d_atr0_pts5-r3,False,False,115,-13600.0,-2.86
va_reclaim-GC-tf30|mid|,d_atr0_pts7-r0,False,False,115,-17720.0,-3.175
va_reclaim-GC-tf30|mid|,d_atr0_pts7-r1,False,False,117,-11698.0,-2.102
va_reclaim-GC-tf30|mid|,d_atr0_pts7-r2,False,False,115,-17750.0,-3.194
va_reclaim-GC-tf30|mid|,d_atr0_pts7-r3,False,False,115,-16690.0,-2.81
va_reclaim-GC-tf30|mid|,d_atr0_pct0p1-r0,False,False,116,-9284.0,-3.042
va_reclaim-GC-tf30|mid|,d_atr0_pct0p1-r1,False,False,121,-7644.0,-3.814
va_reclaim-GC-tf30|mid|,d_atr0_pct0p1-r2,False,False,118,-9772.0,-4.065
va_reclaim-GC-tf30|mid|,d_atr0_pct0p1-r3,False,False,118,-9162.0,-3.327
va_reclaim-GC-tf30|mid|,d_atr0_pct0p2-r0,False,False,115,-11820.0,-2.801
va_reclaim-GC-tf30|mid|,d_atr0_pct0p2-r1,False,False,117,-10538.0,-2.891
va_reclaim-GC-tf30|mid|,d_atr0_pct0p2-r2,False,False,116,-7544.0,-1.696
va_reclaim-GC-tf30|mid|,d_atr0_pct0p2-r3,False,False,115,-11870.0,-2.846
va_reclaim-GC-tf30|mid|,d_atr0p25_atr1p5-r0,False,False,86,-10894.0,-2.578
va_reclaim-GC-tf30|mid|,d_atr0p25_atr1p5-r1,False,False,87,-8588.0,-2.032
va_reclaim-GC-tf30|mid|,d_atr0p25_atr1p5-r2,False,False,86,-11434.0,-2.829
va_reclaim-GC-tf30|mid|,d_atr0p25_atr1p5-r3,False,False,86,-10934.0,-2.597
va_reclaim-GC-tf30|mid|,d_atr0p25_atr3-r0,False,False,86,-14784.0,-2.959
va_reclaim-GC-tf30|mid|,d_atr0p25_atr3-r1,False,False,86,-15324.0,-3.168
va_reclaim-GC-tf30|mid|,d_atr0p25_atr3-r2,False,False,86,-14324.0,-2.768
va_reclaim-GC-tf30|mid|,d_atr0p25_atr3-r3,False,False,86,-14784.0,-2.959
va_reclaim-GC-tf30|mid|,d_atr0p25_pts2-r0,False,False,86,-7404.0,-2.806
va_reclaim-GC-tf30|mid|,d_atr0p25_pts2-r1,False,False,90,-5970.0,-3.234
va_reclaim-GC-tf30|mid|,d_atr0p25_pts2-r2,False,False,87,-7028.0,-3.16
va_reclaim-GC-tf30|mid|,d_atr0p25_pts2-r3,False,False,87,-6188.0,-2.401
va_reclaim-GC-tf30|mid|,d_atr0p25_pts3-r0,False,False,86,-7634.0,-2.297
va_reclaim-GC-tf30|mid|,d_atr0p25_pts3-r1,False,False,88,-7472.0,-2.816
va_reclaim-GC-tf30|mid|,d_atr0p25_pts3-r2,False,False,87,-6838.0,-2.152
va_reclaim-GC-tf30|mid|,d_atr0p25_pts3-r3,False,False,86,-7734.0,-2.415
va_reclaim-GC-tf30|mid|,d_atr0p25_pts5-r0,False,False,86,-8604.0,-2.224
va_reclaim-GC-tf30|mid|,d_atr0p25_pts5-r1,False,False,87,-6098.0,-1.616
va_reclaim-GC-tf30|mid|,d_atr0p25_pts5-r2,False,False,86,-8404.0,-2.184
va_reclaim-GC-tf30|mid|,d_atr0p25_pts5-r3,False,False,86,-8644.0,-2.244
va_reclaim-GC-tf30|mid|,d_atr0p25_pts7-r0,False,False,86,-12864.0,-2.917
va_reclaim-GC-tf30|mid|,d_atr0p25_pts7-r1,False,False,87,-8248.0,-1.81
va_reclaim-GC-tf30|mid|,d_atr0p25_pts7-r2,False,False,86,-13004.0,-2.984
va_reclaim-GC-tf30|mid|,d_atr0p25_pts7-r3,False,False,86,-12304.0,-2.643
va_reclaim-GC-tf30|mid|,d_atr0p25_pct0p1-r0,False,False,86,-7324.0,-2.904
va_reclaim-GC-tf30|mid|,d_atr0p25_pct0p1-r1,False,False,90,-5710.0,-3.284
va_reclaim-GC-tf30|mid|,d_atr0p25_pct0p1-r2,False,False,87,-7118.0,-3.466
va_reclaim-GC-tf30|mid|,d_atr0p25_pct0p1-r3,False,False,87,-6288.0,-2.61
va_reclaim-GC-tf30|mid|,d_atr0p25_pct0p2-r0,False,False,86,-9054.0,-2.533
va_reclaim-GC-tf30|mid|,d_atr0p25_pct0p2-r1,False,False,87,-9038.0,-2.918
va_reclaim-GC-tf30|mid|,d_atr0p25_pct0p2-r2,False,False,86,-8054.0,-2.262
va_reclaim-GC-tf30|mid|,d_atr0p25_pct0p2-r3,False,False,86,-9564.0,-2.84
va_reclaim-GC-tf30|mid|,d_atr0p5_atr1p5-r0,False,False,62,-8448.0,-2.28
va_reclaim-GC-tf30|mid|,d_atr0p5_atr1p5-r1,False,False,63,-7582.0,-2.157
va_reclaim-GC-tf30|mid|,d_atr0p5_atr1p5-r2,False,False,62,-8988.0,-2.575
va_reclaim-GC-tf30|mid|,d_atr0p5_atr1p5-r3,False,False,62,-8488.0,-2.302
va_reclaim-GC-tf30|mid|,d_atr0p5_atr3-r0,False,False,62,-10498.0,-2.498
va_reclaim-GC-tf30|mid|,d_atr0p5_atr3-r1,False,False,62,-11038.0,-2.752
va_reclaim-GC-tf30|mid|,d_atr0p5_atr3-r2,False,False,62,-10038.0,-2.275
va_reclaim-GC-tf30|mid|,d_atr0p5_atr3-r3,False,False,62,-10498.0,-2.498
va_reclaim-GC-tf30|mid|,d_atr0p5_pts2-r0,False,False,62,-5178.0,-2.187
va_reclaim-GC-tf30|mid|,d_atr0p5_pts2-r1,False,False,64,-5326.0,-3.545
va_reclaim-GC-tf30|mid|,d_atr0p5_pts2-r2,False,False,63,-5872.0,-3.268
va_reclaim-GC-tf30|mid|,d_atr0p5_pts2-r3,False,False,63,-5212.0,-2.526
va_reclaim-GC-tf30|mid|,d_atr0p5_pts3-r0,False,False,62,-6468.0,-2.208
va_reclaim-GC-tf30|mid|,d_atr0p5_pts3-r1,False,False,63,-6622.0,-3.036
va_reclaim-GC-tf30|mid|,d_atr0p5_pts3-r2,False,False,63,-6922.0,-2.702
va_reclaim-GC-tf30|mid|,d_atr0p5_pts3-r3,False,False,62,-6968.0,-2.611
va_reclaim-GC-tf30|mid|,d_atr0p5_pts5-r0,False,False,62,-6818.0,-1.991
va_reclaim-GC-tf30|mid|,d_atr0p5_pts5-r1,False,False,63,-5742.0,-1.821
va_reclaim-GC-tf30|mid|,d_atr0p5_pts5-r2,False,False,62,-7118.0,-2.177
va_reclaim-GC-tf30|mid|,d_atr0p5_pts5-r3,False,False,62,-6858.0,-2.015
va_reclaim-GC-tf30|mid|,d_atr0p5_pts7-r0,False,False,62,-10138.0,-2.61
va_reclaim-GC-tf30|mid|,d_atr0p5_pts7-r1,False,False,63,-6452.0,-1.638
va_reclaim-GC-tf30|mid|,d_atr0p5_pts7-r2,False,False,62,-10278.0,-2.688
va_reclaim-GC-tf30|mid|,d_atr0p5_pts7-r3,False,False,62,-9578.0,-2.301
va_reclaim-GC-tf30|mid|,d_atr0p5_pct0p1-r0,False,False,62,-5288.0,-2.354
va_reclaim-GC-tf30|mid|,d_atr0p5_pct0p1-r1,False,False,64,-5116.0,-3.625
va_reclaim-GC-tf30|mid|,d_atr0p5_pct0p1-r2,False,False,63,-6022.0,-3.69
va_reclaim-GC-tf30|mid|,d_atr0p5_pct0p1-r3,False,False,63,-5392.0,-2.84
va_reclaim-GC-tf30|mid|,d_atr0p5_pct0p2-r0,False,False,62,-6988.0,-2.229
va_reclaim-GC-tf30|mid|,d_atr0p5_pct0p2-r1,False,False,63,-8322.0,-3.329
va_reclaim-GC-tf30|mid|,d_atr0p5_pct0p2-r2,False,False,62,-7048.0,-2.404
va_reclaim-GC-tf30|mid|,d_atr0p5_pct0p2-r3,False,False,62,-7498.0,-2.59
va_reclaim-GC-tf30|nyam|,d_atr0_atr1p5-r0,False,False,158,-4822.0,-0.5
va_reclaim-GC-tf30|nyam|,d_atr0_atr1p5-r1,False,False,161,-7294.0,-1.02
va_reclaim-GC-tf30|nyam|,d_atr0_atr1p5-r2,False,False,158,-5452.0,-0.626
va_reclaim-GC-tf30|nyam|,d_atr0_atr1p5-r3,False,False,158,-5812.0,-0.629
va_reclaim-GC-tf30|nyam|,d_atr0_atr3-r0,False,False,156,-11344.0,-1.028
va_reclaim-GC-tf30|nyam|,d_atr0_atr3-r1,False,False,156,-12314.0,-1.204
va_reclaim-GC-tf30|nyam|,d_atr0_atr3-r2,False,False,156,-12804.0,-1.199
va_reclaim-GC-tf30|nyam|,d_atr0_atr3-r3,False,False,156,-10694.0,-0.954
va_reclaim-GC-tf30|nyam|,d_atr0_pts2-r0,False,False,164,7564.0,1.057
va_reclaim-GC-tf30|nyam|,d_atr0_pts2-r1,False,False,173,-3002.0,-1.111
va_reclaim-GC-tf30|nyam|,d_atr0_pts2-r2,False,False,169,-2356.0,-0.636
va_reclaim-GC-tf30|nyam|,d_atr0_pts2-r3,False,False,166,2386.0,0.517
va_reclaim-GC-tf30|nyam|,d_atr0_pts3-r0,False,False,163,4228.0,0.525
va_reclaim-GC-tf30|nyam|,d_atr0_pts3-r1,False,False,172,-2348.0,-0.587
va_reclaim-GC-tf30|nyam|,d_atr0_pts3-r2,False,False,165,1080.0,0.198
va_reclaim-GC-tf30|nyam|,d_atr0_pts3-r3,False,False,163,78.0,0.012
va_reclaim-GC-tf30|nyam|,d_atr0_pts5-r0,False,False,159,-5666.0,-0.62
va_reclaim-GC-tf30|nyam|,d_atr0_pts5-r1,False,False,162,-6898.0,-1.119
va_reclaim-GC-tf30|nyam|,d_atr0_pts5-r2,False,False,159,-10656.0,-1.42
va_reclaim-GC-tf30|nyam|,d_atr0_pts5-r3,False,False,159,-7186.0,-0.845
va_reclaim-GC-tf30|nyam|,d_atr0_pts7-r0,False,False,157,-9758.0,-0.981
va_reclaim-GC-tf30|nyam|,d_atr0_pts7-r1,False,False,158,-10132.0,-1.287
va_reclaim-GC-tf30|nyam|,d_atr0_pts7-r2,False,False,157,-12368.0,-1.347
va_reclaim-GC-tf30|nyam|,d_atr0_pts7-r3,False,False,157,-11268.0,-1.181
va_reclaim-GC-tf30|nyam|,d_atr0_pct0p1-r0,False,False,164,6384.0,0.918
va_reclaim-GC-tf30|nyam|,d_atr0_pct0p1-r1,False,False,173,-4482.0,-1.776
va_reclaim-GC-tf30|nyam|,d_atr0_pct0p1-r2,False,False,170,-1450.0,-0.412
va_reclaim-GC-tf30|nyam|,d_atr0_pct0p1-r3,False,False,167,222.0,0.052
va_reclaim-GC-tf30|nyam|,d_atr0_pct0p2-r0,False,False,163,-32.0,-0.004
va_reclaim-GC-tf30|nyam|,d_atr0_pct0p2-r1,False,False,170,-750.0,-0.152
va_reclaim-GC-tf30|nyam|,d_atr0_pct0p2-r2,False,False,163,-4082.0,-0.644
va_reclaim-GC-tf30|nyam|,d_atr0_pct0p2-r3,False,False,163,-4122.0,-0.574
va_reclaim-GC-tf30|nyam|,d_atr0p25_atr1p5-r0,False,False,146,-5694.0,-0.622
va_reclaim-GC-tf30|nyam|,d_atr0p25_atr1p5-r1,False,False,148,-6812.0,-0.999
va_reclaim-GC-tf30|nyam|,d_atr0p25_atr1p5-r2,False,False,146,-4924.0,-0.588
va_reclaim-GC-tf30|nyam|,d_atr0p25_atr1p5-r3,False,False,146,-4694.0,-0.524
va_reclaim-GC-tf30|nyam|,d_atr0p25_atr3-r0,False,False,145,-9670.0,-0.925
va_reclaim-GC-tf30|nyam|,d_atr0p25_atr3-r1,False,False,145,-9240.0,-0.946
va_reclaim-GC-tf30|nyam|,d_atr0p25_atr3-r2,False,False,145,-11130.0,-1.103
va_reclaim-GC-tf30|nyam|,d_atr0p25_atr3-r3,False,False,145,-9020.0,-0.847
va_reclaim-GC-tf30|nyam|,d_atr0p25_pts2-r0,False,False,152,3862.0,0.596
va_reclaim-GC-tf30|nyam|,d_atr0p25_pts2-r1,False,False,156,-3054.0,-1.19
va_reclaim-GC-tf30|nyam|,d_atr0p25_pts2-r2,False,False,154,-1706.0,-0.478
va_reclaim-GC-tf30|nyam|,d_atr0p25_pts2-r3,False,False,154,3554.0,0.788
va_reclaim-GC-tf30|nyam|,d_atr0p25_pts3-r0,False,False,151,-144.0,-0.019
va_reclaim-GC-tf30|nyam|,d_atr0p25_pts3-r1,False,False,155,-2920.0,-0.767
va_reclaim-GC-tf30|nyam|,d_atr0p25_pts3-r2,False,False,153,1738.0,0.327
va_reclaim-GC-tf30|nyam|,d_atr0p25_pts3-r3,False,False,151,-474.0,-0.078
va_reclaim-GC-tf30|nyam|,d_atr0p25_pts5-r0,False,False,147,-5268.0,-0.606
va_reclaim-GC-tf30|nyam|,d_atr0p25_pts5-r1,False,False,149,-4676.0,-0.778
va_reclaim-GC-tf30|nyam|,d_atr0p25_pts5-r2,False,False,147,-7538.0,-1.025
va_reclaim-GC-tf30|nyam|,d_atr0p25_pts5-r3,False,False,147,-4578.0,-0.55
va_reclaim-GC-tf30|nyam|,d_atr0p25_pts7-r0,False,False,145,-10470.0,-1.105
va_reclaim-GC-tf30|nyam|,d_atr0p25_pts7-r1,False,False,146,-8314.0,-1.093
va_reclaim-GC-tf30|nyam|,d_atr0p25_pts7-r2,False,False,145,-10870.0,-1.216
va_reclaim-GC-tf30|nyam|,d_atr0p25_pts7-r3,False,False,145,-11930.0,-1.317
va_reclaim-GC-tf30|nyam|,d_atr0p25_pct0p1-r0,False,False,152,2482.0,0.396
va_reclaim-GC-tf30|nyam|,d_atr0p25_pct0p1-r1,False,False,156,-4844.0,-2.015
va_reclaim-GC-tf30|nyam|,d_atr0p25_pct0p1-r2,False,False,154,-2446.0,-0.729
va_reclaim-GC-tf30|nyam|,d_atr0p25_pct0p1-r3,False,False,154,1554.0,0.37
va_reclaim-GC-tf30|nyam|,d_atr0p25_pct0p2-r0,False,False,150,-1610.0,-0.205
va_reclaim-GC-tf30|nyam|,d_atr0p25_pct0p2-r1,False,False,153,-122.0,-0.026
va_reclaim-GC-tf30|nyam|,d_atr0p25_pct0p2-r2,False,False,150,-1080.0,-0.174
va_reclaim-GC-tf30|nyam|,d_atr0p25_pct0p2-r3,False,False,150,-3040.0,-0.44
va_reclaim-GC-tf30|nyam|,d_atr0p5_atr1p5-r0,False,False,126,-5294.0,-0.621
va_reclaim-GC-tf30|nyam|,d_atr0p5_atr1p5-r1,False,False,127,-4728.0,-0.751
va_reclaim-GC-tf30|nyam|,d_atr0p5_atr1p5-r2,False,False,126,-4104.0,-0.53
va_reclaim-GC-tf30|nyam|,d_atr0p5_atr1p5-r3,False,False,126,-4294.0,-0.517
va_reclaim-GC-tf30|nyam|,d_atr0p5_atr3-r0,False,False,126,-8534.0,-0.873
va_reclaim-GC-tf30|nyam|,d_atr0p5_atr3-r1,False,False,126,-7684.0,-0.845
va_reclaim-GC-tf30|nyam|,d_atr0p5_atr3-r2,False,False,126,-9994.0,-1.065
va_reclaim-GC-tf30|nyam|,d_atr0p5_atr3-r3,False,False,126,-7884.0,-0.79
va_reclaim-GC-tf30|nyam|,d_atr0p5_pts2-r0,False,False,129,1704.0,0.286
va_reclaim-GC-tf30|nyam|,d_atr0p5_pts2-r1,False,False,130,-3230.0,-1.38
va_reclaim-GC-tf30|nyam|,d_atr0p5_pts2-r2,False,False,130,-2060.0,-0.632
va_reclaim-GC-tf30|nyam|,d_atr0p5_pts2-r3,False,False,130,1340.0,0.326
va_reclaim-GC-tf30|nyam|,d_atr0p5_pts3-r0,False,False,129,-1226.0,-0.178
va_reclaim-GC-tf30|nyam|,d_atr0p5_pts3-r1,False,False,130,-3000.0,-0.86
va_reclaim-GC-tf30|nyam|,d_atr0p5_pts3-r2,False,False,130,340.0,0.069
va_reclaim-GC-tf30|nyam|,d_atr0p5_pts3-r3,False,False,129,-186.0,-0.032
va_reclaim-GC-tf30|nyam|,d_atr0p5_pts5-r0,False,False,127,-4168.0,-0.51
va_reclaim-GC-tf30|nyam|,d_atr0p5_pts5-r1,False,False,128,-3742.0,-0.671
va_reclaim-GC-tf30|nyam|,d_atr0p5_pts5-r2,False,False,127,-5268.0,-0.757
va_reclaim-GC-tf30|nyam|,d_atr0p5_pts5-r3,False,False,127,-3128.0,-0.399
va_reclaim-GC-tf30|nyam|,d_atr0p5_pts7-r0,False,False,126,-9624.0,-1.088
va_reclaim-GC-tf30|nyam|,d_atr0p5_pts7-r1,False,False,126,-6994.0,-0.991
va_reclaim-GC-tf30|nyam|,d_atr0p5_pts7-r2,False,False,126,-9574.0,-1.145
va_reclaim-GC-tf30|nyam|,d_atr0p5_pts7-r3,False,False,126,-11084.0,-1.32
va_reclaim-GC-tf30|nyam|,d_atr0p5_pct0p1-r0,False,False,129,344.0,0.06
va_reclaim-GC-tf30|nyam|,d_atr0p5_pct0p1-r1,False,False,130,-4960.0,-2.274
va_reclaim-GC-tf30|nyam|,d_atr0p5_pct0p1-r2,False,False,130,-2710.0,-0.886
va_reclaim-GC-tf30|nyam|,d_atr0p5_pct0p1-r3,False,False,130,-580.0,-0.153
va_reclaim-GC-tf30|nyam|,d_atr0p5_pct0p2-r0,False,False,128,-962.0,-0.132
va_reclaim-GC-tf30|nyam|,d_atr0p5_pct0p2-r1,False,False,129,1754.0,0.406
va_reclaim-GC-tf30|nyam|,d_atr0p5_pct0p2-r2,False,False,128,608.0,0.104
va_reclaim-GC-tf30|nyam|,d_atr0p5_pct0p2-r3,False,False,128,-1322.0,-0.203
va_reclaim-GC-tf30|pm|,d_atr0_atr1p5-r0,False,False,86,1006.0,0.198
va_reclaim-GC-tf30|pm|,d_atr0_atr1p5-r1,False,False,86,-1744.0,-0.576
va_reclaim-GC-tf30|pm|,d_atr0_atr1p5-r2,False,False,86,-2124.0,-0.653
va_reclaim-GC-tf30|pm|,d_atr0_atr1p5-r3,False,False,86,-1704.0,-0.503
va_reclaim-GC-tf30|pm|,d_atr0_atr3-r0,False,False,86,2406.0,0.441
va_reclaim-GC-tf30|pm|,d_atr0_atr3-r1,False,False,86,-1224.0,-0.335
va_reclaim-GC-tf30|pm|,d_atr0_atr3-r2,False,False,86,696.0,0.16
va_reclaim-GC-tf30|pm|,d_atr0_atr3-r3,False,False,86,946.0,0.21
va_reclaim-GC-tf30|pm|,d_atr0_pts2-r0,False,False,86,-524.0,-0.117
va_reclaim-GC-tf30|pm|,d_atr0_pts2-r1,False,False,88,-2292.0,-1.403
va_reclaim-GC-tf30|pm|,d_atr0_pts2-r2,False,False,86,-3674.0,-1.923
va_reclaim-GC-tf30|pm|,d_atr0_pts2-r3,False,False,86,-3404.0,-1.605
va_reclaim-GC-tf30|pm|,d_atr0_pts3-r0,False,False,86,-1174.0,-0.249
va_reclaim-GC-tf30|pm|,d_atr0_pts3-r1,False,False,88,-3532.0,-1.675
va_reclaim-GC-tf30|pm|,d_atr0_pts3-r2,False,False,86,-2534.0,-0.979
va_reclaim-GC-tf30|pm|,d_atr0_pts3-r3,False,False,86,-1804.0,-0.613
va_reclaim-GC-tf30|pm|,d_atr0_pts5-r0,False,False,86,676.0,0.134
va_reclaim-GC-tf30|pm|,d_atr0_pts5-r1,False,False,86,-2174.0,-0.816
va_reclaim-GC-tf30|pm|,d_atr0_pts5-r2,False,False,86,-854.0,-0.254
va_reclaim-GC-tf30|pm|,d_atr0_pts5-r3,False,False,86,-1784.0,-0.516
va_reclaim-GC-tf30|pm|,d_atr0_pts7-r0,False,False,86,2786.0,0.525
va_reclaim-GC-tf30|pm|,d_atr0_pts7-r1,False,False,86,36.0,0.012
va_reclaim-GC-tf30|pm|,d_atr0_pts7-r2,False,False,86,36.0,0.01
va_reclaim-GC-tf30|pm|,d_atr0_pts7-r3,False,False,86,1436.0,0.331
va_reclaim-GC-tf30|pm|,d_atr0_pct0p1-r0,False,False,86,6.0,0.001
va_reclaim-GC-tf30|pm|,d_atr0_pct0p1-r1,False,False,88,-1312.0,-0.84
va_reclaim-GC-tf30|pm|,d_atr0_pct0p1-r2,False,False,88,-3452.0,-1.864
va_reclaim-GC-tf30|pm|,d_atr0_pct0p1-r3,False,False,86,-3014.0,-1.48
va_reclaim-GC-tf30|pm|,d_atr0_pct0p2-r0,False,False,86,-1424.0,-0.298
va_reclaim-GC-tf30|pm|,d_atr0_pct0p2-r1,False,False,88,-3782.0,-1.611
va_reclaim-GC-tf30|pm|,d_atr0_pct0p2-r2,False,False,86,-2144.0,-0.751
va_reclaim-GC-tf30|pm|,d_atr0_pct0p2-r3,False,False,86,-2664.0,-0.867
va_reclaim-GC-tf30|pm|,d_atr0p25_atr1p5-r0,False,False,55,-1300.0,-0.454
va_reclaim-GC-tf30|pm|,d_atr0p25_atr1p5-r1,False,False,55,-1600.0,-0.593
va_reclaim-GC-tf30|pm|,d_atr0p25_atr1p5-r2,False,False,55,-1300.0,-0.454
va_reclaim-GC-tf30|pm|,d_atr0p25_atr1p5-r3,False,False,55,-1300.0,-0.454
va_reclaim-GC-tf30|pm|,d_atr0p25_atr3-r0,False,False,55,-1880.0,-0.615
va_reclaim-GC-tf30|pm|,d_atr0p25_atr3-r1,False,False,55,-1880.0,-0.615
va_reclaim-GC-tf30|pm|,d_atr0p25_atr3-r2,False,False,55,-1880.0,-0.615
va_reclaim-GC-tf30|pm|,d_atr0p25_atr3-r3,False,False,55,-1880.0,-0.615
va_reclaim-GC-tf30|pm|,d_atr0p25_pts2-r0,False,False,55,-3660.0,-2.064
va_reclaim-GC-tf30|pm|,d_atr0p25_pts2-r1,False,False,57,-2588.0,-1.926
va_reclaim-GC-tf30|pm|,d_atr0p25_pts2-r2,False,False,55,-3290.0,-2.107
va_reclaim-GC-tf30|pm|,d_atr0p25_pts2-r3,False,False,55,-3180.0,-1.804
va_reclaim-GC-tf30|pm|,d_atr0p25_pts3-r0,False,False,55,-3390.0,-1.55
va_reclaim-GC-tf30|pm|,d_atr0p25_pts3-r1,False,False,57,-3158.0,-1.829
va_reclaim-GC-tf30|pm|,d_atr0p25_pts3-r2,False,False,55,-2310.0,-1.079
va_reclaim-GC-tf30|pm|,d_atr0p25_pts3-r3,False,False,55,-2180.0,-0.919
va_reclaim-GC-tf30|pm|,d_atr0p25_pts5-r0,False,False,55,-2040.0,-0.706
va_reclaim-GC-tf30|pm|,d_atr0p25_pts5-r1,False,False,55,-2440.0,-1.045
va_reclaim-GC-tf30|pm|,d_atr0p25_pts5-r2,False,False,55,-610.0,-0.204
va_reclaim-GC-tf30|pm|,d_atr0p25_pts5-r3,False,False,55,-2040.0,-0.706
va_reclaim-GC-tf30|pm|,d_atr0p25_pts7-r0,False,False,55,-1820.0,-0.618
va_reclaim-GC-tf30|pm|,d_atr0p25_pts7-r1,False,False,55,-420.0,-0.153
va_reclaim-GC-tf30|pm|,d_atr0p25_pts7-r2,False,False,55,-1820.0,-0.618
va_reclaim-GC-tf30|pm|,d_atr0p25_pts7-r3,False,False,55,-1820.0,-0.618
va_reclaim-GC-tf30|pm|,d_atr0p25_pct0p1-r0,False,False,55,-3290.0,-1.888
va_reclaim-GC-tf30|pm|,d_atr0p25_pct0p1-r1,False,False,57,-2218.0,-1.75
va_reclaim-GC-tf30|pm|,d_atr0p25_pct0p1-r2,False,False,57,-3198.0,-2.108
va_reclaim-GC-tf30|pm|,d_atr0p25_pct0p1-r3,False,False,55,-2950.0,-1.759
va_reclaim-GC-tf30|pm|,d_atr0p25_pct0p2-r0,False,False,55,-3800.0,-1.659
va_reclaim-GC-tf30|pm|,d_atr0p25_pct0p2-r1,False,False,57,-3358.0,-1.704
va_reclaim-GC-tf30|pm|,d_atr0p25_pct0p2-r2,False,False,55,-2490.0,-1.051
va_reclaim-GC-tf30|pm|,d_atr0p25_pct0p2-r3,False,False,55,-2280.0,-0.891
va_reclaim-GC-tf30|pm|,d_atr0p5_atr1p5-r0,False,False,46,-1394.0,-0.544
va_reclaim-GC-tf30|pm|,d_atr0p5_atr1p5-r1,False,False,46,-1464.0,-0.598
va_reclaim-GC-tf30|pm|,d_atr0p5_atr1p5-r2,False,False,46,-1394.0,-0.544
va_reclaim-GC-tf30|pm|,d_atr0p5_atr1p5-r3,False,False,46,-1394.0,-0.544
va_reclaim-GC-tf30|pm|,d_atr0p5_atr3-r0,False,False,46,-1334.0,-0.524
va_reclaim-GC-tf30|pm|,d_atr0p5_atr3-r1,False,False,46,-1334.0,-0.524
va_reclaim-GC-tf30|pm|,d_atr0p5_atr3-r2,False,False,46,-1334.0,-0.524
va_reclaim-GC-tf30|pm|,d_atr0p5_atr3-r3,False,False,46,-1334.0,-0.524
va_reclaim-GC-tf30|pm|,d_atr0p5_pts2-r0,False,False,46,-4344.0,-3.24
va_reclaim-GC-tf30|pm|,d_atr0p5_pts2-r1,False,False,46,-1714.0,-1.422
va_reclaim-GC-tf30|pm|,d_atr0p5_pts2-r2,False,False,46,-3464.0,-2.569
va_reclaim-GC-tf30|pm|,d_atr0p5_pts2-r3,False,False,46,-3614.0,-2.439
va_reclaim-GC-tf30|pm|,d_atr0p5_pts3-r0,False,False,46,-3864.0,-2.102
va_reclaim-GC-tf30|pm|,d_atr0p5_pts3-r1,False,False,46,-1894.0,-1.214
va_reclaim-GC-tf30|pm|,d_atr0p5_pts3-r2,False,False,46,-2534.0,-1.331
va_reclaim-GC-tf30|pm|,d_atr0p5_pts3-r3,False,False,46,-2654.0,-1.284
va_reclaim-GC-tf30|pm|,d_atr0p5_pts5-r0,False,False,46,-2244.0,-0.86
va_reclaim-GC-tf30|pm|,d_atr0p5_pts5-r1,False,False,46,-1454.0,-0.676
va_reclaim-GC-tf30|pm|,d_atr0p5_pts5-r2,False,False,46,-814.0,-0.298
va_reclaim-GC-tf30|pm|,d_atr0p5_pts5-r3,False,False,46,-2244.0,-0.86
va_reclaim-GC-tf30|pm|,d_atr0p5_pts7-r0,False,False,46,-1844.0,-0.7
va_reclaim-GC-tf30|pm|,d_atr0p5_pts7-r1,False,False,46,-294.0,-0.119
va_reclaim-GC-tf30|pm|,d_atr0p5_pts7-r2,False,False,46,-1844.0,-0.7
va_reclaim-GC-tf30|pm|,d_atr0p5_pts7-r3,False,False,46,-1844.0,-0.7
va_reclaim-GC-tf30|pm|,d_atr0p5_pct0p1-r0,False,False,46,-4054.0,-3.083
va_reclaim-GC-tf30|pm|,d_atr0p5_pct0p1-r1,False,False,46,-1394.0,-1.217
va_reclaim-GC-tf30|pm|,d_atr0p5_pct0p1-r2,False,False,46,-3084.0,-2.326
va_reclaim-GC-tf30|pm|,d_atr0p5_pct0p1-r3,False,False,46,-3414.0,-2.414
va_reclaim-GC-tf30|pm|,d_atr0p5_pct0p2-r0,False,False,46,-4224.0,-2.167
va_reclaim-GC-tf30|pm|,d_atr0p5_pct0p2-r1,False,False,46,-1954.0,-1.094
va_reclaim-GC-tf30|pm|,d_atr0p5_pct0p2-r2,False,False,46,-2794.0,-1.328
va_reclaim-GC-tf30|pm|,d_atr0p5_pct0p2-r3,False,False,46,-2704.0,-1.189
va_reclaim-GC-tf30|pre|,d_atr0_atr1p5-r0,False,False,163,-1662.0,-0.143
va_reclaim-GC-tf30|pre|,d_atr0_atr1p5-r1,False,False,167,-5708.0,-0.878
va_reclaim-GC-tf30|pre|,d_atr0_atr1p5-r2,False,False,167,-4138.0,-0.474
va_reclaim-GC-tf30|pre|,d_atr0_atr1p5-r3,False,False,163,-802.0,-0.081
va_reclaim-GC-tf30|pre|,d_atr0_atr3-r0,False,False,163,-10242.0,-0.753
va_reclaim-GC-tf30|pre|,d_atr0_atr3-r1,False,False,167,-11698.0,-1.06
va_reclaim-GC-tf30|pre|,d_atr0_atr3-r2,False,False,163,-14182.0,-1.145
va_reclaim-GC-tf30|pre|,d_atr0_atr3-r3,False,False,163,-12332.0,-0.96
va_reclaim-GC-tf30|pre|,d_atr0_pts2-r0,False,False,169,6914.0,0.746
va_reclaim-GC-tf30|pre|,d_atr0_pts2-r1,False,False,175,4370.0,1.629
va_reclaim-GC-tf30|pre|,d_atr0_pts2-r2,False,False,171,3656.0,0.939
va_reclaim-GC-tf30|pre|,d_atr0_pts2-r3,False,False,171,206.0,0.044
va_reclaim-GC-tf30|pre|,d_atr0_pts3-r0,False,False,167,6382.0,0.624
va_reclaim-GC-tf30|pre|,d_atr0_pts3-r1,False,False,174,5754.0,1.44
va_reclaim-GC-tf30|pre|,d_atr0_pts3-r2,False,False,170,5460.0,0.956
va_reclaim-GC-tf30|pre|,d_atr0_pts3-r3,False,False,167,5952.0,0.855
va_reclaim-GC-tf30|pre|,d_atr0_pts5-r0,False,False,163,-52.0,-0.005
va_reclaim-GC-tf30|pre|,d_atr0_pts5-r1,False,False,167,-638.0,-0.098
va_reclaim-GC-tf30|pre|,d_atr0_pts5-r2,False,False,163,-3082.0,-0.358
va_reclaim-GC-tf30|pre|,d_atr0_pts5-r3,False,False,163,-2172.0,-0.227
va_reclaim-GC-tf30|pre|,d_atr0_pts7-r0,False,False,163,-8512.0,-0.684
va_reclaim-GC-tf30|pre|,d_atr0_pts7-r1,False,False,166,-5274.0,-0.61
va_reclaim-GC-tf30|pre|,d_atr0_pts7-r2,False,False,163,-8112.0,-0.767
va_reclaim-GC-tf30|pre|,d_atr0_pts7-r3,False,False,163,-10922.0,-0.972
va_reclaim-GC-tf30|pre|,d_atr0_pct0p1-r0,False,False,169,8754.0,0.95
va_reclaim-GC-tf30|pre|,d_atr0_pct0p1-r1,False,False,175,3540.0,1.404
va_reclaim-GC-tf30|pre|,d_atr0_pct0p1-r2,False,False,173,5618.0,1.517
va_reclaim-GC-tf30|pre|,d_atr0_pct0p1-r3,False,False,171,1196.0,0.269
va_reclaim-GC-tf30|pre|,d_atr0_pct0p2-r0,False,False,166,7066.0,0.643
va_reclaim-GC-tf30|pre|,d_atr0_pct0p2-r1,False,False,172,8382.0,1.696
va_reclaim-GC-tf30|pre|,d_atr0_pct0p2-r2,False,False,168,5908.0,0.84
va_reclaim-GC-tf30|pre|,d_atr0_pct0p2-r3,False,False,166,3266.0,0.398
va_reclaim-GC-tf30|pre|,d_atr0p25_atr1p5-r0,False,False,133,-4062.0,-0.418
va_reclaim-GC-tf30|pre|,d_atr0p25_atr1p5-r1,False,False,136,-4134.0,-0.688
va_reclaim-GC-tf30|pre|,d_atr0p25_atr1p5-r2,False,False,136,-1224.0,-0.151
va_reclaim-GC-tf30|pre|,d_atr0p25_atr1p5-r3,False,False,133,-882.0,-0.099
va_reclaim-GC-tf30|pre|,d_atr0p25_atr3-r0,False,False,133,-6452.0,-0.56
va_reclaim-GC-tf30|pre|,d_atr0p25_atr3-r1,False,False,136,-2064.0,-0.207
va_reclaim-GC-tf30|pre|,d_atr0p25_atr3-r2,False,False,133,-10162.0,-0.954
va_reclaim-GC-tf30|pre|,d_atr0p25_atr3-r3,False,False,133,-8222.0,-0.744
va_reclaim-GC-tf30|pre|,d_atr0p25_pts2-r0,False,False,136,-3104.0,-0.447
va_reclaim-GC-tf30|pre|,d_atr0p25_pts2-r1,False,False,140,2840.0,1.179
va_reclaim-GC-tf30|pre|,d_atr0p25_pts2-r2,False,False,138,348.0,0.101
va_reclaim-GC-tf30|pre|,d_atr0p25_pts2-r3,False,False,138,-3622.0,-0.899
va_reclaim-GC-tf30|pre|,d_atr0p25_pts3-r0,False,False,135,1840.0,0.217
va_reclaim-GC-tf30|pre|,d_atr0p25_pts3-r1,False,False,140,4230.0,1.178
va_reclaim-GC-tf30|pre|,d_atr0p25_pts3-r2,False,False,138,2948.0,0.577
va_reclaim-GC-tf30|pre|,d_atr0p25_pts3-r3,False,False,136,4086.0,0.659
va_reclaim-GC-tf30|pre|,d_atr0p25_pts5-r0,False,False,133,-6112.0,-0.64
va_reclaim-GC-tf30|pre|,d_atr0p25_pts5-r1,False,False,136,-4064.0,-0.693
va_reclaim-GC-tf30|pre|,d_atr0p25_pts5-r2,False,False,133,-5282.0,-0.701
va_reclaim-GC-tf30|pre|,d_atr0p25_pts5-r3,False,False,133,-5442.0,-0.657
va_reclaim-GC-tf30|pre|,d_atr0p25_pts7-r0,False,False,133,-7992.0,-0.761
va_reclaim-GC-tf30|pre|,d_atr0p25_pts7-r1,False,False,136,-4994.0,-0.638
va_reclaim-GC-tf30|pre|,d_atr0p25_pts7-r2,False,False,133,-6222.0,-0.674
va_reclaim-GC-tf30|pre|,d_atr0p25_pts7-r3,False,False,133,-8392.0,-0.858
va_reclaim-GC-tf30|pre|,d_atr0p25_pct0p1-r0,False,False,136,-1504.0,-0.218
va_reclaim-GC-tf30|pre|,d_atr0p25_pct0p1-r1,False,False,140,2390.0,1.061
va_reclaim-GC-tf30|pre|,d_atr0p25_pct0p1-r2,False,False,140,2570.0,0.782
va_reclaim-GC-tf30|pre|,d_atr0p25_pct0p1-r3,False,False,138,-2802.0,-0.737
va_reclaim-GC-tf30|pre|,d_atr0p25_pct0p2-r0,False,False,134,-856.0,-0.095
va_reclaim-GC-tf30|pre|,d_atr0p25_pct0p2-r1,False,False,139,3534.0,0.792
va_reclaim-GC-tf30|pre|,d_atr0p25_pct0p2-r2,False,False,136,276.0,0.045
va_reclaim-GC-tf30|pre|,d_atr0p25_pct0p2-r3,False,False,134,-2936.0,-0.423
va_reclaim-GC-tf30|pre|,d_atr0p5_atr1p5-r0,False,False,110,-2360.0,-0.266
va_reclaim-GC-tf30|pre|,d_atr0p5_atr1p5-r1,False,False,111,-1324.0,-0.244
va_reclaim-GC-tf30|pre|,d_atr0p5_atr1p5-r2,False,False,111,26.0,0.004
va_reclaim-GC-tf30|pre|,d_atr0p5_atr1p5-r3,False,False,110,-490.0,-0.061
va_reclaim-GC-tf30|pre|,d_atr0p5_atr3-r0,False,False,110,-6520.0,-0.611
va_reclaim-GC-tf30|pre|,d_atr0p5_atr3-r1,False,False,111,-3774.0,-0.413
va_reclaim-GC-tf30|pre|,d_atr0p5_atr3-r2,False,False,110,-10230.0,-1.053
va_reclaim-GC-tf30|pre|,d_atr0p5_atr3-r3,False,False,110,-8290.0,-0.817
va_reclaim-GC-tf30|pre|,d_atr0p5_pts2-r0,False,False,110,650.0,0.096
va_reclaim-GC-tf30|pre|,d_atr0p5_pts2-r1,False,False,112,3912.0,1.838
va_reclaim-GC-tf30|pre|,d_atr0p5_pts2-r2,False,False,111,646.0,0.208
va_reclaim-GC-tf30|pre|,d_atr0p5_pts2-r3,False,False,111,-1074.0,-0.288
va_reclaim-GC-tf30|pre|,d_atr0p5_pts3-r0,False,False,110,3860.0,0.491
va_reclaim-GC-tf30|pre|,d_atr0p5_pts3-r1,False,False,112,4482.0,1.401
va_reclaim-GC-tf30|pre|,d_atr0p5_pts3-r2,False,False,111,4236.0,0.911
va_reclaim-GC-tf30|pre|,d_atr0p5_pts3-r3,False,False,110,4430.0,0.783
va_reclaim-GC-tf30|pre|,d_atr0p5_pts5-r0,False,False,110,-1550.0,-0.176
va_reclaim-GC-tf30|pre|,d_atr0p5_pts5-r1,False,False,111,-2154.0,-0.406
va_reclaim-GC-tf30|pre|,d_atr0p5_pts5-r2,False,False,110,-3660.0,-0.538
va_reclaim-GC-tf30|pre|,d_atr0p5_pts5-r3,False,False,110,-1710.0,-0.225
va_reclaim-GC-tf30|pre|,d_atr0p5_pts7-r0,False,False,110,-7710.0,-0.801
va_reclaim-GC-tf30|pre|,d_atr0p5_pts7-r1,False,False,111,-6154.0,-0.876
va_reclaim-GC-tf30|pre|,d_atr0p5_pts7-r2,False,False,110,-6300.0,-0.748
va_reclaim-GC-tf30|pre|,d_atr0p5_pts7-r3,False,False,110,-7530.0,-0.837
va_reclaim-GC-tf30|pre|,d_atr0p5_pct0p1-r0,False,False,110,1930.0,0.286
va_reclaim-GC-tf30|pre|,d_atr0p5_pct0p1-r1,False,False,112,3422.0,1.719
va_reclaim-GC-tf30|pre|,d_atr0p5_pct0p1-r2,False,False,112,4222.0,1.414
va_reclaim-GC-tf30|pre|,d_atr0p5_pct0p1-r3,False,False,111,-344.0,-0.098
va_reclaim-GC-tf30|pre|,d_atr0p5_pct0p2-r0,False,False,110,2540.0,0.305
va_reclaim-GC-tf30|pre|,d_atr0p5_pct0p2-r1,False,False,112,3472.0,0.868
va_reclaim-GC-tf30|pre|,d_atr0p5_pct0p2-r2,False,False,111,2566.0,0.454
va_reclaim-GC-tf30|pre|,d_atr0p5_pct0p2-r3,False,False,110,330.0,0.051
va_reclaim-GC-tf5|asia|,d_atr0_atr1p5-r0,False,False,276,-3134.0,-0.342
va_reclaim-GC-tf5|asia|,d_atr0_atr1p5-r1,False,False,289,-6266.0,-2.485
va_reclaim-GC-tf5|asia|,d_atr0_atr1p5-r2,False,False,288,-4912.0,-1.422
va_reclaim-GC-tf5|asia|,d_atr0_atr1p5-r3,False,False,287,352.0,0.08
va_reclaim-GC-tf5|asia|,d_atr0_atr3-r0,False,False,268,7788.0,0.547
va_reclaim-GC-tf5|asia|,d_atr0_atr3-r1,False,False,287,-4478.0,-0.928
va_reclaim-GC-tf5|asia|,d_atr0_atr3-r2,False,False,273,-2192.0,-0.326
va_reclaim-GC-tf5|asia|,d_atr0_atr3-r3,False,False,270,-420.0,-0.052
va_reclaim-GC-tf5|asia|,d_atr0_pts2-r0,False,False,267,-2498.0,-0.224
va_reclaim-GC-tf5|asia|,d_atr0_pts2-r1,False,False,288,-7932.0,-2.285
va_reclaim-GC-tf5|asia|,d_atr0_pts2-r2,False,False,279,-1156.0,-0.238
va_reclaim-GC-tf5|asia|,d_atr0_pts2-r3,False,False,270,-1900.0,-0.327
va_reclaim-GC-tf5|asia|,d_atr0_pts3-r0,False,False,267,-2098.0,-0.16
va_reclaim-GC-tf5|asia|,d_atr0_pts3-r1,False,False,285,-4700.0,-0.911
va_reclaim-GC-tf5|asia|,d_atr0_pts3-r2,False,False,270,-3810.0,-0.541
va_reclaim-GC-tf5|asia|,d_atr0_pts3-r3,False,False,267,802.0,0.093
va_reclaim-GC-tf5|asia|,d_atr0_pts5-r0,False,False,267,2542.0,0.153
va_reclaim-GC-tf5|asia|,d_atr0_pts5-r1,False,False,273,-6002.0,-0.718
va_reclaim-GC-tf5|asia|,d_atr0_pts5-r2,False,False,267,-1678.0,-0.147
va_reclaim-GC-tf5|asia|,d_atr0_pts5-r3,False,False,267,-7018.0,-0.542
va_reclaim-GC-tf5|asia|,d_atr0_pts7-r0,False,False,267,732.0,0.038
va_reclaim-GC-tf5|asia|,d_atr0_pts7-r1,False,False,267,-7098.0,-0.623
va_reclaim-GC-tf5|asia|,d_atr0_pts7-r2,False,False,267,-9338.0,-0.635
va_reclaim-GC-tf5|asia|,d_atr0_pts7-r3,False,False,267,-14228.0,-0.894
va_reclaim-GC-tf5|asia|,d_atr0_pct0p1-r0,False,False,267,542.0,0.049
va_reclaim-GC-tf5|asia|,d_atr0_pct0p1-r1,False,False,288,-7322.0,-2.256
va_reclaim-GC-tf5|asia|,d_atr0_pct0p1-r2,False,False,281,-54.0,-0.012
va_reclaim-GC-tf5|asia|,d_atr0_pct0p1-r3,False,False,273,408.0,0.074
va_reclaim-GC-tf5|asia|,d_atr0_pct0p2-r0,False,False,267,-4448.0,-0.306
va_reclaim-GC-tf5|asia|,d_atr0_pct0p2-r1,False,False,281,-1444.0,-0.227
va_reclaim-GC-tf5|asia|,d_atr0_pct0p2-r2,False,False,267,-6528.0,-0.757
va_reclaim-GC-tf5|asia|,d_atr0_pct0p2-r3,False,False,267,-3228.0,-0.313
va_reclaim-GC-tf5|asia|,d_atr0p25_atr1p5-r0,False,False,259,-4626.0,-0.52
va_reclaim-GC-tf5|asia|,d_atr0p25_atr1p5-r1,False,False,270,-6730.0,-2.791
va_reclaim-GC-tf5|asia|,d_atr0p25_atr1p5-r2,False,False,269,-5586.0,-1.687
va_reclaim-GC-tf5|asia|,d_atr0p25_atr1p5-r3,False,False,268,-862.0,-0.203
va_reclaim-GC-tf5|asia|,d_atr0p25_atr3-r0,False,False,255,9620.0,0.676
va_reclaim-GC-tf5|asia|,d_atr0p25_atr3-r1,False,False,269,-3586.0,-0.756
va_reclaim-GC-tf5|asia|,d_atr0p25_atr3-r2,False,False,259,-2676.0,-0.403
va_reclaim-GC-tf5|asia|,d_atr0p25_atr3-r3,False,False,257,-1288.0,-0.16
va_reclaim-GC-tf5|asia|,d_atr0p25_pts2-r0,False,False,254,-586.0,-0.053
va_reclaim-GC-tf5|asia|,d_atr0p25_pts2-r1,False,False,269,-6736.0,-2.005
va_reclaim-GC-tf5|asia|,d_atr0p25_pts2-r2,False,False,265,10.0,0.002
va_reclaim-GC-tf5|asia|,d_atr0p25_pts2-r3,False,False,256,-1334.0,-0.235
va_reclaim-GC-tf5|asia|,d_atr0p25_pts3-r0,False,False,254,-926.0,-0.071
va_reclaim-GC-tf5|asia|,d_atr0p25_pts3-r1,False,False,268,-4852.0,-0.97
va_reclaim-GC-tf5|asia|,d_atr0p25_pts3-r2,False,False,256,-4874.0,-0.714
va_reclaim-GC-tf5|asia|,d_atr0p25_pts3-r3,False,False,254,124.0,0.015
va_reclaim-GC-tf5|asia|,d_atr0p25_pts5-r0,False,False,254,4424.0,0.272
va_reclaim-GC-tf5|asia|,d_atr0p25_pts5-r1,False,False,259,-5876.0,-0.722
va_reclaim-GC-tf5|asia|,d_atr0p25_pts5-r2,False,False,254,584.0,0.052
va_reclaim-GC-tf5|asia|,d_atr0p25_pts5-r3,False,False,254,-2546.0,-0.199
va_reclaim-GC-tf5|asia|,d_atr0p25_pts7-r0,False,False,254,1924.0,0.102
va_reclaim-GC-tf5|asia|,d_atr0p25_pts7-r1,False,False,254,-6266.0,-0.564
va_reclaim-GC-tf5|asia|,d_atr0p25_pts7-r2,False,False,254,-4776.0,-0.331
va_reclaim-GC-tf5|asia|,d_atr0p25_pts7-r3,False,False,254,-11946.0,-0.767
va_reclaim-GC-tf5|asia|,d_atr0p25_pct0p1-r0,False,False,254,1534.0,0.139
va_reclaim-GC-tf5|asia|,d_atr0p25_pct0p1-r1,False,False,269,-6876.0,-2.191
va_reclaim-GC-tf5|asia|,d_atr0p25_pct0p1-r2,False,False,266,-874.0,-0.198
va_reclaim-GC-tf5|asia|,d_atr0p25_pct0p1-r3,False,False,259,-1116.0,-0.209
va_reclaim-GC-tf5|asia|,d_atr0p25_pct0p2-r0,False,False,254,-1486.0,-0.103
va_reclaim-GC-tf5|asia|,d_atr0p25_pct0p2-r1,False,False,266,-3004.0,-0.486
va_reclaim-GC-tf5|asia|,d_atr0p25_pct0p2-r2,False,False,254,-6906.0,-0.822
va_reclaim-GC-tf5|asia|,d_atr0p25_pct0p2-r3,False,False,254,-2456.0,-0.244
va_reclaim-GC-tf5|asia|,d_atr0p5_atr1p5-r0,False,False,243,-3072.0,-0.343
va_reclaim-GC-tf5|asia|,d_atr0p5_atr1p5-r1,False,False,251,-6334.0,-2.761
va_reclaim-GC-tf5|asia|,d_atr0p5_atr1p5-r2,False,False,251,-5334.0,-1.689
va_reclaim-GC-tf5|asia|,d_atr0p5_atr1p5-r3,False,False,251,-2184.0,-0.55
va_reclaim-GC-tf5|asia|,d_atr0p5_atr3-r0,False,False,240,10880.0,0.764
va_reclaim-GC-tf5|asia|,d_atr0p5_atr3-r1,False,False,251,-3864.0,-0.851
va_reclaim-GC-tf5|asia|,d_atr0p5_atr3-r2,False,False,243,-5252.0,-0.831
va_reclaim-GC-tf5|asia|,d_atr0p5_atr3-r3,False,False,242,-1918.0,-0.246
va_reclaim-GC-tf5|asia|,d_atr0p5_pts2-r0,False,False,240,2960.0,0.264
va_reclaim-GC-tf5|asia|,d_atr0p5_pts2-r1,False,False,250,-6360.0,-1.964
va_reclaim-GC-tf5|asia|,d_atr0p5_pts2-r2,False,False,248,-12.0,-0.003
va_reclaim-GC-tf5|asia|,d_atr0p5_pts2-r3,False,False,242,-2388.0,-0.436
va_reclaim-GC-tf5|asia|,d_atr0p5_pts3-r0,False,False,240,200.0,0.015
va_reclaim-GC-tf5|asia|,d_atr0p5_pts3-r1,False,False,249,-6816.0,-1.416
va_reclaim-GC-tf5|asia|,d_atr0p5_pts3-r2,False,False,242,-5938.0,-0.899
va_reclaim-GC-tf5|asia|,d_atr0p5_pts3-r3,False,False,240,-1510.0,-0.186
va_reclaim-GC-tf5|asia|,d_atr0p5_pts5-r0,False,False,240,230.0,0.015
va_reclaim-GC-tf5|asia|,d_atr0p5_pts5-r1,False,False,244,-8266.0,-1.047
va_reclaim-GC-tf5|asia|,d_atr0p5_pts5-r2,False,False,240,-4280.0,-0.399
va_reclaim-GC-tf5|asia|,d_atr0p5_pts5-r3,False,False,240,-8640.0,-0.706
va_reclaim-GC-tf5|asia|,d_atr0p5_pts7-r0,False,False,240,4170.0,0.223
va_reclaim-GC-tf5|asia|,d_atr0p5_pts7-r1,False,False,240,-5600.0,-0.52
va_reclaim-GC-tf5|asia|,d_atr0p5_pts7-r2,False,False,240,-6890.0,-0.494
va_reclaim-GC-tf5|asia|,d_atr0p5_pts7-r3,False,False,240,-10040.0,-0.656
va_reclaim-GC-tf5|asia|,d_atr0p5_pct0p1-r0,False,False,240,4890.0,0.438
va_reclaim-GC-tf5|asia|,d_atr0p5_pct0p1-r1,False,False,250,-6150.0,-2.028
va_reclaim-GC-tf5|asia|,d_atr0p5_pct0p1-r2,False,False,249,264.0,0.061
va_reclaim-GC-tf5|asia|,d_atr0p5_pct0p1-r3,False,False,243,-1622.0,-0.315
va_reclaim-GC-tf5|asia|,d_atr0p5_pct0p2-r0,False,False,240,-2430.0,-0.17
va_reclaim-GC-tf5|asia|,d_atr0p5_pct0p2-r1,False,False,249,-3116.0,-0.52
va_reclaim-GC-tf5|asia|,d_atr0p5_pct0p2-r2,False,False,240,-9420.0,-1.164
va_reclaim-GC-tf5|asia|,d_atr0p5_pct0p2-r3,False,False,240,-6770.0,-0.702
va_reclaim-GC-tf5|eve|,d_atr0_atr1p5-r0,False,False,410,-5230.0,-0.419
va_reclaim-GC-tf5|eve|,d_atr0_atr1p5-r1,False,False,435,-9690.0,-2.808
va_reclaim-GC-tf5|eve|,d_atr0_atr1p5-r2,False,False,434,-8096.0,-1.686
va_reclaim-GC-tf5|eve|,d_atr0_atr1p5-r3,False,False,430,-14140.0,-2.63
va_reclaim-GC-tf5|eve|,d_atr0_atr3-r0,False,False,397,-7988.0,-0.487
va_reclaim-GC-tf5|eve|,d_atr0_atr3-r1,False,False,434,-7096.0,-1.061
va_reclaim-GC-tf5|eve|,d_atr0_atr3-r2,False,False,421,-17644.0,-2.019
va_reclaim-GC-tf5|eve|,d_atr0_atr3-r3,False,False,410,-15270.0,-1.51
va_reclaim-GC-tf5|eve|,d_atr0_pts2-r0,False,False,392,-13228.0,-1.001
va_reclaim-GC-tf5|eve|,d_atr0_pts2-r1,False,False,435,-10750.0,-2.517
va_reclaim-GC-tf5|eve|,d_atr0_pts2-r2,False,False,425,-6840.0,-1.16
va_reclaim-GC-tf5|eve|,d_atr0_pts2-r3,False,False,406,-10814.0,-1.568
va_reclaim-GC-tf5|eve|,d_atr0_pts3-r0,False,False,385,-24980.0,-1.683
va_reclaim-GC-tf5|eve|,d_atr0_pts3-r1,False,False,431,-13354.0,-2.112
va_reclaim-GC-tf5|eve|,d_atr0_pts3-r2,False,False,401,-21284.0,-2.579
va_reclaim-GC-tf5|eve|,d_atr0_pts3-r3,False,False,388,-25502.0,-2.654
va_reclaim-GC-tf5|eve|,d_atr0_pts5-r0,False,False,384,-33586.0,-1.725
va_reclaim-GC-tf5|eve|,d_atr0_pts5-r1,False,False,413,-29512.0,-2.894
va_reclaim-GC-tf5|eve|,d_atr0_pts5-r2,False,False,386,-41954.0,-3.218
va_reclaim-GC-tf5|eve|,d_atr0_pts5-r3,False,False,384,-36736.0,-2.407
va_reclaim-GC-tf5|eve|,d_atr0_pts7-r0,False,False,384,-38876.0,-1.717
va_reclaim-GC-tf5|eve|,d_atr0_pts7-r1,False,False,393,-52452.0,-3.857
va_reclaim-GC-tf5|eve|,d_atr0_pts7-r2,False,False,384,-47746.0,-2.752
va_reclaim-GC-tf5|eve|,d_atr0_pts7-r3,False,False,384,-55936.0,-2.98
va_reclaim-GC-tf5|eve|,d_atr0_pct0p1-r0,False,False,394,-11906.0,-0.912
va_reclaim-GC-tf5|eve|,d_atr0_pct0p1-r1,False,False,435,-13050.0,-3.27
va_reclaim-GC-tf5|eve|,d_atr0_pct0p1-r2,False,False,426,-9894.0,-1.814
va_reclaim-GC-tf5|eve|,d_atr0_pct0p1-r3,False,False,413,-10542.0,-1.627
va_reclaim-GC-tf5|eve|,d_atr0_pct0p2-r0,False,False,385,-18560.0,-1.077
va_reclaim-GC-tf5|eve|,d_atr0_pct0p2-r1,False,False,425,-11400.0,-1.46
va_reclaim-GC-tf5|eve|,d_atr0_pct0p2-r2,False,False,393,-26462.0,-2.626
va_reclaim-GC-tf5|eve|,d_atr0_pct0p2-r3,False,False,387,-17868.0,-1.453
va_reclaim-GC-tf5|eve|,d_atr0p25_atr1p5-r0,False,False,389,-10476.0,-0.899
va_reclaim-GC-tf5|eve|,d_atr0p25_atr1p5-r1,False,False,410,-7350.0,-2.218
va_reclaim-GC-tf5|eve|,d_atr0p25_atr1p5-r2,False,False,410,-8120.0,-1.771
va_reclaim-GC-tf5|eve|,d_atr0p25_atr1p5-r3,False,False,406,-17254.0,-3.486
va_reclaim-GC-tf5|eve|,d_atr0p25_atr3-r0,False,False,375,-16680.0,-1.072
va_reclaim-GC-tf5|eve|,d_atr0p25_atr3-r1,False,False,410,-4110.0,-0.642
va_reclaim-GC-tf5|eve|,d_atr0p25_atr3-r2,False,False,397,-20838.0,-2.534
va_reclaim-GC-tf5|eve|,d_atr0p25_atr3-r3,False,False,389,-20336.0,-2.121
va_reclaim-GC-tf5|eve|,d_atr0p25_pts2-r0,False,False,372,-17388.0,-1.404
va_reclaim-GC-tf5|eve|,d_atr0p25_pts2-r1,False,False,410,-6620.0,-1.593
va_reclaim-GC-tf5|eve|,d_atr0p25_pts2-r2,False,False,402,-5568.0,-0.968
va_reclaim-GC-tf5|eve|,d_atr0p25_pts2-r3,False,False,384,-10146.0,-1.512
va_reclaim-GC-tf5|eve|,d_atr0p25_pts3-r0,False,False,367,-27978.0,-1.985
va_reclaim-GC-tf5|eve|,d_atr0p25_pts3-r1,False,False,407,-8258.0,-1.341
va_reclaim-GC-tf5|eve|,d_atr0p25_pts3-r2,False,False,381,-17734.0,-2.188
va_reclaim-GC-tf5|eve|,d_atr0p25_pts3-r3,False,False,369,-23166.0,-2.462
va_reclaim-GC-tf5|eve|,d_atr0p25_pts5-r0,False,False,367,-36718.0,-1.956
va_reclaim-GC-tf5|eve|,d_atr0p25_pts5-r1,False,False,391,-27294.0,-2.749
va_reclaim-GC-tf5|eve|,d_atr0p25_pts5-r2,False,False,369,-39266.0,-3.076
va_reclaim-GC-tf5|eve|,d_atr0p25_pts5-r3,False,False,367,-35798.0,-2.405
va_reclaim-GC-tf5|eve|,d_atr0p25_pts7-r0,False,False,367,-45258.0,-2.096
va_reclaim-GC-tf5|eve|,d_atr0p25_pts7-r1,False,False,375,-47470.0,-3.565
va_reclaim-GC-tf5|eve|,d_atr0p25_pts7-r2,False,False,367,-49698.0,-2.957
va_reclaim-GC-tf5|eve|,d_atr0p25_pts7-r3,False,False,367,-59478.0,-3.288
va_reclaim-GC-tf5|eve|,d_atr0p25_pct0p1-r0,False,False,375,-16140.0,-1.319
va_reclaim-GC-tf5|eve|,d_atr0p25_pct0p1-r1,False,False,410,-9580.0,-2.463
va_reclaim-GC-tf5|eve|,d_atr0p25_pct0p1-r2,False,False,403,-8242.0,-1.547
va_reclaim-GC-tf5|eve|,d_atr0p25_pct0p1-r3,False,False,390,-11220.0,-1.793
va_reclaim-GC-tf5|eve|,d_atr0p25_pct0p2-r0,False,False,367,-24038.0,-1.46
va_reclaim-GC-tf5|eve|,d_atr0p25_pct0p2-r1,False,False,402,-8628.0,-1.135
va_reclaim-GC-tf5|eve|,d_atr0p25_pct0p2-r2,False,False,374,-25946.0,-2.645
va_reclaim-GC-tf5|eve|,d_atr0p25_pct0p2-r3,False,False,369,-18706.0,-1.567
va_reclaim-GC-tf5|eve|,d_atr0p5_atr1p5-r0,False,False,354,-10576.0,-0.934
va_reclaim-GC-tf5|eve|,d_atr0p5_atr1p5-r1,False,False,372,-9068.0,-2.907
va_reclaim-GC-tf5|eve|,d_atr0p5_atr1p5-r2,False,False,372,-8308.0,-1.976
va_reclaim-GC-tf5|eve|,d_atr0p5_atr1p5-r3,False,False,367,-17038.0,-3.668
va_reclaim-GC-tf5|eve|,d_atr0p5_atr3-r0,False,False,339,-8496.0,-0.551
va_reclaim-GC-tf5|eve|,d_atr0p5_atr3-r1,False,False,372,-4568.0,-0.758
va_reclaim-GC-tf5|eve|,d_atr0p5_atr3-r2,False,False,360,-20450.0,-2.636
va_reclaim-GC-tf5|eve|,d_atr0p5_atr3-r3,False,False,352,-16468.0,-1.793
va_reclaim-GC-tf5|eve|,d_atr0p5_pts2-r0,False,False,339,-12796.0,-1.045
va_reclaim-GC-tf5|eve|,d_atr0p5_pts2-r1,False,False,372,-4228.0,-1.067
va_reclaim-GC-tf5|eve|,d_atr0p5_pts2-r2,False,False,363,-5152.0,-0.943
va_reclaim-GC-tf5|eve|,d_atr0p5_pts2-r3,False,False,349,-9136.0,-1.428
va_reclaim-GC-tf5|eve|,d_atr0p5_pts3-r0,False,False,334,-19376.0,-1.377
va_reclaim-GC-tf5|eve|,d_atr0p5_pts3-r1,False,False,369,-7306.0,-1.246
va_reclaim-GC-tf5|eve|,d_atr0p5_pts3-r2,False,False,346,-16754.0,-2.174
va_reclaim-GC-tf5|eve|,d_atr0p5_pts3-r3,False,False,336,-22484.0,-2.52
va_reclaim-GC-tf5|eve|,d_atr0p5_pts5-r0,False,False,334,-31976.0,-1.761
va_reclaim-GC-tf5|eve|,d_atr0p5_pts5-r1,False,False,354,-27436.0,-2.91
va_reclaim-GC-tf5|eve|,d_atr0p5_pts5-r2,False,False,336,-37244.0,-3.073
va_reclaim-GC-tf5|eve|,d_atr0p5_pts5-r3,False,False,334,-32916.0,-2.32
va_reclaim-GC-tf5|eve|,d_atr0p5_pts7-r0,False,False,334,-45276.0,-2.202
va_reclaim-GC-tf5|eve|,d_atr0p5_pts7-r1,False,False,341,-44334.0,-3.498
va_reclaim-GC-tf5|eve|,d_atr0p5_pts7-r2,False,False,334,-49436.0,-3.103
va_reclaim-GC-tf5|eve|,d_atr0p5_pts7-r3,False,False,334,-56956.0,-3.293
va_reclaim-GC-tf5|eve|,d_atr0p5_pct0p1-r0,False,False,342,-11908.0,-0.984
va_reclaim-GC-tf5|eve|,d_atr0p5_pct0p1-r1,False,False,372,-7148.0,-1.926
va_reclaim-GC-tf5|eve|,d_atr0p5_pct0p1-r2,False,False,364,-7716.0,-1.525
va_reclaim-GC-tf5|eve|,d_atr0p5_pct0p1-r3,False,False,356,-9454.0,-1.572
va_reclaim-GC-tf5|eve|,d_atr0p5_pct0p2-r0,False,False,334,-20276.0,-1.271
va_reclaim-GC-tf5|eve|,d_atr0p5_pct0p2-r1,False,False,363,-7882.0,-1.091
va_reclaim-GC-tf5|eve|,d_atr0p5_pct0p2-r2,False,False,340,-26370.0,-2.843
va_reclaim-GC-tf5|eve|,d_atr0p5_pct0p2-r3,False,False,336,-19564.0,-1.734
va_reclaim-GC-tf5|london|,d_atr0_atr1p5-r0,False,False,364,-4976.0,-0.396
va_reclaim-GC-tf5|london|,d_atr0_atr1p5-r1,False,False,405,-9710.0,-2.295
va_reclaim-GC-tf5|london|,d_atr0_atr1p5-r2,False,False,400,-4960.0,-0.847
va_reclaim-GC-tf5|london|,d_atr0_atr1p5-r3,False,False,391,-4234.0,-0.59
va_reclaim-GC-tf5|london|,d_atr0_atr3-r0,False,False,341,2096.0,0.133
va_reclaim-GC-tf5|london|,d_atr0_atr3-r1,False,False,395,-6810.0,-0.83
va_reclaim-GC-tf5|london|,d_atr0_atr3-r2,False,False,368,2828.0,0.255
va_reclaim-GC-tf5|london|,d_atr0_atr3-r3,False,False,347,13302.0,1.011
va_reclaim-GC-tf5|london|,d_atr0_pts2-r0,False,False,357,-108.0,-0.008
va_reclaim-GC-tf5|london|,d_atr0_pts2-r1,False,False,405,-12490.0,-3.04
va_reclaim-GC-tf5|london|,d_atr0_pts2-r2,False,False,398,-5902.0,-1.033
va_reclaim-GC-tf5|london|,d_atr0_pts2-r3,False,False,381,-8664.0,-1.288
va_reclaim-GC-tf5|london|,d_atr0_pts3-r0,False,False,347,-2178.0,-0.146
va_reclaim-GC-tf5|london|,d_atr0_pts3-r1,False,False,404,-5476.0,-0.892
va_reclaim-GC-tf5|london|,d_atr0_pts3-r2,False,False,375,-5040.0,-0.609
va_reclaim-GC-tf5|london|,d_atr0_pts3-r3,False,False,358,-5312.0,-0.545
va_reclaim-GC-tf5|london|,d_atr0_pts5-r0,False,False,338,3808.0,0.211
va_reclaim-GC-tf5|london|,d_atr0_pts5-r1,False,False,380,-15600.0,-1.585
va_reclaim-GC-tf5|london|,d_atr0_pts5-r2,False,False,346,-4874.0,-0.38
va_reclaim-GC-tf5|london|,d_atr0_pts5-r3,False,False,339,-1056.0,-0.072
va_reclaim-GC-tf5|london|,d_atr0_pts7-r0,False,False,336,-254.0,-0.013
va_reclaim-GC-tf5|london|,d_atr0_pts7-r1,False,False,359,-9056.0,-0.693
va_reclaim-GC-tf5|london|,d_atr0_pts7-r2,False,False,338,-6612.0,-0.404
va_reclaim-GC-tf5|london|,d_atr0_pts7-r3,False,False,337,-5148.0,-0.285
va_reclaim-GC-tf5|london|,d_atr0_pct0p1-r0,False,False,360,3590.0,0.274
va_reclaim-GC-tf5|london|,d_atr0_pct0p1-r1,False,False,405,-13060.0,-3.398
va_reclaim-GC-tf5|london|,d_atr0_pct0p1-r2,False,False,401,-6914.0,-1.293
va_reclaim-GC-tf5|london|,d_atr0_pct0p1-r3,False,False,388,-7932.0,-1.248
va_reclaim-GC-tf5|london|,d_atr0_pct0p2-r0,False,False,342,-1898.0,-0.119
va_reclaim-GC-tf5|london|,d_atr0_pct0p2-r1,False,False,396,-11114.0,-1.472
va_reclaim-GC-tf5|london|,d_atr0_pct0p2-r2,False,False,360,-1880.0,-0.186
va_reclaim-GC-tf5|london|,d_atr0_pct0p2-r3,False,False,346,1036.0,0.087
va_reclaim-GC-tf5|london|,d_atr0p25_atr1p5-r0,False,False,339,-11956.0,-1.047
va_reclaim-GC-tf5|london|,d_atr0p25_atr1p5-r1,False,False,373,-8352.0,-2.071
va_reclaim-GC-tf5|london|,d_atr0p25_atr1p5-r2,False,False,369,-7776.0,-1.401
va_reclaim-GC-tf5|london|,d_atr0p25_atr1p5-r3,False,False,363,-7812.0,-1.151
va_reclaim-GC-tf5|london|,d_atr0p25_atr3-r0,False,False,321,-3074.0,-0.205
va_reclaim-GC-tf5|london|,d_atr0p25_atr3-r1,False,False,367,-8338.0,-1.061
va_reclaim-GC-tf5|london|,d_atr0p25_atr3-r2,False,False,345,-1300.0,-0.123
va_reclaim-GC-tf5|london|,d_atr0p25_atr3-r3,False,False,327,10152.0,0.798
va_reclaim-GC-tf5|london|,d_atr0p25_pts2-r0,False,False,331,-2614.0,-0.209
va_reclaim-GC-tf5|london|,d_atr0p25_pts2-r1,False,False,373,-12202.0,-3.097
va_reclaim-GC-tf5|london|,d_atr0p25_pts2-r2,False,False,366,-7594.0,-1.396
va_reclaim-GC-tf5|london|,d_atr0p25_pts2-r3,False,False,353,-8342.0,-1.291
va_reclaim-GC-tf5|london|,d_atr0p25_pts3-r0,False,False,325,-6880.0,-0.498
va_reclaim-GC-tf5|london|,d_atr0p25_pts3-r1,False,False,372,-6418.0,-1.09
va_reclaim-GC-tf5|london|,d_atr0p25_pts3-r2,False,False,351,-2944.0,-0.366
va_reclaim-GC-tf5|london|,d_atr0p25_pts3-r3,False,False,335,-4110.0,-0.435
va_reclaim-GC-tf5|london|,d_atr0p25_pts5-r0,False,False,319,-3686.0,-0.218
va_reclaim-GC-tf5|london|,d_atr0p25_pts5-r1,False,False,356,-18414.0,-1.936
va_reclaim-GC-tf5|london|,d_atr0p25_pts5-r2,False,False,326,-5154.0,-0.415
va_reclaim-GC-tf5|london|,d_atr0p25_pts5-r3,False,False,320,-4040.0,-0.286
va_reclaim-GC-tf5|london|,d_atr0p25_pts7-r0,False,False,317,-2368.0,-0.122
va_reclaim-GC-tf5|london|,d_atr0p25_pts7-r1,False,False,338,-6992.0,-0.551
va_reclaim-GC-tf5|london|,d_atr0p25_pts7-r2,False,False,318,-6462.0,-0.409
va_reclaim-GC-tf5|london|,d_atr0p25_pts7-r3,False,False,318,-5842.0,-0.335
va_reclaim-GC-tf5|london|,d_atr0p25_pct0p1-r0,False,False,334,824.0,0.066
va_reclaim-GC-tf5|london|,d_atr0p25_pct0p1-r1,False,False,373,-13202.0,-3.585
va_reclaim-GC-tf5|london|,d_atr0p25_pct0p1-r2,False,False,368,-8882.0,-1.75
va_reclaim-GC-tf5|london|,d_atr0p25_pct0p1-r3,False,False,359,-11146.0,-1.861
va_reclaim-GC-tf5|london|,d_atr0p25_pct0p2-r0,False,False,322,-9398.0,-0.642
va_reclaim-GC-tf5|london|,d_atr0p25_pct0p2-r1,False,False,367,-10478.0,-1.44
va_reclaim-GC-tf5|london|,d_atr0p25_pct0p2-r2,False,False,339,-1646.0,-0.167
va_reclaim-GC-tf5|london|,d_atr0p25_pct0p2-r3,False,False,326,-64.0,-0.006
va_reclaim-GC-tf5|london|,d_atr0p5_atr1p5-r0,False,False,320,-14350.0,-1.347
va_reclaim-GC-tf5|london|,d_atr0p5_atr1p5-r1,False,False,343,-8942.0,-2.294
va_reclaim-GC-tf5|london|,d_atr0p5_atr1p5-r2,False,False,340,-11320.0,-2.145
va_reclaim-GC-tf5|london|,d_atr0p5_atr1p5-r3,False,False,337,-13148.0,-2.062
va_reclaim-GC-tf5|london|,d_atr0p5_atr3-r0,False,False,306,-9244.0,-0.663
va_reclaim-GC-tf5|london|,d_atr0p5_atr3-r1,False,False,338,-11322.0,-1.49
va_reclaim-GC-tf5|london|,d_atr0p5_atr3-r2,False,False,325,-7410.0,-0.725
va_reclaim-GC-tf5|london|,d_atr0p5_atr3-r3,False,False,311,2526.0,0.208
va_reclaim-GC-tf5|london|,d_atr0p5_pts2-r0,False,False,314,-8626.0,-0.77
va_reclaim-GC-tf5|london|,d_atr0p5_pts2-r1,False,False,343,-12742.0,-3.382
va_reclaim-GC-tf5|london|,d_atr0p5_pts2-r2,False,False,339,-9736.0,-1.882
va_reclaim-GC-tf5|london|,d_atr0p5_pts2-r3,False,False,331,-12534.0,-2.058
va_reclaim-GC-tf5|london|,d_atr0p5_pts3-r0,False,False,309,-14126.0,-1.123
va_reclaim-GC-tf5|london|,d_atr0p5_pts3-r1,False,False,342,-8578.0,-1.521
va_reclaim-GC-tf5|london|,d_atr0p5_pts3-r2,False,False,329,-8766.0,-1.146
va_reclaim-GC-tf5|london|,d_atr0p5_pts3-r3,False,False,315,-9920.0,-1.109
va_reclaim-GC-tf5|london|,d_atr0p5_pts5-r0,False,False,306,-12184.0,-0.775
va_reclaim-GC-tf5|london|,d_atr0p5_pts5-r1,False,False,333,-20732.0,-2.258
va_reclaim-GC-tf5|london|,d_atr0p5_pts5-r2,False,False,311,-9534.0,-0.793
va_reclaim-GC-tf5|london|,d_atr0p5_pts5-r3,False,False,307,-10158.0,-0.746
va_reclaim-GC-tf5|london|,d_atr0p5_pts7-r0,False,False,305,-9560.0,-0.518
va_reclaim-GC-tf5|london|,d_atr0p5_pts7-r1,False,False,320,-11640.0,-0.947
va_reclaim-GC-tf5|london|,d_atr0p5_pts7-r2,False,False,306,-10744.0,-0.699
va_reclaim-GC-tf5|london|,d_atr0p5_pts7-r3,False,False,306,-10904.0,-0.645
va_reclaim-GC-tf5|london|,d_atr0p5_pct0p1-r0,False,False,316,-8214.0,-0.745
va_reclaim-GC-tf5|london|,d_atr0p5_pct0p1-r1,False,False,343,-13262.0,-3.765
va_reclaim-GC-tf5|london|,d_atr0p5_pct0p1-r2,False,False,340,-11570.0,-2.406
va_reclaim-GC-tf5|london|,d_atr0p5_pct0p1-r3,False,False,333,-16292.0,-2.937
va_reclaim-GC-tf5|london|,d_atr0p5_pct0p2-r0,False,False,308,-19112.0,-1.438
va_reclaim-GC-tf5|london|,d_atr0p5_pct0p2-r1,False,False,339,-12956.0,-1.855
va_reclaim-GC-tf5|london|,d_atr0p5_pct0p2-r2,False,False,320,-8760.0,-0.931
va_reclaim-GC-tf5|london|,d_atr0p5_pct0p2-r3,False,False,310,-7600.0,-0.691
va_reclaim-GC-tf5|mid|,d_atr0_atr1p5-r0,False,False,166,-18634.0,-3.805
va_reclaim-GC-tf5|mid|,d_atr0_atr1p5-r1,False,False,175,-14740.0,-3.584
va_reclaim-GC-tf5|mid|,d_atr0_atr1p5-r2,False,False,170,-15760.0,-3.276
va_reclaim-GC-tf5|mid|,d_atr0_atr1p5-r3,False,False,167,-16168.0,-3.2
va_reclaim-GC-tf5|mid|,d_atr0_atr3-r0,False,False,165,-28370.0,-4.422
va_reclaim-GC-tf5|mid|,d_atr0_atr3-r1,False,False,169,-25496.0,-4.148
va_reclaim-GC-tf5|mid|,d_atr0_atr3-r2,False,False,165,-28870.0,-4.622
va_reclaim-GC-tf5|mid|,d_atr0_atr3-r3,False,False,165,-28050.0,-4.31
va_reclaim-GC-tf5|mid|,d_atr0_pts2-r0,False,False,167,-12948.0,-3.185
va_reclaim-GC-tf5|mid|,d_atr0_pts2-r1,False,False,177,-9418.0,-3.575
va_reclaim-GC-tf5|mid|,d_atr0_pts2-r2,False,False,173,-13332.0,-4.156
va_reclaim-GC-tf5|mid|,d_atr0_pts2-r3,False,False,170,-12530.0,-3.445
va_reclaim-GC-tf5|mid|,d_atr0_pts3-r0,False,False,167,-16508.0,-3.438
va_reclaim-GC-tf5|mid|,d_atr0_pts3-r1,False,False,175,-12750.0,-3.396
va_reclaim-GC-tf5|mid|,d_atr0_pts3-r2,False,False,170,-13900.0,-3.039
va_reclaim-GC-tf5|mid|,d_atr0_pts3-r3,False,False,169,-12926.0,-2.569
va_reclaim-GC-tf5|mid|,d_atr0_pts5-r0,False,False,165,-27380.0,-4.901
va_reclaim-GC-tf5|mid|,d_atr0_pts5-r1,False,False,172,-21258.0,-3.914
va_reclaim-GC-tf5|mid|,d_atr0_pts5-r2,False,False,166,-27394.0,-4.927
va_reclaim-GC-tf5|mid|,d_atr0_pts5-r3,False,False,166,-27694.0,-4.898
va_reclaim-GC-tf5|mid|,d_atr0_pts7-r0,False,False,165,-32120.0,-4.89
va_reclaim-GC-tf5|mid|,d_atr0_pts7-r1,False,False,169,-27406.0,-4.224
va_reclaim-GC-tf5|mid|,d_atr0_pts7-r2,False,False,166,-33124.0,-5.085
va_reclaim-GC-tf5|mid|,d_atr0_pts7-r3,False,False,165,-30910.0,-4.463
va_reclaim-GC-tf5|mid|,d_atr0_pct0p1-r0,False,False,167,-12278.0,-3.089
va_reclaim-GC-tf5|mid|,d_atr0_pct0p1-r1,False,False,178,-8682.0,-3.494
va_reclaim-GC-tf5|mid|,d_atr0_pct0p1-r2,False,False,173,-11252.0,-3.64
va_reclaim-GC-tf5|mid|,d_atr0_pct0p1-r3,False,False,170,-12610.0,-3.702
va_reclaim-GC-tf5|mid|,d_atr0_pct0p2-r0,False,False,166,-20844.0,-4.141
va_reclaim-GC-tf5|mid|,d_atr0_pct0p2-r1,False,False,173,-16162.0,-3.665
va_reclaim-GC-tf5|mid|,d_atr0_pct0p2-r2,False,False,169,-17656.0,-3.476
va_reclaim-GC-tf5|mid|,d_atr0_pct0p2-r3,False,False,167,-20968.0,-4.194
va_reclaim-GC-tf5|mid|,d_atr0p25_atr1p5-r0,False,False,150,-17750.0,-4.132
va_reclaim-GC-tf5|mid|,d_atr0p25_atr1p5-r1,False,False,156,-12714.0,-3.33
va_reclaim-GC-tf5|mid|,d_atr0p25_atr1p5-r2,False,False,152,-15348.0,-3.548
va_reclaim-GC-tf5|mid|,d_atr0p25_atr1p5-r3,False,False,151,-16384.0,-3.682
va_reclaim-GC-tf5|mid|,d_atr0p25_atr3-r0,False,False,150,-25310.0,-4.309
va_reclaim-GC-tf5|mid|,d_atr0p25_atr3-r1,False,False,152,-23188.0,-4.116
va_reclaim-GC-tf5|mid|,d_atr0p25_atr3-r2,False,False,150,-25710.0,-4.496
va_reclaim-GC-tf5|mid|,d_atr0p25_atr3-r3,False,False,150,-25150.0,-4.247
va_reclaim-GC-tf5|mid|,d_atr0p25_pts2-r0,False,False,150,-15550.0,-4.677
va_reclaim-GC-tf5|mid|,d_atr0p25_pts2-r1,False,False,158,-10642.0,-4.365
va_reclaim-GC-tf5|mid|,d_atr0p25_pts2-r2,False,False,155,-14180.0,-4.898
va_reclaim-GC-tf5|mid|,d_atr0p25_pts2-r3,False,False,152,-14368.0,-4.505
va_reclaim-GC-tf5|mid|,d_atr0p25_pts3-r0,False,False,150,-17530.0,-4.223
va_reclaim-GC-tf5|mid|,d_atr0p25_pts3-r1,False,False,157,-12458.0,-3.539
va_reclaim-GC-tf5|mid|,d_atr0p25_pts3-r2,False,False,152,-13258.0,-3.127
va_reclaim-GC-tf5|mid|,d_atr0p25_pts3-r3,False,False,152,-14708.0,-3.287
va_reclaim-GC-tf5|mid|,d_atr0p25_pts5-r0,False,False,150,-24620.0,-4.879
va_reclaim-GC-tf5|mid|,d_atr0p25_pts5-r1,False,False,155,-18810.0,-3.708
va_reclaim-GC-tf5|mid|,d_atr0p25_pts5-r2,False,False,151,-24334.0,-4.755
va_reclaim-GC-tf5|mid|,d_atr0p25_pts5-r3,False,False,151,-24904.0,-4.854
va_reclaim-GC-tf5|mid|,d_atr0p25_pts7-r0,False,False,150,-29660.0,-4.9
va_reclaim-GC-tf5|mid|,d_atr0p25_pts7-r1,False,False,152,-27018.0,-4.513
va_reclaim-GC-tf5|mid|,d_atr0p25_pts7-r2,False,False,151,-30554.0,-5.072
va_reclaim-GC-tf5|mid|,d_atr0p25_pts7-r3,False,False,150,-28470.0,-4.425
va_reclaim-GC-tf5|mid|,d_atr0p25_pct0p1-r0,False,False,150,-15020.0,-4.658
va_reclaim-GC-tf5|mid|,d_atr0p25_pct0p1-r1,False,False,159,-9466.0,-4.094
va_reclaim-GC-tf5|mid|,d_atr0p25_pct0p1-r2,False,False,155,-12170.0,-4.354
va_reclaim-GC-tf5|mid|,d_atr0p25_pct0p1-r3,False,False,152,-14358.0,-4.827
va_reclaim-GC-tf5|mid|,d_atr0p25_pct0p2-r0,False,False,150,-20120.0,-4.508
va_reclaim-GC-tf5|mid|,d_atr0p25_pct0p2-r1,False,False,155,-14970.0,-3.653
va_reclaim-GC-tf5|mid|,d_atr0p25_pct0p2-r2,False,False,152,-17968.0,-3.92
va_reclaim-GC-tf5|mid|,d_atr0p25_pct0p2-r3,False,False,151,-20244.0,-4.542
va_reclaim-GC-tf5|mid|,d_atr0p5_atr1p5-r0,False,False,132,-16298.0,-4.293
va_reclaim-GC-tf5|mid|,d_atr0p5_atr1p5-r1,False,False,135,-12130.0,-3.556
va_reclaim-GC-tf5|mid|,d_atr0p5_atr1p5-r2,False,False,133,-14502.0,-3.839
va_reclaim-GC-tf5|mid|,d_atr0p5_atr1p5-r3,False,False,132,-16108.0,-4.29
va_reclaim-GC-tf5|mid|,d_atr0p5_atr3-r0,False,False,132,-23648.0,-4.746
va_reclaim-GC-tf5|mid|,d_atr0p5_atr3-r1,False,False,133,-20382.0,-4.092
va_reclaim-GC-tf5|mid|,d_atr0p5_atr3-r2,False,False,132,-23708.0,-4.781
va_reclaim-GC-tf5|mid|,d_atr0p5_atr3-r3,False,False,132,-23598.0,-4.721
va_reclaim-GC-tf5|mid|,d_atr0p5_pts2-r0,False,False,132,-15688.0,-5.558
va_reclaim-GC-tf5|mid|,d_atr0p5_pts2-r1,False,False,135,-11160.0,-5.086
va_reclaim-GC-tf5|mid|,d_atr0p5_pts2-r2,False,False,134,-13786.0,-5.327
va_reclaim-GC-tf5|mid|,d_atr0p5_pts2-r3,False,False,133,-14462.0,-5.25
va_reclaim-GC-tf5|mid|,d_atr0p5_pts3-r0,False,False,132,-17198.0,-4.651
va_reclaim-GC-tf5|mid|,d_atr0p5_pts3-r1,False,False,135,-13740.0,-4.299
va_reclaim-GC-tf5|mid|,d_atr0p5_pts3-r2,False,False,133,-14052.0,-3.736
va_reclaim-GC-tf5|mid|,d_atr0p5_pts3-r3,False,False,133,-15522.0,-3.938
va_reclaim-GC-tf5|mid|,d_atr0p5_pts5-r0,False,False,132,-21398.0,-4.735
va_reclaim-GC-tf5|mid|,d_atr0p5_pts5-r1,False,False,134,-17066.0,-3.738
va_reclaim-GC-tf5|mid|,d_atr0p5_pts5-r2,False,False,132,-20718.0,-4.495
va_reclaim-GC-tf5|mid|,d_atr0p5_pts5-r3,False,False,132,-20688.0,-4.37
va_reclaim-GC-tf5|mid|,d_atr0p5_pts7-r0,False,False,132,-26968.0,-5.198
va_reclaim-GC-tf5|mid|,d_atr0p5_pts7-r1,False,False,133,-22822.0,-4.263
va_reclaim-GC-tf5|mid|,d_atr0p5_pts7-r2,False,False,132,-26458.0,-4.974
va_reclaim-GC-tf5|mid|,d_atr0p5_pts7-r3,False,False,132,-26268.0,-4.823
va_reclaim-GC-tf5|mid|,d_atr0p5_pct0p1-r0,False,False,132,-14678.0,-5.333
va_reclaim-GC-tf5|mid|,d_atr0p5_pct0p1-r1,False,False,136,-10654.0,-5.17
va_reclaim-GC-tf5|mid|,d_atr0p5_pct0p1-r2,False,False,134,-12326.0,-4.988
va_reclaim-GC-tf5|mid|,d_atr0p5_pct0p1-r3,False,False,133,-13532.0,-5.121
va_reclaim-GC-tf5|mid|,d_atr0p5_pct0p2-r0,False,False,132,-18528.0,-4.648
va_reclaim-GC-tf5|mid|,d_atr0p5_pct0p2-r1,False,False,134,-14216.0,-3.828
va_reclaim-GC-tf5|mid|,d_atr0p5_pct0p2-r2,False,False,133,-17102.0,-4.185
va_reclaim-GC-tf5|mid|,d_atr0p5_pct0p2-r3,False,False,132,-17888.0,-4.382
va_reclaim-GC-tf5|nyam|,d_atr0_atr1p5-r0,False,False,240,-840.0,-0.079
va_reclaim-GC-tf5|nyam|,d_atr0_atr1p5-r1,False,False,280,-1140.0,-0.192
va_reclaim-GC-tf5|nyam|,d_atr0_atr1p5-r2,False,False,256,-1984.0,-0.259
va_reclaim-GC-tf5|nyam|,d_atr0_atr1p5-r3,False,False,248,-1472.0,-0.171
va_reclaim-GC-tf5|nyam|,d_atr0_atr3-r0,False,False,238,-10752.0,-0.852
va_reclaim-GC-tf5|nyam|,d_atr0_atr3-r1,False,False,254,-12266.0,-1.239
va_reclaim-GC-tf5|nyam|,d_atr0_atr3-r2,False,False,241,-18094.0,-1.658
va_reclaim-GC-tf5|nyam|,d_atr0_atr3-r3,False,False,239,-16846.0,-1.449
va_reclaim-GC-tf5|nyam|,d_atr0_pts2-r0,False,False,253,8778.0,0.903
va_reclaim-GC-tf5|nyam|,d_atr0_pts2-r1,False,False,292,-168.0,-0.048
va_reclaim-GC-tf5|nyam|,d_atr0_pts2-r2,False,False,283,2708.0,0.548
va_reclaim-GC-tf5|nyam|,d_atr0_pts2-r3,False,False,272,10372.0,1.685
va_reclaim-GC-tf5|nyam|,d_atr0_pts3-r0,False,False,243,5378.0,0.516
va_reclaim-GC-tf5|nyam|,d_atr0_pts3-r1,False,False,288,258.0,0.05
va_reclaim-GC-tf5|nyam|,d_atr0_pts3-r2,False,False,263,8698.0,1.228
va_reclaim-GC-tf5|nyam|,d_atr0_pts3-r3,False,False,251,7626.0,0.94
va_reclaim-GC-tf5|nyam|,d_atr0_pts5-r0,False,False,238,-5302.0,-0.443
va_reclaim-GC-tf5|nyam|,d_atr0_pts5-r1,False,False,267,-6548.0,-0.818
va_reclaim-GC-tf5|nyam|,d_atr0_pts5-r2,False,False,243,-9092.0,-0.947
va_reclaim-GC-tf5|nyam|,d_atr0_pts5-r3,False,False,239,-14266.0,-1.398
va_reclaim-GC-tf5|nyam|,d_atr0_pts7-r0,False,False,237,-18428.0,-1.418
va_reclaim-GC-tf5|nyam|,d_atr0_pts7-r1,False,False,256,-15974.0,-1.575
va_reclaim-GC-tf5|nyam|,d_atr0_pts7-r2,False,False,240,-26900.0,-2.37
va_reclaim-GC-tf5|nyam|,d_atr0_pts7-r3,False,False,238,-22902.0,-1.884
va_reclaim-GC-tf5|nyam|,d_atr0_pct0p1-r0,False,False,253,6718.0,0.702
va_reclaim-GC-tf5|nyam|,d_atr0_pct0p1-r1,False,False,292,-188.0,-0.057
va_reclaim-GC-tf5|nyam|,d_atr0_pct0p1-r2,False,False,284,1944.0,0.417
va_reclaim-GC-tf5|nyam|,d_atr0_pct0p1-r3,False,False,274,4074.0,0.719
va_reclaim-GC-tf5|nyam|,d_atr0_pct0p2-r0,False,False,240,2150.0,0.197
va_reclaim-GC-tf5|nyam|,d_atr0_pct0p2-r1,False,False,279,-1486.0,-0.235
va_reclaim-GC-tf5|nyam|,d_atr0_pct0p2-r2,False,False,256,4676.0,0.568
va_reclaim-GC-tf5|nyam|,d_atr0_pct0p2-r3,False,False,244,-5886.0,-0.673
va_reclaim-GC-tf5|nyam|,d_atr0p25_atr1p5-r0,False,False,229,3874.0,0.359
va_reclaim-GC-tf5|nyam|,d_atr0p25_atr1p5-r1,False,False,263,-292.0,-0.05
va_reclaim-GC-tf5|nyam|,d_atr0p25_atr1p5-r2,False,False,243,368.0,0.048
va_reclaim-GC-tf5|nyam|,d_atr0p25_atr1p5-r3,False,False,235,1600.0,0.186
va_reclaim-GC-tf5|nyam|,d_atr0p25_atr3-r0,False,False,228,-5592.0,-0.441
va_reclaim-GC-tf5|nyam|,d_atr0p25_atr3-r1,False,False,242,-8638.0,-0.891
va_reclaim-GC-tf5|nyam|,d_atr0p25_atr3-r2,False,False,230,-13000.0,-1.198
va_reclaim-GC-tf5|nyam|,d_atr0p25_atr3-r3,False,False,229,-11806.0,-1.009
va_reclaim-GC-tf5|nyam|,d_atr0p25_pts2-r0,False,False,235,13030.0,1.346
va_reclaim-GC-tf5|nyam|,d_atr0p25_pts2-r1,False,False,268,868.0,0.259
va_reclaim-GC-tf5|nyam|,d_atr0p25_pts2-r2,False,False,261,4536.0,0.947
va_reclaim-GC-tf5|nyam|,d_atr0p25_pts2-r3,False,False,254,12974.0,2.147
va_reclaim-GC-tf5|nyam|,d_atr0p25_pts3-r0,False,False,230,11430.0,1.082
va_reclaim-GC-tf5|nyam|,d_atr0p25_pts3-r1,False,False,266,3506.0,0.707
va_reclaim-GC-tf5|nyam|,d_atr0p25_pts3-r2,False,False,249,12004.0,1.729
va_reclaim-GC-tf5|nyam|,d_atr0p25_pts3-r3,False,False,236,13146.0,1.629
va_reclaim-GC-tf5|nyam|,d_atr0p25_pts5-r0,False,False,228,-2722.0,-0.226
va_reclaim-GC-tf5|nyam|,d_atr0p25_pts5-r1,False,False,253,-7212.0,-0.925
va_reclaim-GC-tf5|nyam|,d_atr0p25_pts5-r2,False,False,232,-7238.0,-0.759
va_reclaim-GC-tf5|nyam|,d_atr0p25_pts5-r3,False,False,229,-12286.0,-1.201
va_reclaim-GC-tf5|nyam|,d_atr0p25_pts7-r0,False,False,227,-13308.0,-1.02
va_reclaim-GC-tf5|nyam|,d_atr0p25_pts7-r1,False,False,243,-11692.0,-1.179
va_reclaim-GC-tf5|nyam|,d_atr0p25_pts7-r2,False,False,229,-22196.0,-1.974
va_reclaim-GC-tf5|nyam|,d_atr0p25_pts7-r3,False,False,228,-17782.0,-1.455
va_reclaim-GC-tf5|nyam|,d_atr0p25_pct0p1-r0,False,False,235,12340.0,1.289
va_reclaim-GC-tf5|nyam|,d_atr0p25_pct0p1-r1,False,False,268,1428.0,0.453
va_reclaim-GC-tf5|nyam|,d_atr0p25_pct0p1-r2,False,False,261,4066.0,0.901
va_reclaim-GC-tf5|nyam|,d_atr0p25_pct0p1-r3,False,False,254,8434.0,1.504
va_reclaim-GC-tf5|nyam|,d_atr0p25_pct0p2-r0,False,False,228,7498.0,0.68
va_reclaim-GC-tf5|nyam|,d_atr0p25_pct0p2-r1,False,False,260,360.0,0.059
va_reclaim-GC-tf5|nyam|,d_atr0p25_pct0p2-r2,False,False,241,9206.0,1.131
va_reclaim-GC-tf5|nyam|,d_atr0p25_pct0p2-r3,False,False,231,-2034.0,-0.236
va_reclaim-GC-tf5|nyam|,d_atr0p5_atr1p5-r0,False,False,216,-4344.0,-0.449
va_reclaim-GC-tf5|nyam|,d_atr0p5_atr1p5-r1,False,False,240,-5560.0,-0.994
va_reclaim-GC-tf5|nyam|,d_atr0p5_atr1p5-r2,False,False,226,-5864.0,-0.807
va_reclaim-GC-tf5|nyam|,d_atr0p5_atr1p5-r3,False,False,219,-4146.0,-0.506
va_reclaim-GC-tf5|nyam|,d_atr0p5_atr3-r0,False,False,216,-11654.0,-0.996
va_reclaim-GC-tf5|nyam|,d_atr0p5_atr3-r1,False,False,226,-13924.0,-1.492
va_reclaim-GC-tf5|nyam|,d_atr0p5_atr3-r2,False,False,218,-13412.0,-1.267
va_reclaim-GC-tf5|nyam|,d_atr0p5_atr3-r3,False,False,217,-15838.0,-1.428
va_reclaim-GC-tf5|nyam|,d_atr0p5_pts2-r0,False,False,222,4912.0,0.571
va_reclaim-GC-tf5|nyam|,d_atr0p5_pts2-r1,False,False,241,-2374.0,-0.744
va_reclaim-GC-tf5|nyam|,d_atr0p5_pts2-r2,False,False,239,-1736.0,-0.388
va_reclaim-GC-tf5|nyam|,d_atr0p5_pts2-r3,False,False,235,5000.0,0.889
va_reclaim-GC-tf5|nyam|,d_atr0p5_pts3-r0,False,False,216,3116.0,0.33
va_reclaim-GC-tf5|nyam|,d_atr0p5_pts3-r1,False,False,240,-2970.0,-0.628
va_reclaim-GC-tf5|nyam|,d_atr0p5_pts3-r2,False,False,229,5194.0,0.791
va_reclaim-GC-tf5|nyam|,d_atr0p5_pts3-r3,False,False,220,7800.0,1.021
va_reclaim-GC-tf5|nyam|,d_atr0p5_pts5-r0,False,False,216,-12764.0,-1.164
va_reclaim-GC-tf5|nyam|,d_atr0p5_pts5-r1,False,False,233,-14742.0,-1.981
va_reclaim-GC-tf5|nyam|,d_atr0p5_pts5-r2,False,False,218,-13632.0,-1.503
va_reclaim-GC-tf5|nyam|,d_atr0p5_pts5-r3,False,False,217,-17998.0,-1.853
va_reclaim-GC-tf5|nyam|,d_atr0p5_pts7-r0,False,False,216,-19144.0,-1.587
va_reclaim-GC-tf5|nyam|,d_atr0p5_pts7-r1,False,False,227,-15398.0,-1.61
va_reclaim-GC-tf5|nyam|,d_atr0p5_pts7-r2,False,False,218,-23502.0,-2.165
va_reclaim-GC-tf5|nyam|,d_atr0p5_pts7-r3,False,False,217,-22168.0,-1.923
va_reclaim-GC-tf5|nyam|,d_atr0p5_pct0p1-r0,False,False,222,4212.0,0.497
va_reclaim-GC-tf5|nyam|,d_atr0p5_pct0p1-r1,False,False,241,-1524.0,-0.508
va_reclaim-GC-tf5|nyam|,d_atr0p5_pct0p1-r2,False,False,239,-2326.0,-0.554
va_reclaim-GC-tf5|nyam|,d_atr0p5_pct0p1-r3,False,False,235,1000.0,0.193
va_reclaim-GC-tf5|nyam|,d_atr0p5_pct0p2-r0,False,False,216,-2824.0,-0.286
va_reclaim-GC-tf5|nyam|,d_atr0p5_pct0p2-r1,False,False,239,-7516.0,-1.287
va_reclaim-GC-tf5|nyam|,d_atr0p5_pct0p2-r2,False,False,225,2580.0,0.331
va_reclaim-GC-tf5|nyam|,d_atr0p5_pct0p2-r3,False,False,218,-7852.0,-0.958
va_reclaim-GC-tf5|pm|,d_atr0_atr1p5-r0,False,False,121,-2014.0,-0.372
va_reclaim-GC-tf5|pm|,d_atr0_atr1p5-r1,False,False,124,-6886.0,-2.55
va_reclaim-GC-tf5|pm|,d_atr0_atr1p5-r2,False,False,123,-7032.0,-2.167
va_reclaim-GC-tf5|pm|,d_atr0_atr1p5-r3,False,False,122,-5358.0,-1.45
va_reclaim-GC-tf5|pm|,d_atr0_atr3-r0,False,False,121,-254.0,-0.039
va_reclaim-GC-tf5|pm|,d_atr0_atr3-r1,False,False,123,-4792.0,-1.207
va_reclaim-GC-tf5|pm|,d_atr0_atr3-r2,False,False,121,-2074.0,-0.422
va_reclaim-GC-tf5|pm|,d_atr0_atr3-r3,False,False,121,-2914.0,-0.576
va_reclaim-GC-tf5|pm|,d_atr0_pts2-r0,False,False,122,-2058.0,-0.416
va_reclaim-GC-tf5|pm|,d_atr0_pts2-r1,False,False,126,-6254.0,-3.109
va_reclaim-GC-tf5|pm|,d_atr0_pts2-r2,False,False,126,-7144.0,-3.005
va_reclaim-GC-tf5|pm|,d_atr0_pts2-r3,False,False,123,-4912.0,-1.79
va_reclaim-GC-tf5|pm|,d_atr0_pts3-r0,False,False,122,-2938.0,-0.565
va_reclaim-GC-tf5|pm|,d_atr0_pts3-r1,False,False,126,-5834.0,-2.168
va_reclaim-GC-tf5|pm|,d_atr0_pts3-r2,False,False,123,-4832.0,-1.536
va_reclaim-GC-tf5|pm|,d_atr0_pts3-r3,False,False,122,-4518.0,-1.305
va_reclaim-GC-tf5|pm|,d_atr0_pts5-r0,False,False,121,-2574.0,-0.456
va_reclaim-GC-tf5|pm|,d_atr0_pts5-r1,False,False,124,-6936.0,-2.056
va_reclaim-GC-tf5|pm|,d_atr0_pts5-r2,False,False,121,-5864.0,-1.499
va_reclaim-GC-tf5|pm|,d_atr0_pts5-r3,False,False,121,-4274.0,-0.97
va_reclaim-GC-tf5|pm|,d_atr0_pts7-r0,False,False,120,2010.0,0.306
va_reclaim-GC-tf5|pm|,d_atr0_pts7-r1,False,False,122,-3528.0,-0.857
va_reclaim-GC-tf5|pm|,d_atr0_pts7-r2,False,False,120,-1470.0,-0.3
va_reclaim-GC-tf5|pm|,d_atr0_pts7-r3,False,False,120,2030.0,0.337
va_reclaim-GC-tf5|pm|,d_atr0_pct0p1-r0,False,False,122,-1278.0,-0.26
va_reclaim-GC-tf5|pm|,d_atr0_pct0p1-r1,False,False,126,-4984.0,-2.617
va_reclaim-GC-tf5|pm|,d_atr0_pct0p1-r2,False,False,126,-5614.0,-2.399
va_reclaim-GC-tf5|pm|,d_atr0_pct0p1-r3,False,False,124,-4756.0,-1.831
va_reclaim-GC-tf5|pm|,d_atr0_pct0p2-r0,False,False,121,-2364.0,-0.438
va_reclaim-GC-tf5|pm|,d_atr0_pct0p2-r1,False,False,125,-7950.0,-2.712
va_reclaim-GC-tf5|pm|,d_atr0_pct0p2-r2,False,False,122,-5328.0,-1.572
va_reclaim-GC-tf5|pm|,d_atr0_pct0p2-r3,False,False,121,-5214.0,-1.417
va_reclaim-GC-tf5|pm|,d_atr0p25_atr1p5-r0,False,False,110,-4460.0,-1.297
va_reclaim-GC-tf5|pm|,d_atr0p25_atr1p5-r1,False,False,112,-5158.0,-1.954
va_reclaim-GC-tf5|pm|,d_atr0p25_atr1p5-r2,False,False,112,-5688.0,-1.791
va_reclaim-GC-tf5|pm|,d_atr0p25_atr1p5-r3,False,False,111,-4174.0,-1.155
va_reclaim-GC-tf5|pm|,d_atr0p25_atr3-r0,False,False,110,-3570.0,-0.731
va_reclaim-GC-tf5|pm|,d_atr0p25_atr3-r1,False,False,112,-4338.0,-1.116
va_reclaim-GC-tf5|pm|,d_atr0p25_atr3-r2,False,False,110,-1880.0,-0.39
va_reclaim-GC-tf5|pm|,d_atr0p25_atr3-r3,False,False,110,-3070.0,-0.625
va_reclaim-GC-tf5|pm|,d_atr0p25_pts2-r0,False,False,110,-5880.0,-2.27
va_reclaim-GC-tf5|pm|,d_atr0p25_pts2-r1,False,False,113,-6212.0,-3.256
va_reclaim-GC-tf5|pm|,d_atr0p25_pts2-r2,False,False,113,-7042.0,-3.188
va_reclaim-GC-tf5|pm|,d_atr0p25_pts2-r3,False,False,111,-5424.0,-2.148
va_reclaim-GC-tf5|pm|,d_atr0p25_pts3-r0,False,False,110,-6330.0,-2.107
va_reclaim-GC-tf5|pm|,d_atr0p25_pts3-r1,False,False,113,-5652.0,-2.246
va_reclaim-GC-tf5|pm|,d_atr0p25_pts3-r2,False,False,111,-4904.0,-1.677
va_reclaim-GC-tf5|pm|,d_atr0p25_pts3-r3,False,False,110,-5190.0,-1.668
va_reclaim-GC-tf5|pm|,d_atr0p25_pts5-r0,False,False,110,-5890.0,-1.563
va_reclaim-GC-tf5|pm|,d_atr0p25_pts5-r1,False,False,112,-6268.0,-1.937
va_reclaim-GC-tf5|pm|,d_atr0p25_pts5-r2,False,False,110,-6080.0,-1.642
va_reclaim-GC-tf5|pm|,d_atr0p25_pts5-r3,False,False,110,-4990.0,-1.228
va_reclaim-GC-tf5|pm|,d_atr0p25_pts7-r0,False,False,109,-1116.0,-0.221
va_reclaim-GC-tf5|pm|,d_atr0p25_pts7-r1,False,False,111,-3234.0,-0.817
va_reclaim-GC-tf5|pm|,d_atr0p25_pts7-r2,False,False,109,-1876.0,-0.407
va_reclaim-GC-tf5|pm|,d_atr0p25_pts7-r3,False,False,109,924.0,0.166
va_reclaim-GC-tf5|pm|,d_atr0p25_pct0p1-r0,False,False,110,-5140.0,-2.021
va_reclaim-GC-tf5|pm|,d_atr0p25_pct0p1-r1,False,False,113,-4992.0,-2.769
va_reclaim-GC-tf5|pm|,d_atr0p25_pct0p1-r2,False,False,113,-5752.0,-2.678
va_reclaim-GC-tf5|pm|,d_atr0p25_pct0p1-r3,False,False,111,-5074.0,-2.138
va_reclaim-GC-tf5|pm|,d_atr0p25_pct0p2-r0,False,False,110,-5630.0,-1.66
va_reclaim-GC-tf5|pm|,d_atr0p25_pct0p2-r1,False,False,113,-7332.0,-2.642
va_reclaim-GC-tf5|pm|,d_atr0p25_pct0p2-r2,False,False,111,-5294.0,-1.647
va_reclaim-GC-tf5|pm|,d_atr0p25_pct0p2-r3,False,False,110,-5580.0,-1.641
va_reclaim-GC-tf5|pm|,d_atr0p5_atr1p5-r0,False,False,98,-4472.0,-1.347
va_reclaim-GC-tf5|pm|,d_atr0p5_atr1p5-r1,False,False,100,-4770.0,-1.862
va_reclaim-GC-tf5|pm|,d_atr0p5_atr1p5-r2,False,False,100,-5370.0,-1.736
va_reclaim-GC-tf5|pm|,d_atr0p5_atr1p5-r3,False,False,99,-3986.0,-1.129
va_reclaim-GC-tf5|pm|,d_atr0p5_atr3-r0,False,False,98,-3702.0,-0.769
va_reclaim-GC-tf5|pm|,d_atr0p5_atr3-r1,False,False,100,-6840.0,-1.771
va_reclaim-GC-tf5|pm|,d_atr0p5_atr3-r2,False,False,98,-3522.0,-0.742
va_reclaim-GC-tf5|pm|,d_atr0p5_atr3-r3,False,False,98,-3202.0,-0.661
va_reclaim-GC-tf5|pm|,d_atr0p5_pts2-r0,False,False,98,-6132.0,-2.527
va_reclaim-GC-tf5|pm|,d_atr0p5_pts2-r1,False,False,100,-5830.0,-3.241
va_reclaim-GC-tf5|pm|,d_atr0p5_pts2-r2,False,False,100,-6960.0,-3.41
va_reclaim-GC-tf5|pm|,d_atr0p5_pts2-r3,False,False,99,-5676.0,-2.407
va_reclaim-GC-tf5|pm|,d_atr0p5_pts3-r0,False,False,98,-6202.0,-2.181
va_reclaim-GC-tf5|pm|,d_atr0p5_pts3-r1,False,False,100,-5490.0,-2.318
va_reclaim-GC-tf5|pm|,d_atr0p5_pts3-r2,False,False,99,-5696.0,-2.11
va_reclaim-GC-tf5|pm|,d_atr0p5_pts3-r3,False,False,98,-6282.0,-2.233
va_reclaim-GC-tf5|pm|,d_atr0p5_pts5-r0,False,False,98,-5822.0,-1.598
va_reclaim-GC-tf5|pm|,d_atr0p5_pts5-r1,False,False,100,-8140.0,-2.658
va_reclaim-GC-tf5|pm|,d_atr0p5_pts5-r2,False,False,98,-6012.0,-1.682
va_reclaim-GC-tf5|pm|,d_atr0p5_pts5-r3,False,False,98,-4922.0,-1.246
va_reclaim-GC-tf5|pm|,d_atr0p5_pts7-r0,False,False,98,-4062.0,-0.85
va_reclaim-GC-tf5|pm|,d_atr0p5_pts7-r1,False,False,99,-5986.0,-1.57
va_reclaim-GC-tf5|pm|,d_atr0p5_pts7-r2,False,False,98,-4632.0,-1.056
va_reclaim-GC-tf5|pm|,d_atr0p5_pts7-r3,False,False,98,-2532.0,-0.489
va_reclaim-GC-tf5|pm|,d_atr0p5_pct0p1-r0,False,False,98,-5472.0,-2.296
va_reclaim-GC-tf5|pm|,d_atr0p5_pct0p1-r1,False,False,100,-5010.0,-2.957
va_reclaim-GC-tf5|pm|,d_atr0p5_pct0p1-r2,False,False,100,-5740.0,-2.88
va_reclaim-GC-tf5|pm|,d_atr0p5_pct0p1-r3,False,False,99,-5416.0,-2.464
va_reclaim-GC-tf5|pm|,d_atr0p5_pct0p2-r0,False,False,98,-5312.0,-1.642
va_reclaim-GC-tf5|pm|,d_atr0p5_pct0p2-r1,False,False,100,-7250.0,-2.813
va_reclaim-GC-tf5|pm|,d_atr0p5_pct0p2-r2,False,False,99,-6106.0,-2.063
va_reclaim-GC-tf5|pm|,d_atr0p5_pct0p2-r3,False,False,98,-5262.0,-1.622
va_reclaim-GC-tf5|pre|,d_atr0_atr1p5-r0,False,False,224,-9886.0,-1.024
va_reclaim-GC-tf5|pre|,d_atr0_atr1p5-r1,False,False,255,630.0,0.131
va_reclaim-GC-tf5|pre|,d_atr0_atr1p5-r2,False,False,239,-2706.0,-0.42
va_reclaim-GC-tf5|pre|,d_atr0_atr1p5-r3,False,False,231,2336.0,0.301
va_reclaim-GC-tf5|pre|,d_atr0_atr3-r0,False,False,220,-15180.0,-1.218
va_reclaim-GC-tf5|pre|,d_atr0_atr3-r1,False,False,237,-13988.0,-1.561
va_reclaim-GC-tf5|pre|,d_atr0_atr3-r2,False,False,222,-2698.0,-0.238
va_reclaim-GC-tf5|pre|,d_atr0_atr3-r3,False,False,220,-11760.0,-0.967
va_reclaim-GC-tf5|pre|,d_atr0_pts2-r0,False,False,229,-17226.0,-2.834
va_reclaim-GC-tf5|pre|,d_atr0_pts2-r1,False,False,257,352.0,0.107
va_reclaim-GC-tf5|pre|,d_atr0_pts2-r2,False,False,246,-194.0,-0.042
va_reclaim-GC-tf5|pre|,d_atr0_pts2-r3,False,False,240,-1070.0,-0.195
va_reclaim-GC-tf5|pre|,d_atr0_pts3-r0,False,False,223,-10872.0,-1.143
va_reclaim-GC-tf5|pre|,d_atr0_pts3-r1,False,False,254,2594.0,0.534
va_reclaim-GC-tf5|pre|,d_atr0_pts3-r2,False,False,238,3828.0,0.57
va_reclaim-GC-tf5|pre|,d_atr0_pts3-r3,False,False,227,-848.0,-0.109
va_reclaim-GC-tf5|pre|,d_atr0_pts5-r0,False,False,221,-13604.0,-1.14
va_reclaim-GC-tf5|pre|,d_atr0_pts5-r1,False,False,240,-5730.0,-0.735
va_reclaim-GC-tf5|pre|,d_atr0_pts5-r2,False,False,223,-9052.0,-0.915
va_reclaim-GC-tf5|pre|,d_atr0_pts5-r3,False,False,221,-9504.0,-0.859
va_reclaim-GC-tf5|pre|,d_atr0_pts7-r0,False,False,221,-19964.0,-1.503
va_reclaim-GC-tf5|pre|,d_atr0_pts7-r1,False,False,231,-8154.0,-0.793
va_reclaim-GC-tf5|pre|,d_atr0_pts7-r2,False,False,221,-15774.0,-1.277
va_reclaim-GC-tf5|pre|,d_atr0_pts7-r3,False,False,221,-21524.0,-1.689
va_reclaim-GC-tf5|pre|,d_atr0_pct0p1-r0,False,False,231,-16284.0,-2.744
va_reclaim-GC-tf5|pre|,d_atr0_pct0p1-r1,False,False,257,-568.0,-0.184
va_reclaim-GC-tf5|pre|,d_atr0_pct0p1-r2,False,False,249,184.0,0.043
va_reclaim-GC-tf5|pre|,d_atr0_pct0p1-r3,False,False,241,-864.0,-0.167
va_reclaim-GC-tf5|pre|,d_atr0_pct0p2-r0,False,False,221,-7184.0,-0.669
va_reclaim-GC-tf5|pre|,d_atr0_pct0p2-r1,False,False,248,-772.0,-0.129
va_reclaim-GC-tf5|pre|,d_atr0_pct0p2-r2,False,False,229,3474.0,0.43
va_reclaim-GC-tf5|pre|,d_atr0_pct0p2-r3,False,False,222,-3078.0,-0.337
va_reclaim-GC-tf5|pre|,d_atr0p25_atr1p5-r0,False,False,211,-12504.0,-1.354
va_reclaim-GC-tf5|pre|,d_atr0p25_atr1p5-r1,False,False,234,-466.0,-0.1
va_reclaim-GC-tf5|pre|,d_atr0p25_atr1p5-r2,False,False,222,-6568.0,-1.067
va_reclaim-GC-tf5|pre|,d_atr0p25_atr1p5-r3,False,False,218,-3422.0,-0.463
va_reclaim-GC-tf5|pre|,d_atr0p25_atr3-r0,False,False,204,-16986.0,-1.412
va_reclaim-GC-tf5|pre|,d_atr0p25_atr3-r1,False,False,217,-16468.0,-1.922
va_reclaim-GC-tf5|pre|,d_atr0p25_atr3-r2,False,False,206,-5824.0,-0.535
va_reclaim-GC-tf5|pre|,d_atr0p25_atr3-r3,False,False,204,-16976.0,-1.492
va_reclaim-GC-tf5|pre|,d_atr0p25_pts2-r0,False,False,215,-16870.0,-2.871
va_reclaim-GC-tf5|pre|,d_atr0p25_pts2-r1,False,False,236,336.0,0.107
va_reclaim-GC-tf5|pre|,d_atr0p25_pts2-r2,False,False,226,-2014.0,-0.464
va_reclaim-GC-tf5|pre|,d_atr0p25_pts2-r3,False,False,223,-3102.0,-0.597
va_reclaim-GC-tf5|pre|,d_atr0p25_pts3-r0,False,False,210,-13140.0,-1.454
va_reclaim-GC-tf5|pre|,d_atr0p25_pts3-r1,False,False,233,1868.0,0.401
va_reclaim-GC-tf5|pre|,d_atr0p25_pts3-r2,False,False,221,976.0,0.152
va_reclaim-GC-tf5|pre|,d_atr0p25_pts3-r3,False,False,214,-5196.0,-0.707
va_reclaim-GC-tf5|pre|,d_atr0p25_pts5-r0,False,False,208,-16942.0,-1.474
va_reclaim-GC-tf5|pre|,d_atr0p25_pts5-r1,False,False,223,-9112.0,-1.215
va_reclaim-GC-tf5|pre|,d_atr0p25_pts5-r2,False,False,210,-14910.0,-1.588
va_reclaim-GC-tf5|pre|,d_atr0p25_pts5-r3,False,False,208,-13602.0,-1.284
va_reclaim-GC-tf5|pre|,d_atr0p25_pts7-r0,False,False,206,-21494.0,-1.674
va_reclaim-GC-tf5|pre|,d_atr0p25_pts7-r1,False,False,213,-11032.0,-1.116
va_reclaim-GC-tf5|pre|,d_atr0p25_pts7-r2,False,False,206,-18984.0,-1.606
va_reclaim-GC-tf5|pre|,d_atr0p25_pts7-r3,False,False,206,-23864.0,-1.958
va_reclaim-GC-tf5|pre|,d_atr0p25_pct0p1-r0,False,False,216,-15874.0,-2.772
va_reclaim-GC-tf5|pre|,d_atr0p25_pct0p1-r1,False,False,236,186.0,0.063
va_reclaim-GC-tf5|pre|,d_atr0p25_pct0p1-r2,False,False,229,-1496.0,-0.365
va_reclaim-GC-tf5|pre|,d_atr0p25_pct0p1-r3,False,False,225,-2880.0,-0.587
va_reclaim-GC-tf5|pre|,d_atr0p25_pct0p2-r0,False,False,208,-10352.0,-1.004
va_reclaim-GC-tf5|pre|,d_atr0p25_pct0p2-r1,False,False,227,-2478.0,-0.432
va_reclaim-GC-tf5|pre|,d_atr0p25_pct0p2-r2,False,False,214,-856.0,-0.111
va_reclaim-GC-tf5|pre|,d_atr0p25_pct0p2-r3,False,False,209,-6986.0,-0.801
va_reclaim-GC-tf5|pre|,d_atr0p5_atr1p5-r0,False,False,188,-13832.0,-1.653
va_reclaim-GC-tf5|pre|,d_atr0p5_atr1p5-r1,False,False,200,-3590.0,-0.83
va_reclaim-GC-tf5|pre|,d_atr0p5_atr1p5-r2,False,False,193,-10782.0,-1.929
va_reclaim-GC-tf5|pre|,d_atr0p5_atr1p5-r3,False,False,191,-9414.0,-1.422
va_reclaim-GC-tf5|pre|,d_atr0p5_atr3-r0,False,False,181,-10544.0,-0.921
va_reclaim-GC-tf5|pre|,d_atr0p5_atr3-r1,False,False,188,-15212.0,-1.909
va_reclaim-GC-tf5|pre|,d_atr0p5_atr3-r2,False,False,181,-7044.0,-0.702
va_reclaim-GC-tf5|pre|,d_atr0p5_atr3-r3,False,False,181,-11024.0,-1.033
va_reclaim-GC-tf5|pre|,d_atr0p5_pts2-r0,False,False,190,-13900.0,-2.467
va_reclaim-GC-tf5|pre|,d_atr0p5_pts2-r1,False,False,200,250.0,0.086
va_reclaim-GC-tf5|pre|,d_atr0p5_pts2-r2,False,False,195,-3920.0,-0.986
va_reclaim-GC-tf5|pre|,d_atr0p5_pts2-r3,False,False,193,-5952.0,-1.265
va_reclaim-GC-tf5|pre|,d_atr0p5_pts3-r0,False,False,187,-13938.0,-1.712
va_reclaim-GC-tf5|pre|,d_atr0p5_pts3-r1,False,False,199,-2706.0,-0.627
va_reclaim-GC-tf5|pre|,d_atr0p5_pts3-r2,False,False,193,-5042.0,-0.86
va_reclaim-GC-tf5|pre|,d_atr0p5_pts3-r3,False,False,191,-6264.0,-0.908
va_reclaim-GC-tf5|pre|,d_atr0p5_pts5-r0,False,False,185,-11270.0,-1.029
va_reclaim-GC-tf5|pre|,d_atr0p5_pts5-r1,False,False,193,-11762.0,-1.691
va_reclaim-GC-tf5|pre|,d_atr0p5_pts5-r2,False,False,187,-12068.0,-1.357
va_reclaim-GC-tf5|pre|,d_atr0p5_pts5-r3,False,False,185,-12040.0,-1.223
va_reclaim-GC-tf5|pre|,d_atr0p5_pts7-r0,False,False,183,-12482.0,-1.014
va_reclaim-GC-tf5|pre|,d_atr0p5_pts7-r1,False,False,188,-9122.0,-0.977
va_reclaim-GC-tf5|pre|,d_atr0p5_pts7-r2,False,False,183,-13552.0,-1.214
va_reclaim-GC-tf5|pre|,d_atr0p5_pts7-r3,False,False,183,-14552.0,-1.245
va_reclaim-GC-tf5|pre|,d_atr0p5_pct0p1-r0,False,False,191,-13244.0,-2.414
va_reclaim-GC-tf5|pre|,d_atr0p5_pct0p1-r1,False,False,200,-360.0,-0.132
va_reclaim-GC-tf5|pre|,d_atr0p5_pct0p1-r2,False,False,198,-2802.0,-0.743
va_reclaim-GC-tf5|pre|,d_atr0p5_pct0p1-r3,False,False,194,-5856.0,-1.329
va_reclaim-GC-tf5|pre|,d_atr0p5_pct0p2-r0,False,False,185,-9860.0,-1.038
va_reclaim-GC-tf5|pre|,d_atr0p5_pct0p2-r1,False,False,197,-4628.0,-0.867
va_reclaim-GC-tf5|pre|,d_atr0p5_pct0p2-r2,False,False,190,-4090.0,-0.566
va_reclaim-GC-tf5|pre|,d_atr0p5_pct0p2-r3,False,False,186,-8794.0,-1.091
