fam,tf,sess,firm,micros,trades,trade_days,ctrl_trade_days,p5_cfg,p5_cfg_screen,ctrl_p5_mean,ctrl_p5_sd,lift,ctrl_bust5_mean,bust5_cfg,fallback_share,short_share,old_ctrl_p5,old_lift,old_ctrl_trade_days,pool_exact,pool_seeds,pool_trades,pool_keys,pool_flag
donchian,1,asia,apex,100,2465,823,823.0,0.020706,0.020706,0.036419,0.007783,-0.015713,0.950487,0.956151,0.000203,0.0,0.04324,-0.022533,802.6,True,6,73703,ctrl-random-tf1-s1|+5,
donchian,1,asia,lucid,10,2465,823,823.0,0.0,0.0,0.0,0.0,0.0,0.000914,0.00609,0.000203,0.0,0.0,0.0,802.6,True,6,73703,ctrl-random-tf1-s1|+5,
donchian,1,london,apex,100,2469,823,823.0,0.20341,0.20341,0.17771,0.018092,0.0257,0.807856,0.772229,4.1e-05,0.0,0.204385,-0.000974,801.1,True,6,73703,ctrl-random-tf1-s1|+5,
donchian,1,london,lucid,40,2469,823,823.0,0.019488,0.019488,0.01151,0.004,0.007978,0.698843,0.679659,4.1e-05,0.0,0.019976,-0.000487,801.1,True,6,73703,ctrl-random-tf1-s1|+5,
donchian,1,nyam,apex,100,2438,823,823.0,0.457978,0.457978,0.392205,0.02106,0.065773,0.60609,0.540804,8.2e-05,0.0,0.380268,0.07771,799.0,True,6,73703,ctrl-random-tf1-s1|+5,
donchian,1,nyam,lucid,40,2438,823,823.0,0.076736,0.076736,0.039525,0.009537,0.037211,0.804872,0.736906,8.2e-05,0.0,0.049086,0.027649,799.0,True,6,73703,ctrl-random-tf1-s1|+5,
donchian,1,mid,apex,100,2460,823,823.0,0.415347,0.415347,0.373995,0.020012,0.041352,0.621864,0.583435,0.000589,0.0,0.335932,0.079415,800.4,True,6,73703,ctrl-random-tf1-s1|+5,
donchian,1,mid,lucid,40,2460,823,823.0,0.032887,0.032887,0.033557,0.010519,-0.00067,0.805481,0.791717,0.000589,0.0,0.033496,-0.000609,800.4,True,6,73703,ctrl-random-tf1-s1|+5,
donchian,1,pm,apex,100,2447,816,816.0,0.393423,0.393423,0.326918,0.015913,0.066504,0.664068,0.600487,0.000143,0.0,0.329842,0.063581,795.3,True,6,73703,ctrl-random-tf1-s1|+5,
donchian,1,pm,lucid,40,2447,816,816.0,0.053593,0.053593,0.030633,0.010223,0.02296,0.754019,0.724726,0.000143,0.0,0.036175,0.017418,795.3,True,6,73703,ctrl-random-tf1-s1|+5,
donchian,5,asia,apex,100,928,669,669.0,0.158343,0.158343,0.160536,0.016026,-0.002192,0.645311,0.655298,0.00097,0.0,0.150426,0.007917,574.8,True,6,54398,ctrl-random-tf5-s1|+5,
donchian,5,asia,lucid,40,928,669,669.0,0.015834,0.015834,0.011571,0.004783,0.004263,0.253593,0.280146,0.00097,0.0,0.007795,0.008039,574.8,True,6,54398,ctrl-random-tf5-s1|+5,
donchian,5,london,apex,100,2290,823,823.0,0.388551,0.388551,0.368819,0.014989,0.019732,0.626309,0.606577,0.001812,0.0,0.359683,0.028867,790.9,True,6,54398,ctrl-random-tf5-s1|+5,
donchian,5,london,lucid,40,2290,823,823.0,0.036541,0.036541,0.03916,0.01048,-0.002619,0.742022,0.773447,0.001812,0.0,0.047625,-0.011084,790.9,True,6,54398,ctrl-random-tf5-s1|+5,
donchian,5,nyam,apex,100,1268,755,755.0,0.390987,0.390987,0.41754,0.020303,-0.026553,0.580085,0.609013,0.00205,0.0,0.397199,-0.006212,672.8,True,6,54398,ctrl-random-tf5-s1|+5,
donchian,5,nyam,lucid,40,1268,755,755.0,0.057247,0.057247,0.064982,0.016865,-0.007734,0.671437,0.689403,0.00205,0.0,0.058587,-0.00134,672.8,True,6,54398,ctrl-random-tf5-s1|+5,
donchian,5,mid,apex,100,1073,736,736.0,0.361754,0.361754,0.33581,0.023632,0.025944,0.661876,0.637028,0.021808,0.0,0.360049,0.001705,630.9,True,6,54398,ctrl-random-tf5-s1|+5,
donchian,5,mid,lucid,40,1073,736,736.0,0.051157,0.051157,0.043179,0.010452,0.007978,0.728015,0.679659,0.021808,0.0,0.034348,0.016809,630.9,True,6,54398,ctrl-random-tf5-s1|+5,
donchian,5,pm,apex,100,1320,763,763.0,0.455542,0.455542,0.407856,0.017177,0.047686,0.591169,0.544458,0.016326,0.0,0.407674,0.047868,684.0,True,6,54398,ctrl-random-tf5-s1|+5,
donchian,5,pm,lucid,40,1320,763,763.0,0.090134,0.090134,0.068514,0.011183,0.02162,0.692326,0.645554,0.016326,0.0,0.056395,0.033739,684.0,True,6,54398,ctrl-random-tf5-s1|+5,
donchian,15,london,apex,100,653,558,558.0,0.247259,0.247259,0.325335,0.024862,-0.078076,0.633557,0.685749,0.000536,0.0,0.286845,-0.039586,463.6,True,6,31451,ctrl-random-tf15-s1|+5,
donchian,15,london,lucid,40,653,558,558.0,0.014616,0.014616,0.034957,0.010404,-0.020341,0.447077,0.4324,0.000536,0.0,0.017783,-0.003167,463.6,True,6,31451,ctrl-random-tf15-s1|+5,
donchian,15,nyam,apex,100,734,591,591.0,0.398295,0.398295,0.381181,0.023673,0.017113,0.603471,0.587089,0.012602,0.0,0.365286,0.033009,514.4,True,6,31451,ctrl-random-tf15-s1|+5,
donchian,15,nyam,lucid,40,734,591,591.0,0.041413,0.041413,0.045676,0.010761,-0.004263,0.551279,0.582217,0.012602,0.0,0.034957,0.006456,514.4,True,6,31451,ctrl-random-tf15-s1|+5,
donchian,15,mid,apex,100,510,467,467.0,0.388551,0.388551,0.351401,0.026675,0.03715,0.563886,0.515225,0.010882,0.0,0.31961,0.06894,403.9,True,6,31451,ctrl-random-tf15-s1|+5,
donchian,15,mid,lucid,40,510,467,467.0,0.013398,0.013398,0.025822,0.006243,-0.012424,0.506029,0.461632,0.010882,0.0,0.011571,0.001827,403.9,True,6,31451,ctrl-random-tf15-s1|+5,
donchian,15,pm,apex,100,500,446,446.0,0.439708,0.439708,0.386663,0.028882,0.053045,0.549026,0.477467,0.0076,0.0,0.352253,0.087454,388.9,True,6,31451,ctrl-random-tf15-s1|+5,
donchian,15,pm,lucid,40,500,446,446.0,0.029233,0.029233,0.024239,0.009011,0.004994,0.506943,0.411693,0.0076,0.0,0.016809,0.012424,388.9,True,6,31451,ctrl-random-tf15-s1|+5,
donchian,30,nyam,apex,100,263,263,263.0,0.260658,0.260658,0.305664,0.023564,-0.045006,0.42296,0.366626,0.0,0.0,0.266504,-0.005847,230.2,True,6,19009,ctrl-random-tf30-s1|+5,
donchian,30,nyam,lucid,40,263,263,263.0,0.004872,0.004872,0.009196,0.004059,-0.004324,0.295189,0.263094,0.0,0.0,0.004507,0.000365,230.2,True,6,19009,ctrl-random-tf30-s1|+5,
donchian,30,mid,apex,100,352,346,346.0,0.331303,0.331303,0.286358,0.024549,0.044945,0.514129,0.449452,0.000426,0.0,0.265043,0.066261,299.6,True,6,19009,ctrl-random-tf30-s1|+5,
donchian,30,mid,lucid,40,352,346,346.0,0.015834,0.015834,0.012911,0.007718,0.002923,0.420524,0.343484,0.000426,0.0,0.005116,0.010719,299.6,True,6,19009,ctrl-random-tf30-s1|+5,
donchian,30,pm,apex,100,369,348,348.0,0.387333,0.387333,0.378624,0.02246,0.008709,0.488855,0.4324,0.002846,0.0,0.350183,0.03715,319.1,True,6,19009,ctrl-random-tf30-s1|+5,
donchian,30,pm,lucid,40,369,348,348.0,0.010962,0.010962,0.01754,0.004114,-0.006577,0.423386,0.365408,0.002846,0.0,0.013033,-0.002071,319.1,True,6,19009,ctrl-random-tf30-s1|+5,
ema_pullback,1,asia,apex,100,2469,823,823.0,0.037759,0.037759,0.036419,0.007783,0.00134,0.950487,0.934227,0.000203,0.0,0.043118,-0.005359,802.7,True,6,73703,ctrl-random-tf1-s1|+5,
ema_pullback,1,asia,lucid,40,2469,823,823.0,0.001218,0.001218,0.001157,0.001744,6.1e-05,0.668575,0.557856,0.000203,0.0,0.003289,-0.002071,802.7,True,6,73703,ctrl-random-tf1-s1|+5,
ema_pullback,1,london,apex,100,2469,823,823.0,0.183922,0.183922,0.17771,0.018092,0.006212,0.807856,0.806334,4.1e-05,0.0,0.204385,-0.020463,801.1,True,6,73703,ctrl-random-tf1-s1|+5,
ema_pullback,1,london,lucid,40,2469,823,823.0,0.019488,0.019488,0.01151,0.004,0.007978,0.698843,0.678441,4.1e-05,0.0,0.019976,-0.000487,801.1,True,6,73703,ctrl-random-tf1-s1|+5,
ema_pullback,1,nyam,apex,100,2420,822,822.0,0.442144,0.442144,0.388185,0.023316,0.053959,0.610231,0.55542,0.000103,0.0,0.380633,0.06151,797.4,True,6,73703,ctrl-random-tf1-s1|+5,
ema_pullback,1,nyam,lucid,40,2420,822,822.0,0.052375,0.052375,0.039038,0.009136,0.013337,0.804629,0.719854,0.000103,0.0,0.048965,0.00341,797.4,True,6,73703,ctrl-random-tf1-s1|+5,
ema_pullback,1,mid,apex,100,2458,823,823.0,0.457978,0.457978,0.373508,0.020023,0.08447,0.622351,0.535932,0.000631,0.0,0.33581,0.122168,800.4,True,6,73703,ctrl-random-tf1-s1|+5,
ema_pullback,1,mid,lucid,40,2458,823,823.0,0.069428,0.069428,0.033191,0.01061,0.036236,0.805359,0.714982,0.000631,0.0,0.033374,0.036054,800.4,True,6,73703,ctrl-random-tf1-s1|+5,
ema_pullback,1,pm,apex,100,2443,816,816.0,0.422655,0.422655,0.326553,0.016076,0.096102,0.664312,0.565164,0.000143,0.0,0.329354,0.093301,795.0,True,6,73703,ctrl-random-tf1-s1|+5,
ema_pullback,1,pm,lucid,40,2443,816,816.0,0.052375,0.052375,0.030633,0.010307,0.021742,0.753228,0.684531,0.000143,0.0,0.036175,0.0162,795.0,True,6,73703,ctrl-random-tf1-s1|+5,
ema_pullback,5,asia,apex,100,1350,718,718.0,0.243605,0.243605,0.140499,0.015848,0.103106,0.78514,0.656516,0.011407,0.0,0.179659,0.063946,686.9,True,6,54398,ctrl-random-tf5-s1|+5,
ema_pullback,5,asia,lucid,40,1350,718,718.0,0.034105,0.034105,0.010353,0.005511,0.023752,0.46827,0.392205,0.011407,0.0,0.015347,0.018758,686.9,True,6,54398,ctrl-random-tf5-s1|+5,
ema_pullback,5,london,apex,100,2303,823,823.0,0.436054,0.436054,0.357978,0.013859,0.078076,0.637698,0.562728,0.001368,0.0,0.360414,0.075639,791.5,True,6,54398,ctrl-random-tf5-s1|+5,
ema_pullback,5,london,lucid,40,2303,823,823.0,0.059683,0.059683,0.037089,0.008209,0.022594,0.753167,0.707674,0.001368,0.0,0.047503,0.01218,791.5,True,6,54398,ctrl-random-tf5-s1|+5,
ema_pullback,5,nyam,apex,100,1595,749,749.0,0.45067,0.45067,0.394519,0.023059,0.056151,0.60475,0.54933,0.02138,3.1e-05,0.417296,0.033374,732.5,True,6,54398,ctrl-random-tf5-s1|+5,
ema_pullback,5,nyam,lucid,40,1595,749,749.0,0.087698,0.087698,0.050365,0.014543,0.037333,0.770097,0.712546,0.02138,3.1e-05,0.061876,0.025822,732.5,True,6,54398,ctrl-random-tf5-s1|+5,
ema_pullback,5,mid,apex,100,1207,755,755.0,0.428745,0.428745,0.30676,0.017933,0.121985,0.692631,0.570037,0.057932,0.000331,0.37503,0.053715,667.2,True,6,54398,ctrl-random-tf5-s1|+5,
ema_pullback,5,mid,lucid,40,1207,755,755.0,0.079172,0.079172,0.035445,0.012484,0.043727,0.804202,0.662607,0.057932,0.000331,0.042509,0.036663,667.2,True,6,54398,ctrl-random-tf5-s1|+5,
ema_pullback,5,pm,apex,100,1418,762,762.0,0.419001,0.419001,0.365773,0.01854,0.053228,0.633922,0.579781,0.048697,3.5e-05,0.409622,0.009379,701.0,True,6,54398,ctrl-random-tf5-s1|+5,
ema_pullback,5,pm,lucid,40,1418,762,762.0,0.084044,0.084044,0.051583,0.012322,0.03246,0.768575,0.699147,0.048697,3.5e-05,0.058343,0.0257,701.0,True,6,54398,ctrl-random-tf5-s1|+5,
ema_pullback,15,london,apex,100,967,661,661.0,0.327649,0.327649,0.296955,0.025728,0.030694,0.687576,0.637028,0.014738,0.000103,0.313155,0.014495,592.7,True,6,31451,ctrl-random-tf15-s1|+5,
ema_pullback,15,london,lucid,40,967,661,661.0,0.035323,0.035323,0.030024,0.008669,0.005298,0.631547,0.574909,0.014738,0.000103,0.03179,0.003532,592.7,True,6,31451,ctrl-random-tf15-s1|+5,
ema_pullback,15,nyam,apex,100,1011,644,644.0,0.417783,0.417783,0.325274,0.011491,0.092509,0.669549,0.579781,0.082163,0.000198,0.372473,0.045311,621.3,True,6,31451,ctrl-random-tf15-s1|+5,
ema_pullback,15,nyam,lucid,40,1011,644,644.0,0.065773,0.065773,0.037333,0.007847,0.028441,0.714799,0.688185,0.082163,0.000198,0.04799,0.017783,621.3,True,6,31451,ctrl-random-tf15-s1|+5,
ema_pullback,15,mid,apex,100,640,517,517.0,0.397077,0.397077,0.354994,0.028719,0.042083,0.613094,0.568819,0.062988,0.000313,0.342509,0.054568,476.3,True,6,31451,ctrl-random-tf15-s1|+5,
ema_pullback,15,mid,lucid,40,640,517,517.0,0.024361,0.024361,0.022716,0.008768,0.001644,0.591657,0.557856,0.062988,0.000313,0.015104,0.009257,476.3,True,6,31451,ctrl-random-tf15-s1|+5,
ema_pullback,15,pm,apex,100,727,543,543.0,0.400731,0.400731,0.357491,0.019414,0.04324,0.612972,0.557856,0.059718,0.000344,0.401462,-0.000731,519.8,True,6,31451,ctrl-random-tf15-s1|+5,
ema_pullback,15,pm,lucid,40,727,543,543.0,0.035323,0.035323,0.03039,0.006402,0.004933,0.648234,0.570037,0.059718,0.000344,0.034836,0.000487,519.8,True,6,31451,ctrl-random-tf15-s1|+5,
ema_pullback,30,nyam,apex,100,695,566,566.0,0.419001,0.419001,0.352923,0.019841,0.066078,0.6257,0.5676,0.098777,0.0,0.337393,0.081608,390.0,True,6,19009,ctrl-random-tf30-s1|+5,
ema_pullback,30,nyam,lucid,40,695,566,566.0,0.038977,0.038977,0.029354,0.00654,0.009622,0.659562,0.604141,0.098777,0.0,0.010962,0.028015,390.0,True,6,19009,ctrl-random-tf30-s1|+5,
ema_pullback,30,mid,apex,100,479,406,406.0,0.37028,0.37028,0.332582,0.021905,0.037698,0.58179,0.53106,0.071414,0.000209,0.307552,0.062728,387.7,True,6,19009,ctrl-random-tf30-s1|+5,
ema_pullback,30,mid,lucid,40,479,406,406.0,0.010962,0.010962,0.012058,0.006383,-0.001096,0.526918,0.471376,0.071414,0.000209,0.008526,0.002436,387.7,True,6,19009,ctrl-random-tf30-s1|+5,
ema_pullback,30,pm,apex,100,479,402,402.0,0.410475,0.410475,0.354872,0.029014,0.055603,0.549269,0.495737,0.045553,0.000939,0.387333,0.023143,394.4,True,6,19009,ctrl-random-tf30-s1|+5,
ema_pullback,30,pm,lucid,40,479,402,402.0,0.025579,0.025579,0.013398,0.006799,0.01218,0.495554,0.496955,0.045553,0.000939,0.021559,0.004019,394.4,True,6,19009,ctrl-random-tf30-s1|+5,
ema_ribbon,1,asia,apex,100,2428,823,823.0,0.037759,0.037759,0.036114,0.007542,0.001644,0.949452,0.943971,0.000206,0.0,0.043362,-0.005603,800.9,True,6,73703,ctrl-random-tf1-s1|+5,
ema_ribbon,1,asia,lucid,40,2428,823,823.0,0.003654,0.003654,0.001218,0.001854,0.002436,0.653471,0.545676,0.000206,0.0,0.00341,0.000244,800.9,True,6,73703,ctrl-random-tf1-s1|+5,
ema_ribbon,1,london,apex,100,2469,823,823.0,0.224117,0.224117,0.17771,0.018092,0.046407,0.807856,0.762485,4.1e-05,0.0,0.204385,0.019732,801.1,True,6,73703,ctrl-random-tf1-s1|+5,
ema_ribbon,1,london,lucid,40,2469,823,823.0,0.01827,0.01827,0.01151,0.004,0.00676,0.698843,0.64799,4.1e-05,0.0,0.019976,-0.001705,801.1,True,6,73703,ctrl-random-tf1-s1|+5,
ema_ribbon,1,nyam,apex,100,1932,801,801.0,0.422655,0.422655,0.371437,0.019378,0.051218,0.625761,0.577345,2.6e-05,0.0,0.368697,0.053959,767.2,True,6,73703,ctrl-random-tf1-s1|+5,
ema_ribbon,1,nyam,lucid,40,1932,801,801.0,0.075518,0.075518,0.04458,0.010789,0.030938,0.759196,0.772229,2.6e-05,0.0,0.049086,0.026431,767.2,True,6,73703,ctrl-random-tf1-s1|+5,
ema_ribbon,1,mid,apex,100,2319,823,823.0,0.476248,0.476248,0.361998,0.017895,0.114251,0.633861,0.516443,0.000647,0.0,0.332521,0.143727,794.9,True,6,73703,ctrl-random-tf1-s1|+5,
ema_ribbon,1,mid,lucid,40,2319,823,823.0,0.084044,0.084044,0.036845,0.010536,0.047199,0.795371,0.666261,0.000647,0.0,0.033739,0.050305,794.9,True,6,73703,ctrl-random-tf1-s1|+5,
ema_ribbon,1,pm,apex,100,2297,815,815.0,0.412911,0.412911,0.319306,0.020615,0.093605,0.671559,0.572473,6.5e-05,0.0,0.32838,0.084531,788.3,True,6,73703,ctrl-random-tf1-s1|+5,
ema_ribbon,1,pm,lucid,40,2297,815,815.0,0.052375,0.052375,0.032217,0.011118,0.020158,0.740256,0.663825,6.5e-05,0.0,0.037028,0.015347,788.3,True,6,73703,ctrl-random-tf1-s1|+5,
ema_ribbon,5,asia,apex,100,821,547,547.0,0.153471,0.153471,0.121011,0.018537,0.03246,0.623386,0.593179,0.003593,0.0,0.137272,0.0162,535.9,True,6,54398,ctrl-random-tf5-s1|+5,
ema_ribbon,5,asia,lucid,40,821,547,547.0,0.007308,0.007308,0.00676,0.004462,0.000548,0.233069,0.194884,0.003593,0.0,0.007065,0.000244,535.9,True,6,54398,ctrl-random-tf5-s1|+5,
ema_ribbon,5,london,apex,100,1521,761,761.0,0.381242,0.381242,0.308222,0.019792,0.073021,0.679842,0.611449,0.001216,0.0,0.333861,0.047381,716.1,True,6,54398,ctrl-random-tf5-s1|+5,
ema_ribbon,5,london,lucid,40,1521,761,761.0,0.0743,0.0743,0.035262,0.007657,0.039038,0.658648,0.615104,0.001216,0.0,0.043727,0.030572,716.1,True,6,54398,ctrl-random-tf5-s1|+5,
ema_ribbon,5,nyam,apex,100,585,477,477.0,0.359318,0.359318,0.347686,0.03052,0.011632,0.621924,0.585871,0.00188,0.0,0.334592,0.024726,433.4,True,6,54398,ctrl-random-tf5-s1|+5,
ema_ribbon,5,nyam,lucid,40,585,477,477.0,0.023143,0.023143,0.028685,0.008814,-0.005542,0.514129,0.509135,0.00188,0.0,0.021437,0.001705,433.4,True,6,54398,ctrl-random-tf5-s1|+5,
ema_ribbon,5,mid,apex,100,604,457,457.0,0.37028,0.37028,0.290012,0.029981,0.080268,0.669488,0.559074,0.038831,0.000166,0.314616,0.055664,444.7,True,6,54398,ctrl-random-tf5-s1|+5,
ema_ribbon,5,mid,lucid,40,604,457,457.0,0.032887,0.032887,0.01352,0.003598,0.019367,0.582765,0.515225,0.038831,0.000166,0.021072,0.011815,444.7,True,6,54398,ctrl-random-tf5-s1|+5,
ema_ribbon,5,pm,apex,100,711,540,540.0,0.37637,0.37637,0.344032,0.02433,0.032339,0.637515,0.606577,0.025879,0.0,0.354202,0.022168,498.5,True,6,54398,ctrl-random-tf5-s1|+5,
ema_ribbon,5,pm,lucid,40,711,540,540.0,0.066991,0.066991,0.036541,0.007933,0.030451,0.581486,0.540804,0.025879,0.0,0.025944,0.041048,498.5,True,6,54398,ctrl-random-tf5-s1|+5,
ema_ribbon,15,asia,apex,100,98,97,97.0,0.009744,0.009744,0.054141,0.015138,-0.044397,0.121803,0.056029,0.0,0.0,0.05676,-0.047016,94.0,True,6,31451,ctrl-random-tf15-s1|+5,
ema_ribbon,15,asia,lucid,10,98,97,97.0,0.0,0.0,0.0,0.0,0.0,0.0,0.0,0.0,0.0,0.0,0.0,94.0,True,6,31451,ctrl-random-tf15-s1|+5,
ema_ribbon,15,london,apex,100,665,478,478.0,0.304507,0.304507,0.301157,0.022859,0.00335,0.621072,0.627284,0.012783,7.5e-05,0.285993,0.018514,468.9,True,6,31451,ctrl-random-tf15-s1|+5,
ema_ribbon,15,london,lucid,40,665,478,478.0,0.026797,0.026797,0.021985,0.008036,0.004811,0.437942,0.427527,0.012783,7.5e-05,0.018758,0.008039,468.9,True,6,31451,ctrl-random-tf15-s1|+5,
ema_ribbon,15,nyam,apex,100,243,224,224.0,0.221681,0.221681,0.262546,0.024372,-0.040865,0.396833,0.423873,0.001029,0.0,0.248599,-0.026918,220.1,True,6,31451,ctrl-random-tf15-s1|+5,
ema_ribbon,15,nyam,lucid,20,243,224,224.0,0.001218,0.001218,0.002862,0.002717,-0.001644,0.068575,0.126675,0.001029,0.0,0.002801,-0.001583,220.1,True,6,31451,ctrl-random-tf15-s1|+5,
ema_ribbon,15,mid,apex,100,272,253,253.0,0.285018,0.285018,0.277467,0.023802,0.007552,0.45,0.38246,0.023529,0.0,0.245311,0.039708,237.0,True,6,31451,ctrl-random-tf15-s1|+5,
ema_ribbon,15,mid,lucid,20,272,253,253.0,0.003654,0.003654,0.004385,0.004245,-0.000731,0.133739,0.077954,0.023529,0.0,0.001218,0.002436,237.0,True,6,31451,ctrl-random-tf15-s1|+5,
ema_ribbon,15,pm,apex,100,215,207,207.0,0.304507,0.304507,0.251523,0.028289,0.052984,0.410901,0.326431,0.008837,0.0,0.232034,0.072473,189.3,True,6,31451,ctrl-random-tf15-s1|+5,
ema_ribbon,15,pm,lucid,40,215,207,207.0,0.001218,0.001218,0.003228,0.003755,-0.00201,0.30542,0.222899,0.008837,0.0,0.00268,-0.001462,189.3,True,6,31451,ctrl-random-tf15-s1|+5,
ema_ribbon,30,london,apex,100,244,231,231.0,0.207065,0.207065,0.222046,0.020758,-0.014982,0.427771,0.350792,0.008811,0.0,0.187698,0.019367,225.0,True,6,19009,ctrl-random-tf30-s1|+5,
ema_ribbon,30,london,lucid,40,244,231,231.0,0.003654,0.003654,0.003959,0.003006,-0.000305,0.209866,0.157125,0.008811,0.0,0.001705,0.001949,225.0,True,6,19009,ctrl-random-tf30-s1|+5,
ema_ribbon,30,nyam,apex,100,111,111,111.0,0.130329,0.130329,0.13581,0.011726,-0.005481,0.268819,0.291108,0.0,0.0,0.15201,-0.021681,106.5,True,6,19009,ctrl-random-tf30-s1|+5,
ema_ribbon,30,nyam,lucid,10,111,111,111.0,0.0,0.0,0.0,0.0,0.0,0.006638,0.00609,0.0,0.0,0.0,0.0,106.5,True,6,19009,ctrl-random-tf30-s1|+5,
ema_ribbon,30,mid,apex,100,151,149,149.0,0.187576,0.187576,0.174726,0.026593,0.01285,0.313033,0.26553,0.006623,0.0,0.152862,0.034714,139.9,True,6,19009,ctrl-random-tf30-s1|+5,
ema_ribbon,30,mid,lucid,20,151,149,149.0,0.001218,0.001218,0.001462,0.00192,-0.000244,0.073447,0.046285,0.006623,0.0,0.000365,0.000853,139.9,True,6,19009,ctrl-random-tf30-s1|+5,
ema_ribbon,30,pm,apex,100,119,117,117.0,0.244823,0.244823,0.19324,0.015719,0.051583,0.263033,0.211937,0.008403,0.0,0.171376,0.073447,115.6,True,6,19009,ctrl-random-tf30-s1|+5,
ema_ribbon,30,pm,lucid,10,119,117,117.0,0.0,0.0,0.0,0.0,0.0,0.004202,0.004872,0.008403,0.0,0.000244,-0.000244,115.6,True,6,19009,ctrl-random-tf30-s1|+5,
first_bar_mom,1,london,apex,100,689,689,689.0,0.063337,0.063337,0.120524,0.017345,-0.057186,0.616261,0.509135,0.0,0.0,0.140926,-0.077588,486.3,True,6,73703,ctrl-random-tf1-s1|+5,
first_bar_mom,1,london,lucid,40,689,689,689.0,0.007308,0.007308,0.013398,0.007784,-0.00609,0.1324,0.101096,0.0,0.0,0.008404,-0.001096,486.3,True,6,73703,ctrl-random-tf1-s1|+5,
first_bar_mom,1,nyam,apex,100,784,784,784.0,0.247259,0.247259,0.289951,0.025379,-0.042692,0.702253,0.708892,0.0,0.0,0.307065,-0.059805,526.2,True,6,73703,ctrl-random-tf1-s1|+5,
first_bar_mom,1,nyam,lucid,40,784,784,784.0,0.031669,0.031669,0.051523,0.015669,-0.019854,0.540499,0.37637,0.0,0.0,0.026431,0.005238,526.2,True,6,73703,ctrl-random-tf1-s1|+5,
first_bar_mom,1,mid,apex,100,125,125,125.0,0.155907,0.155907,0.13922,0.014156,0.016687,0.248112,0.281364,0.0,0.0,0.107917,0.04799,116.0,True,6,73703,ctrl-random-tf1-s1|+5,
first_bar_mom,1,mid,lucid,10,125,125,125.0,0.0,0.0,0.0,0.0,0.0,0.0,0.0,0.0,0.0,0.0,0.0,116.0,True,6,73703,ctrl-random-tf1-s1|+5,
first_bar_mom,1,pm,apex,100,163,163,163.0,0.06821,0.06821,0.124361,0.027828,-0.056151,0.246224,0.285018,0.0,0.0,0.099269,-0.03106,149.2,True,6,73703,ctrl-random-tf1-s1|+5,
first_bar_mom,1,pm,lucid,10,163,163,163.0,0.0,0.0,0.0,0.0,0.0,0.0,0.0,0.0,0.0,0.0,0.0,149.2,True,6,73703,ctrl-random-tf1-s1|+5,
first_bar_mom,5,london,apex,100,636,636,636.0,0.207065,0.207065,0.257247,0.018768,-0.050183,0.672716,0.691839,0.0,0.0,0.269915,-0.06285,451.8,True,6,54398,ctrl-random-tf5-s1|+5,
first_bar_mom,5,london,lucid,40,636,636,636.0,0.035323,0.035323,0.033313,0.009882,0.00201,0.37905,0.315469,0.0,0.0,0.016687,0.018636,451.8,True,6,54398,ctrl-random-tf5-s1|+5,
first_bar_mom,5,nyam,apex,100,785,785,785.0,0.308161,0.308161,0.332034,0.018516,-0.023873,0.666809,0.690621,0.0,0.0,0.358343,-0.050183,523.3,True,6,54398,ctrl-random-tf5-s1|+5,
first_bar_mom,5,nyam,lucid,40,785,785,785.0,0.062119,0.062119,0.0662,0.011165,-0.00408,0.647929,0.674787,0.0,0.0,0.032643,0.029476,523.3,True,6,54398,ctrl-random-tf5-s1|+5,
first_bar_mom,5,mid,apex,100,94,94,94.0,0.168088,0.168088,0.114434,0.021883,0.053654,0.236054,0.226553,0.0,0.0,0.125579,0.042509,96.9,True,6,54398,ctrl-random-tf5-s1|+5,
first_bar_mom,5,mid,lucid,20,94,94,94.0,0.003654,0.003654,0.000426,0.001327,0.003228,0.016687,0.008526,0.0,0.0,0.000244,0.00341,96.9,True,6,54398,ctrl-random-tf5-s1|+5,
first_bar_mom,5,pm,apex,100,64,64,64.0,0.108404,0.108404,0.08447,0.014971,0.023934,0.206699,0.198538,0.0,0.0,0.084896,0.023508,58.5,True,6,54398,ctrl-random-tf5-s1|+5,
first_bar_mom,5,pm,lucid,10,64,64,64.0,0.0,0.0,0.0,0.0,0.0,0.0,0.0,0.0,0.0,0.0,0.0,58.5,True,6,54398,ctrl-random-tf5-s1|+5,
first_bar_mom,15,london,apex,100,625,625,625.0,0.27771,0.27771,0.310353,0.025539,-0.032643,0.648112,0.690621,0.0,0.0,0.279294,-0.001583,450.6,True,6,31451,ctrl-random-tf15-s1|+5,
first_bar_mom,15,london,lucid,40,625,625,625.0,0.042631,0.042631,0.03849,0.009891,0.004141,0.4676,0.565164,0.0,0.0,0.015225,0.027406,450.6,True,6,31451,ctrl-random-tf15-s1|+5,
first_bar_mom,15,nyam,apex,100,784,784,784.0,0.354446,0.354446,0.372412,0.020169,-0.017966,0.625579,0.645554,0.0,0.0,0.374056,-0.01961,537.1,True,6,31451,ctrl-random-tf15-s1|+5,
first_bar_mom,15,nyam,lucid,40,784,784,784.0,0.06821,0.06821,0.072594,0.01206,-0.004385,0.636175,0.701583,0.0,0.0,0.038733,0.029476,537.1,True,6,31451,ctrl-random-tf15-s1|+5,
first_bar_mom,15,mid,apex,100,223,223,223.0,0.266748,0.266748,0.22162,0.030255,0.045128,0.402436,0.425091,0.0,0.0,0.208404,0.058343,196.0,True,6,31451,ctrl-random-tf15-s1|+5,
first_bar_mom,15,mid,lucid,20,223,223,223.0,0.007308,0.007308,0.002071,0.003164,0.005238,0.080938,0.087698,0.0,0.0,0.001218,0.00609,196.0,True,6,31451,ctrl-random-tf15-s1|+5,
first_bar_mom,15,pm,apex,100,88,88,88.0,0.171742,0.171742,0.145798,0.011882,0.025944,0.193484,0.199756,0.0,0.0,0.120097,0.051644,80.7,True,6,31451,ctrl-random-tf15-s1|+5,
first_bar_mom,15,pm,lucid,10,88,88,88.0,0.0,0.0,0.0,0.0,0.0,0.000487,0.0,0.0,0.0,0.0,0.0,80.7,True,6,31451,ctrl-random-tf15-s1|+5,
first_bar_mom,30,london,apex,100,602,602,602.0,0.328867,0.328867,0.341048,0.022546,-0.01218,0.623447,0.663825,0.0,0.0,0.293666,0.035201,452.0,True,6,19009,ctrl-random-tf30-s1|+5,
first_bar_mom,30,london,lucid,40,602,602,602.0,0.047503,0.047503,0.035566,0.009685,0.011937,0.490317,0.589525,0.0,0.0,0.012911,0.034592,452.0,True,6,19009,ctrl-random-tf30-s1|+5,
first_bar_mom,30,nyam,apex,100,795,795,795.0,0.381242,0.381242,0.368819,0.017055,0.012424,0.629963,0.618758,0.005031,0.0,0.337393,0.043849,390.0,True,6,19009,ctrl-random-tf30-s1|+5,
first_bar_mom,30,nyam,lucid,40,795,795,795.0,0.059683,0.059683,0.054994,0.009445,0.004689,0.691352,0.707674,0.005031,0.0,0.010962,0.048721,390.0,True,6,19009,ctrl-random-tf30-s1|+5,
first_bar_mom,30,mid,apex,100,354,354,354.0,0.343484,0.343484,0.284592,0.019011,0.058892,0.513825,0.501827,0.0,0.0,0.265408,0.078076,301.6,True,6,19009,ctrl-random-tf30-s1|+5,
first_bar_mom,30,mid,lucid,20,354,354,354.0,0.00609,0.00609,0.004811,0.003148,0.001279,0.183678,0.177832,0.0,0.0,0.00268,0.00341,301.6,True,6,19009,ctrl-random-tf30-s1|+5,
first_bar_mom,30,pm,apex,100,137,137,137.0,0.214373,0.214373,0.211084,0.026665,0.003289,0.26218,0.291108,0.0,0.0,0.189769,0.024604,130.6,True,6,19009,ctrl-random-tf30-s1|+5,
first_bar_mom,30,pm,lucid,10,137,137,137.0,0.0,0.0,0.000183,0.000817,-0.000183,0.012667,0.017052,0.0,0.0,0.000365,-0.000365,130.6,True,6,19009,ctrl-random-tf30-s1|+5,
gap,1,nyam,apex,100,594,594,594.0,0.174178,0.174178,0.276248,0.030896,-0.102071,0.662911,0.768575,0.0,0.0,0.285505,-0.111328,435.8,True,6,73703,ctrl-random-tf1-s1|+5,
gap,1,nyam,lucid,20,594,594,594.0,0.007308,0.007308,0.011632,0.00703,-0.004324,0.082339,0.019488,0.0,0.0,0.005359,0.001949,435.8,True,6,73703,ctrl-random-tf1-s1|+5,
gap,5,nyam,apex,100,578,578,578.0,0.249695,0.249695,0.321194,0.022176,-0.071498,0.648356,0.727162,0.0,0.0,0.333009,-0.083313,428.9,True,6,54398,ctrl-random-tf5-s1|+5,
gap,5,nyam,lucid,40,578,578,578.0,0.015834,0.015834,0.041169,0.009628,-0.025335,0.547259,0.546894,0.0,0.0,0.02095,-0.005116,428.9,True,6,54398,ctrl-random-tf5-s1|+5,
gap,15,nyam,apex,100,563,563,563.0,0.328867,0.328867,0.359988,0.024275,-0.031121,0.598173,0.64799,0.0,0.0,0.331669,-0.002801,429.4,True,6,31451,ctrl-random-tf15-s1|+5,
gap,15,nyam,lucid,40,563,563,563.0,0.024361,0.024361,0.035079,0.011707,-0.010719,0.523995,0.556638,0.0,0.0,0.023508,0.000853,429.4,True,6,31451,ctrl-random-tf15-s1|+5,
gap,30,nyam,apex,100,541,541,541.0,0.383678,0.383678,0.377527,0.022384,0.006151,0.575822,0.582217,0.001848,0.0,0.337393,0.046285,390.0,True,6,19009,ctrl-random-tf30-s1|+5,
gap,30,nyam,lucid,40,541,541,541.0,0.038977,0.038977,0.030694,0.008114,0.008283,0.545737,0.54324,0.001848,0.0,0.010962,0.028015,390.0,True,6,19009,ctrl-random-tf30-s1|+5,
ib,1,nyam,apex,100,526,526,526.0,0.263094,0.263094,0.271315,0.024106,-0.008222,0.624117,0.64799,0.0,0.0,0.268331,-0.005238,398.5,True,6,73703,ctrl-random-tf1-s1|+5,
ib,1,nyam,lucid,40,526,526,526.0,0.026797,0.026797,0.026066,0.008424,0.000731,0.341657,0.360536,0.0,0.0,0.01084,0.015956,398.5,True,6,73703,ctrl-random-tf1-s1|+5,
ib,1,mid,apex,100,473,473,473.0,0.25335,0.25335,0.258404,0.027742,-0.005055,0.622655,0.643118,0.0,0.0,0.232521,0.020828,368.5,True,6,73703,ctrl-random-tf1-s1|+5,
ib,1,mid,lucid,40,473,473,473.0,0.008526,0.008526,0.026066,0.009529,-0.01754,0.270585,0.306943,0.0,0.0,0.008648,-0.000122,368.5,True,6,73703,ctrl-random-tf1-s1|+5,
ib,1,pm,apex,100,325,325,325.0,0.187576,0.187576,0.172107,0.028338,0.015469,0.459744,0.470158,0.0,0.0,0.172351,0.015225,272.4,True,6,73703,ctrl-random-tf1-s1|+5,
ib,1,pm,lucid,40,325,325,325.0,0.004872,0.004872,0.004019,0.003602,0.000853,0.089342,0.046285,0.0,0.0,0.003654,0.001218,272.4,True,6,73703,ctrl-random-tf1-s1|+5,
ib,5,nyam,apex,100,526,526,526.0,0.313033,0.313033,0.326553,0.02176,-0.01352,0.636602,0.589525,0.0,0.0,0.326553,-0.01352,399.5,True,6,54398,ctrl-random-tf5-s1|+5,
ib,5,nyam,lucid,40,526,526,526.0,0.025579,0.025579,0.034714,0.009513,-0.009135,0.492022,0.410475,0.0,0.0,0.017418,0.008161,399.5,True,6,54398,ctrl-random-tf5-s1|+5,
ib,5,mid,apex,100,473,473,473.0,0.334957,0.334957,0.329903,0.02354,0.005055,0.62095,0.618758,0.0,0.0,0.288916,0.046041,371.3,True,6,54398,ctrl-random-tf5-s1|+5,
ib,5,mid,lucid,40,473,473,473.0,0.023143,0.023143,0.023508,0.007983,-0.000365,0.488002,0.52497,0.0,0.0,0.012302,0.01084,371.3,True,6,54398,ctrl-random-tf5-s1|+5,
ib,5,pm,apex,100,325,325,325.0,0.280146,0.280146,0.309683,0.031872,-0.029537,0.567479,0.601705,0.0,0.0,0.277832,0.002314,275.4,True,6,54398,ctrl-random-tf5-s1|+5,
ib,5,pm,lucid,40,325,325,325.0,0.013398,0.013398,0.015225,0.006701,-0.001827,0.337942,0.336175,0.0,0.0,0.007552,0.005847,275.4,True,6,54398,ctrl-random-tf5-s1|+5,
ib,15,nyam,apex,100,526,526,526.0,0.338611,0.338611,0.361632,0.027907,-0.023021,0.596894,0.546894,0.0,0.0,0.319367,0.019245,409.5,True,6,31451,ctrl-random-tf15-s1|+5,
ib,15,nyam,lucid,40,526,526,526.0,0.026797,0.026797,0.037393,0.008477,-0.010597,0.495311,0.399513,0.0,0.0,0.020463,0.006334,409.5,True,6,31451,ctrl-random-tf15-s1|+5,
ib,15,mid,apex,100,473,473,473.0,0.373934,0.373934,0.363642,0.024954,0.010292,0.567235,0.566382,0.0,0.0,0.313642,0.060292,380.1,True,6,31451,ctrl-random-tf15-s1|+5,
ib,15,mid,lucid,40,473,473,473.0,0.021924,0.021924,0.027284,0.008498,-0.005359,0.498904,0.56151,0.0,0.0,0.009379,0.012546,380.1,True,6,31451,ctrl-random-tf15-s1|+5,
ib,15,pm,apex,100,325,325,325.0,0.338611,0.338611,0.334653,0.024367,0.003959,0.505116,0.495737,0.0,0.0,0.292205,0.046407,273.2,True,6,31451,ctrl-random-tf15-s1|+5,
ib,15,pm,lucid,40,325,325,325.0,0.01218,0.01218,0.015164,0.006267,-0.002984,0.417052,0.419001,0.0,0.0,0.008039,0.004141,273.2,True,6,31451,ctrl-random-tf15-s1|+5,
ib,30,nyam,apex,100,526,526,526.0,0.344702,0.344702,0.391657,0.021654,-0.046955,0.558465,0.523752,0.001901,0.0,0.337393,0.007308,390.0,True,6,19009,ctrl-random-tf30-s1|+5,
ib,30,nyam,lucid,40,526,526,526.0,0.023143,0.023143,0.040743,0.011497,-0.0176,0.518453,0.378806,0.001901,0.0,0.010962,0.01218,390.0,True,6,19009,ctrl-random-tf30-s1|+5,
ib,30,mid,apex,100,473,473,473.0,0.384896,0.384896,0.363155,0.025547,0.021742,0.557125,0.55542,0.0,0.0,0.303532,0.081364,383.3,True,6,19009,ctrl-random-tf30-s1|+5,
ib,30,mid,lucid,40,473,473,473.0,0.01218,0.01218,0.023143,0.007943,-0.010962,0.513764,0.570037,0.0,0.0,0.008161,0.004019,383.3,True,6,19009,ctrl-random-tf30-s1|+5,
ib,30,pm,apex,100,325,325,325.0,0.34592,0.34592,0.3676,0.019269,-0.021681,0.482217,0.476248,0.0,0.0,0.334592,0.011328,288.8,True,6,19009,ctrl-random-tf30-s1|+5,
ib,30,pm,lucid,40,325,325,325.0,0.013398,0.013398,0.017783,0.007523,-0.004385,0.431425,0.421437,0.0,0.0,0.01011,0.003289,288.8,True,6,19009,ctrl-random-tf30-s1|+5,
lon_break,1,nyam,apex,100,783,783,783.0,0.202192,0.202192,0.290195,0.01999,-0.088002,0.701523,0.74056,0.0,0.0,0.307065,-0.104872,526.0,True,6,73703,ctrl-random-tf1-s1|+5,
lon_break,1,nyam,lucid,40,783,783,783.0,0.01218,0.01218,0.053959,0.015709,-0.041778,0.540073,0.314251,0.0,0.0,0.026309,-0.014129,526.0,True,6,73703,ctrl-random-tf1-s1|+5,
lon_break,5,nyam,apex,100,783,783,783.0,0.287454,0.287454,0.337211,0.016343,-0.049756,0.662302,0.711328,0.0,0.0,0.358465,-0.071011,522.9,True,6,54398,ctrl-random-tf5-s1|+5,
lon_break,5,nyam,lucid,40,783,783,783.0,0.053593,0.053593,0.066626,0.012416,-0.013033,0.654141,0.657734,0.0,0.0,0.032643,0.02095,522.9,True,6,54398,ctrl-random-tf5-s1|+5,
lon_break,15,nyam,apex,100,783,783,783.0,0.300853,0.300853,0.366078,0.014736,-0.065225,0.6324,0.699147,0.0,0.0,0.373812,-0.07296,536.8,True,6,31451,ctrl-random-tf15-s1|+5,
lon_break,15,nyam,lucid,40,783,783,783.0,0.046285,0.046285,0.06078,0.010713,-0.014495,0.63849,0.735688,0.0,0.0,0.038733,0.007552,536.8,True,6,31451,ctrl-random-tf15-s1|+5,
lon_break,30,nyam,apex,100,783,783,783.0,0.337393,0.337393,0.368819,0.020024,-0.031425,0.629537,0.662607,0.005109,0.0,0.337393,0.0,390.0,True,6,19009,ctrl-random-tf30-s1|+5,
lon_break,30,nyam,lucid,20,783,783,783.0,0.073082,0.073082,0.043118,0.009204,0.029963,0.437028,0.533496,0.005109,0.0,0.008526,0.064555,390.0,True,6,19009,ctrl-random-tf30-s1|+5,
mid_fade,1,mid,apex,100,238,238,238.0,0.207065,0.207065,0.199635,0.027492,0.00743,0.410292,0.420219,0.0,0.0,0.164799,0.042266,206.5,True,6,73703,ctrl-random-tf1-s1|+5,
mid_fade,1,mid,lucid,40,238,238,238.0,0.009744,0.009744,0.006943,0.005169,0.002801,0.119428,0.135201,0.0,0.0,0.003289,0.006456,206.5,True,6,73703,ctrl-random-tf1-s1|+5,
mid_fade,5,mid,apex,100,238,238,238.0,0.250914,0.250914,0.221924,0.027383,0.028989,0.466748,0.489647,0.0,0.0,0.214738,0.036175,213.9,True,6,54398,ctrl-random-tf5-s1|+5,
mid_fade,5,mid,lucid,20,238,238,238.0,0.007308,0.007308,0.001949,0.002249,0.005359,0.096772,0.127893,0.0,0.0,0.002558,0.00475,213.9,True,6,54398,ctrl-random-tf5-s1|+5,
mid_fade,15,mid,apex,100,238,238,238.0,0.2838,0.2838,0.253045,0.025853,0.030755,0.41151,0.448234,0.0,0.0,0.223021,0.06078,209.4,True,6,31451,ctrl-random-tf15-s1|+5,
mid_fade,15,mid,lucid,20,238,238,238.0,0.010962,0.010962,0.004446,0.003119,0.006516,0.129903,0.155907,0.0,0.0,0.001462,0.009501,209.4,True,6,31451,ctrl-random-tf15-s1|+5,
mid_fade,30,mid,apex,100,238,238,238.0,0.255786,0.255786,0.236114,0.023957,0.019671,0.425396,0.464068,0.0,0.0,0.207065,0.048721,212.3,True,6,19009,ctrl-random-tf30-s1|+5,
mid_fade,30,mid,lucid,10,238,238,238.0,0.001218,0.001218,0.000974,0.00161,0.000244,0.025152,0.020706,0.0,0.0,0.0,0.001218,212.3,True,6,19009,ctrl-random-tf30-s1|+5,
orb,1,asia,apex,100,823,823,823.0,0.036541,0.036541,0.031486,0.010903,0.005055,0.608526,0.688185,0.0,0.0,0.030694,0.005847,539.0,True,6,73703,ctrl-random-tf1-s1|+5,
orb,1,asia,lucid,40,823,823,823.0,0.004872,0.004872,0.001583,0.002374,0.003289,0.028197,0.019488,0.0,0.0,0.000244,0.004629,539.0,True,6,73703,ctrl-random-tf1-s1|+5,
orb,1,london,apex,100,822,822,822.0,0.171742,0.171742,0.145981,0.021042,0.025761,0.694519,0.723508,0.0,0.0,0.153593,0.018149,540.1,True,6,73703,ctrl-random-tf1-s1|+5,
orb,1,london,lucid,40,822,822,822.0,0.032887,0.032887,0.019428,0.00465,0.013459,0.185018,0.200974,0.0,0.0,0.008648,0.024239,540.1,True,6,73703,ctrl-random-tf1-s1|+5,
orb,1,nyam,apex,100,814,814,814.0,0.276492,0.276492,0.283252,0.020047,-0.00676,0.707917,0.718636,0.0,0.0,0.306212,-0.02972,540.4,True,6,73703,ctrl-random-tf1-s1|+5,
orb,1,nyam,lucid,40,814,814,814.0,0.054811,0.054811,0.051096,0.010629,0.003715,0.561876,0.585871,0.0,0.0,0.024726,0.030085,540.4,True,6,73703,ctrl-random-tf1-s1|+5,
orb,1,mid,apex,100,823,823,823.0,0.230207,0.230207,0.282034,0.016857,-0.051827,0.708831,0.766139,0.0,0.0,0.278319,-0.048112,540.2,True,6,73703,ctrl-random-tf1-s1|+5,
orb,1,mid,lucid,40,823,823,823.0,0.026797,0.026797,0.058952,0.012047,-0.032156,0.541169,0.640682,0.0,0.0,0.021559,0.005238,540.2,True,6,73703,ctrl-random-tf1-s1|+5,
orb,1,pm,apex,100,815,815,815.0,0.236297,0.236297,0.260353,0.023355,-0.024056,0.715956,0.725944,0.0,0.0,0.268575,-0.032278,534.5,True,6,73703,ctrl-random-tf1-s1|+5,
orb,1,pm,lucid,40,815,815,815.0,0.031669,0.031669,0.044032,0.017077,-0.012363,0.415225,0.428745,0.0,0.0,0.018392,0.013276,534.5,True,6,73703,ctrl-random-tf1-s1|+5,
orb,5,asia,apex,100,821,821,821.0,0.132765,0.132765,0.155481,0.013414,-0.022716,0.703228,0.711328,0.0,0.0,0.137272,-0.004507,535.9,True,6,54398,ctrl-random-tf5-s1|+5,
orb,5,asia,lucid,40,821,821,821.0,0.014616,0.014616,0.013398,0.00503,0.001218,0.227223,0.230207,0.0,0.0,0.007065,0.007552,535.9,True,6,54398,ctrl-random-tf5-s1|+5,
orb,5,london,apex,100,822,822,822.0,0.252132,0.252132,0.273447,0.014988,-0.021315,0.708831,0.72229,0.0,0.0,0.282704,-0.030572,529.9,True,6,54398,ctrl-random-tf5-s1|+5,
orb,5,london,lucid,40,822,822,822.0,0.048721,0.048721,0.050974,0.011318,-0.002253,0.49391,0.487211,0.0,0.0,0.023143,0.025579,529.9,True,6,54398,ctrl-random-tf5-s1|+5,
orb,5,nyam,apex,100,814,814,814.0,0.306943,0.306943,0.337089,0.018199,-0.030146,0.662241,0.693057,0.0,0.0,0.36151,-0.054568,535.3,True,6,54398,ctrl-random-tf5-s1|+5,
orb,5,nyam,lucid,40,814,814,814.0,0.045067,0.045067,0.07028,0.01163,-0.025213,0.660536,0.714982,0.0,0.0,0.033861,0.011206,535.3,True,6,54398,ctrl-random-tf5-s1|+5,
orb,5,mid,apex,100,823,823,823.0,0.309379,0.309379,0.320585,0.016099,-0.011206,0.67905,0.690621,0.0,0.0,0.343118,-0.033739,546.8,True,6,54398,ctrl-random-tf5-s1|+5,
orb,5,mid,lucid,40,823,823,823.0,0.046285,0.046285,0.052314,0.012487,-0.006029,0.715104,0.774665,0.0,0.0,0.029111,0.017174,546.8,True,6,54398,ctrl-random-tf5-s1|+5,
orb,5,pm,apex,100,815,815,815.0,0.321559,0.321559,0.334166,0.019921,-0.012607,0.665408,0.678441,0.0,0.0,0.366382,-0.044823,541.4,True,6,54398,ctrl-random-tf5-s1|+5,
orb,5,pm,lucid,40,815,815,815.0,0.097442,0.097442,0.074421,0.013377,0.023021,0.668697,0.711328,0.0,0.0,0.030694,0.066748,541.4,True,6,54398,ctrl-random-tf5-s1|+5,
orb,15,london,apex,100,822,822,822.0,0.297199,0.297199,0.310414,0.010932,-0.013216,0.684592,0.699147,0.0,0.0,0.302558,-0.005359,535.5,True,6,31451,ctrl-random-tf15-s1|+5,
orb,15,london,lucid,40,822,822,822.0,0.06821,0.06821,0.061876,0.008851,0.006334,0.594702,0.611449,0.0,0.0,0.023752,0.044458,535.5,True,6,31451,ctrl-random-tf15-s1|+5,
orb,15,nyam,apex,100,814,814,814.0,0.344702,0.344702,0.363642,0.020075,-0.01894,0.633922,0.655298,0.0,0.0,0.376736,-0.032034,550.9,True,6,31451,ctrl-random-tf15-s1|+5,
orb,15,nyam,lucid,40,814,814,814.0,0.056029,0.056029,0.072046,0.00969,-0.016017,0.658952,0.727162,0.0,0.0,0.041413,0.014616,550.9,True,6,31451,ctrl-random-tf15-s1|+5,
orb,15,mid,apex,100,823,823,823.0,0.333739,0.333739,0.393727,0.024325,-0.059988,0.604141,0.666261,0.0,0.0,0.362241,-0.028502,564.1,True,6,31451,ctrl-random-tf15-s1|+5,
orb,15,mid,lucid,40,823,823,823.0,0.038977,0.038977,0.066078,0.015772,-0.027101,0.669488,0.799026,0.0,0.0,0.026066,0.012911,564.1,True,6,31451,ctrl-random-tf15-s1|+5,
orb,15,pm,apex,100,815,815,815.0,0.390987,0.390987,0.39525,0.022262,-0.004263,0.603532,0.606577,0.0,0.0,0.408039,-0.017052,560.5,True,6,31451,ctrl-random-tf15-s1|+5,
orb,15,pm,lucid,40,815,815,815.0,0.088916,0.088916,0.067479,0.0138,0.021437,0.678076,0.693057,0.0,0.0,0.037881,0.051035,560.5,True,6,31451,ctrl-random-tf15-s1|+5,
orb,30,london,apex,100,822,822,822.0,0.303289,0.303289,0.348051,0.025561,-0.044762,0.648112,0.695493,0.0,0.0,0.311693,-0.008404,555.0,True,6,19009,ctrl-random-tf30-s1|+5,
orb,30,london,lucid,40,822,822,822.0,0.069428,0.069428,0.065773,0.011453,0.003654,0.614373,0.686967,0.0,0.0,0.022533,0.046894,555.0,True,6,19009,ctrl-random-tf30-s1|+5,
orb,30,nyam,apex,100,814,814,814.0,0.360536,0.360536,0.369854,0.009913,-0.009318,0.628076,0.639464,0.004914,0.0,0.337393,0.023143,390.0,True,6,19009,ctrl-random-tf30-s1|+5,
orb,30,nyam,lucid,40,814,814,814.0,0.065773,0.065773,0.057917,0.007809,0.007856,0.696224,0.744214,0.004914,0.0,0.010962,0.054811,390.0,True,6,19009,ctrl-random-tf30-s1|+5,
orb,30,mid,apex,100,823,823,823.0,0.34592,0.34592,0.387698,0.015604,-0.041778,0.609318,0.65408,0.0,0.0,0.364677,-0.018758,567.9,True,6,19009,ctrl-random-tf30-s1|+5,
orb,30,mid,lucid,40,823,823,823.0,0.035323,0.035323,0.061145,0.012248,-0.025822,0.690682,0.806334,0.0,0.0,0.022412,0.012911,567.9,True,6,19009,ctrl-random-tf30-s1|+5,
orb,30,pm,apex,100,815,815,815.0,0.414129,0.414129,0.415164,0.022443,-0.001035,0.582339,0.583435,0.0,0.0,0.434836,-0.020706,567.0,True,6,19009,ctrl-random-tf30-s1|+5,
orb,30,pm,lucid,40,815,815,815.0,0.077954,0.077954,0.072046,0.017497,0.005907,0.673934,0.701583,0.0,0.0,0.026553,0.051401,567.0,True,6,19009,ctrl-random-tf30-s1|+5,
pinbar,1,asia,apex,100,1555,727,727.0,0.053593,0.053593,0.035627,0.006786,0.017966,0.850365,0.784409,0.000161,0.0,0.038977,0.014616,731.0,True,6,73703,ctrl-random-tf1-s1|+5,
pinbar,1,asia,lucid,10,1555,727,727.0,0.0,0.0,0.0,0.0,0.0,0.0,0.0,0.000161,0.0,0.0,0.0,731.0,True,6,73703,ctrl-random-tf1-s1|+5,
pinbar,1,london,apex,100,1449,694,694.0,0.218027,0.218027,0.150183,0.013273,0.067844,0.757125,0.672351,3.5e-05,0.0,0.180268,0.037759,708.0,True,6,73703,ctrl-random-tf1-s1|+5,
pinbar,1,london,lucid,40,1449,694,694.0,0.014616,0.014616,0.010719,0.005789,0.003898,0.413886,0.338611,3.5e-05,0.0,0.014738,-0.000122,708.0,True,6,73703,ctrl-random-tf1-s1|+5,
pinbar,1,nyam,apex,100,872,567,567.0,0.300853,0.300853,0.31011,0.021316,-0.009257,0.648599,0.678441,0.0,0.0,0.315469,-0.014616,563.5,True,6,73703,ctrl-random-tf1-s1|+5,
pinbar,1,nyam,lucid,40,872,567,567.0,0.020706,0.020706,0.027954,0.009059,-0.007247,0.497747,0.511571,0.0,0.0,0.025091,-0.004385,563.5,True,6,73703,ctrl-random-tf1-s1|+5,
pinbar,1,mid,apex,100,1159,654,654.0,0.342266,0.342266,0.309562,0.024753,0.032704,0.66821,0.598051,0.000216,0.0,0.299635,0.042631,649.7,True,6,73703,ctrl-random-tf1-s1|+5,
pinbar,1,mid,lucid,40,1159,654,654.0,0.063337,0.063337,0.033191,0.010771,0.030146,0.583435,0.505481,0.000216,0.0,0.027893,0.035445,649.7,True,6,73703,ctrl-random-tf1-s1|+5,
pinbar,1,pm,apex,100,1114,622,622.0,0.306943,0.306943,0.259135,0.031818,0.047808,0.677588,0.624848,4.5e-05,0.0,0.284896,0.022046,630.1,True,6,73703,ctrl-random-tf1-s1|+5,
pinbar,1,pm,lucid,40,1114,622,622.0,0.031669,0.031669,0.023995,0.009721,0.007674,0.480451,0.464068,4.5e-05,0.0,0.02972,0.001949,630.1,True,6,73703,ctrl-random-tf1-s1|+5,
pinbar,5,asia,apex,100,382,324,324.0,0.071864,0.071864,0.097077,0.018075,-0.025213,0.363764,0.342266,0.000785,0.0,0.090987,-0.019123,317.6,True,6,54398,ctrl-random-tf5-s1|+5,
pinbar,5,asia,lucid,40,382,324,324.0,0.001218,0.001218,0.000914,0.001717,0.000305,0.061328,0.062119,0.000785,0.0,0.002192,-0.000974,317.6,True,6,54398,ctrl-random-tf5-s1|+5,
pinbar,5,london,apex,100,620,469,469.0,0.298417,0.298417,0.260353,0.024704,0.038063,0.597503,0.562728,0.000403,0.0,0.267966,0.030451,442.9,True,6,54398,ctrl-random-tf5-s1|+5,
pinbar,5,london,lucid,40,620,469,469.0,0.030451,0.030451,0.019732,0.007389,0.010719,0.335384,0.274056,0.000403,0.0,0.016931,0.01352,442.9,True,6,54398,ctrl-random-tf5-s1|+5,
pinbar,5,nyam,apex,100,249,227,227.0,0.230207,0.230207,0.243484,0.020158,-0.013276,0.468149,0.507917,0.0,0.0,0.23581,-0.005603,216.4,True,6,54398,ctrl-random-tf5-s1|+5,
pinbar,5,nyam,lucid,40,249,227,227.0,0.00609,0.00609,0.003837,0.00336,0.002253,0.228258,0.225335,0.0,0.0,0.004994,0.001096,216.4,True,6,54398,ctrl-random-tf5-s1|+5,
pinbar,5,mid,apex,100,435,384,384.0,0.288672,0.288672,0.272107,0.017999,0.016565,0.60676,0.583435,0.014828,0.0,0.279903,0.00877,349.4,True,6,54398,ctrl-random-tf5-s1|+5,
pinbar,5,mid,lucid,20,435,384,384.0,0.024361,0.024361,0.006456,0.004367,0.017905,0.16821,0.171742,0.014828,0.0,0.005116,0.019245,349.4,True,6,54398,ctrl-random-tf5-s1|+5,
pinbar,5,pm,apex,100,437,386,386.0,0.308161,0.308161,0.293971,0.025489,0.01419,0.605664,0.582217,0.005721,0.0,0.315834,-0.007674,349.2,True,6,54398,ctrl-random-tf5-s1|+5,
pinbar,5,pm,lucid,40,437,386,386.0,0.008526,0.008526,0.016078,0.005162,-0.007552,0.421681,0.399513,0.005721,0.0,0.012667,-0.004141,349.2,True,6,54398,ctrl-random-tf5-s1|+5,
pinbar,15,asia,apex,100,151,150,150.0,0.06821,0.06821,0.065225,0.013862,0.002984,0.2081,0.181486,0.006623,0.0,0.072229,-0.004019,138.3,True,6,31451,ctrl-random-tf15-s1|+5,
pinbar,15,asia,lucid,10,151,150,150.0,0.0,0.0,0.0,0.0,0.0,0.0,0.0,0.006623,0.0,0.0,0.0,138.3,True,6,31451,ctrl-random-tf15-s1|+5,
pinbar,15,london,apex,100,296,269,269.0,0.205847,0.205847,0.208587,0.031164,-0.002741,0.496346,0.487211,0.003885,0.0,0.205847,0.0,255.7,True,6,31451,ctrl-random-tf15-s1|+5,
pinbar,15,london,lucid,10,296,269,269.0,0.0,0.0,0.0,0.0,0.0,0.001096,0.0,0.003885,0.0,0.0,0.0,255.7,True,6,31451,ctrl-random-tf15-s1|+5,
pinbar,15,nyam,apex,100,81,77,77.0,0.079172,0.079172,0.097138,0.016955,-0.017966,0.18246,0.220463,0.017901,0.0,0.094884,-0.015713,78.0,True,6,31451,ctrl-random-tf15-s1|+5,
pinbar,15,nyam,lucid,10,81,77,77.0,0.0,0.0,0.0,0.0,0.0,0.0,0.0,0.017901,0.0,0.0,0.0,78.0,True,6,31451,ctrl-random-tf15-s1|+5,
pinbar,15,mid,apex,100,185,179,179.0,0.152253,0.152253,0.184592,0.019745,-0.032339,0.354202,0.362972,0.013243,0.0,0.174787,-0.022533,164.2,True,6,31451,ctrl-random-tf15-s1|+5,
pinbar,15,mid,lucid,10,185,179,179.0,0.0,0.0,0.0,0.0,0.0,0.009805,0.014616,0.013243,0.0,0.000487,-0.000487,164.2,True,6,31451,ctrl-random-tf15-s1|+5,
pinbar,15,pm,apex,100,182,181,181.0,0.175396,0.175396,0.223752,0.020523,-0.048356,0.350609,0.378806,0.000275,0.0,0.21011,-0.034714,161.5,True,6,31451,ctrl-random-tf15-s1|+5,
pinbar,15,pm,lucid,10,182,181,181.0,0.0,0.0,0.000487,0.000729,-0.000487,0.002253,0.003654,0.000275,0.0,0.000609,-0.000609,161.5,True,6,31451,ctrl-random-tf15-s1|+5,
pinbar,30,asia,apex,100,47,47,47.0,0.024361,0.024361,0.016382,0.008026,0.007978,0.088002,0.060901,0.0,0.0,0.020828,0.003532,45.0,True,6,19009,ctrl-random-tf30-s1|+5,
pinbar,30,asia,lucid,10,47,47,47.0,0.0,0.0,0.0,0.0,0.0,0.0,0.0,0.0,0.0,0.0,0.0,45.0,True,6,19009,ctrl-random-tf30-s1|+5,
pinbar,30,london,apex,100,164,160,160.0,0.171742,0.171742,0.172168,0.026838,-0.000426,0.325579,0.276492,0.003659,0.0,0.139829,0.031912,155.7,True,6,19009,ctrl-random-tf30-s1|+5,
pinbar,30,london,lucid,10,164,160,160.0,0.0,0.0,0.0,0.0,0.0,0.002132,0.003654,0.003659,0.0,0.0,0.0,155.7,True,6,19009,ctrl-random-tf30-s1|+5,
pinbar,30,nyam,apex,100,27,27,27.0,0.036541,0.036541,0.046711,0.009674,-0.010171,0.060536,0.08039,0.0,0.0,0.045311,-0.00877,26.1,True,6,19009,ctrl-random-tf30-s1|+5,
pinbar,30,nyam,lucid,10,27,27,27.0,0.0,0.0,0.0,0.0,0.0,0.0,0.0,0.0,0.0,0.0,0.0,26.1,True,6,19009,ctrl-random-tf30-s1|+5,
pinbar,30,mid,apex,100,82,82,82.0,0.119367,0.119367,0.1081,0.023575,0.011267,0.174421,0.158343,0.0,0.0,0.09866,0.020706,78.0,True,6,19009,ctrl-random-tf30-s1|+5,
pinbar,30,mid,lucid,10,82,82,82.0,0.0,0.0,0.000122,0.000375,-0.000122,0.001644,0.0,0.0,0.0,0.0,0.0,78.0,True,6,19009,ctrl-random-tf30-s1|+5,
pinbar,30,pm,apex,100,90,89,89.0,0.095006,0.095006,0.112789,0.018398,-0.017783,0.209927,0.211937,0.011111,0.0,0.139586,-0.04458,89.9,True,6,19009,ctrl-random-tf30-s1|+5,
pinbar,30,pm,lucid,40,90,89,89.0,0.001218,0.001218,0.000122,0.000375,0.001096,0.131547,0.132765,0.011111,0.0,0.000244,0.000974,89.9,True,6,19009,ctrl-random-tf30-s1|+5,
rsi2,1,asia,apex,100,2469,823,823.0,0.071864,0.071864,0.036419,0.007783,0.035445,0.950487,0.90743,0.000203,0.0,0.043118,0.028745,802.7,True,6,73703,ctrl-random-tf1-s1|+5,
rsi2,1,asia,lucid,40,2469,823,823.0,0.010962,0.010962,0.001157,0.001744,0.009805,0.668575,0.528624,0.000203,0.0,0.003289,0.007674,802.7,True,6,73703,ctrl-random-tf1-s1|+5,
rsi2,1,london,apex,100,2469,823,823.0,0.219245,0.219245,0.17771,0.018092,0.041535,0.807856,0.758831,4.1e-05,0.0,0.204385,0.01486,801.1,True,6,73703,ctrl-random-tf1-s1|+5,
rsi2,1,london,lucid,40,2469,823,823.0,0.013398,0.013398,0.01151,0.004,0.001888,0.698843,0.61754,4.1e-05,0.0,0.019976,-0.006577,801.1,True,6,73703,ctrl-random-tf1-s1|+5,
rsi2,1,nyam,apex,100,2466,823,823.0,0.442144,0.442144,0.390378,0.021632,0.051766,0.607734,0.557856,0.000101,0.0,0.379903,0.062241,800.0,True,6,73703,ctrl-random-tf1-s1|+5,
rsi2,1,nyam,lucid,40,2466,823,823.0,0.045067,0.045067,0.039464,0.010086,0.005603,0.807856,0.751523,0.000101,0.0,0.048356,-0.003289,800.0,True,6,73703,ctrl-random-tf1-s1|+5,
rsi2,1,mid,apex,100,2466,823,823.0,0.501827,0.501827,0.373325,0.019638,0.128502,0.622533,0.490865,0.000547,0.0,0.33715,0.164677,800.7,True,6,73703,ctrl-random-tf1-s1|+5,
rsi2,1,mid,lucid,40,2466,823,823.0,0.082826,0.082826,0.032948,0.010444,0.049878,0.806638,0.688185,0.000547,0.0,0.033983,0.048843,800.7,True,6,73703,ctrl-random-tf1-s1|+5,
rsi2,1,pm,apex,100,2448,816,816.0,0.361754,0.361754,0.326797,0.016038,0.034957,0.66419,0.62972,0.000143,0.0,0.329842,0.031912,795.4,True,6,73703,ctrl-random-tf1-s1|+5,
rsi2,1,pm,lucid,40,2448,816,816.0,0.045067,0.045067,0.030512,0.010187,0.014555,0.754263,0.732034,0.000143,0.0,0.036054,0.009013,795.4,True,6,73703,ctrl-random-tf1-s1|+5,
rsi2,5,asia,apex,100,2263,822,822.0,0.228989,0.228989,0.170463,0.015113,0.058526,0.810475,0.736906,0.008705,0.0,0.195493,0.033496,790.9,True,6,54398,ctrl-random-tf5-s1|+5,
rsi2,5,asia,lucid,40,2263,822,822.0,0.040195,0.040195,0.013276,0.007339,0.026918,0.676614,0.578563,0.008705,0.0,0.017783,0.022412,790.9,True,6,54398,ctrl-random-tf5-s1|+5,
rsi2,5,london,apex,100,2420,823,823.0,0.426309,0.426309,0.371864,0.014633,0.054446,0.623752,0.568819,0.001674,0.0,0.36151,0.064799,799.0,True,6,54398,ctrl-random-tf5-s1|+5,
rsi2,5,london,lucid,40,2420,823,823.0,0.045067,0.045067,0.036297,0.009733,0.00877,0.761937,0.702801,0.001674,0.0,0.04458,0.000487,799.0,True,6,54398,ctrl-random-tf5-s1|+5,
rsi2,5,nyam,apex,100,1900,812,812.0,0.503045,0.503045,0.428197,0.014757,0.074848,0.571255,0.495737,0.019632,0.0,0.43447,0.068575,768.3,True,6,54398,ctrl-random-tf5-s1|+5,
rsi2,5,nyam,lucid,40,1900,812,812.0,0.081608,0.081608,0.058587,0.010843,0.023021,0.781364,0.732034,0.019632,0.0,0.071011,0.010597,768.3,True,6,54398,ctrl-random-tf5-s1|+5,
rsi2,5,mid,apex,100,1692,823,823.0,0.439708,0.439708,0.329963,0.01534,0.109744,0.669793,0.560292,0.054879,5.9e-05,0.395981,0.043727,756.3,True,6,54398,ctrl-random-tf5-s1|+5,
rsi2,5,mid,lucid,40,1692,823,823.0,0.06821,0.06821,0.036419,0.009647,0.03179,0.842753,0.755177,0.054879,5.9e-05,0.049695,0.018514,756.3,True,6,54398,ctrl-random-tf5-s1|+5,
rsi2,5,pm,apex,100,1911,813,813.0,0.44458,0.44458,0.405359,0.014224,0.03922,0.594275,0.554202,0.03956,0.0,0.431912,0.012667,763.8,True,6,54398,ctrl-random-tf5-s1|+5,
rsi2,5,pm,lucid,40,1911,813,813.0,0.066991,0.066991,0.056395,0.013065,0.010597,0.788611,0.730816,0.03956,0.0,0.066991,0.0,763.8,True,6,54398,ctrl-random-tf5-s1|+5,
rsi2,15,asia,apex,100,1246,746,746.0,0.263094,0.263094,0.230207,0.021924,0.032887,0.702801,0.661389,0.058507,0.0,0.24056,0.022533,687.2,True,6,31451,ctrl-random-tf15-s1|+5,
rsi2,15,asia,lucid,40,1246,746,746.0,0.046285,0.046285,0.020828,0.008639,0.025457,0.498417,0.473812,0.058507,0.0,0.0257,0.020585,687.2,True,6,31451,ctrl-random-tf15-s1|+5,
rsi2,15,london,apex,100,1949,816,816.0,0.425091,0.425091,0.367661,0.025406,0.05743,0.63039,0.572473,0.025372,0.0,0.357856,0.067235,777.7,True,6,31451,ctrl-random-tf15-s1|+5,
rsi2,15,london,lucid,40,1949,816,816.0,0.085262,0.085262,0.036906,0.010192,0.048356,0.782765,0.725944,0.025372,0.0,0.038611,0.04665,777.7,True,6,31451,ctrl-random-tf15-s1|+5,
rsi2,15,nyam,apex,100,1036,684,684.0,0.400731,0.400731,0.358648,0.023716,0.042083,0.626553,0.588307,0.063538,0.000386,0.372351,0.02838,628.6,True,6,31451,ctrl-random-tf15-s1|+5,
rsi2,15,nyam,lucid,40,1036,684,684.0,0.064555,0.064555,0.047381,0.011219,0.017174,0.685688,0.669915,0.063538,0.000386,0.047503,0.017052,628.6,True,6,31451,ctrl-random-tf15-s1|+5,
rsi2,15,mid,apex,100,967,707,707.0,0.399513,0.399513,0.363337,0.01103,0.036175,0.632521,0.591961,0.07151,0.0,0.375396,0.024117,621.3,True,6,31451,ctrl-random-tf15-s1|+5,
rsi2,15,mid,lucid,40,967,707,707.0,0.037759,0.037759,0.043118,0.010451,-0.005359,0.703593,0.65408,0.07151,0.0,0.030816,0.006943,621.3,True,6,31451,ctrl-random-tf15-s1|+5,
rsi2,15,pm,apex,100,1058,716,716.0,0.353228,0.353228,0.39257,0.018049,-0.039342,0.60341,0.644336,0.074686,0.000236,0.420341,-0.067113,646.3,True,6,31451,ctrl-random-tf15-s1|+5,
rsi2,15,pm,lucid,40,1058,716,716.0,0.046285,0.046285,0.048904,0.009177,-0.002619,0.723508,0.766139,0.074686,0.000236,0.050426,-0.004141,646.3,True,6,31451,ctrl-random-tf15-s1|+5,
rsi2,30,asia,apex,100,520,448,448.0,0.157125,0.157125,0.202801,0.019981,-0.045676,0.534836,0.506699,0.046923,0.0,0.183191,-0.026066,410.6,True,6,19009,ctrl-random-tf30-s1|+5,
rsi2,30,asia,lucid,40,520,448,448.0,0.00609,0.00609,0.007004,0.003662,-0.000914,0.228076,0.194884,0.046923,0.0,0.009501,-0.00341,410.6,True,6,19009,ctrl-random-tf30-s1|+5,
rsi2,30,london,apex,100,1218,756,756.0,0.381242,0.381242,0.338429,0.022,0.042814,0.657856,0.612667,0.054199,0.000205,0.333983,0.047259,686.3,True,6,19009,ctrl-random-tf30-s1|+5,
rsi2,30,london,lucid,40,1218,756,756.0,0.054811,0.054811,0.044945,0.010822,0.009866,0.707674,0.634592,0.054199,0.000205,0.029963,0.024848,686.3,True,6,19009,ctrl-random-tf30-s1|+5,
rsi2,30,nyam,apex,100,567,460,460.0,0.337393,0.337393,0.354933,0.023951,-0.01754,0.572655,0.579781,0.102822,0.0,0.337393,0.0,390.0,True,6,19009,ctrl-random-tf30-s1|+5,
rsi2,30,nyam,lucid,40,567,460,460.0,0.017052,0.017052,0.016443,0.006873,0.000609,0.532217,0.568819,0.102822,0.0,0.010962,0.00609,390.0,True,6,19009,ctrl-random-tf30-s1|+5,
rsi2,30,mid,apex,100,566,466,466.0,0.361754,0.361754,0.322594,0.015215,0.03916,0.604324,0.545676,0.071833,0.000177,0.330572,0.031181,441.7,True,6,19009,ctrl-random-tf30-s1|+5,
rsi2,30,mid,lucid,20,566,466,466.0,0.009744,0.009744,0.010171,0.004074,-0.000426,0.333739,0.27162,0.071833,0.000177,0.004507,0.005238,441.7,True,6,19009,ctrl-random-tf30-s1|+5,
rsi2,30,pm,apex,100,653,530,530.0,0.360536,0.360536,0.402192,0.01634,-0.041657,0.551523,0.580999,0.071992,0.00023,0.419732,-0.059196,491.3,True,6,19009,ctrl-random-tf30-s1|+5,
rsi2,30,pm,lucid,40,653,530,530.0,0.026797,0.026797,0.03447,0.007944,-0.007674,0.592692,0.601705,0.071992,0.00023,0.023873,0.002923,491.3,True,6,19009,ctrl-random-tf30-s1|+5,
squeeze,1,asia,apex,100,1158,629,629.0,0.056029,0.056029,0.029415,0.010569,0.026614,0.678745,0.651644,4.3e-05,0.0,0.033374,0.022655,647.7,True,6,73703,ctrl-random-tf1-s1|+5,
squeeze,1,asia,lucid,10,1158,629,629.0,0.0,0.0,0.0,0.0,0.0,0.0,0.0,4.3e-05,0.0,0.0,0.0,647.7,True,6,73703,ctrl-random-tf1-s1|+5,
squeeze,1,london,apex,100,2114,804,804.0,0.161998,0.161998,0.174056,0.016588,-0.012058,0.795067,0.81486,4.7e-05,0.0,0.198904,-0.036906,781.6,True,6,73703,ctrl-random-tf1-s1|+5,
squeeze,1,london,lucid,40,2114,804,804.0,0.01218,0.01218,0.013642,0.004551,-0.001462,0.606699,0.54324,4.7e-05,0.0,0.019123,-0.006943,781.6,True,6,73703,ctrl-random-tf1-s1|+5,
squeeze,1,nyam,apex,100,1050,669,669.0,0.336175,0.336175,0.305116,0.027004,0.03106,0.676918,0.640682,0.0,0.0,0.323995,0.01218,619.5,True,6,73703,ctrl-random-tf1-s1|+5,
squeeze,1,nyam,lucid,40,1050,669,669.0,0.058465,0.058465,0.036906,0.008541,0.021559,0.594823,0.565164,0.0,0.0,0.032887,0.025579,619.5,True,6,73703,ctrl-random-tf1-s1|+5,
squeeze,1,mid,apex,100,1690,767,767.0,0.35201,0.35201,0.32905,0.021161,0.02296,0.665286,0.6419,0.000888,0.0,0.317418,0.034592,746.0,True,6,73703,ctrl-random-tf1-s1|+5,
squeeze,1,mid,lucid,40,1690,767,767.0,0.043849,0.043849,0.038063,0.007549,0.005786,0.720706,0.651644,0.000888,0.0,0.035323,0.008526,746.0,True,6,73703,ctrl-random-tf1-s1|+5,
squeeze,1,pm,apex,100,1662,762,762.0,0.337393,0.337393,0.290621,0.017622,0.046772,0.692935,0.65408,0.000181,0.0,0.308161,0.029233,735.7,True,6,73703,ctrl-random-tf1-s1|+5,
squeeze,1,pm,lucid,40,1662,762,762.0,0.041413,0.041413,0.031242,0.009495,0.010171,0.649574,0.62363,0.000181,0.0,0.037028,0.004385,735.7,True,6,73703,ctrl-random-tf1-s1|+5,
squeeze,5,asia,apex,100,202,194,194.0,0.056029,0.056029,0.039829,0.012162,0.0162,0.18989,0.136419,0.00198,0.0,0.051035,0.004994,183.1,True,6,54398,ctrl-random-tf5-s1|+5,
squeeze,5,asia,lucid,10,202,194,194.0,0.0,0.0,0.0,0.0,0.0,0.0,0.0,0.00198,0.0,0.0,0.0,183.1,True,6,54398,ctrl-random-tf5-s1|+5,
squeeze,5,london,apex,100,790,549,549.0,0.281364,0.281364,0.246163,0.018556,0.035201,0.670889,0.612667,0.00019,0.0,0.281364,0.0,516.1,True,6,54398,ctrl-random-tf5-s1|+5,
squeeze,5,london,lucid,40,790,549,549.0,0.026797,0.026797,0.019793,0.007035,0.007004,0.445615,0.398295,0.00019,0.0,0.021437,0.005359,516.1,True,6,54398,ctrl-random-tf5-s1|+5,
squeeze,5,nyam,apex,100,216,204,204.0,0.214373,0.214373,0.221681,0.02247,-0.007308,0.471864,0.43849,0.000231,0.0,0.216931,-0.002558,192.7,True,6,54398,ctrl-random-tf5-s1|+5,
squeeze,5,nyam,lucid,40,216,204,204.0,0.00609,0.00609,0.001949,0.002069,0.004141,0.18106,0.157125,0.000231,0.0,0.003289,0.002801,192.7,True,6,54398,ctrl-random-tf5-s1|+5,
squeeze,5,mid,apex,100,321,297,297.0,0.276492,0.276492,0.241839,0.024712,0.034653,0.573691,0.490865,0.01729,0.0,0.247747,0.028745,277.9,True,6,54398,ctrl-random-tf5-s1|+5,
squeeze,5,mid,lucid,40,321,297,297.0,0.007308,0.007308,0.004872,0.004592,0.002436,0.347259,0.270402,0.01729,0.0,0.008648,-0.00134,277.9,True,6,54398,ctrl-random-tf5-s1|+5,
squeeze,5,pm,apex,100,346,317,317.0,0.288672,0.288672,0.2757,0.0249,0.012972,0.588855,0.591961,0.005636,0.0,0.287089,0.001583,290.2,True,6,54398,ctrl-random-tf5-s1|+5,
squeeze,5,pm,lucid,40,346,317,317.0,0.001218,0.001218,0.010231,0.00584,-0.009013,0.342692,0.330085,0.005636,0.0,0.007917,-0.006699,290.2,True,6,54398,ctrl-random-tf5-s1|+5,
squeeze,15,london,apex,100,135,131,131.0,0.11084,0.11084,0.131364,0.024784,-0.020524,0.30542,0.227771,0.004074,0.0,0.117905,-0.007065,123.8,True,6,31451,ctrl-random-tf15-s1|+5,
squeeze,15,london,lucid,10,135,131,131.0,0.0,0.0,0.0,0.0,0.0,0.004933,0.0,0.004074,0.0,0.0,0.0,123.8,True,6,31451,ctrl-random-tf15-s1|+5,
squeeze,15,nyam,apex,100,92,91,91.0,0.125457,0.125457,0.134714,0.021294,-0.009257,0.228928,0.216809,0.005435,0.0,0.109257,0.0162,90.5,True,6,31451,ctrl-random-tf15-s1|+5,
squeeze,15,nyam,lucid,10,92,91,91.0,0.0,0.0,0.0,0.0,0.0,0.0,0.0,0.005435,0.0,0.0,0.0,90.5,True,6,31451,ctrl-random-tf15-s1|+5,
squeeze,15,mid,apex,100,95,93,93.0,0.121803,0.121803,0.119976,0.018843,0.001827,0.205177,0.188794,0.006842,0.0,0.114129,0.007674,87.3,True,6,31451,ctrl-random-tf15-s1|+5,
squeeze,15,mid,lucid,10,95,93,93.0,0.0,0.0,0.000305,0.000541,-0.000305,0.001644,0.00609,0.006842,0.0,0.000122,-0.000122,87.3,True,6,31451,ctrl-random-tf15-s1|+5,
squeeze,15,pm,apex,100,122,121,121.0,0.171742,0.171742,0.179111,0.025545,-0.007369,0.252314,0.260658,0.00041,0.0,0.158343,0.013398,112.9,True,6,31451,ctrl-random-tf15-s1|+5,
squeeze,15,pm,lucid,20,122,121,121.0,0.001218,0.001218,0.000792,0.00144,0.000426,0.040804,0.043849,0.00041,0.0,0.000122,0.001096,112.9,True,6,31451,ctrl-random-tf15-s1|+5,
squeeze,30,mid,apex,100,46,46,46.0,0.049939,0.049939,0.074604,0.015094,-0.024665,0.112485,0.143727,0.0,0.0,0.056395,-0.006456,45.4,True,6,19009,ctrl-random-tf30-s1|+5,
squeeze,30,mid,lucid,10,46,46,46.0,0.0,0.0,0.0,0.0,0.0,0.000244,0.0,0.0,0.0,0.0,0.0,45.4,True,6,19009,ctrl-random-tf30-s1|+5,
squeeze,30,pm,apex,100,62,62,62.0,0.076736,0.076736,0.098234,0.02157,-0.021498,0.134896,0.132765,0.0,0.0,0.10268,-0.025944,61.5,True,6,19009,ctrl-random-tf30-s1|+5,
squeeze,30,pm,lucid,10,62,62,62.0,0.0,0.0,0.0,0.0,0.0,0.003289,0.003654,0.0,0.0,0.0,0.0,61.5,True,6,19009,ctrl-random-tf30-s1|+5,
straddle,1,london,apex,100,823,823,823.0,0.079172,0.079172,0.142144,0.023576,-0.062972,0.698538,0.6419,0.0,0.0,0.153593,-0.074421,540.4,True,6,73703,ctrl-random-tf1-s1|+5,
straddle,1,london,lucid,40,823,823,823.0,0.00609,0.00609,0.018758,0.005608,-0.012667,0.18106,0.075518,0.0,0.0,0.008648,-0.002558,540.4,True,6,73703,ctrl-random-tf1-s1|+5,
straddle,1,nyam,apex,100,823,823,823.0,0.170524,0.170524,0.283191,0.019321,-0.112667,0.711328,0.779537,0.0,0.0,0.308648,-0.138124,544.8,True,6,73703,ctrl-random-tf1-s1|+5,
straddle,1,nyam,lucid,40,823,823,823.0,0.01827,0.01827,0.054446,0.015443,-0.036175,0.568697,0.380024,0.0,0.0,0.025213,-0.006943,544.8,True,6,73703,ctrl-random-tf1-s1|+5,
straddle,1,mid,apex,100,823,823,823.0,0.25335,0.25335,0.282034,0.016857,-0.028685,0.708831,0.730816,0.0,0.0,0.278319,-0.02497,540.2,True,6,73703,ctrl-random-tf1-s1|+5,
straddle,1,mid,lucid,40,823,823,823.0,0.041413,0.041413,0.058952,0.012047,-0.01754,0.541169,0.584653,0.0,0.0,0.021559,0.019854,540.2,True,6,73703,ctrl-random-tf1-s1|+5,
straddle,1,pm,apex,100,816,816,816.0,0.25335,0.25335,0.256334,0.023501,-0.002984,0.71754,0.727162,0.0,0.0,0.26821,-0.01486,534.8,True,6,73703,ctrl-random-tf1-s1|+5,
straddle,1,pm,lucid,40,816,816,816.0,0.053593,0.053593,0.04324,0.013404,0.010353,0.425579,0.460414,0.0,0.0,0.018392,0.035201,534.8,True,6,73703,ctrl-random-tf1-s1|+5,
straddle,5,london,apex,100,823,823,823.0,0.226553,0.226553,0.276492,0.01718,-0.049939,0.704872,0.72229,0.0,0.0,0.283069,-0.056516,530.2,True,6,54398,ctrl-random-tf5-s1|+5,
straddle,5,london,lucid,40,823,823,823.0,0.041413,0.041413,0.052314,0.011773,-0.010901,0.490317,0.380024,0.0,0.0,0.022777,0.018636,530.2,True,6,54398,ctrl-random-tf5-s1|+5,
straddle,5,nyam,apex,100,823,823,823.0,0.294762,0.294762,0.330633,0.01546,-0.035871,0.669184,0.704019,0.0,0.0,0.362363,-0.0676,538.5,True,6,54398,ctrl-random-tf5-s1|+5,
straddle,5,nyam,lucid,40,823,823,823.0,0.059683,0.059683,0.067174,0.017367,-0.007491,0.670463,0.673569,0.0,0.0,0.033739,0.025944,538.5,True,6,54398,ctrl-random-tf5-s1|+5,
straddle,5,mid,apex,100,823,823,823.0,0.313033,0.313033,0.320585,0.016099,-0.007552,0.67905,0.686967,0.0,0.0,0.343118,-0.030085,546.8,True,6,54398,ctrl-random-tf5-s1|+5,
straddle,5,mid,lucid,20,823,823,823.0,0.08039,0.08039,0.042326,0.01135,0.038063,0.421559,0.511571,0.0,0.0,0.019854,0.060536,546.8,True,6,54398,ctrl-random-tf5-s1|+5,
straddle,5,pm,apex,100,816,816,816.0,0.359318,0.359318,0.335384,0.019345,0.023934,0.664129,0.640682,0.0,0.0,0.366504,-0.007186,542.4,True,6,54398,ctrl-random-tf5-s1|+5,
straddle,5,pm,lucid,40,816,816,816.0,0.10475,0.10475,0.075639,0.013551,0.029111,0.669123,0.673569,0.0,0.0,0.030694,0.074056,542.4,True,6,54398,ctrl-random-tf5-s1|+5,
straddle,15,london,apex,100,823,823,823.0,0.313033,0.313033,0.311815,0.010966,0.001218,0.683496,0.684531,0.0,0.0,0.302436,0.010597,535.9,True,6,31451,ctrl-random-tf15-s1|+5,
straddle,15,london,lucid,40,823,823,823.0,0.073082,0.073082,0.063155,0.010918,0.009927,0.590438,0.566382,0.0,0.0,0.023752,0.04933,535.9,True,6,31451,ctrl-random-tf15-s1|+5,
straddle,15,nyam,apex,100,823,823,823.0,0.337393,0.337393,0.365773,0.023993,-0.02838,0.632643,0.662607,0.0,0.0,0.37503,-0.037637,554.7,True,6,31451,ctrl-random-tf15-s1|+5,
straddle,15,nyam,lucid,40,823,823,823.0,0.09257,0.09257,0.072412,0.012368,0.020158,0.66151,0.702801,0.0,0.0,0.041291,0.051279,554.7,True,6,31451,ctrl-random-tf15-s1|+5,
straddle,15,mid,apex,100,823,823,823.0,0.355664,0.355664,0.393727,0.024325,-0.038063,0.604141,0.644336,0.0,0.0,0.362241,-0.006577,564.1,True,6,31451,ctrl-random-tf15-s1|+5,
straddle,15,mid,lucid,20,823,823,823.0,0.066991,0.066991,0.049513,0.013233,0.017479,0.41419,0.528624,0.0,0.0,0.017052,0.049939,564.1,True,6,31451,ctrl-random-tf15-s1|+5,
straddle,15,pm,apex,100,816,816,816.0,0.395859,0.395859,0.397138,0.020051,-0.001279,0.601644,0.604141,0.0,0.0,0.40877,-0.012911,561.2,True,6,31451,ctrl-random-tf15-s1|+5,
straddle,15,pm,lucid,20,816,816,816.0,0.099878,0.099878,0.056212,0.011671,0.043666,0.436358,0.516443,0.0,0.0,0.026918,0.07296,561.2,True,6,31451,ctrl-random-tf15-s1|+5,
straddle,30,london,apex,100,823,823,823.0,0.331303,0.331303,0.348782,0.023948,-0.017479,0.647077,0.668697,0.0,0.0,0.312058,0.019245,555.7,True,6,19009,ctrl-random-tf30-s1|+5,
straddle,30,london,lucid,40,823,823,823.0,0.0743,0.0743,0.065895,0.011608,0.008404,0.612546,0.663825,0.0,0.0,0.022777,0.051523,555.7,True,6,19009,ctrl-random-tf30-s1|+5,
straddle,30,nyam,apex,100,823,823,823.0,0.334957,0.334957,0.376736,0.021001,-0.041778,0.622107,0.665043,0.00486,0.0,0.337393,-0.002436,390.0,True,6,19009,ctrl-random-tf30-s1|+5,
straddle,30,nyam,lucid,20,823,823,823.0,0.079172,0.079172,0.048843,0.008924,0.030329,0.451462,0.570037,0.00486,0.0,0.008526,0.070646,390.0,True,6,19009,ctrl-random-tf30-s1|+5,
straddle,30,mid,apex,100,823,823,823.0,0.390987,0.390987,0.387698,0.015604,0.003289,0.609318,0.609013,0.0,0.0,0.364677,0.026309,567.9,True,6,19009,ctrl-random-tf30-s1|+5,
straddle,30,mid,lucid,20,823,823,823.0,0.063337,0.063337,0.040012,0.010569,0.023325,0.453654,0.512789,0.0,0.0,0.011815,0.051523,567.9,True,6,19009,ctrl-random-tf30-s1|+5,
straddle,30,pm,apex,100,816,816,816.0,0.420219,0.420219,0.409866,0.024156,0.010353,0.587576,0.577345,0.0,0.0,0.433739,-0.01352,567.4,True,6,19009,ctrl-random-tf30-s1|+5,
straddle,30,pm,lucid,40,816,816,816.0,0.101096,0.101096,0.070889,0.018365,0.030207,0.682339,0.699147,0.0,0.0,0.026797,0.0743,567.4,True,6,19009,ctrl-random-tf30-s1|+5,
supertrend,1,asia,apex,100,2396,821,821.0,0.053593,0.053593,0.037454,0.00736,0.016139,0.94732,0.935445,0.000146,0.0,0.043118,0.010475,800.1,True,6,73703,ctrl-random-tf1-s1|+5,
supertrend,1,asia,lucid,10,2396,821,821.0,0.0,0.0,0.0,0.0,0.0,0.000853,0.0,0.000146,0.0,0.0,0.0,800.1,True,6,73703,ctrl-random-tf1-s1|+5,
supertrend,1,london,apex,100,2468,823,823.0,0.228989,0.228989,0.177588,0.018168,0.051401,0.807978,0.74665,4.1e-05,0.0,0.204019,0.02497,801.0,True,6,73703,ctrl-random-tf1-s1|+5,
supertrend,1,london,lucid,40,2468,823,823.0,0.010962,0.010962,0.01151,0.004,-0.000548,0.698477,0.596833,4.1e-05,0.0,0.020219,-0.009257,801.0,True,6,73703,ctrl-random-tf1-s1|+5,
supertrend,1,nyam,apex,100,1762,776,776.0,0.414129,0.414129,0.360171,0.017135,0.053959,0.635932,0.580999,0.0,0.0,0.36078,0.05335,750.3,True,6,73703,ctrl-random-tf1-s1|+5,
supertrend,1,nyam,lucid,40,1762,776,776.0,0.046285,0.046285,0.041657,0.009069,0.004629,0.733739,0.713764,0.0,0.0,0.048599,-0.002314,750.3,True,6,73703,ctrl-random-tf1-s1|+5,
supertrend,1,mid,apex,100,2120,813,813.0,0.417783,0.417783,0.360292,0.024889,0.057491,0.635566,0.576127,0.00066,0.0,0.332278,0.085505,782.5,True,6,73703,ctrl-random-tf1-s1|+5,
supertrend,1,mid,lucid,40,2120,813,813.0,0.08039,0.08039,0.039038,0.011061,0.041352,0.761267,0.658952,0.00066,0.0,0.034348,0.046041,782.5,True,6,73703,ctrl-random-tf1-s1|+5,
supertrend,1,pm,apex,100,2192,808,808.0,0.36419,0.36419,0.318331,0.018329,0.045859,0.67095,0.628502,0.00016,0.0,0.32838,0.03581,782.8,True,6,73703,ctrl-random-tf1-s1|+5,
supertrend,1,pm,lucid,40,2192,808,808.0,0.019488,0.019488,0.029659,0.010277,-0.010171,0.72497,0.697929,0.00016,0.0,0.037272,-0.017783,782.8,True,6,73703,ctrl-random-tf1-s1|+5,
supertrend,5,asia,apex,100,678,509,509.0,0.143727,0.143727,0.119854,0.016367,0.023873,0.555116,0.522533,0.000811,0.0,0.126066,0.017661,479.3,True,6,54398,ctrl-random-tf5-s1|+5,
supertrend,5,asia,lucid,40,678,509,509.0,0.01218,0.01218,0.004933,0.00432,0.007247,0.172838,0.171742,0.000811,0.0,0.005359,0.006821,479.3,True,6,54398,ctrl-random-tf5-s1|+5,
supertrend,5,london,apex,100,1371,733,733.0,0.323995,0.323995,0.323325,0.015515,0.00067,0.66285,0.661389,0.000474,0.0,0.333983,-0.009988,686.1,True,6,54398,ctrl-random-tf5-s1|+5,
supertrend,5,london,lucid,40,1371,733,733.0,0.063337,0.063337,0.039464,0.010796,0.023873,0.607004,0.639464,0.000474,0.0,0.039099,0.024239,686.1,True,6,54398,ctrl-random-tf5-s1|+5,
supertrend,5,nyam,apex,100,667,524,524.0,0.367844,0.367844,0.364312,0.026656,0.003532,0.612485,0.610231,0.001049,0.0,0.342022,0.025822,470.2,True,6,54398,ctrl-random-tf5-s1|+5,
supertrend,5,nyam,lucid,40,667,524,524.0,0.024361,0.024361,0.03916,0.010443,-0.014799,0.530938,0.53106,0.001049,0.0,0.023386,0.000974,470.2,True,6,54398,ctrl-random-tf5-s1|+5,
supertrend,5,mid,apex,100,423,364,364.0,0.288672,0.288672,0.305116,0.022097,-0.016443,0.598051,0.588307,0.007683,0.0,0.278076,0.010597,342.6,True,6,54398,ctrl-random-tf5-s1|+5,
supertrend,5,mid,lucid,40,423,364,364.0,0.00609,0.00609,0.012911,0.006241,-0.006821,0.450305,0.447016,0.007683,0.0,0.009622,-0.003532,342.6,True,6,54398,ctrl-random-tf5-s1|+5,
supertrend,5,pm,apex,100,571,444,444.0,0.355664,0.355664,0.352741,0.028148,0.002923,0.584836,0.574909,0.004116,0.0,0.339464,0.0162,430.0,True,6,54398,ctrl-random-tf5-s1|+5,
supertrend,5,pm,lucid,40,571,444,444.0,0.019488,0.019488,0.026736,0.010369,-0.007247,0.489951,0.467722,0.004116,0.0,0.019123,0.000365,430.0,True,6,54398,ctrl-random-tf5-s1|+5,
supertrend,15,asia,apex,100,72,72,72.0,0.028015,0.028015,0.050365,0.011705,-0.022351,0.102375,0.030451,0.0,0.0,0.044945,-0.016931,67.8,True,6,31451,ctrl-random-tf15-s1|+5,
supertrend,15,asia,lucid,10,72,72,72.0,0.0,0.0,0.0,0.0,0.0,0.0,0.0,0.0,0.0,0.0,0.0,67.8,True,6,31451,ctrl-random-tf15-s1|+5,
supertrend,15,london,apex,100,580,461,461.0,0.302071,0.302071,0.326553,0.02808,-0.024482,0.584409,0.605359,0.001897,0.0,0.269915,0.032156,424.0,True,6,31451,ctrl-random-tf15-s1|+5,
supertrend,15,london,lucid,40,580,461,461.0,0.032887,0.032887,0.024543,0.009362,0.008343,0.387698,0.405603,0.001897,0.0,0.013886,0.019001,424.0,True,6,31451,ctrl-random-tf15-s1|+5,
supertrend,15,nyam,apex,100,307,292,292.0,0.311815,0.311815,0.321924,0.022418,-0.01011,0.477345,0.490865,0.0,0.0,0.276005,0.03581,265.8,True,6,31451,ctrl-random-tf15-s1|+5,
supertrend,15,nyam,lucid,40,307,292,292.0,0.009744,0.009744,0.008343,0.003649,0.001401,0.325152,0.353228,0.0,0.0,0.006699,0.003045,265.8,True,6,31451,ctrl-random-tf15-s1|+5,
supertrend,15,mid,apex,100,193,192,192.0,0.227771,0.227771,0.235505,0.024518,-0.007734,0.379781,0.341048,0.001036,0.0,0.18039,0.047381,169.5,True,6,31451,ctrl-random-tf15-s1|+5,
supertrend,15,mid,lucid,10,193,192,192.0,0.0,0.0,0.00134,0.001763,-0.00134,0.006638,0.002436,0.001036,0.0,0.000487,-0.000487,169.5,True,6,31451,ctrl-random-tf15-s1|+5,
supertrend,15,pm,apex,100,205,193,193.0,0.282582,0.282582,0.303167,0.027611,-0.020585,0.372899,0.342266,0.0,0.0,0.224239,0.058343,180.3,True,6,31451,ctrl-random-tf15-s1|+5,
supertrend,15,pm,lucid,40,205,193,193.0,0.00609,0.00609,0.00609,0.003811,0.0,0.286724,0.247259,0.0,0.0,0.003045,0.003045,180.3,True,6,31451,ctrl-random-tf15-s1|+5,
supertrend,30,london,apex,100,173,172,172.0,0.11084,0.11084,0.192875,0.025203,-0.082034,0.340317,0.334957,0.000289,0.0,0.146285,-0.035445,164.2,True,6,19009,ctrl-random-tf30-s1|+5,
supertrend,30,london,lucid,40,173,172,172.0,0.003654,0.003654,0.002071,0.002239,0.001583,0.14665,0.140073,0.000289,0.0,0.000609,0.003045,164.2,True,6,19009,ctrl-random-tf30-s1|+5,
supertrend,30,nyam,apex,100,169,168,168.0,0.235079,0.235079,0.208526,0.015606,0.026553,0.356882,0.336175,0.011834,0.0,0.204263,0.030816,156.1,True,6,19009,ctrl-random-tf30-s1|+5,
supertrend,30,nyam,lucid,10,169,168,168.0,0.0,0.0,0.000183,0.000817,-0.000183,0.011084,0.01218,0.011834,0.0,0.000122,-0.000122,156.1,True,6,19009,ctrl-random-tf30-s1|+5,
supertrend,30,mid,apex,100,132,131,131.0,0.153471,0.153471,0.183618,0.018417,-0.030146,0.26894,0.2838,0.0,0.0,0.135323,0.018149,121.6,True,6,19009,ctrl-random-tf30-s1|+5,
supertrend,30,mid,lucid,20,132,131,131.0,0.004872,0.004872,0.001888,0.002071,0.002984,0.071437,0.079172,0.0,0.0,0.000244,0.004629,121.6,True,6,19009,ctrl-random-tf30-s1|+5,
supertrend,30,pm,apex,100,105,103,103.0,0.165652,0.165652,0.166809,0.018684,-0.001157,0.222838,0.199756,0.0,0.0,0.155055,0.010597,102.8,True,6,19009,ctrl-random-tf30-s1|+5,
supertrend,30,pm,lucid,10,105,103,103.0,0.0,0.0,6.1e-05,0.000272,-6.1e-05,0.011571,0.008526,0.0,0.0,0.000244,-0.000244,102.8,True,6,19009,ctrl-random-tf30-s1|+5,
sweep_rev,1,asia,apex,100,144,144,144.0,0.014616,0.014616,0.008587,0.00609,0.006029,0.016931,0.065773,0.0,0.0,0.007308,0.007308,131.8,True,6,73703,ctrl-random-tf1-s1|+5,
sweep_rev,1,asia,lucid,10,144,144,144.0,0.0,0.0,0.0,0.0,0.0,0.0,0.0,0.0,0.0,0.0,0.0,131.8,True,6,73703,ctrl-random-tf1-s1|+5,
sweep_rev,1,london,apex,100,1360,800,800.0,0.180268,0.180268,0.157613,0.013415,0.022655,0.758648,0.718636,0.0,0.0,0.177101,0.003167,691.6,True,6,73703,ctrl-random-tf1-s1|+5,
sweep_rev,1,london,lucid,40,1360,800,800.0,0.009744,0.009744,0.015652,0.006756,-0.005907,0.375761,0.323995,0.0,0.0,0.015469,-0.005725,691.6,True,6,73703,ctrl-random-tf1-s1|+5,
sweep_rev,1,nyam,apex,100,1013,715,715.0,0.328867,0.328867,0.320646,0.022031,0.008222,0.666382,0.665043,0.0,0.0,0.324361,0.004507,608.6,True,6,73703,ctrl-random-tf1-s1|+5,
sweep_rev,1,nyam,lucid,40,1013,715,715.0,0.038977,0.038977,0.045676,0.011944,-0.006699,0.567296,0.590743,0.0,0.0,0.032521,0.006456,608.6,True,6,73703,ctrl-random-tf1-s1|+5,
sweep_rev,1,mid,apex,100,777,573,573.0,0.294762,0.294762,0.287211,0.022513,0.007552,0.652314,0.655298,0.000129,0.0,0.272594,0.022168,521.6,True,6,73703,ctrl-random-tf1-s1|+5,
sweep_rev,1,mid,lucid,40,777,573,573.0,0.043849,0.043849,0.036967,0.012169,0.006882,0.435566,0.45067,0.000129,0.0,0.021315,0.022533,521.6,True,6,73703,ctrl-random-tf1-s1|+5,
sweep_rev,1,pm,apex,100,728,529,529.0,0.303289,0.303289,0.249513,0.028242,0.053776,0.635201,0.587089,0.0,0.0,0.252741,0.050548,498.5,True,6,73703,ctrl-random-tf1-s1|+5,
sweep_rev,1,pm,lucid,40,728,529,529.0,0.019488,0.019488,0.022351,0.008216,-0.002862,0.332339,0.389769,0.0,0.0,0.017174,0.002314,498.5,True,6,73703,ctrl-random-tf1-s1|+5,
sweep_rev,5,asia,apex,100,124,124,124.0,0.032887,0.032887,0.035566,0.009604,-0.00268,0.086602,0.112058,0.0,0.0,0.032765,0.000122,117.7,True,6,54398,ctrl-random-tf5-s1|+5,
sweep_rev,5,asia,lucid,10,124,124,124.0,0.0,0.0,0.0,0.0,0.0,0.0,0.0,0.0,0.0,0.0,0.0,117.7,True,6,54398,ctrl-random-tf5-s1|+5,
sweep_rev,5,london,apex,100,1216,778,778.0,0.328867,0.328867,0.314982,0.016112,0.013886,0.672046,0.660171,4.1e-05,0.0,0.322777,0.00609,652.4,True,6,54398,ctrl-random-tf5-s1|+5,
sweep_rev,5,london,lucid,40,1216,778,778.0,0.049939,0.049939,0.041108,0.008447,0.008831,0.573021,0.54933,4.1e-05,0.0,0.03849,0.011449,652.4,True,6,54398,ctrl-random-tf5-s1|+5,
sweep_rev,5,nyam,apex,100,850,664,664.0,0.362972,0.362972,0.370158,0.018413,-0.007186,0.622838,0.630938,0.000235,0.0,0.368697,-0.005725,549.0,True,6,54398,ctrl-random-tf5-s1|+5,
sweep_rev,5,nyam,lucid,40,850,664,664.0,0.051157,0.051157,0.053959,0.012842,-0.002801,0.619306,0.637028,0.000235,0.0,0.036419,0.014738,549.0,True,6,54398,ctrl-random-tf5-s1|+5,
sweep_rev,5,mid,apex,100,633,537,537.0,0.314251,0.314251,0.322838,0.028912,-0.008587,0.645798,0.651644,0.006161,0.0,0.316565,-0.002314,459.6,True,6,54398,ctrl-random-tf5-s1|+5,
sweep_rev,5,mid,lucid,40,633,537,537.0,0.023143,0.023143,0.026797,0.010714,-0.003654,0.593849,0.616322,0.006161,0.0,0.021681,0.001462,459.6,True,6,54398,ctrl-random-tf5-s1|+5,
sweep_rev,5,pm,apex,100,613,494,494.0,0.361754,0.361754,0.364921,0.018896,-0.003167,0.609744,0.616322,0.004323,0.0,0.347503,0.014251,451.1,True,6,54398,ctrl-random-tf5-s1|+5,
sweep_rev,5,pm,lucid,40,613,494,494.0,0.024361,0.024361,0.037698,0.010489,-0.013337,0.507552,0.552984,0.004323,0.0,0.02095,0.00341,451.1,True,6,54398,ctrl-random-tf5-s1|+5,
sweep_rev,15,asia,apex,100,95,95,95.0,0.025579,0.025579,0.055907,0.010167,-0.030329,0.109683,0.144945,0.0,0.0,0.055542,-0.029963,91.1,True,6,31451,ctrl-random-tf15-s1|+5,
sweep_rev,15,asia,lucid,10,95,95,95.0,0.0,0.0,0.0,0.0,0.0,0.0,0.0,0.0,0.0,0.0,0.0,91.1,True,6,31451,ctrl-random-tf15-s1|+5,
sweep_rev,15,london,apex,100,1022,748,748.0,0.336175,0.336175,0.330512,0.022436,0.005664,0.661754,0.660171,0.002984,0.0,0.319001,0.017174,609.8,True,6,31451,ctrl-random-tf15-s1|+5,
sweep_rev,15,london,lucid,40,1022,748,748.0,0.046285,0.046285,0.047381,0.008888,-0.001096,0.626127,0.661389,0.002984,0.0,0.033983,0.012302,609.8,True,6,31451,ctrl-random-tf15-s1|+5,
sweep_rev,15,nyam,apex,100,672,585,585.0,0.34592,0.34592,0.370158,0.018778,-0.024239,0.611815,0.646772,0.017188,0.0,0.353715,-0.007795,485.2,True,6,31451,ctrl-random-tf15-s1|+5,
sweep_rev,15,nyam,lucid,40,672,585,585.0,0.023143,0.023143,0.038246,0.011194,-0.015104,0.56827,0.638246,0.017188,0.0,0.030329,-0.007186,485.2,True,6,31451,ctrl-random-tf15-s1|+5,
sweep_rev,15,mid,apex,100,538,494,494.0,0.332521,0.332521,0.371011,0.022912,-0.03849,0.555664,0.605359,0.018123,0.0,0.327893,0.004629,421.0,True,6,31451,ctrl-random-tf15-s1|+5,
sweep_rev,15,mid,lucid,40,538,494,494.0,0.015834,0.015834,0.035627,0.007569,-0.019793,0.508648,0.552984,0.018123,0.0,0.01218,0.003654,421.0,True,6,31451,ctrl-random-tf15-s1|+5,
sweep_rev,15,pm,apex,100,489,449,449.0,0.320341,0.320341,0.371742,0.026696,-0.051401,0.565895,0.606577,0.006851,0.0,0.347625,-0.027284,383.0,True,6,31451,ctrl-random-tf15-s1|+5,
sweep_rev,15,pm,lucid,40,489,449,449.0,0.013398,0.013398,0.026309,0.00952,-0.012911,0.527406,0.54933,0.006851,0.0,0.015834,-0.002436,383.0,True,6,31451,ctrl-random-tf15-s1|+5,
sweep_rev,30,asia,apex,100,67,67,67.0,0.00609,0.00609,0.026979,0.006412,-0.020889,0.092083,0.118149,0.0,0.0,0.0324,-0.026309,65.5,True,6,19009,ctrl-random-tf30-s1|+5,
sweep_rev,30,asia,lucid,10,67,67,67.0,0.0,0.0,0.0,0.0,0.0,0.0,0.0,0.0,0.0,0.0,0.0,65.5,True,6,19009,ctrl-random-tf30-s1|+5,
sweep_rev,30,london,apex,100,827,709,709.0,0.322777,0.322777,0.346102,0.020097,-0.023325,0.64592,0.676005,0.014389,0.0,0.312302,0.010475,557.5,True,6,19009,ctrl-random-tf30-s1|+5,
sweep_rev,30,london,lucid,40,827,709,709.0,0.059683,0.059683,0.048112,0.012686,0.011571,0.597929,0.679659,0.014389,0.0,0.022168,0.037515,557.5,True,6,19009,ctrl-random-tf30-s1|+5,
sweep_rev,30,nyam,apex,100,498,473,473.0,0.3581,0.3581,0.335627,0.018432,0.022473,0.599878,0.576127,0.028414,0.0,0.337393,0.020706,390.0,True,6,19009,ctrl-random-tf30-s1|+5,
sweep_rev,30,nyam,lucid,20,498,473,473.0,0.013398,0.013398,0.015652,0.006814,-0.002253,0.275518,0.241169,0.028414,0.0,0.008526,0.004872,390.0,True,6,19009,ctrl-random-tf30-s1|+5,
sweep_rev,30,mid,apex,100,456,435,435.0,0.347138,0.347138,0.332582,0.021611,0.014555,0.534044,0.512789,0.013596,0.0,0.295859,0.051279,371.5,True,6,19009,ctrl-random-tf30-s1|+5,
sweep_rev,30,mid,lucid,40,456,435,435.0,0.009744,0.009744,0.017113,0.007451,-0.007369,0.498477,0.481121,0.013596,0.0,0.007795,0.001949,371.5,True,6,19009,ctrl-random-tf30-s1|+5,
sweep_rev,30,pm,apex,100,408,387,387.0,0.331303,0.331303,0.366626,0.028707,-0.035323,0.501157,0.54324,0.004657,0.0,0.36285,-0.031547,346.7,True,6,19009,ctrl-random-tf30-s1|+5,
sweep_rev,30,pm,lucid,20,408,387,387.0,0.010962,0.010962,0.008831,0.00351,0.002132,0.251401,0.288672,0.004657,0.0,0.011084,-0.000122,346.7,True,6,19009,ctrl-random-tf30-s1|+5,
tema_slope,1,asia,apex,100,2469,823,823.0,0.058465,0.058465,0.036419,0.007783,0.022046,0.950487,0.924482,0.000203,0.0,0.043118,0.015347,802.7,True,6,73703,ctrl-random-tf1-s1|+5,
tema_slope,1,asia,lucid,40,2469,823,823.0,0.003654,0.003654,0.001157,0.001744,0.002497,0.668575,0.563946,0.000203,0.0,0.003289,0.000365,802.7,True,6,73703,ctrl-random-tf1-s1|+5,
tema_slope,1,london,apex,100,2469,823,823.0,0.17905,0.17905,0.17771,0.018092,0.00134,0.807856,0.801462,4.1e-05,0.0,0.204385,-0.025335,801.1,True,6,73703,ctrl-random-tf1-s1|+5,
tema_slope,1,london,lucid,40,2469,823,823.0,0.019488,0.019488,0.01151,0.004,0.007978,0.698843,0.660171,4.1e-05,0.0,0.019976,-0.000487,801.1,True,6,73703,ctrl-random-tf1-s1|+5,
tema_slope,1,nyam,apex,100,2456,823,823.0,0.425091,0.425091,0.391291,0.021369,0.0338,0.607247,0.572473,0.000102,0.0,0.381121,0.043971,799.7,True,6,73703,ctrl-random-tf1-s1|+5,
tema_slope,1,nyam,lucid,40,2456,823,823.0,0.058465,0.058465,0.039586,0.009844,0.018879,0.806212,0.767357,0.000102,0.0,0.048234,0.010231,799.7,True,6,73703,ctrl-random-tf1-s1|+5,
tema_slope,1,mid,apex,100,2464,823,823.0,0.472594,0.472594,0.373386,0.019438,0.099208,0.622533,0.522533,0.000629,0.0,0.336784,0.13581,800.6,True,6,73703,ctrl-random-tf1-s1|+5,
tema_slope,1,mid,lucid,40,2464,823,823.0,0.048721,0.048721,0.033435,0.010578,0.015286,0.806273,0.749086,0.000629,0.0,0.033618,0.015104,800.6,True,6,73703,ctrl-random-tf1-s1|+5,
tema_slope,1,pm,apex,100,2447,816,816.0,0.389769,0.389769,0.326979,0.016074,0.062789,0.663886,0.595615,0.000143,0.0,0.329842,0.059927,795.3,True,6,73703,ctrl-random-tf1-s1|+5,
tema_slope,1,pm,lucid,40,2447,816,816.0,0.052375,0.052375,0.030512,0.010187,0.021864,0.754202,0.7162,0.000143,0.0,0.036175,0.0162,795.3,True,6,73703,ctrl-random-tf1-s1|+5,
tema_slope,5,asia,apex,100,2010,819,819.0,0.170524,0.170524,0.150305,0.018558,0.020219,0.826979,0.797808,0.011144,0.0,0.193666,-0.023143,773.4,True,6,54398,ctrl-random-tf5-s1|+5,
tema_slope,5,asia,lucid,40,2010,819,819.0,0.01218,0.01218,0.010901,0.004338,0.001279,0.663642,0.609013,0.011144,0.0,0.01754,-0.005359,773.4,True,6,54398,ctrl-random-tf5-s1|+5,
tema_slope,5,london,apex,100,2380,823,823.0,0.399513,0.399513,0.364007,0.012398,0.035505,0.632034,0.599269,0.001576,0.0,0.359927,0.039586,796.4,True,6,54398,ctrl-random-tf5-s1|+5,
tema_slope,5,london,lucid,40,2380,823,823.0,0.058465,0.058465,0.03514,0.008723,0.023325,0.758587,0.730816,0.001576,0.0,0.044823,0.013642,796.4,True,6,54398,ctrl-random-tf5-s1|+5,
tema_slope,5,nyam,apex,100,1541,780,780.0,0.471376,0.471376,0.386175,0.021091,0.085201,0.613155,0.527406,0.019598,0.0,0.414982,0.056395,725.0,True,6,54398,ctrl-random-tf5-s1|+5,
tema_slope,5,nyam,lucid,40,1541,780,780.0,0.095006,0.095006,0.051583,0.012856,0.043423,0.776431,0.663825,0.019598,0.0,0.062363,0.032643,725.0,True,6,54398,ctrl-random-tf5-s1|+5,
tema_slope,5,mid,apex,100,1437,820,820.0,0.383678,0.383678,0.312058,0.019435,0.07162,0.687698,0.616322,0.071229,7e-05,0.383069,0.000609,715.8,True,6,54398,ctrl-random-tf5-s1|+5,
tema_slope,5,mid,lucid,40,1437,820,820.0,0.070646,0.070646,0.038063,0.012552,0.032582,0.835627,0.758831,0.071229,7e-05,0.049817,0.020828,715.8,True,6,54398,ctrl-random-tf5-s1|+5,
tema_slope,5,pm,apex,100,1571,812,812.0,0.437272,0.437272,0.368819,0.009154,0.068453,0.630999,0.562728,0.050541,0.0,0.422046,0.015225,726.8,True,6,54398,ctrl-random-tf5-s1|+5,
tema_slope,5,pm,lucid,40,1571,812,812.0,0.084044,0.084044,0.048417,0.009392,0.035627,0.801644,0.741778,0.050541,0.0,0.059805,0.024239,726.8,True,6,54398,ctrl-random-tf5-s1|+5,
tema_slope,15,asia,apex,100,542,464,464.0,0.177832,0.177832,0.125274,0.013007,0.052558,0.589586,0.397077,0.033764,0.0,0.17771,0.000122,416.9,True,6,31451,ctrl-random-tf15-s1|+5,
tema_slope,15,asia,lucid,40,542,464,464.0,0.004872,0.004872,0.006334,0.002609,-0.001462,0.221133,0.135201,0.033764,0.0,0.009257,-0.004385,416.9,True,6,31451,ctrl-random-tf15-s1|+5,
tema_slope,15,london,apex,100,1587,814,814.0,0.414129,0.414129,0.331181,0.017901,0.082948,0.667479,0.580999,0.026941,0.000126,0.351401,0.062728,736.2,True,6,31451,ctrl-random-tf15-s1|+5,
tema_slope,15,london,lucid,40,1587,814,814.0,0.073082,0.073082,0.042814,0.007877,0.030268,0.770219,0.679659,0.026941,0.000126,0.038611,0.03447,736.2,True,6,31451,ctrl-random-tf15-s1|+5,
tema_slope,15,nyam,apex,100,812,579,579.0,0.426309,0.426309,0.343605,0.020621,0.082704,0.639281,0.557856,0.068727,0.000123,0.376248,0.050061,550.5,True,6,31451,ctrl-random-tf15-s1|+5,
tema_slope,15,nyam,lucid,40,812,579,579.0,0.063337,0.063337,0.029659,0.007946,0.033678,0.650061,0.579781,0.068727,0.000123,0.041291,0.022046,550.5,True,6,31451,ctrl-random-tf15-s1|+5,
tema_slope,15,mid,apex,100,722,633,633.0,0.341048,0.341048,0.355177,0.020593,-0.014129,0.625579,0.630938,0.049384,0.000139,0.353715,-0.012667,518.1,True,6,31451,ctrl-random-tf15-s1|+5,
tema_slope,15,mid,lucid,40,722,633,633.0,0.034105,0.034105,0.036906,0.007092,-0.002801,0.637211,0.584653,0.049384,0.000139,0.019732,0.014373,518.1,True,6,31451,ctrl-random-tf15-s1|+5,
tema_slope,15,pm,apex,100,762,642,642.0,0.367844,0.367844,0.363703,0.020931,0.004141,0.627223,0.621194,0.048435,0.000197,0.405238,-0.037393,535.3,True,6,31451,ctrl-random-tf15-s1|+5,
tema_slope,15,pm,lucid,40,762,642,642.0,0.047503,0.047503,0.044093,0.008304,0.00341,0.664434,0.61754,0.048435,0.000197,0.036175,0.011328,535.3,True,6,31451,ctrl-random-tf15-s1|+5,
tema_slope,30,london,apex,100,808,652,652.0,0.393423,0.393423,0.316809,0.025322,0.076614,0.667113,0.587089,0.038663,0.0013,0.30877,0.084653,549.2,True,6,19009,ctrl-random-tf30-s1|+5,
tema_slope,30,london,lucid,40,808,652,652.0,0.052375,0.052375,0.031486,0.008936,0.020889,0.619428,0.527406,0.038663,0.0013,0.021803,0.030572,549.2,True,6,19009,ctrl-random-tf30-s1|+5,
tema_slope,30,nyam,apex,100,456,390,390.0,0.367844,0.367844,0.34123,0.019558,0.026614,0.559135,0.512789,0.078947,0.0,0.331181,0.036663,365.6,True,6,19009,ctrl-random-tf30-s1|+5,
tema_slope,30,nyam,lucid,40,456,390,390.0,0.014616,0.014616,0.019915,0.005379,-0.005298,0.483618,0.43849,0.078947,0.0,0.009866,0.00475,365.6,True,6,19009,ctrl-random-tf30-s1|+5,
tema_slope,30,mid,apex,100,422,380,380.0,0.321559,0.321559,0.334044,0.023309,-0.012485,0.537576,0.507917,0.046564,0.0,0.288429,0.03313,346.1,True,6,19009,ctrl-random-tf30-s1|+5,
tema_slope,30,mid,lucid,40,422,380,380.0,0.009744,0.009744,0.013398,0.005941,-0.003654,0.470219,0.399513,0.046564,0.0,0.006577,0.003167,346.1,True,6,19009,ctrl-random-tf30-s1|+5,
tema_slope,30,pm,apex,100,433,395,395.0,0.377588,0.377588,0.352619,0.024522,0.02497,0.542814,0.53106,0.022171,0.0,0.369671,0.007917,364.0,True,6,19009,ctrl-random-tf30-s1|+5,
tema_slope,30,pm,lucid,40,433,395,395.0,0.024361,0.024361,0.019062,0.005508,0.005298,0.494945,0.464068,0.022171,0.0,0.019367,0.004994,364.0,True,6,19009,ctrl-random-tf30-s1|+5,
tod_drift,1,london,apex,100,823,823,823.0,0.06821,0.06821,0.078502,0.013216,-0.010292,0.656029,0.633374,0.0,0.0,0.096224,-0.028015,823.0,True,3,12324,ctrl-randomtod-tf1-s1|+2,
tod_drift,1,london,lucid,40,823,823,823.0,0.002436,0.002436,0.00475,0.002981,-0.002314,0.096407,0.121803,0.0,0.0,0.010962,-0.008526,823.0,True,3,12324,ctrl-randomtod-tf1-s1|+2,
tod_drift,1,nyam,apex,100,823,823,823.0,0.237515,0.237515,0.198356,0.017683,0.03916,0.753532,0.733252,0.0,0.0,0.198538,0.038977,823.0,True,3,12324,ctrl-randomtod-tf1-s1|+2,
tod_drift,1,nyam,lucid,40,823,823,823.0,0.019488,0.019488,0.014677,0.005099,0.004811,0.41486,0.36419,0.0,0.0,0.008526,0.010962,823.0,True,3,12324,ctrl-randomtod-tf1-s1|+2,
tod_drift,1,mid,apex,100,823,823,823.0,0.17905,0.17905,0.168575,0.01443,0.010475,0.716809,0.688185,0.0,0.0,0.209501,-0.030451,823.0,True,3,12324,ctrl-randomtod-tf1-s1|+2,
tod_drift,1,mid,lucid,40,823,823,823.0,0.008526,0.008526,0.011389,0.003585,-0.002862,0.310536,0.305725,0.0,0.0,0.015834,-0.007308,823.0,True,3,12324,ctrl-randomtod-tf1-s1|+2,
tod_drift,1,pm,apex,100,816,816,816.0,0.126675,0.126675,0.15341,0.012349,-0.026736,0.668088,0.674787,0.0,0.0,0.192448,-0.065773,816.0,True,3,12324,ctrl-randomtod-tf1-s1|+2,
tod_drift,1,pm,lucid,40,816,816,816.0,0.004872,0.004872,0.007125,0.003168,-0.002253,0.204263,0.18514,0.0,0.0,0.007308,-0.002436,816.0,True,3,12324,ctrl-randomtod-tf1-s1|+2,
tod_drift,5,london,apex,100,823,823,823.0,0.205847,0.205847,0.202862,0.01579,0.002984,0.724239,0.696711,0.0,0.0,0.237515,-0.031669,822.0,True,3,12060,ctrl-randomtod-tf5-s1|+2,
tod_drift,5,london,lucid,40,823,823,823.0,0.020706,0.020706,0.019306,0.006616,0.001401,0.348173,0.372716,0.0,0.0,0.031669,-0.010962,822.0,True,3,12060,ctrl-randomtod-tf5-s1|+2,
tod_drift,5,nyam,apex,100,823,823,823.0,0.292326,0.292326,0.283374,0.016092,0.008952,0.7162,0.704019,0.0,0.0,0.316687,-0.024361,675.0,True,3,12060,ctrl-randomtod-tf5-s1|+2,
tod_drift,5,nyam,lucid,40,823,823,823.0,0.040195,0.040195,0.032521,0.005714,0.007674,0.666443,0.607795,0.0,0.0,0.024361,0.015834,675.0,True,3,12060,ctrl-randomtod-tf5-s1|+2,
tod_drift,5,mid,apex,100,823,823,823.0,0.415347,0.415347,0.339525,0.017396,0.075822,0.647077,0.578563,0.0,0.0,0.348356,0.066991,779.0,True,3,12060,ctrl-randomtod-tf5-s1|+2,
tod_drift,5,mid,lucid,40,823,823,823.0,0.115713,0.115713,0.04732,0.009462,0.068392,0.588368,0.562728,0.0,0.0,0.047503,0.06821,779.0,True,3,12060,ctrl-randomtod-tf5-s1|+2,
tod_drift,5,pm,apex,100,816,816,816.0,0.34592,0.34592,0.321985,0.014945,0.023934,0.662789,0.632156,0.0,0.0,0.294762,0.051157,779.0,True,3,12060,ctrl-randomtod-tf5-s1|+2,
tod_drift,5,pm,lucid,40,816,816,816.0,0.060901,0.060901,0.041596,0.009312,0.019306,0.527101,0.503045,0.0,0.0,0.030451,0.030451,779.0,True,3,12060,ctrl-randomtod-tf5-s1|+2,
tod_drift,15,london,apex,100,823,823,823.0,0.263094,0.263094,0.274117,0.021798,-0.011023,0.712119,0.721072,0.0,0.0,0.246041,0.017052,720.0,True,3,10757,ctrl-randomtod-tf15-s1|+2,
tod_drift,15,london,lucid,40,823,823,823.0,0.024361,0.024361,0.029781,0.007908,-0.00542,0.526553,0.559074,0.0,0.0,0.028015,-0.003654,720.0,True,3,10757,ctrl-randomtod-tf15-s1|+2,
tod_drift,15,nyam,apex,40,823,823,823.0,0.258222,0.258222,0.3,0.021256,-0.041778,0.633009,0.705238,0.001215,0.0,0.163216,0.095006,342.0,True,3,10757,ctrl-randomtod-tf15-s1|+2,
tod_drift,15,nyam,lucid,20,823,823,823.0,0.034105,0.034105,0.035384,0.009128,-0.001279,0.444945,0.542022,0.001215,0.0,0.0,0.034105,342.0,True,3,10757,ctrl-randomtod-tf15-s1|+2,
tod_drift,15,mid,apex,100,823,823,823.0,0.388551,0.388551,0.396041,0.018465,-0.007491,0.602741,0.607795,0.0,0.0,0.356882,0.031669,516.0,True,3,10757,ctrl-randomtod-tf15-s1|+2,
tod_drift,15,mid,lucid,40,823,823,823.0,0.075518,0.075518,0.063946,0.013485,0.011571,0.682034,0.727162,0.0,0.0,0.032887,0.042631,516.0,True,3,10757,ctrl-randomtod-tf15-s1|+2,
tod_drift,15,pm,apex,100,816,816,816.0,0.423873,0.423873,0.376857,0.017104,0.047016,0.620158,0.571255,0.0,0.0,0.331303,0.09257,506.0,True,3,10757,ctrl-randomtod-tf15-s1|+2,
tod_drift,15,pm,lucid,40,816,816,816.0,0.060901,0.060901,0.048782,0.012203,0.012119,0.691413,0.624848,0.0,0.0,0.014616,0.046285,506.0,True,3,10757,ctrl-randomtod-tf15-s1|+2,
tod_drift,30,london,apex,100,823,823,823.0,0.332521,0.332521,0.328319,0.018021,0.004202,0.668636,0.662607,0.0,0.0,0.292326,0.040195,530.0,True,3,8911,ctrl-randomtod-tf30-s1|+2,
tod_drift,30,london,lucid,40,823,823,823.0,0.043849,0.043849,0.052862,0.008902,-0.009013,0.620524,0.604141,0.0,0.0,0.032887,0.010962,530.0,True,3,8911,ctrl-randomtod-tf30-s1|+2,
tod_drift,30,nyam,apex,100,823,823,823.0,0.309379,0.309379,0.351462,0.015149,-0.042083,0.648356,0.690621,0.048603,0.0,0.227771,0.081608,172.0,True,3,8911,ctrl-randomtod-tf30-s1|+2,
tod_drift,30,nyam,lucid,40,823,823,823.0,0.052375,0.052375,0.042875,0.007196,0.009501,0.728928,0.768575,0.048603,0.0,0.002436,0.049939,172.0,True,3,8911,ctrl-randomtod-tf30-s1|+2,
tod_drift,30,mid,apex,100,823,823,823.0,0.395859,0.395859,0.367905,0.01739,0.027954,0.630938,0.604141,0.00243,0.0,0.338611,0.057247,294.0,True,3,8911,ctrl-randomtod-tf30-s1|+2,
tod_drift,30,mid,lucid,40,823,823,823.0,0.065773,0.065773,0.049452,0.011096,0.016322,0.730633,0.729598,0.00243,0.0,0.013398,0.052375,294.0,True,3,8911,ctrl-randomtod-tf30-s1|+2,
tod_drift,30,pm,apex,100,816,816,816.0,0.416565,0.416565,0.427832,0.013937,-0.011267,0.570767,0.583435,0.001225,0.0,0.315469,0.101096,291.0,True,3,8911,ctrl-randomtod-tf30-s1|+2,
tod_drift,30,pm,lucid,40,816,816,816.0,0.054811,0.054811,0.077162,0.009984,-0.022351,0.665164,0.723508,0.001225,0.0,0.01218,0.042631,291.0,True,3,8911,ctrl-randomtod-tf30-s1|+2,
vwap_band,1,asia,apex,100,2422,821,821.0,0.046285,0.046285,0.035323,0.009615,0.010962,0.950792,0.915956,0.000103,0.0,0.043362,0.002923,800.5,True,6,73703,ctrl-random-tf1-s1|+5,
vwap_band,1,asia,lucid,10,2422,821,821.0,0.0,0.0,0.0,0.0,0.0,0.000426,0.0,0.000103,0.0,0.0,0.0,800.5,True,6,73703,ctrl-random-tf1-s1|+5,
vwap_band,1,london,apex,100,2409,816,816.0,0.243605,0.243605,0.173264,0.019254,0.070341,0.808039,0.706456,6.2e-05,0.0,0.199147,0.044458,798.2,True,6,73703,ctrl-random-tf1-s1|+5,
vwap_band,1,london,lucid,40,2409,816,816.0,0.014616,0.014616,0.013155,0.006231,0.001462,0.677954,0.528624,6.2e-05,0.0,0.019976,-0.005359,798.2,True,6,73703,ctrl-random-tf1-s1|+5,
vwap_band,1,nyam,apex,100,2159,813,813.0,0.410475,0.410475,0.378502,0.018425,0.031973,0.618331,0.588307,4.6e-05,0.0,0.375274,0.035201,784.0,True,6,73703,ctrl-random-tf1-s1|+5,
vwap_band,1,nyam,lucid,40,2159,813,813.0,0.036541,0.036541,0.042387,0.011272,-0.005847,0.769062,0.752741,4.6e-05,0.0,0.050426,-0.013886,784.0,True,6,73703,ctrl-random-tf1-s1|+5,
vwap_band,1,mid,apex,100,2314,820,820.0,0.434836,0.434836,0.357613,0.015261,0.077223,0.639586,0.565164,0.00067,0.0,0.332887,0.101949,794.6,True,6,73703,ctrl-random-tf1-s1|+5,
vwap_band,1,mid,lucid,40,2314,820,820.0,0.054811,0.054811,0.030877,0.008226,0.023934,0.802132,0.730816,0.00067,0.0,0.03447,0.020341,794.6,True,6,73703,ctrl-random-tf1-s1|+5,
vwap_band,1,pm,apex,100,2333,812,812.0,0.397077,0.397077,0.319732,0.022768,0.077345,0.672412,0.598051,0.00015,0.0,0.329842,0.067235,790.1,True,6,73703,ctrl-random-tf1-s1|+5,
vwap_band,1,pm,lucid,40,2333,812,812.0,0.030451,0.030451,0.028989,0.010586,0.001462,0.750487,0.696711,0.00015,0.0,0.036663,-0.006212,790.1,True,6,73703,ctrl-random-tf1-s1|+5,
vwap_band,5,asia,apex,100,1519,762,762.0,0.181486,0.181486,0.164677,0.01462,0.016809,0.770889,0.760049,0.003818,0.0,0.186114,-0.004629,717.0,True,6,54398,ctrl-random-tf5-s1|+5,
vwap_band,5,asia,lucid,40,1519,762,762.0,0.013398,0.013398,0.011815,0.006507,0.001583,0.470706,0.433618,0.003818,0.0,0.016443,-0.003045,717.0,True,6,54398,ctrl-random-tf5-s1|+5,
vwap_band,5,london,apex,100,1705,767,767.0,0.388551,0.388551,0.343301,0.024425,0.04525,0.647686,0.606577,0.000938,0.0,0.343605,0.044945,742.4,True,6,54398,ctrl-random-tf5-s1|+5,
vwap_band,5,london,lucid,40,1705,767,767.0,0.058465,0.058465,0.04257,0.012273,0.015895,0.664312,0.643118,0.000938,0.0,0.042875,0.015591,742.4,True,6,54398,ctrl-random-tf5-s1|+5,
vwap_band,5,nyam,apex,100,839,614,614.0,0.332521,0.332521,0.3757,0.019985,-0.043179,0.615104,0.656516,0.00298,0.0,0.366017,-0.033496,544.6,True,6,54398,ctrl-random-tf5-s1|+5,
vwap_band,5,nyam,lucid,40,839,614,614.0,0.051157,0.051157,0.044884,0.009714,0.006273,0.598051,0.622412,0.00298,0.0,0.035932,0.015225,544.6,True,6,54398,ctrl-random-tf5-s1|+5,
vwap_band,5,mid,apex,100,1024,689,689.0,0.395859,0.395859,0.313155,0.020704,0.082704,0.683557,0.595615,0.026615,0.000146,0.356151,0.039708,617.8,True,6,54398,ctrl-random-tf5-s1|+5,
vwap_band,5,mid,lucid,40,1024,689,689.0,0.048721,0.048721,0.035323,0.011716,0.013398,0.736602,0.616322,0.026615,0.000146,0.034836,0.013886,617.8,True,6,54398,ctrl-random-tf5-s1|+5,
vwap_band,5,pm,apex,100,1100,696,696.0,0.416565,0.416565,0.386236,0.019687,0.030329,0.610475,0.578563,0.019545,0.0,0.394275,0.02229,634.8,True,6,54398,ctrl-random-tf5-s1|+5,
vwap_band,5,pm,lucid,40,1100,696,696.0,0.071864,0.071864,0.057613,0.013866,0.014251,0.669549,0.665043,0.019545,0.0,0.048721,0.023143,634.8,True,6,54398,ctrl-random-tf5-s1|+5,
vwap_band,15,asia,apex,100,542,474,474.0,0.188794,0.188794,0.194032,0.02246,-0.005238,0.525335,0.522533,0.011531,0.0,0.17771,0.011084,416.9,True,6,31451,ctrl-random-tf15-s1|+5,
vwap_band,15,asia,lucid,40,542,474,474.0,0.014616,0.014616,0.01078,0.003541,0.003837,0.19659,0.168088,0.011531,0.0,0.009257,0.005359,416.9,True,6,31451,ctrl-random-tf15-s1|+5,
vwap_band,15,london,apex,100,756,568,568.0,0.330085,0.330085,0.327223,0.029385,0.002862,0.638246,0.622412,0.004101,0.0,0.29525,0.034836,511.4,True,6,31451,ctrl-random-tf15-s1|+5,
vwap_band,15,london,lucid,40,756,568,568.0,0.029233,0.029233,0.0338,0.00582,-0.004568,0.490926,0.472594,0.004101,0.0,0.021559,0.007674,511.4,True,6,31451,ctrl-random-tf15-s1|+5,
vwap_band,15,nyam,apex,100,181,181,181.0,0.108404,0.108404,0.213033,0.022988,-0.104629,0.359866,0.338611,0.0,0.0,0.204872,-0.096468,172.2,True,6,31451,ctrl-random-tf15-s1|+5,
vwap_band,15,nyam,lucid,40,181,181,181.0,0.001218,0.001218,0.002192,0.002487,-0.000974,0.187028,0.171742,0.0,0.0,0.001583,-0.000365,172.2,True,6,31451,ctrl-random-tf15-s1|+5,
vwap_band,15,mid,apex,100,415,394,394.0,0.331303,0.331303,0.341535,0.030911,-0.010231,0.535079,0.503045,0.01,0.0,0.294762,0.036541,340.3,True,6,31451,ctrl-random-tf15-s1|+5,
vwap_band,15,mid,lucid,40,415,394,394.0,0.004872,0.004872,0.016139,0.007046,-0.011267,0.453593,0.392205,0.01,0.0,0.006699,-0.001827,340.3,True,6,31451,ctrl-random-tf15-s1|+5,
vwap_band,15,pm,apex,100,385,360,360.0,0.287454,0.287454,0.349817,0.024867,-0.062363,0.490378,0.494519,0.017403,0.0,0.3162,-0.028745,316.0,True,6,31451,ctrl-random-tf15-s1|+5,
vwap_band,15,pm,lucid,40,385,360,360.0,0.010962,0.010962,0.019428,0.00522,-0.008465,0.431486,0.423873,0.017403,0.0,0.010353,0.000609,316.0,True,6,31451,ctrl-random-tf15-s1|+5,
vwap_band,30,asia,apex,100,169,169,169.0,0.077954,0.077954,0.105177,0.015868,-0.027223,0.225944,0.164434,0.0,0.0,0.077223,0.000731,155.8,True,6,19009,ctrl-random-tf30-s1|+5,
vwap_band,30,asia,lucid,10,169,169,169.0,0.0,0.0,0.0,0.0,0.0,0.0,0.0,0.0,0.0,0.0,0.0,155.8,True,6,19009,ctrl-random-tf30-s1|+5,
vwap_band,30,london,apex,100,338,316,316.0,0.237515,0.237515,0.272594,0.03108,-0.035079,0.525944,0.448234,0.006065,0.0,0.221315,0.0162,289.4,True,6,19009,ctrl-random-tf30-s1|+5,
vwap_band,30,london,lucid,40,338,316,316.0,0.009744,0.009744,0.006882,0.003877,0.002862,0.306151,0.211937,0.006065,0.0,0.004019,0.005725,289.4,True,6,19009,ctrl-random-tf30-s1|+5,
vwap_band,30,mid,apex,100,83,83,83.0,0.097442,0.097442,0.121376,0.017972,-0.023934,0.19257,0.165652,0.0,0.0,0.098904,-0.001462,78.9,True,6,19009,ctrl-random-tf30-s1|+5,
vwap_band,30,mid,lucid,10,83,83,83.0,0.0,0.0,0.0,0.0,0.0,0.003715,0.0,0.0,0.0,0.0,0.0,78.9,True,6,19009,ctrl-random-tf30-s1|+5,
vwap_band,30,pm,apex,100,64,64,64.0,0.06821,0.06821,0.119306,0.013907,-0.051096,0.148782,0.121803,0.0,0.0,0.10341,-0.035201,62.8,True,6,19009,ctrl-random-tf30-s1|+5,
vwap_band,30,pm,lucid,10,64,64,64.0,0.0,0.0,0.0,0.0,0.0,0.000853,0.0,0.0,0.0,0.0,0.0,62.8,True,6,19009,ctrl-random-tf30-s1|+5,
vwap_flip,1,asia,apex,100,2404,822,822.0,0.037759,0.037759,0.036175,0.007059,0.001583,0.947868,0.947625,0.000146,0.0,0.043362,-0.005603,800.2,True,6,73703,ctrl-random-tf1-s1|+5,
vwap_flip,1,asia,lucid,10,2404,822,822.0,0.0,0.0,0.0,0.0,0.0,0.000914,0.0,0.000146,0.0,0.0,0.0,800.2,True,6,73703,ctrl-random-tf1-s1|+5,
vwap_flip,1,london,apex,100,2409,821,821.0,0.228989,0.228989,0.169549,0.016263,0.05944,0.813642,0.74665,4.2e-05,0.0,0.199147,0.029842,798.2,True,6,73703,ctrl-random-tf1-s1|+5,
vwap_flip,1,london,lucid,40,2409,821,821.0,0.028015,0.028015,0.013946,0.005747,0.014068,0.6838,0.639464,4.2e-05,0.0,0.019976,0.008039,798.2,True,6,73703,ctrl-random-tf1-s1|+5,
vwap_flip,1,nyam,apex,100,2101,804,804.0,0.454324,0.454324,0.372473,0.020094,0.081851,0.625579,0.545676,0.000143,0.0,0.3743,0.080024,780.4,True,6,73703,ctrl-random-tf1-s1|+5,
vwap_flip,1,nyam,lucid,40,2101,804,804.0,0.0743,0.0743,0.039099,0.012484,0.035201,0.785018,0.742996,0.000143,0.0,0.050792,0.023508,780.4,True,6,73703,ctrl-random-tf1-s1|+5,
vwap_flip,1,mid,apex,100,2207,814,814.0,0.416565,0.416565,0.349878,0.020511,0.066687,0.645798,0.577345,0.000657,0.0,0.333618,0.082948,788.0,True,6,73703,ctrl-random-tf1-s1|+5,
vwap_flip,1,mid,lucid,40,2207,814,814.0,0.054811,0.054811,0.034105,0.009752,0.020706,0.787393,0.749086,0.000657,0.0,0.036175,0.018636,788.0,True,6,73703,ctrl-random-tf1-s1|+5,
vwap_flip,1,pm,apex,100,2299,813,813.0,0.347138,0.347138,0.319854,0.018461,0.027284,0.672716,0.644336,0.000261,0.0,0.328745,0.018392,788.3,True,6,73703,ctrl-random-tf1-s1|+5,
vwap_flip,1,pm,lucid,40,2299,813,813.0,0.031669,0.031669,0.033557,0.006918,-0.001888,0.743849,0.738124,0.000261,0.0,0.037393,-0.005725,788.3,True,6,73703,ctrl-random-tf1-s1|+5,
vwap_flip,5,asia,apex,100,1887,807,807.0,0.186358,0.186358,0.158283,0.015898,0.028076,0.805542,0.760049,0.011208,0.0,0.196955,-0.010597,762.2,True,6,54398,ctrl-random-tf5-s1|+5,
vwap_flip,5,asia,lucid,40,1887,807,807.0,0.024361,0.024361,0.013642,0.005008,0.010719,0.619793,0.584653,0.011208,0.0,0.018758,0.005603,762.2,True,6,54398,ctrl-random-tf5-s1|+5,
vwap_flip,5,london,apex,100,1948,810,810.0,0.4324,0.4324,0.338672,0.020574,0.093727,0.656638,0.559074,0.002002,0.0,0.352619,0.079781,767.8,True,6,54398,ctrl-random-tf5-s1|+5,
vwap_flip,5,london,lucid,40,1948,810,810.0,0.079172,0.079172,0.039769,0.009976,0.039403,0.732948,0.714982,0.002002,0.0,0.04665,0.032521,767.8,True,6,54398,ctrl-random-tf5-s1|+5,
vwap_flip,5,nyam,apex,100,1084,710,710.0,0.416565,0.416565,0.359988,0.01752,0.056577,0.637333,0.577345,0.012454,0.0,0.388063,0.028502,624.2,True,6,54398,ctrl-random-tf5-s1|+5,
vwap_flip,5,nyam,lucid,40,1084,710,710.0,0.091352,0.091352,0.050183,0.010172,0.041169,0.703228,0.65408,0.012454,0.0,0.051644,0.039708,624.2,True,6,54398,ctrl-random-tf5-s1|+5,
vwap_flip,5,mid,apex,100,1249,777,777.0,0.401949,0.401949,0.29123,0.021204,0.110719,0.708465,0.595615,0.080374,0.00036,0.373447,0.028502,675.6,True,6,54398,ctrl-random-tf5-s1|+5,
vwap_flip,5,mid,lucid,40,1249,777,777.0,0.08039,0.08039,0.030451,0.00999,0.049939,0.820524,0.683313,0.080374,0.00036,0.043849,0.036541,675.6,True,6,54398,ctrl-random-tf5-s1|+5,
vwap_flip,5,pm,apex,100,1377,785,785.0,0.465286,0.465286,0.351096,0.015406,0.11419,0.648295,0.534714,0.043246,0.0,0.409379,0.055907,694.7,True,6,54398,ctrl-random-tf5-s1|+5,
vwap_flip,5,pm,lucid,40,1377,785,785.0,0.112058,0.112058,0.050365,0.00996,0.061693,0.779294,0.657734,0.043246,0.0,0.057247,0.054811,694.7,True,6,54398,ctrl-random-tf5-s1|+5,
vwap_flip,15,asia,apex,100,894,698,698.0,0.238733,0.238733,0.202862,0.023227,0.035871,0.677101,0.650426,0.04038,0.0,0.219488,0.019245,576.7,True,6,31451,ctrl-random-tf15-s1|+5,
vwap_flip,15,asia,lucid,40,894,698,698.0,0.032887,0.032887,0.017479,0.00813,0.015408,0.37497,0.338611,0.04038,0.0,0.017174,0.015713,576.7,True,6,31451,ctrl-random-tf15-s1|+5,
vwap_flip,15,london,apex,100,1241,762,762.0,0.433618,0.433618,0.314555,0.017432,0.119062,0.681669,0.551766,0.020429,8.1e-05,0.335445,0.098173,671.7,True,6,31451,ctrl-random-tf15-s1|+5,
vwap_flip,15,london,lucid,40,1241,762,762.0,0.091352,0.091352,0.038063,0.010654,0.053289,0.707552,0.582217,0.020429,8.1e-05,0.036663,0.054689,671.7,True,6,31451,ctrl-random-tf15-s1|+5,
vwap_flip,15,nyam,apex,100,299,299,299.0,0.221681,0.221681,0.308161,0.018878,-0.08648,0.473203,0.392205,0.0,0.0,0.269062,-0.047381,259.6,True,6,31451,ctrl-random-tf15-s1|+5,
vwap_flip,15,nyam,lucid,40,299,299,299.0,0.017052,0.017052,0.01419,0.006113,0.002862,0.31218,0.238733,0.0,0.0,0.006334,0.010719,259.6,True,6,31451,ctrl-random-tf15-s1|+5,
vwap_flip,15,mid,apex,100,658,604,604.0,0.347138,0.347138,0.378258,0.023051,-0.031121,0.596407,0.613886,0.034498,0.0,0.343362,0.003776,485.4,True,6,31451,ctrl-random-tf15-s1|+5,
vwap_flip,15,mid,lucid,40,658,604,604.0,0.040195,0.040195,0.04123,0.009913,-0.001035,0.600487,0.55542,0.034498,0.0,0.0162,0.023995,485.4,True,6,31451,ctrl-random-tf15-s1|+5,
vwap_flip,15,pm,apex,100,624,586,586.0,0.354446,0.354446,0.371498,0.02558,-0.017052,0.609501,0.627284,0.024359,0.0,0.383922,-0.029476,465.6,True,6,31451,ctrl-random-tf15-s1|+5,
vwap_flip,15,pm,lucid,40,624,586,586.0,0.025579,0.025579,0.033009,0.011541,-0.00743,0.613337,0.516443,0.024359,0.0,0.022777,0.002801,465.6,True,6,31451,ctrl-random-tf15-s1|+5,
vwap_flip,30,asia,apex,100,274,274,274.0,0.112058,0.112058,0.149269,0.020245,-0.037211,0.334287,0.323995,0.0,0.0,0.110719,0.00134,241.4,True,6,19009,ctrl-random-tf30-s1|+5,
vwap_flip,30,asia,lucid,10,274,274,274.0,0.0,0.0,6.1e-05,0.000272,-6.1e-05,0.000244,0.0,0.0,0.0,0.0,0.0,241.4,True,6,19009,ctrl-random-tf30-s1|+5,
vwap_flip,30,london,apex,100,688,613,613.0,0.341048,0.341048,0.325761,0.018146,0.015286,0.645493,0.621194,0.020203,0.0,0.301949,0.039099,495.5,True,6,19009,ctrl-random-tf30-s1|+5,
vwap_flip,30,london,lucid,40,688,613,613.0,0.014616,0.014616,0.035079,0.008555,-0.020463,0.538733,0.443362,0.020203,0.0,0.015469,-0.000853,495.5,True,6,19009,ctrl-random-tf30-s1|+5,
vwap_flip,30,mid,apex,100,148,148,148.0,0.101096,0.101096,0.208709,0.020893,-0.107613,0.278928,0.248477,0.0,0.0,0.150426,-0.04933,137.8,True,6,19009,ctrl-random-tf30-s1|+5,
vwap_flip,30,mid,lucid,40,148,148,148.0,0.002436,0.002436,0.001035,0.001779,0.001401,0.178928,0.121803,0.0,0.0,0.000853,0.001583,137.8,True,6,19009,ctrl-random-tf30-s1|+5,
vwap_flip,30,pm,apex,100,153,153,153.0,0.141291,0.141291,0.207674,0.023883,-0.066382,0.298112,0.254568,0.0,0.0,0.205359,-0.064068,146.1,True,6,19009,ctrl-random-tf30-s1|+5,
vwap_flip,30,pm,lucid,40,153,153,153.0,0.002436,0.002436,0.001888,0.002514,0.000548,0.219488,0.131547,0.0,0.0,0.000609,0.001827,146.1,True,6,19009,ctrl-random-tf30-s1|+5,
vwap_z,1,asia,apex,100,2441,821,821.0,0.060901,0.060901,0.035445,0.010372,0.025457,0.950914,0.909866,0.000102,0.0,0.043118,0.017783,801.8,True,6,73703,ctrl-random-tf1-s1|+5,
vwap_z,1,asia,lucid,10,2441,821,821.0,0.0,0.0,0.0,0.0,0.0,0.000426,0.0,0.000102,0.0,0.0,0.0,801.8,True,6,73703,ctrl-random-tf1-s1|+5,
vwap_z,1,london,apex,100,2434,816,816.0,0.257004,0.257004,0.174726,0.020032,0.082278,0.805968,0.712546,6.2e-05,0.0,0.202192,0.054811,799.2,True,6,73703,ctrl-random-tf1-s1|+5,
vwap_z,1,london,lucid,40,2434,816,816.0,0.026797,0.026797,0.012911,0.006076,0.013886,0.678989,0.577345,6.2e-05,0.0,0.020219,0.006577,799.2,True,6,73703,ctrl-random-tf1-s1|+5,
vwap_z,1,nyam,apex,100,2278,813,813.0,0.420219,0.420219,0.383618,0.019618,0.036602,0.613337,0.579781,4.4e-05,0.0,0.375761,0.044458,790.5,True,6,73703,ctrl-random-tf1-s1|+5,
vwap_z,1,nyam,lucid,40,2278,813,813.0,0.060901,0.060901,0.041839,0.012795,0.019062,0.786054,0.775883,4.4e-05,0.0,0.049695,0.011206,790.5,True,6,73703,ctrl-random-tf1-s1|+5,
vwap_z,1,mid,apex,100,2364,820,820.0,0.451888,0.451888,0.358404,0.015688,0.093484,0.638672,0.542022,0.000656,0.0,0.333252,0.118636,796.7,True,6,73703,ctrl-random-tf1-s1|+5,
vwap_z,1,mid,lucid,40,2364,820,820.0,0.056029,0.056029,0.031364,0.007123,0.024665,0.811754,0.7162,0.000656,0.0,0.034227,0.021803,796.7,True,6,73703,ctrl-random-tf1-s1|+5,
vwap_z,1,pm,apex,100,2377,813,813.0,0.361754,0.361754,0.321437,0.018649,0.040317,0.671133,0.632156,0.000168,0.0,0.330207,0.031547,792.7,True,6,73703,ctrl-random-tf1-s1|+5,
vwap_z,1,pm,lucid,40,2377,813,813.0,0.026797,0.026797,0.030268,0.010208,-0.003471,0.754385,0.708892,0.000168,0.0,0.037028,-0.010231,792.7,True,6,73703,ctrl-random-tf1-s1|+5,
vwap_z,5,asia,apex,100,1659,769,769.0,0.192448,0.192448,0.156882,0.013205,0.035566,0.791108,0.755177,0.004189,0.0,0.192326,0.000122,737.0,True,6,54398,ctrl-random-tf5-s1|+5,
vwap_z,5,asia,lucid,40,1659,769,769.0,0.010962,0.010962,0.013459,0.006712,-0.002497,0.513764,0.471376,0.004189,0.0,0.016931,-0.005968,737.0,True,6,54398,ctrl-random-tf5-s1|+5,
vwap_z,5,london,apex,100,1828,770,770.0,0.384896,0.384896,0.342875,0.015384,0.042022,0.648843,0.601705,0.000602,0.0,0.345554,0.039342,755.9,True,6,54398,ctrl-random-tf5-s1|+5,
vwap_z,5,london,lucid,40,1828,770,770.0,0.059683,0.059683,0.039342,0.010707,0.020341,0.681973,0.643118,0.000602,0.0,0.044702,0.014982,755.9,True,6,54398,ctrl-random-tf5-s1|+5,
vwap_z,5,nyam,apex,100,979,638,638.0,0.342266,0.342266,0.3824,0.018867,-0.040134,0.609744,0.650426,0.005414,0.0,0.380146,-0.037881,594.2,True,6,54398,ctrl-random-tf5-s1|+5,
vwap_z,5,nyam,lucid,40,979,638,638.0,0.053593,0.053593,0.047808,0.010979,0.005786,0.621194,0.665043,0.005414,0.0,0.0419,0.011693,594.2,True,6,54398,ctrl-random-tf5-s1|+5,
vwap_z,5,mid,apex,100,1083,702,702.0,0.433618,0.433618,0.326188,0.024914,0.10743,0.670889,0.566382,0.025392,0.0,0.36285,0.070767,633.6,True,6,54398,ctrl-random-tf5-s1|+5,
vwap_z,5,mid,lucid,40,1083,702,702.0,0.071864,0.071864,0.038246,0.006641,0.033618,0.732034,0.639464,0.025392,0.0,0.03447,0.037393,633.6,True,6,54398,ctrl-random-tf5-s1|+5,
vwap_z,5,pm,apex,100,1180,709,709.0,0.403167,0.403167,0.385262,0.020054,0.017905,0.612728,0.590743,0.018941,0.0,0.400731,0.002436,654.9,True,6,54398,ctrl-random-tf5-s1|+5,
vwap_z,5,pm,lucid,40,1180,709,709.0,0.070646,0.070646,0.054568,0.011258,0.016078,0.689708,0.656516,0.018941,0.0,0.051888,0.018758,654.9,True,6,54398,ctrl-random-tf5-s1|+5,
vwap_z,15,asia,apex,100,609,514,514.0,0.218027,0.218027,0.209805,0.018943,0.008222,0.555177,0.55542,0.015599,0.0,0.187333,0.030694,455.1,True,6,31451,ctrl-random-tf15-s1|+5,
vwap_z,15,asia,lucid,40,609,514,514.0,0.013398,0.013398,0.015104,0.005174,-0.001705,0.214982,0.20341,0.015599,0.0,0.012424,0.000974,455.1,True,6,31451,ctrl-random-tf15-s1|+5,
vwap_z,15,london,apex,100,864,586,586.0,0.337393,0.337393,0.336054,0.018724,0.00134,0.631425,0.62363,0.005613,0.0,0.306943,0.030451,554.2,True,6,31451,ctrl-random-tf15-s1|+5,
vwap_z,15,london,lucid,40,864,586,586.0,0.028015,0.028015,0.035993,0.010585,-0.007978,0.51821,0.504263,0.005613,0.0,0.025457,0.002558,554.2,True,6,31451,ctrl-random-tf15-s1|+5,
vwap_z,15,nyam,apex,100,281,263,263.0,0.146163,0.146163,0.275213,0.028703,-0.12905,0.469488,0.490865,0.001246,0.0,0.261998,-0.115834,246.5,True,6,31451,ctrl-random-tf15-s1|+5,
vwap_z,15,nyam,lucid,10,281,263,263.0,0.0,0.0,0.00067,0.001279,-0.00067,0.008161,0.010962,0.001246,0.0,0.000731,-0.000731,246.5,True,6,31451,ctrl-random-tf15-s1|+5,
vwap_z,15,mid,apex,100,463,433,433.0,0.355664,0.355664,0.356882,0.023783,-0.001218,0.535993,0.511571,0.019114,0.0,0.309866,0.045798,374.5,True,6,31451,ctrl-random-tf15-s1|+5,
vwap_z,15,mid,lucid,40,463,433,433.0,0.004872,0.004872,0.021072,0.004473,-0.0162,0.472229,0.401949,0.019114,0.0,0.008404,-0.003532,374.5,True,6,31451,ctrl-random-tf15-s1|+5,
vwap_z,15,pm,apex,100,438,408,408.0,0.292326,0.292326,0.370037,0.021553,-0.07771,0.516017,0.53715,0.002854,0.0,0.338733,-0.046407,353.2,True,6,31451,ctrl-random-tf15-s1|+5,
vwap_z,15,pm,lucid,40,438,408,408.0,0.019488,0.019488,0.026431,0.010145,-0.006943,0.47028,0.454324,0.002854,0.0,0.011937,0.007552,353.2,True,6,31451,ctrl-random-tf15-s1|+5,
vwap_z,30,asia,apex,100,259,250,250.0,0.147381,0.147381,0.164373,0.022779,-0.016991,0.313276,0.300853,0.011197,0.0,0.11011,0.037272,228.6,True,6,19009,ctrl-random-tf30-s1|+5,
vwap_z,30,asia,lucid,40,259,250,250.0,0.002436,0.002436,0.004811,0.002943,-0.002375,0.084653,0.084044,0.011197,0.0,0.000853,0.001583,228.6,True,6,19009,ctrl-random-tf30-s1|+5,
vwap_z,30,london,apex,100,398,359,359.0,0.247259,0.247259,0.293544,0.017735,-0.046285,0.554324,0.515225,0.003518,0.0,0.248234,-0.000974,333.1,True,6,19009,ctrl-random-tf30-s1|+5,
vwap_z,30,london,lucid,40,398,359,359.0,0.00609,0.00609,0.009501,0.004619,-0.00341,0.333861,0.299635,0.003518,0.0,0.005725,0.000365,333.1,True,6,19009,ctrl-random-tf30-s1|+5,
vwap_z,30,mid,apex,100,171,171,171.0,0.193666,0.193666,0.227649,0.030354,-0.033983,0.334592,0.228989,0.0,0.0,0.16687,0.026797,155.5,True,6,19009,ctrl-random-tf30-s1|+5,
vwap_z,30,mid,lucid,10,171,171,171.0,0.0,0.0,0.000487,0.001145,-0.000487,0.010719,0.001218,0.0,0.0,0.0,0.0,155.5,True,6,19009,ctrl-random-tf30-s1|+5,
vwap_z,30,pm,apex,100,123,123,123.0,0.108404,0.108404,0.193971,0.01732,-0.085566,0.260414,0.281364,0.0,0.0,0.174909,-0.066504,118.9,True,6,19009,ctrl-random-tf30-s1|+5,
vwap_z,30,pm,lucid,10,123,123,123.0,0.0,0.0,0.0,0.0,0.0,0.008952,0.003654,0.0,0.0,0.000244,-0.000244,118.9,True,6,19009,ctrl-random-tf30-s1|+5,
