uid,family,root,tf,sess,label,side,tool,cells,positive,share_pos,median_net,v60,v70,v80,central,trades,net,t,win,pf,bar,ctrl_lift,ctrl_p_beat,ctrl_short,ctrl_fallback,e_kind,e_p,days_side,days_universe,a,b,c,d,e,pass,split_exact,best_net,worst_net
donchian-NQ-tf15|nyam|,donchian,NQ,15,nyam,,all,-,96,74,0.7708,21535.0,True,True,False,n20_pts20-r3,667,21262.0,1.148875660836207,0.27586206896551724,1.107564742723874,2.0155,2411.03,0.57,0,0.0165,,,,,True,True,True,False,,,True,146351.0,-23401.0
donchian-NQ-tf15|nyam|,donchian,NQ,15,nyam,,adx_hi,T1,96,56,0.5833,2203.0,False,False,False,n10_pct0p2-r2,342,2192.0,0.15041861950868343,0.347953216374269,1.0174797850114032,2.0155,-14034.67,0.07,0,0.0234,random same-size day subsets,0.36075,206,443,True,False,False,False,False,False,True,52446.0,-18591.0
donchian-NQ-tf15|nyam|,donchian,NQ,15,nyam,,adx_lo,T1,96,74,0.7708,15657.0,True,True,False,n20_atr1p5-r3,271,15626.0,0.6296844373925023,0.3284132841328413,1.0930989079079854,2.0155,-14254.2,0.19,0,0.0111,random same-size day subsets,0.318,220,413,True,True,False,False,False,False,True,90708.0,-10429.0
donchian-NQ-tf15|nyam|,donchian,NQ,15,nyam,,vol_hi,T2,96,54,0.5625,833.5,False,False,False,n20_pts10-r1,376,661.0,0.16794805029931023,0.5212765957446809,1.0175076148854456,2.0155,5241.12,0.96,0,0.0186,random same-size day subsets,0.63775,202,419,True,False,True,False,False,False,True,39517.0,-23108.0
donchian-NQ-tf15|nyam|,donchian,NQ,15,nyam,,vol_lo,T2,96,75,0.7812,17710.0,True,True,False,n20_pct0p2-r2,329,17759.0,1.226724289885383,0.3738601823708207,1.1548110954199138,2.0155,517.08,0.525,0,0.0182,random same-size day subsets,0.881,217,419,True,True,True,False,False,False,True,109313.0,-16264.0
donchian-NQ-tf15|nyam|,donchian,NQ,15,nyam,,news_only,T3,96,16,0.1667,-3602.0,False,False,False,n10_pts30-r3,63,68.0,0.00811531311267391,0.25396825396825395,1.0023719826984792,2.0155,-15533.52,0.02,0,0.0159,random same-size day subsets,0.37475,48,468,False,False,False,False,False,False,True,6949.0,-14088.0
donchian-NQ-tf15|nyam|,donchian,NQ,15,nyam,,news_never,T3,96,79,0.8229,23918.5,True,True,True,n20_pts45-r2,494,23474.0,0.830115729964137,0.36639676113360325,1.0827140526503098,2.0155,-2180.08,0.455,0,0.0101,random same-size day subsets,0.53425,390,435,True,True,False,False,False,False,True,147356.0,-19025.0
donchian-NQ-tf15|nyam|,donchian,NQ,15,nyam,,long,T4,96,80,0.8333,10530.0,True,True,True,n40_pts20-r0,135,10600.0,0.8356979422454336,0.2,1.2398895602779099,2.0155,-53579.3,0.0,0,0.1259,same-side random-entry draws,0.0,,,True,True,False,False,False,False,False,70529.0,-15657.0
donchian-NQ-tf15|nyam|,donchian,NQ,15,nyam,,short,T4,96,64,0.6667,9584.0,True,False,False,n40_pts10-r0,154,9579.0,0.6377491116624383,0.07142857142857142,1.3198650950011688,2.0155,-44362.0,0.0,0,0.1688,same-side random-entry draws,0.0,,,True,True,False,False,False,False,False,75822.0,-18238.0
donchian-NQ-tf5|nyam|,donchian,NQ,5,nyam,,all,-,128,79,0.6172,7038.0,True,False,False,n10_pts30-r1,1399,7239.0,0.3211783602296241,0.509649749821301,1.0173302466549679,2.0155,-1040.23,0.475,0,0.0,,,,,True,True,False,False,,,True,106651.0,-30821.0
donchian-NQ-tf5|nyam|,donchian,NQ,5,nyam,,adx_hi,T1,128,23,0.1797,-17864.5,False,False,False,n20_pts10-r0,478,1368.0,0.06319276285933864,0.058577405857740586,1.014509200827279,2.0155,-18995.92,0.055,0,0.0021,random same-size day subsets,0.151,241,517,True,False,False,False,False,False,True,39243.0,-36847.0
donchian-NQ-tf5|nyam|,donchian,NQ,5,nyam,,adx_lo,T1,128,117,0.9141,25097.0,True,True,True,n40_pts30-r2,445,25070.0,1.3670910802223946,0.3707865168539326,1.1471805559632489,2.0155,-11508.22,0.205,0,0.0,random same-size day subsets,0.98925,260,488,True,True,False,False,False,False,True,87426.0,-4492.0
donchian-NQ-tf5|nyam|,donchian,NQ,5,nyam,,vol_hi,T2,128,9,0.0703,-20412.5,False,False,False,n20_pct0p2-r0,409,139.0,0.004377385328359377,0.14180929095354522,1.0007165170056807,2.0155,-52225.05,0.005,0,0.0049,random same-size day subsets,0.06575,263,525,True,False,False,False,False,False,True,15837.0,-72938.0
donchian-NQ-tf5|nyam|,donchian,NQ,5,nyam,,vol_lo,T2,128,104,0.8125,35030.0,True,True,True,n20_atr1p5-r1,580,34460.0,2.0687373017881905,0.5362068965517242,1.2029016227419393,2.0155,26602.38,0.99,0,0.0,random same-size day subsets,0.99975,262,525,True,True,True,True,True,True,True,112565.0,-12414.0
donchian-NQ-tf5|nyam|,donchian,NQ,5,nyam,,news_only,T3,128,12,0.0938,-6490.5,False,False,False,n40_pct0p2-r0,71,636.0,0.04933329423383647,0.14084507042253522,1.018197945577842,2.0155,-4391.73,0.29,0,0.0,random same-size day subsets,0.336,54,516,False,False,False,False,False,False,True,10706.0,-23519.0
donchian-NQ-tf5|nyam|,donchian,NQ,5,nyam,,news_never,T3,128,87,0.6797,15033.0,True,False,False,n60_pts30-r3,686,14946.0,0.5459246343922215,0.27113702623906705,1.0491087417240303,2.0155,-44403.85,0.02,0,0.0,random same-size day subsets,0.779,440,493,True,True,False,False,False,False,True,111902.0,-25335.0
donchian-NQ-tf5|nyam|,donchian,NQ,5,nyam,,long,T4,128,86,0.6719,6026.5,True,False,False,n60_pts20-r1,549,5619.0,0.5955903780861316,0.5209471766848816,1.052203238663285,2.0155,-14652.28,0.005,0,0.1129,same-side random-entry draws,0.003,,,True,True,False,False,False,False,False,65482.0,-36565.0
donchian-NQ-tf5|nyam|,donchian,NQ,5,nyam,,short,T4,128,70,0.5469,1889.5,False,False,False,n20_atr1p5-r1,584,1874.0,0.09697061520232589,0.5051369863013698,1.0086925867171337,2.0155,-57666.88,0.0,0,0.1216,same-side random-entry draws,0.0,,,True,False,False,False,False,False,False,60273.0,-25364.0
gap-GC-tf15|nyam|mode=go,gap,GC,15,nyam,mode=go,all,-,32,22,0.6875,3195.0,True,False,False,modego_pts5-r1,415,3180.0,0.3169593849964604,0.5084337349397591,1.032086856497084,1.2407,13665.0,0.965,0,0.0,,,,,True,True,True,False,,,True,16100.0,-7270.0
gap-GC-tf15|nyam|mode=go,gap,GC,15,nyam,mode=go,adx_hi,T1,32,30,0.9375,6984.0,True,True,True,modego_pts5-r2,224,7374.0,0.7608114565236656,0.4107142857142857,1.1191314743610457,1.2407,7505.8,0.87,0,0.0,random same-size day subsets,0.82025,224,405,True,True,True,False,False,False,True,19264.0,-2886.0
gap-GC-tf15|nyam|mode=go,gap,GC,15,nyam,mode=go,adx_lo,T1,32,4,0.125,-4169.0,False,False,False,modego_pts3-r0,181,106.0,0.011995702473454,0.24861878453038674,1.0025253728498595,1.2407,-5952.55,0.115,0,0.0,random same-size day subsets,0.3395,181,405,True,False,False,False,False,False,True,3026.0,-9804.0
gap-GC-tf15|nyam|mode=go,gap,GC,15,nyam,mode=go,vol_hi,T2,32,31,0.9688,6893.0,True,True,True,modego_pct0p1-r3,208,6818.0,1.3420734396775547,0.3076923076923077,1.2369335557408951,1.2407,6233.5,0.955,0,0.0,random same-size day subsets,0.92575,208,411,True,True,True,True,False,False,True,18488.0,-4122.0
gap-GC-tf15|nyam|mode=go,gap,GC,15,nyam,mode=go,vol_lo,T2,32,4,0.125,-4682.0,False,False,False,modego_atr3-r2,203,2038.0,0.16820769080903764,0.4729064039408867,1.029152600560737,1.2407,16561.95,0.98,0,0.0,random same-size day subsets,0.4115,203,411,True,False,True,False,False,False,True,6108.0,-13182.0
gap-GC-tf15|nyam|mode=go,gap,GC,15,nyam,mode=go,news_only,T3,32,9,0.2812,-1396.0,False,False,False,modego_atr3-r1,49,184.0,0.025287867047588015,0.4897959183673469,1.008185053380783,1.2407,1278.15,0.59,0,0.0,random same-size day subsets,0.48075,49,415,False,False,True,False,False,False,True,5444.0,-8236.0
gap-GC-tf15|nyam|mode=go,gap,GC,15,nyam,mode=go,news_never,T3,32,26,0.8125,5421.0,True,True,True,modego_atr1p5-r2,366,5366.0,0.4440028350341428,0.3879781420765027,1.0544462031738302,1.2407,14249.85,0.935,0,0.0,random same-size day subsets,0.64875,366,415,True,True,True,False,False,False,True,10846.0,-2654.0
gap-GC-tf15|nyam|mode=go,gap,GC,15,nyam,mode=go,long,T4,32,31,0.9688,7241.0,True,True,True,modego_atr1p5-r3,216,8176.0,0.7504150969027472,0.3611111111111111,1.134072349217802,1.2407,11472.45,0.99,0,0.2361,same-side random-entry draws,0.995,,,True,True,True,False,True,False,False,16186.0,-684.0
gap-GC-tf15|nyam|mode=go,gap,GC,15,nyam,mode=go,short,T4,32,3,0.0938,-4176.0,False,False,False,modego_pts5-r0,199,924.0,0.09239691408793199,0.38190954773869346,1.016408580764313,1.2407,-5806.75,0.08,0,0.2161,same-side random-entry draws,0.06675,,,True,False,False,False,False,False,False,3864.0,-9726.0
gap-NQ-tf30|nyam|mode=go,gap,NQ,30,nyam,mode=go,all,-,32,20,0.625,1488.5,True,False,False,modego_pts10-r3,396,1561.0,0.22028551399437135,0.26515151515151514,1.025582195709533,2.0155,10118.8,0.98,0,0.0707,,,,,True,True,True,False,,,True,30446.0,-45054.0
gap-NQ-tf30|nyam|mode=go,gap,NQ,30,nyam,mode=go,adx_hi,T1,32,8,0.25,-5170.0,False,False,False,modego_pct0p1-r3,190,405.0,0.05968593043911712,0.2631578947368421,1.0100123609394314,2.0155,671.5,0.55,0,0.0842,random same-size day subsets,0.607,190,386,True,False,True,False,False,False,True,9890.0,-37050.0
gap-NQ-tf30|nyam|mode=go,gap,NQ,30,nyam,mode=go,adx_lo,T1,32,27,0.8438,5256.0,True,True,True,modego_pts20-r1,196,5146.0,0.9136849909487454,0.5408163265306123,1.1397230518598969,2.0155,6160.77,0.935,0,0.0561,random same-size day subsets,0.64775,196,386,True,True,True,False,False,False,True,38661.0,-24769.0
gap-NQ-tf30|nyam|mode=go,gap,NQ,30,nyam,mode=go,vol_hi,T2,32,13,0.4062,-2798.0,False,False,False,modego_pts10-r1,202,2242.0,0.7782549288132689,0.5445544554455446,1.1160575628947096,2.0155,2779.78,0.93,0,0.099,random same-size day subsets,0.15625,202,392,True,False,True,False,False,False,True,13752.0,-25188.0
gap-NQ-tf30|nyam|mode=go,gap,NQ,30,nyam,mode=go,vol_lo,T2,32,21,0.6562,1785.0,True,False,False,modego_pts30-r2,190,1725.0,0.14669308087144786,0.3473684210526316,1.0228322590038517,2.0155,-14029.45,0.015,0,0.0421,random same-size day subsets,0.5955,190,392,True,True,False,False,False,False,True,36645.0,-41530.0
gap-NQ-tf30|nyam|mode=go,gap,NQ,30,nyam,mode=go,news_only,T3,32,12,0.375,-1141.5,False,False,False,modego_pts10-r2,51,206.0,0.09866310003335518,0.35294117647058826,1.0297601849176539,2.0155,3457.05,1.0,0,0.098,random same-size day subsets,0.365,51,396,False,False,True,False,False,False,True,7756.0,-9914.0
gap-NQ-tf30|nyam|mode=go,gap,NQ,30,nyam,mode=go,news_never,T3,32,21,0.6562,2890.0,True,False,False,modego_pts10-r3,345,2585.0,0.3887042299022424,0.26956521739130435,1.0489184944079633,2.0155,6571.07,0.925,0,0.0667,random same-size day subsets,0.68175,345,396,True,True,True,False,False,False,True,25540.0,-39700.0
gap-NQ-tf30|nyam|mode=go,gap,NQ,30,nyam,mode=go,long,T4,32,12,0.375,-2727.5,False,False,False,modego_pts45-r3,190,195.0,0.00963160325614251,0.29473684210526313,1.0016003808085616,2.0155,-39863.97,0.0,0,0.4158,same-side random-entry draws,0.0,,,True,False,False,False,False,False,False,23935.0,-19835.0
gap-NQ-tf30|nyam|mode=go,gap,NQ,30,nyam,mode=go,short,T4,32,21,0.6562,4358.5,True,False,False,modego_pts30-r3,206,4191.0,0.27863460274867824,0.27184466019417475,1.0458508834308846,2.0155,-11827.12,0.025,0,0.3883,same-side random-entry draws,0.02575,,,True,True,False,False,False,False,False,12491.0,-38179.0
ib-ES-tf1|mid|mode=break,ib,ES,1,mid,mode=break,all,-,32,21,0.6562,6120.5,True,False,False,modebreak_pts8-r2,323,6545.5,0.6457423456682204,0.38390092879256965,1.0798635894995638,1.2986,7101.25,0.78,0,0.0,,,,,True,True,True,False,,,True,35933.0,-9704.5
ib-ES-tf1|mid|mode=break,ib,ES,1,mid,mode=break,adx_hi,T1,32,23,0.7188,3943.5,True,True,False,modebreak_atr1p5-r3,136,3956.0,0.7165770893289386,0.29411764705882354,1.1673859693661675,1.2986,2527.94,0.715,0,0.0,random same-size day subsets,0.8235,136,311,True,True,True,False,False,False,True,15218.5,-4269.0
ib-ES-tf1|mid|mode=break,ib,ES,1,mid,mode=break,adx_lo,T1,32,17,0.5312,512.5,False,False,False,modebreak_atr1p5-r0,175,375.0,0.04326101556432833,0.13714285714285715,1.0106257880792826,1.2986,-16727.38,0.02,0,0.0,random same-size day subsets,0.29725,175,311,True,False,False,False,False,False,True,26400.0,-6987.5
ib-ES-tf1|mid|mode=break,ib,ES,1,mid,mode=break,vol_hi,T2,32,9,0.2812,-3734.25,False,False,False,modebreak_pts2p5-r0,157,2497.0,0.3375438409849017,0.08917197452229299,1.1234030986681163,1.2986,-12499.81,0.02,0,0.0,random same-size day subsets,0.308,157,317,True,False,False,False,False,False,True,6672.0,-12790.5
ib-ES-tf1|mid|mode=break,ib,ES,1,mid,mode=break,vol_lo,T2,32,28,0.875,8841.25,True,True,True,modebreak_pts5-r3,160,9160.0,1.5444614108562198,0.33125,1.3212288053865442,1.2986,8787.75,0.985,0,0.0,random same-size day subsets,0.98725,160,317,True,True,True,True,False,False,True,31485.0,-3127.5
ib-ES-tf1|mid|mode=break,ib,ES,1,mid,mode=break,news_only,T3,32,5,0.1562,-1535.0,False,False,False,modebreak_atr1p5-r3,40,190.0,0.06276020142352617,0.225,1.026623695088629,1.2986,1846.31,0.765,0,0.0,random same-size day subsets,0.511,40,323,False,False,True,False,False,False,True,2152.5,-6935.0
ib-ES-tf1|mid|mode=break,ib,ES,1,mid,mode=break,news_never,T3,32,21,0.6562,8436.75,True,False,False,modebreak_atr3-r2,283,8468.0,0.7492372416801079,0.38515901060070673,1.1055913013117862,1.2986,9345.56,0.845,0,0.0,random same-size day subsets,0.90075,283,323,True,True,True,False,False,False,True,40618.0,-8032.0
ib-ES-tf1|mid|mode=break,ib,ES,1,mid,mode=break,long,T4,32,25,0.7812,8223.5,True,True,False,modebreak_pts8-r1,166,7623.5,1.479206513593976,0.572289156626506,1.2602187974672743,1.2986,-7433.44,0.02,0,0.0361,same-side random-entry draws,0.01825,,,True,True,False,True,False,False,False,25198.5,-3276.5
ib-ES-tf1|mid|mode=break,ib,ES,1,mid,mode=break,short,T4,32,8,0.25,-2378.0,False,False,False,modebreak_pct0p2-r1,157,309.5,0.05765442208123278,0.5159235668789809,1.009349323344611,1.2986,-9298.44,0.0,0,0.0127,same-side random-entry draws,0.0055,,,True,False,False,False,False,False,False,12084.5,-14953.0
ib-ES-tf30|mid|mode=break,ib,ES,30,mid,mode=break,all,-,32,24,0.75,9920.5,True,True,False,modebreak_pct0p1-r0,323,9795.5,0.7284403035654862,0.17027863777089783,1.1596736596736597,1.2986,5587.44,0.69,0,0.0093,,,,,True,True,True,False,,,True,41233.0,-7117.0
ib-ES-tf30|mid|mode=break,ib,ES,30,mid,mode=break,adx_hi,T1,32,26,0.8125,5049.75,True,True,True,modebreak_atr1p5-r2,136,5218.5,0.41465631522867175,0.41911764705882354,1.092644043423844,1.2986,-4000.0,0.305,0,0.0147,random same-size day subsets,0.455,136,311,True,True,False,False,False,False,True,25143.5,-3231.5
ib-ES-tf30|mid|mode=break,ib,ES,30,mid,mode=break,adx_lo,T1,32,23,0.7188,4887.5,True,True,False,modebreak_pts8-r1,175,5112.5,0.9530932928926382,0.5485714285714286,1.1553786071390582,1.2986,6661.56,0.94,0,0.0057,random same-size day subsets,0.58175,175,311,True,True,True,False,False,False,True,26400.0,-6987.5
ib-ES-tf30|mid|mode=break,ib,ES,30,mid,mode=break,vol_hi,T2,32,10,0.3125,-3440.5,False,False,False,modebreak_atr1p5-r0,157,2072.0,0.1424491656458971,0.4140127388535032,1.0285377829503275,1.2986,-13397.12,0.105,0,0.0127,random same-size day subsets,0.096,157,317,True,False,False,False,False,False,True,6672.0,-8915.5
ib-ES-tf30|mid|mode=break,ib,ES,30,mid,mode=break,vol_lo,T2,32,30,0.9375,14303.75,True,True,True,modebreak_atr1p5-r1,160,14535.0,1.6205922312072134,0.56875,1.322276667923106,1.2986,17736.44,0.995,0,0.0063,random same-size day subsets,0.9265,160,317,True,True,True,True,False,False,True,43072.5,-2952.5
ib-ES-tf30|mid|mode=break,ib,ES,30,mid,mode=break,news_only,T3,32,3,0.0938,-2453.75,False,False,False,modebreak_pct0p1-r1,40,252.5,0.18000884367615191,0.55,1.0596292360373125,1.2986,2347.94,0.97,0,0.0,random same-size day subsets,0.77175,40,323,False,False,True,False,False,False,True,2152.5,-15472.5
ib-ES-tf30|mid|mode=break,ib,ES,30,mid,mode=break,news_never,T3,32,24,0.75,14486.75,True,True,False,modebreak_pts12-r1,283,14918.0,1.5288209237711927,0.5618374558303887,1.2040179975656788,1.2986,21842.88,1.0,0,0.0106,random same-size day subsets,0.9885,283,323,True,True,True,True,False,False,True,55843.0,-6444.5
ib-ES-tf30|mid|mode=break,ib,ES,30,mid,mode=break,long,T4,31,26,0.8387,11911.0,True,True,True,modebreak_pct0p2-r2,166,11911.0,1.5485935676886926,0.4397590361445783,1.2965000497859205,1.2986,-2260.12,0.2,0,0.1928,same-side random-entry draws,0.232,,,True,True,False,True,False,False,False,35048.5,-3276.5
ib-ES-tf30|mid|mode=break,ib,ES,30,mid,mode=break,short,T4,32,15,0.4688,-484.25,False,False,False,modebreak_pct0p2-r1,157,309.5,0.05765442208123278,0.5159235668789809,1.009349323344611,1.2986,-5161.12,0.02,0,0.1274,same-side random-entry draws,0.022,,,True,False,False,False,False,False,False,12084.5,-5965.5
ib-ES-tf30|pm|mode=break,ib,ES,30,pm,mode=break,all,-,32,20,0.625,2172.75,True,False,False,modebreak_atr1p5-r1,224,1954.0,0.178145331088819,0.5178571428571429,1.030226856113049,1.2986,1069.44,0.555,0,0.0,,,,,True,True,True,False,,,True,19666.5,-6496.0
ib-ES-tf30|pm|mode=break,ib,ES,30,pm,mode=break,adx_hi,T1,32,12,0.375,-1221.25,False,False,False,modebreak_pts12-r3,85,85.0,0.012493550996578073,0.4117647058823529,1.003413654618474,1.2986,-5896.69,0.1,0,0.0,random same-size day subsets,0.30325,85,215,False,False,False,False,False,False,True,4860.0,-5165.0
ib-ES-tf30|pm|mode=break,ib,ES,30,pm,mode=break,adx_lo,T1,32,17,0.5312,942.5,False,False,False,modebreak_pct0p1-r0,130,605.0,0.10191425099238248,0.2230769230769231,1.026574133046362,1.2986,-4885.25,0.18,0,0.0,random same-size day subsets,0.3085,130,215,True,False,False,False,False,False,True,18567.5,-3432.5
ib-ES-tf30|pm|mode=break,ib,ES,30,pm,mode=break,vol_hi,T2,32,20,0.625,1652.0,True,False,False,modebreak_atr1p5-r3,112,1477.0,0.13467459127511355,0.48214285714285715,1.0360292234324118,1.2986,-14098.5,0.035,0,0.0,random same-size day subsets,0.29,112,218,True,True,False,False,False,False,True,9477.0,-4048.0
ib-ES-tf30|pm|mode=break,ib,ES,30,pm,mode=break,vol_lo,T2,32,18,0.5625,1432.25,False,False,False,modebreak_pts2p5-r0,106,1451.0,0.30603261026821393,0.1509433962264151,1.1150674068199842,1.2986,-1129.25,0.34,0,0.0,random same-size day subsets,0.668,106,218,True,False,False,False,False,False,True,13213.5,-5211.5
ib-ES-tf30|pm|mode=break,ib,ES,30,pm,mode=break,news_only,T3,32,1,0.0312,-3923.5,False,False,False,modebreak_pct0p1-r1,34,526.5,0.40326549734185074,0.5588235294117647,1.1510760401721665,1.2986,2702.5,0.99,0,0.0,random same-size day subsets,0.751,34,224,False,False,True,False,False,False,True,526.5,-10698.5
ib-ES-tf30|pm|mode=break,ib,ES,30,pm,mode=break,news_never,T3,32,25,0.7812,7008.75,True,True,False,modebreak_pts8-r3,190,7127.5,0.8712896210717603,0.4052631578947368,1.1649807879264849,1.2986,2233.56,0.685,0,0.0,random same-size day subsets,0.9455,190,224,True,True,True,False,False,False,True,26240.0,-6410.0
ib-ES-tf30|pm|mode=break,ib,ES,30,pm,mode=break,long,T4,32,11,0.3438,-834.5,False,False,False,modebreak_atr1p5-r2,118,53.0,0.005753206864362894,0.4661016949152542,1.0015229009827022,1.2986,-32487.06,0.0,0,0.1695,same-side random-entry draws,0.0,,,True,False,False,False,False,False,False,6090.5,-4609.5
ib-ES-tf30|pm|mode=break,ib,ES,30,pm,mode=break,short,T4,32,22,0.6875,5938.5,True,False,False,modebreak_pts8-r3,106,6976.0,1.0420987515833795,0.39622641509433965,1.2716405124411043,1.2986,-4327.56,0.045,0,0.1604,same-side random-entry draws,0.0365,,,True,True,False,False,False,False,False,18088.5,-5024.0
ib-NQ-tf15|mid|mode=break,ib,NQ,15,mid,mode=break,all,-,32,32,1.0,32875.0,True,True,True,modebreak_pct0p1-r0,310,31880.0,1.622527907431547,0.15806451612903225,1.4252140742123935,2.0155,7693.55,0.745,0,0.0,,,,,True,True,True,False,,,True,125805.0,1705.0
ib-NQ-tf15|mid|mode=break,ib,NQ,15,mid,mode=break,adx_hi,T1,32,32,1.0,28600.5,True,True,True,modebreak_pts30-r3,148,26753.0,2.020879864807293,0.36486486486486486,1.4670076458471528,2.0155,13344.48,0.865,0,0.0,random same-size day subsets,0.92475,148,293,True,True,True,True,False,False,True,74928.0,1853.0
ib-NQ-tf15|mid|mode=break,ib,NQ,15,mid,mode=break,adx_lo,T1,32,19,0.5938,2352.5,False,False,False,modebreak_atr1p5-r1,145,1365.0,0.10425447589660182,0.5310344827586206,1.018900058154025,2.0155,8307.95,0.77,0,0.0,random same-size day subsets,0.00925,145,293,True,False,True,False,False,False,True,43735.0,-6350.0
ib-NQ-tf15|mid|mode=break,ib,NQ,15,mid,mode=break,vol_hi,T2,32,30,0.9375,5919.5,True,True,True,modebreak_pts30-r3,147,5482.0,0.4391063972685921,0.29931972789115646,1.0873319314343974,2.0155,-2493.1,0.38,0,0.0,random same-size day subsets,0.13975,147,300,True,True,False,False,False,False,True,38272.0,-1728.0
ib-NQ-tf15|mid|mode=break,ib,NQ,15,mid,mode=break,vol_lo,T2,32,32,1.0,27523.0,True,True,True,modebreak_pts20-r0,153,28648.0,1.6800588415862612,0.23529411764705882,1.5982916692771965,2.0155,5843.62,0.685,0,0.0,random same-size day subsets,0.857,153,300,True,True,True,False,False,False,True,89778.0,3248.0
ib-NQ-tf15|mid|mode=break,ib,NQ,15,mid,mode=break,news_only,T3,32,9,0.2812,-2791.5,False,False,False,modebreak_pts20-r3,46,426.0,0.0881151853744372,0.2608695652173913,1.030590262817751,2.0155,4050.35,0.8,0,0.0,random same-size day subsets,0.26025,46,310,False,False,True,False,False,False,True,4266.0,-25714.0
ib-NQ-tf15|mid|mode=break,ib,NQ,15,mid,mode=break,news_never,T3,32,31,0.9688,41061.5,True,True,True,modebreak_pts20-r0,264,36804.0,1.843596020974299,0.2159090909090909,1.4349943267776097,2.0155,-78.07,0.485,0,0.0,random same-size day subsets,0.91625,264,310,True,True,False,False,False,False,True,145964.0,-166.0
ib-NQ-tf15|mid|mode=break,ib,NQ,15,mid,mode=break,long,T4,32,32,1.0,23016.5,True,True,True,modebreak_pts20-r0,164,22399.0,1.3961414594825219,0.22560975609756098,1.4319294997878822,2.0155,-34447.05,0.0,0,0.0854,same-side random-entry draws,0.0,,,True,True,False,False,False,False,False,86859.0,5389.0
ib-NQ-tf15|mid|mode=break,ib,NQ,15,mid,mode=break,short,T4,32,25,0.7812,13231.0,True,True,False,modebreak_atr1p5-r1,146,17211.0,1.2124717376762342,0.5684931506849316,1.2420777247985146,2.0155,-5663.75,0.24,0,0.1027,same-side random-entry draws,0.2095,,,True,True,False,False,False,False,False,40531.0,-5134.0
ib-NQ-tf15|pm|mode=break,ib,NQ,15,pm,mode=break,all,-,32,26,0.8125,16008.0,True,True,True,modebreak_pts30-r2,218,16118.0,1.395628117303453,0.43577981651376146,1.232861869193984,2.0155,12559.02,0.91,0,0.0,,,,,True,True,True,False,,,True,38068.0,-6917.0
ib-NQ-tf15|pm|mode=break,ib,NQ,15,pm,mode=break,adx_hi,T1,32,11,0.3438,-2214.5,False,False,False,modebreak_pts20-r1,93,108.0,0.02841340427668723,0.5161290322580645,1.0060589060308556,2.0155,1559.28,0.67,0,0.0,random same-size day subsets,0.5165,93,210,False,False,True,False,False,False,True,8423.0,-14677.0
ib-NQ-tf15|pm|mode=break,ib,NQ,15,pm,mode=break,adx_lo,T1,32,29,0.9062,13659.5,True,True,True,modebreak_atr1p5-r1,117,13132.0,1.2703051653013409,0.5726495726495726,1.310522582170726,2.0155,10067.98,0.865,0,0.0,random same-size day subsets,0.8225,117,210,True,True,True,False,False,False,True,42432.0,-328.0
ib-NQ-tf15|pm|mode=break,ib,NQ,15,pm,mode=break,vol_hi,T2,32,7,0.2188,-5110.0,False,False,False,modebreak_pct0p1-r0,105,65.0,0.005431305075888977,0.13333333333333333,1.0025980255006195,2.0155,-4150.3,0.27,0,0.0,random same-size day subsets,0.10225,105,210,True,False,False,False,False,False,True,7770.0,-9310.0
ib-NQ-tf15|pm|mode=break,ib,NQ,15,pm,mode=break,vol_lo,T2,32,32,1.0,16632.5,True,True,True,modebreak_pts30-r2,105,16430.0,2.071557519360613,0.49523809523809526,1.5762485970819304,2.0155,10036.3,0.95,0,0.0,random same-size day subsets,0.945,105,210,True,True,True,True,False,False,True,34935.0,1215.0
ib-NQ-tf15|pm|mode=break,ib,NQ,15,pm,mode=break,news_only,T3,32,7,0.2188,-1107.5,False,False,False,modebreak_pts20-r1,35,550.0,0.23054449785771566,0.5428571428571428,1.0834724540901504,2.0155,2440.47,0.865,0,0.0,random same-size day subsets,0.63,35,218,False,False,True,False,False,False,True,6390.0,-7775.0
ib-NQ-tf15|pm|mode=break,ib,NQ,15,pm,mode=break,news_never,T3,32,27,0.8438,15550.5,True,True,True,modebreak_pts30-r2,183,13873.0,1.3284092306241344,0.4426229508196721,1.244423693576236,2.0155,6929.4,0.79,0,0.0,random same-size day subsets,0.53375,183,218,True,True,True,False,False,False,True,44988.0,-6022.0
ib-NQ-tf15|pm|mode=break,ib,NQ,15,pm,mode=break,long,T4,32,24,0.75,2832.0,True,True,False,modebreak_atr1p5-r2,112,2907.0,0.21145983880207475,0.5,1.0530048865874115,2.0155,-52806.68,0.0,0,0.1607,same-side random-entry draws,0.0,,,True,True,False,False,False,False,False,17102.0,-4278.0
ib-NQ-tf15|pm|mode=break,ib,NQ,15,pm,mode=break,short,T4,32,26,0.8125,11163.5,True,True,True,modebreak_pct0p1-r0,106,11601.0,1.145463269612839,0.22641509433962265,1.5095309205903022,2.0155,-11363.83,0.005,0,0.0189,same-side random-entry draws,0.01575,,,True,True,False,False,False,False,False,28711.0,-6294.0
ib-NQ-tf15|nyam|mode=break,ib,NQ,15,nyam,mode=break,all,-,32,20,0.625,4643.5,True,False,False,modebreak_pts10-r2,346,2611.0,0.48279157371350395,0.3583815028901734,1.0561589916761662,2.0155,11471.42,1.0,0,0.0,,,,,True,True,True,False,,,True,56336.0,-16074.0
ib-NQ-tf15|nyam|mode=break,ib,NQ,15,nyam,mode=break,adx_hi,T1,32,7,0.2188,-5932.0,False,False,False,modebreak_pct0p1-r3,148,613.0,0.10206181329738373,0.2635135135135135,1.019540339804278,2.0155,5333.45,0.86,0,0.0,random same-size day subsets,0.424,148,328,True,False,True,False,False,False,True,13498.0,-31537.0
ib-NQ-tf15|nyam|mode=break,ib,NQ,15,nyam,mode=break,adx_lo,T1,32,28,0.875,16355.0,True,True,True,modebreak_atr1p5-r3,180,17455.0,0.8281493420644144,0.38333333333333336,1.1577297043302248,2.0155,-12682.72,0.255,0,0.0,random same-size day subsets,0.7515,180,328,True,True,False,False,False,False,True,43840.0,-2405.0
ib-NQ-tf15|nyam|mode=break,ib,NQ,15,nyam,mode=break,vol_hi,T2,32,9,0.2812,-4704.5,False,False,False,modebreak_pct0p1-r1,168,58.0,0.016103006664023166,0.5178571428571429,1.0025152868728044,2.0155,2263.62,0.81,0,0.0,random same-size day subsets,0.75575,168,334,True,False,True,False,False,False,True,7743.0,-20802.0
ib-NQ-tf15|nyam|mode=break,ib,NQ,15,nyam,mode=break,vol_lo,T2,32,25,0.7812,9368.5,True,True,False,modebreak_pts30-r2,166,9716.0,0.8671836037460103,0.37349397590361444,1.153295151543838,2.0155,-2428.25,0.385,0,0.0,random same-size day subsets,0.89675,166,334,True,True,False,False,False,False,True,41591.0,-4774.0
ib-NQ-tf15|nyam|mode=break,ib,NQ,15,nyam,mode=break,news_only,T3,31,7,0.2258,-2664.0,False,False,False,modebreak_pts45-r3,36,16.0,0.0018097463353125365,0.3055555555555556,1.0007034513079798,2.0155,-6207.85,0.2,0,0.0,random same-size day subsets,0.435,36,346,False,False,False,False,False,False,True,5131.0,-16739.0
ib-NQ-tf15|nyam|mode=break,ib,NQ,15,nyam,mode=break,news_never,T3,32,23,0.7188,4902.5,True,True,False,modebreak_pct0p1-r0,310,5805.0,0.30587094726272307,0.1,1.0738681190033847,2.0155,-66680.62,0.0,0,0.0,random same-size day subsets,0.33875,310,346,True,True,False,False,False,False,True,73075.0,-12905.0
ib-NQ-tf15|nyam|mode=break,ib,NQ,15,nyam,mode=break,long,T4,31,30,0.9677,14245.0,True,True,True,modebreak_pts45-r2,165,14245.0,0.913673278469701,0.41818181818181815,1.1665906512764739,2.0155,-88050.8,0.0,0,0.1152,same-side random-entry draws,0.0,,,True,True,False,False,False,False,False,37170.0,-500.0
ib-NQ-tf15|nyam|mode=break,ib,NQ,15,nyam,mode=break,short,T4,32,8,0.25,-4229.0,False,False,False,modebreak_atr1p5-r2,181,1861.0,0.08890196432071619,0.3425414364640884,1.0151811789274467,2.0155,-91408.12,0.0,0,0.1547,same-side random-entry draws,0.0,,,True,False,False,False,False,False,False,19916.0,-28854.0
ib-NQ-tf30|mid|mode=break,ib,NQ,30,mid,mode=break,all,-,32,32,1.0,32875.0,True,True,True,modebreak_pct0p1-r0,310,31880.0,1.622527907431547,0.15806451612903225,1.4252140742123935,2.0155,19275.12,0.94,0,0.0129,,,,,True,True,True,False,,,True,133385.0,1705.0
ib-NQ-tf30|mid|mode=break,ib,NQ,30,mid,mode=break,adx_hi,T1,32,32,1.0,28600.5,True,True,True,modebreak_pts30-r3,148,26753.0,2.020879864807293,0.36486486486486486,1.4670076458471528,2.0155,15043.3,0.965,0,0.0203,random same-size day subsets,0.93275,148,293,True,True,True,True,False,False,True,84318.0,1853.0
ib-NQ-tf30|mid|mode=break,ib,NQ,30,mid,mode=break,adx_lo,T1,31,18,0.5806,3340.0,False,False,False,modebreak_pts20-r0,145,3340.0,0.2522599752789573,0.16551724137931034,1.0675921803537458,2.0155,-10052.5,0.2,0,0.0069,random same-size day subsets,0.1515,145,293,True,False,False,False,False,False,True,45320.0,-6350.0
ib-NQ-tf30|mid|mode=break,ib,NQ,30,mid,mode=break,vol_hi,T2,32,30,0.9375,5919.5,True,True,True,modebreak_pts30-r3,147,5482.0,0.4391063972685921,0.29931972789115646,1.0873319314343974,2.0155,-7836.95,0.23,0,0.0204,random same-size day subsets,0.13225,147,300,True,True,False,False,False,False,True,62747.0,-1728.0
ib-NQ-tf30|mid|mode=break,ib,NQ,30,mid,mode=break,vol_lo,T2,32,32,1.0,27523.0,True,True,True,modebreak_pts20-r0,153,28648.0,1.6800588415862612,0.23529411764705882,1.5982916692771965,2.0155,21303.12,0.975,0,0.0065,random same-size day subsets,0.86825,153,300,True,True,True,False,False,False,True,88468.0,3248.0
ib-NQ-tf30|mid|mode=break,ib,NQ,30,mid,mode=break,news_only,T3,31,9,0.2903,-2764.0,False,False,False,modebreak_pts20-r3,46,426.0,0.0881151853744372,0.2608695652173913,1.030590262817751,2.0155,122.9,0.46,0,0.0,random same-size day subsets,0.2535,46,310,False,False,True,False,False,False,True,4266.0,-21874.0
ib-NQ-tf30|mid|mode=break,ib,NQ,30,mid,mode=break,news_never,T3,32,31,0.9688,41061.5,True,True,True,modebreak_pts20-r0,264,36804.0,1.843596020974299,0.2159090909090909,1.4349943267776097,2.0155,7720.38,0.71,0,0.0152,random same-size day subsets,0.91925,264,310,True,True,True,False,False,False,True,142984.0,-166.0
ib-NQ-tf30|mid|mode=break,ib,NQ,30,mid,mode=break,long,T4,32,32,1.0,23016.5,True,True,True,modebreak_pts20-r0,164,22399.0,1.3961414594825219,0.22560975609756098,1.4319294997878822,2.0155,-20903.62,0.0,0,0.1524,same-side random-entry draws,0.00125,,,True,True,False,False,False,False,False,92954.0,5389.0
ib-NQ-tf30|mid|mode=break,ib,NQ,30,mid,mode=break,short,T4,32,25,0.7812,13643.5,True,True,False,modebreak_pts20-r3,146,9251.0,1.0425872942914658,0.2945205479452055,1.2193375536429807,2.0155,-4830.4,0.16,0,0.1301,same-side random-entry draws,0.207,,,True,True,False,False,False,False,False,56611.0,-5134.0
ib-NQ-tf30|pm|mode=break,ib,NQ,30,pm,mode=break,all,-,32,26,0.8125,15655.5,True,True,True,modebreak_pts30-r3,218,15413.0,1.1296685123840662,0.39908256880733944,1.201440259298952,2.0155,4462.67,0.69,0,0.0,,,,,True,True,True,False,,,True,38068.0,-6917.0
ib-NQ-tf30|pm|mode=break,ib,NQ,30,pm,mode=break,adx_hi,T1,32,11,0.3438,-2554.5,False,False,False,modebreak_pts20-r1,93,108.0,0.02841340427668723,0.5161290322580645,1.0060589060308556,2.0155,985.42,0.625,0,0.0,random same-size day subsets,0.5485,93,210,False,False,True,False,False,False,True,8423.0,-20167.0
ib-NQ-tf30|pm|mode=break,ib,NQ,30,pm,mode=break,adx_lo,T1,32,29,0.9062,14279.5,True,True,True,modebreak_pct0p1-r0,117,14372.0,1.1148512613852222,0.21367521367521367,1.5653148723596744,2.0155,6475.75,0.865,0,0.0,random same-size day subsets,0.55675,117,210,True,True,True,False,False,False,True,49397.0,-328.0
ib-NQ-tf30|pm|mode=break,ib,NQ,30,pm,mode=break,vol_hi,T2,31,7,0.2258,-5025.0,False,False,False,modebreak_pct0p1-r0,105,65.0,0.005431305075888977,0.13333333333333333,1.0025980255006195,2.0155,-12247.25,0.035,0,0.0,random same-size day subsets,0.10825,105,210,True,False,False,False,False,False,True,7770.0,-12260.0
ib-NQ-tf30|pm|mode=break,ib,NQ,30,pm,mode=break,vol_lo,T2,32,32,1.0,17285.0,True,True,True,modebreak_pts20-r0,105,17735.0,1.356594590950228,0.34285714285714286,1.5851011184058592,2.0155,8462.52,0.91,0,0.0,random same-size day subsets,0.8085,105,210,True,True,True,False,False,False,True,34355.0,1215.0
ib-NQ-tf30|pm|mode=break,ib,NQ,30,pm,mode=break,news_only,T3,31,6,0.1935,-1665.0,False,False,False,modebreak_pts20-r1,35,550.0,0.23054449785771566,0.5428571428571428,1.0834724540901504,2.0155,2598.18,0.905,0,0.0,random same-size day subsets,0.64375,35,218,False,False,True,False,False,False,True,6600.0,-12880.0
ib-NQ-tf30|pm|mode=break,ib,NQ,30,pm,mode=break,news_never,T3,32,27,0.8438,15550.5,True,True,True,modebreak_pts30-r2,183,13873.0,1.3284092306241344,0.4426229508196721,1.244423693576236,2.0155,17019.15,0.99,0,0.0,random same-size day subsets,0.539,183,218,True,True,True,False,False,False,True,44988.0,-6022.0
ib-NQ-tf30|pm|mode=break,ib,NQ,30,pm,mode=break,long,T4,32,24,0.75,3302.0,True,True,False,modebreak_atr3-r1,112,2997.0,0.17646663093582504,0.5446428571428571,1.0470457114152958,2.0155,-47803.6,0.0,0,0.2589,same-side random-entry draws,0.0,,,True,True,False,False,False,False,False,15422.0,-4278.0
ib-NQ-tf30|pm|mode=break,ib,NQ,30,pm,mode=break,short,T4,32,26,0.8125,11521.0,True,True,True,modebreak_atr3-r1,106,11441.0,0.6518384247828222,0.5471698113207547,1.18730558920795,2.0155,-24421.2,0.0,0,0.2358,same-side random-entry draws,0.0,,,True,True,False,False,False,False,False,28711.0,-6294.0
ib-NQ-tf30|nyam|mode=break,ib,NQ,30,nyam,mode=break,all,-,32,20,0.625,4643.5,True,False,False,modebreak_pts10-r2,346,2611.0,0.48279157371350395,0.3583815028901734,1.0561589916761662,2.0155,12666.05,1.0,0,0.0665,,,,,True,True,True,False,,,True,67761.0,-16074.0
ib-NQ-tf30|nyam|mode=break,ib,NQ,30,nyam,mode=break,adx_hi,T1,32,11,0.3438,-4912.0,False,False,False,modebreak_pct0p1-r3,148,613.0,0.10206181329738373,0.2635135135135135,1.019540339804278,2.0155,5032.68,0.895,0,0.0946,random same-size day subsets,0.41925,148,328,True,False,True,False,False,False,True,17118.0,-31537.0
ib-NQ-tf30|nyam|mode=break,ib,NQ,30,nyam,mode=break,adx_lo,T1,32,28,0.875,17567.5,True,True,True,modebreak_pts20-r3,180,17510.0,1.7571001632179968,0.32222222222222224,1.3507752714451702,2.0155,-1203.92,0.4,0,0.0444,random same-size day subsets,0.953,180,328,True,True,False,False,False,False,True,60385.0,-2405.0
ib-NQ-tf30|nyam|mode=break,ib,NQ,30,nyam,mode=break,vol_hi,T2,32,13,0.4062,-2164.5,False,False,False,modebreak_pct0p1-r1,168,58.0,0.016103006664023166,0.5178571428571429,1.0025152868728044,2.0155,2220.95,0.825,0,0.0893,random same-size day subsets,0.7545,168,334,True,False,True,False,False,False,True,27103.0,-20802.0
ib-NQ-tf30|nyam|mode=break,ib,NQ,30,nyam,mode=break,vol_lo,T2,32,25,0.7812,9368.5,True,True,False,modebreak_pts30-r2,166,9716.0,0.8671836037460103,0.37349397590361444,1.153295151543838,2.0155,-5298.25,0.2,0,0.0422,random same-size day subsets,0.89375,166,334,True,True,False,False,False,False,True,38826.0,-4774.0
ib-NQ-tf30|nyam|mode=break,ib,NQ,30,nyam,mode=break,news_only,T3,31,7,0.2258,-2664.0,False,False,False,modebreak_pts45-r3,36,16.0,0.0018097463353125365,0.3055555555555556,1.0007034513079798,2.0155,596.38,0.815,0,0.0833,random same-size day subsets,0.4325,36,346,False,False,True,False,False,False,True,5131.0,-19549.0
ib-NQ-tf30|nyam|mode=break,ib,NQ,30,nyam,mode=break,news_never,T3,32,23,0.7188,4902.5,True,True,False,modebreak_pct0p1-r0,310,5805.0,0.30587094726272307,0.1,1.0738681190033847,2.0155,-31272.8,0.005,0,0.0645,random same-size day subsets,0.34375,310,346,True,True,False,False,False,False,True,87310.0,-12905.0
ib-NQ-tf30|nyam|mode=break,ib,NQ,30,nyam,mode=break,long,T4,31,30,0.9677,13400.0,True,True,True,modebreak_atr1p5-r1,165,13400.0,0.8291255623841178,0.5393939393939394,1.1490893312119628,2.0155,-38378.15,0.0,0,0.3273,same-side random-entry draws,0.0,,,True,True,False,False,False,False,False,37075.0,-500.0
ib-NQ-tf30|nyam|mode=break,ib,NQ,30,nyam,mode=break,short,T4,32,9,0.2812,-4229.0,False,False,False,modebreak_pts10-r0,181,5371.0,0.3648224009007629,0.06629834254143646,1.1517831910925225,2.0155,-75301.85,0.0,0,0.3591,same-side random-entry draws,0.0,,,True,False,False,False,False,False,False,50936.0,-28854.0
ib-NQ-tf5|mid|mode=break,ib,NQ,5,mid,mode=break,all,-,32,32,1.0,32445.0,True,True,True,modebreak_atr1p5-r1,310,33010.0,1.9907933406302423,0.5774193548387097,1.275257663186685,2.0155,34113.82,0.99,0,0.0,,,,,True,True,True,False,,,True,124740.0,1705.0
ib-NQ-tf5|mid|mode=break,ib,NQ,5,mid,mode=break,adx_hi,T1,32,32,1.0,28600.5,True,True,True,modebreak_pts30-r3,148,26753.0,2.020879864807293,0.36486486486486486,1.4670076458471528,2.0155,10920.85,0.815,0,0.0,random same-size day subsets,0.92825,148,293,True,True,True,True,False,False,True,77128.0,1853.0
ib-NQ-tf5|mid|mode=break,ib,NQ,5,mid,mode=break,adx_lo,T1,32,15,0.4688,-670.0,False,False,False,modebreak_pts30-r3,145,140.0,0.01147292992746809,0.2827586206896552,1.0022093867373671,2.0155,-2570.5,0.42,0,0.0,random same-size day subsets,0.07325,145,293,True,False,False,False,False,False,True,48225.0,-11345.0
ib-NQ-tf5|mid|mode=break,ib,NQ,5,mid,mode=break,vol_hi,T2,32,29,0.9062,5447.0,True,True,True,modebreak_pts30-r3,147,5482.0,0.4391063972685921,0.29931972789115646,1.0873319314343974,2.0155,-5537.33,0.27,0,0.0,random same-size day subsets,0.13975,147,300,True,True,False,False,False,False,True,45417.0,-4528.0
ib-NQ-tf5|mid|mode=break,ib,NQ,5,mid,mode=break,vol_lo,T2,32,32,1.0,27523.0,True,True,True,modebreak_pts20-r0,153,28648.0,1.6800588415862612,0.23529411764705882,1.5982916692771965,2.0155,981.0,0.575,0,0.0,random same-size day subsets,0.8635,153,300,True,True,True,False,False,False,True,77773.0,3248.0
ib-NQ-tf5|mid|mode=break,ib,NQ,5,mid,mode=break,news_only,T3,32,10,0.3125,-2791.5,False,False,False,modebreak_atr1p5-r1,46,376.0,0.053963487176146456,0.5434782608695652,1.0176824680210685,2.0155,2667.28,0.66,0,0.0,random same-size day subsets,0.2145,46,310,False,False,True,False,False,False,True,4266.0,-18734.0
ib-NQ-tf5|mid|mode=break,ib,NQ,5,mid,mode=break,news_never,T3,32,31,0.9688,35751.5,True,True,True,modebreak_pts20-r0,264,36804.0,1.843596020974299,0.2159090909090909,1.4349943267776097,2.0155,-28377.95,0.025,0,0.0,random same-size day subsets,0.9155,264,310,True,True,False,False,False,False,True,139664.0,-166.0
ib-NQ-tf5|mid|mode=break,ib,NQ,5,mid,mode=break,long,T4,32,32,1.0,22199.0,True,True,True,modebreak_atr1p5-r1,164,21999.0,1.841294134487383,0.6036585365853658,1.364553815560527,2.0155,-21695.45,0.0,0,0.0366,same-side random-entry draws,0.00275,,,True,True,False,False,False,False,False,85949.0,5389.0
ib-NQ-tf5|mid|mode=break,ib,NQ,5,mid,mode=break,short,T4,32,25,0.7812,10131.0,True,True,False,modebreak_atr1p5-r1,146,11011.0,0.9554113866185424,0.547945205479452,1.1848134409775257,2.0155,-17148.1,0.0,0,0.0685,same-side random-entry draws,0.01,,,True,True,False,False,False,False,False,41356.0,-5134.0
ib-NQ-tf5|pm|mode=break,ib,NQ,5,pm,mode=break,all,-,32,26,0.8125,14968.0,True,True,True,modebreak_atr1p5-r2,218,14523.0,1.0078165306407127,0.42660550458715596,1.1804435609119712,2.0155,11524.1,0.82,0,0.0,,,,,True,True,True,False,,,True,38068.0,-6917.0
ib-NQ-tf5|pm|mode=break,ib,NQ,5,pm,mode=break,adx_hi,T1,32,14,0.4375,-812.0,False,False,False,modebreak_pts20-r1,93,108.0,0.02841340427668723,0.5161290322580645,1.0060589060308556,2.0155,1881.62,0.735,0,0.0,random same-size day subsets,0.543,93,210,False,False,True,False,False,False,True,8423.0,-17157.0
ib-NQ-tf5|pm|mode=break,ib,NQ,5,pm,mode=break,adx_lo,T1,32,29,0.9062,10347.0,True,True,True,modebreak_atr1p5-r2,117,10572.0,1.1196470609207232,0.4188034188034188,1.2749044387237694,2.0155,6141.45,0.765,0,0.0,random same-size day subsets,0.68075,117,210,True,True,True,False,False,False,True,50577.0,-328.0
ib-NQ-tf5|pm|mode=break,ib,NQ,5,pm,mode=break,vol_hi,T2,32,9,0.2812,-3997.5,False,False,False,modebreak_pct0p1-r0,105,65.0,0.005431305075888977,0.13333333333333333,1.0025980255006195,2.0155,-8822.12,0.12,0,0.0,random same-size day subsets,0.10575,105,210,True,False,False,False,False,False,True,7770.0,-9310.0
ib-NQ-tf5|pm|mode=break,ib,NQ,5,pm,mode=break,vol_lo,T2,32,32,1.0,14940.0,True,True,True,modebreak_atr1p5-r3,105,14750.0,1.5708755088893573,0.45714285714285713,1.4610383521395305,2.0155,6914.85,0.785,0,0.0,random same-size day subsets,0.80725,105,210,True,True,True,False,False,False,True,34355.0,1215.0
ib-NQ-tf5|pm|mode=break,ib,NQ,5,pm,mode=break,news_only,T3,32,8,0.25,-995.0,False,False,False,modebreak_atr1p5-r1,35,85.0,0.022115523423077404,0.5142857142857142,1.0084133425715134,2.0155,3104.88,0.77,0,0.0,random same-size day subsets,0.5035,35,218,False,False,True,False,False,False,True,6130.0,-9150.0
ib-NQ-tf5|pm|mode=break,ib,NQ,5,pm,mode=break,news_never,T3,32,27,0.8438,12330.5,True,True,True,modebreak_pts10-r0,183,11438.0,0.7833507204758794,0.15300546448087432,1.3563794983642312,2.0155,-9058.28,0.13,0,0.0,random same-size day subsets,0.969,183,218,True,True,False,False,False,False,True,44988.0,-6022.0
ib-NQ-tf5|pm|mode=break,ib,NQ,5,pm,mode=break,long,T4,32,22,0.6875,2664.5,True,False,False,modebreak_pts45-r2,112,2757.0,0.2589855678161126,0.4732142857142857,1.0587145412726808,2.0155,-38620.05,0.0,0,0.0357,same-side random-entry draws,0.0,,,True,True,False,False,False,False,False,15607.0,-4278.0
ib-NQ-tf5|pm|mode=break,ib,NQ,5,pm,mode=break,short,T4,32,26,0.8125,10341.0,True,True,True,modebreak_atr1p5-r2,106,9956.0,1.0071007103768055,0.44339622641509435,1.2636233649314197,2.0155,-24483.7,0.0,0,0.0094,same-side random-entry draws,0.0,,,True,True,False,False,False,False,False,28711.0,-6294.0
lon_break-NQ-tf1|nyam|,lon_break,NQ,1,nyam,,all,-,32,26,0.8125,9898.0,True,True,True,min_rng_atr0_pts20-r3,548,10073.0,0.6057634430068427,0.2664233576642336,1.061218040269109,2.0155,17124.97,0.885,0,0.0,,,,,True,True,True,False,,,True,56383.0,-29672.0
lon_break-NQ-tf1|nyam|,lon_break,NQ,1,nyam,,adx_hi,T1,32,23,0.7188,6531.5,True,True,False,min_rng_atr0_pts20-r3,244,6059.0,0.542790044174942,0.27049180327868855,1.0831400853492872,2.0155,8540.9,0.82,0,0.0,random same-size day subsets,0.48075,244,522,True,True,True,False,False,False,True,21114.0,-16106.0
lon_break-NQ-tf1|nyam|,lon_break,NQ,1,nyam,,adx_lo,T1,32,22,0.6875,3555.5,True,False,False,min_rng_atr0_pts10-r2,278,4123.0,0.8440804617763092,0.37050359712230213,1.1124505659348152,2.0155,8445.95,0.985,0,0.0,random same-size day subsets,0.14575,278,522,True,True,True,False,False,False,True,68673.0,-12757.0
lon_break-NQ-tf1|nyam|,lon_break,NQ,1,nyam,,vol_hi,T2,32,11,0.3438,-2854.0,False,False,False,min_rng_atr0_pts30-r1,261,91.0,0.009330458552907686,0.5057471264367817,1.0011580407477634,2.0155,1405.65,0.565,0,0.0,random same-size day subsets,0.12925,261,530,True,False,True,False,False,False,True,10716.0,-49419.0
lon_break-NQ-tf1|nyam|,lon_break,NQ,1,nyam,,vol_lo,T2,32,32,1.0,14361.5,True,True,True,min_rng_atr0_pts20-r3,269,13529.0,1.1347813553232053,0.2862453531598513,1.1722057457072668,2.0155,14720.52,0.935,0,0.0,random same-size day subsets,0.83075,269,530,True,True,True,False,False,False,True,74884.0,1289.0
lon_break-NQ-tf1|nyam|,lon_break,NQ,1,nyam,,news_only,T3,32,5,0.1562,-7679.0,False,False,False,min_rng_atr0_pts10-r1,71,941.0,0.5496280078336124,0.5492957746478874,1.14038490228256,2.0155,2177.3,0.9,0,0.0,random same-size day subsets,0.52175,71,548,False,False,True,False,False,False,True,1476.0,-29219.0
lon_break-NQ-tf1|nyam|,lon_break,NQ,1,nyam,,news_never,T3,32,30,0.9375,12912.0,True,True,True,min_rng_atr0_atr3-r1,477,12717.0,1.307144409350517,0.5324947589098532,1.1362628178340672,2.0155,34771.82,0.985,0,0.0,random same-size day subsets,0.99525,477,548,True,True,True,False,True,False,True,82282.0,-16298.0
lon_break-NQ-tf1|nyam|,lon_break,NQ,1,nyam,,long,T4,32,29,0.9062,9098.0,True,True,True,min_rng_atr0_pts10-r2,293,9473.0,1.8632264512319043,0.3993174061433447,1.2570064299085706,2.0155,-1983.7,0.26,0,0.0239,same-side random-entry draws,0.29475,,,True,True,False,False,False,False,False,34423.0,-7327.0
lon_break-NQ-tf1|nyam|,lon_break,NQ,1,nyam,,short,T4,32,18,0.5625,405.0,False,False,False,min_rng_atr0_atr1p5-r3,255,240.0,0.034661589569244665,0.27058823529411763,1.0053028127002364,2.0155,-7786.57,0.135,0,0.0314,same-side random-entry draws,0.152,,,True,False,False,False,False,False,False,28180.0,-22610.0
lon_break-NQ-tf5|nyam|,lon_break,NQ,5,nyam,,all,-,64,48,0.75,10007.0,True,True,False,min_rng_atr0_pts20-r3,548,10073.0,0.6057634430068427,0.2664233576642336,1.061218040269109,2.0155,9435.95,0.765,0,0.0,,,,,True,True,True,False,,,True,58931.0,-44772.0
lon_break-NQ-tf5|nyam|,lon_break,NQ,5,nyam,,adx_hi,T1,64,44,0.6875,7237.0,True,False,False,min_rng_atr2_atr3-r3,242,7147.0,0.2550205186302601,0.2892561983471074,1.0412280145137378,2.0155,-63391.02,0.0,0,0.0,random same-size day subsets,0.69375,242,515,True,True,False,False,False,False,True,21127.0,-14361.0
lon_break-NQ-tf5|nyam|,lon_break,NQ,5,nyam,,adx_lo,T1,64,46,0.7188,4453.0,True,True,False,min_rng_atr0_pts20-r2,278,4338.0,0.45101626140779816,0.35251798561151076,1.0588842133840097,2.0155,16422.47,0.97,0,0.0,random same-size day subsets,0.23575,278,522,True,True,True,False,False,False,True,70003.0,-36362.0
lon_break-NQ-tf5|nyam|,lon_break,NQ,5,nyam,,vol_hi,T2,64,23,0.3594,-3067.0,False,False,False,min_rng_atr0_pts30-r1,261,91.0,0.009330458552907686,0.5057471264367817,1.0011580407477634,2.0155,7258.5,0.805,0,0.0,random same-size day subsets,0.12725,261,530,True,False,True,False,False,False,True,10716.0,-49419.0
lon_break-NQ-tf5|nyam|,lon_break,NQ,5,nyam,,vol_lo,T2,64,62,0.9688,17499.5,True,True,True,min_rng_atr0_pts30-r1,269,16884.0,1.7163258125081604,0.5576208178438662,1.2328313751447957,2.0155,12855.4,0.925,0,0.0,random same-size day subsets,0.86625,269,530,True,True,True,False,False,False,True,76085.0,-5066.0
lon_break-NQ-tf5|nyam|,lon_break,NQ,5,nyam,,news_only,T3,64,13,0.2031,-8759.0,False,False,False,min_rng_atr2_pct0p1-r1,64,134.0,0.0585614594495942,0.515625,1.0149737400826908,2.0155,105.25,0.495,0,0.0,random same-size day subsets,0.3165,64,541,False,False,True,False,False,False,True,2669.0,-35691.0
lon_break-NQ-tf5|nyam|,lon_break,NQ,5,nyam,,news_never,T3,32,28,0.875,14949.5,True,True,True,min_rng_atr0_pts30-r1,477,13107.0,0.996395179409815,0.5283018867924528,1.095612211401685,2.0155,13804.7,0.88,0,0.0,random same-size day subsets,0.69375,477,548,True,True,True,False,False,False,True,82282.0,-19298.0
lon_break-NQ-tf5|nyam|,lon_break,NQ,5,nyam,,long,T4,64,55,0.8594,9490.5,True,True,True,min_rng_atr0_pts10-r2,293,9473.0,1.8632264512319043,0.3993174061433447,1.2570064299085706,2.0155,14573.25,1.0,0,0.0205,same-side random-entry draws,1.0,,,True,True,True,False,True,False,False,35050.0,-21625.0
lon_break-NQ-tf5|nyam|,lon_break,NQ,5,nyam,,short,T4,64,39,0.6094,1283.0,True,False,False,min_rng_atr0_pts45-r1,255,1210.0,0.08435383684303253,0.5098039215686274,1.0106796116504855,2.0155,-5959.02,0.27,0,0.0471,same-side random-entry draws,0.27075,,,True,True,False,False,False,False,False,31816.0,-26335.0
orb-NQ-tf1|nyam|,orb,NQ,1,nyam,,all,-,96,68,0.7083,6708.0,True,True,False,or_min15_pts20-r2,564,6564.0,0.4805362920757716,0.34929078014184395,1.0436877695543367,2.0155,16201.0,0.87,0,0.0,,,,,True,True,True,False,,,True,103987.0,-41392.0
orb-NQ-tf1|nyam|,orb,NQ,1,nyam,,adx_hi,T1,96,78,0.8125,7146.5,True,True,True,or_min15_atr1p5-r1,254,7084.0,0.8108021923191125,0.531496062992126,1.1146352514725872,2.0155,11135.02,0.95,0,0.0,random same-size day subsets,0.87325,254,538,True,True,True,False,False,False,True,49749.0,-8631.0
orb-NQ-tf1|nyam|,orb,NQ,1,nyam,,adx_lo,T1,96,44,0.4583,-1745.5,False,False,False,or_min30_pts30-r1,263,1233.0,0.1259159317927632,0.5095057034220533,1.0156808383461993,2.0155,5303.3,0.675,0,0.0,random same-size day subsets,0.32275,263,496,True,False,True,False,False,False,True,65723.0,-35084.0
orb-NQ-tf1|nyam|,orb,NQ,1,nyam,,vol_hi,T2,96,34,0.3542,-6226.5,False,False,False,or_min30_atr3-r0,254,424.0,0.012135515123640106,0.2637795275590551,1.0020543332380458,2.0155,-37764.03,0.045,0,0.0,random same-size day subsets,0.02725,254,503,True,False,False,False,False,False,True,31959.0,-54184.0
orb-NQ-tf1|nyam|,orb,NQ,1,nyam,,vol_lo,T2,96,76,0.7917,13546.5,True,True,False,or_min30_atr1p5-r2,249,13399.0,1.210596099956837,0.3654618473895582,1.1873016760557473,2.0155,20221.83,0.995,0,0.0,random same-size day subsets,0.92375,249,503,True,True,True,False,False,False,True,96764.0,-12058.0
orb-NQ-tf1|nyam|,orb,NQ,1,nyam,,news_only,T3,96,64,0.6667,3306.0,True,False,False,or_min5_pts30-r3,71,3641.0,0.4029907446356944,0.28169014084507044,1.1170212765957446,2.0155,5749.45,0.77,0,0.0,random same-size day subsets,0.6665,71,568,False,True,True,False,False,False,True,16349.0,-17224.0
orb-NQ-tf1|nyam|,orb,NQ,1,nyam,,news_never,T3,96,58,0.6042,3340.5,True,False,False,or_min30_pts10-r3,458,3123.0,0.4083003383922059,0.2685589519650655,1.0444966873263517,2.0155,13421.3,0.98,0,0.0,random same-size day subsets,0.2325,458,522,True,True,True,False,False,False,True,90533.0,-31843.0
orb-NQ-tf1|nyam|,orb,NQ,1,nyam,,long,T4,96,56,0.5833,3041.0,False,False,False,or_min5_pts10-r0,287,3177.0,0.19273412241399424,0.05574912891986063,1.055958713495614,2.0155,-106452.27,0.0,0,0.0279,same-side random-entry draws,0.0,,,True,False,False,False,False,False,False,61552.0,-24744.0
orb-NQ-tf1|nyam|,orb,NQ,1,nyam,,short,T4,96,60,0.625,6135.0,True,False,False,or_min15_pts30-r3,263,5863.0,0.3451048901384457,0.26996197718631176,1.050487393221273,2.0155,-79875.12,0.0,0,0.0152,same-side random-entry draws,0.0,,,True,True,False,False,False,False,False,89822.0,-42799.0
orb-NQ-tf15|pre|,orb,NQ,15,pre,,all,-,96,75,0.7812,17217.0,True,True,False,or_min5_pts45-r1,567,16902.0,0.7839696855552256,0.5220458553791887,1.068196123367925,2.0155,15579.0,0.845,0,0.0,,,,,True,True,True,False,,,True,85312.0,-21223.0
orb-NQ-tf15|pre|,orb,NQ,15,pre,,adx_hi,T1,96,65,0.6771,7339.5,True,False,False,or_min5_pts30-r1,253,7303.0,0.7614035369919492,0.5296442687747036,1.100646352723915,2.0155,2255.48,0.625,0,0.0,random same-size day subsets,0.38475,253,539,True,True,True,False,False,False,True,44253.0,-52100.0
orb-NQ-tf15|pre|,orb,NQ,15,pre,,adx_lo,T1,96,74,0.7708,13503.5,True,True,False,or_min15_pct0p2-r2,260,12660.0,0.9880607217866223,0.36923076923076925,1.1394564942003282,2.0155,20665.33,0.985,0,0.0,random same-size day subsets,0.71225,260,495,True,True,True,False,False,False,True,74665.0,-10073.0
orb-NQ-tf15|pre|,orb,NQ,15,pre,,vol_hi,T2,96,36,0.375,-4443.5,False,False,False,or_min5_pts10-r0,270,635.0,0.035408503952350796,0.05185185185185185,1.0115372735696506,2.0155,9812.23,0.72,0,0.0,random same-size day subsets,0.036,270,547,True,False,True,False,False,False,True,62900.0,-43555.0
orb-NQ-tf15|pre|,orb,NQ,15,pre,,vol_lo,T2,96,88,0.9167,22001.5,True,True,True,or_min15_pts45-r1,254,22159.0,1.5516452340840305,0.5551181102362205,1.215697153759296,2.0155,24341.55,1.0,0,0.0,random same-size day subsets,0.92575,254,503,True,True,True,False,False,False,True,96129.0,-6561.0
orb-NQ-tf15|pre|,orb,NQ,15,pre,,news_only,T3,96,49,0.5104,45.5,False,False,False,or_min15_pct0p1-r3,58,33.0,0.00875890963360419,0.25862068965517243,1.00267488044095,2.0155,2342.68,0.8,0,0.0,random same-size day subsets,0.5225,58,522,False,False,True,False,False,False,True,34431.0,-18927.0
orb-NQ-tf15|pre|,orb,NQ,15,pre,,news_never,T3,96,75,0.7812,13092.5,True,True,False,or_min5_atr1p5-r1,496,13216.0,0.877233546673225,0.5181451612903226,1.0893087626114164,2.0155,13756.95,0.855,0,0.0,random same-size day subsets,0.0015,496,567,True,True,True,False,False,False,True,95574.0,-21341.0
orb-NQ-tf15|pre|,orb,NQ,15,pre,,long,T4,96,69,0.7188,5177.0,True,True,False,or_min30_pts10-r0,202,4782.0,0.32822859872476506,0.0594059405940594,1.1202262727844123,2.0155,-52401.95,0.0,0,0.1386,same-side random-entry draws,0.0,,,True,True,False,False,False,False,False,53279.0,-21591.0
orb-NQ-tf15|pre|,orb,NQ,15,pre,,short,T4,96,73,0.7604,11161.0,True,True,False,or_min5_atr3-r3,299,11099.0,0.3105628696820337,0.30434782608695654,1.0446555379867792,2.0155,-22878.3,0.015,0,0.2241,same-side random-entry draws,0.02,,,True,True,False,False,False,False,False,52289.0,-26849.0
orb-NQ-tf30|nyam|,orb,NQ,30,nyam,,all,-,96,71,0.7396,8755.5,True,True,False,or_min15_pts10-r1,564,8809.0,1.8397939403959565,0.5549645390070922,1.1676659243609508,2.0155,19485.12,1.0,0,0.0674,,,,,True,True,True,False,,,True,103987.0,-51092.0
orb-NQ-tf30|nyam|,orb,NQ,30,nyam,,adx_hi,T1,96,77,0.8021,9011.5,True,True,True,or_min5_pct0p1-r0,254,8709.0,0.38895347052467716,0.07874015748031496,1.1292788647092005,2.0155,-9686.4,0.205,0,0.0748,random same-size day subsets,0.57875,254,540,True,True,False,False,False,False,True,67829.0,-38671.0
orb-NQ-tf30|nyam|,orb,NQ,30,nyam,,adx_lo,T1,96,49,0.5104,1506.0,False,False,False,or_min15_pts10-r1,284,1779.0,0.5212388897144635,0.5316901408450704,1.0639536973793005,2.0155,10746.92,1.0,0,0.0634,random same-size day subsets,0.13925,284,538,True,False,True,False,False,False,True,65793.0,-58836.0
orb-NQ-tf30|nyam|,orb,NQ,30,nyam,,vol_hi,T2,96,34,0.3542,-7189.0,False,False,False,or_min30_pts20-r2,254,874.0,0.09567614538749872,0.3425196850393701,1.0127818889116382,2.0155,4242.4,0.745,0,0.0984,random same-size day subsets,0.15575,254,503,True,False,True,False,False,False,True,31959.0,-71291.0
orb-NQ-tf30|nyam|,orb,NQ,30,nyam,,vol_lo,T2,96,79,0.8229,15989.5,True,True,True,or_min15_pts10-r0,275,16135.0,0.9389803165880581,0.07636363636363637,1.3035119730629596,2.0155,-13375.1,0.14,0,0.0436,random same-size day subsets,0.54975,275,545,True,True,False,False,False,False,True,108709.0,-12563.0
orb-NQ-tf30|nyam|,orb,NQ,30,nyam,,news_only,T3,96,58,0.6042,2458.5,True,False,False,or_min15_pts30-r3,71,2411.0,0.26674461658119764,0.2676056338028169,1.0760256046416297,2.0155,-18957.05,0.0,0,0.0845,random same-size day subsets,0.667,71,564,False,True,False,False,False,False,True,16349.0,-30741.0
orb-NQ-tf30|nyam|,orb,NQ,30,nyam,,news_never,T3,96,67,0.6979,5540.5,True,False,False,or_min30_pts20-r2,458,5398.0,0.43846840783924007,0.34934497816593885,1.04425968744363,2.0155,701.27,0.51,0,0.0677,random same-size day subsets,0.06025,458,522,True,True,True,False,False,False,True,103837.0,-32763.0
orb-NQ-tf30|nyam|,orb,NQ,30,nyam,,long,T4,96,62,0.6458,5323.0,True,False,False,or_min15_pts10-r3,301,5446.0,0.8644275981800966,0.2823920265780731,1.1204494183217588,2.0155,18920.35,1.0,0,0.3389,same-side random-entry draws,1.0,,,True,True,True,False,True,False,False,72122.0,-24574.0
orb-NQ-tf30|nyam|,orb,NQ,30,nyam,,short,T4,96,62,0.6458,7571.5,True,False,False,or_min5_atr3-r2,281,7536.0,0.1732309519761796,0.40569395017793597,1.0242695152859944,2.0155,39467.25,1.0,0,0.4128,same-side random-entry draws,1.0,,,True,True,True,False,True,False,False,89822.0,-44389.0
orb-NQ-tf5|pre|,orb,NQ,5,pre,,all,-,96,74,0.7708,16580.0,True,True,False,or_min5_pts20-r2,567,16677.0,1.2035754595133648,0.36507936507936506,1.1126101488909146,2.0155,20091.28,0.97,0,0.0,,,,,True,True,True,False,,,True,91597.0,-17502.0
orb-NQ-tf5|pre|,orb,NQ,5,pre,,adx_hi,T1,96,68,0.7083,7275.5,True,True,False,or_min5_pts20-r2,253,7248.0,0.7840038857351681,0.36363636363636365,1.1098448108632395,2.0155,8130.85,0.865,0,0.0,random same-size day subsets,0.5425,253,539,True,True,True,False,False,False,True,44468.0,-27804.0
orb-NQ-tf5|pre|,orb,NQ,5,pre,,adx_lo,T1,96,72,0.75,10248.0,True,True,False,or_min5_pct0p2-r2,286,10006.0,0.7489175793887927,0.36363636363636365,1.0987681130809017,2.0155,7807.93,0.82,0,0.0,random same-size day subsets,0.359,286,539,True,True,True,False,False,False,True,68780.0,-10073.0
orb-NQ-tf5|pre|,orb,NQ,5,pre,,vol_hi,T2,96,39,0.4062,-1338.5,False,False,False,or_min5_pts10-r0,270,635.0,0.035408503952350796,0.05185185185185185,1.0115372735696506,2.0155,-8763.48,0.285,0,0.0,random same-size day subsets,0.03775,270,547,True,False,False,False,False,False,True,37680.0,-43555.0
orb-NQ-tf5|pre|,orb,NQ,5,pre,,vol_lo,T2,96,87,0.9062,20241.0,True,True,True,or_min15_atr3-r2,254,19949.0,1.0208511897896129,0.3937007874015748,1.1591959205496725,2.0155,10669.67,0.79,0,0.0,random same-size day subsets,0.83525,254,503,True,True,True,False,False,False,True,96129.0,-6561.0
orb-NQ-tf5|pre|,orb,NQ,5,pre,,news_only,T3,96,53,0.5521,1258.0,False,False,False,or_min15_atr3-r1,58,993.0,0.08839829412776655,0.5344827586206896,1.026821165221619,2.0155,-9852.42,0.165,0,0.0,random same-size day subsets,0.597,58,522,False,False,False,False,False,False,True,35281.0,-18927.0
orb-NQ-tf5|pre|,orb,NQ,5,pre,,news_never,T3,96,71,0.7396,10340.5,True,True,False,or_min5_pts10-r2,496,10291.0,1.5676843899355235,0.3810483870967742,1.1594193918175764,2.0155,17143.08,1.0,0,0.0,random same-size day subsets,0.00025,496,567,True,True,True,False,False,False,True,88409.0,-8441.0
orb-NQ-tf5|pre|,orb,NQ,5,pre,,long,T4,96,64,0.6667,3898.5,True,False,False,or_min5_pts20-r3,268,3848.0,0.3306816030270426,0.26492537313432835,1.0474663245670301,2.0155,1269.07,0.56,0,0.1194,same-side random-entry draws,0.605,,,True,True,True,False,False,False,False,48869.0,-11048.0
orb-NQ-tf5|pre|,orb,NQ,5,pre,,short,T4,96,74,0.7708,11063.0,True,True,False,or_min15_atr3-r3,273,10903.0,0.40035436648171596,0.2857142857142857,1.0620988181688737,2.0155,-52901.15,0.0,0,0.1282,same-side random-entry draws,0.0,,,True,True,False,False,False,False,False,51124.0,-16594.0
orb-NQ-tf5|nyam|,orb,NQ,5,nyam,,all,-,96,68,0.7083,7324.5,True,True,False,or_min30_pts20-r1,522,7797.0,0.847929300941126,0.5268199233716475,1.0771193733123645,2.0155,14710.6,0.975,0,0.0,,,,,True,True,True,False,,,True,122677.0,-50012.0
orb-NQ-tf5|nyam|,orb,NQ,5,nyam,,adx_hi,T1,96,78,0.8125,7986.5,True,True,True,or_min15_pts10-r2,254,7939.0,1.677579789033796,0.39763779527559057,1.247652618772811,2.0155,13528.85,1.0,0,0.0,random same-size day subsets,0.93775,254,538,True,True,True,False,False,False,True,55664.0,-21226.0
orb-NQ-tf5|nyam|,orb,NQ,5,nyam,,adx_lo,T1,96,46,0.4792,-1335.0,False,False,False,or_min30_pts30-r1,263,1233.0,0.1259159317927632,0.5095057034220533,1.0156808383461993,2.0155,-1775.4,0.36,0,0.0,random same-size day subsets,0.331,263,496,True,False,False,False,False,False,True,67258.0,-54461.0
orb-NQ-tf5|nyam|,orb,NQ,5,nyam,,vol_hi,T2,96,33,0.3438,-8159.0,False,False,False,or_min30_pts20-r2,254,874.0,0.09567614538749872,0.3425196850393701,1.0127818889116382,2.0155,11818.05,0.945,0,0.0,random same-size day subsets,0.1625,254,503,True,False,True,False,False,False,True,31959.0,-56505.0
orb-NQ-tf5|nyam|,orb,NQ,5,nyam,,vol_lo,T2,96,78,0.8125,15830.5,True,True,True,or_min5_pct0p1-r0,277,15817.0,0.8284067860699361,0.09747292418772563,1.2230259447264524,2.0155,-26693.32,0.035,0,0.0,random same-size day subsets,0.6875,277,548,True,True,False,False,False,False,True,125269.0,-7355.0
orb-NQ-tf5|nyam|,orb,NQ,5,nyam,,news_only,T3,96,60,0.625,2458.5,True,False,False,or_min15_pts30-r3,71,2411.0,0.26674461658119764,0.2676056338028169,1.0760256046416297,2.0155,-2096.73,0.45,0,0.0,random same-size day subsets,0.67425,71,564,False,True,False,False,False,False,True,16349.0,-17224.0
orb-NQ-tf5|nyam|,orb,NQ,5,nyam,,news_never,T3,96,63,0.6562,4630.5,True,False,False,or_min15_pts10-r3,493,4718.0,0.59247427050007,0.2718052738336714,1.0627844462779124,2.0155,22363.8,1.0,0,0.0,random same-size day subsets,0.2,493,564,True,True,True,False,False,False,True,125253.0,-41903.0
orb-NQ-tf5|nyam|,orb,NQ,5,nyam,,long,T4,96,61,0.6354,5026.0,True,False,False,or_min5_atr1p5-r1,287,5077.0,0.5160631291911031,0.519163763066202,1.0673771100966132,2.0155,4980.48,0.73,0,0.0244,same-side random-entry draws,0.72575,,,True,True,True,False,False,False,False,78277.0,-24574.0
orb-NQ-tf5|nyam|,orb,NQ,5,nyam,,short,T4,96,59,0.6146,5503.0,True,False,False,or_min15_atr3-r2,263,5673.0,0.1800052032927298,0.3688212927756654,1.025695378636555,2.0155,-88293.38,0.0,0,0.1027,same-side random-entry draws,0.0,,,True,True,False,False,False,False,False,89822.0,-50269.0
pinbar-ES-tf30|mid|,pinbar,ES,30,mid,,all,-,96,70,0.7292,6564.75,True,True,False,wick0p75_atr1p5-r2,26,6608.5,1.2231362230785228,0.5384615384615384,1.8073422515423614,1.2986,5675.94,0.965,0,0.0,,,,,False,True,True,False,,,True,44626.0,-3909.5
pinbar-ES-tf30|mid|,pinbar,ES,30,mid,,adx_hi,T1,94,82,0.8723,6351.0,True,True,True,wick0p6_pct0p2-r2,40,6427.5,1.7132604313685074,0.55,1.7913691209061808,1.2986,4663.94,0.965,0,0.0,random same-size day subsets,0.8395,40,99,False,True,True,True,False,False,True,27815.0,-3009.5
pinbar-ES-tf30|mid|,pinbar,ES,30,mid,,adx_lo,T1,93,50,0.5376,1074.0,False,False,False,wick0p75_atr1p5-r3,19,1074.0,0.2457973666653178,0.47368421052631576,1.137648189682794,1.2986,1255.44,0.655,0,0.0,random same-size day subsets,0.03475,19,25,False,False,True,False,False,False,True,14326.5,-2826.0
pinbar-ES-tf30|mid|,pinbar,ES,30,mid,,vol_hi,T2,96,65,0.6771,3830.25,True,False,False,wick0p6_pct0p2-r2,47,4012.0,1.024409359287788,0.48936170212765956,1.3849918433931485,1.2986,1943.12,0.73,0,0.0,random same-size day subsets,0.53225,47,101,False,True,True,False,False,False,True,27774.5,-2283.5
pinbar-ES-tf30|mid|,pinbar,ES,30,mid,,vol_lo,T2,91,69,0.7582,2621.5,True,True,False,wick0p6_pts12-r1,54,2621.5,0.6466605140261569,0.5740740740740741,1.204932770481551,1.2986,79.62,0.495,0,0.0,random same-size day subsets,0.22025,54,101,False,True,True,False,False,False,True,13605.0,-3085.5
pinbar-ES-tf30|mid|,pinbar,ES,30,mid,,news_only,T3,36,0,0.0,-1950.75,False,False,False,,0,0.0,,,,1.2986,,,,,,,,,False,False,False,False,False,False,True,0.0,-6060.5
pinbar-ES-tf30|mid|,pinbar,ES,30,mid,,news_never,T3,96,74,0.7708,6564.75,True,True,False,wick0p75_atr1p5-r2,26,6608.5,1.2231362230785228,0.5384615384615384,1.8073422515423614,1.2986,5696.12,0.945,0,0.0,random same-size day subsets,0.0,26,26,False,True,True,False,False,False,True,49907.5,-3195.5
pinbar-ES-tf30|mid|,pinbar,ES,30,mid,,long,T4,92,44,0.4783,-97.5,False,False,False,wick0p75_atr3-r0,15,202.5,0.040439350348124764,0.5333333333333333,1.025542381432896,1.2986,39.75,0.515,0,0.0667,same-side random-entry draws,0.50325,,,False,False,True,False,False,False,False,16402.0,-6401.0
pinbar-ES-tf30|mid|,pinbar,ES,30,mid,,short,T4,96,87,0.9062,6248.5,True,True,True,wick0p6_pts5-r3,46,6241.0,1.8769005253391713,0.41304347826086957,1.8673476478354527,1.2986,1819.31,0.85,0,0.1739,same-side random-entry draws,0.85275,,,False,True,True,True,False,False,False,28832.5,-1400.5
pinbar-NQ-tf5|london|,pinbar,NQ,5,london,,all,-,96,64,0.6667,6312.5,True,False,False,wick0p6_pct0p2-r3,539,6204.0,0.2769997561130447,0.2634508348794063,1.0279966425689762,2.0155,3921.78,0.565,0,0.0,,,,,True,True,True,False,,,True,89727.0,-33137.0
pinbar-NQ-tf5|london|,pinbar,NQ,5,london,,adx_hi,T1,96,37,0.3854,-4034.5,False,False,False,wick0p75_pct0p2-r3,105,410.0,0.04267917898060384,0.2761904761904762,1.0096575116596787,2.0155,-14229.92,0.035,0,0.0,random same-size day subsets,0.261,92,197,True,False,False,False,False,False,True,39075.0,-52986.0
pinbar-NQ-tf5|london|,pinbar,NQ,5,london,,adx_lo,T1,96,82,0.8542,8703.5,True,True,True,wick0p6_atr3-r1,279,7974.0,0.6778169718461732,0.5125448028673835,1.0907745548927645,2.0155,11149.02,0.86,0,0.0,random same-size day subsets,0.98325,218,407,True,True,True,False,False,False,True,54301.0,-10535.0
pinbar-NQ-tf5|london|,pinbar,NQ,5,london,,vol_hi,T2,96,71,0.7396,3725.5,True,True,False,wick0p75_pts45-r1,101,3806.0,0.4178124848375405,0.5247524752475248,1.0871297101781054,2.0155,1505.57,0.505,0,0.0,random same-size day subsets,0.26375,97,201,True,True,True,False,False,False,True,39277.0,-28155.0
pinbar-NQ-tf5|london|,pinbar,NQ,5,london,,vol_lo,T2,96,47,0.4896,-702.5,False,False,False,wick0p75_pct0p1-r1,119,399.0,0.13113770107856967,0.5210084033613446,1.024655502688006,2.0155,2621.45,0.85,0,0.0,random same-size day subsets,0.45725,104,201,True,False,True,False,False,False,True,63216.0,-18100.0
pinbar-NQ-tf5|london|,pinbar,NQ,5,london,,news_only,T3,96,15,0.1562,-3218.0,False,False,False,wick0p75_pts10-r2,34,129.0,0.07524315982573,0.35294117647058826,1.027903958468527,2.0155,1163.8,0.755,0,0.0,random same-size day subsets,0.54225,30,208,False,False,True,False,False,False,True,5065.0,-18717.0
pinbar-NQ-tf5|london|,pinbar,NQ,5,london,,news_never,T3,96,69,0.7188,9129.5,True,True,False,wick0p667_atr1p5-r2,364,9339.0,0.8308138145341075,0.3598901098901099,1.1067655935613683,2.0155,10569.05,0.875,0,0.0,random same-size day subsets,0.9875,270,312,True,True,True,False,False,False,True,96442.0,-28690.0
pinbar-NQ-tf5|london|,pinbar,NQ,5,london,,long,T4,96,61,0.6354,1489.5,True,False,False,wick0p6_pts20-r3,298,1608.0,0.1323214348137089,0.25838926174496646,1.0177710976526237,2.0155,-21669.62,0.0,0,0.0738,same-side random-entry draws,0.0025,,,True,True,False,False,False,False,False,36006.0,-33045.0
pinbar-NQ-tf5|london|,pinbar,NQ,5,london,,short,T4,96,56,0.5833,3018.0,False,False,False,wick0p6_pts30-r3,256,2731.0,0.1618964099724196,0.2578125,1.023582746858944,2.0155,-14446.4,0.03,0,0.0859,same-side random-entry draws,0.03975,,,True,False,False,False,False,False,False,69355.0,-21699.0
rsi2-ES-tf30|eve|,rsi2,ES,30,eve,,all,-,96,81,0.8438,18853.25,True,True,True,th5_pct0p2-r3,416,18736.0,1.2139173800447847,0.3004807692307692,1.1469905228142847,1.2986,14589.62,0.925,0,0.0024,,,,,True,True,True,False,,,True,71079.5,-25775.5
rsi2-ES-tf30|eve|,rsi2,ES,30,eve,,adx_hi,T1,96,47,0.4896,-113.0,False,False,False,th5_pct0p1-r3,202,54.5,0.009941193162081717,0.2722772277227723,1.0015900570378258,1.2986,-5997.0,0.04,0,0.005,random same-size day subsets,0.2965,141,328,True,False,False,False,False,False,True,17566.0,-29884.0
rsi2-ES-tf30|eve|,rsi2,ES,30,eve,,adx_lo,T1,96,83,0.8646,21829.5,True,True,True,th5_atr1p5-r3,227,21942.0,1.9420856916385976,0.33480176211453744,1.3697580950936528,1.2986,15460.94,1.0,0,0.0044,random same-size day subsets,0.81025,187,328,True,True,True,True,False,False,True,57062.5,-15189.5
rsi2-ES-tf30|eve|,rsi2,ES,30,eve,,vol_hi,T2,96,82,0.8542,15913.75,True,True,True,th5_atr1p5-r2,202,15417.0,1.3633784225385457,0.400990099009901,1.2619866941959166,1.2986,19281.88,0.99,0,0.005,random same-size day subsets,0.6855,163,335,True,True,True,True,False,False,True,38407.5,-17517.5
rsi2-ES-tf30|eve|,rsi2,ES,30,eve,,vol_lo,T2,96,72,0.75,5416.25,True,True,False,th5_atr3-r0,176,5433.5,0.3171156922948121,0.2840909090909091,1.0648648326001444,1.2986,-6314.5,0.275,0,0.0,random same-size day subsets,0.1785,172,335,True,True,False,False,False,False,True,40810.5,-6344.5
rsi2-ES-tf30|eve|,rsi2,ES,30,eve,,news_only,T3,96,83,0.8646,5324.5,True,True,True,th5_atr3-r1,44,5311.5,0.9068546180724808,0.6136363636363636,1.3772238201768403,1.2986,8255.88,0.995,0,0.0,random same-size day subsets,0.5215,43,349,False,True,True,False,False,False,True,19189.5,-2667.5
rsi2-ES-tf30|eve|,rsi2,ES,30,eve,,news_never,T3,96,78,0.8125,12679.0,True,True,True,th5_atr1p5-r0,372,12687.0,0.5710837726052068,0.18548387096774194,1.0987991776469488,1.2986,-786.0,0.51,0,0.0054,random same-size day subsets,0.12825,306,349,True,True,False,False,False,False,True,61022.0,-23108.0
rsi2-ES-tf30|eve|,rsi2,ES,30,eve,,long,T4,96,67,0.6979,8620.75,True,False,False,th10_pts5-r2,380,8530.0,1.1813852400983078,0.37894736842105264,1.1356250198747098,1.2986,37423.5,1.0,0,0.1737,same-side random-entry draws,1.0,,,True,True,True,False,True,False,False,50908.5,-15015.5
rsi2-ES-tf30|eve|,rsi2,ES,30,eve,,short,T4,96,68,0.7083,7505.75,True,True,False,th5_atr1p5-r3,213,7860.5,0.6946751350450303,0.27699530516431925,1.1318245469867596,1.2986,29247.0,1.0,0,0.2207,same-side random-entry draws,1.0,,,True,True,True,False,True,False,False,36261.5,-10760.0
rsi2-NQ-tf15|asia|,rsi2,NQ,15,asia,,all,-,96,75,0.7812,14437.0,True,True,False,th15_pts20-r2,867,13782.0,0.8119303631855639,0.35294117647058826,1.0599754562782318,2.0155,4433.67,0.68,0,0.0046,,,,,True,True,True,False,,,True,74824.0,-26167.0
rsi2-NQ-tf15|asia|,rsi2,NQ,15,asia,,adx_hi,T1,96,75,0.7812,9277.0,True,True,False,th5_pct0p2-r1,238,9253.0,1.0772657004274675,0.5378151260504201,1.1513783231083845,2.0155,17327.4,0.995,0,0.0,random same-size day subsets,0.83775,187,374,True,True,True,False,False,False,True,77110.0,-12427.0
rsi2-NQ-tf15|asia|,rsi2,NQ,15,asia,,adx_lo,T1,96,47,0.4896,-936.0,False,False,False,th10_pct0p1-r2,440,5.0,0.0006105371459178723,0.3386363636363636,1.00006201627307,2.0155,-27211.88,0.0,0,0.0045,random same-size day subsets,0.482,246,473,True,False,False,False,False,False,True,32294.0,-43775.0
rsi2-NQ-tf15|asia|,rsi2,NQ,15,asia,,vol_hi,T2,96,74,0.7708,10124.0,True,True,False,th10_pct0p2-r1,359,10039.0,0.9627706684272584,0.5292479108635098,1.1078986683290162,2.0155,13700.85,0.985,0,0.0,random same-size day subsets,0.7655,238,480,True,True,True,False,False,False,True,45493.0,-18080.0
rsi2-NQ-tf15|asia|,rsi2,NQ,15,asia,,vol_lo,T2,96,55,0.5729,1291.5,False,False,False,th5_atr1p5-r1,301,1431.0,0.21075253193752716,0.4750830564784053,1.0278502199213733,2.0155,818.85,0.58,0,0.0033,random same-size day subsets,0.3215,195,379,True,False,True,False,False,False,True,40992.0,-15452.0
rsi2-NQ-tf15|asia|,rsi2,NQ,15,asia,,news_only,T3,96,59,0.6146,2275.0,True,False,False,th5_atr1p5-r0,72,2352.0,0.1934793201373035,0.08333333333333333,1.0998132744865048,2.0155,-940.25,0.54,0,0.0417,random same-size day subsets,0.5315,50,396,False,True,False,False,False,False,True,25480.0,-13217.0
rsi2-NQ-tf15|asia|,rsi2,NQ,15,asia,,news_never,T3,96,74,0.7708,11118.5,True,True,False,th10_atr1p5-r2,719,10329.0,0.5875660824810838,0.32684283727399166,1.05589104249862,2.0155,-12563.15,0.13,0,0.0042,random same-size day subsets,0.7285,437,499,True,True,False,False,False,False,True,67628.0,-22288.0
rsi2-NQ-tf15|asia|,rsi2,NQ,15,asia,,long,T4,96,79,0.8229,14779.5,True,True,True,th5_pct0p2-r2,243,14883.0,1.1866729071835505,0.36213991769547327,1.1779730941704036,2.0155,42635.68,1.0,0,0.2305,same-side random-entry draws,1.0,,,True,True,True,False,True,False,False,67899.0,-10150.0
rsi2-NQ-tf15|asia|,rsi2,NQ,15,asia,,short,T4,96,44,0.4583,-630.5,False,False,False,th10_atr1p5-r1,442,322.0,0.03407852840287849,0.4819004524886878,1.0037077125025908,2.0155,38208.68,1.0,0,0.1561,same-side random-entry draws,1.0,,,True,False,True,False,True,False,False,25902.0,-24642.0
rsi2-NQ-tf30|eve|,rsi2,NQ,30,eve,,all,-,96,95,0.9896,44214.5,True,True,True,th5_pts30-r3,436,42786.0,1.8757893005042097,0.2981651376146789,1.2293491428755212,2.0155,-1222.12,0.475,0,0.0069,,,,,True,True,False,False,,,True,166272.0,-2265.0
rsi2-NQ-tf30|eve|,rsi2,NQ,30,eve,,adx_hi,T1,96,90,0.9375,26052.5,True,True,True,th5_pts45-r1,191,25981.0,2.108326297199533,0.581151832460733,1.3569063809327564,2.0155,1899.95,0.61,0,0.0,random same-size day subsets,0.887,165,334,True,True,True,True,False,False,True,95837.0,-22242.0
rsi2-NQ-tf30|eve|,rsi2,NQ,30,eve,,adx_lo,T1,96,92,0.9583,22209.0,True,True,True,th5_pts45-r2,189,22094.0,1.2267522860508375,0.38095238095238093,1.2087924549698539,2.0155,-3763.9,0.355,0,0.0,random same-size day subsets,0.51425,169,334,True,True,False,False,False,False,True,111712.0,-4592.0
rsi2-NQ-tf30|eve|,rsi2,NQ,30,eve,,vol_hi,T2,96,79,0.8229,17032.0,True,True,True,th10_pts30-r2,304,16974.0,1.1161066849448138,0.3684210526315789,1.145104207628785,2.0155,-6951.35,0.26,0,0.0033,random same-size day subsets,0.26325,225,460,True,True,False,False,False,False,True,60180.0,-23350.0
rsi2-NQ-tf30|eve|,rsi2,NQ,30,eve,,vol_lo,T2,96,96,1.0,26887.5,True,True,True,th5_pct0p2-r3,210,26835.0,1.8083676237674498,0.3142857142857143,1.3364426223342234,2.0155,-3234.05,0.375,0,0.0143,random same-size day subsets,0.4945,174,340,True,True,False,False,False,False,True,132444.0,883.0
rsi2-NQ-tf30|eve|,rsi2,NQ,30,eve,,news_only,T3,96,86,0.8958,7434.0,True,True,True,th5_pts30-r1,55,7460.0,1.7015349729105838,0.6181818181818182,1.5826304279912526,2.0155,2419.62,0.71,0,0.0,random same-size day subsets,0.8125,48,354,False,True,True,False,False,False,True,26865.0,-16077.0
rsi2-NQ-tf30|eve|,rsi2,NQ,30,eve,,news_never,T3,96,93,0.9688,37047.5,True,True,True,th10_pct0p2-r2,570,37485.0,1.9478725834927746,0.38070175438596493,1.1895412278084816,2.0155,-11662.2,0.195,0,0.0,random same-size day subsets,0.321,420,480,True,True,False,False,False,False,True,147977.0,-4852.0
rsi2-NQ-tf30|eve|,rsi2,NQ,30,eve,,long,T4,96,86,0.8958,20935.0,True,True,True,th5_pts20-r2,248,21403.0,2.286511439377736,0.4112903225806452,1.3579755473414843,2.0155,35223.12,1.0,0,0.1935,same-side random-entry draws,1.0,,,True,True,True,True,True,True,False,114550.0,-20040.0
rsi2-NQ-tf30|eve|,rsi2,NQ,30,eve,,short,T4,96,94,0.9792,19895.0,True,True,True,th10_pts20-r3,348,19708.0,1.4479426170892242,0.29022988505747127,1.1949588477366255,2.0155,53870.75,1.0,0,0.2098,same-side random-entry draws,1.0,,,True,True,True,False,True,False,False,85573.0,-6526.0
squeeze-GC-tf5|nyam|,squeeze,GC,5,nyam,,all,-,96,59,0.6146,2607.0,True,False,False,sq_typeinside_atr1p5-r1,780,2800.0,0.26091410404894533,0.514102564102564,1.0197829527470044,1.2407,20954.2,0.985,0,0.0,,,,,True,True,True,False,,,True,29930.0,-10514.0
squeeze-GC-tf5|nyam|,squeeze,GC,5,nyam,,adx_hi,T1,96,79,0.8229,3168.0,True,True,True,sq_typebbkc_pts7-r0,67,3312.0,0.5247909631049552,0.47761194029850745,1.1782561894510226,1.2407,657.35,0.555,0,0.0,random same-size day subsets,0.5875,67,133,False,True,True,False,False,False,True,17972.0,-7602.0
squeeze-GC-tf5|nyam|,squeeze,GC,5,nyam,,adx_lo,T1,96,54,0.5625,919.0,False,False,False,sq_typebbkc_atr3-r0,67,1042.0,0.173299567037191,0.40298507462686567,1.0603358425014475,1.2407,-595.6,0.44,0,0.0,random same-size day subsets,0.452,66,133,False,False,False,False,False,False,True,17528.0,-10950.0
squeeze-GC-tf5|nyam|,squeeze,GC,5,nyam,,vol_hi,T2,96,42,0.4375,-1739.0,False,False,False,sq_typebbkc_pts2-r3,78,178.0,0.056145324749880966,0.2692307692307692,1.014592556156747,1.2407,1215.1,0.67,0,0.0,random same-size day subsets,0.554,75,137,False,False,True,False,False,False,True,23164.0,-26520.0
squeeze-GC-tf5|nyam|,squeeze,GC,5,nyam,,vol_lo,T2,96,75,0.7812,3655.0,True,True,False,sq_typebbkc_atr3-r0,63,3698.0,0.5801879241031156,0.4444444444444444,1.222503008423586,1.2407,4634.75,0.915,0,0.0,random same-size day subsets,0.7415,62,137,False,True,True,False,False,False,True,24808.0,-5780.0
squeeze-GC-tf5|nyam|,squeeze,GC,5,nyam,,news_only,T3,93,61,0.6559,2374.0,True,False,False,sq_typeinside_pts3-r2,94,2374.0,0.5686053612460683,0.3829787234042553,1.1336561198063282,1.2407,2033.9,0.725,0,0.0,random same-size day subsets,0.66225,65,501,False,True,True,False,False,False,True,19332.0,-7686.0
squeeze-GC-tf5|nyam|,squeeze,GC,5,nyam,,news_never,T3,96,59,0.6146,1419.0,True,False,False,sq_typebbkc_pts5-r2,134,1394.0,0.20934898589558595,0.4253731343283582,1.0422066125711518,1.2407,474.3,0.55,0,0.0,random same-size day subsets,0.9565,130,144,True,True,True,False,False,False,True,27212.0,-21588.0
squeeze-GC-tf5|nyam|,squeeze,GC,5,nyam,,long,T4,96,57,0.5938,1200.0,False,False,False,sq_typebbkc_pts3-r1,66,1226.0,0.4927932353524939,0.5454545454545454,1.1300106044538707,1.2407,-6191.45,0.0,0,0.0152,same-side random-entry draws,0.00025,,,False,False,False,False,False,False,False,10142.0,-12358.0
squeeze-GC-tf5|nyam|,squeeze,GC,5,nyam,,short,T4,96,61,0.6354,3643.0,True,False,False,sq_typebbkc_atr3-r1,81,3626.0,0.6737089113607706,0.5185185185185185,1.1834463219670142,1.2407,-13073.55,0.0,0,0.1852,same-side random-entry draws,0.0,,,False,True,False,False,False,False,False,23652.0,-10256.0
squeeze-NQ-tf15|nyam|,squeeze,NQ,15,nyam,,all,-,96,73,0.7604,3767.0,True,True,False,sq_typebbkc_pct0p2-r1,58,3753.0,0.8850842351872115,0.5689655172413793,1.2666429840142095,2.0155,4123.93,0.91,0,0.0,,,,,False,True,True,False,,,True,34218.0,-31809.0
squeeze-NQ-tf15|nyam|,squeeze,NQ,15,nyam,,adx_hi,T1,96,58,0.6042,722.5,True,False,False,sq_typenr7_pts20-r2,10,725.0,0.3681841249253071,0.4,1.2948352989019927,2.0155,127.55,0.39,0,0.0,random same-size day subsets,0.8485,9,17,False,True,True,False,False,False,True,18032.0,-24949.0
squeeze-NQ-tf15|nyam|,squeeze,NQ,15,nyam,,adx_lo,T1,93,69,0.7419,3103.0,True,True,False,sq_typenr7_pts10-r0,8,3103.0,0.9074874389170193,0.25,3.464654487688642,2.0155,3063.93,1.0,0,0.0,random same-size day subsets,0.8725,8,17,False,True,True,False,False,False,True,25622.0,-10953.0
squeeze-NQ-tf15|nyam|,squeeze,NQ,15,nyam,,vol_hi,T2,93,42,0.4516,-92.0,False,False,False,sq_typenr7_atr1p5-r3,8,43.0,0.007394603354914512,0.375,1.0071487946799667,2.0155,-1099.67,0.485,0,0.0,random same-size day subsets,0.49825,8,17,False,False,False,False,False,False,True,14190.0,-36634.0
squeeze-NQ-tf15|nyam|,squeeze,NQ,15,nyam,,vol_lo,T2,96,85,0.8854,6771.5,True,True,True,sq_typeinside_atr3-r1,117,6872.0,0.3490393819809672,0.5213675213675214,1.0734627554947405,2.0155,12581.38,0.835,0,0.0,random same-size day subsets,0.91075,115,225,True,True,True,False,False,False,True,50447.0,-6384.0
squeeze-NQ-tf15|nyam|,squeeze,NQ,15,nyam,,news_only,T3,94,31,0.3298,-489.5,False,False,False,sq_typebbkc_pct0p1-r2,8,58.0,0.04951171650118717,0.375,1.0397260273972602,2.0155,227.62,0.555,0,0.0,random same-size day subsets,0.64475,8,58,False,False,True,False,False,False,True,4149.0,-18101.0
squeeze-NQ-tf15|nyam|,squeeze,NQ,15,nyam,,news_never,T3,95,79,0.8316,4561.0,True,True,True,sq_typeinside_pct0p1-r3,221,4561.0,0.6150251108044174,0.28054298642533937,1.0996700246935163,2.0155,9232.62,0.96,0,0.0,random same-size day subsets,0.16975,204,233,True,True,True,False,False,False,True,38657.0,-30418.0
squeeze-NQ-tf15|nyam|,squeeze,NQ,15,nyam,,long,T4,93,67,0.7204,1125.0,True,True,False,sq_typenr7_pts30-r2,10,1125.0,0.38149593349805855,0.4,1.3074610549330419,2.0155,3929.9,1.0,0,0.3,same-side random-entry draws,1.0,,,False,True,True,False,True,False,False,18699.0,-13809.0
squeeze-NQ-tf15|nyam|,squeeze,NQ,15,nyam,,short,T4,96,65,0.6771,3121.5,True,False,False,sq_typenr7_pts30-r0,9,3124.0,0.4390052335305499,0.2222222222222222,1.7328172648369693,2.0155,2530.95,0.62,0,0.2222,same-side random-entry draws,0.672,,,False,True,True,False,False,False,False,30186.0,-18434.0
squeeze-NQ-tf30|pm|,squeeze,NQ,30,pm,,all,-,90,79,0.8778,6738.5,True,True,True,sq_typenr7_pts20-r2,371,6661.0,0.6320423332231115,0.38274932614555257,1.0734229120049381,2.0155,27019.15,1.0,0,0.0027,,,,,True,True,True,False,,,True,24912.0,-3816.0
squeeze-NQ-tf30|pm|,squeeze,NQ,30,pm,,adx_hi,T1,88,55,0.625,894.5,True,False,False,sq_typebbkc_atr1p5-r0,12,967.0,0.3418828750043169,0.4166666666666667,1.2849985263778367,2.0155,-708.65,0.455,0,0.0,random same-size day subsets,0.1545,12,37,False,True,False,False,False,False,True,14285.0,-11164.0
squeeze-NQ-tf30|pm|,squeeze,NQ,30,pm,,adx_lo,T1,90,64,0.7111,5007.5,True,True,False,sq_typebbkc_pct0p2-r3,25,5010.0,1.316235881491868,0.52,1.9403153153153154,2.0155,4090.88,0.915,0,0.0,random same-size day subsets,0.5675,25,37,False,True,True,False,False,False,True,18827.0,-9531.0
squeeze-NQ-tf30|pm|,squeeze,NQ,30,pm,,vol_hi,T2,83,51,0.6145,1156.0,True,False,False,sq_typebbkc_pts20-r0,21,1156.0,0.32831450849125027,0.2857142857142857,1.195766299745978,2.0155,4405.82,0.985,0,0.0,random same-size day subsets,0.28375,21,38,False,True,True,False,False,False,True,9286.0,-18290.0
squeeze-NQ-tf30|pm|,squeeze,NQ,30,pm,,vol_lo,T2,88,76,0.8636,6336.0,True,True,True,sq_typebbkc_pct0p2-r0,17,6327.0,1.0417301280981146,0.5294117647058824,2.4775805698271838,2.0155,4408.2,0.895,0,0.0,random same-size day subsets,0.74375,17,38,False,True,True,False,False,False,True,23152.0,-1948.0
squeeze-NQ-tf30|pm|,squeeze,NQ,30,pm,,news_only,T3,80,39,0.4875,-14.0,False,False,False,sq_typeinside_pts30-r1,21,51.0,0.019422198821842828,0.5238095238095238,1.0092391304347825,2.0155,-855.5,0.27,0,0.0,random same-size day subsets,0.31475,21,204,False,False,False,False,False,False,True,7515.0,-15595.0
squeeze-NQ-tf30|pm|,squeeze,NQ,30,pm,,news_never,T3,90,72,0.8,8390.0,True,True,True,sq_typebbkc_atr1p5-r0,33,8653.0,1.2194157631668994,0.45454545454545453,2.0562744140625,2.0155,8781.52,1.0,0,0.0,random same-size day subsets,0.11,33,38,False,True,True,False,False,False,True,29864.0,-5313.0
squeeze-NQ-tf30|pm|,squeeze,NQ,30,pm,,long,T4,90,77,0.8556,6724.5,True,True,True,sq_typenr7_pts10-r1,220,6660.0,2.2491995321795684,0.5909090909090909,1.3538788522848033,2.0155,6396.4,1.0,0,0.1318,same-side random-entry draws,1.0,,,True,True,True,True,True,True,False,18523.0,-6907.0
squeeze-NQ-tf30|pm|,squeeze,NQ,30,pm,,short,T4,86,44,0.5116,367.0,False,False,False,sq_typebbkc_pts30-r0,17,437.0,0.13004656541442058,0.35294117647058826,1.0825462788061957,2.0155,-4323.12,0.015,0,0.1765,same-side random-entry draws,0.008,,,False,False,False,False,False,False,False,22532.0,-14733.0
squeeze-NQ-tf30|pre|,squeeze,NQ,30,pre,,all,-,64,45,0.7031,1502.0,True,True,False,sq_typenr7_pts30-r3,41,1476.0,0.21364065253364975,0.2682926829268293,1.0807439824945295,2.0155,801.55,0.585,0,0.0732,,,,,False,True,True,False,,,True,20013.0,-8434.0
squeeze-NQ-tf30|pre|,squeeze,NQ,30,pre,,adx_hi,T1,64,22,0.3438,-1360.5,False,False,False,sq_typeinside_atr3-r1,37,92.0,0.006747434655486702,0.4594594594594595,1.0025716282320056,2.0155,-22820.75,0.0,0,0.1081,random same-size day subsets,0.15325,37,75,False,False,False,False,False,False,True,8132.0,-10668.0
squeeze-NQ-tf30|pre|,squeeze,NQ,30,pre,,adx_lo,T1,64,60,0.9375,2820.0,True,True,True,sq_typenr7_pts20-r3,12,3112.0,1.08650822602486,0.4166666666666667,2.0850767085076707,2.0155,1856.8,0.82,0,0.0,random same-size day subsets,0.77625,12,38,False,True,True,False,False,False,True,25163.0,-2408.0
squeeze-NQ-tf30|pre|,squeeze,NQ,30,pre,,vol_hi,T2,64,42,0.6562,1314.0,True,False,False,sq_typenr7_pts20-r0,19,1339.0,0.14689621444601428,0.05263157894736842,1.181756481607167,2.0155,-2220.8,0.0,0,0.0,random same-size day subsets,0.40025,18,38,False,True,False,False,False,False,True,29099.0,-6567.0
squeeze-NQ-tf30|pre|,squeeze,NQ,30,pre,,vol_lo,T2,64,48,0.75,1716.0,True,True,False,sq_typenr7_pct0p2-r0,20,1695.0,0.24026537720722363,0.2,1.1856720341767992,2.0155,-389.47,0.0,0,0.05,random same-size day subsets,0.56775,20,38,False,True,False,False,False,False,True,13422.0,-20698.0
squeeze-NQ-tf30|pre|,squeeze,NQ,30,pre,,news_only,T3,60,24,0.4,-173.5,False,False,False,sq_typenr7_atr1p5-r2,7,12.0,0.0038807374085509665,0.42857142857142855,1.003457216940363,2.0155,-1111.62,0.24,0,0.0,random same-size day subsets,0.687,7,41,False,False,False,False,False,False,True,2987.0,-11494.0
squeeze-NQ-tf30|pre|,squeeze,NQ,30,pre,,news_never,T3,64,45,0.7031,1702.0,True,True,False,sq_typeinside_pts20-r2,72,1867.0,0.3774003213443101,0.3611111111111111,1.0991555579159806,2.0155,-2707.1,0.18,0,0.0972,random same-size day subsets,0.3615,72,78,False,True,False,False,False,False,True,31507.0,-8446.0
squeeze-NQ-tf30|pre|,squeeze,NQ,30,pre,,long,T4,64,43,0.6719,1198.5,True,False,False,sq_typeinside_pts10-r1,41,1116.0,0.8582121092062198,0.5853658536585366,1.3110367892976589,2.0155,-358.17,0.085,0,0.2439,same-side random-entry draws,0.07975,,,False,True,False,False,False,False,False,23991.0,-5178.0
squeeze-NQ-tf30|pre|,squeeze,NQ,30,pre,,short,T4,64,34,0.5312,340.5,False,False,False,sq_typenr7_pct0p1-r1,24,334.0,0.2328870747354164,0.5416666666666666,1.1028008618036318,2.0155,-3436.55,0.0,0,0.25,same-side random-entry draws,0.0,,,False,False,False,False,False,False,False,11949.0,-11238.0
squeeze-NQ-tf5|pre|,squeeze,NQ,5,pre,,all,-,96,65,0.6771,4928.0,True,False,False,sq_typebbkc_pts20-r1,92,5027.0,1.3098586889284556,0.5760869565217391,1.3149552033080634,2.0155,8162.48,1.0,0,0.0,,,,,False,True,True,False,,,True,63177.0,-35449.0
squeeze-NQ-tf5|pre|,squeeze,NQ,5,pre,,adx_hi,T1,96,48,0.5,-26.5,False,False,False,sq_typeinside_pct0p1-r1,331,176.0,0.03464599424734768,0.5166163141993958,1.0038566889448888,2.0155,6864.12,0.95,0,0.0,random same-size day subsets,0.25225,211,448,True,False,True,False,False,False,True,22388.0,-41324.0
squeeze-NQ-tf5|pre|,squeeze,NQ,5,pre,,adx_lo,T1,96,67,0.6979,4648.0,True,False,False,sq_typebbkc_pts30-r1,40,4550.0,1.2027217426820844,0.6,1.4664752921878204,2.0155,5687.95,0.935,0,0.0,random same-size day subsets,0.82925,39,88,False,True,True,False,False,False,True,56358.0,-31700.0
squeeze-NQ-tf5|pre|,squeeze,NQ,5,pre,,vol_hi,T2,96,62,0.6458,2445.5,True,False,False,sq_typebbkc_pts10-r2,46,2481.0,1.2059705137008692,0.43478260869565216,1.456150027578599,2.0155,1165.9,0.76,0,0.0,random same-size day subsets,0.663,45,88,False,True,True,False,False,False,True,34267.0,-33239.0
squeeze-NQ-tf5|pre|,squeeze,NQ,5,pre,,vol_lo,T2,96,57,0.5938,1851.5,False,False,False,sq_typebbkc_atr1p5-r1,44,1789.0,0.6503257333115517,0.5681818181818182,1.2458768554150632,2.0155,4690.82,0.99,0,0.0,random same-size day subsets,0.0725,43,88,False,False,True,False,False,False,True,44277.0,-21708.0
squeeze-NQ-tf5|pre|,squeeze,NQ,5,pre,,news_only,T3,96,50,0.5208,393.5,False,False,False,sq_typebbkc_pts10-r2,12,517.0,0.47906835995136804,0.4166666666666667,1.3533834586466165,2.0155,474.25,0.74,0,0.0,random same-size day subsets,0.499,12,90,False,False,True,False,False,False,True,34973.0,-20767.0
squeeze-NQ-tf5|pre|,squeeze,NQ,5,pre,,news_never,T3,96,66,0.6875,4826.5,True,False,False,sq_typebbkc_pts45-r2,78,4828.0,0.418551736484206,0.358974358974359,1.1062032556093269,2.0155,-2895.85,0.315,0,0.0,random same-size day subsets,0.652,78,90,False,True,False,False,False,False,True,41133.0,-28611.0
squeeze-NQ-tf5|pre|,squeeze,NQ,5,pre,,long,T4,96,52,0.5417,512.0,False,False,False,sq_typeinside_atr3-r2,244,464.0,0.02038105535627323,0.3401639344262295,1.003040051366385,2.0155,-15580.0,0.065,0,0.1844,same-side random-entry draws,0.07375,,,True,False,False,False,False,False,False,49213.0,-17098.0
squeeze-NQ-tf5|pre|,squeeze,NQ,5,pre,,short,T4,96,77,0.8021,5786.0,True,True,True,sq_typebbkc_pts45-r2,47,5962.0,0.6542453152236145,0.3829787234042553,1.2261245543502997,2.0155,-14931.67,0.0,0,0.1489,same-side random-entry draws,0.0,,,False,True,False,False,False,False,False,23977.0,-22269.0
straddle-NQ-tf15|pm|,straddle,NQ,15,pm,,all,-,96,69,0.7188,12945.0,True,True,False,off_atr0p5_pts20-r3,564,12824.0,0.7937366045282613,0.2978723404255319,1.0803664872249623,2.0155,21305.3,0.965,0,0.0,,,,,True,True,True,False,,,True,74949.0,-26561.0
straddle-NQ-tf15|pm|,straddle,NQ,15,pm,,adx_hi,T1,96,63,0.6562,3228.5,True,False,False,off_atr0p25_pts10-r0,251,3311.0,0.22144541474869298,0.10358565737051793,1.0666197183098591,2.0155,5238.93,0.72,0,0.0,random same-size day subsets,0.402,251,536,True,True,True,False,False,False,True,26791.0,-17244.0
straddle-NQ-tf15|pm|,straddle,NQ,15,pm,,adx_lo,T1,96,70,0.7292,8968.5,True,True,False,off_atr0p25_pts10-r0,285,9215.0,0.7687849340636824,0.14736842105263157,1.1823236120454275,2.0155,-10656.47,0.105,0,0.0,random same-size day subsets,0.61025,285,536,True,True,False,False,False,False,True,53555.0,-12265.0
straddle-NQ-tf15|pm|,straddle,NQ,15,pm,,vol_hi,T2,96,46,0.4792,-187.0,False,False,False,off_atr1_pts10-r3,255,550.0,0.0969626238000216,0.2627450980392157,1.0139657711644914,2.0155,8879.12,0.975,0,0.0,random same-size day subsets,0.324,255,516,True,False,True,False,False,False,True,32018.0,-20182.0
straddle-NQ-tf15|pm|,straddle,NQ,15,pm,,vol_lo,T2,96,70,0.7292,11428.5,True,True,False,off_atr0p25_pts20-r0,276,12211.0,0.704615659056259,0.23550724637681159,1.1386211672285984,2.0155,-13124.62,0.14,0,0.0,random same-size day subsets,0.81525,276,544,True,True,False,False,False,False,True,44051.0,-26544.0
straddle-NQ-tf15|pm|,straddle,NQ,15,pm,,news_only,T3,96,30,0.3125,-1999.0,False,False,False,off_atr0p25_pts30-r1,71,121.0,0.02365669999677017,0.5070422535211268,1.0056714319193814,2.0155,2877.88,0.69,0,0.0,random same-size day subsets,0.7085,71,564,False,False,True,False,False,False,True,7648.0,-15589.0
straddle-NQ-tf15|pm|,straddle,NQ,15,pm,,news_never,T3,96,70,0.7292,14178.0,True,True,False,off_atr0p5_pts45-r3,493,14153.0,0.5556695329807672,0.4117647058823529,1.061275029765126,2.0155,-17019.35,0.155,0,0.0,random same-size day subsets,0.4675,493,564,True,True,False,False,False,False,True,69398.0,-24402.0
straddle-NQ-tf15|pm|,straddle,NQ,15,pm,,long,T4,96,80,0.8333,10729.0,True,True,True,off_atr0p25_pts10-r0,302,10572.0,0.7060210440868857,0.1490066225165563,1.1875365866638283,2.0155,1714.92,0.595,0,0.0397,same-side random-entry draws,0.61575,,,True,True,True,False,False,False,False,49277.0,-8202.0
straddle-NQ-tf15|pm|,straddle,NQ,15,pm,,short,T4,96,48,0.5,-62.5,False,False,False,off_atr0p25_pct0p2-r0,262,392.0,0.02141830492401312,0.25572519083969464,1.003667321545514,2.0155,-19026.5,0.0,0,0.1221,same-side random-entry draws,0.00175,,,True,False,False,False,False,False,False,27393.0,-28952.0
straddle-NQ-tf15|london|,straddle,NQ,15,london,,all,-,96,80,0.8333,9783.0,True,True,True,off_atr0p5_pts20-r3,568,9828.0,0.5808763077670686,0.2658450704225352,1.0575517661388552,2.0155,9018.77,0.715,0,0.0,,,,,True,True,True,False,,,True,52363.0,-31727.0
straddle-NQ-tf15|london|,straddle,NQ,15,london,,adx_hi,T1,96,80,0.8333,9869.0,True,True,True,off_atr0p5_pct0p1-r2,254,9919.0,1.4984130760613585,0.3858267716535433,1.2216585845493755,2.0155,16578.22,1.0,0,0.0,random same-size day subsets,0.65,254,540,True,True,True,False,False,False,True,68944.0,-31196.0
straddle-NQ-tf15|london|,straddle,NQ,15,london,,adx_lo,T1,96,68,0.7083,3726.0,True,True,False,off_atr0p25_pts20-r0,286,3461.0,0.1342558394019946,0.08741258741258741,1.0323884745318597,2.0155,-9361.8,0.28,0,0.0,random same-size day subsets,0.47175,286,540,True,True,False,False,False,False,True,23861.0,-42654.0
straddle-NQ-tf15|london|,straddle,NQ,15,london,,vol_hi,T2,96,84,0.875,9011.0,True,True,True,off_atr0p5_atr1p5-r1,271,8916.0,0.9539493771196293,0.5313653136531366,1.1394257834490524,2.0155,11881.58,0.9,0,0.0,random same-size day subsets,0.88325,271,548,True,True,True,False,False,False,True,55686.0,-19329.0
straddle-NQ-tf15|london|,straddle,NQ,15,london,,vol_lo,T2,96,65,0.6771,4362.0,True,False,False,off_atr0p25_pct0p1-r1,277,4432.0,0.9499278907334464,0.5415162454873647,1.1221508695532343,2.0155,11896.8,0.995,0,0.0,random same-size day subsets,0.492,277,548,True,True,True,False,False,False,True,47927.0,-26573.0
straddle-NQ-tf15|london|,straddle,NQ,15,london,,news_only,T3,96,60,0.625,2126.0,True,False,False,off_atr0p5_atr1p5-r1,71,2111.0,0.5493076795377483,0.5211267605633803,1.1548675812486244,2.0155,7353.73,0.96,0,0.0,random same-size day subsets,0.6825,71,568,False,True,True,False,False,False,True,20601.0,-16549.0
straddle-NQ-tf15|london|,straddle,NQ,15,london,,news_never,T3,96,77,0.8021,9684.5,True,True,True,off_atr1_pts20-r2,497,9732.0,0.7553340098568544,0.3561368209255533,1.0742107671191095,2.0155,14906.33,0.895,0,0.0,random same-size day subsets,0.44475,497,568,True,True,True,False,False,False,True,43407.0,-28823.0
straddle-NQ-tf15|london|,straddle,NQ,15,london,,long,T4,96,90,0.9375,14649.0,True,True,True,off_atr0p25_pct0p1-r3,271,14636.0,1.703695048148469,0.3062730627306273,1.2691084266460735,2.0155,14529.45,0.99,0,0.0295,same-side random-entry draws,0.99825,,,True,True,True,False,True,False,False,61490.0,-7094.0
straddle-NQ-tf15|london|,straddle,NQ,15,london,,short,T4,96,36,0.375,-4748.0,False,False,False,off_atr0p25_pts45-r2,297,327.0,0.014886915617421748,0.3400673400673401,1.0018349241620794,2.0155,-821.45,0.485,0,0.1313,same-side random-entry draws,0.43975,,,True,False,False,False,False,False,False,18802.0,-47138.0
straddle-NQ-tf30|pm|,straddle,NQ,30,pm,,all,-,96,67,0.6979,7704.5,True,False,False,off_atr1_pts30-r1,497,7887.0,0.6103156970517789,0.5150905432595574,1.0575676622580363,2.0155,32035.33,1.0,0,0.004,,,,,True,True,True,False,,,True,54989.0,-25636.0
straddle-NQ-tf30|pm|,straddle,NQ,30,pm,,adx_hi,T1,96,38,0.3958,-2764.0,False,False,False,off_atr0p5_pts20-r2,251,671.0,0.07519760652811204,0.3545816733067729,1.0101700566855618,2.0155,12577.9,0.975,0,0.004,random same-size day subsets,0.6345,251,535,True,False,True,False,False,False,True,27761.0,-28490.0
straddle-NQ-tf30|pm|,straddle,NQ,30,pm,,adx_lo,T1,96,66,0.6875,8853.0,True,False,False,off_atr0p5_atr3-r3,284,9134.0,0.328501239016756,0.5035211267605634,1.0536036009600995,2.0155,16225.05,0.86,0,0.0035,random same-size day subsets,0.37225,284,535,True,True,True,False,False,False,True,44697.0,-15691.0
straddle-NQ-tf30|pm|,straddle,NQ,30,pm,,vol_hi,T2,95,43,0.4526,-921.0,False,False,False,off_atr0p25_pct0p1-r0,268,293.0,0.02090711703036403,0.17164179104477612,1.0046795393927779,2.0155,-8953.6,0.135,0,0.0075,random same-size day subsets,0.41375,268,544,True,False,False,False,False,False,True,40608.0,-27426.0
straddle-NQ-tf30|pm|,straddle,NQ,30,pm,,vol_lo,T2,96,63,0.6562,8838.5,True,False,False,off_atr0p25_atr3-r3,276,8821.0,0.3265168612763499,0.5,1.0526573422398922,2.0155,27277.53,0.945,0,0.0,random same-size day subsets,0.226,276,544,True,True,True,False,False,False,True,48286.0,-21709.0
straddle-NQ-tf30|pm|,straddle,NQ,30,pm,,news_only,T3,96,40,0.4167,-1363.0,False,False,False,off_atr0p5_pts10-r2,71,236.0,0.09606163041283147,0.352112676056338,1.0244205298013245,2.0155,1605.05,0.825,0,0.0141,random same-size day subsets,0.71325,71,563,False,False,True,False,False,False,True,8071.0,-19617.0
straddle-NQ-tf30|pm|,straddle,NQ,30,pm,,news_never,T3,95,61,0.6421,9349.0,True,False,False,off_atr1_pts30-r1,434,9349.0,0.7775191200061605,0.5207373271889401,1.0794564090360523,2.0155,33325.38,1.0,0,0.0023,random same-size day subsets,0.71725,434,497,True,True,True,False,False,False,True,49673.0,-27153.0
straddle-NQ-tf30|pm|,straddle,NQ,30,pm,,long,T4,96,65,0.6771,5857.0,True,False,False,off_atr1_atr3-r3,267,5847.0,0.23833116158065046,0.5168539325842697,1.0440813926312378,2.0155,-51255.9,0.0,0,0.2772,same-side random-entry draws,0.0,,,True,True,False,False,False,False,False,38931.0,-13609.0
straddle-NQ-tf30|pm|,straddle,NQ,30,pm,,short,T4,95,52,0.5474,1923.0,False,False,False,off_atr0p5_atr1p5-r1,273,1923.0,0.09302016313206274,0.4908424908424908,1.0130045783148827,2.0155,2710.28,0.66,0,0.2161,same-side random-entry draws,0.6535,,,True,False,True,False,False,False,False,23560.0,-28167.0
straddle-NQ-tf30|london|,straddle,NQ,30,london,,all,-,96,74,0.7708,9355.5,True,True,False,off_atr1_pts30-r2,568,9398.0,0.45844459361534584,0.34683098591549294,1.0415484053511588,2.0155,3317.32,0.63,0,0.0,,,,,True,True,True,False,,,True,58203.0,-29227.0
straddle-NQ-tf30|london|,straddle,NQ,30,london,,adx_hi,T1,96,62,0.6458,8801.5,True,False,False,off_atr0p5_pts45-r1,254,9109.0,0.6325493879483068,0.5236220472440944,1.0827646989342081,2.0155,3871.43,0.605,0,0.0,random same-size day subsets,0.357,254,540,True,True,True,False,False,False,True,50129.0,-23476.0
straddle-NQ-tf30|london|,straddle,NQ,30,london,,adx_lo,T1,96,72,0.75,5258.5,True,True,False,off_atr0p25_pts20-r1,286,5241.0,0.7690912638765027,0.5314685314685315,1.0953758803297484,2.0155,17459.3,0.995,0,0.0,random same-size day subsets,0.04325,286,540,True,True,True,False,False,False,True,33026.0,-19259.0
straddle-NQ-tf30|london|,straddle,NQ,30,london,,vol_hi,T2,96,70,0.7292,8783.5,True,True,False,off_atr0p25_pct0p2-r2,271,8981.0,0.6809879572853508,0.35793357933579334,1.0922443278109304,2.0155,10575.4,0.845,0,0.0,random same-size day subsets,0.37875,271,548,True,True,True,False,False,False,True,72241.0,-15179.0
straddle-NQ-tf30|london|,straddle,NQ,30,london,,vol_lo,T2,96,65,0.6771,3727.0,True,False,False,off_atr1_pts20-r3,277,3637.0,0.3083221783046436,0.26353790613718414,1.043475662235823,2.0155,5655.98,0.755,0,0.0,random same-size day subsets,0.5105,277,548,True,True,True,False,False,False,True,42392.0,-26403.0
straddle-NQ-tf30|london|,straddle,NQ,30,london,,news_only,T3,96,44,0.4583,-636.5,False,False,False,off_atr0p5_pts30-r1,71,106.0,0.02072146334283978,0.5070422535211268,1.0049660342000468,2.0155,3130.05,0.75,0,0.0,random same-size day subsets,0.43275,71,568,False,False,True,False,False,False,True,10591.0,-29779.0
straddle-NQ-tf30|london|,straddle,NQ,30,london,,news_never,T3,96,79,0.8229,11114.5,True,True,True,off_atr0p25_pts30-r3,497,11852.0,0.5016401272695873,0.2635814889336016,1.053131542258225,2.0155,-576.27,0.505,0,0.0,random same-size day subsets,0.69275,497,568,True,True,False,False,False,False,True,61302.0,-33188.0
straddle-NQ-tf30|london|,straddle,NQ,30,london,,long,T4,96,90,0.9375,17749.5,True,True,True,off_atr0p25_pts45-r1,270,17685.0,1.1918442539510297,0.5407407407407407,1.1563301097890848,2.0155,5059.6,0.715,0,0.1407,same-side random-entry draws,0.717,,,True,True,True,False,False,False,False,69620.0,-8286.0
straddle-NQ-tf30|london|,straddle,NQ,30,london,,short,T4,96,17,0.1771,-8276.5,False,False,False,off_atr0p5_pct0p1-r2,313,98.0,0.0138599364581505,0.3450479233226837,1.001664543524416,2.0155,7902.9,0.945,0,0.0288,same-side random-entry draws,0.9505,,,True,False,True,False,False,False,False,19789.0,-46317.0
straddle-NQ-tf30|nyam|,straddle,NQ,30,nyam,,all,-,96,58,0.6042,7680.5,True,False,False,off_atr0p5_atr1p5-r1,568,7623.0,0.31548312490444885,0.5211267605633803,1.0291111976720206,2.0155,21321.78,0.91,0,0.0687,,,,,True,True,True,False,,,True,133183.0,-20402.0
straddle-NQ-tf30|nyam|,straddle,NQ,30,nyam,,adx_hi,T1,96,73,0.7604,9619.0,True,True,False,off_atr0p25_pts30-r3,254,9104.0,0.5371008340029343,0.27165354330708663,1.080770083839773,2.0155,2445.25,0.575,0,0.0748,random same-size day subsets,0.478,254,540,True,True,True,False,False,False,True,71579.0,-41201.0
straddle-NQ-tf30|nyam|,straddle,NQ,30,nyam,,adx_lo,T1,96,51,0.5312,1186.0,False,False,False,off_atr0p5_atr1p5-r1,286,1176.0,0.07493976121039254,0.5174825174825175,1.009460068215458,2.0155,13092.48,0.855,0,0.0629,random same-size day subsets,0.324,286,540,True,False,True,False,False,False,True,102226.0,-18094.0
straddle-NQ-tf30|nyam|,straddle,NQ,30,nyam,,vol_hi,T2,96,41,0.4271,-2236.5,False,False,False,off_atr1_pts30-r2,271,971.0,0.06887094062035,0.33948339483394835,1.0089032743143744,2.0155,273.02,0.45,0,0.0923,random same-size day subsets,0.2815,271,548,True,False,True,False,False,False,True,43126.0,-54189.0
straddle-NQ-tf30|nyam|,straddle,NQ,30,nyam,,vol_lo,T2,96,74,0.7708,12507.0,True,True,False,off_atr0p5_pts20-r0,277,11692.0,0.5487364131329182,0.1407942238267148,1.1200509282076556,2.0155,-25465.28,0.035,0,0.0469,random same-size day subsets,0.514,277,548,True,True,False,False,False,False,True,114377.0,-5808.0
straddle-NQ-tf30|nyam|,straddle,NQ,30,nyam,,news_only,T3,96,16,0.1667,-4516.5,False,False,False,off_atr0p5_pts30-r1,71,131.0,0.025617965528604344,0.5070422535211268,1.0061430246189917,2.0155,-596.0,0.42,0,0.0845,random same-size day subsets,0.3755,71,568,False,False,False,False,False,False,True,11661.0,-20709.0
straddle-NQ-tf30|nyam|,straddle,NQ,30,nyam,,news_never,T3,96,69,0.7188,15009.5,True,True,False,off_atr0p5_atr1p5-r1,497,13947.0,0.633359130135415,0.5251509054325956,1.0634505411516362,2.0155,27110.88,0.94,0,0.0664,random same-size day subsets,0.81075,497,568,True,True,True,False,False,False,True,144322.0,-15553.0
straddle-NQ-tf30|nyam|,straddle,NQ,30,nyam,,long,T4,96,78,0.8125,14362.5,True,True,True,off_atr0p25_pct0p1-r2,323,14518.0,1.9666534348634344,0.3993808049535604,1.2608289466592408,2.0155,31818.12,1.0,0,0.322,same-side random-entry draws,1.0,,,True,True,True,False,True,False,False,90048.0,-4493.0
straddle-NQ-tf30|nyam|,straddle,NQ,30,nyam,,short,T4,96,39,0.4062,-4004.5,False,False,False,off_atr1_pts30-r3,271,716.0,0.041671885270853554,0.25830258302583026,1.0058478099298427,2.0155,-54198.68,0.0,0,0.3469,same-side random-entry draws,0.0,,,True,False,False,False,False,False,False,66206.0,-20670.0
straddle-NQ-tf5|pm|,straddle,NQ,5,pm,,all,-,96,64,0.6667,6684.0,True,False,False,off_atr0p25_pct0p2-r1,564,6474.0,0.49455681454514067,0.5212765957446809,1.0431743914638212,2.0155,14273.3,0.9,0,0.0,,,,,True,True,True,False,,,True,60219.0,-33466.0
straddle-NQ-tf5|pm|,straddle,NQ,5,pm,,adx_hi,T1,96,57,0.5938,3336.0,False,False,False,off_atr1_pct0p2-r0,251,3256.0,0.17367353426236093,0.28286852589641437,1.032952130351179,2.0155,-6426.48,0.31,0,0.0,random same-size day subsets,0.37375,251,536,True,False,False,False,False,False,True,34351.0,-23799.0
straddle-NQ-tf5|pm|,straddle,NQ,5,pm,,adx_lo,T1,96,56,0.5833,1752.5,False,False,False,off_atr0p25_pct0p1-r2,285,1945.0,0.2927919911002633,0.3543859649122807,1.037478803761369,2.0155,5898.55,0.835,0,0.0,random same-size day subsets,0.5965,285,536,True,False,True,False,False,False,True,41135.0,-20095.0
straddle-NQ-tf5|pm|,straddle,NQ,5,pm,,vol_hi,T2,96,56,0.5833,1365.5,False,False,False,off_atr0p25_pts30-r3,268,1243.0,0.0799053592701261,0.31343283582089554,1.011401473110685,2.0155,11237.4,0.815,0,0.0,random same-size day subsets,0.04975,268,544,True,False,True,False,False,False,True,22083.0,-17167.0
straddle-NQ-tf5|pm|,straddle,NQ,5,pm,,vol_lo,T2,96,56,0.5833,3801.0,False,False,False,off_atr0p25_pct0p1-r3,276,3136.0,0.3895294578046696,0.27898550724637683,1.0554298642533937,2.0155,4277.23,0.74,0,0.0,random same-size day subsets,0.60725,276,544,True,False,True,False,False,False,True,51491.0,-24464.0
straddle-NQ-tf5|pm|,straddle,NQ,5,pm,,news_only,T3,96,37,0.3854,-1611.5,False,False,False,off_atr0p5_pts45-r2,71,11.0,0.0010662421990531822,0.4084507042253521,1.0002855066445182,2.0155,1381.1,0.565,0,0.0,random same-size day subsets,0.49075,71,564,False,False,True,False,False,False,True,15051.0,-21009.0
straddle-NQ-tf5|pm|,straddle,NQ,5,pm,,news_never,T3,96,61,0.6354,8665.5,True,False,False,off_atr0p5_atr1p5-r2,493,9108.0,0.41121694074096043,0.359026369168357,1.0440598106608487,2.0155,-5046.1,0.39,0,0.0,random same-size day subsets,0.82425,493,564,True,True,False,False,False,False,True,68463.0,-29152.0
straddle-NQ-tf5|pm|,straddle,NQ,5,pm,,long,T4,96,77,0.8021,9508.5,True,True,True,off_atr0p5_pts10-r0,305,9725.0,0.6580688695718983,0.1540983606557377,1.1717530288580411,2.0155,-2452.83,0.325,0,0.0525,same-side random-entry draws,0.3405,,,True,True,False,False,False,False,False,49053.0,-11115.0
straddle-NQ-tf5|pm|,straddle,NQ,5,pm,,short,T4,96,38,0.3958,-3179.5,False,False,False,off_atr0p25_pct0p1-r1,251,151.0,0.03446348702781691,0.5139442231075697,1.0044038730751284,2.0155,902.98,0.605,0,0.004,same-side random-entry draws,0.58075,,,True,False,True,False,False,False,False,25632.0,-32546.0
straddle-NQ-tf5|london|,straddle,NQ,5,london,,all,-,96,70,0.7292,8145.5,True,True,False,off_atr0p5_pts20-r3,568,8168.0,0.48375093293978005,0.2640845070422535,1.047701364230985,2.0155,11696.7,0.78,0,0.0,,,,,True,True,True,False,,,True,39283.0,-26292.0
straddle-NQ-tf5|london|,straddle,NQ,5,london,,adx_hi,T1,96,74,0.7708,9026.5,True,True,False,off_atr1_pts45-r1,254,9099.0,0.6318267530453271,0.5236220472440944,1.0826663274854864,2.0155,16669.75,0.895,0,0.0,random same-size day subsets,0.40125,254,540,True,True,True,False,False,False,True,43164.0,-38286.0
straddle-NQ-tf5|london|,straddle,NQ,5,london,,adx_lo,T1,96,80,0.8333,6528.5,True,True,True,off_atr0p5_pct0p1-r2,286,6541.0,0.9680228823750755,0.3706293706293706,1.1293198892843022,2.0155,8675.2,0.955,0,0.0,random same-size day subsets,0.0965,286,540,True,True,True,False,False,False,True,34941.0,-22199.0
straddle-NQ-tf5|london|,straddle,NQ,5,london,,vol_hi,T2,96,73,0.7604,5021.0,True,True,False,off_atr0p5_atr1p5-r1,271,5051.0,0.8769592669951888,0.5129151291512916,1.1264393711825373,2.0155,8854.45,0.915,0,0.0,random same-size day subsets,0.69425,271,548,True,True,True,False,False,False,True,31811.0,-32174.0
straddle-NQ-tf5|london|,straddle,NQ,5,london,,vol_lo,T2,96,74,0.7708,7157.0,True,True,False,off_atr0p5_pts10-r3,277,7157.0,1.17107605246201,0.2924187725631769,1.1740557892944867,2.0155,12709.6,0.985,0,0.0,random same-size day subsets,0.63825,277,548,True,True,True,False,False,False,True,44887.0,-17623.0
straddle-NQ-tf5|london|,straddle,NQ,5,london,,news_only,T3,96,64,0.6667,2651.0,True,False,False,off_atr0p5_atr1p5-r2,71,2646.0,0.7236921469775818,0.36619718309859156,1.2269296740994855,2.0155,6436.35,0.955,0,0.0,random same-size day subsets,0.7405,71,568,False,True,True,False,False,False,True,10961.0,-17869.0
straddle-NQ-tf5|london|,straddle,NQ,5,london,,news_never,T3,96,64,0.6667,4489.5,True,False,False,off_atr0p5_pts20-r0,497,4177.0,0.13661886286736555,0.10865191146881288,1.0230204963432847,2.0155,-73272.12,0.0,0,0.0,random same-size day subsets,0.85875,497,568,True,True,False,False,False,False,True,47227.0,-24923.0
straddle-NQ-tf5|london|,straddle,NQ,5,london,,long,T4,96,85,0.8854,11532.0,True,True,True,off_atr0p5_pct0p2-r1,269,11584.0,1.2578540152738735,0.5427509293680297,1.1673940059535852,2.0155,6814.25,0.86,0,0.0372,same-side random-entry draws,0.85,,,True,True,True,False,False,False,False,43955.0,-13636.0
straddle-NQ-tf5|london|,straddle,NQ,5,london,,short,T4,96,43,0.4479,-1339.0,False,False,False,off_atr1_pts20-r1,308,363.0,0.05129346204369073,0.5097402597402597,1.0058729311265349,2.0155,4998.55,0.85,0,0.0162,same-side random-entry draws,0.84375,,,True,False,True,False,False,False,False,18914.0,-54826.0
straddle_t_0300-NQ-tf30|london|,straddle_t_0300,NQ,30,london,,all,-,160,110,0.6875,8584.0,True,False,False,offptsA_pct0p1-r2,564,8564.0,0.8935785714867047,0.3617021276595745,1.0831779331779332,2.6164,14129.5,,0,0.0,,,,,True,True,True,False,,,True,58203.0,-33471.0
straddle_t_0300-NQ-tf30|london|,straddle_t_0300,NQ,30,london,,adx_hi,T1,160,104,0.65,7151.0,True,False,False,offptsA_pts20-r1,251,7546.0,1.1849406382510665,0.545816733067729,1.16156382477626,2.6164,9839.5,,0,0.0,random same-size day subsets,0.69375,251,536,True,True,True,False,False,False,True,54846.0,-28754.0
straddle_t_0300-NQ-tf30|london|,straddle_t_0300,NQ,30,london,,adx_lo,T1,160,102,0.6375,2857.5,True,False,False,offptsA_pts10-r3,285,2880.0,0.4734894937638226,0.2736842105263158,1.0660429279031371,2.6164,934.5,,0,0.0,random same-size day subsets,0.306,285,536,True,True,True,False,False,False,True,33026.0,-27714.0
straddle_t_0300-NQ-tf30|london|,straddle_t_0300,NQ,30,london,,vol_hi,T2,160,123,0.7688,8613.0,True,True,False,offatr0p5_pct0p1-r2,271,8586.0,1.2793789584211317,0.3800738007380074,1.179597130127387,2.6164,5850.5,,0,0.0,random same-size day subsets,0.77525,271,547,True,True,True,False,False,False,True,72241.0,-13989.0
straddle_t_0300-NQ-tf30|london|,straddle_t_0300,NQ,30,london,,vol_lo,T2,160,93,0.5813,1364.0,False,False,False,offatr0p5_pct0p1-r2,276,1431.0,0.21404827064313628,0.3442028985507246,1.0278844092831114,2.6164,12110.5,,0,0.0,random same-size day subsets,0.22575,276,547,True,False,True,False,False,False,True,46717.0,-29185.0
straddle_t_0300-NQ-tf30|london|,straddle_t_0300,NQ,30,london,,news_only,T3,160,65,0.4062,-1612.5,False,False,False,offatr0p5_pts30-r1,71,106.0,0.02072146334283978,0.5070422535211268,1.0049660342000468,2.6164,1777.5,,0,0.0,random same-size day subsets,0.435,71,567,False,False,True,False,False,False,True,10591.0,-23033.0
straddle_t_0300-NQ-tf30|london|,straddle_t_0300,NQ,30,london,,news_never,T3,160,119,0.7438,9586.5,True,True,False,offatr0p5_atr3-r3,496,9416.0,0.19172221634375922,0.2963709677419355,1.0219640262094094,2.6164,42758.5,,0,0.0,random same-size day subsets,0.58575,496,567,True,True,True,False,False,False,True,64942.0,-35653.0
straddle_t_0300-NQ-tf30|london|,straddle_t_0300,NQ,30,london,,long,T4,160,141,0.8812,13620.0,True,True,True,offptsB_pts10-r0,235,13675.0,0.8248141866390203,0.06808510638297872,1.2982161549197488,2.6164,13985.0,,0,0.0,same-side random-entry draws,0.856,,,True,True,True,False,False,False,False,70615.0,-11761.0
straddle_t_0300-NQ-tf30|london|,straddle_t_0300,NQ,30,london,,short,T4,160,38,0.2375,-7124.0,False,False,False,offptsB_pts30-r1,255,110.0,0.011408470177784787,0.5058823529411764,1.0014327767212858,2.6164,8185.0,,0,0.0,same-side random-entry draws,0.823,,,True,False,True,False,False,False,False,29790.0,-44253.0
straddle_t_0830-NQ-tf30|pre|,straddle_t_0830,NQ,30,pre,,all,-,160,147,0.9187,35920.0,True,True,True,offatr1_pct0p2-r3,433,35088.0,1.6708562879678186,0.2979214780600462,1.20264393506246,2.6164,24915.0,,0,0.0,,,,,True,True,True,False,,,True,129993.0,-8942.0
straddle_t_0830-NQ-tf30|pre|,straddle_t_0830,NQ,30,pre,,adx_hi,T1,160,151,0.9437,17586.0,True,True,True,offatr0p25_atr1p5-r3,254,17514.0,0.611397401973525,0.2874015748031496,1.101106082298065,2.6164,19090.0,,0,0.0,random same-size day subsets,0.44825,254,540,True,True,True,False,False,False,True,77696.0,-3532.0
straddle_t_0830-NQ-tf30|pre|,straddle_t_0830,NQ,30,pre,,adx_lo,T1,160,147,0.9187,17072.5,True,True,True,offatr0p25_atr3-r3,286,16941.0,0.4294253035856171,0.35664335664335667,1.0620115596780275,2.6164,-50.0,,0,0.0,random same-size day subsets,0.21225,286,540,True,True,False,False,False,False,True,95305.0,-5695.0
straddle_t_0830-NQ-tf30|pre|,straddle_t_0830,NQ,30,pre,,vol_hi,T2,160,93,0.5813,1456.0,False,False,False,offatr0p5_pct0p1-r0,271,1516.0,0.06616794811516782,0.06273062730627306,1.0206959631950416,2.6164,9133.0,,0,0.0,random same-size day subsets,0.00575,271,547,True,False,True,False,False,False,True,61061.0,-31139.0
straddle_t_0830-NQ-tf30|pre|,straddle_t_0830,NQ,30,pre,,vol_lo,T2,160,153,0.9563,36624.5,True,True,True,offatr0p25_atr1p5-r3,277,37297.0,1.5635060560677736,0.3212996389891697,1.2535882564914977,2.6164,21390.0,,0,0.0,random same-size day subsets,0.749,277,548,True,True,True,False,False,False,True,117050.0,-3428.0
straddle_t_0830-NQ-tf30|pre|,straddle_t_0830,NQ,30,pre,,news_only,T3,160,146,0.9125,13006.5,True,True,True,offatr0p25_pct0p1-r2,71,12951.0,3.585447923841172,0.5774647887323944,2.393329747175901,2.6164,16332.5,,0,0.0,random same-size day subsets,0.99975,71,568,False,True,True,True,True,False,True,30521.0,-13705.0
straddle_t_0830-NQ-tf30|pre|,straddle_t_0830,NQ,30,pre,,news_never,T3,160,131,0.8187,20423.0,True,True,True,offatr0p5_atr3-r1,496,20301.0,0.49876263804066573,0.5181451612903226,1.0502579616572922,2.6164,34632.0,,0,0.0,random same-size day subsets,0.565,496,567,True,True,True,False,False,False,True,117755.0,-21034.0
straddle_t_0830-NQ-tf30|pre|,straddle_t_0830,NQ,30,pre,,long,T4,160,142,0.8875,18646.0,True,True,True,offatr0p5_atr1p5-r2,256,18681.0,0.8572520096082001,0.3828125,1.1309458720612358,2.6164,5367.5,,0,0.0,same-side random-entry draws,0.9535,,,True,True,True,False,False,False,False,86997.0,-7703.0
straddle_t_0830-NQ-tf30|pre|,straddle_t_0830,NQ,30,pre,,short,T4,160,136,0.85,15811.0,True,True,True,offatr0p25_pts10-r3,306,15851.0,2.381981704360131,0.32679738562091504,1.362316852956639,2.6164,18342.5,,0,0.0,same-side random-entry draws,1.0,,,True,True,True,False,True,False,False,78766.0,-8275.0
straddle_t_1800-NQ-tf30|eve|,straddle_t_1800,NQ,30,eve,,all,-,160,134,0.8375,13127.0,True,True,True,offatr0p5_atr1p5-r2,508,13133.0,0.5614209335025304,0.35039370078740156,1.0611904484566104,2.6164,52443.0,,0,0.0,,,,,True,True,True,False,,,True,88251.0,-30237.0
straddle_t_1800-NQ-tf30|eve|,straddle_t_1800,NQ,30,eve,,adx_hi,T1,160,147,0.9187,16011.5,True,True,True,offatr1_pts20-r2,149,16044.0,2.1932028602071725,0.42953020134228187,1.4597134670487106,2.6164,18995.0,,0,0.0,random same-size day subsets,0.99225,149,308,True,True,True,False,False,False,True,57788.0,-2995.0
straddle_t_1800-NQ-tf30|eve|,straddle_t_1800,NQ,30,eve,,adx_lo,T1,160,61,0.3812,-2335.0,False,False,False,offatr0p5_pts10-r3,258,218.0,0.038027587919523424,0.26356589147286824,1.005409429280397,2.6164,13808.5,,0,0.0,random same-size day subsets,0.343,258,484,True,False,True,False,False,False,True,51559.0,-28862.0
straddle_t_1800-NQ-tf30|eve|,straddle_t_1800,NQ,30,eve,,vol_hi,T2,160,110,0.6875,4054.5,True,False,False,offatr1_pts10-r2,174,3789.0,0.9664667337641767,0.3850574712643678,1.1666007123070834,2.6164,8194.0,,0,0.0,random same-size day subsets,0.7885,174,315,True,True,True,False,False,False,True,38786.0,-67084.0
straddle_t_1800-NQ-tf30|eve|,straddle_t_1800,NQ,30,eve,,vol_lo,T2,160,116,0.725,8511.0,True,True,False,offatr0p5_pts30-r3,246,8346.0,0.49965207022907177,0.2682926829268293,1.076090623148106,2.6164,37854.0,,0,0.0,random same-size day subsets,0.51725,246,492,True,True,True,False,False,False,True,96933.0,-11144.0
straddle_t_1800-NQ-tf30|eve|,straddle_t_1800,NQ,30,eve,,news_only,T3,160,89,0.5563,1045.0,False,False,False,offatr0p25_atr1p5-r1,69,1124.0,0.17332751712568642,0.4492753623188406,1.048695953556884,2.6164,7697.0,,0,0.0,random same-size day subsets,0.35025,69,556,False,False,True,False,False,False,True,43183.0,-12184.0
straddle_t_1800-NQ-tf30|eve|,straddle_t_1800,NQ,30,eve,,news_never,T3,160,133,0.8313,9177.0,True,True,True,offatr0p25_atr1p5-r3,487,9327.0,0.32735029900460505,0.26078028747433263,1.038864929058066,2.6164,24026.0,,0,0.0,random same-size day subsets,0.11825,487,556,True,True,True,False,False,False,True,74037.0,-43833.0
straddle_t_1800-NQ-tf30|eve|,straddle_t_1800,NQ,30,eve,,long,T4,160,133,0.8313,8273.0,True,True,True,offatr0p25_pts30-r1,291,8241.0,0.8013193027208663,0.5292096219931272,1.0986497162967752,2.6164,19164.0,,0,0.0,same-side random-entry draws,1.0,,,True,True,True,False,True,False,False,81076.0,-20857.0
straddle_t_1800-NQ-tf30|eve|,straddle_t_1800,NQ,30,eve,,short,T4,160,98,0.6125,3938.0,True,False,False,offptsA_pts30-r2,248,4093.0,0.30182071890344314,0.3467741935483871,1.041442645525146,2.6164,24260.5,,0,0.0,same-side random-entry draws,1.0,,,True,True,True,False,True,False,False,41767.0,-28815.0
sweep_rev-NQ-tf1|eve|,sweep_rev,NQ,1,eve,,all,-,32,27,0.8438,6680.0,True,True,True,levelsboth_pts20-r3,130,6180.0,0.7453552268287689,0.2846153846153846,1.162324017650767,2.0155,12668.2,0.99,0,0.0,,,,,True,True,True,False,,,True,37290.0,-5850.0
sweep_rev-NQ-tf1|eve|,sweep_rev,NQ,1,eve,,adx_hi,T1,32,27,0.8438,5160.0,True,True,True,levelsboth_pts45-r2,55,5335.0,0.5537062638522715,0.38181818181818183,1.172564367964808,2.0155,2929.97,0.59,0,0.0,random same-size day subsets,0.5505,55,123,False,True,True,False,False,False,True,30820.0,-1580.0
sweep_rev-NQ-tf1|eve|,sweep_rev,NQ,1,eve,,adx_lo,T1,32,18,0.5625,960.5,False,False,False,levelsboth_atr1p5-r1,68,768.0,0.3834401283158729,0.5735294117647058,1.1348314606741574,2.0155,2084.55,0.965,0,0.0,random same-size day subsets,0.28225,68,123,False,False,True,False,False,False,True,17583.0,-13702.0
sweep_rev-NQ-tf1|eve|,sweep_rev,NQ,1,eve,,vol_hi,T2,32,26,0.8125,4776.5,True,True,True,levelsboth_pts10-r3,69,4874.0,1.5182006112721664,0.34782608695652173,1.516861081654295,2.0155,5300.95,0.98,0,0.0,random same-size day subsets,0.6155,69,124,False,True,True,False,False,False,True,18739.0,-6546.0
sweep_rev-NQ-tf1|eve|,sweep_rev,NQ,1,eve,,vol_lo,T2,32,18,0.5625,1490.0,False,False,False,levelsboth_atr1p5-r3,55,1925.0,0.6126070544439962,0.2727272727272727,1.2744119743406985,2.0155,-201.3,0.48,0,0.0,random same-size day subsets,0.12325,55,124,False,False,False,False,False,False,True,18485.0,-7500.0
sweep_rev-NQ-tf1|eve|,sweep_rev,NQ,1,eve,,news_only,T3,32,11,0.3438,-225.5,False,False,False,levelsboth_atr1p5-r2,12,142.0,0.10765357819729787,0.3333333333333333,1.0932982917214191,2.0155,-175.85,0.475,0,0.0,random same-size day subsets,0.47275,12,130,False,False,False,False,False,False,True,2362.0,-8323.0
sweep_rev-NQ-tf1|eve|,sweep_rev,NQ,1,eve,,news_never,T3,32,28,0.875,7558.0,True,True,True,levelsboth_pts10-r3,118,7508.0,1.8052368175120403,0.3389830508474576,1.4597109968160666,2.0155,6710.07,0.99,0,0.0,random same-size day subsets,0.7895,118,130,True,True,True,False,False,False,True,44813.0,-5382.0
sweep_rev-NQ-tf1|eve|,sweep_rev,NQ,1,eve,,long,T4,32,27,0.8438,3365.5,True,True,True,levelsboth_atr1p5-r2,58,3548.0,0.6313095373466445,0.39655172413793105,1.3429676172063798,2.0155,7132.38,0.98,0,0.0172,same-side random-entry draws,0.99125,,,False,True,True,False,False,False,False,17108.0,-7612.0
sweep_rev-NQ-tf1|eve|,sweep_rev,NQ,1,eve,,short,T4,32,24,0.75,1682.0,True,True,False,levelsboth_atr1p5-r1,72,1727.0,1.307940223952077,0.5833333333333334,1.4285359801488833,2.0155,3559.57,1.0,0,0.0,same-side random-entry draws,0.99775,,,False,True,True,False,True,False,False,36597.0,-2543.0
sweep_rev-NQ-tf30|mid|,sweep_rev,NQ,30,mid,,all,-,96,61,0.6354,2564.0,True,False,False,levelspd_pts30-r2,134,2549.0,0.2593677937297169,0.35074626865671643,1.0490588552292237,2.0155,5344.23,0.78,0,0.0075,,,,,True,True,True,False,,,True,23710.0,-46892.0
sweep_rev-NQ-tf30|mid|,sweep_rev,NQ,30,mid,,adx_hi,T1,96,53,0.5521,754.5,False,False,False,levelspd_pct0p2-r1,58,753.0,0.17393366592553794,0.5172413793103449,1.0480015299292407,2.0155,2500.43,0.755,0,0.0,random same-size day subsets,0.14375,57,125,False,False,True,False,False,False,True,18112.0,-20617.0
sweep_rev-NQ-tf30|mid|,sweep_rev,NQ,30,mid,,adx_lo,T1,95,57,0.6,1360.0,True,False,False,levelsboth_pts30-r2,170,1360.0,0.1245089027381809,0.34705882352941175,1.0206407746361306,2.0155,9890.85,0.885,0,0.0118,random same-size day subsets,0.31175,146,261,True,True,True,False,False,False,True,39941.0,-28602.0
sweep_rev-NQ-tf30|mid|,sweep_rev,NQ,30,mid,,vol_hi,T2,93,64,0.6882,3979.0,True,False,False,levelspd_pct0p1-r2,64,3979.0,1.1905482199161217,0.421875,1.3715913335823684,2.0155,6407.62,0.99,0,0.0156,random same-size day subsets,0.75975,64,128,False,True,True,False,False,False,True,34819.0,-33741.0
sweep_rev-NQ-tf30|mid|,sweep_rev,NQ,30,mid,,vol_lo,T2,96,54,0.5625,714.0,False,False,False,levelsboth_atr3-r0,129,789.0,0.03043001405256175,0.4496124031007752,1.007189131563841,2.0155,7984.32,0.665,0,0.0,random same-size day subsets,0.3325,129,265,True,False,True,False,False,False,True,18764.0,-23390.0
sweep_rev-NQ-tf30|mid|,sweep_rev,NQ,30,mid,,news_only,T3,96,58,0.6042,1392.0,True,False,False,levelspd_pts20-r0,20,1375.0,0.2824137673352109,0.2,1.2101161369193154,2.0155,5433.57,0.865,0,0.0,random same-size day subsets,0.86475,20,133,False,True,True,False,False,False,True,22510.0,-7510.0
sweep_rev-NQ-tf30|mid|,sweep_rev,NQ,30,mid,,news_never,T3,95,49,0.5158,148.0,False,False,False,levelsboth_pts20-r3,278,148.0,0.01287293307379631,0.26618705035971224,1.0017731771020535,2.0155,37.78,0.48,0,0.0144,random same-size day subsets,0.1925,239,274,True,False,True,False,False,False,True,19248.0,-46091.0
sweep_rev-NQ-tf30|mid|,sweep_rev,NQ,30,mid,,long,T4,96,50,0.5208,271.5,False,False,False,levelsboth_pts10-r1,175,250.0,0.09304911554248027,0.52,1.0142158535198453,2.0155,6845.1,1.0,0,0.08,same-side random-entry draws,1.0,,,True,False,True,False,True,False,False,13254.0,-21190.0
sweep_rev-NQ-tf30|mid|,sweep_rev,NQ,30,mid,,short,T4,95,55,0.5789,1114.0,False,False,False,levelspd_pts10-r3,64,1114.0,0.3817195619784166,0.28125,1.115872685666736,2.0155,-416.03,0.47,0,0.0625,same-side random-entry draws,0.50875,,,False,False,False,False,False,False,False,24945.0,-29946.0
sweep_rev-NQ-tf30|pre|,sweep_rev,NQ,30,pre,,all,-,96,64,0.6667,2484.5,True,False,False,levelsboth_pct0p1-r0,217,2462.0,0.1355422083634328,0.07373271889400922,1.0431143177360604,2.0155,6508.9,0.77,0,0.1014,,,,,True,True,True,False,,,True,40471.0,-17498.0
sweep_rev-NQ-tf30|pre|,sweep_rev,NQ,30,pre,,adx_hi,T1,96,85,0.8854,4427.0,True,True,True,levelspd_pts30-r3,36,4456.0,0.6601358743661576,0.3055555555555556,1.2912418300653594,2.0155,5450.6,0.915,0,0.0833,random same-size day subsets,0.9,36,84,False,True,True,False,False,False,True,25769.0,-5137.0
sweep_rev-NQ-tf30|pre|,sweep_rev,NQ,30,pre,,adx_lo,T1,96,33,0.3438,-3804.5,False,False,False,levelson_pts10-r1,72,1097.0,0.6001950342227312,0.5694444444444444,1.158091944084162,2.0155,2183.75,0.965,0,0.0972,random same-size day subsets,0.56025,70,137,False,False,True,False,False,False,True,17368.0,-28172.0
sweep_rev-NQ-tf30|pre|,sweep_rev,NQ,30,pre,,vol_hi,T2,96,49,0.5104,113.5,False,False,False,levelspd_pts10-r0,41,96.0,0.018111960740526258,0.07317073170731707,1.0120345994734863,2.0155,6044.52,1.0,0,0.0488,random same-size day subsets,0.3,41,85,False,False,True,False,False,False,True,33528.0,-31483.0
sweep_rev-NQ-tf30|pre|,sweep_rev,NQ,30,pre,,vol_lo,T2,96,72,0.75,3309.5,True,True,False,levelspd_pct0p2-r1,44,3149.0,0.8440710257426549,0.5681818181818182,1.2952372023251453,2.0155,4731.0,0.995,0,0.1136,random same-size day subsets,0.65875,44,85,False,True,True,False,False,False,True,22231.0,-10636.0
sweep_rev-NQ-tf30|pre|,sweep_rev,NQ,30,pre,,news_only,T3,96,57,0.5938,2093.5,False,False,False,levelsboth_pts20-r3,41,2151.0,0.45050816661438053,0.2926829268292683,1.17629702483403,2.0155,5358.35,0.99,0,0.1951,random same-size day subsets,0.688,36,206,False,False,True,False,False,False,True,27361.0,-11829.0
sweep_rev-NQ-tf30|pre|,sweep_rev,NQ,30,pre,,news_never,T3,96,50,0.5208,512.0,False,False,False,levelsboth_pts20-r1,176,446.0,0.08328395678143014,0.5113636363636364,1.0126726146502245,2.0155,3387.93,0.845,0,0.0739,random same-size day subsets,0.19825,170,206,True,False,True,False,False,False,True,23030.0,-14737.0
sweep_rev-NQ-tf30|pre|,sweep_rev,NQ,30,pre,,long,T4,95,62,0.6526,2339.0,True,False,False,levelspd_pts10-r0,39,2339.0,0.391767881563776,0.07692307692307693,1.309432464611721,2.0155,-8422.4,0.0,0,0.3333,same-side random-entry draws,0.0,,,False,True,False,False,False,False,False,19476.0,-15889.0
sweep_rev-NQ-tf30|pre|,sweep_rev,NQ,30,pre,,short,T4,96,47,0.4896,-184.5,False,False,False,levelson_pct0p2-r2,86,76.0,0.010324898333777746,0.3488372093023256,1.002391892742494,2.0155,-4107.68,0.005,0,0.3953,same-side random-entry draws,0.01525,,,False,False,False,False,False,False,False,44893.0,-24389.0
vwap_band-GC-tf15|pre|,vwap_band,GC,15,pre,,all,-,96,68,0.7083,866.0,True,True,False,band2_atr3-r0,31,846.0,0.14150201729601075,0.41935483870967744,1.062151043197179,1.2407,2517.15,0.755,0,0.0,,,,,False,True,True,False,,,True,7914.0,-12956.0
vwap_band-GC-tf15|pre|,vwap_band,GC,15,pre,,adx_hi,T1,93,57,0.6129,266.0,True,False,False,band2_pts2-r1,16,266.0,0.31657246268818273,0.5625,1.1775700934579438,1.2407,173.85,0.505,0,0.0,random same-size day subsets,0.47675,16,30,False,True,True,False,False,False,True,7212.0,-7968.0
vwap_band-GC-tf15|pre|,vwap_band,GC,15,pre,,adx_lo,T1,91,45,0.4945,-26.0,False,False,False,band2_pts2-r2,14,54.0,0.04758053753094226,0.35714285714285715,1.02803738317757,1.2407,466.65,0.585,0,0.0,random same-size day subsets,0.32375,14,30,False,False,True,False,False,False,True,2590.0,-5358.0
vwap_band-GC-tf15|pre|,vwap_band,GC,15,pre,,vol_hi,T2,83,7,0.0843,-2114.0,False,False,False,band2p5_atr1p5-r3,3,28.0,0.023119188219344156,0.3333333333333333,1.0355329949238579,1.2407,1008.95,1.0,0,0.0,random same-size day subsets,0.1605,3,8,False,False,True,False,False,False,True,268.0,-9346.0
vwap_band-GC-tf15|pre|,vwap_band,GC,15,pre,,vol_lo,T2,96,90,0.9375,2465.0,True,True,True,band2p5_pts5-r2,5,2460.0,1.757075623392583,0.8,5.785992217898833,1.2407,3418.1,1.0,0,0.0,random same-size day subsets,0.89125,5,8,False,True,True,True,False,False,True,8964.0,-4124.0
vwap_band-GC-tf15|pre|,vwap_band,GC,15,pre,,news_only,T3,57,43,0.7544,1370.0,True,True,False,band1p5_pts2-r2,5,1370.0,2.2459016393442623,0.8,7.401869158878505,1.2407,1792.3,1.0,0,0.0,random same-size day subsets,0.95925,5,84,False,True,True,True,False,False,True,5740.0,-1078.0
vwap_band-GC-tf15|pre|,vwap_band,GC,15,pre,,news_never,T3,96,62,0.6458,841.0,True,False,False,band2_pct0p1-r1,29,754.0,0.7268479816649649,0.5862068965517241,1.3157453936348409,1.2407,479.75,0.755,0,0.0,random same-size day subsets,0.78275,29,31,False,True,True,False,False,False,True,6454.0,-16466.0
vwap_band-GC-tf15|pre|,vwap_band,GC,15,pre,,long,T4,96,86,0.8958,2195.0,True,True,True,band1p5_pts2-r2,41,2196.0,1.1181945442751542,0.43902439024390244,1.4452554744525548,1.2407,4266.95,1.0,0,0.1463,same-side random-entry draws,1.0,,,False,True,True,False,True,False,False,8196.0,-902.0
vwap_band-GC-tf15|pre|,vwap_band,GC,15,pre,,short,T4,87,31,0.3563,-322.0,False,False,False,band2_pts7-r0,13,48.0,0.015623400302504286,0.46153846153846156,1.0095846645367412,1.2407,670.05,0.765,0,0.1538,same-side random-entry draws,0.82025,,,False,False,True,False,False,False,False,1898.0,-15692.0
vwap_band-NQ-tf30|london|,vwap_band,NQ,30,london,,all,-,126,95,0.754,3087.5,True,True,False,band2p5_pct0p1-r2,52,3082.0,1.022005516125732,0.40384615384615385,1.3559302459868345,2.0155,3535.53,0.905,0,0.0,,,,,False,True,True,False,,,True,46135.0,-48492.0
vwap_band-NQ-tf30|london|,vwap_band,NQ,30,london,,adx_hi,T1,121,60,0.4959,-168.0,False,False,False,band3_pct0p1-r1,2,67.0,0.12761904761904763,0.5,1.2925764192139737,2.0155,86.92,0.685,0,0.0,random same-size day subsets,0.34075,2,3,False,False,True,False,False,False,True,16611.0,-27954.0
vwap_band-NQ-tf30|london|,vwap_band,NQ,30,london,,adx_lo,T1,115,86,0.7478,3095.0,True,True,False,band2_pct0p1-r2,105,3095.0,0.7444406516114175,0.37142857142857144,1.168398715925785,2.0155,6552.45,0.99,0,0.0,random same-size day subsets,0.537,96,196,True,True,True,False,False,False,True,54310.0,-15104.0
vwap_band-NQ-tf30|london|,vwap_band,NQ,30,london,,vol_hi,T2,112,75,0.6696,1938.5,True,False,False,band1p5_pct0p2-r3,244,2024.0,0.1355592852043423,0.26639344262295084,1.0201983913138934,2.0155,9892.35,0.85,0,0.0,random same-size day subsets,0.484,201,401,True,True,True,False,False,False,True,24305.0,-37543.0
vwap_band-NQ-tf30|london|,vwap_band,NQ,30,london,,vol_lo,T2,123,78,0.6341,782.0,True,False,False,band3_pct0p2-r3,2,782.0,0.425,0.5,2.4782608695652173,2.0155,1246.6,0.755,0,0.0,random same-size day subsets,0.6525,2,3,False,True,True,False,False,False,True,65707.0,-29447.0
vwap_band-NQ-tf30|london|,vwap_band,NQ,30,london,,news_only,T3,96,35,0.3646,-1414.0,False,False,False,band1p5_pct0p2-r2,62,12.0,0.001912732648649479,0.3387096774193548,1.0005215350515015,2.0155,4379.48,0.775,0,0.0,random same-size day subsets,0.484,50,414,False,False,True,False,False,False,True,8505.0,-18255.0
vwap_band-NQ-tf30|london|,vwap_band,NQ,30,london,,news_never,T3,126,102,0.8095,3585.0,True,True,True,band1p5_pct0p1-r1,482,3587.0,0.5815343972674071,0.5228215767634855,1.054897459442914,2.0155,13451.6,0.995,0,0.0,random same-size day subsets,0.88525,364,414,True,True,True,False,False,False,True,44609.0,-35066.0
vwap_band-NQ-tf30|london|,vwap_band,NQ,30,london,,long,T4,122,63,0.5164,187.0,False,False,False,band3_atr3-r0,2,187.0,0.032493483927019985,0.5,1.067169540229885,2.0155,4604.7,1.0,0,0.0,same-side random-entry draws,1.0,,,False,False,True,False,True,False,False,17039.0,-53797.0
vwap_band-NQ-tf30|london|,vwap_band,NQ,30,london,,short,T4,111,88,0.7928,5704.0,True,True,False,band2_pct0p1-r2,119,5704.0,1.2672361483537902,0.40336134453781514,1.2796901049328233,2.0155,16034.48,1.0,0,0.042,same-side random-entry draws,1.0,,,True,True,True,False,True,False,False,48440.0,-16966.0
vwap_band-NQ-tf30|eve|,vwap_band,NQ,30,eve,,all,-,123,90,0.7317,3592.0,True,True,False,band1p5_pct0p1-r1,637,3592.0,0.5099618601006838,0.5243328100470958,1.0416020013434946,2.0155,12062.77,0.97,0,0.0,,,,,True,True,True,False,,,True,87508.0,-17594.0
vwap_band-NQ-tf30|eve|,vwap_band,NQ,30,eve,,adx_hi,T1,97,63,0.6495,2081.0,True,False,False,band2p5_pts45-r0,16,2081.0,0.2479724754470052,0.25,1.1907774110744407,2.0155,-3874.73,0.24,0,0.0,random same-size day subsets,0.333,16,48,False,True,False,False,False,False,True,35027.0,-17118.0
vwap_band-NQ-tf30|eve|,vwap_band,NQ,30,eve,,adx_lo,T1,123,91,0.7398,2486.0,True,True,False,band2_pts45-r0,121,2486.0,0.10362298769503445,0.19834710743801653,1.0284201982325976,2.0155,26725.75,1.0,0,0.0,random same-size day subsets,0.29275,120,209,True,True,True,False,False,False,True,67527.0,-11733.0
vwap_band-NQ-tf30|eve|,vwap_band,NQ,30,eve,,vol_hi,T2,97,44,0.4536,-227.0,False,False,False,band2_pct0p1-r3,124,244.0,0.044900197432191515,0.25806451612903225,1.0093799254219045,2.0155,-10702.4,0.005,0,0.0,random same-size day subsets,0.22125,113,212,True,False,False,False,False,False,True,46204.0,-31336.0
vwap_band-NQ-tf30|eve|,vwap_band,NQ,30,eve,,vol_lo,T2,123,102,0.8293,5584.0,True,True,True,band2_pts20-r3,104,5584.0,0.7492067434972715,0.28846153846153844,1.1843147610245577,2.0155,13012.25,0.995,0,0.0,random same-size day subsets,0.645,99,212,True,True,True,False,False,False,True,49475.0,-6117.0
vwap_band-NQ-tf30|eve|,vwap_band,NQ,30,eve,,news_only,T3,95,33,0.3474,-1184.0,False,False,False,band2p5_pct0p2-r1,6,31.0,0.02199630122436376,0.5,1.0199100834938986,2.0155,-14.52,0.565,0,0.0,random same-size day subsets,0.5155,6,51,False,False,False,False,False,False,True,16782.0,-22935.0
vwap_band-NQ-tf30|eve|,vwap_band,NQ,30,eve,,news_never,T3,123,93,0.7561,4085.0,True,True,False,band2p5_atr1p5-r0,45,4085.0,0.30437016058065913,0.17777777777777778,1.1421710228656945,2.0155,6787.18,0.745,0,0.0,random same-size day subsets,0.7,45,51,False,True,True,False,False,False,True,81723.0,-9841.0
vwap_band-NQ-tf30|eve|,vwap_band,NQ,30,eve,,long,T4,109,58,0.5321,281.0,False,False,False,band3_pct0p1-r1,1,281.0,0.0,1.0,,2.0155,575.0,1.0,0,0.0,same-side random-entry draws,1.0,,,False,False,True,False,True,False,False,54632.0,-17618.0
vwap_band-NQ-tf30|eve|,vwap_band,NQ,30,eve,,short,T4,113,93,0.823,4343.0,True,True,True,band2_pts30-r0,103,4343.0,0.2233991942170787,0.13592233009708737,1.080068582806364,2.0155,44832.45,1.0,0,0.2524,same-side random-entry draws,1.0,,,True,True,True,False,True,False,False,63134.0,-17419.0
vwap_band-NQ-tf30|mid|,vwap_band,NQ,30,mid,,all,-,104,71,0.6827,1667.0,True,False,False,band2_pts45-r2,48,1723.0,0.2175605571999911,0.375,1.0733503618561089,2.0155,-199.45,0.465,0,0.0,,,,,False,True,False,False,,,True,15583.0,-9831.0
vwap_band-NQ-tf30|mid|,vwap_band,NQ,30,mid,,adx_hi,T1,78,8,0.1026,-2211.5,False,False,False,band2_pts10-r0,26,111.0,0.01999927120289277,0.038461538461538464,1.0212237093690248,2.0155,528.25,0.615,0,0.0,random same-size day subsets,0.12175,26,47,False,False,True,False,False,False,True,5006.0,-15219.0
vwap_band-NQ-tf30|mid|,vwap_band,NQ,30,mid,,adx_lo,T1,101,84,0.8317,5360.0,True,True,True,band1p5_pct0p2-r1,55,5360.0,1.323988781040454,0.5636363636363636,1.4371584699453552,2.0155,5538.3,0.955,0,0.0,random same-size day subsets,0.94175,55,101,False,True,True,False,False,False,True,24531.0,-3985.0
vwap_band-NQ-tf30|mid|,vwap_band,NQ,30,mid,,vol_hi,T2,89,77,0.8652,2983.0,True,True,True,band2p5_pts30-r3,3,2983.0,1.2403326403326402,0.6666666666666666,5.898193760262726,2.0155,1651.42,0.705,0,0.0,random same-size day subsets,0.55575,3,9,False,True,True,False,False,False,True,19660.0,-2770.0
vwap_band-NQ-tf30|mid|,vwap_band,NQ,30,mid,,vol_lo,T2,104,42,0.4038,-429.0,False,False,False,band2p5_pct0p1-r1,6,111.0,0.14501628964807364,0.5,1.1392722710163112,2.0155,663.35,0.94,0,0.0,random same-size day subsets,0.4965,6,9,False,False,True,False,False,False,True,5451.0,-13597.0
vwap_band-NQ-tf30|mid|,vwap_band,NQ,30,mid,,news_only,T3,74,35,0.473,-216.0,False,False,False,band1p5_atr3-r2,17,307.0,0.02488733736575934,0.5294117647058824,1.0145208589537413,2.0155,3158.53,0.615,0,0.0,random same-size day subsets,0.51075,17,104,False,False,True,False,False,False,True,6692.0,-12118.0
vwap_band-NQ-tf30|mid|,vwap_band,NQ,30,mid,,news_never,T3,93,68,0.7312,3006.0,True,True,False,band2_pts20-r3,41,3006.0,0.6381888360974131,0.3170731707317073,1.2623723487824037,2.0155,1152.35,0.65,0,0.0,random same-size day subsets,0.6645,41,48,False,True,True,False,False,False,True,13181.0,-7998.0
vwap_band-NQ-tf30|mid|,vwap_band,NQ,30,mid,,long,T4,96,32,0.3333,-1376.0,False,False,False,band2_pts45-r3,24,179.0,0.02865909661029528,0.375,1.0139680062426843,2.0155,12843.15,1.0,0,0.3333,same-side random-entry draws,1.0,,,False,False,True,False,True,False,False,2675.0,-21114.0
vwap_band-NQ-tf30|mid|,vwap_band,NQ,30,mid,,short,T4,87,72,0.8276,3724.0,True,True,True,band2_atr1p5-r1,24,3724.0,0.5037777516906651,0.5,1.2669916833954689,2.0155,7239.88,1.0,0,0.1667,same-side random-entry draws,1.0,,,False,True,True,False,True,False,False,22658.0,-3542.0
vwap_band-NQ-tf5|eve|,vwap_band,NQ,5,eve,,all,-,128,106,0.8281,8259.5,True,True,True,band2_pts20-r2,860,8260.0,0.4903225165622872,0.34767441860465115,1.0359530607981058,2.0155,5033.4,0.655,0,0.0,,,,,True,True,True,False,,,True,86816.0,-20005.0
vwap_band-NQ-tf5|eve|,vwap_band,NQ,5,eve,,adx_hi,T1,128,86,0.6719,3078.5,True,False,False,band2_atr1p5-r2,442,3062.0,0.2641335328965886,0.34841628959276016,1.0324649851034278,2.0155,25.75,0.52,0,0.0068,random same-size day subsets,0.25175,226,493,True,True,True,False,False,False,True,69722.0,-33704.0
vwap_band-NQ-tf5|eve|,vwap_band,NQ,5,eve,,adx_lo,T1,128,106,0.8281,6672.5,True,True,True,band1p5_pct0p1-r1,750,6790.0,0.9023871491426105,0.5266666666666666,1.0686899342438037,2.0155,14694.48,0.995,0,0.0,random same-size day subsets,0.95275,283,532,True,True,True,False,False,False,True,51930.0,-14414.0
vwap_band-NQ-tf5|eve|,vwap_band,NQ,5,eve,,vol_hi,T2,128,102,0.7969,4261.5,True,True,False,band2p5_atr3-r3,148,4268.0,0.2711816771588208,0.25675675675675674,1.060099978877702,2.0155,15338.95,0.895,0,0.0,random same-size day subsets,0.43125,132,266,True,True,True,False,False,False,True,60257.0,-18687.0
vwap_band-NQ-tf5|eve|,vwap_band,NQ,5,eve,,vol_lo,T2,128,98,0.7656,3818.5,True,True,False,band3_pts20-r2,26,3826.0,1.2248228567530364,0.46153846153846156,1.6681802305274187,2.0155,7993.6,1.0,0,0.0,random same-size day subsets,0.819,24,47,False,True,True,False,False,False,True,62889.0,-9552.0
vwap_band-NQ-tf5|eve|,vwap_band,NQ,5,eve,,news_only,T3,128,51,0.3984,-1573.5,False,False,False,band3_atr1p5-r3,11,296.0,0.1532125782316693,0.2727272727272727,1.130281690140845,2.0155,1914.53,0.89,0,0.0,random same-size day subsets,0.21475,10,47,False,False,True,False,False,False,True,8577.0,-24800.0
vwap_band-NQ-tf5|eve|,vwap_band,NQ,5,eve,,news_never,T3,128,113,0.8828,9799.5,True,True,True,band2p5_pts45-r1,263,9948.0,0.6790000218745085,0.5247148288973384,1.0874934036939314,2.0155,15962.62,0.885,0,0.0,random same-size day subsets,0.56525,240,277,True,True,True,False,False,False,True,89950.0,-17106.0
vwap_band-NQ-tf5|eve|,vwap_band,NQ,5,eve,,long,T4,128,101,0.7891,5229.0,True,True,False,band3_atr1p5-r2,33,5288.0,1.6008820093812148,0.48484848484848486,1.9724163295329165,2.0155,2695.55,0.92,0,0.0909,same-side random-entry draws,0.87975,,,False,True,True,False,False,False,False,49071.0,-12918.0
vwap_band-NQ-tf5|eve|,vwap_band,NQ,5,eve,,short,T4,128,95,0.7422,3672.5,True,True,False,band2_pct0p1-r3,450,3865.0,0.37194490469955277,0.2644444444444444,1.0413064155863587,2.0155,61010.18,1.0,0,0.1289,same-side random-entry draws,1.0,,,True,True,True,False,True,False,False,49909.0,-37807.0
vwap_flip-NQ-tf15|pm|,vwap_flip,NQ,15,pm,,all,-,94,81,0.8617,22396.5,True,True,True,hold1_pts10-r0,703,22118.0,1.2602101238877963,0.1906116642958748,1.1858639843362662,2.0155,32512.7,1.0,0,0.0,,,,,True,True,True,False,,,True,62094.0,-17010.0
vwap_flip-NQ-tf15|pm|,vwap_flip,NQ,15,pm,,adx_hi,T1,92,73,0.7935,3960.5,True,True,False,hold1_pct0p1-r2,328,3963.0,0.5569624471858512,0.36585365853658536,1.0679736544200884,2.0155,17343.9,1.0,0,0.0,random same-size day subsets,0.90075,215,445,True,True,True,False,False,False,True,36005.0,-13089.0
vwap_flip-NQ-tf15|pm|,vwap_flip,NQ,15,pm,,adx_lo,T1,94,75,0.7979,14568.5,True,True,False,hold2_pts30-r2,231,14656.0,1.3571803285786948,0.4588744588744589,1.2263125386040765,2.0155,19051.12,0.98,0,0.0,random same-size day subsets,0.66925,209,395,True,True,True,False,False,False,True,39705.0,-9271.0
vwap_flip-NQ-tf15|pm|,vwap_flip,NQ,15,pm,,vol_hi,T2,94,50,0.5319,838.5,False,False,False,hold1_atr3-r2,226,911.0,0.03828237814644869,0.4823008849557522,1.0074762213486743,2.0155,-15528.7,0.245,0,0.0,random same-size day subsets,0.1255,223,452,True,False,False,False,False,False,True,16039.0,-14007.0
vwap_flip-NQ-tf15|pm|,vwap_flip,NQ,15,pm,,vol_lo,T2,91,81,0.8901,16432.0,True,True,True,hold2_pts30-r1,227,16432.0,2.041792001258237,0.5594713656387665,1.33102336825141,2.0155,20427.4,0.99,0,0.0,random same-size day subsets,0.9865,205,401,True,True,True,True,False,False,True,57137.0,-5170.0
vwap_flip-NQ-tf15|pm|,vwap_flip,NQ,15,pm,,news_only,T3,93,49,0.5269,395.0,False,False,False,hold2_pts10-r1,60,395.0,0.24971475966926046,0.5333333333333333,1.0672111621575633,2.0155,1394.4,0.815,0,0.0,random same-size day subsets,0.89125,54,417,False,False,True,False,False,False,True,13526.0,-8814.0
vwap_flip-NQ-tf15|pm|,vwap_flip,NQ,15,pm,,news_never,T3,93,76,0.8172,19805.0,True,True,True,hold3_pct0p2-r3,295,19805.0,1.6913645487556812,0.4745762711864407,1.27602787456446,2.0155,10093.92,0.805,0,0.0,random same-size day subsets,0.74325,292,340,True,True,True,False,False,False,True,55299.0,-15045.0
vwap_flip-NQ-tf15|pm|,vwap_flip,NQ,15,pm,,long,T4,90,80,0.8889,10026.0,True,True,True,hold3_atr1p5-r0,208,9963.0,0.7837989883074012,0.5480769230769231,1.1557911526012103,2.0155,-125119.0,0.0,0,0.1587,same-side random-entry draws,0.0,,,True,True,False,False,False,False,False,41361.0,-15559.0
vwap_flip-NQ-tf15|pm|,vwap_flip,NQ,15,pm,,short,T4,93,71,0.7634,9097.0,True,True,False,hold1_atr3-r0,222,9097.0,0.40008060664329137,0.4954954954954955,1.081878977165333,2.0155,-57901.65,0.0,0,0.2207,same-side random-entry draws,0.0,,,True,True,False,False,False,False,False,29844.0,-11160.0
vwap_flip-NQ-tf15|pre|,vwap_flip,NQ,15,pre,,all,-,64,47,0.7344,18166.5,True,True,False,hold1_pts30-r2,312,16402.0,1.0674368872833093,0.3685897435897436,1.1366457557505019,2.0155,10383.73,0.835,0,0.0,,,,,True,True,True,False,,,True,100187.0,-12398.0
vwap_flip-NQ-tf15|pre|,vwap_flip,NQ,15,pre,,adx_hi,T1,64,48,0.75,8569.0,True,True,False,hold2_atr1p5-r1,74,8639.0,1.2311291222176388,0.5675675675675675,1.3706452720096105,2.0155,7489.4,0.92,0,0.0,random same-size day subsets,0.6155,74,148,False,True,True,False,False,False,True,50074.0,-4861.0
vwap_flip-NQ-tf15|pre|,vwap_flip,NQ,15,pre,,adx_lo,T1,64,48,0.75,10708.5,True,True,False,hold1_atr3-r1,153,11568.0,0.6595085027198282,0.5359477124183006,1.1208537489944526,2.0155,19239.9,0.96,0,0.0,random same-size day subsets,0.6715,153,297,True,True,True,False,False,False,True,53043.0,-8722.0
vwap_flip-NQ-tf15|pre|,vwap_flip,NQ,15,pre,,vol_hi,T2,64,31,0.4844,-411.5,False,False,False,hold2_pts20-r3,66,291.0,0.05064681389911828,0.25757575757575757,1.0145202335212813,2.0155,-1632.03,0.395,0,0.0,random same-size day subsets,0.16875,66,149,False,False,False,False,False,False,True,29693.0,-14312.0
vwap_flip-NQ-tf15|pre|,vwap_flip,NQ,15,pre,,vol_lo,T2,64,53,0.8281,18602.0,True,True,True,hold1_atr1p5-r3,162,17867.0,1.1502473022672846,0.30864197530864196,1.2459901146861618,2.0155,13762.58,0.915,0,0.0,random same-size day subsets,0.4965,162,300,True,True,True,False,False,False,True,74267.0,-5083.0
vwap_flip-NQ-tf15|pre|,vwap_flip,NQ,15,pre,,news_only,T3,64,36,0.5625,1520.5,False,False,False,hold1_pct0p2-r3,40,1720.0,0.2712866955347786,0.275,1.105514999079811,2.0155,-789.38,0.415,0,0.0,random same-size day subsets,0.3815,40,312,False,False,False,False,False,False,True,18091.0,-7519.0
vwap_flip-NQ-tf15|pre|,vwap_flip,NQ,15,pre,,news_never,T3,64,46,0.7188,11722.5,True,True,False,hold2_atr1p5-r1,125,11970.0,1.5065976799384548,0.56,1.3367562245041498,2.0155,13853.12,0.99,0,0.0,random same-size day subsets,0.614,125,151,True,True,True,False,False,False,True,92162.0,-11058.0
vwap_flip-NQ-tf15|pre|,vwap_flip,NQ,15,pre,,long,T4,64,43,0.6719,9234.0,True,False,False,hold1_atr1p5-r1,159,9164.0,0.9394544778354722,0.5283018867924528,1.174303376129339,2.0155,-17087.42,0.0,0,0.2327,same-side random-entry draws,0.0,,,True,True,False,False,False,False,False,67414.0,-11811.0
vwap_flip-NQ-tf15|pre|,vwap_flip,NQ,15,pre,,short,T4,64,48,0.75,7648.0,True,True,False,hold1_atr1p5-r3,153,7333.0,0.4548958978124304,0.27450980392156865,1.0944803772515268,2.0155,-53040.7,0.0,0,0.1961,same-side random-entry draws,0.0,,,True,True,False,False,False,False,False,41583.0,-6662.0
vwap_flip-NQ-tf5|pre|,vwap_flip,NQ,5,pre,,all,-,96,71,0.7396,15003.5,True,True,False,hold1_atr3-r1,523,15313.0,0.6723502675726639,0.5086042065009561,1.0667209857608448,2.0155,14003.58,0.795,0,0.0,,,,,True,True,True,False,,,True,111840.0,-15111.0
vwap_flip-NQ-tf5|pre|,vwap_flip,NQ,5,pre,,adx_hi,T1,96,58,0.6042,1098.5,True,False,False,hold2_pts30-r3,242,1132.0,0.06938469399889312,0.256198347107438,1.0103232866718344,2.0155,-2352.15,0.395,0,0.0,random same-size day subsets,0.2195,214,450,True,True,False,False,False,False,True,32874.0,-37260.0
vwap_flip-NQ-tf5|pre|,vwap_flip,NQ,5,pre,,adx_lo,T1,96,76,0.7917,16931.5,True,True,False,hold1_atr1p5-r2,327,16912.0,1.3202489275999993,0.37003058103975534,1.1853593309878452,2.0155,20034.58,0.995,0,0.0031,random same-size day subsets,0.98275,250,476,True,True,True,False,False,False,True,88090.0,-11669.0
vwap_flip-NQ-tf5|pre|,vwap_flip,NQ,5,pre,,vol_hi,T2,96,45,0.4688,-1526.0,False,False,False,hold2_pts10-r3,277,2.0,0.0003396025697769826,0.259927797833935,1.0000466091820088,2.0155,4193.4,0.865,0,0.0,random same-size day subsets,0.50025,220,457,True,False,True,False,False,False,True,63127.0,-25429.0
vwap_flip-NQ-tf5|pre|,vwap_flip,NQ,5,pre,,vol_lo,T2,96,82,0.8542,22099.5,True,True,True,hold2_pts20-r2,276,22031.0,2.2365725533706136,0.4057971014492754,1.328228125325904,2.0155,26335.33,1.0,0,0.0,random same-size day subsets,0.97775,237,457,True,True,True,True,False,False,True,72496.0,-9381.0
vwap_flip-NQ-tf5|pre|,vwap_flip,NQ,5,pre,,news_only,T3,96,76,0.7917,6675.5,True,True,False,hold2_atr3-r3,57,6632.0,0.3751222257061026,0.3508771929824561,1.1283455576413215,2.0155,-3907.83,0.375,0,0.0,random same-size day subsets,0.74975,56,473,False,True,False,False,False,False,True,35767.0,-15267.0
vwap_flip-NQ-tf5|pre|,vwap_flip,NQ,5,pre,,news_never,T3,96,54,0.5625,3112.5,False,False,False,hold2_pts30-r2,461,2576.0,0.14009197150575994,0.3405639913232104,1.0139095876800794,2.0155,4734.15,0.66,0,0.0,random same-size day subsets,0.187,417,473,True,False,True,False,False,False,True,94324.0,-36506.0
vwap_flip-NQ-tf5|pre|,vwap_flip,NQ,5,pre,,long,T4,96,71,0.7396,10529.5,True,True,False,hold2_atr1p5-r2,280,10835.0,0.8507291192974814,0.3535714285714286,1.1275245986535474,2.0155,-23496.97,0.0,0,0.0964,same-side random-entry draws,0.0005,,,True,True,False,False,False,False,False,84914.0,-13424.0
vwap_flip-NQ-tf5|pre|,vwap_flip,NQ,5,pre,,short,T4,96,64,0.6667,3782.0,True,False,False,hold3_atr1p5-r3,235,4415.0,0.3254027974210186,0.2765957446808511,1.053730071802361,2.0155,-45481.75,0.0,0,0.0681,same-side random-entry draws,0.0,,,True,True,False,False,False,False,False,45770.0,-15171.0
vwap_z-ES-tf30|mid|,vwap_z,ES,30,mid,,all,-,125,85,0.68,891.5,True,False,False,zth2p5_pts8-r2,24,891.5,0.32292542747792063,0.375,1.161430511543685,1.2986,351.62,0.54,0,0.0,,,,,False,True,True,False,,,True,19002.5,-10769.5
vwap_z-ES-tf30|mid|,vwap_z,ES,30,mid,,adx_hi,T1,125,65,0.52,192.0,False,False,False,zth3_pct0p1-r2,2,192.0,0.2953846153846154,0.5,1.8384279475982532,1.2986,416.0,0.64,0,0.0,random same-size day subsets,0.7055,2,5,False,False,True,False,False,False,True,10238.0,-13506.0
vwap_z-ES-tf30|mid|,vwap_z,ES,30,mid,,adx_lo,T1,114,68,0.5965,388.0,False,False,False,zth3_pts8-r1,3,375.5,0.4621538461538462,0.6666666666666666,1.9015606242496998,1.2986,471.25,0.5,0,0.0,random same-size day subsets,0.3075,3,5,False,False,True,False,False,False,True,11876.5,-9962.0
vwap_z-ES-tf30|mid|,vwap_z,ES,30,mid,,vol_hi,T2,123,94,0.7642,1192.0,True,True,False,zth1p5_pct0p1-r1,152,1192.0,0.44031204496852894,0.5328947368421053,1.0747499451290252,1.2986,8459.94,1.0,0,0.0132,random same-size day subsets,0.99925,129,267,True,True,True,False,True,False,True,25290.0,-2003.0
vwap_z-ES-tf30|mid|,vwap_z,ES,30,mid,,vol_lo,T2,115,46,0.4,-520.5,False,False,False,zth3_atr1p5-r1,2,4.5,0.0044444444444444444,0.5,1.0089285714285714,1.2986,-8.38,0.56,0,0.0,random same-size day subsets,0.3995,2,5,False,False,False,False,False,False,True,5814.5,-21789.5
vwap_z-ES-tf30|mid|,vwap_z,ES,30,mid,,news_only,T3,89,21,0.236,-937.5,False,False,False,zth1p5_pts12-r0,46,216.0,0.028088641590524373,0.2826086956521739,1.0109328339322772,1.2986,-17296.94,0.01,0,0.0,random same-size day subsets,0.4595,43,274,False,False,False,False,False,False,True,5666.5,-10626.0
vwap_z-ES-tf30|mid|,vwap_z,ES,30,mid,,news_never,T3,125,87,0.696,942.5,True,False,False,zth3_pts12-r2,5,942.5,0.5937928326087761,0.4,2.109476162448499,1.2986,2940.94,1.0,0,0.0,random same-size day subsets,0.0,5,5,False,True,True,False,False,False,True,23707.0,-8850.5
vwap_z-ES-tf30|mid|,vwap_z,ES,30,mid,,long,T4,102,10,0.098,-3442.5,False,False,False,zth2p5_pts5-r3,11,106.0,0.06757798102024465,0.2727272727272727,1.049718574108818,1.2986,146.81,0.3,0,0.2727,same-side random-entry draws,0.32575,,,False,False,True,False,False,False,False,3318.5,-22674.5
vwap_z-ES-tf30|mid|,vwap_z,ES,30,mid,,short,T4,125,102,0.816,2685.5,True,True,True,zth2p5_pct0p2-r3,13,2685.5,0.9087495392417071,0.38461538461538464,1.960994811236357,1.2986,5020.75,1.0,0,0.0,same-side random-entry draws,1.0,,,False,True,True,False,True,False,False,30327.5,-3837.5
vwap_z-ES-tf30|asia|,vwap_z,ES,30,asia,,all,-,127,85,0.6693,1744.0,True,False,False,zth2p5_pts12-r0,39,1744.0,0.1480321361210305,0.20512820512820512,1.093267019626718,1.2986,2496.31,0.675,0,0.0513,,,,,False,True,True,False,,,True,34540.5,-11722.5
vwap_z-ES-tf30|asia|,vwap_z,ES,30,asia,,adx_hi,T1,112,79,0.7054,1847.0,True,True,False,zth2p5_pts12-r2,11,1906.0,0.6671683100650627,0.45454545454545453,1.5934921376303908,1.2986,1630.94,0.735,0,0.1818,random same-size day subsets,0.781,11,39,False,True,True,False,False,False,True,22677.0,-4144.0
vwap_z-ES-tf30|asia|,vwap_z,ES,30,asia,,adx_lo,T1,127,65,0.5118,205.0,False,False,False,zth3_pts5-r1,5,205.0,0.3265986323710905,0.6,1.3846153846153846,1.2986,640.62,0.83,0,0.0,random same-size day subsets,0.82425,5,8,False,False,True,False,False,False,True,14679.0,-23012.0
vwap_z-ES-tf30|asia|,vwap_z,ES,30,asia,,vol_hi,T2,127,87,0.685,889.0,True,False,False,zth2_pct0p1-r1,84,889.0,0.4410401308689304,0.5476190476190477,1.1020138849044696,1.2986,1411.0,0.805,0,0.0357,random same-size day subsets,0.95275,80,163,False,True,True,False,False,False,True,21505.0,-13155.0
vwap_z-ES-tf30|asia|,vwap_z,ES,30,asia,,vol_lo,T2,117,55,0.4701,-162.0,False,False,False,zth1p5_pct0p1-r2,206,38.5,0.008534438802975691,0.34951456310679613,1.0012541329380915,1.2986,-2602.0,0.17,0,0.034,random same-size day subsets,0.648,184,352,True,False,False,False,False,False,True,24631.0,-9105.5
vwap_z-ES-tf30|asia|,vwap_z,ES,30,asia,,news_only,T3,127,58,0.4567,-99.5,False,False,False,zth2_pct0p1-r2,28,25.5,0.015297402848943193,0.35714285714285715,1.0061863173216885,1.2986,1207.94,0.87,0,0.0357,random same-size day subsets,0.49275,26,168,False,False,True,False,False,False,True,12338.0,-13946.0
vwap_z-ES-tf30|asia|,vwap_z,ES,30,asia,,news_never,T3,122,75,0.6148,519.75,True,False,False,zth2p5_pts2p5-r2,32,509.5,0.46580575701142457,0.40625,1.1895108796726799,1.2986,162.75,0.445,0,0.0938,random same-size day subsets,0.67375,31,39,False,True,True,False,False,False,True,35469.5,-9007.5
vwap_z-ES-tf30|asia|,vwap_z,ES,30,asia,,long,T4,127,64,0.5039,34.5,False,False,False,zth3_atr1p5-r1,7,34.5,0.03155024119263637,0.42857142857142855,1.0299089726918076,1.2986,1285.44,1.0,0,0.0,same-side random-entry draws,1.0,,,False,False,True,False,True,False,False,17095.0,-11999.5
vwap_z-ES-tf30|asia|,vwap_z,ES,30,asia,,short,T4,116,82,0.7069,1101.0,True,True,False,zth1p5_pct0p1-r2,221,1103.5,0.23457538562067654,0.36199095022624433,1.033693113292521,1.2986,5800.44,1.0,0,0.3122,same-side random-entry draws,0.99975,,,True,True,True,False,True,False,False,26660.0,-5684.5
vwap_z-NQ-tf15|eve|,vwap_z,NQ,15,eve,,all,-,128,102,0.7969,5282.5,True,True,False,zth2p5_pts10-r3,144,5254.0,1.1755834083292835,0.3055555555555556,1.2505484024797329,2.0155,6801.88,0.975,0,0.0,,,,,True,True,True,False,,,True,106310.0,-30349.0
vwap_z-NQ-tf15|eve|,vwap_z,NQ,15,eve,,adx_hi,T1,123,53,0.4309,-335.0,False,False,False,zth2p5_pts10-r1,56,26.0,0.016990745739860248,0.5178571428571429,1.004595263343938,2.0155,19.55,0.49,0,0.0,random same-size day subsets,0.79725,53,124,False,False,True,False,False,False,True,23944.0,-54813.0
vwap_z-NQ-tf15|eve|,vwap_z,NQ,15,eve,,adx_lo,T1,128,123,0.9609,10011.5,True,True,True,zth1p5_atr1p5-r1,593,10183.0,0.8742855845318273,0.524451939291737,1.0829349339892331,2.0155,14195.7,0.935,0,0.0,random same-size day subsets,0.38275,273,512,True,True,True,False,False,False,True,78535.0,-2000.0
vwap_z-NQ-tf15|eve|,vwap_z,NQ,15,eve,,vol_hi,T2,128,88,0.6875,1275.5,True,False,False,zth2_pts10-r2,335,1250.0,0.23574185643232848,0.3522388059701492,1.0274858173182637,2.0155,6720.45,0.94,0,0.0,random same-size day subsets,0.7705,195,373,True,True,True,False,False,False,True,51495.0,-42409.0
vwap_z-NQ-tf15|eve|,vwap_z,NQ,15,eve,,vol_lo,T2,128,105,0.8203,6942.5,True,True,True,zth1p5_atr1p5-r2,480,7205.0,0.5015791770924143,0.35625,1.0546325854368712,2.0155,-152.98,0.47,0,0.0,random same-size day subsets,0.536,261,520,True,True,False,False,False,False,True,68029.0,-11587.0
vwap_z-NQ-tf15|eve|,vwap_z,NQ,15,eve,,news_only,T3,125,78,0.624,922.0,True,False,False,zth3_pct0p2-r3,2,922.0,0.45418719211822667,0.5,2.664259927797834,2.0155,552.7,0.35,0,0.0,random same-size day subsets,0.405,2,11,False,True,True,False,False,False,True,15845.0,-28301.0
vwap_z-NQ-tf15|eve|,vwap_z,NQ,15,eve,,news_never,T3,128,95,0.7422,3107.5,True,True,False,zth2p5_atr1p5-r2,116,3106.0,0.40841964183986734,0.3793103448275862,1.0909836545784757,2.0155,8080.2,0.93,0,0.0,random same-size day subsets,0.17375,110,131,True,True,True,False,False,False,True,118780.0,-25575.0
vwap_z-NQ-tf15|eve|,vwap_z,NQ,15,eve,,long,T4,128,93,0.7266,1469.0,True,True,False,zth2_pts20-r2,288,1368.0,0.1405181261563348,0.34375,1.0176662017666203,2.0155,46426.45,1.0,0,0.1354,same-side random-entry draws,1.0,,,True,True,True,False,True,False,False,60391.0,-28869.0
vwap_z-NQ-tf15|eve|,vwap_z,NQ,15,eve,,short,T4,128,105,0.8203,3158.0,True,True,True,zth2_atr3-r2,194,3199.0,0.15722489722270477,0.33505154639175255,1.0275180428555453,2.0155,66371.1,1.0,0,0.2784,same-side random-entry draws,1.0,,,True,True,True,False,True,False,False,50624.0,-13322.0
vwap_z-NQ-tf30|mid|,vwap_z,NQ,30,mid,,all,-,104,77,0.7404,7072.0,True,True,False,zth2_pts30-r3,99,6914.0,0.6886000826809935,0.3333333333333333,1.174050951565804,2.0155,9309.02,0.865,0,0.0,,,,,False,True,True,False,,,True,32824.0,-11208.0
vwap_z-NQ-tf30|mid|,vwap_z,NQ,30,mid,,adx_hi,T1,98,37,0.3776,-592.5,False,False,False,zth2p5_pct0p1-r3,7,87.0,0.061600993480359904,0.2857142857142857,1.0585858585858585,2.0155,116.95,0.57,0,0.0,random same-size day subsets,0.502,7,18,False,False,True,False,False,False,True,11296.0,-16086.0
vwap_z-NQ-tf30|mid|,vwap_z,NQ,30,mid,,adx_lo,T1,101,81,0.802,7142.0,True,True,True,zth2_pts30-r3,47,7142.0,0.9785310217614526,0.3617021276595745,1.390486604702023,2.0155,6368.82,0.865,0,0.0,random same-size day subsets,0.78825,47,95,False,True,True,False,False,False,True,40051.0,-5448.0
vwap_z-NQ-tf30|mid|,vwap_z,NQ,30,mid,,vol_hi,T2,99,70,0.7071,2743.0,True,True,False,zth1p5_pct0p1-r2,153,2743.0,0.5468561363852402,0.3660130718954248,1.0992474129821261,2.0155,7770.88,0.98,0,0.0131,random same-size day subsets,0.98875,127,249,True,True,True,False,False,False,True,24893.0,-6018.0
vwap_z-NQ-tf30|mid|,vwap_z,NQ,30,mid,,vol_lo,T2,102,70,0.6863,1795.5,True,False,False,zth2p5_pts45-r3,10,1980.0,0.4342671506261377,0.3,1.44765995930364,2.0155,599.38,0.62,0,0.0,random same-size day subsets,0.144,10,18,False,True,True,False,False,False,True,14295.0,-12399.0
vwap_z-NQ-tf30|mid|,vwap_z,NQ,30,mid,,news_only,T3,86,13,0.1512,-1458.5,False,False,False,zth2p5_pct0p1-r2,3,13.0,0.01661112969610458,0.3333333333333333,1.0253411306042886,2.0155,-51.6,0.655,0,0.0,random same-size day subsets,0.38925,3,18,False,False,False,False,False,False,True,8551.0,-17036.0
vwap_z-NQ-tf30|mid|,vwap_z,NQ,30,mid,,news_never,T3,102,82,0.8039,9930.5,True,True,True,zth1p5_pts45-r1,226,9231.0,0.7073287456364242,0.5265486725663717,1.101125072576493,2.0155,17196.9,0.965,0,0.0088,random same-size day subsets,0.697,218,253,True,True,True,False,False,False,True,42479.0,-8656.0
vwap_z-NQ-tf30|mid|,vwap_z,NQ,30,mid,,long,T4,97,21,0.2165,-1118.0,False,False,False,zth2p5_atr1p5-r1,8,23.0,0.005389870826607128,0.5,1.0044137401650355,2.0155,1288.1,0.525,0,0.5,same-side random-entry draws,0.555,,,False,False,True,False,False,False,False,10722.0,-29383.0
vwap_z-NQ-tf30|mid|,vwap_z,NQ,30,mid,,short,T4,102,85,0.8333,6128.0,True,True,True,zth1p5_pts20-r3,161,6331.0,0.7116863695504189,0.3105590062111801,1.1394370540040526,2.0155,36469.8,1.0,0,0.1925,same-side random-entry draws,1.0,,,True,True,True,False,True,False,False,45030.0,-6456.0
vwap_z-NQ-tf30|london|,vwap_z,NQ,30,london,,all,-,125,82,0.656,1203.0,True,False,False,zth3_pts30-r0,3,1203.0,0.39702970297029705,0.3333333333333333,1.9876847290640394,2.0155,2447.15,1.0,0,0.0,,,,,False,True,True,False,,,True,69423.0,-37490.0
vwap_z-NQ-tf30|london|,vwap_z,NQ,30,london,,adx_hi,T1,125,66,0.528,352.0,False,False,False,zth3_pct0p1-r3,2,352.0,0.36666666666666664,0.5,2.1578947368421053,2.0155,709.88,0.85,0,0.0,random same-size day subsets,0.33125,2,3,False,False,True,False,False,False,True,20158.0,-37759.0
vwap_z-NQ-tf30|london|,vwap_z,NQ,30,london,,adx_lo,T1,106,61,0.5755,1077.0,False,False,False,zth1p5_pct0p1-r1,426,1066.0,0.18760271260061503,0.5164319248826291,1.018510479431836,2.0155,11846.98,1.0,0,0.0,random same-size day subsets,0.6625,234,436,True,False,True,False,False,False,True,80863.0,-14376.0
vwap_z-NQ-tf30|london|,vwap_z,NQ,30,london,,vol_hi,T2,113,72,0.6372,1801.0,True,False,False,zth1p5_pts10-r3,426,1801.0,0.24511702780755912,0.2652582159624413,1.027476467267762,2.0155,4924.77,0.835,0,0.0,random same-size day subsets,0.90275,220,443,True,True,True,False,False,False,True,38721.0,-19811.0
vwap_z-NQ-tf30|london|,vwap_z,NQ,30,london,,vol_lo,T2,125,59,0.472,-13.0,False,False,False,zth1p5_pts20-r2,353,113.0,0.010517733062912357,0.33994334277620397,1.0011843994675442,2.0155,13938.25,0.98,0,0.0,random same-size day subsets,0.20475,223,443,True,False,True,False,False,False,True,62279.0,-38625.0
vwap_z-NQ-tf30|london|,vwap_z,NQ,30,london,,news_only,T3,97,28,0.2887,-1718.0,False,False,False,zth1p5_atr1p5-r1,73,93.0,0.013479131183056565,0.5205479452054794,1.0034759857970472,2.0155,9440.4,0.96,0,0.0,random same-size day subsets,0.3765,54,459,False,False,True,False,False,False,True,5551.0,-28213.0
vwap_z-NQ-tf30|london|,vwap_z,NQ,30,london,,news_never,T3,125,86,0.688,1203.0,True,False,False,zth3_pts30-r0,3,1203.0,0.39702970297029705,0.3333333333333333,1.9876847290640394,2.0155,2564.95,1.0,0,0.0,random same-size day subsets,0.0,3,3,False,True,True,False,False,False,True,73375.0,-28218.0
vwap_z-NQ-tf30|london|,vwap_z,NQ,30,london,,long,T4,114,47,0.4123,-293.5,False,False,False,zth3_pct0p1-r1,2,22.0,0.039285714285714285,0.5,1.0817843866171004,2.0155,-172.38,0.375,0,0.0,same-side random-entry draws,0.40175,,,False,False,False,False,False,False,False,44258.0,-29013.0
vwap_z-NQ-tf30|london|,vwap_z,NQ,30,london,,short,T4,112,72,0.6429,1306.5,True,False,False,zth2p5_pts45-r2,37,1302.0,0.1644769873002837,0.35135135135135137,1.0596672929746573,2.0155,19047.65,1.0,0,0.1622,same-side random-entry draws,1.0,,,False,True,True,False,True,False,False,29125.0,-43710.0
