cell,vi,xi,sess,trades,net,t,pf,win,max_mae_usd
anchorsession_n9_atr1p5-r0,0,0,all,5397,-175175.5,-3.0395,0.8622,0.1438,1662.5
anchorsession_n9_atr1p5-r0,0,0,eve,1020,-90530.0,-4.4271,0.5277,0.0392,1662.5
anchorsession_n9_atr1p5-r0,0,0,asia,997,-41525.5,-2.3316,0.6935,0.0421,725.0
anchorsession_n9_atr1p5-r0,0,0,london,1021,-24234.0,-0.8953,0.8927,0.0803,800.0
anchorsession_n9_atr1p5-r0,0,0,pre,404,-5866.0,-0.3286,0.945,0.1213,1025.0
anchorsession_n9_atr1p5-r0,0,0,nyam,586,10893.5,0.4249,1.0519,0.2304,1600.0
anchorsession_n9_atr1p5-r0,0,0,mid,618,-13697.0,-0.6146,0.9336,0.2751,1237.5
anchorsession_n9_atr1p5-r0,0,0,pm,751,-10216.5,-0.5245,0.9477,0.3435,1312.5
anchorsession_n9_atr1p5-r1,0,1,all,5881,-188449.0,-7.211,0.7965,0.4419,1312.5
anchorsession_n9_atr1p5-r1,0,1,eve,1127,-40308.0,-5.5957,0.6771,0.4188,1062.5
anchorsession_n9_atr1p5-r1,0,1,asia,1105,-31870.0,-6.1836,0.648,0.4072,650.0
anchorsession_n9_atr1p5-r1,0,1,london,1119,-38076.0,-4.384,0.7468,0.4352,737.5
anchorsession_n9_atr1p5-r1,0,1,pre,443,-18409.5,-2.6711,0.7512,0.4447,1025.0
anchorsession_n9_atr1p5-r1,0,1,nyam,634,-13348.5,-1.0709,0.9119,0.4905,1150.0
anchorsession_n9_atr1p5-r1,0,1,mid,656,-26599.0,-2.0994,0.8371,0.468,1237.5
anchorsession_n9_atr1p5-r1,0,1,pm,797,-19838.0,-1.5385,0.8842,0.4705,1312.5
anchorsession_n9_atr1p5-r2,0,2,all,5582,-196340.5,-5.743,0.822,0.304,1662.5
anchorsession_n9_atr1p5-r2,0,2,eve,1072,-47900.5,-5.1177,0.6838,0.2705,1662.5
anchorsession_n9_atr1p5-r2,0,2,asia,1037,-36498.0,-5.4315,0.6629,0.2652,725.0
anchorsession_n9_atr1p5-r2,0,2,london,1078,-37537.0,-3.2251,0.7946,0.2931,800.0
anchorsession_n9_atr1p5-r2,0,2,pre,412,-19410.5,-2.1478,0.7786,0.301,1025.0
anchorsession_n9_atr1p5-r2,0,2,nyam,599,-22696.0,-1.3717,0.8805,0.3306,1150.0
anchorsession_n9_atr1p5-r2,0,2,mid,622,-16838.0,-0.9979,0.912,0.3376,1237.5
anchorsession_n9_atr1p5-r2,0,2,pm,762,-15460.5,-0.9559,0.9192,0.3727,1312.5
anchorsession_n9_atr1p5-r3,0,3,all,5484,-183898.5,-4.5768,0.8432,0.2438,1662.5
anchorsession_n9_atr1p5-r3,0,3,eve,1044,-57276.0,-5.2085,0.6522,0.1897,1662.5
anchorsession_n9_atr1p5-r3,0,3,asia,1014,-45143.5,-5.9631,0.6165,0.1893,725.0
anchorsession_n9_atr1p5-r3,0,3,london,1053,-28412.0,-2.0288,0.8542,0.2336,800.0
anchorsession_n9_atr1p5-r3,0,3,pre,407,-17453.0,-1.6095,0.8161,0.2383,1025.0
anchorsession_n9_atr1p5-r3,0,3,nyam,591,-15451.5,-0.7758,0.9243,0.2657,1600.0
anchorsession_n9_atr1p5-r3,0,3,mid,620,-9267.5,-0.4701,0.9538,0.2968,1237.5
anchorsession_n9_atr1p5-r3,0,3,pm,755,-10895.0,-0.5925,0.9444,0.3483,1312.5
anchorsession_n9_atr3-r0,0,4,all,3894,-87601.0,-1.2809,0.94,0.2478,3337.5
anchorsession_n9_atr3-r0,0,4,eve,689,-51606.0,-1.8444,0.7825,0.1074,3337.5
anchorsession_n9_atr3-r0,0,4,asia,693,-29559.5,-1.3196,0.822,0.0938,1450.0
anchorsession_n9_atr3-r0,0,4,london,674,-30033.5,-1.017,0.8855,0.1647,1612.5
anchorsession_n9_atr3-r0,0,4,pre,355,-11995.0,-0.5061,0.9274,0.2085,1825.0
anchorsession_n9_atr3-r0,0,4,nyam,470,32707.5,1.0993,1.1391,0.3936,2312.5
anchorsession_n9_atr3-r0,0,4,mid,472,4162.0,0.1669,1.0195,0.4576,2400.0
anchorsession_n9_atr3-r0,0,4,pm,541,-1276.5,-0.06,0.9929,0.4436,2575.0
anchorsession_n9_atr3-r1,0,5,all,4175,-100625.0,-2.42,0.9122,0.4826,3337.5
anchorsession_n9_atr3-r1,0,5,eve,766,-29214.0,-2.3247,0.8181,0.47,3337.5
anchorsession_n9_atr3-r1,0,5,asia,755,-22957.5,-2.7116,0.7931,0.4503,1450.0
anchorsession_n9_atr3-r1,0,5,london,769,-21326.0,-1.5026,0.8857,0.4837,1612.5
anchorsession_n9_atr3-r1,0,5,pre,363,-7327.0,-0.5755,0.9338,0.4986,1825.0
anchorsession_n9_atr3-r1,0,5,nyam,488,2535.5,0.1238,1.0124,0.5164,2312.5
anchorsession_n9_atr3-r1,0,5,mid,476,-11091.5,-0.5496,0.9444,0.5042,2400.0
anchorsession_n9_atr3-r1,0,5,pm,558,-11244.5,-0.6371,0.9353,0.4839,2575.0
anchorsession_n9_atr3-r2,0,6,all,3945,-92517.5,-1.7823,0.9297,0.3594,3337.5
anchorsession_n9_atr3-r2,0,6,eve,705,-32620.0,-1.9865,0.8305,0.3149,3337.5
anchorsession_n9_atr3-r2,0,6,asia,699,-25483.5,-2.2928,0.8059,0.2918,1450.0
anchorsession_n9_atr3-r2,0,6,london,693,-36522.0,-1.9855,0.8381,0.3175,1612.5
anchorsession_n9_atr3-r2,0,6,pre,356,-28011.5,-1.6907,0.8102,0.3146,1825.0
anchorsession_n9_atr3-r2,0,6,nyam,473,27658.0,1.0508,1.1212,0.4144,2312.5
anchorsession_n9_atr3-r2,0,6,mid,472,862.0,0.0361,1.0041,0.464,2400.0
anchorsession_n9_atr3-r2,0,6,pm,547,1599.5,0.0776,1.0089,0.4479,2575.0
anchorsession_n9_atr3-r3,0,7,all,3910,-55815.0,-0.9667,0.9594,0.3141,3337.5
anchorsession_n9_atr3-r3,0,7,eve,694,-27826.0,-1.4535,0.8652,0.2435,3337.5
anchorsession_n9_atr3-r3,0,7,asia,695,-22342.5,-1.6353,0.844,0.2216,1450.0
anchorsession_n9_atr3-r3,0,7,london,680,-23107.5,-1.0347,0.9044,0.25,1612.5
anchorsession_n9_atr3-r3,0,7,pre,355,-23170.0,-1.1711,0.8543,0.2451,1825.0
anchorsession_n9_atr3-r3,0,7,nyam,470,35057.5,1.2155,1.1496,0.3979,2312.5
anchorsession_n9_atr3-r3,0,7,mid,472,4662.0,0.1872,1.0219,0.4597,2400.0
anchorsession_n9_atr3-r3,0,7,pm,544,911.5,0.0436,1.0051,0.4485,2575.0
anchorsession_n9_pts2p5-r0,0,8,all,5930,-119707.5,-2.7618,0.8469,0.0718,1562.5
anchorsession_n9_pts2p5-r0,0,8,eve,1093,-50534.5,-2.6153,0.6632,0.0366,1175.0
anchorsession_n9_pts2p5-r0,0,8,asia,867,-55.5,-0.0028,0.9995,0.0611,562.5
anchorsession_n9_pts2p5-r0,0,8,london,1106,-54261.5,-3.2674,0.6417,0.0452,1562.5
anchorsession_n9_pts2p5-r0,0,8,pre,468,-4834.5,-0.3357,0.923,0.0513,125.0
anchorsession_n9_pts2p5-r0,0,8,nyam,684,13164.0,0.7715,1.1467,0.0731,125.0
anchorsession_n9_pts2p5-r0,0,8,mid,805,-14395.0,-1.1096,0.8599,0.0981,287.5
anchorsession_n9_pts2p5-r0,0,8,pm,907,-8790.5,-0.6677,0.9196,0.1433,137.5
anchorsession_n9_pts2p5-r1,0,9,all,6311,-200319.0,-19.4764,0.6144,0.418,125.0
anchorsession_n9_pts2p5-r1,0,9,eve,1170,-33255.0,-7.4762,0.6471,0.4308,125.0
anchorsession_n9_pts2p5-r1,0,9,asia,965,-26035.0,-6.4347,0.6618,0.4363,125.0
anchorsession_n9_pts2p5-r1,0,9,london,1172,-45088.0,-10.2705,0.5525,0.3925,125.0
anchorsession_n9_pts2p5-r1,0,9,pre,508,-20957.0,-7.2835,0.5283,0.3819,125.0
anchorsession_n9_pts2p5-r1,0,9,nyam,714,-24118.5,-6.9854,0.5951,0.4104,125.0
anchorsession_n9_pts2p5-r1,0,9,mid,836,-22094.0,-5.8668,0.6672,0.4378,125.0
anchorsession_n9_pts2p5-r1,0,9,pm,946,-28771.5,-7.2125,0.6272,0.4228,125.0
anchorsession_n9_pts2p5-r2,0,10,all,6150,-210212.5,-15.4598,0.6658,0.2771,287.5
anchorsession_n9_pts2p5-r2,0,10,eve,1136,-37131.5,-6.3236,0.6788,0.2808,125.0
anchorsession_n9_pts2p5-r2,0,10,asia,901,-23254.0,-4.3663,0.74,0.2986,125.0
anchorsession_n9_pts2p5-r2,0,10,london,1154,-42391.0,-7.2474,0.6442,0.2704,125.0
anchorsession_n9_pts2p5-r2,0,10,pre,493,-24034.5,-6.5402,0.5471,0.2394,125.0
anchorsession_n9_pts2p5-r2,0,10,nyam,710,-26065.0,-5.6793,0.6444,0.2704,125.0
anchorsession_n9_pts2p5-r2,0,10,mid,828,-23812.0,-4.6938,0.7134,0.2911,287.5
anchorsession_n9_pts2p5-r2,0,10,pm,928,-33524.5,-6.3933,0.6484,0.2726,137.5
anchorsession_n9_pts2p5-r3,0,11,all,6073,-201542.0,-12.3798,0.7022,0.2123,287.5
anchorsession_n9_pts2p5-r3,0,11,eve,1120,-43680.0,-6.3639,0.6555,0.2,125.0
anchorsession_n9_pts2p5-r3,0,11,asia,882,-21790.5,-3.4111,0.7739,0.2279,125.0
anchorsession_n9_pts2p5-r3,0,11,london,1142,-39618.0,-5.6295,0.6903,0.2084,125.0
anchorsession_n9_pts2p5-r3,0,11,pre,483,-21707.0,-4.9234,0.6087,0.1884,125.0
anchorsession_n9_pts2p5-r3,0,11,nyam,703,-22599.5,-4.0566,0.7112,0.2134,125.0
anchorsession_n9_pts2p5-r3,0,11,mid,820,-23305.0,-3.8239,0.7424,0.2207,287.5
anchorsession_n9_pts2p5-r3,0,11,pm,923,-28842.0,-4.558,0.7158,0.221,137.5
anchorsession_n9_pts5-r0,0,12,all,4946,-111546.5,-2.1046,0.9009,0.1442,1475.0
anchorsession_n9_pts5-r0,0,12,eve,817,-74193.0,-3.4547,0.6316,0.0759,412.5
anchorsession_n9_pts5-r0,0,12,asia,664,-17668.5,-0.8349,0.889,0.1084,1475.0
anchorsession_n9_pts5-r0,0,12,london,893,-26947.0,-1.1218,0.8746,0.1041,1000.0
anchorsession_n9_pts5-r0,0,12,pre,389,2269.0,0.1372,1.0251,0.126,250.0
anchorsession_n9_pts5-r0,0,12,nyam,637,31327.0,1.413,1.2202,0.1601,250.0
anchorsession_n9_pts5-r0,0,12,mid,723,-21279.5,-1.2524,0.8667,0.1687,287.5
anchorsession_n9_pts5-r0,0,12,pm,823,-5054.5,-0.3104,0.9679,0.2588,250.0
anchorsession_n9_pts5-r1,0,13,all,5369,-165501.0,-8.8613,0.7852,0.4593,287.5
anchorsession_n9_pts5-r1,0,13,eve,919,-28638.5,-3.6969,0.7838,0.4592,250.0
anchorsession_n9_pts5-r1,0,13,asia,711,-21906.5,-3.214,0.786,0.4599,262.5
anchorsession_n9_pts5-r1,0,13,london,1000,-29725.0,-3.677,0.7927,0.462,250.0
anchorsession_n9_pts5-r1,0,13,pre,421,-13284.0,-2.5323,0.7814,0.4584,250.0
anchorsession_n9_pts5-r1,0,13,nyam,684,-18711.0,-2.7973,0.8075,0.4664,250.0
anchorsession_n9_pts5-r1,0,13,mid,770,-16905.0,-2.3794,0.8423,0.4766,287.5
anchorsession_n9_pts5-r1,0,13,pm,864,-36331.0,-4.9222,0.7146,0.4352,250.0
anchorsession_n9_pts5-r2,0,14,all,5104,-142541.0,-5.687,0.846,0.316,287.5
anchorsession_n9_pts5-r2,0,14,eve,852,-29570.5,-2.8867,0.8129,0.304,250.0
anchorsession_n9_pts5-r2,0,14,asia,673,-26867.0,-2.9696,0.7869,0.2972,262.5
anchorsession_n9_pts5-r2,0,14,london,939,-14731.0,-1.3416,0.9123,0.3291,250.0
anchorsession_n9_pts5-r2,0,14,pre,400,-7425.0,-1.0384,0.8967,0.325,250.0
anchorsession_n9_pts5-r2,0,14,nyam,663,-14189.5,-1.5469,0.8816,0.3213,250.0
anchorsession_n9_pts5-r2,0,14,mid,738,-22739.5,-2.3841,0.8318,0.3117,287.5
anchorsession_n9_pts5-r2,0,14,pm,839,-27018.5,-2.7721,0.8161,0.3242,250.0
anchorsession_n9_pts5-r3,0,15,all,5017,-139218.0,-4.6575,0.8611,0.2462,287.5
anchorsession_n9_pts5-r3,0,15,eve,834,-38998.5,-3.2335,0.7759,0.217,250.0
anchorsession_n9_pts5-r3,0,15,asia,667,-26905.5,-2.4684,0.8051,0.2234,262.5
anchorsession_n9_pts5-r3,0,15,london,910,-18427.5,-1.4074,0.8995,0.244,250.0
anchorsession_n9_pts5-r3,0,15,pre,391,-3914.0,-0.4491,0.9497,0.2532,250.0
anchorsession_n9_pts5-r3,0,15,nyam,653,-462.0,-0.0407,0.9964,0.2649,250.0
anchorsession_n9_pts5-r3,0,15,mid,729,-28878.5,-2.5763,0.8054,0.2346,287.5
anchorsession_n9_pts5-r3,0,15,pm,833,-21632.0,-1.9181,0.8584,0.2881,250.0
anchorsession_n9_pts8-r0,0,16,all,4246,-40596.5,-0.6387,0.9703,0.2117,1600.0
anchorsession_n9_pts8-r0,0,16,eve,668,-43509.5,-1.6006,0.8191,0.1332,762.5
anchorsession_n9_pts8-r0,0,16,asia,574,-7846.0,-0.3026,0.9609,0.162,1475.0
anchorsession_n9_pts8-r0,0,16,london,718,8553.0,0.2827,1.0346,0.1699,687.5
anchorsession_n9_pts8-r0,0,16,pre,373,-2129.5,-0.1117,0.9831,0.1823,400.0
anchorsession_n9_pts8-r0,0,16,nyam,582,35347.0,1.3879,1.19,0.2268,1600.0
anchorsession_n9_pts8-r0,0,16,mid,635,-15815.0,-0.7905,0.9172,0.2614,400.0
anchorsession_n9_pts8-r0,0,16,pm,696,-15196.5,-0.874,0.9138,0.329,400.0
anchorsession_n9_pts8-r1,0,17,all,4527,-140145.5,-5.1846,0.8566,0.4723,412.5
anchorsession_n9_pts8-r1,0,17,eve,729,-28841.0,-2.6356,0.8227,0.4636,400.0
anchorsession_n9_pts8-r1,0,17,asia,594,-25088.5,-2.5431,0.8116,0.4596,412.5
anchorsession_n9_pts8-r1,0,17,london,800,-11950.0,-1.04,0.929,0.4938,400.0
anchorsession_n9_pts8-r1,0,17,pre,388,-20839.5,-2.6184,0.7668,0.4459,400.0
anchorsession_n9_pts8-r1,0,17,nyam,621,-15334.0,-1.5173,0.8852,0.4815,400.0
anchorsession_n9_pts8-r1,0,17,mid,666,-21864.0,-2.1039,0.8489,0.4715,400.0
anchorsession_n9_pts8-r1,0,17,pm,729,-16228.5,-1.5583,0.8882,0.4746,400.0
anchorsession_n9_pts8-r2,0,18,all,4313,-129877.0,-3.5944,0.8899,0.3309,1600.0
anchorsession_n9_pts8-r2,0,18,eve,682,-21565.5,-1.4638,0.8886,0.3182,400.0
anchorsession_n9_pts8-r2,0,18,asia,578,-34812.0,-2.6094,0.7953,0.2958,1475.0
anchorsession_n9_pts8-r2,0,18,london,737,-10523.0,-0.6807,0.9485,0.3324,400.0
anchorsession_n9_pts8-r2,0,18,pre,375,-9737.5,-0.8884,0.9078,0.3227,400.0
anchorsession_n9_pts8-r2,0,18,nyam,593,-2697.0,-0.1935,0.9833,0.344,1600.0
anchorsession_n9_pts8-r2,0,18,mid,643,-35034.5,-2.6022,0.8033,0.3235,400.0
anchorsession_n9_pts8-r2,0,18,pm,705,-15507.5,-1.168,0.9073,0.3702,400.0
anchorsession_n9_pts8-r3,0,19,all,4268,-133572.0,-3.129,0.8953,0.2687,1600.0
anchorsession_n9_pts8-r3,0,19,eve,673,-24492.0,-1.3859,0.8848,0.2392,412.5
anchorsession_n9_pts8-r3,0,19,asia,575,-34762.5,-2.1752,0.8128,0.2261,1475.0
anchorsession_n9_pts8-r3,0,19,london,722,-12688.0,-0.687,0.9432,0.2548,687.5
anchorsession_n9_pts8-r3,0,19,pre,373,-18254.5,-1.4147,0.846,0.2359,400.0
anchorsession_n9_pts8-r3,0,19,nyam,587,-4660.5,-0.2801,0.9737,0.2709,1600.0
anchorsession_n9_pts8-r3,0,19,mid,637,-21448.0,-1.3481,0.8838,0.2904,400.0
anchorsession_n9_pts8-r3,0,19,pm,701,-17266.5,-1.1679,0.9008,0.3424,400.0
anchorsession_n9_pts12-r0,0,20,all,3774,-78571.0,-1.1215,0.9507,0.2811,1775.0
anchorsession_n9_pts12-r0,0,20,eve,585,-33690.0,-1.0354,0.8822,0.1949,762.5
anchorsession_n9_pts12-r0,0,20,asia,531,-124.0,-0.0042,0.9995,0.2505,1475.0
anchorsession_n9_pts12-r0,0,20,london,618,-30697.0,-1.0057,0.8942,0.2233,1150.0
anchorsession_n9_pts12-r0,0,20,pre,356,-21299.0,-1.0053,0.8713,0.2388,1775.0
anchorsession_n9_pts12-r0,0,20,nyam,523,21783.0,0.8074,1.0998,0.2983,1600.0
anchorsession_n9_pts12-r0,0,20,mid,548,-29.5,-0.0013,0.9999,0.3577,762.5
anchorsession_n9_pts12-r0,0,20,pm,613,-14514.5,-0.7531,0.9224,0.3899,600.0
anchorsession_n9_pts12-r1,0,21,all,3941,-90939.0,-2.4572,0.9235,0.4872,1775.0
anchorsession_n9_pts12-r1,0,21,eve,618,-19147.0,-1.2738,0.9024,0.4822,600.0
anchorsession_n9_pts12-r1,0,21,asia,538,-8539.5,-0.6081,0.9488,0.4944,637.5
anchorsession_n9_pts12-r1,0,21,london,662,-10560.5,-0.6797,0.9484,0.494,612.5
anchorsession_n9_pts12-r1,0,21,pre,364,-1931.0,-0.1656,0.9827,0.5055,1775.0
anchorsession_n9_pts12-r1,0,21,nyam,551,-3591.5,-0.2553,0.9783,0.5009,600.0
anchorsession_n9_pts12-r1,0,21,mid,568,-19222.0,-1.3862,0.8878,0.4842,600.0
anchorsession_n9_pts12-r1,0,21,pm,640,-27947.5,-2.0814,0.8383,0.4594,600.0
anchorsession_n9_pts12-r2,0,22,all,3799,-121846.0,-2.497,0.9158,0.3519,1775.0
anchorsession_n9_pts12-r2,0,22,eve,591,-30239.0,-1.4931,0.8778,0.313,600.0
anchorsession_n9_pts12-r2,0,22,asia,532,-4528.0,-0.2333,0.9787,0.3459,1475.0
anchorsession_n9_pts12-r2,0,22,london,622,-30275.5,-1.477,0.8816,0.3232,1150.0
anchorsession_n9_pts12-r2,0,22,pre,356,-22211.5,-1.4344,0.8504,0.323,1775.0
anchorsession_n9_pts12-r2,0,22,nyam,528,-6574.5,-0.3498,0.9677,0.3523,1600.0
anchorsession_n9_pts12-r2,0,22,mid,550,-12112.5,-0.6799,0.9383,0.3873,762.5
anchorsession_n9_pts12-r2,0,22,pm,620,-15905.0,-0.9746,0.9132,0.4081,600.0
anchorsession_n9_pts12-r3,0,23,all,3783,-103857.0,-1.8396,0.9324,0.309,1775.0
anchorsession_n9_pts12-r3,0,23,eve,585,-35902.5,-1.5119,0.8661,0.2462,762.5
anchorsession_n9_pts12-r3,0,23,asia,532,4247.0,0.1847,1.0185,0.297,1475.0
anchorsession_n9_pts12-r3,0,23,london,619,-34201.0,-1.4184,0.8768,0.2601,1150.0
anchorsession_n9_pts12-r3,0,23,pre,356,-36774.0,-2.1101,0.7735,0.2528,1775.0
anchorsession_n9_pts12-r3,0,23,nyam,525,12987.5,0.5832,1.0611,0.32,1600.0
anchorsession_n9_pts12-r3,0,23,mid,550,1662.5,0.082,1.0083,0.3709,762.5
anchorsession_n9_pts12-r3,0,23,pm,616,-15876.5,-0.9144,0.9146,0.3961,600.0
anchorsession_n9_pct0p1-r0,0,24,all,5198,-100342.0,-1.9769,0.903,0.1249,1175.0
anchorsession_n9_pct0p1-r0,0,24,eve,884,-74061.0,-3.6422,0.6083,0.0622,1175.0
anchorsession_n9_pct0p1-r0,0,24,asia,714,-23231.0,-1.1585,0.8435,0.0882,562.5
anchorsession_n9_pct0p1-r0,0,24,london,952,-37995.5,-1.7377,0.8097,0.0851,687.5
anchorsession_n9_pct0p1-r0,0,24,pre,410,19522.5,1.0878,1.2373,0.1195,237.5
anchorsession_n9_pct0p1-r0,0,24,nyam,650,32662.5,1.543,1.2564,0.1415,237.5
anchorsession_n9_pct0p1-r0,0,24,mid,745,-12305.0,-0.749,0.9143,0.1544,287.5
anchorsession_n9_pct0p1-r0,0,24,pm,843,-4934.5,-0.321,0.9658,0.2301,237.5
anchorsession_n9_pct0p1-r1,0,25,all,5636,-166531.5,-10.2084,0.7616,0.4555,287.5
anchorsession_n9_pct0p1-r1,0,25,eve,993,-22209.5,-3.2461,0.8135,0.4713,237.5
anchorsession_n9_pct0p1-r1,0,25,asia,778,-22799.5,-3.7677,0.763,0.4563,237.5
anchorsession_n9_pct0p1-r1,0,25,london,1052,-34095.5,-4.834,0.7422,0.4487,237.5
anchorsession_n9_pct0p1-r1,0,25,pre,446,-19596.5,-4.2969,0.6663,0.4215,237.5
anchorsession_n9_pct0p1-r1,0,25,nyam,691,-20639.0,-3.5973,0.7603,0.4544,237.5
anchorsession_n9_pct0p1-r1,0,25,mid,789,-18356.0,-2.9832,0.8082,0.4715,287.5
anchorsession_n9_pct0p1-r1,0,25,pm,887,-28835.5,-4.4786,0.7393,0.4487,237.5
anchorsession_n9_pct0p1-r2,0,26,all,5383,-156857.0,-7.1896,0.8142,0.3093,287.5
anchorsession_n9_pct0p1-r2,0,26,eve,930,-23170.0,-2.5387,0.8399,0.314,237.5
anchorsession_n9_pct0p1-r2,0,26,asia,729,-24278.5,-3.0321,0.7905,0.3018,237.5
anchorsession_n9_pct0p1-r2,0,26,london,1003,-27499.5,-2.8981,0.8255,0.3101,237.5
anchorsession_n9_pct0p1-r2,0,26,pre,422,-11100.5,-1.7956,0.8323,0.3104,237.5
anchorsession_n9_pct0p1-r2,0,26,nyam,671,-22096.5,-2.8589,0.7935,0.301,237.5
anchorsession_n9_pct0p1-r2,0,26,mid,764,-19968.5,-2.398,0.8337,0.3128,287.5
anchorsession_n9_pct0p1-r2,0,26,pm,864,-28743.5,-3.3943,0.7836,0.3125,237.5
anchorsession_n9_pct0p1-r3,0,27,all,5294,-135363.5,-5.1648,0.8512,0.2425,287.5
anchorsession_n9_pct0p1-r3,0,27,eve,906,-25349.0,-2.3263,0.8392,0.2329,237.5
anchorsession_n9_pct0p1-r3,0,27,asia,719,-28988.5,-3.0492,0.7733,0.2197,237.5
anchorsession_n9_pct0p1-r3,0,27,london,980,-21620.0,-1.884,0.8725,0.2408,237.5
anchorsession_n9_pct0p1-r3,0,27,pre,417,-6330.5,-0.8324,0.9115,0.247,237.5
anchorsession_n9_pct0p1-r3,0,27,nyam,663,-10327.0,-1.0768,0.9092,0.2474,237.5
anchorsession_n9_pct0p1-r3,0,27,mid,754,-18691.0,-1.8773,0.8565,0.244,287.5
anchorsession_n9_pct0p1-r3,0,27,pm,855,-24057.5,-2.4344,0.8274,0.2667,237.5
anchorsession_n9_pct0p2-r0,0,28,all,4172,-49413.0,-0.7726,0.9645,0.2196,1600.0
anchorsession_n9_pct0p2-r0,0,28,eve,657,-42453.0,-1.5364,0.8274,0.137,762.5
anchorsession_n9_pct0p2-r0,0,28,asia,559,-7861.0,-0.3009,0.9614,0.1717,1475.0
anchorsession_n9_pct0p2-r0,0,28,london,711,4906.0,0.161,1.0193,0.1772,687.5
anchorsession_n9_pct0p2-r0,0,28,pre,371,-11209.0,-0.5943,0.9145,0.1833,475.0
anchorsession_n9_pct0p2-r0,0,28,nyam,570,36520.0,1.4332,1.1947,0.2404,1600.0
anchorsession_n9_pct0p2-r0,0,28,mid,624,-14496.0,-0.7184,0.9248,0.2756,487.5
anchorsession_n9_pct0p2-r0,0,28,pm,680,-14820.0,-0.8488,0.9156,0.3338,487.5
anchorsession_n9_pct0p2-r1,0,29,all,4437,-109235.5,-3.8756,0.8893,0.4805,487.5
anchorsession_n9_pct0p2-r1,0,29,eve,713,-17802.0,-1.5599,0.8894,0.4811,475.0
anchorsession_n9_pct0p2-r1,0,29,asia,577,-14720.5,-1.4248,0.8877,0.4835,487.5
anchorsession_n9_pct0p2-r1,0,29,london,789,-7131.0,-0.5937,0.9584,0.4994,487.5
anchorsession_n9_pct0p2-r1,0,29,pre,384,-16848.5,-2.0098,0.8141,0.4583,475.0
anchorsession_n9_pct0p2-r1,0,29,nyam,607,-9228.0,-0.8732,0.9312,0.4942,487.5
anchorsession_n9_pct0p2-r1,0,29,mid,652,-22358.0,-2.0711,0.849,0.4709,487.5
anchorsession_n9_pct0p2-r1,0,29,pm,715,-21147.5,-1.9695,0.8589,0.4657,487.5
anchorsession_n9_pct0p2-r2,0,30,all,4238,-144389.5,-3.855,0.8811,0.3313,1600.0
anchorsession_n9_pct0p2-r2,0,30,eve,674,-21596.0,-1.4024,0.8921,0.3205,487.5
anchorsession_n9_pct0p2-r2,0,30,asia,561,-31044.0,-2.2165,0.8205,0.303,1475.0
anchorsession_n9_pct0p2-r2,0,30,london,729,-20641.0,-1.2854,0.9042,0.321,487.5
anchorsession_n9_pct0p2-r2,0,30,pre,373,-17204.5,-1.5117,0.8474,0.3083,475.0
anchorsession_n9_pct0p2-r2,0,30,nyam,581,-10286.5,-0.7175,0.9384,0.3391,1600.0
anchorsession_n9_pct0p2-r2,0,30,mid,629,-30503.5,-2.1939,0.8289,0.3386,487.5
anchorsession_n9_pct0p2-r2,0,30,pm,691,-13114.0,-0.9654,0.9216,0.3748,487.5
anchorsession_n9_pct0p2-r3,0,31,all,4194,-148188.5,-3.3688,0.8867,0.2718,1600.0
anchorsession_n9_pct0p2-r3,0,31,eve,661,-25581.5,-1.3965,0.8829,0.2405,487.5
anchorsession_n9_pct0p2-r3,0,31,asia,560,-34265.0,-2.0568,0.8198,0.2304,1475.0
anchorsession_n9_pct0p2-r3,0,31,london,715,-21210.0,-1.1122,0.9092,0.2503,687.5
anchorsession_n9_pct0p2-r3,0,31,pre,371,-23384.0,-1.7504,0.812,0.2318,475.0
anchorsession_n9_pct0p2-r3,0,31,nyam,575,-6975.0,-0.409,0.9614,0.2765,1600.0
anchorsession_n9_pct0p2-r3,0,31,mid,626,-19504.0,-1.1955,0.8955,0.3035,487.5
anchorsession_n9_pct0p2-r3,0,31,pm,686,-17269.0,-1.1525,0.9009,0.3469,487.5
anchorrth_n9_atr1p5-r0,1,0,all,4651,-164629.0,-3.0871,0.8442,0.1155,1925.0
anchorrth_n9_atr1p5-r0,1,0,eve,1020,-90530.0,-4.4271,0.5277,0.0392,1662.5
anchorrth_n9_atr1p5-r0,1,0,asia,997,-41525.5,-2.3316,0.6935,0.0421,725.0
anchorrth_n9_atr1p5-r0,1,0,london,1021,-24234.0,-0.8953,0.8927,0.0803,800.0
anchorrth_n9_atr1p5-r0,1,0,pre,404,-5866.0,-0.3286,0.945,0.1213,1025.0
anchorrth_n9_atr1p5-r0,1,0,nyam,586,10893.5,0.4249,1.0519,0.2304,1600.0
anchorrth_n9_atr1p5-r0,1,0,mid,343,965.5,0.058,1.0087,0.2711,1175.0
anchorrth_n9_atr1p5-r0,1,0,pm,280,-14332.5,-1.304,0.8122,0.3429,1925.0
anchorrth_n9_atr1p5-r1,1,1,all,5056,-144774.0,-6.4268,0.8015,0.4391,1500.0
anchorrth_n9_atr1p5-r1,1,1,eve,1127,-40308.0,-5.5957,0.6771,0.4188,1062.5
anchorrth_n9_atr1p5-r1,1,1,asia,1105,-31870.0,-6.1836,0.648,0.4072,650.0
anchorrth_n9_atr1p5-r1,1,1,london,1119,-38076.0,-4.384,0.7468,0.4352,737.5
anchorrth_n9_atr1p5-r1,1,1,pre,443,-18409.5,-2.6711,0.7512,0.4447,1025.0
anchorrth_n9_atr1p5-r1,1,1,nyam,634,-13348.5,-1.0709,0.9119,0.4905,1150.0
anchorrth_n9_atr1p5-r1,1,1,mid,347,4449.5,0.4823,1.0581,0.5043,1175.0
anchorrth_n9_atr1p5-r1,1,1,pm,281,-7211.5,-0.8899,0.8825,0.4555,1500.0
anchorrth_n9_atr1p5-r2,1,2,all,4821,-176159.0,-5.915,0.8029,0.2956,1925.0
anchorrth_n9_atr1p5-r2,1,2,eve,1072,-47900.5,-5.1177,0.6838,0.2705,1662.5
anchorrth_n9_atr1p5-r2,1,2,asia,1037,-36498.0,-5.4315,0.6629,0.2652,725.0
anchorrth_n9_atr1p5-r2,1,2,london,1078,-37537.0,-3.2251,0.7946,0.2931,800.0
anchorrth_n9_atr1p5-r2,1,2,pre,412,-19410.5,-2.1478,0.7786,0.301,1025.0
anchorrth_n9_atr1p5-r2,1,2,nyam,599,-22696.0,-1.3717,0.8805,0.3306,1150.0
anchorrth_n9_atr1p5-r2,1,2,mid,343,3578.0,0.2806,1.036,0.3528,1175.0
anchorrth_n9_atr1p5-r2,1,2,pm,280,-15695.0,-1.5599,0.7891,0.3607,1925.0
anchorrth_n9_atr1p5-r3,1,3,all,4732,-177490.5,-5.0801,0.8149,0.2303,1925.0
anchorrth_n9_atr1p5-r3,1,3,eve,1044,-57276.0,-5.2085,0.6522,0.1897,1662.5
anchorrth_n9_atr1p5-r3,1,3,asia,1014,-45143.5,-5.9631,0.6165,0.1893,725.0
anchorrth_n9_atr1p5-r3,1,3,london,1053,-28412.0,-2.0288,0.8542,0.2336,800.0
anchorrth_n9_atr1p5-r3,1,3,pre,407,-17453.0,-1.6095,0.8161,0.2383,1025.0
anchorrth_n9_atr1p5-r3,1,3,nyam,591,-15451.5,-0.7758,0.9243,0.2657,1600.0
anchorrth_n9_atr1p5-r3,1,3,mid,343,2490.5,0.1701,1.0233,0.3032,1175.0
anchorrth_n9_atr1p5-r3,1,3,pm,280,-16245.0,-1.4933,0.7871,0.3429,1925.0
anchorrth_n9_atr3-r0,1,4,all,3380,-114620.0,-1.7735,0.9106,0.2095,3337.5
anchorrth_n9_atr3-r0,1,4,eve,689,-51606.0,-1.8444,0.7825,0.1074,3337.5
anchorrth_n9_atr3-r0,1,4,asia,693,-29559.5,-1.3196,0.822,0.0938,1450.0
anchorrth_n9_atr3-r0,1,4,london,674,-30033.5,-1.017,0.8855,0.1647,1612.5
anchorrth_n9_atr3-r0,1,4,pre,355,-11995.0,-0.5061,0.9274,0.2085,1825.0
anchorrth_n9_atr3-r0,1,4,nyam,470,32707.5,1.0993,1.1391,0.3936,2312.5
anchorrth_n9_atr3-r0,1,4,mid,279,-12566.0,-0.6328,0.9087,0.3692,2362.5
anchorrth_n9_atr3-r0,1,4,pm,220,-11567.5,-0.8621,0.8535,0.4364,2612.5
anchorrth_n9_atr3-r1,1,5,all,3640,-97835.0,-2.6251,0.8987,0.4775,3337.5
anchorrth_n9_atr3-r1,1,5,eve,766,-29214.0,-2.3247,0.8181,0.47,3337.5
anchorrth_n9_atr3-r1,1,5,asia,755,-22957.5,-2.7116,0.7931,0.4503,1450.0
anchorrth_n9_atr3-r1,1,5,london,769,-21326.0,-1.5026,0.8857,0.4837,1612.5
anchorrth_n9_atr3-r1,1,5,pre,363,-7327.0,-0.5755,0.9338,0.4986,1825.0
anchorrth_n9_atr3-r1,1,5,nyam,488,2535.5,0.1238,1.0124,0.5164,2312.5
anchorrth_n9_atr3-r1,1,5,mid,279,-9091.0,-0.5911,0.9234,0.4659,2362.5
anchorrth_n9_atr3-r1,1,5,pm,220,-10455.0,-0.8768,0.8603,0.4682,2612.5
anchorrth_n9_atr3-r2,1,6,all,3425,-120000.0,-2.5406,0.8947,0.3378,3337.5
anchorrth_n9_atr3-r2,1,6,eve,705,-32620.0,-1.9865,0.8305,0.3149,3337.5
anchorrth_n9_atr3-r2,1,6,asia,699,-25483.5,-2.2928,0.8059,0.2918,1450.0
anchorrth_n9_atr3-r2,1,6,london,693,-36522.0,-1.9855,0.8381,0.3175,1612.5
anchorrth_n9_atr3-r2,1,6,pre,356,-28011.5,-1.6907,0.8102,0.3146,1825.0
anchorrth_n9_atr3-r2,1,6,nyam,473,27658.0,1.0508,1.1212,0.4144,2312.5
anchorrth_n9_atr3-r2,1,6,mid,279,-13791.0,-0.7415,0.8983,0.3835,2362.5
anchorrth_n9_atr3-r2,1,6,pm,220,-11230.0,-0.824,0.8577,0.4364,2612.5
anchorrth_n9_atr3-r3,1,7,all,3393,-83847.0,-1.5792,0.9301,0.2853,3337.5
anchorrth_n9_atr3-r3,1,7,eve,694,-27826.0,-1.4535,0.8652,0.2435,3337.5
anchorrth_n9_atr3-r3,1,7,asia,695,-22342.5,-1.6353,0.844,0.2216,1450.0
anchorrth_n9_atr3-r3,1,7,london,680,-23107.5,-1.0347,0.9044,0.25,1612.5
anchorrth_n9_atr3-r3,1,7,pre,355,-23170.0,-1.1711,0.8543,0.2451,1825.0
anchorrth_n9_atr3-r3,1,7,nyam,470,35057.5,1.2155,1.1496,0.3979,2312.5
anchorrth_n9_atr3-r3,1,7,mid,279,-9241.0,-0.478,0.932,0.3763,2362.5
anchorrth_n9_atr3-r3,1,7,pm,220,-13217.5,-1.0135,0.8325,0.4364,2612.5
anchorrth_n9_pts2p5-r0,1,8,all,4911,-122969.0,-3.0144,0.8131,0.0576,1562.5
anchorrth_n9_pts2p5-r0,1,8,eve,1093,-50534.5,-2.6153,0.6632,0.0366,1175.0
anchorrth_n9_pts2p5-r0,1,8,asia,867,-55.5,-0.0028,0.9995,0.0611,562.5
anchorrth_n9_pts2p5-r0,1,8,london,1106,-54261.5,-3.2674,0.6417,0.0452,1562.5
anchorrth_n9_pts2p5-r0,1,8,pre,468,-4834.5,-0.3357,0.923,0.0513,125.0
anchorrth_n9_pts2p5-r0,1,8,nyam,684,13164.0,0.7715,1.1467,0.0731,125.0
anchorrth_n9_pts2p5-r0,1,8,mid,397,-13475.5,-1.4293,0.7384,0.0806,125.0
anchorrth_n9_pts2p5-r0,1,8,pm,296,-12971.5,-2.1047,0.6475,0.1149,125.0
anchorrth_n9_pts2p5-r1,1,9,all,5222,-176763.0,-18.9457,0.5944,0.41,125.0
anchorrth_n9_pts2p5-r1,1,9,eve,1170,-33255.0,-7.4762,0.6471,0.4308,125.0
anchorrth_n9_pts2p5-r1,1,9,asia,965,-26035.0,-6.4347,0.6618,0.4363,125.0
anchorrth_n9_pts2p5-r1,1,9,london,1172,-45088.0,-10.2705,0.5525,0.3925,125.0
anchorrth_n9_pts2p5-r1,1,9,pre,508,-20957.0,-7.2835,0.5283,0.3819,125.0
anchorrth_n9_pts2p5-r1,1,9,nyam,714,-24118.5,-6.9854,0.5951,0.4104,125.0
anchorrth_n9_pts2p5-r1,1,9,mid,397,-15350.5,-6.0128,0.5499,0.3904,125.0
anchorrth_n9_pts2p5-r1,1,9,pm,296,-11959.0,-5.4324,0.5356,0.3851,125.0
anchorrth_n9_pts2p5-r2,1,10,all,5087,-184235.5,-14.9929,0.6483,0.2719,125.0
anchorrth_n9_pts2p5-r2,1,10,eve,1136,-37131.5,-6.3236,0.6788,0.2808,125.0
anchorrth_n9_pts2p5-r2,1,10,asia,901,-23254.0,-4.3663,0.74,0.2986,125.0
anchorrth_n9_pts2p5-r2,1,10,london,1154,-42391.0,-7.2474,0.6442,0.2704,125.0
anchorrth_n9_pts2p5-r2,1,10,pre,493,-24034.5,-6.5402,0.5471,0.2394,125.0
anchorrth_n9_pts2p5-r2,1,10,nyam,710,-26065.0,-5.6793,0.6444,0.2704,125.0
anchorrth_n9_pts2p5-r2,1,10,mid,397,-16900.5,-5.0214,0.5952,0.2544,125.0
anchorrth_n9_pts2p5-r2,1,10,pm,296,-14459.0,-5.1221,0.5418,0.2432,125.0
anchorrth_n9_pts2p5-r3,1,11,all,5023,-185954.5,-12.7167,0.6711,0.2043,125.0
anchorrth_n9_pts2p5-r3,1,11,eve,1120,-43680.0,-6.3639,0.6555,0.2,125.0
anchorrth_n9_pts2p5-r3,1,11,asia,882,-21790.5,-3.4111,0.7739,0.2279,125.0
anchorrth_n9_pts2p5-r3,1,11,london,1142,-39618.0,-5.6295,0.6903,0.2084,125.0
anchorrth_n9_pts2p5-r3,1,11,pre,483,-21707.0,-4.9234,0.6087,0.1884,125.0
anchorrth_n9_pts2p5-r3,1,11,nyam,703,-22599.5,-4.0566,0.7112,0.2134,125.0
anchorrth_n9_pts2p5-r3,1,11,mid,397,-18113.0,-4.5502,0.6025,0.1864,125.0
anchorrth_n9_pts2p5-r3,1,11,pm,296,-18446.5,-5.8638,0.4723,0.1622,125.0
anchorrth_n9_pts5-r0,1,12,all,4068,-120434.5,-2.4211,0.8735,0.1232,1925.0
anchorrth_n9_pts5-r0,1,12,eve,817,-74193.0,-3.4547,0.6316,0.0759,412.5
anchorrth_n9_pts5-r0,1,12,asia,664,-17668.5,-0.8349,0.889,0.1084,1475.0
anchorrth_n9_pts5-r0,1,12,london,893,-26947.0,-1.1218,0.8746,0.1041,1000.0
anchorrth_n9_pts5-r0,1,12,pre,389,2269.0,0.1372,1.0251,0.126,250.0
anchorrth_n9_pts5-r0,1,12,nyam,637,31327.0,1.413,1.2202,0.1601,250.0
anchorrth_n9_pts5-r0,1,12,mid,380,-19782.5,-1.6403,0.7668,0.15,250.0
anchorrth_n9_pts5-r0,1,12,pm,288,-15439.5,-1.8002,0.7361,0.2292,1925.0
anchorrth_n9_pts5-r1,1,13,all,4407,-136703.0,-8.0773,0.7841,0.459,262.5
anchorrth_n9_pts5-r1,1,13,eve,919,-28638.5,-3.6969,0.7838,0.4592,250.0
anchorrth_n9_pts5-r1,1,13,asia,711,-21906.5,-3.214,0.786,0.4599,262.5
anchorrth_n9_pts5-r1,1,13,london,1000,-29725.0,-3.677,0.7927,0.462,250.0
anchorrth_n9_pts5-r1,1,13,pre,421,-13284.0,-2.5323,0.7814,0.4584,250.0
anchorrth_n9_pts5-r1,1,13,nyam,684,-18711.0,-2.7973,0.8075,0.4664,250.0
anchorrth_n9_pts5-r1,1,13,mid,382,-12865.5,-2.5859,0.7671,0.4529,250.0
anchorrth_n9_pts5-r1,1,13,pm,290,-11572.5,-2.7314,0.7222,0.4379,250.0
anchorrth_n9_pts5-r2,1,14,all,4195,-125817.5,-5.5093,0.8361,0.3123,1925.0
anchorrth_n9_pts5-r2,1,14,eve,852,-29570.5,-2.8867,0.8129,0.304,250.0
anchorrth_n9_pts5-r2,1,14,asia,673,-26867.0,-2.9696,0.7869,0.2972,262.5
anchorrth_n9_pts5-r2,1,14,london,939,-14731.0,-1.3416,0.9123,0.3291,250.0
anchorrth_n9_pts5-r2,1,14,pre,400,-7425.0,-1.0384,0.8967,0.325,250.0
anchorrth_n9_pts5-r2,1,14,nyam,663,-14189.5,-1.5469,0.8816,0.3213,250.0
anchorrth_n9_pts5-r2,1,14,mid,380,-15307.5,-2.2667,0.7831,0.2974,250.0
anchorrth_n9_pts5-r2,1,14,pm,288,-17727.0,-3.0703,0.6683,0.2986,1925.0
anchorrth_n9_pts5-r3,1,15,all,4123,-124867.0,-4.5662,0.8505,0.2387,1925.0
anchorrth_n9_pts5-r3,1,15,eve,834,-38998.5,-3.2335,0.7759,0.217,250.0
anchorrth_n9_pts5-r3,1,15,asia,667,-26905.5,-2.4684,0.8051,0.2234,262.5
anchorrth_n9_pts5-r3,1,15,london,910,-18427.5,-1.4074,0.8995,0.244,250.0
anchorrth_n9_pts5-r3,1,15,pre,391,-3914.0,-0.4491,0.9497,0.2532,250.0
anchorrth_n9_pts5-r3,1,15,nyam,653,-462.0,-0.0407,0.9964,0.2649,250.0
anchorrth_n9_pts5-r3,1,15,mid,380,-18120.0,-2.271,0.767,0.2263,250.0
anchorrth_n9_pts5-r3,1,15,pm,288,-18039.5,-2.7475,0.6815,0.2569,1925.0
anchorrth_n9_pts8-r0,1,16,all,3537,-33798.0,-0.5575,0.9714,0.192,1925.0
anchorrth_n9_pts8-r0,1,16,eve,668,-43509.5,-1.6006,0.8191,0.1332,762.5
anchorrth_n9_pts8-r0,1,16,asia,574,-7846.0,-0.3026,0.9609,0.162,1475.0
anchorrth_n9_pts8-r0,1,16,london,718,8553.0,0.2827,1.0346,0.1699,687.5
anchorrth_n9_pts8-r0,1,16,pre,373,-2129.5,-0.1117,0.9831,0.1823,400.0
anchorrth_n9_pts8-r0,1,16,nyam,582,35347.0,1.3879,1.19,0.2268,1600.0
anchorrth_n9_pts8-r0,1,16,mid,359,-8423.5,-0.5427,0.9238,0.2535,1750.0
anchorrth_n9_pts8-r0,1,16,pm,263,-15789.5,-1.6165,0.7712,0.3194,1925.0
anchorrth_n9_pts8-r1,1,17,all,3755,-129507.5,-5.2279,0.8424,0.4703,1925.0
anchorrth_n9_pts8-r1,1,17,eve,729,-28841.0,-2.6356,0.8227,0.4636,400.0
anchorrth_n9_pts8-r1,1,17,asia,594,-25088.5,-2.5431,0.8116,0.4596,412.5
anchorrth_n9_pts8-r1,1,17,london,800,-11950.0,-1.04,0.929,0.4938,400.0
anchorrth_n9_pts8-r1,1,17,pre,388,-20839.5,-2.6184,0.7668,0.4459,400.0
anchorrth_n9_pts8-r1,1,17,nyam,621,-15334.0,-1.5173,0.8852,0.4815,400.0
anchorrth_n9_pts8-r1,1,17,mid,360,-8990.0,-1.1738,0.8831,0.4833,400.0
anchorrth_n9_pts8-r1,1,17,pm,263,-18464.5,-2.9018,0.6804,0.4335,1925.0
anchorrth_n9_pts8-r2,1,18,all,3587,-109273.0,-3.2654,0.8906,0.3273,1925.0
anchorrth_n9_pts8-r2,1,18,eve,682,-21565.5,-1.4638,0.8886,0.3182,400.0
anchorrth_n9_pts8-r2,1,18,asia,578,-34812.0,-2.6094,0.7953,0.2958,1475.0
anchorrth_n9_pts8-r2,1,18,london,737,-10523.0,-0.6807,0.9485,0.3324,400.0
anchorrth_n9_pts8-r2,1,18,pre,375,-9737.5,-0.8884,0.9078,0.3227,400.0
anchorrth_n9_pts8-r2,1,18,nyam,593,-2697.0,-0.1935,0.9833,0.344,1600.0
anchorrth_n9_pts8-r2,1,18,mid,359,-14498.5,-1.395,0.8539,0.3398,1750.0
anchorrth_n9_pts8-r2,1,18,pm,263,-15439.5,-1.9316,0.7634,0.3574,1925.0
anchorrth_n9_pts8-r3,1,19,all,3552,-115545.5,-2.9027,0.8939,0.2582,1925.0
anchorrth_n9_pts8-r3,1,19,eve,673,-24492.0,-1.3859,0.8848,0.2392,412.5
anchorrth_n9_pts8-r3,1,19,asia,575,-34762.5,-2.1752,0.8128,0.2261,1475.0
anchorrth_n9_pts8-r3,1,19,london,722,-12688.0,-0.687,0.9432,0.2548,687.5
anchorrth_n9_pts8-r3,1,19,pre,373,-18254.5,-1.4147,0.846,0.2359,400.0
anchorrth_n9_pts8-r3,1,19,nyam,587,-4660.5,-0.2801,0.9737,0.2709,1600.0
anchorrth_n9_pts8-r3,1,19,mid,359,-6273.5,-0.5043,0.9401,0.2981,1750.0
anchorrth_n9_pts8-r3,1,19,pm,263,-14414.5,-1.6212,0.7859,0.3346,1925.0
anchorrth_n9_pts12-r0,1,20,all,3162,-84235.5,-1.2651,0.9397,0.2584,1925.0
anchorrth_n9_pts12-r0,1,20,eve,585,-33690.0,-1.0354,0.8822,0.1949,762.5
anchorrth_n9_pts12-r0,1,20,asia,531,-124.0,-0.0042,0.9995,0.2505,1475.0
anchorrth_n9_pts12-r0,1,20,london,618,-30697.0,-1.0057,0.8942,0.2233,1150.0
anchorrth_n9_pts12-r0,1,20,pre,356,-21299.0,-1.0053,0.8713,0.2388,1775.0
anchorrth_n9_pts12-r0,1,20,nyam,523,21783.0,0.8074,1.0998,0.2983,1600.0
anchorrth_n9_pts12-r0,1,20,mid,313,-5702.0,-0.3254,0.9529,0.3131,1750.0
anchorrth_n9_pts12-r0,1,20,pm,236,-14506.5,-1.3745,0.8002,0.3941,1925.0
anchorrth_n9_pts12-r1,1,21,all,3284,-62148.5,-1.8137,0.9379,0.4918,1925.0
anchorrth_n9_pts12-r1,1,21,eve,618,-19147.0,-1.2738,0.9024,0.4822,600.0
anchorrth_n9_pts12-r1,1,21,asia,538,-8539.5,-0.6081,0.9488,0.4944,637.5
anchorrth_n9_pts12-r1,1,21,london,662,-10560.5,-0.6797,0.9484,0.494,612.5
anchorrth_n9_pts12-r1,1,21,pre,364,-1931.0,-0.1656,0.9827,0.5055,1775.0
anchorrth_n9_pts12-r1,1,21,nyam,551,-3591.5,-0.2553,0.9783,0.5009,600.0
anchorrth_n9_pts12-r1,1,21,mid,315,-10372.5,-0.9974,0.8902,0.4762,1750.0
anchorrth_n9_pts12-r1,1,21,pm,236,-8006.5,-0.9618,0.8718,0.4831,1925.0
anchorrth_n9_pts12-r2,1,22,all,3178,-109624.5,-2.3991,0.9124,0.3405,1925.0
anchorrth_n9_pts12-r2,1,22,eve,591,-30239.0,-1.4931,0.8778,0.313,600.0
anchorrth_n9_pts12-r2,1,22,asia,532,-4528.0,-0.2333,0.9787,0.3459,1475.0
anchorrth_n9_pts12-r2,1,22,london,622,-30275.5,-1.477,0.8816,0.3232,1150.0
anchorrth_n9_pts12-r2,1,22,pre,356,-22211.5,-1.4344,0.8504,0.323,1775.0
anchorrth_n9_pts12-r2,1,22,nyam,528,-6574.5,-0.3498,0.9677,0.3523,1600.0
anchorrth_n9_pts12-r2,1,22,mid,313,-3527.0,-0.2543,0.9687,0.3674,1750.0
anchorrth_n9_pts12-r2,1,22,pm,236,-12269.0,-1.2392,0.8274,0.4068,1925.0
anchorrth_n9_pts12-r3,1,23,all,3166,-110989.0,-2.09,0.9172,0.2896,1925.0
anchorrth_n9_pts12-r3,1,23,eve,585,-35902.5,-1.5119,0.8661,0.2462,762.5
anchorrth_n9_pts12-r3,1,23,asia,532,4247.0,0.1847,1.0185,0.297,1475.0
anchorrth_n9_pts12-r3,1,23,london,619,-34201.0,-1.4184,0.8768,0.2601,1150.0
anchorrth_n9_pts12-r3,1,23,pre,356,-36774.0,-2.1101,0.7735,0.2528,1775.0
anchorrth_n9_pts12-r3,1,23,nyam,525,12987.5,0.5832,1.0611,0.32,1600.0
anchorrth_n9_pts12-r3,1,23,mid,313,-7214.5,-0.4676,0.9391,0.3291,1750.0
anchorrth_n9_pts12-r3,1,23,pm,236,-14131.5,-1.36,0.8054,0.3941,1925.0
anchorrth_n9_pct0p1-r0,1,24,all,4289,-108731.0,-2.2757,0.8759,0.1049,1925.0
anchorrth_n9_pct0p1-r0,1,24,eve,884,-74061.0,-3.6422,0.6083,0.0622,1175.0
anchorrth_n9_pct0p1-r0,1,24,asia,714,-23231.0,-1.1585,0.8435,0.0882,562.5
anchorrth_n9_pct0p1-r0,1,24,london,952,-37995.5,-1.7377,0.8097,0.0851,687.5
anchorrth_n9_pct0p1-r0,1,24,pre,410,19522.5,1.0878,1.2373,0.1195,237.5
anchorrth_n9_pct0p1-r0,1,24,nyam,650,32662.5,1.543,1.2564,0.1415,237.5
anchorrth_n9_pct0p1-r0,1,24,mid,390,-14385.0,-1.1993,0.8131,0.1282,237.5
anchorrth_n9_pct0p1-r0,1,24,pm,289,-11243.5,-1.3542,0.7857,0.2076,1925.0
anchorrth_n9_pct0p1-r1,1,25,all,4640,-147785.0,-9.999,0.7454,0.45,237.5
anchorrth_n9_pct0p1-r1,1,25,eve,993,-22209.5,-3.2461,0.8135,0.4713,237.5
anchorrth_n9_pct0p1-r1,1,25,asia,778,-22799.5,-3.7677,0.763,0.4563,237.5
anchorrth_n9_pct0p1-r1,1,25,london,1052,-34095.5,-4.834,0.7422,0.4487,237.5
anchorrth_n9_pct0p1-r1,1,25,pre,446,-19596.5,-4.2969,0.6663,0.4215,237.5
anchorrth_n9_pct0p1-r1,1,25,nyam,691,-20639.0,-3.5973,0.7603,0.4544,237.5
anchorrth_n9_pct0p1-r1,1,25,mid,390,-15947.5,-3.7231,0.6856,0.4308,237.5
anchorrth_n9_pct0p1-r1,1,25,pm,290,-12497.5,-3.4329,0.6653,0.4241,237.5
anchorrth_n9_pct0p1-r2,1,26,all,4434,-145298.5,-7.321,0.7935,0.3031,1925.0
anchorrth_n9_pct0p1-r2,1,26,eve,930,-23170.0,-2.5387,0.8399,0.314,237.5
anchorrth_n9_pct0p1-r2,1,26,asia,729,-24278.5,-3.0321,0.7905,0.3018,237.5
anchorrth_n9_pct0p1-r2,1,26,london,1003,-27499.5,-2.8981,0.8255,0.3101,237.5
anchorrth_n9_pct0p1-r2,1,26,pre,422,-11100.5,-1.7956,0.8323,0.3104,237.5
anchorrth_n9_pct0p1-r2,1,26,nyam,671,-22096.5,-2.8589,0.7935,0.301,237.5
anchorrth_n9_pct0p1-r2,1,26,mid,390,-17672.5,-3.063,0.7223,0.2821,237.5
anchorrth_n9_pct0p1-r2,1,26,pm,289,-19481.0,-3.8795,0.5998,0.2699,1925.0
anchorrth_n9_pct0p1-r3,1,27,all,4364,-129131.0,-5.4042,0.8303,0.2346,1925.0
anchorrth_n9_pct0p1-r3,1,27,eve,906,-25349.0,-2.3263,0.8392,0.2329,237.5
anchorrth_n9_pct0p1-r3,1,27,asia,719,-28988.5,-3.0492,0.7733,0.2197,237.5
anchorrth_n9_pct0p1-r3,1,27,london,980,-21620.0,-1.884,0.8725,0.2408,237.5
anchorrth_n9_pct0p1-r3,1,27,pre,417,-6330.5,-0.8324,0.9115,0.247,237.5
anchorrth_n9_pct0p1-r3,1,27,nyam,663,-10327.0,-1.0768,0.9092,0.2474,237.5
anchorrth_n9_pct0p1-r3,1,27,mid,390,-19497.5,-2.856,0.7205,0.2128,237.5
anchorrth_n9_pct0p1-r3,1,27,pm,289,-17018.5,-2.9307,0.6643,0.2388,1925.0
anchorrth_n9_pct0p2-r0,1,28,all,3478,-43087.0,-0.7048,0.9642,0.1984,1925.0
anchorrth_n9_pct0p2-r0,1,28,eve,657,-42453.0,-1.5364,0.8274,0.137,762.5
anchorrth_n9_pct0p2-r0,1,28,asia,559,-7861.0,-0.3009,0.9614,0.1717,1475.0
anchorrth_n9_pct0p2-r0,1,28,london,711,4906.0,0.161,1.0193,0.1772,687.5
anchorrth_n9_pct0p2-r0,1,28,pre,371,-11209.0,-0.5943,0.9145,0.1833,475.0
anchorrth_n9_pct0p2-r0,1,28,nyam,570,36520.0,1.4332,1.1947,0.2404,1600.0
anchorrth_n9_pct0p2-r0,1,28,mid,350,-8762.5,-0.5446,0.9219,0.2514,1750.0
anchorrth_n9_pct0p2-r0,1,28,pm,260,-14227.5,-1.429,0.7957,0.3269,1925.0
anchorrth_n9_pct0p2-r1,1,29,all,3681,-91874.0,-3.5487,0.8887,0.4822,1925.0
anchorrth_n9_pct0p2-r1,1,29,eve,713,-17802.0,-1.5599,0.8894,0.4811,475.0
anchorrth_n9_pct0p2-r1,1,29,asia,577,-14720.5,-1.4248,0.8877,0.4835,487.5
anchorrth_n9_pct0p2-r1,1,29,london,789,-7131.0,-0.5937,0.9584,0.4994,487.5
anchorrth_n9_pct0p2-r1,1,29,pre,384,-16848.5,-2.0098,0.8141,0.4583,475.0
anchorrth_n9_pct0p2-r1,1,29,nyam,607,-9228.0,-0.8732,0.9312,0.4942,487.5
anchorrth_n9_pct0p2-r1,1,29,mid,351,-9741.5,-1.2248,0.8763,0.4786,487.5
anchorrth_n9_pct0p2-r1,1,29,pm,260,-16402.5,-2.4692,0.7188,0.4423,1925.0
anchorrth_n9_pct0p2-r2,1,30,all,3528,-131962.0,-3.7964,0.8726,0.3237,1925.0
anchorrth_n9_pct0p2-r2,1,30,eve,674,-21596.0,-1.4024,0.8921,0.3205,487.5
anchorrth_n9_pct0p2-r2,1,30,asia,561,-31044.0,-2.2165,0.8205,0.303,1475.0
anchorrth_n9_pct0p2-r2,1,30,london,729,-20641.0,-1.2854,0.9042,0.321,487.5
anchorrth_n9_pct0p2-r2,1,30,pre,373,-17204.5,-1.5117,0.8474,0.3083,475.0
anchorrth_n9_pct0p2-r2,1,30,nyam,581,-10286.5,-0.7175,0.9384,0.3391,1600.0
anchorrth_n9_pct0p2-r2,1,30,mid,350,-15162.5,-1.4104,0.8499,0.3371,1750.0
anchorrth_n9_pct0p2-r2,1,30,pm,260,-16027.5,-1.947,0.7597,0.3538,1925.0
anchorrth_n9_pct0p2-r3,1,31,all,3492,-134980.5,-3.2855,0.8797,0.2586,1925.0
anchorrth_n9_pct0p2-r3,1,31,eve,661,-25581.5,-1.3965,0.8829,0.2405,487.5
anchorrth_n9_pct0p2-r3,1,31,asia,560,-34265.0,-2.0568,0.8198,0.2304,1475.0
anchorrth_n9_pct0p2-r3,1,31,london,715,-21210.0,-1.1122,0.9092,0.2503,687.5
anchorrth_n9_pct0p2-r3,1,31,pre,371,-23384.0,-1.7504,0.812,0.2318,475.0
anchorrth_n9_pct0p2-r3,1,31,nyam,575,-6975.0,-0.409,0.9614,0.2765,1600.0
anchorrth_n9_pct0p2-r3,1,31,mid,350,-11000.0,-0.8727,0.8973,0.2914,1750.0
anchorrth_n9_pct0p2-r3,1,31,pm,260,-12565.0,-1.3652,0.8151,0.3423,1925.0
anchorsession_n21_atr1p5-r0,2,0,all,3778,-144524.5,-3.2505,0.8218,0.1294,1687.5
anchorsession_n21_atr1p5-r0,2,0,eve,933,-98044.5,-5.5032,0.4372,0.0311,1212.5
anchorsession_n21_atr1p5-r0,2,0,asia,828,-40212.0,-2.4414,0.656,0.0399,587.5
anchorsession_n21_atr1p5-r0,2,0,london,771,-49496.5,-2.3079,0.7203,0.0713,1687.5
anchorsession_n21_atr1p5-r0,2,0,pre,181,-436.5,-0.0366,0.9909,0.1271,1025.0
anchorsession_n21_atr1p5-r0,2,0,nyam,252,29417.0,1.6255,1.3632,0.2698,975.0
anchorsession_n21_atr1p5-r0,2,0,mid,388,5185.5,0.3144,1.044,0.2938,1150.0
anchorsession_n21_atr1p5-r0,2,0,pm,425,9062.5,0.6821,1.0941,0.3929,1137.5
anchorsession_n21_atr1p5-r1,2,1,all,4251,-124666.5,-6.2452,0.7932,0.4359,1237.5
anchorsession_n21_atr1p5-r1,2,1,eve,1060,-41115.0,-6.0572,0.653,0.3991,1062.5
anchorsession_n21_atr1p5-r1,2,1,asia,984,-34536.0,-7.0802,0.6005,0.4075,550.0
anchorsession_n21_atr1p5-r1,2,1,london,826,-28129.0,-3.7979,0.7469,0.4395,800.0
anchorsession_n21_atr1p5-r1,2,1,pre,208,-294.5,-0.0608,0.9906,0.4808,1025.0
anchorsession_n21_atr1p5-r1,2,1,nyam,288,4248.0,0.4975,1.066,0.5069,1237.5
anchorsession_n21_atr1p5-r1,2,1,mid,408,-23369.5,-2.4811,0.7672,0.4387,1175.0
anchorsession_n21_atr1p5-r1,2,1,pm,477,-1470.5,-0.1568,0.9838,0.5052,1137.5
anchorsession_n21_atr1p5-r2,2,2,all,4016,-109764.0,-4.1254,0.8454,0.2978,1175.0
anchorsession_n21_atr1p5-r2,2,2,eve,1003,-52337.0,-5.9401,0.635,0.2483,1112.5
anchorsession_n21_atr1p5-r2,2,2,asia,908,-33232.0,-5.1882,0.6641,0.2643,587.5
anchorsession_n21_atr1p5-r2,2,2,london,801,-35779.0,-3.6141,0.7435,0.2809,800.0
anchorsession_n21_atr1p5-r2,2,2,pre,190,-3722.5,-0.585,0.905,0.3211,1025.0
anchorsession_n21_atr1p5-r2,2,2,nyam,271,17391.0,1.4487,1.2289,0.3801,975.0
anchorsession_n21_atr1p5-r2,2,2,mid,396,-8584.0,-0.6694,0.9254,0.3308,1175.0
anchorsession_n21_atr1p5-r2,2,2,pm,447,6499.5,0.5499,1.0663,0.4183,1137.5
anchorsession_n21_atr1p5-r3,2,3,all,3903,-77662.0,-2.4903,0.8953,0.2439,1175.0
anchorsession_n21_atr1p5-r3,2,3,eve,969,-51188.5,-4.9427,0.6604,0.1868,1112.5
anchorsession_n21_atr1p5-r3,2,3,asia,877,-34083.0,-4.5194,0.6752,0.1961,587.5
anchorsession_n21_atr1p5-r3,2,3,london,786,-28881.5,-2.4212,0.8056,0.2226,800.0
anchorsession_n21_atr1p5-r3,2,3,pre,183,-2644.5,-0.3468,0.9372,0.2568,1025.0
anchorsession_n21_atr1p5-r3,2,3,nyam,265,26090.0,1.7893,1.3247,0.3245,975.0
anchorsession_n21_atr1p5-r3,2,3,mid,391,5811.0,0.387,1.0499,0.312,1175.0
anchorsession_n21_atr1p5-r3,2,3,pm,432,7234.5,0.5618,1.0737,0.3912,1137.5
anchorsession_n21_atr3-r0,2,4,all,3063,-10564.5,-0.182,0.9899,0.2383,2550.0
anchorsession_n21_atr3-r0,2,4,eve,686,-34781.5,-1.2684,0.8461,0.1152,2212.5
anchorsession_n21_atr3-r0,2,4,asia,647,-26563.0,-1.2531,0.8345,0.0958,1162.5
anchorsession_n21_atr3-r0,2,4,london,607,-14628.0,-0.5134,0.938,0.173,2550.0
anchorsession_n21_atr3-r0,2,4,pre,177,-9408.0,-0.539,0.889,0.1921,1687.5
anchorsession_n21_atr3-r0,2,4,nyam,227,27317.0,1.2931,1.2492,0.4097,1950.0
anchorsession_n21_atr3-r0,2,4,mid,346,7303.5,0.3751,1.0513,0.4624,2287.5
anchorsession_n21_atr3-r0,2,4,pm,373,40195.5,2.6944,1.4795,0.5282,2000.0
anchorsession_n21_atr3-r1,2,5,all,3361,-25394.0,-0.7558,0.9685,0.49,2287.5
anchorsession_n21_atr3-r1,2,5,eve,782,-35403.0,-2.9636,0.7812,0.4527,2212.5
anchorsession_n21_atr3-r1,2,5,asia,740,-13072.5,-1.5455,0.8779,0.477,1162.5
anchorsession_n21_atr3-r1,2,5,london,654,-10403.5,-0.7895,0.9335,0.4878,1450.0
anchorsession_n21_atr3-r1,2,5,pre,186,-7881.5,-0.8747,0.8653,0.4731,1687.5
anchorsession_n21_atr3-r1,2,5,nyam,245,11520.0,0.7722,1.1157,0.5388,1950.0
anchorsession_n21_atr3-r1,2,5,mid,355,-4745.0,-0.2893,0.9656,0.5014,2287.5
anchorsession_n21_atr3-r1,2,5,pm,399,34591.5,2.6912,1.4061,0.5589,2000.0
anchorsession_n21_atr3-r2,2,6,all,3128,-9074.5,-0.2158,0.9901,0.366,2550.0
anchorsession_n21_atr3-r2,2,6,eve,704,-29241.0,-1.8932,0.8418,0.3139,2212.5
anchorsession_n21_atr3-r2,2,6,asia,670,-17467.5,-1.5761,0.8636,0.309,1162.5
anchorsession_n21_atr3-r2,2,6,london,618,-18834.5,-1.053,0.9051,0.322,2550.0
anchorsession_n21_atr3-r2,2,6,pre,177,-18183.0,-1.5577,0.7576,0.2938,1687.5
anchorsession_n21_atr3-r2,2,6,nyam,232,30034.5,1.573,1.2837,0.444,1950.0
anchorsession_n21_atr3-r2,2,6,mid,347,8249.5,0.4237,1.058,0.464,2287.5
anchorsession_n21_atr3-r2,2,6,pm,380,36367.5,2.5718,1.4267,0.5316,2000.0
anchorsession_n21_atr3-r3,2,7,all,3089,2944.0,0.0625,1.003,0.3134,2550.0
anchorsession_n21_atr3-r3,2,7,eve,693,-28572.0,-1.6081,0.8567,0.2439,2212.5
anchorsession_n21_atr3-r3,2,7,asia,657,-17278.0,-1.2935,0.8761,0.2314,1162.5
anchorsession_n21_atr3-r3,2,7,london,609,-11936.0,-0.5488,0.9448,0.2496,2550.0
anchorsession_n21_atr3-r3,2,7,pre,177,-21970.5,-1.5827,0.7326,0.2203,1687.5
anchorsession_n21_atr3-r3,2,7,nyam,229,33559.0,1.5829,1.3061,0.4148,1950.0
anchorsession_n21_atr3-r3,2,7,mid,346,7541.0,0.3865,1.053,0.4624,2287.5
anchorsession_n21_atr3-r3,2,7,pm,378,41600.5,2.8201,1.5005,0.5317,2000.0
anchorsession_n21_pts2p5-r0,2,8,all,3991,-167426.5,-5.3101,0.6843,0.0649,1687.5
anchorsession_n21_pts2p5-r0,2,8,eve,986,-73931.5,-4.8533,0.4595,0.0274,1212.5
anchorsession_n21_pts2p5-r0,2,8,asia,778,-21324.5,-1.2979,0.7966,0.0476,137.5
anchorsession_n21_pts2p5-r0,2,8,london,808,-26619.5,-1.6402,0.7606,0.047,1687.5
anchorsession_n21_pts2p5-r0,2,8,pre,191,-6189.0,-0.8832,0.757,0.0576,125.0
anchorsession_n21_pts2p5-r0,2,8,nyam,303,-15274.5,-2.0574,0.6212,0.0594,125.0
anchorsession_n21_pts2p5-r0,2,8,mid,448,-11854.5,-1.3119,0.7917,0.1004,125.0
anchorsession_n21_pts2p5-r0,2,8,pm,477,-12233.0,-1.8732,0.7766,0.174,125.0
anchorsession_n21_pts2p5-r1,2,9,all,4412,-142973.0,-16.6397,0.608,0.4155,137.5
anchorsession_n21_pts2p5-r1,2,9,eve,1103,-42674.5,-10.0237,0.5505,0.3917,125.0
anchorsession_n21_pts2p5-r1,2,9,asia,919,-29776.0,-7.5875,0.6082,0.4157,137.5
anchorsession_n21_pts2p5-r1,2,9,london,856,-28199.0,-7.4513,0.603,0.4136,125.0
anchorsession_n21_pts2p5-r1,2,9,pre,223,-5304.5,-2.7148,0.6952,0.4484,125.0
anchorsession_n21_pts2p5-r1,2,9,nyam,321,-7884.0,-3.3676,0.687,0.4455,125.0
anchorsession_n21_pts2p5-r1,2,9,mid,469,-13076.0,-4.6375,0.6526,0.4328,125.0
anchorsession_n21_pts2p5-r1,2,9,pm,521,-16059.0,-5.4318,0.6227,0.4203,125.0
anchorsession_n21_pts2p5-r2,2,10,all,4252,-142970.5,-12.6376,0.6703,0.2787,137.5
anchorsession_n21_pts2p5-r2,2,10,eve,1060,-45365.0,-8.249,0.5942,0.2547,125.0
anchorsession_n21_pts2p5-r2,2,10,asia,841,-31051.5,-6.2206,0.6426,0.2699,137.5
anchorsession_n21_pts2p5-r2,2,10,london,845,-26180.0,-5.1445,0.6937,0.2852,125.0
anchorsession_n21_pts2p5-r2,2,10,pre,213,-3789.5,-1.434,0.8153,0.3192,125.0
anchorsession_n21_pts2p5-r2,2,10,nyam,320,-10792.5,-3.4693,0.6698,0.2781,125.0
anchorsession_n21_pts2p5-r2,2,10,mid,462,-15235.5,-4.0745,0.6757,0.2814,125.0
anchorsession_n21_pts2p5-r2,2,10,pm,511,-10556.5,-2.6207,0.7857,0.3131,125.0
anchorsession_n21_pts2p5-r3,2,11,all,4175,-128687.5,-9.4656,0.7215,0.217,137.5
anchorsession_n21_pts2p5-r3,2,11,eve,1040,-45685.0,-7.0372,0.6166,0.1904,125.0
anchorsession_n21_pts2p5-r3,2,11,asia,819,-27238.5,-4.5468,0.7021,0.2112,137.5
anchorsession_n21_pts2p5-r3,2,11,london,834,-26273.5,-4.3212,0.7165,0.2146,125.0
anchorsession_n21_pts2p5-r3,2,11,pre,205,-2870.0,-0.9025,0.8683,0.2488,125.0
anchorsession_n21_pts2p5-r3,2,11,nyam,319,-8238.5,-2.1496,0.7643,0.2257,125.0
anchorsession_n21_pts2p5-r3,2,11,mid,457,-13778.0,-3.0502,0.7273,0.2188,125.0
anchorsession_n21_pts2p5-r3,2,11,pm,501,-4604.0,-0.9318,0.9107,0.2655,125.0
anchorsession_n21_pts5-r0,2,12,all,3420,-101617.5,-2.3138,0.8696,0.1415,1425.0
anchorsession_n21_pts5-r0,2,12,eve,763,-48339.5,-2.1473,0.7423,0.0826,1212.5
anchorsession_n21_pts5-r0,2,12,asia,628,-14949.5,-0.7035,0.9005,0.1035,450.0
anchorsession_n21_pts5-r0,2,12,london,706,-30849.0,-1.4281,0.8206,0.0963,1425.0
anchorsession_n21_pts5-r0,2,12,pre,183,-544.5,-0.0502,0.9872,0.1257,250.0
anchorsession_n21_pts5-r0,2,12,nyam,277,-2858.0,-0.2485,0.9536,0.1625,250.0
anchorsession_n21_pts5-r0,2,12,mid,415,-1722.5,-0.1387,0.9801,0.2096,250.0
anchorsession_n21_pts5-r0,2,12,pm,448,-2354.5,-0.234,0.9699,0.2969,250.0
anchorsession_n21_pts5-r1,2,13,all,3798,-97254.5,-6.1906,0.8178,0.4692,250.0
anchorsession_n21_pts5-r1,2,13,eve,874,-31508.5,-4.178,0.7542,0.4497,250.0
anchorsession_n21_pts5-r1,2,13,asia,706,-27224.0,-4.0202,0.7394,0.4448,250.0
anchorsession_n21_pts5-r1,2,13,london,765,-19372.5,-2.7363,0.8205,0.4706,250.0
anchorsession_n21_pts5-r1,2,13,pre,209,676.5,0.1824,1.0256,0.5263,250.0
anchorsession_n21_pts5-r1,2,13,nyam,311,-6519.0,-1.4415,0.849,0.4791,250.0
anchorsession_n21_pts5-r1,2,13,mid,440,-8285.0,-1.5421,0.863,0.4841,250.0
anchorsession_n21_pts5-r1,2,13,pm,493,-5022.0,-0.9058,0.9204,0.4929,250.0
anchorsession_n21_pts5-r2,2,14,all,3588,-87689.5,-4.1695,0.8637,0.3216,250.0
anchorsession_n21_pts5-r2,2,14,eve,808,-30044.5,-3.0209,0.8005,0.3007,250.0
anchorsession_n21_pts5-r2,2,14,asia,659,-26173.5,-2.9229,0.7879,0.2974,250.0
anchorsession_n21_pts5-r2,2,14,london,733,-22257.0,-2.3302,0.8349,0.3097,250.0
anchorsession_n21_pts5-r2,2,14,pre,193,1228.0,0.2414,1.0372,0.3575,250.0
anchorsession_n21_pts5-r2,2,14,nyam,299,491.5,0.0782,1.0096,0.3545,250.0
anchorsession_n21_pts5-r2,2,14,mid,426,-7841.5,-1.0685,0.8968,0.3286,250.0
anchorsession_n21_pts5-r2,2,14,pm,470,-3092.5,-0.4263,0.9584,0.3681,250.0
anchorsession_n21_pts5-r3,2,15,all,3494,-92176.0,-3.6978,0.8672,0.2479,250.0
anchorsession_n21_pts5-r3,2,15,eve,782,-27165.5,-2.2822,0.831,0.2289,250.0
anchorsession_n21_pts5-r3,2,15,asia,638,-23214.5,-2.1643,0.8233,0.2273,250.0
anchorsession_n21_pts5-r3,2,15,london,718,-33259.5,-2.9757,0.7775,0.2187,250.0
anchorsession_n21_pts5-r3,2,15,pre,188,5635.5,0.8902,1.1592,0.2926,250.0
anchorsession_n21_pts5-r3,2,15,nyam,293,-2384.5,-0.3177,0.9586,0.2628,250.0
anchorsession_n21_pts5-r3,2,15,mid,420,-11205.0,-1.3046,0.8649,0.2524,250.0
anchorsession_n21_pts5-r3,2,15,pm,455,-582.5,-0.07,0.9924,0.3231,250.0
anchorsession_n21_pts8-r0,2,16,all,3028,-41912.0,-0.8011,0.9567,0.218,2550.0
anchorsession_n21_pts8-r0,2,16,eve,645,-41942.5,-1.5792,0.8188,0.1364,737.5
anchorsession_n21_pts8-r0,2,16,asia,551,6696.0,0.2581,1.0351,0.1706,1512.5
anchorsession_n21_pts8-r0,2,16,london,600,-32050.0,-1.2981,0.8492,0.16,2550.0
anchorsession_n21_pts8-r0,2,16,pre,178,4225.5,0.3135,1.0715,0.1966,400.0
anchorsession_n21_pts8-r0,2,16,nyam,253,-774.5,-0.0572,0.9902,0.2411,475.0
anchorsession_n21_pts8-r0,2,16,mid,386,13818.5,0.899,1.1299,0.3161,550.0
anchorsession_n21_pts8-r0,2,16,pm,415,8115.0,0.6661,1.0917,0.3952,400.0
anchorsession_n21_pts8-r1,2,17,all,3297,-44250.5,-1.9242,0.9346,0.4944,400.0
anchorsession_n21_pts8-r1,2,17,eve,717,-12155.5,-1.118,0.9198,0.4909,400.0
anchorsession_n21_pts8-r1,2,17,asia,598,-20442.0,-2.0612,0.8448,0.4699,400.0
anchorsession_n21_pts8-r1,2,17,london,643,-12197.0,-1.1855,0.9106,0.4883,400.0
anchorsession_n21_pts8-r1,2,17,pre,195,-1392.5,-0.2453,0.9654,0.5026,400.0
anchorsession_n21_pts8-r1,2,17,nyam,289,2681.5,0.389,1.047,0.526,400.0
anchorsession_n21_pts8-r1,2,17,mid,405,-420.0,-0.052,0.9948,0.5111,400.0
anchorsession_n21_pts8-r1,2,17,pm,450,-325.0,-0.0413,0.9959,0.5022,400.0
anchorsession_n21_pts8-r2,2,18,all,3108,-43032.0,-1.3912,0.9479,0.3472,2550.0
anchorsession_n21_pts8-r2,2,18,eve,664,-20243.5,-1.3913,0.8924,0.3178,400.0
anchorsession_n21_pts8-r2,2,18,asia,560,-19740.0,-1.4733,0.8767,0.3161,1512.5
anchorsession_n21_pts8-r2,2,18,london,610,-27402.5,-1.9599,0.8443,0.3131,2550.0
anchorsession_n21_pts8-r2,2,18,pre,182,12122.0,1.5268,1.27,0.4011,400.0
anchorsession_n21_pts8-r2,2,18,nyam,273,9845.5,1.0267,1.1411,0.3846,475.0
anchorsession_n21_pts8-r2,2,18,mid,394,811.5,0.0744,1.0081,0.3706,400.0
anchorsession_n21_pts8-r2,2,18,pm,425,1575.0,0.1618,1.018,0.4141,400.0
anchorsession_n21_pts8-r3,2,19,all,3064,-51481.0,-1.4102,0.9426,0.282,2550.0
anchorsession_n21_pts8-r3,2,19,eve,650,-19237.5,-1.0991,0.9061,0.2415,400.0
anchorsession_n21_pts8-r3,2,19,asia,554,-22791.0,-1.4294,0.8703,0.2401,1512.5
anchorsession_n21_pts8-r3,2,19,london,604,-22966.0,-1.3607,0.8802,0.2483,2550.0
anchorsession_n21_pts8-r3,2,19,pre,179,-4391.0,-0.4863,0.92,0.257,400.0
anchorsession_n21_pts8-r3,2,19,nyam,265,9215.0,0.8115,1.1221,0.3057,475.0
anchorsession_n21_pts8-r3,2,19,mid,390,6090.0,0.4774,1.0578,0.3308,550.0
anchorsession_n21_pts8-r3,2,19,pm,422,2599.5,0.2428,1.029,0.3981,400.0
anchorsession_n21_pts12-r0,2,20,all,2768,17940.5,0.2906,1.0157,0.2944,2550.0
anchorsession_n21_pts12-r0,2,20,eve,563,-13702.0,-0.4147,0.9495,0.2043,737.5
anchorsession_n21_pts12-r0,2,20,asia,503,26025.5,0.8576,1.1145,0.2584,1512.5
anchorsession_n21_pts12-r0,2,20,london,536,-30119.0,-1.063,0.8815,0.2276,2550.0
anchorsession_n21_pts12-r0,2,20,pre,177,-12358.0,-0.8308,0.8504,0.2316,600.0
anchorsession_n21_pts12-r0,2,20,nyam,236,11231.0,0.6625,1.1192,0.3305,600.0
anchorsession_n21_pts12-r0,2,20,mid,360,19885.0,1.1477,1.1657,0.4083,600.0
anchorsession_n21_pts12-r0,2,20,pm,393,16978.0,1.2353,1.1811,0.4631,600.0
anchorsession_n21_pts12-r1,2,21,all,2928,12638.0,0.3989,1.0152,0.5102,600.0
anchorsession_n21_pts12-r1,2,21,eve,606,-3549.0,-0.2382,0.9808,0.5017,600.0
anchorsession_n21_pts12-r1,2,21,asia,523,1558.0,0.1126,1.0099,0.5086,600.0
anchorsession_n21_pts12-r1,2,21,london,558,-13869.5,-0.9738,0.9206,0.4875,600.0
anchorsession_n21_pts12-r1,2,21,pre,183,3268.0,0.3999,1.0613,0.5191,600.0
anchorsession_n21_pts12-r1,2,21,nyam,262,16327.0,1.6914,1.2344,0.5687,600.0
anchorsession_n21_pts12-r1,2,21,mid,377,2817.0,0.2508,1.0269,0.5146,600.0
anchorsession_n21_pts12-r1,2,21,pm,419,6086.5,0.6027,1.068,0.5107,600.0
anchorsession_n21_pts12-r2,2,22,all,2809,-5848.5,-0.1382,0.9943,0.372,2550.0
anchorsession_n21_pts12-r2,2,22,eve,569,-11363.5,-0.5632,0.9512,0.3304,600.0
anchorsession_n21_pts12-r2,2,22,asia,506,-7261.5,-0.3856,0.9642,0.3439,1512.5
anchorsession_n21_pts12-r2,2,22,london,540,-17960.0,-0.9201,0.9188,0.3352,2550.0
anchorsession_n21_pts12-r2,2,22,pre,178,-12424.5,-1.1512,0.832,0.3146,600.0
anchorsession_n21_pts12-r2,2,22,nyam,248,21770.5,1.6434,1.2527,0.4153,600.0
anchorsession_n21_pts12-r2,2,22,mid,367,11769.5,0.8086,1.0986,0.4223,600.0
anchorsession_n21_pts12-r2,2,22,pm,401,9621.0,0.8056,1.1017,0.4688,600.0
anchorsession_n21_pts12-r3,2,23,all,2781,15076.0,0.3068,1.0138,0.3287,2550.0
anchorsession_n21_pts12-r3,2,23,eve,563,-15377.0,-0.6466,0.9392,0.2611,737.5
anchorsession_n21_pts12-r3,2,23,asia,503,13288.0,0.585,1.0619,0.3022,1512.5
anchorsession_n21_pts12-r3,2,23,london,538,-16014.5,-0.6935,0.9333,0.2751,2550.0
anchorsession_n21_pts12-r3,2,23,pre,177,-18120.5,-1.5079,0.7721,0.2599,600.0
anchorsession_n21_pts12-r3,2,23,nyam,240,18965.0,1.2604,1.2082,0.3625,600.0
anchorsession_n21_pts12-r3,2,23,mid,364,18869.0,1.1661,1.1564,0.4121,600.0
anchorsession_n21_pts12-r3,2,23,pm,396,13466.0,1.0459,1.1427,0.4646,600.0
anchorsession_n21_pct0p1-r0,2,24,all,3577,-126545.5,-3.1666,0.8232,0.1191,1425.0
anchorsession_n21_pct0p1-r0,2,24,eve,818,-48934.5,-2.298,0.7181,0.0685,1212.5
anchorsession_n21_pct0p1-r0,2,24,asia,674,-28571.0,-1.6006,0.7969,0.0861,462.5
anchorsession_n21_pct0p1-r0,2,24,london,738,-24239.5,-1.1837,0.845,0.084,1425.0
anchorsession_n21_pct0p1-r0,2,24,pre,185,185.0,0.0185,1.005,0.1135,237.5
anchorsession_n21_pct0p1-r0,2,24,nyam,285,-7777.5,-0.7795,0.8603,0.1404,237.5
anchorsession_n21_pct0p1-r0,2,24,mid,422,-12425.5,-1.1317,0.8442,0.1682,237.5
anchorsession_n21_pct0p1-r0,2,24,pm,455,-4782.5,-0.5138,0.9338,0.2593,237.5
anchorsession_n21_pct0p1-r1,2,25,all,3975,-103937.5,-7.5853,0.7857,0.4624,237.5
anchorsession_n21_pct0p1-r1,2,25,eve,932,-27465.5,-4.1462,0.762,0.4528,237.5
anchorsession_n21_pct0p1-r1,2,25,asia,771,-23796.5,-3.9475,0.7524,0.4514,237.5
anchorsession_n21_pct0p1-r1,2,25,london,796,-20246.5,-3.2875,0.7917,0.4673,237.5
anchorsession_n21_pct0p1-r1,2,25,pre,211,-1831.5,-0.5751,0.9235,0.5024,237.5
anchorsession_n21_pct0p1-r1,2,25,nyam,313,-6214.5,-1.6043,0.8336,0.476,237.5
anchorsession_n21_pct0p1-r1,2,25,mid,446,-14359.0,-3.1166,0.7441,0.4529,237.5
anchorsession_n21_pct0p1-r1,2,25,pm,506,-10024.0,-2.0731,0.8296,0.4723,237.5
anchorsession_n21_pct0p1-r2,2,26,all,3776,-95254.0,-5.1902,0.8374,0.3149,237.5
anchorsession_n21_pct0p1-r2,2,26,eve,870,-28880.0,-3.2991,0.7909,0.2989,237.5
anchorsession_n21_pct0p1-r2,2,26,asia,717,-22780.5,-2.8552,0.7998,0.3026,237.5
anchorsession_n21_pct0p1-r2,2,26,london,769,-27576.0,-3.3564,0.7764,0.2991,237.5
anchorsession_n21_pct0p1-r2,2,26,pre,199,1141.5,0.2583,1.0394,0.3568,237.5
anchorsession_n21_pct0p1-r2,2,26,nyam,308,-2694.5,-0.5001,0.9418,0.3409,237.5
anchorsession_n21_pct0p1-r2,2,26,mid,433,-10019.5,-1.595,0.8513,0.3187,237.5
anchorsession_n21_pct0p1-r2,2,26,pm,480,-4445.0,-0.6942,0.9345,0.35,237.5
anchorsession_n21_pct0p1-r3,2,27,all,3679,-88053.5,-4.0238,0.86,0.2441,237.5
anchorsession_n21_pct0p1-r3,2,27,eve,844,-28363.5,-2.7193,0.8086,0.2251,237.5
anchorsession_n21_pct0p1-r3,2,27,asia,691,-22564.0,-2.3772,0.8146,0.2272,237.5
anchorsession_n21_pct0p1-r3,2,27,london,756,-21511.5,-2.1575,0.8375,0.2354,237.5
anchorsession_n21_pct0p1-r3,2,27,pre,191,1448.5,0.2698,1.0458,0.267,237.5
anchorsession_n21_pct0p1-r3,2,27,nyam,300,-4537.5,-0.7073,0.9111,0.2533,237.5
anchorsession_n21_pct0p1-r3,2,27,mid,429,-12291.0,-1.657,0.834,0.2424,237.5
anchorsession_n21_pct0p1-r3,2,27,pm,468,-234.5,-0.0314,0.9967,0.3034,237.5
anchorsession_n21_pct0p2-r0,2,28,all,3002,-43620.5,-0.8208,0.9561,0.2258,2550.0
anchorsession_n21_pct0p2-r0,2,28,eve,636,-43519.0,-1.6295,0.8156,0.1447,737.5
anchorsession_n21_pct0p2-r0,2,28,asia,546,-6034.0,-0.2347,0.9697,0.1722,1512.5
anchorsession_n21_pct0p2-r0,2,28,london,593,-33197.0,-1.3287,0.8478,0.1686,2550.0
anchorsession_n21_pct0p2-r0,2,28,pre,178,3738.0,0.2742,1.0613,0.2022,475.0
anchorsession_n21_pct0p2-r0,2,28,nyam,253,9563.0,0.6234,1.1192,0.2648,487.5
anchorsession_n21_pct0p2-r0,2,28,mid,382,18622.0,1.1707,1.172,0.3298,487.5
anchorsession_n21_pct0p2-r0,2,28,pm,414,7206.5,0.5862,1.08,0.3937,487.5
anchorsession_n21_pct0p2-r1,2,29,all,3258,-45994.5,-1.9117,0.9345,0.4929,487.5
anchorsession_n21_pct0p2-r1,2,29,eve,701,-10216.5,-0.9019,0.9339,0.4922,475.0
anchorsession_n21_pct0p2-r1,2,29,asia,591,-19589.0,-1.8792,0.8563,0.4721,487.5
anchorsession_n21_pct0p2-r1,2,29,london,634,-13973.5,-1.2972,0.9017,0.4858,487.5
anchorsession_n21_pct0p2-r1,2,29,pre,193,-1134.5,-0.1907,0.9727,0.4974,475.0
anchorsession_n21_pct0p2-r1,2,29,nyam,288,5173.0,0.7121,1.0881,0.5382,487.5
anchorsession_n21_pct0p2-r1,2,29,mid,402,-2770.5,-0.3263,0.9675,0.505,487.5
anchorsession_n21_pct0p2-r1,2,29,pm,449,-3483.5,-0.4286,0.9581,0.49,487.5
anchorsession_n21_pct0p2-r2,2,30,all,3077,-39070.5,-1.2091,0.9542,0.3497,2550.0
anchorsession_n21_pct0p2-r2,2,30,eve,655,-18020.0,-1.1823,0.9069,0.3206,487.5
anchorsession_n21_pct0p2-r2,2,30,asia,553,-25324.5,-1.8091,0.8497,0.3092,1512.5
anchorsession_n21_pct0p2-r2,2,30,london,604,-24378.5,-1.6632,0.8655,0.3212,2550.0
anchorsession_n21_pct0p2-r2,2,30,pre,182,8822.0,1.0599,1.1819,0.3791,475.0
anchorsession_n21_pct0p2-r2,2,30,nyam,269,11061.5,1.1092,1.1553,0.3903,487.5
anchorsession_n21_pct0p2-r2,2,30,mid,391,2461.0,0.2171,1.024,0.3836,487.5
anchorsession_n21_pct0p2-r2,2,30,pm,423,6308.0,0.6223,1.0718,0.4184,487.5
anchorsession_n21_pct0p2-r3,2,31,all,3040,-66660.0,-1.7621,0.9284,0.2826,2550.0
anchorsession_n21_pct0p2-r3,2,31,eve,640,-23622.5,-1.3047,0.8883,0.2406,487.5
anchorsession_n21_pct0p2-r3,2,31,asia,549,-30433.5,-1.8408,0.8355,0.235,1512.5
anchorsession_n21_pct0p2-r3,2,31,london,599,-29521.0,-1.6899,0.8529,0.2454,2550.0
anchorsession_n21_pct0p2-r3,2,31,pre,179,-4141.0,-0.436,0.9275,0.257,475.0
anchorsession_n21_pct0p2-r3,2,31,nyam,265,9127.5,0.7761,1.1165,0.3132,487.5
anchorsession_n21_pct0p2-r3,2,31,mid,386,9431.0,0.7127,1.088,0.3446,487.5
anchorsession_n21_pct0p2-r3,2,31,pm,422,2499.5,0.2274,1.0273,0.3957,487.5
anchorrth_n21_atr1p5-r0,3,0,all,3452,-143145.5,-3.2657,0.8084,0.1052,1900.0
anchorrth_n21_atr1p5-r0,3,0,eve,933,-98044.5,-5.5032,0.4372,0.0311,1212.5
anchorrth_n21_atr1p5-r0,3,0,asia,828,-40212.0,-2.4414,0.656,0.0399,587.5
anchorrth_n21_atr1p5-r0,3,0,london,771,-49496.5,-2.3079,0.7203,0.0713,1687.5
anchorrth_n21_atr1p5-r0,3,0,pre,181,-436.5,-0.0366,0.9909,0.1271,1025.0
anchorrth_n21_atr1p5-r0,3,0,nyam,252,29417.0,1.6255,1.3632,0.2698,975.0
anchorrth_n21_atr1p5-r0,3,0,mid,288,27960.5,1.6509,1.3027,0.309,1237.5
anchorrth_n21_atr1p5-r0,3,0,pm,199,-12333.5,-1.2106,0.7857,0.3317,1900.0
anchorrth_n21_atr1p5-r1,3,1,all,3854,-98316.0,-5.2866,0.8112,0.4357,1312.5
anchorrth_n21_atr1p5-r1,3,1,eve,1060,-41115.0,-6.0572,0.653,0.3991,1062.5
anchorrth_n21_atr1p5-r1,3,1,asia,984,-34536.0,-7.0802,0.6005,0.4075,550.0
anchorrth_n21_atr1p5-r1,3,1,london,826,-28129.0,-3.7979,0.7469,0.4395,800.0
anchorrth_n21_atr1p5-r1,3,1,pre,208,-294.5,-0.0608,0.9906,0.4808,1025.0
anchorrth_n21_atr1p5-r1,3,1,nyam,288,4248.0,0.4975,1.066,0.5069,1237.5
anchorrth_n21_atr1p5-r1,3,1,mid,289,11194.0,1.2834,1.1789,0.5398,1062.5
anchorrth_n21_atr1p5-r1,3,1,pm,199,-9683.5,-1.4064,0.7918,0.4523,1312.5
anchorrth_n21_atr1p5-r2,3,2,all,3660,-99452.5,-3.9107,0.8432,0.2891,1900.0
anchorrth_n21_atr1p5-r2,3,2,eve,1003,-52337.0,-5.9401,0.635,0.2483,1112.5
anchorrth_n21_atr1p5-r2,3,2,asia,908,-33232.0,-5.1882,0.6641,0.2643,587.5
anchorrth_n21_atr1p5-r2,3,2,london,801,-35779.0,-3.6141,0.7435,0.2809,800.0
anchorrth_n21_atr1p5-r2,3,2,pre,190,-3722.5,-0.585,0.905,0.3211,1025.0
anchorrth_n21_atr1p5-r2,3,2,nyam,271,17391.0,1.4487,1.2289,0.3801,975.0
anchorrth_n21_atr1p5-r2,3,2,mid,288,20898.0,1.6491,1.2555,0.3854,1137.5
anchorrth_n21_atr1p5-r2,3,2,pm,199,-12671.0,-1.414,0.7716,0.3467,1900.0
anchorrth_n21_atr1p5-r3,3,3,all,3567,-80130.5,-2.6658,0.8812,0.2307,1900.0
anchorrth_n21_atr1p5-r3,3,3,eve,969,-51188.5,-4.9427,0.6604,0.1868,1112.5
anchorrth_n21_atr1p5-r3,3,3,asia,877,-34083.0,-4.5194,0.6752,0.1961,587.5
anchorrth_n21_atr1p5-r3,3,3,london,786,-28881.5,-2.4212,0.8056,0.2226,800.0
anchorrth_n21_atr1p5-r3,3,3,pre,183,-2644.5,-0.3468,0.9372,0.2568,1025.0
anchorrth_n21_atr1p5-r3,3,3,nyam,265,26090.0,1.7893,1.3247,0.3245,975.0
anchorrth_n21_atr1p5-r3,3,3,mid,288,25660.5,1.6897,1.2849,0.3333,1237.5
anchorrth_n21_atr1p5-r3,3,3,pm,199,-15083.5,-1.6004,0.7379,0.3317,1900.0
anchorrth_n21_atr3-r0,3,4,all,2765,-65460.0,-1.143,0.9345,0.2,2625.0
anchorrth_n21_atr3-r0,3,4,eve,686,-34781.5,-1.2684,0.8461,0.1152,2212.5
anchorrth_n21_atr3-r0,3,4,asia,647,-26563.0,-1.2531,0.8345,0.0958,1162.5
anchorrth_n21_atr3-r0,3,4,london,607,-14628.0,-0.5134,0.938,0.173,2550.0
anchorrth_n21_atr3-r0,3,4,pre,177,-9408.0,-0.539,0.889,0.1921,1687.5
anchorrth_n21_atr3-r0,3,4,nyam,227,27317.0,1.2931,1.2492,0.4097,1950.0
anchorrth_n21_atr3-r0,3,4,mid,245,6857.5,0.3665,1.0595,0.4245,2475.0
anchorrth_n21_atr3-r0,3,4,pm,176,-14254.0,-1.1031,0.7901,0.4318,2625.0
anchorrth_n21_atr3-r1,3,5,all,3029,-61566.0,-1.9115,0.9174,0.4797,2625.0
anchorrth_n21_atr3-r1,3,5,eve,782,-35403.0,-2.9636,0.7812,0.4527,2212.5
anchorrth_n21_atr3-r1,3,5,asia,740,-13072.5,-1.5455,0.8779,0.477,1162.5
anchorrth_n21_atr3-r1,3,5,london,654,-10403.5,-0.7895,0.9335,0.4878,1450.0
anchorrth_n21_atr3-r1,3,5,pre,186,-7881.5,-0.8747,0.8653,0.4731,1687.5
anchorrth_n21_atr3-r1,3,5,nyam,245,11520.0,0.7722,1.1157,0.5388,1950.0
anchorrth_n21_atr3-r1,3,5,mid,245,6782.5,0.4555,1.0684,0.5143,2275.0
anchorrth_n21_atr3-r1,3,5,pm,177,-13108.0,-1.1752,0.7922,0.4576,2625.0
anchorrth_n21_atr3-r2,3,6,all,2822,-71913.0,-1.7772,0.9179,0.3412,2625.0
anchorrth_n21_atr3-r2,3,6,eve,704,-29241.0,-1.8932,0.8418,0.3139,2212.5
anchorrth_n21_atr3-r2,3,6,asia,670,-17467.5,-1.5761,0.8636,0.309,1162.5
anchorrth_n21_atr3-r2,3,6,london,618,-18834.5,-1.053,0.9051,0.322,2550.0
anchorrth_n21_atr3-r2,3,6,pre,177,-18183.0,-1.5577,0.7576,0.2938,1687.5
anchorrth_n21_atr3-r2,3,6,nyam,232,30034.5,1.573,1.2837,0.444,1950.0
anchorrth_n21_atr3-r2,3,6,mid,245,3595.0,0.1993,1.0312,0.4286,2475.0
anchorrth_n21_atr3-r2,3,6,pm,176,-21816.5,-1.9448,0.6788,0.4318,2625.0
anchorrth_n21_atr3-r3,3,7,all,2786,-57631.5,-1.2579,0.938,0.2825,2625.0
anchorrth_n21_atr3-r3,3,7,eve,693,-28572.0,-1.6081,0.8567,0.2439,2212.5
anchorrth_n21_atr3-r3,3,7,asia,657,-17278.0,-1.2935,0.8761,0.2314,1162.5
anchorrth_n21_atr3-r3,3,7,london,609,-11936.0,-0.5488,0.9448,0.2496,2550.0
anchorrth_n21_atr3-r3,3,7,pre,177,-21970.5,-1.5827,0.7326,0.2203,1687.5
anchorrth_n21_atr3-r3,3,7,nyam,229,33559.0,1.5829,1.3061,0.4148,1950.0
anchorrth_n21_atr3-r3,3,7,mid,245,6107.5,0.3308,1.053,0.4245,2475.0
anchorrth_n21_atr3-r3,3,7,pm,176,-17541.5,-1.4581,0.7417,0.4318,2625.0
anchorrth_n21_pts2p5-r0,3,8,all,3575,-158262.5,-5.0789,0.6738,0.0509,1900.0
anchorrth_n21_pts2p5-r0,3,8,eve,986,-73931.5,-4.8533,0.4595,0.0274,1212.5
anchorrth_n21_pts2p5-r0,3,8,asia,778,-21324.5,-1.2979,0.7966,0.0476,137.5
anchorrth_n21_pts2p5-r0,3,8,london,808,-26619.5,-1.6402,0.7606,0.047,1687.5
anchorrth_n21_pts2p5-r0,3,8,pre,191,-6189.0,-0.8832,0.757,0.0576,125.0
anchorrth_n21_pts2p5-r0,3,8,nyam,303,-15274.5,-2.0574,0.6212,0.0594,125.0
anchorrth_n21_pts2p5-r0,3,8,mid,304,-2066.0,-0.233,0.9471,0.0921,125.0
anchorrth_n21_pts2p5-r0,3,8,pm,205,-12857.5,-2.7145,0.5319,0.1122,1900.0
anchorrth_n21_pts2p5-r1,3,9,all,3931,-130149.0,-16.0603,0.6014,0.4129,137.5
anchorrth_n21_pts2p5-r1,3,9,eve,1103,-42674.5,-10.0237,0.5505,0.3917,125.0
anchorrth_n21_pts2p5-r1,3,9,asia,919,-29776.0,-7.5875,0.6082,0.4157,137.5
anchorrth_n21_pts2p5-r1,3,9,london,856,-28199.0,-7.4513,0.603,0.4136,125.0
anchorrth_n21_pts2p5-r1,3,9,pre,223,-5304.5,-2.7148,0.6952,0.4484,125.0
anchorrth_n21_pts2p5-r1,3,9,nyam,321,-7884.0,-3.3676,0.687,0.4455,125.0
anchorrth_n21_pts2p5-r1,3,9,mid,304,-7578.5,-3.3271,0.6831,0.4441,125.0
anchorrth_n21_pts2p5-r1,3,9,pm,205,-8732.5,-4.7921,0.5162,0.3756,125.0
anchorrth_n21_pts2p5-r2,3,10,all,3788,-132702.0,-12.4659,0.6586,0.2748,137.5
anchorrth_n21_pts2p5-r2,3,10,eve,1060,-45365.0,-8.249,0.5942,0.2547,125.0
anchorrth_n21_pts2p5-r2,3,10,asia,841,-31051.5,-6.2206,0.6426,0.2699,137.5
anchorrth_n21_pts2p5-r2,3,10,london,845,-26180.0,-5.1445,0.6937,0.2852,125.0
anchorrth_n21_pts2p5-r2,3,10,pre,213,-3789.5,-1.434,0.8153,0.3192,125.0
anchorrth_n21_pts2p5-r2,3,10,nyam,320,-10792.5,-3.4693,0.6698,0.2781,125.0
anchorrth_n21_pts2p5-r2,3,10,mid,304,-5041.0,-1.5937,0.8271,0.3224,125.0
anchorrth_n21_pts2p5-r2,3,10,pm,205,-10482.5,-4.4794,0.5268,0.2341,125.0
anchorrth_n21_pts2p5-r3,3,11,all,3726,-127729.0,-9.9188,0.6944,0.2104,1900.0
anchorrth_n21_pts2p5-r3,3,11,eve,1040,-45685.0,-7.0372,0.6166,0.1904,125.0
anchorrth_n21_pts2p5-r3,3,11,asia,819,-27238.5,-4.5468,0.7021,0.2112,137.5
anchorrth_n21_pts2p5-r3,3,11,london,834,-26273.5,-4.3212,0.7165,0.2146,125.0
anchorrth_n21_pts2p5-r3,3,11,pre,205,-2870.0,-0.9025,0.8683,0.2488,125.0
anchorrth_n21_pts2p5-r3,3,11,nyam,319,-8238.5,-2.1496,0.7643,0.2257,125.0
anchorrth_n21_pts2p5-r3,3,11,mid,304,-3553.5,-0.9129,0.8894,0.2533,125.0
anchorrth_n21_pts2p5-r3,3,11,pm,205,-13870.0,-4.2682,0.4647,0.1659,1900.0
anchorrth_n21_pts5-r0,3,12,all,3054,-103316.0,-2.3809,0.8563,0.1192,1900.0
anchorrth_n21_pts5-r0,3,12,eve,763,-48339.5,-2.1473,0.7423,0.0826,1212.5
anchorrth_n21_pts5-r0,3,12,asia,628,-14949.5,-0.7035,0.9005,0.1035,450.0
anchorrth_n21_pts5-r0,3,12,london,706,-30849.0,-1.4281,0.8206,0.0963,1425.0
anchorrth_n21_pts5-r0,3,12,pre,183,-544.5,-0.0502,0.9872,0.1257,250.0
anchorrth_n21_pts5-r0,3,12,nyam,277,-2858.0,-0.2485,0.9536,0.1625,250.0
anchorrth_n21_pts5-r0,3,12,mid,295,11395.0,0.8919,1.183,0.1932,250.0
anchorrth_n21_pts5-r0,3,12,pm,202,-17170.5,-2.553,0.5989,0.2129,1900.0
anchorrth_n21_pts5-r1,3,13,all,3362,-100110.5,-6.7675,0.7919,0.4616,250.0
anchorrth_n21_pts5-r1,3,13,eve,874,-31508.5,-4.178,0.7542,0.4497,250.0
anchorrth_n21_pts5-r1,3,13,asia,706,-27224.0,-4.0202,0.7394,0.4448,250.0
anchorrth_n21_pts5-r1,3,13,london,765,-19372.5,-2.7363,0.8205,0.4706,250.0
anchorrth_n21_pts5-r1,3,13,pre,209,676.5,0.1824,1.0256,0.5263,250.0
anchorrth_n21_pts5-r1,3,13,nyam,311,-6519.0,-1.4415,0.849,0.4791,250.0
anchorrth_n21_pts5-r1,3,13,mid,295,-6242.5,-1.4189,0.8475,0.478,250.0
anchorrth_n21_pts5-r1,3,13,pm,202,-9920.5,-2.823,0.669,0.4208,250.0
anchorrth_n21_pts5-r2,3,14,all,3189,-97893.5,-4.915,0.8326,0.312,1900.0
anchorrth_n21_pts5-r2,3,14,eve,808,-30044.5,-3.0209,0.8005,0.3007,250.0
anchorrth_n21_pts5-r2,3,14,asia,659,-26173.5,-2.9229,0.7879,0.2974,250.0
anchorrth_n21_pts5-r2,3,14,london,733,-22257.0,-2.3302,0.8349,0.3097,250.0
anchorrth_n21_pts5-r2,3,14,pre,193,1228.0,0.2414,1.0372,0.3575,250.0
anchorrth_n21_pts5-r2,3,14,nyam,299,491.5,0.0782,1.0096,0.3545,250.0
anchorrth_n21_pts5-r2,3,14,mid,295,-3917.5,-0.6393,0.9245,0.3356,250.0
anchorrth_n21_pts5-r2,3,14,pm,202,-17220.5,-3.6047,0.5653,0.2723,1900.0
anchorrth_n21_pts5-r3,3,15,all,3116,-101926.5,-4.304,0.839,0.2375,1900.0
anchorrth_n21_pts5-r3,3,15,eve,782,-27165.5,-2.2822,0.831,0.2289,250.0
anchorrth_n21_pts5-r3,3,15,asia,638,-23214.5,-2.1643,0.8233,0.2273,250.0
anchorrth_n21_pts5-r3,3,15,london,718,-33259.5,-2.9757,0.7775,0.2187,250.0
anchorrth_n21_pts5-r3,3,15,pre,188,5635.5,0.8902,1.1592,0.2926,250.0
anchorrth_n21_pts5-r3,3,15,nyam,293,-2384.5,-0.3177,0.9586,0.2628,250.0
anchorrth_n21_pts5-r3,3,15,mid,295,-3892.5,-0.528,0.9321,0.2644,250.0
anchorrth_n21_pts5-r3,3,15,pm,202,-17645.5,-3.3523,0.5718,0.2426,1900.0
anchorrth_n21_pts8-r0,3,16,all,2699,-52233.5,-1.0134,0.942,0.1923,2550.0
anchorrth_n21_pts8-r0,3,16,eve,645,-41942.5,-1.5792,0.8188,0.1364,737.5
anchorrth_n21_pts8-r0,3,16,asia,551,6696.0,0.2581,1.0351,0.1706,1512.5
anchorrth_n21_pts8-r0,3,16,london,600,-32050.0,-1.2981,0.8492,0.16,2550.0
anchorrth_n21_pts8-r0,3,16,pre,178,4225.5,0.3135,1.0715,0.1966,400.0
anchorrth_n21_pts8-r0,3,16,nyam,253,-774.5,-0.0572,0.9902,0.2411,475.0
anchorrth_n21_pts8-r0,3,16,mid,283,21218.0,1.4322,1.2676,0.2968,400.0
anchorrth_n21_pts8-r0,3,16,pm,189,-9606.0,-1.0509,0.8054,0.3228,1900.0
anchorrth_n21_pts8-r1,3,17,all,2914,-53731.0,-2.4582,0.9124,0.49,1900.0
anchorrth_n21_pts8-r1,3,17,eve,717,-12155.5,-1.118,0.9198,0.4909,400.0
anchorrth_n21_pts8-r1,3,17,asia,598,-20442.0,-2.0612,0.8448,0.4699,400.0
anchorrth_n21_pts8-r1,3,17,london,643,-12197.0,-1.1855,0.9106,0.4883,400.0
anchorrth_n21_pts8-r1,3,17,pre,195,-1392.5,-0.2453,0.9654,0.5026,400.0
anchorrth_n21_pts8-r1,3,17,nyam,289,2681.5,0.389,1.047,0.526,400.0
anchorrth_n21_pts8-r1,3,17,mid,283,4255.5,0.6292,1.0782,0.53,400.0
anchorrth_n21_pts8-r1,3,17,pm,189,-14481.0,-2.6657,0.6563,0.4286,1900.0
anchorrth_n21_pts8-r2,3,18,all,2761,-55906.5,-1.891,0.9262,0.3368,2550.0
anchorrth_n21_pts8-r2,3,18,eve,664,-20243.5,-1.3913,0.8924,0.3178,400.0
anchorrth_n21_pts8-r2,3,18,asia,560,-19740.0,-1.4733,0.8767,0.3161,1512.5
anchorrth_n21_pts8-r2,3,18,london,610,-27402.5,-1.9599,0.8443,0.3131,2550.0
anchorrth_n21_pts8-r2,3,18,pre,182,12122.0,1.5268,1.27,0.4011,400.0
anchorrth_n21_pts8-r2,3,18,nyam,273,9845.5,1.0267,1.1411,0.3846,475.0
anchorrth_n21_pts8-r2,3,18,mid,283,2043.0,0.2205,1.0286,0.3746,400.0
anchorrth_n21_pts8-r2,3,18,pm,189,-12531.0,-1.8695,0.7327,0.3545,1900.0
anchorrth_n21_pts8-r3,3,19,all,2724,-61383.5,-1.7457,0.9257,0.2658,2550.0
anchorrth_n21_pts8-r3,3,19,eve,650,-19237.5,-1.0991,0.9061,0.2415,400.0
anchorrth_n21_pts8-r3,3,19,asia,554,-22791.0,-1.4294,0.8703,0.2401,1512.5
anchorrth_n21_pts8-r3,3,19,london,604,-22966.0,-1.3607,0.8802,0.2483,2550.0
anchorrth_n21_pts8-r3,3,19,pre,179,-4391.0,-0.4863,0.92,0.257,400.0
anchorrth_n21_pts8-r3,3,19,nyam,265,9215.0,0.8115,1.1221,0.3057,475.0
anchorrth_n21_pts8-r3,3,19,mid,283,7505.5,0.6776,1.0983,0.3251,400.0
anchorrth_n21_pts8-r3,3,19,pm,189,-8718.5,-1.1406,0.8173,0.3439,1900.0
anchorrth_n21_pts12-r0,3,20,all,2459,-11486.0,-0.1889,0.9894,0.2643,2550.0
anchorrth_n21_pts12-r0,3,20,eve,563,-13702.0,-0.4147,0.9495,0.2043,737.5
anchorrth_n21_pts12-r0,3,20,asia,503,26025.5,0.8576,1.1145,0.2584,1512.5
anchorrth_n21_pts12-r0,3,20,london,536,-30119.0,-1.063,0.8815,0.2276,2550.0
anchorrth_n21_pts12-r0,3,20,pre,177,-12358.0,-0.8308,0.8504,0.2316,600.0
anchorrth_n21_pts12-r0,3,20,nyam,236,11231.0,0.6625,1.1192,0.3305,600.0
anchorrth_n21_pts12-r0,3,20,mid,265,15577.5,0.9437,1.16,0.3509,600.0
anchorrth_n21_pts12-r0,3,20,pm,179,-8141.0,-0.8121,0.8508,0.3966,1900.0
anchorrth_n21_pts12-r1,3,21,all,2576,-18791.5,-0.6213,0.9755,0.5023,1900.0
anchorrth_n21_pts12-r1,3,21,eve,606,-3549.0,-0.2382,0.9808,0.5017,600.0
anchorrth_n21_pts12-r1,3,21,asia,523,1558.0,0.1126,1.0099,0.5086,600.0
anchorrth_n21_pts12-r1,3,21,london,558,-13869.5,-0.9738,0.9206,0.4875,600.0
anchorrth_n21_pts12-r1,3,21,pre,183,3268.0,0.3999,1.0613,0.5191,600.0
anchorrth_n21_pts12-r1,3,21,nyam,262,16327.0,1.6914,1.2344,0.5687,600.0
anchorrth_n21_pts12-r1,3,21,mid,265,-8047.5,-0.8551,0.8972,0.4868,600.0
anchorrth_n21_pts12-r1,3,21,pm,179,-14478.5,-2.062,0.709,0.4413,1900.0
anchorrth_n21_pts12-r2,3,22,all,2485,-31427.5,-0.7692,0.9673,0.3537,2550.0
anchorrth_n21_pts12-r2,3,22,eve,569,-11363.5,-0.5632,0.9512,0.3304,600.0
anchorrth_n21_pts12-r2,3,22,asia,506,-7261.5,-0.3856,0.9642,0.3439,1512.5
anchorrth_n21_pts12-r2,3,22,london,540,-17960.0,-0.9201,0.9188,0.3352,2550.0
anchorrth_n21_pts12-r2,3,22,pre,178,-12424.5,-1.1512,0.832,0.3146,600.0
anchorrth_n21_pts12-r2,3,22,nyam,248,21770.5,1.6434,1.2527,0.4153,600.0
anchorrth_n21_pts12-r2,3,22,mid,265,2852.5,0.226,1.0311,0.3887,600.0
anchorrth_n21_pts12-r2,3,22,pm,179,-7041.0,-0.8095,0.8664,0.4134,1900.0
anchorrth_n21_pts12-r3,3,23,all,2465,-9110.0,-0.1901,0.9911,0.3039,2550.0
anchorrth_n21_pts12-r3,3,23,eve,563,-15377.0,-0.6466,0.9392,0.2611,737.5
anchorrth_n21_pts12-r3,3,23,asia,503,13288.0,0.585,1.0619,0.3022,1512.5
anchorrth_n21_pts12-r3,3,23,london,538,-16014.5,-0.6935,0.9333,0.2751,2550.0
anchorrth_n21_pts12-r3,3,23,pre,177,-18120.5,-1.5079,0.7721,0.2599,600.0
anchorrth_n21_pts12-r3,3,23,nyam,240,18965.0,1.2604,1.2082,0.3625,600.0
anchorrth_n21_pts12-r3,3,23,mid,265,15977.5,1.0662,1.1684,0.366,600.0
anchorrth_n21_pts12-r3,3,23,pm,179,-7828.5,-0.8422,0.8549,0.4022,1900.0
anchorrth_n21_pct0p1-r0,3,24,all,3201,-122866.5,-3.1149,0.8135,0.1,1900.0
anchorrth_n21_pct0p1-r0,3,24,eve,818,-48934.5,-2.298,0.7181,0.0685,1212.5
anchorrth_n21_pct0p1-r0,3,24,asia,674,-28571.0,-1.6006,0.7969,0.0861,462.5
anchorrth_n21_pct0p1-r0,3,24,london,738,-24239.5,-1.1837,0.845,0.084,1425.0
anchorrth_n21_pct0p1-r0,3,24,pre,185,185.0,0.0185,1.005,0.1135,237.5
anchorrth_n21_pct0p1-r0,3,24,nyam,285,-7777.5,-0.7795,0.8603,0.1404,237.5
anchorrth_n21_pct0p1-r0,3,24,mid,299,-83.5,-0.0075,0.9985,0.1505,237.5
anchorrth_n21_pct0p1-r0,3,24,pm,202,-13445.5,-2.0638,0.6452,0.1881,1900.0
anchorrth_n21_pct0p1-r1,3,25,all,3524,-93833.5,-7.2661,0.7826,0.4617,237.5
anchorrth_n21_pct0p1-r1,3,25,eve,932,-27465.5,-4.1462,0.762,0.4528,237.5
anchorrth_n21_pct0p1-r1,3,25,asia,771,-23796.5,-3.9475,0.7524,0.4514,237.5
anchorrth_n21_pct0p1-r1,3,25,london,796,-20246.5,-3.2875,0.7917,0.4673,237.5
anchorrth_n21_pct0p1-r1,3,25,pre,211,-1831.5,-0.5751,0.9235,0.5024,237.5
anchorrth_n21_pct0p1-r1,3,25,nyam,313,-6214.5,-1.6043,0.8336,0.476,237.5
anchorrth_n21_pct0p1-r1,3,25,mid,299,-7496.0,-1.9789,0.7947,0.4682,237.5
anchorrth_n21_pct0p1-r1,3,25,pm,202,-6783.0,-2.2254,0.7289,0.4455,237.5
anchorrth_n21_pct0p1-r2,3,26,all,3364,-104381.0,-6.0112,0.8038,0.3059,1900.0
anchorrth_n21_pct0p1-r2,3,26,eve,870,-28880.0,-3.2991,0.7909,0.2989,237.5
anchorrth_n21_pct0p1-r2,3,26,asia,717,-22780.5,-2.8552,0.7998,0.3026,237.5
anchorrth_n21_pct0p1-r2,3,26,london,769,-27576.0,-3.3564,0.7764,0.2991,237.5
anchorrth_n21_pct0p1-r2,3,26,pre,199,1141.5,0.2583,1.0394,0.3568,237.5
anchorrth_n21_pct0p1-r2,3,26,nyam,308,-2694.5,-0.5001,0.9418,0.3409,237.5
anchorrth_n21_pct0p1-r2,3,26,mid,299,-7471.0,-1.4347,0.8398,0.3177,237.5
anchorrth_n21_pct0p1-r2,3,26,pm,202,-16120.5,-3.835,0.5396,0.2525,1900.0
anchorrth_n21_pct0p1-r3,3,27,all,3283,-103894.5,-5.0298,0.8189,0.233,1900.0
anchorrth_n21_pct0p1-r3,3,27,eve,844,-28363.5,-2.7193,0.8086,0.2251,237.5
anchorrth_n21_pct0p1-r3,3,27,asia,691,-22564.0,-2.3772,0.8146,0.2272,237.5
anchorrth_n21_pct0p1-r3,3,27,london,756,-21511.5,-2.1575,0.8375,0.2354,237.5
anchorrth_n21_pct0p1-r3,3,27,pre,191,1448.5,0.2698,1.0458,0.267,237.5
anchorrth_n21_pct0p1-r3,3,27,nyam,300,-4537.5,-0.7073,0.9111,0.2533,237.5
anchorrth_n21_pct0p1-r3,3,27,mid,299,-12846.0,-2.1369,0.7553,0.2274,237.5
anchorrth_n21_pct0p1-r3,3,27,pm,202,-15520.5,-3.2949,0.5732,0.2228,1900.0
anchorrth_n21_pct0p2-r0,3,28,all,2674,-58858.5,-1.1274,0.9363,0.2004,2550.0
anchorrth_n21_pct0p2-r0,3,28,eve,636,-43519.0,-1.6295,0.8156,0.1447,737.5
anchorrth_n21_pct0p2-r0,3,28,asia,546,-6034.0,-0.2347,0.9697,0.1722,1512.5
anchorrth_n21_pct0p2-r0,3,28,london,593,-33197.0,-1.3287,0.8478,0.1686,2550.0
anchorrth_n21_pct0p2-r0,3,28,pre,178,3738.0,0.2742,1.0613,0.2022,475.0
anchorrth_n21_pct0p2-r0,3,28,nyam,253,9563.0,0.6234,1.1192,0.2648,487.5
anchorrth_n21_pct0p2-r0,3,28,mid,280,18780.0,1.2621,1.2324,0.3,475.0
anchorrth_n21_pct0p2-r0,3,28,pm,188,-8189.5,-0.8909,0.8322,0.3351,1900.0
anchorrth_n21_pct0p2-r1,3,29,all,2876,-51579.0,-2.255,0.9186,0.4899,1900.0
anchorrth_n21_pct0p2-r1,3,29,eve,701,-10216.5,-0.9019,0.9339,0.4922,475.0
anchorrth_n21_pct0p2-r1,3,29,asia,591,-19589.0,-1.8792,0.8563,0.4721,487.5
anchorrth_n21_pct0p2-r1,3,29,london,634,-13973.5,-1.2972,0.9017,0.4858,487.5
anchorrth_n21_pct0p2-r1,3,29,pre,193,-1134.5,-0.1907,0.9727,0.4974,475.0
anchorrth_n21_pct0p2-r1,3,29,nyam,288,5173.0,0.7121,1.0881,0.5382,487.5
anchorrth_n21_pct0p2-r1,3,29,mid,281,526.0,0.0742,1.009,0.5089,475.0
anchorrth_n21_pct0p2-r1,3,29,pm,188,-12364.5,-2.197,0.7049,0.4415,1900.0
anchorrth_n21_pct0p2-r2,3,30,all,2731,-60849.0,-1.9734,0.9224,0.3365,2550.0
anchorrth_n21_pct0p2-r2,3,30,eve,655,-18020.0,-1.1823,0.9069,0.3206,487.5
anchorrth_n21_pct0p2-r2,3,30,asia,553,-25324.5,-1.8091,0.8497,0.3092,1512.5
anchorrth_n21_pct0p2-r2,3,30,london,604,-24378.5,-1.6632,0.8655,0.3212,2550.0
anchorrth_n21_pct0p2-r2,3,30,pre,182,8822.0,1.0599,1.1819,0.3791,475.0
anchorrth_n21_pct0p2-r2,3,30,nyam,269,11061.5,1.1092,1.1553,0.3903,487.5
anchorrth_n21_pct0p2-r2,3,30,mid,280,-1907.5,-0.2005,0.9743,0.3643,475.0
anchorrth_n21_pct0p2-r2,3,30,pm,188,-11102.0,-1.6083,0.7623,0.3617,1900.0
anchorrth_n21_pct0p2-r3,3,31,all,2700,-81462.5,-2.2378,0.9052,0.2648,2550.0
anchorrth_n21_pct0p2-r3,3,31,eve,640,-23622.5,-1.3047,0.8883,0.2406,487.5
anchorrth_n21_pct0p2-r3,3,31,asia,549,-30433.5,-1.8408,0.8355,0.235,1512.5
anchorrth_n21_pct0p2-r3,3,31,london,599,-29521.0,-1.6899,0.8529,0.2454,2550.0
anchorrth_n21_pct0p2-r3,3,31,pre,179,-4141.0,-0.436,0.9275,0.257,475.0
anchorrth_n21_pct0p2-r3,3,31,nyam,265,9127.5,0.7761,1.1165,0.3132,487.5
anchorrth_n21_pct0p2-r3,3,31,mid,280,4092.5,0.3615,1.052,0.3214,475.0
anchorrth_n21_pct0p2-r3,3,31,pm,188,-6964.5,-0.8787,0.8536,0.3511,1900.0
anchorsession_n50_atr1p5-r0,4,0,all,2269,-96613.5,-2.6213,0.8034,0.0965,1637.5
anchorsession_n50_atr1p5-r0,4,0,eve,704,-42278.5,-2.2151,0.6808,0.0497,687.5
anchorsession_n50_atr1p5-r0,4,0,asia,474,-10246.0,-0.7008,0.8365,0.0422,700.0
anchorsession_n50_atr1p5-r0,4,0,london,504,-45903.5,-3.2591,0.596,0.0714,800.0
anchorsession_n50_atr1p5-r0,4,0,pre,163,12785.5,0.9464,1.3075,0.1411,1025.0
anchorsession_n50_atr1p5-r0,4,0,nyam,161,6118.5,0.4049,1.1097,0.1739,1012.5
anchorsession_n50_atr1p5-r0,4,0,mid,119,-2151.0,-0.1981,0.9494,0.2689,1437.5
anchorsession_n50_atr1p5-r0,4,0,pm,144,-14938.5,-2.0681,0.6504,0.3125,1637.5
anchorsession_n50_atr1p5-r1,4,1,all,2679,-75378.5,-5.0734,0.7888,0.4405,1425.0
anchorsession_n50_atr1p5-r1,4,1,eve,862,-24098.0,-3.9433,0.7378,0.4281,687.5
anchorsession_n50_atr1p5-r1,4,1,asia,558,-17519.5,-5.0539,0.6168,0.4086,700.0
anchorsession_n50_atr1p5-r1,4,1,london,575,-26762.5,-4.3349,0.6683,0.4191,800.0
anchorsession_n50_atr1p5-r1,4,1,pre,183,-4444.5,-1.01,0.8451,0.4699,1025.0
anchorsession_n50_atr1p5-r1,4,1,nyam,186,8718.5,1.3905,1.2462,0.5538,1012.5
anchorsession_n50_atr1p5-r1,4,1,mid,145,-12042.5,-1.9511,0.705,0.4207,1175.0
anchorsession_n50_atr1p5-r1,4,1,pm,170,770.0,0.1293,1.0229,0.5412,1425.0
anchorsession_n50_atr1p5-r2,4,2,all,2491,-77826.5,-3.9109,0.8178,0.2959,1637.5
anchorsession_n50_atr1p5-r2,4,2,eve,805,-27532.5,-3.3395,0.7538,0.282,912.5
anchorsession_n50_atr1p5-r2,4,2,asia,510,-18490.0,-4.1028,0.6522,0.2627,700.0
anchorsession_n50_atr1p5-r2,4,2,london,545,-23267.5,-2.8273,0.7526,0.2899,800.0
anchorsession_n50_atr1p5-r2,4,2,pre,169,-1301.0,-0.2162,0.9611,0.3373,1025.0
anchorsession_n50_atr1p5-r2,4,2,nyam,175,2350.0,0.2672,1.048,0.3314,1012.5
anchorsession_n50_atr1p5-r2,4,2,mid,135,-9540.0,-1.1589,0.7956,0.3111,1437.5
anchorsession_n50_atr1p5-r2,4,2,pm,152,-45.5,-0.0059,0.9988,0.4013,1637.5
anchorsession_n50_atr1p5-r3,4,3,all,2370,-87330.0,-3.8235,0.8052,0.2253,1637.5
anchorsession_n50_atr1p5-r3,4,3,eve,753,-38362.0,-4.1722,0.6785,0.2032,912.5
anchorsession_n50_atr1p5-r3,4,3,asia,490,-15460.0,-2.8669,0.7169,0.2,700.0
anchorsession_n50_atr1p5-r3,4,3,london,529,-27741.0,-2.9291,0.7267,0.2117,800.0
anchorsession_n50_atr1p5-r3,4,3,pre,164,3119.0,0.4251,1.0875,0.2805,1025.0
anchorsession_n50_atr1p5-r3,4,3,nyam,167,507.0,0.0496,1.0096,0.2575,1012.5
anchorsession_n50_atr1p5-r3,4,3,mid,122,-813.0,-0.0822,0.9811,0.2787,1437.5
anchorsession_n50_atr1p5-r3,4,3,pm,145,-8580.0,-1.0797,0.7933,0.331,1637.5
anchorsession_n50_atr3-r0,4,4,all,1990,-61822.5,-1.252,0.9137,0.1859,2837.5
anchorsession_n50_atr3-r0,4,4,eve,582,-27115.5,-1.0167,0.8636,0.122,1387.5
anchorsession_n50_atr3-r0,4,4,asia,422,-7063.0,-0.3716,0.9279,0.09,1150.0
anchorsession_n50_atr3-r0,4,4,london,426,-36441.5,-1.7031,0.7844,0.1573,2512.5
anchorsession_n50_atr3-r0,4,4,pre,158,16843.0,0.9246,1.2514,0.2342,1687.5
anchorsession_n50_atr3-r0,4,4,nyam,153,13663.0,0.7643,1.1791,0.3529,2037.5
anchorsession_n50_atr3-r0,4,4,mid,114,419.0,0.0323,1.0078,0.4298,2000.0
anchorsession_n50_atr3-r0,4,4,pm,135,-22127.5,-2.3628,0.5823,0.4,2837.5
anchorsession_n50_atr3-r1,4,5,all,2265,-25172.5,-0.9356,0.9531,0.4808,2837.5
anchorsession_n50_atr3-r1,4,5,eve,693,-13909.5,-1.2192,0.8991,0.4776,1837.5
anchorsession_n50_atr3-r1,4,5,asia,481,-9724.0,-1.4859,0.8569,0.4428,1150.0
anchorsession_n50_atr3-r1,4,5,london,480,-6207.5,-0.5458,0.9454,0.4854,1600.0
anchorsession_n50_atr3-r1,4,5,pre,165,-1097.5,-0.1304,0.9772,0.4848,1687.5
anchorsession_n50_atr3-r1,4,5,nyam,171,16616.0,1.4196,1.2673,0.5673,2037.5
anchorsession_n50_atr3-r1,4,5,mid,130,-4870.0,-0.4318,0.9183,0.4846,2075.0
anchorsession_n50_atr3-r1,4,5,pm,145,-5980.0,-0.6403,0.8725,0.4966,2837.5
anchorsession_n50_atr3-r2,4,6,all,2054,-44003.5,-1.2916,0.9293,0.332,2837.5
anchorsession_n50_atr3-r2,4,6,eve,610,-20652.5,-1.3762,0.8748,0.318,1837.5
anchorsession_n50_atr3-r2,4,6,asia,433,-9819.5,-1.1134,0.8747,0.2818,1150.0
anchorsession_n50_atr3-r2,4,6,london,447,-7038.0,-0.4553,0.95,0.3311,2512.5
anchorsession_n50_atr3-r2,4,6,pre,158,2180.5,0.1898,1.0373,0.3291,1687.5
anchorsession_n50_atr3-r2,4,6,nyam,156,8301.0,0.5546,1.1116,0.391,2037.5
anchorsession_n50_atr3-r2,4,6,mid,114,4319.0,0.3237,1.081,0.4386,2000.0
anchorsession_n50_atr3-r2,4,6,pm,136,-21294.0,-2.2994,0.5919,0.4044,2837.5
anchorsession_n50_atr3-r3,4,7,all,2008,-37019.5,-0.945,0.9439,0.2694,2837.5
anchorsession_n50_atr3-r3,4,7,eve,593,-13409.5,-0.7427,0.9235,0.2462,1837.5
anchorsession_n50_atr3-r3,4,7,asia,422,-4063.0,-0.3648,0.9512,0.218,1150.0
anchorsession_n50_atr3-r3,4,7,london,432,-17303.0,-0.9532,0.8888,0.2361,2512.5
anchorsession_n50_atr3-r3,4,7,pre,158,3755.5,0.2668,1.0585,0.2658,1687.5
anchorsession_n50_atr3-r3,4,7,nyam,153,13000.5,0.7631,1.1717,0.3595,2037.5
anchorsession_n50_atr3-r3,4,7,mid,114,481.5,0.0367,1.0089,0.4298,2000.0
anchorsession_n50_atr3-r3,4,7,pm,136,-19481.5,-1.9891,0.6266,0.4044,2837.5
anchorsession_n50_pts2p5-r0,4,8,all,2343,-99647.0,-3.8169,0.6845,0.0516,1437.5
anchorsession_n50_pts2p5-r0,4,8,eve,720,-25667.5,-1.563,0.7367,0.0431,125.0
anchorsession_n50_pts2p5-r0,4,8,asia,450,-12950.0,-0.9489,0.7872,0.0444,137.5
anchorsession_n50_pts2p5-r0,4,8,london,531,-23311.5,-2.1157,0.6732,0.0508,137.5
anchorsession_n50_pts2p5-r0,4,8,pre,165,-11772.5,-2.1926,0.4767,0.0364,125.0
anchorsession_n50_pts2p5-r0,4,8,nyam,179,-8053.5,-1.2907,0.6699,0.0447,325.0
anchorsession_n50_pts2p5-r0,4,8,mid,142,-9230.5,-1.8026,0.5415,0.0634,1437.5
anchorsession_n50_pts2p5-r0,4,8,pm,156,-8661.5,-2.5774,0.5473,0.1282,137.5
anchorsession_n50_pts2p5-r1,4,9,all,2702,-81533.0,-12.0876,0.6297,0.4241,137.5
anchorsession_n50_pts2p5-r1,4,9,eve,868,-23859.5,-6.2206,0.6566,0.4343,125.0
anchorsession_n50_pts2p5-r1,4,9,asia,527,-18395.5,-6.2101,0.5847,0.4061,125.0
anchorsession_n50_pts2p5-r1,4,9,london,588,-21002.0,-6.7199,0.5772,0.4031,137.5
anchorsession_n50_pts2p5-r1,4,9,pre,188,-4814.5,-2.6866,0.676,0.4415,125.0
anchorsession_n50_pts2p5-r1,4,9,nyam,196,-3846.5,-2.0933,0.7411,0.4643,125.0
anchorsession_n50_pts2p5-r1,4,9,mid,159,-5698.5,-3.4995,0.5761,0.4025,125.0
anchorsession_n50_pts2p5-r1,4,9,pm,176,-3916.5,-2.251,0.7119,0.4545,137.5
anchorsession_n50_pts2p5-r2,4,10,all,2582,-82665.5,-9.3284,0.6844,0.2831,137.5
anchorsession_n50_pts2p5-r2,4,10,eve,821,-20846.5,-4.0961,0.7438,0.2996,125.0
anchorsession_n50_pts2p5-r2,4,10,asia,483,-21469.5,-5.8115,0.581,0.2505,137.5
anchorsession_n50_pts2p5-r2,4,10,london,574,-20783.5,-5.0273,0.6487,0.2718,137.5
anchorsession_n50_pts2p5-r2,4,10,pre,183,-6519.5,-2.7833,0.6536,0.2732,125.0
anchorsession_n50_pts2p5-r2,4,10,nyam,191,-3776.5,-1.5152,0.7963,0.3141,125.0
anchorsession_n50_pts2p5-r2,4,10,mid,158,-6469.5,-3.0204,0.6092,0.2595,125.0
anchorsession_n50_pts2p5-r2,4,10,pm,172,-2800.5,-1.1857,0.828,0.3314,137.5
anchorsession_n50_pts2p5-r3,4,11,all,2511,-71231.5,-6.6958,0.7424,0.2218,137.5
anchorsession_n50_pts2p5-r3,4,11,eve,789,-16318.5,-2.6689,0.8087,0.2357,125.0
anchorsession_n50_pts2p5-r3,4,11,asia,469,-16663.5,-3.7026,0.6835,0.2068,137.5
anchorsession_n50_pts2p5-r3,4,11,london,564,-17806.0,-3.5605,0.716,0.2145,137.5
anchorsession_n50_pts2p5-r3,4,11,pre,174,-6683.5,-2.4592,0.6602,0.2011,125.0
anchorsession_n50_pts2p5-r3,4,11,nyam,191,-4476.5,-1.4971,0.7848,0.2304,125.0
anchorsession_n50_pts2p5-r3,4,11,mid,157,-7440.5,-2.9921,0.5892,0.1847,125.0
anchorsession_n50_pts2p5-r3,4,11,pm,167,-1843.0,-0.6487,0.8933,0.2695,137.5
anchorsession_n50_pts5-r0,4,12,all,2097,-51425.5,-1.3603,0.8962,0.1178,1750.0
anchorsession_n50_pts5-r0,4,12,eve,622,-27725.5,-1.3017,0.8167,0.09,637.5
anchorsession_n50_pts5-r0,4,12,asia,408,-4557.0,-0.2521,0.9535,0.1029,687.5
anchorsession_n50_pts5-r0,4,12,london,471,-37134.0,-2.4608,0.6796,0.0913,1750.0
anchorsession_n50_pts5-r0,4,12,pre,160,10747.5,0.8609,1.2922,0.1375,250.0
anchorsession_n50_pts5-r0,4,12,nyam,167,3169.5,0.2716,1.0809,0.1257,462.5
anchorsession_n50_pts5-r0,4,12,mid,125,6962.5,0.7438,1.2563,0.216,1437.5
anchorsession_n50_pts5-r0,4,12,pm,144,-2888.5,-0.4494,0.8946,0.25,250.0
anchorsession_n50_pts5-r1,4,13,all,2435,-48577.5,-3.8455,0.8556,0.4809,462.5
anchorsession_n50_pts5-r1,4,13,eve,749,-11008.5,-1.5689,0.8916,0.4913,250.0
anchorsession_n50_pts5-r1,4,13,asia,454,-21053.5,-3.8906,0.695,0.4295,250.0
anchorsession_n50_pts5-r1,4,13,london,541,-18101.5,-3.0468,0.7698,0.4547,250.0
anchorsession_n50_pts5-r1,4,13,pre,182,-3915.5,-1.1306,0.8453,0.478,250.0
anchorsession_n50_pts5-r1,4,13,nyam,186,2493.5,0.7101,1.1103,0.5484,462.5
anchorsession_n50_pts5-r1,4,13,mid,152,-1558.0,-0.4915,0.9231,0.5,250.0
anchorsession_n50_pts5-r1,4,13,pm,171,4566.0,1.3925,1.2407,0.5673,250.0
anchorsession_n50_pts5-r2,4,14,all,2263,-65902.0,-3.9158,0.8409,0.3142,1750.0
anchorsession_n50_pts5-r2,4,14,eve,676,-24304.0,-2.6695,0.8064,0.3033,250.0
anchorsession_n50_pts5-r2,4,14,asia,422,-15625.5,-2.1723,0.8012,0.3009,250.0
anchorsession_n50_pts5-r2,4,14,london,508,-23732.0,-2.9671,0.7558,0.2933,1750.0
anchorsession_n50_pts5-r2,4,14,pre,167,-5618.0,-1.2342,0.8183,0.3054,250.0
anchorsession_n50_pts5-r2,4,14,nyam,181,1113.5,0.2249,1.0358,0.3591,462.5
anchorsession_n50_pts5-r2,4,14,mid,149,-3846.0,-0.8951,0.8571,0.3221,250.0
anchorsession_n50_pts5-r2,4,14,pm,160,6110.0,1.3486,1.2564,0.4125,250.0
anchorsession_n50_pts5-r3,4,15,all,2186,-62894.0,-3.1487,0.8578,0.2415,1750.0
anchorsession_n50_pts5-r3,4,15,eve,648,-19754.5,-1.8145,0.8506,0.2346,250.0
anchorsession_n50_pts5-r3,4,15,asia,413,-13877.0,-1.6006,0.8363,0.23,250.0
anchorsession_n50_pts5-r3,4,15,london,495,-27942.5,-2.9905,0.7353,0.2121,1750.0
anchorsession_n50_pts5-r3,4,15,pre,161,-44.0,-0.0078,0.9986,0.2671,250.0
anchorsession_n50_pts5-r3,4,15,nyam,177,-1958.0,-0.3347,0.9443,0.2599,462.5
anchorsession_n50_pts5-r3,4,15,mid,142,-1530.5,-0.2977,0.9448,0.2676,250.0
anchorsession_n50_pts5-r3,4,15,pm,150,2212.5,0.4376,1.0867,0.3267,250.0
anchorsession_n50_pts8-r0,4,16,all,1970,-64130.0,-1.4287,0.9045,0.1797,2512.5
anchorsession_n50_pts8-r0,4,16,eve,567,-20780.5,-0.7896,0.8971,0.1464,812.5
anchorsession_n50_pts8-r0,4,16,asia,396,-3459.0,-0.1588,0.975,0.1616,687.5
anchorsession_n50_pts8-r0,4,16,london,428,-41399.5,-2.2724,0.729,0.1612,2512.5
anchorsession_n50_pts8-r0,4,16,pre,159,6476.5,0.4672,1.1215,0.195,400.0
anchorsession_n50_pts8-r0,4,16,nyam,157,2384.5,0.1791,1.0455,0.1847,462.5
anchorsession_n50_pts8-r0,4,16,mid,121,3228.5,0.3083,1.087,0.2645,1437.5
anchorsession_n50_pts8-r0,4,16,pm,142,-10580.5,-1.7111,0.7041,0.3239,400.0
anchorsession_n50_pts8-r1,4,17,all,2215,-42185.0,-2.2165,0.9099,0.4894,462.5
anchorsession_n50_pts8-r1,4,17,eve,650,-10275.0,-0.9921,0.925,0.4938,400.0
anchorsession_n50_pts8-r1,4,17,asia,423,-13242.0,-1.587,0.8568,0.4752,400.0
anchorsession_n50_pts8-r1,4,17,london,486,-16919.0,-1.894,0.8419,0.4712,400.0
anchorsession_n50_pts8-r1,4,17,pre,171,-6409.0,-1.2081,0.8309,0.4678,400.0
anchorsession_n50_pts8-r1,4,17,nyam,182,7009.5,1.2835,1.21,0.5604,462.5
anchorsession_n50_pts8-r1,4,17,mid,145,-5555.0,-1.143,0.8263,0.4621,400.0
anchorsession_n50_pts8-r1,4,17,pm,158,3205.5,0.6573,1.1138,0.5316,400.0
anchorsession_n50_pts8-r2,4,18,all,2053,-52149.5,-2.048,0.9083,0.3322,2512.5
anchorsession_n50_pts8-r2,4,18,eve,587,-12748.0,-0.9268,0.9225,0.3271,400.0
anchorsession_n50_pts8-r2,4,18,asia,402,-14758.0,-1.3109,0.8712,0.3159,400.0
anchorsession_n50_pts8-r2,4,18,london,451,-17104.0,-1.3922,0.8688,0.3215,2512.5
anchorsession_n50_pts8-r2,4,18,pre,160,-2665.0,-0.3717,0.9396,0.3375,400.0
anchorsession_n50_pts8-r2,4,18,nyam,170,1120.0,0.1498,1.0248,0.3588,462.5
anchorsession_n50_pts8-r2,4,18,mid,138,-3339.5,-0.5201,0.9098,0.3406,400.0
anchorsession_n50_pts8-r2,4,18,pm,145,-2655.0,-0.4518,0.9197,0.3862,400.0
anchorsession_n50_pts8-r3,4,19,all,2002,-85645.5,-2.8775,0.8623,0.2512,2512.5
anchorsession_n50_pts8-r3,4,19,eve,574,-22933.5,-1.4092,0.8741,0.2369,400.0
anchorsession_n50_pts8-r3,4,19,asia,396,-22146.5,-1.6682,0.8257,0.2298,400.0
anchorsession_n50_pts8-r3,4,19,london,436,-17594.0,-1.2224,0.8734,0.2523,2512.5
anchorsession_n50_pts8-r3,4,19,pre,159,-5611.0,-0.6615,0.8868,0.2516,400.0
anchorsession_n50_pts8-r3,4,19,nyam,164,-6018.5,-0.7028,0.8804,0.25,462.5
anchorsession_n50_pts8-r3,4,19,mid,130,-6820.0,-0.929,0.8277,0.2692,1437.5
anchorsession_n50_pts8-r3,4,19,pm,143,-4522.0,-0.7069,0.869,0.3497,400.0
anchorsession_n50_pts12-r0,4,20,all,1888,-42902.0,-0.7904,0.9495,0.25,2512.5
anchorsession_n50_pts12-r0,4,20,eve,531,-1949.0,-0.0601,0.9923,0.2166,812.5
anchorsession_n50_pts12-r0,4,20,asia,390,9540.0,0.3459,1.0527,0.2385,687.5
anchorsession_n50_pts12-r0,4,20,london,400,-53462.5,-2.5731,0.7207,0.2225,2512.5
anchorsession_n50_pts12-r0,4,20,pre,158,8955.5,0.5544,1.1275,0.2658,600.0
anchorsession_n50_pts12-r0,4,20,nyam,154,6284.0,0.3923,1.0948,0.2727,600.0
anchorsession_n50_pts12-r0,4,20,mid,119,-1601.0,-0.1411,0.966,0.3361,1437.5
anchorsession_n50_pts12-r0,4,20,pm,136,-10669.0,-1.4335,0.7405,0.375,600.0
anchorsession_n50_pts12-r1,4,21,all,2036,-26706.5,-0.9933,0.9565,0.4985,600.0
anchorsession_n50_pts12-r1,4,21,eve,575,13050.0,0.9024,1.0784,0.527,600.0
anchorsession_n50_pts12-r1,4,21,asia,401,-7179.0,-0.5921,0.9424,0.4938,600.0
anchorsession_n50_pts12-r1,4,21,london,431,-27949.0,-2.2436,0.805,0.4548,600.0
anchorsession_n50_pts12-r1,4,21,pre,159,-8311.0,-1.0923,0.8403,0.4654,600.0
anchorsession_n50_pts12-r1,4,21,nyam,178,12800.5,1.6141,1.2768,0.5787,600.0
anchorsession_n50_pts12-r1,4,21,mid,141,-11889.0,-1.7207,0.7442,0.4397,600.0
anchorsession_n50_pts12-r1,4,21,pm,151,2771.0,0.4337,1.0799,0.5232,600.0
anchorsession_n50_pts12-r2,4,22,all,1924,-52496.0,-1.4658,0.9306,0.3451,2512.5
anchorsession_n50_pts12-r2,4,22,eve,541,6561.0,0.3314,1.0308,0.353,600.0
anchorsession_n50_pts12-r2,4,22,asia,390,-13272.5,-0.808,0.9167,0.3308,600.0
anchorsession_n50_pts12-r2,4,22,london,407,-25478.0,-1.5246,0.8504,0.3219,2512.5
anchorsession_n50_pts12-r2,4,22,pre,158,-932.0,-0.0895,0.9849,0.3544,600.0
anchorsession_n50_pts12-r2,4,22,nyam,162,-3810.5,-0.3707,0.9385,0.3519,600.0
anchorsession_n50_pts12-r2,4,22,mid,128,-12537.0,-1.4665,0.753,0.3359,1437.5
anchorsession_n50_pts12-r2,4,22,pm,138,-3027.0,-0.4045,0.9217,0.413,600.0
anchorsession_n50_pts12-r3,4,23,all,1898,-34104.5,-0.808,0.9577,0.2919,2512.5
anchorsession_n50_pts12-r3,4,23,eve,533,-7482.0,-0.3225,0.9683,0.272,637.5
anchorsession_n50_pts12-r3,4,23,asia,390,3877.5,0.1938,1.0228,0.2872,687.5
anchorsession_n50_pts12-r3,4,23,london,403,-20799.5,-1.0558,0.8852,0.268,2512.5
anchorsession_n50_pts12-r3,4,23,pre,158,2118.0,0.1704,1.0318,0.3038,600.0
anchorsession_n50_pts12-r3,4,23,nyam,156,-1474.0,-0.1225,0.9771,0.3013,600.0
anchorsession_n50_pts12-r3,4,23,mid,121,-5796.5,-0.5931,0.88,0.3306,1437.5
anchorsession_n50_pts12-r3,4,23,pm,137,-4548.0,-0.5669,0.886,0.3942,600.0
anchorsession_n50_pct0p1-r0,4,24,all,2159,-72511.0,-2.1382,0.8379,0.0996,1750.0
anchorsession_n50_pct0p1-r0,4,24,eve,644,-32201.0,-1.6576,0.764,0.0745,637.5
anchorsession_n50_pct0p1-r0,4,24,asia,419,-14001.0,-0.8655,0.8416,0.0788,687.5
anchorsession_n50_pct0p1-r0,4,24,london,489,-33593.5,-2.4284,0.6784,0.0818,1750.0
anchorsession_n50_pct0p1-r0,4,24,pre,162,14402.0,1.1696,1.4493,0.1296,237.5
anchorsession_n50_pct0p1-r0,4,24,nyam,169,-5826.0,-0.6641,0.8362,0.0947,462.5
anchorsession_n50_pct0p1-r0,4,24,mid,129,-1553.5,-0.2206,0.9399,0.1705,1437.5
anchorsession_n50_pct0p1-r0,4,24,pm,147,262.0,0.0409,1.0107,0.2381,237.5
anchorsession_n50_pct0p1-r1,4,25,all,2511,-60194.0,-5.5019,0.8025,0.4671,237.5
anchorsession_n50_pct0p1-r1,4,25,eve,786,-19519.0,-3.192,0.796,0.4644,237.5
anchorsession_n50_pct0p1-r1,4,25,asia,471,-20034.0,-4.2799,0.6745,0.4268,237.5
anchorsession_n50_pct0p1-r1,4,25,london,558,-21794.5,-4.236,0.6989,0.4319,237.5
anchorsession_n50_pct0p1-r1,4,25,pre,183,-2519.5,-0.8522,0.881,0.4918,237.5
anchorsession_n50_pct0p1-r1,4,25,nyam,188,2698.0,0.8968,1.1406,0.5585,237.5
anchorsession_n50_pct0p1-r1,4,25,mid,153,-2012.0,-0.736,0.8872,0.4902,237.5
anchorsession_n50_pct0p1-r1,4,25,pm,172,2987.0,1.0532,1.1766,0.5581,237.5
anchorsession_n50_pct0p1-r2,4,26,all,2355,-56445.0,-3.863,0.8462,0.3168,462.5
anchorsession_n50_pct0p1-r2,4,26,eve,721,-18709.0,-2.3183,0.8344,0.3121,237.5
anchorsession_n50_pct0p1-r2,4,26,asia,437,-17260.5,-2.8054,0.7553,0.2929,237.5
anchorsession_n50_pct0p1-r2,4,26,london,529,-15766.0,-2.2836,0.8121,0.3062,237.5
anchorsession_n50_pct0p1-r2,4,26,pre,172,-3488.0,-0.8745,0.8691,0.3198,237.5
anchorsession_n50_pct0p1-r2,4,26,nyam,182,-1890.5,-0.451,0.9322,0.3407,462.5
anchorsession_n50_pct0p1-r2,4,26,mid,151,-3566.5,-0.9541,0.8494,0.3179,237.5
anchorsession_n50_pct0p1-r2,4,26,pm,163,4235.5,1.0796,1.1971,0.4049,237.5
anchorsession_n50_pct0p1-r3,4,27,all,2268,-65122.0,-3.7603,0.8356,0.2372,1750.0
anchorsession_n50_pct0p1-r3,4,27,eve,683,-22532.0,-2.3939,0.8127,0.2284,237.5
anchorsession_n50_pct0p1-r3,4,27,asia,427,-14970.5,-2.0157,0.8016,0.2248,237.5
anchorsession_n50_pct0p1-r3,4,27,london,514,-21781.0,-2.6251,0.7665,0.2198,1750.0
anchorsession_n50_pct0p1-r3,4,27,pre,163,-1952.0,-0.4073,0.9295,0.2515,237.5
anchorsession_n50_pct0p1-r3,4,27,nyam,179,-5191.0,-1.0596,0.8355,0.2402,462.5
anchorsession_n50_pct0p1-r3,4,27,mid,147,-4525.5,-1.0379,0.8239,0.2381,237.5
anchorsession_n50_pct0p1-r3,4,27,pm,155,5830.0,1.2634,1.2636,0.3484,237.5
anchorsession_n50_pct0p2-r0,4,28,all,1957,-50915.5,-1.1044,0.9262,0.1911,2512.5
anchorsession_n50_pct0p2-r0,4,28,eve,558,-7507.0,-0.2764,0.9633,0.1649,812.5
anchorsession_n50_pct0p2-r0,4,28,asia,395,-9280.0,-0.4235,0.9359,0.1646,687.5
anchorsession_n50_pct0p2-r0,4,28,london,426,-42904.0,-2.3257,0.7282,0.169,2512.5
anchorsession_n50_pct0p2-r0,4,28,pre,159,7514.0,0.5356,1.1375,0.2075,487.5
anchorsession_n50_pct0p2-r0,4,28,nyam,156,11388.5,0.7657,1.2155,0.2179,487.5
anchorsession_n50_pct0p2-r0,4,28,mid,121,1191.0,0.1128,1.0304,0.2645,1437.5
anchorsession_n50_pct0p2-r0,4,28,pm,142,-11318.0,-1.8222,0.688,0.3239,487.5
anchorsession_n50_pct0p2-r1,4,29,all,2195,-26855.0,-1.3414,0.944,0.497,487.5
anchorsession_n50_pct0p2-r1,4,29,eve,640,-5122.5,-0.4718,0.9632,0.5031,487.5
anchorsession_n50_pct0p2-r1,4,29,asia,423,-6967.0,-0.79,0.9257,0.4941,487.5
anchorsession_n50_pct0p2-r1,4,29,london,481,-17661.5,-1.8797,0.8419,0.4699,475.0
anchorsession_n50_pct0p2-r1,4,29,pre,170,-3980.0,-0.7112,0.896,0.4824,487.5
anchorsession_n50_pct0p2-r1,4,29,nyam,179,10209.0,1.7771,1.3051,0.5754,487.5
anchorsession_n50_pct0p2-r1,4,29,mid,145,-7217.5,-1.4001,0.7911,0.4552,475.0
anchorsession_n50_pct0p2-r1,4,29,pm,157,3884.5,0.7699,1.1364,0.5287,487.5
anchorsession_n50_pct0p2-r2,4,30,all,2036,-52469.0,-1.9664,0.9112,0.3345,2512.5
anchorsession_n50_pct0p2-r2,4,30,eve,577,-783.0,-0.0537,0.9953,0.3449,487.5
anchorsession_n50_pct0p2-r2,4,30,asia,401,-21141.5,-1.7968,0.8271,0.3042,487.5
anchorsession_n50_pct0p2-r2,4,30,london,447,-23638.0,-1.8519,0.8287,0.3132,2512.5
anchorsession_n50_pct0p2-r2,4,30,pre,160,-2952.5,-0.39,0.9363,0.3312,487.5
anchorsession_n50_pct0p2-r2,4,30,nyam,169,3874.0,0.4938,1.0845,0.3787,487.5
anchorsession_n50_pct0p2-r2,4,30,mid,138,-7314.5,-1.1151,0.8164,0.3261,475.0
anchorsession_n50_pct0p2-r2,4,30,pm,144,-513.5,-0.0852,0.9841,0.4028,487.5
anchorsession_n50_pct0p2-r3,4,31,all,1989,-66593.5,-2.1185,0.8961,0.2604,2512.5
anchorsession_n50_pct0p2-r3,4,31,eve,565,-7947.5,-0.4569,0.9569,0.2566,487.5
anchorsession_n50_pct0p2-r3,4,31,asia,395,-22005.0,-1.5723,0.8343,0.2329,487.5
anchorsession_n50_pct0p2-r3,4,31,london,435,-20727.5,-1.3834,0.8578,0.2506,2512.5
anchorsession_n50_pct0p2-r3,4,31,pre,159,-4248.5,-0.4747,0.9169,0.2579,487.5
anchorsession_n50_pct0p2-r3,4,31,nyam,163,935.5,0.1005,1.0185,0.2822,487.5
anchorsession_n50_pct0p2-r3,4,31,mid,129,-5853.5,-0.7582,0.8567,0.2791,1437.5
anchorsession_n50_pct0p2-r3,4,31,pm,143,-6747.0,-1.0561,0.8093,0.3427,487.5
anchorrth_n50_atr1p5-r0,5,0,all,2442,-62355.5,-1.6119,0.8822,0.1196,1575.0
anchorrth_n50_atr1p5-r0,5,0,eve,704,-42278.5,-2.2151,0.6808,0.0497,687.5
anchorrth_n50_atr1p5-r0,5,0,asia,474,-10246.0,-0.7008,0.8365,0.0422,700.0
anchorrth_n50_atr1p5-r0,5,0,london,504,-45903.5,-3.2591,0.596,0.0714,800.0
anchorrth_n50_atr1p5-r0,5,0,pre,163,12785.5,0.9464,1.3075,0.1411,1025.0
anchorrth_n50_atr1p5-r0,5,0,nyam,161,6118.5,0.4049,1.1097,0.1739,1012.5
anchorrth_n50_atr1p5-r0,5,0,mid,277,19742.0,1.2771,1.2383,0.3249,1062.5
anchorrth_n50_atr1p5-r0,5,0,pm,159,-2573.5,-0.3152,0.936,0.3774,1575.0
anchorrth_n50_atr1p5-r1,5,1,all,2807,-52640.5,-3.3356,0.8586,0.4492,1575.0
anchorrth_n50_atr1p5-r1,5,1,eve,862,-24098.0,-3.9433,0.7378,0.4281,687.5
anchorrth_n50_atr1p5-r1,5,1,asia,558,-17519.5,-5.0539,0.6168,0.4086,700.0
anchorrth_n50_atr1p5-r1,5,1,london,575,-26762.5,-4.3349,0.6683,0.4191,800.0
anchorrth_n50_atr1p5-r1,5,1,pre,183,-4444.5,-1.01,0.8451,0.4699,1025.0
anchorrth_n50_atr1p5-r1,5,1,nyam,186,8718.5,1.3905,1.2462,0.5538,1012.5
anchorrth_n50_atr1p5-r1,5,1,mid,283,6793.0,0.8309,1.1134,0.523,1050.0
anchorrth_n50_atr1p5-r1,5,1,pm,160,4672.5,0.7948,1.1553,0.5375,1575.0
anchorrth_n50_atr1p5-r2,5,2,all,2643,-57122.0,-2.6753,0.8748,0.3034,1575.0
anchorrth_n50_atr1p5-r2,5,2,eve,805,-27532.5,-3.3395,0.7538,0.282,912.5
anchorrth_n50_atr1p5-r2,5,2,asia,510,-18490.0,-4.1028,0.6522,0.2627,700.0
anchorrth_n50_atr1p5-r2,5,2,london,545,-23267.5,-2.8273,0.7526,0.2899,800.0
anchorrth_n50_atr1p5-r2,5,2,pre,169,-1301.0,-0.2162,0.9611,0.3373,1025.0
anchorrth_n50_atr1p5-r2,5,2,nyam,175,2350.0,0.2672,1.048,0.3314,1012.5
anchorrth_n50_atr1p5-r2,5,2,mid,280,16267.5,1.3859,1.215,0.3786,1050.0
anchorrth_n50_atr1p5-r2,5,2,pm,159,-5148.5,-0.7466,0.8681,0.3899,1575.0
anchorrth_n50_atr1p5-r3,5,3,all,2540,-66960.0,-2.7426,0.8621,0.2386,1575.0
anchorrth_n50_atr1p5-r3,5,3,eve,753,-38362.0,-4.1722,0.6785,0.2032,912.5
anchorrth_n50_atr1p5-r3,5,3,asia,490,-15460.0,-2.8669,0.7169,0.2,700.0
anchorrth_n50_atr1p5-r3,5,3,london,529,-27741.0,-2.9291,0.7267,0.2117,800.0
anchorrth_n50_atr1p5-r3,5,3,pre,164,3119.0,0.4251,1.0875,0.2805,1025.0
anchorrth_n50_atr1p5-r3,5,3,nyam,167,507.0,0.0496,1.0096,0.2575,1012.5
anchorrth_n50_atr1p5-r3,5,3,mid,278,12663.0,0.9585,1.154,0.3345,1062.5
anchorrth_n50_atr1p5-r3,5,3,pm,159,-1686.0,-0.2193,0.9574,0.3836,1575.0
anchorrth_n50_atr3-r0,5,4,all,2157,-23340.5,-0.4537,0.9694,0.2105,2512.5
anchorrth_n50_atr3-r0,5,4,eve,582,-27115.5,-1.0167,0.8636,0.122,1387.5
anchorrth_n50_atr3-r0,5,4,asia,422,-7063.0,-0.3716,0.9279,0.09,1150.0
anchorrth_n50_atr3-r0,5,4,london,426,-36441.5,-1.7031,0.7844,0.1573,2512.5
anchorrth_n50_atr3-r0,5,4,pre,158,16843.0,0.9246,1.2514,0.2342,1687.5
anchorrth_n50_atr3-r0,5,4,nyam,153,13663.0,0.7643,1.1791,0.3529,2037.5
anchorrth_n50_atr3-r0,5,4,mid,266,16886.0,0.9065,1.1553,0.4511,2050.0
anchorrth_n50_atr3-r0,5,4,pm,150,-112.5,-0.0104,0.9975,0.4467,2000.0
anchorrth_n50_atr3-r1,5,5,all,2411,-7031.5,-0.2521,0.9877,0.4832,2037.5
anchorrth_n50_atr3-r1,5,5,eve,693,-13909.5,-1.2192,0.8991,0.4776,1837.5
anchorrth_n50_atr3-r1,5,5,asia,481,-9724.0,-1.4859,0.8569,0.4428,1150.0
anchorrth_n50_atr3-r1,5,5,london,480,-6207.5,-0.5458,0.9454,0.4854,1600.0
anchorrth_n50_atr3-r1,5,5,pre,165,-1097.5,-0.1304,0.9772,0.4848,1687.5
anchorrth_n50_atr3-r1,5,5,nyam,171,16616.0,1.4196,1.2673,0.5673,2037.5
anchorrth_n50_atr3-r1,5,5,mid,269,11074.0,0.7802,1.114,0.5167,1762.5
anchorrth_n50_atr3-r1,5,5,pm,152,-3783.0,-0.4645,0.9119,0.4737,2000.0
anchorrth_n50_atr3-r2,5,6,all,2221,-12346.5,-0.3453,0.9815,0.3458,2512.5
anchorrth_n50_atr3-r2,5,6,eve,610,-20652.5,-1.3762,0.8748,0.318,1837.5
anchorrth_n50_atr3-r2,5,6,asia,433,-9819.5,-1.1134,0.8747,0.2818,1150.0
anchorrth_n50_atr3-r2,5,6,london,447,-7038.0,-0.4553,0.95,0.3311,2512.5
anchorrth_n50_atr3-r2,5,6,pre,158,2180.5,0.1898,1.0373,0.3291,1687.5
anchorrth_n50_atr3-r2,5,6,nyam,156,8301.0,0.5546,1.1116,0.391,2037.5
anchorrth_n50_atr3-r2,5,6,mid,266,15023.5,0.873,1.1396,0.4586,2050.0
anchorrth_n50_atr3-r2,5,6,pm,151,-341.5,-0.0366,0.9923,0.457,2000.0
anchorrth_n50_atr3-r3,5,7,all,2175,2925.0,0.0708,1.0041,0.2883,2512.5
anchorrth_n50_atr3-r3,5,7,eve,593,-13409.5,-0.7427,0.9235,0.2462,1837.5
anchorrth_n50_atr3-r3,5,7,asia,422,-4063.0,-0.3648,0.9512,0.218,1150.0
anchorrth_n50_atr3-r3,5,7,london,432,-17303.0,-0.9532,0.8888,0.2361,2512.5
anchorrth_n50_atr3-r3,5,7,pre,158,3755.5,0.2668,1.0585,0.2658,1687.5
anchorrth_n50_atr3-r3,5,7,nyam,153,13000.5,0.7631,1.1717,0.3595,2037.5
anchorrth_n50_atr3-r3,5,7,mid,266,16936.0,0.9325,1.1565,0.4549,2050.0
anchorrth_n50_atr3-r3,5,7,pm,151,4008.5,0.3801,1.091,0.457,2000.0
anchorrth_n50_pts2p5-r0,5,8,all,2496,-95684.0,-3.5759,0.7129,0.0565,325.0
anchorrth_n50_pts2p5-r0,5,8,eve,720,-25667.5,-1.563,0.7367,0.0431,125.0
anchorrth_n50_pts2p5-r0,5,8,asia,450,-12950.0,-0.9489,0.7872,0.0444,137.5
anchorrth_n50_pts2p5-r0,5,8,london,531,-23311.5,-2.1157,0.6732,0.0508,137.5
anchorrth_n50_pts2p5-r0,5,8,pre,165,-11772.5,-2.1926,0.4767,0.0364,125.0
anchorrth_n50_pts2p5-r0,5,8,nyam,179,-8053.5,-1.2907,0.6699,0.0447,325.0
anchorrth_n50_pts2p5-r0,5,8,mid,291,-6701.5,-0.8796,0.8193,0.0962,125.0
anchorrth_n50_pts2p5-r0,5,8,pm,160,-7227.5,-1.9359,0.6325,0.1313,125.0
anchorrth_n50_pts2p5-r1,5,9,all,2827,-89495.5,-12.9958,0.6153,0.4185,137.5
anchorrth_n50_pts2p5-r1,5,9,eve,868,-23859.5,-6.2206,0.6566,0.4343,125.0
anchorrth_n50_pts2p5-r1,5,9,asia,527,-18395.5,-6.2101,0.5847,0.4061,125.0
anchorrth_n50_pts2p5-r1,5,9,london,588,-21002.0,-6.7199,0.5772,0.4031,137.5
anchorrth_n50_pts2p5-r1,5,9,pre,188,-4814.5,-2.6866,0.676,0.4415,125.0
anchorrth_n50_pts2p5-r1,5,9,nyam,196,-3846.5,-2.0933,0.7411,0.4643,125.0
anchorrth_n50_pts2p5-r1,5,9,mid,299,-12383.5,-5.6077,0.5269,0.3813,125.0
anchorrth_n50_pts2p5-r1,5,9,pm,161,-5194.0,-3.1538,0.6095,0.4161,125.0
anchorrth_n50_pts2p5-r2,5,10,all,2709,-90748.5,-10.0374,0.6716,0.2791,137.5
anchorrth_n50_pts2p5-r2,5,10,eve,821,-20846.5,-4.0961,0.7438,0.2996,125.0
anchorrth_n50_pts2p5-r2,5,10,asia,483,-21469.5,-5.8115,0.581,0.2505,137.5
anchorrth_n50_pts2p5-r2,5,10,london,574,-20783.5,-5.0273,0.6487,0.2718,137.5
anchorrth_n50_pts2p5-r2,5,10,pre,183,-6519.5,-2.7833,0.6536,0.2732,125.0
anchorrth_n50_pts2p5-r2,5,10,nyam,191,-3776.5,-1.5152,0.7963,0.3141,125.0
anchorrth_n50_pts2p5-r2,5,10,mid,296,-12046.5,-4.1118,0.6113,0.2601,125.0
anchorrth_n50_pts2p5-r2,5,10,pm,161,-5306.5,-2.4144,0.6739,0.2857,125.0
anchorrth_n50_pts2p5-r3,5,11,all,2640,-79535.0,-7.331,0.7277,0.2182,137.5
anchorrth_n50_pts2p5-r3,5,11,eve,789,-16318.5,-2.6689,0.8087,0.2357,125.0
anchorrth_n50_pts2p5-r3,5,11,asia,469,-16663.5,-3.7026,0.6835,0.2068,137.5
anchorrth_n50_pts2p5-r3,5,11,london,564,-17806.0,-3.5605,0.716,0.2145,137.5
anchorrth_n50_pts2p5-r3,5,11,pre,174,-6683.5,-2.4592,0.6602,0.2011,125.0
anchorrth_n50_pts2p5-r3,5,11,nyam,191,-4476.5,-1.4971,0.7848,0.2304,125.0
anchorrth_n50_pts2p5-r3,5,11,mid,293,-10459.5,-2.9484,0.6814,0.2082,125.0
anchorrth_n50_pts2p5-r3,5,11,pm,160,-7127.5,-2.8497,0.6065,0.2,125.0
anchorrth_n50_pts5-r0,5,12,all,2271,-62584.0,-1.6446,0.882,0.1264,1750.0
anchorrth_n50_pts5-r0,5,12,eve,622,-27725.5,-1.3017,0.8167,0.09,637.5
anchorrth_n50_pts5-r0,5,12,asia,408,-4557.0,-0.2521,0.9535,0.1029,687.5
anchorrth_n50_pts5-r0,5,12,london,471,-37134.0,-2.4608,0.6796,0.0913,1750.0
anchorrth_n50_pts5-r0,5,12,pre,160,10747.5,0.8609,1.2922,0.1375,250.0
anchorrth_n50_pts5-r0,5,12,nyam,167,3169.5,0.2716,1.0809,0.1257,462.5
anchorrth_n50_pts5-r0,5,12,mid,283,-1532.0,-0.1463,0.9741,0.2085,250.0
anchorrth_n50_pts5-r0,5,12,pm,160,-5552.5,-0.8943,0.8162,0.275,250.0
anchorrth_n50_pts5-r1,5,13,all,2564,-58993.5,-4.5569,0.8352,0.4754,462.5
anchorrth_n50_pts5-r1,5,13,eve,749,-11008.5,-1.5689,0.8916,0.4913,250.0
anchorrth_n50_pts5-r1,5,13,asia,454,-21053.5,-3.8906,0.695,0.4295,250.0
anchorrth_n50_pts5-r1,5,13,london,541,-18101.5,-3.0468,0.7698,0.4547,250.0
anchorrth_n50_pts5-r1,5,13,pre,182,-3915.5,-1.1306,0.8453,0.478,250.0
anchorrth_n50_pts5-r1,5,13,nyam,186,2493.5,0.7101,1.1103,0.5484,462.5
anchorrth_n50_pts5-r1,5,13,mid,291,-6764.0,-1.5478,0.8339,0.4742,250.0
anchorrth_n50_pts5-r1,5,13,pm,161,-644.0,-0.2028,0.968,0.5155,250.0
anchorrth_n50_pts5-r2,5,14,all,2401,-74454.0,-4.3088,0.8309,0.3132,1750.0
anchorrth_n50_pts5-r2,5,14,eve,676,-24304.0,-2.6695,0.8064,0.3033,250.0
anchorrth_n50_pts5-r2,5,14,asia,422,-15625.5,-2.1723,0.8012,0.3009,250.0
anchorrth_n50_pts5-r2,5,14,london,508,-23732.0,-2.9671,0.7558,0.2933,1750.0
anchorrth_n50_pts5-r2,5,14,pre,167,-5618.0,-1.2342,0.8183,0.3054,250.0
anchorrth_n50_pts5-r2,5,14,nyam,181,1113.5,0.2249,1.0358,0.3591,462.5
anchorrth_n50_pts5-r2,5,14,mid,287,-1910.5,-0.3134,0.9618,0.3449,250.0
anchorrth_n50_pts5-r2,5,14,pm,160,-4377.5,-1.0392,0.838,0.35,250.0
anchorrth_n50_pts5-r3,5,15,all,2340,-75960.0,-3.7072,0.8397,0.241,1750.0
anchorrth_n50_pts5-r3,5,15,eve,648,-19754.5,-1.8145,0.8506,0.2346,250.0
anchorrth_n50_pts5-r3,5,15,asia,413,-13877.0,-1.6006,0.8363,0.23,250.0
anchorrth_n50_pts5-r3,5,15,london,495,-27942.5,-2.9905,0.7353,0.2121,1750.0
anchorrth_n50_pts5-r3,5,15,pre,161,-44.0,-0.0078,0.9986,0.2671,250.0
anchorrth_n50_pts5-r3,5,15,nyam,177,-1958.0,-0.3347,0.9443,0.2599,462.5
anchorrth_n50_pts5-r3,5,15,mid,286,-7331.5,-1.0314,0.8698,0.2552,250.0
anchorrth_n50_pts5-r3,5,15,pm,160,-5052.5,-1.0619,0.8234,0.3125,250.0
anchorrth_n50_pts8-r0,5,16,all,2140,-42735.0,-0.9285,0.9399,0.1967,2512.5
anchorrth_n50_pts8-r0,5,16,eve,567,-20780.5,-0.7896,0.8971,0.1464,812.5
anchorrth_n50_pts8-r0,5,16,asia,396,-3459.0,-0.1588,0.975,0.1616,687.5
anchorrth_n50_pts8-r0,5,16,london,428,-41399.5,-2.2724,0.729,0.1612,2512.5
anchorrth_n50_pts8-r0,5,16,pre,159,6476.5,0.4672,1.1215,0.195,400.0
anchorrth_n50_pts8-r0,5,16,nyam,157,2384.5,0.1791,1.0455,0.1847,462.5
anchorrth_n50_pts8-r0,5,16,mid,276,16558.5,1.1859,1.2186,0.3152,400.0
anchorrth_n50_pts8-r0,5,16,pm,157,-2515.5,-0.3393,0.9313,0.3694,400.0
anchorrth_n50_pts8-r1,5,17,all,2352,-36595.5,-1.8721,0.9254,0.4949,462.5
anchorrth_n50_pts8-r1,5,17,eve,650,-10275.0,-0.9921,0.925,0.4938,400.0
anchorrth_n50_pts8-r1,5,17,asia,423,-13242.0,-1.587,0.8568,0.4752,400.0
anchorrth_n50_pts8-r1,5,17,london,486,-16919.0,-1.894,0.8419,0.4712,400.0
anchorrth_n50_pts8-r1,5,17,pre,171,-6409.0,-1.2081,0.8309,0.4678,400.0
anchorrth_n50_pts8-r1,5,17,nyam,182,7009.5,1.2835,1.21,0.5604,462.5
anchorrth_n50_pts8-r1,5,17,mid,282,2134.5,0.3184,1.0391,0.5248,400.0
anchorrth_n50_pts8-r1,5,17,pm,158,1105.5,0.2337,1.0397,0.5253,400.0
anchorrth_n50_pts8-r2,5,18,all,2207,-40715.5,-1.5438,0.9323,0.3407,2512.5
anchorrth_n50_pts8-r2,5,18,eve,587,-12748.0,-0.9268,0.9225,0.3271,400.0
anchorrth_n50_pts8-r2,5,18,asia,402,-14758.0,-1.3109,0.8712,0.3159,400.0
anchorrth_n50_pts8-r2,5,18,london,451,-17104.0,-1.3922,0.8688,0.3215,2512.5
anchorrth_n50_pts8-r2,5,18,pre,160,-2665.0,-0.3717,0.9396,0.3375,400.0
anchorrth_n50_pts8-r2,5,18,nyam,170,1120.0,0.1498,1.0248,0.3588,462.5
anchorrth_n50_pts8-r2,5,18,mid,280,2717.5,0.2952,1.0388,0.375,400.0
anchorrth_n50_pts8-r2,5,18,pm,157,2722.0,0.4432,1.0829,0.4331,400.0
anchorrth_n50_pts8-r3,5,19,all,2165,-62272.5,-2.0083,0.9052,0.2661,2512.5
anchorrth_n50_pts8-r3,5,19,eve,574,-22933.5,-1.4092,0.8741,0.2369,400.0
anchorrth_n50_pts8-r3,5,19,asia,396,-22146.5,-1.6682,0.8257,0.2298,400.0
anchorrth_n50_pts8-r3,5,19,london,436,-17594.0,-1.2224,0.8734,0.2523,2512.5
anchorrth_n50_pts8-r3,5,19,pre,159,-5611.0,-0.6615,0.8868,0.2516,400.0
anchorrth_n50_pts8-r3,5,19,nyam,164,-6018.5,-0.7028,0.8804,0.25,462.5
anchorrth_n50_pts8-r3,5,19,mid,279,11721.5,1.0599,1.1599,0.3441,400.0
anchorrth_n50_pts8-r3,5,19,pm,157,309.5,0.0455,1.0088,0.3949,400.0
anchorrth_n50_pts12-r0,5,20,all,2062,-21235.5,-0.3813,0.9765,0.2667,2512.5
anchorrth_n50_pts12-r0,5,20,eve,531,-1949.0,-0.0601,0.9923,0.2166,812.5
anchorrth_n50_pts12-r0,5,20,asia,390,9540.0,0.3459,1.0527,0.2385,687.5
anchorrth_n50_pts12-r0,5,20,london,400,-53462.5,-2.5731,0.7207,0.2225,2512.5
anchorrth_n50_pts12-r0,5,20,pre,158,8955.5,0.5544,1.1275,0.2658,600.0
anchorrth_n50_pts12-r0,5,20,nyam,154,6284.0,0.3923,1.0948,0.2727,600.0
anchorrth_n50_pts12-r0,5,20,mid,274,18366.5,1.1197,1.1949,0.3905,600.0
anchorrth_n50_pts12-r0,5,20,pm,155,-8970.0,-1.0755,0.8047,0.4,600.0
anchorrth_n50_pts12-r1,5,21,all,2177,-22770.5,-0.8217,0.965,0.5002,600.0
anchorrth_n50_pts12-r1,5,21,eve,575,13050.0,0.9024,1.0784,0.527,600.0
anchorrth_n50_pts12-r1,5,21,asia,401,-7179.0,-0.5921,0.9424,0.4938,600.0
anchorrth_n50_pts12-r1,5,21,london,431,-27949.0,-2.2436,0.805,0.4548,600.0
anchorrth_n50_pts12-r1,5,21,pre,159,-8311.0,-1.0923,0.8403,0.4654,600.0
anchorrth_n50_pts12-r1,5,21,nyam,178,12800.5,1.6141,1.2768,0.5787,600.0
anchorrth_n50_pts12-r1,5,21,mid,277,-3533.0,-0.3669,0.9556,0.4982,600.0
anchorrth_n50_pts12-r1,5,21,pm,156,-1649.0,-0.255,0.9566,0.4936,600.0
anchorrth_n50_pts12-r2,5,22,all,2089,-37131.0,-1.0024,0.9537,0.3562,2512.5
anchorrth_n50_pts12-r2,5,22,eve,541,6561.0,0.3314,1.0308,0.353,600.0
anchorrth_n50_pts12-r2,5,22,asia,390,-13272.5,-0.808,0.9167,0.3308,600.0
anchorrth_n50_pts12-r2,5,22,london,407,-25478.0,-1.5246,0.8504,0.3219,2512.5
anchorrth_n50_pts12-r2,5,22,pre,158,-932.0,-0.0895,0.9849,0.3544,600.0
anchorrth_n50_pts12-r2,5,22,nyam,162,-3810.5,-0.3707,0.9385,0.3519,600.0
anchorrth_n50_pts12-r2,5,22,mid,276,5883.5,0.4655,1.0643,0.413,600.0
anchorrth_n50_pts12-r2,5,22,pm,155,-6082.5,-0.7925,0.8619,0.4258,600.0
anchorrth_n50_pts12-r3,5,23,all,2069,-14488.5,-0.3325,0.9831,0.3064,2512.5
anchorrth_n50_pts12-r3,5,23,eve,533,-7482.0,-0.3225,0.9683,0.272,637.5
anchorrth_n50_pts12-r3,5,23,asia,390,3877.5,0.1938,1.0228,0.2872,687.5
anchorrth_n50_pts12-r3,5,23,london,403,-20799.5,-1.0558,0.8852,0.268,2512.5
anchorrth_n50_pts12-r3,5,23,pre,158,2118.0,0.1704,1.0318,0.3038,600.0
anchorrth_n50_pts12-r3,5,23,nyam,156,-1474.0,-0.1225,0.9771,0.3013,600.0
anchorrth_n50_pts12-r3,5,23,mid,274,13566.5,0.9484,1.1464,0.4015,600.0
anchorrth_n50_pts12-r3,5,23,pm,155,-4295.0,-0.5066,0.9039,0.4129,600.0
anchorrth_n50_pct0p1-r0,5,24,all,2326,-75479.0,-2.1827,0.8417,0.1071,1750.0
anchorrth_n50_pct0p1-r0,5,24,eve,644,-32201.0,-1.6576,0.764,0.0745,637.5
anchorrth_n50_pct0p1-r0,5,24,asia,419,-14001.0,-0.8655,0.8416,0.0788,687.5
anchorrth_n50_pct0p1-r0,5,24,london,489,-33593.5,-2.4284,0.6784,0.0818,1750.0
anchorrth_n50_pct0p1-r0,5,24,pre,162,14402.0,1.1696,1.4493,0.1296,237.5
anchorrth_n50_pct0p1-r0,5,24,nyam,169,-5826.0,-0.6641,0.8362,0.0947,462.5
anchorrth_n50_pct0p1-r0,5,24,mid,283,3305.5,0.3241,1.0632,0.1943,237.5
anchorrth_n50_pct0p1-r0,5,24,pm,160,-7565.0,-1.3375,0.727,0.225,237.5
anchorrth_n50_pct0p1-r1,5,25,all,2640,-73747.5,-6.5817,0.7737,0.4591,237.5
anchorrth_n50_pct0p1-r1,5,25,eve,786,-19519.0,-3.192,0.796,0.4644,237.5
anchorrth_n50_pct0p1-r1,5,25,asia,471,-20034.0,-4.2799,0.6745,0.4268,237.5
anchorrth_n50_pct0p1-r1,5,25,london,558,-21794.5,-4.236,0.6989,0.4319,237.5
anchorrth_n50_pct0p1-r1,5,25,pre,183,-2519.5,-0.8522,0.881,0.4918,237.5
anchorrth_n50_pct0p1-r1,5,25,nyam,188,2698.0,0.8968,1.1406,0.5585,237.5
anchorrth_n50_pct0p1-r1,5,25,mid,293,-9872.0,-2.6207,0.736,0.4471,237.5
anchorrth_n50_pct0p1-r1,5,25,pm,161,-2706.5,-0.9884,0.854,0.4907,237.5
anchorrth_n50_pct0p1-r2,5,26,all,2489,-66143.5,-4.4183,0.8305,0.3138,462.5
anchorrth_n50_pct0p1-r2,5,26,eve,721,-18709.0,-2.3183,0.8344,0.3121,237.5
anchorrth_n50_pct0p1-r2,5,26,asia,437,-17260.5,-2.8054,0.7553,0.2929,237.5
anchorrth_n50_pct0p1-r2,5,26,london,529,-15766.0,-2.2836,0.8121,0.3062,237.5
anchorrth_n50_pct0p1-r2,5,26,pre,172,-3488.0,-0.8745,0.8691,0.3198,237.5
anchorrth_n50_pct0p1-r2,5,26,nyam,182,-1890.5,-0.451,0.9322,0.3407,462.5
anchorrth_n50_pct0p1-r2,5,26,mid,288,-2239.5,-0.4274,0.9485,0.3472,237.5
anchorrth_n50_pct0p1-r2,5,26,pm,160,-6790.0,-1.8979,0.7275,0.3063,237.5
anchorrth_n50_pct0p1-r3,5,27,all,2413,-80302.0,-4.5389,0.8105,0.2341,1750.0
anchorrth_n50_pct0p1-r3,5,27,eve,683,-22532.0,-2.3939,0.8127,0.2284,237.5
anchorrth_n50_pct0p1-r3,5,27,asia,427,-14970.5,-2.0157,0.8016,0.2248,237.5
anchorrth_n50_pct0p1-r3,5,27,london,514,-21781.0,-2.6251,0.7665,0.2198,1750.0
anchorrth_n50_pct0p1-r3,5,27,pre,163,-1952.0,-0.4073,0.9295,0.2515,237.5
anchorrth_n50_pct0p1-r3,5,27,nyam,179,-5191.0,-1.0596,0.8355,0.2402,462.5
anchorrth_n50_pct0p1-r3,5,27,mid,287,-6423.0,-1.0477,0.8692,0.2578,237.5
anchorrth_n50_pct0p1-r3,5,27,pm,160,-7452.5,-1.8381,0.7179,0.2625,237.5
anchorrth_n50_pct0p2-r0,5,28,all,2126,-24091.5,-0.5069,0.967,0.2088,2512.5
anchorrth_n50_pct0p2-r0,5,28,eve,558,-7507.0,-0.2764,0.9633,0.1649,812.5
anchorrth_n50_pct0p2-r0,5,28,asia,395,-9280.0,-0.4235,0.9359,0.1646,687.5
anchorrth_n50_pct0p2-r0,5,28,london,426,-42904.0,-2.3257,0.7282,0.169,2512.5
anchorrth_n50_pct0p2-r0,5,28,pre,159,7514.0,0.5356,1.1375,0.2075,487.5
anchorrth_n50_pct0p2-r0,5,28,nyam,156,11388.5,0.7657,1.2155,0.2179,487.5
anchorrth_n50_pct0p2-r0,5,28,mid,276,22458.5,1.4862,1.2884,0.3333,487.5
anchorrth_n50_pct0p2-r0,5,28,pm,156,-5761.5,-0.7923,0.8488,0.359,487.5
anchorrth_n50_pct0p2-r1,5,29,all,2330,-19095.0,-0.9279,0.962,0.5026,487.5
anchorrth_n50_pct0p2-r1,5,29,eve,640,-5122.5,-0.4718,0.9632,0.5031,487.5
anchorrth_n50_pct0p2-r1,5,29,asia,423,-6967.0,-0.79,0.9257,0.4941,487.5
anchorrth_n50_pct0p2-r1,5,29,london,481,-17661.5,-1.8797,0.8419,0.4699,475.0
anchorrth_n50_pct0p2-r1,5,29,pre,170,-3980.0,-0.7112,0.896,0.4824,487.5
anchorrth_n50_pct0p2-r1,5,29,nyam,179,10209.0,1.7771,1.3051,0.5754,487.5
anchorrth_n50_pct0p2-r1,5,29,mid,280,4567.5,0.6435,1.0812,0.5321,487.5
anchorrth_n50_pct0p2-r1,5,29,pm,157,-140.5,-0.0284,0.9953,0.5096,487.5
anchorrth_n50_pct0p2-r2,5,30,all,2189,-38381.0,-1.3856,0.9386,0.3435,2512.5
anchorrth_n50_pct0p2-r2,5,30,eve,577,-783.0,-0.0537,0.9953,0.3449,487.5
anchorrth_n50_pct0p2-r2,5,30,asia,401,-21141.5,-1.7968,0.8271,0.3042,487.5
anchorrth_n50_pct0p2-r2,5,30,london,447,-23638.0,-1.8519,0.8287,0.3132,2512.5
anchorrth_n50_pct0p2-r2,5,30,pre,160,-2952.5,-0.39,0.9363,0.3312,487.5
anchorrth_n50_pct0p2-r2,5,30,nyam,169,3874.0,0.4938,1.0845,0.3787,487.5
anchorrth_n50_pct0p2-r2,5,30,mid,279,5059.0,0.5203,1.0699,0.3871,487.5
anchorrth_n50_pct0p2-r2,5,30,pm,156,1201.0,0.1906,1.0349,0.4231,487.5
anchorrth_n50_pct0p2-r3,5,31,all,2149,-38896.0,-1.1883,0.9424,0.2764,2512.5
anchorrth_n50_pct0p2-r3,5,31,eve,565,-7947.5,-0.4569,0.9569,0.2566,487.5
anchorrth_n50_pct0p2-r3,5,31,asia,395,-22005.0,-1.5723,0.8343,0.2329,487.5
anchorrth_n50_pct0p2-r3,5,31,london,435,-20727.5,-1.3834,0.8578,0.2506,2512.5
anchorrth_n50_pct0p2-r3,5,31,pre,159,-4248.5,-0.4747,0.9169,0.2579,487.5
anchorrth_n50_pct0p2-r3,5,31,nyam,163,935.5,0.1005,1.0185,0.2822,487.5
anchorrth_n50_pct0p2-r3,5,31,mid,276,16983.5,1.4638,1.229,0.3659,487.5
anchorrth_n50_pct0p2-r3,5,31,pm,156,-1886.5,-0.2745,0.9487,0.3846,487.5
