cell,vi,xi,sess,trades,net,t,pf,win,max_mae_usd
anchorsession_n9_atr1p5-r0,0,0,all,2762,-92323.0,-1.8848,0.8862,0.1789,1837.5
anchorsession_n9_atr1p5-r0,0,0,eve,696,-79371.5,-3.492,0.5968,0.0718,1837.5
anchorsession_n9_atr1p5-r0,0,0,asia,604,-23166.0,-1.1578,0.8281,0.0828,1137.5
anchorsession_n9_atr1p5-r0,0,0,london,601,-9341.5,-0.3779,0.9502,0.1431,1687.5
anchorsession_n9_atr1p5-r0,0,0,pre,165,2277.5,0.1453,1.0378,0.1697,1137.5
anchorsession_n9_atr1p5-r0,0,0,nyam,149,8291.5,0.5272,1.1294,0.2953,1287.5
anchorsession_n9_atr1p5-r0,0,0,mid,273,-6029.5,-0.4012,0.9412,0.3846,1325.0
anchorsession_n9_atr1p5-r0,0,0,pm,274,15016.5,1.2254,1.2309,0.4781,1625.0
anchorsession_n9_atr1p5-r1,0,1,all,3010,-71990.0,-2.9971,0.8779,0.4698,1837.5
anchorsession_n9_atr1p5-r1,0,1,eve,775,-25850.0,-2.7244,0.7981,0.4516,1837.5
anchorsession_n9_atr1p5-r1,0,1,asia,693,-19134.5,-2.6241,0.7931,0.4488,1137.5
anchorsession_n9_atr1p5-r1,0,1,london,647,-17463.0,-1.7502,0.8579,0.4791,1175.0
anchorsession_n9_atr1p5-r1,0,1,pre,169,-4976.0,-0.7964,0.8738,0.4793,1137.5
anchorsession_n9_atr1p5-r1,0,1,nyam,161,8056.0,0.9626,1.1774,0.5342,1287.5
anchorsession_n9_atr1p5-r1,0,1,mid,274,-16083.5,-1.4417,0.8275,0.4708,1325.0
anchorsession_n9_atr1p5-r1,0,1,pm,291,3461.0,0.3451,1.0506,0.5052,1625.0
anchorsession_n9_atr1p5-r2,0,2,all,2835,-55877.5,-1.7938,0.919,0.3369,1837.5
anchorsession_n9_atr1p5-r2,0,2,eve,719,-31351.0,-2.4886,0.7984,0.2865,1837.5
anchorsession_n9_atr1p5-r2,0,2,asia,630,-26607.5,-2.8227,0.7604,0.2984,1137.5
anchorsession_n9_atr1p5-r2,0,2,london,616,-8239.0,-0.6057,0.9447,0.336,1175.0
anchorsession_n9_atr1p5-r2,0,2,pre,165,-3947.5,-0.4601,0.9204,0.3273,1137.5
anchorsession_n9_atr1p5-r2,0,2,nyam,154,6259.0,0.5386,1.1067,0.3766,1287.5
anchorsession_n9_atr1p5-r2,0,2,mid,273,-5917.0,-0.424,0.9413,0.3956,1325.0
anchorsession_n9_atr1p5-r2,0,2,pm,278,13925.5,1.2008,1.2142,0.482,1625.0
anchorsession_n9_atr1p5-r3,0,3,all,2789,-55968.5,-1.558,0.9243,0.2743,1837.5
anchorsession_n9_atr1p5-r3,0,3,eve,707,-28803.0,-1.8884,0.8287,0.2136,1837.5
anchorsession_n9_atr1p5-r3,0,3,asia,611,-22481.5,-1.9391,0.8088,0.2209,1137.5
anchorsession_n9_atr1p5-r3,0,3,london,608,-17794.5,-1.1092,0.8947,0.2549,1687.5
anchorsession_n9_atr1p5-r3,0,3,pre,165,-9435.0,-0.9118,0.8333,0.2242,1137.5
anchorsession_n9_atr1p5-r3,0,3,nyam,149,9241.5,0.6965,1.1509,0.3289,1287.5
anchorsession_n9_atr1p5-r3,0,3,mid,273,-1892.0,-0.1223,0.9815,0.3846,1325.0
anchorsession_n9_atr1p5-r3,0,3,pm,276,15196.0,1.2663,1.2356,0.4819,1625.0
anchorsession_n9_atr3-r0,0,4,all,2288,-26714.5,-0.4351,0.974,0.2898,3512.5
anchorsession_n9_atr3-r0,0,4,eve,523,-29704.5,-0.9272,0.8806,0.1816,3512.5
anchorsession_n9_atr3-r0,0,4,asia,491,4611.0,0.1686,1.0248,0.1629,1987.5
anchorsession_n9_atr3-r0,0,4,london,471,-31121.5,-1.0892,0.8742,0.2484,2350.0
anchorsession_n9_atr3-r0,0,4,pre,163,2560.5,0.1305,1.0275,0.3252,2287.5
anchorsession_n9_atr3-r0,0,4,nyam,129,13121.5,0.7371,1.1715,0.4574,2462.5
anchorsession_n9_atr3-r0,0,4,mid,251,-6104.0,-0.3445,0.9458,0.498,2575.0
anchorsession_n9_atr3-r0,0,4,pm,260,19922.5,1.5364,1.3235,0.5154,2462.5
anchorsession_n9_atr3-r1,0,5,all,2363,17235.5,0.4454,1.0224,0.507,3512.5
anchorsession_n9_atr3-r1,0,5,eve,547,3012.0,0.1814,1.0184,0.4918,3512.5
anchorsession_n9_atr3-r1,0,5,asia,517,6344.5,0.5084,1.0539,0.5164,1987.5
anchorsession_n9_atr3-r1,0,5,london,486,-12656.5,-0.7383,0.928,0.4938,2350.0
anchorsession_n9_atr3-r1,0,5,pre,163,4460.5,0.3654,1.0653,0.5337,2287.5
anchorsession_n9_atr3-r1,0,5,nyam,134,4451.5,0.312,1.0619,0.5224,2462.5
anchorsession_n9_atr3-r1,0,5,mid,251,-6741.5,-0.4068,0.9391,0.506,2575.0
anchorsession_n9_atr3-r1,0,5,pm,265,18365.0,1.5103,1.2989,0.5208,2462.5
anchorsession_n9_atr3-r2,0,6,all,2297,-9113.0,-0.1889,0.9902,0.377,3512.5
anchorsession_n9_atr3-r2,0,6,eve,526,-7579.0,-0.3468,0.9638,0.3251,3512.5
anchorsession_n9_atr3-r2,0,6,asia,494,-5626.0,-0.3269,0.9637,0.3158,1987.5
anchorsession_n9_atr3-r2,0,6,london,472,-21450.5,-0.943,0.9046,0.3347,2350.0
anchorsession_n9_atr3-r2,0,6,pre,163,-3464.5,-0.2141,0.9611,0.362,2287.5
anchorsession_n9_atr3-r2,0,6,nyam,129,11921.5,0.7036,1.1573,0.4651,2462.5
anchorsession_n9_atr3-r2,0,6,mid,251,-8604.0,-0.4955,0.9235,0.498,2575.0
anchorsession_n9_atr3-r2,0,6,pm,262,25689.5,1.8785,1.4259,0.5229,2462.5
anchorsession_n9_atr3-r3,0,7,all,2289,-24793.5,-0.4657,0.9748,0.3268,3512.5
anchorsession_n9_atr3-r3,0,7,eve,523,-26629.5,-1.0828,0.8856,0.2447,3512.5
anchorsession_n9_atr3-r3,0,7,asia,491,-4714.0,-0.2243,0.9724,0.2342,1987.5
anchorsession_n9_atr3-r3,0,7,london,471,-19759.0,-0.7723,0.9169,0.2803,2350.0
anchorsession_n9_atr3-r3,0,7,pre,163,-1652.0,-0.0915,0.9821,0.3313,2287.5
anchorsession_n9_atr3-r3,0,7,nyam,129,14846.5,0.8133,1.194,0.4574,2462.5
anchorsession_n9_atr3-r3,0,7,mid,251,-6504.0,-0.3687,0.9422,0.498,2575.0
anchorsession_n9_atr3-r3,0,7,pm,261,19618.5,1.5214,1.3185,0.5172,2462.5
anchorsession_n9_pts2p5-r0,0,8,all,3265,-82322.5,-2.644,0.8093,0.0704,1687.5
anchorsession_n9_pts2p5-r0,0,8,eve,859,-56323.5,-3.5884,0.5268,0.0291,1125.0
anchorsession_n9_pts2p5-r0,0,8,asia,686,-9531.5,-0.5661,0.8964,0.0525,137.5
anchorsession_n9_pts2p5-r0,0,8,london,707,-14828.0,-1.0204,0.8452,0.0608,1687.5
anchorsession_n9_pts2p5-r0,0,8,pre,178,-7337.0,-1.0589,0.694,0.0449,125.0
anchorsession_n9_pts2p5-r0,0,8,nyam,165,-1660.0,-0.2628,0.9218,0.0909,125.0
anchorsession_n9_pts2p5-r0,0,8,mid,327,-1058.0,-0.1285,0.9741,0.1162,125.0
anchorsession_n9_pts2p5-r0,0,8,pm,343,8415.5,0.9938,1.2165,0.1895,125.0
anchorsession_n9_pts2p5-r1,0,9,all,3541,-114214.0,-14.8347,0.6095,0.416,137.5
anchorsession_n9_pts2p5-r1,0,9,eve,929,-36703.5,-9.4056,0.5434,0.3886,137.5
anchorsession_n9_pts2p5-r1,0,9,asia,792,-24930.5,-6.8343,0.6171,0.4192,137.5
anchorsession_n9_pts2p5-r1,0,9,london,747,-22750.5,-6.4143,0.627,0.423,125.0
anchorsession_n9_pts2p5-r1,0,9,pre,190,-7197.5,-4.0589,0.5577,0.3947,125.0
anchorsession_n9_pts2p5-r1,0,9,nyam,178,-5237.0,-3.0146,0.6372,0.427,125.0
anchorsession_n9_pts2p5-r1,0,9,mid,340,-6285.0,-2.6017,0.7538,0.4676,125.0
anchorsession_n9_pts2p5-r1,0,9,pm,365,-11110.0,-4.484,0.6265,0.4219,125.0
anchorsession_n9_pts2p5-r2,0,10,all,3429,-103953.5,-10.1307,0.6994,0.287,137.5
anchorsession_n9_pts2p5-r2,0,10,eve,896,-37671.5,-7.4307,0.6003,0.2567,137.5
anchorsession_n9_pts2p5-r2,0,10,asia,733,-16544.5,-3.4165,0.7699,0.307,137.5
anchorsession_n9_pts2p5-r2,0,10,london,740,-22560.0,-4.7305,0.698,0.2865,125.0
anchorsession_n9_pts2p5-r2,0,10,pre,186,-5006.5,-2.0703,0.7299,0.2957,125.0
anchorsession_n9_pts2p5-r2,0,10,nyam,178,-4262.0,-1.7882,0.7571,0.3034,125.0
anchorsession_n9_pts2p5-r2,0,10,mid,334,-8423.5,-2.5948,0.7449,0.2994,125.0
anchorsession_n9_pts2p5-r2,0,10,pm,362,-9485.5,-2.8187,0.7353,0.2983,125.0
anchorsession_n9_pts2p5-r3,0,11,all,3371,-104009.0,-8.506,0.7216,0.2163,137.5
anchorsession_n9_pts2p5-r3,0,11,eve,885,-44265.0,-7.5767,0.5698,0.1785,137.5
anchorsession_n9_pts2p5-r3,0,11,asia,713,-14802.0,-2.5468,0.8081,0.2356,137.5
anchorsession_n9_pts2p5-r3,0,11,london,725,-18537.5,-3.2087,0.7665,0.2262,125.0
anchorsession_n9_pts2p5-r3,0,11,pre,183,-8982.0,-3.3606,0.5768,0.1803,125.0
anchorsession_n9_pts2p5-r3,0,11,nyam,177,-1470.5,-0.4904,0.9207,0.2599,125.0
anchorsession_n9_pts2p5-r3,0,11,mid,331,-8824.0,-2.269,0.7568,0.2236,125.0
anchorsession_n9_pts2p5-r3,0,11,pm,357,-7128.0,-1.7484,0.8131,0.2409,125.0
anchorsession_n9_pts5-r0,0,12,all,2835,-87052.5,-2.188,0.8663,0.1376,1687.5
anchorsession_n9_pts5-r0,0,12,eve,687,-68323.0,-3.3564,0.6036,0.067,1125.0
anchorsession_n9_pts5-r0,0,12,asia,556,-12599.0,-0.6153,0.9065,0.0935,725.0
anchorsession_n9_pts5-r0,0,12,london,628,-20199.5,-1.1094,0.8644,0.1194,1687.5
anchorsession_n9_pts5-r0,0,12,pre,169,1574.0,0.1502,1.0407,0.1361,250.0
anchorsession_n9_pts5-r0,0,12,nyam,160,-515.0,-0.0587,0.9857,0.1562,250.0
anchorsession_n9_pts5-r0,0,12,mid,309,-173.5,-0.0158,0.9973,0.2071,250.0
anchorsession_n9_pts5-r0,0,12,pm,326,13183.5,1.2654,1.2368,0.3221,250.0
anchorsession_n9_pts5-r1,0,13,all,3082,-72915.5,-5.1448,0.8307,0.4734,250.0
anchorsession_n9_pts5-r1,0,13,eve,755,-26957.5,-3.8451,0.7563,0.4503,250.0
anchorsession_n9_pts5-r1,0,13,asia,614,-9368.5,-1.4745,0.8877,0.4902,250.0
anchorsession_n9_pts5-r1,0,13,london,678,-12587.0,-1.886,0.8651,0.4838,250.0
anchorsession_n9_pts5-r1,0,13,pre,179,-3116.0,-0.9067,0.8729,0.486,250.0
anchorsession_n9_pts5-r1,0,13,nyam,176,-2829.0,-0.83,0.8821,0.4886,250.0
anchorsession_n9_pts5-r1,0,13,mid,327,-10358.0,-2.2465,0.7797,0.4557,250.0
anchorsession_n9_pts5-r1,0,13,pm,353,-7699.5,-1.6305,0.8389,0.4759,250.0
anchorsession_n9_pts5-r2,0,14,all,2925,-83387.5,-4.4088,0.8425,0.3162,250.0
anchorsession_n9_pts5-r2,0,14,eve,711,-34694.0,-3.7754,0.7437,0.2855,250.0
anchorsession_n9_pts5-r2,0,14,asia,573,-21554.5,-2.5743,0.7983,0.3002,250.0
anchorsession_n9_pts5-r2,0,14,london,642,-8393.0,-0.9223,0.9264,0.3333,250.0
anchorsession_n9_pts5-r2,0,14,pre,172,-5225.5,-1.1299,0.8342,0.3081,250.0
anchorsession_n9_pts5-r2,0,14,nyam,171,1703.5,0.3543,1.0586,0.3626,250.0
anchorsession_n9_pts5-r2,0,14,mid,313,-10677.0,-1.7333,0.8136,0.3067,250.0
anchorsession_n9_pts5-r2,0,14,pm,343,-4547.0,-0.7395,0.9176,0.3644,250.0
anchorsession_n9_pts5-r3,0,15,all,2877,-97308.0,-4.3273,0.832,0.2412,1687.5
anchorsession_n9_pts5-r3,0,15,eve,698,-43292.0,-4.0277,0.7084,0.202,287.5
anchorsession_n9_pts5-r3,0,15,asia,561,-29556.5,-3.021,0.7491,0.2121,250.0
anchorsession_n9_pts5-r3,0,15,london,633,-13919.5,-1.2583,0.8919,0.2449,1687.5
anchorsession_n9_pts5-r3,0,15,pre,170,-4267.5,-0.7611,0.8751,0.2412,250.0
anchorsession_n9_pts5-r3,0,15,nyam,169,3561.5,0.5982,1.1104,0.284,250.0
anchorsession_n9_pts5-r3,0,15,mid,311,-8931.5,-1.21,0.8548,0.2508,250.0
anchorsession_n9_pts5-r3,0,15,pm,335,-902.5,-0.1276,0.9839,0.3343,250.0
anchorsession_n9_pts8-r0,0,16,all,2550,-80112.5,-1.6436,0.9038,0.2012,1587.5
anchorsession_n9_pts8-r0,0,16,eve,595,-60555.0,-2.4246,0.7221,0.121,725.0
anchorsession_n9_pts8-r0,0,16,asia,501,-4979.0,-0.1938,0.9721,0.1477,1500.0
anchorsession_n9_pts8-r0,0,16,london,539,-34818.5,-1.6167,0.8151,0.1688,1587.5
anchorsession_n9_pts8-r0,0,16,pre,163,698.0,0.0553,1.0129,0.1963,400.0
anchorsession_n9_pts8-r0,0,16,nyam,154,8621.5,0.628,1.1779,0.2338,400.0
anchorsession_n9_pts8-r0,0,16,mid,293,-6209.5,-0.5094,0.9255,0.2867,400.0
anchorsession_n9_pts8-r0,0,16,pm,305,17130.0,1.5046,1.2764,0.4066,400.0
anchorsession_n9_pts8-r1,0,17,all,2708,-65082.0,-3.1202,0.8863,0.4815,412.5
anchorsession_n9_pts8-r1,0,17,eve,637,-25623.0,-2.5039,0.8201,0.4631,400.0
anchorsession_n9_pts8-r1,0,17,asia,532,-14690.5,-1.5702,0.8726,0.4774,412.5
anchorsession_n9_pts8-r1,0,17,london,570,-9817.5,-1.0136,0.9184,0.493,400.0
anchorsession_n9_pts8-r1,0,17,pre,168,-4159.5,-0.7881,0.8852,0.4821,400.0
anchorsession_n9_pts8-r1,0,17,nyam,169,2736.5,0.5177,1.0832,0.5325,400.0
anchorsession_n9_pts8-r1,0,17,mid,304,-12253.5,-1.7613,0.8154,0.4605,400.0
anchorsession_n9_pts8-r1,0,17,pm,328,-1274.5,-0.1898,0.9783,0.497,400.0
anchorsession_n9_pts8-r2,0,18,all,2587,-85673.0,-3.0748,0.8789,0.3305,1587.5
anchorsession_n9_pts8-r2,0,18,eve,604,-40353.5,-2.9887,0.7744,0.2881,400.0
anchorsession_n9_pts8-r2,0,18,asia,504,-28241.0,-2.2571,0.8087,0.2996,1500.0
anchorsession_n9_pts8-r2,0,18,london,544,-18313.5,-1.3853,0.8818,0.3235,1587.5
anchorsession_n9_pts8-r2,0,18,pre,163,-4739.5,-0.6628,0.8958,0.3252,400.0
anchorsession_n9_pts8-r2,0,18,nyam,161,10106.0,1.3561,1.2554,0.4037,400.0
anchorsession_n9_pts8-r2,0,18,mid,295,-8742.5,-0.9452,0.8882,0.3424,400.0
anchorsession_n9_pts8-r2,0,18,pm,316,4611.0,0.5545,1.0734,0.4272,400.0
anchorsession_n9_pts8-r3,0,19,all,2565,-84622.5,-2.5608,0.8897,0.2678,1587.5
anchorsession_n9_pts8-r3,0,19,eve,598,-40317.0,-2.4934,0.7925,0.2191,400.0
anchorsession_n9_pts8-r3,0,19,asia,503,-35799.5,-2.4193,0.7816,0.2207,1500.0
anchorsession_n9_pts8-r3,0,19,london,540,-13922.5,-0.8714,0.9177,0.2556,1587.5
anchorsession_n9_pts8-r3,0,19,pre,163,-6977.0,-0.8252,0.8617,0.2515,400.0
anchorsession_n9_pts8-r3,0,19,nyam,156,11651.0,1.2804,1.2681,0.3205,400.0
anchorsession_n9_pts8-r3,0,19,mid,294,-7526.0,-0.711,0.9083,0.3061,400.0
anchorsession_n9_pts8-r3,0,19,pm,311,8268.5,0.8808,1.1299,0.4051,400.0
anchorsession_n9_pts12-r0,0,20,all,2360,-24340.0,-0.4173,0.9758,0.2746,1587.5
anchorsession_n9_pts12-r0,0,20,eve,523,-13479.5,-0.424,0.9461,0.2141,725.0
anchorsession_n9_pts12-r0,0,20,asia,474,-14971.0,-0.5163,0.9348,0.2046,1500.0
anchorsession_n9_pts12-r0,0,20,london,492,-3018.0,-0.1081,0.9867,0.25,1587.5
anchorsession_n9_pts12-r0,0,20,pre,163,-9877.0,-0.695,0.8673,0.2393,600.0
anchorsession_n9_pts12-r0,0,20,nyam,147,3762.0,0.2492,1.0596,0.2857,600.0
anchorsession_n9_pts12-r0,0,20,mid,274,-7771.0,-0.5449,0.921,0.3577,600.0
anchorsession_n9_pts12-r0,0,20,pm,287,21014.5,1.7603,1.3344,0.4774,600.0
anchorsession_n9_pts12-r1,0,21,all,2439,-95418.5,-3.2941,0.873,0.474,1000.0
anchorsession_n9_pts12-r1,0,21,eve,545,-18505.0,-1.312,0.8934,0.4807,600.0
anchorsession_n9_pts12-r1,0,21,asia,488,-42727.0,-3.2266,0.7466,0.4344,600.0
anchorsession_n9_pts12-r1,0,21,london,500,-8425.0,-0.6235,0.9455,0.496,1000.0
anchorsession_n9_pts12-r1,0,21,pre,165,-5535.0,-0.7122,0.8945,0.4788,600.0
anchorsession_n9_pts12-r1,0,21,nyam,157,-3803.0,-0.5039,0.9219,0.4904,600.0
anchorsession_n9_pts12-r1,0,21,mid,276,-21279.0,-2.236,0.758,0.442,600.0
anchorsession_n9_pts12-r1,0,21,pm,308,4855.5,0.5662,1.0744,0.5065,600.0
anchorsession_n9_pts12-r2,0,22,all,2376,-66891.5,-1.7333,0.9255,0.3548,1587.5
anchorsession_n9_pts12-r2,0,22,eve,527,-11908.0,-0.6191,0.9443,0.334,600.0
anchorsession_n9_pts12-r2,0,22,asia,476,-44204.0,-2.5095,0.7832,0.2983,1500.0
anchorsession_n9_pts12-r2,0,22,london,493,-5884.5,-0.3148,0.9702,0.3469,1587.5
anchorsession_n9_pts12-r2,0,22,pre,163,-11864.5,-1.1613,0.8226,0.319,600.0
anchorsession_n9_pts12-r2,0,22,nyam,149,7366.5,0.709,1.1335,0.3826,600.0
anchorsession_n9_pts12-r2,0,22,mid,275,-15750.0,-1.3195,0.838,0.3745,600.0
anchorsession_n9_pts12-r2,0,22,pm,293,15353.0,1.5129,1.2424,0.4846,600.0
anchorsession_n9_pts12-r3,0,23,all,2363,-38952.0,-0.8612,0.9592,0.311,1587.5
anchorsession_n9_pts12-r3,0,23,eve,524,-9521.0,-0.417,0.9589,0.2748,725.0
anchorsession_n9_pts12-r3,0,23,asia,474,-39771.0,-1.8992,0.8179,0.2426,1500.0
anchorsession_n9_pts12-r3,0,23,london,493,5853.0,0.2616,1.0275,0.2961,1587.5
anchorsession_n9_pts12-r3,0,23,pre,163,-10727.0,-0.8933,0.8501,0.2699,600.0
anchorsession_n9_pts12-r3,0,23,nyam,148,5545.5,0.4644,1.0932,0.3311,600.0
anchorsession_n9_pts12-r3,0,23,mid,274,-10983.5,-0.8324,0.8884,0.3613,600.0
anchorsession_n9_pts12-r3,0,23,pm,287,20652.0,1.8575,1.3319,0.4808,600.0
anchorsession_n9_pct0p1-r0,0,24,all,2935,-83940.0,-2.2008,0.8577,0.1182,1687.5
anchorsession_n9_pct0p1-r0,0,24,eve,732,-57228.0,-2.843,0.6374,0.0574,1125.0
anchorsession_n9_pct0p1-r0,0,24,asia,588,-13514.5,-0.6709,0.8905,0.0799,237.5
anchorsession_n9_pct0p1-r0,0,24,london,640,-22360.0,-1.3191,0.8327,0.1,1687.5
anchorsession_n9_pct0p1-r0,0,24,pre,172,699.5,0.0709,1.0203,0.1163,237.5
anchorsession_n9_pct0p1-r0,0,24,nyam,161,-2331.5,-0.301,0.9265,0.1366,237.5
anchorsession_n9_pct0p1-r0,0,24,mid,313,-1752.0,-0.1707,0.9699,0.1789,237.5
anchorsession_n9_pct0p1-r0,0,24,pm,329,12546.5,1.3022,1.2471,0.2918,237.5
anchorsession_n9_pct0p1-r1,0,25,all,3205,-76870.0,-6.237,0.8018,0.4674,237.5
anchorsession_n9_pct0p1-r1,0,25,eve,810,-25790.0,-4.1838,0.7451,0.4494,237.5
anchorsession_n9_pct0p1-r1,0,25,asia,657,-9540.5,-1.7072,0.8749,0.4901,237.5
anchorsession_n9_pct0p1-r1,0,25,london,692,-16280.5,-2.8269,0.8062,0.4697,237.5
anchorsession_n9_pct0p1-r1,0,25,pre,183,-3557.0,-1.2013,0.8366,0.4754,237.5
anchorsession_n9_pct0p1-r1,0,25,nyam,176,-4329.0,-1.4963,0.7974,0.4659,237.5
anchorsession_n9_pct0p1-r1,0,25,mid,331,-8649.0,-2.1825,0.7858,0.4622,237.5
anchorsession_n9_pct0p1-r1,0,25,pm,356,-8724.0,-2.1261,0.7967,0.4635,237.5
anchorsession_n9_pct0p1-r2,0,26,all,3061,-74019.0,-4.4729,0.8439,0.3175,237.5
anchorsession_n9_pct0p1-r2,0,26,eve,769,-27726.0,-3.3845,0.7745,0.2965,237.5
anchorsession_n9_pct0p1-r2,0,26,asia,618,-12884.5,-1.7159,0.8654,0.322,237.5
anchorsession_n9_pct0p1-r2,0,26,london,659,-11011.0,-1.4071,0.8914,0.3278,237.5
anchorsession_n9_pct0p1-r2,0,26,pre,176,-4616.5,-1.1489,0.8331,0.3068,237.5
anchorsession_n9_pct0p1-r2,0,26,nyam,174,-1396.0,-0.3441,0.9466,0.3391,237.5
anchorsession_n9_pct0p1-r2,0,26,mid,319,-10126.0,-1.9102,0.7984,0.3041,237.5
anchorsession_n9_pct0p1-r2,0,26,pm,346,-6259.0,-1.168,0.8751,0.3439,237.5
anchorsession_n9_pct0p1-r3,0,27,all,2999,-88333.5,-4.4887,0.8299,0.2391,1687.5
anchorsession_n9_pct0p1-r3,0,27,eve,749,-41083.5,-4.3559,0.698,0.2016,287.5
anchorsession_n9_pct0p1-r3,0,27,asia,599,-24408.5,-2.8072,0.7714,0.2187,237.5
anchorsession_n9_pct0p1-r3,0,27,london,646,-12746.5,-1.3301,0.8871,0.2461,1687.5
anchorsession_n9_pct0p1-r3,0,27,pre,174,-2396.0,-0.4857,0.9189,0.2471,237.5
anchorsession_n9_pct0p1-r3,0,27,nyam,172,-2975.5,-0.6109,0.8993,0.2442,237.5
anchorsession_n9_pct0p1-r3,0,27,mid,316,-7939.0,-1.2501,0.8521,0.25,237.5
anchorsession_n9_pct0p1-r3,0,27,pm,343,3215.5,0.4959,1.0633,0.3265,237.5
anchorsession_n9_pct0p2-r0,0,28,all,2518,-78684.5,-1.592,0.9074,0.2089,1587.5
anchorsession_n9_pct0p2-r0,0,28,eve,586,-58244.0,-2.285,0.7373,0.128,725.0
anchorsession_n9_pct0p2-r0,0,28,asia,497,812.0,0.0309,1.0044,0.161,1500.0
anchorsession_n9_pct0p2-r0,0,28,london,530,-36007.5,-1.666,0.812,0.1792,1587.5
anchorsession_n9_pct0p2-r0,0,28,pre,163,-614.5,-0.0484,0.989,0.2025,475.0
anchorsession_n9_pct0p2-r0,0,28,nyam,152,5604.5,0.406,1.1102,0.2237,475.0
anchorsession_n9_pct0p2-r0,0,28,mid,289,-8943.5,-0.7299,0.8952,0.2941,487.5
anchorsession_n9_pct0p2-r0,0,28,pm,301,18708.5,1.6331,1.3047,0.412,487.5
anchorsession_n9_pct0p2-r1,0,29,all,2665,-69422.5,-3.1877,0.8827,0.4788,487.5
anchorsession_n9_pct0p2-r1,0,29,eve,626,-22029.0,-2.0591,0.8479,0.4681,487.5
anchorsession_n9_pct0p2-r1,0,29,asia,528,-19474.5,-1.979,0.8412,0.4697,487.5
anchorsession_n9_pct0p2-r1,0,29,london,557,-14153.0,-1.4015,0.8876,0.4829,487.5
anchorsession_n9_pct0p2-r1,0,29,pre,167,-4893.0,-0.8773,0.8725,0.4731,475.0
anchorsession_n9_pct0p2-r1,0,29,nyam,166,4286.0,0.7783,1.1291,0.5422,475.0
anchorsession_n9_pct0p2-r1,0,29,mid,299,-12258.5,-1.687,0.8205,0.4649,487.5
anchorsession_n9_pct0p2-r1,0,29,pm,322,-900.5,-0.1313,0.9846,0.4907,487.5
anchorsession_n9_pct0p2-r2,0,30,all,2552,-87983.0,-3.0296,0.8794,0.3311,1587.5
anchorsession_n9_pct0p2-r2,0,30,eve,595,-40467.5,-2.8661,0.7804,0.2891,487.5
anchorsession_n9_pct0p2-r2,0,30,asia,502,-29520.5,-2.2393,0.8094,0.3008,1500.0
anchorsession_n9_pct0p2-r2,0,30,london,533,-22682.0,-1.6578,0.8586,0.3189,1587.5
anchorsession_n9_pct0p2-r2,0,30,pre,163,-3889.5,-0.5133,0.9175,0.3252,475.0
anchorsession_n9_pct0p2-r2,0,30,nyam,159,8339.0,1.0774,1.1997,0.3899,475.0
anchorsession_n9_pct0p2-r2,0,30,mid,291,-9564.0,-1.0047,0.8806,0.3505,487.5
anchorsession_n9_pct0p2-r2,0,30,pm,309,9801.5,1.143,1.1615,0.4369,487.5
anchorsession_n9_pct0p2-r3,0,31,all,2532,-89053.0,-2.6016,0.8871,0.2709,1587.5
anchorsession_n9_pct0p2-r3,0,31,eve,588,-36214.5,-2.1337,0.8174,0.2245,487.5
anchorsession_n9_pct0p2-r3,0,31,asia,499,-33596.0,-2.153,0.8024,0.2285,1500.0
anchorsession_n9_pct0p2-r3,0,31,london,531,-19274.0,-1.1751,0.8898,0.2542,1587.5
anchorsession_n9_pct0p2-r3,0,31,pre,163,-6214.5,-0.6996,0.8806,0.2577,475.0
anchorsession_n9_pct0p2-r3,0,31,nyam,154,4446.5,0.4894,1.0955,0.2987,475.0
anchorsession_n9_pct0p2-r3,0,31,mid,290,-10585.0,-0.9878,0.8742,0.3103,487.5
anchorsession_n9_pct0p2-r3,0,31,pm,307,12384.5,1.2753,1.1975,0.4137,487.5
anchorrth_n9_atr1p5-r0,1,0,all,2616,-95114.0,-1.9425,0.8795,0.159,1975.0
anchorrth_n9_atr1p5-r0,1,0,eve,696,-79371.5,-3.492,0.5968,0.0718,1837.5
anchorrth_n9_atr1p5-r0,1,0,asia,604,-23166.0,-1.1578,0.8281,0.0828,1137.5
anchorrth_n9_atr1p5-r0,1,0,london,601,-9341.5,-0.3779,0.9502,0.1431,1687.5
anchorrth_n9_atr1p5-r0,1,0,pre,165,2277.5,0.1453,1.0378,0.1697,1137.5
anchorrth_n9_atr1p5-r0,1,0,nyam,149,8291.5,0.5272,1.1294,0.2953,1287.5
anchorrth_n9_atr1p5-r0,1,0,mid,253,9213.0,0.5672,1.0949,0.3874,1887.5
anchorrth_n9_atr1p5-r0,1,0,pm,148,-3017.0,-0.2854,0.9377,0.4054,1975.0
anchorrth_n9_atr1p5-r1,1,1,all,2846,-58871.5,-2.499,0.8934,0.4673,1975.0
anchorrth_n9_atr1p5-r1,1,1,eve,775,-25850.0,-2.7244,0.7981,0.4516,1837.5
anchorrth_n9_atr1p5-r1,1,1,asia,693,-19134.5,-2.6241,0.7931,0.4488,1137.5
anchorrth_n9_atr1p5-r1,1,1,london,647,-17463.0,-1.7502,0.8579,0.4791,1175.0
anchorrth_n9_atr1p5-r1,1,1,pre,169,-4976.0,-0.7964,0.8738,0.4793,1137.5
anchorrth_n9_atr1p5-r1,1,1,nyam,161,8056.0,0.9626,1.1774,0.5342,1287.5
anchorrth_n9_atr1p5-r1,1,1,mid,253,12988.0,1.1163,1.1686,0.5138,1887.5
anchorrth_n9_atr1p5-r1,1,1,pm,148,-12492.0,-1.5302,0.735,0.4189,1975.0
anchorrth_n9_atr1p5-r2,1,2,all,2685,-50290.0,-1.6095,0.9243,0.327,1975.0
anchorrth_n9_atr1p5-r2,1,2,eve,719,-31351.0,-2.4886,0.7984,0.2865,1837.5
anchorrth_n9_atr1p5-r2,1,2,asia,630,-26607.5,-2.8227,0.7604,0.2984,1137.5
anchorrth_n9_atr1p5-r2,1,2,london,616,-8239.0,-0.6057,0.9447,0.336,1175.0
anchorrth_n9_atr1p5-r2,1,2,pre,165,-3947.5,-0.4601,0.9204,0.3273,1137.5
anchorrth_n9_atr1p5-r2,1,2,nyam,154,6259.0,0.5386,1.1067,0.3766,1287.5
anchorrth_n9_atr1p5-r2,1,2,mid,253,16375.5,1.0663,1.1758,0.4111,1887.5
anchorrth_n9_atr1p5-r2,1,2,pm,148,-2779.5,-0.279,0.9416,0.4122,1975.0
anchorrth_n9_atr1p5-r3,1,3,all,2641,-60514.0,-1.6993,0.9156,0.2601,1975.0
anchorrth_n9_atr1p5-r3,1,3,eve,707,-28803.0,-1.8884,0.8287,0.2136,1837.5
anchorrth_n9_atr1p5-r3,1,3,asia,611,-22481.5,-1.9391,0.8088,0.2209,1137.5
anchorrth_n9_atr1p5-r3,1,3,london,608,-17794.5,-1.1092,0.8947,0.2549,1687.5
anchorrth_n9_atr1p5-r3,1,3,pre,165,-9435.0,-0.9118,0.8333,0.2242,1137.5
anchorrth_n9_atr1p5-r3,1,3,nyam,149,9241.5,0.6965,1.1509,0.3289,1287.5
anchorrth_n9_atr1p5-r3,1,3,mid,253,13000.5,0.8168,1.136,0.3953,1887.5
anchorrth_n9_atr1p5-r3,1,3,pm,148,-4242.0,-0.4076,0.9125,0.4054,1975.0
anchorrth_n9_atr3-r0,1,4,all,2142,-50930.5,-0.8273,0.95,0.267,3512.5
anchorrth_n9_atr3-r0,1,4,eve,523,-29704.5,-0.9272,0.8806,0.1816,3512.5
anchorrth_n9_atr3-r0,1,4,asia,491,4611.0,0.1686,1.0248,0.1629,1987.5
anchorrth_n9_atr3-r0,1,4,london,471,-31121.5,-1.0892,0.8742,0.2484,2350.0
anchorrth_n9_atr3-r0,1,4,pre,163,2560.5,0.1305,1.0275,0.3252,2287.5
anchorrth_n9_atr3-r0,1,4,nyam,129,13121.5,0.7371,1.1715,0.4574,2462.5
anchorrth_n9_atr3-r0,1,4,mid,227,-2308.0,-0.123,0.9793,0.4758,3225.0
anchorrth_n9_atr3-r0,1,4,pm,138,-8089.5,-0.6548,0.8525,0.4348,2762.5
anchorrth_n9_atr3-r1,1,5,all,2212,3052.0,0.0782,1.004,0.5005,3512.5
anchorrth_n9_atr3-r1,1,5,eve,547,3012.0,0.1814,1.0184,0.4918,3512.5
anchorrth_n9_atr3-r1,1,5,asia,517,6344.5,0.5084,1.0539,0.5164,1987.5
anchorrth_n9_atr3-r1,1,5,london,486,-12656.5,-0.7383,0.928,0.4938,2350.0
anchorrth_n9_atr3-r1,1,5,pre,163,4460.5,0.3654,1.0653,0.5337,2287.5
anchorrth_n9_atr3-r1,1,5,nyam,134,4451.5,0.312,1.0619,0.5224,2462.5
anchorrth_n9_atr3-r1,1,5,mid,227,3592.0,0.2033,1.0336,0.4978,3225.0
anchorrth_n9_atr3-r1,1,5,pm,138,-6152.0,-0.5235,0.8842,0.442,2762.5
anchorrth_n9_atr3-r2,1,6,all,2149,-39471.0,-0.8205,0.9571,0.3592,3512.5
anchorrth_n9_atr3-r2,1,6,eve,526,-7579.0,-0.3468,0.9638,0.3251,3512.5
anchorrth_n9_atr3-r2,1,6,asia,494,-5626.0,-0.3269,0.9637,0.3158,1987.5
anchorrth_n9_atr3-r2,1,6,london,472,-21450.5,-0.943,0.9046,0.3347,2350.0
anchorrth_n9_atr3-r2,1,6,pre,163,-3464.5,-0.2141,0.9611,0.362,2287.5
anchorrth_n9_atr3-r2,1,6,nyam,129,11921.5,0.7036,1.1573,0.4651,2462.5
anchorrth_n9_atr3-r2,1,6,mid,227,-2608.0,-0.1411,0.9767,0.4758,3225.0
anchorrth_n9_atr3-r2,1,6,pm,138,-10664.5,-0.9099,0.8056,0.4348,2762.5
anchorrth_n9_atr3-r3,1,7,all,2142,-50268.0,-0.9421,0.9485,0.3063,3512.5
anchorrth_n9_atr3-r3,1,7,eve,523,-26629.5,-1.0828,0.8856,0.2447,3512.5
anchorrth_n9_atr3-r3,1,7,asia,491,-4714.0,-0.2243,0.9724,0.2342,1987.5
anchorrth_n9_atr3-r3,1,7,london,471,-19759.0,-0.7723,0.9169,0.2803,2350.0
anchorrth_n9_atr3-r3,1,7,pre,163,-1652.0,-0.0915,0.9821,0.3313,2287.5
anchorrth_n9_atr3-r3,1,7,nyam,129,14846.5,0.8133,1.194,0.4574,2462.5
anchorrth_n9_atr3-r3,1,7,mid,227,-3470.5,-0.1871,0.9689,0.4758,3225.0
anchorrth_n9_atr3-r3,1,7,pm,138,-8889.5,-0.7308,0.838,0.4348,2762.5
anchorrth_n9_pts2p5-r0,1,8,all,3034,-104098.5,-3.509,0.744,0.0593,1687.5
anchorrth_n9_pts2p5-r0,1,8,eve,859,-56323.5,-3.5884,0.5268,0.0291,1125.0
anchorrth_n9_pts2p5-r0,1,8,asia,686,-9531.5,-0.5661,0.8964,0.0525,137.5
anchorrth_n9_pts2p5-r0,1,8,london,707,-14828.0,-1.0204,0.8452,0.0608,1687.5
anchorrth_n9_pts2p5-r0,1,8,pre,178,-7337.0,-1.0589,0.694,0.0449,125.0
anchorrth_n9_pts2p5-r0,1,8,nyam,165,-1660.0,-0.2628,0.9218,0.0909,125.0
anchorrth_n9_pts2p5-r0,1,8,mid,275,-12087.5,-2.1366,0.6583,0.0909,125.0
anchorrth_n9_pts2p5-r0,1,8,pm,164,-2331.0,-0.5323,0.8783,0.1707,125.0
anchorrth_n9_pts2p5-r1,1,9,all,3275,-103025.0,-13.896,0.6172,0.4192,137.5
anchorrth_n9_pts2p5-r1,1,9,eve,929,-36703.5,-9.4056,0.5434,0.3886,137.5
anchorrth_n9_pts2p5-r1,1,9,asia,792,-24930.5,-6.8343,0.6171,0.4192,137.5
anchorrth_n9_pts2p5-r1,1,9,london,747,-22750.5,-6.4143,0.627,0.423,125.0
anchorrth_n9_pts2p5-r1,1,9,pre,190,-7197.5,-4.0589,0.5577,0.3947,125.0
anchorrth_n9_pts2p5-r1,1,9,nyam,178,-5237.0,-3.0146,0.6372,0.427,125.0
anchorrth_n9_pts2p5-r1,1,9,mid,275,-2950.0,-1.3529,0.8489,0.4982,125.0
anchorrth_n9_pts2p5-r1,1,9,pm,164,-3256.0,-1.9364,0.7385,0.4634,125.0
anchorrth_n9_pts2p5-r2,1,10,all,3172,-95938.0,-9.7159,0.7002,0.2872,137.5
anchorrth_n9_pts2p5-r2,1,10,eve,896,-37671.5,-7.4307,0.6003,0.2567,137.5
anchorrth_n9_pts2p5-r2,1,10,asia,733,-16544.5,-3.4165,0.7699,0.307,137.5
anchorrth_n9_pts2p5-r2,1,10,london,740,-22560.0,-4.7305,0.698,0.2865,125.0
anchorrth_n9_pts2p5-r2,1,10,pre,186,-5006.5,-2.0703,0.7299,0.2957,125.0
anchorrth_n9_pts2p5-r2,1,10,nyam,178,-4262.0,-1.7882,0.7571,0.3034,125.0
anchorrth_n9_pts2p5-r2,1,10,mid,275,-7525.0,-2.5643,0.7259,0.2945,125.0
anchorrth_n9_pts2p5-r2,1,10,pm,164,-2368.5,-1.0161,0.8478,0.3293,125.0
anchorrth_n9_pts2p5-r3,1,11,all,3122,-98788.0,-8.4107,0.7152,0.2146,137.5
anchorrth_n9_pts2p5-r3,1,11,eve,885,-44265.0,-7.5767,0.5698,0.1785,137.5
anchorrth_n9_pts2p5-r3,1,11,asia,713,-14802.0,-2.5468,0.8081,0.2356,137.5
anchorrth_n9_pts2p5-r3,1,11,london,725,-18537.5,-3.2087,0.7665,0.2262,125.0
anchorrth_n9_pts2p5-r3,1,11,pre,183,-8982.0,-3.3606,0.5768,0.1803,125.0
anchorrth_n9_pts2p5-r3,1,11,nyam,177,-1470.5,-0.4904,0.9207,0.2599,125.0
anchorrth_n9_pts2p5-r3,1,11,mid,275,-8162.5,-2.3212,0.7317,0.2182,125.0
anchorrth_n9_pts2p5-r3,1,11,pm,164,-2568.5,-0.9179,0.8517,0.25,125.0
anchorrth_n9_pts5-r0,1,12,all,2635,-108277.5,-2.8071,0.8251,0.1188,1687.5
anchorrth_n9_pts5-r0,1,12,eve,687,-68323.0,-3.3564,0.6036,0.067,1125.0
anchorrth_n9_pts5-r0,1,12,asia,556,-12599.0,-0.6153,0.9065,0.0935,725.0
anchorrth_n9_pts5-r0,1,12,london,628,-20199.5,-1.1094,0.8644,0.1194,1687.5
anchorrth_n9_pts5-r0,1,12,pre,169,1574.0,0.1502,1.0407,0.1361,250.0
anchorrth_n9_pts5-r0,1,12,nyam,160,-515.0,-0.0587,0.9857,0.1562,250.0
anchorrth_n9_pts5-r0,1,12,mid,272,-3363.0,-0.339,0.9421,0.1912,250.0
anchorrth_n9_pts5-r0,1,12,pm,163,-4852.0,-0.7963,0.8398,0.2454,250.0
anchorrth_n9_pts5-r1,1,13,all,2837,-67448.0,-4.956,0.8301,0.4727,250.0
anchorrth_n9_pts5-r1,1,13,eve,755,-26957.5,-3.8451,0.7563,0.4503,250.0
anchorrth_n9_pts5-r1,1,13,asia,614,-9368.5,-1.4745,0.8877,0.4902,250.0
anchorrth_n9_pts5-r1,1,13,london,678,-12587.0,-1.886,0.8651,0.4838,250.0
anchorrth_n9_pts5-r1,1,13,pre,179,-3116.0,-0.9067,0.8729,0.486,250.0
anchorrth_n9_pts5-r1,1,13,nyam,176,-2829.0,-0.83,0.8821,0.4886,250.0
anchorrth_n9_pts5-r1,1,13,mid,272,-7913.0,-1.874,0.7966,0.4632,250.0
anchorrth_n9_pts5-r1,1,13,pm,163,-4677.0,-1.4727,0.7904,0.4479,250.0
anchorrth_n9_pts5-r2,1,14,all,2704,-81516.0,-4.4655,0.835,0.3107,250.0
anchorrth_n9_pts5-r2,1,14,eve,711,-34694.0,-3.7754,0.7437,0.2855,250.0
anchorrth_n9_pts5-r2,1,14,asia,573,-21554.5,-2.5743,0.7983,0.3002,250.0
anchorrth_n9_pts5-r2,1,14,london,642,-8393.0,-0.9223,0.9264,0.3333,250.0
anchorrth_n9_pts5-r2,1,14,pre,172,-5225.5,-1.1299,0.8342,0.3081,250.0
anchorrth_n9_pts5-r2,1,14,nyam,171,1703.5,0.3543,1.0586,0.3626,250.0
anchorrth_n9_pts5-r2,1,14,mid,272,-7200.5,-1.2395,0.8536,0.3199,250.0
anchorrth_n9_pts5-r2,1,14,pm,163,-6152.0,-1.4667,0.7803,0.3006,250.0
anchorrth_n9_pts5-r3,1,15,all,2666,-104539.0,-4.8268,0.8084,0.2303,1687.5
anchorrth_n9_pts5-r3,1,15,eve,698,-43292.0,-4.0277,0.7084,0.202,287.5
anchorrth_n9_pts5-r3,1,15,asia,561,-29556.5,-3.021,0.7491,0.2121,250.0
anchorrth_n9_pts5-r3,1,15,london,633,-13919.5,-1.2583,0.8919,0.2449,1687.5
anchorrth_n9_pts5-r3,1,15,pre,170,-4267.5,-0.7611,0.8751,0.2412,250.0
anchorrth_n9_pts5-r3,1,15,nyam,169,3561.5,0.5982,1.1104,0.284,250.0
anchorrth_n9_pts5-r3,1,15,mid,272,-6813.0,-0.9775,0.8738,0.2537,250.0
anchorrth_n9_pts5-r3,1,15,pm,163,-10252.0,-2.3155,0.6584,0.2515,250.0
anchorrth_n9_pts8-r0,1,16,all,2373,-93517.0,-1.9401,0.8834,0.1791,1587.5
anchorrth_n9_pts8-r0,1,16,eve,595,-60555.0,-2.4246,0.7221,0.121,725.0
anchorrth_n9_pts8-r0,1,16,asia,501,-4979.0,-0.1938,0.9721,0.1477,1500.0
anchorrth_n9_pts8-r0,1,16,london,539,-34818.5,-1.6167,0.8151,0.1688,1587.5
anchorrth_n9_pts8-r0,1,16,pre,163,698.0,0.0553,1.0129,0.1963,400.0
anchorrth_n9_pts8-r0,1,16,nyam,154,8621.5,0.628,1.1779,0.2338,400.0
anchorrth_n9_pts8-r0,1,16,mid,264,2144.0,0.1614,1.0275,0.2652,400.0
anchorrth_n9_pts8-r0,1,16,pm,157,-4628.0,-0.6449,0.8761,0.3185,400.0
anchorrth_n9_pts8-r1,1,17,all,2497,-62800.5,-3.1138,0.8825,0.479,412.5
anchorrth_n9_pts8-r1,1,17,eve,637,-25623.0,-2.5039,0.8201,0.4631,400.0
anchorrth_n9_pts8-r1,1,17,asia,532,-14690.5,-1.5702,0.8726,0.4774,412.5
anchorrth_n9_pts8-r1,1,17,london,570,-9817.5,-1.0136,0.9184,0.493,400.0
anchorrth_n9_pts8-r1,1,17,pre,168,-4159.5,-0.7881,0.8852,0.4821,400.0
anchorrth_n9_pts8-r1,1,17,nyam,169,2736.5,0.5177,1.0832,0.5325,400.0
anchorrth_n9_pts8-r1,1,17,mid,264,-5068.5,-0.774,0.9086,0.4848,400.0
anchorrth_n9_pts8-r1,1,17,pm,157,-6178.0,-1.3037,0.8047,0.4268,400.0
anchorrth_n9_pts8-r2,1,18,all,2397,-94763.0,-3.5021,0.8591,0.3187,1587.5
anchorrth_n9_pts8-r2,1,18,eve,604,-40353.5,-2.9887,0.7744,0.2881,400.0
anchorrth_n9_pts8-r2,1,18,asia,504,-28241.0,-2.2571,0.8087,0.2996,1500.0
anchorrth_n9_pts8-r2,1,18,london,544,-18313.5,-1.3853,0.8818,0.3235,1587.5
anchorrth_n9_pts8-r2,1,18,pre,163,-4739.5,-0.6628,0.8958,0.3252,400.0
anchorrth_n9_pts8-r2,1,18,nyam,161,10106.0,1.3561,1.2554,0.4037,400.0
anchorrth_n9_pts8-r2,1,18,mid,264,-4743.5,-0.5376,0.9317,0.3523,400.0
anchorrth_n9_pts8-r2,1,18,pm,157,-8478.0,-1.468,0.7679,0.3312,400.0
anchorrth_n9_pts8-r3,1,19,all,2381,-94811.5,-2.9393,0.8707,0.252,1587.5
anchorrth_n9_pts8-r3,1,19,eve,598,-40317.0,-2.4934,0.7925,0.2191,400.0
anchorrth_n9_pts8-r3,1,19,asia,503,-35799.5,-2.4193,0.7816,0.2207,1500.0
anchorrth_n9_pts8-r3,1,19,london,540,-13922.5,-0.8714,0.9177,0.2556,1587.5
anchorrth_n9_pts8-r3,1,19,pre,163,-6977.0,-0.8252,0.8617,0.2515,400.0
anchorrth_n9_pts8-r3,1,19,nyam,156,11651.0,1.2804,1.2681,0.3205,400.0
anchorrth_n9_pts8-r3,1,19,mid,264,-6081.0,-0.5929,0.9193,0.2917,400.0
anchorrth_n9_pts8-r3,1,19,pm,157,-3365.5,-0.5034,0.9079,0.3312,400.0
anchorrth_n9_pts12-r0,1,20,all,2196,-44721.5,-0.7741,0.9543,0.2527,1887.5
anchorrth_n9_pts12-r0,1,20,eve,523,-13479.5,-0.424,0.9461,0.2141,725.0
anchorrth_n9_pts12-r0,1,20,asia,474,-14971.0,-0.5163,0.9348,0.2046,1500.0
anchorrth_n9_pts12-r0,1,20,london,492,-3018.0,-0.1081,0.9867,0.25,1587.5
anchorrth_n9_pts12-r0,1,20,pre,163,-9877.0,-0.695,0.8673,0.2393,600.0
anchorrth_n9_pts12-r0,1,20,nyam,147,3762.0,0.2492,1.0596,0.2857,600.0
anchorrth_n9_pts12-r0,1,20,mid,247,1124.5,0.0756,1.0123,0.3482,1887.5
anchorrth_n9_pts12-r0,1,20,pm,150,-8262.5,-1.0525,0.8081,0.3733,600.0
anchorrth_n9_pts12-r1,1,21,all,2252,-93595.5,-3.3146,0.8681,0.4716,1887.5
anchorrth_n9_pts12-r1,1,21,eve,545,-18505.0,-1.312,0.8934,0.4807,600.0
anchorrth_n9_pts12-r1,1,21,asia,488,-42727.0,-3.2266,0.7466,0.4344,600.0
anchorrth_n9_pts12-r1,1,21,london,500,-8425.0,-0.6235,0.9455,0.496,1000.0
anchorrth_n9_pts12-r1,1,21,pre,165,-5535.0,-0.7122,0.8945,0.4788,600.0
anchorrth_n9_pts12-r1,1,21,nyam,157,-3803.0,-0.5039,0.9219,0.4904,600.0
anchorrth_n9_pts12-r1,1,21,mid,247,-3888.0,-0.4211,0.9456,0.4939,1887.5
anchorrth_n9_pts12-r1,1,21,pm,150,-10712.5,-1.7338,0.7323,0.4133,600.0
anchorrth_n9_pts12-r2,1,22,all,2205,-75207.5,-1.9813,0.9131,0.3406,1887.5
anchorrth_n9_pts12-r2,1,22,eve,527,-11908.0,-0.6191,0.9443,0.334,600.0
anchorrth_n9_pts12-r2,1,22,asia,476,-44204.0,-2.5095,0.7832,0.2983,1500.0
anchorrth_n9_pts12-r2,1,22,london,493,-5884.5,-0.3148,0.9702,0.3469,1587.5
anchorrth_n9_pts12-r2,1,22,pre,163,-11864.5,-1.1613,0.8226,0.319,600.0
anchorrth_n9_pts12-r2,1,22,nyam,149,7366.5,0.709,1.1335,0.3826,600.0
anchorrth_n9_pts12-r2,1,22,mid,247,-2888.0,-0.2414,0.9665,0.3846,1887.5
anchorrth_n9_pts12-r2,1,22,pm,150,-5825.0,-0.7788,0.8607,0.3867,600.0
anchorrth_n9_pts12-r3,1,23,all,2199,-41271.0,-0.9187,0.9554,0.2938,1887.5
anchorrth_n9_pts12-r3,1,23,eve,524,-9521.0,-0.417,0.9589,0.2748,725.0
anchorrth_n9_pts12-r3,1,23,asia,474,-39771.0,-1.8992,0.8179,0.2426,1500.0
anchorrth_n9_pts12-r3,1,23,london,493,5853.0,0.2616,1.0275,0.2961,1587.5
anchorrth_n9_pts12-r3,1,23,pre,163,-10727.0,-0.8933,0.8501,0.2699,600.0
anchorrth_n9_pts12-r3,1,23,nyam,148,5545.5,0.4644,1.0932,0.3311,600.0
anchorrth_n9_pts12-r3,1,23,mid,247,10987.0,0.7718,1.1249,0.3684,1887.5
anchorrth_n9_pts12-r3,1,23,pm,150,-3637.5,-0.4374,0.9143,0.38,600.0
anchorrth_n9_pct0p1-r0,1,24,all,2730,-99307.5,-2.6751,0.8225,0.1022,1687.5
anchorrth_n9_pct0p1-r0,1,24,eve,732,-57228.0,-2.843,0.6374,0.0574,1125.0
anchorrth_n9_pct0p1-r0,1,24,asia,588,-13514.5,-0.6709,0.8905,0.0799,237.5
anchorrth_n9_pct0p1-r0,1,24,london,640,-22360.0,-1.3191,0.8327,0.1,1687.5
anchorrth_n9_pct0p1-r0,1,24,pre,172,699.5,0.0709,1.0203,0.1163,237.5
anchorrth_n9_pct0p1-r0,1,24,nyam,161,-2331.5,-0.301,0.9265,0.1366,237.5
anchorrth_n9_pct0p1-r0,1,24,mid,273,-2117.0,-0.2239,0.9589,0.1685,237.5
anchorrth_n9_pct0p1-r0,1,24,pm,164,-2456.0,-0.4231,0.9086,0.2317,237.5
anchorrth_n9_pct0p1-r1,1,25,all,2955,-69157.5,-5.8429,0.8062,0.4687,237.5
anchorrth_n9_pct0p1-r1,1,25,eve,810,-25790.0,-4.1838,0.7451,0.4494,237.5
anchorrth_n9_pct0p1-r1,1,25,asia,657,-9540.5,-1.7072,0.8749,0.4901,237.5
anchorrth_n9_pct0p1-r1,1,25,london,692,-16280.5,-2.8269,0.8062,0.4697,237.5
anchorrth_n9_pct0p1-r1,1,25,pre,183,-3557.0,-1.2013,0.8366,0.4754,237.5
anchorrth_n9_pct0p1-r1,1,25,nyam,176,-4329.0,-1.4963,0.7974,0.4659,237.5
anchorrth_n9_pct0p1-r1,1,25,mid,273,-6829.5,-1.884,0.7955,0.4689,237.5
anchorrth_n9_pct0p1-r1,1,25,pm,164,-2831.0,-1.0278,0.8498,0.4695,237.5
anchorrth_n9_pct0p1-r2,1,26,all,2833,-71694.5,-4.4923,0.8377,0.3138,237.5
anchorrth_n9_pct0p1-r2,1,26,eve,769,-27726.0,-3.3845,0.7745,0.2965,237.5
anchorrth_n9_pct0p1-r2,1,26,asia,618,-12884.5,-1.7159,0.8654,0.322,237.5
anchorrth_n9_pct0p1-r2,1,26,london,659,-11011.0,-1.4071,0.8914,0.3278,237.5
anchorrth_n9_pct0p1-r2,1,26,pre,176,-4616.5,-1.1489,0.8331,0.3068,237.5
anchorrth_n9_pct0p1-r2,1,26,nyam,174,-1396.0,-0.3441,0.9466,0.3391,237.5
anchorrth_n9_pct0p1-r2,1,26,mid,273,-8029.5,-1.6235,0.8132,0.3114,237.5
anchorrth_n9_pct0p1-r2,1,26,pm,164,-6031.0,-1.6589,0.7584,0.2927,237.5
anchorrth_n9_pct0p1-r3,1,27,all,2777,-95133.0,-5.0303,0.8049,0.2294,1687.5
anchorrth_n9_pct0p1-r3,1,27,eve,749,-41083.5,-4.3559,0.698,0.2016,287.5
anchorrth_n9_pct0p1-r3,1,27,asia,599,-24408.5,-2.8072,0.7714,0.2187,237.5
anchorrth_n9_pct0p1-r3,1,27,london,646,-12746.5,-1.3301,0.8871,0.2461,1687.5
anchorrth_n9_pct0p1-r3,1,27,pre,174,-2396.0,-0.4857,0.9189,0.2471,237.5
anchorrth_n9_pct0p1-r3,1,27,nyam,172,-2975.5,-0.6109,0.8993,0.2442,237.5
anchorrth_n9_pct0p1-r3,1,27,mid,273,-6367.0,-1.0621,0.8639,0.2491,237.5
anchorrth_n9_pct0p1-r3,1,27,pm,164,-5156.0,-1.236,0.8009,0.2622,237.5
anchorrth_n9_pct0p2-r0,1,28,all,2345,-89405.0,-1.8269,0.891,0.1881,1587.5
anchorrth_n9_pct0p2-r0,1,28,eve,586,-58244.0,-2.285,0.7373,0.128,725.0
anchorrth_n9_pct0p2-r0,1,28,asia,497,812.0,0.0309,1.0044,0.161,1500.0
anchorrth_n9_pct0p2-r0,1,28,london,530,-36007.5,-1.666,0.812,0.1792,1587.5
anchorrth_n9_pct0p2-r0,1,28,pre,163,-614.5,-0.0484,0.989,0.2025,475.0
anchorrth_n9_pct0p2-r0,1,28,nyam,152,5604.5,0.406,1.1102,0.2237,475.0
anchorrth_n9_pct0p2-r0,1,28,mid,261,6306.0,0.4643,1.0806,0.2874,487.5
anchorrth_n9_pct0p2-r0,1,28,pm,156,-7261.5,-1.0176,0.8125,0.3141,487.5
anchorrth_n9_pct0p2-r1,1,29,all,2461,-68744.0,-3.2578,0.8762,0.4762,487.5
anchorrth_n9_pct0p2-r1,1,29,eve,626,-22029.0,-2.0591,0.8479,0.4681,487.5
anchorrth_n9_pct0p2-r1,1,29,asia,528,-19474.5,-1.979,0.8412,0.4697,487.5
anchorrth_n9_pct0p2-r1,1,29,london,557,-14153.0,-1.4015,0.8876,0.4829,487.5
anchorrth_n9_pct0p2-r1,1,29,pre,167,-4893.0,-0.8773,0.8725,0.4731,475.0
anchorrth_n9_pct0p2-r1,1,29,nyam,166,4286.0,0.7783,1.1291,0.5422,475.0
anchorrth_n9_pct0p2-r1,1,29,mid,261,-2931.5,-0.4269,0.948,0.4981,487.5
anchorrth_n9_pct0p2-r1,1,29,pm,156,-9549.0,-1.962,0.7191,0.4038,487.5
anchorrth_n9_pct0p2-r2,1,30,all,2369,-102176.0,-3.62,0.8535,0.3183,1587.5
anchorrth_n9_pct0p2-r2,1,30,eve,595,-40467.5,-2.8661,0.7804,0.2891,487.5
anchorrth_n9_pct0p2-r2,1,30,asia,502,-29520.5,-2.2393,0.8094,0.3008,1500.0
anchorrth_n9_pct0p2-r2,1,30,london,533,-22682.0,-1.6578,0.8586,0.3189,1587.5
anchorrth_n9_pct0p2-r2,1,30,pre,163,-3889.5,-0.5133,0.9175,0.3252,475.0
anchorrth_n9_pct0p2-r2,1,30,nyam,159,8339.0,1.0774,1.1997,0.3899,475.0
anchorrth_n9_pct0p2-r2,1,30,mid,261,-3794.0,-0.4143,0.9466,0.364,487.5
anchorrth_n9_pct0p2-r2,1,30,pm,156,-10161.5,-1.7214,0.7319,0.3269,487.5
anchorrth_n9_pct0p2-r3,1,31,all,2352,-93958.0,-2.8008,0.8755,0.2568,1587.5
anchorrth_n9_pct0p2-r3,1,31,eve,588,-36214.5,-2.1337,0.8174,0.2245,487.5
anchorrth_n9_pct0p2-r3,1,31,asia,499,-33596.0,-2.153,0.8024,0.2285,1500.0
anchorrth_n9_pct0p2-r3,1,31,london,531,-19274.0,-1.1751,0.8898,0.2542,1587.5
anchorrth_n9_pct0p2-r3,1,31,pre,163,-6214.5,-0.6996,0.8806,0.2577,475.0
anchorrth_n9_pct0p2-r3,1,31,nyam,154,4446.5,0.4894,1.0955,0.2987,475.0
anchorrth_n9_pct0p2-r3,1,31,mid,261,1918.5,0.1771,1.0256,0.3218,487.5
anchorrth_n9_pct0p2-r3,1,31,pm,156,-5024.0,-0.7348,0.8674,0.3269,487.5
anchorsession_n21_atr1p5-r0,2,0,all,1656,-106174.0,-2.866,0.7897,0.1449,2350.0
anchorsession_n21_atr1p5-r0,2,0,eve,537,-35910.5,-1.663,0.7634,0.0875,1512.5
anchorsession_n21_atr1p5-r0,2,0,asia,341,1073.5,0.0702,1.0156,0.0938,1025.0
anchorsession_n21_atr1p5-r0,2,0,london,330,-32182.5,-2.0162,0.7013,0.1152,2350.0
anchorsession_n21_atr1p5-r0,2,0,pre,139,769.0,0.0539,1.0151,0.1583,1087.5
anchorsession_n21_atr1p5-r0,2,0,nyam,105,-18207.5,-1.9195,0.629,0.2095,1287.5
anchorsession_n21_atr1p5-r0,2,0,mid,85,-14102.5,-1.7379,0.6454,0.2941,1700.0
anchorsession_n21_atr1p5-r0,2,0,pm,119,-7613.5,-0.995,0.7931,0.4538,1950.0
anchorsession_n21_atr1p5-r1,2,1,all,1860,-61915.0,-3.3529,0.8304,0.457,1912.5
anchorsession_n21_atr1p5-r1,2,1,eve,617,-26180.5,-3.0076,0.7541,0.4489,1512.5
anchorsession_n21_atr1p5-r1,2,1,asia,391,-11776.5,-2.3114,0.763,0.4271,962.5
anchorsession_n21_atr1p5-r1,2,1,london,376,-7904.0,-1.036,0.888,0.484,1250.0
anchorsession_n21_atr1p5-r1,2,1,pre,147,-4550.5,-0.7652,0.8703,0.4694,1012.5
anchorsession_n21_atr1p5-r1,2,1,nyam,113,-1314.5,-0.197,0.9609,0.4779,1287.5
anchorsession_n21_atr1p5-r1,2,1,mid,90,-11372.5,-1.707,0.6794,0.4222,1700.0
anchorsession_n21_atr1p5-r1,2,1,pm,126,1183.5,0.1563,1.0346,0.5,1912.5
anchorsession_n21_atr1p5-r2,2,2,all,1715,-60285.0,-2.5535,0.8579,0.316,1950.0
anchorsession_n21_atr1p5-r2,2,2,eve,563,-30827.0,-2.7457,0.7563,0.2948,1512.5
anchorsession_n21_atr1p5-r2,2,2,asia,354,-6541.0,-0.9452,0.881,0.2853,875.0
anchorsession_n21_atr1p5-r2,2,2,london,345,-9405.0,-0.9161,0.8904,0.3101,1250.0
anchorsession_n21_atr1p5-r2,2,2,pre,140,8702.5,0.9984,1.2226,0.3571,1087.5
anchorsession_n21_atr1p5-r2,2,2,nyam,107,-7903.0,-0.9182,0.8177,0.3084,1287.5
anchorsession_n21_atr1p5-r2,2,2,mid,86,-6556.5,-0.7732,0.8267,0.3488,1700.0
anchorsession_n21_atr1p5-r2,2,2,pm,120,-7755.0,-1.0282,0.79,0.4583,1950.0
anchorsession_n21_atr1p5-r3,2,3,all,1677,-70883.0,-2.5839,0.8454,0.2445,2350.0
anchorsession_n21_atr1p5-r3,2,3,eve,546,-35471.5,-2.6771,0.7404,0.2088,1512.5
anchorsession_n21_atr1p5-r3,2,3,asia,344,-638.5,-0.0716,0.989,0.218,875.0
anchorsession_n21_atr1p5-r3,2,3,london,337,-8398.0,-0.6581,0.9116,0.2404,2350.0
anchorsession_n21_atr1p5-r3,2,3,pre,140,3277.5,0.3097,1.0714,0.2429,1087.5
anchorsession_n21_atr1p5-r3,2,3,nyam,106,-12561.5,-1.3113,0.7371,0.2358,1287.5
anchorsession_n21_atr1p5-r3,2,3,mid,85,-12065.0,-1.4438,0.6934,0.3059,1700.0
anchorsession_n21_atr1p5-r3,2,3,pm,119,-5026.0,-0.6398,0.8602,0.4622,1950.0
anchorsession_n21_atr3-r0,2,4,all,1508,-131107.0,-2.6792,0.8219,0.242,3887.5
anchorsession_n21_atr3-r0,2,4,eve,467,-59980.5,-2.176,0.7455,0.167,3025.0
anchorsession_n21_atr3-r0,2,4,asia,314,-2768.5,-0.1346,0.9752,0.1529,1862.5
anchorsession_n21_atr3-r0,2,4,london,285,-28827.5,-1.2867,0.813,0.2386,2500.0
anchorsession_n21_atr3-r0,2,4,pre,139,-1981.0,-0.1117,0.9747,0.295,2187.5
anchorsession_n21_atr3-r0,2,4,nyam,102,-16208.0,-1.2038,0.7526,0.3725,2462.5
anchorsession_n21_atr3-r0,2,4,mid,84,-11148.5,-0.9666,0.7721,0.4286,2162.5
anchorsession_n21_atr3-r0,2,4,pm,117,-10193.0,-1.0999,0.7567,0.4786,3887.5
anchorsession_n21_atr3-r1,2,5,all,1576,-58216.5,-1.8354,0.8954,0.4791,3887.5
anchorsession_n21_atr3-r1,2,5,eve,494,-33438.5,-2.0982,0.8013,0.4636,3025.0
anchorsession_n21_atr3-r1,2,5,asia,334,-573.5,-0.0631,0.9921,0.491,1100.0
anchorsession_n21_atr3-r1,2,5,london,300,-4325.0,-0.311,0.9607,0.4833,2500.0
anchorsession_n21_atr3-r1,2,5,pre,140,6327.5,0.5475,1.1076,0.5071,2187.5
anchorsession_n21_atr3-r1,2,5,nyam,104,-12816.0,-1.1092,0.7856,0.4615,2462.5
anchorsession_n21_atr3-r1,2,5,mid,85,-4465.0,-0.3971,0.9027,0.4824,2162.5
anchorsession_n21_atr3-r1,2,5,pm,119,-8926.0,-0.9686,0.7832,0.479,3887.5
anchorsession_n21_atr3-r2,2,6,all,1515,-72885.0,-1.8407,0.8893,0.3439,3887.5
anchorsession_n21_atr3-r2,2,6,eve,471,-41609.0,-2.0758,0.7956,0.31,3025.0
anchorsession_n21_atr3-r2,2,6,asia,314,-2556.0,-0.1968,0.9719,0.3089,1100.0
anchorsession_n21_atr3-r2,2,6,london,288,-6752.0,-0.3608,0.9508,0.3368,2500.0
anchorsession_n21_atr3-r2,2,6,pre,139,6506.5,0.4202,1.0893,0.3453,2187.5
anchorsession_n21_atr3-r2,2,6,nyam,102,-14558.0,-1.1033,0.7753,0.3824,2462.5
anchorsession_n21_atr3-r2,2,6,mid,84,-8061.0,-0.6767,0.8324,0.4405,2162.5
anchorsession_n21_atr3-r2,2,6,pm,117,-5855.5,-0.6003,0.8558,0.4872,3887.5
anchorsession_n21_atr3-r3,2,7,all,1511,-99306.5,-2.294,0.8582,0.2905,3887.5
anchorsession_n21_atr3-r3,2,7,eve,469,-40251.0,-1.7109,0.8164,0.2409,3025.0
anchorsession_n21_atr3-r3,2,7,asia,314,-8581.0,-0.5882,0.9152,0.2293,1862.5
anchorsession_n21_atr3-r3,2,7,london,286,-7819.0,-0.3741,0.9461,0.2902,2500.0
anchorsession_n21_atr3-r3,2,7,pre,139,-7068.5,-0.4367,0.9098,0.295,2187.5
anchorsession_n21_atr3-r3,2,7,nyam,102,-14245.5,-1.0172,0.7826,0.3725,2462.5
anchorsession_n21_atr3-r3,2,7,mid,84,-11148.5,-0.9666,0.7721,0.4286,2162.5
anchorsession_n21_atr3-r3,2,7,pm,117,-10193.0,-1.0999,0.7567,0.4786,3887.5
anchorsession_n21_pts2p5-r0,2,8,all,1824,-69458.5,-3.207,0.7164,0.0559,1562.5
anchorsession_n21_pts2p5-r0,2,8,eve,601,-27716.5,-2.2193,0.659,0.0433,175.0
anchorsession_n21_pts2p5-r0,2,8,asia,354,-18153.5,-1.9161,0.6216,0.0424,125.0
anchorsession_n21_pts2p5-r0,2,8,london,385,-8252.5,-0.7022,0.845,0.0494,1562.5
anchorsession_n21_pts2p5-r0,2,8,pre,142,144.5,0.0219,1.0077,0.0704,125.0
anchorsession_n21_pts2p5-r0,2,8,nyam,111,-4106.5,-0.9716,0.7155,0.0811,125.0
anchorsession_n21_pts2p5-r0,2,8,mid,106,-11086.5,-4.675,0.2393,0.0283,125.0
anchorsession_n21_pts2p5-r0,2,8,pm,125,-287.5,-0.0667,0.9805,0.16,125.0
anchorsession_n21_pts2p5-r1,2,9,all,2059,-62186.0,-10.5618,0.6294,0.424,125.0
anchorsession_n21_pts2p5-r1,2,9,eve,697,-20138.0,-5.867,0.6424,0.429,125.0
anchorsession_n21_pts2p5-r1,2,9,asia,406,-15186.5,-5.8622,0.5619,0.3966,125.0
anchorsession_n21_pts2p5-r1,2,9,london,432,-10728.0,-3.9525,0.6841,0.4444,125.0
anchorsession_n21_pts2p5-r1,2,9,pre,155,-3820.0,-2.3443,0.6861,0.4452,125.0
anchorsession_n21_pts2p5-r1,2,9,nyam,118,628.0,0.4417,1.0853,0.5593,125.0
anchorsession_n21_pts2p5-r1,2,9,mid,112,-5610.5,-4.2203,0.4568,0.3482,125.0
anchorsession_n21_pts2p5-r1,2,9,pm,139,-7331.0,-4.9892,0.4369,0.3381,125.0
anchorsession_n21_pts2p5-r2,2,10,all,1976,-65916.5,-8.532,0.6729,0.2794,125.0
anchorsession_n21_pts2p5-r2,2,10,eve,657,-22053.0,-4.9492,0.6712,0.2785,125.0
anchorsession_n21_pts2p5-r2,2,10,asia,380,-20057.5,-6.3115,0.5162,0.2289,125.0
anchorsession_n21_pts2p5-r2,2,10,london,423,-10642.0,-2.9098,0.7459,0.3002,125.0
anchorsession_n21_pts2p5-r2,2,10,pre,151,-829.0,-0.3636,0.9402,0.351,125.0
anchorsession_n21_pts2p5-r2,2,10,nyam,116,-139.0,-0.069,0.9867,0.3621,125.0
anchorsession_n21_pts2p5-r2,2,10,mid,111,-6406.5,-3.7947,0.4796,0.2162,125.0
anchorsession_n21_pts2p5-r2,2,10,pm,138,-5789.5,-2.9141,0.5989,0.2609,125.0
anchorsession_n21_pts2p5-r3,2,11,all,1919,-66501.0,-7.2947,0.6904,0.209,125.0
anchorsession_n21_pts2p5-r3,2,11,eve,635,-20665.0,-3.9078,0.7079,0.2126,125.0
anchorsession_n21_pts2p5-r3,2,11,asia,366,-19501.5,-5.2617,0.5451,0.1721,125.0
anchorsession_n21_pts2p5-r3,2,11,london,410,-9327.5,-2.1277,0.7907,0.2317,125.0
anchorsession_n21_pts2p5-r3,2,11,pre,148,-4029.5,-1.5474,0.7524,0.223,125.0
anchorsession_n21_pts2p5-r3,2,11,nyam,115,-385.0,-0.1572,0.9676,0.2696,125.0
anchorsession_n21_pts2p5-r3,2,11,mid,109,-9273.5,-5.5117,0.3244,0.1101,125.0
anchorsession_n21_pts2p5-r3,2,11,pm,136,-3319.0,-1.3295,0.7745,0.2353,125.0
anchorsession_n21_pts5-r0,2,12,all,1658,-54457.0,-1.7086,0.861,0.1188,2350.0
anchorsession_n21_pts5-r0,2,12,eve,537,-19810.5,-0.9658,0.849,0.0838,725.0
anchorsession_n21_pts5-r0,2,12,asia,325,-12150.0,-0.8407,0.8447,0.0985,400.0
anchorsession_n21_pts5-r0,2,12,london,338,-12227.0,-0.8283,0.8542,0.1036,2350.0
anchorsession_n21_pts5-r0,2,12,pre,139,-1268.5,-0.1441,0.961,0.1223,250.0
anchorsession_n21_pts5-r0,2,12,nyam,106,-2636.5,-0.4081,0.8888,0.1604,250.0
anchorsession_n21_pts5-r0,2,12,mid,92,-7155.5,-1.4549,0.6571,0.1413,250.0
anchorsession_n21_pts5-r0,2,12,pm,121,791.0,0.1514,1.0369,0.314,250.0
anchorsession_n21_pts5-r1,2,13,all,1863,-52002.0,-4.7188,0.8036,0.4654,250.0
anchorsession_n21_pts5-r1,2,13,eve,608,-17507.0,-2.7757,0.7985,0.4638,250.0
anchorsession_n21_pts5-r1,2,13,asia,358,-16482.0,-3.4283,0.6968,0.4302,250.0
anchorsession_n21_pts5-r1,2,13,london,391,-7339.0,-1.4473,0.8637,0.4834,250.0
anchorsession_n21_pts5-r1,2,13,pre,150,512.5,0.163,1.0271,0.5267,250.0
anchorsession_n21_pts5-r1,2,13,nyam,115,-410.0,-0.1486,0.9725,0.513,250.0
anchorsession_n21_pts5-r1,2,13,mid,104,-4653.5,-1.7884,0.704,0.4327,250.0
anchorsession_n21_pts5-r1,2,13,pm,137,-6123.0,-2.0972,0.6954,0.4307,250.0
anchorsession_n21_pts5-r2,2,14,all,1749,-64108.5,-4.401,0.802,0.3036,250.0
anchorsession_n21_pts5-r2,2,14,eve,568,-24084.5,-2.9075,0.7746,0.294,250.0
anchorsession_n21_pts5-r2,2,14,asia,331,-13486.5,-2.1263,0.7828,0.2961,250.0
anchorsession_n21_pts5-r2,2,14,london,366,-7201.5,-1.0553,0.8906,0.3251,250.0
anchorsession_n21_pts5-r2,2,14,pre,144,-4826.0,-1.141,0.8189,0.3056,250.0
anchorsession_n21_pts5-r2,2,14,nyam,112,-873.0,-0.2275,0.9557,0.3393,250.0
anchorsession_n21_pts5-r2,2,14,mid,98,-9379.5,-3.0,0.5326,0.2245,250.0
anchorsession_n21_pts5-r2,2,14,pm,130,-4257.5,-1.1169,0.8107,0.3308,250.0
anchorsession_n21_pts5-r3,2,15,all,1703,-65162.0,-3.7518,0.8131,0.2325,1562.5
anchorsession_n21_pts5-r3,2,15,eve,554,-22391.0,-2.2565,0.8046,0.2238,250.0
anchorsession_n21_pts5-r3,2,15,asia,327,-17283.0,-2.3099,0.7486,0.211,250.0
anchorsession_n21_pts5-r3,2,15,london,350,-10087.5,-1.2287,0.8601,0.24,1562.5
anchorsession_n21_pts5-r3,2,15,pre,141,-1126.5,-0.2141,0.9597,0.2553,250.0
anchorsession_n21_pts5-r3,2,15,nyam,110,-2402.5,-0.5293,0.8914,0.2455,250.0
anchorsession_n21_pts5-r3,2,15,mid,96,-10296.5,-2.9097,0.5128,0.1667,250.0
anchorsession_n21_pts5-r3,2,15,pm,125,-1575.0,-0.3591,0.9283,0.32,250.0
anchorsession_n21_pts8-r0,2,16,all,1564,-98468.5,-2.5868,0.817,0.1682,2350.0
anchorsession_n21_pts8-r0,2,16,eve,494,-55538.5,-2.5217,0.694,0.1154,725.0
anchorsession_n21_pts8-r0,2,16,asia,313,18135.5,0.8615,1.1705,0.1821,412.5
anchorsession_n21_pts8-r0,2,16,london,306,-21511.5,-1.256,0.8037,0.1569,2350.0
anchorsession_n21_pts8-r0,2,16,pre,139,-7231.0,-0.6788,0.8502,0.1655,400.0
anchorsession_n21_pts8-r0,2,16,nyam,106,-12299.0,-1.7317,0.6504,0.1887,400.0
anchorsession_n21_pts8-r0,2,16,mid,87,-15748.0,-2.9811,0.4635,0.1724,400.0
anchorsession_n21_pts8-r0,2,16,pm,119,-4276.0,-0.749,0.8456,0.3613,400.0
anchorsession_n21_pts8-r1,2,17,all,1696,-61984.0,-3.731,0.8339,0.467,412.5
anchorsession_n21_pts8-r1,2,17,eve,539,-25431.0,-2.705,0.7923,0.4545,400.0
anchorsession_n21_pts8-r1,2,17,asia,331,-6249.0,-0.8443,0.9112,0.4894,412.5
anchorsession_n21_pts8-r1,2,17,london,339,-7431.0,-0.9938,0.8975,0.4867,400.0
anchorsession_n21_pts8-r1,2,17,pre,145,-9205.0,-1.8915,0.7305,0.4345,400.0
anchorsession_n21_pts8-r1,2,17,nyam,113,-3189.5,-0.736,0.8702,0.4779,400.0
anchorsession_n21_pts8-r1,2,17,mid,96,-7184.0,-1.8277,0.688,0.4167,400.0
anchorsession_n21_pts8-r1,2,17,pm,133,-3294.5,-0.7466,0.874,0.4737,400.0
anchorsession_n21_pts8-r2,2,18,all,1607,-75315.5,-3.4108,0.8349,0.3118,1587.5
anchorsession_n21_pts8-r2,2,18,eve,510,-35740.0,-2.8893,0.7643,0.2863,400.0
anchorsession_n21_pts8-r2,2,18,asia,316,-4701.5,-0.4645,0.9463,0.3323,412.5
anchorsession_n21_pts8-r2,2,18,london,317,-11618.0,-1.1491,0.8718,0.3186,1587.5
anchorsession_n21_pts8-r2,2,18,pre,140,-3747.5,-0.5573,0.9053,0.3214,400.0
anchorsession_n21_pts8-r2,2,18,nyam,110,-6402.5,-1.1193,0.7963,0.3,400.0
anchorsession_n21_pts8-r2,2,18,mid,90,-10872.5,-2.2668,0.6013,0.2556,400.0
anchorsession_n21_pts8-r2,2,18,pm,124,-2233.5,-0.4116,0.9204,0.3871,400.0
anchorsession_n21_pts8-r3,2,19,all,1583,-84194.5,-3.2175,0.83,0.2445,2350.0
anchorsession_n21_pts8-r3,2,19,eve,498,-47942.0,-3.3565,0.7101,0.2028,400.0
anchorsession_n21_pts8-r3,2,19,asia,315,-7747.5,-0.6358,0.9213,0.2476,412.5
anchorsession_n21_pts8-r3,2,19,london,311,-6806.5,-0.5459,0.9305,0.2637,2350.0
anchorsession_n21_pts8-r3,2,19,pre,140,-2635.0,-0.3242,0.9392,0.2571,400.0
anchorsession_n21_pts8-r3,2,19,nyam,108,-4419.5,-0.6417,0.8665,0.25,400.0
anchorsession_n21_pts8-r3,2,19,mid,89,-11256.0,-2.0602,0.6053,0.2135,400.0
anchorsession_n21_pts8-r3,2,19,pm,122,-3388.0,-0.5833,0.8812,0.3607,400.0
anchorsession_n21_pts12-r0,2,20,all,1510,-127302.5,-2.8945,0.8163,0.2331,2350.0
anchorsession_n21_pts12-r0,2,20,eve,465,-48910.0,-1.8799,0.7847,0.1957,725.0
anchorsession_n21_pts12-r0,2,20,asia,311,12143.5,0.5059,1.0844,0.2283,600.0
anchorsession_n21_pts12-r0,2,20,london,287,-40685.5,-2.1723,0.7129,0.2056,2350.0
anchorsession_n21_pts12-r0,2,20,pre,139,-12706.0,-1.0215,0.8031,0.223,600.0
anchorsession_n21_pts12-r0,2,20,nyam,104,-18928.5,-2.1174,0.6044,0.2308,600.0
anchorsession_n21_pts12-r0,2,20,mid,85,-11090.0,-1.5296,0.6767,0.3059,600.0
anchorsession_n21_pts12-r0,2,20,pm,119,-7126.0,-1.0958,0.788,0.4202,600.0
anchorsession_n21_pts12-r1,2,21,all,1582,-68453.0,-2.8907,0.8635,0.4722,675.0
anchorsession_n21_pts12-r1,2,21,eve,486,-25794.0,-1.9368,0.8387,0.465,675.0
anchorsession_n21_pts12-r1,2,21,asia,317,-11280.5,-1.0478,0.8886,0.4763,600.0
anchorsession_n21_pts12-r1,2,21,london,306,-15236.5,-1.442,0.8476,0.4673,612.5
anchorsession_n21_pts12-r1,2,21,pre,143,-5709.5,-0.7857,0.8765,0.4755,600.0
anchorsession_n21_pts12-r1,2,21,nyam,110,-2990.0,-0.4762,0.9118,0.4909,600.0
anchorsession_n21_pts12-r1,2,21,mid,91,-3614.0,-0.6495,0.869,0.4725,600.0
anchorsession_n21_pts12-r1,2,21,pm,129,-3828.5,-0.6508,0.8825,0.4806,600.0
anchorsession_n21_pts12-r2,2,22,all,1530,-75057.5,-2.3731,0.8776,0.332,2350.0
anchorsession_n21_pts12-r2,2,22,eve,469,-26888.5,-1.5015,0.8633,0.3156,600.0
anchorsession_n21_pts12-r2,2,22,asia,313,-5889.5,-0.3973,0.9533,0.3291,600.0
anchorsession_n21_pts12-r2,2,22,london,292,-15105.5,-1.0468,0.8768,0.3288,2350.0
anchorsession_n21_pts12-r2,2,22,pre,140,-2947.5,-0.3004,0.9471,0.3357,600.0
anchorsession_n21_pts12-r2,2,22,nyam,107,-10228.0,-1.2593,0.7683,0.3084,600.0
anchorsession_n21_pts12-r2,2,22,mid,87,-9910.5,-1.4665,0.7058,0.3333,600.0
anchorsession_n21_pts12-r2,2,22,pm,122,-4088.0,-0.6004,0.8806,0.4262,600.0
anchorsession_n21_pts12-r3,2,23,all,1520,-29842.5,-0.7906,0.9538,0.2901,2350.0
anchorsession_n21_pts12-r3,2,23,eve,467,-25718.0,-1.2194,0.8785,0.257,725.0
anchorsession_n21_pts12-r3,2,23,asia,312,17139.5,0.9275,1.1291,0.2917,600.0
anchorsession_n21_pts12-r3,2,23,london,289,-11006.0,-0.6424,0.9158,0.2734,2350.0
anchorsession_n21_pts12-r3,2,23,pre,140,865.0,0.0734,1.0145,0.2857,600.0
anchorsession_n21_pts12-r3,2,23,nyam,106,-4536.5,-0.4644,0.9,0.283,600.0
anchorsession_n21_pts12-r3,2,23,mid,86,-4881.5,-0.6102,0.8551,0.3256,600.0
anchorsession_n21_pts12-r3,2,23,pm,120,-1705.0,-0.2432,0.9473,0.4417,600.0
anchorsession_n21_pct0p1-r0,2,24,all,1689,-49681.0,-1.6761,0.8573,0.1054,2350.0
anchorsession_n21_pct0p1-r0,2,24,eve,553,-15662.0,-0.8024,0.8656,0.0741,237.5
anchorsession_n21_pct0p1-r0,2,24,asia,327,-14845.5,-1.1902,0.7841,0.0826,237.5
anchorsession_n21_pct0p1-r0,2,24,london,343,-12897.0,-0.9233,0.8287,0.0875,2350.0
anchorsession_n21_pct0p1-r0,2,24,pre,139,3544.0,0.4092,1.1279,0.1223,237.5
anchorsession_n21_pct0p1-r0,2,24,nyam,110,-7252.5,-1.4066,0.6751,0.1182,237.5
anchorsession_n21_pct0p1-r0,2,24,mid,96,-6396.5,-1.4044,0.6655,0.125,237.5
anchorsession_n21_pct0p1-r0,2,24,pm,121,3828.5,0.7559,1.2083,0.314,237.5
anchorsession_n21_pct0p1-r1,2,25,all,1914,-48143.5,-5.0335,0.7941,0.465,237.5
anchorsession_n21_pct0p1-r1,2,25,eve,635,-18727.5,-3.4134,0.7624,0.4551,237.5
anchorsession_n21_pct0p1-r1,2,25,asia,369,-11963.5,-2.8486,0.7431,0.4499,237.5
anchorsession_n21_pct0p1-r1,2,25,london,397,-8813.0,-2.0166,0.8162,0.4736,237.5
anchorsession_n21_pct0p1-r1,2,25,pre,153,938.0,0.3478,1.0582,0.5359,237.5
anchorsession_n21_pct0p1-r1,2,25,nyam,116,-1051.5,-0.4398,0.9211,0.5,237.5
anchorsession_n21_pct0p1-r1,2,25,mid,107,-3740.5,-1.6433,0.727,0.4393,237.5
anchorsession_n21_pct0p1-r1,2,25,pm,137,-4785.5,-1.8737,0.7243,0.438,237.5
anchorsession_n21_pct0p1-r2,2,26,all,1803,-50562.0,-3.9773,0.8217,0.3117,237.5
anchorsession_n21_pct0p1-r2,2,26,eve,593,-16347.0,-2.2393,0.8249,0.312,237.5
anchorsession_n21_pct0p1-r2,2,26,asia,341,-15964.0,-2.9509,0.7162,0.2815,237.5
anchorsession_n21_pct0p1-r2,2,26,london,377,-6470.5,-1.0946,0.8884,0.3289,237.5
anchorsession_n21_pct0p1-r2,2,26,pre,144,-2776.0,-0.7598,0.8751,0.3194,237.5
anchorsession_n21_pct0p1-r2,2,26,nyam,113,-1614.5,-0.489,0.9075,0.3274,237.5
anchorsession_n21_pct0p1-r2,2,26,mid,102,-7620.5,-2.713,0.5707,0.2353,237.5
anchorsession_n21_pct0p1-r2,2,26,pm,133,230.5,0.0666,1.0124,0.3759,237.5
anchorsession_n21_pct0p1-r3,2,27,all,1756,-59249.0,-3.9481,0.8076,0.2318,337.5
anchorsession_n21_pct0p1-r3,2,27,eve,575,-26262.5,-3.1124,0.7458,0.2139,237.5
anchorsession_n21_pct0p1-r3,2,27,asia,330,-13382.5,-2.0539,0.7739,0.2182,237.5
anchorsession_n21_pct0p1-r3,2,27,london,366,-8989.0,-1.2839,0.8588,0.2404,337.5
anchorsession_n21_pct0p1-r3,2,27,pre,143,2240.5,0.4796,1.0961,0.2797,237.5
anchorsession_n21_pct0p1-r3,2,27,nyam,113,-3189.5,-0.8087,0.8405,0.2301,237.5
anchorsession_n21_pct0p1-r3,2,27,mid,100,-8662.5,-2.7243,0.5412,0.17,237.5
anchorsession_n21_pct0p1-r3,2,27,pm,129,-1003.5,-0.2593,0.9488,0.3178,237.5
anchorsession_n21_pct0p2-r0,2,28,all,1556,-94499.0,-2.429,0.8301,0.1793,2350.0
anchorsession_n21_pct0p2-r0,2,28,eve,487,-41435.5,-1.7956,0.7747,0.1376,725.0
anchorsession_n21_pct0p2-r0,2,28,asia,312,19214.5,0.8906,1.1728,0.1891,487.5
anchorsession_n21_pct0p2-r0,2,28,london,306,-33786.5,-2.0326,0.7092,0.1536,2350.0
anchorsession_n21_pct0p2-r0,2,28,pre,139,-6256.0,-0.578,0.8732,0.1799,475.0
anchorsession_n21_pct0p2-r0,2,28,nyam,106,-14561.5,-2.0215,0.6111,0.1887,475.0
anchorsession_n21_pct0p2-r0,2,28,mid,87,-11835.5,-2.0217,0.5921,0.2069,475.0
anchorsession_n21_pct0p2-r0,2,28,pm,119,-5838.5,-1.0052,0.8004,0.3613,475.0
anchorsession_n21_pct0p2-r1,2,29,all,1683,-57319.5,-3.2718,0.8517,0.4718,487.5
anchorsession_n21_pct0p2-r1,2,29,eve,531,-23349.0,-2.3646,0.8141,0.4633,487.5
anchorsession_n21_pct0p2-r1,2,29,asia,330,-6557.5,-0.8354,0.9117,0.4909,487.5
anchorsession_n21_pct0p2-r1,2,29,london,338,-7564.5,-0.9569,0.9007,0.4882,475.0
anchorsession_n21_pct0p2-r1,2,29,pre,144,-6838.5,-1.3256,0.8011,0.4514,475.0
anchorsession_n21_pct0p2-r1,2,29,nyam,112,-623.0,-0.1348,0.9747,0.5,475.0
anchorsession_n21_pct0p2-r1,2,29,mid,95,-7942.5,-1.9489,0.6668,0.4,475.0
anchorsession_n21_pct0p2-r1,2,29,pm,133,-4444.5,-0.9634,0.8391,0.4662,475.0
anchorsession_n21_pct0p2-r2,2,30,all,1599,-78246.0,-3.3614,0.8363,0.3139,1587.5
anchorsession_n21_pct0p2-r2,2,30,eve,503,-35337.0,-2.7179,0.7748,0.2922,487.5
anchorsession_n21_pct0p2-r2,2,30,asia,316,-9564.0,-0.8989,0.8987,0.3228,487.5
anchorsession_n21_pct0p2-r2,2,30,london,317,-11893.0,-1.1103,0.8756,0.3218,1587.5
anchorsession_n21_pct0p2-r2,2,30,pre,140,-2947.5,-0.4137,0.9283,0.3214,475.0
anchorsession_n21_pct0p2-r2,2,30,nyam,109,-7911.0,-1.3197,0.7634,0.2936,475.0
anchorsession_n21_pct0p2-r2,2,30,mid,90,-8035.0,-1.555,0.7019,0.2889,475.0
anchorsession_n21_pct0p2-r2,2,30,pm,124,-2558.5,-0.4476,0.9132,0.3871,475.0
anchorsession_n21_pct0p2-r3,2,31,all,1573,-59279.5,-2.119,0.8839,0.2575,2350.0
anchorsession_n21_pct0p2-r3,2,31,eve,490,-34010.0,-2.2103,0.7962,0.2265,487.5
anchorsession_n21_pct0p2-r3,2,31,asia,314,506.5,0.0384,1.005,0.2643,487.5
anchorsession_n21_pct0p2-r3,2,31,london,310,-8740.0,-0.6665,0.9157,0.2613,2350.0
anchorsession_n21_pct0p2-r3,2,31,pre,140,-635.0,-0.0736,0.9858,0.2643,475.0
anchorsession_n21_pct0p2-r3,2,31,nyam,108,-6532.0,-0.9053,0.8167,0.2407,475.0
anchorsession_n21_pct0p2-r3,2,31,mid,90,-5797.5,-0.9356,0.7945,0.2556,475.0
anchorsession_n21_pct0p2-r3,2,31,pm,121,-4071.5,-0.6752,0.8632,0.3636,475.0
anchorrth_n21_atr1p5-r0,3,0,all,1795,-88430.0,-2.2744,0.838,0.1677,2350.0
anchorrth_n21_atr1p5-r0,3,0,eve,537,-35910.5,-1.663,0.7634,0.0875,1512.5
anchorrth_n21_atr1p5-r0,3,0,asia,341,1073.5,0.0702,1.0156,0.0938,1025.0
anchorrth_n21_atr1p5-r0,3,0,london,330,-32182.5,-2.0162,0.7013,0.1152,2350.0
anchorrth_n21_atr1p5-r0,3,0,pre,139,769.0,0.0539,1.0151,0.1583,1087.5
anchorrth_n21_atr1p5-r0,3,0,nyam,105,-18207.5,-1.9195,0.629,0.2095,1287.5
anchorrth_n21_atr1p5-r0,3,0,mid,165,4102.5,0.3335,1.0649,0.4,1587.5
anchorrth_n21_atr1p5-r0,3,0,pm,178,-8074.5,-0.7608,0.8518,0.4157,1912.5
anchorrth_n21_atr1p5-r1,3,1,all,1993,-62122.0,-3.0783,0.8466,0.4591,1912.5
anchorrth_n21_atr1p5-r1,3,1,eve,617,-26180.5,-3.0076,0.7541,0.4489,1512.5
anchorrth_n21_atr1p5-r1,3,1,asia,391,-11776.5,-2.3114,0.763,0.4271,962.5
anchorrth_n21_atr1p5-r1,3,1,london,376,-7904.0,-1.036,0.888,0.484,1250.0
anchorrth_n21_atr1p5-r1,3,1,pre,147,-4550.5,-0.7652,0.8703,0.4694,1012.5
anchorrth_n21_atr1p5-r1,3,1,nyam,113,-1314.5,-0.197,0.9609,0.4779,1287.5
anchorrth_n21_atr1p5-r1,3,1,mid,168,-2372.0,-0.2526,0.958,0.494,1587.5
anchorrth_n21_atr1p5-r1,3,1,pm,181,-8024.0,-0.8929,0.8487,0.4586,1912.5
anchorrth_n21_atr1p5-r2,3,2,all,1854,-53228.5,-2.0692,0.8859,0.3242,1912.5
anchorrth_n21_atr1p5-r2,3,2,eve,563,-30827.0,-2.7457,0.7563,0.2948,1512.5
anchorrth_n21_atr1p5-r2,3,2,asia,354,-6541.0,-0.9452,0.881,0.2853,875.0
anchorrth_n21_atr1p5-r2,3,2,london,345,-9405.0,-0.9161,0.8904,0.3101,1250.0
anchorrth_n21_atr1p5-r2,3,2,pre,140,8702.5,0.9984,1.2226,0.3571,1087.5
anchorrth_n21_atr1p5-r2,3,2,nyam,107,-7903.0,-0.9182,0.8177,0.3084,1287.5
anchorrth_n21_atr1p5-r2,3,2,mid,166,3023.5,0.2647,1.0489,0.4217,1587.5
anchorrth_n21_atr1p5-r2,3,2,pm,179,-10278.5,-1.0157,0.813,0.4134,1912.5
anchorrth_n21_atr1p5-r3,3,3,all,1817,-56530.5,-1.8943,0.8871,0.2587,2350.0
anchorrth_n21_atr1p5-r3,3,3,eve,546,-35471.5,-2.6771,0.7404,0.2088,1512.5
anchorrth_n21_atr1p5-r3,3,3,asia,344,-638.5,-0.0716,0.989,0.218,875.0
anchorrth_n21_atr1p5-r3,3,3,london,337,-8398.0,-0.6581,0.9116,0.2404,2350.0
anchorrth_n21_atr1p5-r3,3,3,pre,140,3277.5,0.3097,1.0714,0.2429,1087.5
anchorrth_n21_atr1p5-r3,3,3,nyam,106,-12561.5,-1.3113,0.7371,0.2358,1287.5
anchorrth_n21_atr1p5-r3,3,3,mid,165,6302.5,0.5089,1.1009,0.4061,1587.5
anchorrth_n21_atr1p5-r3,3,3,pm,179,-9041.0,-0.838,0.8355,0.4134,1912.5
anchorrth_n21_atr3-r0,3,4,all,1631,-104724.0,-2.0712,0.8641,0.2643,3025.0
anchorrth_n21_atr3-r0,3,4,eve,467,-59980.5,-2.176,0.7455,0.167,3025.0
anchorrth_n21_atr3-r0,3,4,asia,314,-2768.5,-0.1346,0.9752,0.1529,1862.5
anchorrth_n21_atr3-r0,3,4,london,285,-28827.5,-1.2867,0.813,0.2386,2500.0
anchorrth_n21_atr3-r0,3,4,pre,139,-1981.0,-0.1117,0.9747,0.295,2187.5
anchorrth_n21_atr3-r0,3,4,nyam,102,-16208.0,-1.2038,0.7526,0.3725,2462.5
anchorrth_n21_atr3-r0,3,4,mid,161,1406.0,0.0944,1.0182,0.5093,2237.5
anchorrth_n21_atr3-r0,3,4,pm,163,3635.5,0.2905,1.0756,0.4663,2487.5
anchorrth_n21_atr3-r1,3,5,all,1697,-49488.0,-1.4946,0.9166,0.4826,3025.0
anchorrth_n21_atr3-r1,3,5,eve,494,-33438.5,-2.0982,0.8013,0.4636,3025.0
anchorrth_n21_atr3-r1,3,5,asia,334,-573.5,-0.0631,0.9921,0.491,1100.0
anchorrth_n21_atr3-r1,3,5,london,300,-4325.0,-0.311,0.9607,0.4833,2500.0
anchorrth_n21_atr3-r1,3,5,pre,140,6327.5,0.5475,1.1076,0.5071,2187.5
anchorrth_n21_atr3-r1,3,5,nyam,104,-12816.0,-1.1092,0.7856,0.4615,2462.5
anchorrth_n21_atr3-r1,3,5,mid,161,-131.5,-0.0095,0.9982,0.5342,2237.5
anchorrth_n21_atr3-r1,3,5,pm,164,-4531.0,-0.4335,0.9077,0.4634,2487.5
anchorrth_n21_atr3-r2,3,6,all,1639,-56518.5,-1.3749,0.9187,0.3575,3025.0
anchorrth_n21_atr3-r2,3,6,eve,471,-41609.0,-2.0758,0.7956,0.31,3025.0
anchorrth_n21_atr3-r2,3,6,asia,314,-2556.0,-0.1968,0.9719,0.3089,1100.0
anchorrth_n21_atr3-r2,3,6,london,288,-6752.0,-0.3608,0.9508,0.3368,2500.0
anchorrth_n21_atr3-r2,3,6,pre,139,6506.5,0.4202,1.0893,0.3453,2187.5
anchorrth_n21_atr3-r2,3,6,nyam,102,-14558.0,-1.1033,0.7753,0.3824,2462.5
anchorrth_n21_atr3-r2,3,6,mid,161,2718.5,0.1838,1.0355,0.5155,2237.5
anchorrth_n21_atr3-r2,3,6,pm,164,-268.5,-0.0227,0.9945,0.4634,2487.5
anchorrth_n21_atr3-r3,3,7,all,1635,-77027.5,-1.7167,0.8953,0.3089,3025.0
anchorrth_n21_atr3-r3,3,7,eve,469,-40251.0,-1.7109,0.8164,0.2409,3025.0
anchorrth_n21_atr3-r3,3,7,asia,314,-8581.0,-0.5882,0.9152,0.2293,1862.5
anchorrth_n21_atr3-r3,3,7,london,286,-7819.0,-0.3741,0.9461,0.2902,2500.0
anchorrth_n21_atr3-r3,3,7,pre,139,-7068.5,-0.4367,0.9098,0.295,2187.5
anchorrth_n21_atr3-r3,3,7,nyam,102,-14245.5,-1.0172,0.7826,0.3725,2462.5
anchorrth_n21_atr3-r3,3,7,mid,161,893.5,0.0605,1.0116,0.5093,2237.5
anchorrth_n21_atr3-r3,3,7,pm,164,44.0,0.0037,1.0009,0.4634,2487.5
anchorrth_n21_pts2p5-r0,3,8,all,1958,-67319.5,-2.9897,0.7423,0.0608,1562.5
anchorrth_n21_pts2p5-r0,3,8,eve,601,-27716.5,-2.2193,0.659,0.0433,175.0
anchorrth_n21_pts2p5-r0,3,8,asia,354,-18153.5,-1.9161,0.6216,0.0424,125.0
anchorrth_n21_pts2p5-r0,3,8,london,385,-8252.5,-0.7022,0.845,0.0494,1562.5
anchorrth_n21_pts2p5-r0,3,8,pre,142,144.5,0.0219,1.0077,0.0704,125.0
anchorrth_n21_pts2p5-r0,3,8,nyam,111,-4106.5,-0.9716,0.7155,0.0811,125.0
anchorrth_n21_pts2p5-r0,3,8,mid,178,-2274.5,-0.389,0.8985,0.1067,125.0
anchorrth_n21_pts2p5-r0,3,8,pm,187,-6960.5,-1.3007,0.7013,0.1123,125.0
anchorrth_n21_pts2p5-r1,3,9,all,2177,-64970.5,-10.7271,0.633,0.4254,125.0
anchorrth_n21_pts2p5-r1,3,9,eve,697,-20138.0,-5.867,0.6424,0.429,125.0
anchorrth_n21_pts2p5-r1,3,9,asia,406,-15186.5,-5.8622,0.5619,0.3966,125.0
anchorrth_n21_pts2p5-r1,3,9,london,432,-10728.0,-3.9525,0.6841,0.4444,125.0
anchorrth_n21_pts2p5-r1,3,9,pre,155,-3820.0,-2.3443,0.6861,0.4452,125.0
anchorrth_n21_pts2p5-r1,3,9,nyam,118,628.0,0.4417,1.0853,0.5593,125.0
anchorrth_n21_pts2p5-r1,3,9,mid,181,-6449.0,-3.7122,0.578,0.4033,125.0
anchorrth_n21_pts2p5-r1,3,9,pm,188,-9277.0,-5.3858,0.4626,0.3511,125.0
anchorrth_n21_pts2p5-r2,3,10,all,2096,-69759.0,-8.7649,0.6735,0.2791,125.0
anchorrth_n21_pts2p5-r2,3,10,eve,657,-22053.0,-4.9492,0.6712,0.2785,125.0
anchorrth_n21_pts2p5-r2,3,10,asia,380,-20057.5,-6.3115,0.5162,0.2289,125.0
anchorrth_n21_pts2p5-r2,3,10,london,423,-10642.0,-2.9098,0.7459,0.3002,125.0
anchorrth_n21_pts2p5-r2,3,10,pre,151,-829.0,-0.3636,0.9402,0.351,125.0
anchorrth_n21_pts2p5-r2,3,10,nyam,116,-139.0,-0.069,0.9867,0.3621,125.0
anchorrth_n21_pts2p5-r2,3,10,mid,181,-5074.0,-2.1329,0.7199,0.2928,125.0
anchorrth_n21_pts2p5-r2,3,10,pm,188,-10964.5,-5.031,0.473,0.2128,125.0
anchorrth_n21_pts2p5-r3,3,11,all,2043,-68684.5,-7.2807,0.6987,0.211,125.0
anchorrth_n21_pts2p5-r3,3,11,eve,635,-20665.0,-3.9078,0.7079,0.2126,125.0
anchorrth_n21_pts2p5-r3,3,11,asia,366,-19501.5,-5.2617,0.5451,0.1721,125.0
anchorrth_n21_pts2p5-r3,3,11,london,410,-9327.5,-2.1277,0.7907,0.2317,125.0
anchorrth_n21_pts2p5-r3,3,11,pre,148,-4029.5,-1.5474,0.7524,0.223,125.0
anchorrth_n21_pts2p5-r3,3,11,nyam,115,-385.0,-0.1572,0.9676,0.2696,125.0
anchorrth_n21_pts2p5-r3,3,11,mid,181,-5111.5,-1.7818,0.7438,0.221,125.0
anchorrth_n21_pts2p5-r3,3,11,pm,188,-9664.5,-3.6615,0.5537,0.1809,125.0
anchorrth_n21_pts5-r0,3,12,all,1806,-52724.0,-1.6014,0.8748,0.1268,2350.0
anchorrth_n21_pts5-r0,3,12,eve,537,-19810.5,-0.9658,0.849,0.0838,725.0
anchorrth_n21_pts5-r0,3,12,asia,325,-12150.0,-0.8407,0.8447,0.0985,400.0
anchorrth_n21_pts5-r0,3,12,london,338,-12227.0,-0.8283,0.8542,0.1036,2350.0
anchorrth_n21_pts5-r0,3,12,pre,139,-1268.5,-0.1441,0.961,0.1223,250.0
anchorrth_n21_pts5-r0,3,12,nyam,106,-2636.5,-0.4081,0.8888,0.1604,250.0
anchorrth_n21_pts5-r0,3,12,mid,175,812.5,0.1027,1.0227,0.2229,250.0
anchorrth_n21_pts5-r0,3,12,pm,186,-5444.0,-0.7181,0.8477,0.2366,250.0
anchorrth_n21_pts5-r1,3,13,all,1991,-49789.0,-4.3701,0.822,0.4701,250.0
anchorrth_n21_pts5-r1,3,13,eve,608,-17507.0,-2.7757,0.7985,0.4638,250.0
anchorrth_n21_pts5-r1,3,13,asia,358,-16482.0,-3.4283,0.6968,0.4302,250.0
anchorrth_n21_pts5-r1,3,13,london,391,-7339.0,-1.4473,0.8637,0.4834,250.0
anchorrth_n21_pts5-r1,3,13,pre,150,512.5,0.163,1.0271,0.5267,250.0
anchorrth_n21_pts5-r1,3,13,nyam,115,-410.0,-0.1486,0.9725,0.513,250.0
anchorrth_n21_pts5-r1,3,13,mid,181,963.5,0.2792,1.0425,0.5304,250.0
anchorrth_n21_pts5-r1,3,13,pm,188,-9527.0,-2.8052,0.6607,0.4096,250.0
anchorrth_n21_pts5-r2,3,14,all,1886,-54981.5,-3.6092,0.8397,0.3134,250.0
anchorrth_n21_pts5-r2,3,14,eve,568,-24084.5,-2.9075,0.7746,0.294,250.0
anchorrth_n21_pts5-r2,3,14,asia,331,-13486.5,-2.1263,0.7828,0.2961,250.0
anchorrth_n21_pts5-r2,3,14,london,366,-7201.5,-1.0553,0.8906,0.3251,250.0
anchorrth_n21_pts5-r2,3,14,pre,144,-4826.0,-1.141,0.8189,0.3056,250.0
anchorrth_n21_pts5-r2,3,14,nyam,112,-873.0,-0.2275,0.9557,0.3393,250.0
anchorrth_n21_pts5-r2,3,14,mid,177,-458.0,-0.0954,0.985,0.3503,250.0
anchorrth_n21_pts5-r2,3,14,pm,188,-4052.0,-0.8769,0.8709,0.3351,250.0
anchorrth_n21_pts5-r3,3,15,all,1847,-60250.5,-3.3185,0.8385,0.2393,1562.5
anchorrth_n21_pts5-r3,3,15,eve,554,-22391.0,-2.2565,0.8046,0.2238,250.0
anchorrth_n21_pts5-r3,3,15,asia,327,-17283.0,-2.3099,0.7486,0.211,250.0
anchorrth_n21_pts5-r3,3,15,london,350,-10087.5,-1.2287,0.8601,0.24,1562.5
anchorrth_n21_pts5-r3,3,15,pre,141,-1126.5,-0.2141,0.9597,0.2553,250.0
anchorrth_n21_pts5-r3,3,15,nyam,110,-2402.5,-0.5293,0.8914,0.2455,250.0
anchorrth_n21_pts5-r3,3,15,mid,177,-1408.0,-0.2492,0.9578,0.2825,250.0
anchorrth_n21_pts5-r3,3,15,pm,188,-5552.0,-1.0438,0.8374,0.2766,250.0
anchorrth_n21_pts8-r0,3,16,all,1710,-83702.5,-2.1276,0.8534,0.1842,2350.0
anchorrth_n21_pts8-r0,3,16,eve,494,-55538.5,-2.5217,0.694,0.1154,725.0
anchorrth_n21_pts8-r0,3,16,asia,313,18135.5,0.8615,1.1705,0.1821,412.5
anchorrth_n21_pts8-r0,3,16,london,306,-21511.5,-1.256,0.8037,0.1569,2350.0
anchorrth_n21_pts8-r0,3,16,pre,139,-7231.0,-0.6788,0.8502,0.1655,400.0
anchorrth_n21_pts8-r0,3,16,nyam,106,-12299.0,-1.7317,0.6504,0.1887,400.0
anchorrth_n21_pts8-r0,3,16,mid,170,-3230.0,-0.3569,0.933,0.2882,400.0
anchorrth_n21_pts8-r0,3,16,pm,182,-2028.0,-0.2288,0.9517,0.3352,400.0
anchorrth_n21_pts8-r1,3,17,all,1827,-57083.0,-3.3267,0.855,0.4724,412.5
anchorrth_n21_pts8-r1,3,17,eve,539,-25431.0,-2.705,0.7923,0.4545,400.0
anchorrth_n21_pts8-r1,3,17,asia,331,-6249.0,-0.8443,0.9112,0.4894,412.5
anchorrth_n21_pts8-r1,3,17,london,339,-7431.0,-0.9938,0.8975,0.4867,400.0
anchorrth_n21_pts8-r1,3,17,pre,145,-9205.0,-1.8915,0.7305,0.4345,400.0
anchorrth_n21_pts8-r1,3,17,nyam,113,-3189.5,-0.736,0.8702,0.4779,400.0
anchorrth_n21_pts8-r1,3,17,mid,174,829.0,0.1569,1.0244,0.5172,400.0
anchorrth_n21_pts8-r1,3,17,pm,186,-6406.5,-1.2732,0.821,0.4516,400.0
anchorrth_n21_pts8-r2,3,18,all,1751,-66004.0,-2.8713,0.8638,0.3215,1587.5
anchorrth_n21_pts8-r2,3,18,eve,510,-35740.0,-2.8893,0.7643,0.2863,400.0
anchorrth_n21_pts8-r2,3,18,asia,316,-4701.5,-0.4645,0.9463,0.3323,412.5
anchorrth_n21_pts8-r2,3,18,london,317,-11618.0,-1.1491,0.8718,0.3186,1587.5
anchorrth_n21_pts8-r2,3,18,pre,140,-3747.5,-0.5573,0.9053,0.3214,400.0
anchorrth_n21_pts8-r2,3,18,nyam,110,-6402.5,-1.1193,0.7963,0.3,400.0
anchorrth_n21_pts8-r2,3,18,mid,173,258.0,0.0358,1.0059,0.3699,400.0
anchorrth_n21_pts8-r2,3,18,pm,185,-4052.5,-0.6282,0.8992,0.373,400.0
anchorrth_n21_pts8-r3,3,19,all,1730,-72770.0,-2.6633,0.8621,0.2561,2350.0
anchorrth_n21_pts8-r3,3,19,eve,498,-47942.0,-3.3565,0.7101,0.2028,400.0
anchorrth_n21_pts8-r3,3,19,asia,315,-7747.5,-0.6358,0.9213,0.2476,412.5
anchorrth_n21_pts8-r3,3,19,london,311,-6806.5,-0.5459,0.9305,0.2637,2350.0
anchorrth_n21_pts8-r3,3,19,pre,140,-2635.0,-0.3242,0.9392,0.2571,400.0
anchorrth_n21_pts8-r3,3,19,nyam,108,-4419.5,-0.6417,0.8665,0.25,400.0
anchorrth_n21_pts8-r3,3,19,mid,173,608.0,0.0715,1.0129,0.3179,400.0
anchorrth_n21_pts8-r3,3,19,pm,185,-3827.5,-0.5251,0.9095,0.3459,400.0
anchorrth_n21_pts12-r0,3,20,all,1652,-117858.0,-2.5985,0.8397,0.2464,2350.0
anchorrth_n21_pts12-r0,3,20,eve,465,-48910.0,-1.8799,0.7847,0.1957,725.0
anchorrth_n21_pts12-r0,3,20,asia,311,12143.5,0.5059,1.0844,0.2283,600.0
anchorrth_n21_pts12-r0,3,20,london,287,-40685.5,-2.1723,0.7129,0.2056,2350.0
anchorrth_n21_pts12-r0,3,20,pre,139,-12706.0,-1.0215,0.8031,0.223,600.0
anchorrth_n21_pts12-r0,3,20,nyam,104,-18928.5,-2.1174,0.6044,0.2308,600.0
anchorrth_n21_pts12-r0,3,20,mid,167,-4468.0,-0.4048,0.9265,0.3593,600.0
anchorrth_n21_pts12-r0,3,20,pm,179,-4303.5,-0.4402,0.9123,0.3966,600.0
anchorrth_n21_pts12-r1,3,21,all,1716,-75414.0,-3.0835,0.8597,0.4709,675.0
anchorrth_n21_pts12-r1,3,21,eve,486,-25794.0,-1.9368,0.8387,0.465,675.0
anchorrth_n21_pts12-r1,3,21,asia,317,-11280.5,-1.0478,0.8886,0.4763,600.0
anchorrth_n21_pts12-r1,3,21,london,306,-15236.5,-1.442,0.8476,0.4673,612.5
anchorrth_n21_pts12-r1,3,21,pre,143,-5709.5,-0.7857,0.8765,0.4755,600.0
anchorrth_n21_pts12-r1,3,21,nyam,110,-2990.0,-0.4762,0.9118,0.4909,600.0
anchorrth_n21_pts12-r1,3,21,mid,171,-8846.5,-1.1765,0.8298,0.4678,600.0
anchorrth_n21_pts12-r1,3,21,pm,183,-5557.0,-0.8161,0.8742,0.4699,600.0
anchorrth_n21_pts12-r2,3,22,all,1673,-71504.5,-2.1829,0.8907,0.3389,2350.0
anchorrth_n21_pts12-r2,3,22,eve,469,-26888.5,-1.5015,0.8633,0.3156,600.0
anchorrth_n21_pts12-r2,3,22,asia,313,-5889.5,-0.3973,0.9533,0.3291,600.0
anchorrth_n21_pts12-r2,3,22,london,292,-15105.5,-1.0468,0.8768,0.3288,2350.0
anchorrth_n21_pts12-r2,3,22,pre,140,-2947.5,-0.3004,0.9471,0.3357,600.0
anchorrth_n21_pts12-r2,3,22,nyam,107,-10228.0,-1.2593,0.7683,0.3084,600.0
anchorrth_n21_pts12-r2,3,22,mid,170,-3680.0,-0.373,0.9382,0.3882,600.0
anchorrth_n21_pts12-r2,3,22,pm,182,-6765.5,-0.8224,0.863,0.4066,600.0
anchorrth_n21_pts12-r3,3,23,all,1661,-26569.0,-0.6833,0.9614,0.298,2350.0
anchorrth_n21_pts12-r3,3,23,eve,467,-25718.0,-1.2194,0.8785,0.257,725.0
anchorrth_n21_pts12-r3,3,23,asia,312,17139.5,0.9275,1.1291,0.2917,600.0
anchorrth_n21_pts12-r3,3,23,london,289,-11006.0,-0.6424,0.9158,0.2734,2350.0
anchorrth_n21_pts12-r3,3,23,pre,140,865.0,0.0734,1.0145,0.2857,600.0
anchorrth_n21_pts12-r3,3,23,nyam,106,-4536.5,-0.4644,0.9,0.283,600.0
anchorrth_n21_pts12-r3,3,23,mid,167,4019.5,0.3628,1.0689,0.3832,600.0
anchorrth_n21_pts12-r3,3,23,pm,180,-7332.5,-0.8341,0.8524,0.3944,600.0
anchorrth_n21_pct0p1-r0,3,24,all,1835,-61652.5,-2.0333,0.8365,0.1046,2350.0
anchorrth_n21_pct0p1-r0,3,24,eve,553,-15662.0,-0.8024,0.8656,0.0741,237.5
anchorrth_n21_pct0p1-r0,3,24,asia,327,-14845.5,-1.1902,0.7841,0.0826,237.5
anchorrth_n21_pct0p1-r0,3,24,london,343,-12897.0,-0.9233,0.8287,0.0875,2350.0
anchorrth_n21_pct0p1-r0,3,24,pre,139,3544.0,0.4092,1.1279,0.1223,237.5
anchorrth_n21_pct0p1-r0,3,24,nyam,110,-7252.5,-1.4066,0.6751,0.1182,237.5
anchorrth_n21_pct0p1-r0,3,24,mid,177,-4070.5,-0.5726,0.8781,0.1695,237.5
anchorrth_n21_pct0p1-r0,3,24,pm,186,-10469.0,-1.7152,0.6837,0.1828,237.5
anchorrth_n21_pct0p1-r1,3,25,all,2039,-53156.0,-5.3942,0.7871,0.463,237.5
anchorrth_n21_pct0p1-r1,3,25,eve,635,-18727.5,-3.4134,0.7624,0.4551,237.5
anchorrth_n21_pct0p1-r1,3,25,asia,369,-11963.5,-2.8486,0.7431,0.4499,237.5
anchorrth_n21_pct0p1-r1,3,25,london,397,-8813.0,-2.0166,0.8162,0.4736,237.5
anchorrth_n21_pct0p1-r1,3,25,pre,153,938.0,0.3478,1.0582,0.5359,237.5
anchorrth_n21_pct0p1-r1,3,25,nyam,116,-1051.5,-0.4398,0.9211,0.5,237.5
anchorrth_n21_pct0p1-r1,3,25,mid,181,-2499.0,-0.8389,0.8822,0.4917,237.5
anchorrth_n21_pct0p1-r1,3,25,pm,188,-11039.5,-3.8449,0.5696,0.383,237.5
anchorrth_n21_pct0p1-r2,3,26,all,1936,-55519.0,-4.222,0.8177,0.3099,237.5
anchorrth_n21_pct0p1-r2,3,26,eve,593,-16347.0,-2.2393,0.8249,0.312,237.5
anchorrth_n21_pct0p1-r2,3,26,asia,341,-15964.0,-2.9509,0.7162,0.2815,237.5
anchorrth_n21_pct0p1-r2,3,26,london,377,-6470.5,-1.0946,0.8884,0.3289,237.5
anchorrth_n21_pct0p1-r2,3,26,pre,144,-2776.0,-0.7598,0.8751,0.3194,237.5
anchorrth_n21_pct0p1-r2,3,26,nyam,113,-1614.5,-0.489,0.9075,0.3274,237.5
anchorrth_n21_pct0p1-r2,3,26,mid,180,-3082.5,-0.7498,0.8891,0.3278,237.5
anchorrth_n21_pct0p1-r2,3,26,pm,188,-9264.5,-2.4325,0.6856,0.2819,237.5
anchorrth_n21_pct0p1-r3,3,27,all,1895,-62442.5,-4.0034,0.8116,0.2317,337.5
anchorrth_n21_pct0p1-r3,3,27,eve,575,-26262.5,-3.1124,0.7458,0.2139,237.5
anchorrth_n21_pct0p1-r3,3,27,asia,330,-13382.5,-2.0539,0.7739,0.2182,237.5
anchorrth_n21_pct0p1-r3,3,27,london,366,-8989.0,-1.2839,0.8588,0.2404,337.5
anchorrth_n21_pct0p1-r3,3,27,pre,143,2240.5,0.4796,1.0961,0.2797,237.5
anchorrth_n21_pct0p1-r3,3,27,nyam,113,-3189.5,-0.8087,0.8405,0.2301,237.5
anchorrth_n21_pct0p1-r3,3,27,mid,180,-4470.0,-0.9235,0.8544,0.25,237.5
anchorrth_n21_pct0p1-r3,3,27,pm,188,-8389.5,-1.8727,0.7308,0.2394,237.5
anchorrth_n21_pct0p2-r0,3,28,all,1699,-86908.5,-2.1686,0.8529,0.1925,2350.0
anchorrth_n21_pct0p2-r0,3,28,eve,487,-41435.5,-1.7956,0.7747,0.1376,725.0
anchorrth_n21_pct0p2-r0,3,28,asia,312,19214.5,0.8906,1.1728,0.1891,487.5
anchorrth_n21_pct0p2-r0,3,28,london,306,-33786.5,-2.0326,0.7092,0.1536,2350.0
anchorrth_n21_pct0p2-r0,3,28,pre,139,-6256.0,-0.578,0.8732,0.1799,475.0
anchorrth_n21_pct0p2-r0,3,28,nyam,106,-14561.5,-2.0215,0.6111,0.1887,475.0
anchorrth_n21_pct0p2-r0,3,28,mid,168,-6872.0,-0.7513,0.8653,0.2857,475.0
anchorrth_n21_pct0p2-r0,3,28,pm,181,-3211.5,-0.3652,0.9234,0.337,487.5
anchorrth_n21_pct0p2-r1,3,29,all,1812,-52410.5,-2.8995,0.8714,0.4774,487.5
anchorrth_n21_pct0p2-r1,3,29,eve,531,-23349.0,-2.3646,0.8141,0.4633,487.5
anchorrth_n21_pct0p2-r1,3,29,asia,330,-6557.5,-0.8354,0.9117,0.4909,487.5
anchorrth_n21_pct0p2-r1,3,29,london,338,-7564.5,-0.9569,0.9007,0.4882,475.0
anchorrth_n21_pct0p2-r1,3,29,pre,144,-6838.5,-1.3256,0.8011,0.4514,475.0
anchorrth_n21_pct0p2-r1,3,29,nyam,112,-623.0,-0.1348,0.9747,0.5,475.0
anchorrth_n21_pct0p2-r1,3,29,mid,172,-2150.5,-0.3837,0.9421,0.5,475.0
anchorrth_n21_pct0p2-r1,3,29,pm,185,-5327.5,-1.0353,0.8497,0.4595,487.5
anchorrth_n21_pct0p2-r2,3,30,all,1740,-79060.0,-3.2882,0.8448,0.3195,1587.5
anchorrth_n21_pct0p2-r2,3,30,eve,503,-35337.0,-2.7179,0.7748,0.2922,487.5
anchorrth_n21_pct0p2-r2,3,30,asia,316,-9564.0,-0.8989,0.8987,0.3228,487.5
anchorrth_n21_pct0p2-r2,3,30,london,317,-11893.0,-1.1103,0.8756,0.3218,1587.5
anchorrth_n21_pct0p2-r2,3,30,pre,140,-2947.5,-0.4137,0.9283,0.3214,475.0
anchorrth_n21_pct0p2-r2,3,30,nyam,109,-7911.0,-1.3197,0.7634,0.2936,475.0
anchorrth_n21_pct0p2-r2,3,30,mid,171,-6071.5,-0.8225,0.8724,0.345,475.0
anchorrth_n21_pct0p2-r2,3,30,pm,184,-5336.0,-0.8309,0.8673,0.375,487.5
anchorrth_n21_pct0p2-r3,3,31,all,1716,-56939.0,-1.9688,0.8954,0.2652,2350.0
anchorrth_n21_pct0p2-r3,3,31,eve,490,-34010.0,-2.2103,0.7962,0.2265,487.5
anchorrth_n21_pct0p2-r3,3,31,asia,314,506.5,0.0384,1.005,0.2643,487.5
anchorrth_n21_pct0p2-r3,3,31,london,310,-8740.0,-0.6665,0.9157,0.2613,2350.0
anchorrth_n21_pct0p2-r3,3,31,pre,140,-635.0,-0.0736,0.9858,0.2643,475.0
anchorrth_n21_pct0p2-r3,3,31,nyam,108,-6532.0,-0.9053,0.8167,0.2407,475.0
anchorrth_n21_pct0p2-r3,3,31,mid,170,-1405.0,-0.1608,0.9715,0.3176,475.0
anchorrth_n21_pct0p2-r3,3,31,pm,184,-6123.5,-0.8479,0.8566,0.3424,487.5
anchorsession_n50_atr1p5-r0,4,0,all,1281,-80574.0,-2.3824,0.7955,0.1468,1800.0
anchorsession_n50_atr1p5-r0,4,0,eve,347,-35450.5,-2.2526,0.6522,0.0893,1512.5
anchorsession_n50_atr1p5-r0,4,0,asia,342,6194.5,0.3847,1.0901,0.0936,1025.0
anchorsession_n50_atr1p5-r0,4,0,london,202,-14295.5,-1.0156,0.7814,0.1238,1312.5
anchorsession_n50_atr1p5-r0,4,0,pre,112,-5073.0,-0.3645,0.8822,0.125,1037.5
anchorsession_n50_atr1p5-r0,4,0,nyam,98,-13404.5,-1.3619,0.6924,0.2143,1375.0
anchorsession_n50_atr1p5-r0,4,0,mid,75,-4037.5,-0.4329,0.8742,0.3333,1700.0
anchorsession_n50_atr1p5-r0,4,0,pm,105,-14507.5,-1.825,0.6306,0.381,1800.0
anchorsession_n50_atr1p5-r1,4,1,all,1457,-27728.0,-1.6343,0.9018,0.4701,1800.0
anchorsession_n50_atr1p5-r1,4,1,eve,408,-7607.0,-1.0243,0.8886,0.4755,1512.5
anchorsession_n50_atr1p5-r1,4,1,asia,397,-10175.5,-1.9824,0.794,0.4383,962.5
anchorsession_n50_atr1p5-r1,4,1,london,234,7926.5,1.2516,1.2036,0.5043,950.0
anchorsession_n50_atr1p5-r1,4,1,pre,119,-4501.0,-0.8155,0.8477,0.479,962.5
anchorsession_n50_atr1p5-r1,4,1,nyam,107,7209.5,1.0668,1.2533,0.5514,1375.0
anchorsession_n50_atr1p5-r1,4,1,mid,81,-7286.5,-1.0911,0.7636,0.4444,1700.0
anchorsession_n50_atr1p5-r1,4,1,pm,111,-13294.0,-1.998,0.6393,0.4234,1800.0
anchorsession_n50_atr1p5-r2,4,2,all,1334,-32148.5,-1.4551,0.9036,0.3186,1800.0
anchorsession_n50_atr1p5-r2,4,2,eve,361,-17506.5,-1.861,0.7902,0.3019,1512.5
anchorsession_n50_atr1p5-r2,4,2,asia,358,-2169.5,-0.3044,0.9601,0.2989,875.0
anchorsession_n50_atr1p5-r2,4,2,london,222,-1638.0,-0.1828,0.9704,0.3153,1212.5
anchorsession_n50_atr1p5-r2,4,2,pre,113,585.5,0.0735,1.017,0.3097,962.5
anchorsession_n50_atr1p5-r2,4,2,nyam,100,3412.5,0.3719,1.0908,0.34,1375.0
anchorsession_n50_atr1p5-r2,4,2,mid,75,-1212.5,-0.1476,0.9595,0.3867,1700.0
anchorsession_n50_atr1p5-r2,4,2,pm,105,-13620.0,-1.8453,0.6456,0.3905,1800.0
anchorsession_n50_atr1p5-r3,4,3,all,1297,-35950.5,-1.4042,0.8988,0.2521,1800.0
anchorsession_n50_atr1p5-r3,4,3,eve,353,-18374.5,-1.6312,0.7964,0.2153,1512.5
anchorsession_n50_atr1p5-r3,4,3,asia,345,3732.5,0.4112,1.0654,0.2348,875.0
anchorsession_n50_atr1p5-r3,4,3,london,207,5897.0,0.5531,1.1062,0.2657,1312.5
anchorsession_n50_atr1p5-r3,4,3,pre,113,-5914.5,-0.6296,0.8518,0.2035,1037.5
anchorsession_n50_atr1p5-r3,4,3,nyam,99,-4158.5,-0.4061,0.9017,0.2525,1375.0
anchorsession_n50_atr1p5-r3,4,3,mid,75,-5612.5,-0.6402,0.8228,0.3467,1700.0
anchorsession_n50_atr1p5-r3,4,3,pm,105,-11520.0,-1.4363,0.7002,0.3905,1800.0
anchorsession_n50_atr3-r0,4,4,all,1228,-60624.5,-1.3217,0.8947,0.2459,3350.0
anchorsession_n50_atr3-r0,4,4,eve,322,-29988.0,-1.2806,0.8116,0.1832,3025.0
anchorsession_n50_atr3-r0,4,4,asia,321,6066.0,0.2849,1.0543,0.162,1862.5
anchorsession_n50_atr3-r0,4,4,london,197,-14938.0,-0.7778,0.8534,0.2386,2612.5
anchorsession_n50_atr3-r0,4,4,pre,112,-8060.5,-0.4719,0.881,0.2589,2062.5
anchorsession_n50_atr3-r0,4,4,nyam,98,-11079.5,-0.7762,0.8154,0.3469,2750.0
anchorsession_n50_atr3-r0,4,4,mid,75,2950.0,0.2525,1.0805,0.4933,3350.0
anchorsession_n50_atr3-r0,4,4,pm,103,-5574.5,-0.5341,0.8563,0.4272,1937.5
anchorsession_n50_atr3-r1,4,5,all,1297,-5050.5,-0.1727,0.9885,0.4904,3350.0
anchorsession_n50_atr3-r1,4,5,eve,341,-2214.0,-0.1628,0.9796,0.4956,3025.0
anchorsession_n50_atr3-r1,4,5,asia,343,4315.5,0.4637,1.0594,0.4985,1100.0
anchorsession_n50_atr3-r1,4,5,london,220,3820.0,0.3115,1.0491,0.5091,2437.5
anchorsession_n50_atr3-r1,4,5,pre,113,-3089.5,-0.29,0.9413,0.4513,1925.0
anchorsession_n50_atr3-r1,4,5,nyam,100,-4100.0,-0.3476,0.9237,0.47,2750.0
anchorsession_n50_atr3-r1,4,5,mid,75,4337.5,0.412,1.1263,0.5467,3350.0
anchorsession_n50_atr3-r1,4,5,pm,105,-8120.0,-0.9463,0.7907,0.4286,2937.5
anchorsession_n50_atr3-r2,4,6,all,1233,-32332.0,-0.8905,0.9374,0.3439,3350.0
anchorsession_n50_atr3-r2,4,6,eve,323,-10167.0,-0.582,0.924,0.322,3025.0
anchorsession_n50_atr3-r2,4,6,asia,321,3116.0,0.2339,1.0342,0.3178,1100.0
anchorsession_n50_atr3-r2,4,6,london,200,-3900.0,-0.2511,0.958,0.335,2612.5
anchorsession_n50_atr3-r2,4,6,pre,112,-8835.5,-0.6262,0.8649,0.2857,2062.5
anchorsession_n50_atr3-r2,4,6,nyam,98,-11304.5,-0.8539,0.8093,0.3673,2750.0
anchorsession_n50_atr3-r2,4,6,mid,75,3137.5,0.2753,1.0875,0.5067,3350.0
anchorsession_n50_atr3-r2,4,6,pm,104,-4378.5,-0.4465,0.8858,0.4327,1937.5
anchorsession_n50_atr3-r3,4,7,all,1229,-49991.0,-1.2635,0.9088,0.2929,3350.0
anchorsession_n50_atr3-r3,4,7,eve,322,-11875.5,-0.5802,0.9186,0.2516,3025.0
anchorsession_n50_atr3-r3,4,7,asia,321,228.5,0.015,1.0023,0.243,1862.5
anchorsession_n50_atr3-r3,4,7,london,197,-4413.0,-0.2601,0.9547,0.2843,2612.5
anchorsession_n50_atr3-r3,4,7,pre,112,-12060.5,-0.7845,0.821,0.2679,2062.5
anchorsession_n50_atr3-r3,4,7,nyam,98,-15829.5,-1.2285,0.7362,0.3469,2750.0
anchorsession_n50_atr3-r3,4,7,mid,75,1350.0,0.1185,1.0368,0.4933,3350.0
anchorsession_n50_atr3-r3,4,7,pm,104,-7391.0,-0.7433,0.8134,0.4231,1937.5
anchorsession_n50_pts2p5-r0,4,8,all,1353,-55374.5,-2.791,0.6931,0.0562,125.0
anchorsession_n50_pts2p5-r0,4,8,eve,371,-24109.0,-2.6599,0.5227,0.0377,125.0
anchorsession_n50_pts2p5-r0,4,8,asia,351,-5079.0,-0.4157,0.8925,0.0484,125.0
anchorsession_n50_pts2p5-r0,4,8,london,221,-9584.0,-1.0424,0.6775,0.0452,125.0
anchorsession_n50_pts2p5-r0,4,8,pre,117,-11830.5,-3.8517,0.2666,0.0256,125.0
anchorsession_n50_pts2p5-r0,4,8,nyam,102,-1020.5,-0.1752,0.9233,0.0686,125.0
anchorsession_n50_pts2p5-r0,4,8,mid,79,1659.0,0.3178,1.1651,0.1013,125.0
anchorsession_n50_pts2p5-r0,4,8,pm,112,-5410.5,-2.0015,0.5975,0.1518,125.0
anchorsession_n50_pts2p5-r1,4,9,all,1519,-44051.0,-8.6979,0.6413,0.4286,125.0
anchorsession_n50_pts2p5-r1,4,9,eve,427,-12645.5,-4.7086,0.6352,0.4262,125.0
anchorsession_n50_pts2p5-r1,4,9,asia,403,-15549.5,-6.0365,0.5515,0.3921,125.0
anchorsession_n50_pts2p5-r1,4,9,london,243,-3672.0,-1.7923,0.794,0.4815,125.0
anchorsession_n50_pts2p5-r1,4,9,pre,129,-5916.0,-4.1072,0.4901,0.3643,125.0
anchorsession_n50_pts2p5-r1,4,9,nyam,109,64.0,0.0466,1.009,0.5413,125.0
anchorsession_n50_pts2p5-r1,4,9,mid,89,-2356.0,-1.9066,0.667,0.4382,125.0
anchorsession_n50_pts2p5-r1,4,9,pm,119,-3976.0,-2.8094,0.5986,0.4118,125.0
anchorsession_n50_pts2p5-r2,4,10,all,1470,-44880.0,-6.6868,0.6974,0.2871,125.0
anchorsession_n50_pts2p5-r2,4,10,eve,413,-10389.5,-2.8748,0.7459,0.3002,125.0
anchorsession_n50_pts2p5-r2,4,10,asia,373,-15192.0,-4.6214,0.611,0.2601,125.0
anchorsession_n50_pts2p5-r2,4,10,london,242,-7118.0,-2.5989,0.7075,0.2893,125.0
anchorsession_n50_pts2p5-r2,4,10,pre,127,-5958.0,-3.1637,0.5614,0.2441,125.0
anchorsession_n50_pts2p5-r2,4,10,nyam,109,464.0,0.2357,1.0482,0.3761,125.0
anchorsession_n50_pts2p5-r2,4,10,mid,88,-3152.0,-1.9359,0.6519,0.2727,125.0
anchorsession_n50_pts2p5-r2,4,10,pm,118,-3534.5,-1.8706,0.6991,0.2966,125.0
anchorsession_n50_pts2p5-r3,4,11,all,1433,-44157.0,-5.5374,0.7219,0.217,125.0
anchorsession_n50_pts2p5-r3,4,11,eve,393,-7434.5,-1.7132,0.8243,0.2392,125.0
anchorsession_n50_pts2p5-r3,4,11,asia,364,-16143.5,-4.2065,0.6133,0.1896,125.0
anchorsession_n50_pts2p5-r3,4,11,london,239,-7168.5,-2.1883,0.7291,0.2176,125.0
anchorsession_n50_pts2p5-r3,4,11,pre,122,-7013.0,-3.3326,0.5141,0.1639,125.0
anchorsession_n50_pts2p5-r3,4,11,nyam,109,464.0,0.1913,1.042,0.2844,125.0
anchorsession_n50_pts2p5-r3,4,11,mid,88,-3227.0,-1.6545,0.6742,0.2045,125.0
anchorsession_n50_pts2p5-r3,4,11,pm,118,-3634.5,-1.6087,0.7177,0.2288,125.0
anchorsession_n50_pts5-r0,4,12,all,1280,-46920.0,-1.6259,0.844,0.1156,725.0
anchorsession_n50_pts5-r0,4,12,eve,344,-17138.5,-1.1195,0.7952,0.0901,725.0
anchorsession_n50_pts5-r0,4,12,asia,329,-1478.5,-0.0935,0.9812,0.1064,400.0
anchorsession_n50_pts5-r0,4,12,london,207,-10640.5,-0.8535,0.786,0.087,250.0
anchorsession_n50_pts5-r0,4,12,pre,113,-8714.5,-0.9921,0.6856,0.0796,250.0
anchorsession_n50_pts5-r0,4,12,nyam,101,-6929.0,-1.0412,0.7079,0.1089,250.0
anchorsession_n50_pts5-r0,4,12,mid,77,6692.0,0.8778,1.4185,0.2208,250.0
anchorsession_n50_pts5-r0,4,12,pm,109,-8711.0,-2.2619,0.593,0.2477,250.0
anchorsession_n50_pts5-r1,4,13,all,1437,-22473.0,-2.3175,0.8848,0.4899,250.0
anchorsession_n50_pts5-r1,4,13,eve,395,-6355.0,-1.2466,0.8819,0.4886,250.0
anchorsession_n50_pts5-r1,4,13,asia,362,-8323.0,-1.7069,0.8356,0.4751,250.0
anchorsession_n50_pts5-r1,4,13,london,239,-1681.0,-0.4235,0.9465,0.5063,250.0
anchorsession_n50_pts5-r1,4,13,pre,126,-2829.0,-0.9807,0.8392,0.4762,250.0
anchorsession_n50_pts5-r1,4,13,nyam,109,2214.0,0.8297,1.1731,0.5596,250.0
anchorsession_n50_pts5-r1,4,13,mid,88,-2439.5,-1.0114,0.8052,0.4659,250.0
anchorsession_n50_pts5-r1,4,13,pm,118,-3059.5,-1.1222,0.811,0.4746,250.0
anchorsession_n50_pts5-r2,4,14,all,1353,-28699.5,-2.2022,0.8818,0.3252,250.0
anchorsession_n50_pts5-r2,4,14,eve,366,-4614.0,-0.6707,0.929,0.3333,250.0
anchorsession_n50_pts5-r2,4,14,asia,338,-7727.0,-1.1803,0.8739,0.3195,250.0
anchorsession_n50_pts5-r2,4,14,london,225,-5400.0,-1.0141,0.8676,0.32,250.0
anchorsession_n50_pts5-r2,4,14,pre,118,-5522.0,-1.4658,0.7533,0.2881,250.0
anchorsession_n50_pts5-r2,4,14,nyam,106,1488.5,0.3913,1.0834,0.3679,250.0
anchorsession_n50_pts5-r2,4,14,mid,85,-5115.0,-1.6281,0.6904,0.2706,250.0
anchorsession_n50_pts5-r2,4,14,pm,115,-1810.0,-0.4994,0.9048,0.3652,250.0
anchorsession_n50_pts5-r3,4,15,all,1314,-42006.0,-2.7428,0.842,0.239,250.0
anchorsession_n50_pts5-r3,4,15,eve,354,-4578.5,-0.5549,0.9352,0.2514,250.0
anchorsession_n50_pts5-r3,4,15,asia,332,-14565.5,-1.9034,0.789,0.2199,250.0
anchorsession_n50_pts5-r3,4,15,london,216,-6326.5,-1.0066,0.8555,0.2361,250.0
anchorsession_n50_pts5-r3,4,15,pre,115,-9385.0,-2.2275,0.6254,0.1826,250.0
anchorsession_n50_pts5-r3,4,15,nyam,104,634.0,0.1378,1.0313,0.2692,250.0
anchorsession_n50_pts5-r3,4,15,mid,80,-2382.5,-0.6277,0.851,0.25,250.0
anchorsession_n50_pts5-r3,4,15,pm,113,-5402.0,-1.3735,0.7444,0.2832,250.0
anchorsession_n50_pts8-r0,4,16,all,1248,-65379.5,-1.8657,0.8464,0.1715,725.0
anchorsession_n50_pts8-r0,4,16,eve,337,-35160.5,-2.0246,0.7126,0.1306,725.0
anchorsession_n50_pts8-r0,4,16,asia,319,16724.0,0.7861,1.1536,0.1787,412.5
anchorsession_n50_pts8-r0,4,16,london,199,-12183.5,-0.8457,0.8211,0.1608,412.5
anchorsession_n50_pts8-r0,4,16,pre,112,-9135.5,-0.8301,0.7739,0.1339,400.0
anchorsession_n50_pts8-r0,4,16,nyam,100,-12312.5,-1.6332,0.6345,0.16,400.0
anchorsession_n50_pts8-r0,4,16,mid,76,46.0,0.0056,1.0019,0.2368,400.0
anchorsession_n50_pts8-r0,4,16,pm,105,-13357.5,-2.9125,0.5262,0.3048,400.0
anchorsession_n50_pts8-r1,4,17,all,1359,-27986.0,-1.8787,0.9028,0.4871,412.5
anchorsession_n50_pts8-r1,4,17,eve,366,-11876.5,-1.5283,0.8523,0.4727,400.0
anchorsession_n50_pts8-r1,4,17,asia,339,-643.5,-0.0859,0.9907,0.5103,412.5
anchorsession_n50_pts8-r1,4,17,london,228,3350.5,0.546,1.0752,0.5307,400.0
anchorsession_n50_pts8-r1,4,17,pre,119,-8938.5,-2.0346,0.689,0.4202,400.0
anchorsession_n50_pts8-r1,4,17,nyam,108,1330.5,0.3142,1.0626,0.5278,400.0
anchorsession_n50_pts8-r1,4,17,mid,85,-6715.0,-1.8178,0.6736,0.4118,400.0
anchorsession_n50_pts8-r1,4,17,pm,114,-4493.5,-1.103,0.8074,0.4649,400.0
anchorsession_n50_pts8-r2,4,18,all,1286,-31419.0,-1.5696,0.9114,0.3305,412.5
anchorsession_n50_pts8-r2,4,18,eve,348,-14392.0,-1.3766,0.856,0.3103,400.0
anchorsession_n50_pts8-r2,4,18,asia,323,-1554.5,-0.151,0.9824,0.3406,412.5
anchorsession_n50_pts8-r2,4,18,london,209,1351.5,0.1624,1.0241,0.3493,400.0
anchorsession_n50_pts8-r2,4,18,pre,114,-8681.0,-1.4857,0.7458,0.2807,400.0
anchorsession_n50_pts8-r2,4,18,nyam,104,-453.5,-0.0781,0.9838,0.3365,400.0
anchorsession_n50_pts8-r2,4,18,mid,77,-4133.0,-0.8602,0.8106,0.3117,400.0
anchorsession_n50_pts8-r2,4,18,pm,111,-3556.5,-0.6953,0.8645,0.3874,400.0
anchorsession_n50_pts8-r3,4,19,all,1260,-38490.0,-1.6268,0.9,0.2587,412.5
anchorsession_n50_pts8-r3,4,19,eve,340,-14735.0,-1.1844,0.8634,0.2382,400.0
anchorsession_n50_pts8-r3,4,19,asia,321,-7021.5,-0.5694,0.9299,0.2492,412.5
anchorsession_n50_pts8-r3,4,19,london,202,7742.0,0.7604,1.1315,0.2921,400.0
anchorsession_n50_pts8-r3,4,19,pre,114,-12543.5,-1.8836,0.6691,0.2018,400.0
anchorsession_n50_pts8-r3,4,19,nyam,101,-1166.5,-0.1723,0.961,0.2673,400.0
anchorsession_n50_pts8-r3,4,19,mid,76,-566.5,-0.0965,0.9745,0.2895,400.0
anchorsession_n50_pts8-r3,4,19,pm,106,-10199.0,-2.0448,0.6328,0.3208,400.0
anchorsession_n50_pts12-r0,4,20,all,1233,-53632.0,-1.2653,0.9037,0.2425,862.5
anchorsession_n50_pts12-r0,4,20,eve,325,-10300.0,-0.447,0.9333,0.2215,725.0
anchorsession_n50_pts12-r0,4,20,asia,319,15461.5,0.6279,1.1047,0.2288,600.0
anchorsession_n50_pts12-r0,4,20,london,197,-13150.5,-0.7614,0.8552,0.2284,862.5
anchorsession_n50_pts12-r0,4,20,pre,112,-15910.5,-1.2955,0.7106,0.1875,600.0
anchorsession_n50_pts12-r0,4,20,nyam,99,-9321.0,-0.9231,0.7837,0.2424,600.0
anchorsession_n50_pts12-r0,4,20,mid,76,-1866.5,-0.2148,0.935,0.3684,600.0
anchorsession_n50_pts12-r0,4,20,pm,105,-18545.0,-3.1723,0.4976,0.3429,600.0
anchorsession_n50_pts12-r1,4,21,all,1305,-29207.5,-1.3546,0.9271,0.4904,600.0
anchorsession_n50_pts12-r1,4,21,eve,348,-4979.5,-0.44,0.9538,0.4971,600.0
anchorsession_n50_pts12-r1,4,21,asia,327,-10170.5,-0.9298,0.902,0.4801,600.0
anchorsession_n50_pts12-r1,4,21,london,214,5181.5,0.5865,1.0839,0.528,600.0
anchorsession_n50_pts12-r1,4,21,pre,116,-13314.0,-2.0611,0.6824,0.4138,600.0
anchorsession_n50_pts12-r1,4,21,nyam,106,8213.5,1.3491,1.3044,0.566,600.0
anchorsession_n50_pts12-r1,4,21,mid,83,-6732.0,-1.2611,0.7533,0.4578,600.0
anchorsession_n50_pts12-r1,4,21,pm,111,-7406.5,-1.3332,0.7627,0.4595,600.0
anchorsession_n50_pts12-r2,4,22,all,1248,-25642.0,-0.8914,0.9472,0.3486,600.0
anchorsession_n50_pts12-r2,4,22,eve,329,1484.0,0.0967,1.0114,0.3526,600.0
anchorsession_n50_pts12-r2,4,22,asia,321,-7196.5,-0.4799,0.9445,0.3271,600.0
anchorsession_n50_pts12-r2,4,22,london,201,10321.0,0.85,1.1371,0.3781,600.0
anchorsession_n50_pts12-r2,4,22,pre,114,-18631.0,-2.2718,0.6368,0.2632,600.0
anchorsession_n50_pts12-r2,4,22,nyam,101,4596.0,0.5501,1.1266,0.3762,600.0
anchorsession_n50_pts12-r2,4,22,mid,76,-841.5,-0.1269,0.9679,0.4211,600.0
anchorsession_n50_pts12-r2,4,22,pm,106,-15374.0,-2.5354,0.5742,0.3585,600.0
anchorsession_n50_pts12-r3,4,23,all,1239,-10168.5,-0.2983,0.9804,0.2962,725.0
anchorsession_n50_pts12-r3,4,23,eve,326,-10504.0,-0.5926,0.9274,0.273,725.0
anchorsession_n50_pts12-r3,4,23,asia,320,13432.5,0.7231,1.098,0.2875,600.0
anchorsession_n50_pts12-r3,4,23,london,199,9116.5,0.6362,1.111,0.3065,600.0
anchorsession_n50_pts12-r3,4,23,pre,113,-10627.0,-1.0472,0.796,0.2389,600.0
anchorsession_n50_pts12-r3,4,23,nyam,100,5312.5,0.5304,1.1328,0.31,600.0
anchorsession_n50_pts12-r3,4,23,mid,76,-866.5,-0.1156,0.9685,0.3947,600.0
anchorsession_n50_pts12-r3,4,23,pm,105,-16032.5,-2.5928,0.5583,0.3524,600.0
anchorsession_n50_pct0p1-r0,4,24,all,1298,-41542.0,-1.5267,0.8437,0.1009,237.5
anchorsession_n50_pct0p1-r0,4,24,eve,353,-20774.5,-1.4939,0.7219,0.0708,237.5
anchorsession_n50_pct0p1-r0,4,24,asia,330,1467.5,0.0965,1.0213,0.0909,237.5
anchorsession_n50_pct0p1-r0,4,24,london,210,-8502.5,-0.7283,0.8049,0.081,237.5
anchorsession_n50_pct0p1-r0,4,24,pre,113,-5764.5,-0.6663,0.7589,0.0708,237.5
anchorsession_n50_pct0p1-r0,4,24,nyam,102,-5970.5,-0.9468,0.7156,0.098,237.5
anchorsession_n50_pct0p1-r0,4,24,mid,78,7100.5,0.9569,1.5005,0.2051,237.5
anchorsession_n50_pct0p1-r0,4,24,pm,112,-9098.0,-2.7891,0.5367,0.2232,237.5
anchorsession_n50_pct0p1-r1,4,25,all,1465,-28910.0,-3.4521,0.8345,0.4778,237.5
anchorsession_n50_pct0p1-r1,4,25,eve,408,-9794.5,-2.2242,0.8019,0.4681,237.5
anchorsession_n50_pct0p1-r1,4,25,asia,376,-9316.5,-2.1924,0.7971,0.4681,237.5
anchorsession_n50_pct0p1-r1,4,25,london,240,-1935.0,-0.5664,0.9291,0.5042,237.5
anchorsession_n50_pct0p1-r1,4,25,pre,126,-4141.5,-1.6951,0.7386,0.4444,237.5
anchorsession_n50_pct0p1-r1,4,25,nyam,109,426.5,0.1842,1.0362,0.5321,237.5
anchorsession_n50_pct0p1-r1,4,25,mid,88,-1427.0,-0.6865,0.8629,0.4773,237.5
anchorsession_n50_pct0p1-r1,4,25,pm,118,-2722.0,-1.1587,0.8057,0.4746,237.5
anchorsession_n50_pct0p1-r2,4,26,all,1382,-31365.5,-2.8001,0.8537,0.3205,237.5
anchorsession_n50_pct0p1-r2,4,26,eve,379,-5491.0,-0.9256,0.905,0.3298,237.5
anchorsession_n50_pct0p1-r2,4,26,asia,346,-11371.5,-2.044,0.7945,0.3035,237.5
anchorsession_n50_pct0p1-r2,4,26,london,229,-1891.0,-0.4045,0.9453,0.3406,237.5
anchorsession_n50_pct0p1-r2,4,26,pre,119,-5088.5,-1.5886,0.7366,0.2857,237.5
anchorsession_n50_pct0p1-r2,4,26,nyam,107,1484.5,0.4497,1.0959,0.3738,237.5
anchorsession_n50_pct0p1-r2,4,26,mid,85,-3702.5,-1.3515,0.7342,0.2824,237.5
anchorsession_n50_pct0p1-r2,4,26,pm,117,-5305.5,-1.7727,0.7058,0.3162,237.5
anchorsession_n50_pct0p1-r3,4,27,all,1344,-34663.5,-2.606,0.8509,0.2418,237.5
anchorsession_n50_pct0p1-r3,4,27,eve,370,-9067.5,-1.2915,0.8587,0.2378,237.5
anchorsession_n50_pct0p1-r3,4,27,asia,336,-10769.0,-1.6168,0.8188,0.2292,237.5
anchorsession_n50_pct0p1-r3,4,27,london,220,-2855.0,-0.5133,0.924,0.25,237.5
anchorsession_n50_pct0p1-r3,4,27,pre,116,-5776.5,-1.5326,0.7239,0.2069,237.5
anchorsession_n50_pct0p1-r3,4,27,nyam,104,1209.0,0.3018,1.0698,0.2788,237.5
anchorsession_n50_pct0p1-r3,4,27,mid,83,-1957.0,-0.5885,0.8622,0.253,237.5
anchorsession_n50_pct0p1-r3,4,27,pm,115,-5447.5,-1.6077,0.7123,0.2696,237.5
anchorsession_n50_pct0p2-r0,4,28,all,1246,-65021.5,-1.8115,0.8531,0.1806,725.0
anchorsession_n50_pct0p2-r0,4,28,eve,335,-33102.5,-1.8562,0.7372,0.1433,725.0
anchorsession_n50_pct0p2-r0,4,28,asia,319,15774.0,0.7253,1.1375,0.1818,487.5
anchorsession_n50_pct0p2-r0,4,28,london,199,-15833.5,-1.0919,0.7793,0.1608,487.5
anchorsession_n50_pct0p2-r0,4,28,pre,112,-8435.5,-0.758,0.7944,0.1518,537.5
anchorsession_n50_pct0p2-r0,4,28,nyam,100,-9350.0,-1.0918,0.7341,0.17,462.5
anchorsession_n50_pct0p2-r0,4,28,mid,76,383.5,0.0466,1.0158,0.2632,475.0
anchorsession_n50_pct0p2-r0,4,28,pm,105,-14457.5,-3.0653,0.5124,0.3143,475.0
anchorsession_n50_pct0p2-r1,4,29,all,1351,-22829.0,-1.45,0.9237,0.4937,537.5
anchorsession_n50_pct0p2-r1,4,29,eve,366,-6564.0,-0.7989,0.9196,0.4918,475.0
anchorsession_n50_pct0p2-r1,4,29,asia,339,-2343.5,-0.2946,0.9683,0.5044,487.5
anchorsession_n50_pct0p2-r1,4,29,london,222,1449.5,0.2254,1.0309,0.5225,487.5
anchorsession_n50_pct0p2-r1,4,29,pre,119,-8426.0,-1.8046,0.7177,0.4286,537.5
anchorsession_n50_pct0p2-r1,4,29,nyam,107,5709.5,1.2744,1.2808,0.5701,462.5
anchorsession_n50_pct0p2-r1,4,29,mid,84,-8311.0,-2.1533,0.6238,0.3929,475.0
anchorsession_n50_pct0p2-r1,4,29,pm,114,-4343.5,-1.0124,0.8209,0.4825,475.0
anchorsession_n50_pct0p2-r2,4,30,all,1284,-39361.0,-1.8697,0.8951,0.3287,537.5
anchorsession_n50_pct0p2-r2,4,30,eve,346,-14721.5,-1.3388,0.859,0.3121,475.0
anchorsession_n50_pct0p2-r2,4,30,asia,324,-9071.0,-0.8406,0.906,0.3241,487.5
anchorsession_n50_pct0p2-r2,4,30,london,208,530.5,0.0603,1.0089,0.3462,487.5
anchorsession_n50_pct0p2-r2,4,30,pre,114,-7318.5,-1.1737,0.7918,0.2895,537.5
anchorsession_n50_pct0p2-r2,4,30,nyam,104,546.5,0.0881,1.0187,0.3462,462.5
anchorsession_n50_pct0p2-r2,4,30,mid,77,-4883.0,-0.9913,0.7838,0.3247,475.0
anchorsession_n50_pct0p2-r2,4,30,pm,111,-4444.0,-0.8357,0.8396,0.3874,475.0
anchorsession_n50_pct0p2-r3,4,31,all,1258,-31982.0,-1.2801,0.9201,0.2679,537.5
anchorsession_n50_pct0p2-r3,4,31,eve,337,-13973.0,-1.0757,0.8747,0.2463,475.0
anchorsession_n50_pct0p2-r3,4,31,asia,321,-3371.5,-0.2556,0.9678,0.2586,487.5
anchorsession_n50_pct0p2-r3,4,31,london,203,6938.0,0.6482,1.1114,0.2906,487.5
anchorsession_n50_pct0p2-r3,4,31,pre,114,-12406.0,-1.7731,0.6828,0.2105,537.5
anchorsession_n50_pct0p2-r3,4,31,nyam,101,3633.5,0.4871,1.1193,0.297,462.5
anchorsession_n50_pct0p2-r3,4,31,mid,76,-41.5,-0.0068,0.9982,0.3158,475.0
anchorsession_n50_pct0p2-r3,4,31,pm,106,-12761.5,-2.5541,0.5696,0.3208,475.0
anchorrth_n50_atr1p5-r0,5,0,all,1194,-61788.5,-1.8464,0.8284,0.1323,1512.5
anchorrth_n50_atr1p5-r0,5,0,eve,347,-35450.5,-2.2526,0.6522,0.0893,1512.5
anchorrth_n50_atr1p5-r0,5,0,asia,342,6194.5,0.3847,1.0901,0.0936,1025.0
anchorrth_n50_atr1p5-r0,5,0,london,202,-14295.5,-1.0156,0.7814,0.1238,1312.5
anchorrth_n50_atr1p5-r0,5,0,pre,112,-5073.0,-0.3645,0.8822,0.125,1037.5
anchorrth_n50_atr1p5-r0,5,0,nyam,98,-13404.5,-1.3619,0.6924,0.2143,1375.0
anchorrth_n50_atr1p5-r0,5,0,mid,43,-3947.0,-0.5284,0.8044,0.2558,1512.5
anchorrth_n50_atr1p5-r0,5,0,pm,50,4187.5,0.4972,1.2443,0.48,1512.5
anchorrth_n50_atr1p5-r1,5,1,all,1364,-16656.0,-1.0551,0.9335,0.4729,1512.5
anchorrth_n50_atr1p5-r1,5,1,eve,408,-7607.0,-1.0243,0.8886,0.4755,1512.5
anchorrth_n50_atr1p5-r1,5,1,asia,397,-10175.5,-1.9824,0.794,0.4383,962.5
anchorrth_n50_atr1p5-r1,5,1,london,234,7926.5,1.2516,1.2036,0.5043,950.0
anchorrth_n50_atr1p5-r1,5,1,pre,119,-4501.0,-0.8155,0.8477,0.479,962.5
anchorrth_n50_atr1p5-r1,5,1,nyam,107,7209.5,1.0668,1.2533,0.5514,1375.0
anchorrth_n50_atr1p5-r1,5,1,mid,44,-2076.0,-0.402,0.8733,0.4091,1300.0
anchorrth_n50_atr1p5-r1,5,1,pm,55,-7432.5,-1.5021,0.6165,0.4545,1512.5
anchorrth_n50_atr1p5-r2,5,2,all,1252,-21895.5,-1.0328,0.928,0.3139,1512.5
anchorrth_n50_atr1p5-r2,5,2,eve,361,-17506.5,-1.861,0.7902,0.3019,1512.5
anchorrth_n50_atr1p5-r2,5,2,asia,358,-2169.5,-0.3044,0.9601,0.2989,875.0
anchorrth_n50_atr1p5-r2,5,2,london,222,-1638.0,-0.1828,0.9704,0.3153,1212.5
anchorrth_n50_atr1p5-r2,5,2,pre,113,585.5,0.0735,1.017,0.3097,962.5
anchorrth_n50_atr1p5-r2,5,2,nyam,100,3412.5,0.3719,1.0908,0.34,1375.0
anchorrth_n50_atr1p5-r2,5,2,mid,44,-2351.0,-0.3497,0.88,0.2955,1512.5
anchorrth_n50_atr1p5-r2,5,2,pm,54,-2228.5,-0.3537,0.8845,0.463,1512.5
anchorrth_n50_atr1p5-r3,5,3,all,1211,-17719.0,-0.7067,0.945,0.2444,1512.5
anchorrth_n50_atr1p5-r3,5,3,eve,353,-18374.5,-1.6312,0.7964,0.2153,1512.5
anchorrth_n50_atr1p5-r3,5,3,asia,345,3732.5,0.4112,1.0654,0.2348,875.0
anchorrth_n50_atr1p5-r3,5,3,london,207,5897.0,0.5531,1.1062,0.2657,1312.5
anchorrth_n50_atr1p5-r3,5,3,pre,113,-5914.5,-0.6296,0.8518,0.2035,1037.5
anchorrth_n50_atr1p5-r3,5,3,nyam,99,-4158.5,-0.4061,0.9017,0.2525,1375.0
anchorrth_n50_atr1p5-r3,5,3,mid,43,-1384.5,-0.18,0.9288,0.2791,1512.5
anchorrth_n50_atr1p5-r3,5,3,pm,51,2483.5,0.3293,1.1414,0.4706,1512.5
anchorrth_n50_atr3-r0,5,4,all,1141,-67051.5,-1.5002,0.8773,0.2314,3025.0
anchorrth_n50_atr3-r0,5,4,eve,322,-29988.0,-1.2806,0.8116,0.1832,3025.0
anchorrth_n50_atr3-r0,5,4,asia,321,6066.0,0.2849,1.0543,0.162,1862.5
anchorrth_n50_atr3-r0,5,4,london,197,-14938.0,-0.7778,0.8534,0.2386,2612.5
anchorrth_n50_atr3-r0,5,4,pre,112,-8060.5,-0.4719,0.881,0.2589,2062.5
anchorrth_n50_atr3-r0,5,4,nyam,98,-11079.5,-0.7762,0.8154,0.3469,2750.0
anchorrth_n50_atr3-r0,5,4,mid,42,-2830.5,-0.3298,0.873,0.4524,2462.5
anchorrth_n50_atr3-r0,5,4,pm,49,-6221.0,-0.7638,0.7372,0.4898,2487.5
anchorrth_n50_atr3-r1,5,5,all,1212,-11248.0,-0.4007,0.9727,0.4926,3025.0
anchorrth_n50_atr3-r1,5,5,eve,341,-2214.0,-0.1628,0.9796,0.4956,3025.0
anchorrth_n50_atr3-r1,5,5,asia,343,4315.5,0.4637,1.0594,0.4985,1100.0
anchorrth_n50_atr3-r1,5,5,london,220,3820.0,0.3115,1.0491,0.5091,2437.5
anchorrth_n50_atr3-r1,5,5,pre,113,-3089.5,-0.29,0.9413,0.4513,1925.0
anchorrth_n50_atr3-r1,5,5,nyam,100,-4100.0,-0.3476,0.9237,0.47,2750.0
anchorrth_n50_atr3-r1,5,5,mid,43,1140.5,0.1432,1.0553,0.5116,2462.5
anchorrth_n50_atr3-r1,5,5,pm,52,-11120.5,-1.5319,0.5803,0.4808,2825.0
anchorrth_n50_atr3-r2,5,6,all,1145,-36855.0,-1.0468,0.9245,0.3362,3025.0
anchorrth_n50_atr3-r2,5,6,eve,323,-10167.0,-0.582,0.924,0.322,3025.0
anchorrth_n50_atr3-r2,5,6,asia,321,3116.0,0.2339,1.0342,0.3178,1100.0
anchorrth_n50_atr3-r2,5,6,london,200,-3900.0,-0.2511,0.958,0.335,2612.5
anchorrth_n50_atr3-r2,5,6,pre,112,-8835.5,-0.6262,0.8649,0.2857,2062.5
anchorrth_n50_atr3-r2,5,6,nyam,98,-11304.5,-0.8539,0.8093,0.3673,2750.0
anchorrth_n50_atr3-r2,5,6,mid,42,557.0,0.0614,1.0255,0.4762,2462.5
anchorrth_n50_atr3-r2,5,6,pm,49,-6321.0,-0.7819,0.733,0.4898,2487.5
anchorrth_n50_atr3-r3,5,7,all,1141,-53001.5,-1.3793,0.8977,0.2822,3025.0
anchorrth_n50_atr3-r3,5,7,eve,322,-11875.5,-0.5802,0.9186,0.2516,3025.0
anchorrth_n50_atr3-r3,5,7,asia,321,228.5,0.015,1.0023,0.243,1862.5
anchorrth_n50_atr3-r3,5,7,london,197,-4413.0,-0.2601,0.9547,0.2843,2612.5
anchorrth_n50_atr3-r3,5,7,pre,112,-12060.5,-0.7845,0.821,0.2679,2062.5
anchorrth_n50_atr3-r3,5,7,nyam,98,-15829.5,-1.2285,0.7362,0.3469,2750.0
anchorrth_n50_atr3-r3,5,7,mid,42,-2830.5,-0.3298,0.873,0.4524,2462.5
anchorrth_n50_atr3-r3,5,7,pm,49,-6221.0,-0.7638,0.7372,0.4898,2487.5
anchorrth_n50_pts2p5-r0,5,8,all,1271,-54209.0,-2.8135,0.6816,0.0519,125.0
anchorrth_n50_pts2p5-r0,5,8,eve,371,-24109.0,-2.6599,0.5227,0.0377,125.0
anchorrth_n50_pts2p5-r0,5,8,asia,351,-5079.0,-0.4157,0.8925,0.0484,125.0
anchorrth_n50_pts2p5-r0,5,8,london,221,-9584.0,-1.0424,0.6775,0.0452,125.0
anchorrth_n50_pts2p5-r0,5,8,pre,117,-11830.5,-3.8517,0.2666,0.0256,125.0
anchorrth_n50_pts2p5-r0,5,8,nyam,102,-1020.5,-0.1752,0.9233,0.0686,125.0
anchorrth_n50_pts2p5-r0,5,8,mid,50,-4062.5,-1.798,0.4019,0.04,125.0
anchorrth_n50_pts2p5-r0,5,8,pm,59,1476.5,0.5649,1.2268,0.2203,125.0
anchorrth_n50_pts2p5-r1,5,9,all,1424,-41371.0,-8.4371,0.6408,0.4284,125.0
anchorrth_n50_pts2p5-r1,5,9,eve,427,-12645.5,-4.7086,0.6352,0.4262,125.0
anchorrth_n50_pts2p5-r1,5,9,asia,403,-15549.5,-6.0365,0.5515,0.3921,125.0
anchorrth_n50_pts2p5-r1,5,9,london,243,-3672.0,-1.7923,0.794,0.4815,125.0
anchorrth_n50_pts2p5-r1,5,9,pre,129,-5916.0,-4.1072,0.4901,0.3643,125.0
anchorrth_n50_pts2p5-r1,5,9,nyam,109,64.0,0.0466,1.009,0.5413,125.0
anchorrth_n50_pts2p5-r1,5,9,mid,50,-1562.5,-1.6884,0.6192,0.42,125.0
anchorrth_n50_pts2p5-r1,5,9,pm,63,-2089.5,-2.0208,0.6009,0.4127,125.0
anchorrth_n50_pts2p5-r2,5,10,all,1377,-42558.0,-6.5513,0.6943,0.2854,125.0
anchorrth_n50_pts2p5-r2,5,10,eve,413,-10389.5,-2.8748,0.7459,0.3002,125.0
anchorrth_n50_pts2p5-r2,5,10,asia,373,-15192.0,-4.6214,0.611,0.2601,125.0
anchorrth_n50_pts2p5-r2,5,10,london,242,-7118.0,-2.5989,0.7075,0.2893,125.0
anchorrth_n50_pts2p5-r2,5,10,pre,127,-5958.0,-3.1637,0.5614,0.2441,125.0
anchorrth_n50_pts2p5-r2,5,10,nyam,109,464.0,0.2357,1.0482,0.3761,125.0
anchorrth_n50_pts2p5-r2,5,10,mid,50,-2425.0,-2.0514,0.549,0.24,125.0
anchorrth_n50_pts2p5-r2,5,10,pm,63,-1939.5,-1.3848,0.6954,0.2857,125.0
anchorrth_n50_pts2p5-r3,5,11,all,1340,-41497.5,-5.3761,0.721,0.2157,125.0
anchorrth_n50_pts2p5-r3,5,11,eve,393,-7434.5,-1.7132,0.8243,0.2392,125.0
anchorrth_n50_pts2p5-r3,5,11,asia,364,-16143.5,-4.2065,0.6133,0.1896,125.0
anchorrth_n50_pts2p5-r3,5,11,london,239,-7168.5,-2.1883,0.7291,0.2176,125.0
anchorrth_n50_pts2p5-r3,5,11,pre,122,-7013.0,-3.3326,0.5141,0.1639,125.0
anchorrth_n50_pts2p5-r3,5,11,nyam,109,464.0,0.1913,1.042,0.2844,125.0
anchorrth_n50_pts2p5-r3,5,11,mid,50,-2975.0,-2.2168,0.4994,0.16,125.0
anchorrth_n50_pts2p5-r3,5,11,pm,63,-1227.0,-0.7026,0.8193,0.2381,125.0
anchorrth_n50_pts5-r0,5,12,all,1196,-47009.0,-1.6609,0.8347,0.1062,725.0
anchorrth_n50_pts5-r0,5,12,eve,344,-17138.5,-1.1195,0.7952,0.0901,725.0
anchorrth_n50_pts5-r0,5,12,asia,329,-1478.5,-0.0935,0.9812,0.1064,400.0
anchorrth_n50_pts5-r0,5,12,london,207,-10640.5,-0.8535,0.786,0.087,250.0
anchorrth_n50_pts5-r0,5,12,pre,113,-8714.5,-0.9921,0.6856,0.0796,250.0
anchorrth_n50_pts5-r0,5,12,nyam,101,-6929.0,-1.0412,0.7079,0.1089,250.0
anchorrth_n50_pts5-r0,5,12,mid,45,-430.0,-0.0742,0.9586,0.1333,250.0
anchorrth_n50_pts5-r0,5,12,pm,57,-1678.0,-0.5607,0.8426,0.2982,250.0
anchorrth_n50_pts5-r1,5,13,all,1342,-24005.5,-2.5574,0.8696,0.4851,250.0
anchorrth_n50_pts5-r1,5,13,eve,395,-6355.0,-1.2466,0.8819,0.4886,250.0
anchorrth_n50_pts5-r1,5,13,asia,362,-8323.0,-1.7069,0.8356,0.4751,250.0
anchorrth_n50_pts5-r1,5,13,london,239,-1681.0,-0.4235,0.9465,0.5063,250.0
anchorrth_n50_pts5-r1,5,13,pre,126,-2829.0,-0.9807,0.8392,0.4762,250.0
anchorrth_n50_pts5-r1,5,13,nyam,109,2214.0,0.8297,1.1731,0.5596,250.0
anchorrth_n50_pts5-r1,5,13,mid,49,-3321.0,-1.8804,0.5846,0.3878,250.0
anchorrth_n50_pts5-r1,5,13,pm,62,-3710.5,-1.8592,0.6237,0.4032,250.0
anchorrth_n50_pts5-r2,5,14,all,1257,-24115.5,-1.9106,0.8932,0.3262,250.0
anchorrth_n50_pts5-r2,5,14,eve,366,-4614.0,-0.6707,0.929,0.3333,250.0
anchorrth_n50_pts5-r2,5,14,asia,338,-7727.0,-1.1803,0.8739,0.3195,250.0
anchorrth_n50_pts5-r2,5,14,london,225,-5400.0,-1.0141,0.8676,0.32,250.0
anchorrth_n50_pts5-r2,5,14,pre,118,-5522.0,-1.4658,0.7533,0.2881,250.0
anchorrth_n50_pts5-r2,5,14,nyam,106,1488.5,0.3913,1.0834,0.3679,250.0
anchorrth_n50_pts5-r2,5,14,mid,46,-2346.5,-0.9967,0.7332,0.2826,250.0
anchorrth_n50_pts5-r2,5,14,pm,58,5.5,0.0021,1.0006,0.3793,250.0
anchorrth_n50_pts5-r3,5,15,all,1225,-38000.0,-2.5554,0.8474,0.2367,250.0
anchorrth_n50_pts5-r3,5,15,eve,354,-4578.5,-0.5549,0.9352,0.2514,250.0
anchorrth_n50_pts5-r3,5,15,asia,332,-14565.5,-1.9034,0.789,0.2199,250.0
anchorrth_n50_pts5-r3,5,15,london,216,-6326.5,-1.0066,0.8555,0.2361,250.0
anchorrth_n50_pts5-r3,5,15,pre,115,-9385.0,-2.2275,0.6254,0.1826,250.0
anchorrth_n50_pts5-r3,5,15,nyam,104,634.0,0.1378,1.0313,0.2692,250.0
anchorrth_n50_pts5-r3,5,15,mid,46,-3771.5,-1.432,0.6175,0.1957,250.0
anchorrth_n50_pts5-r3,5,15,pm,58,-7.0,-0.0023,0.9993,0.3276,250.0
anchorrth_n50_pts8-r0,5,16,all,1165,-57422.5,-1.6507,0.8573,0.1631,725.0
anchorrth_n50_pts8-r0,5,16,eve,337,-35160.5,-2.0246,0.7126,0.1306,725.0
anchorrth_n50_pts8-r0,5,16,asia,319,16724.0,0.7861,1.1536,0.1787,412.5
anchorrth_n50_pts8-r0,5,16,london,199,-12183.5,-0.8457,0.8211,0.1608,412.5
anchorrth_n50_pts8-r0,5,16,pre,112,-9135.5,-0.8301,0.7739,0.1339,400.0
anchorrth_n50_pts8-r0,5,16,nyam,100,-12312.5,-1.6332,0.6345,0.16,400.0
anchorrth_n50_pts8-r0,5,16,mid,44,-3363.5,-0.5493,0.7647,0.1818,400.0
anchorrth_n50_pts8-r0,5,16,pm,54,-1991.0,-0.3446,0.864,0.3333,400.0
anchorrth_n50_pts8-r1,5,17,all,1266,-21989.0,-1.5235,0.9178,0.4913,412.5
anchorrth_n50_pts8-r1,5,17,eve,366,-11876.5,-1.5283,0.8523,0.4727,400.0
anchorrth_n50_pts8-r1,5,17,asia,339,-643.5,-0.0859,0.9907,0.5103,412.5
anchorrth_n50_pts8-r1,5,17,london,228,3350.5,0.546,1.0752,0.5307,400.0
anchorrth_n50_pts8-r1,5,17,pre,119,-8938.5,-2.0346,0.689,0.4202,400.0
anchorrth_n50_pts8-r1,5,17,nyam,108,1330.5,0.3142,1.0626,0.5278,400.0
anchorrth_n50_pts8-r1,5,17,mid,47,-2900.5,-1.0501,0.7322,0.4468,400.0
anchorrth_n50_pts8-r1,5,17,pm,59,-2311.0,-0.7593,0.8181,0.4576,400.0
anchorrth_n50_pts8-r2,5,18,all,1199,-33271.0,-1.7168,0.9005,0.3253,412.5
anchorrth_n50_pts8-r2,5,18,eve,348,-14392.0,-1.3766,0.856,0.3103,400.0
anchorrth_n50_pts8-r2,5,18,asia,323,-1554.5,-0.151,0.9824,0.3406,412.5
anchorrth_n50_pts8-r2,5,18,london,209,1351.5,0.1624,1.0241,0.3493,400.0
anchorrth_n50_pts8-r2,5,18,pre,114,-8681.0,-1.4857,0.7458,0.2807,400.0
anchorrth_n50_pts8-r2,5,18,nyam,104,-453.5,-0.0781,0.9838,0.3365,400.0
anchorrth_n50_pts8-r2,5,18,mid,45,-7380.0,-2.3597,0.4682,0.2222,400.0
anchorrth_n50_pts8-r2,5,18,pm,56,-2161.5,-0.5894,0.8435,0.3929,400.0
anchorrth_n50_pts8-r3,5,19,all,1179,-34928.5,-1.5129,0.9038,0.2545,412.5
anchorrth_n50_pts8-r3,5,19,eve,340,-14735.0,-1.1844,0.8634,0.2382,400.0
anchorrth_n50_pts8-r3,5,19,asia,321,-7021.5,-0.5694,0.9299,0.2492,412.5
anchorrth_n50_pts8-r3,5,19,london,202,7742.0,0.7604,1.1315,0.2921,400.0
anchorrth_n50_pts8-r3,5,19,pre,114,-12543.5,-1.8836,0.6691,0.2018,400.0
anchorrth_n50_pts8-r3,5,19,nyam,101,-1166.5,-0.1723,0.961,0.2673,400.0
anchorrth_n50_pts8-r3,5,19,mid,45,-4580.0,-1.1363,0.67,0.2222,400.0
anchorrth_n50_pts8-r3,5,19,pm,56,-2624.0,-0.646,0.8208,0.3571,400.0
anchorrth_n50_pts12-r0,5,20,all,1147,-31713.0,-0.7478,0.9396,0.2345,862.5
anchorrth_n50_pts12-r0,5,20,eve,325,-10300.0,-0.447,0.9333,0.2215,725.0
anchorrth_n50_pts12-r0,5,20,asia,319,15461.5,0.6279,1.1047,0.2288,600.0
anchorrth_n50_pts12-r0,5,20,london,197,-13150.5,-0.7614,0.8552,0.2284,862.5
anchorrth_n50_pts12-r0,5,20,pre,112,-15910.5,-1.2955,0.7106,0.1875,600.0
anchorrth_n50_pts12-r0,5,20,nyam,99,-9321.0,-0.9231,0.7837,0.2424,600.0
anchorrth_n50_pts12-r0,5,20,mid,44,-2351.0,-0.3404,0.8662,0.2955,600.0
anchorrth_n50_pts12-r0,5,20,pm,51,3858.5,0.4755,1.2306,0.4118,600.0
anchorrth_n50_pts12-r1,5,21,all,1211,-15556.5,-0.7444,0.9579,0.4963,600.0
anchorrth_n50_pts12-r1,5,21,eve,348,-4979.5,-0.44,0.9538,0.4971,600.0
anchorrth_n50_pts12-r1,5,21,asia,327,-10170.5,-0.9298,0.902,0.4801,600.0
anchorrth_n50_pts12-r1,5,21,london,214,5181.5,0.5865,1.0839,0.528,600.0
anchorrth_n50_pts12-r1,5,21,pre,116,-13314.0,-2.0611,0.6824,0.4138,600.0
anchorrth_n50_pts12-r1,5,21,nyam,106,8213.5,1.3491,1.3044,0.566,600.0
anchorrth_n50_pts12-r1,5,21,mid,45,595.0,0.1523,1.0485,0.5111,600.0
anchorrth_n50_pts12-r1,5,21,pm,55,-1082.5,-0.267,0.9276,0.4909,600.0
anchorrth_n50_pts12-r2,5,22,all,1166,-11689.0,-0.4142,0.9744,0.3473,600.0
anchorrth_n50_pts12-r2,5,22,eve,329,1484.0,0.0967,1.0114,0.3526,600.0
anchorrth_n50_pts12-r2,5,22,asia,321,-7196.5,-0.4799,0.9445,0.3271,600.0
anchorrth_n50_pts12-r2,5,22,london,201,10321.0,0.85,1.1371,0.3781,600.0
anchorrth_n50_pts12-r2,5,22,pre,114,-18631.0,-2.2718,0.6368,0.2632,600.0
anchorrth_n50_pts12-r2,5,22,nyam,101,4596.0,0.5501,1.1266,0.3762,600.0
anchorrth_n50_pts12-r2,5,22,mid,45,-342.5,-0.066,0.9782,0.3778,600.0
anchorrth_n50_pts12-r2,5,22,pm,55,-1920.0,-0.385,0.8898,0.4182,600.0
anchorrth_n50_pts12-r3,5,23,all,1156,3313.5,0.0987,1.0068,0.2907,725.0
anchorrth_n50_pts12-r3,5,23,eve,326,-10504.0,-0.5926,0.9274,0.273,725.0
anchorrth_n50_pts12-r3,5,23,asia,320,13432.5,0.7231,1.098,0.2875,600.0
anchorrth_n50_pts12-r3,5,23,london,199,9116.5,0.6362,1.111,0.3065,600.0
anchorrth_n50_pts12-r3,5,23,pre,113,-10627.0,-1.0472,0.796,0.2389,600.0
anchorrth_n50_pts12-r3,5,23,nyam,100,5312.5,0.5304,1.1328,0.31,600.0
anchorrth_n50_pts12-r3,5,23,mid,44,186.5,0.0314,1.0114,0.3409,600.0
anchorrth_n50_pts12-r3,5,23,pm,54,-3603.5,-0.7017,0.8002,0.3889,600.0
anchorrth_n50_pct0p1-r0,5,24,all,1213,-44439.5,-1.6901,0.823,0.0923,237.5
anchorrth_n50_pct0p1-r0,5,24,eve,353,-20774.5,-1.4939,0.7219,0.0708,237.5
anchorrth_n50_pct0p1-r0,5,24,asia,330,1467.5,0.0965,1.0213,0.0909,237.5
anchorrth_n50_pct0p1-r0,5,24,london,210,-8502.5,-0.7283,0.8049,0.081,237.5
anchorrth_n50_pct0p1-r0,5,24,pre,113,-5764.5,-0.6663,0.7589,0.0708,237.5
anchorrth_n50_pct0p1-r0,5,24,nyam,102,-5970.5,-0.9468,0.7156,0.098,237.5
anchorrth_n50_pct0p1-r0,5,24,mid,48,-4667.0,-1.536,0.526,0.1042,237.5
anchorrth_n50_pct0p1-r0,5,24,pm,57,-228.0,-0.0792,0.9752,0.2982,237.5
anchorrth_n50_pct0p1-r1,5,25,all,1371,-30246.5,-3.7295,0.8172,0.4726,237.5
anchorrth_n50_pct0p1-r1,5,25,eve,408,-9794.5,-2.2242,0.8019,0.4681,237.5
anchorrth_n50_pct0p1-r1,5,25,asia,376,-9316.5,-2.1924,0.7971,0.4681,237.5
anchorrth_n50_pct0p1-r1,5,25,london,240,-1935.0,-0.5664,0.9291,0.5042,237.5
anchorrth_n50_pct0p1-r1,5,25,pre,126,-4141.5,-1.6951,0.7386,0.4444,237.5
anchorrth_n50_pct0p1-r1,5,25,nyam,109,426.5,0.1842,1.0362,0.5321,237.5
anchorrth_n50_pct0p1-r1,5,25,mid,50,-3087.5,-2.0147,0.5658,0.38,237.5
anchorrth_n50_pct0p1-r1,5,25,pm,62,-2398.0,-1.3781,0.7031,0.4355,237.5
anchorrth_n50_pct0p1-r2,5,26,all,1289,-26831.0,-2.4644,0.8659,0.3212,237.5
anchorrth_n50_pct0p1-r2,5,26,eve,379,-5491.0,-0.9256,0.905,0.3298,237.5
anchorrth_n50_pct0p1-r2,5,26,asia,346,-11371.5,-2.044,0.7945,0.3035,237.5
anchorrth_n50_pct0p1-r2,5,26,london,229,-1891.0,-0.4045,0.9453,0.3406,237.5
anchorrth_n50_pct0p1-r2,5,26,pre,119,-5088.5,-1.5886,0.7366,0.2857,237.5
anchorrth_n50_pct0p1-r2,5,26,nyam,107,1484.5,0.4497,1.0959,0.3738,237.5
anchorrth_n50_pct0p1-r2,5,26,mid,49,-3296.0,-1.6372,0.611,0.2449,237.5
anchorrth_n50_pct0p1-r2,5,26,pm,60,-1177.5,-0.5029,0.8721,0.3333,237.5
anchorrth_n50_pct0p1-r3,5,27,all,1253,-31237.0,-2.417,0.8566,0.2394,237.5
anchorrth_n50_pct0p1-r3,5,27,eve,370,-9067.5,-1.2915,0.8587,0.2378,237.5
anchorrth_n50_pct0p1-r3,5,27,asia,336,-10769.0,-1.6168,0.8188,0.2292,237.5
anchorrth_n50_pct0p1-r3,5,27,london,220,-2855.0,-0.5133,0.924,0.25,237.5
anchorrth_n50_pct0p1-r3,5,27,pre,116,-5776.5,-1.5326,0.7239,0.2069,237.5
anchorrth_n50_pct0p1-r3,5,27,nyam,104,1209.0,0.3018,1.0698,0.2788,237.5
anchorrth_n50_pct0p1-r3,5,27,mid,49,-4708.5,-2.151,0.4985,0.1633,237.5
anchorrth_n50_pct0p1-r3,5,27,pm,58,730.5,0.2655,1.0812,0.3276,237.5
anchorrth_n50_pct0p2-r0,5,28,all,1163,-56302.0,-1.5793,0.8655,0.1711,725.0
anchorrth_n50_pct0p2-r0,5,28,eve,335,-33102.5,-1.8562,0.7372,0.1433,725.0
anchorrth_n50_pct0p2-r0,5,28,asia,319,15774.0,0.7253,1.1375,0.1818,487.5
anchorrth_n50_pct0p2-r0,5,28,london,199,-15833.5,-1.0919,0.7793,0.1608,487.5
anchorrth_n50_pct0p2-r0,5,28,pre,112,-8435.5,-0.758,0.7944,0.1518,537.5
anchorrth_n50_pct0p2-r0,5,28,nyam,100,-9350.0,-1.0918,0.7341,0.17,462.5
anchorrth_n50_pct0p2-r0,5,28,mid,44,-4013.5,-0.6513,0.7314,0.1818,475.0
anchorrth_n50_pct0p2-r0,5,28,pm,54,-1341.0,-0.2245,0.9119,0.3519,475.0
anchorrth_n50_pct0p2-r1,5,29,all,1258,-16482.0,-1.0811,0.9406,0.4968,537.5
anchorrth_n50_pct0p2-r1,5,29,eve,366,-6564.0,-0.7989,0.9196,0.4918,475.0
anchorrth_n50_pct0p2-r1,5,29,asia,339,-2343.5,-0.2946,0.9683,0.5044,487.5
anchorrth_n50_pct0p2-r1,5,29,london,222,1449.5,0.2254,1.0309,0.5225,487.5
anchorrth_n50_pct0p2-r1,5,29,pre,119,-8426.0,-1.8046,0.7177,0.4286,537.5
anchorrth_n50_pct0p2-r1,5,29,nyam,107,5709.5,1.2744,1.2808,0.5701,462.5
anchorrth_n50_pct0p2-r1,5,29,mid,46,-4309.0,-1.5386,0.6269,0.3913,462.5
anchorrth_n50_pct0p2-r1,5,29,pm,59,-1998.5,-0.6209,0.8476,0.4746,475.0
anchorrth_n50_pct0p2-r2,5,30,all,1197,-39175.5,-1.9164,0.8892,0.3233,537.5
anchorrth_n50_pct0p2-r2,5,30,eve,346,-14721.5,-1.3388,0.859,0.3121,475.0
anchorrth_n50_pct0p2-r2,5,30,asia,324,-9071.0,-0.8406,0.906,0.3241,487.5
anchorrth_n50_pct0p2-r2,5,30,london,208,530.5,0.0603,1.0089,0.3462,487.5
anchorrth_n50_pct0p2-r2,5,30,pre,114,-7318.5,-1.1737,0.7918,0.2895,537.5
anchorrth_n50_pct0p2-r2,5,30,nyam,104,546.5,0.0881,1.0187,0.3462,462.5
anchorrth_n50_pct0p2-r2,5,30,mid,45,-7517.5,-2.2491,0.4821,0.2222,475.0
anchorrth_n50_pct0p2-r2,5,30,pm,56,-1624.0,-0.4153,0.8868,0.4107,475.0
anchorrth_n50_pct0p2-r3,5,31,all,1176,-27204.0,-1.1141,0.928,0.2628,537.5
anchorrth_n50_pct0p2-r3,5,31,eve,337,-13973.0,-1.0757,0.8747,0.2463,475.0
anchorrth_n50_pct0p2-r3,5,31,asia,321,-3371.5,-0.2556,0.9678,0.2586,487.5
anchorrth_n50_pct0p2-r3,5,31,london,203,6938.0,0.6482,1.1114,0.2906,487.5
anchorrth_n50_pct0p2-r3,5,31,pre,114,-12406.0,-1.7731,0.6828,0.2105,537.5
anchorrth_n50_pct0p2-r3,5,31,nyam,101,3633.5,0.4871,1.1193,0.297,462.5
anchorrth_n50_pct0p2-r3,5,31,mid,45,-5055.0,-1.2168,0.6517,0.2222,475.0
anchorrth_n50_pct0p2-r3,5,31,pm,55,-2970.0,-0.7117,0.805,0.3636,475.0
