cell,vi,xi,sess,trades,net,t,pf,win,max_mae_usd
s3_offatr0p25_atr1p5-r0,0,0,all,568,6228.0,0.1195,1.0156,0.1919,2755.0
s3_offatr0p25_atr1p5-r0,0,0,london,254,41879.0,1.1444,1.249,0.2047,2755.0
s3_offatr0p25_atr1p5-r0,0,0,pre,215,-34855.0,-1.0917,0.7786,0.1488,2530.0
s3_offatr0p25_atr1p5-r0,0,0,nyam,99,-796.0,-0.0423,0.9892,0.2525,1830.0
s3_offatr0p25_atr1p5-r1,0,1,all,568,-26387.0,-1.1656,0.8987,0.4842,2755.0
s3_offatr0p25_atr1p5-r1,0,1,london,254,-6076.0,-0.4182,0.9439,0.5039,2755.0
s3_offatr0p25_atr1p5-r1,0,1,pre,215,-13150.0,-0.9376,0.8694,0.4605,2145.0
s3_offatr0p25_atr1p5-r1,0,1,nyam,99,-7161.0,-0.6945,0.8609,0.4848,1830.0
s3_offatr0p25_atr1p5-r2,0,2,all,568,-54672.0,-1.7763,0.843,0.3081,2755.0
s3_offatr0p25_atr1p5-r2,0,2,london,254,-13196.0,-0.6653,0.9087,0.3346,2755.0
s3_offatr0p25_atr1p5-r2,0,2,pre,215,-21570.0,-1.1155,0.8378,0.2884,2530.0
s3_offatr0p25_atr1p5-r2,0,2,nyam,99,-19906.0,-1.4759,0.7186,0.2828,1830.0
s3_offatr0p25_atr1p5-r3,0,3,all,568,-18002.0,-0.4769,0.9516,0.2588,2755.0
s3_offatr0p25_atr1p5-r3,0,3,london,254,6744.0,0.275,1.0435,0.2795,2755.0
s3_offatr0p25_atr1p5-r3,0,3,pre,215,-17415.0,-0.7375,0.88,0.2279,2530.0
s3_offatr0p25_atr1p5-r3,0,3,nyam,99,-7331.0,-0.4463,0.8982,0.2727,1830.0
s3_offatr0p25_atr3-r0,0,4,all,568,3848.0,0.0576,1.0062,0.338,5060.0
s3_offatr0p25_atr3-r0,0,4,london,254,23424.0,0.5188,1.0863,0.311,4385.0
s3_offatr0p25_atr3-r0,0,4,pre,215,-7995.0,-0.1898,0.9655,0.3395,5060.0
s3_offatr0p25_atr3-r0,0,4,nyam,99,-11581.0,-0.4498,0.898,0.404,3665.0
s3_offatr0p25_atr3-r1,0,5,all,568,-90912.0,-2.0793,0.8257,0.4665,5060.0
s3_offatr0p25_atr3-r1,0,5,london,254,-35696.0,-1.2818,0.8387,0.4764,4385.0
s3_offatr0p25_atr3-r1,0,5,pre,215,-26475.0,-0.9672,0.8644,0.4651,5060.0
s3_offatr0p25_atr3-r1,0,5,nyam,99,-28741.0,-1.452,0.7261,0.4444,3665.0
s3_offatr0p25_atr3-r2,0,6,all,568,-60442.0,-1.1006,0.8994,0.3644,5060.0
s3_offatr0p25_atr3-r2,0,6,london,254,-19461.0,-0.5439,0.925,0.3504,4385.0
s3_offatr0p25_atr3-r2,0,6,pre,215,-24135.0,-0.71,0.894,0.3628,5060.0
s3_offatr0p25_atr3-r2,0,6,nyam,99,-16846.0,-0.6932,0.8517,0.404,3665.0
s3_offatr0p25_atr3-r3,0,7,all,568,-31257.0,-0.5136,0.949,0.3433,5060.0
s3_offatr0p25_atr3-r3,0,7,london,254,6654.0,0.1639,1.0248,0.3228,4385.0
s3_offatr0p25_atr3-r3,0,7,pre,215,-28380.0,-0.7637,0.8774,0.3395,5060.0
s3_offatr0p25_atr3-r3,0,7,nyam,99,-9531.0,-0.3644,0.9161,0.404,3665.0
s3_offatr0p25_pts10-r0,0,8,all,568,33208.0,1.0872,1.2923,0.0599,1940.0
s3_offatr0p25_pts10-r0,0,8,london,254,45359.0,1.8349,1.9209,0.0748,215.0
s3_offatr0p25_pts10-r0,0,8,pre,215,-9690.0,-0.5892,0.7852,0.0372,1940.0
s3_offatr0p25_pts10-r0,0,8,nyam,99,-2461.0,-0.3579,0.8723,0.0707,205.0
s3_offatr0p25_pts10-r1,0,9,all,568,-632.0,-0.1307,0.9891,0.5141,220.0
s3_offatr0p25_pts10-r1,0,9,london,254,5164.0,1.6089,1.2239,0.5669,215.0
s3_offatr0p25_pts10-r1,0,9,pre,215,-4120.0,-1.3841,0.8277,0.4698,220.0
s3_offatr0p25_pts10-r1,0,9,nyam,99,-1676.0,-0.8279,0.8461,0.4747,205.0
s3_offatr0p25_pts10-r2,0,10,all,568,-947.0,-0.1381,0.9879,0.3433,220.0
s3_offatr0p25_pts10-r2,0,10,london,254,3084.0,0.662,1.0914,0.3661,215.0
s3_offatr0p25_pts10-r2,0,10,pre,215,-3285.0,-0.7905,0.8927,0.3209,220.0
s3_offatr0p25_pts10-r2,0,10,nyam,99,-746.0,-0.2614,0.946,0.3333,205.0
s3_offatr0p25_pts10-r3,0,11,all,568,-7837.0,-0.951,0.913,0.243,220.0
s3_offatr0p25_pts10-r3,0,11,london,254,2364.0,0.4132,1.061,0.2717,215.0
s3_offatr0p25_pts10-r3,0,11,pre,215,-7195.0,-1.4704,0.7956,0.2186,220.0
s3_offatr0p25_pts10-r3,0,11,nyam,99,-3006.0,-0.8978,0.8135,0.2222,205.0
s3_offatr0p25_pts20-r0,0,12,all,568,22708.0,0.6133,1.109,0.1127,1940.0
s3_offatr0p25_pts20-r0,0,12,london,254,38754.0,1.4088,1.4265,0.1299,755.0
s3_offatr0p25_pts20-r0,0,12,pre,215,-6175.0,-0.2676,0.9245,0.0884,1940.0
s3_offatr0p25_pts20-r0,0,12,nyam,99,-9871.0,-1.1078,0.7228,0.1212,405.0
s3_offatr0p25_pts20-r1,0,13,all,568,158.0,0.0164,1.0014,0.5088,430.0
s3_offatr0p25_pts20-r1,0,13,london,254,7934.0,1.2389,1.1684,0.5472,415.0
s3_offatr0p25_pts20-r1,0,13,pre,215,-5910.0,-0.9994,0.8724,0.4744,430.0
s3_offatr0p25_pts20-r1,0,13,nyam,99,-1866.0,-0.4636,0.9106,0.4848,405.0
s3_offatr0p25_pts20-r2,0,14,all,568,-4782.0,-0.3529,0.9692,0.3327,430.0
s3_offatr0p25_pts20-r2,0,14,london,254,8079.0,0.8711,1.1225,0.3661,415.0
s3_offatr0p25_pts20-r2,0,14,pre,215,-9700.0,-1.192,0.8421,0.3023,430.0
s3_offatr0p25_pts20-r2,0,14,nyam,99,-3161.0,-0.5654,0.8864,0.3131,405.0
s3_offatr0p25_pts20-r3,0,15,all,568,-5292.0,-0.3198,0.9697,0.25,430.0
s3_offatr0p25_pts20-r3,0,15,london,254,9294.0,0.8111,1.124,0.2795,415.0
s3_offatr0p25_pts20-r3,0,15,pre,215,-9380.0,-0.9476,0.862,0.2279,430.0
s3_offatr0p25_pts20-r3,0,15,nyam,99,-5206.0,-0.78,0.8348,0.2222,405.0
s3_offatr0p25_pts30-r0,0,16,all,568,34598.0,0.7967,1.1189,0.1673,1940.0
s3_offatr0p25_pts30-r0,0,16,london,254,51534.0,1.5962,1.4047,0.185,1620.0
s3_offatr0p25_pts30-r0,0,16,pre,215,-22635.0,-0.905,0.805,0.1256,1940.0
s3_offatr0p25_pts30-r0,0,16,nyam,99,5699.0,0.3906,1.1199,0.2121,605.0
s3_offatr0p25_pts30-r1,0,17,all,568,-4782.0,-0.3309,0.9725,0.5,1620.0
s3_offatr0p25_pts30-r1,0,17,london,254,6929.0,0.7124,1.0942,0.5315,1620.0
s3_offatr0p25_pts30-r1,0,17,pre,215,-11665.0,-1.3212,0.8349,0.4605,610.0
s3_offatr0p25_pts30-r1,0,17,nyam,99,-46.0,-0.0076,0.9985,0.5051,605.0
s3_offatr0p25_pts30-r2,0,18,all,568,-9077.0,-0.4478,0.961,0.331,1620.0
s3_offatr0p25_pts30-r2,0,18,london,254,6029.0,0.4358,1.0597,0.3543,1620.0
s3_offatr0p25_pts30-r2,0,18,pre,215,-10235.0,-0.8322,0.8867,0.3116,805.0
s3_offatr0p25_pts30-r2,0,18,nyam,99,-4871.0,-0.5862,0.8824,0.3131,605.0
s3_offatr0p25_pts30-r3,0,19,all,568,2198.0,0.0879,1.0085,0.2588,1620.0
s3_offatr0p25_pts30-r3,0,19,london,254,18004.0,1.0377,1.1615,0.2874,1620.0
s3_offatr0p25_pts30-r3,0,19,pre,215,-8515.0,-0.5659,0.9149,0.2372,805.0
s3_offatr0p25_pts30-r3,0,19,nyam,99,-7291.0,-0.7395,0.8425,0.2323,605.0
s3_offatr0p25_pts45-r0,0,20,all,568,42598.0,0.8453,1.1078,0.2342,1940.0
s3_offatr0p25_pts45-r0,0,20,london,254,59739.0,1.5881,1.3404,0.2402,1620.0
s3_offatr0p25_pts45-r0,0,20,pre,215,-32235.0,-1.1478,0.7963,0.1907,1940.0
s3_offatr0p25_pts45-r0,0,20,nyam,99,15094.0,0.8359,1.246,0.3131,905.0
s3_offatr0p25_pts45-r1,0,21,all,568,-15777.0,-0.7335,0.9401,0.4912,1620.0
s3_offatr0p25_pts45-r1,0,21,london,254,2979.0,0.2058,1.0262,0.5118,1620.0
s3_offatr0p25_pts45-r1,0,21,pre,215,-24770.0,-1.8851,0.773,0.4419,905.0
s3_offatr0p25_pts45-r1,0,21,nyam,99,6014.0,0.6758,1.147,0.5455,905.0
s3_offatr0p25_pts45-r2,0,22,all,568,-8357.0,-0.278,0.9755,0.3398,1620.0
s3_offatr0p25_pts45-r2,0,22,london,254,12039.0,0.5839,1.0808,0.3583,1620.0
s3_offatr0p25_pts45-r2,0,22,pre,215,-20015.0,-1.1026,0.8523,0.307,910.0
s3_offatr0p25_pts45-r2,0,22,nyam,99,-381.0,-0.0311,0.9933,0.3636,905.0
s3_offatr0p25_pts45-r3,0,23,all,568,12843.0,0.3503,1.0345,0.2799,1940.0
s3_offatr0p25_pts45-r3,0,23,london,254,28529.0,1.1166,1.1753,0.2953,1620.0
s3_offatr0p25_pts45-r3,0,23,pre,215,-23680.0,-1.0911,0.8424,0.2372,1940.0
s3_offatr0p25_pts45-r3,0,23,nyam,99,7994.0,0.54,1.1343,0.3333,905.0
s3_offatr0p25_pct0p1-r0,0,24,all,568,36258.0,1.0647,1.2424,0.0863,1940.0
s3_offatr0p25_pct0p1-r0,0,24,london,254,39324.0,1.5459,1.603,0.0945,340.0
s3_offatr0p25_pct0p1-r0,0,24,pre,215,90.0,0.0042,1.0015,0.0651,1940.0
s3_offatr0p25_pct0p1-r0,0,24,nyam,99,-3156.0,-0.413,0.8743,0.1111,340.0
s3_offatr0p25_pct0p1-r1,0,25,all,568,4528.0,0.6763,1.0589,0.5264,340.0
s3_offatr0p25_pct0p1-r1,0,25,london,254,10549.0,2.3897,1.3522,0.5827,340.0
s3_offatr0p25_pct0p1-r1,0,25,pre,215,-3660.0,-0.8851,0.8853,0.4837,340.0
s3_offatr0p25_pct0p1-r1,0,25,nyam,99,-2361.0,-0.841,0.8428,0.4747,340.0
s3_offatr0p25_pct0p1-r2,0,26,all,568,-7522.0,-0.8005,0.9312,0.3275,340.0
s3_offatr0p25_pct0p1-r2,0,26,london,254,4559.0,0.7047,1.099,0.3583,340.0
s3_offatr0p25_pct0p1-r2,0,26,pre,215,-7835.0,-1.3876,0.8183,0.3023,340.0
s3_offatr0p25_pct0p1-r2,0,26,nyam,99,-4246.0,-1.1187,0.7886,0.303,340.0
s3_offatr0p25_pct0p1-r3,0,27,all,568,-5237.0,-0.4533,0.957,0.2482,340.0
s3_offatr0p25_pct0p1-r3,0,27,london,254,4424.0,0.5532,1.084,0.2677,340.0
s3_offatr0p25_pct0p1-r3,0,27,pre,215,-7300.0,-1.0608,0.8465,0.2279,340.0
s3_offatr0p25_pct0p1-r3,0,27,nyam,99,-2361.0,-0.4998,0.8909,0.2424,340.0
s3_offatr0p25_pct0p2-r0,0,28,all,568,42503.0,1.0009,1.1574,0.1585,1940.0
s3_offatr0p25_pct0p2-r0,0,28,london,254,57664.0,1.8181,1.4901,0.1772,1620.0
s3_offatr0p25_pct0p2-r0,0,28,pre,215,-21245.0,-0.8729,0.8041,0.1163,1940.0
s3_offatr0p25_pct0p2-r0,0,28,nyam,99,6084.0,0.4322,1.1386,0.202,655.0
s3_offatr0p25_pct0p2-r1,0,29,all,568,-8052.0,-0.5994,0.9504,0.4982,1620.0
s3_offatr0p25_pct0p2-r1,0,29,london,254,4994.0,0.5525,1.073,0.5276,1620.0
s3_offatr0p25_pct0p2-r1,0,29,pre,215,-12870.0,-1.5699,0.8058,0.4558,685.0
s3_offatr0p25_pct0p2-r1,0,29,nyam,99,-176.0,-0.0314,0.9936,0.5152,655.0
s3_offatr0p25_pct0p2-r2,0,30,all,568,-2792.0,-0.1478,0.9869,0.3398,1620.0
s3_offatr0p25_pct0p2-r2,0,30,london,254,6279.0,0.4892,1.0678,0.3583,1620.0
s3_offatr0p25_pct0p2-r2,0,30,pre,215,-8615.0,-0.7516,0.8965,0.3163,805.0
s3_offatr0p25_pct0p2-r2,0,30,nyam,99,-456.0,-0.0582,0.9876,0.3434,655.0
s3_offatr0p25_pct0p2-r3,0,31,all,568,-2422.0,-0.105,0.9899,0.257,1620.0
s3_offatr0p25_pct0p2-r3,0,31,london,254,10294.0,0.65,1.0988,0.2795,1620.0
s3_offatr0p25_pct0p2-r3,0,31,pre,215,-12355.0,-0.8937,0.8681,0.2279,805.0
s3_offatr0p25_pct0p2-r3,0,31,nyam,99,-361.0,-0.0379,0.9912,0.2626,655.0
s3_offatr0p5_atr1p5-r0,1,0,all,562,50752.0,0.986,1.134,0.2153,2535.0
s3_offatr0p5_atr1p5-r0,1,0,london,219,52614.0,1.5682,1.3856,0.2192,1965.0
s3_offatr0p5_atr1p5-r0,1,0,pre,213,-20167.0,-0.6254,0.8678,0.1596,2535.0
s3_offatr0p5_atr1p5-r0,1,0,nyam,130,18305.0,0.8349,1.2042,0.3,2385.0
s3_offatr0p5_atr1p5-r1,1,1,all,562,-10268.0,-0.4614,0.9585,0.4947,2535.0
s3_offatr0p5_atr1p5-r1,1,1,london,219,69.0,0.0053,1.0008,0.5023,1965.0
s3_offatr0p5_atr1p5-r1,1,1,pre,213,-19107.0,-1.4162,0.8099,0.4554,2535.0
s3_offatr0p5_atr1p5-r1,1,1,nyam,130,8770.0,0.7265,1.1474,0.5462,2300.0
s3_offatr0p5_atr1p5-r2,1,2,all,562,-528.0,-0.0169,0.9984,0.3434,2535.0
s3_offatr0p5_atr1p5-r2,1,2,london,219,2639.0,0.1455,1.0228,0.3607,1965.0
s3_offatr0p5_atr1p5-r2,1,2,pre,213,-5907.0,-0.3111,0.952,0.3146,2535.0
s3_offatr0p5_atr1p5-r2,1,2,nyam,130,2740.0,0.1621,1.0325,0.3615,2385.0
s3_offatr0p5_atr1p5-r3,1,3,all,562,25357.0,0.6701,1.0721,0.2794,2535.0
s3_offatr0p5_atr1p5-r3,1,3,london,219,24304.0,1.0598,1.1952,0.2968,1965.0
s3_offatr0p5_atr1p5-r3,1,3,pre,213,-15222.0,-0.6736,0.8909,0.2347,2535.0
s3_offatr0p5_atr1p5-r3,1,3,nyam,130,16275.0,0.818,1.186,0.3231,2385.0
s3_offatr0p5_atr3-r0,1,4,all,562,-8398.0,-0.1297,0.9862,0.3345,5065.0
s3_offatr0p5_atr3-r0,1,4,london,219,34419.0,0.842,1.1555,0.3242,3930.0
s3_offatr0p5_atr3-r0,1,4,pre,213,-38977.0,-0.9461,0.8415,0.2958,5065.0
s3_offatr0p5_atr3-r0,1,4,nyam,130,-3840.0,-0.1335,0.9728,0.4154,4765.0
s3_offatr0p5_atr3-r1,1,5,all,562,-59113.0,-1.3651,0.8816,0.4822,5065.0
s3_offatr0p5_atr3-r1,1,5,london,219,1579.0,0.0627,1.0093,0.5205,3930.0
s3_offatr0p5_atr3-r1,1,5,pre,213,-41317.0,-1.5641,0.7918,0.446,5065.0
s3_offatr0p5_atr3-r1,1,5,nyam,130,-19375.0,-0.8302,0.8521,0.4769,4765.0
s3_offatr0p5_atr3-r2,1,6,all,562,-51533.0,-0.9481,0.9126,0.363,5065.0
s3_offatr0p5_atr3-r2,1,6,london,219,4179.0,0.1284,1.02,0.3699,3930.0
s3_offatr0p5_atr3-r2,1,6,pre,213,-53137.0,-1.6059,0.7779,0.3239,5065.0
s3_offatr0p5_atr3-r2,1,6,nyam,130,-2575.0,-0.0909,0.9818,0.4154,4765.0
s3_offatr0p5_atr3-r3,1,7,all,562,-42098.0,-0.7194,0.9303,0.3416,5065.0
s3_offatr0p5_atr3-r3,1,7,london,219,26944.0,0.7267,1.1244,0.3425,3930.0
s3_offatr0p5_atr3-r3,1,7,pre,213,-68522.0,-1.9966,0.7213,0.2958,5065.0
s3_offatr0p5_atr3-r3,1,7,nyam,130,-520.0,-0.0177,0.9963,0.4154,4765.0
s3_offatr0p5_pts10-r0,1,8,all,562,15372.0,0.5716,1.1384,0.0569,290.0
s3_offatr0p5_pts10-r0,1,8,london,219,9974.0,0.5493,1.229,0.0502,215.0
s3_offatr0p5_pts10-r0,1,8,pre,213,2358.0,0.1359,1.0557,0.0516,290.0
s3_offatr0p5_pts10-r0,1,8,nyam,130,3040.0,0.312,1.1206,0.0769,215.0
s3_offatr0p5_pts10-r1,1,9,all,562,-8778.0,-1.824,0.8573,0.4786,250.0
s3_offatr0p5_pts10-r1,1,9,london,219,-446.0,-0.1483,0.9801,0.5114,210.0
s3_offatr0p5_pts10-r1,1,9,pre,213,-6577.0,-2.2292,0.7369,0.4413,250.0
s3_offatr0p5_pts10-r1,1,9,nyam,130,-1755.0,-0.7547,0.8756,0.4846,215.0
s3_offatr0p5_pts10-r2,1,10,all,562,-13088.0,-1.9724,0.8396,0.3078,250.0
s3_offatr0p5_pts10-r2,1,10,london,219,779.0,0.1817,1.0262,0.3516,210.0
s3_offatr0p5_pts10-r2,1,10,pre,213,-10172.0,-2.592,0.6893,0.2676,250.0
s3_offatr0p5_pts10-r2,1,10,nyam,130,-3695.0,-1.1618,0.8069,0.3,215.0
s3_offatr0p5_pts10-r3,1,11,all,562,-15683.0,-1.9604,0.8284,0.226,290.0
s3_offatr0p5_pts10-r3,1,11,london,219,-5576.0,-1.1121,0.8424,0.2283,210.0
s3_offatr0p5_pts10-r3,1,11,pre,213,-8577.0,-1.7799,0.7577,0.2113,290.0
s3_offatr0p5_pts10-r3,1,11,nyam,130,-1530.0,-0.3849,0.9257,0.2462,215.0
s3_offatr0p5_pts20-r0,1,12,all,562,45362.0,1.189,1.2242,0.1263,2090.0
s3_offatr0p5_pts20-r0,1,12,london,219,41204.0,1.5669,1.5296,0.1324,410.0
s3_offatr0p5_pts20-r0,1,12,pre,213,-5757.0,-0.2376,0.9287,0.0892,2090.0
s3_offatr0p5_pts20-r0,1,12,nyam,130,9915.0,0.7458,1.2264,0.1769,415.0
s3_offatr0p5_pts20-r1,1,13,all,562,-5328.0,-0.5577,0.954,0.4964,415.0
s3_offatr0p5_pts20-r1,1,13,london,219,6209.0,1.0434,1.1517,0.5434,405.0
s3_offatr0p5_pts20-r1,1,13,pre,213,-9072.0,-1.5462,0.8089,0.4554,415.0
s3_offatr0p5_pts20-r1,1,13,nyam,130,-2465.0,-0.5352,0.9101,0.4846,405.0
s3_offatr0p5_pts20-r2,1,14,all,562,-4678.0,-0.3471,0.9695,0.3327,450.0
s3_offatr0p5_pts20-r2,1,14,london,219,5579.0,0.6498,1.0973,0.3607,410.0
s3_offatr0p5_pts20-r2,1,14,pre,213,-13712.0,-1.7197,0.7798,0.2864,450.0
s3_offatr0p5_pts20-r2,1,14,nyam,130,3455.0,0.5213,1.1017,0.3615,405.0
s3_offatr0p5_pts20-r3,1,15,all,562,317.0,0.0191,1.0019,0.2562,450.0
s3_offatr0p5_pts20-r3,1,15,london,219,2714.0,0.2597,1.0412,0.2648,410.0
s3_offatr0p5_pts20-r3,1,15,pre,213,-3762.0,-0.3728,0.943,0.2441,450.0
s3_offatr0p5_pts20-r3,1,15,nyam,130,1365.0,0.169,1.0347,0.2615,415.0
s3_offatr0p5_pts30-r0,1,16,all,562,55257.0,1.2391,1.1932,0.1726,2090.0
s3_offatr0p5_pts30-r0,1,16,london,219,55534.0,1.8437,1.5111,0.1963,1715.0
s3_offatr0p5_pts30-r0,1,16,pre,213,-8107.0,-0.2837,0.9296,0.1221,2090.0
s3_offatr0p5_pts30-r0,1,16,nyam,130,7830.0,0.4838,1.126,0.2154,605.0
s3_offatr0p5_pts30-r1,1,17,all,562,-18443.0,-1.2812,0.8972,0.4804,1715.0
s3_offatr0p5_pts30-r1,1,17,london,219,-1971.0,-0.217,0.9708,0.5023,1715.0
s3_offatr0p5_pts30-r1,1,17,pre,213,-15617.0,-1.7761,0.7838,0.446,960.0
s3_offatr0p5_pts30-r1,1,17,nyam,130,-855.0,-0.124,0.9784,0.5,605.0
s3_offatr0p5_pts30-r2,1,18,all,562,-1633.0,-0.0804,0.9928,0.3381,1715.0
s3_offatr0p5_pts30-r2,1,18,london,219,16329.0,1.2478,1.1958,0.3836,1715.0
s3_offatr0p5_pts30-r2,1,18,pre,213,-12782.0,-1.0492,0.8588,0.3052,960.0
s3_offatr0p5_pts30-r2,1,18,nyam,130,-5180.0,-0.5395,0.9045,0.3154,605.0
s3_offatr0p5_pts30-r3,1,19,all,562,14007.0,0.5558,1.0554,0.2669,1715.0
s3_offatr0p5_pts30-r3,1,19,london,219,29779.0,1.7941,1.3209,0.3151,1715.0
s3_offatr0p5_pts30-r3,1,19,pre,213,-14667.0,-0.9965,0.8546,0.2254,960.0
s3_offatr0p5_pts30-r3,1,19,nyam,130,-1105.0,-0.0932,0.9813,0.2538,605.0
s3_offatr0p5_pts45-r0,1,20,all,562,57912.0,1.1297,1.1495,0.2402,2090.0
s3_offatr0p5_pts45-r0,1,20,london,219,51639.0,1.5072,1.3443,0.2511,1715.0
s3_offatr0p5_pts45-r0,1,20,pre,213,-12502.0,-0.3874,0.9203,0.1878,2090.0
s3_offatr0p5_pts45-r0,1,20,nyam,130,18775.0,0.9252,1.2329,0.3077,925.0
s3_offatr0p5_pts45-r1,1,21,all,562,-4028.0,-0.1881,0.9842,0.5018,1715.0
s3_offatr0p5_pts45-r1,1,21,london,219,8729.0,0.6504,1.0924,0.5297,1715.0
s3_offatr0p5_pts45-r1,1,21,pre,213,-18607.0,-1.4145,0.8237,0.4554,960.0
s3_offatr0p5_pts45-r1,1,21,nyam,130,5850.0,0.5717,1.1062,0.5308,925.0
s3_offatr0p5_pts45-r2,1,22,all,562,5192.0,0.1719,1.0155,0.347,1715.0
s3_offatr0p5_pts45-r2,1,22,london,219,21549.0,1.1115,1.173,0.379,1715.0
s3_offatr0p5_pts45-r2,1,22,pre,213,-13922.0,-0.7613,0.8952,0.3146,960.0
s3_offatr0p5_pts45-r2,1,22,nyam,130,-2435.0,-0.1714,0.9683,0.3462,925.0
s3_offatr0p5_pts45-r3,1,23,all,562,9017.0,0.2474,1.0244,0.2776,2090.0
s3_offatr0p5_pts45-r3,1,23,london,219,28929.0,1.2104,1.208,0.3059,1715.0
s3_offatr0p5_pts45-r3,1,23,pre,213,-25832.0,-1.1962,0.8278,0.2254,2090.0
s3_offatr0p5_pts45-r3,1,23,nyam,130,5920.0,0.3488,1.0735,0.3154,925.0
s3_offatr0p5_pct0p1-r0,1,24,all,562,54232.0,1.5752,1.3729,0.089,345.0
s3_offatr0p5_pct0p1-r0,1,24,london,219,52539.0,2.1019,1.9569,0.1142,345.0
s3_offatr0p5_pct0p1-r0,1,24,pre,213,-1282.0,-0.0616,0.9776,0.0563,345.0
s3_offatr0p5_pct0p1-r0,1,24,nyam,130,2975.0,0.2682,1.089,0.1,340.0
s3_offatr0p5_pct0p1-r1,1,25,all,562,-9273.0,-1.3919,0.8884,0.4822,340.0
s3_offatr0p5_pct0p1-r1,1,25,london,219,1909.0,0.4602,1.0648,0.5205,340.0
s3_offatr0p5_pct0p1-r1,1,25,pre,213,-6447.0,-1.5725,0.8048,0.4601,340.0
s3_offatr0p5_pct0p1-r1,1,25,nyam,130,-4735.0,-1.4759,0.7701,0.4538,340.0
s3_offatr0p5_pct0p1-r2,1,26,all,562,-10768.0,-1.1587,0.9014,0.3203,345.0
s3_offatr0p5_pct0p1-r2,1,26,london,219,4324.0,0.7197,1.1094,0.3607,340.0
s3_offatr0p5_pct0p1-r2,1,26,pre,213,-12867.0,-2.3582,0.7106,0.2723,345.0
s3_offatr0p5_pct0p1-r2,1,26,nyam,130,-2225.0,-0.4962,0.9119,0.3308,340.0
s3_offatr0p5_pct0p1-r3,1,27,all,562,-6623.0,-0.5789,0.9453,0.2473,345.0
s3_offatr0p5_pct0p1-r3,1,27,london,219,8509.0,1.1247,1.1928,0.2877,345.0
s3_offatr0p5_pct0p1-r3,1,27,pre,213,-13742.0,-2.1038,0.7187,0.2019,345.0
s3_offatr0p5_pct0p1-r3,1,27,nyam,130,-1390.0,-0.2525,0.9504,0.2538,340.0
s3_offatr0p5_pct0p2-r0,1,28,all,562,46317.0,1.1002,1.1759,0.1637,2090.0
s3_offatr0p5_pct0p2-r0,1,28,london,219,50249.0,1.7382,1.5062,0.1826,870.0
s3_offatr0p5_pct0p2-r0,1,28,pre,213,-14072.0,-0.5355,0.8689,0.1127,2090.0
s3_offatr0p5_pct0p2-r0,1,28,nyam,130,10140.0,0.651,1.1787,0.2154,680.0
s3_offatr0p5_pct0p2-r1,1,29,all,562,-12063.0,-0.9104,0.9255,0.4875,685.0
s3_offatr0p5_pct0p2-r1,1,29,london,219,1429.0,0.1731,1.0239,0.5068,680.0
s3_offatr0p5_pct0p2-r1,1,29,pre,213,-11542.0,-1.4153,0.8224,0.4601,685.0
s3_offatr0p5_pct0p2-r1,1,29,nyam,130,-1950.0,-0.3041,0.9475,0.5,680.0
s3_offatr0p5_pct0p2-r2,1,30,all,562,-4263.0,-0.2288,0.9796,0.3363,685.0
s3_offatr0p5_pct0p2-r2,1,30,london,219,11734.0,0.9851,1.1535,0.3699,680.0
s3_offatr0p5_pct0p2-r2,1,30,pre,213,-9542.0,-0.8424,0.8844,0.3146,685.0
s3_offatr0p5_pct0p2-r2,1,30,nyam,130,-6455.0,-0.7363,0.8713,0.3154,680.0
s3_offatr0p5_pct0p2-r3,1,31,all,562,5002.0,0.2172,1.0215,0.2616,870.0
s3_offatr0p5_pct0p2-r3,1,31,london,219,18849.0,1.2616,1.2195,0.2968,870.0
s3_offatr0p5_pct0p2-r3,1,31,pre,213,-16707.0,-1.2414,0.8216,0.2207,685.0
s3_offatr0p5_pct0p2-r3,1,31,nyam,130,2860.0,0.256,1.0537,0.2692,680.0
s3_offatr1_atr1p5-r0,2,0,all,477,70482.0,1.4607,1.2278,0.2306,2535.0
s3_offatr1_atr1p5-r0,2,0,london,125,23065.0,0.9422,1.2985,0.208,1965.0
s3_offatr1_atr1p5-r0,2,0,pre,149,-271.0,-0.0103,0.9971,0.1745,2395.0
s3_offatr1_atr1p5-r0,2,0,nyam,203,47688.0,1.4814,1.3451,0.2857,2535.0
s3_offatr1_atr1p5-r1,2,1,all,477,8372.0,0.413,1.0419,0.5115,2535.0
s3_offatr1_atr1p5-r1,2,1,london,125,4990.0,0.5303,1.1091,0.528,1965.0
s3_offatr1_atr1p5-r1,2,1,pre,149,7824.0,0.7799,1.1474,0.5302,1920.0
s3_offatr1_atr1p5-r1,2,1,nyam,203,-4442.0,-0.2976,0.9559,0.4877,2535.0
s3_offatr1_atr1p5-r2,2,2,all,477,30102.0,1.037,1.1154,0.3648,2535.0
s3_offatr1_atr1p5-r2,2,2,london,125,5490.0,0.4077,1.0872,0.368,1965.0
s3_offatr1_atr1p5-r2,2,2,pre,149,10919.0,0.7623,1.1514,0.3758,1920.0
s3_offatr1_atr1p5-r2,2,2,nyam,203,13693.0,0.6388,1.1088,0.3547,2535.0
s3_offatr1_atr1p5-r3,2,3,all,477,35047.0,1.0066,1.1202,0.2872,2535.0
s3_offatr1_atr1p5-r3,2,3,london,125,4570.0,0.2821,1.0642,0.272,1965.0
s3_offatr1_atr1p5-r3,2,3,pre,149,-2531.0,-0.1519,0.9704,0.2685,2395.0
s3_offatr1_atr1p5-r3,2,3,nyam,203,33008.0,1.2714,1.2449,0.3103,2535.0
s3_offatr1_atr3-r0,2,4,all,477,91442.0,1.528,1.1978,0.3774,5065.0
s3_offatr1_atr3-r0,2,4,london,125,23485.0,0.7525,1.1877,0.328,3930.0
s3_offatr1_atr3-r0,2,4,pre,149,-4441.0,-0.1346,0.9699,0.2953,3845.0
s3_offatr1_atr3-r0,2,4,nyam,203,72398.0,1.8569,1.3814,0.468,5065.0
s3_offatr1_atr3-r1,2,5,all,477,46782.0,1.1886,1.1268,0.5283,5065.0
s3_offatr1_atr3-r1,2,5,london,125,1245.0,0.0666,1.0131,0.528,3930.0
s3_offatr1_atr3-r1,2,5,pre,149,8994.0,0.4573,1.0845,0.5034,3195.0
s3_offatr1_atr3-r1,2,5,nyam,203,36543.0,1.2793,1.2182,0.5468,5065.0
s3_offatr1_atr3-r2,2,6,all,477,54852.0,1.0891,1.1226,0.4046,5065.0
s3_offatr1_atr3-r2,2,6,london,125,-5755.0,-0.2358,0.9529,0.352,3930.0
s3_offatr1_atr3-r2,2,6,pre,149,-2261.0,-0.088,0.9834,0.3557,3195.0
s3_offatr1_atr3-r2,2,6,nyam,203,62868.0,1.759,1.3325,0.4729,5065.0
s3_offatr1_atr3-r3,2,7,all,477,73362.0,1.3326,1.1599,0.3836,5065.0
s3_offatr1_atr3-r3,2,7,london,125,18490.0,0.6605,1.1504,0.344,3930.0
s3_offatr1_atr3-r3,2,7,pre,149,-20806.0,-0.7746,0.8575,0.302,3845.0
s3_offatr1_atr3-r3,2,7,nyam,203,75678.0,1.9441,1.3987,0.468,5065.0
s3_offatr1_pts10-r0,2,8,all,477,-24463.0,-1.3454,0.743,0.0503,280.0
s3_offatr1_pts10-r0,2,8,london,125,-12960.0,-1.9164,0.4848,0.04,215.0
s3_offatr1_pts10-r0,2,8,pre,149,-11881.0,-1.1575,0.6071,0.0403,280.0
s3_offatr1_pts10-r0,2,8,nyam,203,378.0,0.0282,1.0095,0.064,215.0
s3_offatr1_pts10-r1,2,9,all,477,-13463.0,-3.0433,0.757,0.4486,280.0
s3_offatr1_pts10-r1,2,9,london,125,-5525.0,-2.4681,0.644,0.408,210.0
s3_offatr1_pts10-r1,2,9,pre,149,-5141.0,-2.0678,0.7125,0.4362,280.0
s3_offatr1_pts10-r1,2,9,nyam,203,-2797.0,-0.9662,0.8729,0.4828,210.0
s3_offatr1_pts10-r2,2,10,all,477,-12478.0,-2.0451,0.8215,0.304,280.0
s3_offatr1_pts10-r2,2,10,london,125,-8035.0,-2.7663,0.5966,0.24,210.0
s3_offatr1_pts10-r2,2,10,pre,149,-1276.0,-0.3621,0.9395,0.3356,280.0
s3_offatr1_pts10-r2,2,10,nyam,203,-3167.0,-0.7849,0.8904,0.3202,210.0
s3_offatr1_pts10-r3,2,11,all,477,-10863.0,-1.4578,0.859,0.2327,280.0
s3_offatr1_pts10-r3,2,11,london,125,-7670.0,-2.1881,0.6413,0.184,210.0
s3_offatr1_pts10-r3,2,11,pre,149,-1746.0,-0.408,0.9266,0.2483,280.0
s3_offatr1_pts10-r3,2,11,nyam,203,-1447.0,-0.29,0.9546,0.2512,210.0
s3_offatr1_pts20-r0,2,12,all,477,52952.0,1.5055,1.3125,0.1321,525.0
s3_offatr1_pts20-r0,2,12,london,125,36020.0,1.6684,1.8294,0.152,430.0
s3_offatr1_pts20-r0,2,12,pre,149,2454.0,0.1209,1.0448,0.1007,525.0
s3_offatr1_pts20-r0,2,12,nyam,203,14478.0,0.7643,1.2032,0.1429,415.0
s3_offatr1_pts20-r1,2,13,all,477,-7833.0,-0.8887,0.9218,0.4885,525.0
s3_offatr1_pts20-r1,2,13,london,125,-5270.0,-1.1696,0.8108,0.456,415.0
s3_offatr1_pts20-r1,2,13,pre,149,-1611.0,-0.3254,0.9479,0.4966,525.0
s3_offatr1_pts20-r1,2,13,nyam,203,-952.0,-0.1655,0.977,0.5025,405.0
s3_offatr1_pts20-r2,2,14,all,477,-2623.0,-0.2107,0.9798,0.3354,525.0
s3_offatr1_pts20-r2,2,14,london,125,-4160.0,-0.6634,0.8819,0.312,415.0
s3_offatr1_pts20-r2,2,14,pre,149,3889.0,0.5469,1.0995,0.3624,525.0
s3_offatr1_pts20-r2,2,14,nyam,203,-2352.0,-0.2905,0.9578,0.33,415.0
s3_offatr1_pts20-r3,2,15,all,477,5172.0,0.3349,1.0358,0.2621,525.0
s3_offatr1_pts20-r3,2,15,london,125,175.0,0.0222,1.0046,0.256,430.0
s3_offatr1_pts20-r3,2,15,pre,149,6229.0,0.7032,1.1416,0.2819,525.0
s3_offatr1_pts20-r3,2,15,nyam,203,-1232.0,-0.1239,0.9802,0.2512,415.0
s3_offatr1_pts30-r0,2,16,all,477,57112.0,1.4037,1.2425,0.1845,655.0
s3_offatr1_pts30-r0,2,16,london,125,30655.0,1.329,1.5021,0.192,610.0
s3_offatr1_pts30-r0,2,16,pre,149,-6536.0,-0.2736,0.9171,0.1275,655.0
s3_offatr1_pts30-r0,2,16,nyam,203,32993.0,1.4021,1.3449,0.2217,610.0
s3_offatr1_pts30-r1,2,17,all,477,3362.0,0.2551,1.0237,0.5115,655.0
s3_offatr1_pts30-r1,2,17,london,125,5810.0,0.8621,1.1673,0.544,610.0
s3_offatr1_pts30-r1,2,17,pre,149,-4101.0,-0.5553,0.9128,0.4832,655.0
s3_offatr1_pts30-r1,2,17,nyam,203,1653.0,0.1921,1.0274,0.5123,610.0
s3_offatr1_pts30-r2,2,18,all,477,7147.0,0.3815,1.0377,0.348,655.0
s3_offatr1_pts30-r2,2,18,london,125,5975.0,0.6154,1.1241,0.368,610.0
s3_offatr1_pts30-r2,2,18,pre,149,-2421.0,-0.2329,0.9603,0.3289,655.0
s3_offatr1_pts30-r2,2,18,nyam,203,3593.0,0.2935,1.0447,0.3498,610.0
s3_offatr1_pts30-r3,2,19,all,477,36712.0,1.5529,1.1777,0.2893,655.0
s3_offatr1_pts30-r3,2,19,london,125,11330.0,0.928,1.2113,0.296,610.0
s3_offatr1_pts30-r3,2,19,pre,149,10144.0,0.7651,1.1554,0.2819,655.0
s3_offatr1_pts30-r3,2,19,nyam,203,15238.0,0.9912,1.1737,0.2906,610.0
s3_offatr1_pts45-r0,2,20,all,477,71667.0,1.4703,1.2197,0.2474,2395.0
s3_offatr1_pts45-r0,2,20,london,125,37025.0,1.4191,1.4455,0.264,1095.0
s3_offatr1_pts45-r0,2,20,pre,149,-17611.0,-0.6624,0.8431,0.1812,2395.0
s3_offatr1_pts45-r0,2,20,nyam,203,52253.0,1.6669,1.3991,0.2857,905.0
s3_offatr1_pts45-r1,2,21,all,477,6307.0,0.3185,1.0297,0.5136,1905.0
s3_offatr1_pts45-r1,2,21,london,125,2815.0,0.279,1.0516,0.52,920.0
s3_offatr1_pts45-r1,2,21,pre,149,-1501.0,-0.1337,0.9782,0.5034,1905.0
s3_offatr1_pts45-r1,2,21,nyam,203,4993.0,0.3876,1.056,0.5172,905.0
s3_offatr1_pts45-r2,2,22,all,477,48047.0,1.6822,1.1774,0.3795,1905.0
s3_offatr1_pts45-r2,2,22,london,125,18100.0,1.23,1.2644,0.4,1095.0
s3_offatr1_pts45-r2,2,22,pre,149,14599.0,0.9027,1.1698,0.3758,1905.0
s3_offatr1_pts45-r2,2,22,nyam,203,15348.0,0.8314,1.1319,0.3695,905.0
s3_offatr1_pts45-r3,2,23,all,477,39522.0,1.1459,1.1287,0.2935,2395.0
s3_offatr1_pts45-r3,2,23,london,125,20375.0,1.1211,1.2623,0.312,1095.0
s3_offatr1_pts45-r3,2,23,pre,149,-11466.0,-0.6172,0.8897,0.2483,2395.0
s3_offatr1_pts45-r3,2,23,nyam,203,30613.0,1.3508,1.244,0.3153,905.0
s3_offatr1_pct0p1-r0,2,24,all,477,8062.0,0.2952,1.0646,0.0818,440.0
s3_offatr1_pct0p1-r0,2,24,london,125,18175.0,1.0426,1.5718,0.096,340.0
s3_offatr1_pct0p1-r0,2,24,pre,149,-6431.0,-0.4218,0.8399,0.0671,440.0
s3_offatr1_pct0p1-r0,2,24,nyam,203,-3682.0,-0.2538,0.9304,0.0837,340.0
s3_offatr1_pct0p1-r1,2,25,all,477,-11943.0,-1.9437,0.8358,0.4675,440.0
s3_offatr1_pct0p1-r1,2,25,london,125,-4265.0,-1.3703,0.7809,0.44,340.0
s3_offatr1_pct0p1-r1,2,25,pre,149,-3161.0,-0.9024,0.861,0.4832,440.0
s3_offatr1_pct0p1-r1,2,25,nyam,203,-4517.0,-1.1313,0.852,0.4729,340.0
s3_offatr1_pct0p1-r2,2,26,all,477,-14388.0,-1.6966,0.8481,0.3082,440.0
s3_offatr1_pct0p1-r2,2,26,london,125,-5470.0,-1.2788,0.7827,0.28,340.0
s3_offatr1_pct0p1-r2,2,26,pre,149,-1486.0,-0.3038,0.9487,0.3423,440.0
s3_offatr1_pct0p1-r2,2,26,nyam,203,-7432.0,-1.3589,0.8168,0.3005,340.0
s3_offatr1_pct0p1-r3,2,27,all,477,-10983.0,-1.0573,0.8946,0.239,440.0
s3_offatr1_pct0p1-r3,2,27,london,125,-5920.0,-1.1469,0.7873,0.208,340.0
s3_offatr1_pct0p1-r3,2,27,pre,149,4634.0,0.7453,1.1497,0.2953,440.0
s3_offatr1_pct0p1-r3,2,27,nyam,203,-9697.0,-1.489,0.7866,0.2167,340.0
s3_offatr1_pct0p2-r0,2,28,all,477,59487.0,1.4927,1.2703,0.1719,685.0
s3_offatr1_pct0p2-r0,2,28,london,125,28155.0,1.2586,1.4927,0.176,685.0
s3_offatr1_pct0p2-r0,2,28,pre,149,-5896.0,-0.2507,0.921,0.1141,685.0
s3_offatr1_pct0p2-r0,2,28,nyam,203,37228.0,1.6084,1.4213,0.2118,685.0
s3_offatr1_pct0p2-r1,2,29,all,477,-6718.0,-0.5494,0.9505,0.4969,685.0
s3_offatr1_pct0p2-r1,2,29,london,125,1980.0,0.3178,1.0592,0.512,685.0
s3_offatr1_pct0p2-r1,2,29,pre,149,-8361.0,-1.2106,0.8185,0.4698,685.0
s3_offatr1_pct0p2-r1,2,29,nyam,203,-337.0,-0.0424,0.994,0.5074,685.0
s3_offatr1_pct0p2-r2,2,30,all,477,7082.0,0.409,1.0406,0.3543,685.0
s3_offatr1_pct0p2-r2,2,30,london,125,970.0,0.1099,1.0213,0.344,685.0
s3_offatr1_pct0p2-r2,2,30,pre,149,679.0,0.0697,1.0122,0.3557,685.0
s3_offatr1_pct0p2-r2,2,30,nyam,203,5433.0,0.4795,1.0744,0.3596,685.0
s3_offatr1_pct0p2-r3,2,31,all,477,10382.0,0.488,1.053,0.2704,685.0
s3_offatr1_pct0p2-r3,2,31,london,125,380.0,0.0351,1.0074,0.256,685.0
s3_offatr1_pct0p2-r3,2,31,pre,149,1019.0,0.0856,1.0162,0.2685,685.0
s3_offatr1_pct0p2-r3,2,31,nyam,203,8983.0,0.6426,1.1101,0.2808,685.0
s3_offptsA_atr1p5-r0,3,0,all,561,8776.0,0.1674,1.0221,0.1996,2750.0
s3_offptsA_atr1p5-r0,3,0,london,230,37485.0,1.0462,1.236,0.2043,2750.0
s3_offptsA_atr1p5-r0,3,0,pre,217,-26188.0,-0.7865,0.8355,0.1613,2530.0
s3_offptsA_atr1p5-r0,3,0,nyam,114,-2521.0,-0.1337,0.9684,0.2632,1830.0
s3_offptsA_atr1p5-r1,3,1,all,561,-44124.0,-1.955,0.8353,0.4688,2750.0
s3_offptsA_atr1p5-r1,3,1,london,230,-22025.0,-1.5554,0.7984,0.4652,2750.0
s3_offptsA_atr1p5-r1,3,1,pre,217,-24323.0,-1.7263,0.7735,0.4332,2385.0
s3_offptsA_atr1p5-r1,3,1,nyam,114,2224.0,0.2113,1.0434,0.5439,1830.0
s3_offptsA_atr1p5-r2,3,2,all,561,-47574.0,-1.5475,0.8618,0.3244,2750.0
s3_offptsA_atr1p5-r2,3,2,london,230,-12525.0,-0.648,0.9076,0.3478,2750.0
s3_offptsA_atr1p5-r2,3,2,pre,217,-21893.0,-1.1192,0.8374,0.2949,2530.0
s3_offptsA_atr1p5-r2,3,2,nyam,114,-13156.0,-0.9498,0.8227,0.3333,1830.0
s3_offptsA_atr1p5-r3,3,3,all,561,-21279.0,-0.5685,0.9427,0.2638,2750.0
s3_offptsA_atr1p5-r3,3,3,london,230,-255.0,-0.0108,0.9983,0.2783,2750.0
s3_offptsA_atr1p5-r3,3,3,pre,217,-15448.0,-0.6423,0.8944,0.235,2530.0
s3_offptsA_atr1p5-r3,3,3,nyam,114,-5576.0,-0.3399,0.9284,0.2895,1830.0
s3_offptsA_atr3-r0,3,4,all,561,-42209.0,-0.6384,0.9328,0.3244,5070.0
s3_offptsA_atr3-r0,3,4,london,230,-3585.0,-0.083,0.9862,0.3043,4125.0
s3_offptsA_atr3-r0,3,4,pre,217,-16678.0,-0.3894,0.9305,0.3226,5070.0
s3_offptsA_atr3-r0,3,4,nyam,114,-21946.0,-0.84,0.8293,0.3684,3660.0
s3_offptsA_atr3-r1,3,5,all,561,-105334.0,-2.4086,0.8003,0.4617,5070.0
s3_offptsA_atr3-r1,3,5,london,230,-40050.0,-1.4747,0.8085,0.487,4125.0
s3_offptsA_atr3-r1,3,5,pre,217,-36603.0,-1.3194,0.8206,0.4424,5070.0
s3_offptsA_atr3-r1,3,5,nyam,114,-28681.0,-1.4133,0.7493,0.4474,3660.0
s3_offptsA_atr3-r2,3,6,all,561,-96294.0,-1.7664,0.8427,0.3476,5070.0
s3_offptsA_atr3-r2,3,6,london,230,-42430.0,-1.2444,0.83,0.3391,4125.0
s3_offptsA_atr3-r2,3,6,pre,217,-30298.0,-0.8788,0.8705,0.3456,5070.0
s3_offptsA_atr3-r2,3,6,nyam,114,-23566.0,-0.9384,0.8167,0.3684,3660.0
s3_offptsA_atr3-r3,3,7,all,561,-78074.0,-1.3069,0.875,0.3298,5070.0
s3_offptsA_atr3-r3,3,7,london,230,-16060.0,-0.4141,0.9372,0.3174,4125.0
s3_offptsA_atr3-r3,3,7,pre,217,-42303.0,-1.143,0.8238,0.3226,5070.0
s3_offptsA_atr3-r3,3,7,nyam,114,-19711.0,-0.7418,0.8467,0.3684,3660.0
s3_offptsA_pts10-r0,3,8,all,561,16936.0,0.6069,1.1529,0.0588,350.0
s3_offptsA_pts10-r0,3,8,london,230,18630.0,0.8909,1.41,0.0565,210.0
s3_offptsA_pts10-r0,3,8,pre,217,2187.0,0.1278,1.0508,0.0553,350.0
s3_offptsA_pts10-r0,3,8,nyam,114,-3881.0,-0.5517,0.8253,0.0702,215.0
s3_offptsA_pts10-r1,3,9,all,561,-3289.0,-0.6836,0.9438,0.5027,250.0
s3_offptsA_pts10-r1,3,9,london,230,-735.0,-0.2386,0.9689,0.5087,205.0
s3_offptsA_pts10-r1,3,9,pre,217,-3403.0,-1.1347,0.8569,0.4793,250.0
s3_offptsA_pts10-r1,3,9,nyam,114,849.0,0.3914,1.0764,0.5351,210.0
s3_offptsA_pts10-r2,3,10,all,561,-2754.0,-0.4048,0.9647,0.3387,350.0
s3_offptsA_pts10-r2,3,10,london,230,-2160.0,-0.499,0.933,0.3304,210.0
s3_offptsA_pts10-r2,3,10,pre,217,-918.0,-0.2158,0.9696,0.341,350.0
s3_offptsA_pts10-r2,3,10,nyam,114,324.0,0.1045,1.0209,0.3509,215.0
s3_offptsA_pts10-r3,3,11,all,561,-9864.0,-1.2103,0.8901,0.2389,350.0
s3_offptsA_pts10-r3,3,11,london,230,-4675.0,-0.901,0.8732,0.2348,210.0
s3_offptsA_pts10-r3,3,11,pre,217,-6268.0,-1.2573,0.8233,0.2258,350.0
s3_offptsA_pts10-r3,3,11,nyam,114,1079.0,0.2807,1.062,0.2719,215.0
s3_offptsA_pts20-r0,3,12,all,561,25301.0,0.6912,1.1244,0.1194,1990.0
s3_offptsA_pts20-r0,3,12,london,230,33210.0,1.2562,1.4017,0.1217,405.0
s3_offptsA_pts20-r0,3,12,pre,217,1167.0,0.0497,1.0144,0.1014,1990.0
s3_offptsA_pts20-r0,3,12,nyam,114,-9076.0,-0.9644,0.7714,0.1491,405.0
s3_offptsA_pts20-r1,3,13,all,561,-8994.0,-0.9424,0.9235,0.4884,415.0
s3_offptsA_pts20-r1,3,13,london,230,70.0,0.0114,1.0015,0.5087,405.0
s3_offptsA_pts20-r1,3,13,pre,217,-8303.0,-1.4007,0.8267,0.4608,415.0
s3_offptsA_pts20-r1,3,13,nyam,114,-761.0,-0.1762,0.9674,0.5,405.0
s3_offptsA_pts20-r2,3,14,all,561,-6659.0,-0.4957,0.9567,0.3298,415.0
s3_offptsA_pts20-r2,3,14,london,230,-1330.0,-0.1538,0.9788,0.3348,405.0
s3_offptsA_pts20-r2,3,14,pre,217,-8088.0,-0.9836,0.8683,0.3088,415.0
s3_offptsA_pts20-r2,3,14,nyam,114,2759.0,0.4448,1.0923,0.3596,405.0
s3_offptsA_pts20-r3,3,15,all,561,736.0,0.0444,1.0043,0.2567,415.0
s3_offptsA_pts20-r3,3,15,london,230,1395.0,0.1309,1.0201,0.2609,405.0
s3_offptsA_pts20-r3,3,15,pre,217,1057.0,0.1019,1.016,0.2581,415.0
s3_offptsA_pts20-r3,3,15,nyam,114,-1716.0,-0.2316,0.9513,0.2456,405.0
s3_offptsA_pts30-r0,3,16,all,561,32696.0,0.7541,1.1137,0.1658,1990.0
s3_offptsA_pts30-r0,3,16,london,230,41380.0,1.3491,1.3551,0.1783,1725.0
s3_offptsA_pts30-r0,3,16,pre,217,-16318.0,-0.6178,0.8603,0.1244,1990.0
s3_offptsA_pts30-r0,3,16,nyam,114,7634.0,0.4925,1.1408,0.2193,605.0
s3_offptsA_pts30-r1,3,17,all,561,-15109.0,-1.0514,0.9147,0.4848,1725.0
s3_offptsA_pts30-r1,3,17,london,230,-2690.0,-0.2891,0.9622,0.5,1725.0
s3_offptsA_pts30-r1,3,17,pre,217,-20113.0,-2.284,0.7337,0.4286,605.0
s3_offptsA_pts30-r1,3,17,nyam,114,7694.0,1.1999,1.2527,0.5614,600.0
s3_offptsA_pts30-r2,3,18,all,561,2651.0,0.1303,1.0117,0.3422,1725.0
s3_offptsA_pts30-r2,3,18,london,230,9565.0,0.7207,1.1061,0.3652,1725.0
s3_offptsA_pts30-r2,3,18,pre,217,-11488.0,-0.9319,0.8746,0.3088,845.0
s3_offptsA_pts30-r2,3,18,nyam,114,4574.0,0.4924,1.1029,0.3596,605.0
s3_offptsA_pts30-r3,3,19,all,561,9906.0,0.395,1.0391,0.2638,1725.0
s3_offptsA_pts30-r3,3,19,london,230,20635.0,1.2358,1.2061,0.2957,1725.0
s3_offptsA_pts30-r3,3,19,pre,217,-9768.0,-0.6482,0.9036,0.235,845.0
s3_offptsA_pts30-r3,3,19,nyam,114,-961.0,-0.0866,0.9814,0.2544,605.0
s3_offptsA_pts45-r0,3,20,all,561,8236.0,0.1671,1.0207,0.221,1990.0
s3_offptsA_pts45-r0,3,20,london,230,40475.0,1.1413,1.2501,0.2304,1725.0
s3_offptsA_pts45-r0,3,20,pre,217,-37933.0,-1.3163,0.7666,0.1751,1990.0
s3_offptsA_pts45-r0,3,20,nyam,114,5694.0,0.3109,1.0777,0.2895,920.0
s3_offptsA_pts45-r1,3,21,all,561,-17129.0,-0.8004,0.9345,0.4884,1725.0
s3_offptsA_pts45-r1,3,21,london,230,-5025.0,-0.365,0.9527,0.4957,1725.0
s3_offptsA_pts45-r1,3,21,pre,217,-29433.0,-2.2312,0.739,0.4286,915.0
s3_offptsA_pts45-r1,3,21,nyam,114,17329.0,1.8294,1.4093,0.5877,920.0
s3_offptsA_pts45-r2,3,22,all,561,-21739.0,-0.7297,0.9367,0.328,1725.0
s3_offptsA_pts45-r2,3,22,london,230,5110.0,0.2623,1.0375,0.3522,1725.0
s3_offptsA_pts45-r2,3,22,pre,217,-26883.0,-1.4827,0.808,0.2903,915.0
s3_offptsA_pts45-r2,3,22,nyam,114,34.0,0.0025,1.0005,0.3509,920.0
s3_offptsA_pts45-r3,3,23,all,561,-16129.0,-0.4494,0.9571,0.2638,1990.0
s3_offptsA_pts45-r3,3,23,london,230,9245.0,0.3874,1.0609,0.2783,1725.0
s3_offptsA_pts45-r3,3,23,pre,217,-32443.0,-1.514,0.7892,0.2212,1990.0
s3_offptsA_pts45-r3,3,23,nyam,114,7069.0,0.4396,1.1002,0.3158,920.0
s3_offptsA_pct0p1-r0,3,24,all,561,16031.0,0.5136,1.1078,0.0784,1990.0
s3_offptsA_pct0p1-r0,3,24,london,230,36235.0,1.4823,1.6153,0.0913,340.0
s3_offptsA_pct0p1-r0,3,24,pre,217,-11388.0,-0.6474,0.8082,0.0645,1990.0
s3_offptsA_pct0p1-r0,3,24,nyam,114,-8816.0,-1.1038,0.7098,0.0789,340.0
s3_offptsA_pct0p1-r1,3,25,all,561,2811.0,0.4229,1.0367,0.5223,350.0
s3_offptsA_pct0p1-r1,3,25,london,230,2665.0,0.6313,1.0877,0.5304,330.0
s3_offptsA_pct0p1-r1,3,25,pre,217,-1153.0,-0.2775,0.9627,0.5023,350.0
s3_offptsA_pct0p1-r1,3,25,nyam,114,1299.0,0.4278,1.0845,0.5439,340.0
s3_offptsA_pct0p1-r2,3,26,all,561,-6599.0,-0.7071,0.9386,0.3298,350.0
s3_offptsA_pct0p1-r2,3,26,london,230,170.0,0.0282,1.004,0.3391,340.0
s3_offptsA_pct0p1-r2,3,26,pre,217,-5153.0,-0.8933,0.879,0.3134,350.0
s3_offptsA_pct0p1-r2,3,26,nyam,114,-1616.0,-0.383,0.9271,0.3421,340.0
s3_offptsA_pct0p1-r3,3,27,all,561,-10224.0,-0.9021,0.9159,0.2406,350.0
s3_offptsA_pct0p1-r3,3,27,london,230,-3865.0,-0.5336,0.9217,0.2391,340.0
s3_offptsA_pct0p1-r3,3,27,pre,217,-7843.0,-1.1301,0.837,0.2212,350.0
s3_offptsA_pct0p1-r3,3,27,nyam,114,1484.0,0.28,1.0617,0.2807,340.0
s3_offptsA_pct0p2-r0,3,28,all,561,22356.0,0.5444,1.0839,0.1533,1990.0
s3_offptsA_pct0p2-r0,3,28,london,230,25565.0,0.9068,1.2366,0.1522,845.0
s3_offptsA_pct0p2-r0,3,28,pre,217,-12253.0,-0.4741,0.8868,0.1198,1990.0
s3_offptsA_pct0p2-r0,3,28,nyam,114,9044.0,0.6022,1.1804,0.2193,685.0
s3_offptsA_pct0p2-r1,3,29,all,561,-7379.0,-0.5581,0.9536,0.4973,685.0
s3_offptsA_pct0p2-r1,3,29,london,230,-2190.0,-0.2605,0.9659,0.4957,685.0
s3_offptsA_pct0p2-r1,3,29,pre,217,-12828.0,-1.5587,0.8079,0.4562,685.0
s3_offptsA_pct0p2-r1,3,29,nyam,114,7639.0,1.2754,1.2729,0.5789,685.0
s3_offptsA_pct0p2-r2,3,30,all,561,3966.0,0.2118,1.0192,0.3458,685.0
s3_offptsA_pct0p2-r2,3,30,london,230,1205.0,0.1012,1.0144,0.3435,685.0
s3_offptsA_pct0p2-r2,3,30,pre,217,-8878.0,-0.7732,0.8941,0.3134,685.0
s3_offptsA_pct0p2-r2,3,30,nyam,114,11639.0,1.3279,1.3017,0.4123,685.0
s3_offptsA_pct0p2-r3,3,31,all,561,-5299.0,-0.233,0.9775,0.2531,845.0
s3_offptsA_pct0p2-r3,3,31,london,230,4100.0,0.2784,1.0435,0.2652,845.0
s3_offptsA_pct0p2-r3,3,31,pre,217,-15793.0,-1.155,0.8339,0.2212,685.0
s3_offptsA_pct0p2-r3,3,31,nyam,114,6394.0,0.6,1.1393,0.2895,685.0
s3_offptsB_atr1p5-r0,4,0,all,515,40255.0,0.7768,1.1113,0.2136,2750.0
s3_offptsB_atr1p5-r0,4,0,london,159,4564.0,0.1612,1.0388,0.1887,2750.0
s3_offptsB_atr1p5-r0,4,0,pre,188,27268.0,0.7438,1.2034,0.1915,2530.0
s3_offptsB_atr1p5-r0,4,0,nyam,168,8423.0,0.3594,1.0765,0.2619,1800.0
s3_offptsB_atr1p5-r1,4,1,all,515,2205.0,0.0995,1.0096,0.5068,2750.0
s3_offptsB_atr1p5-r1,4,1,london,159,124.0,0.0098,1.0017,0.5094,2750.0
s3_offptsB_atr1p5-r1,4,1,pre,188,-3952.0,-0.2955,0.9539,0.484,2145.0
s3_offptsB_atr1p5-r1,4,1,nyam,168,6033.0,0.4871,1.0844,0.5298,1800.0
s3_offptsB_atr1p5-r2,4,2,all,515,-18025.0,-0.5861,0.9425,0.3282,2750.0
s3_offptsB_atr1p5-r2,4,2,london,159,-17296.0,-1.0109,0.832,0.3082,2750.0
s3_offptsB_atr1p5-r2,4,2,pre,188,6538.0,0.343,1.0598,0.3404,2530.0
s3_offptsB_atr1p5-r2,4,2,nyam,168,-7267.0,-0.4255,0.9283,0.3333,1800.0
s3_offptsB_atr1p5-r3,4,3,all,515,18740.0,0.4948,1.0555,0.2757,2750.0
s3_offptsB_atr1p5-r3,4,3,london,159,-3561.0,-0.1672,0.9675,0.2516,2750.0
s3_offptsB_atr1p5-r3,4,3,pre,188,17618.0,0.7394,1.1456,0.2819,2530.0
s3_offptsB_atr1p5-r3,4,3,nyam,168,4683.0,0.2292,1.0438,0.2917,1800.0
s3_offptsB_atr3-r0,4,4,all,515,26595.0,0.4089,1.0477,0.3476,5065.0
s3_offptsB_atr3-r0,4,4,london,159,2449.0,0.0673,1.0135,0.3082,4325.0
s3_offptsB_atr3-r0,4,4,pre,188,9313.0,0.212,1.0437,0.3245,5065.0
s3_offptsB_atr3-r0,4,4,nyam,168,14833.0,0.4708,1.091,0.4107,3600.0
s3_offptsB_atr3-r1,4,5,all,515,-54805.0,-1.2823,0.8838,0.4718,5065.0
s3_offptsB_atr3-r1,4,5,london,159,-26186.0,-1.0901,0.8278,0.4654,4325.0
s3_offptsB_atr3-r1,4,5,pre,188,-24317.0,-0.9263,0.8624,0.4574,5065.0
s3_offptsB_atr3-r1,4,5,nyam,168,-4302.0,-0.1809,0.9698,0.494,3600.0
s3_offptsB_atr3-r2,4,6,all,515,-25250.0,-0.4677,0.9538,0.3709,5065.0
s3_offptsB_atr3-r2,4,6,london,159,-19911.0,-0.6563,0.8872,0.3333,4325.0
s3_offptsB_atr3-r2,4,6,pre,188,-15672.0,-0.4648,0.9248,0.3564,5065.0
s3_offptsB_atr3-r2,4,6,nyam,168,10333.0,0.3511,1.064,0.4226,3600.0
s3_offptsB_atr3-r3,4,7,all,515,3520.0,0.0591,1.0063,0.3534,5065.0
s3_offptsB_atr3-r3,4,7,london,159,789.0,0.0232,1.0044,0.3208,4325.0
s3_offptsB_atr3-r3,4,7,pre,188,-12817.0,-0.3393,0.9395,0.3298,5065.0
s3_offptsB_atr3-r3,4,7,nyam,168,15548.0,0.4963,1.0954,0.4107,3600.0
s3_offptsB_pts10-r0,4,8,all,515,67545.0,2.0852,1.6751,0.0757,370.0
s3_offptsB_pts10-r0,4,8,london,159,19504.0,1.0684,1.6239,0.0629,275.0
s3_offptsB_pts10-r0,4,8,pre,188,25903.0,1.1734,1.7003,0.0691,370.0
s3_offptsB_pts10-r0,4,8,nyam,168,22138.0,1.4512,1.696,0.0952,210.0
s3_offptsB_pts10-r1,4,9,all,515,-7995.0,-1.7319,0.8583,0.4796,370.0
s3_offptsB_pts10-r1,4,9,london,159,-1671.0,-0.6519,0.9015,0.4906,210.0
s3_offptsB_pts10-r1,4,9,pre,188,-3982.0,-1.4189,0.8124,0.4681,370.0
s3_offptsB_pts10-r1,4,9,nyam,168,-2342.0,-0.8893,0.8714,0.4821,210.0
s3_offptsB_pts10-r2,4,10,all,515,-12485.0,-1.9652,0.8337,0.3068,370.0
s3_offptsB_pts10-r2,4,10,london,159,-4226.0,-1.2022,0.8181,0.3019,210.0
s3_offptsB_pts10-r2,4,10,pre,188,-8202.0,-2.1922,0.7151,0.2766,370.0
s3_offptsB_pts10-r2,4,10,nyam,168,-57.0,-0.0152,0.9975,0.3452,210.0
s3_offptsB_pts10-r3,4,11,all,515,-5090.0,-0.6429,0.9375,0.2485,370.0
s3_offptsB_pts10-r3,4,11,london,159,-266.0,-0.0597,0.9892,0.2579,210.0
s3_offptsB_pts10-r3,4,11,pre,188,-9922.0,-2.2455,0.6897,0.1968,370.0
s3_offptsB_pts10-r3,4,11,nyam,168,5098.0,1.065,1.2064,0.2976,210.0
s3_offptsB_pts20-r0,4,12,all,515,60310.0,1.5505,1.3257,0.1223,535.0
s3_offptsB_pts20-r0,4,12,london,159,23994.0,1.0417,1.4156,0.1132,415.0
s3_offptsB_pts20-r0,4,12,pre,188,26483.0,1.0032,1.3889,0.117,535.0
s3_offptsB_pts20-r0,4,12,nyam,168,9833.0,0.5769,1.1657,0.1369,405.0
s3_offptsB_pts20-r1,4,13,all,515,-21740.0,-2.3837,0.8106,0.4563,535.0
s3_offptsB_pts20-r1,4,13,london,159,-10356.0,-2.0538,0.7222,0.4277,415.0
s3_offptsB_pts20-r1,4,13,pre,188,-8657.0,-1.5676,0.7954,0.4521,535.0
s3_offptsB_pts20-r1,4,13,nyam,168,-2727.0,-0.5211,0.9225,0.4881,405.0
s3_offptsB_pts20-r2,4,14,all,515,-13440.0,-1.0528,0.9067,0.3184,535.0
s3_offptsB_pts20-r2,4,14,london,159,-4846.0,-0.6844,0.8915,0.3145,415.0
s3_offptsB_pts20-r2,4,14,pre,188,-10942.0,-1.4485,0.8,0.2926,535.0
s3_offptsB_pts20-r2,4,14,nyam,168,2348.0,0.3139,1.0526,0.3512,405.0
s3_offptsB_pts20-r3,4,15,all,515,-13650.0,-0.8774,0.9151,0.2388,535.0
s3_offptsB_pts20-r3,4,15,london,159,-5711.0,-0.6655,0.8857,0.2327,415.0
s3_offptsB_pts20-r3,4,15,pre,188,-6597.0,-0.705,0.8886,0.234,535.0
s3_offptsB_pts20-r3,4,15,nyam,168,-1342.0,-0.1485,0.974,0.25,405.0
s3_offptsB_pts30-r0,4,16,all,515,56080.0,1.2818,1.2154,0.1748,2195.0
s3_offptsB_pts30-r0,4,16,london,159,22904.0,0.9008,1.2805,0.1572,605.0
s3_offptsB_pts30-r0,4,16,pre,188,26893.0,0.8908,1.2753,0.1596,2195.0
s3_offptsB_pts30-r0,4,16,nyam,168,6283.0,0.3301,1.0775,0.2083,605.0
s3_offptsB_pts30-r1,4,17,all,515,-16205.0,-1.1842,0.9008,0.4796,680.0
s3_offptsB_pts30-r1,4,17,london,159,-6491.0,-0.8528,0.8732,0.4717,605.0
s3_offptsB_pts30-r1,4,17,pre,188,-9817.0,-1.1869,0.8408,0.4628,680.0
s3_offptsB_pts30-r1,4,17,nyam,168,103.0,0.0131,1.002,0.506,605.0
s3_offptsB_pts30-r2,4,18,all,515,-11515.0,-0.5999,0.9456,0.3262,680.0
s3_offptsB_pts30-r2,4,18,london,159,-1201.0,-0.1116,0.9814,0.3333,605.0
s3_offptsB_pts30-r2,4,18,pre,188,-4577.0,-0.3936,0.941,0.3245,680.0
s3_offptsB_pts30-r2,4,18,nyam,168,-5737.0,-0.5265,0.9174,0.3214,605.0
s3_offptsB_pts30-r3,4,19,all,515,18205.0,0.7537,1.0794,0.2699,680.0
s3_offptsB_pts30-r3,4,19,london,159,13764.0,0.9977,1.1999,0.2893,605.0
s3_offptsB_pts30-r3,4,19,pre,188,7973.0,0.542,1.0953,0.2713,680.0
s3_offptsB_pts30-r3,4,19,nyam,168,-3532.0,-0.2647,0.954,0.25,605.0
s3_offptsB_pts45-r0,4,20,all,515,30930.0,0.6308,1.0851,0.2252,2195.0
s3_offptsB_pts45-r0,4,20,london,159,11319.0,0.3939,1.0977,0.195,1045.0
s3_offptsB_pts45-r0,4,20,pre,188,-6122.0,-0.1929,0.9563,0.1862,2195.0
s3_offptsB_pts45-r0,4,20,nyam,168,25733.0,1.0717,1.2399,0.2976,915.0
s3_offptsB_pts45-r1,4,21,all,515,-27205.0,-1.3234,0.8897,0.4757,1930.0
s3_offptsB_pts45-r1,4,21,london,159,-7396.0,-0.6483,0.902,0.478,920.0
s3_offptsB_pts45-r1,4,21,pre,188,-31352.0,-2.5392,0.6903,0.4149,1930.0
s3_offptsB_pts45-r1,4,21,nyam,168,11543.0,0.9873,1.1649,0.5417,900.0
s3_offptsB_pts45-r2,4,22,all,515,1530.0,0.0526,1.0049,0.3398,1930.0
s3_offptsB_pts45-r2,4,22,london,159,3994.0,0.2452,1.0421,0.3459,1045.0
s3_offptsB_pts45-r2,4,22,pre,188,-7137.0,-0.4077,0.9388,0.3245,1930.0
s3_offptsB_pts45-r2,4,22,nyam,168,4673.0,0.2809,1.0472,0.3512,905.0
s3_offptsB_pts45-r3,4,23,all,515,2965.0,0.0848,1.0086,0.2699,2195.0
s3_offptsB_pts45-r3,4,23,london,159,6059.0,0.3035,1.0572,0.2642,1045.0
s3_offptsB_pts45-r3,4,23,pre,188,-16807.0,-0.8104,0.8726,0.2394,2195.0
s3_offptsB_pts45-r3,4,23,nyam,168,13713.0,0.6884,1.13,0.3095,915.0
s3_offptsB_pct0p1-r0,4,24,all,515,71190.0,2.0093,1.5385,0.0971,370.0
s3_offptsB_pct0p1-r0,4,24,london,159,32694.0,1.4812,1.8134,0.0943,340.0
s3_offptsB_pct0p1-r0,4,24,pre,188,18808.0,0.8297,1.3804,0.0798,370.0
s3_offptsB_pct0p1-r0,4,24,nyam,168,19688.0,1.2254,1.4625,0.119,345.0
s3_offptsB_pct0p1-r1,4,25,all,515,-7290.0,-1.1458,0.9032,0.4874,370.0
s3_offptsB_pct0p1-r1,4,25,london,159,-1201.0,-0.3452,0.9462,0.4906,325.0
s3_offptsB_pct0p1-r1,4,25,pre,188,-6402.0,-1.6636,0.783,0.4574,370.0
s3_offptsB_pct0p1-r1,4,25,nyam,168,313.0,0.0849,1.0133,0.5179,345.0
s3_offptsB_pct0p1-r2,4,26,all,515,-12625.0,-1.4289,0.8748,0.3126,370.0
s3_offptsB_pct0p1-r2,4,26,london,159,-3961.0,-0.8191,0.8706,0.3082,340.0
s3_offptsB_pct0p1-r2,4,26,pre,188,-10247.0,-1.9845,0.7364,0.2819,370.0
s3_offptsB_pct0p1-r2,4,26,nyam,168,1583.0,0.2994,1.0505,0.3512,345.0
s3_offptsB_pct0p1-r3,4,27,all,515,-6920.0,-0.6356,0.9375,0.2466,370.0
s3_offptsB_pct0p1-r3,4,27,london,159,-2061.0,-0.3458,0.9386,0.2453,340.0
s3_offptsB_pct0p1-r3,4,27,pre,188,-11412.0,-1.8548,0.7339,0.2074,370.0
s3_offptsB_pct0p1-r3,4,27,nyam,168,6553.0,0.9799,1.191,0.2917,345.0
s3_offptsB_pct0p2-r0,4,28,all,515,39405.0,0.9583,1.1619,0.1573,2195.0
s3_offptsB_pct0p2-r0,4,28,london,159,19364.0,0.7966,1.2582,0.1384,685.0
s3_offptsB_pct0p2-r0,4,28,pre,188,5738.0,0.2109,1.0618,0.133,2195.0
s3_offptsB_pct0p2-r0,4,28,nyam,168,14303.0,0.7482,1.1894,0.2024,685.0
s3_offptsB_pct0p2-r1,4,29,all,515,-24575.0,-1.9464,0.8413,0.4621,685.0
s3_offptsB_pct0p2-r1,4,29,london,159,-10936.0,-1.5889,0.7758,0.434,685.0
s3_offptsB_pct0p2-r1,4,29,pre,188,-13552.0,-1.777,0.7702,0.4468,680.0
s3_offptsB_pct0p2-r1,4,29,nyam,168,-87.0,-0.0118,0.9982,0.506,685.0
s3_offptsB_pct0p2-r2,4,30,all,515,-17195.0,-0.9763,0.9125,0.3204,685.0
s3_offptsB_pct0p2-r2,4,30,london,159,-3261.0,-0.3344,0.9448,0.3208,685.0
s3_offptsB_pct0p2-r2,4,30,pre,188,-10712.0,-1.0162,0.8542,0.3085,680.0
s3_offptsB_pct0p2-r2,4,30,nyam,168,-3222.0,-0.3144,0.9496,0.3333,685.0
s3_offptsB_pct0p2-r3,4,31,all,515,3025.0,0.1376,1.0141,0.2583,685.0
s3_offptsB_pct0p2-r3,4,31,london,159,7574.0,0.6095,1.1195,0.2704,685.0
s3_offptsB_pct0p2-r3,4,31,pre,188,-6607.0,-0.5074,0.9179,0.2394,680.0
s3_offptsB_pct0p2-r3,4,31,nyam,168,2058.0,0.1623,1.0294,0.2679,685.0
s4_offatr0p25_atr1p5-r0,0,0,all,568,37183.0,0.7328,1.0943,0.213,2670.0
s4_offatr0p25_atr1p5-r0,0,0,london,258,12358.0,0.3766,1.072,0.1899,2670.0
s4_offatr0p25_atr1p5-r0,0,0,pre,199,19819.0,0.6274,1.1405,0.2312,2010.0
s4_offatr0p25_atr1p5-r0,0,0,nyam,111,5006.0,0.2219,1.0612,0.2342,2155.0
s4_offatr0p25_atr1p5-r1,0,1,all,568,-12457.0,-0.5495,0.9508,0.5035,2670.0
s4_offatr0p25_atr1p5-r1,0,1,london,258,-8242.0,-0.5696,0.9243,0.4922,2670.0
s4_offatr0p25_atr1p5-r1,0,1,pre,199,-1391.0,-0.1,0.9846,0.5226,2010.0
s4_offatr0p25_atr1p5-r1,0,1,nyam,111,-2824.0,-0.2659,0.9474,0.4955,1990.0
s4_offatr0p25_atr1p5-r2,0,2,all,568,428.0,0.0135,1.0013,0.3486,2670.0
s4_offatr0p25_atr1p5-r2,0,2,london,258,-14992.0,-0.7648,0.8962,0.3256,2670.0
s4_offatr0p25_atr1p5-r2,0,2,pre,199,29989.0,1.4854,1.2722,0.407,2010.0
s4_offatr0p25_atr1p5-r2,0,2,nyam,111,-14569.0,-1.0187,0.8033,0.2973,1990.0
s4_offatr0p25_atr1p5-r3,0,3,all,568,-27937.0,-0.7633,0.925,0.2623,2670.0
s4_offatr0p25_atr1p5-r3,0,3,london,258,-16597.0,-0.7293,0.8964,0.2519,2670.0
s4_offatr0p25_atr1p5-r3,0,3,pre,199,6684.0,0.285,1.0513,0.2915,2010.0
s4_offatr0p25_atr1p5-r3,0,3,nyam,111,-18024.0,-1.0902,0.7797,0.2342,2155.0
s4_offatr0p25_atr3-r0,0,4,all,568,68743.0,1.0479,1.1161,0.3574,5020.0
s4_offatr0p25_atr3-r0,0,4,london,258,37383.0,0.8938,1.1487,0.3527,5020.0
s4_offatr0p25_atr3-r0,0,4,pre,199,42454.0,1.0077,1.1981,0.3719,4020.0
s4_offatr0p25_atr3-r0,0,4,nyam,111,-11094.0,-0.3953,0.9124,0.3423,3980.0
s4_offatr0p25_atr3-r1,0,5,all,568,-7372.0,-0.1674,0.9847,0.5018,5020.0
s4_offatr0p25_atr3-r1,0,5,london,258,1328.0,0.0481,1.0066,0.5078,5020.0
s4_offatr0p25_atr3-r1,0,5,pre,199,22854.0,0.827,1.1366,0.5377,4020.0
s4_offatr0p25_atr3-r1,0,5,nyam,111,-31554.0,-1.5617,0.7241,0.4234,3980.0
s4_offatr0p25_atr3-r2,0,6,all,568,2163.0,0.0389,1.0038,0.3838,5020.0
s4_offatr0p25_atr3-r2,0,6,london,258,8323.0,0.2401,1.0345,0.3915,5020.0
s4_offatr0p25_atr3-r2,0,6,pre,199,27614.0,0.7587,1.1346,0.397,4020.0
s4_offatr0p25_atr3-r2,0,6,nyam,111,-33774.0,-1.4326,0.7334,0.3423,3980.0
s4_offatr0p25_atr3-r3,0,7,all,568,50008.0,0.805,1.0851,0.3662,5020.0
s4_offatr0p25_atr3-r3,0,7,london,258,35273.0,0.9009,1.1429,0.3721,5020.0
s4_offatr0p25_atr3-r3,0,7,pre,199,32979.0,0.8186,1.1539,0.3719,4020.0
s4_offatr0p25_atr3-r3,0,7,nyam,111,-18244.0,-0.6859,0.856,0.3423,3980.0
s4_offatr0p25_pts10-r0,0,8,all,568,14963.0,0.602,1.1342,0.0634,235.0
s4_offatr0p25_pts10-r0,0,8,london,258,6003.0,0.3687,1.1178,0.0581,235.0
s4_offatr0p25_pts10-r0,0,8,pre,199,13094.0,0.8328,1.3415,0.0804,215.0
s4_offatr0p25_pts10-r0,0,8,nyam,111,-4134.0,-0.4001,0.814,0.045,230.0
s4_offatr0p25_pts10-r1,0,9,all,568,-5527.0,-1.1423,0.9085,0.493,215.0
s4_offatr0p25_pts10-r1,0,9,london,258,-2987.0,-0.9153,0.8921,0.4884,215.0
s4_offatr0p25_pts10-r1,0,9,pre,199,-366.0,-0.1276,0.982,0.5126,215.0
s4_offatr0p25_pts10-r1,0,9,nyam,111,-2174.0,-1.0149,0.8242,0.4685,210.0
s4_offatr0p25_pts10-r2,0,10,all,568,-5827.0,-0.8583,0.927,0.3292,215.0
s4_offatr0p25_pts10-r2,0,10,london,258,-3822.0,-0.8395,0.8958,0.3217,215.0
s4_offatr0p25_pts10-r2,0,10,pre,199,59.0,0.0145,1.0022,0.3467,215.0
s4_offatr0p25_pts10-r2,0,10,nyam,111,-2064.0,-0.6931,0.8704,0.3153,210.0
s4_offatr0p25_pts10-r3,0,11,all,568,4148.0,0.4865,1.0477,0.2694,235.0
s4_offatr0p25_pts10-r3,0,11,london,258,-1767.0,-0.3139,0.9564,0.2519,235.0
s4_offatr0p25_pts10-r3,0,11,pre,199,2589.0,0.5081,1.0858,0.2764,215.0
s4_offatr0p25_pts10-r3,0,11,nyam,111,3326.0,0.8536,1.2035,0.2973,210.0
s4_offatr0p25_pts20-r0,0,12,all,568,66938.0,1.7528,1.3274,0.1285,2155.0
s4_offatr0p25_pts20-r0,0,12,london,258,32608.0,1.2586,1.3523,0.124,425.0
s4_offatr0p25_pts20-r0,0,12,pre,199,29854.0,1.294,1.4288,0.1457,410.0
s4_offatr0p25_pts20-r0,0,12,nyam,111,4476.0,0.2781,1.1059,0.1081,2155.0
s4_offatr0p25_pts20-r1,0,13,all,568,-3867.0,-0.4025,0.9668,0.5,425.0
s4_offatr0p25_pts20-r1,0,13,london,258,1443.0,0.2227,1.0282,0.5155,425.0
s4_offatr0p25_pts20-r1,0,13,pre,199,-961.0,-0.1687,0.9763,0.5025,410.0
s4_offatr0p25_pts20-r1,0,13,nyam,111,-4349.0,-1.0242,0.8228,0.4595,405.0
s4_offatr0p25_pts20-r2,0,14,all,568,19323.0,1.3933,1.1314,0.368,425.0
s4_offatr0p25_pts20-r2,0,14,london,258,7623.0,0.8163,1.1134,0.3643,425.0
s4_offatr0p25_pts20-r2,0,14,pre,199,7699.0,0.9343,1.1504,0.3719,410.0
s4_offatr0p25_pts20-r2,0,14,nyam,111,4001.0,0.65,1.1397,0.3694,405.0
s4_offatr0p25_pts20-r3,0,15,all,568,25863.0,1.4985,1.1552,0.2835,425.0
s4_offatr0p25_pts20-r3,0,15,london,258,9908.0,0.8548,1.13,0.2791,425.0
s4_offatr0p25_pts20-r3,0,15,pre,199,14829.0,1.4231,1.2605,0.3015,410.0
s4_offatr0p25_pts20-r3,0,15,nyam,111,1126.0,0.1509,1.0336,0.2613,415.0
s4_offatr0p25_pts30-r0,0,16,all,568,50698.0,1.1946,1.1758,0.1708,2155.0
s4_offatr0p25_pts30-r0,0,16,london,258,24828.0,0.8627,1.189,0.1628,700.0
s4_offatr0p25_pts30-r0,0,16,pre,199,21679.0,0.8517,1.2194,0.1859,705.0
s4_offatr0p25_pts30-r0,0,16,nyam,111,4191.0,0.2304,1.072,0.1622,2155.0
s4_offatr0p25_pts30-r1,0,17,all,568,9453.0,0.658,1.0568,0.5194,615.0
s4_offatr0p25_pts30-r1,0,17,london,258,-1742.0,-0.1796,0.9778,0.5,615.0
s4_offatr0p25_pts30-r1,0,17,pre,199,10119.0,1.1926,1.1845,0.5477,605.0
s4_offatr0p25_pts30-r1,0,17,nyam,111,1076.0,0.1688,1.0327,0.5135,605.0
s4_offatr0p25_pts30-r2,0,18,all,568,27598.0,1.3316,1.1255,0.3644,615.0
s4_offatr0p25_pts30-r2,0,18,london,258,3453.0,0.25,1.0335,0.345,615.0
s4_offatr0p25_pts30-r2,0,18,pre,199,17754.0,1.4277,1.2388,0.3869,605.0
s4_offatr0p25_pts30-r2,0,18,nyam,111,6391.0,0.6931,1.1499,0.3694,605.0
s4_offatr0p25_pts30-r3,0,19,all,568,37703.0,1.4634,1.1516,0.2817,700.0
s4_offatr0p25_pts30-r3,0,19,london,258,8653.0,0.5049,1.0751,0.2674,700.0
s4_offatr0p25_pts30-r3,0,19,pre,199,36539.0,2.2913,1.4509,0.3317,605.0
s4_offatr0p25_pts30-r3,0,19,nyam,111,-7489.0,-0.7043,0.8571,0.2252,605.0
s4_offatr0p25_pts45-r0,0,20,all,568,60193.0,1.1956,1.1539,0.2359,2155.0
s4_offatr0p25_pts45-r0,0,20,london,258,30233.0,0.8999,1.1708,0.2364,925.0
s4_offatr0p25_pts45-r0,0,20,pre,199,22519.0,0.7415,1.1655,0.2412,910.0
s4_offatr0p25_pts45-r0,0,20,nyam,111,7441.0,0.3353,1.0953,0.2252,2155.0
s4_offatr0p25_pts45-r1,0,21,all,568,17808.0,0.8295,1.0722,0.5194,925.0
s4_offatr0p25_pts45-r1,0,21,london,258,9893.0,0.6831,1.0891,0.5233,925.0
s4_offatr0p25_pts45-r1,0,21,pre,199,8594.0,0.6742,1.1005,0.5276,910.0
s4_offatr0p25_pts45-r1,0,21,nyam,111,-679.0,-0.0715,0.9864,0.4955,905.0
s4_offatr0p25_pts45-r2,0,22,all,568,24553.0,0.8028,1.0742,0.3539,925.0
s4_offatr0p25_pts45-r2,0,22,london,258,8628.0,0.4205,1.0574,0.3527,925.0
s4_offatr0p25_pts45-r2,0,22,pre,199,26169.0,1.4104,1.2359,0.3869,910.0
s4_offatr0p25_pts45-r2,0,22,nyam,111,-10244.0,-0.7863,0.8526,0.2973,910.0
s4_offatr0p25_pts45-r3,0,23,all,568,21078.0,0.5729,1.0572,0.2817,2155.0
s4_offatr0p25_pts45-r3,0,23,london,258,18603.0,0.7325,1.1115,0.2829,925.0
s4_offatr0p25_pts45-r3,0,23,pre,199,12129.0,0.5588,1.0958,0.2965,910.0
s4_offatr0p25_pts45-r3,0,23,nyam,111,-9654.0,-0.6227,0.8718,0.2523,2155.0
s4_offatr0p25_pct0p1-r0,0,24,all,568,29528.0,1.0007,1.2003,0.088,345.0
s4_offatr0p25_pct0p1-r0,0,24,london,258,13993.0,0.711,1.2081,0.0814,345.0
s4_offatr0p25_pct0p1-r0,0,24,pre,199,17909.0,0.9617,1.351,0.1055,340.0
s4_offatr0p25_pct0p1-r0,0,24,nyam,111,-2374.0,-0.2017,0.9186,0.0721,335.0
s4_offatr0p25_pct0p1-r1,0,25,all,568,-3862.0,-0.5762,0.9524,0.5018,345.0
s4_offatr0p25_pct0p1-r1,0,25,london,258,713.0,0.1581,1.0201,0.5194,345.0
s4_offatr0p25_pct0p1-r1,0,25,pre,199,2224.0,0.5582,1.0832,0.5327,340.0
s4_offatr0p25_pct0p1-r1,0,25,nyam,111,-6799.0,-2.338,0.6402,0.4054,335.0
s4_offatr0p25_pct0p1-r2,0,26,all,568,-57.0,-0.006,0.9995,0.3415,345.0
s4_offatr0p25_pct0p1-r2,0,26,london,258,1618.0,0.2506,1.0339,0.345,345.0
s4_offatr0p25_pct0p1-r2,0,26,pre,199,169.0,0.0299,1.0045,0.3467,340.0
s4_offatr0p25_pct0p1-r2,0,26,nyam,111,-1844.0,-0.4454,0.9139,0.3243,335.0
s4_offatr0p25_pct0p1-r3,0,27,all,568,17733.0,1.4738,1.153,0.287,345.0
s4_offatr0p25_pct0p1-r3,0,27,london,258,7903.0,0.9724,1.1503,0.2829,345.0
s4_offatr0p25_pct0p1-r3,0,27,pre,199,8759.0,1.2126,1.2181,0.3015,340.0
s4_offatr0p25_pct0p1-r3,0,27,nyam,111,1071.0,0.2062,1.0462,0.2703,335.0
s4_offatr0p25_pct0p2-r0,0,28,all,568,52193.0,1.2684,1.1949,0.162,2155.0
s4_offatr0p25_pct0p2-r0,0,28,london,258,22013.0,0.7938,1.1802,0.1512,700.0
s4_offatr0p25_pct0p2-r0,0,28,pre,199,19819.0,0.8056,1.2135,0.1709,680.0
s4_offatr0p25_pct0p2-r0,0,28,nyam,111,10361.0,0.5747,1.1963,0.1712,2155.0
s4_offatr0p25_pct0p2-r1,0,29,all,568,4083.0,0.3062,1.0263,0.5123,685.0
s4_offatr0p25_pct0p2-r1,0,29,london,258,373.0,0.0416,1.0052,0.5078,685.0
s4_offatr0p25_pct0p2-r1,0,29,pre,199,5799.0,0.7315,1.1104,0.5327,680.0
s4_offatr0p25_pct0p2-r1,0,29,nyam,111,-2089.0,-0.354,0.9342,0.4865,665.0
s4_offatr0p25_pct0p2-r2,0,30,all,568,27813.0,1.4445,1.1378,0.368,685.0
s4_offatr0p25_pct0p2-r2,0,30,london,258,4198.0,0.328,1.0445,0.3488,685.0
s4_offatr0p25_pct0p2-r2,0,30,pre,199,18869.0,1.6247,1.2776,0.397,680.0
s4_offatr0p25_pct0p2-r2,0,30,nyam,111,4746.0,0.5567,1.12,0.3604,665.0
s4_offatr0p25_pct0p2-r3,0,31,all,568,26313.0,1.1134,1.114,0.2782,685.0
s4_offatr0p25_pct0p2-r3,0,31,london,258,7983.0,0.5053,1.0754,0.2713,685.0
s4_offatr0p25_pct0p2-r3,0,31,pre,199,21954.0,1.5157,1.2818,0.3065,680.0
s4_offatr0p25_pct0p2-r3,0,31,nyam,111,-3624.0,-0.3634,0.9228,0.2432,665.0
s4_offatr0p5_atr1p5-r0,1,0,all,567,50662.0,0.9742,1.1294,0.2152,2670.0
s4_offatr0p5_atr1p5-r0,1,0,london,233,19173.0,0.5729,1.1227,0.1845,2670.0
s4_offatr0p5_atr1p5-r0,1,0,pre,195,7885.0,0.2607,1.0573,0.2154,2010.0
s4_offatr0p5_atr1p5-r0,1,0,nyam,139,23604.0,0.9066,1.2412,0.2662,2300.0
s4_offatr0p5_atr1p5-r1,1,1,all,567,-18158.0,-0.8018,0.9289,0.4974,2670.0
s4_offatr0p5_atr1p5-r1,1,1,london,233,-13407.0,-0.9632,0.8691,0.4721,2670.0
s4_offatr0p5_atr1p5-r1,1,1,pre,195,3165.0,0.2382,1.0379,0.5385,1920.0
s4_offatr0p5_atr1p5-r1,1,1,nyam,139,-7916.0,-0.6603,0.8864,0.482,1990.0
s4_offatr0p5_atr1p5-r2,1,2,all,567,-11743.0,-0.3748,0.9646,0.3404,2670.0
s4_offatr0p5_atr1p5-r2,1,2,london,233,-10682.0,-0.5584,0.9186,0.3262,2670.0
s4_offatr0p5_atr1p5-r2,1,2,pre,195,-2480.0,-0.1361,0.9783,0.359,2010.0
s4_offatr0p5_atr1p5-r2,1,2,nyam,139,1419.0,0.0838,1.0164,0.3381,1990.0
s4_offatr0p5_atr1p5-r3,1,3,all,567,-32803.0,-0.8932,0.9123,0.2557,2670.0
s4_offatr0p5_atr1p5-r3,1,3,london,233,-23857.0,-1.0883,0.8392,0.2318,2670.0
s4_offatr0p5_atr1p5-r3,1,3,pre,195,-7920.0,-0.3668,0.9384,0.2718,2010.0
s4_offatr0p5_atr1p5-r3,1,3,nyam,139,-1026.0,-0.0509,0.9894,0.2734,2300.0
s4_offatr0p5_atr3-r0,1,4,all,567,22692.0,0.3467,1.0376,0.3457,5015.0
s4_offatr0p5_atr3-r0,1,4,london,233,9608.0,0.2263,1.0392,0.3176,5015.0
s4_offatr0p5_atr3-r0,1,4,pre,195,-3190.0,-0.0825,0.985,0.3333,3845.0
s4_offatr0p5_atr3-r0,1,4,nyam,139,16274.0,0.5144,1.112,0.4101,3980.0
s4_offatr0p5_atr3-r1,1,5,all,567,-40333.0,-0.9279,0.9179,0.4885,5015.0
s4_offatr0p5_atr3-r1,1,5,london,233,-12802.0,-0.4846,0.9324,0.4936,5015.0
s4_offatr0p5_atr3-r1,1,5,pre,195,-21235.0,-0.8272,0.8785,0.4821,3845.0
s4_offatr0p5_atr3-r1,1,5,nyam,139,-6296.0,-0.2711,0.9506,0.4892,3980.0
s4_offatr0p5_atr3-r2,1,6,all,567,-56658.0,-1.0484,0.9038,0.3686,5015.0
s4_offatr0p5_atr3-r2,1,6,london,233,-25417.0,-0.7615,0.8919,0.3562,5015.0
s4_offatr0p5_atr3-r2,1,6,pre,195,-28730.0,-0.9052,0.8621,0.3538,3845.0
s4_offatr0p5_atr3-r2,1,6,nyam,139,-2511.0,-0.0883,0.9827,0.4101,3980.0
s4_offatr0p5_atr3-r3,1,7,all,567,-11178.0,-0.1862,0.9813,0.3545,5015.0
s4_offatr0p5_atr3-r3,1,7,london,233,-1567.0,-0.041,0.9935,0.3391,5015.0
s4_offatr0p5_atr3-r3,1,7,pre,195,-20115.0,-0.5781,0.9056,0.3333,3845.0
s4_offatr0p5_atr3-r3,1,7,nyam,139,10504.0,0.3419,1.0723,0.4101,3980.0
s4_offatr0p5_pts10-r0,1,8,all,567,17782.0,0.7036,1.1604,0.067,230.0
s4_offatr0p5_pts10-r0,1,8,london,233,3053.0,0.1948,1.0663,0.0558,215.0
s4_offatr0p5_pts10-r0,1,8,pre,195,16350.0,0.9415,1.4336,0.0769,230.0
s4_offatr0p5_pts10-r0,1,8,nyam,139,-1621.0,-0.1682,0.9401,0.0719,225.0
s4_offatr0p5_pts10-r1,1,9,all,567,-14233.0,-2.9558,0.7804,0.455,230.0
s4_offatr0p5_pts10-r1,1,9,london,233,-5427.0,-1.7555,0.7944,0.4592,215.0
s4_offatr0p5_pts10-r1,1,9,pre,195,-3560.0,-1.2557,0.8351,0.4718,230.0
s4_offatr0p5_pts10-r1,1,9,nyam,139,-5246.0,-2.2084,0.6879,0.4245,225.0
s4_offatr0p5_pts10-r2,1,10,all,567,-12288.0,-1.8399,0.8501,0.3104,230.0
s4_offatr0p5_pts10-r2,1,10,london,233,-4017.0,-0.9315,0.8794,0.3176,215.0
s4_offatr0p5_pts10-r2,1,10,pre,195,-6355.0,-1.6479,0.7803,0.2923,230.0
s4_offatr0p5_pts10-r2,1,10,nyam,139,-1916.0,-0.5711,0.9029,0.3237,225.0
s4_offatr0p5_pts10-r3,1,11,all,567,-10103.0,-1.2354,0.8884,0.2381,230.0
s4_offatr0p5_pts10-r3,1,11,london,233,-6127.0,-1.1861,0.8375,0.2275,215.0
s4_offatr0p5_pts10-r3,1,11,pre,195,-2205.0,-0.4538,0.9284,0.2462,230.0
s4_offatr0p5_pts10-r3,1,11,nyam,139,-1771.0,-0.4321,0.9196,0.2446,225.0
s4_offatr0p5_pts20-r0,1,12,all,567,-8253.0,-0.2607,0.9602,0.1076,425.0
s4_offatr0p5_pts20-r0,1,12,london,233,-12112.0,-0.6151,0.8612,0.0858,420.0
s4_offatr0p5_pts20-r0,1,12,pre,195,5095.0,0.259,1.0728,0.1231,425.0
s4_offatr0p5_pts20-r0,1,12,nyam,139,-1236.0,-0.0814,0.9753,0.1223,420.0
s4_offatr0p5_pts20-r1,1,13,all,567,-13153.0,-1.371,0.8912,0.4797,425.0
s4_offatr0p5_pts20-r1,1,13,london,233,-2007.0,-0.3257,0.9581,0.4979,420.0
s4_offatr0p5_pts20-r1,1,13,pre,195,-6570.0,-1.1675,0.8458,0.4667,425.0
s4_offatr0p5_pts20-r1,1,13,nyam,139,-4576.0,-0.962,0.8491,0.4676,415.0
s4_offatr0p5_pts20-r2,1,14,all,567,-5123.0,-0.3788,0.9669,0.3333,425.0
s4_offatr0p5_pts20-r2,1,14,london,233,-3852.0,-0.4454,0.9401,0.3262,420.0
s4_offatr0p5_pts20-r2,1,14,pre,195,2110.0,0.2623,1.0406,0.3487,425.0
s4_offatr0p5_pts20-r2,1,14,nyam,139,-3381.0,-0.5102,0.9122,0.3237,420.0
s4_offatr0p5_pts20-r3,1,15,all,567,-10653.0,-0.6499,0.9393,0.2451,425.0
s4_offatr0p5_pts20-r3,1,15,london,233,-8772.0,-0.8463,0.8804,0.2318,420.0
s4_offatr0p5_pts20-r3,1,15,pre,195,4775.0,0.4795,1.0821,0.2718,425.0
s4_offatr0p5_pts20-r3,1,15,nyam,139,-6656.0,-0.8423,0.8482,0.2302,420.0
s4_offatr0p5_pts30-r0,1,16,all,567,39587.0,0.95,1.1372,0.1693,2300.0
s4_offatr0p5_pts30-r0,1,16,london,233,6438.0,0.2393,1.0529,0.1416,820.0
s4_offatr0p5_pts30-r0,1,16,pre,195,1610.0,0.0719,1.0164,0.1744,615.0
s4_offatr0p5_pts30-r0,1,16,nyam,139,31539.0,1.3925,1.4589,0.2086,2300.0
s4_offatr0p5_pts30-r1,1,17,all,567,-6843.0,-0.4764,0.9607,0.4956,635.0
s4_offatr0p5_pts30-r1,1,17,london,233,-7027.0,-0.7625,0.9048,0.4807,635.0
s4_offatr0p5_pts30-r1,1,17,pre,195,4120.0,0.4888,1.0727,0.5231,615.0
s4_offatr0p5_pts30-r1,1,17,nyam,139,-3936.0,-0.5523,0.9103,0.482,605.0
s4_offatr0p5_pts30-r2,1,18,all,567,6782.0,0.3323,1.03,0.3457,635.0
s4_offatr0p5_pts30-r2,1,18,london,233,-8422.0,-0.6549,0.9131,0.3176,635.0
s4_offatr0p5_pts30-r2,1,18,pre,195,16130.0,1.3153,1.2206,0.3846,615.0
s4_offatr0p5_pts30-r2,1,18,nyam,139,-926.0,-0.0923,0.9835,0.3381,605.0
s4_offatr0p5_pts30-r3,1,19,all,567,2787.0,0.1119,1.0109,0.2593,820.0
s4_offatr0p5_pts30-r3,1,19,london,233,-14747.0,-0.9554,0.8659,0.2275,820.0
s4_offatr0p5_pts30-r3,1,19,pre,195,9045.0,0.607,1.1053,0.2769,615.0
s4_offatr0p5_pts30-r3,1,19,nyam,139,8489.0,0.6708,1.1407,0.2878,605.0
s4_offatr0p5_pts45-r0,1,20,all,567,46017.0,0.9026,1.1161,0.231,2300.0
s4_offatr0p5_pts45-r0,1,20,london,233,4773.0,0.1429,1.0283,0.1974,920.0
s4_offatr0p5_pts45-r0,1,20,pre,195,13025.0,0.4391,1.0961,0.2359,910.0
s4_offatr0p5_pts45-r0,1,20,nyam,139,28219.0,1.1422,1.3068,0.2806,2300.0
s4_offatr0p5_pts45-r1,1,21,all,567,-5493.0,-0.2555,0.9787,0.4991,920.0
s4_offatr0p5_pts45-r1,1,21,london,233,-13322.0,-0.966,0.8809,0.4721,920.0
s4_offatr0p5_pts45-r1,1,21,pre,195,5020.0,0.3975,1.0587,0.5179,910.0
s4_offatr0p5_pts45-r1,1,21,nyam,139,2809.0,0.2641,1.0461,0.518,905.0
s4_offatr0p5_pts45-r2,1,22,all,567,-2828.0,-0.0936,0.9917,0.3386,920.0
s4_offatr0p5_pts45-r2,1,22,london,233,-19072.0,-1.0068,0.8693,0.309,920.0
s4_offatr0p5_pts45-r2,1,22,pre,195,10045.0,0.5571,1.0884,0.359,910.0
s4_offatr0p5_pts45-r2,1,22,nyam,139,6199.0,0.4092,1.0769,0.3597,905.0
s4_offatr0p5_pts45-r3,1,23,all,567,1417.0,0.0391,1.0038,0.2769,2300.0
s4_offatr0p5_pts45-r3,1,23,london,233,-19277.0,-0.8483,0.8791,0.2446,920.0
s4_offatr0p5_pts45-r3,1,23,pre,195,19195.0,0.8756,1.1552,0.3026,910.0
s4_offatr0p5_pts45-r3,1,23,nyam,139,1499.0,0.0842,1.0166,0.295,2300.0
s4_offatr0p5_pct0p1-r0,1,24,all,567,23972.0,0.8239,1.1634,0.0899,345.0
s4_offatr0p5_pct0p1-r0,1,24,london,233,-3142.0,-0.1815,0.9492,0.0644,345.0
s4_offatr0p5_pct0p1-r0,1,24,pre,195,24645.0,1.2855,1.5014,0.1179,340.0
s4_offatr0p5_pct0p1-r0,1,24,nyam,139,2469.0,0.184,1.069,0.0935,335.0
s4_offatr0p5_pct0p1-r1,1,25,all,567,-12128.0,-1.814,0.8577,0.4709,345.0
s4_offatr0p5_pct0p1-r1,1,25,london,233,-6332.0,-1.4853,0.8219,0.4592,345.0
s4_offatr0p5_pct0p1-r1,1,25,pre,195,-1880.0,-0.4756,0.9335,0.4974,340.0
s4_offatr0p5_pct0p1-r1,1,25,nyam,139,-3916.0,-1.1799,0.817,0.4532,335.0
s4_offatr0p5_pct0p1-r2,1,26,all,567,-7943.0,-0.8451,0.9273,0.3245,345.0
s4_offatr0p5_pct0p1-r2,1,26,london,233,-6717.0,-1.1336,0.8537,0.3047,345.0
s4_offatr0p5_pct0p1-r2,1,26,pre,195,-2875.0,-0.5201,0.9239,0.3282,340.0
s4_offatr0p5_pct0p1-r2,1,26,nyam,139,1649.0,0.3449,1.0645,0.3525,335.0
s4_offatr0p5_pct0p1-r3,1,27,all,567,-4793.0,-0.4146,0.9606,0.2487,345.0
s4_offatr0p5_pct0p1-r3,1,27,london,233,-10732.0,-1.5288,0.7937,0.2146,345.0
s4_offatr0p5_pct0p1-r3,1,27,pre,195,6830.0,0.9608,1.1715,0.2923,340.0
s4_offatr0p5_pct0p1-r3,1,27,nyam,139,-891.0,-0.1536,0.9701,0.2446,335.0
s4_offatr0p5_pct0p2-r0,1,28,all,567,20227.0,0.5115,1.075,0.1481,685.0
s4_offatr0p5_pct0p2-r0,1,28,london,233,5318.0,0.2029,1.0467,0.1245,685.0
s4_offatr0p5_pct0p2-r0,1,28,pre,195,940.0,0.0432,1.0102,0.159,680.0
s4_offatr0p5_pct0p2-r0,1,28,nyam,139,13969.0,0.6921,1.2182,0.1727,665.0
s4_offatr0p5_pct0p2-r1,1,29,all,567,-6763.0,-0.5076,0.9579,0.4956,685.0
s4_offatr0p5_pct0p2-r1,1,29,london,233,-6242.0,-0.7337,0.9075,0.4807,685.0
s4_offatr0p5_pct0p2-r1,1,29,pre,195,1920.0,0.2443,1.036,0.5179,680.0
s4_offatr0p5_pct0p2-r1,1,29,nyam,139,-2441.0,-0.3686,0.9387,0.4892,665.0
s4_offatr0p5_pct0p2-r2,1,30,all,567,-14498.0,-0.7788,0.9327,0.3245,685.0
s4_offatr0p5_pct0p2-r2,1,30,london,233,-15592.0,-1.3406,0.8296,0.3004,685.0
s4_offatr0p5_pct0p2-r2,1,30,pre,195,9680.0,0.8537,1.1392,0.3692,680.0
s4_offatr0p5_pct0p2-r2,1,30,nyam,139,-8586.0,-0.9469,0.8417,0.3022,665.0
s4_offatr0p5_pct0p2-r3,1,31,all,567,-8808.0,-0.3876,0.9631,0.2522,685.0
s4_offatr0p5_pct0p2-r3,1,31,london,233,-9282.0,-0.6477,0.9068,0.2403,685.0
s4_offatr0p5_pct0p2-r3,1,31,pre,195,6015.0,0.4362,1.075,0.2718,680.0
s4_offatr0p5_pct0p2-r3,1,31,nyam,139,-5541.0,-0.5016,0.9056,0.2446,665.0
s4_offatr1_atr1p5-r0,2,0,all,477,109537.0,2.3113,1.3622,0.2537,2600.0
s4_offatr1_atr1p5-r0,2,0,london,113,-6352.0,-0.3123,0.9152,0.1327,2320.0
s4_offatr1_atr1p5-r0,2,0,pre,154,33929.0,1.3321,1.3678,0.2662,1950.0
s4_offatr1_atr1p5-r0,2,0,nyam,210,81960.0,2.3882,1.6061,0.3095,2600.0
s4_offatr1_atr1p5-r1,2,1,all,477,22107.0,1.0933,1.1153,0.5325,2035.0
s4_offatr1_atr1p5-r1,2,1,london,113,-10302.0,-1.1602,0.7858,0.4336,2035.0
s4_offatr1_atr1p5-r1,2,1,pre,154,3224.0,0.2896,1.0526,0.5325,1950.0
s4_offatr1_atr1p5-r1,2,1,nyam,210,29185.0,2.0453,1.3543,0.5857,1990.0
s4_offatr1_atr1p5-r2,2,2,all,477,23412.0,0.8117,1.089,0.369,2600.0
s4_offatr1_atr1p5-r2,2,2,london,113,-17142.0,-1.4469,0.7287,0.2743,2320.0
s4_offatr1_atr1p5-r2,2,2,pre,154,22689.0,1.3975,1.2972,0.4091,1950.0
s4_offatr1_atr1p5-r2,2,2,nyam,210,17865.0,0.8668,1.1445,0.3905,2600.0
s4_offatr1_atr1p5-r3,2,3,all,477,36477.0,1.0471,1.126,0.2977,2600.0
s4_offatr1_atr1p5-r3,2,3,london,113,-26487.0,-2.1317,0.6246,0.1947,2320.0
s4_offatr1_atr1p5-r3,2,3,pre,154,18384.0,0.9489,1.2106,0.3182,1950.0
s4_offatr1_atr1p5-r3,2,3,nyam,210,44580.0,1.7183,1.3385,0.3381,2600.0
s4_offatr1_atr3-r0,2,4,all,477,71082.0,1.1953,1.1481,0.3669,4635.0
s4_offatr1_atr3-r0,2,4,london,113,-13142.0,-0.4827,0.8927,0.2655,4635.0
s4_offatr1_atr3-r0,2,4,pre,154,4349.0,0.1366,1.028,0.3506,3905.0
s4_offatr1_atr3-r0,2,4,nyam,210,79875.0,1.8963,1.3955,0.4333,3980.0
s4_offatr1_atr3-r1,2,5,all,477,3182.0,0.0806,1.0081,0.5157,4635.0
s4_offatr1_atr3-r1,2,5,london,113,-16537.0,-0.9368,0.8224,0.4867,4635.0
s4_offatr1_atr3-r1,2,5,pre,154,16554.0,0.7563,1.1439,0.539,3905.0
s4_offatr1_atr3-r1,2,5,nyam,210,3165.0,0.1141,1.0174,0.5143,3980.0
s4_offatr1_atr3-r2,2,6,all,477,36317.0,0.7147,1.0787,0.3983,4635.0
s4_offatr1_atr3-r2,2,6,london,113,-26372.0,-1.221,0.7734,0.3274,4635.0
s4_offatr1_atr3-r2,2,6,pre,154,18679.0,0.6558,1.1306,0.4026,3905.0
s4_offatr1_atr3-r2,2,6,nyam,210,44010.0,1.2209,1.2179,0.4333,3980.0
s4_offatr1_atr3-r3,2,7,all,477,43237.0,0.7844,1.0907,0.3732,4635.0
s4_offatr1_atr3-r3,2,7,london,113,-23062.0,-0.957,0.8087,0.2832,4635.0
s4_offatr1_atr3-r3,2,7,pre,154,3309.0,0.1107,1.0214,0.3571,3905.0
s4_offatr1_atr3-r3,2,7,nyam,210,62990.0,1.5969,1.3119,0.4333,3980.0
s4_offatr1_pts10-r0,2,8,all,477,21032.0,0.8662,1.226,0.0692,250.0
s4_offatr1_pts10-r0,2,8,london,113,-2087.0,-0.188,0.9088,0.0354,250.0
s4_offatr1_pts10-r0,2,8,pre,154,7884.0,0.5566,1.263,0.0714,215.0
s4_offatr1_pts10-r0,2,8,nyam,210,15235.0,0.9317,1.379,0.0857,210.0
s4_offatr1_pts10-r1,2,9,all,477,1402.0,0.3165,1.0295,0.5241,250.0
s4_offatr1_pts10-r1,2,9,london,113,-2637.0,-1.2197,0.7944,0.4602,250.0
s4_offatr1_pts10-r1,2,9,pre,154,579.0,0.2296,1.0379,0.526,215.0
s4_offatr1_pts10-r1,2,9,nyam,210,3460.0,1.1829,1.1777,0.5571,210.0
s4_offatr1_pts10-r2,2,10,all,477,1717.0,0.2714,1.0265,0.3522,250.0
s4_offatr1_pts10-r2,2,10,london,113,-1942.0,-0.6439,0.8801,0.3186,250.0
s4_offatr1_pts10-r2,2,10,pre,154,-1416.0,-0.3989,0.9345,0.3312,215.0
s4_offatr1_pts10-r2,2,10,nyam,210,5075.0,1.1857,1.188,0.3857,210.0
s4_offatr1_pts10-r3,2,11,all,477,2297.0,0.295,1.0313,0.2662,250.0
s4_offatr1_pts10-r3,2,11,london,113,-4407.0,-1.2515,0.7645,0.2124,250.0
s4_offatr1_pts10-r3,2,11,pre,154,-3296.0,-0.7763,0.8668,0.2338,215.0
s4_offatr1_pts10-r3,2,11,nyam,210,10000.0,1.834,1.3341,0.319,210.0
s4_offatr1_pts20-r0,2,12,all,477,55072.0,1.6566,1.3287,0.1405,420.0
s4_offatr1_pts20-r0,2,12,london,113,3723.0,0.2358,1.0883,0.0885,405.0
s4_offatr1_pts20-r0,2,12,pre,154,23174.0,1.2242,1.4384,0.1623,420.0
s4_offatr1_pts20-r0,2,12,nyam,210,28175.0,1.2585,1.3884,0.1524,415.0
s4_offatr1_pts20-r1,2,13,all,477,8432.0,0.9593,1.0919,0.5304,420.0
s4_offatr1_pts20-r1,2,13,london,113,-4382.0,-1.0226,0.8245,0.4602,405.0
s4_offatr1_pts20-r1,2,13,pre,154,3764.0,0.7525,1.1293,0.539,420.0
s4_offatr1_pts20-r1,2,13,nyam,210,9050.0,1.5588,1.2402,0.5619,415.0
s4_offatr1_pts20-r2,2,14,all,477,12337.0,0.9753,1.099,0.3606,420.0
s4_offatr1_pts20-r2,2,14,london,113,-8887.0,-1.5477,0.7352,0.2743,405.0
s4_offatr1_pts20-r2,2,14,pre,154,9234.0,1.2612,1.2397,0.3896,420.0
s4_offatr1_pts20-r2,2,14,nyam,210,11990.0,1.4086,1.2284,0.3857,415.0
s4_offatr1_pts20-r3,2,15,all,477,16292.0,1.0401,1.1156,0.2767,420.0
s4_offatr1_pts20-r3,2,15,london,113,-9327.0,-1.3515,0.7468,0.2035,405.0
s4_offatr1_pts20-r3,2,15,pre,154,6909.0,0.7699,1.1532,0.2857,420.0
s4_offatr1_pts20-r3,2,15,nyam,210,18710.0,1.7371,1.317,0.3095,415.0
s4_offatr1_pts30-r0,2,16,all,477,55742.0,1.4606,1.2361,0.1845,630.0
s4_offatr1_pts30-r0,2,16,london,113,-11277.0,-0.6569,0.8187,0.0973,615.0
s4_offatr1_pts30-r0,2,16,pre,154,16414.0,0.7923,1.2189,0.2013,630.0
s4_offatr1_pts30-r0,2,16,nyam,210,50605.0,1.8732,1.5112,0.219,615.0
s4_offatr1_pts30-r1,2,17,all,477,19612.0,1.4944,1.1468,0.5388,630.0
s4_offatr1_pts30-r1,2,17,london,113,-6212.0,-0.9678,0.8331,0.4602,615.0
s4_offatr1_pts30-r1,2,17,pre,154,8584.0,1.1498,1.204,0.5519,630.0
s4_offatr1_pts30-r1,2,17,nyam,210,17240.0,1.9961,1.3176,0.5714,605.0
s4_offatr1_pts30-r2,2,18,all,477,17947.0,0.95,1.0965,0.3585,630.0
s4_offatr1_pts30-r2,2,18,london,113,-14722.0,-1.729,0.7091,0.2655,615.0
s4_offatr1_pts30-r2,2,18,pre,154,2999.0,0.2809,1.0492,0.3506,630.0
s4_offatr1_pts30-r2,2,18,nyam,210,29670.0,2.3006,1.3989,0.4143,605.0
s4_offatr1_pts30-r3,2,19,all,477,26057.0,1.1155,1.1248,0.2788,630.0
s4_offatr1_pts30-r3,2,19,london,113,-11152.0,-1.0614,0.7945,0.2124,615.0
s4_offatr1_pts30-r3,2,19,pre,154,15554.0,1.1428,1.2363,0.2987,630.0
s4_offatr1_pts30-r3,2,19,nyam,210,21655.0,1.3729,1.2444,0.3,605.0
s4_offatr1_pts45-r0,2,20,all,477,61857.0,1.4122,1.1946,0.2642,2600.0
s4_offatr1_pts45-r0,2,20,london,113,-5802.0,-0.2755,0.9304,0.177,935.0
s4_offatr1_pts45-r0,2,20,pre,154,13899.0,0.5973,1.139,0.2857,905.0
s4_offatr1_pts45-r0,2,20,nyam,210,53760.0,1.7588,1.3994,0.2952,2600.0
s4_offatr1_pts45-r1,2,21,all,477,19422.0,0.9875,1.0949,0.5262,935.0
s4_offatr1_pts45-r1,2,21,london,113,-10727.0,-1.1177,0.8099,0.4513,935.0
s4_offatr1_pts45-r1,2,21,pre,154,12634.0,1.1335,1.2014,0.5519,905.0
s4_offatr1_pts45-r1,2,21,nyam,210,17515.0,1.3458,1.2048,0.5476,905.0
s4_offatr1_pts45-r2,2,22,all,477,14562.0,0.5208,1.0522,0.3564,2600.0
s4_offatr1_pts45-r2,2,22,london,113,-16222.0,-1.2461,0.7799,0.2832,935.0
s4_offatr1_pts45-r2,2,22,pre,154,18914.0,1.1718,1.2237,0.3961,905.0
s4_offatr1_pts45-r2,2,22,nyam,210,11870.0,0.6342,1.0981,0.3667,2600.0
s4_offatr1_pts45-r3,2,23,all,477,30637.0,0.9063,1.1008,0.2977,2600.0
s4_offatr1_pts45-r3,2,23,london,113,-11267.0,-0.7151,0.8562,0.2301,935.0
s4_offatr1_pts45-r3,2,23,pre,154,21404.0,1.0882,1.2264,0.3247,905.0
s4_offatr1_pts45-r3,2,23,nyam,210,20500.0,0.9092,1.1565,0.3143,2600.0
s4_offatr1_pct0p1-r0,2,24,all,477,25702.0,0.951,1.2088,0.0943,375.0
s4_offatr1_pct0p1-r0,2,24,london,113,1313.0,0.1013,1.0432,0.0619,345.0
s4_offatr1_pct0p1-r0,2,24,pre,154,7429.0,0.4765,1.1866,0.0909,375.0
s4_offatr1_pct0p1-r0,2,24,nyam,210,16960.0,0.945,1.3205,0.1143,335.0
s4_offatr1_pct0p1-r1,2,25,all,477,3412.0,0.5546,1.0526,0.5262,345.0
s4_offatr1_pct0p1-r1,2,25,london,113,-4402.0,-1.473,0.7561,0.4425,345.0
s4_offatr1_pct0p1-r1,2,25,pre,154,1059.0,0.3039,1.0508,0.5325,340.0
s4_offatr1_pct0p1-r1,2,25,nyam,210,6755.0,1.6599,1.2597,0.5667,335.0
s4_offatr1_pct0p1-r2,2,26,all,477,7507.0,0.8487,1.0862,0.3606,375.0
s4_offatr1_pct0p1-r2,2,26,london,113,-6717.0,-1.681,0.7154,0.2743,345.0
s4_offatr1_pct0p1-r2,2,26,pre,154,1039.0,0.2093,1.0364,0.3571,375.0
s4_offatr1_pct0p1-r2,2,26,nyam,210,13185.0,2.1726,1.3765,0.4095,335.0
s4_offatr1_pct0p1-r3,2,27,all,477,3952.0,0.3654,1.0394,0.2642,375.0
s4_offatr1_pct0p1-r3,2,27,london,113,-11807.0,-2.6829,0.5643,0.1681,345.0
s4_offatr1_pct0p1-r3,2,27,pre,154,2324.0,0.3769,1.0726,0.2727,375.0
s4_offatr1_pct0p1-r3,2,27,nyam,210,13435.0,1.765,1.3263,0.3095,335.0
s4_offatr1_pct0p2-r0,2,28,all,477,53782.0,1.4719,1.2453,0.1761,685.0
s4_offatr1_pct0p2-r0,2,28,london,113,-6497.0,-0.3814,0.8868,0.0973,685.0
s4_offatr1_pct0p2-r0,2,28,pre,154,22954.0,1.1194,1.3355,0.2013,680.0
s4_offatr1_pct0p2-r0,2,28,nyam,210,37325.0,1.4924,1.3997,0.2,665.0
s4_offatr1_pct0p2-r1,2,29,all,477,12477.0,1.0209,1.0989,0.5262,685.0
s4_offatr1_pct0p2-r1,2,29,london,113,-7377.0,-1.2381,0.7905,0.4425,685.0
s4_offatr1_pct0p2-r1,2,29,pre,154,8299.0,1.2033,1.2164,0.5584,680.0
s4_offatr1_pct0p2-r1,2,29,nyam,210,11555.0,1.4259,1.2199,0.5476,660.0
s4_offatr1_pct0p2-r2,2,30,all,477,10932.0,0.6249,1.0629,0.3522,685.0
s4_offatr1_pct0p2-r2,2,30,london,113,-16367.0,-2.1135,0.6569,0.2566,685.0
s4_offatr1_pct0p2-r2,2,30,pre,154,7474.0,0.7481,1.1373,0.3701,680.0
s4_offatr1_pct0p2-r2,2,30,nyam,210,19825.0,1.6574,1.2771,0.3905,665.0
s4_offatr1_pct0p2-r3,2,31,all,477,21397.0,0.9913,1.1108,0.2788,685.0
s4_offatr1_pct0p2-r3,2,31,london,113,-11712.0,-1.2187,0.7681,0.2124,685.0
s4_offatr1_pct0p2-r3,2,31,pre,154,17894.0,1.4101,1.3009,0.3117,680.0
s4_offatr1_pct0p2-r3,2,31,nyam,210,15215.0,1.0474,1.183,0.2905,665.0
s4_offptsA_atr1p5-r0,3,0,all,566,52016.0,0.9739,1.1334,0.2138,2665.0
s4_offptsA_atr1p5-r0,3,0,london,238,31238.0,0.8404,1.1933,0.1849,2665.0
s4_offptsA_atr1p5-r0,3,0,pre,205,5625.0,0.1833,1.0382,0.2195,2010.0
s4_offptsA_atr1p5-r0,3,0,nyam,123,15153.0,0.6539,1.1869,0.2602,2205.0
s4_offptsA_atr1p5-r1,3,1,all,566,-10354.0,-0.4571,0.9588,0.4965,2665.0
s4_offptsA_atr1p5-r1,3,1,london,238,-10397.0,-0.7284,0.9008,0.4706,2665.0
s4_offptsA_atr1p5-r1,3,1,pre,205,-7170.0,-0.5093,0.9251,0.5073,2010.0
s4_offptsA_atr1p5-r1,3,1,nyam,123,7213.0,0.6811,1.1418,0.5285,1560.0
s4_offptsA_atr1p5-r2,3,2,all,566,4251.0,0.1337,1.013,0.3481,2665.0
s4_offptsA_atr1p5-r2,3,2,london,238,-11082.0,-0.561,0.9191,0.3193,2665.0
s4_offptsA_atr1p5-r2,3,2,pre,205,24705.0,1.2199,1.2149,0.3951,2010.0
s4_offptsA_atr1p5-r2,3,2,nyam,123,-9372.0,-0.6477,0.8745,0.3252,1990.0
s4_offptsA_atr1p5-r3,3,3,all,566,-21924.0,-0.5901,0.9406,0.2615,2665.0
s4_offptsA_atr1p5-r3,3,3,london,238,-11312.0,-0.4726,0.9255,0.2353,2665.0
s4_offptsA_atr1p5-r3,3,3,pre,205,-2215.0,-0.096,0.9838,0.2829,2010.0
s4_offptsA_atr1p5-r3,3,3,nyam,123,-8397.0,-0.5018,0.8957,0.2764,2205.0
s4_offptsA_atr3-r0,3,4,all,566,69246.0,1.0344,1.1185,0.364,4635.0
s4_offptsA_atr3-r0,3,4,london,238,60098.0,1.343,1.2596,0.3571,4635.0
s4_offptsA_atr3-r0,3,4,pre,205,10200.0,0.2461,1.0446,0.3561,4020.0
s4_offptsA_atr3-r0,3,4,nyam,123,-1052.0,-0.0379,0.9915,0.3902,3980.0
s4_offptsA_atr3-r1,3,5,all,566,21186.0,0.4842,1.0458,0.5212,4635.0
s4_offptsA_atr3-r1,3,5,london,238,23013.0,0.851,1.1289,0.5294,4635.0
s4_offptsA_atr3-r1,3,5,pre,205,9850.0,0.3519,1.0554,0.5268,4020.0
s4_offptsA_atr3-r1,3,5,nyam,123,-11677.0,-0.5813,0.8905,0.4959,3980.0
s4_offptsA_atr3-r2,3,6,all,566,11306.0,0.2022,1.02,0.3887,4635.0
s4_offptsA_atr3-r2,3,6,london,238,23433.0,0.6657,1.1054,0.3908,4635.0
s4_offptsA_atr3-r2,3,6,pre,205,6950.0,0.1917,1.0317,0.3854,4020.0
s4_offptsA_atr3-r2,3,6,nyam,123,-19077.0,-0.7927,0.8458,0.3902,3980.0
s4_offptsA_atr3-r3,3,7,all,566,47181.0,0.7501,1.0813,0.371,4635.0
s4_offptsA_atr3-r3,3,7,london,238,48888.0,1.1973,1.2149,0.3739,4635.0
s4_offptsA_atr3-r3,3,7,pre,205,4280.0,0.1074,1.0187,0.3561,4020.0
s4_offptsA_atr3-r3,3,7,nyam,123,-5987.0,-0.2247,0.9516,0.3902,3980.0
s4_offptsA_pts10-r0,3,8,all,566,25801.0,0.9935,1.2339,0.0707,230.0
s4_offptsA_pts10-r0,3,8,london,238,10898.0,0.6497,1.233,0.063,215.0
s4_offptsA_pts10-r0,3,8,pre,205,11690.0,0.7233,1.2933,0.0732,230.0
s4_offptsA_pts10-r0,3,8,nyam,123,3213.0,0.2774,1.1356,0.0813,230.0
s4_offptsA_pts10-r1,3,9,all,566,-13669.0,-2.8387,0.7879,0.4576,230.0
s4_offptsA_pts10-r1,3,9,london,238,-5297.0,-1.6934,0.8028,0.4622,215.0
s4_offptsA_pts10-r1,3,9,pre,205,-4495.0,-1.5463,0.8055,0.4634,230.0
s4_offptsA_pts10-r1,3,9,nyam,123,-3877.0,-1.7297,0.7319,0.439,210.0
s4_offptsA_pts10-r2,3,10,all,566,-13329.0,-2.0025,0.8379,0.3074,230.0
s4_offptsA_pts10-r2,3,10,london,238,-5107.0,-1.178,0.8516,0.3109,215.0
s4_offptsA_pts10-r2,3,10,pre,205,-7885.0,-2.013,0.7444,0.2829,230.0
s4_offptsA_pts10-r2,3,10,nyam,123,-337.0,-0.1054,0.9801,0.3415,210.0
s4_offptsA_pts10-r3,3,11,all,566,-1089.0,-0.1297,0.9876,0.258,230.0
s4_offptsA_pts10-r3,3,11,london,238,-4007.0,-0.7536,0.8945,0.2395,215.0
s4_offptsA_pts10-r3,3,11,pre,205,-1120.0,-0.2225,0.9651,0.2537,230.0
s4_offptsA_pts10-r3,3,11,nyam,123,4038.0,0.9816,1.2242,0.3008,210.0
s4_offptsA_pts20-r0,3,12,all,566,29001.0,0.8468,1.1427,0.1219,425.0
s4_offptsA_pts20-r0,3,12,london,238,11468.0,0.4943,1.1315,0.105,425.0
s4_offptsA_pts20-r0,3,12,pre,205,11195.0,0.5669,1.1536,0.1317,415.0
s4_offptsA_pts20-r0,3,12,nyam,123,6338.0,0.402,1.147,0.1382,415.0
s4_offptsA_pts20-r1,3,13,all,566,-15904.0,-1.6607,0.8697,0.4735,415.0
s4_offptsA_pts20-r1,3,13,london,238,-4027.0,-0.6469,0.9194,0.4874,410.0
s4_offptsA_pts20-r1,3,13,pre,205,-8245.0,-1.431,0.8187,0.4585,415.0
s4_offptsA_pts20-r1,3,13,nyam,123,-3632.0,-0.8114,0.8635,0.4715,405.0
s4_offptsA_pts20-r2,3,14,all,566,7391.0,0.5401,1.0492,0.3516,425.0
s4_offptsA_pts20-r2,3,14,london,238,1363.0,0.1539,1.0213,0.3445,425.0
s4_offptsA_pts20-r2,3,14,pre,205,7665.0,0.9172,1.1451,0.3707,415.0
s4_offptsA_pts20-r2,3,14,nyam,123,-1637.0,-0.2609,0.9512,0.3333,405.0
s4_offptsA_pts20-r3,3,15,all,566,5851.0,0.3489,1.0343,0.2633,425.0
s4_offptsA_pts20-r3,3,15,london,238,-1147.0,-0.1064,0.9843,0.2521,425.0
s4_offptsA_pts20-r3,3,15,pre,205,8700.0,0.8416,1.1445,0.2829,415.0
s4_offptsA_pts20-r3,3,15,nyam,123,-1702.0,-0.222,0.9548,0.252,415.0
s4_offptsA_pts30-r0,3,16,all,566,43631.0,1.0211,1.1511,0.1661,2205.0
s4_offptsA_pts30-r0,3,16,london,238,19788.0,0.6786,1.16,0.1471,780.0
s4_offptsA_pts30-r0,3,16,pre,205,14215.0,0.573,1.138,0.1756,615.0
s4_offptsA_pts30-r0,3,16,nyam,123,9628.0,0.5028,1.1552,0.187,2205.0
s4_offptsA_pts30-r1,3,17,all,566,-5019.0,-0.3497,0.971,0.4982,625.0
s4_offptsA_pts30-r1,3,17,london,238,-6447.0,-0.6922,0.914,0.4832,625.0
s4_offptsA_pts30-r1,3,17,pre,205,4035.0,0.4668,1.0675,0.522,615.0
s4_offptsA_pts30-r1,3,17,nyam,123,-2607.0,-0.3887,0.9321,0.4878,600.0
s4_offptsA_pts30-r2,3,18,all,566,3716.0,0.1826,1.0164,0.3428,625.0
s4_offptsA_pts30-r2,3,18,london,238,-4252.0,-0.3245,0.9564,0.3277,625.0
s4_offptsA_pts30-r2,3,18,pre,205,9990.0,0.8026,1.1261,0.3659,615.0
s4_offptsA_pts30-r2,3,18,nyam,123,-2022.0,-0.2151,0.9595,0.3333,605.0
s4_offptsA_pts30-r3,3,19,all,566,18261.0,0.7242,1.0726,0.2703,780.0
s4_offptsA_pts30-r3,3,19,london,238,-3332.0,-0.2074,0.9695,0.2479,780.0
s4_offptsA_pts30-r3,3,19,pre,205,26965.0,1.7011,1.3138,0.3122,615.0
s4_offptsA_pts30-r3,3,19,nyam,123,-5372.0,-0.4796,0.9043,0.2439,610.0
s4_offptsA_pts45-r0,3,20,all,566,43211.0,0.8762,1.1105,0.2367,2205.0
s4_offptsA_pts45-r0,3,20,london,238,34688.0,1.0136,1.2092,0.2311,925.0
s4_offptsA_pts45-r0,3,20,pre,205,-10435.0,-0.3885,0.9276,0.2244,925.0
s4_offptsA_pts45-r0,3,20,nyam,123,18958.0,0.814,1.2338,0.2683,2205.0
s4_offptsA_pts45-r1,3,21,all,566,71.0,0.0033,1.0003,0.5053,925.0
s4_offptsA_pts45-r1,3,21,london,238,-8827.0,-0.6328,0.9211,0.4832,925.0
s4_offptsA_pts45-r1,3,21,pre,205,2400.0,0.1857,1.0264,0.5122,920.0
s4_offptsA_pts45-r1,3,21,nyam,123,6498.0,0.6505,1.1254,0.5366,905.0
s4_offptsA_pts45-r2,3,22,all,566,8301.0,0.2742,1.0248,0.3463,925.0
s4_offptsA_pts45-r2,3,22,london,238,168.0,0.0085,1.0012,0.3403,925.0
s4_offptsA_pts45-r2,3,22,pre,205,10100.0,0.5479,1.0848,0.361,920.0
s4_offptsA_pts45-r2,3,22,nyam,123,-1967.0,-0.1417,0.9729,0.3333,905.0
s4_offptsA_pts45-r3,3,23,all,566,7931.0,0.2191,1.0215,0.2827,2205.0
s4_offptsA_pts45-r3,3,23,london,238,10153.0,0.4213,1.0653,0.2815,925.0
s4_offptsA_pts45-r3,3,23,pre,205,-1230.0,-0.0571,0.9909,0.278,925.0
s4_offptsA_pts45-r3,3,23,nyam,123,-992.0,-0.0605,0.9873,0.2927,2205.0
s4_offptsA_pct0p1-r0,3,24,all,566,11711.0,0.4261,1.0798,0.0883,345.0
s4_offptsA_pct0p1-r0,3,24,london,238,-732.0,-0.0416,0.9884,0.0672,345.0
s4_offptsA_pct0p1-r0,3,24,pre,205,14180.0,0.8135,1.2711,0.1073,340.0
s4_offptsA_pct0p1-r0,3,24,nyam,123,-1737.0,-0.145,0.9452,0.0976,335.0
s4_offptsA_pct0p1-r1,3,25,all,566,-10834.0,-1.621,0.8717,0.4788,345.0
s4_offptsA_pct0p1-r1,3,25,london,238,-912.0,-0.2114,0.9727,0.5042,345.0
s4_offptsA_pct0p1-r1,3,25,pre,205,-7200.0,-1.7881,0.7774,0.4537,340.0
s4_offptsA_pct0p1-r1,3,25,nyam,123,-2722.0,-0.8653,0.854,0.4715,330.0
s4_offptsA_pct0p1-r2,3,26,all,566,-3684.0,-0.3899,0.9658,0.3339,345.0
s4_offptsA_pct0p1-r2,3,26,london,238,-6287.0,-1.0497,0.865,0.3067,345.0
s4_offptsA_pct0p1-r2,3,26,pre,205,-1595.0,-0.2802,0.9593,0.3366,340.0
s4_offptsA_pct0p1-r2,3,26,nyam,123,4198.0,0.9158,1.1925,0.3821,330.0
s4_offptsA_pct0p1-r3,3,27,all,566,1156.0,0.0993,1.0097,0.2615,345.0
s4_offptsA_pct0p1-r3,3,27,london,238,-8022.0,-1.1156,0.8464,0.2269,345.0
s4_offptsA_pct0p1-r3,3,27,pre,205,4985.0,0.6925,1.1177,0.2829,340.0
s4_offptsA_pct0p1-r3,3,27,nyam,123,4193.0,0.742,1.1681,0.2927,330.0
s4_offptsA_pct0p2-r0,3,28,all,566,22901.0,0.5778,1.0847,0.1502,2205.0
s4_offptsA_pct0p2-r0,3,28,london,238,10843.0,0.4073,1.0947,0.1345,685.0
s4_offptsA_pct0p2-r0,3,28,pre,205,7545.0,0.3237,1.0776,0.1561,685.0
s4_offptsA_pct0p2-r0,3,28,nyam,123,4513.0,0.2506,1.0771,0.1707,2205.0
s4_offptsA_pct0p2-r1,3,29,all,566,-5634.0,-0.4231,0.9648,0.4965,685.0
s4_offptsA_pct0p2-r1,3,29,london,238,-3007.0,-0.3503,0.9552,0.4916,685.0
s4_offptsA_pct0p2-r1,3,29,pre,205,1465.0,0.1819,1.026,0.5171,685.0
s4_offptsA_pct0p2-r1,3,29,nyam,123,-4092.0,-0.6528,0.8878,0.4715,665.0
s4_offptsA_pct0p2-r2,3,30,all,566,-3344.0,-0.1782,0.9842,0.3375,685.0
s4_offptsA_pct0p2-r2,3,30,london,238,-9952.0,-0.8363,0.891,0.3151,685.0
s4_offptsA_pct0p2-r2,3,30,pre,205,9435.0,0.8152,1.1287,0.3707,685.0
s4_offptsA_pct0p2-r2,3,30,nyam,123,-2827.0,-0.3222,0.9394,0.3252,665.0
s4_offptsA_pct0p2-r3,3,31,all,566,5716.0,0.2485,1.0244,0.265,685.0
s4_offptsA_pct0p2-r3,3,31,london,238,-3607.0,-0.2457,0.9639,0.2521,685.0
s4_offptsA_pct0p2-r3,3,31,pre,205,15325.0,1.062,1.1868,0.2927,685.0
s4_offptsA_pct0p2-r3,3,31,nyam,123,-6002.0,-0.5833,0.8846,0.2439,665.0
s4_offptsB_atr1p5-r0,4,0,all,512,79227.0,1.539,1.2197,0.2344,2665.0
s4_offptsB_atr1p5-r0,4,0,london,151,7901.0,0.2654,1.0666,0.1788,2665.0
s4_offptsB_atr1p5-r0,4,0,pre,192,21782.0,0.7019,1.163,0.2344,2010.0
s4_offptsB_atr1p5-r0,4,0,nyam,169,49544.0,1.7448,1.4577,0.284,2405.0
s4_offptsB_atr1p5-r1,4,1,all,512,-15148.0,-0.6813,0.9365,0.5098,2665.0
s4_offptsB_atr1p5-r1,4,1,london,151,-15204.0,-1.1828,0.8092,0.4636,2665.0
s4_offptsB_atr1p5-r1,4,1,pre,192,-12008.0,-0.8961,0.868,0.4948,2010.0
s4_offptsB_atr1p5-r1,4,1,nyam,169,12064.0,0.9888,1.1776,0.568,1990.0
s4_offptsB_atr1p5-r2,4,2,all,512,-168.0,-0.0055,0.9995,0.3535,2665.0
s4_offptsB_atr1p5-r2,4,2,london,151,-20079.0,-1.1618,0.8044,0.298,2665.0
s4_offptsB_atr1p5-r2,4,2,pre,192,-348.0,-0.0188,0.9969,0.3594,2010.0
s4_offptsB_atr1p5-r2,4,2,nyam,169,20259.0,1.1626,1.2227,0.3964,1990.0
s4_offptsB_atr1p5-r3,4,3,all,512,-8843.0,-0.2443,0.9743,0.2793,2665.0
s4_offptsB_atr1p5-r3,4,3,london,151,-24314.0,-1.235,0.7845,0.2318,2665.0
s4_offptsB_atr1p5-r3,4,3,pre,192,1637.0,0.0735,1.013,0.2865,2010.0
s4_offptsB_atr1p5-r3,4,3,nyam,169,13834.0,0.6699,1.1313,0.3136,2405.0
s4_offptsB_atr3-r0,4,4,all,512,93232.0,1.4324,1.1725,0.375,5015.0
s4_offptsB_atr3-r0,4,4,london,151,37031.0,0.9847,1.2228,0.3642,5015.0
s4_offptsB_atr3-r0,4,4,pre,192,18502.0,0.4632,1.089,0.3542,4020.0
s4_offptsB_atr3-r0,4,4,nyam,169,37699.0,1.07,1.2269,0.4083,3980.0
s4_offptsB_atr3-r1,4,5,all,512,5062.0,0.1181,1.0115,0.5195,5015.0
s4_offptsB_atr3-r1,4,5,london,151,5626.0,0.2318,1.0422,0.5099,5015.0
s4_offptsB_atr3-r1,4,5,pre,192,-3623.0,-0.1371,0.9784,0.5208,4020.0
s4_offptsB_atr3-r1,4,5,nyam,169,3059.0,0.1295,1.0219,0.5266,3980.0
s4_offptsB_atr3-r2,4,6,all,512,20702.0,0.3823,1.0394,0.4004,5015.0
s4_offptsB_atr3-r2,4,6,london,151,5651.0,0.1883,1.0353,0.404,5015.0
s4_offptsB_atr3-r2,4,6,pre,192,6747.0,0.1978,1.0338,0.3906,4020.0
s4_offptsB_atr3-r2,4,6,nyam,169,8304.0,0.2799,1.05,0.4083,3980.0
s4_offptsB_atr3-r3,4,7,all,512,62637.0,1.0364,1.1166,0.3809,5015.0
s4_offptsB_atr3-r3,4,7,london,151,20641.0,0.6062,1.1258,0.3775,5015.0
s4_offptsB_atr3-r3,4,7,pre,192,18672.0,0.4893,1.0902,0.3594,4020.0
s4_offptsB_atr3-r3,4,7,nyam,169,23324.0,0.7193,1.1404,0.4083,3980.0
s4_offptsB_pts10-r0,4,8,all,512,-7948.0,-0.3776,0.9215,0.0586,270.0
s4_offptsB_pts10-r0,4,8,london,151,-1039.0,-0.0847,0.9656,0.0464,220.0
s4_offptsB_pts10-r0,4,8,pre,192,-17133.0,-1.7864,0.5554,0.0469,270.0
s4_offptsB_pts10-r0,4,8,nyam,169,10224.0,0.7222,1.3145,0.0828,215.0
s4_offptsB_pts10-r1,4,9,all,512,-11713.0,-2.5547,0.7979,0.4609,270.0
s4_offptsB_pts10-r1,4,9,london,151,-5294.0,-2.1375,0.7064,0.4305,210.0
s4_offptsB_pts10-r1,4,9,pre,192,-7883.0,-2.8312,0.6655,0.4167,270.0
s4_offptsB_pts10-r1,4,9,nyam,169,1464.0,0.5549,1.0894,0.5385,210.0
s4_offptsB_pts10-r2,4,10,all,512,-8183.0,-1.2773,0.8881,0.3203,270.0
s4_offptsB_pts10-r2,4,10,london,151,-5059.0,-1.4897,0.775,0.2914,220.0
s4_offptsB_pts10-r2,4,10,pre,192,-7648.0,-2.0188,0.7366,0.2812,270.0
s4_offptsB_pts10-r2,4,10,nyam,169,4524.0,1.1739,1.2093,0.3905,210.0
s4_offptsB_pts10-r3,4,11,all,512,-10858.0,-1.4037,0.8682,0.2344,270.0
s4_offptsB_pts10-r3,4,11,london,151,-5919.0,-1.4574,0.7632,0.2119,220.0
s4_offptsB_pts10-r3,4,11,pre,192,-8963.0,-1.988,0.7217,0.2031,270.0
s4_offptsB_pts10-r3,4,11,nyam,169,4024.0,0.8441,1.1598,0.2899,215.0
s4_offptsB_pts20-r0,4,12,all,512,40817.0,1.2131,1.2232,0.127,435.0
s4_offptsB_pts20-r0,4,12,london,151,5231.0,0.2922,1.0931,0.0927,435.0
s4_offptsB_pts20-r0,4,12,pre,192,1212.0,0.0619,1.0175,0.1198,430.0
s4_offptsB_pts20-r0,4,12,nyam,169,34374.0,1.659,1.5981,0.1657,435.0
s4_offptsB_pts20-r1,4,13,all,512,17427.0,1.9197,1.1849,0.5508,430.0
s4_offptsB_pts20-r1,4,13,london,151,2561.0,0.5163,1.0879,0.5298,415.0
s4_offptsB_pts20-r1,4,13,pre,192,1102.0,0.197,1.0289,0.5156,430.0
s4_offptsB_pts20-r1,4,13,nyam,169,13764.0,2.6864,1.5093,0.6095,410.0
s4_offptsB_pts20-r2,4,14,all,512,15932.0,1.2121,1.1199,0.3652,435.0
s4_offptsB_pts20-r2,4,14,london,151,3211.0,0.4505,1.0807,0.3576,415.0
s4_offptsB_pts20-r2,4,14,pre,192,-2728.0,-0.3468,0.9484,0.3281,430.0
s4_offptsB_pts20-r2,4,14,nyam,169,15449.0,1.9984,1.3836,0.4142,435.0
s4_offptsB_pts20-r3,4,15,all,512,24247.0,1.4801,1.162,0.2852,435.0
s4_offptsB_pts20-r3,4,15,london,151,5541.0,0.6245,1.124,0.2781,415.0
s4_offptsB_pts20-r3,4,15,pre,192,937.0,0.0963,1.0161,0.2604,430.0
s4_offptsB_pts20-r3,4,15,nyam,169,17769.0,1.8223,1.3796,0.3195,435.0
s4_offptsB_pts30-r0,4,16,all,512,83192.0,1.9654,1.3299,0.1875,630.0
s4_offptsB_pts30-r0,4,16,london,151,16071.0,0.6572,1.2027,0.1325,630.0
s4_offptsB_pts30-r0,4,16,pre,192,12672.0,0.5177,1.1316,0.1771,615.0
s4_offptsB_pts30-r0,4,16,nyam,169,54449.0,2.2319,1.7107,0.2485,620.0
s4_offptsB_pts30-r1,4,17,all,512,17517.0,1.2872,1.1206,0.5332,630.0
s4_offptsB_pts30-r1,4,17,london,151,-449.0,-0.0604,0.9902,0.5033,630.0
s4_offptsB_pts30-r1,4,17,pre,192,2337.0,0.2793,1.0412,0.5156,615.0
s4_offptsB_pts30-r1,4,17,nyam,169,15629.0,2.0222,1.3653,0.5799,605.0
s4_offptsB_pts30-r2,4,18,all,512,26532.0,1.3505,1.1347,0.3672,630.0
s4_offptsB_pts30-r2,4,18,london,151,3636.0,0.3422,1.0609,0.351,630.0
s4_offptsB_pts30-r2,4,18,pre,192,-308.0,-0.0261,0.996,0.3385,615.0
s4_offptsB_pts30-r2,4,18,nyam,169,23204.0,2.012,1.3877,0.4142,620.0
s4_offptsB_pts30-r3,4,19,all,512,24712.0,1.0249,1.11,0.2773,630.0
s4_offptsB_pts30-r3,4,19,london,151,1761.0,0.1357,1.0258,0.2583,630.0
s4_offptsB_pts30-r3,4,19,pre,192,6822.0,0.4624,1.08,0.2708,615.0
s4_offptsB_pts30-r3,4,19,nyam,169,16129.0,1.1495,1.2267,0.3018,620.0
s4_offptsB_pts45-r0,4,20,all,512,104667.0,2.0548,1.3021,0.252,2405.0
s4_offptsB_pts45-r0,4,20,london,151,25961.0,0.8787,1.2385,0.1987,980.0
s4_offptsB_pts45-r0,4,20,pre,192,28957.0,0.9442,1.2227,0.2552,930.0
s4_offptsB_pts45-r0,4,20,nyam,169,49749.0,1.7704,1.4625,0.2959,2405.0
s4_offptsB_pts45-r1,4,21,all,512,24417.0,1.1975,1.1118,0.5293,930.0
s4_offptsB_pts45-r1,4,21,london,151,-5544.0,-0.4983,0.9219,0.4834,910.0
s4_offptsB_pts45-r1,4,21,pre,192,2307.0,0.184,1.027,0.5104,930.0
s4_offptsB_pts45-r1,4,21,nyam,169,27654.0,2.4,1.4464,0.5917,905.0
s4_offptsB_pts45-r2,4,22,all,512,28927.0,0.9948,1.098,0.3633,980.0
s4_offptsB_pts45-r2,4,22,london,151,-7554.0,-0.4862,0.9194,0.3179,980.0
s4_offptsB_pts45-r2,4,22,pre,192,15677.0,0.8728,1.1436,0.375,930.0
s4_offptsB_pts45-r2,4,22,nyam,169,20804.0,1.2383,1.2256,0.3905,905.0
s4_offptsB_pts45-r3,4,23,all,512,53107.0,1.4836,1.1638,0.3008,2405.0
s4_offptsB_pts45-r3,4,23,london,151,-4849.0,-0.2567,0.9529,0.245,980.0
s4_offptsB_pts45-r3,4,23,pre,192,33977.0,1.5152,1.2874,0.3229,930.0
s4_offptsB_pts45-r3,4,23,nyam,169,23979.0,1.1667,1.2328,0.3254,2405.0
s4_offptsB_pct0p1-r0,4,24,all,512,26532.0,0.9433,1.2017,0.0918,340.0
s4_offptsB_pct0p1-r0,4,24,london,151,4406.0,0.2943,1.1128,0.0662,325.0
s4_offptsB_pct0p1-r0,4,24,pre,192,-6368.0,-0.4249,0.873,0.0781,340.0
s4_offptsB_pct0p1-r0,4,24,nyam,169,28494.0,1.5412,1.6733,0.1302,340.0
s4_offptsB_pct0p1-r1,4,25,all,512,-10308.0,-1.6332,0.8646,0.4727,340.0
s4_offptsB_pct0p1-r1,4,25,london,151,-3869.0,-1.155,0.8273,0.457,325.0
s4_offptsB_pct0p1-r1,4,25,pre,192,-10228.0,-2.6713,0.6789,0.4219,340.0
s4_offptsB_pct0p1-r1,4,25,nyam,169,3789.0,1.0279,1.1731,0.5444,340.0
s4_offptsB_pct0p1-r2,4,26,all,512,-8353.0,-0.9448,0.9151,0.3223,340.0
s4_offptsB_pct0p1-r2,4,26,london,151,-5709.0,-1.2405,0.8064,0.2914,325.0
s4_offptsB_pct0p1-r2,4,26,pre,192,-9203.0,-1.7642,0.7642,0.2917,340.0
s4_offptsB_pct0p1-r2,4,26,nyam,169,6559.0,1.2118,1.2198,0.3846,340.0
s4_offptsB_pct0p1-r3,4,27,all,512,-10478.0,-0.9758,0.9053,0.2383,340.0
s4_offptsB_pct0p1-r3,4,27,london,151,-8989.0,-1.6634,0.7312,0.1987,325.0
s4_offptsB_pct0p1-r3,4,27,pre,192,-9838.0,-1.5639,0.7716,0.2135,340.0
s4_offptsB_pct0p1-r3,4,27,nyam,169,8349.0,1.2346,1.2449,0.3018,340.0
s4_offptsB_pct0p2-r0,4,28,all,512,51382.0,1.3338,1.2176,0.1641,680.0
s4_offptsB_pct0p2-r0,4,28,london,151,-1979.0,-0.1013,0.9728,0.106,645.0
s4_offptsB_pct0p2-r0,4,28,pre,192,9667.0,0.4111,1.1077,0.1615,680.0
s4_offptsB_pct0p2-r0,4,28,nyam,169,43694.0,1.8651,1.5922,0.2189,665.0
s4_offptsB_pct0p2-r1,4,29,all,512,13422.0,1.0711,1.1002,0.5312,680.0
s4_offptsB_pct0p2-r1,4,29,london,151,2196.0,0.3291,1.0556,0.5166,645.0
s4_offptsB_pct0p2-r1,4,29,pre,192,-63.0,-0.0082,0.9988,0.5156,680.0
s4_offptsB_pct0p2-r1,4,29,nyam,169,11289.0,1.5502,1.2725,0.5621,665.0
s4_offptsB_pct0p2-r2,4,30,all,512,10157.0,0.5671,1.0549,0.3516,680.0
s4_offptsB_pct0p2-r2,4,30,london,151,-1754.0,-0.1863,0.9681,0.3311,645.0
s4_offptsB_pct0p2-r2,4,30,pre,192,157.0,0.0144,1.0022,0.3438,680.0
s4_offptsB_pct0p2-r2,4,30,nyam,169,11754.0,1.1009,1.1985,0.3787,665.0
s4_offptsB_pct0p2-r3,4,31,all,512,12622.0,0.577,1.0607,0.2715,680.0
s4_offptsB_pct0p2-r3,4,31,london,151,801.0,0.069,1.0131,0.2583,645.0
s4_offptsB_pct0p2-r3,4,31,pre,192,3127.0,0.2322,1.0396,0.2656,680.0
s4_offptsB_pct0p2-r3,4,31,nyam,169,8694.0,0.6789,1.1286,0.2899,665.0
s5_offatr0p25_atr1p5-r0,0,0,all,568,29098.0,0.5839,1.0747,0.2077,2600.0
s5_offatr0p25_atr1p5-r0,0,0,london,265,-3850.0,-0.1151,0.9788,0.1811,2525.0
s5_offatr0p25_atr1p5-r0,0,0,pre,211,15516.0,0.4941,1.1063,0.2085,2600.0
s5_offatr0p25_atr1p5-r0,0,0,nyam,92,17432.0,0.8889,1.2803,0.2826,1920.0
s5_offatr0p25_atr1p5-r1,0,1,all,568,4528.0,0.201,1.0186,0.507,2600.0
s5_offatr0p25_atr1p5-r1,0,1,london,265,17385.0,1.1856,1.172,0.5396,2525.0
s5_offatr0p25_atr1p5-r1,0,1,pre,211,-21084.0,-1.516,0.7953,0.4502,2600.0
s5_offatr0p25_atr1p5-r1,0,1,nyam,92,8227.0,0.8352,1.2084,0.5435,1920.0
s5_offatr0p25_atr1p5-r2,0,2,all,568,19343.0,0.603,1.06,0.3504,2600.0
s5_offatr0p25_atr1p5-r2,0,2,london,265,6095.0,0.2925,1.0421,0.3509,2525.0
s5_offatr0p25_atr1p5-r2,0,2,pre,211,496.0,0.0252,1.004,0.3365,2600.0
s5_offatr0p25_atr1p5-r2,0,2,nyam,92,12752.0,0.8794,1.236,0.3804,1920.0
s5_offatr0p25_atr1p5-r3,0,3,all,568,16538.0,0.4369,1.0458,0.2764,2600.0
s5_offatr0p25_atr1p5-r3,0,3,london,265,17935.0,0.7096,1.1119,0.2906,2525.0
s5_offatr0p25_atr1p5-r3,0,3,pre,211,-12164.0,-0.5391,0.913,0.2464,2600.0
s5_offatr0p25_atr1p5-r3,0,3,nyam,92,10767.0,0.6349,1.177,0.3043,1920.0
s5_offatr0p25_atr3-r0,0,4,all,568,58143.0,0.8868,1.0993,0.3415,4935.0
s5_offatr0p25_atr3-r0,0,4,london,265,13250.0,0.3031,1.0485,0.3208,4935.0
s5_offatr0p25_atr3-r0,0,4,pre,211,29336.0,0.6936,1.1341,0.346,4750.0
s5_offatr0p25_atr3-r0,0,4,nyam,92,15557.0,0.6291,1.1661,0.3913,3455.0
s5_offatr0p25_atr3-r1,0,5,all,568,32473.0,0.7495,1.0713,0.5,4935.0
s5_offatr0p25_atr3-r1,0,5,london,265,16970.0,0.6011,1.0836,0.5094,4935.0
s5_offatr0p25_atr3-r1,0,5,pre,211,11536.0,0.4278,1.0669,0.4929,4750.0
s5_offatr0p25_atr3-r1,0,5,nyam,92,3967.0,0.2091,1.0496,0.4891,3455.0
s5_offatr0p25_atr3-r2,0,6,all,568,11428.0,0.2059,1.02,0.3627,4935.0
s5_offatr0p25_atr3-r2,0,6,london,265,3510.0,0.0936,1.0134,0.3547,4935.0
s5_offatr0p25_atr3-r2,0,6,pre,211,-7444.0,-0.2226,0.9656,0.3555,4750.0
s5_offatr0p25_atr3-r2,0,6,nyam,92,15362.0,0.6471,1.1668,0.4022,3455.0
s5_offatr0p25_atr3-r3,0,7,all,568,23703.0,0.3968,1.0406,0.3433,4935.0
s5_offatr0p25_atr3-r3,0,7,london,265,6320.0,0.1544,1.0232,0.3245,4935.0
s5_offatr0p25_atr3-r3,0,7,pre,211,2181.0,0.0604,1.01,0.346,4750.0
s5_offatr0p25_atr3-r3,0,7,nyam,92,15202.0,0.6212,1.1623,0.3913,3455.0
s5_offatr0p25_pts10-r0,0,8,all,568,7543.0,0.2945,1.0662,0.0546,1575.0
s5_offatr0p25_pts10-r0,0,8,london,265,-18430.0,-1.1868,0.6666,0.0302,1575.0
s5_offatr0p25_pts10-r0,0,8,pre,211,14861.0,0.8786,1.3622,0.0711,215.0
s5_offatr0p25_pts10-r0,0,8,nyam,92,11112.0,0.9838,1.6301,0.087,210.0
s5_offatr0p25_pts10-r1,0,9,all,568,-10007.0,-2.0704,0.8405,0.4736,225.0
s5_offatr0p25_pts10-r1,0,9,london,265,-5310.0,-1.6069,0.8207,0.4679,225.0
s5_offatr0p25_pts10-r1,0,9,pre,211,-6069.0,-2.0689,0.7522,0.4455,210.0
s5_offatr0p25_pts10-r1,0,9,nyam,92,1372.0,0.7043,1.1591,0.5543,210.0
s5_offatr0p25_pts10-r2,0,10,all,568,-13717.0,-2.0595,0.834,0.3063,225.0
s5_offatr0p25_pts10-r2,0,10,london,265,-3515.0,-0.7597,0.9064,0.3245,225.0
s5_offatr0p25_pts10-r2,0,10,pre,211,-7239.0,-1.8118,0.7694,0.2891,210.0
s5_offatr0p25_pts10-r2,0,10,nyam,92,-2963.0,-1.1132,0.783,0.2935,210.0
s5_offatr0p25_pts10-r3,0,11,all,568,-7112.0,-0.8607,0.9209,0.2447,225.0
s5_offatr0p25_pts10-r3,0,11,london,265,-2415.0,-0.4249,0.9422,0.2491,225.0
s5_offatr0p25_pts10-r3,0,11,pre,211,-6329.0,-1.2971,0.8157,0.2227,215.0
s5_offatr0p25_pts10-r3,0,11,nyam,92,1632.0,0.4662,1.1177,0.2826,210.0
s5_offatr0p25_pts20-r0,0,12,all,568,43993.0,1.216,1.2141,0.1215,1575.0
s5_offatr0p25_pts20-r0,0,12,london,265,-10105.0,-0.4617,0.8988,0.0906,1575.0
s5_offatr0p25_pts20-r0,0,12,pre,211,30201.0,1.2421,1.4031,0.1327,410.0
s5_offatr0p25_pts20-r0,0,12,nyam,92,23897.0,1.555,1.7787,0.1848,405.0
s5_offatr0p25_pts20-r1,0,13,all,568,-5447.0,-0.567,0.9535,0.4965,420.0
s5_offatr0p25_pts20-r1,0,13,london,265,1820.0,0.2772,1.0347,0.517,420.0
s5_offatr0p25_pts20-r1,0,13,pre,211,-4244.0,-0.7241,0.9049,0.4834,410.0
s5_offatr0p25_pts20-r1,0,13,nyam,92,-3023.0,-0.7802,0.8492,0.4674,405.0
s5_offatr0p25_pts20-r2,0,14,all,568,-1142.0,-0.084,0.9926,0.338,420.0
s5_offatr0p25_pts20-r2,0,14,london,265,5980.0,0.6342,1.0859,0.3585,420.0
s5_offatr0p25_pts20-r2,0,14,pre,211,-9244.0,-1.1457,0.8464,0.3033,410.0
s5_offatr0p25_pts20-r2,0,14,nyam,92,2122.0,0.3806,1.0879,0.3587,405.0
s5_offatr0p25_pts20-r3,0,15,all,568,17868.0,1.0453,1.1059,0.2746,420.0
s5_offatr0p25_pts20-r3,0,15,london,265,13475.0,1.1377,1.174,0.2868,420.0
s5_offatr0p25_pts20-r3,0,15,pre,211,306.0,0.03,1.0048,0.2559,410.0
s5_offatr0p25_pts20-r3,0,15,nyam,92,4087.0,0.5863,1.1513,0.2826,405.0
s5_offatr0p25_pts30-r0,0,16,all,568,5723.0,0.1434,1.0195,0.1585,1650.0
s5_offatr0p25_pts30-r0,0,16,london,265,-22255.0,-0.8719,0.843,0.1358,1650.0
s5_offatr0p25_pts30-r0,0,16,pre,211,11801.0,0.4531,1.1093,0.1611,630.0
s5_offatr0p25_pts30-r0,0,16,nyam,92,16177.0,0.995,1.3688,0.2174,605.0
s5_offatr0p25_pts30-r1,0,17,all,568,-19422.0,-1.3442,0.893,0.4789,1650.0
s5_offatr0p25_pts30-r1,0,17,london,265,-5865.0,-0.5895,0.9296,0.4906,1650.0
s5_offatr0p25_pts30-r1,0,17,pre,211,-14154.0,-1.6199,0.8,0.4502,630.0
s5_offatr0p25_pts30-r1,0,17,nyam,92,597.0,0.1027,1.0218,0.5109,605.0
s5_offatr0p25_pts30-r2,0,18,all,568,963.0,0.0471,1.0042,0.3398,1650.0
s5_offatr0p25_pts30-r2,0,18,london,265,8740.0,0.6158,1.0835,0.3585,1650.0
s5_offatr0p25_pts30-r2,0,18,pre,211,-9499.0,-0.7792,0.8926,0.3128,630.0
s5_offatr0p25_pts30-r2,0,18,nyam,92,1722.0,0.2077,1.0471,0.3478,605.0
s5_offatr0p25_pts30-r3,0,19,all,568,4263.0,0.17,1.0165,0.2588,1650.0
s5_offatr0p25_pts30-r3,0,19,london,265,4260.0,0.2469,1.0355,0.2642,1650.0
s5_offatr0p25_pts30-r3,0,19,pre,211,-8389.0,-0.5632,0.9146,0.237,630.0
s5_offatr0p25_pts30-r3,0,19,nyam,92,8392.0,0.7998,1.2119,0.2935,605.0
s5_offatr0p25_pts45-r0,0,20,all,568,14753.0,0.3012,1.0366,0.2201,1650.0
s5_offatr0p25_pts45-r0,0,20,london,265,-11135.0,-0.3356,0.9423,0.2038,1650.0
s5_offatr0p25_pts45-r0,0,20,pre,211,-2429.0,-0.0806,0.984,0.2038,910.0
s5_offatr0p25_pts45-r0,0,20,nyam,92,28317.0,1.4353,1.4886,0.3043,920.0
s5_offatr0p25_pts45-r1,0,21,all,568,-34847.0,-1.6189,0.8729,0.4701,1650.0
s5_offatr0p25_pts45-r1,0,21,london,265,5610.0,0.3796,1.0479,0.517,1650.0
s5_offatr0p25_pts45-r1,0,21,pre,211,-41639.0,-3.2467,0.6411,0.3934,910.0
s5_offatr0p25_pts45-r1,0,21,nyam,92,1182.0,0.1358,1.0289,0.5109,920.0
s5_offatr0p25_pts45-r2,0,22,all,568,-15632.0,-0.5194,0.9548,0.331,1650.0
s5_offatr0p25_pts45-r2,0,22,london,265,3165.0,0.152,1.02,0.3472,1650.0
s5_offatr0p25_pts45-r2,0,22,pre,211,-33264.0,-1.8936,0.7587,0.2796,910.0
s5_offatr0p25_pts45-r2,0,22,nyam,92,14467.0,1.1451,1.2892,0.4022,920.0
s5_offatr0p25_pts45-r3,0,23,all,568,-4477.0,-0.1231,0.9881,0.2676,1650.0
s5_offatr0p25_pts45-r3,0,23,london,265,9460.0,0.374,1.0546,0.283,1650.0
s5_offatr0p25_pts45-r3,0,23,pre,211,-33939.0,-1.6306,0.7726,0.218,910.0
s5_offatr0p25_pts45-r3,0,23,nyam,92,20002.0,1.2798,1.3621,0.337,920.0
s5_offatr0p25_pct0p1-r0,0,24,all,568,3173.0,0.112,1.021,0.0722,1575.0
s5_offatr0p25_pct0p1-r0,0,24,london,265,-12500.0,-0.688,0.8261,0.0566,1575.0
s5_offatr0p25_pct0p1-r0,0,24,pre,211,-554.0,-0.0323,0.9902,0.0711,340.0
s5_offatr0p25_pct0p1-r0,0,24,nyam,92,16227.0,1.2207,1.7027,0.1196,340.0
s5_offatr0p25_pct0p1-r1,0,25,all,568,-7777.0,-1.1605,0.9065,0.4824,345.0
s5_offatr0p25_pct0p1-r1,0,25,london,265,-935.0,-0.2063,0.9747,0.5019,345.0
s5_offatr0p25_pct0p1-r1,0,25,pre,211,-5784.0,-1.4006,0.8233,0.455,340.0
s5_offatr0p25_pct0p1-r1,0,25,nyam,92,-1058.0,-0.3887,0.9212,0.4891,340.0
s5_offatr0p25_pct0p1-r2,0,26,all,568,-11022.0,-1.1746,0.9002,0.3134,345.0
s5_offatr0p25_pct0p1-r2,0,26,london,265,-335.0,-0.052,0.9932,0.3358,345.0
s5_offatr0p25_pct0p1-r2,0,26,pre,211,-13469.0,-2.4474,0.6987,0.2607,340.0
s5_offatr0p25_pct0p1-r2,0,26,nyam,92,2782.0,0.7,1.1695,0.3696,340.0
s5_offatr0p25_pct0p1-r3,0,27,all,568,-4272.0,-0.3676,0.9649,0.2465,345.0
s5_offatr0p25_pct0p1-r3,0,27,london,265,5480.0,0.6758,1.1011,0.2717,345.0
s5_offatr0p25_pct0p1-r3,0,27,pre,211,-12499.0,-1.8652,0.7422,0.1991,340.0
s5_offatr0p25_pct0p1-r3,0,27,nyam,92,2747.0,0.5613,1.1454,0.2826,340.0
s5_offatr0p25_pct0p2-r0,0,28,all,568,18613.0,0.4746,1.0684,0.1532,1650.0
s5_offatr0p25_pct0p2-r0,0,28,london,265,-16765.0,-0.6785,0.8709,0.1321,1650.0
s5_offatr0p25_pct0p2-r0,0,28,pre,211,17651.0,0.6824,1.1745,0.1564,685.0
s5_offatr0p25_pct0p2-r0,0,28,nyam,92,17727.0,1.1021,1.4322,0.2065,680.0
s5_offatr0p25_pct0p2-r1,0,29,all,568,-21857.0,-1.6297,0.8709,0.4718,1650.0
s5_offatr0p25_pct0p2-r1,0,29,london,265,-3585.0,-0.3919,0.9522,0.4981,1650.0
s5_offatr0p25_pct0p2-r1,0,29,pre,211,-17274.0,-2.1137,0.7461,0.4313,685.0
s5_offatr0p25_pct0p2-r1,0,29,nyam,92,-998.0,-0.1841,0.9619,0.4891,680.0
s5_offatr0p25_pct0p2-r2,0,30,all,568,538.0,0.0284,1.0025,0.3398,1650.0
s5_offatr0p25_pct0p2-r2,0,30,london,265,5230.0,0.4035,1.0543,0.3547,1650.0
s5_offatr0p25_pct0p2-r2,0,30,pre,211,-9789.0,-0.8554,0.8817,0.3081,685.0
s5_offatr0p25_pct0p2-r2,0,30,nyam,92,5097.0,0.6496,1.1561,0.3696,680.0
s5_offatr0p25_pct0p2-r3,0,31,all,568,14043.0,0.5976,1.0598,0.2676,1650.0
s5_offatr0p25_pct0p2-r3,0,31,london,265,13715.0,0.8542,1.1288,0.2868,1650.0
s5_offatr0p25_pct0p2-r3,0,31,pre,211,-8819.0,-0.63,0.9039,0.2322,685.0
s5_offatr0p25_pct0p2-r3,0,31,nyam,92,9147.0,0.92,1.2511,0.2935,680.0
s5_offatr0p5_atr1p5-r0,1,0,all,564,45484.0,0.9158,1.118,0.2216,2595.0
s5_offatr0p5_atr1p5-r0,1,0,london,239,4094.0,0.1332,1.0253,0.1925,2520.0
s5_offatr0p5_atr1p5-r0,1,0,pre,207,43157.0,1.2993,1.3174,0.2271,2375.0
s5_offatr0p5_atr1p5-r0,1,0,nyam,118,-1767.0,-0.0861,0.9798,0.2712,2595.0
s5_offatr0p5_atr1p5-r1,1,1,all,564,9434.0,0.4204,1.0394,0.516,2595.0
s5_offatr0p5_atr1p5-r1,1,1,london,239,30644.0,2.227,1.3694,0.5607,2055.0
s5_offatr0p5_atr1p5-r1,1,1,pre,207,-12238.0,-0.926,0.8691,0.4783,2375.0
s5_offatr0p5_atr1p5-r1,1,1,nyam,118,-8972.0,-0.7684,0.8571,0.4915,2595.0
s5_offatr0p5_atr1p5-r2,1,2,all,564,-6526.0,-0.21,0.9801,0.3457,2595.0
s5_offatr0p5_atr1p5-r2,1,2,london,239,9524.0,0.484,1.0741,0.3598,2520.0
s5_offatr0p5_atr1p5-r2,1,2,pre,207,-3013.0,-0.1634,0.9743,0.3382,2375.0
s5_offatr0p5_atr1p5-r2,1,2,nyam,118,-13037.0,-0.8412,0.8408,0.3305,2595.0
s5_offatr0p5_atr1p5-r3,1,3,all,564,25669.0,0.6712,1.0716,0.2819,2595.0
s5_offatr0p5_atr1p5-r3,1,3,london,239,21139.0,0.8743,1.1473,0.2929,2520.0
s5_offatr0p5_atr1p5-r3,1,3,pre,207,3087.0,0.135,1.0238,0.2609,2375.0
s5_offatr0p5_atr1p5-r3,1,3,nyam,118,1443.0,0.0761,1.0169,0.2966,2595.0
s5_offatr0p5_atr3-r0,1,4,all,564,41369.0,0.6426,1.0702,0.3599,5045.0
s5_offatr0p5_atr3-r0,1,4,london,239,1584.0,0.0398,1.0064,0.3347,5045.0
s5_offatr0p5_atr3-r0,1,4,pre,207,37167.0,0.8724,1.1739,0.3527,4755.0
s5_offatr0p5_atr3-r0,1,4,nyam,118,2618.0,0.0951,1.0204,0.4237,4580.0
s5_offatr0p5_atr3-r1,1,5,all,564,-25441.0,-0.5924,0.9467,0.4982,5045.0
s5_offatr0p5_atr3-r1,1,5,london,239,12474.0,0.4696,1.0687,0.523,5045.0
s5_offatr0p5_atr3-r1,1,5,pre,207,-11523.0,-0.4473,0.9339,0.4831,4755.0
s5_offatr0p5_atr3-r1,1,5,nyam,118,-26392.0,-1.2094,0.7833,0.4746,4580.0
s5_offatr0p5_atr3-r2,1,6,all,564,2574.0,0.0467,1.0045,0.3812,5045.0
s5_offatr0p5_atr3-r2,1,6,london,239,1369.0,0.0393,1.0059,0.3766,5045.0
s5_offatr0p5_atr3-r2,1,6,pre,207,-2388.0,-0.0719,0.9886,0.3623,4755.0
s5_offatr0p5_atr3-r2,1,6,nyam,118,3593.0,0.1327,1.0279,0.4237,4580.0
s5_offatr0p5_atr3-r3,1,7,all,564,5089.0,0.0871,1.0087,0.3635,5045.0
s5_offatr0p5_atr3-r3,1,7,london,239,-4601.0,-0.1237,0.9812,0.3431,5045.0
s5_offatr0p5_atr3-r3,1,7,pre,207,8272.0,0.2291,1.0387,0.3527,4755.0
s5_offatr0p5_atr3-r3,1,7,nyam,118,1418.0,0.0522,1.011,0.4237,4580.0
s5_offatr0p5_pts10-r0,1,8,all,564,3359.0,0.1311,1.0297,0.0567,1730.0
s5_offatr0p5_pts10-r0,1,8,london,239,-33706.0,-3.9637,0.3309,0.0251,1730.0
s5_offatr0p5_pts10-r0,1,8,pre,207,34017.0,1.5629,1.8519,0.0821,245.0
s5_offatr0p5_pts10-r0,1,8,nyam,118,3048.0,0.3011,1.1332,0.0763,235.0
s5_offatr0p5_pts10-r1,1,9,all,564,-7191.0,-1.4908,0.8819,0.4858,245.0
s5_offatr0p5_pts10-r1,1,9,london,239,-641.0,-0.2039,0.9739,0.5105,215.0
s5_offatr0p5_pts10-r1,1,9,pre,207,-6153.0,-2.1128,0.7456,0.4444,245.0
s5_offatr0p5_pts10-r1,1,9,nyam,118,-397.0,-0.1795,0.9673,0.5085,210.0
s5_offatr0p5_pts10-r2,1,10,all,564,-4491.0,-0.6614,0.9431,0.3333,245.0
s5_offatr0p5_pts10-r2,1,10,london,239,1964.0,0.436,1.0612,0.3598,215.0
s5_offatr0p5_pts10-r2,1,10,pre,207,-5953.0,-1.4859,0.8049,0.2995,245.0
s5_offatr0p5_pts10-r2,1,10,nyam,118,-502.0,-0.1605,0.9693,0.339,210.0
s5_offatr0p5_pts10-r3,1,11,all,564,-5541.0,-0.6696,0.9377,0.2482,245.0
s5_offatr0p5_pts10-r3,1,11,london,239,-1771.0,-0.3272,0.9528,0.251,215.0
s5_offatr0p5_pts10-r3,1,11,pre,207,-2408.0,-0.4805,0.9266,0.2464,245.0
s5_offatr0p5_pts10-r3,1,11,nyam,118,-1362.0,-0.36,0.927,0.2458,210.0
s5_offatr0p5_pts20-r0,1,12,all,564,39369.0,1.0861,1.1927,0.1206,1730.0
s5_offatr0p5_pts20-r0,1,12,london,239,-1766.0,-0.0803,0.9803,0.0962,1730.0
s5_offatr0p5_pts20-r0,1,12,pre,207,30492.0,1.2146,1.4112,0.1256,425.0
s5_offatr0p5_pts20-r0,1,12,nyam,118,10643.0,0.7486,1.2626,0.161,410.0
s5_offatr0p5_pts20-r1,1,13,all,564,-3861.0,-0.4032,0.9666,0.5,425.0
s5_offatr0p5_pts20-r1,1,13,london,239,8459.0,1.3634,1.1931,0.5523,410.0
s5_offatr0p5_pts20-r1,1,13,pre,207,-13128.0,-2.2813,0.7286,0.43,425.0
s5_offatr0p5_pts20-r1,1,13,nyam,118,808.0,0.184,1.0346,0.5169,410.0
s5_offatr0p5_pts20-r2,1,14,all,564,13654.0,0.9925,1.0923,0.3599,435.0
s5_offatr0p5_pts20-r2,1,14,london,239,16594.0,1.815,1.2811,0.3975,435.0
s5_offatr0p5_pts20-r2,1,14,pre,207,-4043.0,-0.4969,0.9295,0.3237,425.0
s5_offatr0p5_pts20-r2,1,14,nyam,118,1103.0,0.1761,1.035,0.3475,410.0
s5_offatr0p5_pts20-r3,1,15,all,564,14589.0,0.8597,1.0866,0.2713,435.0
s5_offatr0p5_pts20-r3,1,15,london,239,22489.0,1.9481,1.3346,0.3138,435.0
s5_offatr0p5_pts20-r3,1,15,pre,207,-9353.0,-0.964,0.8573,0.2271,425.0
s5_offatr0p5_pts20-r3,1,15,nyam,118,1453.0,0.1885,1.0408,0.2627,410.0
s5_offatr0p5_pts30-r0,1,16,all,564,47274.0,1.1385,1.1663,0.1791,1745.0
s5_offatr0p5_pts30-r0,1,16,london,239,869.0,0.0336,1.0069,0.1548,1745.0
s5_offatr0p5_pts30-r0,1,16,pre,207,30997.0,1.1255,1.301,0.1836,615.0
s5_offatr0p5_pts30-r0,1,16,nyam,118,15408.0,0.8906,1.2747,0.2203,610.0
s5_offatr0p5_pts30-r1,1,17,all,564,4649.0,0.3224,1.0276,0.5142,1745.0
s5_offatr0p5_pts30-r1,1,17,london,239,11084.0,1.1733,1.1655,0.5481,1745.0
s5_offatr0p5_pts30-r1,1,17,pre,207,402.0,0.0462,1.0065,0.5072,615.0
s5_offatr0p5_pts30-r1,1,17,nyam,118,-6837.0,-1.0433,0.8248,0.4576,610.0
s5_offatr0p5_pts30-r2,1,18,all,564,22229.0,1.0767,1.1008,0.3617,1745.0
s5_offatr0p5_pts30-r2,1,18,london,239,29799.0,2.1518,1.342,0.41,1745.0
s5_offatr0p5_pts30-r2,1,18,pre,207,-6053.0,-0.4991,0.9291,0.3237,615.0
s5_offatr0p5_pts30-r2,1,18,nyam,118,-1517.0,-0.1637,0.9685,0.3305,610.0
s5_offatr0p5_pts30-r3,1,19,all,564,30139.0,1.1812,1.1211,0.2801,1745.0
s5_offatr0p5_pts30-r3,1,19,london,239,22099.0,1.2994,1.2129,0.2971,1745.0
s5_offatr0p5_pts30-r3,1,19,pre,207,-753.0,-0.0503,0.992,0.256,615.0
s5_offatr0p5_pts30-r3,1,19,nyam,118,8793.0,0.7466,1.1717,0.2881,610.0
s5_offatr0p5_pts45-r0,1,20,all,564,59739.0,1.2149,1.1545,0.2465,1745.0
s5_offatr0p5_pts45-r0,1,20,london,239,-6646.0,-0.2194,0.9615,0.2092,1745.0
s5_offatr0p5_pts45-r0,1,20,pre,207,47132.0,1.4254,1.338,0.256,925.0
s5_offatr0p5_pts45-r0,1,20,nyam,118,19253.0,0.9534,1.2582,0.3051,920.0
s5_offatr0p5_pts45-r1,1,21,all,564,16704.0,0.7783,1.0679,0.5213,1745.0
s5_offatr0p5_pts45-r1,1,21,london,239,14734.0,1.0507,1.1461,0.5397,1745.0
s5_offatr0p5_pts45-r1,1,21,pre,207,-2018.0,-0.1552,0.9786,0.4976,925.0
s5_offatr0p5_pts45-r1,1,21,nyam,118,3988.0,0.407,1.0783,0.5254,905.0
s5_offatr0p5_pts45-r2,1,22,all,564,35554.0,1.161,1.1093,0.367,1745.0
s5_offatr0p5_pts45-r2,1,22,london,239,16604.0,0.8263,1.1202,0.3682,1745.0
s5_offatr0p5_pts45-r2,1,22,pre,207,542.0,0.0296,1.0044,0.343,925.0
s5_offatr0p5_pts45-r2,1,22,nyam,118,18408.0,1.2987,1.2893,0.4068,905.0
s5_offatr0p5_pts45-r3,1,23,all,564,18019.0,0.4945,1.0492,0.2872,1745.0
s5_offatr0p5_pts45-r3,1,23,london,239,6794.0,0.2822,1.043,0.2803,1745.0
s5_offatr0p5_pts45-r3,1,23,pre,207,1722.0,0.0787,1.0127,0.2754,925.0
s5_offatr0p5_pts45-r3,1,23,nyam,118,9503.0,0.5747,1.1306,0.322,920.0
s5_offatr0p5_pct0p1-r0,1,24,all,564,34219.0,1.0746,1.2312,0.0869,1730.0
s5_offatr0p5_pct0p1-r0,1,24,london,239,-19696.0,-1.1925,0.6984,0.0502,1730.0
s5_offatr0p5_pct0p1-r0,1,24,pre,207,39387.0,1.6497,1.7388,0.1063,345.0
s5_offatr0p5_pct0p1-r0,1,24,nyam,118,14528.0,1.1279,1.4948,0.1271,340.0
s5_offatr0p5_pct0p1-r1,1,25,all,564,-1641.0,-0.2456,0.9794,0.5018,345.0
s5_offatr0p5_pct0p1-r1,1,25,london,239,5744.0,1.3437,1.1916,0.5481,345.0
s5_offatr0p5_pct0p1-r1,1,25,pre,207,-7288.0,-1.7841,0.7789,0.4444,345.0
s5_offatr0p5_pct0p1-r1,1,25,nyam,118,-97.0,-0.0315,0.9941,0.5085,340.0
s5_offatr0p5_pct0p1-r2,1,26,all,564,-7106.0,-0.7563,0.9344,0.3245,345.0
s5_offatr0p5_pct0p1-r2,1,26,london,239,1999.0,0.3242,1.0458,0.3473,345.0
s5_offatr0p5_pct0p1-r2,1,26,pre,207,-6158.0,-1.0846,0.8516,0.3043,345.0
s5_offatr0p5_pct0p1-r2,1,26,nyam,118,-2947.0,-0.6919,0.8732,0.3136,340.0
s5_offatr0p5_pct0p1-r3,1,27,all,564,2304.0,0.1967,1.0193,0.2589,345.0
s5_offatr0p5_pct0p1-r3,1,27,london,239,2134.0,0.2817,1.0431,0.2636,345.0
s5_offatr0p5_pct0p1-r3,1,27,pre,207,-1733.0,-0.2437,0.9614,0.2464,345.0
s5_offatr0p5_pct0p1-r3,1,27,nyam,118,1903.0,0.3492,1.0773,0.2712,340.0
s5_offatr0p5_pct0p2-r0,1,28,all,564,43014.0,1.0786,1.1628,0.1667,1730.0
s5_offatr0p5_pct0p2-r0,1,28,london,239,-1196.0,-0.049,0.9896,0.1381,1730.0
s5_offatr0p5_pct0p2-r0,1,28,pre,207,29387.0,1.0935,1.3031,0.1739,685.0
s5_offatr0p5_pct0p2-r0,1,28,nyam,118,14823.0,0.894,1.2839,0.2119,680.0
s5_offatr0p5_pct0p2-r1,1,29,all,564,279.0,0.021,1.0018,0.5053,685.0
s5_offatr0p5_pct0p2-r1,1,29,london,239,10704.0,1.2554,1.178,0.5439,685.0
s5_offatr0p5_pct0p2-r1,1,29,pre,207,-2848.0,-0.3487,0.9522,0.4928,685.0
s5_offatr0p5_pct0p2-r1,1,29,nyam,118,-7577.0,-1.2447,0.7935,0.4492,680.0
s5_offatr0p5_pct0p2-r2,1,30,all,564,17754.0,0.9325,1.0873,0.3582,685.0
s5_offatr0p5_pct0p2-r2,1,30,london,239,16944.0,1.3665,1.2067,0.3849,685.0
s5_offatr0p5_pct0p2-r2,1,30,pre,207,442.0,0.0382,1.0057,0.3382,685.0
s5_offatr0p5_pct0p2-r2,1,30,nyam,118,368.0,0.0424,1.0084,0.339,680.0
s5_offatr0p5_pct0p2-r3,1,31,all,564,22099.0,0.943,1.0963,0.2748,685.0
s5_offatr0p5_pct0p2-r3,1,31,london,239,11899.0,0.784,1.1243,0.2803,685.0
s5_offatr0p5_pct0p2-r3,1,31,pre,207,-1368.0,-0.098,0.9843,0.256,685.0
s5_offatr0p5_pct0p2-r3,1,31,nyam,118,11568.0,1.0344,1.2477,0.2966,680.0
s5_offatr1_atr1p5-r0,2,0,all,462,38237.0,0.8186,1.1214,0.2229,2595.0
s5_offatr1_atr1p5-r0,2,0,london,118,-36487.0,-1.99,0.5846,0.1186,2520.0
s5_offatr1_atr1p5-r0,2,0,pre,164,55284.0,1.8161,1.5621,0.2439,2055.0
s5_offatr1_atr1p5-r0,2,0,nyam,180,19440.0,0.6483,1.151,0.2722,2595.0
s5_offatr1_atr1p5-r1,2,1,all,462,-2888.0,-0.141,0.9857,0.513,2595.0
s5_offatr1_atr1p5-r1,2,1,london,118,198.0,0.0199,1.004,0.4915,1730.0
s5_offatr1_atr1p5-r1,2,1,pre,164,-11756.0,-1.0567,0.8349,0.4939,2055.0
s5_offatr1_atr1p5-r1,2,1,nyam,180,8670.0,0.6172,1.1057,0.5444,2595.0
s5_offatr1_atr1p5-r2,2,2,all,462,-4273.0,-0.1519,0.9841,0.3506,2595.0
s5_offatr1_atr1p5-r2,2,2,london,118,-13522.0,-1.023,0.8081,0.2966,2520.0
s5_offatr1_atr1p5-r2,2,2,pre,164,8259.0,0.5266,1.0977,0.372,2055.0
s5_offatr1_atr1p5-r2,2,2,nyam,180,990.0,0.0513,1.0087,0.3667,2595.0
s5_offatr1_atr1p5-r3,2,3,all,462,3687.0,0.1093,1.0124,0.2792,2595.0
s5_offatr1_atr1p5-r3,2,3,london,118,-12987.0,-0.8107,0.8326,0.2203,2520.0
s5_offatr1_atr1p5-r3,2,3,pre,164,18154.0,0.9398,1.1957,0.3049,2055.0
s5_offatr1_atr1p5-r3,2,3,nyam,180,-1480.0,-0.0655,0.9882,0.2944,2595.0
s5_offatr1_atr3-r0,2,4,all,462,45442.0,0.7723,1.0951,0.3636,5195.0
s5_offatr1_atr3-r0,2,4,london,118,-30407.0,-1.0887,0.7809,0.2542,5055.0
s5_offatr1_atr3-r0,2,4,pre,164,30624.0,0.8592,1.1889,0.3415,4110.0
s5_offatr1_atr3-r0,2,4,nyam,180,45225.0,1.2061,1.2553,0.4556,5195.0
s5_offatr1_atr3-r1,2,5,all,462,15892.0,0.4008,1.0419,0.5281,5195.0
s5_offatr1_atr3-r1,2,5,london,118,-8477.0,-0.4342,0.9159,0.4915,5055.0
s5_offatr1_atr3-r1,2,5,pre,164,6109.0,0.2778,1.0484,0.5244,4110.0
s5_offatr1_atr3-r1,2,5,nyam,180,18260.0,0.6845,1.1199,0.5556,5195.0
s5_offatr1_atr3-r2,2,6,all,462,-478.0,-0.0096,0.999,0.3874,5195.0
s5_offatr1_atr3-r2,2,6,london,118,-37802.0,-1.5774,0.7216,0.2881,5055.0
s5_offatr1_atr3-r2,2,6,pre,164,17784.0,0.616,1.1161,0.3841,4110.0
s5_offatr1_atr3-r2,2,6,nyam,180,19540.0,0.6022,1.1103,0.4556,5195.0
s5_offatr1_atr3-r3,2,7,all,462,23867.0,0.4407,1.0503,0.3701,5195.0
s5_offatr1_atr3-r3,2,7,london,118,-33727.0,-1.2881,0.7569,0.2542,5055.0
s5_offatr1_atr3-r3,2,7,pre,164,24784.0,0.7835,1.1564,0.3598,4110.0
s5_offatr1_atr3-r3,2,7,nyam,180,32810.0,0.9315,1.1852,0.4556,5195.0
s5_offatr1_pts10-r0,2,8,all,462,20822.0,0.7934,1.229,0.0628,290.0
s5_offatr1_pts10-r0,2,8,london,118,-15177.0,-2.9315,0.3651,0.0339,215.0
s5_offatr1_pts10-r0,2,8,pre,164,24889.0,1.19,1.768,0.061,290.0
s5_offatr1_pts10-r0,2,8,nyam,180,11110.0,0.7463,1.3209,0.0833,225.0
s5_offatr1_pts10-r1,2,9,all,462,-7023.0,-1.6063,0.861,0.4805,290.0
s5_offatr1_pts10-r1,2,9,london,118,-2457.0,-1.1116,0.8144,0.4661,215.0
s5_offatr1_pts10-r1,2,9,pre,164,-3701.0,-1.4174,0.801,0.4634,290.0
s5_offatr1_pts10-r1,2,9,nyam,180,-865.0,-0.3166,0.9537,0.5056,225.0
s5_offatr1_pts10-r2,2,10,all,462,-6233.0,-1.02,0.905,0.3247,290.0
s5_offatr1_pts10-r2,2,10,london,118,-4777.0,-1.61,0.7323,0.2797,215.0
s5_offatr1_pts10-r2,2,10,pre,164,-3026.0,-0.8338,0.8719,0.3171,290.0
s5_offatr1_pts10-r2,2,10,nyam,180,1570.0,0.4008,1.065,0.3611,225.0
s5_offatr1_pts10-r3,2,11,all,462,-5228.0,-0.6989,0.9286,0.2468,290.0
s5_offatr1_pts10-r3,2,11,london,118,-3812.0,-1.0461,0.8026,0.2203,215.0
s5_offatr1_pts10-r3,2,11,pre,164,-3101.0,-0.7027,0.8823,0.2378,290.0
s5_offatr1_pts10-r3,2,11,nyam,180,1685.0,0.3491,1.0612,0.2722,225.0
s5_offatr1_pts20-r0,2,12,all,462,44667.0,1.284,1.2701,0.1255,445.0
s5_offatr1_pts20-r0,2,12,london,118,-17622.0,-1.2976,0.6121,0.0593,410.0
s5_offatr1_pts20-r0,2,12,pre,164,47769.0,1.8646,1.8402,0.1524,445.0
s5_offatr1_pts20-r0,2,12,nyam,180,14520.0,0.7643,1.2302,0.1444,420.0
s5_offatr1_pts20-r1,2,13,all,462,2427.0,0.28,1.0264,0.5152,445.0
s5_offatr1_pts20-r1,2,13,london,118,-4012.0,-0.9154,0.8444,0.4661,410.0
s5_offatr1_pts20-r1,2,13,pre,164,6054.0,1.1755,1.2019,0.5549,445.0
s5_offatr1_pts20-r1,2,13,nyam,180,385.0,0.0711,1.0107,0.5111,410.0
s5_offatr1_pts20-r2,2,14,all,462,5962.0,0.4815,1.0485,0.3506,445.0
s5_offatr1_pts20-r2,2,14,london,118,-6117.0,-1.0184,0.82,0.2966,410.0
s5_offatr1_pts20-r2,2,14,pre,164,3844.0,0.5167,1.0891,0.3598,445.0
s5_offatr1_pts20-r2,2,14,nyam,180,8235.0,1.047,1.1794,0.3778,420.0
s5_offatr1_pts20-r3,2,15,all,462,4917.0,0.3236,1.0352,0.2619,445.0
s5_offatr1_pts20-r3,2,15,london,118,-8167.0,-1.1412,0.7855,0.2119,410.0
s5_offatr1_pts20-r3,2,15,pre,164,3329.0,0.364,1.0675,0.2683,445.0
s5_offatr1_pts20-r3,2,15,nyam,180,9755.0,0.9963,1.186,0.2889,420.0
s5_offatr1_pts30-r0,2,16,all,462,44422.0,1.1372,1.1917,0.1753,685.0
s5_offatr1_pts30-r0,2,16,london,118,-14977.0,-0.8975,0.7631,0.1186,610.0
s5_offatr1_pts30-r0,2,16,pre,164,42524.0,1.5394,1.5268,0.189,685.0
s5_offatr1_pts30-r0,2,16,nyam,180,16875.0,0.7698,1.1922,0.2,630.0
s5_offatr1_pts30-r1,2,17,all,462,6462.0,0.4984,1.0475,0.5173,685.0
s5_offatr1_pts30-r1,2,17,london,118,-787.0,-0.1197,0.9781,0.5,605.0
s5_offatr1_pts30-r1,2,17,pre,164,14.0,0.0018,1.0003,0.5061,685.0
s5_offatr1_pts30-r1,2,17,nyam,180,7235.0,0.895,1.143,0.5389,615.0
s5_offatr1_pts30-r2,2,18,all,462,7212.0,0.3901,1.0392,0.3463,685.0
s5_offatr1_pts30-r2,2,18,london,118,-6922.0,-0.7633,0.8615,0.3051,610.0
s5_offatr1_pts30-r2,2,18,pre,164,-6146.0,-0.5693,0.9101,0.3171,685.0
s5_offatr1_pts30-r2,2,18,nyam,180,20280.0,1.7041,1.3081,0.4,630.0
s5_offatr1_pts30-r3,2,19,all,462,34267.0,1.4746,1.1708,0.2879,685.0
s5_offatr1_pts30-r3,2,19,london,118,-2157.0,-0.1909,0.9602,0.2458,610.0
s5_offatr1_pts30-r3,2,19,pre,164,5814.0,0.4246,1.0794,0.2683,685.0
s5_offatr1_pts30-r3,2,19,nyam,180,30610.0,2.0441,1.4185,0.3333,630.0
s5_offatr1_pts45-r0,2,20,all,462,52122.0,1.1783,1.1676,0.2489,1935.0
s5_offatr1_pts45-r0,2,20,london,118,-12262.0,-0.5983,0.8564,0.178,915.0
s5_offatr1_pts45-r0,2,20,pre,164,42979.0,1.4352,1.3925,0.2622,1935.0
s5_offatr1_pts45-r0,2,20,nyam,180,21405.0,0.8467,1.1844,0.2833,910.0
s5_offatr1_pts45-r1,2,21,all,462,18407.0,0.9462,1.0924,0.526,1935.0
s5_offatr1_pts45-r1,2,21,london,118,9138.0,0.9361,1.1896,0.5424,910.0
s5_offatr1_pts45-r1,2,21,pre,164,-7571.0,-0.6464,0.9034,0.4817,1935.0
s5_offatr1_pts45-r1,2,21,nyam,180,16840.0,1.3952,1.2314,0.5556,910.0
s5_offatr1_pts45-r2,2,22,all,462,55707.0,1.982,1.2163,0.3853,1935.0
s5_offatr1_pts45-r2,2,22,london,118,12638.0,0.8879,1.1904,0.3729,910.0
s5_offatr1_pts45-r2,2,22,pre,164,13009.0,0.7741,1.1373,0.3659,1935.0
s5_offatr1_pts45-r2,2,22,nyam,180,30060.0,1.7135,1.3118,0.4111,910.0
s5_offatr1_pts45-r3,2,23,all,462,33347.0,1.0023,1.1135,0.2944,1935.0
s5_offatr1_pts45-r3,2,23,london,118,3743.0,0.221,1.0483,0.2627,915.0
s5_offatr1_pts45-r3,2,23,pre,164,18714.0,0.9163,1.1786,0.2988,1935.0
s5_offatr1_pts45-r3,2,23,nyam,180,10890.0,0.5396,1.0977,0.3111,910.0
s5_offatr1_pct0p1-r0,2,24,all,462,50942.0,1.5886,1.425,0.0931,345.0
s5_offatr1_pct0p1-r0,2,24,london,118,-7532.0,-0.5964,0.7587,0.0508,345.0
s5_offatr1_pct0p1-r0,2,24,pre,164,38534.0,1.6446,1.9024,0.1037,340.0
s5_offatr1_pct0p1-r0,2,24,nyam,180,19940.0,1.1184,1.434,0.1111,345.0
s5_offatr1_pct0p1-r1,2,25,all,462,-8203.0,-1.3526,0.8809,0.4762,345.0
s5_offatr1_pct0p1-r1,2,25,london,118,-4922.0,-1.6607,0.7348,0.4322,345.0
s5_offatr1_pct0p1-r1,2,25,pre,164,-1491.0,-0.4051,0.9381,0.4878,340.0
s5_offatr1_pct0p1-r1,2,25,nyam,180,-1790.0,-0.4698,0.9317,0.4944,345.0
s5_offatr1_pct0p1-r2,2,26,all,462,2787.0,0.321,1.0323,0.3463,345.0
s5_offatr1_pct0p1-r2,2,26,london,118,-3227.0,-0.7787,0.858,0.3051,345.0
s5_offatr1_pct0p1-r2,2,26,pre,164,4059.0,0.76,1.1352,0.3659,340.0
s5_offatr1_pct0p1-r2,2,26,nyam,180,1955.0,0.358,1.0584,0.3556,345.0
s5_offatr1_pct0p1-r3,2,27,all,462,-3.0,-0.0003,1.0,0.2554,345.0
s5_offatr1_pct0p1-r3,2,27,london,118,-8552.0,-1.8429,0.6787,0.1949,345.0
s5_offatr1_pct0p1-r3,2,27,pre,164,-2506.0,-0.3956,0.9306,0.2378,340.0
s5_offatr1_pct0p1-r3,2,27,nyam,180,11055.0,1.5686,1.3097,0.3111,345.0
s5_offatr1_pct0p2-r0,2,28,all,462,48982.0,1.2783,1.2274,0.1667,685.0
s5_offatr1_pct0p2-r0,2,28,london,118,-16592.0,-1.0642,0.7127,0.1017,685.0
s5_offatr1_pct0p2-r0,2,28,pre,164,44174.0,1.6131,1.5785,0.1829,680.0
s5_offatr1_pct0p2-r0,2,28,nyam,180,21400.0,0.9873,1.2633,0.1944,685.0
s5_offatr1_pct0p2-r1,2,29,all,462,4867.0,0.4033,1.0386,0.513,685.0
s5_offatr1_pct0p2-r1,2,29,london,118,-157.0,-0.0264,0.9951,0.5,685.0
s5_offatr1_pct0p2-r1,2,29,pre,164,2469.0,0.3376,1.0547,0.5183,675.0
s5_offatr1_pct0p2-r1,2,29,nyam,180,2555.0,0.3374,1.0521,0.5167,685.0
s5_offatr1_pct0p2-r2,2,30,all,462,8182.0,0.4741,1.0482,0.3463,685.0
s5_offatr1_pct0p2-r2,2,30,london,118,-5882.0,-0.7137,0.8688,0.3051,685.0
s5_offatr1_pct0p2-r2,2,30,pre,164,-7371.0,-0.7263,0.8859,0.311,680.0
s5_offatr1_pct0p2-r2,2,30,nyam,180,21435.0,1.9162,1.356,0.4056,685.0
s5_offatr1_pct0p2-r3,2,31,all,462,25932.0,1.2046,1.139,0.2814,685.0
s5_offatr1_pct0p2-r3,2,31,london,118,798.0,0.0766,1.0166,0.2542,685.0
s5_offatr1_pct0p2-r3,2,31,pre,164,2314.0,0.1818,1.0334,0.2622,680.0
s5_offatr1_pct0p2-r3,2,31,nyam,180,22820.0,1.6408,1.3297,0.3167,685.0
s5_offptsA_atr1p5-r0,3,0,all,566,50651.0,1.0182,1.1321,0.2244,2595.0
s5_offptsA_atr1p5-r0,3,0,london,251,-4364.0,-0.1396,0.975,0.1912,2525.0
s5_offptsA_atr1p5-r0,3,0,pre,211,34011.0,1.0279,1.2372,0.2227,2595.0
s5_offptsA_atr1p5-r0,3,0,nyam,104,21004.0,1.0426,1.3215,0.3077,1920.0
s5_offptsA_atr1p5-r1,3,1,all,566,12886.0,0.5723,1.0539,0.5194,2375.0
s5_offptsA_atr1p5-r1,3,1,london,251,14596.0,0.9989,1.1469,0.5458,2320.0
s5_offptsA_atr1p5-r1,3,1,pre,211,-11274.0,-0.8116,0.8844,0.4739,2375.0
s5_offptsA_atr1p5-r1,3,1,nyam,104,9564.0,0.9547,1.2277,0.5481,1920.0
s5_offptsA_atr1p5-r2,3,2,all,566,23271.0,0.7308,1.0727,0.3587,2595.0
s5_offptsA_atr1p5-r2,3,2,london,251,8716.0,0.4268,1.0623,0.3665,2525.0
s5_offptsA_atr1p5-r2,3,2,pre,211,3526.0,0.1785,1.029,0.3412,2595.0
s5_offptsA_atr1p5-r2,3,2,nyam,104,11029.0,0.7613,1.1892,0.375,1920.0
s5_offptsA_atr1p5-r3,3,3,all,566,41951.0,1.0898,1.1183,0.2915,2595.0
s5_offptsA_atr1p5-r3,3,3,london,251,21546.0,0.866,1.1393,0.3028,2525.0
s5_offptsA_atr1p5-r3,3,3,pre,211,2571.0,0.1091,1.0189,0.2607,2595.0
s5_offptsA_atr1p5-r3,3,3,nyam,104,17834.0,1.0107,1.2786,0.3269,1920.0
s5_offptsA_atr3-r0,3,4,all,566,137471.0,2.0961,1.2495,0.3922,4980.0
s5_offptsA_atr3-r0,3,4,london,251,28841.0,0.6809,1.1122,0.3625,4980.0
s5_offptsA_atr3-r0,3,4,pre,211,71456.0,1.653,1.352,0.3934,4750.0
s5_offptsA_atr3-r0,3,4,nyam,104,37174.0,1.4631,1.4085,0.4615,3660.0
s5_offptsA_atr3-r1,3,5,all,566,81146.0,1.8805,1.1888,0.5406,4980.0
s5_offptsA_atr3-r1,3,5,london,251,24711.0,0.8786,1.1281,0.5458,4980.0
s5_offptsA_atr3-r1,3,5,pre,211,40426.0,1.5133,1.2567,0.5355,4750.0
s5_offptsA_atr3-r1,3,5,nyam,104,16009.0,0.8403,1.2019,0.5385,3660.0
s5_offptsA_atr3-r2,3,6,all,566,106701.0,1.8992,1.2009,0.4187,4980.0
s5_offptsA_atr3-r2,3,6,london,251,33141.0,0.8872,1.1364,0.4104,4980.0
s5_offptsA_atr3-r2,3,6,pre,211,33496.0,0.9817,1.1691,0.4028,4750.0
s5_offptsA_atr3-r2,3,6,nyam,104,40064.0,1.6312,1.4444,0.4712,3660.0
s5_offptsA_atr3-r3,3,7,all,566,107221.0,1.7838,1.1954,0.3958,4980.0
s5_offptsA_atr3-r3,3,7,london,251,28346.0,0.6993,1.1113,0.3705,4980.0
s5_offptsA_atr3-r3,3,7,pre,211,41351.0,1.1294,1.2037,0.3934,4750.0
s5_offptsA_atr3-r3,3,7,nyam,104,37524.0,1.4863,1.4124,0.4615,3660.0
s5_offptsA_pts10-r0,3,8,all,566,20921.0,0.8035,1.1862,0.0654,1620.0
s5_offptsA_pts10-r0,3,8,london,251,-29819.0,-2.8633,0.4327,0.0279,1620.0
s5_offptsA_pts10-r0,3,8,pre,211,30611.0,1.5336,1.7517,0.0806,225.0
s5_offptsA_pts10-r0,3,8,nyam,104,20129.0,1.5779,2.0559,0.125,210.0
s5_offptsA_pts10-r1,3,9,all,566,-5089.0,-1.0537,0.9151,0.4947,215.0
s5_offptsA_pts10-r1,3,9,london,251,-1104.0,-0.3429,0.9575,0.506,210.0
s5_offptsA_pts10-r1,3,9,pre,211,-2864.0,-0.9702,0.8747,0.4834,215.0
s5_offptsA_pts10-r1,3,9,nyam,104,-1121.0,-0.5393,0.8992,0.4904,210.0
s5_offptsA_pts10-r2,3,10,all,566,-2979.0,-0.4369,0.9621,0.3375,215.0
s5_offptsA_pts10-r2,3,10,london,251,3706.0,0.7982,1.1119,0.3705,210.0
s5_offptsA_pts10-r2,3,10,pre,211,-7294.0,-1.8244,0.7681,0.2891,215.0
s5_offptsA_pts10-r2,3,10,nyam,104,609.0,0.205,1.0434,0.3558,210.0
s5_offptsA_pts10-r3,3,11,all,566,-7499.0,-0.9103,0.9164,0.2438,225.0
s5_offptsA_pts10-r3,3,11,london,251,-2669.0,-0.4839,0.9326,0.247,210.0
s5_offptsA_pts10-r3,3,11,pre,211,-7204.0,-1.487,0.7919,0.218,225.0
s5_offptsA_pts10-r3,3,11,nyam,104,2374.0,0.6348,1.1531,0.2885,210.0
s5_offptsA_pts20-r0,3,12,all,566,66166.0,1.7421,1.3261,0.129,1620.0
s5_offptsA_pts20-r0,3,12,london,251,-4364.0,-0.1949,0.9538,0.0916,1620.0
s5_offptsA_pts20-r0,3,12,pre,211,38591.0,1.4814,1.5121,0.128,415.0
s5_offptsA_pts20-r0,3,12,nyam,104,31939.0,1.9863,1.9635,0.2212,405.0
s5_offptsA_pts20-r1,3,13,all,566,-9489.0,-0.9896,0.9201,0.4876,415.0
s5_offptsA_pts20-r1,3,13,london,251,5151.0,0.8075,1.1075,0.5339,410.0
s5_offptsA_pts20-r1,3,13,pre,211,-13139.0,-2.2612,0.7328,0.4313,415.0
s5_offptsA_pts20-r1,3,13,nyam,104,-1501.0,-0.3638,0.9308,0.4904,405.0
s5_offptsA_pts20-r2,3,14,all,566,2066.0,0.1516,1.0136,0.3428,415.0
s5_offptsA_pts20-r2,3,14,london,251,6901.0,0.7501,1.1053,0.3625,410.0
s5_offptsA_pts20-r2,3,14,pre,211,-5659.0,-0.6925,0.9041,0.3175,415.0
s5_offptsA_pts20-r2,3,14,nyam,104,824.0,0.1402,1.0296,0.3462,405.0
s5_offptsA_pts20-r3,3,15,all,566,15461.0,0.9087,1.0916,0.2721,415.0
s5_offptsA_pts20-r3,3,15,london,251,11201.0,0.9758,1.152,0.2829,410.0
s5_offptsA_pts20-r3,3,15,pre,211,-2939.0,-0.2917,0.9549,0.2464,415.0
s5_offptsA_pts20-r3,3,15,nyam,104,7199.0,0.9568,1.241,0.2981,405.0
s5_offptsA_pts30-r0,3,16,all,566,60371.0,1.426,1.2143,0.1873,1755.0
s5_offptsA_pts30-r0,3,16,london,251,2061.0,0.0773,1.0158,0.1554,1755.0
s5_offptsA_pts30-r0,3,16,pre,211,37511.0,1.3255,1.3599,0.1896,630.0
s5_offptsA_pts30-r0,3,16,nyam,104,20799.0,1.238,1.4434,0.2596,605.0
s5_offptsA_pts30-r1,3,17,all,566,-11014.0,-0.7625,0.9377,0.4912,1755.0
s5_offptsA_pts30-r1,3,17,london,251,1351.0,0.1391,1.0179,0.5139,1755.0
s5_offptsA_pts30-r1,3,17,pre,211,-8064.0,-0.92,0.8808,0.4739,630.0
s5_offptsA_pts30-r1,3,17,nyam,104,-4301.0,-0.6977,0.8716,0.4712,605.0
s5_offptsA_pts30-r2,3,18,all,566,17331.0,0.8406,1.0777,0.3569,1755.0
s5_offptsA_pts30-r2,3,18,london,251,20626.0,1.4692,1.217,0.3865,1755.0
s5_offptsA_pts30-r2,3,18,pre,211,-6734.0,-0.5507,0.9227,0.3223,630.0
s5_offptsA_pts30-r2,3,18,nyam,104,3439.0,0.3883,1.0843,0.3558,605.0
s5_offptsA_pts30-r3,3,19,all,566,27536.0,1.0808,1.1101,0.2792,1755.0
s5_offptsA_pts30-r3,3,19,london,251,19571.0,1.1305,1.1781,0.2908,1755.0
s5_offptsA_pts30-r3,3,19,pre,211,-5014.0,-0.3346,0.9483,0.2464,630.0
s5_offptsA_pts30-r3,3,19,nyam,104,12979.0,1.1599,1.3001,0.3173,605.0
s5_offptsA_pts45-r0,3,20,all,566,66401.0,1.3582,1.1741,0.2562,1755.0
s5_offptsA_pts45-r0,3,20,london,251,2121.0,0.0685,1.012,0.2231,1755.0
s5_offptsA_pts45-r0,3,20,pre,211,36111.0,1.1209,1.2535,0.2559,925.0
s5_offptsA_pts45-r0,3,20,nyam,104,28169.0,1.415,1.4501,0.3365,905.0
s5_offptsA_pts45-r1,3,21,all,566,-1554.0,-0.0723,0.9939,0.5035,1755.0
s5_offptsA_pts45-r1,3,21,london,251,11836.0,0.8242,1.1103,0.5299,1755.0
s5_offptsA_pts45-r1,3,21,pre,211,-19259.0,-1.4748,0.8159,0.455,925.0
s5_offptsA_pts45-r1,3,21,nyam,104,5869.0,0.639,1.1345,0.5385,905.0
s5_offptsA_pts45-r2,3,22,all,566,34241.0,1.1188,1.1052,0.3675,1755.0
s5_offptsA_pts45-r2,3,22,london,251,27991.0,1.3495,1.1985,0.3825,1755.0
s5_offptsA_pts45-r2,3,22,pre,211,-10459.0,-0.576,0.919,0.327,925.0
s5_offptsA_pts45-r2,3,22,nyam,104,16709.0,1.2605,1.3021,0.4135,905.0
s5_offptsA_pts45-r3,3,23,all,566,44111.0,1.1975,1.1234,0.3039,1755.0
s5_offptsA_pts45-r3,3,23,london,251,31551.0,1.2491,1.1998,0.3068,1755.0
s5_offptsA_pts45-r3,3,23,pre,211,-3194.0,-0.1465,0.977,0.2749,925.0
s5_offptsA_pts45-r3,3,23,nyam,104,15754.0,1.0058,1.2593,0.3558,905.0
s5_offptsA_pct0p1-r0,3,24,all,566,46436.0,1.4489,1.3147,0.0919,1620.0
s5_offptsA_pct0p1-r0,3,24,london,251,-5239.0,-0.2742,0.9225,0.0598,1620.0
s5_offptsA_pct0p1-r0,3,24,pre,211,33986.0,1.5452,1.6239,0.1043,340.0
s5_offptsA_pct0p1-r0,3,24,nyam,104,17689.0,1.3289,1.6938,0.1442,345.0
s5_offptsA_pct0p1-r1,3,25,all,566,-4804.0,-0.7179,0.941,0.4894,345.0
s5_offptsA_pct0p1-r1,3,25,london,251,1751.0,0.3992,1.0522,0.5139,340.0
s5_offptsA_pct0p1-r1,3,25,pre,211,-3379.0,-0.8165,0.8927,0.4787,340.0
s5_offptsA_pct0p1-r1,3,25,nyam,104,-3176.0,-1.0929,0.8053,0.4519,345.0
s5_offptsA_pct0p1-r2,3,26,all,566,-6454.0,-0.6847,0.9405,0.3251,345.0
s5_offptsA_pct0p1-r2,3,26,london,251,2296.0,0.365,1.0503,0.3506,340.0
s5_offptsA_pct0p1-r2,3,26,pre,211,-7749.0,-1.3608,0.8188,0.2938,340.0
s5_offptsA_pct0p1-r2,3,26,nyam,104,-1001.0,-0.2433,0.9503,0.3269,345.0
s5_offptsA_pct0p1-r3,3,27,all,566,591.0,0.0505,1.0049,0.2544,345.0
s5_offptsA_pct0p1-r3,3,27,london,251,5436.0,0.6932,1.1065,0.2749,340.0
s5_offptsA_pct0p1-r3,3,27,pre,211,-7884.0,-1.1373,0.8334,0.218,340.0
s5_offptsA_pct0p1-r3,3,27,nyam,104,3039.0,0.5783,1.1409,0.2788,345.0
s5_offptsA_pct0p2-r0,3,28,all,566,74861.0,1.7958,1.2882,0.1802,1620.0
s5_offptsA_pct0p2-r0,3,28,london,251,7476.0,0.2869,1.0628,0.1394,1620.0
s5_offptsA_pct0p2-r0,3,28,pre,211,40871.0,1.4629,1.4188,0.1848,680.0
s5_offptsA_pct0p2-r0,3,28,nyam,104,26514.0,1.5866,1.6159,0.2692,685.0
s5_offptsA_pct0p2-r1,3,29,all,566,-6564.0,-0.4932,0.9591,0.4929,685.0
s5_offptsA_pct0p2-r1,3,29,london,251,2126.0,0.2436,1.0315,0.51,685.0
s5_offptsA_pct0p2-r1,3,29,pre,211,-7114.0,-0.8647,0.8868,0.4739,670.0
s5_offptsA_pct0p2-r1,3,29,nyam,104,-1576.0,-0.2714,0.9476,0.4904,685.0
s5_offptsA_pct0p2-r2,3,30,all,566,13791.0,0.7246,1.0672,0.3516,685.0
s5_offptsA_pct0p2-r2,3,30,london,251,10396.0,0.8277,1.118,0.3625,685.0
s5_offptsA_pct0p2-r2,3,30,pre,211,-7304.0,-0.6373,0.9104,0.3175,680.0
s5_offptsA_pct0p2-r2,3,30,nyam,104,10699.0,1.2524,1.3006,0.3942,685.0
s5_offptsA_pct0p2-r3,3,31,all,566,30976.0,1.3112,1.1362,0.2827,685.0
s5_offptsA_pct0p2-r3,3,31,london,251,21006.0,1.3324,1.2146,0.2948,685.0
s5_offptsA_pct0p2-r3,3,31,pre,211,-6394.0,-0.4614,0.929,0.2464,680.0
s5_offptsA_pct0p2-r3,3,31,nyam,104,16364.0,1.5147,1.413,0.3269,685.0
s5_offptsB_atr1p5-r0,4,0,all,509,21369.0,0.4436,1.0586,0.2102,2595.0
s5_offptsB_atr1p5-r0,4,0,london,160,-38895.0,-1.5574,0.703,0.1313,2525.0
s5_offptsB_atr1p5-r0,4,0,pre,201,32126.0,0.9791,1.2324,0.2189,2595.0
s5_offptsB_atr1p5-r0,4,0,nyam,148,28138.0,1.1394,1.2946,0.2838,1920.0
s5_offptsB_atr1p5-r1,4,1,all,509,7714.0,0.351,1.0344,0.5108,2525.0
s5_offptsB_atr1p5-r1,4,1,london,160,21995.0,1.7417,1.3458,0.5625,2525.0
s5_offptsB_atr1p5-r1,4,1,pre,201,-16964.0,-1.2469,0.8244,0.4677,2510.0
s5_offptsB_atr1p5-r1,4,1,nyam,148,2683.0,0.23,1.0419,0.5135,1920.0
s5_offptsB_atr1p5-r2,4,2,all,509,-27226.0,-0.9038,0.9132,0.3301,2595.0
s5_offptsB_atr1p5-r2,4,2,london,160,-12910.0,-0.7366,0.8763,0.3125,2525.0
s5_offptsB_atr1p5-r2,4,2,pre,201,-13154.0,-0.7095,0.8921,0.3234,2595.0
s5_offptsB_atr1p5-r2,4,2,nyam,148,-1162.0,-0.0721,0.9867,0.3581,1920.0
s5_offptsB_atr1p5-r3,4,3,all,509,-6181.0,-0.1693,0.9819,0.2672,2595.0
s5_offptsB_atr1p5-r3,4,3,london,160,-16435.0,-0.7839,0.8601,0.2313,2525.0
s5_offptsB_atr1p5-r3,4,3,pre,201,-1679.0,-0.0748,0.9872,0.2687,2595.0
s5_offptsB_atr1p5-r3,4,3,nyam,148,11933.0,0.6022,1.1279,0.3041,1920.0
s5_offptsB_atr3-r0,4,4,all,509,29449.0,0.4875,1.0544,0.3536,4915.0
s5_offptsB_atr3-r0,4,4,london,160,-10015.0,-0.287,0.9463,0.3063,4915.0
s5_offptsB_atr3-r0,4,4,pre,201,13836.0,0.3543,1.0648,0.3383,4750.0
s5_offptsB_atr3-r0,4,4,nyam,148,25628.0,0.8463,1.1817,0.4257,3660.0
s5_offptsB_atr3-r1,4,5,all,509,18704.0,0.4444,1.0438,0.5147,4915.0
s5_offptsB_atr3-r1,4,5,london,160,15340.0,0.637,1.1144,0.525,4915.0
s5_offptsB_atr3-r1,4,5,pre,201,1986.0,0.0756,1.0118,0.5075,4750.0
s5_offptsB_atr3-r1,4,5,nyam,148,1378.0,0.0612,1.0111,0.5135,3660.0
s5_offptsB_atr3-r2,4,6,all,509,11544.0,0.2165,1.022,0.3831,4915.0
s5_offptsB_atr3-r2,4,6,london,160,420.0,0.0132,1.0024,0.3563,4915.0
s5_offptsB_atr3-r2,4,6,pre,201,-5199.0,-0.16,0.9749,0.3731,4750.0
s5_offptsB_atr3-r2,4,6,nyam,148,16323.0,0.5823,1.1158,0.4257,3660.0
s5_offptsB_atr3-r3,4,7,all,509,9704.0,0.1726,1.0181,0.3595,4915.0
s5_offptsB_atr3-r3,4,7,london,160,-16090.0,-0.4844,0.9137,0.3063,4915.0
s5_offptsB_atr3-r3,4,7,pre,201,7641.0,0.2164,1.0364,0.3532,4750.0
s5_offptsB_atr3-r3,4,7,nyam,148,18153.0,0.6337,1.1287,0.4257,3660.0
s5_offptsB_pts10-r0,4,8,all,509,3144.0,0.1214,1.0306,0.053,1820.0
s5_offptsB_pts10-r0,4,8,london,160,-26235.0,-3.9768,0.2451,0.0125,1820.0
s5_offptsB_pts10-r0,4,8,pre,201,20156.0,0.9859,1.5092,0.0647,255.0
s5_offptsB_pts10-r0,4,8,nyam,148,9223.0,0.6446,1.3237,0.0811,220.0
s5_offptsB_pts10-r1,4,9,all,509,-9901.0,-2.1625,0.8255,0.4695,255.0
s5_offptsB_pts10-r1,4,9,london,160,-1100.0,-0.4273,0.9344,0.5,215.0
s5_offptsB_pts10-r1,4,9,pre,201,-7394.0,-2.5834,0.6951,0.4279,255.0
s5_offptsB_pts10-r1,4,9,nyam,148,-1407.0,-0.5685,0.9105,0.4932,220.0
s5_offptsB_pts10-r2,4,10,all,509,-14826.0,-2.3664,0.8024,0.2986,255.0
s5_offptsB_pts10-r2,4,10,london,160,-5705.0,-1.6397,0.7615,0.2875,215.0
s5_offptsB_pts10-r2,4,10,pre,201,-5369.0,-1.3536,0.8182,0.3035,255.0
s5_offptsB_pts10-r2,4,10,nyam,148,-3752.0,-1.1036,0.8261,0.3041,220.0
s5_offptsB_pts10-r3,4,11,all,509,-7796.0,-1.0003,0.9039,0.2417,255.0
s5_offptsB_pts10-r3,4,11,london,160,-2145.0,-0.4886,0.9155,0.2437,215.0
s5_offptsB_pts10-r3,4,11,pre,201,-3639.0,-0.7443,0.8872,0.2388,255.0
s5_offptsB_pts10-r3,4,11,nyam,148,-2012.0,-0.4769,0.9143,0.2432,220.0
s5_offptsB_pts20-r0,4,12,all,509,59434.0,1.6203,1.3241,0.1277,1820.0
s5_offptsB_pts20-r0,4,12,london,160,-9485.0,-0.537,0.8472,0.075,1820.0
s5_offptsB_pts20-r0,4,12,pre,201,34176.0,1.3408,1.4761,0.1294,430.0
s5_offptsB_pts20-r0,4,12,nyam,148,34743.0,1.7791,1.7015,0.1824,410.0
s5_offptsB_pts20-r1,4,13,all,509,-8796.0,-0.9668,0.9178,0.4872,430.0
s5_offptsB_pts20-r1,4,13,london,160,-2725.0,-0.5331,0.9189,0.4875,415.0
s5_offptsB_pts20-r1,4,13,pre,201,-6694.0,-1.1704,0.8476,0.4677,430.0
s5_offptsB_pts20-r1,4,13,nyam,148,623.0,0.1268,1.0211,0.5135,405.0
s5_offptsB_pts20-r2,4,14,all,509,10844.0,0.8308,1.0809,0.3576,430.0
s5_offptsB_pts20-r2,4,14,london,160,7990.0,1.0752,1.197,0.3812,415.0
s5_offptsB_pts20-r2,4,14,pre,201,-4069.0,-0.5073,0.9271,0.3234,430.0
s5_offptsB_pts20-r2,4,14,nyam,148,6923.0,0.9702,1.1839,0.3784,405.0
s5_offptsB_pts20-r3,4,15,all,509,25829.0,1.5747,1.1736,0.2868,430.0
s5_offptsB_pts20-r3,4,15,london,160,14710.0,1.5574,1.3262,0.3125,415.0
s5_offptsB_pts20-r3,4,15,pre,201,-2149.0,-0.2177,0.9653,0.2488,430.0
s5_offptsB_pts20-r3,4,15,nyam,148,13268.0,1.463,1.3178,0.3108,405.0
s5_offptsB_pts30-r0,4,16,all,509,58314.0,1.434,1.2291,0.1827,1820.0
s5_offptsB_pts30-r0,4,16,london,160,-25490.0,-1.3288,0.713,0.1,1820.0
s5_offptsB_pts30-r0,4,16,pre,201,40056.0,1.4262,1.4033,0.1891,605.0
s5_offptsB_pts30-r0,4,16,nyam,148,43748.0,1.9866,1.6586,0.2635,610.0
s5_offptsB_pts30-r1,4,17,all,509,-5256.0,-0.3861,0.9663,0.4971,615.0
s5_offptsB_pts30-r1,4,17,london,160,3710.0,0.4855,1.08,0.525,615.0
s5_offptsB_pts30-r1,4,17,pre,201,-6769.0,-0.791,0.8942,0.4776,605.0
s5_offptsB_pts30-r1,4,17,nyam,148,-2197.0,-0.2987,0.9519,0.4932,610.0
s5_offptsB_pts30-r2,4,18,all,509,25229.0,1.2861,1.1281,0.3654,615.0
s5_offptsB_pts30-r2,4,18,london,160,14385.0,1.2886,1.2407,0.3875,615.0
s5_offptsB_pts30-r2,4,18,pre,201,-5134.0,-0.4277,0.9381,0.3234,605.0
s5_offptsB_pts30-r2,4,18,nyam,148,15978.0,1.485,1.2946,0.3986,610.0
s5_offptsB_pts30-r3,4,19,all,509,36124.0,1.4849,1.1633,0.2868,615.0
s5_offptsB_pts30-r3,4,19,london,160,3480.0,0.2591,1.0484,0.2625,615.0
s5_offptsB_pts30-r3,4,19,pre,201,12221.0,0.7974,1.1383,0.2786,605.0
s5_offptsB_pts30-r3,4,19,nyam,148,20423.0,1.5315,1.3352,0.3243,610.0
s5_offptsB_pts45-r0,4,20,all,509,35709.0,0.7681,1.1011,0.2338,1955.0
s5_offptsB_pts45-r0,4,20,london,160,-33245.0,-1.4483,0.7292,0.15,1820.0
s5_offptsB_pts45-r0,4,20,pre,201,37106.0,1.1447,1.2679,0.2438,1955.0
s5_offptsB_pts45-r0,4,20,nyam,148,31848.0,1.3296,1.3463,0.3108,910.0
s5_offptsB_pts45-r1,4,21,all,509,9054.0,0.4427,1.0401,0.5147,1955.0
s5_offptsB_pts45-r1,4,21,london,160,11535.0,1.0107,1.1737,0.5437,915.0
s5_offptsB_pts45-r1,4,21,pre,201,-8729.0,-0.6747,0.9087,0.4826,1955.0
s5_offptsB_pts45-r1,4,21,nyam,148,6248.0,0.5679,1.0982,0.527,905.0
s5_offptsB_pts45-r2,4,22,all,509,34624.0,1.1846,1.1178,0.3674,1955.0
s5_offptsB_pts45-r2,4,22,london,160,5875.0,0.3586,1.062,0.35,995.0
s5_offptsB_pts45-r2,4,22,pre,201,10946.0,0.591,1.0925,0.3582,1955.0
s5_offptsB_pts45-r2,4,22,nyam,148,17803.0,1.1358,1.22,0.3986,905.0
s5_offptsB_pts45-r3,4,23,all,509,20824.0,0.5973,1.0629,0.2849,1955.0
s5_offptsB_pts45-r3,4,23,london,160,-8540.0,-0.4423,0.9226,0.2437,1820.0
s5_offptsB_pts45-r3,4,23,pre,201,9306.0,0.4192,1.0704,0.2786,1955.0
s5_offptsB_pts45-r3,4,23,nyam,148,20058.0,1.0692,1.2271,0.3378,910.0
s5_offptsB_pct0p1-r0,4,24,all,509,32884.0,1.0362,1.2449,0.0825,1820.0
s5_offptsB_pct0p1-r0,4,24,london,160,-11585.0,-0.8016,0.7352,0.0437,1820.0
s5_offptsB_pct0p1-r0,4,24,pre,201,26831.0,1.1603,1.5035,0.0846,340.0
s5_offptsB_pct0p1-r0,4,24,nyam,148,17638.0,1.088,1.4735,0.1216,340.0
s5_offptsB_pct0p1-r1,4,25,all,509,-2591.0,-0.4092,0.9641,0.499,345.0
s5_offptsB_pct0p1-r1,4,25,london,160,-395.0,-0.1148,0.9818,0.5062,345.0
s5_offptsB_pct0p1-r1,4,25,pre,201,-3809.0,-0.9435,0.8743,0.4776,340.0
s5_offptsB_pct0p1-r1,4,25,nyam,148,1613.0,0.4648,1.0803,0.5203,340.0
s5_offptsB_pct0p1-r2,4,26,all,509,289.0,0.0321,1.003,0.3418,345.0
s5_offptsB_pct0p1-r2,4,26,london,160,2625.0,0.5303,1.0933,0.3625,345.0
s5_offptsB_pct0p1-r2,4,26,pre,201,-1804.0,-0.3171,0.9536,0.3333,340.0
s5_offptsB_pct0p1-r2,4,26,nyam,148,-532.0,-0.1076,0.9812,0.3311,340.0
s5_offptsB_pct0p1-r3,4,27,all,509,3089.0,0.2777,1.0289,0.2613,345.0
s5_offptsB_pct0p1-r3,4,27,london,160,710.0,0.118,1.0218,0.2625,345.0
s5_offptsB_pct0p1-r3,4,27,pre,201,-1369.0,-0.1966,0.9686,0.2537,340.0
s5_offptsB_pct0p1-r3,4,27,nyam,148,3748.0,0.5963,1.1214,0.2703,340.0
s5_offptsB_pct0p2-r0,4,28,all,509,55424.0,1.4,1.2336,0.167,1820.0
s5_offptsB_pct0p2-r0,4,28,london,160,-15705.0,-0.828,0.8013,0.1,1820.0
s5_offptsB_pct0p2-r0,4,28,pre,201,32596.0,1.1911,1.3431,0.1692,680.0
s5_offptsB_pct0p2-r0,4,28,nyam,148,38533.0,1.8091,1.6097,0.2365,680.0
s5_offptsB_pct0p2-r1,4,29,all,509,-7386.0,-0.5865,0.9489,0.4912,685.0
s5_offptsB_pct0p2-r1,4,29,london,160,8560.0,1.2588,1.2223,0.55,685.0
s5_offptsB_pct0p2-r1,4,29,pre,201,-14309.0,-1.7914,0.7753,0.4428,680.0
s5_offptsB_pct0p2-r1,4,29,nyam,148,-1637.0,-0.2368,0.9614,0.4932,675.0
s5_offptsB_pct0p2-r2,4,30,all,509,22924.0,1.2637,1.1268,0.3654,685.0
s5_offptsB_pct0p2-r2,4,30,london,160,15895.0,1.5833,1.3054,0.4,685.0
s5_offptsB_pct0p2-r2,4,30,pre,201,-5604.0,-0.4991,0.9277,0.3234,680.0
s5_offptsB_pct0p2-r2,4,30,nyam,148,12633.0,1.2525,1.2464,0.3851,680.0
s5_offptsB_pct0p2-r3,4,31,all,509,23599.0,1.0575,1.1147,0.277,685.0
s5_offptsB_pct0p2-r3,4,31,london,160,9095.0,0.7425,1.1457,0.2812,685.0
s5_offptsB_pct0p2-r3,4,31,pre,201,-4814.0,-0.3504,0.9443,0.2438,680.0
s5_offptsB_pct0p2-r3,4,31,nyam,148,19318.0,1.5316,1.3399,0.3176,680.0
s6_offatr0p25_atr1p5-r0,0,0,all,568,-56642.0,-1.2509,0.8584,0.1778,2555.0
s6_offatr0p25_atr1p5-r0,0,0,london,270,-49600.0,-1.7671,0.7348,0.1519,2335.0
s6_offatr0p25_atr1p5-r0,0,0,pre,205,-34065.0,-1.1887,0.7822,0.1659,2555.0
s6_offatr0p25_atr1p5-r0,0,0,nyam,93,27023.0,1.2998,1.4773,0.2796,2490.0
s6_offatr0p25_atr1p5-r1,0,1,all,568,-21887.0,-0.9799,0.9142,0.493,2555.0
s6_offatr0p25_atr1p5-r1,0,1,london,270,-11920.0,-0.8265,0.8969,0.4926,1860.0
s6_offatr0p25_atr1p5-r1,0,1,pre,205,-22210.0,-1.5474,0.7875,0.4585,2555.0
s6_offatr0p25_atr1p5-r1,0,1,nyam,93,12243.0,1.3439,1.3502,0.5699,1535.0
s6_offatr0p25_atr1p5-r2,0,2,all,568,-28247.0,-0.9189,0.9157,0.3292,2555.0
s6_offatr0p25_atr1p5-r2,0,2,london,270,-26800.0,-1.3663,0.8278,0.3111,1860.0
s6_offatr0p25_atr1p5-r2,0,2,pre,205,-20065.0,-1.0332,0.8468,0.3171,2555.0
s6_offatr0p25_atr1p5-r2,0,2,nyam,93,18618.0,1.3891,1.3852,0.4086,2490.0
s6_offatr0p25_atr1p5-r3,0,3,all,568,-40152.0,-1.1062,0.8925,0.2465,2555.0
s6_offatr0p25_atr1p5-r3,0,3,london,270,-35850.0,-1.5741,0.7931,0.2259,2335.0
s6_offatr0p25_atr1p5-r3,0,3,pre,205,-23415.0,-1.0104,0.8393,0.239,2555.0
s6_offatr0p25_atr1p5-r3,0,3,nyam,93,19113.0,1.1893,1.3495,0.3226,2490.0
s6_offatr0p25_atr3-r0,0,4,all,568,-38767.0,-0.6333,0.9361,0.331,5115.0
s6_offatr0p25_atr3-r0,0,4,london,270,-31720.0,-0.7983,0.8869,0.3148,4665.0
s6_offatr0p25_atr3-r0,0,4,pre,205,-23450.0,-0.5918,0.9016,0.3122,5115.0
s6_offatr0p25_atr3-r0,0,4,nyam,93,16403.0,0.667,1.1865,0.4194,3400.0
s6_offatr0p25_atr3-r1,0,5,all,568,-11162.0,-0.2571,0.9767,0.5,5115.0
s6_offatr0p25_atr3-r1,0,5,london,270,-205.0,-0.0072,0.999,0.5037,3590.0
s6_offatr0p25_atr3-r1,0,5,pre,205,-14830.0,-0.5306,0.9204,0.4829,5115.0
s6_offatr0p25_atr3-r1,0,5,nyam,93,3873.0,0.2228,1.0506,0.5269,3400.0
s6_offatr0p25_atr3-r2,0,6,all,568,-27817.0,-0.5087,0.9523,0.3732,5115.0
s6_offatr0p25_atr3-r2,0,6,london,270,-15040.0,-0.424,0.9434,0.3741,4665.0
s6_offatr0p25_atr3-r2,0,6,pre,205,-30000.0,-0.8586,0.87,0.3415,5115.0
s6_offatr0p25_atr3-r2,0,6,nyam,93,17223.0,0.7585,1.1997,0.4409,3400.0
s6_offatr0p25_atr3-r3,0,7,all,568,-48902.0,-0.8392,0.9189,0.3363,5115.0
s6_offatr0p25_atr3-r3,0,7,london,270,-30875.0,-0.8217,0.8885,0.3259,4665.0
s6_offatr0p25_atr3-r3,0,7,pre,205,-31120.0,-0.8232,0.8694,0.3122,5115.0
s6_offatr0p25_atr3-r3,0,7,nyam,93,13093.0,0.5526,1.1489,0.4194,3400.0
s6_offatr0p25_pts10-r0,0,8,all,568,-21407.0,-0.9258,0.8137,0.0458,1565.0
s6_offatr0p25_pts10-r0,0,8,london,270,-10645.0,-0.6628,0.8077,0.0444,1565.0
s6_offatr0p25_pts10-r0,0,8,pre,205,-15775.0,-1.1979,0.6201,0.0341,245.0
s6_offatr0p25_pts10-r0,0,8,nyam,93,5013.0,0.4911,1.2782,0.0753,210.0
s6_offatr0p25_pts10-r1,0,9,all,568,-6377.0,-1.3175,0.8952,0.4894,245.0
s6_offatr0p25_pts10-r1,0,9,london,270,-1075.0,-0.3217,0.9615,0.5074,215.0
s6_offatr0p25_pts10-r1,0,9,pre,205,-1625.0,-0.5578,0.9248,0.4976,245.0
s6_offatr0p25_pts10-r1,0,9,nyam,93,-3677.0,-1.8945,0.6752,0.4194,210.0
s6_offatr0p25_pts10-r2,0,10,all,568,-10737.0,-1.5992,0.8685,0.3151,245.0
s6_offatr0p25_pts10-r2,0,10,london,270,-2120.0,-0.451,0.9439,0.3333,215.0
s6_offatr0p25_pts10-r2,0,10,pre,205,-5475.0,-1.3704,0.8177,0.3024,245.0
s6_offatr0p25_pts10-r2,0,10,nyam,93,-3142.0,-1.1788,0.7729,0.2903,210.0
s6_offatr0p25_pts10-r3,0,11,all,568,908.0,0.1074,1.0103,0.2623,245.0
s6_offatr0p25_pts10-r3,0,11,london,270,580.0,0.0993,1.0139,0.263,215.0
s6_offatr0p25_pts10-r3,0,11,pre,205,2900.0,0.5595,1.0933,0.278,245.0
s6_offatr0p25_pts10-r3,0,11,nyam,93,-2572.0,-0.7876,0.8295,0.2258,210.0
s6_offatr0p25_pts20-r0,0,12,all,568,-38672.0,-1.2831,0.8186,0.0898,1565.0
s6_offatr0p25_pts20-r0,0,12,london,270,-26810.0,-1.2844,0.7423,0.0741,1565.0
s6_offatr0p25_pts20-r0,0,12,pre,205,-21380.0,-1.255,0.7208,0.0878,435.0
s6_offatr0p25_pts20-r0,0,12,nyam,93,9518.0,0.7044,1.2925,0.1398,405.0
s6_offatr0p25_pts20-r1,0,13,all,568,-16727.0,-1.7438,0.8638,0.4718,435.0
s6_offatr0p25_pts20-r1,0,13,london,270,-2640.0,-0.3981,0.9526,0.4963,420.0
s6_offatr0p25_pts20-r1,0,13,pre,205,-9855.0,-1.7136,0.7871,0.4488,435.0
s6_offatr0p25_pts20-r1,0,13,nyam,93,-4232.0,-1.0894,0.7972,0.4516,405.0
s6_offatr0p25_pts20-r2,0,14,all,568,-14932.0,-1.1124,0.9061,0.3187,905.0
s6_offatr0p25_pts20-r2,0,14,london,270,-9850.0,-1.0679,0.8716,0.3111,905.0
s6_offatr0p25_pts20-r2,0,14,pre,205,-775.0,-0.0948,0.9861,0.3366,435.0
s6_offatr0p25_pts20-r2,0,14,nyam,93,-4307.0,-0.8035,0.8381,0.3011,405.0
s6_offatr0p25_pts20-r3,0,15,all,568,-9952.0,-0.6037,0.9435,0.2447,905.0
s6_offatr0p25_pts20-r3,0,15,london,270,-9965.0,-0.8891,0.8832,0.2333,905.0
s6_offatr0p25_pts20-r3,0,15,pre,205,-460.0,-0.0459,0.9927,0.2537,435.0
s6_offatr0p25_pts20-r3,0,15,nyam,93,473.0,0.0695,1.0168,0.2581,405.0
s6_offatr0p25_pts30-r0,0,16,all,568,-30817.0,-0.8347,0.8953,0.1496,1565.0
s6_offatr0p25_pts30-r0,0,16,london,270,-33000.0,-1.3579,0.771,0.1296,1565.0
s6_offatr0p25_pts30-r0,0,16,pre,205,-13715.0,-0.5912,0.8728,0.1366,605.0
s6_offatr0p25_pts30-r0,0,16,nyam,93,15898.0,1.0406,1.3756,0.2366,605.0
s6_offatr0p25_pts30-r1,0,17,all,568,-212.0,-0.0147,0.9988,0.5053,615.0
s6_offatr0p25_pts30-r1,0,17,london,270,1770.0,0.1784,1.022,0.5111,615.0
s6_offatr0p25_pts30-r1,0,17,pre,205,-5575.0,-0.6449,0.9137,0.4829,605.0
s6_offatr0p25_pts30-r1,0,17,nyam,93,3593.0,0.6166,1.1371,0.5376,605.0
s6_offatr0p25_pts30-r2,0,18,all,568,-11822.0,-0.586,0.9493,0.3275,905.0
s6_offatr0p25_pts30-r2,0,18,london,270,-16195.0,-1.1857,0.8583,0.3074,905.0
s6_offatr0p25_pts30-r2,0,18,pre,205,-2140.0,-0.1754,0.9744,0.3317,605.0
s6_offatr0p25_pts30-r2,0,18,nyam,93,6513.0,0.768,1.1843,0.3763,605.0
s6_offatr0p25_pts30-r3,0,19,all,568,-19352.0,-0.7949,0.9262,0.243,905.0
s6_offatr0p25_pts30-r3,0,19,london,270,-20600.0,-1.2639,0.8381,0.2296,905.0
s6_offatr0p25_pts30-r3,0,19,pre,205,-9445.0,-0.6461,0.9013,0.2341,605.0
s6_offatr0p25_pts30-r3,0,19,nyam,93,10693.0,1.0062,1.2726,0.3011,605.0
s6_offatr0p25_pts45-r0,0,20,all,568,-29147.0,-0.6494,0.9274,0.2148,1565.0
s6_offatr0p25_pts45-r0,0,20,london,270,-17815.0,-0.577,0.9076,0.2074,1565.0
s6_offatr0p25_pts45-r0,0,20,pre,205,-24300.0,-0.8951,0.839,0.1902,910.0
s6_offatr0p25_pts45-r0,0,20,nyam,93,12968.0,0.7169,1.2235,0.2903,905.0
s6_offatr0p25_pts45-r1,0,21,all,568,38.0,0.0018,1.0001,0.5035,920.0
s6_offatr0p25_pts45-r1,0,21,london,270,-1070.0,-0.0721,0.9912,0.5,920.0
s6_offatr0p25_pts45-r1,0,21,pre,205,-9500.0,-0.7339,0.9024,0.478,910.0
s6_offatr0p25_pts45-r1,0,21,nyam,93,10608.0,1.2284,1.2916,0.5699,905.0
s6_offatr0p25_pts45-r2,0,22,all,568,-19132.0,-0.6401,0.9446,0.3292,920.0
s6_offatr0p25_pts45-r2,0,22,london,270,-9485.0,-0.463,0.9418,0.3333,920.0
s6_offatr0p25_pts45-r2,0,22,pre,205,-18680.0,-1.0474,0.8563,0.3024,910.0
s6_offatr0p25_pts45-r2,0,22,nyam,93,9033.0,0.7218,1.1735,0.3763,905.0
s6_offatr0p25_pts45-r3,0,23,all,568,-21817.0,-0.613,0.9424,0.2623,920.0
s6_offatr0p25_pts45-r3,0,23,london,270,-2330.0,-0.0934,0.9869,0.2704,920.0
s6_offatr0p25_pts45-r3,0,23,pre,205,-32335.0,-1.5776,0.7763,0.2244,910.0
s6_offatr0p25_pts45-r3,0,23,nyam,93,12848.0,0.8597,1.2305,0.3226,905.0
s6_offatr0p25_pct0p1-r0,0,24,all,568,-41887.0,-1.6974,0.7272,0.0581,1565.0
s6_offatr0p25_pct0p1-r0,0,24,london,270,-21200.0,-1.2212,0.7143,0.0519,1565.0
s6_offatr0p25_pct0p1-r0,0,24,pre,205,-21305.0,-1.5131,0.6141,0.0537,340.0
s6_offatr0p25_pct0p1-r0,0,24,nyam,93,618.0,0.0587,1.0256,0.086,335.0
s6_offatr0p25_pct0p1-r1,0,25,all,568,-13587.0,-2.0307,0.8423,0.4648,340.0
s6_offatr0p25_pct0p1-r1,0,25,london,270,-4955.0,-1.0695,0.877,0.4704,340.0
s6_offatr0p25_pct0p1-r1,0,25,pre,205,-4185.0,-1.0396,0.8636,0.478,340.0
s6_offatr0p25_pct0p1-r1,0,25,nyam,93,-4447.0,-1.6582,0.707,0.4194,335.0
s6_offatr0p25_pct0p1-r2,0,26,all,568,-8057.0,-0.8557,0.9264,0.3222,340.0
s6_offatr0p25_pct0p1-r2,0,26,london,270,-1400.0,-0.2126,0.9727,0.3296,340.0
s6_offatr0p25_pct0p1-r2,0,26,pre,205,1520.0,0.2642,1.0401,0.3512,340.0
s6_offatr0p25_pct0p1-r2,0,26,nyam,93,-8177.0,-2.375,0.5946,0.2366,335.0
s6_offatr0p25_pct0p1-r3,0,27,all,568,-20017.0,-1.7941,0.8407,0.2254,340.0
s6_offatr0p25_pct0p1-r3,0,27,london,270,-11115.0,-1.4487,0.8157,0.2185,340.0
s6_offatr0p25_pct0p1-r3,0,27,pre,205,-1395.0,-0.2011,0.9682,0.2537,340.0
s6_offatr0p25_pct0p1-r3,0,27,nyam,93,-7507.0,-1.7922,0.6516,0.1828,335.0
s6_offatr0p25_pct0p2-r0,0,28,all,568,-32712.0,-0.9299,0.8802,0.1391,1565.0
s6_offatr0p25_pct0p2-r0,0,28,london,270,-29695.0,-1.2581,0.7786,0.1185,1565.0
s6_offatr0p25_pct0p2-r0,0,28,pre,205,-15340.0,-0.7084,0.8453,0.1317,685.0
s6_offatr0p25_pct0p2-r0,0,28,nyam,93,12323.0,0.8467,1.3102,0.2151,670.0
s6_offatr0p25_pct0p2-r1,0,29,all,568,-7277.0,-0.5454,0.9549,0.4912,685.0
s6_offatr0p25_pct0p2-r1,0,29,london,270,210.0,0.0227,1.0028,0.5,670.0
s6_offatr0p25_pct0p2-r1,0,29,pre,205,-5665.0,-0.7069,0.9051,0.4829,685.0
s6_offatr0p25_pct0p2-r1,0,29,nyam,93,-1822.0,-0.3378,0.9315,0.4839,670.0
s6_offatr0p25_pct0p2-r2,0,30,all,568,-19832.0,-1.0662,0.909,0.3169,905.0
s6_offatr0p25_pct0p2-r2,0,30,london,270,-16670.0,-1.3164,0.843,0.3037,905.0
s6_offatr0p25_pct0p2-r2,0,30,pre,205,-4685.0,-0.4159,0.9398,0.322,685.0
s6_offatr0p25_pct0p2-r2,0,30,nyam,93,1523.0,0.1974,1.0449,0.3441,670.0
s6_offatr0p25_pct0p2-r3,0,31,all,568,-24937.0,-1.1146,0.8974,0.2377,905.0
s6_offatr0p25_pct0p2-r3,0,31,london,270,-19850.0,-1.3069,0.8316,0.2259,905.0
s6_offatr0p25_pct0p2-r3,0,31,pre,205,-9935.0,-0.7401,0.8874,0.2341,685.0
s6_offatr0p25_pct0p2-r3,0,31,nyam,93,4848.0,0.51,1.1307,0.2796,670.0
s6_offatr0p5_atr1p5-r0,1,0,all,564,-56161.0,-1.2127,0.8582,0.1738,2555.0
s6_offatr0p5_atr1p5-r0,1,0,london,252,-48868.0,-1.7843,0.7229,0.1389,2330.0
s6_offatr0p5_atr1p5-r0,1,0,pre,187,-37283.0,-1.4633,0.73,0.1604,2145.0
s6_offatr0p5_atr1p5-r0,1,0,nyam,125,29990.0,1.1059,1.3677,0.264,2555.0
s6_offatr0p5_atr1p5-r1,1,1,all,564,-16501.0,-0.7411,0.9342,0.4982,2555.0
s6_offatr0p5_atr1p5-r1,1,1,london,252,-21293.0,-1.5366,0.8111,0.4643,1795.0
s6_offatr0p5_atr1p5-r1,1,1,pre,187,-2843.0,-0.2139,0.9662,0.508,2145.0
s6_offatr0p5_atr1p5-r1,1,1,nyam,125,7635.0,0.6771,1.1419,0.552,2555.0
s6_offatr0p5_atr1p5-r2,1,2,all,564,-21021.0,-0.6848,0.9365,0.3351,2555.0
s6_offatr0p5_atr1p5-r2,1,2,london,252,-22993.0,-1.2218,0.8406,0.3095,2330.0
s6_offatr0p5_atr1p5-r2,1,2,pre,187,-3023.0,-0.1635,0.9729,0.3476,2145.0
s6_offatr0p5_atr1p5-r2,1,2,nyam,125,4995.0,0.3171,1.0667,0.368,2555.0
s6_offatr0p5_atr1p5-r3,1,3,all,564,-31261.0,-0.8538,0.9149,0.2482,2555.0
s6_offatr0p5_atr1p5-r3,1,3,london,252,-33263.0,-1.4947,0.7947,0.2183,2330.0
s6_offatr0p5_atr1p5-r3,1,3,pre,187,-17463.0,-0.8174,0.8623,0.246,2145.0
s6_offatr0p5_atr1p5-r3,1,3,nyam,125,19465.0,0.99,1.2482,0.312,2555.0
s6_offatr0p5_atr3-r0,1,4,all,564,7709.0,0.1216,1.013,0.3369,4660.0
s6_offatr0p5_atr3-r0,1,4,london,252,-44293.0,-1.1684,0.8364,0.3095,4660.0
s6_offatr0p5_atr3-r0,1,4,pre,187,-17433.0,-0.4663,0.9172,0.3048,3940.0
s6_offatr0p5_atr3-r0,1,4,nyam,125,69435.0,2.0473,1.6265,0.44,3825.0
s6_offatr0p5_atr3-r1,1,5,all,564,24629.0,0.5673,1.0537,0.5213,4660.0
s6_offatr0p5_atr3-r1,1,5,london,252,-4433.0,-0.1617,0.9781,0.5198,4660.0
s6_offatr0p5_atr3-r1,1,5,pre,187,-6268.0,-0.242,0.9616,0.492,3940.0
s6_offatr0p5_atr3-r1,1,5,nyam,125,35330.0,1.647,1.3808,0.568,3825.0
s6_offatr0p5_atr3-r2,1,6,all,564,-8406.0,-0.1524,0.9853,0.3741,4660.0
s6_offatr0p5_atr3-r2,1,6,london,252,-45518.0,-1.3534,0.8263,0.3532,4660.0
s6_offatr0p5_atr3-r2,1,6,pre,187,-20988.0,-0.648,0.8955,0.3476,3940.0
s6_offatr0p5_atr3-r2,1,6,nyam,125,58100.0,2.0081,1.5379,0.456,3825.0
s6_offatr0p5_atr3-r3,1,7,all,564,-8336.0,-0.1394,0.9858,0.344,4660.0
s6_offatr0p5_atr3-r3,1,7,london,252,-46643.0,-1.307,0.8261,0.3214,4660.0
s6_offatr0p5_atr3-r3,1,7,pre,187,-23733.0,-0.6745,0.8866,0.3102,3940.0
s6_offatr0p5_atr3-r3,1,7,nyam,125,62040.0,1.9276,1.5598,0.44,3825.0
s6_offatr0p5_pts10-r0,1,8,all,564,-13976.0,-0.545,0.8773,0.0496,1715.0
s6_offatr0p5_pts10-r0,1,8,london,252,-25078.0,-2.2282,0.5232,0.0317,1715.0
s6_offatr0p5_pts10-r0,1,8,pre,187,-9643.0,-0.7431,0.7422,0.0481,290.0
s6_offatr0p5_pts10-r0,1,8,nyam,125,20745.0,1.0941,1.8683,0.088,205.0
s6_offatr0p5_pts10-r1,1,9,all,564,-5891.0,-1.2217,0.9021,0.4911,230.0
s6_offatr0p5_pts10-r1,1,9,london,252,-2558.0,-0.7922,0.9048,0.4921,230.0
s6_offatr0p5_pts10-r1,1,9,pre,187,-1878.0,-0.6755,0.9057,0.492,210.0
s6_offatr0p5_pts10-r1,1,9,nyam,125,-1455.0,-0.6394,0.8915,0.488,205.0
s6_offatr0p5_pts10-r2,1,10,all,564,-11021.0,-1.6496,0.8641,0.3138,230.0
s6_offatr0p5_pts10-r2,1,10,london,252,-7413.0,-1.6824,0.8003,0.2976,230.0
s6_offatr0p5_pts10-r2,1,10,pre,187,1997.0,0.5,1.0801,0.3636,210.0
s6_offatr0p5_pts10-r2,1,10,nyam,125,-5605.0,-1.853,0.7061,0.272,205.0
s6_offatr0p5_pts10-r3,1,11,all,564,-16821.0,-2.1079,0.817,0.2234,290.0
s6_offatr0p5_pts10-r3,1,11,london,252,-7708.0,-1.4466,0.8124,0.2222,230.0
s6_offatr0p5_pts10-r3,1,11,pre,187,-4673.0,-1.0041,0.8458,0.2299,290.0
s6_offatr0p5_pts10-r3,1,11,nyam,125,-4440.0,-1.1932,0.7838,0.216,205.0
s6_offatr0p5_pts20-r0,1,12,all,564,-24401.0,-0.7301,0.8841,0.0957,1715.0
s6_offatr0p5_pts20-r0,1,12,london,252,-24428.0,-1.2268,0.7481,0.0754,1715.0
s6_offatr0p5_pts20-r0,1,12,pre,187,-23783.0,-1.4758,0.6626,0.0802,450.0
s6_offatr0p5_pts20-r0,1,12,nyam,125,23810.0,1.1143,1.5538,0.16,410.0
s6_offatr0p5_pts20-r1,1,13,all,564,-1436.0,-0.15,0.9874,0.5053,445.0
s6_offatr0p5_pts20-r1,1,13,london,252,707.0,0.1104,1.014,0.5119,415.0
s6_offatr0p5_pts20-r1,1,13,pre,187,7967.0,1.4529,1.237,0.5615,445.0
s6_offatr0p5_pts20-r1,1,13,nyam,125,-10110.0,-2.2749,0.6664,0.408,410.0
s6_offatr0p5_pts20-r2,1,14,all,564,-11666.0,-0.8706,0.9255,0.3227,450.0
s6_offatr0p5_pts20-r2,1,14,london,252,-5598.0,-0.6249,0.9201,0.3214,430.0
s6_offatr0p5_pts20-r2,1,14,pre,187,512.0,0.0653,1.0102,0.3422,450.0
s6_offatr0p5_pts20-r2,1,14,nyam,125,-6580.0,-1.0652,0.8174,0.296,410.0
s6_offatr0p5_pts20-r3,1,15,all,564,129.0,0.0078,1.0007,0.2553,450.0
s6_offatr0p5_pts20-r3,1,15,london,252,-5308.0,-0.4851,0.9322,0.2421,430.0
s6_offatr0p5_pts20-r3,1,15,pre,187,8452.0,0.8517,1.1539,0.2834,450.0
s6_offatr0p5_pts20-r3,1,15,nyam,125,-3015.0,-0.3917,0.9225,0.24,410.0
s6_offatr0p5_pts30-r0,1,16,all,564,-8361.0,-0.2099,0.9712,0.156,1715.0
s6_offatr0p5_pts30-r0,1,16,london,252,-21533.0,-0.8876,0.8389,0.1349,1715.0
s6_offatr0p5_pts30-r0,1,16,pre,187,-10773.0,-0.4967,0.8888,0.1497,615.0
s6_offatr0p5_pts30-r0,1,16,nyam,125,23945.0,1.0437,1.4028,0.208,605.0
s6_offatr0p5_pts30-r1,1,17,all,564,-4256.0,-0.2965,0.9753,0.5,1060.0
s6_offatr0p5_pts30-r1,1,17,london,252,-5793.0,-0.6018,0.9268,0.4881,1060.0
s6_offatr0p5_pts30-r1,1,17,pre,187,6582.0,0.7984,1.1241,0.5348,615.0
s6_offatr0p5_pts30-r1,1,17,nyam,125,-5045.0,-0.747,0.8745,0.472,605.0
s6_offatr0p5_pts30-r2,1,18,all,564,17404.0,0.8478,1.0785,0.3564,1060.0
s6_offatr0p5_pts30-r2,1,18,london,252,-3703.0,-0.2744,0.964,0.3333,1060.0
s6_offatr0p5_pts30-r2,1,18,pre,187,23247.0,1.9119,1.3436,0.4064,615.0
s6_offatr0p5_pts30-r2,1,18,nyam,125,-2140.0,-0.2249,0.9582,0.328,605.0
s6_offatr0p5_pts30-r3,1,19,all,564,12854.0,0.5132,1.051,0.2677,1060.0
s6_offatr0p5_pts30-r3,1,19,london,252,-4543.0,-0.2772,0.9606,0.254,1060.0
s6_offatr0p5_pts30-r3,1,19,pre,187,12137.0,0.8219,1.1486,0.2834,615.0
s6_offatr0p5_pts30-r3,1,19,nyam,125,5260.0,0.4411,1.0954,0.272,605.0
s6_offatr0p5_pts45-r0,1,20,all,564,13419.0,0.2814,1.0345,0.2287,1715.0
s6_offatr0p5_pts45-r0,1,20,london,252,-8313.0,-0.2779,0.9533,0.2143,1715.0
s6_offatr0p5_pts45-r0,1,20,pre,187,-12918.0,-0.4772,0.9053,0.1979,920.0
s6_offatr0p5_pts45-r0,1,20,nyam,125,34650.0,1.3656,1.4624,0.304,900.0
s6_offatr0p5_pts45-r1,1,21,all,564,20769.0,0.9711,1.0854,0.5248,1060.0
s6_offatr0p5_pts45-r1,1,21,london,252,3577.0,0.2499,1.0321,0.5119,1060.0
s6_offatr0p5_pts45-r1,1,21,pre,187,6847.0,0.5537,1.0846,0.5241,920.0
s6_offatr0p5_pts45-r1,1,21,nyam,125,10345.0,1.0298,1.2032,0.552,900.0
s6_offatr0p5_pts45-r2,1,22,all,564,22704.0,0.7481,1.0692,0.3582,1060.0
s6_offatr0p5_pts45-r2,1,22,london,252,3992.0,0.1977,1.0269,0.3492,1060.0
s6_offatr0p5_pts45-r2,1,22,pre,187,1692.0,0.0966,1.0151,0.3422,920.0
s6_offatr0p5_pts45-r2,1,22,nyam,125,17020.0,1.1792,1.2518,0.4,900.0
s6_offatr0p5_pts45-r3,1,23,all,564,14594.0,0.4028,1.04,0.2819,1715.0
s6_offatr0p5_pts45-r3,1,23,london,252,1492.0,0.0614,1.009,0.2738,1715.0
s6_offatr0p5_pts45-r3,1,23,pre,187,-11938.0,-0.5824,0.9062,0.2513,920.0
s6_offatr0p5_pts45-r3,1,23,nyam,125,25040.0,1.4418,1.3498,0.344,900.0
s6_offatr0p5_pct0p1-r0,1,24,all,564,-9771.0,-0.3285,0.9352,0.0709,1715.0
s6_offatr0p5_pct0p1-r0,1,24,london,252,-8073.0,-0.4454,0.8826,0.0635,1715.0
s6_offatr0p5_pct0p1-r0,1,24,pre,187,-20468.0,-1.5309,0.5949,0.0535,345.0
s6_offatr0p5_pct0p1-r0,1,24,nyam,125,18770.0,0.9679,1.5947,0.112,335.0
s6_offatr0p5_pct0p1-r1,1,25,all,564,-2386.0,-0.3571,0.9701,0.5018,345.0
s6_offatr0p5_pct0p1-r1,1,25,london,252,1467.0,0.3274,1.0425,0.5159,340.0
s6_offatr0p5_pct0p1-r1,1,25,pre,187,1117.0,0.2904,1.0439,0.5187,345.0
s6_offatr0p5_pct0p1-r1,1,25,nyam,125,-4970.0,-1.5949,0.7499,0.448,335.0
s6_offatr0p5_pct0p1-r2,1,26,all,564,-9571.0,-1.0255,0.9124,0.3227,345.0
s6_offatr0p5_pct0p1-r2,1,26,london,252,-3893.0,-0.6188,0.9203,0.3214,340.0
s6_offatr0p5_pct0p1-r2,1,26,pre,187,-1978.0,-0.3658,0.9447,0.3316,345.0
s6_offatr0p5_pct0p1-r2,1,26,nyam,125,-3700.0,-0.859,0.8496,0.312,335.0
s6_offatr0p5_pct0p1-r3,1,27,all,564,-5661.0,-0.4927,0.9533,0.2482,345.0
s6_offatr0p5_pct0p1-r3,1,27,london,252,-7063.0,-0.9342,0.8727,0.2302,340.0
s6_offatr0p5_pct0p1-r3,1,27,pre,187,1467.0,0.2162,1.0373,0.262,345.0
s6_offatr0p5_pct0p1-r3,1,27,nyam,125,-65.0,-0.012,0.9975,0.264,335.0
s6_offatr0p5_pct0p2-r0,1,28,all,564,894.0,0.023,1.0033,0.1489,1715.0
s6_offatr0p5_pct0p2-r0,1,28,london,252,-21958.0,-0.9419,0.824,0.123,1715.0
s6_offatr0p5_pct0p2-r0,1,28,pre,187,-6578.0,-0.31,0.9263,0.1444,685.0
s6_offatr0p5_pct0p2-r0,1,28,nyam,125,29430.0,1.2929,1.5454,0.208,670.0
s6_offatr0p5_pct0p2-r1,1,29,all,564,1064.0,0.0801,1.0068,0.5089,685.0
s6_offatr0p5_pct0p2-r1,1,29,london,252,-3073.0,-0.3443,0.9572,0.496,655.0
s6_offatr0p5_pct0p2-r1,1,29,pre,187,7502.0,0.9845,1.1565,0.5455,685.0
s6_offatr0p5_pct0p2-r1,1,29,nyam,125,-3365.0,-0.5399,0.907,0.48,670.0
s6_offatr0p5_pct0p2-r2,1,30,all,564,12529.0,0.6623,1.0612,0.3546,685.0
s6_offatr0p5_pct0p2-r2,1,30,london,252,-7588.0,-0.6131,0.921,0.3254,675.0
s6_offatr0p5_pct0p2-r2,1,30,pre,187,19162.0,1.7092,1.3048,0.4011,685.0
s6_offatr0p5_pct0p2-r2,1,30,nyam,125,955.0,0.1079,1.0208,0.344,670.0
s6_offatr0p5_pct0p2-r3,1,31,all,564,16274.0,0.7012,1.0706,0.273,840.0
s6_offatr0p5_pct0p2-r3,1,31,london,252,-6213.0,-0.4111,0.9418,0.25,840.0
s6_offatr0p5_pct0p2-r3,1,31,pre,187,17227.0,1.244,1.2346,0.2995,685.0
s6_offatr0p5_pct0p2-r3,1,31,nyam,125,5260.0,0.4821,1.1046,0.28,670.0
s6_offatr1_atr1p5-r0,2,0,all,475,-47125.0,-1.1209,0.8574,0.1811,2495.0
s6_offatr1_atr1p5-r0,2,0,london,128,-27262.0,-1.3501,0.7007,0.1328,2330.0
s6_offatr1_atr1p5-r0,2,0,pre,155,-29190.0,-1.2748,0.7316,0.1419,1990.0
s6_offatr1_atr1p5-r0,2,0,nyam,192,9327.0,0.3227,1.0714,0.2448,2495.0
s6_offatr1_atr1p5-r1,2,1,all,475,-21655.0,-1.0743,0.8983,0.4758,2145.0
s6_offatr1_atr1p5-r1,2,1,london,128,-3882.0,-0.3882,0.9274,0.4766,1865.0
s6_offatr1_atr1p5-r1,2,1,pre,155,-9815.0,-0.8977,0.8554,0.4516,1885.0
s6_offatr1_atr1p5-r1,2,1,nyam,192,-7958.0,-0.5798,0.9131,0.4948,2145.0
s6_offatr1_atr1p5-r2,2,2,all,475,-26840.0,-0.9739,0.9034,0.3242,2495.0
s6_offatr1_atr1p5-r2,2,2,london,128,-2077.0,-0.1478,0.9703,0.3281,2330.0
s6_offatr1_atr1p5-r2,2,2,pre,155,-16445.0,-1.107,0.8168,0.2968,1990.0
s6_offatr1_atr1p5-r2,2,2,nyam,192,-8318.0,-0.4485,0.9296,0.3438,2495.0
s6_offatr1_atr1p5-r3,2,3,all,475,-44885.0,-1.3864,0.8558,0.24,2495.0
s6_offatr1_atr1p5-r3,2,3,london,128,-20982.0,-1.3393,0.7477,0.2109,2330.0
s6_offatr1_atr1p5-r3,2,3,pre,155,-40110.0,-2.4536,0.6163,0.1806,1990.0
s6_offatr1_atr1p5-r3,2,3,nyam,192,16207.0,0.7048,1.1312,0.3073,2495.0
s6_offatr1_atr3-r0,2,4,all,475,-13760.0,-0.2468,0.9719,0.3474,4665.0
s6_offatr1_atr3-r0,2,4,london,128,-35787.0,-1.3049,0.752,0.2891,4665.0
s6_offatr1_atr3-r0,2,4,pre,155,-51195.0,-1.7043,0.707,0.2581,3975.0
s6_offatr1_atr3-r0,2,4,nyam,192,73222.0,1.9491,1.429,0.4583,4645.0
s6_offatr1_atr3-r1,2,5,all,475,-8155.0,-0.21,0.9792,0.5074,4665.0
s6_offatr1_atr3-r1,2,5,london,128,-5252.0,-0.2643,0.95,0.5,4665.0
s6_offatr1_atr3-r1,2,5,pre,155,-34050.0,-1.6241,0.753,0.4387,3975.0
s6_offatr1_atr3-r1,2,5,nyam,192,31147.0,1.2063,1.2088,0.5677,4645.0
s6_offatr1_atr3-r2,2,6,all,475,-19500.0,-0.3985,0.9587,0.3768,4665.0
s6_offatr1_atr3-r2,2,6,london,128,-26427.0,-1.0723,0.8041,0.3359,4665.0
s6_offatr1_atr3-r2,2,6,pre,155,-62150.0,-2.4695,0.6367,0.2774,3975.0
s6_offatr1_atr3-r2,2,6,nyam,192,69077.0,2.0745,1.4168,0.4844,4645.0
s6_offatr1_atr3-r3,2,7,all,475,-16660.0,-0.3122,0.9655,0.3537,4665.0
s6_offatr1_atr3-r3,2,7,london,128,-36417.0,-1.3926,0.7413,0.2969,4665.0
s6_offatr1_atr3-r3,2,7,pre,155,-51365.0,-1.8655,0.7016,0.271,3975.0
s6_offatr1_atr3-r3,2,7,nyam,192,71122.0,1.9262,1.4167,0.4583,4645.0
s6_offatr1_pts10-r0,2,8,all,475,-10535.0,-0.5567,0.8886,0.0547,325.0
s6_offatr1_pts10-r0,2,8,london,128,-2957.0,-0.2985,0.8834,0.0547,210.0
s6_offatr1_pts10-r0,2,8,pre,155,-9540.0,-0.9555,0.6971,0.0452,325.0
s6_offatr1_pts10-r0,2,8,nyam,192,1962.0,0.1545,1.052,0.0625,240.0
s6_offatr1_pts10-r1,2,9,all,475,-9385.0,-2.1185,0.8232,0.4695,295.0
s6_offatr1_pts10-r1,2,9,london,128,-3307.0,-1.4424,0.7746,0.4531,210.0
s6_offatr1_pts10-r1,2,9,pre,155,-3125.0,-1.225,0.8207,0.471,295.0
s6_offatr1_pts10-r1,2,9,nyam,192,-2953.0,-1.0482,0.8593,0.4792,240.0
s6_offatr1_pts10-r2,2,10,all,475,-14500.0,-2.3976,0.7938,0.2968,295.0
s6_offatr1_pts10-r2,2,10,london,128,-2007.0,-0.6254,0.89,0.3203,210.0
s6_offatr1_pts10-r2,2,10,pre,155,-9790.0,-2.9923,0.6058,0.2452,295.0
s6_offatr1_pts10-r2,2,10,nyam,192,-2703.0,-0.687,0.9008,0.3229,240.0
s6_offatr1_pts10-r3,2,11,all,475,-10455.0,-1.4039,0.8635,0.2337,295.0
s6_offatr1_pts10-r3,2,11,london,128,-1057.0,-0.2668,0.9475,0.25,210.0
s6_offatr1_pts10-r3,2,11,pre,155,-8630.0,-2.1628,0.6745,0.1935,295.0
s6_offatr1_pts10-r3,2,11,nyam,192,-768.0,-0.1574,0.9744,0.2552,240.0
s6_offatr1_pts20-r0,2,12,all,475,-610.0,-0.0194,0.9965,0.1074,2010.0
s6_offatr1_pts20-r0,2,12,london,128,-16837.0,-1.239,0.6661,0.0703,2010.0
s6_offatr1_pts20-r0,2,12,pre,155,-11855.0,-0.7803,0.7939,0.0968,525.0
s6_offatr1_pts20-r0,2,12,nyam,192,28082.0,1.1783,1.4158,0.1406,410.0
s6_offatr1_pts20-r1,2,13,all,475,-17500.0,-1.995,0.8327,0.4632,525.0
s6_offatr1_pts20-r1,2,13,london,128,-8952.0,-1.9805,0.7049,0.4219,415.0
s6_offatr1_pts20-r1,2,13,pre,155,-8865.0,-1.7709,0.7523,0.4387,525.0
s6_offatr1_pts20-r1,2,13,nyam,192,317.0,0.0567,1.0082,0.5104,410.0
s6_offatr1_pts20-r2,2,14,all,475,-11545.0,-0.9403,0.9129,0.32,525.0
s6_offatr1_pts20-r2,2,14,london,128,-9117.0,-1.4798,0.7586,0.2812,470.0
s6_offatr1_pts20-r2,2,14,pre,155,-9410.0,-1.3747,0.792,0.2903,525.0
s6_offatr1_pts20-r2,2,14,nyam,192,6982.0,0.8637,1.141,0.3698,410.0
s6_offatr1_pts20-r3,2,15,all,475,-10655.0,-0.7114,0.9278,0.2421,525.0
s6_offatr1_pts20-r3,2,15,london,128,-7557.0,-1.0018,0.8159,0.2188,470.0
s6_offatr1_pts20-r3,2,15,pre,155,-11195.0,-1.3732,0.7767,0.2129,525.0
s6_offatr1_pts20-r3,2,15,nyam,192,8097.0,0.8075,1.1433,0.2812,410.0
s6_offatr1_pts30-r0,2,16,all,475,-2525.0,-0.0674,0.9897,0.1558,2010.0
s6_offatr1_pts30-r0,2,16,london,128,-18122.0,-0.9933,0.746,0.1016,2010.0
s6_offatr1_pts30-r0,2,16,pre,155,-13595.0,-0.6771,0.8337,0.1355,640.0
s6_offatr1_pts30-r0,2,16,nyam,192,29192.0,1.1312,1.3172,0.2083,610.0
s6_offatr1_pts30-r1,2,17,all,475,-9910.0,-0.7536,0.9331,0.4884,640.0
s6_offatr1_pts30-r1,2,17,london,128,-6952.0,-1.018,0.8349,0.4609,625.0
s6_offatr1_pts30-r1,2,17,pre,155,-6510.0,-0.8658,0.8698,0.471,640.0
s6_offatr1_pts30-r1,2,17,nyam,192,3552.0,0.4246,1.0634,0.5208,610.0
s6_offatr1_pts30-r2,2,18,all,475,-1995.0,-0.1075,0.9896,0.3368,640.0
s6_offatr1_pts30-r2,2,18,london,128,-5847.0,-0.6149,0.8911,0.3125,625.0
s6_offatr1_pts30-r2,2,18,pre,155,-8390.0,-0.8083,0.8715,0.3097,640.0
s6_offatr1_pts30-r2,2,18,nyam,192,12242.0,1.0122,1.1674,0.375,610.0
s6_offatr1_pts30-r3,2,19,all,475,785.0,0.0346,1.0037,0.2589,640.0
s6_offatr1_pts30-r3,2,19,london,128,-1092.0,-0.0923,0.9814,0.25,625.0
s6_offatr1_pts30-r3,2,19,pre,155,-16265.0,-1.3356,0.7814,0.2129,640.0
s6_offatr1_pts30-r3,2,19,nyam,192,18142.0,1.2071,1.2222,0.3021,610.0
s6_offatr1_pts45-r0,2,20,all,475,-11180.0,-0.2652,0.9661,0.2316,2010.0
s6_offatr1_pts45-r0,2,20,london,128,-17972.0,-0.8513,0.8098,0.1953,2010.0
s6_offatr1_pts45-r0,2,20,pre,155,-23410.0,-1.015,0.7958,0.1871,935.0
s6_offatr1_pts45-r0,2,20,nyam,192,30202.0,1.0706,1.2506,0.2917,1000.0
s6_offatr1_pts45-r1,2,21,all,475,20280.0,1.0321,1.0995,0.5284,935.0
s6_offatr1_pts45-r1,2,21,london,128,83.0,0.0081,1.0014,0.5078,935.0
s6_offatr1_pts45-r1,2,21,pre,155,1625.0,0.1441,1.0235,0.5097,935.0
s6_offatr1_pts45-r1,2,21,nyam,192,18572.0,1.4907,1.2403,0.5573,910.0
s6_offatr1_pts45-r2,2,22,all,475,14920.0,0.5361,1.0536,0.3558,1065.0
s6_offatr1_pts45-r2,2,22,london,128,4063.0,0.2803,1.0543,0.3594,1065.0
s6_offatr1_pts45-r2,2,22,pre,155,-12270.0,-0.79,0.874,0.3097,935.0
s6_offatr1_pts45-r2,2,22,nyam,192,23127.0,1.2865,1.2181,0.3906,910.0
s6_offatr1_pts45-r3,2,23,all,475,-6250.0,-0.1905,0.98,0.2716,2010.0
s6_offatr1_pts45-r3,2,23,london,128,-3602.0,-0.2073,0.9585,0.2656,2010.0
s6_offatr1_pts45-r3,2,23,pre,155,-27190.0,-1.5406,0.753,0.2194,935.0
s6_offatr1_pts45-r3,2,23,nyam,192,24542.0,1.1445,1.2117,0.3177,1000.0
s6_offatr1_pct0p1-r0,2,24,all,475,-16925.0,-0.7621,0.8661,0.0716,400.0
s6_offatr1_pct0p1-r0,2,24,london,128,-12232.0,-1.2125,0.6469,0.0547,345.0
s6_offatr1_pct0p1-r0,2,24,pre,155,-6530.0,-0.4794,0.8432,0.071,400.0
s6_offatr1_pct0p1-r0,2,24,nyam,192,1837.0,0.1276,1.0367,0.0833,340.0
s6_offatr1_pct0p1-r1,2,25,all,475,-19580.0,-3.2132,0.7434,0.4379,400.0
s6_offatr1_pct0p1-r1,2,25,london,128,-6722.0,-2.1226,0.6858,0.4141,335.0
s6_offatr1_pct0p1-r1,2,25,pre,155,-7295.0,-2.0808,0.7141,0.4258,400.0
s6_offatr1_pct0p1-r1,2,25,nyam,192,-5563.0,-1.4403,0.8108,0.4635,340.0
s6_offatr1_pct0p1-r2,2,26,all,475,-18090.0,-2.1555,0.8107,0.2968,400.0
s6_offatr1_pct0p1-r2,2,26,london,128,-4692.0,-1.0599,0.8182,0.2891,335.0
s6_offatr1_pct0p1-r2,2,26,pre,155,-10595.0,-2.2808,0.6789,0.2645,400.0
s6_offatr1_pct0p1-r2,2,26,nyam,192,-2803.0,-0.5178,0.9237,0.3281,340.0
s6_offatr1_pct0p1-r3,2,27,all,475,-19865.0,-1.9662,0.8127,0.2211,400.0
s6_offatr1_pct0p1-r3,2,27,london,128,-9777.0,-1.9498,0.6724,0.1875,345.0
s6_offatr1_pct0p1-r3,2,27,pre,155,-5640.0,-0.9588,0.8372,0.2258,400.0
s6_offatr1_pct0p1-r3,2,27,nyam,192,-4448.0,-0.682,0.893,0.2396,340.0
s6_offatr1_pct0p2-r0,2,28,all,475,1360.0,0.037,1.006,0.1453,2010.0
s6_offatr1_pct0p2-r0,2,28,london,128,-16972.0,-0.955,0.7457,0.0938,2010.0
s6_offatr1_pct0p2-r0,2,28,pre,155,-10940.0,-0.5552,0.8562,0.129,685.0
s6_offatr1_pct0p2-r0,2,28,nyam,192,29272.0,1.1558,1.3439,0.1927,680.0
s6_offatr1_pct0p2-r1,2,29,all,475,-5520.0,-0.4522,0.959,0.4968,685.0
s6_offatr1_pct0p2-r1,2,29,london,128,-6672.0,-1.0468,0.8296,0.4531,665.0
s6_offatr1_pct0p2-r1,2,29,pre,155,-8335.0,-1.1892,0.8245,0.4645,685.0
s6_offatr1_pct0p2-r1,2,29,nyam,192,9487.0,1.2383,1.1976,0.5521,660.0
s6_offatr1_pct0p2-r2,2,30,all,475,3700.0,0.2137,1.0211,0.3453,685.0
s6_offatr1_pct0p2-r2,2,30,london,128,-5962.0,-0.6741,0.8807,0.3125,685.0
s6_offatr1_pct0p2-r2,2,30,pre,155,-6180.0,-0.6334,0.8971,0.3161,685.0
s6_offatr1_pct0p2-r2,2,30,nyam,192,15842.0,1.4132,1.2425,0.3906,660.0
s6_offatr1_pct0p2-r3,2,31,all,475,-165.0,-0.0079,0.9992,0.2611,685.0
s6_offatr1_pct0p2-r3,2,31,london,128,-3087.0,-0.2819,0.9437,0.2422,685.0
s6_offatr1_pct0p2-r3,2,31,pre,155,-14395.0,-1.2731,0.7901,0.2194,685.0
s6_offatr1_pct0p2-r3,2,31,nyam,192,17317.0,1.2609,1.2338,0.3073,680.0
s6_offptsA_atr1p5-r0,3,0,all,567,-51418.0,-1.1278,0.8713,0.1764,2560.0
s6_offptsA_atr1p5-r0,3,0,london,255,-47835.0,-1.7263,0.7342,0.149,2330.0
s6_offptsA_atr1p5-r0,3,0,pre,203,-31532.0,-1.0878,0.7969,0.1626,2560.0
s6_offptsA_atr1p5-r0,3,0,nyam,109,27949.0,1.3005,1.4344,0.2661,2490.0
s6_offptsA_atr1p5-r1,3,1,all,567,-10303.0,-0.4611,0.9586,0.4903,2560.0
s6_offptsA_atr1p5-r1,3,1,london,255,-6000.0,-0.4203,0.9447,0.4745,1770.0
s6_offptsA_atr1p5-r1,3,1,pre,203,-17272.0,-1.1998,0.83,0.4631,2560.0
s6_offptsA_atr1p5-r1,3,1,nyam,109,12969.0,1.3899,1.3331,0.578,1830.0
s6_offptsA_atr1p5-r2,3,2,all,567,-7448.0,-0.2373,0.9773,0.3316,2560.0
s6_offptsA_atr1p5-r2,3,2,london,255,-16340.0,-0.8233,0.8886,0.3098,1860.0
s6_offptsA_atr1p5-r2,3,2,pre,203,-2477.0,-0.122,0.9801,0.335,2560.0
s6_offptsA_atr1p5-r2,3,2,nyam,109,11369.0,0.8467,1.2009,0.3761,2490.0
s6_offptsA_atr1p5-r3,3,3,all,567,-31158.0,-0.8402,0.9163,0.2416,2560.0
s6_offptsA_atr1p5-r3,3,3,london,255,-33690.0,-1.4685,0.7988,0.2157,2330.0
s6_offptsA_atr1p5-r3,3,3,pre,203,-15302.0,-0.6401,0.8924,0.2365,2560.0
s6_offptsA_atr1p5-r3,3,3,nyam,109,17834.0,1.0742,1.2857,0.3119,2490.0
s6_offptsA_atr3-r0,3,4,all,567,-50533.0,-0.8331,0.9172,0.328,5110.0
s6_offptsA_atr3-r0,3,4,london,255,-49790.0,-1.3228,0.8189,0.3176,4665.0
s6_offptsA_atr3-r0,3,4,pre,203,-41202.0,-1.0538,0.8293,0.2857,5110.0
s6_offptsA_atr3-r0,3,4,nyam,109,40459.0,1.51,1.4299,0.4312,3660.0
s6_offptsA_atr3-r1,3,5,all,567,-5903.0,-0.1356,0.9876,0.5009,5110.0
s6_offptsA_atr3-r1,3,5,london,255,3875.0,0.137,1.0188,0.5137,3715.0
s6_offptsA_atr3-r1,3,5,pre,203,-21097.0,-0.7561,0.8877,0.468,5110.0
s6_offptsA_atr3-r1,3,5,nyam,109,11319.0,0.6333,1.138,0.5321,3660.0
s6_offptsA_atr3-r2,3,6,all,567,-43498.0,-0.8026,0.9258,0.3668,5110.0
s6_offptsA_atr3-r2,3,6,london,255,-32980.0,-0.9557,0.8746,0.3608,4665.0
s6_offptsA_atr3-r2,3,6,pre,203,-42807.0,-1.2539,0.8145,0.33,5110.0
s6_offptsA_atr3-r2,3,6,nyam,109,32289.0,1.3498,1.3497,0.4495,3660.0
s6_offptsA_atr3-r3,3,7,all,567,-54888.0,-0.9439,0.9095,0.3333,5110.0
s6_offptsA_atr3-r3,3,7,london,255,-44755.0,-1.2309,0.8358,0.3255,4665.0
s6_offptsA_atr3-r3,3,7,pre,203,-44967.0,-1.2049,0.8127,0.2906,5110.0
s6_offptsA_atr3-r3,3,7,nyam,109,34834.0,1.3612,1.3701,0.4312,3660.0
s6_offptsA_pts10-r0,3,8,all,567,-27973.0,-1.2729,0.7567,0.0441,1615.0
s6_offptsA_pts10-r0,3,8,london,255,-10050.0,-0.6249,0.8094,0.0392,1615.0
s6_offptsA_pts10-r0,3,8,pre,203,-18212.0,-1.4576,0.5568,0.0345,225.0
s6_offptsA_pts10-r0,3,8,nyam,109,289.0,0.0348,1.0137,0.0734,205.0
s6_offptsA_pts10-r1,3,9,all,567,-10163.0,-2.1054,0.8379,0.4727,225.0
s6_offptsA_pts10-r1,3,9,london,255,-3975.0,-1.2259,0.8575,0.4784,205.0
s6_offptsA_pts10-r1,3,9,pre,203,-2422.0,-0.8358,0.889,0.4877,225.0
s6_offptsA_pts10-r1,3,9,nyam,109,-3766.0,-1.7887,0.7098,0.4312,205.0
s6_offptsA_pts10-r2,3,10,all,567,-9243.0,-1.3736,0.8858,0.3192,225.0
s6_offptsA_pts10-r2,3,10,london,255,-3800.0,-0.8395,0.8952,0.3216,205.0
s6_offptsA_pts10-r2,3,10,pre,203,-1397.0,-0.3421,0.9507,0.335,225.0
s6_offptsA_pts10-r2,3,10,nyam,109,-4046.0,-1.4128,0.7521,0.2844,205.0
s6_offptsA_pts10-r3,3,11,all,567,-7703.0,-0.9348,0.9144,0.2434,225.0
s6_offptsA_pts10-r3,3,11,london,255,-5950.0,-1.0944,0.8553,0.2314,210.0
s6_offptsA_pts10-r3,3,11,pre,203,1733.0,0.3388,1.0558,0.2709,225.0
s6_offptsA_pts10-r3,3,11,nyam,109,-3486.0,-0.996,0.804,0.2202,205.0
s6_offptsA_pts20-r0,3,12,all,567,-43573.0,-1.4439,0.7955,0.0882,1615.0
s6_offptsA_pts20-r0,3,12,london,255,-29910.0,-1.5328,0.6961,0.0706,1615.0
s6_offptsA_pts20-r0,3,12,pre,203,-19197.0,-1.0283,0.748,0.0837,415.0
s6_offptsA_pts20-r0,3,12,nyam,109,5534.0,0.4097,1.1439,0.1376,405.0
s6_offptsA_pts20-r1,3,13,all,567,-17108.0,-1.7854,0.8607,0.4709,415.0
s6_offptsA_pts20-r1,3,13,london,255,-6155.0,-0.956,0.887,0.4784,410.0
s6_offptsA_pts20-r1,3,13,pre,203,-2582.0,-0.4489,0.9388,0.4926,415.0
s6_offptsA_pts20-r1,3,13,nyam,109,-8371.0,-2.0131,0.6804,0.4128,405.0
s6_offptsA_pts20-r2,3,14,all,567,-18808.0,-1.4128,0.8822,0.3122,415.0
s6_offptsA_pts20-r2,3,14,london,255,-10425.0,-1.1728,0.8562,0.3059,415.0
s6_offptsA_pts20-r2,3,14,pre,203,-2347.0,-0.2899,0.9578,0.33,415.0
s6_offptsA_pts20-r2,3,14,nyam,109,-6036.0,-1.0485,0.8084,0.2936,405.0
s6_offptsA_pts20-r3,3,15,all,567,-12238.0,-0.7472,0.9305,0.2416,415.0
s6_offptsA_pts20-r3,3,15,london,255,-12930.0,-1.2081,0.8406,0.2235,415.0
s6_offptsA_pts20-r3,3,15,pre,203,348.0,0.0348,1.0056,0.2562,415.0
s6_offptsA_pts20-r3,3,15,nyam,109,344.0,0.0468,1.0104,0.2569,405.0
s6_offptsA_pts30-r0,3,16,all,567,-42873.0,-1.1933,0.8547,0.1464,1615.0
s6_offptsA_pts30-r0,3,16,london,255,-43845.0,-1.9884,0.6814,0.1216,1615.0
s6_offptsA_pts30-r0,3,16,pre,203,-17002.0,-0.7326,0.8424,0.1281,615.0
s6_offptsA_pts30-r0,3,16,nyam,109,17974.0,1.1103,1.3619,0.2385,605.0
s6_offptsA_pts30-r1,3,17,all,567,-11973.0,-0.8327,0.9324,0.4885,950.0
s6_offptsA_pts30-r1,3,17,london,255,-9890.0,-1.0241,0.8794,0.4745,950.0
s6_offptsA_pts30-r1,3,17,pre,203,-5587.0,-0.6494,0.9127,0.4828,615.0
s6_offptsA_pts30-r1,3,17,nyam,109,3504.0,0.5556,1.1128,0.5321,605.0
s6_offptsA_pts30-r2,3,18,all,567,-4988.0,-0.246,0.9784,0.3333,950.0
s6_offptsA_pts30-r2,3,18,london,255,-9845.0,-0.7325,0.9074,0.3176,950.0
s6_offptsA_pts30-r2,3,18,pre,203,-2757.0,-0.2274,0.9667,0.33,615.0
s6_offptsA_pts30-r2,3,18,nyam,109,7614.0,0.8302,1.1838,0.3761,605.0
s6_offptsA_pts30-r3,3,19,all,567,-14533.0,-0.5946,0.9442,0.2469,950.0
s6_offptsA_pts30-r3,3,19,london,255,-14325.0,-0.8881,0.88,0.2353,950.0
s6_offptsA_pts30-r3,3,19,pre,203,-12092.0,-0.841,0.8728,0.2315,615.0
s6_offptsA_pts30-r3,3,19,nyam,109,11884.0,1.0413,1.2584,0.3028,605.0
s6_offptsA_pts45-r0,3,20,all,567,-13928.0,-0.3052,0.9651,0.2187,1615.0
s6_offptsA_pts45-r0,3,20,london,255,-25180.0,-0.8653,0.8627,0.2039,1615.0
s6_offptsA_pts45-r0,3,20,pre,203,-33287.0,-1.2313,0.7822,0.1724,925.0
s6_offptsA_pts45-r0,3,20,nyam,109,44539.0,2.0183,1.7092,0.3394,905.0
s6_offptsA_pts45-r1,3,21,all,567,7662.0,0.3567,1.0305,0.5115,950.0
s6_offptsA_pts45-r1,3,21,london,255,2530.0,0.1758,1.0224,0.5098,950.0
s6_offptsA_pts45-r1,3,21,pre,203,-9497.0,-0.7373,0.9015,0.4778,915.0
s6_offptsA_pts45-r1,3,21,nyam,109,14629.0,1.5645,1.3498,0.578,905.0
s6_offptsA_pts45-r2,3,22,all,567,-10398.0,-0.3465,0.9696,0.3351,950.0
s6_offptsA_pts45-r2,3,22,london,255,-7100.0,-0.3539,0.9539,0.3333,950.0
s6_offptsA_pts45-r2,3,22,pre,203,-26427.0,-1.5147,0.7982,0.2906,915.0
s6_offptsA_pts45-r2,3,22,nyam,109,23129.0,1.6844,1.408,0.422,905.0
s6_offptsA_pts45-r3,3,23,all,567,-15868.0,-0.4441,0.9579,0.2646,1615.0
s6_offptsA_pts45-r3,3,23,london,255,-13110.0,-0.5462,0.9239,0.2549,1615.0
s6_offptsA_pts45-r3,3,23,pre,203,-32962.0,-1.6138,0.7706,0.2217,925.0
s6_offptsA_pts45-r3,3,23,nyam,109,30204.0,1.8242,1.4994,0.367,905.0
s6_offptsA_pct0p1-r0,3,24,all,567,-40903.0,-1.6619,0.7329,0.06,1615.0
s6_offptsA_pct0p1-r0,3,24,london,255,-24410.0,-1.4806,0.6538,0.0471,1615.0
s6_offptsA_pct0p1-r0,3,24,pre,203,-20937.0,-1.4564,0.6186,0.0493,345.0
s6_offptsA_pct0p1-r0,3,24,nyam,109,4444.0,0.3931,1.1602,0.1101,340.0
s6_offptsA_pct0p1-r1,3,25,all,567,-13063.0,-1.9542,0.8476,0.4691,345.0
s6_offptsA_pct0p1-r1,3,25,london,255,-3655.0,-0.8132,0.9024,0.4824,340.0
s6_offptsA_pct0p1-r1,3,25,pre,203,-3492.0,-0.8727,0.8836,0.4828,345.0
s6_offptsA_pct0p1-r1,3,25,nyam,109,-5916.0,-2.0298,0.6762,0.4128,340.0
s6_offptsA_pct0p1-r2,3,26,all,567,-19478.0,-2.1203,0.8278,0.3016,345.0
s6_offptsA_pct0p1-r2,3,26,london,255,-9220.0,-1.4956,0.8194,0.298,340.0
s6_offptsA_pct0p1-r2,3,26,pre,203,-1967.0,-0.3502,0.9492,0.335,345.0
s6_offptsA_pct0p1-r2,3,26,nyam,109,-8291.0,-2.1548,0.6453,0.2477,340.0
s6_offptsA_pct0p1-r3,3,27,all,567,-18138.0,-1.6223,0.8548,0.2293,345.0
s6_offptsA_pct0p1-r3,3,27,london,255,-12745.0,-1.7392,0.7779,0.2118,340.0
s6_offptsA_pct0p1-r3,3,27,pre,203,1008.0,0.1446,1.0236,0.266,345.0
s6_offptsA_pct0p1-r3,3,27,nyam,109,-6401.0,-1.3431,0.7423,0.2018,340.0
s6_offptsA_pct0p2-r0,3,28,all,567,-41938.0,-1.2122,0.8472,0.1358,1615.0
s6_offptsA_pct0p2-r0,3,28,london,255,-49350.0,-2.3753,0.6187,0.102,1615.0
s6_offptsA_pct0p2-r0,3,28,pre,203,-10907.0,-0.4821,0.8897,0.1281,685.0
s6_offptsA_pct0p2-r0,3,28,nyam,109,18319.0,1.1638,1.3967,0.2294,680.0
s6_offptsA_pct0p2-r1,3,29,all,567,-26158.0,-1.9684,0.8466,0.4638,685.0
s6_offptsA_pct0p2-r1,3,29,london,255,-14795.0,-1.6611,0.8109,0.4549,655.0
s6_offptsA_pct0p2-r1,3,29,pre,203,-8742.0,-1.0994,0.8557,0.468,685.0
s6_offptsA_pct0p2-r1,3,29,nyam,109,-2621.0,-0.4457,0.9172,0.4771,680.0
s6_offptsA_pct0p2-r2,3,30,all,567,-16468.0,-0.8855,0.9238,0.3228,950.0
s6_offptsA_pct0p2-r2,3,30,london,255,-19715.0,-1.6258,0.8053,0.298,950.0
s6_offptsA_pct0p2-r2,3,30,pre,203,-4602.0,-0.4122,0.9401,0.3251,685.0
s6_offptsA_pct0p2-r2,3,30,nyam,109,7849.0,0.9143,1.2065,0.3761,680.0
s6_offptsA_pct0p2-r3,3,31,all,567,-19058.0,-0.8496,0.9209,0.2451,950.0
s6_offptsA_pct0p2-r3,3,31,london,255,-22170.0,-1.5265,0.802,0.2235,950.0
s6_offptsA_pct0p2-r3,3,31,pre,203,-7522.0,-0.5601,0.9129,0.2414,685.0
s6_offptsA_pct0p2-r3,3,31,nyam,109,10634.0,1.0084,1.2506,0.3028,680.0
s6_offptsB_atr1p5-r0,4,0,all,513,-81967.0,-1.9988,0.7809,0.1832,2555.0
s6_offptsB_atr1p5-r0,4,0,london,170,-46630.0,-1.9469,0.6564,0.1353,2330.0
s6_offptsB_atr1p5-r0,4,0,pre,180,-43070.0,-1.681,0.6931,0.1667,2555.0
s6_offptsB_atr1p5-r0,4,0,nyam,163,7733.0,0.3655,1.0789,0.2515,2490.0
s6_offptsB_atr1p5-r1,4,1,all,513,-31617.0,-1.4482,0.8702,0.4795,2555.0
s6_offptsB_atr1p5-r1,4,1,london,170,-22175.0,-1.7487,0.7498,0.4529,1860.0
s6_offptsB_atr1p5-r1,4,1,pre,180,-13780.0,-0.9994,0.8481,0.4667,2555.0
s6_offptsB_atr1p5-r1,4,1,nyam,163,4338.0,0.3873,1.0675,0.5215,1830.0
s6_offptsB_atr1p5-r2,4,2,all,513,-39632.0,-1.3396,0.8746,0.3255,2555.0
s6_offptsB_atr1p5-r2,4,2,london,170,-15525.0,-0.8814,0.8577,0.3059,1860.0
s6_offptsB_atr1p5-r2,4,2,pre,180,-27635.0,-1.5149,0.7706,0.3,2555.0
s6_offptsB_atr1p5-r2,4,2,nyam,163,3528.0,0.2312,1.0408,0.3742,2490.0
s6_offptsB_atr1p5-r3,4,3,all,513,-30372.0,-0.8521,0.9123,0.2554,2555.0
s6_offptsB_atr1p5-r3,4,3,london,170,-24815.0,-1.2178,0.7989,0.2235,2330.0
s6_offptsB_atr1p5-r3,4,3,pre,180,-32025.0,-1.451,0.759,0.2111,2555.0
s6_offptsB_atr1p5-r3,4,3,nyam,163,26468.0,1.3925,1.2936,0.3374,2490.0
s6_offptsB_atr3-r0,4,4,all,513,-46627.0,-0.7992,0.9174,0.3392,5110.0
s6_offptsB_atr3-r0,4,4,london,170,-42025.0,-1.2312,0.795,0.2882,4665.0
s6_offptsB_atr3-r0,4,4,pre,180,-49655.0,-1.3486,0.7765,0.3,5110.0
s6_offptsB_atr3-r0,4,4,nyam,163,45053.0,1.5326,1.3281,0.4356,3660.0
s6_offptsB_atr3-r1,4,5,all,513,-26872.0,-0.6321,0.941,0.4951,5110.0
s6_offptsB_atr3-r1,4,5,london,170,-9135.0,-0.3617,0.942,0.4706,3590.0
s6_offptsB_atr3-r1,4,5,pre,180,-43960.0,-1.6513,0.7605,0.45,5110.0
s6_offptsB_atr3-r1,4,5,nyam,163,26223.0,1.2314,1.2289,0.5706,3660.0
s6_offptsB_atr3-r2,4,6,all,513,-40317.0,-0.7593,0.9265,0.3723,5110.0
s6_offptsB_atr3-r2,4,6,london,170,-44645.0,-1.4503,0.7782,0.3235,4665.0
s6_offptsB_atr3-r2,4,6,pre,180,-48335.0,-1.4833,0.7742,0.3333,5110.0
s6_offptsB_atr3-r2,4,6,nyam,163,52663.0,1.8836,1.3957,0.4663,3660.0
s6_offptsB_atr3-r3,4,7,all,513,-58257.0,-1.0497,0.8963,0.3431,5110.0
s6_offptsB_atr3-r3,4,7,london,170,-54670.0,-1.7261,0.7333,0.2882,4665.0
s6_offptsB_atr3-r3,4,7,pre,180,-44300.0,-1.259,0.7983,0.3111,5110.0
s6_offptsB_atr3-r3,4,7,nyam,163,40713.0,1.4232,1.2965,0.4356,3660.0
s6_offptsB_pts10-r0,4,8,all,513,-5517.0,-0.2524,0.9466,0.0546,1815.0
s6_offptsB_pts10-r0,4,8,london,170,-9070.0,-0.7646,0.7483,0.0353,1815.0
s6_offptsB_pts10-r0,4,8,pre,180,-2810.0,-0.1935,0.9217,0.05,220.0
s6_offptsB_pts10-r0,4,8,nyam,163,6363.0,0.5644,1.2024,0.0798,245.0
s6_offptsB_pts10-r1,4,9,all,513,-8232.0,-1.7908,0.8537,0.4776,245.0
s6_offptsB_pts10-r1,4,9,london,170,-1595.0,-0.6009,0.9117,0.4941,215.0
s6_offptsB_pts10-r1,4,9,pre,180,-1245.0,-0.456,0.9341,0.5,215.0
s6_offptsB_pts10-r1,4,9,nyam,163,-5392.0,-2.0918,0.7207,0.4356,245.0
s6_offptsB_pts10-r2,4,10,all,513,-8282.0,-1.2929,0.8869,0.3197,245.0
s6_offptsB_pts10-r2,4,10,london,170,-2955.0,-0.8012,0.8786,0.3176,215.0
s6_offptsB_pts10-r2,4,10,pre,180,995.0,0.255,1.0409,0.3556,220.0
s6_offptsB_pts10-r2,4,10,nyam,163,-6322.0,-1.8106,0.7424,0.2822,245.0
s6_offptsB_pts10-r3,4,11,all,513,-9337.0,-1.2003,0.8862,0.2378,245.0
s6_offptsB_pts10-r3,4,11,london,170,-1835.0,-0.4037,0.9317,0.2471,215.0
s6_offptsB_pts10-r3,4,11,pre,180,-2330.0,-0.5,0.9184,0.2444,220.0
s6_offptsB_pts10-r3,4,11,nyam,163,-5172.0,-1.2083,0.8058,0.2209,245.0
s6_offptsB_pts20-r0,4,12,all,513,-7257.0,-0.2439,0.9615,0.1111,1815.0
s6_offptsB_pts20-r0,4,12,london,170,-14085.0,-0.814,0.7856,0.0765,1815.0
s6_offptsB_pts20-r0,4,12,pre,180,-15430.0,-0.9236,0.7686,0.1,545.0
s6_offptsB_pts20-r0,4,12,nyam,163,22258.0,1.2741,1.3968,0.1595,410.0
s6_offptsB_pts20-r1,4,13,all,513,3148.0,0.3445,1.0309,0.5166,545.0
s6_offptsB_pts20-r1,4,13,london,170,-2785.0,-0.5287,0.9219,0.4882,410.0
s6_offptsB_pts20-r1,4,13,pre,180,3400.0,0.6266,1.0982,0.5333,545.0
s6_offptsB_pts20-r1,4,13,nyam,163,2533.0,0.4919,1.0804,0.5276,410.0
s6_offptsB_pts20-r2,4,14,all,513,4163.0,0.3197,1.0303,0.347,545.0
s6_offptsB_pts20-r2,4,14,london,170,-930.0,-0.1249,0.9799,0.3353,410.0
s6_offptsB_pts20-r2,4,14,pre,180,3115.0,0.4002,1.0651,0.3556,545.0
s6_offptsB_pts20-r2,4,14,nyam,163,1978.0,0.2687,1.0456,0.3497,410.0
s6_offptsB_pts20-r3,4,15,all,513,12198.0,0.755,1.0795,0.271,545.0
s6_offptsB_pts20-r3,4,15,london,170,-2210.0,-0.244,0.9579,0.2471,410.0
s6_offptsB_pts20-r3,4,15,pre,180,8890.0,0.9111,1.1686,0.2889,545.0
s6_offptsB_pts20-r3,4,15,nyam,163,5518.0,0.6004,1.1142,0.2761,410.0
s6_offptsB_pts30-r0,4,16,all,513,-30762.0,-0.8909,0.8842,0.152,1815.0
s6_offptsB_pts30-r0,4,16,london,170,-22530.0,-1.1113,0.7605,0.1059,1815.0
s6_offptsB_pts30-r0,4,16,pre,180,-23765.0,-1.1451,0.7519,0.1278,655.0
s6_offptsB_pts30-r0,4,16,nyam,163,15533.0,0.8309,1.2052,0.227,605.0
s6_offptsB_pts30-r1,4,17,all,513,4313.0,0.3157,1.0283,0.5127,655.0
s6_offptsB_pts30-r1,4,17,london,170,-1185.0,-0.1503,0.9771,0.5,610.0
s6_offptsB_pts30-r1,4,17,pre,180,-60.0,-0.0074,0.9989,0.5056,655.0
s6_offptsB_pts30-r1,4,17,nyam,163,5558.0,0.7219,1.1201,0.5337,605.0
s6_offptsB_pts30-r2,4,18,all,513,17588.0,0.8992,1.0877,0.3587,655.0
s6_offptsB_pts30-r2,4,18,london,170,-750.0,-0.0673,0.9891,0.3353,610.0
s6_offptsB_pts30-r2,4,18,pre,180,3370.0,0.2918,1.0472,0.35,655.0
s6_offptsB_pts30-r2,4,18,nyam,163,14968.0,1.3359,1.2482,0.3926,605.0
s6_offptsB_pts30-r3,4,19,all,513,16528.0,0.6893,1.0725,0.2729,1015.0
s6_offptsB_pts30-r3,4,19,london,170,-640.0,-0.0467,0.9918,0.2529,1015.0
s6_offptsB_pts30-r3,4,19,pre,180,-9940.0,-0.7318,0.882,0.2333,655.0
s6_offptsB_pts30-r3,4,19,nyam,163,27108.0,1.9146,1.4121,0.3374,605.0
s6_offptsB_pts45-r0,4,20,all,513,-37617.0,-0.9212,0.8956,0.2183,1815.0
s6_offptsB_pts45-r0,4,20,london,170,-38790.0,-1.6761,0.7033,0.1529,1815.0
s6_offptsB_pts45-r0,4,20,pre,180,-24355.0,-0.9591,0.8155,0.1889,925.0
s6_offptsB_pts45-r0,4,20,nyam,163,25528.0,1.1651,1.2615,0.319,920.0
s6_offptsB_pts45-r1,4,21,all,513,9948.0,0.4864,1.0439,0.5146,925.0
s6_offptsB_pts45-r1,4,21,london,170,-8390.0,-0.7114,0.8964,0.4765,915.0
s6_offptsB_pts45-r1,4,21,pre,180,5980.0,0.4928,1.0764,0.5222,925.0
s6_offptsB_pts45-r1,4,21,nyam,163,12358.0,1.0745,1.1837,0.546,905.0
s6_offptsB_pts45-r2,4,22,all,513,18568.0,0.6408,1.0619,0.3567,1015.0
s6_offptsB_pts45-r2,4,22,london,170,-7475.0,-0.4541,0.9286,0.3235,1015.0
s6_offptsB_pts45-r2,4,22,pre,180,-7965.0,-0.4706,0.9282,0.3222,925.0
s6_offptsB_pts45-r2,4,22,nyam,163,34008.0,2.0382,1.4041,0.4294,905.0
s6_offptsB_pts45-r3,4,23,all,513,-2197.0,-0.0641,0.9935,0.271,1815.0
s6_offptsB_pts45-r3,4,23,london,170,-15875.0,-0.8081,0.8669,0.2353,1815.0
s6_offptsB_pts45-r3,4,23,pre,180,-13040.0,-0.6521,0.8939,0.2444,925.0
s6_offptsB_pts45-r3,4,23,nyam,163,26718.0,1.3571,1.2815,0.3374,920.0
s6_offptsB_pct0p1-r0,4,24,all,513,-12827.0,-0.5272,0.9064,0.076,1815.0
s6_offptsB_pct0p1-r0,4,24,london,170,-7355.0,-0.5408,0.8425,0.0647,1815.0
s6_offptsB_pct0p1-r0,4,24,pre,180,-10275.0,-0.6846,0.7861,0.0667,345.0
s6_offptsB_pct0p1-r0,4,24,nyam,163,4803.0,0.3547,1.1136,0.0982,340.0
s6_offptsB_pct0p1-r1,4,25,all,513,-6432.0,-1.0112,0.9139,0.4912,340.0
s6_offptsB_pct0p1-r1,4,25,london,170,-305.0,-0.0833,0.9872,0.5059,330.0
s6_offptsB_pct0p1-r1,4,25,pre,180,1200.0,0.3187,1.0492,0.5278,340.0
s6_offptsB_pct0p1-r1,4,25,nyam,163,-7327.0,-2.0499,0.7237,0.4356,335.0
s6_offptsB_pct0p1-r2,4,26,all,513,-6862.0,-0.7701,0.9304,0.3294,340.0
s6_offptsB_pct0p1-r2,4,26,london,170,350.0,0.067,1.011,0.3412,330.0
s6_offptsB_pct0p1-r2,4,26,pre,180,-865.0,-0.1628,0.9746,0.3444,340.0
s6_offptsB_pct0p1-r2,4,26,nyam,163,-6347.0,-1.2939,0.8067,0.3006,340.0
s6_offptsB_pct0p1-r3,4,27,all,513,-4062.0,-0.3715,0.963,0.2534,345.0
s6_offptsB_pct0p1-r3,4,27,london,170,-2745.0,-0.4383,0.9251,0.2412,330.0
s6_offptsB_pct0p1-r3,4,27,pre,180,1690.0,0.2565,1.0448,0.2722,345.0
s6_offptsB_pct0p1-r3,4,27,nyam,163,-3007.0,-0.4923,0.9151,0.2454,340.0
s6_offptsB_pct0p2-r0,4,28,all,513,-15157.0,-0.4476,0.938,0.1481,1815.0
s6_offptsB_pct0p2-r0,4,28,london,170,-16765.0,-0.8523,0.8045,0.1059,1815.0
s6_offptsB_pct0p2-r0,4,28,pre,180,-19460.0,-0.9558,0.78,0.1222,680.0
s6_offptsB_pct0p2-r0,4,28,nyam,163,21068.0,1.1361,1.2996,0.2209,680.0
s6_offptsB_pct0p2-r1,4,29,all,513,698.0,0.0552,1.0049,0.5107,675.0
s6_offptsB_pct0p2-r1,4,29,london,170,-2970.0,-0.4079,0.9388,0.4882,660.0
s6_offptsB_pct0p2-r1,4,29,pre,180,-1435.0,-0.1913,0.9716,0.5111,675.0
s6_offptsB_pct0p2-r1,4,29,nyam,163,5103.0,0.7129,1.1194,0.5337,660.0
s6_offptsB_pct0p2-r2,4,30,all,513,9128.0,0.5066,1.0488,0.3509,680.0
s6_offptsB_pct0p2-r2,4,30,london,170,-2315.0,-0.2256,0.9637,0.3294,660.0
s6_offptsB_pct0p2-r2,4,30,pre,180,-780.0,-0.074,0.9884,0.3444,680.0
s6_offptsB_pct0p2-r2,4,30,nyam,163,12223.0,1.1717,1.217,0.3804,660.0
s6_offptsB_pct0p2-r3,4,31,all,513,9438.0,0.4308,1.0448,0.271,680.0
s6_offptsB_pct0p2-r3,4,31,london,170,-110.0,-0.0087,0.9985,0.2529,660.0
s6_offptsB_pct0p2-r3,4,31,pre,180,-3600.0,-0.2839,0.9526,0.2556,680.0
s6_offptsB_pct0p2-r3,4,31,nyam,163,13148.0,1.0394,1.2064,0.3067,680.0
s7_offatr0p25_atr1p5-r0,0,0,all,568,-36632.0,-0.8127,0.9082,0.1937,2600.0
s7_offatr0p25_atr1p5-r0,0,0,london,257,-14648.0,-0.4819,0.9175,0.1751,2315.0
s7_offatr0p25_atr1p5-r0,0,0,pre,203,5128.0,0.1747,1.0363,0.197,2600.0
s7_offatr0p25_atr1p5-r0,0,0,nyam,108,-27112.0,-1.7226,0.6628,0.2315,2480.0
s7_offatr0p25_atr1p5-r1,0,1,all,568,-24967.0,-1.1036,0.9037,0.4859,2600.0
s7_offatr0p25_atr1p5-r1,0,1,london,257,-7633.0,-0.5298,0.9303,0.4825,1770.0
s7_offatr0p25_atr1p5-r1,0,1,pre,203,-19342.0,-1.4398,0.8022,0.4729,2600.0
s7_offatr0p25_atr1p5-r1,0,1,nyam,108,2008.0,0.1798,1.0388,0.5185,2480.0
s7_offatr0p25_atr1p5-r2,0,2,all,568,-2672.0,-0.0846,0.9919,0.3433,2600.0
s7_offatr0p25_atr1p5-r2,0,2,london,257,-2238.0,-0.11,0.9842,0.3346,2050.0
s7_offatr0p25_atr1p5-r2,0,2,pre,203,1603.0,0.0847,1.0137,0.3498,2600.0
s7_offatr0p25_atr1p5-r2,0,2,nyam,108,-2037.0,-0.1344,0.9708,0.3519,2480.0
s7_offatr0p25_atr1p5-r3,0,3,all,568,-23812.0,-0.6533,0.9356,0.2658,2600.0
s7_offatr0p25_atr1p5-r3,0,3,london,257,1082.0,0.0449,1.0068,0.2724,2315.0
s7_offatr0p25_atr1p5-r3,0,3,pre,203,-16102.0,-0.753,0.8803,0.2512,2600.0
s7_offatr0p25_atr1p5-r3,0,3,nyam,108,-8792.0,-0.513,0.8858,0.2778,2480.0
s7_offatr0p25_atr3-r0,0,4,all,568,32013.0,0.5125,1.0553,0.3574,4960.0
s7_offatr0p25_atr3-r0,0,4,london,257,16507.0,0.3787,1.0615,0.3424,4635.0
s7_offatr0p25_atr3-r0,0,4,pre,203,25048.0,0.6796,1.1255,0.3645,4295.0
s7_offatr0p25_atr3-r0,0,4,nyam,108,-9542.0,-0.373,0.9141,0.3796,4960.0
s7_offatr0p25_atr3-r1,0,5,all,568,52373.0,1.2169,1.1186,0.5264,4960.0
s7_offatr0p25_atr3-r1,0,5,london,257,20572.0,0.744,1.1069,0.5253,4015.0
s7_offatr0p25_atr3-r1,0,5,pre,203,22593.0,0.8784,1.1438,0.5222,4295.0
s7_offatr0p25_atr3-r1,0,5,nyam,108,9208.0,0.4426,1.1002,0.537,4960.0
s7_offatr0p25_atr3-r2,0,6,all,568,-7117.0,-0.1326,0.9872,0.3873,4960.0
s7_offatr0p25_atr3-r2,0,6,london,257,-6493.0,-0.1813,0.9744,0.3813,4635.0
s7_offatr0p25_atr3-r2,0,6,pre,203,12703.0,0.3918,1.0653,0.3941,4295.0
s7_offatr0p25_atr3-r2,0,6,nyam,108,-13327.0,-0.5656,0.8783,0.3889,4960.0
s7_offatr0p25_atr3-r3,0,7,all,568,3.0,0.0001,1.0,0.3592,4960.0
s7_offatr0p25_atr3-r3,0,7,london,257,-2303.0,-0.0586,0.9914,0.3463,4635.0
s7_offatr0p25_atr3-r3,0,7,pre,203,16368.0,0.4676,1.082,0.3645,4295.0
s7_offatr0p25_atr3-r3,0,7,nyam,108,-14062.0,-0.5797,0.8735,0.3796,4960.0
s7_offatr0p25_pts10-r0,0,8,all,568,14118.0,0.5487,1.1245,0.0599,1715.0
s7_offatr0p25_pts10-r0,0,8,london,257,12922.0,0.7492,1.2502,0.07,1715.0
s7_offatr0p25_pts10-r0,0,8,pre,203,4598.0,0.2688,1.1138,0.0493,210.0
s7_offatr0p25_pts10-r0,0,8,nyam,108,-3402.0,-0.3966,0.8409,0.0556,220.0
s7_offatr0p25_pts10-r1,0,9,all,568,-3057.0,-0.6319,0.9483,0.5035,215.0
s7_offatr0p25_pts10-r1,0,9,london,257,2482.0,0.764,1.1002,0.5409,215.0
s7_offatr0p25_pts10-r1,0,9,pre,203,-2777.0,-0.9598,0.8737,0.4828,210.0
s7_offatr0p25_pts10-r1,0,9,nyam,108,-2762.0,-1.3101,0.7766,0.4537,210.0
s7_offatr0p25_pts10-r2,0,10,all,568,-8232.0,-1.2194,0.898,0.3222,220.0
s7_offatr0p25_pts10-r2,0,10,london,257,-2413.0,-0.5271,0.9331,0.3307,215.0
s7_offatr0p25_pts10-r2,0,10,pre,203,-6172.0,-1.5645,0.7938,0.2956,210.0
s7_offatr0p25_pts10-r2,0,10,nyam,108,353.0,0.1168,1.024,0.3519,220.0
s7_offatr0p25_pts10-r3,0,11,all,568,-11932.0,-1.4661,0.8692,0.2342,220.0
s7_offatr0p25_pts10-r3,0,11,london,257,-3968.0,-0.7165,0.903,0.2412,215.0
s7_offatr0p25_pts10-r3,0,11,pre,203,-11892.0,-2.6504,0.6557,0.1872,210.0
s7_offatr0p25_pts10-r3,0,11,nyam,108,3928.0,1.0135,1.2496,0.3056,220.0
s7_offatr0p25_pts20-r0,0,12,all,568,-6802.0,-0.2061,0.9676,0.1021,1715.0
s7_offatr0p25_pts20-r0,0,12,london,257,6827.0,0.2932,1.0715,0.1051,1715.0
s7_offatr0p25_pts20-r0,0,12,pre,203,1773.0,0.0834,1.0237,0.0985,415.0
s7_offatr0p25_pts20-r0,0,12,nyam,108,-15402.0,-1.575,0.6123,0.1019,410.0
s7_offatr0p25_pts20-r1,0,13,all,568,-10297.0,-1.0721,0.9139,0.4859,430.0
s7_offatr0p25_pts20-r1,0,13,london,257,-10203.0,-1.5823,0.8208,0.4591,430.0
s7_offatr0p25_pts20-r1,0,13,pre,203,-5007.0,-0.8711,0.8847,0.4778,415.0
s7_offatr0p25_pts20-r1,0,13,nyam,108,4913.0,1.1784,1.2553,0.5648,405.0
s7_offatr0p25_pts20-r2,0,14,all,568,-15602.0,-1.1661,0.9018,0.3169,430.0
s7_offatr0p25_pts20-r2,0,14,london,257,-8798.0,-0.9813,0.8786,0.3113,430.0
s7_offatr0p25_pts20-r2,0,14,pre,203,-12002.0,-1.5352,0.7965,0.2906,415.0
s7_offatr0p25_pts20-r2,0,14,nyam,108,5198.0,0.851,1.1894,0.3796,405.0
s7_offatr0p25_pts20-r3,0,15,all,568,-7817.0,-0.4736,0.9554,0.2465,430.0
s7_offatr0p25_pts20-r3,0,15,london,257,-7303.0,-0.6656,0.909,0.2374,430.0
s7_offatr0p25_pts20-r3,0,15,pre,203,-4457.0,-0.4542,0.9293,0.2414,415.0
s7_offatr0p25_pts20-r3,0,15,nyam,108,3943.0,0.5252,1.1235,0.2778,405.0
s7_offatr0p25_pts30-r0,0,16,all,568,14763.0,0.3724,1.0509,0.1637,1715.0
s7_offatr0p25_pts30-r0,0,16,london,257,10927.0,0.4007,1.0823,0.1595,1715.0
s7_offatr0p25_pts30-r0,0,16,pre,203,20553.0,0.7895,1.1996,0.1675,605.0
s7_offatr0p25_pts30-r0,0,16,nyam,108,-16717.0,-1.3634,0.6933,0.1667,605.0
s7_offatr0p25_pts30-r1,0,17,all,568,1048.0,0.0729,1.0061,0.507,630.0
s7_offatr0p25_pts30-r1,0,17,london,257,-7158.0,-0.7398,0.9117,0.4825,630.0
s7_offatr0p25_pts30-r1,0,17,pre,203,-1932.0,-0.2245,0.9689,0.4975,605.0
s7_offatr0p25_pts30-r1,0,17,nyam,108,10138.0,1.6343,1.3699,0.5833,605.0
s7_offatr0p25_pts30-r2,0,18,all,568,523.0,0.0257,1.0023,0.338,630.0
s7_offatr0p25_pts30-r2,0,18,london,257,-1383.0,-0.1011,0.9867,0.3346,630.0
s7_offatr0p25_pts30-r2,0,18,pre,203,-2712.0,-0.2237,0.9673,0.33,605.0
s7_offatr0p25_pts30-r2,0,18,nyam,108,4618.0,0.5101,1.1099,0.3611,605.0
s7_offatr0p25_pts30-r3,0,19,all,568,24003.0,0.9459,1.0956,0.2746,630.0
s7_offatr0p25_pts30-r3,0,19,london,257,20102.0,1.1541,1.1802,0.2879,630.0
s7_offatr0p25_pts30-r3,0,19,pre,203,1408.0,0.0939,1.0153,0.2562,605.0
s7_offatr0p25_pts30-r3,0,19,nyam,108,2493.0,0.2302,1.0525,0.2778,605.0
s7_offatr0p25_pts45-r0,0,20,all,568,-5337.0,-0.1172,0.9866,0.2218,1715.0
s7_offatr0p25_pts45-r0,0,20,london,257,24187.0,0.7508,1.1363,0.2374,1715.0
s7_offatr0p25_pts45-r0,0,20,pre,203,-3117.0,-0.1083,0.9785,0.202,905.0
s7_offatr0p25_pts45-r0,0,20,nyam,108,-26407.0,-1.8398,0.6442,0.2222,905.0
s7_offatr0p25_pts45-r1,0,21,all,568,-13627.0,-0.6345,0.948,0.4894,915.0
s7_offatr0p25_pts45-r1,0,21,london,257,-8098.0,-0.5586,0.9326,0.4864,915.0
s7_offatr0p25_pts45-r1,0,21,pre,203,-17187.0,-1.3408,0.8282,0.4581,905.0
s7_offatr0p25_pts45-r1,0,21,nyam,108,11658.0,1.2586,1.2769,0.5556,905.0
s7_offatr0p25_pts45-r2,0,22,all,568,23523.0,0.7738,1.0716,0.3574,915.0
s7_offatr0p25_pts45-r2,0,22,london,257,37377.0,1.7763,1.2649,0.393,915.0
s7_offatr0p25_pts45-r2,0,22,pre,203,-13262.0,-0.748,0.8941,0.3153,905.0
s7_offatr0p25_pts45-r2,0,22,nyam,108,-592.0,-0.0461,0.9905,0.3519,905.0
s7_offatr0p25_pts45-r3,0,23,all,568,13533.0,0.3721,1.0368,0.2817,1715.0
s7_offatr0p25_pts45-r3,0,23,london,257,49482.0,1.8934,1.3127,0.323,1715.0
s7_offatr0p25_pts45-r3,0,23,pre,203,-24552.0,-1.191,0.8243,0.2365,905.0
s7_offatr0p25_pts45-r3,0,23,nyam,108,-11397.0,-0.7942,0.8364,0.2685,905.0
s7_offatr0p25_pct0p1-r0,0,24,all,568,-7707.0,-0.2868,0.9491,0.0739,1715.0
s7_offatr0p25_pct0p1-r0,0,24,london,257,7552.0,0.4099,1.1106,0.0856,1715.0
s7_offatr0p25_pct0p1-r0,0,24,pre,203,-7712.0,-0.4421,0.8593,0.0542,340.0
s7_offatr0p25_pct0p1-r0,0,24,nyam,108,-7547.0,-0.8449,0.7326,0.0833,340.0
s7_offatr0p25_pct0p1-r1,0,25,all,568,-4952.0,-0.7389,0.9394,0.4947,345.0
s7_offatr0p25_pct0p1-r1,0,25,london,257,-2903.0,-0.6461,0.9219,0.4942,345.0
s7_offatr0p25_pct0p1-r1,0,25,pre,203,-2972.0,-0.7387,0.9007,0.4828,340.0
s7_offatr0p25_pct0p1-r1,0,25,nyam,108,923.0,0.3136,1.0631,0.5185,335.0
s7_offatr0p25_pct0p1-r2,0,26,all,568,-17342.0,-1.8752,0.846,0.3046,345.0
s7_offatr0p25_pct0p1-r2,0,26,london,257,-8678.0,-1.4079,0.83,0.3035,345.0
s7_offatr0p25_pct0p1-r2,0,26,pre,203,-13427.0,-2.5261,0.6867,0.2611,340.0
s7_offatr0p25_pct0p1-r2,0,26,nyam,108,4763.0,1.1005,1.2544,0.3889,335.0
s7_offatr0p25_pct0p1-r3,0,27,all,568,-12737.0,-1.1203,0.8971,0.2359,345.0
s7_offatr0p25_pct0p1-r3,0,27,london,257,-5223.0,-0.6865,0.9062,0.2412,345.0
s7_offatr0p25_pct0p1-r3,0,27,pre,203,-13522.0,-2.1017,0.7105,0.1921,340.0
s7_offatr0p25_pct0p1-r3,0,27,nyam,108,6008.0,1.1079,1.2801,0.3056,335.0
s7_offatr0p25_pct0p2-r0,0,28,all,568,-11422.0,-0.3105,0.9581,0.1444,1715.0
s7_offatr0p25_pct0p2-r0,0,28,london,257,5537.0,0.2131,1.0448,0.144,1715.0
s7_offatr0p25_pct0p2-r0,0,28,pre,203,-4922.0,-0.2129,0.9502,0.133,680.0
s7_offatr0p25_pct0p2-r0,0,28,nyam,108,-12037.0,-0.9942,0.7584,0.1667,670.0
s7_offatr0p25_pct0p2-r1,0,29,all,568,-19237.0,-1.4441,0.885,0.4754,680.0
s7_offatr0p25_pct0p2-r1,0,29,london,257,-13153.0,-1.4758,0.8306,0.4591,680.0
s7_offatr0p25_pct0p2-r1,0,29,pre,203,-11822.0,-1.4822,0.8109,0.4532,675.0
s7_offatr0p25_pct0p2-r1,0,29,nyam,108,5738.0,0.9839,1.2113,0.5556,670.0
s7_offatr0p25_pct0p2-r2,0,30,all,568,-9222.0,-0.4914,0.957,0.3275,680.0
s7_offatr0p25_pct0p2-r2,0,30,london,257,-5748.0,-0.4579,0.9408,0.323,680.0
s7_offatr0p25_pct0p2-r2,0,30,pre,203,-9882.0,-0.8895,0.8751,0.3054,675.0
s7_offatr0p25_pct0p2-r2,0,30,nyam,108,6408.0,0.7574,1.1681,0.3796,670.0
s7_offatr0p25_pct0p2-r3,0,31,all,568,-3732.0,-0.1632,0.9843,0.2553,680.0
s7_offatr0p25_pct0p2-r3,0,31,london,257,8882.0,0.5633,1.0848,0.2724,680.0
s7_offatr0p25_pct0p2-r3,0,31,pre,203,-12127.0,-0.9079,0.8626,0.2266,680.0
s7_offatr0p25_pct0p2-r3,0,31,nyam,108,-487.0,-0.0495,0.989,0.2685,670.0
s7_offatr0p5_atr1p5-r0,1,0,all,565,-3890.0,-0.0822,0.9901,0.2053,2595.0
s7_offatr0p5_atr1p5-r0,1,0,london,235,4010.0,0.1363,1.0257,0.2,2320.0
s7_offatr0p5_atr1p5-r0,1,0,pre,189,22654.0,0.7679,1.1767,0.2222,2595.0
s7_offatr0p5_atr1p5-r0,1,0,nyam,141,-30554.0,-1.362,0.7158,0.1915,2475.0
s7_offatr0p5_atr1p5-r1,1,1,all,565,-8290.0,-0.3679,0.9667,0.5009,2595.0
s7_offatr0p5_atr1p5-r1,1,1,london,235,18120.0,1.3484,1.2107,0.5404,1935.0
s7_offatr0p5_atr1p5-r1,1,1,pre,189,-23426.0,-1.8321,0.7478,0.455,2595.0
s7_offatr0p5_atr1p5-r1,1,1,nyam,141,-2984.0,-0.235,0.9575,0.4965,2475.0
s7_offatr0p5_atr1p5-r2,1,2,all,565,14745.0,0.4634,1.0459,0.354,2595.0
s7_offatr0p5_atr1p5-r2,1,2,london,235,30700.0,1.5477,1.2624,0.3872,1935.0
s7_offatr0p5_atr1p5-r2,1,2,pre,189,-15336.0,-0.8877,0.865,0.328,2595.0
s7_offatr0p5_atr1p5-r2,1,2,nyam,141,-619.0,-0.0346,0.9932,0.3333,2475.0
s7_offatr0p5_atr1p5-r3,1,3,all,565,-21950.0,-0.5925,0.9405,0.2619,2595.0
s7_offatr0p5_atr1p5-r3,1,3,london,235,14255.0,0.606,1.1014,0.2851,2320.0
s7_offatr0p5_atr1p5-r3,1,3,pre,189,-18981.0,-0.9391,0.8488,0.2487,2595.0
s7_offatr0p5_atr1p5-r3,1,3,nyam,141,-17224.0,-0.849,0.8322,0.2411,2475.0
s7_offatr0p5_atr3-r0,1,4,all,565,21535.0,0.3432,1.037,0.354,4955.0
s7_offatr0p5_atr3-r0,1,4,london,235,19060.0,0.4693,1.0801,0.3489,4640.0
s7_offatr0p5_atr3-r0,1,4,pre,189,33694.0,0.9296,1.1853,0.3704,4290.0
s7_offatr0p5_atr3-r0,1,4,nyam,141,-31219.0,-1.0,0.8066,0.3404,4955.0
s7_offatr0p5_atr3-r1,1,5,all,565,28445.0,0.6553,1.0623,0.5097,4955.0
s7_offatr0p5_atr3-r1,1,5,london,235,52635.0,2.0074,1.329,0.5574,3445.0
s7_offatr0p5_atr3-r1,1,5,pre,189,-9921.0,-0.4127,0.9369,0.4762,4290.0
s7_offatr0p5_atr3-r1,1,5,nyam,141,-14269.0,-0.5762,0.8975,0.4752,4955.0
s7_offatr0p5_atr3-r2,1,6,all,565,-15110.0,-0.2804,0.9731,0.3805,4955.0
s7_offatr0p5_atr3-r2,1,6,london,235,19120.0,0.5576,1.0863,0.3957,4640.0
s7_offatr0p5_atr3-r2,1,6,pre,189,7364.0,0.2426,1.0412,0.3915,4290.0
s7_offatr0p5_atr3-r2,1,6,nyam,141,-41594.0,-1.4667,0.7423,0.3404,4955.0
s7_offatr0p5_atr3-r3,1,7,all,565,2950.0,0.0503,1.0051,0.3593,4955.0
s7_offatr0p5_atr3-r3,1,7,london,235,19315.0,0.5159,1.0825,0.3617,4640.0
s7_offatr0p5_atr3-r3,1,7,pre,189,19529.0,0.5818,1.1074,0.3704,4290.0
s7_offatr0p5_atr3-r3,1,7,nyam,141,-35894.0,-1.1893,0.7777,0.3404,4955.0
s7_offatr0p5_pts10-r0,1,8,all,565,-17905.0,-0.8448,0.8432,0.0496,1865.0
s7_offatr0p5_pts10-r0,1,8,london,235,-16840.0,-1.472,0.6537,0.0468,1865.0
s7_offatr0p5_pts10-r0,1,8,pre,189,1529.0,0.1048,1.0408,0.0529,225.0
s7_offatr0p5_pts10-r0,1,8,nyam,141,-2594.0,-0.2517,0.9076,0.0496,215.0
s7_offatr0p5_pts10-r1,1,9,all,565,-6480.0,-1.3431,0.893,0.4885,220.0
s7_offatr0p5_pts10-r1,1,9,london,235,-4270.0,-1.3711,0.836,0.4723,220.0
s7_offatr0p5_pts10-r1,1,9,pre,189,-2681.0,-0.9603,0.8693,0.4815,210.0
s7_offatr0p5_pts10-r1,1,9,nyam,141,471.0,0.1952,1.0336,0.5248,215.0
s7_offatr0p5_pts10-r2,1,10,all,565,-8205.0,-1.2186,0.8978,0.3221,220.0
s7_offatr0p5_pts10-r2,1,10,london,235,-2660.0,-0.6088,0.9198,0.3277,220.0
s7_offatr0p5_pts10-r2,1,10,pre,189,-5671.0,-1.4883,0.7964,0.2963,210.0
s7_offatr0p5_pts10-r2,1,10,nyam,141,126.0,0.0367,1.0065,0.3475,215.0
s7_offatr0p5_pts10-r3,1,11,all,565,-8875.0,-1.083,0.9013,0.2407,225.0
s7_offatr0p5_pts10-r3,1,11,london,235,-4175.0,-0.7915,0.8888,0.2383,220.0
s7_offatr0p5_pts10-r3,1,11,pre,189,-7381.0,-1.6273,0.7636,0.2116,225.0
s7_offatr0p5_pts10-r3,1,11,nyam,141,2681.0,0.6196,1.1267,0.2837,215.0
s7_offatr0p5_pts20-r0,1,12,all,565,-10620.0,-0.342,0.9492,0.1027,1865.0
s7_offatr0p5_pts20-r0,1,12,london,235,5755.0,0.2945,1.067,0.1234,1865.0
s7_offatr0p5_pts20-r0,1,12,pre,189,8234.0,0.3846,1.1183,0.1005,410.0
s7_offatr0p5_pts20-r0,1,12,nyam,141,-24609.0,-2.2231,0.5409,0.0709,410.0
s7_offatr0p5_pts20-r1,1,13,all,565,-10655.0,-1.1125,0.9106,0.485,415.0
s7_offatr0p5_pts20-r1,1,13,london,235,395.0,0.0638,1.0084,0.5106,415.0
s7_offatr0p5_pts20-r1,1,13,pre,189,-8906.0,-1.6128,0.7908,0.4497,410.0
s7_offatr0p5_pts20-r1,1,13,nyam,141,-2144.0,-0.4469,0.9272,0.4894,410.0
s7_offatr0p5_pts20-r2,1,14,all,565,-14380.0,-1.0761,0.9088,0.3186,415.0
s7_offatr0p5_pts20-r2,1,14,london,235,-1040.0,-0.1188,0.9837,0.3362,415.0
s7_offatr0p5_pts20-r2,1,14,pre,189,-11081.0,-1.4682,0.798,0.291,410.0
s7_offatr0p5_pts20-r2,1,14,nyam,141,-2259.0,-0.3355,0.9419,0.3262,410.0
s7_offatr0p5_pts20-r3,1,15,all,565,-6585.0,-0.3993,0.9622,0.2478,415.0
s7_offatr0p5_pts20-r3,1,15,london,235,8090.0,0.7331,1.1161,0.2766,415.0
s7_offatr0p5_pts20-r3,1,15,pre,189,-9946.0,-1.0811,0.8347,0.2222,410.0
s7_offatr0p5_pts20-r3,1,15,nyam,141,-4729.0,-0.5839,0.893,0.234,410.0
s7_offatr0p5_pts30-r0,1,16,all,565,-12125.0,-0.3185,0.9588,0.1522,1865.0
s7_offatr0p5_pts30-r0,1,16,london,235,16555.0,0.6281,1.1369,0.1702,1865.0
s7_offatr0p5_pts30-r0,1,16,pre,189,3954.0,0.1658,1.0405,0.1534,615.0
s7_offatr0p5_pts30-r0,1,16,nyam,141,-32634.0,-2.4213,0.5679,0.1206,605.0
s7_offatr0p5_pts30-r1,1,17,all,565,-8050.0,-0.5614,0.9538,0.4938,625.0
s7_offatr0p5_pts30-r1,1,17,london,235,5025.0,0.5432,1.0736,0.5234,625.0
s7_offatr0p5_pts30-r1,1,17,pre,189,-11546.0,-1.3951,0.8162,0.455,615.0
s7_offatr0p5_pts30-r1,1,17,nyam,141,-1529.0,-0.2129,0.9646,0.4965,605.0
s7_offatr0p5_pts30-r2,1,18,all,565,7700.0,0.3771,1.0341,0.3451,625.0
s7_offatr0p5_pts30-r2,1,18,london,235,21050.0,1.5578,1.2398,0.3872,625.0
s7_offatr0p5_pts30-r2,1,18,pre,189,-5086.0,-0.4371,0.9348,0.3228,615.0
s7_offatr0p5_pts30-r2,1,18,nyam,141,-8264.0,-0.8345,0.8616,0.305,605.0
s7_offatr0p5_pts30-r3,1,19,all,565,16455.0,0.6511,1.0651,0.2655,625.0
s7_offatr0p5_pts30-r3,1,19,london,235,34745.0,2.024,1.3539,0.3149,625.0
s7_offatr0p5_pts30-r3,1,19,pre,189,-14181.0,-1.0287,0.8418,0.2222,615.0
s7_offatr0p5_pts30-r3,1,19,nyam,141,-4109.0,-0.3351,0.937,0.2411,605.0
s7_offatr0p5_pts45-r0,1,20,all,565,-4375.0,-0.0934,0.9891,0.2195,1865.0
s7_offatr0p5_pts45-r0,1,20,london,235,5860.0,0.1944,1.0349,0.2213,1865.0
s7_offatr0p5_pts45-r0,1,20,pre,189,12779.0,0.4484,1.0967,0.2275,910.0
s7_offatr0p5_pts45-r0,1,20,nyam,141,-23014.0,-1.0563,0.773,0.2057,910.0
s7_offatr0p5_pts45-r1,1,21,all,565,-7085.0,-0.3301,0.9726,0.4973,935.0
s7_offatr0p5_pts45-r1,1,21,london,235,11930.0,0.8617,1.1192,0.5319,935.0
s7_offatr0p5_pts45-r1,1,21,pre,189,-18971.0,-1.5365,0.7994,0.4497,910.0
s7_offatr0p5_pts45-r1,1,21,nyam,141,-44.0,-0.0041,0.9993,0.5035,905.0
s7_offatr0p5_pts45-r2,1,22,all,565,4535.0,0.1496,1.0135,0.3434,935.0
s7_offatr0p5_pts45-r2,1,22,london,235,28340.0,1.4072,1.2148,0.383,935.0
s7_offatr0p5_pts45-r2,1,22,pre,189,-23956.0,-1.4245,0.8025,0.291,910.0
s7_offatr0p5_pts45-r2,1,22,nyam,141,151.0,0.01,1.0018,0.3475,910.0
s7_offatr0p5_pts45-r3,1,23,all,565,-5930.0,-0.164,0.9842,0.269,1865.0
s7_offatr0p5_pts45-r3,1,23,london,235,26410.0,1.0718,1.1743,0.2979,1865.0
s7_offatr0p5_pts45-r3,1,23,pre,189,-25291.0,-1.2791,0.8073,0.2328,910.0
s7_offatr0p5_pts45-r3,1,23,nyam,141,-7049.0,-0.4025,0.9243,0.2695,910.0
s7_offatr0p5_pct0p1-r0,1,24,all,565,620.0,0.0234,1.0041,0.0761,1865.0
s7_offatr0p5_pct0p1-r0,1,24,london,235,4310.0,0.257,1.0691,0.0894,1865.0
s7_offatr0p5_pct0p1-r0,1,24,pre,189,9279.0,0.5257,1.1868,0.0794,340.0
s7_offatr0p5_pct0p1-r0,1,24,nyam,141,-12969.0,-1.2341,0.6627,0.0496,345.0
s7_offatr0p5_pct0p1-r1,1,25,all,565,-5785.0,-0.8653,0.9292,0.492,345.0
s7_offatr0p5_pct0p1-r1,1,25,london,235,-535.0,-0.1245,0.9837,0.5106,345.0
s7_offatr0p5_pct0p1-r1,1,25,pre,189,-2771.0,-0.7159,0.9002,0.4815,340.0
s7_offatr0p5_pct0p1-r1,1,25,nyam,141,-2479.0,-0.7352,0.8823,0.4752,345.0
s7_offatr0p5_pct0p1-r2,1,26,all,565,-8145.0,-0.8688,0.9252,0.3239,345.0
s7_offatr0p5_pct0p1-r2,1,26,london,235,-1045.0,-0.1723,0.9764,0.3404,345.0
s7_offatr0p5_pct0p1-r2,1,26,pre,189,-4921.0,-0.9152,0.8677,0.3069,340.0
s7_offatr0p5_pct0p1-r2,1,26,nyam,141,-2179.0,-0.4598,0.9205,0.3191,345.0
s7_offatr0p5_pct0p1-r3,1,27,all,565,-9375.0,-0.8226,0.9233,0.2425,345.0
s7_offatr0p5_pct0p1-r3,1,27,london,235,-1095.0,-0.1476,0.9781,0.2553,345.0
s7_offatr0p5_pct0p1-r3,1,27,pre,189,-3621.0,-0.549,0.9117,0.2381,340.0
s7_offatr0p5_pct0p1-r3,1,27,nyam,141,-4659.0,-0.8268,0.8512,0.227,345.0
s7_offatr0p5_pct0p2-r0,1,28,all,565,-1925.0,-0.0519,0.9929,0.1451,1865.0
s7_offatr0p5_pct0p2-r0,1,28,london,235,24435.0,0.9411,1.2212,0.166,1865.0
s7_offatr0p5_pct0p2-r0,1,28,pre,189,479.0,0.0209,1.0052,0.1376,680.0
s7_offatr0p5_pct0p2-r0,1,28,nyam,141,-26839.0,-2.0134,0.6143,0.1206,685.0
s7_offatr0p5_pct0p2-r1,1,29,all,565,-12065.0,-0.9071,0.9259,0.4885,685.0
s7_offatr0p5_pct0p2-r1,1,29,london,235,-475.0,-0.0555,0.9927,0.5064,685.0
s7_offatr0p5_pct0p2-r1,1,29,pre,189,-11441.0,-1.4923,0.8035,0.4497,680.0
s7_offatr0p5_pct0p2-r1,1,29,nyam,141,-149.0,-0.0222,0.9962,0.5106,685.0
s7_offatr0p5_pct0p2-r2,1,30,all,565,19930.0,1.0441,1.098,0.3611,685.0
s7_offatr0p5_pct0p2-r2,1,30,london,235,17540.0,1.408,1.2162,0.383,685.0
s7_offatr0p5_pct0p2-r2,1,30,pre,189,-241.0,-0.0221,0.9966,0.3386,680.0
s7_offatr0p5_pct0p2-r2,1,30,nyam,141,2631.0,0.2756,1.0507,0.3546,685.0
s7_offatr0p5_pct0p2-r3,1,31,all,565,1785.0,0.0775,1.0076,0.2584,685.0
s7_offatr0p5_pct0p2-r3,1,31,london,235,19730.0,1.274,1.2118,0.2936,685.0
s7_offatr0p5_pct0p2-r3,1,31,pre,189,-16546.0,-1.3172,0.8016,0.2169,680.0
s7_offatr0p5_pct0p2-r3,1,31,nyam,141,-1399.0,-0.1217,0.9765,0.2553,685.0
s7_offatr1_atr1p5-r0,2,0,all,471,14641.0,0.3311,1.0457,0.2166,2340.0
s7_offatr1_atr1p5-r0,2,0,london,119,-916.0,-0.0488,0.9875,0.1933,2320.0
s7_offatr1_atr1p5-r0,2,0,pre,143,34238.0,1.261,1.3675,0.2448,2160.0
s7_offatr1_atr1p5-r0,2,0,nyam,209,-18681.0,-0.6353,0.8783,0.2105,2340.0
s7_offatr1_atr1p5-r1,2,1,all,471,-5794.0,-0.2833,0.9718,0.5011,2340.0
s7_offatr1_atr1p5-r1,2,1,london,119,4839.0,0.5393,1.115,0.5126,1670.0
s7_offatr1_atr1p5-r1,2,1,pre,143,8088.0,0.7505,1.1464,0.5315,2055.0
s7_offatr1_atr1p5-r1,2,1,nyam,209,-18721.0,-1.2592,0.8263,0.4737,2340.0
s7_offatr1_atr1p5-r2,2,2,all,471,5936.0,0.2072,1.0223,0.3524,2340.0
s7_offatr1_atr1p5-r2,2,2,london,119,-846.0,-0.0678,0.9859,0.3445,2320.0
s7_offatr1_atr1p5-r2,2,2,pre,143,12138.0,0.7868,1.1616,0.3776,2055.0
s7_offatr1_atr1p5-r2,2,2,nyam,209,-5356.0,-0.2584,0.9593,0.3397,2340.0
s7_offatr1_atr1p5-r3,2,3,all,471,-20899.0,-0.6268,0.9309,0.2633,2340.0
s7_offatr1_atr1p5-r3,2,3,london,119,-1221.0,-0.0805,0.9819,0.2605,2320.0
s7_offatr1_atr1p5-r3,2,3,pre,143,16703.0,0.8642,1.1948,0.3007,2160.0
s7_offatr1_atr1p5-r3,2,3,nyam,209,-36381.0,-1.6185,0.7564,0.2392,2340.0
s7_offatr1_atr3-r0,2,4,all,471,-31269.0,-0.5585,0.9384,0.3397,4685.0
s7_offatr1_atr3-r0,2,4,london,119,3339.0,0.1232,1.0278,0.3361,4635.0
s7_offatr1_atr3-r0,2,4,pre,143,12683.0,0.3986,1.0867,0.3566,4110.0
s7_offatr1_atr3-r0,2,4,nyam,209,-47291.0,-1.2678,0.8037,0.3301,4685.0
s7_offatr1_atr3-r1,2,5,all,471,-38499.0,-0.9724,0.9057,0.4862,4685.0
s7_offatr1_atr3-r1,2,5,london,119,174.0,0.0097,1.002,0.5294,4635.0
s7_offatr1_atr3-r1,2,5,pre,143,2498.0,0.1214,1.0224,0.4965,4110.0
s7_offatr1_atr3-r1,2,5,nyam,209,-41171.0,-1.4329,0.8023,0.4545,4685.0
s7_offatr1_atr3-r2,2,6,all,471,-50254.0,-1.0208,0.8973,0.3694,4685.0
s7_offatr1_atr3-r2,2,6,london,119,3584.0,0.1533,1.0321,0.395,4635.0
s7_offatr1_atr3-r2,2,6,pre,143,15808.0,0.5661,1.1154,0.3986,4110.0
s7_offatr1_atr3-r2,2,6,nyam,209,-69646.0,-2.1114,0.7108,0.3349,4685.0
s7_offatr1_atr3-r3,2,7,all,471,-42184.0,-0.7956,0.9162,0.3461,4685.0
s7_offatr1_atr3-r3,2,7,london,119,1604.0,0.0624,1.0135,0.3445,4635.0
s7_offatr1_atr3-r3,2,7,pre,143,10303.0,0.35,1.0717,0.3706,4110.0
s7_offatr1_atr3-r3,2,7,nyam,209,-54091.0,-1.5091,0.7755,0.3301,4685.0
s7_offatr1_pts10-r0,2,8,all,471,-15839.0,-0.8498,0.8309,0.0552,265.0
s7_offatr1_pts10-r0,2,8,london,119,5094.0,0.4614,1.22,0.0756,240.0
s7_offatr1_pts10-r0,2,8,pre,143,-2477.0,-0.2441,0.9128,0.0629,265.0
s7_offatr1_pts10-r0,2,8,nyam,209,-18456.0,-1.666,0.5616,0.0383,215.0
s7_offatr1_pts10-r1,2,9,all,471,-6074.0,-1.376,0.8808,0.4862,260.0
s7_offatr1_pts10-r1,2,9,london,119,944.0,0.4252,1.0815,0.5378,225.0
s7_offatr1_pts10-r1,2,9,pre,143,-2147.0,-0.8776,0.863,0.4825,260.0
s7_offatr1_pts10-r1,2,9,nyam,209,-4871.0,-1.6628,0.7944,0.4593,215.0
s7_offatr1_pts10-r2,2,10,all,471,-5214.0,-0.8418,0.9217,0.3291,265.0
s7_offatr1_pts10-r2,2,10,london,119,-181.0,-0.0574,0.989,0.3445,225.0
s7_offatr1_pts10-r2,2,10,pre,143,-602.0,-0.1735,0.9699,0.3427,265.0
s7_offatr1_pts10-r2,2,10,nyam,209,-4431.0,-1.0908,0.8531,0.311,215.0
s7_offatr1_pts10-r3,2,11,all,471,3981.0,0.5105,1.0551,0.2718,265.0
s7_offatr1_pts10-r3,2,11,london,119,3144.0,0.7807,1.1775,0.2941,240.0
s7_offatr1_pts10-r3,2,11,pre,143,1128.0,0.2609,1.051,0.2727,265.0
s7_offatr1_pts10-r3,2,11,nyam,209,-291.0,-0.0569,0.991,0.2584,215.0
s7_offatr1_pts20-r0,2,12,all,471,12686.0,0.4361,1.0746,0.1295,2160.0
s7_offatr1_pts20-r0,2,12,london,119,14939.0,0.9548,1.3603,0.1513,430.0
s7_offatr1_pts20-r0,2,12,pre,143,6433.0,0.3983,1.1221,0.1329,2160.0
s7_offatr1_pts20-r0,2,12,nyam,209,-8686.0,-0.4697,0.8854,0.1148,480.0
s7_offatr1_pts20-r1,2,13,all,471,-5379.0,-0.6142,0.9449,0.4947,525.0
s7_offatr1_pts20-r1,2,13,london,119,-461.0,-0.1044,0.981,0.5042,415.0
s7_offatr1_pts20-r1,2,13,pre,143,-2337.0,-0.4821,0.9222,0.4895,525.0
s7_offatr1_pts20-r1,2,13,nyam,209,-2581.0,-0.4425,0.9405,0.4928,405.0
s7_offatr1_pts20-r2,2,14,all,471,10621.0,0.8449,1.0857,0.3588,525.0
s7_offatr1_pts20-r2,2,14,london,119,7834.0,1.2122,1.2649,0.395,430.0
s7_offatr1_pts20-r2,2,14,pre,143,2743.0,0.3951,1.0725,0.3566,525.0
s7_offatr1_pts20-r2,2,14,nyam,209,44.0,0.0053,1.0008,0.3397,405.0
s7_offatr1_pts20-r3,2,15,all,471,24971.0,1.5807,1.1817,0.2887,525.0
s7_offatr1_pts20-r3,2,15,london,119,12189.0,1.4853,1.3664,0.3193,430.0
s7_offatr1_pts20-r3,2,15,pre,143,7088.0,0.8125,1.169,0.2867,525.0
s7_offatr1_pts20-r3,2,15,nyam,209,5694.0,0.5511,1.0915,0.2727,405.0
s7_offatr1_pts30-r0,2,16,all,471,20486.0,0.5807,1.0863,0.1783,2160.0
s7_offatr1_pts30-r0,2,16,london,119,929.0,0.0556,1.0154,0.1681,630.0
s7_offatr1_pts30-r0,2,16,pre,143,12543.0,0.6248,1.1721,0.1818,2160.0
s7_offatr1_pts30-r0,2,16,nyam,209,7014.0,0.2946,1.0673,0.1818,610.0
s7_offatr1_pts30-r1,2,17,all,471,931.0,0.0711,1.0066,0.5074,635.0
s7_offatr1_pts30-r1,2,17,london,119,3314.0,0.5021,1.0968,0.5294,630.0
s7_offatr1_pts30-r1,2,17,pre,143,-4007.0,-0.5541,0.9112,0.4825,635.0
s7_offatr1_pts30-r1,2,17,nyam,209,1624.0,0.186,1.0261,0.512,610.0
s7_offatr1_pts30-r2,2,18,all,471,32131.0,1.6923,1.1792,0.3758,635.0
s7_offatr1_pts30-r2,2,18,london,119,14039.0,1.4458,1.3237,0.4034,630.0
s7_offatr1_pts30-r2,2,18,pre,143,4903.0,0.4724,1.0874,0.3566,635.0
s7_offatr1_pts30-r2,2,18,nyam,209,13189.0,1.0442,1.1652,0.3732,610.0
s7_offatr1_pts30-r3,2,19,all,471,31046.0,1.3323,1.1515,0.2866,635.0
s7_offatr1_pts30-r3,2,19,london,119,23599.0,1.8947,1.4891,0.3361,630.0
s7_offatr1_pts30-r3,2,19,pre,143,9048.0,0.6983,1.1441,0.2797,635.0
s7_offatr1_pts30-r3,2,19,nyam,209,-1601.0,-0.1081,0.9829,0.2632,610.0
s7_offatr1_pts45-r0,2,20,all,471,-1559.0,-0.0372,0.9953,0.2251,2160.0
s7_offatr1_pts45-r0,2,20,london,119,7539.0,0.3741,1.0933,0.2521,1630.0
s7_offatr1_pts45-r0,2,20,pre,143,12923.0,0.4993,1.1276,0.2308,2160.0
s7_offatr1_pts45-r0,2,20,nyam,209,-22021.0,-0.8415,0.8512,0.2057,915.0
s7_offatr1_pts45-r1,2,21,all,471,196.0,0.01,1.0009,0.5032,920.0
s7_offatr1_pts45-r1,2,21,london,119,6389.0,0.6501,1.1276,0.5294,910.0
s7_offatr1_pts45-r1,2,21,pre,143,2858.0,0.2648,1.0455,0.5175,920.0
s7_offatr1_pts45-r1,2,21,nyam,209,-9051.0,-0.6938,0.9083,0.4785,905.0
s7_offatr1_pts45-r2,2,22,all,471,18951.0,0.6825,1.0691,0.3567,920.0
s7_offatr1_pts45-r2,2,22,london,119,30629.0,2.0942,1.5023,0.4286,910.0
s7_offatr1_pts45-r2,2,22,pre,143,8598.0,0.5554,1.1039,0.3636,920.0
s7_offatr1_pts45-r2,2,22,nyam,209,-20276.0,-1.1495,0.8446,0.311,905.0
s7_offatr1_pts45-r3,2,23,all,471,-1224.0,-0.0372,0.9961,0.2739,2160.0
s7_offatr1_pts45-r3,2,23,london,119,22404.0,1.2576,1.3048,0.3193,1630.0
s7_offatr1_pts45-r3,2,23,pre,143,9558.0,0.5012,1.1016,0.2867,2160.0
s7_offatr1_pts45-r3,2,23,nyam,209,-33186.0,-1.668,0.767,0.2392,915.0
s7_offatr1_pct0p1-r0,2,24,all,471,-8019.0,-0.3477,0.9351,0.0828,480.0
s7_offatr1_pct0p1-r0,2,24,london,119,8154.0,0.6695,1.2726,0.1176,375.0
s7_offatr1_pct0p1-r0,2,24,pre,143,-8552.0,-0.7926,0.7775,0.0769,370.0
s7_offatr1_pct0p1-r0,2,24,nyam,209,-7621.0,-0.4654,0.862,0.067,480.0
s7_offatr1_pct0p1-r1,2,25,all,471,-5334.0,-0.8726,0.9221,0.4904,360.0
s7_offatr1_pct0p1-r1,2,25,london,119,1154.0,0.3752,1.0721,0.5294,340.0
s7_offatr1_pct0p1-r1,2,25,pre,143,-222.0,-0.065,0.9891,0.5105,360.0
s7_offatr1_pct0p1-r1,2,25,nyam,209,-6266.0,-1.5541,0.805,0.4545,340.0
s7_offatr1_pct0p1-r2,2,26,all,471,-79.0,-0.0091,0.9991,0.3461,375.0
s7_offatr1_pct0p1-r2,2,26,london,119,2969.0,0.6678,1.1389,0.3782,375.0
s7_offatr1_pct0p1-r2,2,26,pre,143,-3172.0,-0.669,0.8882,0.3217,360.0
s7_offatr1_pct0p1-r2,2,26,nyam,209,124.0,0.0216,1.0032,0.3445,340.0
s7_offatr1_pct0p1-r3,2,27,all,471,3821.0,0.3568,1.0385,0.2675,375.0
s7_offatr1_pct0p1-r3,2,27,london,119,4019.0,0.7277,1.1656,0.2941,375.0
s7_offatr1_pct0p1-r3,2,27,pre,143,-2582.0,-0.445,0.918,0.2448,360.0
s7_offatr1_pct0p1-r3,2,27,nyam,209,2384.0,0.3345,1.0549,0.2679,340.0
s7_offatr1_pct0p2-r0,2,28,all,471,26436.0,0.7673,1.1201,0.1699,2160.0
s7_offatr1_pct0p2-r0,2,28,london,119,4504.0,0.2759,1.0816,0.1681,690.0
s7_offatr1_pct0p2-r0,2,28,pre,143,17008.0,0.8533,1.2486,0.1818,2160.0
s7_offatr1_pct0p2-r0,2,28,nyam,209,4924.0,0.2144,1.0511,0.1627,680.0
s7_offatr1_pct0p2-r1,2,29,all,471,-5284.0,-0.4347,0.9604,0.4989,690.0
s7_offatr1_pct0p2-r1,2,29,london,119,4094.0,0.6696,1.1323,0.5378,690.0
s7_offatr1_pct0p2-r1,2,29,pre,143,-9362.0,-1.3882,0.7913,0.4545,660.0
s7_offatr1_pct0p2-r1,2,29,nyam,209,-16.0,-0.002,0.9997,0.5072,665.0
s7_offatr1_pct0p2-r2,2,30,all,471,35486.0,2.0103,1.218,0.3843,690.0
s7_offatr1_pct0p2-r2,2,30,london,119,11809.0,1.3117,1.2933,0.395,690.0
s7_offatr1_pct0p2-r2,2,30,pre,143,8058.0,0.8248,1.1579,0.3776,660.0
s7_offatr1_pct0p2-r2,2,30,nyam,209,15619.0,1.3377,1.2185,0.3828,665.0
s7_offatr1_pct0p2-r3,2,31,all,471,35681.0,1.6407,1.191,0.293,690.0
s7_offatr1_pct0p2-r3,2,31,london,119,25894.0,2.2189,1.5978,0.3529,690.0
s7_offatr1_pct0p2-r3,2,31,pre,143,12963.0,1.0597,1.2261,0.3007,660.0
s7_offatr1_pct0p2-r3,2,31,nyam,209,-3176.0,-0.2335,0.9631,0.2536,675.0
s7_offptsA_atr1p5-r0,3,0,all,567,-52193.0,-1.16,0.8714,0.1852,2600.0
s7_offptsA_atr1p5-r0,3,0,london,245,-11045.0,-0.3722,0.9355,0.1878,2345.0
s7_offptsA_atr1p5-r0,3,0,pre,197,8312.0,0.276,1.0595,0.1929,2600.0
s7_offptsA_atr1p5-r0,3,0,nyam,125,-49460.0,-3.2781,0.4791,0.168,2485.0
s7_offptsA_atr1p5-r1,3,1,all,567,-50798.0,-2.2528,0.8132,0.4638,2600.0
s7_offptsA_atr1p5-r1,3,1,london,245,-3070.0,-0.2135,0.9706,0.4939,1850.0
s7_offptsA_atr1p5-r1,3,1,pre,197,-40078.0,-3.0835,0.6214,0.4112,2600.0
s7_offptsA_atr1p5-r1,3,1,nyam,125,-7650.0,-0.6699,0.8757,0.488,2485.0
s7_offptsA_atr1p5-r2,3,2,all,567,-21163.0,-0.682,0.9368,0.3351,2600.0
s7_offptsA_atr1p5-r2,3,2,london,245,3060.0,0.152,1.0225,0.351,2055.0
s7_offptsA_atr1p5-r2,3,2,pre,197,-9333.0,-0.5147,0.9207,0.335,2600.0
s7_offptsA_atr1p5-r2,3,2,nyam,125,-14890.0,-0.9806,0.8165,0.304,2485.0
s7_offptsA_atr1p5-r3,3,3,all,567,-60903.0,-1.7187,0.8402,0.2451,2600.0
s7_offptsA_atr1p5-r3,3,3,london,245,-2680.0,-0.1152,0.9827,0.2735,2345.0
s7_offptsA_atr1p5-r3,3,3,pre,197,-30493.0,-1.4768,0.7753,0.2284,2600.0
s7_offptsA_atr1p5-r3,3,3,nyam,125,-27730.0,-1.6332,0.6952,0.216,2485.0
s7_offptsA_atr3-r0,3,4,all,567,-4253.0,-0.0685,0.9928,0.3439,4955.0
s7_offptsA_atr3-r0,3,4,london,245,4150.0,0.0978,1.0159,0.3347,4640.0
s7_offptsA_atr3-r0,3,4,pre,197,16832.0,0.4537,1.0837,0.3452,3705.0
s7_offptsA_atr3-r0,3,4,nyam,125,-25235.0,-0.9601,0.8074,0.36,4955.0
s7_offptsA_atr3-r1,3,5,all,567,6477.0,0.1498,1.0139,0.5026,4955.0
s7_offptsA_atr3-r1,3,5,london,245,15340.0,0.5547,1.0806,0.5224,4015.0
s7_offptsA_atr3-r1,3,5,pre,197,-548.0,-0.0216,0.9967,0.4822,3705.0
s7_offptsA_atr3-r1,3,5,nyam,125,-8315.0,-0.3853,0.9254,0.496,4955.0
s7_offptsA_atr3-r2,3,6,all,567,-48203.0,-0.9094,0.9162,0.3721,4955.0
s7_offptsA_atr3-r2,3,6,london,245,-13540.0,-0.3903,0.9453,0.3796,4640.0
s7_offptsA_atr3-r2,3,6,pre,197,-6698.0,-0.21,0.9662,0.3655,3705.0
s7_offptsA_atr3-r2,3,6,nyam,125,-27965.0,-1.1452,0.7838,0.368,4955.0
s7_offptsA_atr3-r3,3,7,all,567,-29373.0,-0.5113,0.9502,0.3492,4955.0
s7_offptsA_atr3-r3,3,7,london,245,-2410.0,-0.0624,0.9906,0.3469,4640.0
s7_offptsA_atr3-r3,3,7,pre,197,3187.0,0.0923,1.0158,0.3452,3705.0
s7_offptsA_atr3-r3,3,7,nyam,125,-30150.0,-1.2082,0.7699,0.36,4955.0
s7_offptsA_pts10-r0,3,8,all,567,-17693.0,-0.846,0.8451,0.0529,1765.0
s7_offptsA_pts10-r0,3,8,london,245,-11835.0,-0.9608,0.7646,0.0531,1765.0
s7_offptsA_pts10-r0,3,8,pre,197,1277.0,0.0875,1.0327,0.0558,220.0
s7_offptsA_pts10-r0,3,8,nyam,125,-7135.0,-0.8309,0.714,0.048,220.0
s7_offptsA_pts10-r1,3,9,all,567,-9403.0,-1.9465,0.8491,0.4762,215.0
s7_offptsA_pts10-r1,3,9,london,245,-3930.0,-1.2359,0.8537,0.4776,215.0
s7_offptsA_pts10-r1,3,9,pre,197,-4818.0,-1.6934,0.7855,0.4569,210.0
s7_offptsA_pts10-r1,3,9,nyam,125,-655.0,-0.2876,0.9496,0.504,210.0
s7_offptsA_pts10-r2,3,10,all,567,-12983.0,-1.9463,0.8422,0.3086,220.0
s7_offptsA_pts10-r2,3,10,london,245,-5985.0,-1.3664,0.8323,0.3061,215.0
s7_offptsA_pts10-r2,3,10,pre,197,-9243.0,-2.4444,0.6943,0.269,220.0
s7_offptsA_pts10-r2,3,10,nyam,125,2245.0,0.6815,1.1372,0.376,220.0
s7_offptsA_pts10-r3,3,11,all,567,-15043.0,-1.8682,0.8364,0.2275,220.0
s7_offptsA_pts10-r3,3,11,london,245,-8720.0,-1.6754,0.7837,0.2163,215.0
s7_offptsA_pts10-r3,3,11,pre,197,-10723.0,-2.3965,0.6787,0.1929,220.0
s7_offptsA_pts10-r3,3,11,nyam,125,4400.0,1.0576,1.2411,0.304,220.0
s7_offptsA_pts20-r0,3,12,all,567,-3438.0,-0.1052,0.9835,0.1076,1765.0
s7_offptsA_pts20-r0,3,12,london,245,-2080.0,-0.0987,0.9772,0.1061,1765.0
s7_offptsA_pts20-r0,3,12,pre,197,13127.0,0.5837,1.1822,0.1066,410.0
s7_offptsA_pts20-r0,3,12,nyam,125,-14485.0,-1.3301,0.6812,0.112,405.0
s7_offptsA_pts20-r1,3,13,all,567,-17958.0,-1.8742,0.8543,0.4691,430.0
s7_offptsA_pts20-r1,3,13,london,245,-11785.0,-1.8743,0.7871,0.449,430.0
s7_offptsA_pts20-r1,3,13,pre,197,-9778.0,-1.7354,0.7809,0.4467,410.0
s7_offptsA_pts20-r1,3,13,nyam,125,3605.0,0.8008,1.1546,0.544,405.0
s7_offptsA_pts20-r2,3,14,all,567,-23703.0,-1.7915,0.8532,0.3051,430.0
s7_offptsA_pts20-r2,3,14,london,245,-13630.0,-1.5817,0.8079,0.2939,430.0
s7_offptsA_pts20-r2,3,14,pre,197,-11943.0,-1.5528,0.7916,0.2893,410.0
s7_offptsA_pts20-r2,3,14,nyam,125,1870.0,0.2894,1.0564,0.352,405.0
s7_offptsA_pts20-r3,3,15,all,567,-6058.0,-0.3665,0.9653,0.2487,430.0
s7_offptsA_pts20-r3,3,15,london,245,-5695.0,-0.5288,0.9253,0.2408,430.0
s7_offptsA_pts20-r3,3,15,pre,197,-8403.0,-0.8861,0.865,0.2284,410.0
s7_offptsA_pts20-r3,3,15,nyam,125,8040.0,0.9803,1.2232,0.296,405.0
s7_offptsA_pts30-r0,3,16,all,567,-10558.0,-0.272,0.9643,0.1499,1765.0
s7_offptsA_pts30-r0,3,16,london,245,-4950.0,-0.1958,0.9617,0.1469,1765.0
s7_offptsA_pts30-r0,3,16,pre,197,26737.0,0.9974,1.2675,0.1675,615.0
s7_offptsA_pts30-r0,3,16,nyam,125,-32345.0,-2.7149,0.5113,0.128,610.0
s7_offptsA_pts30-r1,3,17,all,567,-18893.0,-1.3165,0.8953,0.478,615.0
s7_offptsA_pts30-r1,3,17,london,245,-9515.0,-1.0077,0.879,0.4735,615.0
s7_offptsA_pts30-r1,3,17,pre,197,-9168.0,-1.0833,0.8568,0.467,615.0
s7_offptsA_pts30-r1,3,17,nyam,125,-210.0,-0.0311,0.9944,0.504,600.0
s7_offptsA_pts30-r2,3,18,all,567,-13553.0,-0.6731,0.9419,0.3245,615.0
s7_offptsA_pts30-r2,3,18,london,245,-1295.0,-0.0969,0.987,0.3347,615.0
s7_offptsA_pts30-r2,3,18,pre,197,-8123.0,-0.6885,0.9013,0.3147,615.0
s7_offptsA_pts30-r2,3,18,nyam,125,-4135.0,-0.4385,0.9201,0.32,605.0
s7_offptsA_pts30-r3,3,19,all,567,-2828.0,-0.1142,0.989,0.254,615.0
s7_offptsA_pts30-r3,3,19,london,245,16640.0,0.9805,1.1551,0.2816,615.0
s7_offptsA_pts30-r3,3,19,pre,197,-11813.0,-0.8313,0.8725,0.2284,615.0
s7_offptsA_pts30-r3,3,19,nyam,125,-7655.0,-0.6894,0.8678,0.24,610.0
s7_offptsA_pts45-r0,3,20,all,567,-28928.0,-0.642,0.9287,0.2116,1765.0
s7_offptsA_pts45-r0,3,20,london,245,-1070.0,-0.0352,0.9939,0.2122,1765.0
s7_offptsA_pts45-r0,3,20,pre,197,8507.0,0.2878,1.0606,0.2132,910.0
s7_offptsA_pts45-r0,3,20,nyam,125,-36365.0,-2.4045,0.5935,0.208,905.0
s7_offptsA_pts45-r1,3,21,all,567,-42373.0,-1.9784,0.8468,0.4638,915.0
s7_offptsA_pts45-r1,3,21,london,245,-12530.0,-0.8876,0.8924,0.4776,915.0
s7_offptsA_pts45-r1,3,21,pre,197,-22708.0,-1.8051,0.773,0.4416,910.0
s7_offptsA_pts45-r1,3,21,nyam,125,-7135.0,-0.7054,0.8811,0.472,905.0
s7_offptsA_pts45-r2,3,22,all,567,-12138.0,-0.4044,0.9645,0.3351,915.0
s7_offptsA_pts45-r2,3,22,london,245,21540.0,1.0541,1.1537,0.3714,915.0
s7_offptsA_pts45-r2,3,22,pre,197,-24643.0,-1.4385,0.8042,0.2944,910.0
s7_offptsA_pts45-r2,3,22,nyam,125,-9035.0,-0.6598,0.8817,0.328,905.0
s7_offptsA_pts45-r3,3,23,all,567,-16603.0,-0.4635,0.9561,0.2663,1765.0
s7_offptsA_pts45-r3,3,23,london,245,31450.0,1.2437,1.2005,0.302,1765.0
s7_offptsA_pts45-r3,3,23,pre,197,-24553.0,-1.2038,0.8204,0.2335,910.0
s7_offptsA_pts45-r3,3,23,nyam,125,-23500.0,-1.5804,0.7233,0.248,905.0
s7_offptsA_pct0p1-r0,3,24,all,567,-12543.0,-0.4777,0.9169,0.0741,1765.0
s7_offptsA_pct0p1-r0,3,24,london,245,-9520.0,-0.6128,0.8555,0.0735,1765.0
s7_offptsA_pct0p1-r0,3,24,pre,197,10137.0,0.5279,1.1963,0.0761,340.0
s7_offptsA_pct0p1-r0,3,24,nyam,125,-13160.0,-1.4754,0.6051,0.072,340.0
s7_offptsA_pct0p1-r1,3,25,all,567,-15948.0,-2.3893,0.817,0.4586,340.0
s7_offptsA_pct0p1-r1,3,25,london,245,-8795.0,-2.0193,0.7712,0.449,340.0
s7_offptsA_pct0p1-r1,3,25,pre,197,-6293.0,-1.6014,0.7946,0.4518,335.0
s7_offptsA_pct0p1-r1,3,25,nyam,125,-860.0,-0.269,0.9525,0.488,340.0
s7_offptsA_pct0p1-r2,3,26,all,567,-17568.0,-1.9018,0.8438,0.3034,340.0
s7_offptsA_pct0p1-r2,3,26,london,245,-8455.0,-1.4128,0.8261,0.3061,340.0
s7_offptsA_pct0p1-r2,3,26,pre,197,-11848.0,-2.2484,0.7111,0.264,335.0
s7_offptsA_pct0p1-r2,3,26,nyam,125,2735.0,0.5894,1.1198,0.36,340.0
s7_offptsA_pct0p1-r3,3,27,all,567,-24678.0,-2.2382,0.8051,0.2169,340.0
s7_offptsA_pct0p1-r3,3,27,london,245,-9890.0,-1.3744,0.8176,0.2245,340.0
s7_offptsA_pct0p1-r3,3,27,pre,197,-14883.0,-2.3956,0.6734,0.1827,335.0
s7_offptsA_pct0p1-r3,3,27,nyam,125,95.0,0.017,1.0035,0.256,340.0
s7_offptsA_pct0p2-r0,3,28,all,567,-6718.0,-0.1799,0.9753,0.1429,1765.0
s7_offptsA_pct0p2-r0,3,28,london,245,100.0,0.0041,1.0008,0.1429,1765.0
s7_offptsA_pct0p2-r0,3,28,pre,197,20552.0,0.804,1.2203,0.1523,680.0
s7_offptsA_pct0p2-r0,3,28,nyam,125,-27370.0,-2.3213,0.5529,0.128,670.0
s7_offptsA_pct0p2-r1,3,29,all,567,-25118.0,-1.8896,0.8522,0.4656,685.0
s7_offptsA_pct0p2-r1,3,29,london,245,-15195.0,-1.7518,0.7981,0.4531,685.0
s7_offptsA_pct0p2-r1,3,29,pre,197,-10723.0,-1.3698,0.8214,0.4518,665.0
s7_offptsA_pct0p2-r1,3,29,nyam,125,800.0,0.1259,1.0231,0.512,660.0
s7_offptsA_pct0p2-r2,3,30,all,567,-15323.0,-0.8224,0.929,0.321,685.0
s7_offptsA_pct0p2-r2,3,30,london,245,-4715.0,-0.3851,0.9489,0.3265,685.0
s7_offptsA_pct0p2-r2,3,30,pre,197,-4028.0,-0.3638,0.946,0.3198,665.0
s7_offptsA_pct0p2-r2,3,30,nyam,125,-6580.0,-0.7559,0.8659,0.312,665.0
s7_offptsA_pct0p2-r3,3,31,all,567,-15958.0,-0.7077,0.9337,0.2451,685.0
s7_offptsA_pct0p2-r3,3,31,london,245,9135.0,0.5934,1.0915,0.2735,685.0
s7_offptsA_pct0p2-r3,3,31,pre,197,-16823.0,-1.3025,0.8062,0.2132,680.0
s7_offptsA_pct0p2-r3,3,31,nyam,125,-8270.0,-0.8091,0.8467,0.24,670.0
s7_offptsB_atr1p5-r0,4,0,all,502,8982.0,0.1974,1.0251,0.2231,2600.0
s7_offptsB_atr1p5-r0,4,0,london,162,-10198.0,-0.3934,0.9182,0.2037,2320.0
s7_offptsB_atr1p5-r0,4,0,pre,170,46230.0,1.538,1.4,0.2529,2600.0
s7_offptsB_atr1p5-r0,4,0,nyam,170,-27050.0,-1.2261,0.7708,0.2118,2485.0
s7_offptsB_atr1p5-r1,4,1,all,502,-5528.0,-0.2503,0.976,0.498,2600.0
s7_offptsB_atr1p5-r1,4,1,london,162,19987.0,1.5744,1.3069,0.5494,1815.0
s7_offptsB_atr1p5-r1,4,1,pre,170,-15800.0,-1.2487,0.8117,0.4588,2600.0
s7_offptsB_atr1p5-r1,4,1,nyam,170,-9715.0,-0.7587,0.8798,0.4882,2485.0
s7_offptsB_atr1p5-r2,4,2,all,502,9017.0,0.2913,1.0301,0.3566,2600.0
s7_offptsB_atr1p5-r2,4,2,london,162,22267.0,1.1888,1.2393,0.3889,2055.0
s7_offptsB_atr1p5-r2,4,2,pre,170,-16955.0,-0.9933,0.842,0.3176,2600.0
s7_offptsB_atr1p5-r2,4,2,nyam,170,3705.0,0.2088,1.0374,0.3647,2485.0
s7_offptsB_atr1p5-r3,4,3,all,502,-29143.0,-0.8251,0.9144,0.2649,2600.0
s7_offptsB_atr1p5-r3,4,3,london,162,-808.0,-0.0378,0.9929,0.2778,2320.0
s7_offptsB_atr1p5-r3,4,3,pre,170,-2445.0,-0.1188,0.9784,0.2706,2600.0
s7_offptsB_atr1p5-r3,4,3,nyam,170,-25890.0,-1.3485,0.7719,0.2471,2485.0
s7_offptsB_atr3-r0,4,4,all,502,49972.0,0.837,1.0958,0.3825,4955.0
s7_offptsB_atr3-r0,4,4,london,162,23802.0,0.6751,1.135,0.3951,4640.0
s7_offptsB_atr3-r0,4,4,pre,170,66460.0,1.8148,1.4088,0.4118,4285.0
s7_offptsB_atr3-r0,4,4,nyam,170,-40290.0,-1.3004,0.7794,0.3412,4955.0
s7_offptsB_atr3-r1,4,5,all,502,39337.0,0.9291,1.0951,0.5299,4955.0
s7_offptsB_atr3-r1,4,5,london,162,56152.0,2.3291,1.4861,0.5988,4015.0
s7_offptsB_atr3-r1,4,5,pre,170,-895.0,-0.037,0.9938,0.4941,4285.0
s7_offptsB_atr3-r1,4,5,nyam,170,-15920.0,-0.6414,0.8961,0.5,4955.0
s7_offptsB_atr3-r2,4,6,all,502,26327.0,0.4996,1.0524,0.4084,4955.0
s7_offptsB_atr3-r2,4,6,london,162,40247.0,1.2425,1.2466,0.4444,4640.0
s7_offptsB_atr3-r2,4,6,pre,170,41730.0,1.3554,1.2645,0.4353,4285.0
s7_offptsB_atr3-r2,4,6,nyam,170,-55650.0,-2.0269,0.6938,0.3471,4955.0
s7_offptsB_atr3-r3,4,7,all,502,40567.0,0.7139,1.0784,0.3884,4955.0
s7_offptsB_atr3-r3,4,7,london,162,29117.0,0.84,1.1665,0.4012,4640.0
s7_offptsB_atr3-r3,4,7,pre,170,59870.0,1.7516,1.3743,0.4235,4285.0
s7_offptsB_atr3-r3,4,7,nyam,170,-48420.0,-1.6756,0.7348,0.3412,4955.0
s7_offptsB_pts10-r0,4,8,all,502,-10173.0,-0.4724,0.8985,0.0518,320.0
s7_offptsB_pts10-r0,4,8,london,162,-658.0,-0.0553,0.9794,0.0617,220.0
s7_offptsB_pts10-r0,4,8,pre,170,-8890.0,-0.7391,0.7428,0.0412,320.0
s7_offptsB_pts10-r0,4,8,nyam,170,-625.0,-0.0467,0.9815,0.0529,220.0
s7_offptsB_pts10-r1,4,9,all,502,-10723.0,-2.3526,0.8105,0.4661,320.0
s7_offptsB_pts10-r1,4,9,london,162,-3153.0,-1.2192,0.8253,0.4691,210.0
s7_offptsB_pts10-r1,4,9,pre,170,-8420.0,-3.2063,0.6128,0.4,320.0
s7_offptsB_pts10-r1,4,9,nyam,170,850.0,0.3208,1.0506,0.5294,220.0
s7_offptsB_pts10-r2,4,10,all,502,-5718.0,-0.8941,0.9195,0.3287,320.0
s7_offptsB_pts10-r2,4,10,london,162,-1878.0,-0.5175,0.9179,0.3272,210.0
s7_offptsB_pts10-r2,4,10,pre,170,-5745.0,-1.5821,0.7751,0.2941,320.0
s7_offptsB_pts10-r2,4,10,nyam,170,1905.0,0.4996,1.0841,0.3647,220.0
s7_offptsB_pts10-r3,4,11,all,502,-9798.0,-1.273,0.8786,0.2371,320.0
s7_offptsB_pts10-r3,4,11,london,162,-153.0,-0.0339,0.9939,0.2593,220.0
s7_offptsB_pts10-r3,4,11,pre,170,-7845.0,-1.8335,0.7267,0.2059,320.0
s7_offptsB_pts10-r3,4,11,nyam,170,-1800.0,-0.3961,0.9329,0.2471,220.0
s7_offptsB_pts20-r0,4,12,all,502,7217.0,0.2373,1.0394,0.1175,1965.0
s7_offptsB_pts20-r0,4,12,london,162,-1288.0,-0.0763,0.9788,0.1111,1965.0
s7_offptsB_pts20-r0,4,12,pre,170,18685.0,0.9545,1.3081,0.1294,420.0
s7_offptsB_pts20-r0,4,12,nyam,170,-10180.0,-0.6333,0.8353,0.1118,410.0
s7_offptsB_pts20-r1,4,13,all,502,-9958.0,-1.1023,0.9062,0.4841,420.0
s7_offptsB_pts20-r1,4,13,london,162,-4403.0,-0.8562,0.8738,0.4753,415.0
s7_offptsB_pts20-r1,4,13,pre,170,-5205.0,-0.9896,0.8589,0.4706,420.0
s7_offptsB_pts20-r1,4,13,nyam,170,-350.0,-0.0665,0.9898,0.5059,410.0
s7_offptsB_pts20-r2,4,14,all,502,-5603.0,-0.4403,0.9593,0.3307,425.0
s7_offptsB_pts20-r2,4,14,london,162,4672.0,0.6302,1.1105,0.3642,425.0
s7_offptsB_pts20-r2,4,14,pre,170,-9375.0,-1.3049,0.8094,0.2941,420.0
s7_offptsB_pts20-r2,4,14,nyam,170,-900.0,-0.1209,0.9805,0.3353,410.0
s7_offptsB_pts20-r3,4,15,all,502,7592.0,0.4782,1.0502,0.2649,425.0
s7_offptsB_pts20-r3,4,15,london,162,5802.0,0.6316,1.1208,0.2778,425.0
s7_offptsB_pts20-r3,4,15,pre,170,-2215.0,-0.2446,0.9578,0.2471,420.0
s7_offptsB_pts20-r3,4,15,nyam,170,4005.0,0.4307,1.0789,0.2706,410.0
s7_offptsB_pts30-r0,4,16,all,502,21677.0,0.5678,1.085,0.1713,1965.0
s7_offptsB_pts30-r0,4,16,london,162,4612.0,0.2077,1.0543,0.1543,1965.0
s7_offptsB_pts30-r0,4,16,pre,170,32065.0,1.2722,1.3781,0.1824,675.0
s7_offptsB_pts30-r0,4,16,nyam,170,-15000.0,-0.8277,0.8241,0.1765,605.0
s7_offptsB_pts30-r1,4,17,all,502,-14363.0,-1.0627,0.9094,0.4821,640.0
s7_offptsB_pts30-r1,4,17,london,162,-1208.0,-0.1568,0.9756,0.5,630.0
s7_offptsB_pts30-r1,4,17,pre,170,-9615.0,-1.2237,0.8286,0.4588,640.0
s7_offptsB_pts30-r1,4,17,nyam,170,-3540.0,-0.4493,0.9332,0.4882,605.0
s7_offptsB_pts30-r2,4,18,all,502,20097.0,1.0352,1.1027,0.3606,640.0
s7_offptsB_pts30-r2,4,18,london,162,14902.0,1.3253,1.2465,0.3889,630.0
s7_offptsB_pts30-r2,4,18,pre,170,-720.0,-0.0646,0.9895,0.3353,640.0
s7_offptsB_pts30-r2,4,18,nyam,170,5915.0,0.525,1.0891,0.3588,605.0
s7_offptsB_pts30-r3,4,19,all,502,21152.0,0.8889,1.0955,0.2769,675.0
s7_offptsB_pts30-r3,4,19,london,162,21437.0,1.5105,1.3136,0.3086,630.0
s7_offptsB_pts30-r3,4,19,pre,170,-270.0,-0.0197,0.9965,0.2529,675.0
s7_offptsB_pts30-r3,4,19,nyam,170,-15.0,-0.0011,0.9998,0.2706,605.0
s7_offptsB_pts45-r0,4,20,all,502,15412.0,0.3488,1.044,0.2311,1965.0
s7_offptsB_pts45-r0,4,20,london,162,5407.0,0.2107,1.0465,0.2222,1965.0
s7_offptsB_pts45-r0,4,20,pre,170,34860.0,1.2132,1.2995,0.2471,915.0
s7_offptsB_pts45-r0,4,20,nyam,170,-24855.0,-1.152,0.7886,0.2235,905.0
s7_offptsB_pts45-r1,4,21,all,502,-1233.0,-0.061,0.9946,0.502,930.0
s7_offptsB_pts45-r1,4,21,london,162,9712.0,0.8448,1.1423,0.537,930.0
s7_offptsB_pts45-r1,4,21,pre,170,-15580.0,-1.3257,0.8158,0.4529,915.0
s7_offptsB_pts45-r1,4,21,nyam,170,4635.0,0.3941,1.0625,0.5176,905.0
s7_offptsB_pts45-r2,4,22,all,502,15567.0,0.5439,1.0529,0.3546,930.0
s7_offptsB_pts45-r2,4,22,london,162,29962.0,1.7728,1.3431,0.4074,930.0
s7_offptsB_pts45-r2,4,22,pre,170,-8495.0,-0.5158,0.9195,0.3176,915.0
s7_offptsB_pts45-r2,4,22,nyam,170,-5900.0,-0.3661,0.9418,0.3412,905.0
s7_offptsB_pts45-r3,4,23,all,502,25522.0,0.7343,1.0786,0.2869,1965.0
s7_offptsB_pts45-r3,4,23,london,162,32537.0,1.5375,1.3197,0.321,1965.0
s7_offptsB_pts45-r3,4,23,pre,170,9925.0,0.4814,1.0887,0.2765,915.0
s7_offptsB_pts45-r3,4,23,nyam,170,-16940.0,-0.9291,0.8477,0.2647,905.0
s7_offptsB_pct0p1-r0,4,24,all,502,-17793.0,-0.7341,0.8673,0.0697,1965.0
s7_offptsB_pct0p1-r0,4,24,london,162,-4798.0,-0.3585,0.8896,0.0741,1965.0
s7_offptsB_pct0p1-r0,4,24,pre,170,-8780.0,-0.6383,0.8071,0.0647,410.0
s7_offptsB_pct0p1-r0,4,24,nyam,170,-4215.0,-0.2832,0.9066,0.0706,340.0
s7_offptsB_pct0p1-r1,4,25,all,502,-15723.0,-2.5166,0.7976,0.4522,410.0
s7_offptsB_pct0p1-r1,4,25,london,162,-5168.0,-1.4851,0.7903,0.4568,340.0
s7_offptsB_pct0p1-r1,4,25,pre,170,-8265.0,-2.2718,0.7044,0.4235,410.0
s7_offptsB_pct0p1-r1,4,25,nyam,170,-2290.0,-0.6178,0.9087,0.4765,340.0
s7_offptsB_pct0p1-r2,4,26,all,502,-13008.0,-1.4959,0.8678,0.3108,410.0
s7_offptsB_pct0p1-r2,4,26,london,162,-2308.0,-0.4711,0.9244,0.3272,375.0
s7_offptsB_pct0p1-r2,4,26,pre,170,-9755.0,-1.9911,0.724,0.2765,410.0
s7_offptsB_pct0p1-r2,4,26,nyam,170,-945.0,-0.1797,0.971,0.3294,340.0
s7_offptsB_pct0p1-r3,4,27,all,502,-4178.0,-0.386,0.961,0.249,410.0
s7_offptsB_pct0p1-r3,4,27,london,162,857.0,0.1403,1.0257,0.2654,375.0
s7_offptsB_pct0p1-r3,4,27,pre,170,-7860.0,-1.3081,0.7941,0.2176,410.0
s7_offptsB_pct0p1-r3,4,27,nyam,170,2825.0,0.4267,1.0793,0.2647,340.0
s7_offptsB_pct0p2-r0,4,28,all,502,11097.0,0.3078,1.0469,0.1554,1965.0
s7_offptsB_pct0p2-r0,4,28,london,162,4707.0,0.2216,1.0611,0.142,1965.0
s7_offptsB_pct0p2-r0,4,28,pre,170,23185.0,0.9907,1.2912,0.1647,685.0
s7_offptsB_pct0p2-r0,4,28,nyam,170,-16795.0,-0.9682,0.7898,0.1588,675.0
s7_offptsB_pct0p2-r1,4,29,all,502,-15028.0,-1.2065,0.8971,0.4781,685.0
s7_offptsB_pct0p2-r1,4,29,london,162,-1138.0,-0.1637,0.9744,0.5,680.0
s7_offptsB_pct0p2-r1,4,29,pre,170,-14900.0,-2.063,0.7273,0.4294,685.0
s7_offptsB_pct0p2-r1,4,29,nyam,170,1010.0,0.137,1.0215,0.5059,665.0
s7_offptsB_pct0p2-r2,4,30,all,502,16122.0,0.9028,1.0898,0.3566,685.0
s7_offptsB_pct0p2-r2,4,30,london,162,12217.0,1.204,1.2238,0.3827,680.0
s7_offptsB_pct0p2-r2,4,30,pre,170,-4930.0,-0.4844,0.9239,0.3235,685.0
s7_offptsB_pct0p2-r2,4,30,nyam,170,8835.0,0.8325,1.1468,0.3647,665.0
s7_offptsB_pct0p2-r3,4,31,all,502,15792.0,0.7218,1.0776,0.2709,685.0
s7_offptsB_pct0p2-r3,4,31,london,162,22312.0,1.7219,1.3685,0.3148,680.0
s7_offptsB_pct0p2-r3,4,31,pre,170,-7365.0,-0.5982,0.8992,0.2353,685.0
s7_offptsB_pct0p2-r3,4,31,nyam,170,845.0,0.0672,1.0121,0.2647,670.0
s8_offatr0p25_atr1p5-r0,0,0,all,568,23678.0,0.4499,1.0601,0.2042,2565.0
s8_offatr0p25_atr1p5-r0,0,0,london,247,11612.0,0.3467,1.0713,0.1903,1830.0
s8_offatr0p25_atr1p5-r0,0,0,pre,211,5831.0,0.172,1.0385,0.1991,2565.0
s8_offatr0p25_atr1p5-r0,0,0,nyam,110,6235.0,0.2765,1.078,0.2455,2490.0
s8_offatr0p25_atr1p5-r1,0,1,all,568,-58032.0,-2.573,0.7901,0.4577,2565.0
s8_offatr0p25_atr1p5-r1,0,1,london,247,-10858.0,-0.7934,0.8969,0.4858,1830.0
s8_offatr0p25_atr1p5-r1,0,1,pre,211,-32544.0,-2.3457,0.7017,0.4408,2565.0
s8_offatr0p25_atr1p5-r1,0,1,nyam,110,-14630.0,-1.2862,0.7643,0.4273,2490.0
s8_offatr0p25_atr1p5-r2,0,2,all,568,-21407.0,-0.6836,0.9365,0.338,2565.0
s8_offatr0p25_atr1p5-r2,0,2,london,247,-11658.0,-0.6178,0.9152,0.332,1830.0
s8_offatr0p25_atr1p5-r2,0,2,pre,211,-11994.0,-0.6281,0.9063,0.3412,2565.0
s8_offatr0p25_atr1p5-r2,0,2,nyam,110,2245.0,0.1384,1.0313,0.3455,2490.0
s8_offatr0p25_atr1p5-r3,0,3,all,568,-31937.0,-0.8707,0.9142,0.2588,2565.0
s8_offatr0p25_atr1p5-r3,0,3,london,247,-2628.0,-0.1127,0.9826,0.2591,1830.0
s8_offatr0p25_atr1p5-r3,0,3,pre,211,-19524.0,-0.8733,0.8632,0.2559,2565.0
s8_offatr0p25_atr1p5-r3,0,3,nyam,110,-9785.0,-0.5593,0.8757,0.2636,2490.0
s8_offatr0p25_atr3-r0,0,4,all,568,26743.0,0.3999,1.0445,0.3592,5110.0
s8_offatr0p25_atr3-r0,0,4,london,247,29862.0,0.6632,1.1188,0.3401,3655.0
s8_offatr0p25_atr3-r0,0,4,pre,211,12006.0,0.2954,1.0544,0.3791,5110.0
s8_offatr0p25_atr3-r0,0,4,nyam,110,-15125.0,-0.5337,0.8824,0.3636,4900.0
s8_offatr0p25_atr3-r1,0,5,all,568,-33432.0,-0.7629,0.9324,0.4947,5110.0
s8_offatr0p25_atr3-r1,0,5,london,247,-4688.0,-0.1756,0.9762,0.5061,3655.0
s8_offatr0p25_atr3-r1,0,5,pre,211,-699.0,-0.0257,0.9961,0.5118,5110.0
s8_offatr0p25_atr3-r1,0,5,nyam,110,-28045.0,-1.2937,0.7628,0.4364,4900.0
s8_offatr0p25_atr3-r2,0,6,all,568,-21467.0,-0.3883,0.963,0.3891,5110.0
s8_offatr0p25_atr3-r2,0,6,london,247,-3783.0,-0.1097,0.9842,0.3846,3655.0
s8_offatr0p25_atr3-r2,0,6,pre,211,10566.0,0.3031,1.05,0.4076,5110.0
s8_offatr0p25_atr3-r2,0,6,nyam,110,-28250.0,-1.1021,0.7804,0.3636,4900.0
s8_offatr0p25_atr3-r3,0,7,all,568,23058.0,0.3733,1.0388,0.3715,5110.0
s8_offatr0p25_atr3-r3,0,7,london,247,31027.0,0.7812,1.126,0.3644,3655.0
s8_offatr0p25_atr3-r3,0,7,pre,211,10186.0,0.2652,1.0464,0.3839,5110.0
s8_offatr0p25_atr3-r3,0,7,nyam,110,-18155.0,-0.6544,0.8588,0.3636,4900.0
s8_offatr0p25_pts10-r0,0,8,all,568,-38637.0,-2.0999,0.6628,0.0405,575.0
s8_offatr0p25_pts10-r0,0,8,london,247,-29233.0,-3.0503,0.4192,0.0283,215.0
s8_offatr0p25_pts10-r0,0,8,pre,211,-15094.0,-1.3691,0.648,0.0379,575.0
s8_offatr0p25_pts10-r0,0,8,nyam,110,5690.0,0.5101,1.2663,0.0727,225.0
s8_offatr0p25_pts10-r1,0,9,all,568,-6322.0,-1.3068,0.896,0.4894,225.0
s8_offatr0p25_pts10-r1,0,9,london,247,-3128.0,-0.9792,0.8826,0.4858,210.0
s8_offatr0p25_pts10-r1,0,9,pre,211,-3244.0,-1.1,0.8592,0.4787,220.0
s8_offatr0p25_pts10-r1,0,9,nyam,110,50.0,0.0234,1.0045,0.5182,225.0
s8_offatr0p25_pts10-r2,0,10,all,568,-6447.0,-0.9508,0.9195,0.3275,225.0
s8_offatr0p25_pts10-r2,0,10,london,247,-6998.0,-1.6012,0.8072,0.2996,215.0
s8_offatr0p25_pts10-r2,0,10,pre,211,-3634.0,-0.8854,0.8795,0.3175,220.0
s8_offatr0p25_pts10-r2,0,10,nyam,110,4185.0,1.3336,1.3069,0.4091,225.0
s8_offatr0p25_pts10-r3,0,11,all,568,-4682.0,-0.5626,0.9476,0.25,225.0
s8_offatr0p25_pts10-r3,0,11,london,247,-6698.0,-1.2606,0.8329,0.2267,215.0
s8_offatr0p25_pts10-r3,0,11,pre,211,-3119.0,-0.6212,0.9069,0.2417,220.0
s8_offatr0p25_pts10-r3,0,11,nyam,110,5135.0,1.2987,1.3266,0.3182,225.0
s8_offatr0p25_pts20-r0,0,12,all,568,-21702.0,-0.6762,0.8966,0.0986,575.0
s8_offatr0p25_pts20-r0,0,12,london,247,-28538.0,-1.4891,0.693,0.081,410.0
s8_offatr0p25_pts20-r0,0,12,pre,211,7491.0,0.3461,1.0981,0.1185,575.0
s8_offatr0p25_pts20-r0,0,12,nyam,110,-655.0,-0.0469,0.9838,0.1,410.0
s8_offatr0p25_pts20-r1,0,13,all,568,-10317.0,-1.0741,0.9137,0.4859,470.0
s8_offatr0p25_pts20-r1,0,13,london,247,-9318.0,-1.4735,0.8289,0.4615,410.0
s8_offatr0p25_pts20-r1,0,13,pre,211,-259.0,-0.0441,0.9939,0.5071,470.0
s8_offatr0p25_pts20-r1,0,13,nyam,110,-740.0,-0.1744,0.9671,0.5,410.0
s8_offatr0p25_pts20-r2,0,14,all,568,-15622.0,-1.1676,0.9017,0.3169,470.0
s8_offatr0p25_pts20-r2,0,14,london,247,-8318.0,-0.9459,0.8805,0.3117,410.0
s8_offatr0p25_pts20-r2,0,14,pre,211,-4459.0,-0.5435,0.9239,0.3223,470.0
s8_offatr0p25_pts20-r2,0,14,nyam,110,-2845.0,-0.4809,0.9073,0.3182,410.0
s8_offatr0p25_pts20-r3,0,15,all,568,-18327.0,-1.1294,0.897,0.2359,575.0
s8_offatr0p25_pts20-r3,0,15,london,247,-9618.0,-0.9029,0.8764,0.2308,410.0
s8_offatr0p25_pts20-r3,0,15,pre,211,2611.0,0.2541,1.041,0.2654,575.0
s8_offatr0p25_pts20-r3,0,15,nyam,110,-11320.0,-1.7028,0.6893,0.1909,410.0
s8_offatr0p25_pts30-r0,0,16,all,568,27388.0,0.6579,1.0957,0.1725,635.0
s8_offatr0p25_pts30-r0,0,16,london,247,17892.0,0.6003,1.1422,0.1619,620.0
s8_offatr0p25_pts30-r0,0,16,pre,211,11811.0,0.4771,1.112,0.1801,635.0
s8_offatr0p25_pts30-r0,0,16,nyam,110,-2315.0,-0.1505,0.9578,0.1818,620.0
s8_offatr0p25_pts30-r1,0,17,all,568,-9907.0,-0.6891,0.9438,0.4912,620.0
s8_offatr0p25_pts30-r1,0,17,london,247,-3518.0,-0.3705,0.9539,0.4939,620.0
s8_offatr0p25_pts30-r1,0,17,pre,211,-5644.0,-0.6434,0.915,0.4834,615.0
s8_offatr0p25_pts30-r1,0,17,nyam,110,-745.0,-0.1173,0.9778,0.5,605.0
s8_offatr0p25_pts30-r2,0,18,all,568,-6442.0,-0.3184,0.9721,0.3327,635.0
s8_offatr0p25_pts30-r2,0,18,london,247,802.0,0.0596,1.0081,0.3401,620.0
s8_offatr0p25_pts30-r2,0,18,pre,211,4286.0,0.3429,1.0513,0.3507,635.0
s8_offatr0p25_pts30-r2,0,18,nyam,110,-11530.0,-1.3559,0.7606,0.2818,620.0
s8_offatr0p25_pts30-r3,0,19,all,568,4563.0,0.1834,1.0179,0.2623,635.0
s8_offatr0p25_pts30-r3,0,19,london,247,10232.0,0.6123,1.0937,0.2753,620.0
s8_offatr0p25_pts30-r3,0,19,pre,211,4796.0,0.312,1.0508,0.2654,635.0
s8_offatr0p25_pts30-r3,0,19,nyam,110,-10465.0,-1.0265,0.7981,0.2273,620.0
s8_offatr0p25_pts45-r0,0,20,all,568,24013.0,0.4977,1.0612,0.2377,920.0
s8_offatr0p25_pts45-r0,0,20,london,247,19647.0,0.5783,1.1137,0.2267,920.0
s8_offatr0p25_pts45-r0,0,20,pre,211,12856.0,0.4428,1.0895,0.2512,905.0
s8_offatr0p25_pts45-r0,0,20,nyam,110,-8490.0,-0.4631,0.8878,0.2364,910.0
s8_offatr0p25_pts45-r1,0,21,all,568,-15327.0,-0.7125,0.9419,0.4894,920.0
s8_offatr0p25_pts45-r1,0,21,london,247,-803.0,-0.0565,0.9928,0.502,920.0
s8_offatr0p25_pts45-r1,0,21,pre,211,-1159.0,-0.0884,0.9879,0.5024,905.0
s8_offatr0p25_pts45-r1,0,21,nyam,110,-13365.0,-1.4169,0.7629,0.4364,910.0
s8_offatr0p25_pts45-r2,0,22,all,568,-10762.0,-0.3589,0.9685,0.338,920.0
s8_offatr0p25_pts45-r2,0,22,london,247,7132.0,0.3545,1.049,0.3522,920.0
s8_offatr0p25_pts45-r2,0,22,pre,211,1481.0,0.0801,1.0118,0.346,905.0
s8_offatr0p25_pts45-r2,0,22,nyam,110,-19375.0,-1.5732,0.7268,0.2909,910.0
s8_offatr0p25_pts45-r3,0,23,all,568,-11062.0,-0.3095,0.9705,0.2729,920.0
s8_offatr0p25_pts45-r3,0,23,london,247,12407.0,0.5048,1.0771,0.2834,920.0
s8_offatr0p25_pts45-r3,0,23,pre,211,-11024.0,-0.5167,0.9213,0.2701,905.0
s8_offatr0p25_pts45-r3,0,23,nyam,110,-12445.0,-0.8381,0.8315,0.2545,910.0
s8_offatr0p25_pct0p1-r0,0,24,all,568,-39997.0,-1.7676,0.7375,0.0599,575.0
s8_offatr0p25_pct0p1-r0,0,24,london,247,-26008.0,-1.9224,0.6108,0.0526,345.0
s8_offatr0p25_pct0p1-r0,0,24,pre,211,-12264.0,-0.8632,0.784,0.0616,575.0
s8_offatr0p25_pct0p1-r0,0,24,nyam,110,-1725.0,-0.1522,0.9401,0.0727,340.0
s8_offatr0p25_pct0p1-r1,0,25,all,568,-10662.0,-1.5918,0.874,0.4754,345.0
s8_offatr0p25_pct0p1-r1,0,25,london,247,-3073.0,-0.6932,0.9148,0.4858,345.0
s8_offatr0p25_pct0p1-r1,0,25,pre,211,-3894.0,-0.9484,0.8765,0.4739,340.0
s8_offatr0p25_pct0p1-r1,0,25,nyam,110,-3695.0,-1.2688,0.7831,0.4545,340.0
s8_offatr0p25_pct0p1-r2,0,26,all,568,-11992.0,-1.2828,0.8918,0.3151,345.0
s8_offatr0p25_pct0p1-r2,0,26,london,247,-6698.0,-1.0866,0.8627,0.3036,345.0
s8_offatr0p25_pct0p1-r2,0,26,pre,211,-4284.0,-0.7477,0.8962,0.3175,340.0
s8_offatr0p25_pct0p1-r2,0,26,nyam,110,-1010.0,-0.246,0.9513,0.3364,340.0
s8_offatr0p25_pct0p1-r3,0,27,all,568,-13922.0,-1.2274,0.8879,0.2342,345.0
s8_offatr0p25_pct0p1-r3,0,27,london,247,-2168.0,-0.2829,0.9592,0.247,345.0
s8_offatr0p25_pct0p1-r3,0,27,pre,211,-10469.0,-1.5533,0.7804,0.2085,340.0
s8_offatr0p25_pct0p1-r3,0,27,nyam,110,-1285.0,-0.2583,0.9451,0.2545,340.0
s8_offatr0p25_pct0p2-r0,0,28,all,568,13343.0,0.333,1.0496,0.1514,685.0
s8_offatr0p25_pct0p2-r0,0,28,london,247,3122.0,0.1106,1.0261,0.1336,685.0
s8_offatr0p25_pct0p2-r0,0,28,pre,211,14836.0,0.6101,1.1512,0.1706,680.0
s8_offatr0p25_pct0p2-r0,0,28,nyam,110,-4615.0,-0.3106,0.9104,0.1545,685.0
s8_offatr0p25_pct0p2-r1,0,29,all,568,-11367.0,-0.8523,0.9304,0.4877,685.0
s8_offatr0p25_pct0p2-r1,0,29,london,247,-4943.0,-0.5604,0.9306,0.4818,685.0
s8_offatr0p25_pct0p2-r1,0,29,pre,211,2081.0,0.2546,1.036,0.5166,675.0
s8_offatr0p25_pct0p2-r1,0,29,nyam,110,-8505.0,-1.4734,0.753,0.4455,685.0
s8_offatr0p25_pct0p2-r2,0,30,all,568,-7462.0,-0.399,0.965,0.3345,685.0
s8_offatr0p25_pct0p2-r2,0,30,london,247,-6648.0,-0.5404,0.9294,0.3239,685.0
s8_offatr0p25_pct0p2-r2,0,30,pre,211,9941.0,0.846,1.1322,0.3697,680.0
s8_offatr0p25_pct0p2-r2,0,30,nyam,110,-10755.0,-1.3897,0.7558,0.2909,685.0
s8_offatr0p25_pct0p2-r3,0,31,all,568,-9382.0,-0.4148,0.9607,0.2553,685.0
s8_offatr0p25_pct0p2-r3,0,31,london,247,-6778.0,-0.4544,0.9355,0.247,685.0
s8_offatr0p25_pct0p2-r3,0,31,pre,211,10761.0,0.7458,1.1258,0.2844,680.0
s8_offatr0p25_pct0p2-r3,0,31,nyam,110,-13365.0,-1.491,0.722,0.2182,685.0
s8_offatr0p5_atr1p5-r0,1,0,all,564,61879.0,1.1536,1.1613,0.2145,2555.0
s8_offatr0p5_atr1p5-r0,1,0,london,212,19197.0,0.5943,1.1412,0.1792,1725.0
s8_offatr0p5_atr1p5-r0,1,0,pre,208,29953.0,0.8652,1.2105,0.2115,1990.0
s8_offatr0p5_atr1p5-r0,1,0,nyam,144,12729.0,0.5012,1.1209,0.2708,2555.0
s8_offatr0p5_atr1p5-r1,1,1,all,564,-20496.0,-0.9088,0.9198,0.4876,2555.0
s8_offatr0p5_atr1p5-r1,1,1,london,212,5862.0,0.4783,1.0734,0.5047,1715.0
s8_offatr0p5_atr1p5-r1,1,1,pre,208,-22827.0,-1.6925,0.7753,0.4663,1990.0
s8_offatr0p5_atr1p5-r1,1,1,nyam,144,-3531.0,-0.2658,0.9523,0.4931,2555.0
s8_offatr0p5_atr1p5-r2,1,2,all,564,9949.0,0.3163,1.0308,0.3617,2555.0
s8_offatr0p5_atr1p5-r2,1,2,london,212,2512.0,0.1442,1.0228,0.3491,1725.0
s8_offatr0p5_atr1p5-r2,1,2,pre,208,11168.0,0.5846,1.0956,0.3798,1990.0
s8_offatr0p5_atr1p5-r2,1,2,nyam,144,-3731.0,-0.2073,0.9611,0.3542,2555.0
s8_offatr0p5_atr1p5-r3,1,3,all,564,-6721.0,-0.1823,0.9814,0.2748,2555.0
s8_offatr0p5_atr1p5-r3,1,3,london,212,5347.0,0.2487,1.0433,0.2689,1725.0
s8_offatr0p5_atr1p5-r3,1,3,pre,208,-282.0,-0.0124,0.9979,0.2692,1990.0
s8_offatr0p5_atr1p5-r3,1,3,nyam,144,-11786.0,-0.5992,0.886,0.2917,2555.0
s8_offatr0p5_atr3-r0,1,4,all,564,45194.0,0.6915,1.0774,0.3652,5110.0
s8_offatr0p5_atr3-r0,1,4,london,212,15992.0,0.4031,1.0748,0.3066,3455.0
s8_offatr0p5_atr3-r0,1,4,pre,208,25118.0,0.6092,1.1161,0.375,3985.0
s8_offatr0p5_atr3-r0,1,4,nyam,144,4084.0,0.1283,1.0265,0.4375,5110.0
s8_offatr0p5_atr3-r1,1,5,all,564,-27596.0,-0.6343,0.9431,0.5035,5110.0
s8_offatr0p5_atr3-r1,1,5,london,212,-17458.0,-0.7283,0.8977,0.4717,3455.0
s8_offatr0p5_atr3-r1,1,5,pre,208,9508.0,0.3564,1.0554,0.5385,3985.0
s8_offatr0p5_atr3-r1,1,5,nyam,144,-19646.0,-0.7952,0.8624,0.5,5110.0
s8_offatr0p5_atr3-r2,1,6,all,564,4634.0,0.0841,1.0083,0.3972,5110.0
s8_offatr0p5_atr3-r2,1,6,london,212,-11088.0,-0.3574,0.9454,0.3538,3455.0
s8_offatr0p5_atr3-r2,1,6,pre,208,22543.0,0.6449,1.1103,0.4135,3985.0
s8_offatr0p5_atr3-r2,1,6,nyam,144,-6821.0,-0.2331,0.9557,0.4375,5110.0
s8_offatr0p5_atr3-r3,1,7,all,564,29489.0,0.4846,1.0511,0.3759,5110.0
s8_offatr0p5_atr3-r3,1,7,london,212,15897.0,0.4437,1.0763,0.3302,3455.0
s8_offatr0p5_atr3-r3,1,7,pre,208,14093.0,0.3679,1.0654,0.3798,3985.0
s8_offatr0p5_atr3-r3,1,7,nyam,144,-501.0,-0.0161,0.9967,0.4375,5110.0
s8_offatr0p5_pts10-r0,1,8,all,564,-31011.0,-1.6291,0.7254,0.0443,225.0
s8_offatr0p5_pts10-r0,1,8,london,212,-15288.0,-1.3305,0.6421,0.0377,210.0
s8_offatr0p5_pts10-r0,1,8,pre,208,-7472.0,-0.6179,0.8201,0.0481,225.0
s8_offatr0p5_pts10-r0,1,8,nyam,144,-8251.0,-0.8938,0.7123,0.0486,215.0
s8_offatr0p5_pts10-r1,1,9,all,564,-15186.0,-3.1657,0.7663,0.4504,220.0
s8_offatr0p5_pts10-r1,1,9,london,212,-12378.0,-4.3246,0.5558,0.3726,210.0
s8_offatr0p5_pts10-r1,1,9,pre,208,-2642.0,-0.9012,0.8823,0.4856,220.0
s8_offatr0p5_pts10-r1,1,9,nyam,144,-166.0,-0.068,0.9887,0.5139,215.0
s8_offatr0p5_pts10-r2,1,10,all,564,-16446.0,-2.4984,0.8018,0.2979,220.0
s8_offatr0p5_pts10-r2,1,10,london,212,-12313.0,-3.218,0.6303,0.25,210.0
s8_offatr0p5_pts10-r2,1,10,pre,208,-3037.0,-0.7422,0.8973,0.3221,220.0
s8_offatr0p5_pts10-r2,1,10,nyam,144,-1096.0,-0.3189,0.9455,0.3333,215.0
s8_offatr0p5_pts10-r3,1,11,all,564,-15051.0,-1.8767,0.8352,0.227,220.0
s8_offatr0p5_pts10-r3,1,11,london,212,-11373.0,-2.4496,0.6824,0.1934,210.0
s8_offatr0p5_pts10-r3,1,11,pre,208,-3327.0,-0.6684,0.8996,0.2404,220.0
s8_offatr0p5_pts10-r3,1,11,nyam,144,-351.0,-0.0828,0.9843,0.2569,215.0
s8_offatr0p5_pts20-r0,1,12,all,564,-26501.0,-0.8776,0.8736,0.094,730.0
s8_offatr0p5_pts20-r0,1,12,london,212,-18163.0,-1.0029,0.7727,0.0802,470.0
s8_offatr0p5_pts20-r0,1,12,pre,208,-1372.0,-0.0703,0.9822,0.101,730.0
s8_offatr0p5_pts20-r0,1,12,nyam,144,-6966.0,-0.4855,0.8681,0.1042,410.0
s8_offatr0p5_pts20-r1,1,13,all,564,-15071.0,-1.5763,0.8757,0.4752,410.0
s8_offatr0p5_pts20-r1,1,13,london,212,-8673.0,-1.481,0.8158,0.4575,405.0
s8_offatr0p5_pts20-r1,1,13,pre,208,-7042.0,-1.2122,0.8451,0.4663,410.0
s8_offatr0p5_pts20-r1,1,13,nyam,144,644.0,0.1328,1.0225,0.5139,410.0
s8_offatr0p5_pts20-r2,1,14,all,564,-14261.0,-1.0666,0.9095,0.3191,730.0
s8_offatr0p5_pts20-r2,1,14,london,212,-2418.0,-0.2922,0.9584,0.3302,410.0
s8_offatr0p5_pts20-r2,1,14,pre,208,-10757.0,-1.3458,0.821,0.2981,730.0
s8_offatr0p5_pts20-r2,1,14,nyam,144,-1086.0,-0.1587,0.9724,0.3333,410.0
s8_offatr0p5_pts20-r3,1,15,all,564,-23306.0,-1.4529,0.8691,0.2305,730.0
s8_offatr0p5_pts20-r3,1,15,london,212,-3323.0,-0.3296,0.9493,0.2453,410.0
s8_offatr0p5_pts20-r3,1,15,pre,208,-7602.0,-0.7757,0.8838,0.2356,730.0
s8_offatr0p5_pts20-r3,1,15,nyam,144,-12381.0,-1.5971,0.7369,0.2014,410.0
s8_offatr0p5_pts30-r0,1,16,all,564,29499.0,0.694,1.1026,0.1631,730.0
s8_offatr0p5_pts30-r0,1,16,london,212,-7998.0,-0.3054,0.9285,0.1321,635.0
s8_offatr0p5_pts30-r0,1,16,pre,208,27358.0,1.0071,1.2621,0.1779,730.0
s8_offatr0p5_pts30-r0,1,16,nyam,144,10139.0,0.516,1.1422,0.1875,610.0
s8_offatr0p5_pts30-r1,1,17,all,564,-11056.0,-0.7718,0.937,0.4894,635.0
s8_offatr0p5_pts30-r1,1,17,london,212,-5083.0,-0.5778,0.9235,0.4858,635.0
s8_offatr0p5_pts30-r1,1,17,pre,208,-3787.0,-0.4348,0.9414,0.4904,610.0
s8_offatr0p5_pts30-r1,1,17,nyam,144,-2186.0,-0.3012,0.9509,0.4931,610.0
s8_offatr0p5_pts30-r2,1,18,all,564,-3041.0,-0.1505,0.9867,0.3369,730.0
s8_offatr0p5_pts30-r2,1,18,london,212,407.0,0.0327,1.0048,0.3396,635.0
s8_offatr0p5_pts30-r2,1,18,pre,208,5958.0,0.4784,1.0729,0.3558,730.0
s8_offatr0p5_pts30-r2,1,18,nyam,144,-9406.0,-0.9466,0.8457,0.3056,610.0
s8_offatr0p5_pts30-r3,1,19,all,564,2434.0,0.0982,1.0096,0.2606,730.0
s8_offatr0p5_pts30-r3,1,19,london,212,-5128.0,-0.3413,0.9474,0.2453,635.0
s8_offatr0p5_pts30-r3,1,19,pre,208,3508.0,0.231,1.0376,0.2644,730.0
s8_offatr0p5_pts30-r3,1,19,nyam,144,4054.0,0.3211,1.064,0.2778,610.0
s8_offatr0p5_pts45-r0,1,20,all,564,25699.0,0.5254,1.0656,0.2323,920.0
s8_offatr0p5_pts45-r0,1,20,london,212,12587.0,0.3853,1.0827,0.2075,920.0
s8_offatr0p5_pts45-r0,1,20,pre,208,17133.0,0.5791,1.1202,0.2404,915.0
s8_offatr0p5_pts45-r0,1,20,nyam,144,-4021.0,-0.1881,0.9584,0.2569,905.0
s8_offatr0p5_pts45-r1,1,21,all,564,-21811.0,-1.0172,0.9179,0.4823,915.0
s8_offatr0p5_pts45-r1,1,21,london,212,-8633.0,-0.6557,0.9137,0.4811,910.0
s8_offatr0p5_pts45-r1,1,21,pre,208,-3197.0,-0.245,0.9665,0.4952,915.0
s8_offatr0p5_pts45-r1,1,21,nyam,144,-9981.0,-0.9205,0.8574,0.4653,905.0
s8_offatr0p5_pts45-r2,1,22,all,564,-18601.0,-0.6235,0.9457,0.3316,920.0
s8_offatr0p5_pts45-r2,1,22,london,212,-12468.0,-0.6819,0.9054,0.316,920.0
s8_offatr0p5_pts45-r2,1,22,pre,208,-292.0,-0.0159,0.9977,0.3413,915.0
s8_offatr0p5_pts45-r2,1,22,nyam,144,-5841.0,-0.3917,0.9324,0.3403,905.0
s8_offatr0p5_pts45-r3,1,23,all,564,-23926.0,-0.6762,0.9363,0.266,920.0
s8_offatr0p5_pts45-r3,1,23,london,212,-2413.0,-0.1087,0.9829,0.2689,920.0
s8_offatr0p5_pts45-r3,1,23,pre,208,-5682.0,-0.261,0.9591,0.2644,915.0
s8_offatr0p5_pts45-r3,1,23,nyam,144,-15831.0,-0.9315,0.8348,0.2639,905.0
s8_offatr0p5_pct0p1-r0,1,24,all,564,-30201.0,-1.3046,0.7989,0.0656,345.0
s8_offatr0p5_pct0p1-r0,1,24,london,212,-18718.0,-1.3543,0.6745,0.0519,345.0
s8_offatr0p5_pct0p1-r0,1,24,pre,208,-12742.0,-0.942,0.7699,0.0625,340.0
s8_offatr0p5_pct0p1-r0,1,24,nyam,144,1259.0,0.0986,1.0338,0.0903,340.0
s8_offatr0p5_pct0p1-r1,1,25,all,564,-12436.0,-1.866,0.8536,0.4716,345.0
s8_offatr0p5_pct0p1-r1,1,25,london,212,-10038.0,-2.463,0.7117,0.4245,345.0
s8_offatr0p5_pct0p1-r1,1,25,pre,208,-4472.0,-1.1035,0.8569,0.4712,340.0
s8_offatr0p5_pct0p1-r1,1,25,nyam,144,2074.0,0.6193,1.11,0.5417,340.0
s8_offatr0p5_pct0p1-r2,1,26,all,564,-12621.0,-1.3591,0.8855,0.3156,345.0
s8_offatr0p5_pct0p1-r2,1,26,london,212,-8798.0,-1.5674,0.7955,0.2925,345.0
s8_offatr0p5_pct0p1-r2,1,26,pre,208,-3317.0,-0.5833,0.9174,0.3221,340.0
s8_offatr0p5_pct0p1-r2,1,26,nyam,144,-506.0,-0.1065,0.9813,0.3403,340.0
s8_offatr0p5_pct0p1-r3,1,27,all,564,-10941.0,-0.9629,0.9106,0.2394,345.0
s8_offatr0p5_pct0p1-r3,1,27,london,212,-4603.0,-0.6568,0.9008,0.2358,345.0
s8_offatr0p5_pct0p1-r3,1,27,pre,208,-6532.0,-0.9577,0.8572,0.226,340.0
s8_offatr0p5_pct0p1-r3,1,27,nyam,144,194.0,0.0333,1.0064,0.2639,340.0
s8_offatr0p5_pct0p2-r0,1,28,all,564,-29501.0,-0.823,0.8918,0.133,730.0
s8_offatr0p5_pct0p2-r0,1,28,london,212,-34903.0,-1.8155,0.6701,0.1085,685.0
s8_offatr0p5_pct0p2-r0,1,28,pre,208,5623.0,0.2322,1.0567,0.1442,730.0
s8_offatr0p5_pct0p2-r0,1,28,nyam,144,-221.0,-0.0122,0.9967,0.1528,685.0
s8_offatr0p5_pct0p2-r1,1,29,all,564,-27341.0,-2.0638,0.8394,0.461,685.0
s8_offatr0p5_pct0p2-r1,1,29,london,212,-11493.0,-1.4078,0.8229,0.4528,685.0
s8_offatr0p5_pct0p2-r1,1,29,pre,208,-9547.0,-1.1848,0.8472,0.4615,680.0
s8_offatr0p5_pct0p2-r1,1,29,nyam,144,-6301.0,-0.9441,0.853,0.4722,685.0
s8_offatr0p5_pct0p2-r2,1,30,all,564,-20926.0,-1.1331,0.9032,0.3156,730.0
s8_offatr0p5_pct0p2-r2,1,30,london,212,-5168.0,-0.4501,0.936,0.3208,685.0
s8_offatr0p5_pct0p2-r2,1,30,pre,208,-6957.0,-0.6172,0.9125,0.3173,730.0
s8_offatr0p5_pct0p2-r2,1,30,nyam,144,-8801.0,-0.9645,0.8426,0.3056,685.0
s8_offatr0p5_pct0p2-r3,1,31,all,564,-20391.0,-0.9092,0.9149,0.2411,730.0
s8_offatr0p5_pct0p2-r3,1,31,london,212,-10478.0,-0.7606,0.8857,0.2311,685.0
s8_offatr0p5_pct0p2-r3,1,31,pre,208,-8472.0,-0.6234,0.9042,0.2404,730.0
s8_offatr0p5_pct0p2-r3,1,31,nyam,144,-1441.0,-0.1263,0.9758,0.2569,685.0
s8_offatr1_atr1p5-r0,2,0,all,477,102367.0,2.0129,1.3279,0.2369,2555.0
s8_offatr1_atr1p5-r0,2,0,london,102,7067.0,0.3401,1.1119,0.1961,1620.0
s8_offatr1_atr1p5-r0,2,0,pre,157,10762.0,0.4015,1.1026,0.1847,1990.0
s8_offatr1_atr1p5-r0,2,0,nyam,218,84538.0,2.2325,1.5866,0.2936,2555.0
s8_offatr1_atr1p5-r1,2,1,all,477,24052.0,1.1662,1.1237,0.5472,2555.0
s8_offatr1_atr1p5-r1,2,1,london,102,6912.0,0.8481,1.1963,0.549,1385.0
s8_offatr1_atr1p5-r1,2,1,pre,157,-3198.0,-0.2921,0.9509,0.5096,1990.0
s8_offatr1_atr1p5-r1,2,1,nyam,218,20338.0,1.3142,1.2162,0.5734,2555.0
s8_offatr1_atr1p5-r2,2,2,all,477,32887.0,1.1207,1.1254,0.3711,2555.0
s8_offatr1_atr1p5-r2,2,2,london,102,-11163.0,-1.0146,0.7989,0.3039,1620.0
s8_offatr1_atr1p5-r2,2,2,pre,157,8012.0,0.5197,1.0975,0.3822,1990.0
s8_offatr1_atr1p5-r2,2,2,nyam,218,36038.0,1.6112,1.2895,0.3945,2555.0
s8_offatr1_atr1p5-r3,2,3,all,477,31012.0,0.8836,1.1054,0.2914,2555.0
s8_offatr1_atr1p5-r3,2,3,london,102,6082.0,0.4228,1.1071,0.2843,1620.0
s8_offatr1_atr1p5-r3,2,3,pre,157,-2263.0,-0.126,0.9762,0.2739,1990.0
s8_offatr1_atr1p5-r3,2,3,nyam,218,27193.0,1.0238,1.1911,0.3073,2555.0
s8_offatr1_atr3-r0,2,4,all,477,106662.0,1.7263,1.2264,0.3878,5115.0
s8_offatr1_atr3-r0,2,4,london,102,26192.0,0.9298,1.2672,0.3627,2770.0
s8_offatr1_atr3-r0,2,4,pre,157,6987.0,0.2063,1.0422,0.3312,3980.0
s8_offatr1_atr3-r0,2,4,nyam,218,73483.0,1.6928,1.3539,0.4404,5115.0
s8_offatr1_atr3-r1,2,5,all,477,39302.0,0.9831,1.1044,0.5451,5115.0
s8_offatr1_atr3-r1,2,5,london,102,-11423.0,-0.7036,0.8614,0.4804,2770.0
s8_offatr1_atr3-r1,2,5,pre,157,17907.0,0.8311,1.1555,0.5732,3980.0
s8_offatr1_atr3-r1,2,5,nyam,218,32818.0,1.1116,1.1836,0.555,5115.0
s8_offatr1_atr3-r2,2,6,all,477,40502.0,0.7954,1.0883,0.4151,5115.0
s8_offatr1_atr3-r2,2,6,london,102,7417.0,0.3405,1.0784,0.402,2770.0
s8_offatr1_atr3-r2,2,6,pre,157,-5648.0,-0.2044,0.9641,0.3822,3980.0
s8_offatr1_atr3-r2,2,6,nyam,218,38733.0,1.0498,1.1875,0.445,5115.0
s8_offatr1_atr3-r3,2,7,all,477,91087.0,1.5866,1.1955,0.3983,5115.0
s8_offatr1_atr3-r3,2,7,london,102,19582.0,0.7803,1.2007,0.3725,2770.0
s8_offatr1_atr3-r3,2,7,pre,157,8572.0,0.2771,1.0533,0.3567,3980.0
s8_offatr1_atr3-r3,2,7,nyam,218,62933.0,1.5187,1.3031,0.4404,5115.0
s8_offatr1_pts10-r0,2,8,all,477,21347.0,0.9069,1.2292,0.0713,295.0
s8_offatr1_pts10-r0,2,8,london,102,2202.0,0.2495,1.1118,0.0784,210.0
s8_offatr1_pts10-r0,2,8,pre,157,13012.0,0.7775,1.4208,0.0701,295.0
s8_offatr1_pts10-r0,2,8,nyam,218,6133.0,0.4357,1.1443,0.0688,210.0
s8_offatr1_pts10-r1,2,9,all,477,-4408.0,-0.9923,0.913,0.4948,295.0
s8_offatr1_pts10-r1,2,9,london,102,-2718.0,-1.3264,0.7685,0.451,210.0
s8_offatr1_pts10-r1,2,9,pre,157,-223.0,-0.087,0.9861,0.5159,295.0
s8_offatr1_pts10-r1,2,9,nyam,218,-1467.0,-0.489,0.9357,0.5,210.0
s8_offatr1_pts10-r2,2,10,all,477,-9293.0,-1.5103,0.8647,0.3145,295.0
s8_offatr1_pts10-r2,2,10,london,102,-5028.0,-1.8542,0.6802,0.2647,210.0
s8_offatr1_pts10-r2,2,10,pre,157,-4013.0,-1.1407,0.8257,0.3057,295.0
s8_offatr1_pts10-r2,2,10,nyam,218,-252.0,-0.0592,0.9916,0.344,210.0
s8_offatr1_pts10-r3,2,11,all,477,-4268.0,-0.5596,0.9432,0.2495,295.0
s8_offatr1_pts10-r3,2,11,london,102,-2043.0,-0.5891,0.875,0.2353,210.0
s8_offatr1_pts10-r3,2,11,pre,157,-873.0,-0.1974,0.9647,0.2548,295.0
s8_offatr1_pts10-r3,2,11,nyam,218,-1352.0,-0.2612,0.9604,0.2523,210.0
s8_offatr1_pts20-r0,2,12,all,477,8067.0,0.2759,1.0469,0.1195,440.0
s8_offatr1_pts20-r0,2,12,london,102,-12083.0,-1.2021,0.6791,0.098,405.0
s8_offatr1_pts20-r0,2,12,pre,157,7217.0,0.3778,1.1265,0.1146,440.0
s8_offatr1_pts20-r0,2,12,nyam,218,12933.0,0.6548,1.1672,0.133,415.0
s8_offatr1_pts20-r1,2,13,all,477,-11733.0,-1.3334,0.885,0.478,440.0
s8_offatr1_pts20-r1,2,13,london,102,-7128.0,-1.7658,0.7049,0.4216,405.0
s8_offatr1_pts20-r1,2,13,pre,157,-3158.0,-0.6233,0.905,0.4841,440.0
s8_offatr1_pts20-r1,2,13,nyam,218,-1447.0,-0.2428,0.9676,0.5,405.0
s8_offatr1_pts20-r2,2,14,all,477,-6133.0,-0.4951,0.9532,0.3291,440.0
s8_offatr1_pts20-r2,2,14,london,102,-4388.0,-0.7798,0.849,0.3039,405.0
s8_offatr1_pts20-r2,2,14,pre,157,5527.0,0.755,1.136,0.3694,440.0
s8_offatr1_pts20-r2,2,14,nyam,218,-7272.0,-0.88,0.8816,0.3119,405.0
s8_offatr1_pts20-r3,2,15,all,477,-1693.0,-0.1111,0.9884,0.2537,440.0
s8_offatr1_pts20-r3,2,15,london,102,-9643.0,-1.4907,0.7127,0.1961,405.0
s8_offatr1_pts20-r3,2,15,pre,157,10492.0,1.1405,1.2322,0.2994,440.0
s8_offatr1_pts20-r3,2,15,nyam,218,-2542.0,-0.2479,0.9621,0.2477,405.0
s8_offatr1_pts30-r0,2,16,all,477,38267.0,0.968,1.1593,0.1719,640.0
s8_offatr1_pts30-r0,2,16,london,102,6117.0,0.3724,1.1195,0.1765,620.0
s8_offatr1_pts30-r0,2,16,pre,157,-10938.0,-0.5336,0.8682,0.1338,640.0
s8_offatr1_pts30-r0,2,16,nyam,218,43088.0,1.4591,1.406,0.1972,615.0
s8_offatr1_pts30-r1,2,17,all,477,8202.0,0.6228,1.0587,0.5199,640.0
s8_offatr1_pts30-r1,2,17,london,102,2952.0,0.4835,1.101,0.5294,605.0
s8_offatr1_pts30-r1,2,17,pre,157,-4163.0,-0.5492,0.9158,0.4841,640.0
s8_offatr1_pts30-r1,2,17,nyam,218,9413.0,1.0592,1.1545,0.5413,605.0
s8_offatr1_pts30-r2,2,18,all,477,8182.0,0.4368,1.0433,0.3501,640.0
s8_offatr1_pts30-r2,2,18,london,102,1047.0,0.1204,1.0257,0.3431,610.0
s8_offatr1_pts30-r2,2,18,pre,157,3852.0,0.3576,1.0625,0.3567,640.0
s8_offatr1_pts30-r2,2,18,nyam,218,3283.0,0.259,1.038,0.3486,605.0
s8_offatr1_pts30-r3,2,19,all,477,11607.0,0.5035,1.0546,0.2683,640.0
s8_offatr1_pts30-r3,2,19,london,102,5212.0,0.4784,1.1156,0.2745,610.0
s8_offatr1_pts30-r3,2,19,pre,157,2577.0,0.1957,1.0367,0.2675,640.0
s8_offatr1_pts30-r3,2,19,nyam,218,3818.0,0.2457,1.0392,0.2661,605.0
s8_offatr1_pts45-r0,2,20,all,477,87117.0,1.8213,1.2755,0.2621,1060.0
s8_offatr1_pts45-r0,2,20,london,102,-3763.0,-0.2092,0.9466,0.2353,910.0
s8_offatr1_pts45-r0,2,20,pre,157,16622.0,0.6109,1.1507,0.2293,1060.0
s8_offatr1_pts45-r0,2,20,nyam,218,74258.0,2.1247,1.5482,0.2982,930.0
s8_offatr1_pts45-r1,2,21,all,477,28992.0,1.4756,1.1449,0.5388,1060.0
s8_offatr1_pts45-r1,2,21,london,102,-693.0,-0.0756,0.9851,0.5,910.0
s8_offatr1_pts45-r1,2,21,pre,157,5022.0,0.4422,1.0734,0.5223,1060.0
s8_offatr1_pts45-r1,2,21,nyam,218,24663.0,1.8725,1.2895,0.5688,910.0
s8_offatr1_pts45-r2,2,22,all,477,34132.0,1.2171,1.1263,0.3711,1060.0
s8_offatr1_pts45-r2,2,22,london,102,1922.0,0.1474,1.0315,0.3431,910.0
s8_offatr1_pts45-r2,2,22,pre,157,6972.0,0.4329,1.0764,0.3631,1060.0
s8_offatr1_pts45-r2,2,22,nyam,218,25238.0,1.3309,1.2138,0.3899,910.0
s8_offatr1_pts45-r3,2,23,all,477,41412.0,1.2215,1.1387,0.304,1060.0
s8_offatr1_pts45-r3,2,23,london,102,1837.0,0.1181,1.0277,0.2843,910.0
s8_offatr1_pts45-r3,2,23,pre,157,8337.0,0.4245,1.0816,0.2866,1060.0
s8_offatr1_pts45-r3,2,23,nyam,218,31238.0,1.3631,1.2403,0.3257,930.0
s8_offatr1_pct0p1-r0,2,24,all,477,14572.0,0.5674,1.1176,0.086,400.0
s8_offatr1_pct0p1-r0,2,24,london,102,-758.0,-0.078,0.9711,0.0882,345.0
s8_offatr1_pct0p1-r0,2,24,pre,157,10637.0,0.5962,1.2578,0.0828,400.0
s8_offatr1_pct0p1-r0,2,24,nyam,218,4693.0,0.2973,1.0832,0.0872,345.0
s8_offatr1_pct0p1-r1,2,25,all,477,-4408.0,-0.7194,0.9357,0.501,400.0
s8_offatr1_pct0p1-r1,2,25,london,102,-1603.0,-0.5653,0.8928,0.4902,345.0
s8_offatr1_pct0p1-r1,2,25,pre,157,-2283.0,-0.6435,0.9013,0.4904,400.0
s8_offatr1_pct0p1-r1,2,25,nyam,218,-522.0,-0.1264,0.9829,0.5138,345.0
s8_offatr1_pct0p1-r2,2,26,all,477,-7088.0,-0.8273,0.9228,0.327,400.0
s8_offatr1_pct0p1-r2,2,26,london,102,-118.0,-0.0294,0.9938,0.3431,345.0
s8_offatr1_pct0p1-r2,2,26,pre,157,-5133.0,-1.054,0.8363,0.3057,400.0
s8_offatr1_pct0p1-r2,2,26,nyam,218,-1837.0,-0.3161,0.9555,0.3349,345.0
s8_offatr1_pct0p1-r3,2,27,all,477,-10088.0,-0.9713,0.9025,0.239,400.0
s8_offatr1_pct0p1-r3,2,27,london,102,-1653.0,-0.3424,0.9246,0.2451,345.0
s8_offatr1_pct0p1-r3,2,27,pre,157,-273.0,-0.0442,0.9919,0.2548,400.0
s8_offatr1_pct0p1-r3,2,27,nyam,218,-8162.0,-1.1927,0.8302,0.2248,345.0
s8_offatr1_pct0p2-r0,2,28,all,477,36982.0,0.9726,1.167,0.1635,685.0
s8_offatr1_pct0p2-r0,2,28,london,102,7132.0,0.4585,1.1531,0.1765,685.0
s8_offatr1_pct0p2-r0,2,28,pre,157,-8068.0,-0.4028,0.8947,0.1274,680.0
s8_offatr1_pct0p2-r0,2,28,nyam,218,37918.0,1.3375,1.3861,0.1835,680.0
s8_offatr1_pct0p2-r1,2,29,all,477,2492.0,0.2046,1.0191,0.5094,685.0
s8_offatr1_pct0p2-r1,2,29,london,102,1177.0,0.2082,1.0426,0.5098,685.0
s8_offatr1_pct0p2-r1,2,29,pre,157,-5958.0,-0.8478,0.8722,0.4713,680.0
s8_offatr1_pct0p2-r1,2,29,nyam,218,7273.0,0.8878,1.129,0.5367,680.0
s8_offatr1_pct0p2-r2,2,30,all,477,10302.0,0.593,1.0597,0.3522,685.0
s8_offatr1_pct0p2-r2,2,30,london,102,-1403.0,-0.1754,0.9633,0.3235,685.0
s8_offatr1_pct0p2-r2,2,30,pre,157,3817.0,0.381,1.0672,0.3567,680.0
s8_offatr1_pct0p2-r2,2,30,nyam,218,7888.0,0.6702,1.1019,0.3624,680.0
s8_offatr1_pct0p2-r3,2,31,all,477,11197.0,0.5236,1.0574,0.2662,685.0
s8_offatr1_pct0p2-r3,2,31,london,102,4152.0,0.4096,1.0999,0.2647,685.0
s8_offatr1_pct0p2-r3,2,31,pre,157,2407.0,0.1968,1.0372,0.2675,680.0
s8_offatr1_pct0p2-r3,2,31,nyam,218,4638.0,0.3224,1.0523,0.2661,680.0
s8_offptsA_atr1p5-r0,3,0,all,565,56040.0,1.0289,1.1431,0.2071,2555.0
s8_offptsA_atr1p5-r0,3,0,london,232,18912.0,0.5472,1.1194,0.1853,1735.0
s8_offptsA_atr1p5-r0,3,0,pre,205,4470.0,0.1332,1.0299,0.1951,2555.0
s8_offptsA_atr1p5-r0,3,0,nyam,128,32658.0,1.2787,1.3905,0.2656,2490.0
s8_offptsA_atr1p5-r1,3,1,all,565,-43875.0,-1.9415,0.8368,0.4761,2555.0
s8_offptsA_atr1p5-r1,3,1,london,232,-18358.0,-1.339,0.8276,0.4526,1735.0
s8_offptsA_atr1p5-r1,3,1,pre,205,-24380.0,-1.7739,0.7619,0.478,2555.0
s8_offptsA_atr1p5-r1,3,1,nyam,128,-1137.0,-0.0979,0.981,0.5156,2490.0
s8_offptsA_atr1p5-r2,3,2,all,565,-19315.0,-0.6157,0.9425,0.3416,2555.0
s8_offptsA_atr1p5-r2,3,2,london,232,-14528.0,-0.7644,0.8923,0.3233,1735.0
s8_offptsA_atr1p5-r2,3,2,pre,205,-17990.0,-0.9829,0.8579,0.3512,2555.0
s8_offptsA_atr1p5-r2,3,2,nyam,128,13203.0,0.7772,1.1771,0.3594,2490.0
s8_offptsA_atr1p5-r3,3,3,all,565,-23615.0,-0.6389,0.9361,0.2637,2555.0
s8_offptsA_atr1p5-r3,3,3,london,232,2162.0,0.0914,1.0149,0.2629,1735.0
s8_offptsA_atr1p5-r3,3,3,pre,205,-31050.0,-1.4599,0.7818,0.2488,2555.0
s8_offptsA_atr1p5-r3,3,3,nyam,128,5273.0,0.2795,1.0645,0.2891,2490.0
s8_offptsA_atr3-r0,3,4,all,565,51070.0,0.7658,1.0862,0.3646,5110.0
s8_offptsA_atr3-r0,3,4,london,232,29112.0,0.6681,1.1185,0.3362,3465.0
s8_offptsA_atr3-r0,3,4,pre,205,5075.0,0.126,1.0232,0.3707,5110.0
s8_offptsA_atr3-r0,3,4,nyam,128,16883.0,0.5504,1.1314,0.4062,4910.0
s8_offptsA_atr3-r1,3,5,all,565,-21255.0,-0.4858,0.9563,0.508,5110.0
s8_offptsA_atr3-r1,3,5,london,232,-16193.0,-0.606,0.9177,0.4871,3465.0
s8_offptsA_atr3-r1,3,5,pre,205,-3975.0,-0.1488,0.9774,0.5317,5110.0
s8_offptsA_atr3-r1,3,5,nyam,128,-1087.0,-0.049,0.9904,0.5078,4910.0
s8_offptsA_atr3-r2,3,6,all,565,-550.0,-0.0099,0.999,0.3965,5110.0
s8_offptsA_atr3-r2,3,6,london,232,-4998.0,-0.1434,0.9787,0.375,3465.0
s8_offptsA_atr3-r2,3,6,pre,205,1295.0,0.0381,1.0062,0.4098,5110.0
s8_offptsA_atr3-r2,3,6,nyam,128,3153.0,0.1156,1.0247,0.4141,4910.0
s8_offptsA_atr3-r3,3,7,all,565,33605.0,0.5423,1.0573,0.3752,5110.0
s8_offptsA_atr3-r3,3,7,london,232,29717.0,0.7437,1.1238,0.3578,3465.0
s8_offptsA_atr3-r3,3,7,pre,205,-7610.0,-0.2055,0.965,0.3756,5110.0
s8_offptsA_atr3-r3,3,7,nyam,128,11498.0,0.387,1.0895,0.4062,4910.0
s8_offptsA_pts10-r0,3,8,all,565,-23215.0,-1.1936,0.793,0.0531,230.0
s8_offptsA_pts10-r0,3,8,london,232,-21023.0,-1.8523,0.5523,0.0345,215.0
s8_offptsA_pts10-r0,3,8,pre,205,-3425.0,-0.2774,0.9154,0.0585,230.0
s8_offptsA_pts10-r0,3,8,nyam,128,1233.0,0.1249,1.0499,0.0781,220.0
s8_offptsA_pts10-r1,3,9,all,565,-4465.0,-0.9253,0.925,0.4973,220.0
s8_offptsA_pts10-r1,3,9,london,232,-8898.0,-2.9084,0.6834,0.4224,215.0
s8_offptsA_pts10-r1,3,9,pre,205,850.0,0.2925,1.0418,0.5268,215.0
s8_offptsA_pts10-r1,3,9,nyam,128,3583.0,1.5783,1.3223,0.5859,220.0
s8_offptsA_pts10-r2,3,10,all,565,-5225.0,-0.7705,0.9341,0.331,230.0
s8_offptsA_pts10-r2,3,10,london,232,-9878.0,-2.3905,0.7196,0.2759,215.0
s8_offptsA_pts10-r2,3,10,pre,205,10.0,0.0024,1.0004,0.3463,230.0
s8_offptsA_pts10-r2,3,10,nyam,128,4643.0,1.3738,1.2911,0.4062,220.0
s8_offptsA_pts10-r3,3,11,all,565,-8905.0,-1.0867,0.901,0.2407,230.0
s8_offptsA_pts10-r3,3,11,london,232,-9978.0,-2.0028,0.7414,0.2069,215.0
s8_offptsA_pts10-r3,3,11,pre,205,-3505.0,-0.7107,0.8928,0.239,230.0
s8_offptsA_pts10-r3,3,11,nyam,128,4578.0,1.0868,1.2453,0.3047,220.0
s8_offptsA_pts20-r0,3,12,all,565,-16620.0,-0.5121,0.9208,0.0938,625.0
s8_offptsA_pts20-r0,3,12,london,232,-20823.0,-1.0156,0.7633,0.0733,410.0
s8_offptsA_pts20-r0,3,12,pre,205,4295.0,0.2074,1.0569,0.1024,625.0
s8_offptsA_pts20-r0,3,12,nyam,128,-92.0,-0.0064,0.998,0.1172,410.0
s8_offptsA_pts20-r1,3,13,all,565,-4950.0,-0.5168,0.9574,0.4973,410.0
s8_offptsA_pts20-r1,3,13,london,232,-12818.0,-2.1008,0.7591,0.4397,410.0
s8_offptsA_pts20-r1,3,13,pre,205,3880.0,0.6728,1.0988,0.5317,410.0
s8_offptsA_pts20-r1,3,13,nyam,128,3988.0,0.876,1.168,0.5469,405.0
s8_offptsA_pts20-r2,3,14,all,565,-11850.0,-0.8844,0.9244,0.3221,410.0
s8_offptsA_pts20-r2,3,14,london,232,-9373.0,-1.1055,0.8577,0.306,410.0
s8_offptsA_pts20-r2,3,14,pre,205,-1930.0,-0.237,0.9656,0.3317,410.0
s8_offptsA_pts20-r2,3,14,nyam,128,-547.0,-0.0846,0.9843,0.3359,405.0
s8_offptsA_pts20-r3,3,15,all,565,-27580.0,-1.7293,0.8463,0.2248,625.0
s8_offptsA_pts20-r3,3,15,london,232,-11478.0,-1.1233,0.8442,0.2241,410.0
s8_offptsA_pts20-r3,3,15,pre,205,-640.0,-0.0638,0.9898,0.2537,625.0
s8_offptsA_pts20-r3,3,15,nyam,128,-15462.0,-2.2089,0.6402,0.1797,410.0
s8_offptsA_pts30-r0,3,16,all,565,40655.0,0.9473,1.1425,0.1717,650.0
s8_offptsA_pts30-r0,3,16,london,232,9677.0,0.3331,1.0802,0.1466,615.0
s8_offptsA_pts30-r0,3,16,pre,205,14950.0,0.5895,1.1451,0.1756,650.0
s8_offptsA_pts30-r0,3,16,nyam,128,16028.0,0.8445,1.2605,0.2109,605.0
s8_offptsA_pts30-r1,3,17,all,565,-725.0,-0.0506,0.9957,0.5044,610.0
s8_offptsA_pts30-r1,3,17,london,232,-7578.0,-0.8245,0.8972,0.4784,610.0
s8_offptsA_pts30-r1,3,17,pre,205,4080.0,0.4722,1.0684,0.522,605.0
s8_offptsA_pts30-r1,3,17,nyam,128,2773.0,0.4056,1.0746,0.5234,605.0
s8_offptsA_pts30-r2,3,18,all,565,-1350.0,-0.0667,0.9941,0.3381,625.0
s8_offptsA_pts30-r2,3,18,london,232,3057.0,0.2334,1.033,0.3448,610.0
s8_offptsA_pts30-r2,3,18,pre,205,6065.0,0.4908,1.0754,0.3561,625.0
s8_offptsA_pts30-r2,3,18,nyam,128,-10472.0,-1.1282,0.809,0.2969,605.0
s8_offptsA_pts30-r3,3,19,all,565,9265.0,0.3706,1.0366,0.2637,625.0
s8_offptsA_pts30-r3,3,19,london,232,7752.0,0.4771,1.0748,0.2672,615.0
s8_offptsA_pts30-r3,3,19,pre,205,595.0,0.0398,1.0064,0.2585,625.0
s8_offptsA_pts30-r3,3,19,nyam,128,918.0,0.0777,1.016,0.2656,605.0
s8_offptsA_pts45-r0,3,20,all,565,40655.0,0.818,1.1047,0.2389,910.0
s8_offptsA_pts45-r0,3,20,london,232,28187.0,0.8059,1.1718,0.2198,910.0
s8_offptsA_pts45-r0,3,20,pre,205,1895.0,0.0673,1.0133,0.2341,910.0
s8_offptsA_pts45-r0,3,20,nyam,128,10573.0,0.4924,1.1294,0.2812,910.0
s8_offptsA_pts45-r1,3,21,all,565,-11395.0,-0.532,0.9561,0.4938,910.0
s8_offptsA_pts45-r1,3,21,london,232,-14298.0,-1.04,0.8722,0.4698,910.0
s8_offptsA_pts45-r1,3,21,pre,205,4165.0,0.3224,1.0463,0.5171,905.0
s8_offptsA_pts45-r1,3,21,nyam,128,-1262.0,-0.1239,0.9782,0.5,910.0
s8_offptsA_pts45-r2,3,22,all,565,-2605.0,-0.0868,0.9922,0.3434,910.0
s8_offptsA_pts45-r2,3,22,london,232,4447.0,0.2273,1.0322,0.3448,910.0
s8_offptsA_pts45-r2,3,22,pre,205,-2030.0,-0.1121,0.9835,0.3415,905.0
s8_offptsA_pts45-r2,3,22,nyam,128,-5022.0,-0.3618,0.9331,0.3438,910.0
s8_offptsA_pts45-r3,3,23,all,565,-21335.0,-0.6048,0.9427,0.2708,910.0
s8_offptsA_pts45-r3,3,23,london,232,-353.0,-0.0151,0.9977,0.2716,910.0
s8_offptsA_pts45-r3,3,23,pre,205,-22090.0,-1.0734,0.8409,0.2537,910.0
s8_offptsA_pts45-r3,3,23,nyam,128,1108.0,0.0664,1.0139,0.2969,910.0
s8_offptsA_pct0p1-r0,3,24,all,565,-27930.0,-1.1712,0.8141,0.0655,345.0
s8_offptsA_pct0p1-r0,3,24,london,232,-25408.0,-1.7803,0.5961,0.0431,340.0
s8_offptsA_pct0p1-r0,3,24,pre,205,-3775.0,-0.2546,0.9302,0.0732,345.0
s8_offptsA_pct0p1-r0,3,24,nyam,128,1253.0,0.1038,1.0377,0.0938,340.0
s8_offptsA_pct0p1-r1,3,25,all,565,-6510.0,-0.9746,0.9207,0.485,340.0
s8_offptsA_pct0p1-r1,3,25,london,232,-8433.0,-1.9879,0.769,0.4397,340.0
s8_offptsA_pct0p1-r1,3,25,pre,205,-140.0,-0.0346,0.9951,0.5024,340.0
s8_offptsA_pct0p1-r1,3,25,nyam,128,2063.0,0.6472,1.1226,0.5391,340.0
s8_offptsA_pct0p1-r2,3,26,all,565,-13150.0,-1.4135,0.8811,0.3115,340.0
s8_offptsA_pct0p1-r2,3,26,london,232,-10098.0,-1.7358,0.7844,0.2845,340.0
s8_offptsA_pct0p1-r2,3,26,pre,205,-1260.0,-0.22,0.9677,0.3317,340.0
s8_offptsA_pct0p1-r2,3,26,nyam,128,-1792.0,-0.4002,0.9275,0.3281,340.0
s8_offptsA_pct0p1-r3,3,27,all,565,-14310.0,-1.2645,0.8841,0.2319,340.0
s8_offptsA_pct0p1-r3,3,27,london,232,-8753.0,-1.2314,0.8292,0.2198,340.0
s8_offptsA_pct0p1-r3,3,27,pre,205,-1335.0,-0.1891,0.9696,0.2439,340.0
s8_offptsA_pct0p1-r3,3,27,nyam,128,-4222.0,-0.7977,0.8508,0.2344,340.0
s8_offptsA_pct0p2-r0,3,28,all,565,26920.0,0.6554,1.101,0.154,680.0
s8_offptsA_pct0p2-r0,3,28,london,232,-4453.0,-0.1642,0.9606,0.1207,670.0
s8_offptsA_pct0p2-r0,3,28,pre,205,12245.0,0.499,1.1269,0.161,680.0
s8_offptsA_pct0p2-r0,3,28,nyam,128,19128.0,1.019,1.3353,0.2031,680.0
s8_offptsA_pct0p2-r1,3,29,all,565,-3600.0,-0.2707,0.9773,0.4973,680.0
s8_offptsA_pct0p2-r1,3,29,london,232,-10658.0,-1.2589,0.8465,0.4569,655.0
s8_offptsA_pct0p2-r1,3,29,pre,205,7165.0,0.892,1.1341,0.5366,680.0
s8_offptsA_pct0p2-r1,3,29,nyam,128,-107.0,-0.0168,0.997,0.5078,680.0
s8_offptsA_pct0p2-r2,3,30,all,565,-4085.0,-0.2183,0.9806,0.3363,680.0
s8_offptsA_pct0p2-r2,3,30,london,232,-1308.0,-0.109,0.9848,0.3319,670.0
s8_offptsA_pct0p2-r2,3,30,pre,205,3325.0,0.2902,1.0442,0.3512,680.0
s8_offptsA_pct0p2-r2,3,30,nyam,128,-6102.0,-0.6995,0.8763,0.3203,680.0
s8_offptsA_pct0p2-r3,3,31,all,565,75.0,0.0033,1.0003,0.2602,680.0
s8_offptsA_pct0p2-r3,3,31,london,232,-3803.0,-0.2609,0.961,0.2457,670.0
s8_offptsA_pct0p2-r3,3,31,pre,205,2090.0,0.1504,1.0246,0.2683,680.0
s8_offptsA_pct0p2-r3,3,31,nyam,128,1788.0,0.1633,1.0341,0.2734,680.0
s8_offptsB_atr1p5-r0,4,0,all,506,95806.0,1.7882,1.2743,0.2352,2560.0
s8_offptsB_atr1p5-r0,4,0,london,135,9470.0,0.3435,1.0946,0.1926,1735.0
s8_offptsB_atr1p5-r0,4,0,pre,186,39686.0,1.0999,1.2933,0.2151,2560.0
s8_offptsB_atr1p5-r0,4,0,nyam,185,46650.0,1.6317,1.4096,0.2865,2490.0
s8_offptsB_atr1p5-r1,4,1,all,506,1916.0,0.0863,1.0084,0.5198,2560.0
s8_offptsB_atr1p5-r1,4,1,london,135,14660.0,1.3126,1.2721,0.5704,1705.0
s8_offptsB_atr1p5-r1,4,1,pre,186,-17429.0,-1.2688,0.8152,0.4731,2560.0
s8_offptsB_atr1p5-r1,4,1,nyam,185,4685.0,0.3511,1.058,0.5297,2490.0
s8_offptsB_atr1p5-r2,4,2,all,506,17891.0,0.5706,1.0597,0.3617,2560.0
s8_offptsB_atr1p5-r2,4,2,london,135,-8400.0,-0.5386,0.9009,0.3259,1735.0
s8_offptsB_atr1p5-r2,4,2,pre,186,7661.0,0.3959,1.0686,0.3763,2560.0
s8_offptsB_atr1p5-r2,4,2,nyam,185,18630.0,0.9721,1.1804,0.373,2490.0
s8_offptsB_atr1p5-r3,4,3,all,506,14966.0,0.4033,1.0452,0.2846,2560.0
s8_offptsB_atr1p5-r3,4,3,london,135,-5210.0,-0.2712,0.9443,0.2519,1735.0
s8_offptsB_atr1p5-r3,4,3,pre,186,4621.0,0.202,1.037,0.2903,2560.0
s8_offptsB_atr1p5-r3,4,3,nyam,185,15555.0,0.7035,1.1383,0.3027,2490.0
s8_offptsB_atr3-r0,4,4,all,506,128376.0,1.9733,1.2519,0.4012,5110.0
s8_offptsB_atr3-r0,4,4,london,135,46010.0,1.3009,1.3325,0.3926,3455.0
s8_offptsB_atr3-r0,4,4,pre,186,42471.0,1.001,1.2103,0.3763,5110.0
s8_offptsB_atr3-r0,4,4,nyam,185,39895.0,1.1533,1.2356,0.4324,4900.0
s8_offptsB_atr3-r1,4,5,all,506,36421.0,0.8531,1.0866,0.5415,5110.0
s8_offptsB_atr3-r1,4,5,london,135,-1040.0,-0.048,0.9912,0.5111,3455.0
s8_offptsB_atr3-r1,4,5,pre,186,21246.0,0.7971,1.138,0.5591,5110.0
s8_offptsB_atr3-r1,4,5,nyam,185,16215.0,0.6369,1.1091,0.5459,4900.0
s8_offptsB_atr3-r2,4,6,all,506,71471.0,1.3004,1.1448,0.4229,5110.0
s8_offptsB_atr3-r2,4,6,london,135,13925.0,0.4894,1.102,0.4074,3455.0
s8_offptsB_atr3-r2,4,6,pre,186,31786.0,0.911,1.1683,0.4194,5110.0
s8_offptsB_atr3-r2,4,6,nyam,185,25760.0,0.8123,1.153,0.4378,4900.0
s8_offptsB_atr3-r3,4,7,all,506,108111.0,1.7846,1.2143,0.4111,5110.0
s8_offptsB_atr3-r3,4,7,london,135,31425.0,0.9929,1.228,0.4,3455.0
s8_offptsB_atr3-r3,4,7,pre,186,39846.0,1.019,1.202,0.3978,5110.0
s8_offptsB_atr3-r3,4,7,nyam,185,36840.0,1.0847,1.2175,0.4324,4900.0
s8_offptsB_pts10-r0,4,8,all,506,-3149.0,-0.156,0.9684,0.0613,230.0
s8_offptsB_pts10-r0,4,8,london,135,-15090.0,-2.3,0.451,0.0296,230.0
s8_offptsB_pts10-r0,4,8,pre,186,-5554.0,-0.4622,0.8497,0.0538,220.0
s8_offptsB_pts10-r0,4,8,nyam,185,17495.0,1.1854,1.4973,0.0919,220.0
s8_offptsB_pts10-r1,4,9,all,506,-6734.0,-1.4747,0.877,0.4842,220.0
s8_offptsB_pts10-r1,4,9,london,135,-5180.0,-2.2169,0.6832,0.4222,210.0
s8_offptsB_pts10-r1,4,9,pre,186,-1304.0,-0.4697,0.9332,0.5,215.0
s8_offptsB_pts10-r1,4,9,nyam,185,-250.0,-0.0904,0.9868,0.5135,220.0
s8_offptsB_pts10-r2,4,10,all,506,-12254.0,-1.9488,0.8336,0.3063,220.0
s8_offptsB_pts10-r2,4,10,london,135,-4685.0,-1.4633,0.7673,0.2889,210.0
s8_offptsB_pts10-r2,4,10,pre,186,-7559.0,-2.0321,0.7315,0.2796,220.0
s8_offptsB_pts10-r2,4,10,nyam,185,-10.0,-0.0025,0.9996,0.3459,220.0
s8_offptsB_pts10-r3,4,11,all,506,-3024.0,-0.3834,0.9619,0.253,230.0
s8_offptsB_pts10-r3,4,11,london,135,-1750.0,-0.4332,0.9183,0.2444,230.0
s8_offptsB_pts10-r3,4,11,pre,186,-3599.0,-0.7683,0.8793,0.2366,220.0
s8_offptsB_pts10-r3,4,11,nyam,185,2325.0,0.4736,1.0828,0.2757,220.0
s8_offptsB_pts20-r0,4,12,all,506,-23694.0,-0.8717,0.8722,0.1067,550.0
s8_offptsB_pts20-r0,4,12,london,135,-22455.0,-1.942,0.5615,0.0741,420.0
s8_offptsB_pts20-r0,4,12,pre,186,-4514.0,-0.2493,0.9342,0.1022,550.0
s8_offptsB_pts20-r0,4,12,nyam,185,3275.0,0.1967,1.05,0.1351,405.0
s8_offptsB_pts20-r1,4,13,all,506,-13304.0,-1.4669,0.8777,0.4763,550.0
s8_offptsB_pts20-r1,4,13,london,135,-2125.0,-0.4525,0.9248,0.4889,410.0
s8_offptsB_pts20-r1,4,13,pre,186,-12764.0,-2.337,0.7102,0.4247,550.0
s8_offptsB_pts20-r1,4,13,nyam,185,1585.0,0.2888,1.0435,0.5189,405.0
s8_offptsB_pts20-r2,4,14,all,506,-13369.0,-1.0567,0.9055,0.3182,550.0
s8_offptsB_pts20-r2,4,14,london,135,-3480.0,-0.5311,0.9077,0.3185,420.0
s8_offptsB_pts20-r2,4,14,pre,186,-7699.0,-1.0112,0.8549,0.3065,550.0
s8_offptsB_pts20-r2,4,14,nyam,185,-2190.0,-0.2834,0.9568,0.3297,405.0
s8_offptsB_pts20-r3,4,15,all,506,-20174.0,-1.3262,0.8735,0.2312,550.0
s8_offptsB_pts20-r3,4,15,london,135,-10355.0,-1.3638,0.7638,0.2074,420.0
s8_offptsB_pts20-r3,4,15,pre,186,-6344.0,-0.6834,0.8913,0.2366,550.0
s8_offptsB_pts20-r3,4,15,nyam,185,-3475.0,-0.37,0.9393,0.2432,405.0
s8_offptsB_pts30-r0,4,16,all,506,36456.0,0.9312,1.1419,0.166,815.0
s8_offptsB_pts30-r0,4,16,london,135,-5.0,-0.0002,0.9999,0.1333,620.0
s8_offptsB_pts30-r0,4,16,pre,186,14366.0,0.5776,1.1498,0.1559,815.0
s8_offptsB_pts30-r0,4,16,nyam,185,22095.0,1.0019,1.2466,0.2,615.0
s8_offptsB_pts30-r1,4,17,all,506,186.0,0.0137,1.0012,0.5059,660.0
s8_offptsB_pts30-r1,4,17,london,135,895.0,0.1273,1.0222,0.5111,620.0
s8_offptsB_pts30-r1,4,17,pre,186,-6119.0,-0.7428,0.8966,0.4785,660.0
s8_offptsB_pts30-r1,4,17,nyam,185,5410.0,0.6595,1.1021,0.5297,610.0
s8_offptsB_pts30-r2,4,18,all,506,-11294.0,-0.5933,0.9457,0.3261,815.0
s8_offptsB_pts30-r2,4,18,london,135,-2840.0,-0.2878,0.9488,0.3259,620.0
s8_offptsB_pts30-r2,4,18,pre,186,-4054.0,-0.3507,0.947,0.328,815.0
s8_offptsB_pts30-r2,4,18,nyam,185,-4400.0,-0.3818,0.9422,0.3243,610.0
s8_offptsB_pts30-r3,4,19,all,506,-5479.0,-0.2345,0.9763,0.251,815.0
s8_offptsB_pts30-r3,4,19,london,135,-495.0,-0.0406,0.992,0.2519,620.0
s8_offptsB_pts30-r3,4,19,pre,186,-1729.0,-0.1217,0.9796,0.2527,815.0
s8_offptsB_pts30-r3,4,19,nyam,185,-3255.0,-0.2312,0.9616,0.2486,610.0
s8_offptsB_pts45-r0,4,20,all,506,71791.0,1.4792,1.2109,0.249,935.0
s8_offptsB_pts45-r0,4,20,london,135,21640.0,0.7799,1.2296,0.2296,910.0
s8_offptsB_pts45-r0,4,20,pre,186,21406.0,0.6935,1.1612,0.2151,930.0
s8_offptsB_pts45-r0,4,20,nyam,185,28745.0,1.1341,1.2536,0.2973,935.0
s8_offptsB_pts45-r1,4,21,all,506,11456.0,0.5659,1.0518,0.5158,930.0
s8_offptsB_pts45-r1,4,21,london,135,9020.0,0.8596,1.16,0.5407,910.0
s8_offptsB_pts45-r1,4,21,pre,186,-1279.0,-0.1036,0.9849,0.5,930.0
s8_offptsB_pts45-r1,4,21,nyam,185,3715.0,0.3049,1.0463,0.5135,915.0
s8_offptsB_pts45-r2,4,22,all,506,11651.0,0.4074,1.0394,0.3498,930.0
s8_offptsB_pts45-r2,4,22,london,135,7075.0,0.4684,1.0894,0.3556,910.0
s8_offptsB_pts45-r2,4,22,pre,186,-2614.0,-0.1506,0.9768,0.3333,930.0
s8_offptsB_pts45-r2,4,22,nyam,185,7190.0,0.4212,1.0691,0.3622,915.0
s8_offptsB_pts45-r3,4,23,all,506,14306.0,0.4171,1.044,0.2846,935.0
s8_offptsB_pts45-r3,4,23,london,135,3505.0,0.1953,1.0397,0.2815,910.0
s8_offptsB_pts45-r3,4,23,pre,186,3326.0,0.1554,1.0267,0.2634,930.0
s8_offptsB_pts45-r3,4,23,nyam,185,7475.0,0.3733,1.0665,0.3081,935.0
s8_offptsB_pct0p1-r0,4,24,all,506,-24484.0,-1.1495,0.8159,0.0731,340.0
s8_offptsB_pct0p1-r0,4,24,london,135,-18080.0,-2.3743,0.4974,0.0519,340.0
s8_offptsB_pct0p1-r0,4,24,pre,186,-15129.0,-1.2126,0.6942,0.0645,340.0
s8_offptsB_pct0p1-r0,4,24,nyam,185,8725.0,0.5646,1.1834,0.0973,340.0
s8_offptsB_pct0p1-r1,4,25,all,506,-4629.0,-0.7365,0.9361,0.502,340.0
s8_offptsB_pct0p1-r1,4,25,london,135,-1810.0,-0.5604,0.9071,0.4889,340.0
s8_offptsB_pct0p1-r1,4,25,pre,186,-5274.0,-1.3832,0.8148,0.4731,340.0
s8_offptsB_pct0p1-r1,4,25,nyam,185,2455.0,0.6442,1.1005,0.5405,340.0
s8_offptsB_pct0p1-r2,4,26,all,506,-9424.0,-1.0771,0.9035,0.3241,340.0
s8_offptsB_pct0p1-r2,4,26,london,135,285.0,0.0622,1.0114,0.3481,340.0
s8_offptsB_pct0p1-r2,4,26,pre,186,-8564.0,-1.6575,0.7729,0.2903,340.0
s8_offptsB_pct0p1-r2,4,26,nyam,185,-1145.0,-0.213,0.9673,0.3405,340.0
s8_offptsB_pct0p1-r3,4,27,all,506,-20369.0,-1.9717,0.8181,0.2253,340.0
s8_offptsB_pct0p1-r3,4,27,london,135,-5880.0,-1.1146,0.8025,0.2222,340.0
s8_offptsB_pct0p1-r3,4,27,pre,186,-7809.0,-1.2371,0.8112,0.2204,340.0
s8_offptsB_pct0p1-r3,4,27,nyam,185,-6680.0,-1.0634,0.8364,0.2324,340.0
s8_offptsB_pct0p2-r0,4,28,all,506,19501.0,0.5423,1.082,0.1522,815.0
s8_offptsB_pct0p2-r0,4,28,london,135,-8390.0,-0.4997,0.8711,0.1259,685.0
s8_offptsB_pct0p2-r0,4,28,pre,186,-4534.0,-0.2042,0.9501,0.1237,815.0
s8_offptsB_pct0p2-r0,4,28,nyam,185,32425.0,1.4249,1.3959,0.2,685.0
s8_offptsB_pct0p2-r1,4,29,all,506,-1114.0,-0.0891,0.992,0.5079,685.0
s8_offptsB_pct0p2-r1,4,29,london,135,2445.0,0.381,1.0686,0.5259,685.0
s8_offptsB_pct0p2-r1,4,29,pre,186,-9439.0,-1.2444,0.8318,0.4624,675.0
s8_offptsB_pct0p2-r1,4,29,nyam,185,5880.0,0.7749,1.122,0.5405,680.0
s8_offptsB_pct0p2-r2,4,30,all,506,-8834.0,-0.5038,0.9534,0.332,815.0
s8_offptsB_pct0p2-r2,4,30,london,135,1010.0,0.1111,1.0206,0.3481,685.0
s8_offptsB_pct0p2-r2,4,30,pre,186,-6744.0,-0.6343,0.9055,0.3172,815.0
s8_offptsB_pct0p2-r2,4,30,nyam,185,-3100.0,-0.2919,0.9552,0.3351,685.0
s8_offptsB_pct0p2-r3,4,31,all,506,6156.0,0.2832,1.0295,0.2648,815.0
s8_offptsB_pct0p2-r3,4,31,london,135,5580.0,0.4892,1.1026,0.2741,685.0
s8_offptsB_pct0p2-r3,4,31,pre,186,-4134.0,-0.3171,0.9475,0.2473,815.0
s8_offptsB_pct0p2-r3,4,31,nyam,185,4710.0,0.357,1.0626,0.2757,685.0
s9_offatr0p25_atr1p5-r0,0,0,all,568,80483.0,1.4807,1.2092,0.2148,2580.0
s9_offatr0p25_atr1p5-r0,0,0,london,257,17007.0,0.5096,1.0986,0.2062,2540.0
s9_offatr0p25_atr1p5-r0,0,0,pre,207,53472.0,1.4258,1.3779,0.2271,2580.0
s9_offatr0p25_atr1p5-r0,0,0,nyam,104,10004.0,0.477,1.1413,0.2115,1910.0
s9_offatr0p25_atr1p5-r1,0,1,all,568,33198.0,1.478,1.1448,0.5264,2580.0
s9_offatr0p25_atr1p5-r1,0,1,london,257,15017.0,1.0234,1.1495,0.5292,2045.0
s9_offatr0p25_atr1p5-r1,0,1,pre,207,9842.0,0.708,1.1147,0.5314,2580.0
s9_offatr0p25_atr1p5-r1,0,1,nyam,104,8339.0,0.8435,1.1942,0.5096,1595.0
s9_offatr0p25_atr1p5-r2,0,2,all,568,48838.0,1.5035,1.1567,0.3697,2580.0
s9_offatr0p25_atr1p5-r2,0,2,london,257,4627.0,0.2247,1.0325,0.3541,2540.0
s9_offatr0p25_atr1p5-r2,0,2,pre,207,28707.0,1.4073,1.2567,0.3913,2580.0
s9_offatr0p25_atr1p5-r2,0,2,nyam,104,15504.0,1.0531,1.2699,0.3654,1910.0
s9_offatr0p25_atr1p5-r3,0,3,all,568,73213.0,1.8213,1.21,0.2958,2580.0
s9_offatr0p25_atr1p5-r3,0,3,london,257,22332.0,0.8759,1.144,0.2918,2540.0
s9_offatr0p25_atr1p5-r3,0,3,pre,207,41737.0,1.6393,1.3317,0.3188,2580.0
s9_offatr0p25_atr1p5-r3,0,3,nyam,104,9144.0,0.5098,1.1349,0.2596,1910.0
s9_offatr0p25_atr3-r0,0,4,all,568,139003.0,2.0873,1.2537,0.375,5080.0
s9_offatr0p25_atr3-r0,0,4,london,257,42942.0,1.0009,1.1682,0.3774,5080.0
s9_offatr0p25_atr3-r0,0,4,pre,207,86462.0,1.9476,1.4482,0.3865,4580.0
s9_offatr0p25_atr3-r0,0,4,nyam,104,9599.0,0.383,1.0963,0.3462,3400.0
s9_offatr0p25_atr3-r1,0,5,all,568,84293.0,1.9519,1.1962,0.5387,5080.0
s9_offatr0p25_atr3-r1,0,5,london,257,21597.0,0.7632,1.11,0.5447,5080.0
s9_offatr0p25_atr3-r1,0,5,pre,207,47017.0,1.7559,1.3077,0.5459,4580.0
s9_offatr0p25_atr3-r1,0,5,nyam,104,15679.0,0.8363,1.1946,0.5096,3400.0
s9_offatr0p25_atr3-r2,0,6,all,568,92428.0,1.6626,1.1758,0.4067,5080.0
s9_offatr0p25_atr3-r2,0,6,london,257,23042.0,0.6408,1.0948,0.4163,5080.0
s9_offatr0p25_atr3-r2,0,6,pre,207,63997.0,1.7987,1.3493,0.4203,4580.0
s9_offatr0p25_atr3-r2,0,6,nyam,104,5389.0,0.2329,1.0541,0.3558,3400.0
s9_offatr0p25_atr3-r3,0,7,all,568,111483.0,1.8186,1.2055,0.382,5080.0
s9_offatr0p25_atr3-r3,0,7,london,257,35247.0,0.8934,1.1404,0.3891,5080.0
s9_offatr0p25_atr3-r3,0,7,pre,207,70052.0,1.7397,1.3651,0.3913,4580.0
s9_offatr0p25_atr3-r3,0,7,nyam,104,6184.0,0.2555,1.0621,0.3462,3400.0
s9_offatr0p25_pts10-r0,0,8,all,568,-14452.0,-0.6339,0.8728,0.0511,745.0
s9_offatr0p25_pts10-r0,0,8,london,257,-1963.0,-0.1139,0.9617,0.0506,230.0
s9_offatr0p25_pts10-r0,0,8,pre,207,-22943.0,-2.9121,0.4572,0.0386,745.0
s9_offatr0p25_pts10-r0,0,8,nyam,104,10454.0,0.8281,1.5199,0.0769,215.0
s9_offatr0p25_pts10-r1,0,9,all,568,-8017.0,-1.6568,0.8701,0.4824,230.0
s9_offatr0p25_pts10-r1,0,9,london,257,-6873.0,-2.1178,0.7679,0.4514,230.0
s9_offatr0p25_pts10-r1,0,9,pre,207,-853.0,-0.2913,0.9602,0.5072,220.0
s9_offatr0p25_pts10-r1,0,9,nyam,104,-291.0,-0.1401,0.9728,0.5096,205.0
s9_offatr0p25_pts10-r2,0,10,all,568,-442.0,-0.0643,0.9943,0.3451,230.0
s9_offatr0p25_pts10-r2,0,10,london,257,-4253.0,-0.9376,0.8842,0.3191,230.0
s9_offatr0p25_pts10-r2,0,10,pre,207,777.0,0.1861,1.0276,0.3527,220.0
s9_offatr0p25_pts10-r2,0,10,nyam,104,3034.0,1.0005,1.2298,0.3942,215.0
s9_offatr0p25_pts10-r3,0,11,all,568,4873.0,0.5702,1.0561,0.2711,230.0
s9_offatr0p25_pts10-r3,0,11,london,257,-2418.0,-0.4318,0.9404,0.249,230.0
s9_offatr0p25_pts10-r3,0,11,pre,207,3302.0,0.6326,1.1056,0.2802,220.0
s9_offatr0p25_pts10-r3,0,11,nyam,104,3989.0,1.0471,1.2645,0.3077,215.0
s9_offatr0p25_pts20-r0,0,12,all,568,7783.0,0.2154,1.0374,0.1092,865.0
s9_offatr0p25_pts20-r0,0,12,london,257,-16798.0,-0.7995,0.8254,0.0934,865.0
s9_offatr0p25_pts20-r0,0,12,pre,207,9982.0,0.4027,1.1327,0.1159,745.0
s9_offatr0p25_pts20-r0,0,12,nyam,104,14599.0,0.9223,1.4001,0.1346,405.0
s9_offatr0p25_pts20-r1,0,13,all,568,4988.0,0.5195,1.0446,0.5194,420.0
s9_offatr0p25_pts20-r1,0,13,london,257,-1403.0,-0.2167,0.9733,0.5019,420.0
s9_offatr0p25_pts20-r1,0,13,pre,207,3052.0,0.5263,1.0761,0.5266,410.0
s9_offatr0p25_pts20-r1,0,13,nyam,104,3339.0,0.8131,1.1736,0.5481,405.0
s9_offatr0p25_pts20-r2,0,14,all,568,17658.0,1.2725,1.1194,0.3662,865.0
s9_offatr0p25_pts20-r2,0,14,london,257,-888.0,-0.0965,0.9873,0.3385,865.0
s9_offatr0p25_pts20-r2,0,14,pre,207,9282.0,1.1018,1.1758,0.3768,415.0
s9_offatr0p25_pts20-r2,0,14,nyam,104,9264.0,1.5231,1.3711,0.4135,405.0
s9_offatr0p25_pts20-r3,0,15,all,568,15773.0,0.9236,1.093,0.2729,865.0
s9_offatr0p25_pts20-r3,0,15,london,257,-3018.0,-0.2699,0.9621,0.249,865.0
s9_offatr0p25_pts20-r3,0,15,pre,207,11587.0,1.1031,1.1926,0.2899,415.0
s9_offatr0p25_pts20-r3,0,15,nyam,104,7204.0,0.9575,1.2412,0.2981,405.0
s9_offatr0p25_pts30-r0,0,16,all,568,31303.0,0.722,1.1075,0.1637,2320.0
s9_offatr0p25_pts30-r0,0,16,london,257,2677.0,0.0996,1.0202,0.1556,865.0
s9_offatr0p25_pts30-r0,0,16,pre,207,20767.0,0.7085,1.1958,0.1739,2320.0
s9_offatr0p25_pts30-r0,0,16,nyam,104,7859.0,0.451,1.1498,0.1635,610.0
s9_offatr0p25_pts30-r1,0,17,all,568,10588.0,0.737,1.0638,0.5211,625.0
s9_offatr0p25_pts30-r1,0,17,london,257,1212.0,0.1252,1.0158,0.5097,625.0
s9_offatr0p25_pts30-r1,0,17,pre,207,5242.0,0.6039,1.0878,0.5266,605.0
s9_offatr0p25_pts30-r1,0,17,nyam,104,4134.0,0.6714,1.1414,0.5385,610.0
s9_offatr0p25_pts30-r2,0,18,all,568,18228.0,0.8837,1.0816,0.3556,865.0
s9_offatr0p25_pts30-r2,0,18,london,257,3717.0,0.269,1.0362,0.3463,865.0
s9_offatr0p25_pts30-r2,0,18,pre,207,11077.0,0.8826,1.1388,0.3671,605.0
s9_offatr0p25_pts30-r2,0,18,nyam,104,3434.0,0.3877,1.0841,0.3558,610.0
s9_offatr0p25_pts30-r3,0,19,all,568,30043.0,1.1754,1.12,0.2782,865.0
s9_offatr0p25_pts30-r3,0,19,london,257,10682.0,0.6223,1.0934,0.2724,865.0
s9_offatr0p25_pts30-r3,0,19,pre,207,12967.0,0.8392,1.1435,0.285,745.0
s9_offatr0p25_pts30-r3,0,19,nyam,104,6394.0,0.5785,1.1399,0.2788,610.0
s9_offatr0p25_pts45-r0,0,20,all,568,79663.0,1.5072,1.2038,0.2377,2320.0
s9_offatr0p25_pts45-r0,0,20,london,257,50247.0,1.4381,1.2903,0.2529,965.0
s9_offatr0p25_pts45-r0,0,20,pre,207,25922.0,0.7499,1.1776,0.2319,2320.0
s9_offatr0p25_pts45-r0,0,20,nyam,104,3494.0,0.178,1.0487,0.2115,905.0
s9_offatr0p25_pts45-r1,0,21,all,568,10628.0,0.4938,1.0423,0.5141,935.0
s9_offatr0p25_pts45-r1,0,21,london,257,13567.0,0.9375,1.1243,0.5331,935.0
s9_offatr0p25_pts45-r1,0,21,pre,207,-2258.0,-0.1735,0.9761,0.4976,905.0
s9_offatr0p25_pts45-r1,0,21,nyam,104,-681.0,-0.0736,0.9856,0.5,905.0
s9_offatr0p25_pts45-r2,0,22,all,568,34793.0,1.1342,1.1064,0.3609,965.0
s9_offatr0p25_pts45-r2,0,22,london,257,27502.0,1.3186,1.191,0.3774,965.0
s9_offatr0p25_pts45-r2,0,22,pre,207,3027.0,0.1651,1.0247,0.3478,905.0
s9_offatr0p25_pts45-r2,0,22,nyam,104,4264.0,0.3248,1.0706,0.3462,905.0
s9_offatr0p25_pts45-r3,0,23,all,568,50303.0,1.3364,1.138,0.2905,2320.0
s9_offatr0p25_pts45-r3,0,23,london,257,47837.0,1.8248,1.3,0.3113,965.0
s9_offatr0p25_pts45-r3,0,23,pre,207,2037.0,0.0924,1.0149,0.2802,2320.0
s9_offatr0p25_pts45-r3,0,23,nyam,104,429.0,0.0275,1.0063,0.2596,905.0
s9_offatr0p25_pct0p1-r0,0,24,all,568,2833.0,0.0894,1.0187,0.0722,745.0
s9_offatr0p25_pct0p1-r0,0,24,london,257,-12163.0,-0.6551,0.8245,0.0584,685.0
s9_offatr0p25_pct0p1-r0,0,24,pre,207,-2173.0,-0.104,0.9605,0.0725,745.0
s9_offatr0p25_pct0p1-r0,0,24,nyam,104,17169.0,1.1484,1.64,0.1058,340.0
s9_offatr0p25_pct0p1-r1,0,25,all,568,-3547.0,-0.5289,0.9562,0.5,340.0
s9_offatr0p25_pct0p1-r1,0,25,london,257,-6758.0,-1.5087,0.8271,0.4669,340.0
s9_offatr0p25_pct0p1-r1,0,25,pre,207,3877.0,0.9619,1.1445,0.5411,340.0
s9_offatr0p25_pct0p1-r1,0,25,nyam,104,-666.0,-0.2273,0.9559,0.5,340.0
s9_offatr0p25_pct0p1-r2,0,26,all,568,9838.0,1.0208,1.0952,0.3644,340.0
s9_offatr0p25_pct0p1-r2,0,26,london,257,1807.0,0.2824,1.0381,0.3541,340.0
s9_offatr0p25_pct0p1-r2,0,26,pre,207,5282.0,0.9017,1.1427,0.372,340.0
s9_offatr0p25_pct0p1-r2,0,26,nyam,104,2749.0,0.6493,1.1451,0.375,340.0
s9_offatr0p25_pct0p1-r3,0,27,all,568,7873.0,0.6668,1.0664,0.2729,340.0
s9_offatr0p25_pct0p1-r3,0,27,london,257,-2658.0,-0.3464,0.9516,0.2529,340.0
s9_offatr0p25_pct0p1-r3,0,27,pre,207,2902.0,0.4057,1.0673,0.2705,340.0
s9_offatr0p25_pct0p1-r3,0,27,nyam,104,7629.0,1.4073,1.3722,0.3269,340.0
s9_offatr0p25_pct0p2-r0,0,28,all,568,40398.0,0.9582,1.1501,0.1585,865.0
s9_offatr0p25_pct0p2-r0,0,28,london,257,23177.0,0.8252,1.1904,0.1595,865.0
s9_offatr0p25_pct0p2-r0,0,28,pre,207,6452.0,0.2448,1.0659,0.1546,745.0
s9_offatr0p25_pct0p2-r0,0,28,nyam,104,10769.0,0.6218,1.2173,0.1635,675.0
s9_offatr0p25_pct0p2-r1,0,29,all,568,8333.0,0.6251,1.0543,0.5246,685.0
s9_offatr0p25_pct0p2-r1,0,29,london,257,6452.0,0.7234,1.0954,0.537,685.0
s9_offatr0p25_pct0p2-r1,0,29,pre,207,707.0,0.0879,1.0124,0.5121,680.0
s9_offatr0p25_pct0p2-r1,0,29,nyam,104,1174.0,0.2014,1.0408,0.5192,650.0
s9_offatr0p25_pct0p2-r2,0,30,all,568,11868.0,0.6253,1.0573,0.3574,865.0
s9_offatr0p25_pct0p2-r2,0,30,london,257,3397.0,0.2677,1.0361,0.3541,865.0
s9_offatr0p25_pct0p2-r2,0,30,pre,207,8082.0,0.7027,1.1095,0.3671,680.0
s9_offatr0p25_pct0p2-r2,0,30,nyam,104,389.0,0.0472,1.0099,0.3462,655.0
s9_offatr0p25_pct0p2-r3,0,31,all,568,27248.0,1.1582,1.1181,0.2835,865.0
s9_offatr0p25_pct0p2-r3,0,31,london,257,8657.0,0.5505,1.0822,0.2763,865.0
s9_offatr0p25_pct0p2-r3,0,31,pre,207,19552.0,1.3523,1.2417,0.3043,680.0
s9_offatr0p25_pct0p2-r3,0,31,nyam,104,-961.0,-0.0969,0.9784,0.2596,675.0
s9_offatr0p5_atr1p5-r0,1,0,all,567,-13453.0,-0.2689,0.9665,0.1887,2580.0
s9_offatr0p5_atr1p5-r0,1,0,london,222,-31233.0,-1.0846,0.8036,0.1667,2540.0
s9_offatr0p5_atr1p5-r0,1,0,pre,217,522.0,0.016,1.0035,0.1889,2465.0
s9_offatr0p5_atr1p5-r0,1,0,nyam,128,17258.0,0.6959,1.1857,0.2266,2580.0
s9_offatr0p5_atr1p5-r1,1,1,all,567,2962.0,0.1316,1.0121,0.5097,2580.0
s9_offatr0p5_atr1p5-r1,1,1,london,222,5777.0,0.4223,1.0639,0.5135,2045.0
s9_offatr0p5_atr1p5-r1,1,1,pre,217,-14428.0,-1.0667,0.854,0.4793,2390.0
s9_offatr0p5_atr1p5-r1,1,1,nyam,128,11613.0,0.9944,1.211,0.5547,2580.0
s9_offatr0p5_atr1p5-r2,1,2,all,567,-21978.0,-0.7034,0.9346,0.3298,2580.0
s9_offatr0p5_atr1p5-r2,1,2,london,222,-30393.0,-1.6747,0.7748,0.2973,2540.0
s9_offatr0p5_atr1p5-r2,1,2,pre,217,-1408.0,-0.0736,0.9886,0.3456,2390.0
s9_offatr0p5_atr1p5-r2,1,2,nyam,128,9823.0,0.5863,1.1261,0.3594,2580.0
s9_offatr0p5_atr1p5-r3,1,3,all,567,-12508.0,-0.3313,0.9663,0.261,2580.0
s9_offatr0p5_atr1p5-r3,1,3,london,222,-29058.0,-1.3596,0.8019,0.2387,2540.0
s9_offatr0p5_atr1p5-r3,1,3,pre,217,9062.0,0.3823,1.0669,0.2765,2465.0
s9_offatr0p5_atr1p5-r3,1,3,nyam,128,7488.0,0.3708,1.0839,0.2734,2580.0
s9_offatr0p5_atr3-r0,1,4,all,567,7192.0,0.1104,1.0118,0.3333,5075.0
s9_offatr0p5_atr3-r0,1,4,london,222,-22208.0,-0.5558,0.9107,0.3153,5075.0
s9_offatr0p5_atr3-r0,1,4,pre,217,17597.0,0.4275,1.0787,0.3548,3815.0
s9_offatr0p5_atr3-r0,1,4,nyam,128,11803.0,0.3805,1.0857,0.3281,4725.0
s9_offatr0p5_atr3-r1,1,5,all,567,-36878.0,-0.8405,0.9257,0.4797,5075.0
s9_offatr0p5_atr3-r1,1,5,london,222,-38558.0,-1.4661,0.8063,0.4685,5075.0
s9_offatr0p5_atr3-r1,1,5,pre,217,8072.0,0.2998,1.0455,0.5115,3815.0
s9_offatr0p5_atr3-r1,1,5,nyam,128,-6392.0,-0.2828,0.9468,0.4453,4725.0
s9_offatr0p5_atr3-r2,1,6,all,567,-1363.0,-0.0243,0.9977,0.3704,5075.0
s9_offatr0p5_atr3-r2,1,6,london,222,-25723.0,-0.7657,0.8908,0.3604,5075.0
s9_offatr0p5_atr3-r2,1,6,pre,217,25427.0,0.7175,1.121,0.4009,3815.0
s9_offatr0p5_atr3-r2,1,6,nyam,128,-1067.0,-0.0383,0.9922,0.3359,4725.0
s9_offatr0p5_atr3-r3,1,7,all,567,-2443.0,-0.04,0.996,0.3422,5075.0
s9_offatr0p5_atr3-r3,1,7,london,222,-23508.0,-0.6388,0.9038,0.3288,5075.0
s9_offatr0p5_atr3-r3,1,7,pre,217,13802.0,0.3573,1.0623,0.3641,3815.0
s9_offatr0p5_atr3-r3,1,7,nyam,128,7263.0,0.2419,1.0528,0.3281,4725.0
s9_offatr0p5_pts10-r0,1,8,all,567,10732.0,0.4111,1.095,0.0564,860.0
s9_offatr0p5_pts10-r0,1,8,london,222,16657.0,0.8405,1.3818,0.0631,215.0
s9_offatr0p5_pts10-r0,1,8,pre,217,-19308.0,-1.8548,0.569,0.0323,860.0
s9_offatr0p5_pts10-r0,1,8,nyam,128,13383.0,1.0007,1.5455,0.0859,220.0
s9_offatr0p5_pts10-r1,1,9,all,567,-6698.0,-1.3834,0.8902,0.4885,250.0
s9_offatr0p5_pts10-r1,1,9,london,222,-3153.0,-1.041,0.8693,0.482,215.0
s9_offatr0p5_pts10-r1,1,9,pre,217,-7113.0,-2.3855,0.7236,0.4378,250.0
s9_offatr0p5_pts10-r1,1,9,nyam,128,3568.0,1.5706,1.3205,0.5859,220.0
s9_offatr0p5_pts10-r2,1,10,all,567,-3968.0,-0.5819,0.9499,0.3351,250.0
s9_offatr0p5_pts10-r2,1,10,london,222,672.0,0.1556,1.0222,0.3514,215.0
s9_offatr0p5_pts10-r2,1,10,pre,217,-11708.0,-2.9876,0.6545,0.2581,250.0
s9_offatr0p5_pts10-r2,1,10,nyam,128,7068.0,2.0705,1.4678,0.4375,220.0
s9_offatr0p5_pts10-r3,1,11,all,567,4237.0,0.4969,1.0487,0.2698,250.0
s9_offatr0p5_pts10-r3,1,11,london,222,6612.0,1.2022,1.2021,0.2973,215.0
s9_offatr0p5_pts10-r3,1,11,pre,217,-12588.0,-2.7005,0.66,0.1889,250.0
s9_offatr0p5_pts10-r3,1,11,nyam,128,10213.0,2.3256,1.5937,0.3594,220.0
s9_offatr0p5_pts20-r0,1,12,all,567,-11873.0,-0.3766,0.943,0.1058,860.0
s9_offatr0p5_pts20-r0,1,12,london,222,262.0,0.0118,1.0032,0.1036,800.0
s9_offatr0p5_pts20-r0,1,12,pre,217,-19868.0,-1.28,0.7525,0.1014,860.0
s9_offatr0p5_pts20-r0,1,12,nyam,128,7733.0,0.4761,1.1672,0.1172,405.0
s9_offatr0p5_pts20-r1,1,13,all,567,12692.0,1.3258,1.1179,0.5362,420.0
s9_offatr0p5_pts20-r1,1,13,london,222,7332.0,1.2248,1.1789,0.5495,420.0
s9_offatr0p5_pts20-r1,1,13,pre,217,-3463.0,-0.5826,0.9238,0.4885,410.0
s9_offatr0p5_pts20-r1,1,13,nyam,128,8823.0,1.9645,1.4148,0.5938,405.0
s9_offatr0p5_pts20-r2,1,14,all,567,17347.0,1.2541,1.1177,0.3651,420.0
s9_offatr0p5_pts20-r2,1,14,london,222,10297.0,1.179,1.182,0.3784,420.0
s9_offatr0p5_pts20-r2,1,14,pre,217,1572.0,0.1857,1.027,0.3456,410.0
s9_offatr0p5_pts20-r2,1,14,nyam,128,5478.0,0.8267,1.1674,0.375,405.0
s9_offatr0p5_pts20-r3,1,15,all,567,7872.0,0.4675,1.0461,0.2646,420.0
s9_offatr0p5_pts20-r3,1,15,london,222,542.0,0.0517,1.008,0.2568,420.0
s9_offatr0p5_pts20-r3,1,15,pre,217,5127.0,0.4891,1.0793,0.2719,410.0
s9_offatr0p5_pts20-r3,1,15,nyam,128,2203.0,0.2736,1.0573,0.2656,405.0
s9_offatr0p5_pts30-r0,1,16,all,567,-3343.0,-0.0874,0.9885,0.1587,1020.0
s9_offatr0p5_pts30-r0,1,16,london,222,-8348.0,-0.3356,0.9279,0.1486,1020.0
s9_offatr0p5_pts30-r0,1,16,pre,217,-24813.0,-1.257,0.7806,0.1475,860.0
s9_offatr0p5_pts30-r0,1,16,nyam,128,29818.0,1.403,1.4783,0.1953,605.0
s9_offatr0p5_pts30-r1,1,17,all,567,8382.0,0.5828,1.0502,0.5185,1020.0
s9_offatr0p5_pts30-r1,1,17,london,222,452.0,0.05,1.0068,0.509,1020.0
s9_offatr0p5_pts30-r1,1,17,pre,217,-8093.0,-0.9105,0.8835,0.4747,610.0
s9_offatr0p5_pts30-r1,1,17,nyam,128,16023.0,2.3989,1.5259,0.6094,605.0
s9_offatr0p5_pts30-r2,1,18,all,567,8902.0,0.4348,1.0394,0.3474,1020.0
s9_offatr0p5_pts30-r2,1,18,london,222,-353.0,-0.0276,0.9961,0.3378,1020.0
s9_offatr0p5_pts30-r2,1,18,pre,217,-1208.0,-0.0963,0.9862,0.3364,610.0
s9_offatr0p5_pts30-r2,1,18,nyam,128,10463.0,1.0497,1.2173,0.3828,605.0
s9_offatr0p5_pts30-r3,1,19,all,567,1657.0,0.0667,1.0065,0.2593,1020.0
s9_offatr0p5_pts30-r3,1,19,london,222,397.0,0.0254,1.0039,0.2568,1020.0
s9_offatr0p5_pts30-r3,1,19,pre,217,-5503.0,-0.364,0.9447,0.2488,860.0
s9_offatr0p5_pts30-r3,1,19,nyam,128,6763.0,0.5597,1.1206,0.2812,605.0
s9_offatr0p5_pts45-r0,1,20,all,567,6442.0,0.1301,1.0159,0.2169,2465.0
s9_offatr0p5_pts45-r0,1,20,london,222,9582.0,0.308,1.0612,0.2252,1020.0
s9_offatr0p5_pts45-r0,1,20,pre,217,-8438.0,-0.2714,0.946,0.2166,2465.0
s9_offatr0p5_pts45-r0,1,20,nyam,128,5298.0,0.2316,1.058,0.2031,910.0
s9_offatr0p5_pts45-r1,1,21,all,567,-10338.0,-0.4805,0.9604,0.4938,1020.0
s9_offatr0p5_pts45-r1,1,21,london,222,9187.0,0.6819,1.0961,0.527,1020.0
s9_offatr0p5_pts45-r1,1,21,pre,217,-20473.0,-1.5441,0.8108,0.4516,905.0
s9_offatr0p5_pts45-r1,1,21,nyam,128,948.0,0.0925,1.0165,0.5078,910.0
s9_offatr0p5_pts45-r2,1,22,all,567,-22358.0,-0.7481,0.9356,0.3263,1020.0
s9_offatr0p5_pts45-r2,1,22,london,222,4532.0,0.2371,1.0343,0.3468,1020.0
s9_offatr0p5_pts45-r2,1,22,pre,217,-14523.0,-0.7929,0.8921,0.318,905.0
s9_offatr0p5_pts45-r2,1,22,nyam,128,-12367.0,-0.8876,0.8465,0.3047,910.0
s9_offatr0p5_pts45-r3,1,23,all,567,-12923.0,-0.3573,0.966,0.2646,2465.0
s9_offatr0p5_pts45-r3,1,23,london,222,12492.0,0.5349,1.0863,0.2838,1020.0
s9_offatr0p5_pts45-r3,1,23,pre,217,-16958.0,-0.7771,0.8854,0.2581,2465.0
s9_offatr0p5_pts45-r3,1,23,nyam,128,-8457.0,-0.4975,0.9034,0.2422,910.0
s9_offatr0p5_pct0p1-r0,1,24,all,567,1102.0,0.0393,1.0073,0.0758,860.0
s9_offatr0p5_pct0p1-r0,1,24,london,222,6047.0,0.2978,1.1036,0.0721,345.0
s9_offatr0p5_pct0p1-r0,1,24,pre,217,-16323.0,-1.2702,0.7211,0.0645,860.0
s9_offatr0p5_pct0p1-r0,1,24,nyam,128,11378.0,0.7893,1.3412,0.1016,345.0
s9_offatr0p5_pct0p1-r1,1,25,all,567,2717.0,0.4061,1.035,0.5203,345.0
s9_offatr0p5_pct0p1-r1,1,25,london,222,1367.0,0.3291,1.0456,0.5225,345.0
s9_offatr0p5_pct0p1-r1,1,25,pre,217,-5958.0,-1.4395,0.8211,0.4608,340.0
s9_offatr0p5_pct0p1-r1,1,25,nyam,128,7308.0,2.3155,1.5085,0.6172,345.0
s9_offatr0p5_pct0p1-r2,1,26,all,567,5497.0,0.5747,1.0526,0.3563,345.0
s9_offatr0p5_pct0p1-r2,1,26,london,222,4117.0,0.6874,1.1031,0.3649,345.0
s9_offatr0p5_pct0p1-r2,1,26,pre,217,-9553.0,-1.6972,0.783,0.2903,340.0
s9_offatr0p5_pct0p1-r2,1,26,nyam,128,10933.0,2.2863,1.5293,0.4531,345.0
s9_offatr0p5_pct0p1-r3,1,27,all,567,13992.0,1.1756,1.1199,0.284,345.0
s9_offatr0p5_pct0p1-r3,1,27,london,222,8967.0,1.1932,1.202,0.2973,345.0
s9_offatr0p5_pct0p1-r3,1,27,pre,217,-4908.0,-0.7011,0.8962,0.2396,340.0
s9_offatr0p5_pct0p1-r3,1,27,nyam,128,9933.0,1.6608,1.3974,0.3359,345.0
s9_offatr0p5_pct0p2-r0,1,28,all,567,-2198.0,-0.0589,0.9919,0.1446,860.0
s9_offatr0p5_pct0p2-r0,1,28,london,222,-13638.0,-0.5709,0.8744,0.1261,800.0
s9_offatr0p5_pct0p2-r0,1,28,pre,217,-18658.0,-0.9579,0.8221,0.1382,860.0
s9_offatr0p5_pct0p2-r0,1,28,nyam,128,30098.0,1.4387,1.5108,0.1875,685.0
s9_offatr0p5_pct0p2-r1,1,29,all,567,4807.0,0.3609,1.031,0.5185,685.0
s9_offatr0p5_pct0p2-r1,1,29,london,222,-433.0,-0.0523,0.9929,0.509,685.0
s9_offatr0p5_pct0p2-r1,1,29,pre,217,-9553.0,-1.16,0.853,0.47,685.0
s9_offatr0p5_pct0p2-r1,1,29,nyam,128,14793.0,2.3498,1.5175,0.6172,685.0
s9_offatr0p5_pct0p2-r2,1,30,all,567,12922.0,0.6822,1.0627,0.358,685.0
s9_offatr0p5_pct0p2-r2,1,30,london,222,6467.0,0.5468,1.0812,0.3604,685.0
s9_offatr0p5_pct0p2-r2,1,30,pre,217,-653.0,-0.0563,0.9919,0.341,685.0
s9_offatr0p5_pct0p2-r2,1,30,nyam,128,7108.0,0.769,1.1548,0.3828,685.0
s9_offatr0p5_pct0p2-r3,1,31,all,567,8167.0,0.3528,1.0347,0.2663,860.0
s9_offatr0p5_pct0p2-r3,1,31,london,222,-5328.0,-0.3779,0.9432,0.2477,800.0
s9_offatr0p5_pct0p2-r3,1,31,pre,217,1792.0,0.1252,1.0199,0.2627,860.0
s9_offatr0p5_pct0p2-r3,1,31,nyam,128,11703.0,1.0151,1.2283,0.3047,685.0
s9_offatr1_atr1p5-r0,2,0,all,475,-16990.0,-0.4066,0.9472,0.2105,2580.0
s9_offatr1_atr1p5-r0,2,0,london,110,-4495.0,-0.2188,0.9393,0.1818,1640.0
s9_offatr1_atr1p5-r0,2,0,pre,168,-36937.0,-1.5529,0.6778,0.1607,1880.0
s9_offatr1_atr1p5-r0,2,0,nyam,197,24442.0,0.8895,1.1839,0.269,2580.0
s9_offatr1_atr1p5-r1,2,1,all,475,-3370.0,-0.1669,0.9835,0.5095,2580.0
s9_offatr1_atr1p5-r1,2,1,london,110,6750.0,0.7497,1.1657,0.5455,1640.0
s9_offatr1_atr1p5-r1,2,1,pre,168,-5652.0,-0.4842,0.9218,0.4881,1880.0
s9_offatr1_atr1p5-r1,2,1,nyam,197,-4468.0,-0.3231,0.9512,0.5076,2580.0
s9_offatr1_atr1p5-r2,2,2,all,475,-5940.0,-0.2103,0.9783,0.3411,2580.0
s9_offatr1_atr1p5-r2,2,2,london,110,-8480.0,-0.6796,0.863,0.3091,1640.0
s9_offatr1_atr1p5-r2,2,2,pre,168,4763.0,0.2882,1.0523,0.3571,1880.0
s9_offatr1_atr1p5-r2,2,2,nyam,197,-2223.0,-0.1154,0.9815,0.3452,2580.0
s9_offatr1_atr1p5-r3,2,3,all,475,-1745.0,-0.0523,0.9942,0.2758,2580.0
s9_offatr1_atr1p5-r3,2,3,london,110,-13045.0,-0.9287,0.8109,0.2364,1640.0
s9_offatr1_atr1p5-r3,2,3,pre,168,-3462.0,-0.1765,0.9665,0.2679,1880.0
s9_offatr1_atr1p5-r3,2,3,nyam,197,14762.0,0.6405,1.1153,0.3046,2580.0
s9_offatr1_atr3-r0,2,4,all,475,7455.0,0.13,1.015,0.3495,5160.0
s9_offatr1_atr3-r0,2,4,london,110,-4905.0,-0.1716,0.9596,0.3091,3280.0
s9_offatr1_atr3-r0,2,4,pre,168,-20307.0,-0.6064,0.8838,0.3036,3725.0
s9_offatr1_atr3-r0,2,4,nyam,197,32667.0,0.8875,1.1635,0.4112,5160.0
s9_offatr1_atr3-r1,2,5,all,475,-12055.0,-0.3042,0.9702,0.4926,5160.0
s9_offatr1_atr3-r1,2,5,london,110,-6910.0,-0.3833,0.9246,0.4909,3280.0
s9_offatr1_atr3-r1,2,5,pre,168,-1957.0,-0.0855,0.9857,0.4821,3725.0
s9_offatr1_atr3-r1,2,5,nyam,197,-3188.0,-0.1182,0.9818,0.5025,5160.0
s9_offatr1_atr3-r2,2,6,all,475,7770.0,0.1553,1.0164,0.3853,5160.0
s9_offatr1_atr3-r2,2,6,london,110,-7100.0,-0.3067,0.9371,0.3636,3280.0
s9_offatr1_atr3-r2,2,6,pre,168,2523.0,0.0847,1.0156,0.369,3725.0
s9_offatr1_atr3-r2,2,6,nyam,197,12347.0,0.3741,1.0618,0.4112,5160.0
s9_offatr1_atr3-r3,2,7,all,475,-7660.0,-0.1425,0.9845,0.3558,5160.0
s9_offatr1_atr3-r3,2,7,london,110,-14140.0,-0.5678,0.8825,0.3182,3280.0
s9_offatr1_atr3-r3,2,7,pre,168,-16842.0,-0.5242,0.9024,0.3155,3725.0
s9_offatr1_atr3-r3,2,7,nyam,197,23322.0,0.661,1.1167,0.4112,5160.0
s9_offatr1_pts10-r0,2,8,all,475,-22385.0,-1.1429,0.7657,0.0526,1120.0
s9_offatr1_pts10-r0,2,8,london,110,1300.0,0.1051,1.0601,0.0636,220.0
s9_offatr1_pts10-r0,2,8,pre,168,-19672.0,-2.5372,0.444,0.0298,1120.0
s9_offatr1_pts10-r0,2,8,nyam,197,-4013.0,-0.3069,0.8958,0.066,215.0
s9_offatr1_pts10-r1,2,9,all,475,-9810.0,-2.2147,0.816,0.4674,270.0
s9_offatr1_pts10-r1,2,9,london,110,-2830.0,-1.3269,0.7759,0.4545,220.0
s9_offatr1_pts10-r1,2,9,pre,168,-2637.0,-0.992,0.8576,0.4821,270.0
s9_offatr1_pts10-r1,2,9,nyam,197,-4343.0,-1.5277,0.8042,0.4619,205.0
s9_offatr1_pts10-r2,2,10,all,475,-9030.0,-1.4677,0.868,0.3158,270.0
s9_offatr1_pts10-r2,2,10,london,110,-1315.0,-0.4386,0.9155,0.3273,220.0
s9_offatr1_pts10-r2,2,10,pre,168,-3402.0,-0.9256,0.8605,0.3155,270.0
s9_offatr1_pts10-r2,2,10,nyam,197,-4313.0,-1.0952,0.8485,0.3096,215.0
s9_offatr1_pts10-r3,2,11,all,475,-9645.0,-1.2911,0.8738,0.2358,270.0
s9_offatr1_pts10-r3,2,11,london,110,-1360.0,-0.3719,0.9221,0.2455,220.0
s9_offatr1_pts10-r3,2,11,pre,168,-4892.0,-1.113,0.8224,0.2262,270.0
s9_offatr1_pts10-r3,2,11,nyam,197,-3393.0,-0.7025,0.892,0.2386,215.0
s9_offatr1_pts20-r0,2,12,all,475,-320.0,-0.0111,0.9981,0.12,1120.0
s9_offatr1_pts20-r0,2,12,london,110,8380.0,0.4924,1.2109,0.1182,415.0
s9_offatr1_pts20-r0,2,12,pre,168,-28852.0,-2.3721,0.5514,0.0774,1120.0
s9_offatr1_pts20-r0,2,12,nyam,197,20152.0,1.0264,1.2965,0.1574,415.0
s9_offatr1_pts20-r1,2,13,all,475,-10155.0,-1.1558,0.8993,0.4821,445.0
s9_offatr1_pts20-r1,2,13,london,110,65.0,0.0153,1.0029,0.5091,415.0
s9_offatr1_pts20-r1,2,13,pre,168,-7677.0,-1.4709,0.7968,0.4524,445.0
s9_offatr1_pts20-r1,2,13,nyam,197,-2543.0,-0.4487,0.9379,0.4924,410.0
s9_offatr1_pts20-r2,2,14,all,475,4280.0,0.3417,1.0337,0.3474,445.0
s9_offatr1_pts20-r2,2,14,london,110,760.0,0.1258,1.0258,0.3455,415.0
s9_offatr1_pts20-r2,2,14,pre,168,-202.0,-0.0272,0.9956,0.3393,445.0
s9_offatr1_pts20-r2,2,14,nyam,197,3722.0,0.4585,1.0716,0.3553,410.0
s9_offatr1_pts20-r3,2,15,all,475,9100.0,0.5862,1.0637,0.2695,1120.0
s9_offatr1_pts20-r3,2,15,london,110,-1695.0,-0.2328,0.9501,0.2455,415.0
s9_offatr1_pts20-r3,2,15,pre,168,8228.0,0.8668,1.166,0.2917,1120.0
s9_offatr1_pts20-r3,2,15,nyam,197,2567.0,0.2585,1.0432,0.264,410.0
s9_offatr1_pts30-r0,2,16,all,475,13460.0,0.387,1.0563,0.1726,1120.0
s9_offatr1_pts30-r0,2,16,london,110,17810.0,0.89,1.3274,0.1818,615.0
s9_offatr1_pts30-r0,2,16,pre,168,-37332.0,-2.4952,0.5868,0.119,1120.0
s9_offatr1_pts30-r0,2,16,nyam,197,32982.0,1.3758,1.3492,0.2132,615.0
s9_offatr1_pts30-r1,2,17,all,475,2185.0,0.1662,1.0154,0.5095,640.0
s9_offatr1_pts30-r1,2,17,london,110,4045.0,0.6382,1.13,0.5364,615.0
s9_offatr1_pts30-r1,2,17,pre,168,-2367.0,-0.302,0.9543,0.494,640.0
s9_offatr1_pts30-r1,2,17,nyam,197,507.0,0.0598,1.0086,0.5076,605.0
s9_offatr1_pts30-r2,2,18,all,475,15835.0,0.8395,1.0849,0.3579,1120.0
s9_offatr1_pts30-r2,2,18,london,110,8760.0,0.9476,1.2112,0.3818,615.0
s9_offatr1_pts30-r2,2,18,pre,168,8203.0,0.7248,1.1259,0.369,1120.0
s9_offatr1_pts30-r2,2,18,nyam,197,-1128.0,-0.0943,0.9859,0.335,605.0
s9_offatr1_pts30-r3,2,19,all,475,36400.0,1.5444,1.1768,0.2905,1120.0
s9_offatr1_pts30-r3,2,19,london,110,7495.0,0.6572,1.1556,0.2818,615.0
s9_offatr1_pts30-r3,2,19,pre,168,12563.0,0.8932,1.1719,0.2917,1120.0
s9_offatr1_pts30-r3,2,19,nyam,197,16342.0,1.0776,1.193,0.2944,605.0
s9_offatr1_pts45-r0,2,20,all,475,-20115.0,-0.5093,0.9396,0.2253,1890.0
s9_offatr1_pts45-r0,2,20,london,110,5615.0,0.2558,1.0725,0.2182,935.0
s9_offatr1_pts45-r0,2,20,pre,168,-53217.0,-2.8219,0.5837,0.1667,1890.0
s9_offatr1_pts45-r0,2,20,nyam,197,27487.0,1.0322,1.2149,0.2792,930.0
s9_offatr1_pts45-r1,2,21,all,475,9335.0,0.4725,1.0444,0.5158,1890.0
s9_offatr1_pts45-r1,2,21,london,110,4640.0,0.4883,1.098,0.5273,935.0
s9_offatr1_pts45-r1,2,21,pre,168,-5732.0,-0.4838,0.9276,0.4881,1890.0
s9_offatr1_pts45-r1,2,21,nyam,197,10427.0,0.8227,1.1246,0.533,905.0
s9_offatr1_pts45-r2,2,22,all,475,30175.0,1.0707,1.1097,0.3663,1890.0
s9_offatr1_pts45-r2,2,22,london,110,8145.0,0.5939,1.1279,0.3636,935.0
s9_offatr1_pts45-r2,2,22,pre,168,4868.0,0.2913,1.049,0.3571,1890.0
s9_offatr1_pts45-r2,2,22,nyam,197,17162.0,0.9449,1.1535,0.3756,905.0
s9_offatr1_pts45-r3,2,23,all,475,10795.0,0.3228,1.0348,0.28,1890.0
s9_offatr1_pts45-r3,2,23,london,110,15345.0,0.9064,1.2215,0.3,935.0
s9_offatr1_pts45-r3,2,23,pre,168,-19887.0,-1.0416,0.8309,0.2381,1890.0
s9_offatr1_pts45-r3,2,23,nyam,197,15337.0,0.71,1.1243,0.3046,930.0
s9_offatr1_pct0p1-r0,2,24,all,475,-28140.0,-1.2751,0.7778,0.0737,1120.0
s9_offatr1_pct0p1-r0,2,24,london,110,3645.0,0.2591,1.1286,0.0818,345.0
s9_offatr1_pct0p1-r0,2,24,pre,168,-28807.0,-3.463,0.3903,0.0417,1120.0
s9_offatr1_pct0p1-r0,2,24,nyam,197,-2978.0,-0.2014,0.9417,0.0964,340.0
s9_offatr1_pct0p1-r1,2,25,all,475,-14980.0,-2.4491,0.7975,0.4611,375.0
s9_offatr1_pct0p1-r1,2,25,london,110,-1420.0,-0.4868,0.9104,0.4818,340.0
s9_offatr1_pct0p1-r1,2,25,pre,168,-6717.0,-1.843,0.7506,0.4583,375.0
s9_offatr1_pct0p1-r1,2,25,nyam,197,-6843.0,-1.7257,0.7805,0.4518,340.0
s9_offatr1_pct0p1-r2,2,26,all,475,-8110.0,-0.9477,0.912,0.3263,375.0
s9_offatr1_pct0p1-r2,2,26,london,110,1270.0,0.3029,1.0636,0.3545,345.0
s9_offatr1_pct0p1-r2,2,26,pre,168,-5832.0,-1.1704,0.8269,0.3155,375.0
s9_offatr1_pct0p1-r2,2,26,nyam,197,-3548.0,-0.6374,0.9078,0.3198,340.0
s9_offatr1_pct0p1-r3,2,27,all,475,-9545.0,-0.9161,0.9077,0.24,375.0
s9_offatr1_pct0p1-r3,2,27,london,110,1490.0,0.2865,1.0657,0.2636,345.0
s9_offatr1_pct0p1-r3,2,27,pre,168,-8097.0,-1.363,0.7863,0.2202,375.0
s9_offatr1_pct0p1-r3,2,27,nyam,197,-2938.0,-0.4312,0.9315,0.2437,340.0
s9_offatr1_pct0p2-r0,2,28,all,475,-2510.0,-0.0765,0.9889,0.1537,1120.0
s9_offatr1_pct0p2-r0,2,28,london,110,6710.0,0.3613,1.1291,0.1455,675.0
s9_offatr1_pct0p2-r0,2,28,pre,168,-43932.0,-3.284,0.4887,0.0952,1120.0
s9_offatr1_pct0p2-r0,2,28,nyam,197,34712.0,1.4928,1.396,0.2081,685.0
s9_offatr1_pct0p2-r1,2,29,all,475,-2810.0,-0.2304,0.9789,0.5053,725.0
s9_offatr1_pct0p2-r1,2,29,london,110,1560.0,0.2687,1.0532,0.5182,640.0
s9_offatr1_pct0p2-r1,2,29,pre,168,-4337.0,-0.5973,0.911,0.494,725.0
s9_offatr1_pct0p2-r1,2,29,nyam,197,-33.0,-0.0042,0.9994,0.5076,685.0
s9_offatr1_pct0p2-r2,2,30,all,475,10260.0,0.5908,1.0594,0.3537,725.0
s9_offatr1_pct0p2-r2,2,30,london,110,4610.0,0.5473,1.1188,0.3545,640.0
s9_offatr1_pct0p2-r2,2,30,pre,168,2348.0,0.2292,1.0383,0.3571,725.0
s9_offatr1_pct0p2-r2,2,30,nyam,197,3302.0,0.2931,1.0455,0.3503,685.0
s9_offatr1_pct0p2-r3,2,31,all,475,19575.0,0.9114,1.1015,0.2779,1120.0
s9_offatr1_pct0p2-r3,2,31,london,110,-1230.0,-0.1224,0.9731,0.2455,675.0
s9_offatr1_pct0p2-r3,2,31,pre,168,8603.0,0.6659,1.1261,0.2857,1120.0
s9_offatr1_pct0p2-r3,2,31,nyam,197,12202.0,0.8738,1.1549,0.2893,685.0
s9_offptsA_atr1p5-r0,3,0,all,565,37690.0,0.7149,1.0962,0.2,2580.0
s9_offptsA_atr1p5-r0,3,0,london,228,-6372.0,-0.2071,0.9605,0.1974,2540.0
s9_offptsA_atr1p5-r0,3,0,pre,218,24508.0,0.6703,1.1609,0.1881,2580.0
s9_offptsA_atr1p5-r0,3,0,nyam,119,19554.0,0.8732,1.2498,0.2269,1905.0
s9_offptsA_atr1p5-r1,3,1,all,565,24470.0,1.0885,1.105,0.5239,2385.0
s9_offptsA_atr1p5-r1,3,1,london,228,7933.0,0.5538,1.083,0.5175,2045.0
s9_offptsA_atr1p5-r1,3,1,pre,218,7513.0,0.534,1.0832,0.5229,2385.0
s9_offptsA_atr1p5-r1,3,1,nyam,119,9024.0,0.8856,1.1912,0.5378,1905.0
s9_offptsA_atr1p5-r2,3,2,all,565,14815.0,0.4642,1.0459,0.3469,2580.0
s9_offptsA_atr1p5-r2,3,2,london,228,-8412.0,-0.424,0.9379,0.3246,2540.0
s9_offptsA_atr1p5-r2,3,2,pre,218,9293.0,0.4628,1.0757,0.3578,2580.0
s9_offptsA_atr1p5-r2,3,2,nyam,119,13934.0,0.9321,1.2171,0.3697,1905.0
s9_offptsA_atr1p5-r3,3,3,all,565,43560.0,1.0916,1.1218,0.2796,2580.0
s9_offptsA_atr1p5-r3,3,3,london,228,4353.0,0.1782,1.0295,0.2719,2540.0
s9_offptsA_atr1p5-r3,3,3,pre,218,26198.0,1.0164,1.1928,0.2844,2580.0
s9_offptsA_atr1p5-r3,3,3,nyam,119,13009.0,0.7098,1.1758,0.2857,1905.0
s9_offptsA_atr3-r0,3,4,all,565,72585.0,1.1058,1.1264,0.3628,5075.0
s9_offptsA_atr3-r0,3,4,london,228,11163.0,0.2773,1.0467,0.3684,5075.0
s9_offptsA_atr3-r0,3,4,pre,218,72203.0,1.6233,1.3463,0.3853,4580.0
s9_offptsA_atr3-r0,3,4,nyam,119,-10781.0,-0.405,0.915,0.3109,3815.0
s9_offptsA_atr3-r1,3,5,all,565,26525.0,0.6088,1.0577,0.5133,5075.0
s9_offptsA_atr3-r1,3,5,london,228,1088.0,0.0392,1.0057,0.5088,5075.0
s9_offptsA_atr3-r1,3,5,pre,218,38423.0,1.4137,1.235,0.5505,4580.0
s9_offptsA_atr3-r1,3,5,nyam,119,-12986.0,-0.6578,0.8769,0.4538,3815.0
s9_offptsA_atr3-r2,3,6,all,565,54975.0,0.9834,1.1002,0.4,5075.0
s9_offptsA_atr3-r2,3,6,london,228,10568.0,0.305,1.0465,0.4123,5075.0
s9_offptsA_atr3-r2,3,6,pre,218,65493.0,1.7938,1.3358,0.4312,4580.0
s9_offptsA_atr3-r2,3,6,nyam,119,-21086.0,-0.8727,0.8335,0.3193,3815.0
s9_offptsA_atr3-r3,3,7,all,565,60400.0,0.9866,1.1064,0.3717,5075.0
s9_offptsA_atr3-r3,3,7,london,228,12778.0,0.3401,1.0545,0.3816,5075.0
s9_offptsA_atr3-r3,3,7,pre,218,62533.0,1.5286,1.3031,0.3945,4580.0
s9_offptsA_atr3-r3,3,7,nyam,119,-14911.0,-0.5795,0.8824,0.3109,3815.0
s9_offptsA_pts10-r0,3,8,all,565,-6130.0,-0.2163,0.9461,0.046,830.0
s9_offptsA_pts10-r0,3,8,london,228,-5247.0,-0.3301,0.8848,0.0482,235.0
s9_offptsA_pts10-r0,3,8,pre,218,-8252.0,-0.4095,0.8171,0.0275,830.0
s9_offptsA_pts10-r0,3,8,nyam,119,7369.0,0.6081,1.3193,0.0756,220.0
s9_offptsA_pts10-r1,3,9,all,565,-6955.0,-1.441,0.8857,0.4867,250.0
s9_offptsA_pts10-r1,3,9,london,228,-4362.0,-1.4248,0.8278,0.4693,210.0
s9_offptsA_pts10-r1,3,9,pre,218,-1152.0,-0.3831,0.9493,0.5046,250.0
s9_offptsA_pts10-r1,3,9,nyam,119,-1441.0,-0.6482,0.8875,0.4874,210.0
s9_offptsA_pts10-r2,3,10,all,565,2575.0,0.3735,1.0336,0.354,250.0
s9_offptsA_pts10-r2,3,10,london,228,2448.0,0.5549,1.0805,0.364,235.0
s9_offptsA_pts10-r2,3,10,pre,218,-2167.0,-0.5136,0.9294,0.3303,250.0
s9_offptsA_pts10-r2,3,10,nyam,119,2294.0,0.7128,1.1478,0.3782,210.0
s9_offptsA_pts10-r3,3,11,all,565,5470.0,0.6406,1.0634,0.2726,250.0
s9_offptsA_pts10-r3,3,11,london,228,5328.0,0.9632,1.1567,0.2895,235.0
s9_offptsA_pts10-r3,3,11,pre,218,-4687.0,-0.9281,0.8664,0.2339,250.0
s9_offptsA_pts10-r3,3,11,nyam,119,4829.0,1.1815,1.2804,0.3109,220.0
s9_offptsA_pts20-r0,3,12,all,565,-2075.0,-0.0589,0.99,0.108,910.0
s9_offptsA_pts20-r0,3,12,london,228,-29022.0,-1.6004,0.6644,0.0833,910.0
s9_offptsA_pts20-r0,3,12,pre,218,3083.0,0.1243,1.0384,0.1055,830.0
s9_offptsA_pts20-r0,3,12,nyam,119,23864.0,1.3983,1.5866,0.1597,410.0
s9_offptsA_pts20-r1,3,13,all,565,15125.0,1.5841,1.1426,0.5416,415.0
s9_offptsA_pts20-r1,3,13,london,228,2493.0,0.4095,1.0559,0.5219,410.0
s9_offptsA_pts20-r1,3,13,pre,218,4973.0,0.8366,1.1202,0.5367,415.0
s9_offptsA_pts20-r1,3,13,nyam,119,7659.0,1.7638,1.3818,0.5882,410.0
s9_offptsA_pts20-r2,3,14,all,565,23695.0,1.7032,1.1633,0.3752,910.0
s9_offptsA_pts20-r2,3,14,london,228,-1067.0,-0.1231,0.9829,0.3377,910.0
s9_offptsA_pts20-r2,3,14,pre,218,10798.0,1.2466,1.1954,0.3807,415.0
s9_offptsA_pts20-r2,3,14,nyam,119,13964.0,2.132,1.5091,0.437,410.0
s9_offptsA_pts20-r3,3,15,all,565,16130.0,0.9478,1.0958,0.2743,910.0
s9_offptsA_pts20-r3,3,15,london,228,-8802.0,-0.855,0.8781,0.2325,910.0
s9_offptsA_pts20-r3,3,15,pre,218,11033.0,1.0311,1.1739,0.289,415.0
s9_offptsA_pts20-r3,3,15,nyam,119,13899.0,1.6838,1.4245,0.3277,410.0
s9_offptsA_pts30-r0,3,16,all,565,30555.0,0.7014,1.1057,0.1664,2370.0
s9_offptsA_pts30-r0,3,16,london,228,558.0,0.0215,1.0047,0.1579,910.0
s9_offptsA_pts30-r0,3,16,pre,218,7823.0,0.2657,1.0685,0.156,2370.0
s9_offptsA_pts30-r0,3,16,nyam,119,22174.0,1.1649,1.3861,0.2017,620.0
s9_offptsA_pts30-r1,3,17,all,565,18500.0,1.2929,1.115,0.5327,610.0
s9_offptsA_pts30-r1,3,17,london,228,3298.0,0.3618,1.0492,0.5175,610.0
s9_offptsA_pts30-r1,3,17,pre,218,5748.0,0.6453,1.0915,0.5275,610.0
s9_offptsA_pts30-r1,3,17,nyam,119,9454.0,1.4469,1.3042,0.5714,605.0
s9_offptsA_pts30-r2,3,18,all,565,22725.0,1.1027,1.1031,0.3611,910.0
s9_offptsA_pts30-r2,3,18,london,228,5108.0,0.3911,1.0564,0.3509,910.0
s9_offptsA_pts30-r2,3,18,pre,218,7093.0,0.5564,1.0831,0.3578,610.0
s9_offptsA_pts30-r2,3,18,nyam,119,10524.0,1.0927,1.2365,0.3866,620.0
s9_offptsA_pts30-r3,3,19,all,565,21360.0,0.8465,1.0852,0.2743,910.0
s9_offptsA_pts30-r3,3,19,london,228,8873.0,0.5491,1.0872,0.2719,910.0
s9_offptsA_pts30-r3,3,19,pre,218,3388.0,0.2186,1.0347,0.2661,830.0
s9_offptsA_pts30-r3,3,19,nyam,119,9099.0,0.7763,1.1777,0.2941,620.0
s9_offptsA_pts45-r0,3,20,all,565,38975.0,0.7603,1.0979,0.2248,2370.0
s9_offptsA_pts45-r0,3,20,london,228,23088.0,0.713,1.145,0.2325,930.0
s9_offptsA_pts45-r0,3,20,pre,218,7708.0,0.2279,1.0491,0.2156,2370.0
s9_offptsA_pts45-r0,3,20,nyam,119,8179.0,0.3885,1.0998,0.2269,900.0
s9_offptsA_pts45-r1,3,21,all,565,7855.0,0.3659,1.0313,0.5115,930.0
s9_offptsA_pts45-r1,3,21,london,228,7433.0,0.5445,1.0749,0.5219,930.0
s9_offptsA_pts45-r1,3,21,pre,218,-5122.0,-0.3837,0.9492,0.4908,910.0
s9_offptsA_pts45-r1,3,21,nyam,119,5544.0,0.5617,1.1089,0.5294,900.0
s9_offptsA_pts45-r2,3,22,all,565,12275.0,0.4045,1.0367,0.3487,930.0
s9_offptsA_pts45-r2,3,22,london,228,19068.0,0.9679,1.1455,0.3684,930.0
s9_offptsA_pts45-r2,3,22,pre,218,-10142.0,-0.5489,0.9241,0.3257,910.0
s9_offptsA_pts45-r2,3,22,nyam,119,3349.0,0.2412,1.0482,0.3529,900.0
s9_offptsA_pts45-r3,3,23,all,565,19990.0,0.5405,1.0538,0.2779,2370.0
s9_offptsA_pts45-r3,3,23,london,228,25943.0,1.0683,1.1771,0.2939,930.0
s9_offptsA_pts45-r3,3,23,pre,218,-6567.0,-0.2926,0.9553,0.2661,2370.0
s9_offptsA_pts45-r3,3,23,nyam,119,614.0,0.0369,1.0079,0.2689,900.0
s9_offptsA_pct0p1-r0,3,24,all,565,-40.0,-0.0013,0.9997,0.0726,830.0
s9_offptsA_pct0p1-r0,3,24,london,228,-11252.0,-0.6597,0.8131,0.0614,340.0
s9_offptsA_pct0p1-r0,3,24,pre,218,268.0,0.0121,1.0046,0.0642,830.0
s9_offptsA_pct0p1-r0,3,24,nyam,119,10944.0,0.776,1.3537,0.1092,340.0
s9_offptsA_pct0p1-r1,3,25,all,565,-335.0,-0.0502,0.9957,0.5115,345.0
s9_offptsA_pct0p1-r1,3,25,london,228,-312.0,-0.0745,0.9901,0.5132,335.0
s9_offptsA_pct0p1-r1,3,25,pre,218,-1422.0,-0.3428,0.9542,0.5,345.0
s9_offptsA_pct0p1-r1,3,25,nyam,119,1399.0,0.4437,1.0857,0.5294,340.0
s9_offptsA_pct0p1-r2,3,26,all,565,8515.0,0.8899,1.0826,0.3628,345.0
s9_offptsA_pct0p1-r2,3,26,london,228,3698.0,0.6176,1.0905,0.3684,340.0
s9_offptsA_pct0p1-r2,3,26,pre,218,-552.0,-0.094,0.9866,0.3394,345.0
s9_offptsA_pct0p1-r2,3,26,nyam,119,5369.0,1.1619,1.2543,0.395,340.0
s9_offptsA_pct0p1-r3,3,27,all,565,9295.0,0.7894,1.0792,0.2761,345.0
s9_offptsA_pct0p1-r3,3,27,london,228,-1347.0,-0.1878,0.9719,0.2588,340.0
s9_offptsA_pct0p1-r3,3,27,pre,218,1128.0,0.1561,1.0246,0.2661,345.0
s9_offptsA_pct0p1-r3,3,27,nyam,119,9514.0,1.6117,1.4054,0.3277,340.0
s9_offptsA_pct0p2-r0,3,28,all,565,8005.0,0.1965,1.0296,0.1469,910.0
s9_offptsA_pct0p2-r0,3,28,london,228,-16322.0,-0.6829,0.8532,0.1272,910.0
s9_offptsA_pct0p2-r0,3,28,pre,218,2718.0,0.0999,1.0259,0.1422,830.0
s9_offptsA_pct0p2-r0,3,28,nyam,119,21609.0,1.1563,1.3943,0.1933,685.0
s9_offptsA_pct0p2-r1,3,29,all,565,7330.0,0.5519,1.0479,0.5221,685.0
s9_offptsA_pct0p2-r1,3,29,london,228,-652.0,-0.0782,0.9896,0.5088,675.0
s9_offptsA_pct0p2-r1,3,29,pre,218,1558.0,0.1889,1.0262,0.5183,685.0
s9_offptsA_pct0p2-r1,3,29,nyam,119,6424.0,1.0257,1.2091,0.5546,685.0
s9_offptsA_pct0p2-r2,3,30,all,565,365.0,0.0194,1.0017,0.3434,910.0
s9_offptsA_pct0p2-r2,3,30,london,228,-4947.0,-0.4227,0.9422,0.3289,910.0
s9_offptsA_pct0p2-r2,3,30,pre,218,2628.0,0.2257,1.033,0.3532,685.0
s9_offptsA_pct0p2-r2,3,30,nyam,119,2684.0,0.2986,1.0602,0.3529,685.0
s9_offptsA_pct0p2-r3,3,31,all,565,4495.0,0.1954,1.0191,0.2637,910.0
s9_offptsA_pct0p2-r3,3,31,london,228,-12632.0,-0.9042,0.871,0.2325,910.0
s9_offptsA_pct0p2-r3,3,31,pre,218,8593.0,0.5926,1.097,0.2798,830.0
s9_offptsA_pct0p2-r3,3,31,nyam,119,8534.0,0.7663,1.1754,0.2941,685.0
s9_offptsB_atr1p5-r0,4,0,all,515,10625.0,0.2173,1.0289,0.2117,2585.0
s9_offptsB_atr1p5-r0,4,0,london,156,-31529.0,-1.2406,0.7516,0.1731,2540.0
s9_offptsB_atr1p5-r0,4,0,pre,189,-6106.0,-0.1917,0.9565,0.1852,2585.0
s9_offptsB_atr1p5-r0,4,0,nyam,170,48260.0,1.7998,1.4811,0.2765,1910.0
s9_offptsB_atr1p5-r1,4,1,all,515,25210.0,1.1393,1.1151,0.5262,2385.0
s9_offptsB_atr1p5-r1,4,1,london,156,14731.0,1.1451,1.218,0.5577,2045.0
s9_offptsB_atr1p5-r1,4,1,pre,189,-10646.0,-0.7677,0.8844,0.4603,2385.0
s9_offptsB_atr1p5-r1,4,1,nyam,170,21125.0,1.8502,1.3553,0.5706,1700.0
s9_offptsB_atr1p5-r2,4,2,all,515,-6300.0,-0.2019,0.9799,0.3417,2585.0
s9_offptsB_atr1p5-r2,4,2,london,156,-22864.0,-1.3399,0.7877,0.3077,2540.0
s9_offptsB_atr1p5-r2,4,2,pre,189,-7671.0,-0.3885,0.936,0.3228,2585.0
s9_offptsB_atr1p5-r2,4,2,nyam,170,24235.0,1.4254,1.2838,0.3941,1910.0
s9_offptsB_atr1p5-r3,4,3,all,515,26945.0,0.7064,1.0793,0.2835,2585.0
s9_offptsB_atr1p5-r3,4,3,london,156,-25149.0,-1.259,0.7867,0.2372,2540.0
s9_offptsB_atr1p5-r3,4,3,pre,189,12084.0,0.4962,1.0947,0.2751,2585.0
s9_offptsB_atr1p5-r3,4,3,nyam,170,40010.0,1.875,1.4245,0.3353,1910.0
s9_offptsB_atr3-r0,4,4,all,515,15220.0,0.2429,1.0272,0.3515,5080.0
s9_offptsB_atr3-r0,4,4,london,156,-30569.0,-0.842,0.8473,0.3141,5080.0
s9_offptsB_atr3-r0,4,4,pre,189,-2156.0,-0.0546,0.9897,0.328,4580.0
s9_offptsB_atr3-r0,4,4,nyam,170,47945.0,1.4804,1.3232,0.4118,3400.0
s9_offptsB_atr3-r1,4,5,all,515,-35595.0,-0.8281,0.9238,0.4854,5080.0
s9_offptsB_atr3-r1,4,5,london,156,-33864.0,-1.3587,0.7908,0.4679,5080.0
s9_offptsB_atr3-r1,4,5,pre,189,-14786.0,-0.5457,0.9166,0.4709,4580.0
s9_offptsB_atr3-r1,4,5,nyam,170,13055.0,0.5884,1.102,0.5176,3400.0
s9_offptsB_atr3-r2,4,6,all,515,16675.0,0.3054,1.0312,0.3883,5080.0
s9_offptsB_atr3-r2,4,6,london,156,-36454.0,-1.1934,0.8074,0.359,5080.0
s9_offptsB_atr3-r2,4,6,pre,189,21389.0,0.6081,1.1084,0.3862,4580.0
s9_offptsB_atr3-r2,4,6,nyam,170,31740.0,1.1175,1.2154,0.4176,3400.0
s9_offptsB_atr3-r3,4,7,all,515,1930.0,0.0328,1.0035,0.3592,5080.0
s9_offptsB_atr3-r3,4,7,london,156,-39694.0,-1.2049,0.799,0.3269,5080.0
s9_offptsB_atr3-r3,4,7,pre,189,3289.0,0.0869,1.0158,0.3386,4580.0
s9_offptsB_atr3-r3,4,7,nyam,170,38335.0,1.2561,1.2584,0.4118,3400.0
s9_offptsB_pts10-r0,4,8,all,515,-9875.0,-0.438,0.9037,0.0602,1030.0
s9_offptsB_pts10-r0,4,8,london,156,8911.0,0.5204,1.2885,0.0577,235.0
s9_offptsB_pts10-r0,4,8,pre,189,-26891.0,-4.4314,0.3187,0.0317,1030.0
s9_offptsB_pts10-r0,4,8,nyam,170,8105.0,0.6112,1.2514,0.0941,205.0
s9_offptsB_pts10-r1,4,9,all,515,-12100.0,-2.6273,0.7933,0.4602,290.0
s9_offptsB_pts10-r1,4,9,london,156,131.0,0.0515,1.0083,0.5192,235.0
s9_offptsB_pts10-r1,4,9,pre,189,-9476.0,-3.4399,0.608,0.3968,290.0
s9_offptsB_pts10-r1,4,9,nyam,170,-2755.0,-1.0407,0.8521,0.4765,205.0
s9_offptsB_pts10-r2,4,10,all,515,-7730.0,-1.2002,0.8948,0.3223,290.0
s9_offptsB_pts10-r2,4,10,london,156,3591.0,0.9719,1.178,0.3846,235.0
s9_offptsB_pts10-r2,4,10,pre,189,-10236.0,-2.7867,0.6547,0.2593,290.0
s9_offptsB_pts10-r2,4,10,nyam,170,-1085.0,-0.2903,0.9541,0.3353,205.0
s9_offptsB_pts10-r3,4,11,all,515,485.0,0.0602,1.0061,0.2621,290.0
s9_offptsB_pts10-r3,4,11,london,156,5916.0,1.269,1.2607,0.3077,235.0
s9_offptsB_pts10-r3,4,11,pre,189,-9306.0,-2.0849,0.7088,0.2011,290.0
s9_offptsB_pts10-r3,4,11,nyam,170,3875.0,0.8124,1.153,0.2882,205.0
s9_offptsB_pts20-r0,4,12,all,515,27120.0,0.7533,1.1455,0.1204,1030.0
s9_offptsB_pts20-r0,4,12,london,156,20281.0,0.9315,1.3605,0.1218,435.0
s9_offptsB_pts20-r0,4,12,pre,189,-14351.0,-0.6539,0.8008,0.0794,1030.0
s9_offptsB_pts20-r0,4,12,nyam,170,21190.0,1.1481,1.3645,0.1647,420.0
s9_offptsB_pts20-r1,4,13,all,515,-120.0,-0.0131,0.9988,0.5087,530.0
s9_offptsB_pts20-r1,4,13,london,156,12546.0,2.5423,1.5004,0.609,435.0
s9_offptsB_pts20-r1,4,13,pre,189,-14746.0,-2.6914,0.6769,0.4127,530.0
s9_offptsB_pts20-r1,4,13,nyam,170,2080.0,0.3954,1.0627,0.5235,420.0
s9_offptsB_pts20-r2,4,14,all,515,-7475.0,-0.5809,0.9474,0.3282,530.0
s9_offptsB_pts20-r2,4,14,london,156,4686.0,0.6434,1.1152,0.3654,435.0
s9_offptsB_pts20-r2,4,14,pre,189,-13686.0,-1.8312,0.7551,0.2804,530.0
s9_offptsB_pts20-r2,4,14,nyam,170,1525.0,0.2032,1.0336,0.3471,420.0
s9_offptsB_pts20-r3,4,15,all,515,8130.0,0.5033,1.0522,0.266,1030.0
s9_offptsB_pts20-r3,4,15,london,156,8226.0,0.9018,1.1804,0.2885,435.0
s9_offptsB_pts20-r3,4,15,pre,189,-5956.0,-0.6282,0.9004,0.2381,1030.0
s9_offptsB_pts20-r3,4,15,nyam,170,5860.0,0.6241,1.1164,0.2765,420.0
s9_offptsB_pts30-r0,4,16,all,515,38740.0,0.9382,1.1499,0.1786,1115.0
s9_offptsB_pts30-r0,4,16,london,156,5176.0,0.2225,1.0631,0.1474,1115.0
s9_offptsB_pts30-r0,4,16,pre,189,-17376.0,-0.712,0.8263,0.1323,1030.0
s9_offptsB_pts30-r0,4,16,nyam,170,50940.0,2.1504,1.6657,0.2588,615.0
s9_offptsB_pts30-r1,4,17,all,515,23025.0,1.6832,1.1601,0.5437,1115.0
s9_offptsB_pts30-r1,4,17,london,156,12871.0,1.7091,1.3157,0.5769,1115.0
s9_offptsB_pts30-r1,4,17,pre,189,-8011.0,-0.965,0.8688,0.4709,655.0
s9_offptsB_pts30-r1,4,17,nyam,170,18165.0,2.3472,1.4322,0.5941,605.0
s9_offptsB_pts30-r2,4,18,all,515,35050.0,1.7647,1.1788,0.3786,1115.0
s9_offptsB_pts30-r2,4,18,london,156,16316.0,1.4675,1.2821,0.3974,1115.0
s9_offptsB_pts30-r2,4,18,pre,189,-1056.0,-0.0898,0.9862,0.3386,1030.0
s9_offptsB_pts30-r2,4,18,nyam,170,19790.0,1.7187,1.3217,0.4059,605.0
s9_offptsB_pts30-r3,4,19,all,515,30220.0,1.2413,1.1339,0.2854,1115.0
s9_offptsB_pts30-r3,4,19,london,156,9841.0,0.7223,1.1422,0.2821,1115.0
s9_offptsB_pts30-r3,4,19,pre,189,-4141.0,-0.2906,0.9524,0.2487,1030.0
s9_offptsB_pts30-r3,4,19,nyam,170,24520.0,1.7171,1.3531,0.3294,605.0
s9_offptsB_pts45-r0,4,20,all,515,17250.0,0.3625,1.0478,0.2291,2570.0
s9_offptsB_pts45-r0,4,20,london,156,1111.0,0.0413,1.0098,0.1987,1115.0
s9_offptsB_pts45-r0,4,20,pre,189,-20631.0,-0.7001,0.8539,0.1905,2570.0
s9_offptsB_pts45-r0,4,20,nyam,170,36770.0,1.4191,1.3444,0.3,935.0
s9_offptsB_pts45-r1,4,21,all,515,17240.0,0.8391,1.0769,0.5243,1905.0
s9_offptsB_pts45-r1,4,21,london,156,13136.0,1.1649,1.2055,0.5513,1115.0
s9_offptsB_pts45-r1,4,21,pre,189,-15826.0,-1.2648,0.8312,0.4603,1905.0
s9_offptsB_pts45-r1,4,21,nyam,170,19930.0,1.7098,1.3003,0.5706,905.0
s9_offptsB_pts45-r2,4,22,all,515,8150.0,0.2802,1.0266,0.3515,2570.0
s9_offptsB_pts45-r2,4,22,london,156,6591.0,0.4064,1.0715,0.3526,1115.0
s9_offptsB_pts45-r2,4,22,pre,189,-17721.0,-1.0219,0.8536,0.3122,2570.0
s9_offptsB_pts45-r2,4,22,nyam,170,19280.0,1.1485,1.2059,0.3941,905.0
s9_offptsB_pts45-r3,4,23,all,515,-2910.0,-0.0846,0.9914,0.2777,2570.0
s9_offptsB_pts45-r3,4,23,london,156,4901.0,0.2524,1.0479,0.2756,1115.0
s9_offptsB_pts45-r3,4,23,pre,189,-22346.0,-1.0932,0.8329,0.2381,2570.0
s9_offptsB_pts45-r3,4,23,nyam,170,14535.0,0.7366,1.1409,0.3235,935.0
s9_offptsB_pct0p1-r0,4,24,all,515,13335.0,0.4239,1.0989,0.0854,1030.0
s9_offptsB_pct0p1-r0,4,24,london,156,16236.0,0.8544,1.4133,0.0897,345.0
s9_offptsB_pct0p1-r0,4,24,pre,189,-8706.0,-0.4296,0.8322,0.0582,1030.0
s9_offptsB_pct0p1-r0,4,24,nyam,170,5805.0,0.3915,1.1328,0.1118,340.0
s9_offptsB_pct0p1-r1,4,25,all,515,-13285.0,-2.0917,0.8305,0.4699,380.0
s9_offptsB_pct0p1-r1,4,25,london,156,2746.0,0.8086,1.1397,0.5449,320.0
s9_offptsB_pct0p1-r1,4,25,pre,189,-12391.0,-3.2618,0.6215,0.4074,380.0
s9_offptsB_pct0p1-r1,4,25,nyam,170,-3640.0,-0.9752,0.8599,0.4706,340.0
s9_offptsB_pct0p1-r2,4,26,all,515,-4810.0,-0.5384,0.951,0.3359,380.0
s9_offptsB_pct0p1-r2,4,26,london,156,5126.0,1.0333,1.1922,0.3846,345.0
s9_offptsB_pct0p1-r2,4,26,pre,189,-14716.0,-2.9503,0.6379,0.2593,380.0
s9_offptsB_pct0p1-r2,4,26,nyam,170,4780.0,0.884,1.155,0.3765,340.0
s9_offptsB_pct0p1-r3,4,27,all,515,-7350.0,-0.678,0.9337,0.2485,380.0
s9_offptsB_pct0p1-r3,4,27,london,156,6661.0,1.0766,1.219,0.3013,345.0
s9_offptsB_pct0p1-r3,4,27,pre,189,-11431.0,-1.8621,0.735,0.2116,380.0
s9_offptsB_pct0p1-r3,4,27,nyam,170,-2580.0,-0.4024,0.9309,0.2412,340.0
s9_offptsB_pct0p2-r0,4,28,all,515,43205.0,1.0671,1.1806,0.167,1030.0
s9_offptsB_pct0p2-r0,4,28,london,156,11201.0,0.491,1.1536,0.141,660.0
s9_offptsB_pct0p2-r0,4,28,pre,189,-10046.0,-0.4141,0.8916,0.1323,1030.0
s9_offptsB_pct0p2-r0,4,28,nyam,170,42050.0,1.8286,1.5709,0.2294,675.0
s9_offptsB_pct0p2-r1,4,29,all,515,18185.0,1.4435,1.1368,0.5417,680.0
s9_offptsB_pct0p2-r1,4,29,london,156,11226.0,1.6733,1.3098,0.5705,635.0
s9_offptsB_pct0p2-r1,4,29,pre,189,-10346.0,-1.3517,0.82,0.4709,680.0
s9_offptsB_pct0p2-r1,4,29,nyam,170,17305.0,2.3721,1.4414,0.5941,660.0
s9_offptsB_pct0p2-r2,4,30,all,515,28325.0,1.5582,1.1572,0.3767,680.0
s9_offptsB_pct0p2-r2,4,30,london,156,10706.0,1.0839,1.2037,0.3782,660.0
s9_offptsB_pct0p2-r2,4,30,pre,189,314.0,0.0292,1.0045,0.3545,680.0
s9_offptsB_pct0p2-r2,4,30,nyam,170,17305.0,1.5948,1.2983,0.4,675.0
s9_offptsB_pct0p2-r3,4,31,all,515,42505.0,1.875,1.2102,0.299,1030.0
s9_offptsB_pct0p2-r3,4,31,london,156,19151.0,1.5237,1.3275,0.3077,660.0
s9_offptsB_pct0p2-r3,4,31,pre,189,1764.0,0.1327,1.0225,0.2698,1030.0
s9_offptsB_pct0p2-r3,4,31,nyam,170,21590.0,1.6106,1.3312,0.3235,675.0
s10_offatr0p25_atr1p5-r0,0,0,all,568,1318.0,0.0272,1.0034,0.2077,2600.0
s10_offatr0p25_atr1p5-r0,0,0,london,273,-25277.0,-0.8115,0.8639,0.1868,2545.0
s10_offatr0p25_atr1p5-r0,0,0,pre,202,-14723.0,-0.5107,0.9012,0.1881,2600.0
s10_offatr0p25_atr1p5-r0,0,0,nyam,93,41318.0,1.7935,1.7674,0.3118,2105.0
s10_offatr0p25_atr1p5-r1,0,1,all,568,-19607.0,-0.8723,0.9231,0.4842,2600.0
s10_offatr0p25_atr1p5-r1,0,1,london,273,-3402.0,-0.2286,0.9701,0.4945,2510.0
s10_offatr0p25_atr1p5-r1,0,1,pre,202,-27743.0,-1.9879,0.7373,0.4307,2600.0
s10_offatr0p25_atr1p5-r1,0,1,nyam,93,11538.0,1.242,1.3238,0.5699,2105.0
s10_offatr0p25_atr1p5-r2,0,2,all,568,-6797.0,-0.2155,0.9794,0.3363,2600.0
s10_offatr0p25_atr1p5-r2,0,2,london,273,-16752.0,-0.8223,0.8923,0.326,2545.0
s10_offatr0p25_atr1p5-r2,0,2,pre,202,-17753.0,-0.9192,0.8619,0.302,2600.0
s10_offatr0p25_atr1p5-r2,0,2,nyam,93,27708.0,1.9615,1.6087,0.4409,2105.0
s10_offatr0p25_atr1p5-r3,0,3,all,568,-11062.0,-0.2956,0.9698,0.2606,2600.0
s10_offatr0p25_atr1p5-r3,0,3,london,273,-21922.0,-0.9306,0.8732,0.2527,2545.0
s10_offatr0p25_atr1p5-r3,0,3,pre,202,-14863.0,-0.6459,0.894,0.2376,2600.0
s10_offatr0p25_atr1p5-r3,0,3,nyam,93,25723.0,1.4577,1.4887,0.3333,2105.0
s10_offatr0p25_atr3-r0,0,4,all,568,-67557.0,-1.1309,0.8882,0.3363,5080.0
s10_offatr0p25_atr3-r0,0,4,london,273,-50277.0,-1.2312,0.8315,0.3077,5080.0
s10_offatr0p25_atr3-r0,0,4,pre,202,-54288.0,-1.5476,0.7633,0.3317,4150.0
s10_offatr0p25_atr3-r0,0,4,nyam,93,37008.0,1.4485,1.4824,0.4301,3180.0
s10_offatr0p25_atr3-r1,0,5,all,568,-35907.0,-0.8286,0.9265,0.4824,5080.0
s10_offatr0p25_atr3-r1,0,5,london,273,-20582.0,-0.7027,0.9109,0.4835,5080.0
s10_offatr0p25_atr3-r1,0,5,pre,202,-45053.0,-1.697,0.77,0.4455,4150.0
s10_offatr0p25_atr3-r1,0,5,nyam,93,29728.0,1.7087,1.4811,0.5591,3180.0
s10_offatr0p25_atr3-r2,0,6,all,568,-70682.0,-1.3179,0.8795,0.3609,5080.0
s10_offatr0p25_atr3-r2,0,6,london,273,-55162.0,-1.5492,0.8093,0.337,5080.0
s10_offatr0p25_atr3-r2,0,6,pre,202,-52583.0,-1.6508,0.763,0.3564,4150.0
s10_offatr0p25_atr3-r2,0,6,nyam,93,37063.0,1.5473,1.4911,0.4409,3180.0
s10_offatr0p25_atr3-r3,0,7,all,568,-60102.0,-1.0376,0.8996,0.3468,5080.0
s10_offatr0p25_atr3-r3,0,7,london,273,-39482.0,-1.0016,0.8653,0.326,5080.0
s10_offatr0p25_atr3-r3,0,7,pre,202,-56973.0,-1.6782,0.7512,0.3366,4150.0
s10_offatr0p25_atr3-r3,0,7,nyam,93,36353.0,1.4464,1.4739,0.4301,3180.0
s10_offatr0p25_pts10-r0,0,8,all,568,-4952.0,-0.2224,0.9558,0.0581,225.0
s10_offatr0p25_pts10-r0,0,8,london,273,7963.0,0.4636,1.149,0.0659,225.0
s10_offatr0p25_pts10-r0,0,8,pre,202,-21273.0,-2.3136,0.4821,0.0297,215.0
s10_offatr0p25_pts10-r0,0,8,nyam,93,8358.0,0.7794,1.4749,0.0968,215.0
s10_offatr0p25_pts10-r1,0,9,all,568,-4682.0,-0.9678,0.9219,0.4965,215.0
s10_offatr0p25_pts10-r1,0,9,london,273,-4492.0,-1.3396,0.8501,0.4762,210.0
s10_offatr0p25_pts10-r1,0,9,pre,202,-963.0,-0.3333,0.954,0.505,210.0
s10_offatr0p25_pts10-r1,0,9,nyam,93,773.0,0.3939,1.0856,0.5376,215.0
s10_offatr0p25_pts10-r2,0,10,all,568,-3967.0,-0.5821,0.9499,0.3345,215.0
s10_offatr0p25_pts10-r2,0,10,london,273,-3307.0,-0.7039,0.9142,0.326,210.0
s10_offatr0p25_pts10-r2,0,10,pre,202,-1748.0,-0.4304,0.9382,0.3317,210.0
s10_offatr0p25_pts10-r2,0,10,nyam,93,1088.0,0.3846,1.0879,0.3656,215.0
s10_offatr0p25_pts10-r3,0,11,all,568,163.0,0.0193,1.0019,0.2606,220.0
s10_offatr0p25_pts10-r3,0,11,london,273,-2437.0,-0.4226,0.9433,0.2491,220.0
s10_offatr0p25_pts10-r3,0,11,pre,202,-458.0,-0.0913,0.9854,0.2574,215.0
s10_offatr0p25_pts10-r3,0,11,nyam,93,3058.0,0.8533,1.2244,0.3011,215.0
s10_offatr0p25_pts20-r0,0,12,all,568,-17457.0,-0.5883,0.9157,0.1144,1090.0
s10_offatr0p25_pts20-r0,0,12,london,273,-622.0,-0.0292,0.9937,0.1282,1090.0
s10_offatr0p25_pts20-r0,0,12,pre,202,-33213.0,-2.4468,0.5637,0.0792,410.0
s10_offatr0p25_pts20-r0,0,12,nyam,93,16378.0,1.0598,1.5124,0.1505,405.0
s10_offatr0p25_pts20-r1,0,13,all,568,-1372.0,-0.1428,0.9881,0.5053,420.0
s10_offatr0p25_pts20-r1,0,13,london,273,6628.0,0.9973,1.1285,0.5385,420.0
s10_offatr0p25_pts20-r1,0,13,pre,202,-8588.0,-1.503,0.8092,0.4554,410.0
s10_offatr0p25_pts20-r1,0,13,nyam,93,588.0,0.1507,1.0319,0.5161,405.0
s10_offatr0p25_pts20-r2,0,14,all,568,-7602.0,-0.5617,0.9514,0.3292,865.0
s10_offatr0p25_pts20-r2,0,14,london,273,7068.0,0.7342,1.0985,0.3626,865.0
s10_offatr0p25_pts20-r2,0,14,pre,202,-18793.0,-2.4876,0.6918,0.2624,410.0
s10_offatr0p25_pts20-r2,0,14,nyam,93,4123.0,0.7282,1.1737,0.3763,405.0
s10_offatr0p25_pts20-r3,0,15,all,568,-1012.0,-0.0607,0.9942,0.2553,865.0
s10_offatr0p25_pts20-r3,0,15,london,273,13773.0,1.1457,1.1723,0.2894,865.0
s10_offatr0p25_pts20-r3,0,15,pre,202,-18463.0,-2.0256,0.7215,0.198,410.0
s10_offatr0p25_pts20-r3,0,15,nyam,93,3678.0,0.5266,1.1341,0.2796,405.0
s10_offatr0p25_pts30-r0,0,16,all,568,643.0,0.0163,1.0022,0.1655,1690.0
s10_offatr0p25_pts30-r0,0,16,london,273,-7432.0,-0.2747,0.9475,0.1612,1690.0
s10_offatr0p25_pts30-r0,0,16,pre,202,-22093.0,-1.0472,0.7923,0.1337,610.0
s10_offatr0p25_pts30-r0,0,16,nyam,93,30168.0,1.5779,1.7173,0.2473,600.0
s10_offatr0p25_pts30-r1,0,17,all,568,-10977.0,-0.759,0.9381,0.4912,1690.0
s10_offatr0p25_pts30-r1,0,17,london,273,-4817.0,-0.4767,0.9435,0.4945,1690.0
s10_offatr0p25_pts30-r1,0,17,pre,202,-13388.0,-1.567,0.802,0.4505,610.0
s10_offatr0p25_pts30-r1,0,17,nyam,93,7228.0,1.2496,1.2967,0.5699,600.0
s10_offatr0p25_pts30-r2,0,18,all,568,-2577.0,-0.1265,0.9888,0.338,1690.0
s10_offatr0p25_pts30-r2,0,18,london,273,6518.0,0.4538,1.06,0.3553,1690.0
s10_offatr0p25_pts30-r2,0,18,pre,202,-17438.0,-1.5011,0.7992,0.2921,610.0
s10_offatr0p25_pts30-r2,0,18,nyam,93,8343.0,0.9787,1.2403,0.3871,600.0
s10_offatr0p25_pts30-r3,0,19,all,568,14613.0,0.5785,1.0575,0.2694,1690.0
s10_offatr0p25_pts30-r3,0,19,london,273,15203.0,0.8502,1.1255,0.2821,1690.0
s10_offatr0p25_pts30-r3,0,19,pre,202,-14518.0,-1.0241,0.8468,0.2277,610.0
s10_offatr0p25_pts30-r3,0,19,nyam,93,13928.0,1.2925,1.363,0.3226,600.0
s10_offatr0p25_pts45-r0,0,20,all,568,-2477.0,-0.0524,0.9938,0.2289,1690.0
s10_offatr0p25_pts45-r0,0,20,london,273,-12762.0,-0.3923,0.9345,0.2161,1690.0
s10_offatr0p25_pts45-r0,0,20,pre,202,-20893.0,-0.8132,0.8547,0.2129,920.0
s10_offatr0p25_pts45-r0,0,20,nyam,93,31178.0,1.3763,1.5356,0.3011,900.0
s10_offatr0p25_pts45-r1,0,21,all,568,-15772.0,-0.7321,0.9403,0.4894,1690.0
s10_offatr0p25_pts45-r1,0,21,london,273,3638.0,0.2423,1.0299,0.5128,1690.0
s10_offatr0p25_pts45-r1,0,21,pre,202,-23318.0,-1.8347,0.7719,0.4406,920.0
s10_offatr0p25_pts45-r1,0,21,nyam,93,3908.0,0.4472,1.0977,0.5269,900.0
s10_offatr0p25_pts45-r2,0,22,all,568,2073.0,0.0686,1.0062,0.3468,1690.0
s10_offatr0p25_pts45-r2,0,22,london,273,1093.0,0.0519,1.0067,0.3443,1690.0
s10_offatr0p25_pts45-r2,0,22,pre,202,-11388.0,-0.6457,0.9074,0.3267,920.0
s10_offatr0p25_pts45-r2,0,22,nyam,93,12368.0,0.9799,1.243,0.3978,900.0
s10_offatr0p25_pts45-r3,0,23,all,568,-28537.0,-0.8094,0.9243,0.2676,1690.0
s10_offatr0p25_pts45-r3,0,23,london,273,-14007.0,-0.5717,0.9231,0.2674,1690.0
s10_offatr0p25_pts45-r3,0,23,pre,202,-23253.0,-1.1361,0.831,0.2475,920.0
s10_offatr0p25_pts45-r3,0,23,nyam,93,8723.0,0.5809,1.1522,0.3118,900.0
s10_offatr0p25_pct0p1-r0,0,24,all,568,-32152.0,-1.3584,0.7875,0.0669,345.0
s10_offatr0p25_pct0p1-r0,0,24,london,273,-7517.0,-0.4261,0.8956,0.0733,345.0
s10_offatr0p25_pct0p1-r0,0,24,pre,202,-29718.0,-2.7076,0.4646,0.0396,345.0
s10_offatr0p25_pct0p1-r0,0,24,nyam,93,5083.0,0.4499,1.2132,0.1075,340.0
s10_offatr0p25_pct0p1-r1,0,25,all,568,-5912.0,-0.8818,0.9281,0.493,345.0
s10_offatr0p25_pct0p1-r1,0,25,london,273,-897.0,-0.1936,0.9766,0.5055,345.0
s10_offatr0p25_pct0p1-r1,0,25,pre,202,-5073.0,-1.2651,0.8356,0.4703,345.0
s10_offatr0p25_pct0p1-r1,0,25,nyam,93,58.0,0.0212,1.0045,0.5054,325.0
s10_offatr0p25_pct0p1-r2,0,26,all,568,-11797.0,-1.2665,0.8935,0.3204,345.0
s10_offatr0p25_pct0p1-r2,0,26,london,273,-3647.0,-0.5626,0.9303,0.3297,345.0
s10_offatr0p25_pct0p1-r2,0,26,pre,202,-8698.0,-1.5995,0.7883,0.297,345.0
s10_offatr0p25_pct0p1-r2,0,26,nyam,93,548.0,0.1401,1.0316,0.3441,340.0
s10_offatr0p25_pct0p1-r3,0,27,all,568,-8177.0,-0.7167,0.9333,0.2482,345.0
s10_offatr0p25_pct0p1-r3,0,27,london,273,5028.0,0.6145,1.0891,0.2784,345.0
s10_offatr0p25_pct0p1-r3,0,27,pre,202,-12228.0,-1.9126,0.7352,0.2079,345.0
s10_offatr0p25_pct0p1-r3,0,27,nyam,93,-977.0,-0.2079,0.9512,0.2473,340.0
s10_offatr0p25_pct0p2-r0,0,28,all,568,-2037.0,-0.055,0.9924,0.1567,1090.0
s10_offatr0p25_pct0p2-r0,0,28,london,273,15153.0,0.5388,1.1179,0.1648,1090.0
s10_offatr0p25_pct0p2-r0,0,28,pre,202,-34758.0,-2.0193,0.6526,0.1188,685.0
s10_offatr0p25_pct0p2-r0,0,28,nyam,93,17568.0,1.0555,1.436,0.2151,675.0
s10_offatr0p25_pct0p2-r1,0,29,all,568,-3727.0,-0.2793,0.9766,0.5018,685.0
s10_offatr0p25_pct0p2-r1,0,29,london,273,393.0,0.0426,1.0052,0.5055,685.0
s10_offatr0p25_pct0p2-r1,0,29,pre,202,-11703.0,-1.4694,0.8118,0.4653,685.0
s10_offatr0p25_pct0p2-r1,0,29,nyam,93,7583.0,1.4116,1.3438,0.5699,675.0
s10_offatr0p25_pct0p2-r2,0,30,all,568,2263.0,0.1197,1.0108,0.3415,865.0
s10_offatr0p25_pct0p2-r2,0,30,london,273,17638.0,1.3176,1.1854,0.3773,865.0
s10_offatr0p25_pct0p2-r2,0,30,pre,202,-16393.0,-1.5146,0.7965,0.2921,685.0
s10_offatr0p25_pct0p2-r2,0,30,nyam,93,1018.0,0.1318,1.0299,0.3441,675.0
s10_offatr0p25_pct0p2-r3,0,31,all,568,-4022.0,-0.1757,0.983,0.2553,865.0
s10_offatr0p25_pct0p2-r3,0,31,london,273,14573.0,0.8866,1.1321,0.2821,865.0
s10_offatr0p25_pct0p2-r3,0,31,pre,202,-22133.0,-1.7488,0.7526,0.2129,685.0
s10_offatr0p25_pct0p2-r3,0,31,nyam,93,3538.0,0.369,1.0947,0.2688,675.0
s10_offatr0p5_atr1p5-r0,1,0,all,563,-5377.0,-0.111,0.9862,0.1954,2595.0
s10_offatr0p5_atr1p5-r0,1,0,london,234,4804.0,0.1495,1.0309,0.1838,2540.0
s10_offatr0p5_atr1p5-r0,1,0,pre,205,-50015.0,-1.949,0.6811,0.1561,1970.0
s10_offatr0p5_atr1p5-r0,1,0,nyam,124,39834.0,1.574,1.5207,0.2823,2595.0
s10_offatr0p5_atr1p5-r1,1,1,all,563,-36102.0,-1.6207,0.8613,0.4689,2595.0
s10_offatr0p5_atr1p5-r1,1,1,london,234,3599.0,0.2633,1.0387,0.5171,2505.0
s10_offatr0p5_atr1p5-r1,1,1,pre,205,-39890.0,-2.9405,0.642,0.3951,1970.0
s10_offatr0p5_atr1p5-r1,1,1,nyam,124,189.0,0.0171,1.0034,0.5,2595.0
s10_offatr0p5_atr1p5-r2,1,2,all,563,-31062.0,-1.0081,0.907,0.3197,2595.0
s10_offatr0p5_atr1p5-r2,1,2,london,234,3574.0,0.1855,1.0284,0.3504,2540.0
s10_offatr0p5_atr1p5-r2,1,2,pre,205,-56160.0,-3.2479,0.6017,0.2488,1970.0
s10_offatr0p5_atr1p5-r2,1,2,nyam,124,21524.0,1.3218,1.32,0.379,2595.0
s10_offatr0p5_atr1p5-r3,1,3,all,563,-23957.0,-0.653,0.9344,0.2558,2595.0
s10_offatr0p5_atr1p5-r3,1,3,london,234,12539.0,0.5496,1.0908,0.2949,2540.0
s10_offatr0p5_atr1p5-r3,1,3,pre,205,-58980.0,-2.9134,0.6104,0.1902,1970.0
s10_offatr0p5_atr1p5-r3,1,3,nyam,124,22484.0,1.1243,1.2964,0.2903,2595.0
s10_offatr0p5_atr3-r0,1,4,all,563,-28722.0,-0.465,0.9518,0.3446,5075.0
s10_offatr0p5_atr3-r0,1,4,london,234,-16751.0,-0.4142,0.9337,0.3291,5075.0
s10_offatr0p5_atr3-r0,1,4,pre,205,-46225.0,-1.2761,0.8039,0.3268,3940.0
s10_offatr0p5_atr3-r0,1,4,nyam,124,34254.0,1.1673,1.3168,0.4032,4580.0
s10_offatr0p5_atr3-r1,1,5,all,563,-27567.0,-0.6397,0.9426,0.4938,5075.0
s10_offatr0p5_atr3-r1,1,5,london,234,-10121.0,-0.3733,0.9475,0.5085,5075.0
s10_offatr0p5_atr3-r1,1,5,pre,205,-46280.0,-1.7454,0.7668,0.4585,3940.0
s10_offatr0p5_atr3-r1,1,5,nyam,124,28834.0,1.4246,1.3257,0.5242,4580.0
s10_offatr0p5_atr3-r2,1,6,all,563,-53992.0,-0.9921,0.907,0.3677,5075.0
s10_offatr0p5_atr3-r2,1,6,london,234,-38851.0,-1.1618,0.841,0.3632,5075.0
s10_offatr0p5_atr3-r2,1,6,pre,205,-48575.0,-1.4825,0.7871,0.3512,3940.0
s10_offatr0p5_atr3-r2,1,6,nyam,124,33434.0,1.2134,1.3092,0.4032,4580.0
s10_offatr0p5_atr3-r3,1,7,all,563,-37727.0,-0.6395,0.9364,0.3499,5075.0
s10_offatr0p5_atr3-r3,1,7,london,234,-18336.0,-0.4864,0.9264,0.3419,5075.0
s10_offatr0p5_atr3-r3,1,7,pre,205,-51225.0,-1.4582,0.7827,0.3268,3940.0
s10_offatr0p5_atr3-r3,1,7,nyam,124,31834.0,1.1128,1.2944,0.4032,4580.0
s10_offatr0p5_pts10-r0,1,8,all,563,-32912.0,-1.7278,0.7084,0.0444,295.0
s10_offatr0p5_pts10-r0,1,8,london,234,-20256.0,-1.7321,0.573,0.0299,225.0
s10_offatr0p5_pts10-r0,1,8,pre,205,-18115.0,-1.8912,0.5619,0.0439,295.0
s10_offatr0p5_pts10-r0,1,8,nyam,124,5459.0,0.4713,1.2267,0.0726,210.0
s10_offatr0p5_pts10-r1,1,9,all,563,-12757.0,-2.6521,0.7998,0.4618,255.0
s10_offatr0p5_pts10-r1,1,9,london,234,-3681.0,-1.184,0.8563,0.4786,225.0
s10_offatr0p5_pts10-r1,1,9,pre,205,-7425.0,-2.568,0.6991,0.4293,255.0
s10_offatr0p5_pts10-r1,1,9,nyam,124,-1651.0,-0.7286,0.8769,0.4839,210.0
s10_offatr0p5_pts10-r2,1,10,all,563,-17697.0,-2.6959,0.7879,0.2948,255.0
s10_offatr0p5_pts10-r2,1,10,london,234,-4296.0,-0.9944,0.8721,0.3162,225.0
s10_offatr0p5_pts10-r2,1,10,pre,205,-10435.0,-2.7199,0.6721,0.2634,255.0
s10_offatr0p5_pts10-r2,1,10,nyam,124,-2966.0,-0.9504,0.8354,0.3065,210.0
s10_offatr0p5_pts10-r3,1,11,all,563,-24042.0,-3.0942,0.7436,0.2078,295.0
s10_offatr0p5_pts10-r3,1,11,london,234,-7206.0,-1.403,0.8114,0.2222,225.0
s10_offatr0p5_pts10-r3,1,11,pre,205,-14225.0,-3.226,0.6013,0.1756,295.0
s10_offatr0p5_pts10-r3,1,11,nyam,124,-2611.0,-0.685,0.8688,0.2339,210.0
s10_offatr0p5_pts20-r0,1,12,all,563,-30972.0,-1.0248,0.8515,0.0977,1205.0
s10_offatr0p5_pts20-r0,1,12,london,234,-3536.0,-0.1615,0.9593,0.0983,1205.0
s10_offatr0p5_pts20-r0,1,12,pre,205,-36560.0,-2.701,0.5328,0.0683,430.0
s10_offatr0p5_pts20-r0,1,12,nyam,124,9124.0,0.579,1.2101,0.1452,415.0
s10_offatr0p5_pts20-r1,1,13,all,563,-12357.0,-1.2923,0.8967,0.4813,430.0
s10_offatr0p5_pts20-r1,1,13,london,234,4809.0,0.7803,1.1076,0.5342,430.0
s10_offatr0p5_pts20-r1,1,13,pre,205,-11490.0,-2.0018,0.7562,0.439,430.0
s10_offatr0p5_pts20-r1,1,13,nyam,124,-5676.0,-1.2663,0.7962,0.4516,410.0
s10_offatr0p5_pts20-r2,1,14,all,563,-22147.0,-1.6762,0.8615,0.3073,430.0
s10_offatr0p5_pts20-r2,1,14,london,234,6554.0,0.7371,1.1073,0.3632,430.0
s10_offatr0p5_pts20-r2,1,14,pre,205,-21315.0,-2.8304,0.6601,0.2537,430.0
s10_offatr0p5_pts20-r2,1,14,nyam,124,-7386.0,-1.2072,0.7951,0.2903,410.0
s10_offatr0p5_pts20-r3,1,15,all,563,-3427.0,-0.2074,0.9801,0.2522,430.0
s10_offatr0p5_pts20-r3,1,15,london,234,12544.0,1.1274,1.1843,0.2906,430.0
s10_offatr0p5_pts20-r3,1,15,pre,205,-14960.0,-1.5943,0.7747,0.2098,430.0
s10_offatr0p5_pts20-r3,1,15,nyam,124,-1011.0,-0.1301,0.9735,0.25,410.0
s10_offatr0p5_pts30-r0,1,16,all,563,-9047.0,-0.2353,0.9688,0.1599,1785.0
s10_offatr0p5_pts30-r0,1,16,london,234,14619.0,0.523,1.1209,0.1667,1785.0
s10_offatr0p5_pts30-r0,1,16,pre,205,-42435.0,-2.3832,0.6154,0.1171,630.0
s10_offatr0p5_pts30-r0,1,16,nyam,124,18769.0,0.9721,1.3202,0.2177,610.0
s10_offatr0p5_pts30-r1,1,17,all,563,-32592.0,-2.2651,0.8257,0.46,1785.0
s10_offatr0p5_pts30-r1,1,17,london,234,2769.0,0.2936,1.0396,0.5214,1785.0
s10_offatr0p5_pts30-r1,1,17,pre,205,-27315.0,-3.2289,0.6386,0.3951,630.0
s10_offatr0p5_pts30-r1,1,17,nyam,124,-8046.0,-1.1999,0.8058,0.4516,610.0
s10_offatr0p5_pts30-r2,1,18,all,563,-3752.0,-0.1849,0.9836,0.3375,1785.0
s10_offatr0p5_pts30-r2,1,18,london,234,20874.0,1.5337,1.2366,0.3932,1785.0
s10_offatr0p5_pts30-r2,1,18,pre,205,-22045.0,-1.8986,0.7556,0.278,630.0
s10_offatr0p5_pts30-r2,1,18,nyam,124,-2581.0,-0.2741,0.9489,0.3306,610.0
s10_offatr0p5_pts30-r3,1,19,all,563,3158.0,0.1271,1.0124,0.2629,1785.0
s10_offatr0p5_pts30-r3,1,19,london,234,22964.0,1.361,1.2266,0.3034,1785.0
s10_offatr0p5_pts30-r3,1,19,pre,205,-25875.0,-1.8842,0.7396,0.2049,630.0
s10_offatr0p5_pts30-r3,1,19,nyam,124,6069.0,0.5127,1.1129,0.2823,610.0
s10_offatr0p5_pts45-r0,1,20,all,563,19918.0,0.416,1.0514,0.238,1785.0
s10_offatr0p5_pts45-r0,1,20,london,234,20034.0,0.6104,1.124,0.2393,1785.0
s10_offatr0p5_pts45-r0,1,20,pre,205,-23885.0,-0.9487,0.8358,0.2146,910.0
s10_offatr0p5_pts45-r0,1,20,nyam,124,23769.0,0.9854,1.2949,0.2742,905.0
s10_offatr0p5_pts45-r1,1,21,all,563,-22372.0,-1.0429,0.9156,0.4813,1785.0
s10_offatr0p5_pts45-r1,1,21,london,234,10044.0,0.7219,1.0994,0.5299,1785.0
s10_offatr0p5_pts45-r1,1,21,pre,205,-24840.0,-1.9376,0.7625,0.4341,910.0
s10_offatr0p5_pts45-r1,1,21,nyam,124,-7576.0,-0.7543,0.8728,0.4677,905.0
s10_offatr0p5_pts45-r2,1,22,all,563,-10422.0,-0.3499,0.969,0.3393,1785.0
s10_offatr0p5_pts45-r2,1,22,london,234,14724.0,0.7443,1.1091,0.3675,1785.0
s10_offatr0p5_pts45-r2,1,22,pre,205,-21445.0,-1.2348,0.8316,0.3122,910.0
s10_offatr0p5_pts45-r2,1,22,nyam,124,-3701.0,-0.2654,0.9501,0.3306,905.0
s10_offatr0p5_pts45-r3,1,23,all,563,-12357.0,-0.3477,0.9665,0.2753,1785.0
s10_offatr0p5_pts45-r3,1,23,london,234,8274.0,0.3514,1.0546,0.2906,1785.0
s10_offatr0p5_pts45-r3,1,23,pre,205,-23915.0,-1.1621,0.8281,0.2488,910.0
s10_offatr0p5_pts45-r3,1,23,nyam,124,3284.0,0.194,1.0417,0.2903,905.0
s10_offatr0p5_pct0p1-r0,1,24,all,563,-40422.0,-1.7039,0.7326,0.0586,345.0
s10_offatr0p5_pct0p1-r0,1,24,london,234,-16546.0,-0.99,0.7367,0.0513,340.0
s10_offatr0p5_pct0p1-r0,1,24,pre,205,-28275.0,-2.6432,0.4923,0.0488,345.0
s10_offatr0p5_pct0p1-r0,1,24,nyam,124,4399.0,0.3385,1.1348,0.0887,335.0
s10_offatr0p5_pct0p1-r1,1,25,all,563,-6892.0,-1.0323,0.916,0.4902,345.0
s10_offatr0p5_pct0p1-r1,1,25,london,234,-2031.0,-0.4734,0.9394,0.4915,340.0
s10_offatr0p5_pct0p1-r1,1,25,pre,205,-6120.0,-1.5207,0.8072,0.4634,345.0
s10_offatr0p5_pct0p1-r1,1,25,nyam,124,1259.0,0.398,1.075,0.5323,330.0
s10_offatr0p5_pct0p1-r2,1,26,all,563,-18362.0,-2.0042,0.8361,0.3055,345.0
s10_offatr0p5_pct0p1-r2,1,26,london,234,-1356.0,-0.2241,0.9693,0.3376,340.0
s10_offatr0p5_pct0p1-r2,1,26,pre,205,-14760.0,-2.8066,0.6612,0.2585,345.0
s10_offatr0p5_pct0p1-r2,1,26,nyam,124,-2246.0,-0.509,0.9074,0.3226,335.0
s10_offatr0p5_pct0p1-r3,1,27,all,563,-13867.0,-1.2325,0.8873,0.2362,345.0
s10_offatr0p5_pct0p1-r3,1,27,london,234,4129.0,0.5424,1.0853,0.2735,340.0
s10_offatr0p5_pct0p1-r3,1,27,pre,205,-15390.0,-2.4463,0.6757,0.1902,345.0
s10_offatr0p5_pct0p1-r3,1,27,nyam,124,-2606.0,-0.4875,0.9041,0.2419,335.0
s10_offatr0p5_pct0p2-r0,1,28,all,563,-32267.0,-0.9281,0.8808,0.1403,1205.0
s10_offatr0p5_pct0p2-r0,1,28,london,234,864.0,0.0349,1.0077,0.1453,1205.0
s10_offatr0p5_pct0p2-r0,1,28,pre,205,-46340.0,-2.8267,0.5532,0.0927,685.0
s10_offatr0p5_pct0p2-r0,1,28,nyam,124,13209.0,0.735,1.2414,0.2097,675.0
s10_offatr0p5_pct0p2-r1,1,29,all,563,-23877.0,-1.8013,0.8581,0.4707,685.0
s10_offatr0p5_pct0p2-r1,1,29,london,234,8139.0,0.9561,1.1345,0.5385,675.0
s10_offatr0p5_pct0p2-r1,1,29,pre,205,-25770.0,-3.2841,0.6316,0.4,685.0
s10_offatr0p5_pct0p2-r1,1,29,nyam,124,-6246.0,-0.9943,0.835,0.4597,675.0
s10_offatr0p5_pct0p2-r2,1,30,all,563,3348.0,0.1783,1.0162,0.3428,685.0
s10_offatr0p5_pct0p2-r2,1,30,london,234,22169.0,1.7815,1.2814,0.3974,675.0
s10_offatr0p5_pct0p2-r2,1,30,pre,205,-18300.0,-1.6943,0.7768,0.2829,685.0
s10_offatr0p5_pct0p2-r2,1,30,nyam,124,-521.0,-0.0587,0.9887,0.3387,675.0
s10_offatr0p5_pct0p2-r3,1,31,all,563,-4542.0,-0.2001,0.9807,0.2558,930.0
s10_offatr0p5_pct0p2-r3,1,31,london,234,21809.0,1.4138,1.2375,0.3034,930.0
s10_offatr0p5_pct0p2-r3,1,31,pre,205,-23105.0,-1.8133,0.7463,0.2049,685.0
s10_offatr0p5_pct0p2-r3,1,31,nyam,124,-3246.0,-0.3066,0.9376,0.25,675.0
s10_offatr1_atr1p5-r0,2,0,all,476,10691.0,0.2423,1.0335,0.1975,2595.0
s10_offatr1_atr1p5-r0,2,0,london,111,6596.0,0.2858,1.0939,0.1712,2320.0
s10_offatr1_atr1p5-r0,2,0,pre,175,-26160.0,-1.1238,0.7862,0.1543,1950.0
s10_offatr1_atr1p5-r0,2,0,nyam,190,30255.0,1.0242,1.2393,0.2526,2595.0
s10_offatr1_atr1p5-r1,2,1,all,476,-19889.0,-0.9933,0.9059,0.4853,2595.0
s10_offatr1_atr1p5-r1,2,1,london,111,5011.0,0.5755,1.1253,0.5135,1690.0
s10_offatr1_atr1p5-r1,2,1,pre,175,-10365.0,-0.8822,0.8658,0.4914,1925.0
s10_offatr1_atr1p5-r1,2,1,nyam,190,-14535.0,-1.0614,0.8456,0.4632,2595.0
s10_offatr1_atr1p5-r2,2,2,all,476,-4494.0,-0.1606,0.9834,0.3403,2595.0
s10_offatr1_atr1p5-r2,2,2,london,111,1646.0,0.1332,1.0292,0.3423,2320.0
s10_offatr1_atr1p5-r2,2,2,pre,175,-16950.0,-1.0856,0.8339,0.3257,1950.0
s10_offatr1_atr1p5-r2,2,2,nyam,190,10810.0,0.5494,1.0961,0.3526,2595.0
s10_offatr1_atr1p5-r3,2,3,all,476,-11454.0,-0.3426,0.9621,0.2563,2595.0
s10_offatr1_atr1p5-r3,2,3,london,111,746.0,0.0491,1.0117,0.2613,2320.0
s10_offatr1_atr1p5-r3,2,3,pre,175,-27535.0,-1.5553,0.7597,0.2343,1950.0
s10_offatr1_atr1p5-r3,2,3,nyam,190,15335.0,0.6408,1.1241,0.2737,2595.0
s10_offatr1_atr3-r0,2,4,all,476,12896.0,0.2229,1.0261,0.3508,5195.0
s10_offatr1_atr3-r0,2,4,london,111,20456.0,0.6932,1.1933,0.3514,4635.0
s10_offatr1_atr3-r0,2,4,pre,175,-60345.0,-1.8673,0.711,0.2686,3905.0
s10_offatr1_atr3-r0,2,4,nyam,190,52785.0,1.4071,1.2937,0.4263,5195.0
s10_offatr1_atr3-r1,2,5,all,476,-3214.0,-0.0822,0.9918,0.521,5195.0
s10_offatr1_atr3-r1,2,5,london,111,10111.0,0.584,1.128,0.5586,4635.0
s10_offatr1_atr3-r1,2,5,pre,175,-39750.0,-1.7328,0.7528,0.4686,3905.0
s10_offatr1_atr3-r1,2,5,nyam,190,26425.0,1.0008,1.1735,0.5474,5195.0
s10_offatr1_atr3-r2,2,6,all,476,2306.0,0.0451,1.0049,0.3845,5195.0
s10_offatr1_atr3-r2,2,6,london,111,11766.0,0.5052,1.1193,0.4144,4635.0
s10_offatr1_atr3-r2,2,6,pre,175,-61270.0,-2.1585,0.6932,0.3086,3905.0
s10_offatr1_atr3-r2,2,6,nyam,190,51810.0,1.474,1.2925,0.4368,5195.0
s10_offatr1_atr3-r3,2,7,all,476,2121.0,0.0389,1.0043,0.3592,5195.0
s10_offatr1_atr3-r3,2,7,london,111,17006.0,0.6438,1.1644,0.3694,4635.0
s10_offatr1_atr3-r3,2,7,pre,175,-65050.0,-2.182,0.6846,0.28,3905.0
s10_offatr1_atr3-r3,2,7,nyam,190,50165.0,1.3607,1.2791,0.4263,5195.0
s10_offatr1_pts10-r0,2,8,all,476,11521.0,0.5168,1.1229,0.063,365.0
s10_offatr1_pts10-r0,2,8,london,111,-6394.0,-0.6925,0.7144,0.036,210.0
s10_offatr1_pts10-r0,2,8,pre,175,4570.0,0.3195,1.131,0.0571,365.0
s10_offatr1_pts10-r0,2,8,nyam,190,13345.0,0.9254,1.3661,0.0842,215.0
s10_offatr1_pts10-r1,2,9,all,476,-11554.0,-2.6113,0.7872,0.458,315.0
s10_offatr1_pts10-r1,2,9,london,111,-3774.0,-1.7754,0.7138,0.4324,210.0
s10_offatr1_pts10-r1,2,9,pre,175,-3640.0,-1.3463,0.8153,0.4686,315.0
s10_offatr1_pts10-r1,2,9,nyam,190,-4140.0,-1.4808,0.8064,0.4632,215.0
s10_offatr1_pts10-r2,2,10,all,476,-15409.0,-2.5499,0.7825,0.2941,365.0
s10_offatr1_pts10-r2,2,10,london,111,-4464.0,-1.5533,0.7333,0.2793,210.0
s10_offatr1_pts10-r2,2,10,pre,175,-5640.0,-1.5243,0.785,0.2971,365.0
s10_offatr1_pts10-r2,2,10,nyam,190,-5305.0,-1.3831,0.8097,0.3,215.0
s10_offatr1_pts10-r3,2,11,all,476,-8344.0,-1.1092,0.8906,0.2395,365.0
s10_offatr1_pts10-r3,2,11,london,111,-4704.0,-1.3619,0.7445,0.2072,210.0
s10_offatr1_pts10-r3,2,11,pre,175,-2490.0,-0.5383,0.9114,0.2457,365.0
s10_offatr1_pts10-r3,2,11,nyam,190,-1150.0,-0.2377,0.9614,0.2526,215.0
s10_offatr1_pts20-r0,2,12,all,476,-13814.0,-0.4922,0.9208,0.1029,450.0
s10_offatr1_pts20-r0,2,12,london,111,-15969.0,-1.1416,0.6272,0.0541,420.0
s10_offatr1_pts20-r0,2,12,pre,175,-12635.0,-0.7841,0.8065,0.0857,450.0
s10_offatr1_pts20-r0,2,12,nyam,190,14790.0,0.8119,1.223,0.1474,415.0
s10_offatr1_pts20-r1,2,13,all,476,-22649.0,-2.5867,0.7891,0.4496,450.0
s10_offatr1_pts20-r1,2,13,london,111,-5164.0,-1.2179,0.7931,0.4505,405.0
s10_offatr1_pts20-r1,2,13,pre,175,-11385.0,-2.149,0.7229,0.4286,450.0
s10_offatr1_pts20-r1,2,13,nyam,190,-6100.0,-1.0983,0.8525,0.4684,415.0
s10_offatr1_pts20-r2,2,14,all,476,-17809.0,-1.4637,0.8679,0.3088,450.0
s10_offatr1_pts20-r2,2,14,london,111,-5649.0,-0.969,0.823,0.2973,405.0
s10_offatr1_pts20-r2,2,14,pre,175,530.0,0.0697,1.0112,0.3429,450.0
s10_offatr1_pts20-r2,2,14,nyam,190,-12690.0,-1.6889,0.7721,0.2842,415.0
s10_offatr1_pts20-r3,2,15,all,476,-7174.0,-0.4751,0.9512,0.2458,450.0
s10_offatr1_pts20-r3,2,15,london,111,-3689.0,-0.5127,0.8939,0.2342,405.0
s10_offatr1_pts20-r3,2,15,pre,175,-1155.0,-0.1249,0.9785,0.2514,450.0
s10_offatr1_pts20-r3,2,15,nyam,190,-2330.0,-0.2434,0.9602,0.2474,415.0
s10_offatr1_pts30-r0,2,16,all,476,936.0,0.0268,1.0039,0.1639,735.0
s10_offatr1_pts30-r0,2,16,london,111,-3409.0,-0.1872,0.9402,0.1441,620.0
s10_offatr1_pts30-r0,2,16,pre,175,-10255.0,-0.5046,0.8882,0.1371,735.0
s10_offatr1_pts30-r0,2,16,nyam,190,14600.0,0.6646,1.1585,0.2,615.0
s10_offatr1_pts30-r1,2,17,all,476,-7069.0,-0.5365,0.952,0.4937,735.0
s10_offatr1_pts30-r1,2,17,london,111,1061.0,0.1664,1.0322,0.5135,620.0
s10_offatr1_pts30-r1,2,17,pre,175,-8055.0,-1.0069,0.8585,0.4686,735.0
s10_offatr1_pts30-r1,2,17,nyam,190,-75.0,-0.009,0.9987,0.5053,615.0
s10_offatr1_pts30-r2,2,18,all,476,8161.0,0.4353,1.0431,0.3487,735.0
s10_offatr1_pts30-r2,2,18,london,111,5166.0,0.5665,1.1211,0.3694,620.0
s10_offatr1_pts30-r2,2,18,pre,175,-375.0,-0.0331,0.9947,0.3371,735.0
s10_offatr1_pts30-r2,2,18,nyam,190,3370.0,0.2837,1.0446,0.3474,615.0
s10_offatr1_pts30-r3,2,19,all,476,21216.0,0.9157,1.1014,0.2794,735.0
s10_offatr1_pts30-r3,2,19,london,111,11351.0,0.99,1.2419,0.3063,620.0
s10_offatr1_pts30-r3,2,19,pre,175,-1055.0,-0.0761,0.9868,0.2514,735.0
s10_offatr1_pts30-r3,2,19,nyam,190,10920.0,0.7451,1.1327,0.2895,615.0
s10_offatr1_pts45-r0,2,20,all,476,13641.0,0.3264,1.0421,0.2395,1975.0
s10_offatr1_pts45-r0,2,20,london,111,11571.0,0.5175,1.157,0.2613,1450.0
s10_offatr1_pts45-r0,2,20,pre,175,-26180.0,-1.1096,0.7979,0.1771,1975.0
s10_offatr1_pts45-r0,2,20,nyam,190,28250.0,1.0763,1.234,0.2842,905.0
s10_offatr1_pts45-r1,2,21,all,476,-4464.0,-0.2261,0.9794,0.4979,1975.0
s10_offatr1_pts45-r1,2,21,london,111,1946.0,0.2037,1.0396,0.5135,915.0
s10_offatr1_pts45-r1,2,21,pre,175,-4200.0,-0.3479,0.9483,0.4914,1975.0
s10_offatr1_pts45-r1,2,21,nyam,190,-2210.0,-0.1778,0.9744,0.4947,905.0
s10_offatr1_pts45-r2,2,22,all,476,24881.0,0.8939,1.0913,0.3655,1975.0
s10_offatr1_pts45-r2,2,22,london,111,20756.0,1.5075,1.3565,0.4234,915.0
s10_offatr1_pts45-r2,2,22,pre,175,-8255.0,-0.4943,0.9233,0.32,1975.0
s10_offatr1_pts45-r2,2,22,nyam,190,12380.0,0.708,1.1159,0.3737,905.0
s10_offatr1_pts45-r3,2,23,all,476,1701.0,0.052,1.0056,0.2815,1975.0
s10_offatr1_pts45-r3,2,23,london,111,886.0,0.0569,1.0127,0.3063,1450.0
s10_offatr1_pts45-r3,2,23,pre,175,-13710.0,-0.688,0.8862,0.2343,1975.0
s10_offatr1_pts45-r3,2,23,nyam,190,14525.0,0.6973,1.125,0.3105,905.0
s10_offatr1_pct0p1-r0,2,24,all,476,11811.0,0.4572,1.0949,0.0861,430.0
s10_offatr1_pct0p1-r0,2,24,london,111,-3064.0,-0.2229,0.8976,0.0541,345.0
s10_offatr1_pct0p1-r0,2,24,pre,175,3215.0,0.2102,1.0701,0.08,430.0
s10_offatr1_pct0p1-r0,2,24,nyam,190,11660.0,0.7422,1.2396,0.1105,340.0
s10_offatr1_pct0p1-r1,2,25,all,476,-19214.0,-3.1412,0.7485,0.4433,430.0
s10_offatr1_pct0p1-r1,2,25,london,111,-6279.0,-2.1424,0.6641,0.4144,345.0
s10_offatr1_pct0p1-r1,2,25,pre,175,-7710.0,-2.0795,0.7285,0.4343,430.0
s10_offatr1_pct0p1-r1,2,25,nyam,190,-5225.0,-1.3414,0.8217,0.4684,340.0
s10_offatr1_pct0p1-r2,2,26,all,476,-12284.0,-1.4397,0.8693,0.313,430.0
s10_offatr1_pct0p1-r2,2,26,london,111,-4284.0,-1.0543,0.8083,0.2973,345.0
s10_offatr1_pct0p1-r2,2,26,pre,175,-4845.0,-0.9348,0.8603,0.3086,430.0
s10_offatr1_pct0p1-r2,2,26,nyam,190,-3155.0,-0.579,0.9147,0.3263,340.0
s10_offatr1_pct0p1-r3,2,27,all,476,-5619.0,-0.5319,0.9454,0.2479,430.0
s10_offatr1_pct0p1-r3,2,27,london,111,-5204.0,-1.0693,0.7912,0.2162,345.0
s10_offatr1_pct0p1-r3,2,27,pre,175,2640.0,0.3973,1.0721,0.2686,430.0
s10_offatr1_pct0p1-r3,2,27,nyam,190,-3055.0,-0.4608,0.9261,0.2474,340.0
s10_offatr1_pct0p2-r0,2,28,all,476,-12689.0,-0.3907,0.9439,0.1492,685.0
s10_offatr1_pct0p2-r0,2,28,london,111,-15299.0,-0.9754,0.7186,0.1171,675.0
s10_offatr1_pct0p2-r0,2,28,pre,175,-16585.0,-0.9077,0.8056,0.12,685.0
s10_offatr1_pct0p2-r0,2,28,nyam,190,19195.0,0.8816,1.222,0.1947,675.0
s10_offatr1_pct0p2-r1,2,29,all,476,-18089.0,-1.4804,0.8722,0.4706,685.0
s10_offatr1_pct0p2-r1,2,29,london,111,521.0,0.0879,1.017,0.5045,675.0
s10_offatr1_pct0p2-r1,2,29,pre,175,-11040.0,-1.4987,0.7958,0.4457,685.0
s10_offatr1_pct0p2-r1,2,29,nyam,190,-7570.0,-0.9756,0.8669,0.4737,675.0
s10_offatr1_pct0p2-r2,2,30,all,476,-13809.0,-0.8083,0.9239,0.3193,685.0
s10_offatr1_pct0p2-r2,2,30,london,111,-1339.0,-0.1617,0.9676,0.3333,675.0
s10_offatr1_pct0p2-r2,2,30,pre,175,-3805.0,-0.3654,0.9425,0.32,685.0
s10_offatr1_pct0p2-r2,2,30,nyam,190,-8665.0,-0.8045,0.8828,0.3105,675.0
s10_offatr1_pct0p2-r3,2,31,all,476,-2414.0,-0.1149,0.9879,0.2563,685.0
s10_offatr1_pct0p2-r3,2,31,london,111,1656.0,0.1622,1.0364,0.2703,675.0
s10_offatr1_pct0p2-r3,2,31,pre,175,-1100.0,-0.0854,0.985,0.2457,685.0
s10_offatr1_pct0p2-r3,2,31,nyam,190,-2970.0,-0.2259,0.9628,0.2579,675.0
s10_offptsA_atr1p5-r0,3,0,all,565,-2380.0,-0.0487,0.9939,0.1982,2595.0
s10_offptsA_atr1p5-r0,3,0,london,246,-6769.0,-0.2085,0.9606,0.187,2540.0
s10_offptsA_atr1p5-r0,3,0,pre,209,-26966.0,-0.9568,0.8281,0.1675,2595.0
s10_offptsA_atr1p5-r0,3,0,nyam,110,31355.0,1.3568,1.4965,0.2818,2110.0
s10_offptsA_atr1p5-r1,3,1,all,565,-9310.0,-0.4154,0.9625,0.4885,2510.0
s10_offptsA_atr1p5-r1,3,1,london,246,9856.0,0.6782,1.0991,0.5244,2510.0
s10_offptsA_atr1p5-r1,3,1,pre,209,-20456.0,-1.4545,0.8026,0.4354,2310.0
s10_offptsA_atr1p5-r1,3,1,nyam,110,1290.0,0.1339,1.0284,0.5091,2110.0
s10_offptsA_atr1p5-r2,3,2,all,565,-17835.0,-0.5732,0.9462,0.3327,2595.0
s10_offptsA_atr1p5-r2,3,2,london,246,-9619.0,-0.4793,0.9328,0.3374,2540.0
s10_offptsA_atr1p5-r2,3,2,pre,209,-25221.0,-1.3237,0.8107,0.2967,2595.0
s10_offptsA_atr1p5-r2,3,2,nyam,110,17005.0,1.2018,1.3071,0.3909,2110.0
s10_offptsA_atr1p5-r3,3,3,all,565,-28995.0,-0.79,0.9216,0.2549,2595.0
s10_offptsA_atr1p5-r3,3,3,london,246,-10244.0,-0.4388,0.9353,0.2683,2540.0
s10_offptsA_atr1p5-r3,3,3,pre,209,-35471.0,-1.6078,0.7619,0.2201,2595.0
s10_offptsA_atr1p5-r3,3,3,nyam,110,16720.0,0.9454,1.2674,0.2909,2110.0
s10_offptsA_atr3-r0,3,4,all,565,-30495.0,-0.4964,0.9491,0.3434,5075.0
s10_offptsA_atr3-r0,3,4,london,246,-14089.0,-0.3362,0.9482,0.3293,5075.0
s10_offptsA_atr3-r0,3,4,pre,209,-34241.0,-0.9348,0.8525,0.3301,4220.0
s10_offptsA_atr3-r0,3,4,nyam,110,17835.0,0.6827,1.1874,0.4,3830.0
s10_offptsA_atr3-r1,3,5,all,565,-34155.0,-0.7869,0.93,0.4938,5075.0
s10_offptsA_atr3-r1,3,5,london,246,-15329.0,-0.5316,0.9286,0.4959,5075.0
s10_offptsA_atr3-r1,3,5,pre,209,-33591.0,-1.2516,0.8271,0.4785,4220.0
s10_offptsA_atr3-r1,3,5,nyam,110,14765.0,0.8101,1.1874,0.5182,3830.0
s10_offptsA_atr3-r2,3,6,all,565,-60680.0,-1.1218,0.8961,0.3664,5075.0
s10_offptsA_atr3-r2,3,6,london,246,-38174.0,-1.0805,0.8557,0.3577,5075.0
s10_offptsA_atr3-r2,3,6,pre,209,-41201.0,-1.264,0.8165,0.3589,4220.0
s10_offptsA_atr3-r2,3,6,nyam,110,18695.0,0.7538,1.1965,0.4,3830.0
s10_offptsA_atr3-r3,3,7,all,565,-38340.0,-0.6534,0.9356,0.3504,5075.0
s10_offptsA_atr3-r3,3,7,london,246,-18454.0,-0.4708,0.9312,0.3415,5075.0
s10_offptsA_atr3-r3,3,7,pre,209,-37461.0,-1.0613,0.8383,0.3349,4220.0
s10_offptsA_atr3-r3,3,7,nyam,110,17575.0,0.6819,1.1847,0.4,3830.0
s10_offptsA_pts10-r0,3,8,all,565,-21095.0,-0.9718,0.8128,0.046,250.0
s10_offptsA_pts10-r0,3,8,london,246,-5009.0,-0.3036,0.8984,0.0407,220.0
s10_offptsA_pts10-r0,3,8,pre,209,-22206.0,-2.4902,0.4745,0.0335,250.0
s10_offptsA_pts10-r0,3,8,nyam,110,6120.0,0.5605,1.2894,0.0818,205.0
s10_offptsA_pts10-r1,3,9,all,565,-7755.0,-1.6074,0.8734,0.4832,230.0
s10_offptsA_pts10-r1,3,9,london,246,-4939.0,-1.5522,0.8203,0.4675,220.0
s10_offptsA_pts10-r1,3,9,pre,209,-1266.0,-0.4303,0.942,0.5024,230.0
s10_offptsA_pts10-r1,3,9,nyam,110,-1550.0,-0.7262,0.8702,0.4818,205.0
s10_offptsA_pts10-r2,3,10,all,565,-8265.0,-1.2273,0.8971,0.3221,230.0
s10_offptsA_pts10-r2,3,10,london,246,-5549.0,-1.2616,0.8443,0.3089,220.0
s10_offptsA_pts10-r2,3,10,pre,209,-871.0,-0.2094,0.97,0.3397,230.0
s10_offptsA_pts10-r2,3,10,nyam,110,-1845.0,-0.621,0.8825,0.3182,205.0
s10_offptsA_pts10-r3,3,11,all,565,-13815.0,-1.7119,0.8487,0.2301,250.0
s10_offptsA_pts10-r3,3,11,london,246,-5679.0,-1.0628,0.8568,0.2317,220.0
s10_offptsA_pts10-r3,3,11,pre,209,-7656.0,-1.5941,0.7779,0.2153,250.0
s10_offptsA_pts10-r3,3,11,nyam,110,-480.0,-0.1299,0.972,0.2545,205.0
s10_offptsA_pts20-r0,3,12,all,565,-11610.0,-0.3583,0.944,0.1062,1170.0
s10_offptsA_pts20-r0,3,12,london,246,7181.0,0.2922,1.0789,0.1057,1170.0
s10_offptsA_pts20-r0,3,12,pre,209,-31866.0,-2.254,0.5945,0.0766,410.0
s10_offptsA_pts20-r0,3,12,nyam,110,13075.0,0.8378,1.3474,0.1636,405.0
s10_offptsA_pts20-r1,3,13,all,565,-14670.0,-1.5329,0.879,0.4761,415.0
s10_offptsA_pts20-r1,3,13,london,246,-879.0,-0.1388,0.9824,0.5041,415.0
s10_offptsA_pts20-r1,3,13,pre,209,-6631.0,-1.1385,0.8541,0.4689,410.0
s10_offptsA_pts20-r1,3,13,nyam,110,-7160.0,-1.7063,0.7222,0.4273,405.0
s10_offptsA_pts20-r2,3,14,all,565,-26930.0,-2.0436,0.834,0.3009,910.0
s10_offptsA_pts20-r2,3,14,london,246,2386.0,0.2629,1.0361,0.3496,910.0
s10_offptsA_pts20-r2,3,14,pre,209,-20471.0,-2.6772,0.6774,0.2584,410.0
s10_offptsA_pts20-r2,3,14,nyam,110,-8845.0,-1.5642,0.7297,0.2727,405.0
s10_offptsA_pts20-r3,3,15,all,565,-9455.0,-0.5754,0.946,0.246,910.0
s10_offptsA_pts20-r3,3,15,london,246,10336.0,0.9093,1.1423,0.2846,910.0
s10_offptsA_pts20-r3,3,15,pre,209,-19736.0,-2.1363,0.713,0.1962,410.0
s10_offptsA_pts20-r3,3,15,nyam,110,-55.0,-0.0075,0.9984,0.2545,405.0
s10_offptsA_pts30-r0,3,16,all,565,10530.0,0.2567,1.0364,0.1611,1795.0
s10_offptsA_pts30-r0,3,16,london,246,4116.0,0.1463,1.032,0.1545,1795.0
s10_offptsA_pts30-r0,3,16,pre,209,-16126.0,-0.7436,0.853,0.134,605.0
s10_offptsA_pts30-r0,3,16,nyam,110,22540.0,1.0986,1.4395,0.2273,600.0
s10_offptsA_pts30-r1,3,17,all,565,-20085.0,-1.3925,0.889,0.4779,1795.0
s10_offptsA_pts30-r1,3,17,london,246,3126.0,0.3249,1.0427,0.5203,1795.0
s10_offptsA_pts30-r1,3,17,pre,209,-18881.0,-2.1828,0.7396,0.4306,605.0
s10_offptsA_pts30-r1,3,17,nyam,110,-4330.0,-0.6831,0.8774,0.4727,600.0
s10_offptsA_pts30-r2,3,18,all,565,450.0,0.0221,1.002,0.3416,1795.0
s10_offptsA_pts30-r2,3,18,london,246,13581.0,0.9843,1.1424,0.374,1795.0
s10_offptsA_pts30-r2,3,18,pre,209,-10011.0,-0.8266,0.8859,0.311,605.0
s10_offptsA_pts30-r2,3,18,nyam,110,-3120.0,-0.353,0.9308,0.3273,600.0
s10_offptsA_pts30-r3,3,19,all,565,6880.0,0.2757,1.0271,0.2655,1795.0
s10_offptsA_pts30-r3,3,19,london,246,16491.0,0.9657,1.152,0.2886,1795.0
s10_offptsA_pts30-r3,3,19,pre,209,-11446.0,-0.7847,0.8826,0.2344,605.0
s10_offptsA_pts30-r3,3,19,nyam,110,1835.0,0.1683,1.038,0.2727,600.0
s10_offptsA_pts45-r0,3,20,all,565,40415.0,0.8255,1.1046,0.2389,1795.0
s10_offptsA_pts45-r0,3,20,london,246,25731.0,0.759,1.1519,0.2398,1795.0
s10_offptsA_pts45-r0,3,20,pre,209,-12506.0,-0.4697,0.9156,0.2057,910.0
s10_offptsA_pts45-r0,3,20,nyam,110,27190.0,1.1701,1.3952,0.3,905.0
s10_offptsA_pts45-r1,3,21,all,565,-2535.0,-0.1179,0.9901,0.5009,1795.0
s10_offptsA_pts45-r1,3,21,london,246,15491.0,1.0885,1.1494,0.5407,1795.0
s10_offptsA_pts45-r1,3,21,pre,209,-17731.0,-1.3638,0.8276,0.4545,905.0
s10_offptsA_pts45-r1,3,21,nyam,110,-295.0,-0.0311,0.994,0.5,905.0
s10_offptsA_pts45-r2,3,22,all,565,5285.0,0.1759,1.0159,0.3487,1795.0
s10_offptsA_pts45-r2,3,22,london,246,11631.0,0.5762,1.0813,0.3618,1795.0
s10_offptsA_pts45-r2,3,22,pre,209,-7616.0,-0.4228,0.9394,0.3301,910.0
s10_offptsA_pts45-r2,3,22,nyam,110,1270.0,0.0965,1.02,0.3545,905.0
s10_offptsA_pts45-r3,3,23,all,565,-9130.0,-0.2554,0.9753,0.2726,1795.0
s10_offptsA_pts45-r3,3,23,london,246,8271.0,0.3425,1.0519,0.2886,1795.0
s10_offptsA_pts45-r3,3,23,pre,209,-21721.0,-1.0243,0.848,0.2344,910.0
s10_offptsA_pts45-r3,3,23,nyam,110,4320.0,0.2748,1.0636,0.3091,905.0
s10_offptsA_pct0p1-r0,3,24,all,565,-47895.0,-2.1096,0.6826,0.0584,345.0
s10_offptsA_pct0p1-r0,3,24,london,246,-14169.0,-0.8206,0.7834,0.0528,340.0
s10_offptsA_pct0p1-r0,3,24,pre,209,-37311.0,-4.0969,0.3496,0.0335,345.0
s10_offptsA_pct0p1-r0,3,24,nyam,110,3585.0,0.3112,1.1274,0.1182,335.0
s10_offptsA_pct0p1-r1,3,25,all,565,-11630.0,-1.7434,0.8626,0.4726,345.0
s10_offptsA_pct0p1-r1,3,25,london,246,-3189.0,-0.7302,0.9103,0.4837,340.0
s10_offptsA_pct0p1-r1,3,25,pre,209,-6956.0,-1.7138,0.7875,0.4545,345.0
s10_offptsA_pct0p1-r1,3,25,nyam,110,-1485.0,-0.4933,0.9092,0.4818,330.0
s10_offptsA_pct0p1-r2,3,26,all,565,-14645.0,-1.5838,0.8681,0.3115,345.0
s10_offptsA_pct0p1-r2,3,26,london,246,-1979.0,-0.3208,0.9573,0.3293,340.0
s10_offptsA_pct0p1-r2,3,26,pre,209,-10981.0,-2.019,0.7449,0.2871,345.0
s10_offptsA_pct0p1-r2,3,26,nyam,110,-1685.0,-0.3978,0.922,0.3182,335.0
s10_offptsA_pct0p1-r3,3,27,all,565,-21395.0,-1.9321,0.8292,0.223,345.0
s10_offptsA_pct0p1-r3,3,27,london,246,-2684.0,-0.3561,0.9487,0.2439,340.0
s10_offptsA_pct0p1-r3,3,27,pre,209,-16331.0,-2.5982,0.6639,0.1914,345.0
s10_offptsA_pct0p1-r3,3,27,nyam,110,-2380.0,-0.4649,0.9022,0.2364,335.0
s10_offptsA_pct0p2-r0,3,28,all,565,-7765.0,-0.2086,0.9712,0.1487,1170.0
s10_offptsA_pct0p2-r0,3,28,london,246,16571.0,0.5951,1.1427,0.1545,1170.0
s10_offptsA_pct0p2-r0,3,28,pre,209,-31921.0,-1.7385,0.6932,0.11,685.0
s10_offptsA_pct0p2-r0,3,28,nyam,110,7585.0,0.4607,1.1549,0.2091,675.0
s10_offptsA_pct0p2-r1,3,29,all,565,-7945.0,-0.5979,0.9505,0.4956,685.0
s10_offptsA_pct0p2-r1,3,29,london,246,10336.0,1.1943,1.1661,0.5407,675.0
s10_offptsA_pct0p2-r1,3,29,pre,209,-15151.0,-1.8806,0.7695,0.4545,685.0
s10_offptsA_pct0p2-r1,3,29,nyam,110,-3130.0,-0.5225,0.9041,0.4727,675.0
s10_offptsA_pct0p2-r2,3,30,all,565,1025.0,0.0544,1.0049,0.3398,910.0
s10_offptsA_pct0p2-r2,3,30,london,246,21086.0,1.6605,1.2535,0.3902,910.0
s10_offptsA_pct0p2-r2,3,30,pre,209,-16046.0,-1.4534,0.8073,0.2919,685.0
s10_offptsA_pct0p2-r2,3,30,nyam,110,-4015.0,-0.4822,0.9058,0.3182,675.0
s10_offptsA_pct0p2-r3,3,31,all,565,-955.0,-0.0418,0.9959,0.2584,910.0
s10_offptsA_pct0p2-r3,3,31,london,246,20441.0,1.3001,1.2114,0.2967,910.0
s10_offptsA_pct0p2-r3,3,31,pre,209,-19231.0,-1.4631,0.7917,0.2153,685.0
s10_offptsA_pct0p2-r3,3,31,nyam,110,-2165.0,-0.2152,0.953,0.2545,675.0
s10_offptsB_atr1p5-r0,4,0,all,514,-15256.0,-0.3269,0.9585,0.1946,2595.0
s10_offptsB_atr1p5-r0,4,0,london,161,-13599.0,-0.4817,0.8912,0.1677,2540.0
s10_offptsB_atr1p5-r0,4,0,pre,204,-37751.0,-1.4008,0.761,0.1716,2595.0
s10_offptsB_atr1p5-r0,4,0,nyam,149,36094.0,1.4197,1.4275,0.255,2105.0
s10_offptsB_atr1p5-r1,4,1,all,514,-34316.0,-1.5619,0.8608,0.4728,2510.0
s10_offptsB_atr1p5-r1,4,1,london,161,-12089.0,-0.9401,0.8511,0.4658,2510.0
s10_offptsB_atr1p5-r1,4,1,pre,204,-24656.0,-1.743,0.767,0.4559,2510.0
s10_offptsB_atr1p5-r1,4,1,nyam,149,2429.0,0.2241,1.0408,0.5034,2105.0
s10_offptsB_atr1p5-r2,4,2,all,514,-25681.0,-0.8464,0.9182,0.3249,2595.0
s10_offptsB_atr1p5-r2,4,2,london,161,-9989.0,-0.5628,0.9038,0.323,2540.0
s10_offptsB_atr1p5-r2,4,2,pre,204,-35491.0,-1.8955,0.7401,0.2941,2595.0
s10_offptsB_atr1p5-r2,4,2,nyam,149,19799.0,1.2515,1.2697,0.3691,2105.0
s10_offptsB_atr1p5-r3,4,3,all,514,-46271.0,-1.3135,0.8677,0.2432,2595.0
s10_offptsB_atr1p5-r3,4,3,london,161,-21409.0,-1.0619,0.8176,0.236,2540.0
s10_offptsB_atr1p5-r3,4,3,pre,204,-50981.0,-2.475,0.6634,0.2157,2595.0
s10_offptsB_atr1p5-r3,4,3,nyam,149,26119.0,1.3075,1.3233,0.2886,2105.0
s10_offptsB_atr3-r0,4,4,all,514,-1026.0,-0.0169,0.9981,0.356,5075.0
s10_offptsB_atr3-r0,4,4,london,161,-1004.0,-0.0273,0.9946,0.3602,5075.0
s10_offptsB_atr3-r0,4,4,pre,204,-30486.0,-0.7864,0.8748,0.3186,4420.0
s10_offptsB_atr3-r0,4,4,nyam,149,30464.0,1.0444,1.2509,0.4027,3830.0
s10_offptsB_atr3-r1,4,5,all,514,-5006.0,-0.1181,0.9887,0.5078,5075.0
s10_offptsB_atr3-r1,4,5,london,161,8151.0,0.322,1.057,0.5342,5075.0
s10_offptsB_atr3-r1,4,5,pre,204,-40141.0,-1.4805,0.798,0.4706,4420.0
s10_offptsB_atr3-r1,4,5,nyam,149,26984.0,1.3267,1.2709,0.5302,3830.0
s10_offptsB_atr3-r2,4,6,all,514,-25651.0,-0.4792,0.9521,0.3813,5075.0
s10_offptsB_atr3-r2,4,6,london,161,-18084.0,-0.5863,0.9001,0.3975,5075.0
s10_offptsB_atr3-r2,4,6,pre,204,-42241.0,-1.2561,0.8203,0.348,4420.0
s10_offptsB_atr3-r2,4,6,nyam,149,34674.0,1.2442,1.2892,0.4094,3830.0
s10_offptsB_atr3-r3,4,7,all,514,-18456.0,-0.3216,0.9663,0.3619,5075.0
s10_offptsB_atr3-r3,4,7,london,161,-5814.0,-0.1704,0.9684,0.3727,5075.0
s10_offptsB_atr3-r3,4,7,pre,204,-42216.0,-1.1694,0.8256,0.3235,4420.0
s10_offptsB_atr3-r3,4,7,nyam,149,29574.0,1.0302,1.2435,0.4027,3830.0
s10_offptsB_pts10-r0,4,8,all,514,-12246.0,-0.6192,0.8802,0.0545,350.0
s10_offptsB_pts10-r0,4,8,london,161,-6329.0,-0.5366,0.8051,0.0373,210.0
s10_offptsB_pts10-r0,4,8,pre,204,-10231.0,-0.9791,0.7499,0.0539,350.0
s10_offptsB_pts10-r0,4,8,nyam,149,4314.0,0.3597,1.1494,0.0738,205.0
s10_offptsB_pts10-r1,4,9,all,514,-12591.0,-2.7412,0.7853,0.4572,265.0
s10_offptsB_pts10-r1,4,9,london,161,-3734.0,-1.4512,0.7953,0.4596,210.0
s10_offptsB_pts10-r1,4,9,pre,204,-5631.0,-1.9398,0.762,0.451,265.0
s10_offptsB_pts10-r1,4,9,nyam,149,-3226.0,-1.3031,0.8074,0.4631,205.0
s10_offptsB_pts10-r2,4,10,all,514,-16006.0,-2.5472,0.7899,0.2957,350.0
s10_offptsB_pts10-r2,4,10,london,161,-2854.0,-0.7959,0.8762,0.3168,210.0
s10_offptsB_pts10-r2,4,10,pre,204,-9811.0,-2.5371,0.6894,0.2696,350.0
s10_offptsB_pts10-r2,4,10,nyam,149,-3341.0,-0.9755,0.845,0.3087,205.0
s10_offptsB_pts10-r3,4,11,all,514,-12986.0,-1.6869,0.8441,0.2296,350.0
s10_offptsB_pts10-r3,4,11,london,161,-3934.0,-0.912,0.8486,0.2298,210.0
s10_offptsB_pts10-r3,4,11,pre,204,-6861.0,-1.4296,0.7963,0.2206,350.0
s10_offptsB_pts10-r3,4,11,nyam,149,-2191.0,-0.519,0.9073,0.2416,205.0
s10_offptsB_pts20-r0,4,12,all,514,-11256.0,-0.3628,0.9405,0.0992,470.0
s10_offptsB_pts20-r0,4,12,london,161,736.0,0.0345,1.0121,0.0745,420.0
s10_offptsB_pts20-r0,4,12,pre,204,-19261.0,-1.192,0.7474,0.0882,470.0
s10_offptsB_pts20-r0,4,12,nyam,149,7269.0,0.461,1.1396,0.1409,405.0
s10_offptsB_pts20-r1,4,13,all,514,-20656.0,-2.2646,0.819,0.4591,470.0
s10_offptsB_pts20-r1,4,13,london,161,-2339.0,-0.456,0.9304,0.4907,415.0
s10_offptsB_pts20-r1,4,13,pre,204,-12911.0,-2.2536,0.7297,0.4314,470.0
s10_offptsB_pts20-r1,4,13,nyam,149,-5406.0,-1.0994,0.8348,0.4631,405.0
s10_offptsB_pts20-r2,4,14,all,514,-16691.0,-1.3145,0.8848,0.3132,470.0
s10_offptsB_pts20-r2,4,14,london,161,-3294.0,-0.4589,0.9263,0.323,420.0
s10_offptsB_pts20-r2,4,14,pre,204,-6666.0,-0.8308,0.8843,0.3137,470.0
s10_offptsB_pts20-r2,4,14,nyam,149,-6731.0,-0.9932,0.8418,0.302,405.0
s10_offptsB_pts20-r3,4,15,all,514,-151.0,-0.0095,0.999,0.2549,470.0
s10_offptsB_pts20-r3,4,15,london,161,6271.0,0.6837,1.1319,0.2795,420.0
s10_offptsB_pts20-r3,4,15,pre,204,-5146.0,-0.5234,0.9193,0.2402,470.0
s10_offptsB_pts20-r3,4,15,nyam,149,-1276.0,-0.1504,0.972,0.2483,405.0
s10_offptsB_pts30-r0,4,16,all,514,3864.0,0.1013,1.0147,0.1595,1370.0
s10_offptsB_pts30-r0,4,16,london,161,8111.0,0.3273,1.0959,0.1429,1370.0
s10_offptsB_pts30-r0,4,16,pre,204,-21971.0,-1.06,0.7956,0.1324,635.0
s10_offptsB_pts30-r0,4,16,nyam,149,17724.0,0.8718,1.2503,0.2148,615.0
s10_offptsB_pts30-r1,4,17,all,514,-22151.0,-1.618,0.8669,0.4708,1115.0
s10_offptsB_pts30-r1,4,17,london,161,-2244.0,-0.2902,0.9551,0.4969,1115.0
s10_offptsB_pts30-r1,4,17,pre,204,-13481.0,-1.569,0.8027,0.451,635.0
s10_offptsB_pts30-r1,4,17,nyam,149,-6426.0,-0.8721,0.8665,0.4698,610.0
s10_offptsB_pts30-r2,4,18,all,514,4404.0,0.2263,1.0214,0.3424,1115.0
s10_offptsB_pts30-r2,4,18,london,161,15066.0,1.3377,1.2499,0.3913,1115.0
s10_offptsB_pts30-r2,4,18,pre,204,-14241.0,-1.2031,0.8367,0.299,635.0
s10_offptsB_pts30-r2,4,18,nyam,149,3579.0,0.3402,1.0611,0.349,610.0
s10_offptsB_pts30-r3,4,19,all,514,16454.0,0.6842,1.072,0.2704,1115.0
s10_offptsB_pts30-r3,4,19,london,161,21591.0,1.5198,1.3165,0.3106,1115.0
s10_offptsB_pts30-r3,4,19,pre,204,-8906.0,-0.6095,0.9064,0.2353,635.0
s10_offptsB_pts30-r3,4,19,nyam,149,3769.0,0.2957,1.0577,0.2752,610.0
s10_offptsB_pts45-r0,4,20,all,514,27459.0,0.5938,1.0779,0.2393,1995.0
s10_offptsB_pts45-r0,4,20,london,161,13586.0,0.4712,1.1203,0.2236,1370.0
s10_offptsB_pts45-r0,4,20,pre,204,-38271.0,-1.5591,0.7487,0.1814,1995.0
s10_offptsB_pts45-r0,4,20,nyam,149,52144.0,1.9884,1.5973,0.3356,905.0
s10_offptsB_pts45-r1,4,21,all,514,-12526.0,-0.61,0.9474,0.4903,1995.0
s10_offptsB_pts45-r1,4,21,london,161,6776.0,0.5894,1.0977,0.528,1115.0
s10_offptsB_pts45-r1,4,21,pre,204,-22326.0,-1.722,0.785,0.4461,1995.0
s10_offptsB_pts45-r1,4,21,nyam,149,3024.0,0.2753,1.0465,0.5101,900.0
s10_offptsB_pts45-r2,4,22,all,514,10344.0,0.3586,1.0342,0.3521,1995.0
s10_offptsB_pts45-r2,4,22,london,161,17861.0,1.0778,1.1978,0.3851,1115.0
s10_offptsB_pts45-r2,4,22,pre,204,-28176.0,-1.605,0.7881,0.2892,1995.0
s10_offptsB_pts45-r2,4,22,nyam,149,20659.0,1.3232,1.2614,0.4027,905.0
s10_offptsB_pts45-r3,4,23,all,514,-12236.0,-0.362,0.9637,0.2743,1995.0
s10_offptsB_pts45-r3,4,23,london,161,-10349.0,-0.555,0.9036,0.2671,1370.0
s10_offptsB_pts45-r3,4,23,pre,204,-29136.0,-1.3903,0.799,0.2206,1995.0
s10_offptsB_pts45-r3,4,23,nyam,149,27249.0,1.4553,1.3222,0.3557,905.0
s10_offptsB_pct0p1-r0,4,24,all,514,-11446.0,-0.452,0.9159,0.0681,350.0
s10_offptsB_pct0p1-r0,4,24,london,161,-6689.0,-0.4258,0.8442,0.0435,340.0
s10_offptsB_pct0p1-r0,4,24,pre,204,-4261.0,-0.2836,0.9204,0.0735,350.0
s10_offptsB_pct0p1-r0,4,24,nyam,149,-496.0,-0.0379,0.9875,0.0872,345.0
s10_offptsB_pct0p1-r1,4,25,all,514,-14796.0,-2.3356,0.8126,0.463,350.0
s10_offptsB_pct0p1-r1,4,25,london,161,-2554.0,-0.7309,0.8901,0.4845,340.0
s10_offptsB_pct0p1-r1,4,25,pre,204,-8166.0,-2.0558,0.7484,0.4412,350.0
s10_offptsB_pct0p1-r1,4,25,nyam,149,-4076.0,-1.1648,0.8247,0.4698,345.0
s10_offptsB_pct0p1-r2,4,26,all,514,-15226.0,-1.7399,0.8499,0.3093,350.0
s10_offptsB_pct0p1-r2,4,26,london,161,-2974.0,-0.611,0.9028,0.323,340.0
s10_offptsB_pct0p1-r2,4,26,pre,204,-4666.0,-0.8384,0.8825,0.3137,350.0
s10_offptsB_pct0p1-r2,4,26,nyam,149,-7586.0,-1.613,0.7563,0.2886,345.0
s10_offptsB_pct0p1-r3,4,27,all,514,-8236.0,-0.7589,0.9257,0.2432,350.0
s10_offptsB_pct0p1-r3,4,27,london,161,501.0,0.0821,1.0151,0.2609,340.0
s10_offptsB_pct0p1-r3,4,27,pre,204,-2806.0,-0.4064,0.936,0.2402,350.0
s10_offptsB_pct0p1-r3,4,27,nyam,149,-5931.0,-1.0298,0.8242,0.2282,345.0
s10_offptsB_pct0p2-r0,4,28,all,514,-18236.0,-0.5099,0.9264,0.1323,685.0
s10_offptsB_pct0p2-r0,4,28,london,161,-2004.0,-0.086,0.9745,0.1056,685.0
s10_offptsB_pct0p2-r0,4,28,pre,204,-29136.0,-1.5645,0.7102,0.1078,675.0
s10_offptsB_pct0p2-r0,4,28,nyam,149,12904.0,0.6534,1.1879,0.1946,685.0
s10_offptsB_pct0p2-r1,4,29,all,514,-26296.0,-2.0884,0.8306,0.463,685.0
s10_offptsB_pct0p2-r1,4,29,london,161,-4939.0,-0.7108,0.893,0.4783,685.0
s10_offptsB_pct0p2-r1,4,29,pre,204,-11546.0,-1.4604,0.8137,0.4559,675.0
s10_offptsB_pct0p2-r1,4,29,nyam,149,-9811.0,-1.412,0.7918,0.4564,685.0
s10_offptsB_pct0p2-r2,4,30,all,514,-14321.0,-0.812,0.9265,0.321,685.0
s10_offptsB_pct0p2-r2,4,30,london,161,3746.0,0.3753,1.0654,0.3478,685.0
s10_offptsB_pct0p2-r2,4,30,pre,204,-14581.0,-1.3457,0.8181,0.2941,675.0
s10_offptsB_pct0p2-r2,4,30,nyam,149,-3486.0,-0.3588,0.9392,0.3289,685.0
s10_offptsB_pct0p2-r3,4,31,all,514,-646.0,-0.0298,0.997,0.2588,685.0
s10_offptsB_pct0p2-r3,4,31,london,161,6981.0,0.5643,1.1088,0.2733,685.0
s10_offptsB_pct0p2-r3,4,31,pre,204,-3721.0,-0.2731,0.9566,0.2451,675.0
s10_offptsB_pct0p2-r3,4,31,nyam,149,-3906.0,-0.338,0.9382,0.2617,685.0
