2026-10-06T06:43:52+00:00 control pools: pass 1 of 12, NQ 1-minute bars (c1-NQ-tf1; 8 workers)
2026-10-06T06:43:52+00:00 control pools: pass 1 of 12, NQ 1-minute bars (c1-NQ-tf1; 8 workers): days 1-60 of 948 (2240 instances)
2026-10-06T06:45:07+00:00 control pools: pass 1 of 12, NQ 1-minute bars (c1-NQ-tf1; 8 workers): days 61-120 of 948 (2240 instances)
2026-10-06T06:46:18+00:00 control pools: pass 1 of 12, NQ 1-minute bars (c1-NQ-tf1; 8 workers): days 121-180 of 948 (2240 instances)
2026-10-06T06:47:29+00:00 control pools: pass 1 of 12, NQ 1-minute bars (c1-NQ-tf1; 8 workers): days 181-240 of 948 (2240 instances)
2026-10-06T06:48:39+00:00 control pools: pass 1 of 12, NQ 1-minute bars (c1-NQ-tf1; 8 workers): days 241-300 of 948 (2240 instances)
2026-10-06T06:49:49+00:00 control pools: pass 1 of 12, NQ 1-minute bars (c1-NQ-tf1; 8 workers): days 301-360 of 948 (2240 instances)
2026-10-06T06:51:00+00:00 control pools: pass 1 of 12, NQ 1-minute bars (c1-NQ-tf1; 8 workers): days 361-420 of 948 (2240 instances)
2026-10-06T06:52:15+00:00 control pools: pass 1 of 12, NQ 1-minute bars (c1-NQ-tf1; 8 workers): days 421-480 of 948 (2240 instances)
2026-10-06T06:53:28+00:00 control pools: pass 1 of 12, NQ 1-minute bars (c1-NQ-tf1; 8 workers): days 481-540 of 948 (2240 instances)
2026-10-06T06:54:42+00:00 control pools: pass 1 of 12, NQ 1-minute bars (c1-NQ-tf1; 8 workers): days 541-600 of 948 (2240 instances)
2026-10-06T06:55:59+00:00 control pools: pass 1 of 12, NQ 1-minute bars (c1-NQ-tf1; 8 workers): days 601-660 of 948 (2240 instances)
2026-10-06T06:57:14+00:00 control pools: pass 1 of 12, NQ 1-minute bars (c1-NQ-tf1; 8 workers): days 661-720 of 948 (2240 instances)
2026-10-06T06:58:28+00:00 control pools: pass 1 of 12, NQ 1-minute bars (c1-NQ-tf1; 8 workers): days 721-780 of 948 (2240 instances)
2026-10-06T06:59:39+00:00 control pools: pass 1 of 12, NQ 1-minute bars (c1-NQ-tf1; 8 workers): days 781-840 of 948 (2240 instances)
2026-10-06T07:00:51+00:00 control pools: pass 1 of 12, NQ 1-minute bars (c1-NQ-tf1; 8 workers): days 841-900 of 948 (2240 instances)
2026-10-06T07:02:00+00:00 control pools: pass 1 of 12, NQ 1-minute bars (c1-NQ-tf1; 8 workers): days 901-948 of 948 (2240 instances)
2026-10-06T07:03:02+00:00 null_bp c1-NQ-tf1: 320 cells, 5,139,741 trades, 1131.62 s of tape (wall 1143 s, 8 workers)
2026-10-06T07:03:02+00:00 control pools: pass 2 of 12, NQ 5-minute bars (c1-NQ-tf5; 8 workers)
2026-10-06T07:03:02+00:00 control pools: pass 2 of 12, NQ 5-minute bars (c1-NQ-tf5; 8 workers): days 1-60 of 948 (2240 instances)
2026-10-06T07:03:57+00:00 control pools: pass 2 of 12, NQ 5-minute bars (c1-NQ-tf5; 8 workers): days 61-120 of 948 (2240 instances)
2026-10-06T07:04:50+00:00 control pools: pass 2 of 12, NQ 5-minute bars (c1-NQ-tf5; 8 workers): days 121-180 of 948 (2240 instances)
2026-10-06T07:05:43+00:00 control pools: pass 2 of 12, NQ 5-minute bars (c1-NQ-tf5; 8 workers): days 181-240 of 948 (2240 instances)
2026-10-06T07:06:37+00:00 control pools: pass 2 of 12, NQ 5-minute bars (c1-NQ-tf5; 8 workers): days 241-300 of 948 (2240 instances)
2026-10-06T07:07:31+00:00 control pools: pass 2 of 12, NQ 5-minute bars (c1-NQ-tf5; 8 workers): days 301-360 of 948 (2240 instances)
2026-10-06T07:08:28+00:00 control pools: pass 2 of 12, NQ 5-minute bars (c1-NQ-tf5; 8 workers): days 361-420 of 948 (2240 instances)
2026-10-06T07:09:25+00:00 control pools: pass 2 of 12, NQ 5-minute bars (c1-NQ-tf5; 8 workers): days 421-480 of 948 (2240 instances)
2026-10-06T07:10:23+00:00 control pools: pass 2 of 12, NQ 5-minute bars (c1-NQ-tf5; 8 workers): days 481-540 of 948 (2240 instances)
2026-10-06T07:11:20+00:00 control pools: pass 2 of 12, NQ 5-minute bars (c1-NQ-tf5; 8 workers): days 541-600 of 948 (2240 instances)
2026-10-06T07:12:20+00:00 control pools: pass 2 of 12, NQ 5-minute bars (c1-NQ-tf5; 8 workers): days 601-660 of 948 (2240 instances)
2026-10-06T07:13:18+00:00 control pools: pass 2 of 12, NQ 5-minute bars (c1-NQ-tf5; 8 workers): days 661-720 of 948 (2240 instances)
2026-10-06T07:14:15+00:00 control pools: pass 2 of 12, NQ 5-minute bars (c1-NQ-tf5; 8 workers): days 721-780 of 948 (2240 instances)
2026-10-06T07:15:10+00:00 control pools: pass 2 of 12, NQ 5-minute bars (c1-NQ-tf5; 8 workers): days 781-840 of 948 (2240 instances)
2026-10-06T07:16:06+00:00 control pools: pass 2 of 12, NQ 5-minute bars (c1-NQ-tf5; 8 workers): days 841-900 of 948 (2240 instances)
2026-10-06T07:16:59+00:00 control pools: pass 2 of 12, NQ 5-minute bars (c1-NQ-tf5; 8 workers): days 901-948 of 948 (2240 instances)
2026-10-06T07:17:48+00:00 null_bp c1-NQ-tf5: 320 cells, 4,666,933 trades, 870.41 s of tape (wall 881 s, 8 workers)
2026-10-06T07:17:48+00:00 control pools: pass 3 of 12, NQ 15-minute bars (c1-NQ-tf15; 8 workers)
2026-10-06T07:17:48+00:00 control pools: pass 3 of 12, NQ 15-minute bars (c1-NQ-tf15; 8 workers): days 1-60 of 948 (2240 instances)
2026-10-06T07:18:40+00:00 control pools: pass 3 of 12, NQ 15-minute bars (c1-NQ-tf15; 8 workers): days 61-120 of 948 (2240 instances)
2026-10-06T07:19:30+00:00 control pools: pass 3 of 12, NQ 15-minute bars (c1-NQ-tf15; 8 workers): days 121-180 of 948 (2240 instances)
2026-10-06T07:20:20+00:00 control pools: pass 3 of 12, NQ 15-minute bars (c1-NQ-tf15; 8 workers): days 181-240 of 948 (2240 instances)
2026-10-06T07:21:11+00:00 control pools: pass 3 of 12, NQ 15-minute bars (c1-NQ-tf15; 8 workers): days 241-300 of 948 (2240 instances)
2026-10-06T07:22:03+00:00 control pools: pass 3 of 12, NQ 15-minute bars (c1-NQ-tf15; 8 workers): days 301-360 of 948 (2240 instances)
2026-10-06T07:22:57+00:00 control pools: pass 3 of 12, NQ 15-minute bars (c1-NQ-tf15; 8 workers): days 361-420 of 948 (2240 instances)
2026-10-06T07:23:51+00:00 control pools: pass 3 of 12, NQ 15-minute bars (c1-NQ-tf15; 8 workers): days 421-480 of 948 (2240 instances)
2026-10-06T07:24:46+00:00 control pools: pass 3 of 12, NQ 15-minute bars (c1-NQ-tf15; 8 workers): days 481-540 of 948 (2240 instances)
2026-10-06T07:25:42+00:00 control pools: pass 3 of 12, NQ 15-minute bars (c1-NQ-tf15; 8 workers): days 541-600 of 948 (2240 instances)
2026-10-06T07:26:40+00:00 control pools: pass 3 of 12, NQ 15-minute bars (c1-NQ-tf15; 8 workers): days 601-660 of 948 (2240 instances)
2026-10-06T07:27:38+00:00 control pools: pass 3 of 12, NQ 15-minute bars (c1-NQ-tf15; 8 workers): days 661-720 of 948 (2240 instances)
2026-10-06T07:28:35+00:00 control pools: pass 3 of 12, NQ 15-minute bars (c1-NQ-tf15; 8 workers): days 721-780 of 948 (2240 instances)
2026-10-06T07:29:27+00:00 control pools: pass 3 of 12, NQ 15-minute bars (c1-NQ-tf15; 8 workers): days 781-840 of 948 (2240 instances)
2026-10-06T07:30:20+00:00 control pools: pass 3 of 12, NQ 15-minute bars (c1-NQ-tf15; 8 workers): days 841-900 of 948 (2240 instances)
2026-10-06T07:31:10+00:00 control pools: pass 3 of 12, NQ 15-minute bars (c1-NQ-tf15; 8 workers): days 901-948 of 948 (2240 instances)
2026-10-06T07:31:56+00:00 null_bp c1-NQ-tf15: 320 cells, 3,893,977 trades, 833.47 s of tape (wall 843 s, 8 workers)
2026-10-06T07:31:56+00:00 control pools: pass 4 of 12, NQ 30-minute bars (c1-NQ-tf30; 8 workers)
2026-10-06T07:31:56+00:00 control pools: pass 4 of 12, NQ 30-minute bars (c1-NQ-tf30; 8 workers): days 1-60 of 948 (2240 instances)
2026-10-06T07:32:48+00:00 control pools: pass 4 of 12, NQ 30-minute bars (c1-NQ-tf30; 8 workers): days 61-120 of 948 (2240 instances)
2026-10-06T07:33:38+00:00 control pools: pass 4 of 12, NQ 30-minute bars (c1-NQ-tf30; 8 workers): days 121-180 of 948 (2240 instances)
2026-10-06T07:34:26+00:00 control pools: pass 4 of 12, NQ 30-minute bars (c1-NQ-tf30; 8 workers): days 181-240 of 948 (2240 instances)
2026-10-06T07:35:14+00:00 control pools: pass 4 of 12, NQ 30-minute bars (c1-NQ-tf30; 8 workers): days 241-300 of 948 (2240 instances)
2026-10-06T07:36:03+00:00 control pools: pass 4 of 12, NQ 30-minute bars (c1-NQ-tf30; 8 workers): days 301-360 of 948 (2240 instances)
2026-10-06T07:36:53+00:00 control pools: pass 4 of 12, NQ 30-minute bars (c1-NQ-tf30; 8 workers): days 361-420 of 948 (2240 instances)
2026-10-06T07:37:48+00:00 control pools: pass 4 of 12, NQ 30-minute bars (c1-NQ-tf30; 8 workers): days 421-480 of 948 (2240 instances)
2026-10-06T07:38:42+00:00 control pools: pass 4 of 12, NQ 30-minute bars (c1-NQ-tf30; 8 workers): days 481-540 of 948 (2240 instances)
2026-10-06T07:39:37+00:00 control pools: pass 4 of 12, NQ 30-minute bars (c1-NQ-tf30; 8 workers): days 541-600 of 948 (2240 instances)
2026-10-06T07:40:31+00:00 control pools: pass 4 of 12, NQ 30-minute bars (c1-NQ-tf30; 8 workers): days 601-660 of 948 (2240 instances)
2026-10-06T07:41:25+00:00 control pools: pass 4 of 12, NQ 30-minute bars (c1-NQ-tf30; 8 workers): days 661-720 of 948 (2240 instances)
2026-10-06T07:42:19+00:00 control pools: pass 4 of 12, NQ 30-minute bars (c1-NQ-tf30; 8 workers): days 721-780 of 948 (2240 instances)
2026-10-06T07:43:10+00:00 control pools: pass 4 of 12, NQ 30-minute bars (c1-NQ-tf30; 8 workers): days 781-840 of 948 (2240 instances)
2026-10-06T07:44:00+00:00 control pools: pass 4 of 12, NQ 30-minute bars (c1-NQ-tf30; 8 workers): days 841-900 of 948 (2240 instances)
2026-10-06T07:44:48+00:00 control pools: pass 4 of 12, NQ 30-minute bars (c1-NQ-tf30; 8 workers): days 901-948 of 948 (2240 instances)
2026-10-06T07:45:31+00:00 null_bp c1-NQ-tf30: 320 cells, 2,817,482 trades, 804.53 s of tape (wall 812 s, 8 workers)
2026-10-06T07:45:31+00:00 control pools: pass 5 of 12, ES 1-minute bars (c1-ES-tf1; 8 workers)
2026-10-06T07:45:31+00:00 control pools: pass 5 of 12, ES 1-minute bars (c1-ES-tf1; 8 workers): days 1-60 of 948 (2240 instances)
2026-10-06T07:46:51+00:00 control pools: pass 5 of 12, ES 1-minute bars (c1-ES-tf1; 8 workers): days 61-120 of 948 (2240 instances)
2026-10-06T07:48:09+00:00 control pools: pass 5 of 12, ES 1-minute bars (c1-ES-tf1; 8 workers): days 121-180 of 948 (2240 instances)
2026-10-06T07:49:24+00:00 control pools: pass 5 of 12, ES 1-minute bars (c1-ES-tf1; 8 workers): days 181-240 of 948 (2240 instances)
2026-10-06T07:50:38+00:00 control pools: pass 5 of 12, ES 1-minute bars (c1-ES-tf1; 8 workers): days 241-300 of 948 (2240 instances)
2026-10-06T07:51:51+00:00 control pools: pass 5 of 12, ES 1-minute bars (c1-ES-tf1; 8 workers): days 301-360 of 948 (2240 instances)
2026-10-06T07:53:06+00:00 control pools: pass 5 of 12, ES 1-minute bars (c1-ES-tf1; 8 workers): days 361-420 of 948 (2240 instances)
2026-10-06T07:54:25+00:00 control pools: pass 5 of 12, ES 1-minute bars (c1-ES-tf1; 8 workers): days 421-480 of 948 (2240 instances)
2026-10-06T07:55:45+00:00 control pools: pass 5 of 12, ES 1-minute bars (c1-ES-tf1; 8 workers): days 481-540 of 948 (2240 instances)
2026-10-06T07:57:03+00:00 control pools: pass 5 of 12, ES 1-minute bars (c1-ES-tf1; 8 workers): days 541-600 of 948 (2240 instances)
2026-10-06T07:58:27+00:00 control pools: pass 5 of 12, ES 1-minute bars (c1-ES-tf1; 8 workers): days 601-660 of 948 (2240 instances)
2026-10-06T07:59:47+00:00 control pools: pass 5 of 12, ES 1-minute bars (c1-ES-tf1; 8 workers): days 661-720 of 948 (2240 instances)
2026-10-06T08:01:07+00:00 control pools: pass 5 of 12, ES 1-minute bars (c1-ES-tf1; 8 workers): days 721-780 of 948 (2240 instances)
2026-10-06T08:02:23+00:00 control pools: pass 5 of 12, ES 1-minute bars (c1-ES-tf1; 8 workers): days 781-840 of 948 (2240 instances)
2026-10-06T08:03:40+00:00 control pools: pass 5 of 12, ES 1-minute bars (c1-ES-tf1; 8 workers): days 841-900 of 948 (2240 instances)
2026-10-06T08:04:53+00:00 control pools: pass 5 of 12, ES 1-minute bars (c1-ES-tf1; 8 workers): days 901-948 of 948 (2240 instances)
2026-10-06T08:05:57+00:00 null_bp c1-ES-tf1: 320 cells, 4,944,584 trades, 1209.33 s of tape (wall 1221 s, 8 workers)
2026-10-06T08:05:57+00:00 control pools: pass 6 of 12, ES 5-minute bars (c1-ES-tf5; 8 workers)
2026-10-06T08:05:57+00:00 control pools: pass 6 of 12, ES 5-minute bars (c1-ES-tf5; 8 workers): days 1-60 of 948 (2240 instances)
2026-10-06T08:06:56+00:00 control pools: pass 6 of 12, ES 5-minute bars (c1-ES-tf5; 8 workers): days 61-120 of 948 (2240 instances)
2026-10-06T08:07:52+00:00 control pools: pass 6 of 12, ES 5-minute bars (c1-ES-tf5; 8 workers): days 121-180 of 948 (2240 instances)
2026-10-06T08:08:48+00:00 control pools: pass 6 of 12, ES 5-minute bars (c1-ES-tf5; 8 workers): days 181-240 of 948 (2240 instances)
2026-10-06T08:09:44+00:00 control pools: pass 6 of 12, ES 5-minute bars (c1-ES-tf5; 8 workers): days 241-300 of 948 (2240 instances)
2026-10-06T08:10:41+00:00 control pools: pass 6 of 12, ES 5-minute bars (c1-ES-tf5; 8 workers): days 301-360 of 948 (2240 instances)
2026-10-06T08:11:40+00:00 control pools: pass 6 of 12, ES 5-minute bars (c1-ES-tf5; 8 workers): days 361-420 of 948 (2240 instances)
2026-10-06T08:12:39+00:00 control pools: pass 6 of 12, ES 5-minute bars (c1-ES-tf5; 8 workers): days 421-480 of 948 (2240 instances)
2026-10-06T08:13:41+00:00 control pools: pass 6 of 12, ES 5-minute bars (c1-ES-tf5; 8 workers): days 481-540 of 948 (2240 instances)
2026-10-06T08:14:41+00:00 control pools: pass 6 of 12, ES 5-minute bars (c1-ES-tf5; 8 workers): days 541-600 of 948 (2240 instances)
2026-10-06T08:15:45+00:00 control pools: pass 6 of 12, ES 5-minute bars (c1-ES-tf5; 8 workers): days 601-660 of 948 (2240 instances)
2026-10-06T08:16:47+00:00 control pools: pass 6 of 12, ES 5-minute bars (c1-ES-tf5; 8 workers): days 661-720 of 948 (2240 instances)
2026-10-06T08:17:49+00:00 control pools: pass 6 of 12, ES 5-minute bars (c1-ES-tf5; 8 workers): days 721-780 of 948 (2240 instances)
2026-10-06T08:18:48+00:00 control pools: pass 6 of 12, ES 5-minute bars (c1-ES-tf5; 8 workers): days 781-840 of 948 (2240 instances)
2026-10-06T08:19:49+00:00 control pools: pass 6 of 12, ES 5-minute bars (c1-ES-tf5; 8 workers): days 841-900 of 948 (2240 instances)
2026-10-06T08:20:45+00:00 control pools: pass 6 of 12, ES 5-minute bars (c1-ES-tf5; 8 workers): days 901-948 of 948 (2240 instances)
2026-10-06T08:21:36+00:00 null_bp c1-ES-tf5: 320 cells, 4,473,629 trades, 923.19 s of tape (wall 934 s, 8 workers)
2026-10-06T08:21:36+00:00 control pools: pass 7 of 12, ES 15-minute bars (c1-ES-tf15; 8 workers)
2026-10-06T08:21:36+00:00 control pools: pass 7 of 12, ES 15-minute bars (c1-ES-tf15; 8 workers): days 1-60 of 948 (2240 instances)
2026-10-06T08:22:32+00:00 control pools: pass 7 of 12, ES 15-minute bars (c1-ES-tf15; 8 workers): days 61-120 of 948 (2240 instances)
2026-10-06T08:23:24+00:00 control pools: pass 7 of 12, ES 15-minute bars (c1-ES-tf15; 8 workers): days 121-180 of 948 (2240 instances)
2026-10-06T08:24:16+00:00 control pools: pass 7 of 12, ES 15-minute bars (c1-ES-tf15; 8 workers): days 181-240 of 948 (2240 instances)
2026-10-06T08:25:08+00:00 control pools: pass 7 of 12, ES 15-minute bars (c1-ES-tf15; 8 workers): days 241-300 of 948 (2240 instances)
2026-10-06T08:26:00+00:00 control pools: pass 7 of 12, ES 15-minute bars (c1-ES-tf15; 8 workers): days 301-360 of 948 (2240 instances)
2026-10-06T08:26:53+00:00 control pools: pass 7 of 12, ES 15-minute bars (c1-ES-tf15; 8 workers): days 361-420 of 948 (2240 instances)
2026-10-06T08:27:48+00:00 control pools: pass 7 of 12, ES 15-minute bars (c1-ES-tf15; 8 workers): days 421-480 of 948 (2240 instances)
2026-10-06T08:28:45+00:00 control pools: pass 7 of 12, ES 15-minute bars (c1-ES-tf15; 8 workers): days 481-540 of 948 (2240 instances)
2026-10-06T08:29:40+00:00 control pools: pass 7 of 12, ES 15-minute bars (c1-ES-tf15; 8 workers): days 541-600 of 948 (2240 instances)
2026-10-06T08:30:39+00:00 control pools: pass 7 of 12, ES 15-minute bars (c1-ES-tf15; 8 workers): days 601-660 of 948 (2240 instances)
2026-10-06T08:31:36+00:00 control pools: pass 7 of 12, ES 15-minute bars (c1-ES-tf15; 8 workers): days 661-720 of 948 (2240 instances)
2026-10-06T08:32:32+00:00 control pools: pass 7 of 12, ES 15-minute bars (c1-ES-tf15; 8 workers): days 721-780 of 948 (2240 instances)
2026-10-06T08:33:27+00:00 control pools: pass 7 of 12, ES 15-minute bars (c1-ES-tf15; 8 workers): days 781-840 of 948 (2240 instances)
2026-10-06T08:34:22+00:00 control pools: pass 7 of 12, ES 15-minute bars (c1-ES-tf15; 8 workers): days 841-900 of 948 (2240 instances)
2026-10-06T08:35:15+00:00 control pools: pass 7 of 12, ES 15-minute bars (c1-ES-tf15; 8 workers): days 901-948 of 948 (2240 instances)
2026-10-06T08:36:02+00:00 null_bp c1-ES-tf15: 320 cells, 3,732,768 trades, 851.98 s of tape (wall 861 s, 8 workers)
2026-10-06T08:36:02+00:00 control pools: pass 8 of 12, ES 30-minute bars (c1-ES-tf30; 8 workers)
2026-10-06T08:36:02+00:00 control pools: pass 8 of 12, ES 30-minute bars (c1-ES-tf30; 8 workers): days 1-60 of 948 (2240 instances)
2026-10-06T08:36:53+00:00 control pools: pass 8 of 12, ES 30-minute bars (c1-ES-tf30; 8 workers): days 61-120 of 948 (2240 instances)
2026-10-06T08:37:43+00:00 control pools: pass 8 of 12, ES 30-minute bars (c1-ES-tf30; 8 workers): days 121-180 of 948 (2240 instances)
2026-10-06T08:38:32+00:00 control pools: pass 8 of 12, ES 30-minute bars (c1-ES-tf30; 8 workers): days 181-240 of 948 (2240 instances)
2026-10-06T08:39:23+00:00 control pools: pass 8 of 12, ES 30-minute bars (c1-ES-tf30; 8 workers): days 241-300 of 948 (2240 instances)
2026-10-06T08:40:16+00:00 control pools: pass 8 of 12, ES 30-minute bars (c1-ES-tf30; 8 workers): days 301-360 of 948 (2240 instances)
2026-10-06T08:41:10+00:00 control pools: pass 8 of 12, ES 30-minute bars (c1-ES-tf30; 8 workers): days 361-420 of 948 (2240 instances)
2026-10-06T08:42:03+00:00 control pools: pass 8 of 12, ES 30-minute bars (c1-ES-tf30; 8 workers): days 421-480 of 948 (2240 instances)
2026-10-06T08:42:56+00:00 control pools: pass 8 of 12, ES 30-minute bars (c1-ES-tf30; 8 workers): days 481-540 of 948 (2240 instances)
2026-10-06T08:43:49+00:00 control pools: pass 8 of 12, ES 30-minute bars (c1-ES-tf30; 8 workers): days 541-600 of 948 (2240 instances)
2026-10-06T08:44:49+00:00 control pools: pass 8 of 12, ES 30-minute bars (c1-ES-tf30; 8 workers): days 601-660 of 948 (2240 instances)
2026-10-06T08:45:43+00:00 control pools: pass 8 of 12, ES 30-minute bars (c1-ES-tf30; 8 workers): days 661-720 of 948 (2240 instances)
2026-10-06T08:46:37+00:00 control pools: pass 8 of 12, ES 30-minute bars (c1-ES-tf30; 8 workers): days 721-780 of 948 (2240 instances)
2026-10-06T08:47:31+00:00 control pools: pass 8 of 12, ES 30-minute bars (c1-ES-tf30; 8 workers): days 781-840 of 948 (2240 instances)
2026-10-06T08:48:24+00:00 control pools: pass 8 of 12, ES 30-minute bars (c1-ES-tf30; 8 workers): days 841-900 of 948 (2240 instances)
2026-10-06T08:49:15+00:00 control pools: pass 8 of 12, ES 30-minute bars (c1-ES-tf30; 8 workers): days 901-948 of 948 (2240 instances)
2026-10-06T08:50:01+00:00 null_bp c1-ES-tf30: 320 cells, 2,729,536 trades, 828.88 s of tape (wall 836 s, 8 workers)
2026-10-06T08:50:01+00:00 control pools: pass 9 of 12, GC 1-minute bars (c1-GC-tf1; 8 workers)
2026-10-06T08:50:01+00:00 control pools: pass 9 of 12, GC 1-minute bars (c1-GC-tf1; 8 workers): days 1-60 of 947 (2240 instances)
2026-10-06T08:51:23+00:00 control pools: pass 9 of 12, GC 1-minute bars (c1-GC-tf1; 8 workers): days 61-120 of 947 (2240 instances)
2026-10-06T08:52:42+00:00 control pools: pass 9 of 12, GC 1-minute bars (c1-GC-tf1; 8 workers): days 121-180 of 947 (2240 instances)
2026-10-06T08:53:58+00:00 control pools: pass 9 of 12, GC 1-minute bars (c1-GC-tf1; 8 workers): days 181-240 of 947 (2240 instances)
2026-10-06T08:55:18+00:00 control pools: pass 9 of 12, GC 1-minute bars (c1-GC-tf1; 8 workers): days 241-300 of 947 (2240 instances)
2026-10-06T08:56:34+00:00 control pools: pass 9 of 12, GC 1-minute bars (c1-GC-tf1; 8 workers): days 301-360 of 947 (2240 instances)
2026-10-06T08:57:52+00:00 control pools: pass 9 of 12, GC 1-minute bars (c1-GC-tf1; 8 workers): days 361-420 of 947 (2240 instances)
2026-10-06T08:59:13+00:00 control pools: pass 9 of 12, GC 1-minute bars (c1-GC-tf1; 8 workers): days 421-480 of 947 (2240 instances)
2026-10-06T09:00:39+00:00 control pools: pass 9 of 12, GC 1-minute bars (c1-GC-tf1; 8 workers): days 481-540 of 947 (2240 instances)
2026-10-06T09:02:09+00:00 control pools: pass 9 of 12, GC 1-minute bars (c1-GC-tf1; 8 workers): days 541-600 of 947 (2240 instances)
2026-10-06T09:03:26+00:00 control pools: pass 9 of 12, GC 1-minute bars (c1-GC-tf1; 8 workers): days 601-660 of 947 (2240 instances)
2026-10-06T09:04:42+00:00 control pools: pass 9 of 12, GC 1-minute bars (c1-GC-tf1; 8 workers): days 661-720 of 947 (2240 instances)
2026-10-06T09:05:59+00:00 control pools: pass 9 of 12, GC 1-minute bars (c1-GC-tf1; 8 workers): days 721-780 of 947 (2240 instances)
2026-10-06T09:07:18+00:00 control pools: pass 9 of 12, GC 1-minute bars (c1-GC-tf1; 8 workers): days 781-840 of 947 (2240 instances)
2026-10-06T09:08:32+00:00 control pools: pass 9 of 12, GC 1-minute bars (c1-GC-tf1; 8 workers): days 841-900 of 947 (2240 instances)
2026-10-06T09:09:42+00:00 control pools: pass 9 of 12, GC 1-minute bars (c1-GC-tf1; 8 workers): days 901-947 of 947 (2240 instances)
2026-10-06T09:10:41+00:00 null_bp c1-GC-tf1: 320 cells, 4,704,568 trades, 1224.39 s of tape (wall 1236 s, 8 workers)
2026-10-06T09:10:41+00:00 control pools: pass 10 of 12, GC 5-minute bars (c1-GC-tf5; 8 workers)
2026-10-06T09:10:41+00:00 control pools: pass 10 of 12, GC 5-minute bars (c1-GC-tf5; 8 workers): days 1-60 of 947 (2240 instances)
2026-10-06T09:11:39+00:00 control pools: pass 10 of 12, GC 5-minute bars (c1-GC-tf5; 8 workers): days 61-120 of 947 (2240 instances)
2026-10-06T09:12:37+00:00 control pools: pass 10 of 12, GC 5-minute bars (c1-GC-tf5; 8 workers): days 121-180 of 947 (2240 instances)
2026-10-06T09:13:37+00:00 control pools: pass 10 of 12, GC 5-minute bars (c1-GC-tf5; 8 workers): days 181-240 of 947 (2240 instances)
2026-10-06T09:14:37+00:00 control pools: pass 10 of 12, GC 5-minute bars (c1-GC-tf5; 8 workers): days 241-300 of 947 (2240 instances)
2026-10-06T09:15:36+00:00 control pools: pass 10 of 12, GC 5-minute bars (c1-GC-tf5; 8 workers): days 301-360 of 947 (2240 instances)
2026-10-06T09:16:37+00:00 control pools: pass 10 of 12, GC 5-minute bars (c1-GC-tf5; 8 workers): days 361-420 of 947 (2240 instances)
2026-10-06T09:17:35+00:00 control pools: pass 10 of 12, GC 5-minute bars (c1-GC-tf5; 8 workers): days 421-480 of 947 (2240 instances)
2026-10-06T09:18:39+00:00 control pools: pass 10 of 12, GC 5-minute bars (c1-GC-tf5; 8 workers): days 481-540 of 947 (2240 instances)
2026-10-06T09:19:44+00:00 control pools: pass 10 of 12, GC 5-minute bars (c1-GC-tf5; 8 workers): days 541-600 of 947 (2240 instances)
2026-10-06T09:20:42+00:00 control pools: pass 10 of 12, GC 5-minute bars (c1-GC-tf5; 8 workers): days 601-660 of 947 (2240 instances)
2026-10-06T09:21:42+00:00 control pools: pass 10 of 12, GC 5-minute bars (c1-GC-tf5; 8 workers): days 661-720 of 947 (2240 instances)
2026-10-06T09:22:40+00:00 control pools: pass 10 of 12, GC 5-minute bars (c1-GC-tf5; 8 workers): days 721-780 of 947 (2240 instances)
2026-10-06T09:23:39+00:00 control pools: pass 10 of 12, GC 5-minute bars (c1-GC-tf5; 8 workers): days 781-840 of 947 (2240 instances)
2026-10-06T09:24:36+00:00 control pools: pass 10 of 12, GC 5-minute bars (c1-GC-tf5; 8 workers): days 841-900 of 947 (2240 instances)
2026-10-06T09:25:30+00:00 control pools: pass 10 of 12, GC 5-minute bars (c1-GC-tf5; 8 workers): days 901-947 of 947 (2240 instances)
2026-10-06T09:26:16+00:00 null_bp c1-GC-tf5: 320 cells, 4,195,442 trades, 919.8 s of tape (wall 930 s, 8 workers)
2026-10-06T09:26:16+00:00 control pools: pass 11 of 12, GC 15-minute bars (c1-GC-tf15; 8 workers)
2026-10-06T09:26:16+00:00 control pools: pass 11 of 12, GC 15-minute bars (c1-GC-tf15; 8 workers): days 1-60 of 947 (2240 instances)
2026-10-06T09:27:10+00:00 control pools: pass 11 of 12, GC 15-minute bars (c1-GC-tf15; 8 workers): days 61-120 of 947 (2240 instances)
2026-10-06T09:28:05+00:00 control pools: pass 11 of 12, GC 15-minute bars (c1-GC-tf15; 8 workers): days 121-180 of 947 (2240 instances)
2026-10-06T09:28:58+00:00 control pools: pass 11 of 12, GC 15-minute bars (c1-GC-tf15; 8 workers): days 181-240 of 947 (2240 instances)
2026-10-06T09:29:52+00:00 control pools: pass 11 of 12, GC 15-minute bars (c1-GC-tf15; 8 workers): days 241-300 of 947 (2240 instances)
2026-10-06T09:30:46+00:00 control pools: pass 11 of 12, GC 15-minute bars (c1-GC-tf15; 8 workers): days 301-360 of 947 (2240 instances)
2026-10-06T09:31:42+00:00 control pools: pass 11 of 12, GC 15-minute bars (c1-GC-tf15; 8 workers): days 361-420 of 947 (2240 instances)
2026-10-06T09:32:39+00:00 control pools: pass 11 of 12, GC 15-minute bars (c1-GC-tf15; 8 workers): days 421-480 of 947 (2240 instances)
2026-10-06T09:33:38+00:00 control pools: pass 11 of 12, GC 15-minute bars (c1-GC-tf15; 8 workers): days 481-540 of 947 (2240 instances)
2026-10-06T09:34:38+00:00 control pools: pass 11 of 12, GC 15-minute bars (c1-GC-tf15; 8 workers): days 541-600 of 947 (2240 instances)
2026-10-06T09:35:32+00:00 control pools: pass 11 of 12, GC 15-minute bars (c1-GC-tf15; 8 workers): days 601-660 of 947 (2240 instances)
2026-10-06T09:36:26+00:00 control pools: pass 11 of 12, GC 15-minute bars (c1-GC-tf15; 8 workers): days 661-720 of 947 (2240 instances)
2026-10-06T09:37:19+00:00 control pools: pass 11 of 12, GC 15-minute bars (c1-GC-tf15; 8 workers): days 721-780 of 947 (2240 instances)
2026-10-06T09:38:11+00:00 control pools: pass 11 of 12, GC 15-minute bars (c1-GC-tf15; 8 workers): days 781-840 of 947 (2240 instances)
2026-10-06T09:39:03+00:00 control pools: pass 11 of 12, GC 15-minute bars (c1-GC-tf15; 8 workers): days 841-900 of 947 (2240 instances)
2026-10-06T09:39:53+00:00 control pools: pass 11 of 12, GC 15-minute bars (c1-GC-tf15; 8 workers): days 901-947 of 947 (2240 instances)
2026-10-06T09:40:37+00:00 null_bp c1-GC-tf15: 320 cells, 3,472,835 trades, 847.98 s of tape (wall 856 s, 8 workers)
2026-10-06T09:40:37+00:00 control pools: pass 12 of 12, GC 30-minute bars (c1-GC-tf30; 8 workers)
2026-10-06T09:40:37+00:00 control pools: pass 12 of 12, GC 30-minute bars (c1-GC-tf30; 8 workers): days 1-60 of 947 (2240 instances)
2026-10-06T09:41:27+00:00 control pools: pass 12 of 12, GC 30-minute bars (c1-GC-tf30; 8 workers): days 61-120 of 947 (2240 instances)
2026-10-06T09:42:17+00:00 control pools: pass 12 of 12, GC 30-minute bars (c1-GC-tf30; 8 workers): days 121-180 of 947 (2240 instances)
2026-10-06T09:43:07+00:00 control pools: pass 12 of 12, GC 30-minute bars (c1-GC-tf30; 8 workers): days 181-240 of 947 (2240 instances)
2026-10-06T09:43:57+00:00 control pools: pass 12 of 12, GC 30-minute bars (c1-GC-tf30; 8 workers): days 241-300 of 947 (2240 instances)
2026-10-06T09:44:46+00:00 control pools: pass 12 of 12, GC 30-minute bars (c1-GC-tf30; 8 workers): days 301-360 of 947 (2240 instances)
2026-10-06T09:45:35+00:00 control pools: pass 12 of 12, GC 30-minute bars (c1-GC-tf30; 8 workers): days 361-420 of 947 (2240 instances)
2026-10-06T09:46:25+00:00 control pools: pass 12 of 12, GC 30-minute bars (c1-GC-tf30; 8 workers): days 421-480 of 947 (2240 instances)
2026-10-06T09:47:17+00:00 control pools: pass 12 of 12, GC 30-minute bars (c1-GC-tf30; 8 workers): days 481-540 of 947 (2240 instances)
2026-10-06T09:48:10+00:00 control pools: pass 12 of 12, GC 30-minute bars (c1-GC-tf30; 8 workers): days 541-600 of 947 (2240 instances)
2026-10-06T09:49:01+00:00 control pools: pass 12 of 12, GC 30-minute bars (c1-GC-tf30; 8 workers): days 601-660 of 947 (2240 instances)
2026-10-06T09:49:51+00:00 control pools: pass 12 of 12, GC 30-minute bars (c1-GC-tf30; 8 workers): days 661-720 of 947 (2240 instances)
2026-10-06T09:50:40+00:00 control pools: pass 12 of 12, GC 30-minute bars (c1-GC-tf30; 8 workers): days 721-780 of 947 (2240 instances)
2026-10-06T09:51:29+00:00 control pools: pass 12 of 12, GC 30-minute bars (c1-GC-tf30; 8 workers): days 781-840 of 947 (2240 instances)
2026-10-06T09:52:17+00:00 control pools: pass 12 of 12, GC 30-minute bars (c1-GC-tf30; 8 workers): days 841-900 of 947 (2240 instances)
2026-10-06T09:53:04+00:00 control pools: pass 12 of 12, GC 30-minute bars (c1-GC-tf30; 8 workers): days 901-947 of 947 (2240 instances)
2026-10-06T09:53:44+00:00 null_bp c1-GC-tf30: 320 cells, 2,604,882 trades, 778.02 s of tape (wall 785 s, 8 workers)
2026-10-06T10:23:08+00:00 idea demo_range_break_nq: pass 1 of 4, NQ 15-minute bars (demo_range_break_nq-NQ-tf15; 8 workers)
2026-10-06T10:23:08+00:00 idea demo_range_break_nq: pass 1 of 4, NQ 15-minute bars (demo_range_break_nq-NQ-tf15; 8 workers): days 1-60 of 948 (256 instances)
2026-10-06T10:23:15+00:00 idea demo_range_break_nq: pass 1 of 4, NQ 15-minute bars (demo_range_break_nq-NQ-tf15; 8 workers): days 61-120 of 948 (256 instances)
2026-10-06T10:23:21+00:00 idea demo_range_break_nq: pass 1 of 4, NQ 15-minute bars (demo_range_break_nq-NQ-tf15; 8 workers): days 121-180 of 948 (256 instances)
2026-10-06T10:23:27+00:00 idea demo_range_break_nq: pass 1 of 4, NQ 15-minute bars (demo_range_break_nq-NQ-tf15; 8 workers): days 181-240 of 948 (256 instances)
2026-10-06T10:23:33+00:00 idea demo_range_break_nq: pass 1 of 4, NQ 15-minute bars (demo_range_break_nq-NQ-tf15; 8 workers): days 241-300 of 948 (256 instances)
2026-10-06T10:23:40+00:00 idea demo_range_break_nq: pass 1 of 4, NQ 15-minute bars (demo_range_break_nq-NQ-tf15; 8 workers): days 301-360 of 948 (256 instances)
2026-10-06T10:23:46+00:00 idea demo_range_break_nq: pass 1 of 4, NQ 15-minute bars (demo_range_break_nq-NQ-tf15; 8 workers): days 361-420 of 948 (256 instances)
2026-10-06T10:23:53+00:00 idea demo_range_break_nq: pass 1 of 4, NQ 15-minute bars (demo_range_break_nq-NQ-tf15; 8 workers): days 421-480 of 948 (256 instances)
2026-10-06T10:23:59+00:00 idea demo_range_break_nq: pass 1 of 4, NQ 15-minute bars (demo_range_break_nq-NQ-tf15; 8 workers): days 481-540 of 948 (256 instances)
2026-10-06T10:24:06+00:00 idea demo_range_break_nq: pass 1 of 4, NQ 15-minute bars (demo_range_break_nq-NQ-tf15; 8 workers): days 541-600 of 948 (256 instances)
2026-10-06T10:24:13+00:00 idea demo_range_break_nq: pass 1 of 4, NQ 15-minute bars (demo_range_break_nq-NQ-tf15; 8 workers): days 601-660 of 948 (256 instances)
2026-10-06T10:24:20+00:00 idea demo_range_break_nq: pass 1 of 4, NQ 15-minute bars (demo_range_break_nq-NQ-tf15; 8 workers): days 661-720 of 948 (256 instances)
2026-10-06T10:24:26+00:00 idea demo_range_break_nq: pass 1 of 4, NQ 15-minute bars (demo_range_break_nq-NQ-tf15; 8 workers): days 721-780 of 948 (256 instances)
2026-10-06T10:24:33+00:00 idea demo_range_break_nq: pass 1 of 4, NQ 15-minute bars (demo_range_break_nq-NQ-tf15; 8 workers): days 781-840 of 948 (256 instances)
2026-10-06T10:24:40+00:00 idea demo_range_break_nq: pass 1 of 4, NQ 15-minute bars (demo_range_break_nq-NQ-tf15; 8 workers): days 841-900 of 948 (256 instances)
2026-10-06T10:24:46+00:00 idea demo_range_break_nq: pass 1 of 4, NQ 15-minute bars (demo_range_break_nq-NQ-tf15; 8 workers): days 901-948 of 948 (256 instances)
2026-10-06T10:24:51+00:00 bp_build demo_range_break_nq-NQ-tf15: 128 cells, 145,632 trades, 102.54 s of tape (wall 103 s, 8 workers)
2026-10-06T10:24:51+00:00 idea demo_range_break_nq: pass 2 of 4, NQ 5-minute bars (demo_range_break_nq-NQ-tf5; 8 workers)
2026-10-06T10:24:51+00:00 idea demo_range_break_nq: pass 2 of 4, NQ 5-minute bars (demo_range_break_nq-NQ-tf5; 8 workers): days 1-60 of 948 (128 instances)
2026-10-06T10:24:55+00:00 idea demo_range_break_nq: pass 2 of 4, NQ 5-minute bars (demo_range_break_nq-NQ-tf5; 8 workers): days 61-120 of 948 (128 instances)
2026-10-06T10:24:58+00:00 idea demo_range_break_nq: pass 2 of 4, NQ 5-minute bars (demo_range_break_nq-NQ-tf5; 8 workers): days 121-180 of 948 (128 instances)
2026-10-06T10:25:01+00:00 idea demo_range_break_nq: pass 2 of 4, NQ 5-minute bars (demo_range_break_nq-NQ-tf5; 8 workers): days 181-240 of 948 (128 instances)
2026-10-06T10:25:04+00:00 idea demo_range_break_nq: pass 2 of 4, NQ 5-minute bars (demo_range_break_nq-NQ-tf5; 8 workers): days 241-300 of 948 (128 instances)
2026-10-06T10:25:07+00:00 idea demo_range_break_nq: pass 2 of 4, NQ 5-minute bars (demo_range_break_nq-NQ-tf5; 8 workers): days 301-360 of 948 (128 instances)
2026-10-06T10:25:11+00:00 idea demo_range_break_nq: pass 2 of 4, NQ 5-minute bars (demo_range_break_nq-NQ-tf5; 8 workers): days 361-420 of 948 (128 instances)
2026-10-06T10:25:14+00:00 idea demo_range_break_nq: pass 2 of 4, NQ 5-minute bars (demo_range_break_nq-NQ-tf5; 8 workers): days 421-480 of 948 (128 instances)
2026-10-06T10:25:17+00:00 idea demo_range_break_nq: pass 2 of 4, NQ 5-minute bars (demo_range_break_nq-NQ-tf5; 8 workers): days 481-540 of 948 (128 instances)
2026-10-06T10:25:20+00:00 idea demo_range_break_nq: pass 2 of 4, NQ 5-minute bars (demo_range_break_nq-NQ-tf5; 8 workers): days 541-600 of 948 (128 instances)
2026-10-06T10:25:24+00:00 idea demo_range_break_nq: pass 2 of 4, NQ 5-minute bars (demo_range_break_nq-NQ-tf5; 8 workers): days 601-660 of 948 (128 instances)
2026-10-06T10:25:27+00:00 idea demo_range_break_nq: pass 2 of 4, NQ 5-minute bars (demo_range_break_nq-NQ-tf5; 8 workers): days 661-720 of 948 (128 instances)
2026-10-06T10:25:30+00:00 idea demo_range_break_nq: pass 2 of 4, NQ 5-minute bars (demo_range_break_nq-NQ-tf5; 8 workers): days 721-780 of 948 (128 instances)
2026-10-06T10:25:33+00:00 idea demo_range_break_nq: pass 2 of 4, NQ 5-minute bars (demo_range_break_nq-NQ-tf5; 8 workers): days 781-840 of 948 (128 instances)
2026-10-06T10:25:37+00:00 idea demo_range_break_nq: pass 2 of 4, NQ 5-minute bars (demo_range_break_nq-NQ-tf5; 8 workers): days 841-900 of 948 (128 instances)
2026-10-06T10:25:40+00:00 idea demo_range_break_nq: pass 2 of 4, NQ 5-minute bars (demo_range_break_nq-NQ-tf5; 8 workers): days 901-948 of 948 (128 instances)
2026-10-06T10:25:42+00:00 bp_build demo_range_break_nq-NQ-tf5: 128 cells, 106,080 trades, 50.6 s of tape (wall 51 s, 8 workers)
2026-10-06T10:25:42+00:00 idea demo_range_break_nq: pass 3 of 4, NQ 30-minute bars (demo_range_break_nq-NQ-tf30; 8 workers)
2026-10-06T10:25:42+00:00 idea demo_range_break_nq: pass 3 of 4, NQ 30-minute bars (demo_range_break_nq-NQ-tf30; 8 workers): days 1-60 of 948 (128 instances)
2026-10-06T10:25:45+00:00 idea demo_range_break_nq: pass 3 of 4, NQ 30-minute bars (demo_range_break_nq-NQ-tf30; 8 workers): days 61-120 of 948 (128 instances)
2026-10-06T10:25:48+00:00 idea demo_range_break_nq: pass 3 of 4, NQ 30-minute bars (demo_range_break_nq-NQ-tf30; 8 workers): days 121-180 of 948 (128 instances)
2026-10-06T10:25:51+00:00 idea demo_range_break_nq: pass 3 of 4, NQ 30-minute bars (demo_range_break_nq-NQ-tf30; 8 workers): days 181-240 of 948 (128 instances)
2026-10-06T10:25:55+00:00 idea demo_range_break_nq: pass 3 of 4, NQ 30-minute bars (demo_range_break_nq-NQ-tf30; 8 workers): days 241-300 of 948 (128 instances)
2026-10-06T10:25:58+00:00 idea demo_range_break_nq: pass 3 of 4, NQ 30-minute bars (demo_range_break_nq-NQ-tf30; 8 workers): days 301-360 of 948 (128 instances)
2026-10-06T10:26:01+00:00 idea demo_range_break_nq: pass 3 of 4, NQ 30-minute bars (demo_range_break_nq-NQ-tf30; 8 workers): days 361-420 of 948 (128 instances)
2026-10-06T10:26:04+00:00 idea demo_range_break_nq: pass 3 of 4, NQ 30-minute bars (demo_range_break_nq-NQ-tf30; 8 workers): days 421-480 of 948 (128 instances)
2026-10-06T10:26:07+00:00 idea demo_range_break_nq: pass 3 of 4, NQ 30-minute bars (demo_range_break_nq-NQ-tf30; 8 workers): days 481-540 of 948 (128 instances)
2026-10-06T10:26:10+00:00 idea demo_range_break_nq: pass 3 of 4, NQ 30-minute bars (demo_range_break_nq-NQ-tf30; 8 workers): days 541-600 of 948 (128 instances)
2026-10-06T10:26:13+00:00 idea demo_range_break_nq: pass 3 of 4, NQ 30-minute bars (demo_range_break_nq-NQ-tf30; 8 workers): days 601-660 of 948 (128 instances)
2026-10-06T10:26:16+00:00 idea demo_range_break_nq: pass 3 of 4, NQ 30-minute bars (demo_range_break_nq-NQ-tf30; 8 workers): days 661-720 of 948 (128 instances)
2026-10-06T10:26:19+00:00 idea demo_range_break_nq: pass 3 of 4, NQ 30-minute bars (demo_range_break_nq-NQ-tf30; 8 workers): days 721-780 of 948 (128 instances)
2026-10-06T10:26:22+00:00 idea demo_range_break_nq: pass 3 of 4, NQ 30-minute bars (demo_range_break_nq-NQ-tf30; 8 workers): days 781-840 of 948 (128 instances)
2026-10-06T10:26:25+00:00 idea demo_range_break_nq: pass 3 of 4, NQ 30-minute bars (demo_range_break_nq-NQ-tf30; 8 workers): days 841-900 of 948 (128 instances)
2026-10-06T10:26:28+00:00 idea demo_range_break_nq: pass 3 of 4, NQ 30-minute bars (demo_range_break_nq-NQ-tf30; 8 workers): days 901-948 of 948 (128 instances)
2026-10-06T10:26:31+00:00 bp_build demo_range_break_nq-NQ-tf30: 128 cells, 106,080 trades, 48.27 s of tape (wall 49 s, 8 workers)
2026-10-06T10:26:31+00:00 idea demo_range_break_nq: pass 4 of 4, ES 15-minute bars (demo_range_break_nq-ES-tf15; 8 workers)
2026-10-06T10:26:31+00:00 idea demo_range_break_nq: pass 4 of 4, ES 15-minute bars (demo_range_break_nq-ES-tf15; 8 workers): days 1-60 of 948 (128 instances)
2026-10-06T10:26:34+00:00 idea demo_range_break_nq: pass 4 of 4, ES 15-minute bars (demo_range_break_nq-ES-tf15; 8 workers): days 61-120 of 948 (128 instances)
2026-10-06T10:26:37+00:00 idea demo_range_break_nq: pass 4 of 4, ES 15-minute bars (demo_range_break_nq-ES-tf15; 8 workers): days 121-180 of 948 (128 instances)
2026-10-06T10:26:40+00:00 idea demo_range_break_nq: pass 4 of 4, ES 15-minute bars (demo_range_break_nq-ES-tf15; 8 workers): days 181-240 of 948 (128 instances)
2026-10-06T10:26:43+00:00 idea demo_range_break_nq: pass 4 of 4, ES 15-minute bars (demo_range_break_nq-ES-tf15; 8 workers): days 241-300 of 948 (128 instances)
2026-10-06T10:26:47+00:00 idea demo_range_break_nq: pass 4 of 4, ES 15-minute bars (demo_range_break_nq-ES-tf15; 8 workers): days 301-360 of 948 (128 instances)
2026-10-06T10:26:50+00:00 idea demo_range_break_nq: pass 4 of 4, ES 15-minute bars (demo_range_break_nq-ES-tf15; 8 workers): days 361-420 of 948 (128 instances)
2026-10-06T10:26:53+00:00 idea demo_range_break_nq: pass 4 of 4, ES 15-minute bars (demo_range_break_nq-ES-tf15; 8 workers): days 421-480 of 948 (128 instances)
2026-10-06T10:26:56+00:00 idea demo_range_break_nq: pass 4 of 4, ES 15-minute bars (demo_range_break_nq-ES-tf15; 8 workers): days 481-540 of 948 (128 instances)
2026-10-06T10:26:59+00:00 idea demo_range_break_nq: pass 4 of 4, ES 15-minute bars (demo_range_break_nq-ES-tf15; 8 workers): days 541-600 of 948 (128 instances)
2026-10-06T10:27:02+00:00 idea demo_range_break_nq: pass 4 of 4, ES 15-minute bars (demo_range_break_nq-ES-tf15; 8 workers): days 601-660 of 948 (128 instances)
2026-10-06T10:27:06+00:00 idea demo_range_break_nq: pass 4 of 4, ES 15-minute bars (demo_range_break_nq-ES-tf15; 8 workers): days 661-720 of 948 (128 instances)
2026-10-06T10:27:09+00:00 idea demo_range_break_nq: pass 4 of 4, ES 15-minute bars (demo_range_break_nq-ES-tf15; 8 workers): days 721-780 of 948 (128 instances)
2026-10-06T10:27:12+00:00 idea demo_range_break_nq: pass 4 of 4, ES 15-minute bars (demo_range_break_nq-ES-tf15; 8 workers): days 781-840 of 948 (128 instances)
2026-10-06T10:27:15+00:00 idea demo_range_break_nq: pass 4 of 4, ES 15-minute bars (demo_range_break_nq-ES-tf15; 8 workers): days 841-900 of 948 (128 instances)
2026-10-06T10:27:18+00:00 idea demo_range_break_nq: pass 4 of 4, ES 15-minute bars (demo_range_break_nq-ES-tf15; 8 workers): days 901-948 of 948 (128 instances)
2026-10-06T10:27:21+00:00 bp_build demo_range_break_nq-ES-tf15: 128 cells, 107,744 trades, 49.32 s of tape (wall 50 s, 8 workers)
2026-10-06T12:27:54+00:00 idea fvg_delta_nq: pass 1 of 3, NQ 5-minute bars (fvg_delta_nq-NQ-tf5 + fvg_delta_nq__delta_with-NQ-tf5; 4 workers)
2026-10-06T12:27:54+00:00 idea fvg_delta_nq: pass 1 of 3, NQ 5-minute bars (fvg_delta_nq-NQ-tf5 + fvg_delta_nq__delta_with-NQ-tf5; 4 workers): days 1-60 of 948 (576 instances)
2026-10-06T12:28:12+00:00 idea fvg_delta_nq: pass 1 of 3, NQ 5-minute bars (fvg_delta_nq-NQ-tf5 + fvg_delta_nq__delta_with-NQ-tf5; 4 workers): days 61-120 of 948 (576 instances)
2026-10-06T12:28:30+00:00 idea fvg_delta_nq: pass 1 of 3, NQ 5-minute bars (fvg_delta_nq-NQ-tf5 + fvg_delta_nq__delta_with-NQ-tf5; 4 workers): days 121-180 of 948 (576 instances)
2026-10-06T12:28:48+00:00 idea fvg_delta_nq: pass 1 of 3, NQ 5-minute bars (fvg_delta_nq-NQ-tf5 + fvg_delta_nq__delta_with-NQ-tf5; 4 workers): days 181-240 of 948 (576 instances)
2026-10-06T12:29:06+00:00 idea fvg_delta_nq: pass 1 of 3, NQ 5-minute bars (fvg_delta_nq-NQ-tf5 + fvg_delta_nq__delta_with-NQ-tf5; 4 workers): days 241-300 of 948 (576 instances)
2026-10-06T12:29:24+00:00 idea fvg_delta_nq: pass 1 of 3, NQ 5-minute bars (fvg_delta_nq-NQ-tf5 + fvg_delta_nq__delta_with-NQ-tf5; 4 workers): days 301-360 of 948 (576 instances)
2026-10-06T12:29:44+00:00 idea fvg_delta_nq: pass 1 of 3, NQ 5-minute bars (fvg_delta_nq-NQ-tf5 + fvg_delta_nq__delta_with-NQ-tf5; 4 workers): days 361-420 of 948 (576 instances)
2026-10-06T12:30:04+00:00 idea fvg_delta_nq: pass 1 of 3, NQ 5-minute bars (fvg_delta_nq-NQ-tf5 + fvg_delta_nq__delta_with-NQ-tf5; 4 workers): days 421-480 of 948 (576 instances)
2026-10-06T12:30:24+00:00 idea fvg_delta_nq: pass 1 of 3, NQ 5-minute bars (fvg_delta_nq-NQ-tf5 + fvg_delta_nq__delta_with-NQ-tf5; 4 workers): days 481-540 of 948 (576 instances)
2026-10-06T12:30:43+00:00 idea fvg_delta_nq: pass 1 of 3, NQ 5-minute bars (fvg_delta_nq-NQ-tf5 + fvg_delta_nq__delta_with-NQ-tf5; 4 workers): days 541-600 of 948 (576 instances)
2026-10-06T12:31:04+00:00 idea fvg_delta_nq: pass 1 of 3, NQ 5-minute bars (fvg_delta_nq-NQ-tf5 + fvg_delta_nq__delta_with-NQ-tf5; 4 workers): days 601-660 of 948 (576 instances)
2026-10-06T12:31:24+00:00 idea fvg_delta_nq: pass 1 of 3, NQ 5-minute bars (fvg_delta_nq-NQ-tf5 + fvg_delta_nq__delta_with-NQ-tf5; 4 workers): days 661-720 of 948 (576 instances)
2026-10-06T12:31:43+00:00 idea fvg_delta_nq: pass 1 of 3, NQ 5-minute bars (fvg_delta_nq-NQ-tf5 + fvg_delta_nq__delta_with-NQ-tf5; 4 workers): days 721-780 of 948 (576 instances)
2026-10-06T12:32:01+00:00 idea fvg_delta_nq: pass 1 of 3, NQ 5-minute bars (fvg_delta_nq-NQ-tf5 + fvg_delta_nq__delta_with-NQ-tf5; 4 workers): days 781-840 of 948 (576 instances)
2026-10-06T12:32:20+00:00 idea fvg_delta_nq: pass 1 of 3, NQ 5-minute bars (fvg_delta_nq-NQ-tf5 + fvg_delta_nq__delta_with-NQ-tf5; 4 workers): days 841-900 of 948 (576 instances)
2026-10-06T12:32:38+00:00 idea fvg_delta_nq: pass 1 of 3, NQ 5-minute bars (fvg_delta_nq-NQ-tf5 + fvg_delta_nq__delta_with-NQ-tf5; 4 workers): days 901-948 of 948 (576 instances)
2026-10-06T12:32:55+00:00 bp_build fvg_delta_nq-NQ-tf5: 96 cells, 318,642 trades, 299.0 s of tape (wall 300 s, 4 workers)
2026-10-06T12:32:55+00:00 bp_build fvg_delta_nq__delta_with-NQ-tf5: 96 cells, 111,347 trades, 299.0 s of tape (wall 300 s, 4 workers)
2026-10-06T12:32:55+00:00 idea fvg_delta_nq: pass 2 of 3, NQ 15-minute bars (fvg_delta_nq-NQ-tf15 + fvg_delta_nq__delta_with-NQ-tf15; 4 workers)
2026-10-06T12:32:55+00:00 idea fvg_delta_nq: pass 2 of 3, NQ 15-minute bars (fvg_delta_nq-NQ-tf15 + fvg_delta_nq__delta_with-NQ-tf15; 4 workers): days 1-60 of 948 (192 instances)
2026-10-06T12:33:01+00:00 idea fvg_delta_nq: pass 2 of 3, NQ 15-minute bars (fvg_delta_nq-NQ-tf15 + fvg_delta_nq__delta_with-NQ-tf15; 4 workers): days 61-120 of 948 (192 instances)
2026-10-06T12:33:08+00:00 idea fvg_delta_nq: pass 2 of 3, NQ 15-minute bars (fvg_delta_nq-NQ-tf15 + fvg_delta_nq__delta_with-NQ-tf15; 4 workers): days 121-180 of 948 (192 instances)
2026-10-06T12:33:15+00:00 idea fvg_delta_nq: pass 2 of 3, NQ 15-minute bars (fvg_delta_nq-NQ-tf15 + fvg_delta_nq__delta_with-NQ-tf15; 4 workers): days 181-240 of 948 (192 instances)
2026-10-06T12:33:22+00:00 idea fvg_delta_nq: pass 2 of 3, NQ 15-minute bars (fvg_delta_nq-NQ-tf15 + fvg_delta_nq__delta_with-NQ-tf15; 4 workers): days 241-300 of 948 (192 instances)
2026-10-06T12:33:28+00:00 idea fvg_delta_nq: pass 2 of 3, NQ 15-minute bars (fvg_delta_nq-NQ-tf15 + fvg_delta_nq__delta_with-NQ-tf15; 4 workers): days 301-360 of 948 (192 instances)
2026-10-06T12:33:35+00:00 idea fvg_delta_nq: pass 2 of 3, NQ 15-minute bars (fvg_delta_nq-NQ-tf15 + fvg_delta_nq__delta_with-NQ-tf15; 4 workers): days 361-420 of 948 (192 instances)
2026-10-06T12:33:41+00:00 idea fvg_delta_nq: pass 2 of 3, NQ 15-minute bars (fvg_delta_nq-NQ-tf15 + fvg_delta_nq__delta_with-NQ-tf15; 4 workers): days 421-480 of 948 (192 instances)
2026-10-06T12:33:48+00:00 idea fvg_delta_nq: pass 2 of 3, NQ 15-minute bars (fvg_delta_nq-NQ-tf15 + fvg_delta_nq__delta_with-NQ-tf15; 4 workers): days 481-540 of 948 (192 instances)
2026-10-06T12:33:55+00:00 idea fvg_delta_nq: pass 2 of 3, NQ 15-minute bars (fvg_delta_nq-NQ-tf15 + fvg_delta_nq__delta_with-NQ-tf15; 4 workers): days 541-600 of 948 (192 instances)
2026-10-06T12:34:02+00:00 idea fvg_delta_nq: pass 2 of 3, NQ 15-minute bars (fvg_delta_nq-NQ-tf15 + fvg_delta_nq__delta_with-NQ-tf15; 4 workers): days 601-660 of 948 (192 instances)
2026-10-06T12:34:09+00:00 idea fvg_delta_nq: pass 2 of 3, NQ 15-minute bars (fvg_delta_nq-NQ-tf15 + fvg_delta_nq__delta_with-NQ-tf15; 4 workers): days 661-720 of 948 (192 instances)
2026-10-06T12:34:16+00:00 idea fvg_delta_nq: pass 2 of 3, NQ 15-minute bars (fvg_delta_nq-NQ-tf15 + fvg_delta_nq__delta_with-NQ-tf15; 4 workers): days 721-780 of 948 (192 instances)
2026-10-06T12:34:22+00:00 idea fvg_delta_nq: pass 2 of 3, NQ 15-minute bars (fvg_delta_nq-NQ-tf15 + fvg_delta_nq__delta_with-NQ-tf15; 4 workers): days 781-840 of 948 (192 instances)
2026-10-06T12:34:29+00:00 idea fvg_delta_nq: pass 2 of 3, NQ 15-minute bars (fvg_delta_nq-NQ-tf15 + fvg_delta_nq__delta_with-NQ-tf15; 4 workers): days 841-900 of 948 (192 instances)
2026-10-06T12:34:36+00:00 idea fvg_delta_nq: pass 2 of 3, NQ 15-minute bars (fvg_delta_nq-NQ-tf15 + fvg_delta_nq__delta_with-NQ-tf15; 4 workers): days 901-948 of 948 (192 instances)
2026-10-06T12:34:41+00:00 bp_build fvg_delta_nq-NQ-tf15: 96 cells, 19,784 trades, 106.01 s of tape (wall 106 s, 4 workers)
2026-10-06T12:34:41+00:00 bp_build fvg_delta_nq__delta_with-NQ-tf15: 96 cells, 1,664 trades, 106.01 s of tape (wall 106 s, 4 workers)
2026-10-06T12:34:41+00:00 idea fvg_delta_nq: pass 3 of 3, ES 5-minute bars (fvg_delta_nq-ES-tf5 + fvg_delta_nq__delta_with-ES-tf5; 4 workers)
2026-10-06T12:34:41+00:00 idea fvg_delta_nq: pass 3 of 3, ES 5-minute bars (fvg_delta_nq-ES-tf5 + fvg_delta_nq__delta_with-ES-tf5; 4 workers): days 1-60 of 948 (192 instances)
2026-10-06T12:34:49+00:00 idea fvg_delta_nq: pass 3 of 3, ES 5-minute bars (fvg_delta_nq-ES-tf5 + fvg_delta_nq__delta_with-ES-tf5; 4 workers): days 61-120 of 948 (192 instances)
2026-10-06T12:34:56+00:00 idea fvg_delta_nq: pass 3 of 3, ES 5-minute bars (fvg_delta_nq-ES-tf5 + fvg_delta_nq__delta_with-ES-tf5; 4 workers): days 121-180 of 948 (192 instances)
2026-10-06T12:35:03+00:00 idea fvg_delta_nq: pass 3 of 3, ES 5-minute bars (fvg_delta_nq-ES-tf5 + fvg_delta_nq__delta_with-ES-tf5; 4 workers): days 181-240 of 948 (192 instances)
2026-10-06T12:35:10+00:00 idea fvg_delta_nq: pass 3 of 3, ES 5-minute bars (fvg_delta_nq-ES-tf5 + fvg_delta_nq__delta_with-ES-tf5; 4 workers): days 241-300 of 948 (192 instances)
2026-10-06T12:35:18+00:00 idea fvg_delta_nq: pass 3 of 3, ES 5-minute bars (fvg_delta_nq-ES-tf5 + fvg_delta_nq__delta_with-ES-tf5; 4 workers): days 301-360 of 948 (192 instances)
2026-10-06T12:35:25+00:00 idea fvg_delta_nq: pass 3 of 3, ES 5-minute bars (fvg_delta_nq-ES-tf5 + fvg_delta_nq__delta_with-ES-tf5; 4 workers): days 361-420 of 948 (192 instances)
2026-10-06T12:35:32+00:00 idea fvg_delta_nq: pass 3 of 3, ES 5-minute bars (fvg_delta_nq-ES-tf5 + fvg_delta_nq__delta_with-ES-tf5; 4 workers): days 421-480 of 948 (192 instances)
2026-10-06T12:35:39+00:00 idea fvg_delta_nq: pass 3 of 3, ES 5-minute bars (fvg_delta_nq-ES-tf5 + fvg_delta_nq__delta_with-ES-tf5; 4 workers): days 481-540 of 948 (192 instances)
2026-10-06T12:35:47+00:00 idea fvg_delta_nq: pass 3 of 3, ES 5-minute bars (fvg_delta_nq-ES-tf5 + fvg_delta_nq__delta_with-ES-tf5; 4 workers): days 541-600 of 948 (192 instances)
2026-10-06T12:35:54+00:00 idea fvg_delta_nq: pass 3 of 3, ES 5-minute bars (fvg_delta_nq-ES-tf5 + fvg_delta_nq__delta_with-ES-tf5; 4 workers): days 601-660 of 948 (192 instances)
2026-10-06T12:36:02+00:00 idea fvg_delta_nq: pass 3 of 3, ES 5-minute bars (fvg_delta_nq-ES-tf5 + fvg_delta_nq__delta_with-ES-tf5; 4 workers): days 661-720 of 948 (192 instances)
2026-10-06T12:36:09+00:00 idea fvg_delta_nq: pass 3 of 3, ES 5-minute bars (fvg_delta_nq-ES-tf5 + fvg_delta_nq__delta_with-ES-tf5; 4 workers): days 721-780 of 948 (192 instances)
2026-10-06T12:36:16+00:00 idea fvg_delta_nq: pass 3 of 3, ES 5-minute bars (fvg_delta_nq-ES-tf5 + fvg_delta_nq__delta_with-ES-tf5; 4 workers): days 781-840 of 948 (192 instances)
2026-10-06T12:36:23+00:00 idea fvg_delta_nq: pass 3 of 3, ES 5-minute bars (fvg_delta_nq-ES-tf5 + fvg_delta_nq__delta_with-ES-tf5; 4 workers): days 841-900 of 948 (192 instances)
2026-10-06T12:36:31+00:00 idea fvg_delta_nq: pass 3 of 3, ES 5-minute bars (fvg_delta_nq-ES-tf5 + fvg_delta_nq__delta_with-ES-tf5; 4 workers): days 901-948 of 948 (192 instances)
2026-10-06T12:36:37+00:00 bp_build fvg_delta_nq-ES-tf5: 96 cells, 79,428 trades, 115.86 s of tape (wall 116 s, 4 workers)
2026-10-06T12:36:37+00:00 bp_build fvg_delta_nq__delta_with-ES-tf5: 96 cells, 22,307 trades, 115.86 s of tape (wall 116 s, 4 workers)
2026-10-06T23:39:55+00:00 control pools: pass 1 of 12, NQ 1-minute bars (c1-NQ-tf1; 8 workers)
2026-10-06T23:39:55+00:00 control pools: pass 1 of 12, NQ 1-minute bars (c1-NQ-tf1; 8 workers): days 1-60 of 948 (1120 instances)
2026-10-06T23:40:44+00:00 control pools: pass 1 of 12, NQ 1-minute bars (c1-NQ-tf1; 8 workers): days 61-120 of 948 (1120 instances)
2026-10-06T23:41:32+00:00 control pools: pass 1 of 12, NQ 1-minute bars (c1-NQ-tf1; 8 workers): days 121-180 of 948 (1120 instances)
2026-10-06T23:42:21+00:00 control pools: pass 1 of 12, NQ 1-minute bars (c1-NQ-tf1; 8 workers): days 181-240 of 948 (1120 instances)
2026-10-06T23:43:10+00:00 control pools: pass 1 of 12, NQ 1-minute bars (c1-NQ-tf1; 8 workers): days 241-300 of 948 (1120 instances)
2026-10-06T23:44:02+00:00 control pools: pass 1 of 12, NQ 1-minute bars (c1-NQ-tf1; 8 workers): days 301-360 of 948 (1120 instances)
2026-10-06T23:44:54+00:00 control pools: pass 1 of 12, NQ 1-minute bars (c1-NQ-tf1; 8 workers): days 361-420 of 948 (1120 instances)
2026-10-06T23:45:50+00:00 control pools: pass 1 of 12, NQ 1-minute bars (c1-NQ-tf1; 8 workers): days 421-480 of 948 (1120 instances)
2026-10-06T23:46:45+00:00 control pools: pass 1 of 12, NQ 1-minute bars (c1-NQ-tf1; 8 workers): days 481-540 of 948 (1120 instances)
2026-10-06T23:47:40+00:00 control pools: pass 1 of 12, NQ 1-minute bars (c1-NQ-tf1; 8 workers): days 541-600 of 948 (1120 instances)
2026-10-06T23:48:34+00:00 control pools: pass 1 of 12, NQ 1-minute bars (c1-NQ-tf1; 8 workers): days 601-660 of 948 (1120 instances)
2026-10-06T23:49:27+00:00 control pools: pass 1 of 12, NQ 1-minute bars (c1-NQ-tf1; 8 workers): days 661-720 of 948 (1120 instances)
2026-10-06T23:50:20+00:00 control pools: pass 1 of 12, NQ 1-minute bars (c1-NQ-tf1; 8 workers): days 721-780 of 948 (1120 instances)
2026-10-06T23:51:12+00:00 control pools: pass 1 of 12, NQ 1-minute bars (c1-NQ-tf1; 8 workers): days 781-840 of 948 (1120 instances)
2026-10-06T23:52:04+00:00 control pools: pass 1 of 12, NQ 1-minute bars (c1-NQ-tf1; 8 workers): days 841-900 of 948 (1120 instances)
2026-10-06T23:52:53+00:00 control pools: pass 1 of 12, NQ 1-minute bars (c1-NQ-tf1; 8 workers): days 901-948 of 948 (1120 instances)
2026-10-06T23:53:49+00:00 null_bp c1-NQ-tf1: + 160 cells (320 -> 480), 2,977,262 trades more, 809.28 s of tape (wall 818 s, 8 workers)
2026-10-06T23:53:49+00:00 control pools: pass 2 of 12, NQ 5-minute bars (c1-NQ-tf5; 8 workers)
2026-10-06T23:53:49+00:00 control pools: pass 2 of 12, NQ 5-minute bars (c1-NQ-tf5; 8 workers): days 1-60 of 948 (1120 instances)
2026-10-06T23:54:29+00:00 control pools: pass 2 of 12, NQ 5-minute bars (c1-NQ-tf5; 8 workers): days 61-120 of 948 (1120 instances)
2026-10-06T23:55:06+00:00 control pools: pass 2 of 12, NQ 5-minute bars (c1-NQ-tf5; 8 workers): days 121-180 of 948 (1120 instances)
2026-10-06T23:55:45+00:00 control pools: pass 2 of 12, NQ 5-minute bars (c1-NQ-tf5; 8 workers): days 181-240 of 948 (1120 instances)
2026-10-06T23:56:25+00:00 control pools: pass 2 of 12, NQ 5-minute bars (c1-NQ-tf5; 8 workers): days 241-300 of 948 (1120 instances)
2026-10-06T23:57:05+00:00 control pools: pass 2 of 12, NQ 5-minute bars (c1-NQ-tf5; 8 workers): days 301-360 of 948 (1120 instances)
2026-10-06T23:57:46+00:00 control pools: pass 2 of 12, NQ 5-minute bars (c1-NQ-tf5; 8 workers): days 361-420 of 948 (1120 instances)
2026-10-06T23:58:28+00:00 control pools: pass 2 of 12, NQ 5-minute bars (c1-NQ-tf5; 8 workers): days 421-480 of 948 (1120 instances)
2026-10-06T23:59:11+00:00 control pools: pass 2 of 12, NQ 5-minute bars (c1-NQ-tf5; 8 workers): days 481-540 of 948 (1120 instances)
2026-10-06T23:59:54+00:00 control pools: pass 2 of 12, NQ 5-minute bars (c1-NQ-tf5; 8 workers): days 541-600 of 948 (1120 instances)
2026-10-07T00:00:39+00:00 control pools: pass 2 of 12, NQ 5-minute bars (c1-NQ-tf5; 8 workers): days 601-660 of 948 (1120 instances)
2026-10-07T00:01:21+00:00 control pools: pass 2 of 12, NQ 5-minute bars (c1-NQ-tf5; 8 workers): days 661-720 of 948 (1120 instances)
2026-10-07T00:02:04+00:00 control pools: pass 2 of 12, NQ 5-minute bars (c1-NQ-tf5; 8 workers): days 721-780 of 948 (1120 instances)
2026-10-07T00:02:42+00:00 control pools: pass 2 of 12, NQ 5-minute bars (c1-NQ-tf5; 8 workers): days 781-840 of 948 (1120 instances)
2026-10-07T00:03:20+00:00 control pools: pass 2 of 12, NQ 5-minute bars (c1-NQ-tf5; 8 workers): days 841-900 of 948 (1120 instances)
2026-10-07T00:03:56+00:00 control pools: pass 2 of 12, NQ 5-minute bars (c1-NQ-tf5; 8 workers): days 901-948 of 948 (1120 instances)
2026-10-07T00:04:40+00:00 null_bp c1-NQ-tf5: + 160 cells (320 -> 480), 2,832,284 trades more, 628.63 s of tape (wall 637 s, 8 workers)
2026-10-07T00:04:40+00:00 control pools: pass 3 of 12, NQ 15-minute bars (c1-NQ-tf15; 8 workers)
2026-10-07T00:04:40+00:00 control pools: pass 3 of 12, NQ 15-minute bars (c1-NQ-tf15; 8 workers): days 1-60 of 948 (1120 instances)
2026-10-07T00:05:18+00:00 control pools: pass 3 of 12, NQ 15-minute bars (c1-NQ-tf15; 8 workers): days 61-120 of 948 (1120 instances)
2026-10-07T00:05:56+00:00 control pools: pass 3 of 12, NQ 15-minute bars (c1-NQ-tf15; 8 workers): days 121-180 of 948 (1120 instances)
2026-10-07T00:06:32+00:00 control pools: pass 3 of 12, NQ 15-minute bars (c1-NQ-tf15; 8 workers): days 181-240 of 948 (1120 instances)
2026-10-07T00:07:11+00:00 control pools: pass 3 of 12, NQ 15-minute bars (c1-NQ-tf15; 8 workers): days 241-300 of 948 (1120 instances)
2026-10-07T00:07:47+00:00 control pools: pass 3 of 12, NQ 15-minute bars (c1-NQ-tf15; 8 workers): days 301-360 of 948 (1120 instances)
2026-10-07T00:08:24+00:00 control pools: pass 3 of 12, NQ 15-minute bars (c1-NQ-tf15; 8 workers): days 361-420 of 948 (1120 instances)
2026-10-07T00:09:00+00:00 control pools: pass 3 of 12, NQ 15-minute bars (c1-NQ-tf15; 8 workers): days 421-480 of 948 (1120 instances)
2026-10-07T00:09:36+00:00 control pools: pass 3 of 12, NQ 15-minute bars (c1-NQ-tf15; 8 workers): days 481-540 of 948 (1120 instances)
2026-10-07T00:10:13+00:00 control pools: pass 3 of 12, NQ 15-minute bars (c1-NQ-tf15; 8 workers): days 541-600 of 948 (1120 instances)
2026-10-07T00:10:50+00:00 control pools: pass 3 of 12, NQ 15-minute bars (c1-NQ-tf15; 8 workers): days 601-660 of 948 (1120 instances)
2026-10-07T00:11:26+00:00 control pools: pass 3 of 12, NQ 15-minute bars (c1-NQ-tf15; 8 workers): days 661-720 of 948 (1120 instances)
2026-10-07T00:12:02+00:00 control pools: pass 3 of 12, NQ 15-minute bars (c1-NQ-tf15; 8 workers): days 721-780 of 948 (1120 instances)
2026-10-07T00:12:37+00:00 control pools: pass 3 of 12, NQ 15-minute bars (c1-NQ-tf15; 8 workers): days 781-840 of 948 (1120 instances)
2026-10-07T00:13:13+00:00 control pools: pass 3 of 12, NQ 15-minute bars (c1-NQ-tf15; 8 workers): days 841-900 of 948 (1120 instances)
2026-10-07T00:13:47+00:00 control pools: pass 3 of 12, NQ 15-minute bars (c1-NQ-tf15; 8 workers): days 901-948 of 948 (1120 instances)
2026-10-07T00:14:26+00:00 null_bp c1-NQ-tf15: + 160 cells (320 -> 480), 2,379,381 trades more, 566.23 s of tape (wall 574 s, 8 workers)
2026-10-07T00:14:26+00:00 control pools: pass 4 of 12, NQ 30-minute bars (c1-NQ-tf30; 8 workers)
2026-10-07T00:14:26+00:00 control pools: pass 4 of 12, NQ 30-minute bars (c1-NQ-tf30; 8 workers): days 1-60 of 948 (1120 instances)
2026-10-07T00:15:00+00:00 control pools: pass 4 of 12, NQ 30-minute bars (c1-NQ-tf30; 8 workers): days 61-120 of 948 (1120 instances)
2026-10-07T00:15:32+00:00 control pools: pass 4 of 12, NQ 30-minute bars (c1-NQ-tf30; 8 workers): days 121-180 of 948 (1120 instances)
2026-10-07T00:16:05+00:00 control pools: pass 4 of 12, NQ 30-minute bars (c1-NQ-tf30; 8 workers): days 181-240 of 948 (1120 instances)
2026-10-07T00:16:37+00:00 control pools: pass 4 of 12, NQ 30-minute bars (c1-NQ-tf30; 8 workers): days 241-300 of 948 (1120 instances)
2026-10-07T00:17:10+00:00 control pools: pass 4 of 12, NQ 30-minute bars (c1-NQ-tf30; 8 workers): days 301-360 of 948 (1120 instances)
2026-10-07T00:17:43+00:00 control pools: pass 4 of 12, NQ 30-minute bars (c1-NQ-tf30; 8 workers): days 361-420 of 948 (1120 instances)
2026-10-07T00:18:17+00:00 control pools: pass 4 of 12, NQ 30-minute bars (c1-NQ-tf30; 8 workers): days 421-480 of 948 (1120 instances)
2026-10-07T00:18:51+00:00 control pools: pass 4 of 12, NQ 30-minute bars (c1-NQ-tf30; 8 workers): days 481-540 of 948 (1120 instances)
2026-10-07T00:19:25+00:00 control pools: pass 4 of 12, NQ 30-minute bars (c1-NQ-tf30; 8 workers): days 541-600 of 948 (1120 instances)
2026-10-07T00:20:01+00:00 control pools: pass 4 of 12, NQ 30-minute bars (c1-NQ-tf30; 8 workers): days 601-660 of 948 (1120 instances)
2026-10-07T00:20:35+00:00 control pools: pass 4 of 12, NQ 30-minute bars (c1-NQ-tf30; 8 workers): days 661-720 of 948 (1120 instances)
2026-10-07T00:21:12+00:00 control pools: pass 4 of 12, NQ 30-minute bars (c1-NQ-tf30; 8 workers): days 721-780 of 948 (1120 instances)
2026-10-07T00:21:48+00:00 control pools: pass 4 of 12, NQ 30-minute bars (c1-NQ-tf30; 8 workers): days 781-840 of 948 (1120 instances)
2026-10-07T00:22:25+00:00 control pools: pass 4 of 12, NQ 30-minute bars (c1-NQ-tf30; 8 workers): days 841-900 of 948 (1120 instances)
2026-10-07T00:23:02+00:00 control pools: pass 4 of 12, NQ 30-minute bars (c1-NQ-tf30; 8 workers): days 901-948 of 948 (1120 instances)
2026-10-07T00:23:41+00:00 null_bp c1-NQ-tf30: + 160 cells (320 -> 480), 1,649,097 trades more, 541.87 s of tape (wall 547 s, 8 workers)
2026-10-07T00:23:41+00:00 control pools: pass 5 of 12, ES 1-minute bars (c1-ES-tf1; 8 workers)
2026-10-07T00:23:41+00:00 control pools: pass 5 of 12, ES 1-minute bars (c1-ES-tf1; 8 workers): days 1-60 of 948 (1120 instances)
2026-10-07T00:24:37+00:00 control pools: pass 5 of 12, ES 1-minute bars (c1-ES-tf1; 8 workers): days 61-120 of 948 (1120 instances)
2026-10-07T00:25:35+00:00 control pools: pass 5 of 12, ES 1-minute bars (c1-ES-tf1; 8 workers): days 121-180 of 948 (1120 instances)
2026-10-07T00:26:39+00:00 control pools: pass 5 of 12, ES 1-minute bars (c1-ES-tf1; 8 workers): days 181-240 of 948 (1120 instances)
2026-10-07T00:27:44+00:00 control pools: pass 5 of 12, ES 1-minute bars (c1-ES-tf1; 8 workers): days 241-300 of 948 (1120 instances)
2026-10-07T00:28:54+00:00 control pools: pass 5 of 12, ES 1-minute bars (c1-ES-tf1; 8 workers): days 301-360 of 948 (1120 instances)
2026-10-07T00:30:12+00:00 control pools: pass 5 of 12, ES 1-minute bars (c1-ES-tf1; 8 workers): days 361-420 of 948 (1120 instances)
2026-10-07T00:31:42+00:00 control pools: pass 5 of 12, ES 1-minute bars (c1-ES-tf1; 8 workers): days 421-480 of 948 (1120 instances)
2026-10-07T00:32:58+00:00 control pools: pass 5 of 12, ES 1-minute bars (c1-ES-tf1; 8 workers): days 481-540 of 948 (1120 instances)
2026-10-07T00:33:50+00:00 control pools: pass 5 of 12, ES 1-minute bars (c1-ES-tf1; 8 workers): days 541-600 of 948 (1120 instances)
2026-10-07T00:34:36+00:00 control pools: pass 5 of 12, ES 1-minute bars (c1-ES-tf1; 8 workers): days 601-660 of 948 (1120 instances)
2026-10-07T00:35:19+00:00 control pools: pass 5 of 12, ES 1-minute bars (c1-ES-tf1; 8 workers): days 661-720 of 948 (1120 instances)
2026-10-07T00:36:03+00:00 control pools: pass 5 of 12, ES 1-minute bars (c1-ES-tf1; 8 workers): days 721-780 of 948 (1120 instances)
2026-10-07T00:36:46+00:00 control pools: pass 5 of 12, ES 1-minute bars (c1-ES-tf1; 8 workers): days 781-840 of 948 (1120 instances)
2026-10-07T00:37:30+00:00 control pools: pass 5 of 12, ES 1-minute bars (c1-ES-tf1; 8 workers): days 841-900 of 948 (1120 instances)
2026-10-07T00:38:11+00:00 control pools: pass 5 of 12, ES 1-minute bars (c1-ES-tf1; 8 workers): days 901-948 of 948 (1120 instances)
2026-10-07T00:38:51+00:00 null_bp c1-ES-tf1: + 160 cells (320 -> 480), 2,886,680 trades more, 890.89 s of tape (wall 900 s, 8 workers)
2026-10-07T00:38:51+00:00 control pools: pass 6 of 12, ES 5-minute bars (c1-ES-tf5; 8 workers)
2026-10-07T00:38:51+00:00 control pools: pass 6 of 12, ES 5-minute bars (c1-ES-tf5; 8 workers): days 1-60 of 948 (1120 instances)
2026-10-07T00:39:19+00:00 control pools: pass 6 of 12, ES 5-minute bars (c1-ES-tf5; 8 workers): days 61-120 of 948 (1120 instances)
2026-10-07T00:39:48+00:00 control pools: pass 6 of 12, ES 5-minute bars (c1-ES-tf5; 8 workers): days 121-180 of 948 (1120 instances)
2026-10-07T00:40:16+00:00 control pools: pass 6 of 12, ES 5-minute bars (c1-ES-tf5; 8 workers): days 181-240 of 948 (1120 instances)
2026-10-07T00:40:46+00:00 control pools: pass 6 of 12, ES 5-minute bars (c1-ES-tf5; 8 workers): days 241-300 of 948 (1120 instances)
2026-10-07T00:41:19+00:00 control pools: pass 6 of 12, ES 5-minute bars (c1-ES-tf5; 8 workers): days 301-360 of 948 (1120 instances)
2026-10-07T00:41:50+00:00 control pools: pass 6 of 12, ES 5-minute bars (c1-ES-tf5; 8 workers): days 361-420 of 948 (1120 instances)
2026-10-07T00:42:21+00:00 control pools: pass 6 of 12, ES 5-minute bars (c1-ES-tf5; 8 workers): days 421-480 of 948 (1120 instances)
2026-10-07T00:42:51+00:00 control pools: pass 6 of 12, ES 5-minute bars (c1-ES-tf5; 8 workers): days 481-540 of 948 (1120 instances)
2026-10-07T00:43:19+00:00 control pools: pass 6 of 12, ES 5-minute bars (c1-ES-tf5; 8 workers): days 541-600 of 948 (1120 instances)
2026-10-07T00:43:51+00:00 control pools: pass 6 of 12, ES 5-minute bars (c1-ES-tf5; 8 workers): days 601-660 of 948 (1120 instances)
2026-10-07T00:44:20+00:00 control pools: pass 6 of 12, ES 5-minute bars (c1-ES-tf5; 8 workers): days 661-720 of 948 (1120 instances)
2026-10-07T00:44:49+00:00 control pools: pass 6 of 12, ES 5-minute bars (c1-ES-tf5; 8 workers): days 721-780 of 948 (1120 instances)
2026-10-07T00:45:16+00:00 control pools: pass 6 of 12, ES 5-minute bars (c1-ES-tf5; 8 workers): days 781-840 of 948 (1120 instances)
2026-10-07T00:45:54+00:00 control pools: pass 6 of 12, ES 5-minute bars (c1-ES-tf5; 8 workers): days 841-900 of 948 (1120 instances)
2026-10-07T00:46:28+00:00 control pools: pass 6 of 12, ES 5-minute bars (c1-ES-tf5; 8 workers): days 901-948 of 948 (1120 instances)
2026-10-07T00:47:00+00:00 null_bp c1-ES-tf5: + 160 cells (320 -> 480), 2,731,591 trades more, 473.64 s of tape (wall 480 s, 8 workers)
2026-10-07T00:47:00+00:00 control pools: pass 7 of 12, ES 15-minute bars (c1-ES-tf15; 8 workers)
2026-10-07T00:47:00+00:00 control pools: pass 7 of 12, ES 15-minute bars (c1-ES-tf15; 8 workers): days 1-60 of 948 (1120 instances)
2026-10-07T00:47:24+00:00 control pools: pass 7 of 12, ES 15-minute bars (c1-ES-tf15; 8 workers): days 61-120 of 948 (1120 instances)
2026-10-07T00:47:53+00:00 control pools: pass 7 of 12, ES 15-minute bars (c1-ES-tf15; 8 workers): days 121-180 of 948 (1120 instances)
2026-10-07T00:48:20+00:00 control pools: pass 7 of 12, ES 15-minute bars (c1-ES-tf15; 8 workers): days 181-240 of 948 (1120 instances)
2026-10-07T00:48:47+00:00 control pools: pass 7 of 12, ES 15-minute bars (c1-ES-tf15; 8 workers): days 241-300 of 948 (1120 instances)
2026-10-07T00:49:18+00:00 control pools: pass 7 of 12, ES 15-minute bars (c1-ES-tf15; 8 workers): days 301-360 of 948 (1120 instances)
2026-10-07T00:49:48+00:00 control pools: pass 7 of 12, ES 15-minute bars (c1-ES-tf15; 8 workers): days 361-420 of 948 (1120 instances)
2026-10-07T00:50:17+00:00 control pools: pass 7 of 12, ES 15-minute bars (c1-ES-tf15; 8 workers): days 421-480 of 948 (1120 instances)
2026-10-07T00:50:46+00:00 control pools: pass 7 of 12, ES 15-minute bars (c1-ES-tf15; 8 workers): days 481-540 of 948 (1120 instances)
2026-10-07T00:51:17+00:00 control pools: pass 7 of 12, ES 15-minute bars (c1-ES-tf15; 8 workers): days 541-600 of 948 (1120 instances)
2026-10-07T00:51:51+00:00 control pools: pass 7 of 12, ES 15-minute bars (c1-ES-tf15; 8 workers): days 601-660 of 948 (1120 instances)
2026-10-07T00:52:26+00:00 control pools: pass 7 of 12, ES 15-minute bars (c1-ES-tf15; 8 workers): days 661-720 of 948 (1120 instances)
2026-10-07T00:52:59+00:00 control pools: pass 7 of 12, ES 15-minute bars (c1-ES-tf15; 8 workers): days 721-780 of 948 (1120 instances)
2026-10-07T00:53:30+00:00 control pools: pass 7 of 12, ES 15-minute bars (c1-ES-tf15; 8 workers): days 781-840 of 948 (1120 instances)
2026-10-07T00:54:01+00:00 control pools: pass 7 of 12, ES 15-minute bars (c1-ES-tf15; 8 workers): days 841-900 of 948 (1120 instances)
2026-10-07T00:54:30+00:00 control pools: pass 7 of 12, ES 15-minute bars (c1-ES-tf15; 8 workers): days 901-948 of 948 (1120 instances)
2026-10-07T00:55:00+00:00 null_bp c1-ES-tf15: + 160 cells (320 -> 480), 2,283,151 trades more, 467.09 s of tape (wall 473 s, 8 workers)
2026-10-07T00:55:00+00:00 control pools: pass 8 of 12, ES 30-minute bars (c1-ES-tf30; 8 workers)
2026-10-07T00:55:00+00:00 control pools: pass 8 of 12, ES 30-minute bars (c1-ES-tf30; 8 workers): days 1-60 of 948 (1120 instances)
2026-10-07T00:55:24+00:00 control pools: pass 8 of 12, ES 30-minute bars (c1-ES-tf30; 8 workers): days 61-120 of 948 (1120 instances)
2026-10-07T00:55:52+00:00 control pools: pass 8 of 12, ES 30-minute bars (c1-ES-tf30; 8 workers): days 121-180 of 948 (1120 instances)
2026-10-07T00:56:17+00:00 control pools: pass 8 of 12, ES 30-minute bars (c1-ES-tf30; 8 workers): days 181-240 of 948 (1120 instances)
2026-10-07T00:56:43+00:00 control pools: pass 8 of 12, ES 30-minute bars (c1-ES-tf30; 8 workers): days 241-300 of 948 (1120 instances)
2026-10-07T00:57:10+00:00 control pools: pass 8 of 12, ES 30-minute bars (c1-ES-tf30; 8 workers): days 301-360 of 948 (1120 instances)
2026-10-07T00:57:37+00:00 control pools: pass 8 of 12, ES 30-minute bars (c1-ES-tf30; 8 workers): days 361-420 of 948 (1120 instances)
2026-10-07T00:58:04+00:00 control pools: pass 8 of 12, ES 30-minute bars (c1-ES-tf30; 8 workers): days 421-480 of 948 (1120 instances)
2026-10-07T00:58:30+00:00 control pools: pass 8 of 12, ES 30-minute bars (c1-ES-tf30; 8 workers): days 481-540 of 948 (1120 instances)
2026-10-07T00:58:58+00:00 control pools: pass 8 of 12, ES 30-minute bars (c1-ES-tf30; 8 workers): days 541-600 of 948 (1120 instances)
2026-10-07T00:59:25+00:00 control pools: pass 8 of 12, ES 30-minute bars (c1-ES-tf30; 8 workers): days 601-660 of 948 (1120 instances)
2026-10-07T00:59:51+00:00 control pools: pass 8 of 12, ES 30-minute bars (c1-ES-tf30; 8 workers): days 661-720 of 948 (1120 instances)
2026-10-07T01:00:18+00:00 control pools: pass 8 of 12, ES 30-minute bars (c1-ES-tf30; 8 workers): days 721-780 of 948 (1120 instances)
2026-10-07T01:00:43+00:00 control pools: pass 8 of 12, ES 30-minute bars (c1-ES-tf30; 8 workers): days 781-840 of 948 (1120 instances)
2026-10-07T01:01:09+00:00 control pools: pass 8 of 12, ES 30-minute bars (c1-ES-tf30; 8 workers): days 841-900 of 948 (1120 instances)
2026-10-07T01:01:33+00:00 control pools: pass 8 of 12, ES 30-minute bars (c1-ES-tf30; 8 workers): days 901-948 of 948 (1120 instances)
2026-10-07T01:01:57+00:00 null_bp c1-ES-tf30: + 160 cells (320 -> 480), 1,592,494 trades more, 407.59 s of tape (wall 412 s, 8 workers)
2026-10-07T01:01:57+00:00 control pools: pass 9 of 12, GC 1-minute bars (c1-GC-tf1; 8 workers)
2026-10-07T01:01:57+00:00 control pools: pass 9 of 12, GC 1-minute bars (c1-GC-tf1; 8 workers): days 1-60 of 947 (1120 instances)
2026-10-07T01:02:31+00:00 control pools: pass 9 of 12, GC 1-minute bars (c1-GC-tf1; 8 workers): days 61-120 of 947 (1120 instances)
2026-10-07T01:03:08+00:00 control pools: pass 9 of 12, GC 1-minute bars (c1-GC-tf1; 8 workers): days 121-180 of 947 (1120 instances)
2026-10-07T01:03:44+00:00 control pools: pass 9 of 12, GC 1-minute bars (c1-GC-tf1; 8 workers): days 181-240 of 947 (1120 instances)
2026-10-07T01:04:21+00:00 control pools: pass 9 of 12, GC 1-minute bars (c1-GC-tf1; 8 workers): days 241-300 of 947 (1120 instances)
2026-10-07T01:04:58+00:00 control pools: pass 9 of 12, GC 1-minute bars (c1-GC-tf1; 8 workers): days 301-360 of 947 (1120 instances)
2026-10-07T01:05:35+00:00 control pools: pass 9 of 12, GC 1-minute bars (c1-GC-tf1; 8 workers): days 361-420 of 947 (1120 instances)
2026-10-07T01:06:13+00:00 control pools: pass 9 of 12, GC 1-minute bars (c1-GC-tf1; 8 workers): days 421-480 of 947 (1120 instances)
2026-10-07T01:06:51+00:00 control pools: pass 9 of 12, GC 1-minute bars (c1-GC-tf1; 8 workers): days 481-540 of 947 (1120 instances)
2026-10-07T01:07:31+00:00 control pools: pass 9 of 12, GC 1-minute bars (c1-GC-tf1; 8 workers): days 541-600 of 947 (1120 instances)
2026-10-07T01:08:06+00:00 control pools: pass 9 of 12, GC 1-minute bars (c1-GC-tf1; 8 workers): days 601-660 of 947 (1120 instances)
2026-10-07T01:08:43+00:00 control pools: pass 9 of 12, GC 1-minute bars (c1-GC-tf1; 8 workers): days 661-720 of 947 (1120 instances)
2026-10-07T01:09:18+00:00 control pools: pass 9 of 12, GC 1-minute bars (c1-GC-tf1; 8 workers): days 721-780 of 947 (1120 instances)
2026-10-07T01:09:54+00:00 control pools: pass 9 of 12, GC 1-minute bars (c1-GC-tf1; 8 workers): days 781-840 of 947 (1120 instances)
2026-10-07T01:10:29+00:00 control pools: pass 9 of 12, GC 1-minute bars (c1-GC-tf1; 8 workers): days 841-900 of 947 (1120 instances)
2026-10-07T01:11:03+00:00 control pools: pass 9 of 12, GC 1-minute bars (c1-GC-tf1; 8 workers): days 901-947 of 947 (1120 instances)
2026-10-07T01:11:39+00:00 null_bp c1-GC-tf1: + 160 cells (320 -> 480), 2,835,044 trades more, 566.62 s of tape (wall 573 s, 8 workers)
2026-10-07T01:11:39+00:00 control pools: pass 10 of 12, GC 5-minute bars (c1-GC-tf5; 8 workers)
2026-10-07T01:11:39+00:00 control pools: pass 10 of 12, GC 5-minute bars (c1-GC-tf5; 8 workers): days 1-60 of 947 (1120 instances)
2026-10-07T01:12:05+00:00 control pools: pass 10 of 12, GC 5-minute bars (c1-GC-tf5; 8 workers): days 61-120 of 947 (1120 instances)
2026-10-07T01:12:33+00:00 control pools: pass 10 of 12, GC 5-minute bars (c1-GC-tf5; 8 workers): days 121-180 of 947 (1120 instances)
2026-10-07T01:13:01+00:00 control pools: pass 10 of 12, GC 5-minute bars (c1-GC-tf5; 8 workers): days 181-240 of 947 (1120 instances)
2026-10-07T01:13:28+00:00 control pools: pass 10 of 12, GC 5-minute bars (c1-GC-tf5; 8 workers): days 241-300 of 947 (1120 instances)
2026-10-07T01:13:57+00:00 control pools: pass 10 of 12, GC 5-minute bars (c1-GC-tf5; 8 workers): days 301-360 of 947 (1120 instances)
2026-10-07T01:14:25+00:00 control pools: pass 10 of 12, GC 5-minute bars (c1-GC-tf5; 8 workers): days 361-420 of 947 (1120 instances)
2026-10-07T01:14:53+00:00 control pools: pass 10 of 12, GC 5-minute bars (c1-GC-tf5; 8 workers): days 421-480 of 947 (1120 instances)
2026-10-07T01:15:21+00:00 control pools: pass 10 of 12, GC 5-minute bars (c1-GC-tf5; 8 workers): days 481-540 of 947 (1120 instances)
2026-10-07T01:15:50+00:00 control pools: pass 10 of 12, GC 5-minute bars (c1-GC-tf5; 8 workers): days 541-600 of 947 (1120 instances)
2026-10-07T01:16:18+00:00 control pools: pass 10 of 12, GC 5-minute bars (c1-GC-tf5; 8 workers): days 601-660 of 947 (1120 instances)
2026-10-07T01:16:44+00:00 control pools: pass 10 of 12, GC 5-minute bars (c1-GC-tf5; 8 workers): days 661-720 of 947 (1120 instances)
2026-10-07T01:17:10+00:00 control pools: pass 10 of 12, GC 5-minute bars (c1-GC-tf5; 8 workers): days 721-780 of 947 (1120 instances)
2026-10-07T01:17:36+00:00 control pools: pass 10 of 12, GC 5-minute bars (c1-GC-tf5; 8 workers): days 781-840 of 947 (1120 instances)
2026-10-07T01:18:01+00:00 control pools: pass 10 of 12, GC 5-minute bars (c1-GC-tf5; 8 workers): days 841-900 of 947 (1120 instances)
2026-10-07T01:18:26+00:00 control pools: pass 10 of 12, GC 5-minute bars (c1-GC-tf5; 8 workers): days 901-947 of 947 (1120 instances)
2026-10-07T01:18:54+00:00 null_bp c1-GC-tf5: + 160 cells (320 -> 480), 2,650,862 trades more, 420.3 s of tape (wall 426 s, 8 workers)
2026-10-07T01:18:54+00:00 control pools: pass 11 of 12, GC 15-minute bars (c1-GC-tf15; 8 workers)
2026-10-07T01:18:54+00:00 control pools: pass 11 of 12, GC 15-minute bars (c1-GC-tf15; 8 workers): days 1-60 of 947 (1120 instances)
2026-10-07T01:19:16+00:00 control pools: pass 11 of 12, GC 15-minute bars (c1-GC-tf15; 8 workers): days 61-120 of 947 (1120 instances)
2026-10-07T01:19:41+00:00 control pools: pass 11 of 12, GC 15-minute bars (c1-GC-tf15; 8 workers): days 121-180 of 947 (1120 instances)
2026-10-07T01:20:06+00:00 control pools: pass 11 of 12, GC 15-minute bars (c1-GC-tf15; 8 workers): days 181-240 of 947 (1120 instances)
2026-10-07T01:20:31+00:00 control pools: pass 11 of 12, GC 15-minute bars (c1-GC-tf15; 8 workers): days 241-300 of 947 (1120 instances)
2026-10-07T01:20:55+00:00 control pools: pass 11 of 12, GC 15-minute bars (c1-GC-tf15; 8 workers): days 301-360 of 947 (1120 instances)
2026-10-07T01:21:19+00:00 control pools: pass 11 of 12, GC 15-minute bars (c1-GC-tf15; 8 workers): days 361-420 of 947 (1120 instances)
2026-10-07T01:21:49+00:00 control pools: pass 11 of 12, GC 15-minute bars (c1-GC-tf15; 8 workers): days 421-480 of 947 (1120 instances)
2026-10-07T01:22:36+00:00 control pools: pass 11 of 12, GC 15-minute bars (c1-GC-tf15; 8 workers): days 481-540 of 947 (1120 instances)
2026-10-07T01:23:25+00:00 control pools: pass 11 of 12, GC 15-minute bars (c1-GC-tf15; 8 workers): days 541-600 of 947 (1120 instances)
2026-10-07T01:24:02+00:00 control pools: pass 11 of 12, GC 15-minute bars (c1-GC-tf15; 8 workers): days 601-660 of 947 (1120 instances)
2026-10-07T01:24:27+00:00 control pools: pass 11 of 12, GC 15-minute bars (c1-GC-tf15; 8 workers): days 661-720 of 947 (1120 instances)
2026-10-07T01:24:51+00:00 control pools: pass 11 of 12, GC 15-minute bars (c1-GC-tf15; 8 workers): days 721-780 of 947 (1120 instances)
2026-10-07T01:25:17+00:00 control pools: pass 11 of 12, GC 15-minute bars (c1-GC-tf15; 8 workers): days 781-840 of 947 (1120 instances)
2026-10-07T01:25:40+00:00 control pools: pass 11 of 12, GC 15-minute bars (c1-GC-tf15; 8 workers): days 841-900 of 947 (1120 instances)
2026-10-07T01:26:04+00:00 control pools: pass 11 of 12, GC 15-minute bars (c1-GC-tf15; 8 workers): days 901-947 of 947 (1120 instances)
2026-10-07T01:26:29+00:00 null_bp c1-GC-tf15: + 160 cells (320 -> 480), 2,175,214 trades more, 442.94 s of tape (wall 449 s, 8 workers)
2026-10-07T01:26:29+00:00 control pools: pass 12 of 12, GC 30-minute bars (c1-GC-tf30; 8 workers)
2026-10-07T01:26:29+00:00 control pools: pass 12 of 12, GC 30-minute bars (c1-GC-tf30; 8 workers): days 1-60 of 947 (1120 instances)
2026-10-07T01:26:52+00:00 control pools: pass 12 of 12, GC 30-minute bars (c1-GC-tf30; 8 workers): days 61-120 of 947 (1120 instances)
2026-10-07T01:27:19+00:00 control pools: pass 12 of 12, GC 30-minute bars (c1-GC-tf30; 8 workers): days 121-180 of 947 (1120 instances)
2026-10-07T01:27:51+00:00 control pools: pass 12 of 12, GC 30-minute bars (c1-GC-tf30; 8 workers): days 181-240 of 947 (1120 instances)
2026-10-07T01:28:23+00:00 control pools: pass 12 of 12, GC 30-minute bars (c1-GC-tf30; 8 workers): days 241-300 of 947 (1120 instances)
2026-10-07T01:28:52+00:00 control pools: pass 12 of 12, GC 30-minute bars (c1-GC-tf30; 8 workers): days 301-360 of 947 (1120 instances)
2026-10-07T01:29:21+00:00 control pools: pass 12 of 12, GC 30-minute bars (c1-GC-tf30; 8 workers): days 361-420 of 947 (1120 instances)
2026-10-07T01:29:50+00:00 control pools: pass 12 of 12, GC 30-minute bars (c1-GC-tf30; 8 workers): days 421-480 of 947 (1120 instances)
2026-10-07T01:30:21+00:00 control pools: pass 12 of 12, GC 30-minute bars (c1-GC-tf30; 8 workers): days 481-540 of 947 (1120 instances)
2026-10-07T01:30:53+00:00 control pools: pass 12 of 12, GC 30-minute bars (c1-GC-tf30; 8 workers): days 541-600 of 947 (1120 instances)
2026-10-07T01:31:23+00:00 control pools: pass 12 of 12, GC 30-minute bars (c1-GC-tf30; 8 workers): days 601-660 of 947 (1120 instances)
2026-10-07T01:31:54+00:00 control pools: pass 12 of 12, GC 30-minute bars (c1-GC-tf30; 8 workers): days 661-720 of 947 (1120 instances)
2026-10-07T01:32:26+00:00 control pools: pass 12 of 12, GC 30-minute bars (c1-GC-tf30; 8 workers): days 721-780 of 947 (1120 instances)
2026-10-07T01:32:58+00:00 control pools: pass 12 of 12, GC 30-minute bars (c1-GC-tf30; 8 workers): days 781-840 of 947 (1120 instances)
2026-10-07T01:33:28+00:00 control pools: pass 12 of 12, GC 30-minute bars (c1-GC-tf30; 8 workers): days 841-900 of 947 (1120 instances)
2026-10-07T01:33:58+00:00 control pools: pass 12 of 12, GC 30-minute bars (c1-GC-tf30; 8 workers): days 901-947 of 947 (1120 instances)
2026-10-07T01:34:26+00:00 null_bp c1-GC-tf30: + 160 cells (320 -> 480), 1,543,166 trades more, 467.02 s of tape (wall 471 s, 8 workers)
2026-10-07T03:38:02+00:00 idea fvg_first_nq: pass 1 of 6, NQ 5-minute bars (c1o-NQ-tf5; 8 workers)
2026-10-07T03:38:02+00:00 idea fvg_first_nq: pass 1 of 6, NQ 5-minute bars (c1o-NQ-tf5; 8 workers): days 1-60 of 948 (4200 instances)
2026-10-07T03:41:11+00:00 idea fvg_first_nq: pass 1 of 6, NQ 5-minute bars (c1o-NQ-tf5; 8 workers): days 61-120 of 948 (4200 instances)
2026-10-07T03:43:57+00:00 idea fvg_first_nq: pass 1 of 6, NQ 5-minute bars (c1o-NQ-tf5; 8 workers): days 121-180 of 948 (4200 instances)
2026-10-07T03:46:39+00:00 idea fvg_first_nq: pass 1 of 6, NQ 5-minute bars (c1o-NQ-tf5; 8 workers): days 181-240 of 948 (4200 instances)
2026-10-07T03:49:21+00:00 idea fvg_first_nq: pass 1 of 6, NQ 5-minute bars (c1o-NQ-tf5; 8 workers): days 241-300 of 948 (4200 instances)
2026-10-07T03:52:06+00:00 idea fvg_first_nq: pass 1 of 6, NQ 5-minute bars (c1o-NQ-tf5; 8 workers): days 301-360 of 948 (4200 instances)
2026-10-07T03:54:48+00:00 idea fvg_first_nq: pass 1 of 6, NQ 5-minute bars (c1o-NQ-tf5; 8 workers): days 361-420 of 948 (4200 instances)
2026-10-07T03:57:28+00:00 idea fvg_first_nq: pass 1 of 6, NQ 5-minute bars (c1o-NQ-tf5; 8 workers): days 421-480 of 948 (4200 instances)
2026-10-07T04:00:10+00:00 idea fvg_first_nq: pass 1 of 6, NQ 5-minute bars (c1o-NQ-tf5; 8 workers): days 481-540 of 948 (4200 instances)
2026-10-07T04:02:51+00:00 idea fvg_first_nq: pass 1 of 6, NQ 5-minute bars (c1o-NQ-tf5; 8 workers): days 541-600 of 948 (4200 instances)
2026-10-07T04:05:34+00:00 idea fvg_first_nq: pass 1 of 6, NQ 5-minute bars (c1o-NQ-tf5; 8 workers): days 601-660 of 948 (4200 instances)
2026-10-07T04:08:17+00:00 idea fvg_first_nq: pass 1 of 6, NQ 5-minute bars (c1o-NQ-tf5; 8 workers): days 661-720 of 948 (4200 instances)
2026-10-07T04:10:59+00:00 idea fvg_first_nq: pass 1 of 6, NQ 5-minute bars (c1o-NQ-tf5; 8 workers): days 721-780 of 948 (4200 instances)
2026-10-07T04:13:40+00:00 idea fvg_first_nq: pass 1 of 6, NQ 5-minute bars (c1o-NQ-tf5; 8 workers): days 781-840 of 948 (4200 instances)
2026-10-07T04:16:23+00:00 idea fvg_first_nq: pass 1 of 6, NQ 5-minute bars (c1o-NQ-tf5; 8 workers): days 841-900 of 948 (4200 instances)
2026-10-07T04:19:08+00:00 idea fvg_first_nq: pass 1 of 6, NQ 5-minute bars (c1o-NQ-tf5; 8 workers): days 901-948 of 948 (4200 instances)
2026-10-07T04:21:44+00:00 null_bp c1o-NQ-tf5: 600 cells, 9,413,061 trades, 2567.91 s of tape (wall 2599 s, 8 workers)
2026-10-07T04:21:44+00:00 idea fvg_first_nq: pass 2 of 6, NQ 5-minute bars (fvg_first_nq-NQ-tf5; 8 workers)
2026-10-07T04:21:44+00:00 idea fvg_first_nq: pass 2 of 6, NQ 5-minute bars (fvg_first_nq-NQ-tf5; 8 workers): days 1-60 of 948 (480 instances)
2026-10-07T04:22:04+00:00 idea fvg_first_nq: pass 2 of 6, NQ 5-minute bars (fvg_first_nq-NQ-tf5; 8 workers): days 61-120 of 948 (480 instances)
2026-10-07T04:22:25+00:00 idea fvg_first_nq: pass 2 of 6, NQ 5-minute bars (fvg_first_nq-NQ-tf5; 8 workers): days 121-180 of 948 (480 instances)
2026-10-07T04:22:46+00:00 idea fvg_first_nq: pass 2 of 6, NQ 5-minute bars (fvg_first_nq-NQ-tf5; 8 workers): days 181-240 of 948 (480 instances)
2026-10-07T04:23:06+00:00 idea fvg_first_nq: pass 2 of 6, NQ 5-minute bars (fvg_first_nq-NQ-tf5; 8 workers): days 241-300 of 948 (480 instances)
2026-10-07T04:23:27+00:00 idea fvg_first_nq: pass 2 of 6, NQ 5-minute bars (fvg_first_nq-NQ-tf5; 8 workers): days 301-360 of 948 (480 instances)
2026-10-07T04:23:47+00:00 idea fvg_first_nq: pass 2 of 6, NQ 5-minute bars (fvg_first_nq-NQ-tf5; 8 workers): days 361-420 of 948 (480 instances)
2026-10-07T04:24:08+00:00 idea fvg_first_nq: pass 2 of 6, NQ 5-minute bars (fvg_first_nq-NQ-tf5; 8 workers): days 421-480 of 948 (480 instances)
2026-10-07T04:24:28+00:00 idea fvg_first_nq: pass 2 of 6, NQ 5-minute bars (fvg_first_nq-NQ-tf5; 8 workers): days 481-540 of 948 (480 instances)
2026-10-07T04:24:49+00:00 idea fvg_first_nq: pass 2 of 6, NQ 5-minute bars (fvg_first_nq-NQ-tf5; 8 workers): days 541-600 of 948 (480 instances)
2026-10-07T04:25:09+00:00 idea fvg_first_nq: pass 2 of 6, NQ 5-minute bars (fvg_first_nq-NQ-tf5; 8 workers): days 601-660 of 948 (480 instances)
2026-10-07T04:25:30+00:00 idea fvg_first_nq: pass 2 of 6, NQ 5-minute bars (fvg_first_nq-NQ-tf5; 8 workers): days 661-720 of 948 (480 instances)
2026-10-07T04:25:51+00:00 idea fvg_first_nq: pass 2 of 6, NQ 5-minute bars (fvg_first_nq-NQ-tf5; 8 workers): days 721-780 of 948 (480 instances)
2026-10-07T04:26:11+00:00 idea fvg_first_nq: pass 2 of 6, NQ 5-minute bars (fvg_first_nq-NQ-tf5; 8 workers): days 781-840 of 948 (480 instances)
2026-10-07T04:26:31+00:00 idea fvg_first_nq: pass 2 of 6, NQ 5-minute bars (fvg_first_nq-NQ-tf5; 8 workers): days 841-900 of 948 (480 instances)
2026-10-07T04:26:52+00:00 idea fvg_first_nq: pass 2 of 6, NQ 5-minute bars (fvg_first_nq-NQ-tf5; 8 workers): days 901-948 of 948 (480 instances)
2026-10-07T04:27:08+00:00 bp_build fvg_first_nq-NQ-tf5: 240 cells, 392,520 trades, 322.46 s of tape (wall 324 s, 8 workers)
2026-10-07T04:27:08+00:00 idea fvg_first_nq: pass 3 of 6, NQ 1-minute bars (c1o-NQ-tf1; 8 workers)
2026-10-07T04:27:08+00:00 idea fvg_first_nq: pass 3 of 6, NQ 1-minute bars (c1o-NQ-tf1; 8 workers): days 1-60 of 948 (4200 instances)
2026-10-07T04:30:32+00:00 idea fvg_first_nq: pass 3 of 6, NQ 1-minute bars (c1o-NQ-tf1; 8 workers): days 61-120 of 948 (4200 instances)
2026-10-07T04:33:57+00:00 idea fvg_first_nq: pass 3 of 6, NQ 1-minute bars (c1o-NQ-tf1; 8 workers): days 121-180 of 948 (4200 instances)
2026-10-07T04:37:22+00:00 idea fvg_first_nq: pass 3 of 6, NQ 1-minute bars (c1o-NQ-tf1; 8 workers): days 181-240 of 948 (4200 instances)
2026-10-07T04:40:46+00:00 idea fvg_first_nq: pass 3 of 6, NQ 1-minute bars (c1o-NQ-tf1; 8 workers): days 241-300 of 948 (4200 instances)
2026-10-07T04:44:12+00:00 idea fvg_first_nq: pass 3 of 6, NQ 1-minute bars (c1o-NQ-tf1; 8 workers): days 301-360 of 948 (4200 instances)
2026-10-07T04:47:36+00:00 idea fvg_first_nq: pass 3 of 6, NQ 1-minute bars (c1o-NQ-tf1; 8 workers): days 361-420 of 948 (4200 instances)
2026-10-07T04:51:00+00:00 idea fvg_first_nq: pass 3 of 6, NQ 1-minute bars (c1o-NQ-tf1; 8 workers): days 421-480 of 948 (4200 instances)
2026-10-07T04:54:23+00:00 idea fvg_first_nq: pass 3 of 6, NQ 1-minute bars (c1o-NQ-tf1; 8 workers): days 481-540 of 948 (4200 instances)
2026-10-07T04:57:47+00:00 idea fvg_first_nq: pass 3 of 6, NQ 1-minute bars (c1o-NQ-tf1; 8 workers): days 541-600 of 948 (4200 instances)
2026-10-07T05:01:14+00:00 idea fvg_first_nq: pass 3 of 6, NQ 1-minute bars (c1o-NQ-tf1; 8 workers): days 601-660 of 948 (4200 instances)
2026-10-07T05:04:41+00:00 idea fvg_first_nq: pass 3 of 6, NQ 1-minute bars (c1o-NQ-tf1; 8 workers): days 661-720 of 948 (4200 instances)
2026-10-07T05:08:07+00:00 idea fvg_first_nq: pass 3 of 6, NQ 1-minute bars (c1o-NQ-tf1; 8 workers): days 721-780 of 948 (4200 instances)
2026-10-07T05:11:32+00:00 idea fvg_first_nq: pass 3 of 6, NQ 1-minute bars (c1o-NQ-tf1; 8 workers): days 781-840 of 948 (4200 instances)
2026-10-07T05:14:58+00:00 idea fvg_first_nq: pass 3 of 6, NQ 1-minute bars (c1o-NQ-tf1; 8 workers): days 841-900 of 948 (4200 instances)
2026-10-07T05:18:26+00:00 idea fvg_first_nq: pass 3 of 6, NQ 1-minute bars (c1o-NQ-tf1; 8 workers): days 901-948 of 948 (4200 instances)
2026-10-07T05:21:39+00:00 null_bp c1o-NQ-tf1: 600 cells, 10,957,096 trades, 3208.78 s of tape (wall 3245 s, 8 workers)
2026-10-07T05:21:39+00:00 idea fvg_first_nq: pass 4 of 6, NQ 1-minute bars (fvg_first_nq-NQ-tf1; 8 workers)
2026-10-07T05:21:39+00:00 idea fvg_first_nq: pass 4 of 6, NQ 1-minute bars (fvg_first_nq-NQ-tf1; 8 workers): days 1-60 of 948 (240 instances)
2026-10-07T05:21:51+00:00 idea fvg_first_nq: pass 4 of 6, NQ 1-minute bars (fvg_first_nq-NQ-tf1; 8 workers): days 61-120 of 948 (240 instances)
2026-10-07T05:22:03+00:00 idea fvg_first_nq: pass 4 of 6, NQ 1-minute bars (fvg_first_nq-NQ-tf1; 8 workers): days 121-180 of 948 (240 instances)
2026-10-07T05:22:15+00:00 idea fvg_first_nq: pass 4 of 6, NQ 1-minute bars (fvg_first_nq-NQ-tf1; 8 workers): days 181-240 of 948 (240 instances)
2026-10-07T05:22:26+00:00 idea fvg_first_nq: pass 4 of 6, NQ 1-minute bars (fvg_first_nq-NQ-tf1; 8 workers): days 241-300 of 948 (240 instances)
2026-10-07T05:22:38+00:00 idea fvg_first_nq: pass 4 of 6, NQ 1-minute bars (fvg_first_nq-NQ-tf1; 8 workers): days 301-360 of 948 (240 instances)
2026-10-07T05:22:50+00:00 idea fvg_first_nq: pass 4 of 6, NQ 1-minute bars (fvg_first_nq-NQ-tf1; 8 workers): days 361-420 of 948 (240 instances)
2026-10-07T05:23:02+00:00 idea fvg_first_nq: pass 4 of 6, NQ 1-minute bars (fvg_first_nq-NQ-tf1; 8 workers): days 421-480 of 948 (240 instances)
2026-10-07T05:23:14+00:00 idea fvg_first_nq: pass 4 of 6, NQ 1-minute bars (fvg_first_nq-NQ-tf1; 8 workers): days 481-540 of 948 (240 instances)
2026-10-07T05:23:26+00:00 idea fvg_first_nq: pass 4 of 6, NQ 1-minute bars (fvg_first_nq-NQ-tf1; 8 workers): days 541-600 of 948 (240 instances)
2026-10-07T05:23:38+00:00 idea fvg_first_nq: pass 4 of 6, NQ 1-minute bars (fvg_first_nq-NQ-tf1; 8 workers): days 601-660 of 948 (240 instances)
2026-10-07T05:23:50+00:00 idea fvg_first_nq: pass 4 of 6, NQ 1-minute bars (fvg_first_nq-NQ-tf1; 8 workers): days 661-720 of 948 (240 instances)
2026-10-07T05:24:02+00:00 idea fvg_first_nq: pass 4 of 6, NQ 1-minute bars (fvg_first_nq-NQ-tf1; 8 workers): days 721-780 of 948 (240 instances)
2026-10-07T05:24:14+00:00 idea fvg_first_nq: pass 4 of 6, NQ 1-minute bars (fvg_first_nq-NQ-tf1; 8 workers): days 781-840 of 948 (240 instances)
2026-10-07T05:24:26+00:00 idea fvg_first_nq: pass 4 of 6, NQ 1-minute bars (fvg_first_nq-NQ-tf1; 8 workers): days 841-900 of 948 (240 instances)
2026-10-07T05:24:37+00:00 idea fvg_first_nq: pass 4 of 6, NQ 1-minute bars (fvg_first_nq-NQ-tf1; 8 workers): days 901-948 of 948 (240 instances)
2026-10-07T05:24:47+00:00 bp_build fvg_first_nq-NQ-tf1: 240 cells, 224,820 trades, 186.88 s of tape (wall 188 s, 8 workers)
2026-10-07T05:24:47+00:00 idea fvg_first_nq: pass 5 of 6, ES 5-minute bars (c1o-ES-tf5; 8 workers)
2026-10-07T05:24:47+00:00 idea fvg_first_nq: pass 5 of 6, ES 5-minute bars (c1o-ES-tf5; 8 workers): days 1-60 of 948 (4200 instances)
2026-10-07T05:27:31+00:00 idea fvg_first_nq: pass 5 of 6, ES 5-minute bars (c1o-ES-tf5; 8 workers): days 61-120 of 948 (4200 instances)
2026-10-07T05:30:19+00:00 idea fvg_first_nq: pass 5 of 6, ES 5-minute bars (c1o-ES-tf5; 8 workers): days 121-180 of 948 (4200 instances)
2026-10-07T05:33:01+00:00 idea fvg_first_nq: pass 5 of 6, ES 5-minute bars (c1o-ES-tf5; 8 workers): days 181-240 of 948 (4200 instances)
2026-10-07T05:37:51+00:00 idea fvg_first_nq: pass 5 of 6, ES 5-minute bars (c1o-ES-tf5; 8 workers): days 241-300 of 948 (4200 instances)
2026-10-07T05:43:10+00:00 idea fvg_first_nq: pass 5 of 6, ES 5-minute bars (c1o-ES-tf5; 8 workers): days 301-360 of 948 (4200 instances)
2026-10-07T05:48:20+00:00 idea fvg_first_nq: pass 5 of 6, ES 5-minute bars (c1o-ES-tf5; 8 workers): days 361-420 of 948 (4200 instances)
2026-10-07T05:53:23+00:00 idea fvg_first_nq: pass 5 of 6, ES 5-minute bars (c1o-ES-tf5; 8 workers): days 421-480 of 948 (4200 instances)
2026-10-07T05:58:28+00:00 idea fvg_first_nq: pass 5 of 6, ES 5-minute bars (c1o-ES-tf5; 8 workers): days 481-540 of 948 (4200 instances)
2026-10-07T06:03:31+00:00 idea fvg_first_nq: pass 5 of 6, ES 5-minute bars (c1o-ES-tf5; 8 workers): days 541-600 of 948 (4200 instances)
2026-10-07T13:27:53+00:00 idea fvg_first_nq: pass 1 of 2, ES 5-minute bars (c1o-ES-tf5; 4 workers)
2026-10-07T13:27:53+00:00 idea fvg_first_nq: pass 1 of 2, ES 5-minute bars (c1o-ES-tf5; 4 workers): days 1-60 of 948 (4200 instances)
2026-10-07T13:31:05+00:00 idea fvg_first_nq: pass 1 of 2, ES 5-minute bars (c1o-ES-tf5; 4 workers): days 61-120 of 948 (4200 instances)
2026-10-07T13:34:25+00:00 idea fvg_first_nq: pass 1 of 2, ES 5-minute bars (c1o-ES-tf5; 4 workers): days 121-180 of 948 (4200 instances)
2026-10-07T13:38:26+00:00 idea fvg_first_nq: pass 1 of 2, ES 5-minute bars (c1o-ES-tf5; 4 workers): days 181-240 of 948 (4200 instances)
2026-10-07T13:44:38+00:00 idea fvg_first_nq: pass 1 of 2, ES 5-minute bars (c1o-ES-tf5; 4 workers): days 241-300 of 948 (4200 instances)
2026-10-07T13:49:51+00:00 idea fvg_first_nq: pass 1 of 2, ES 5-minute bars (c1o-ES-tf5; 4 workers): days 301-360 of 948 (4200 instances)
2026-10-07T13:53:49+00:00 idea fvg_first_nq: pass 1 of 2, ES 5-minute bars (c1o-ES-tf5; 4 workers): days 361-420 of 948 (4200 instances)
2026-10-07T13:57:28+00:00 idea fvg_first_nq: pass 1 of 2, ES 5-minute bars (c1o-ES-tf5; 4 workers): days 421-480 of 948 (4200 instances)
2026-10-07T14:00:21+00:00 idea fvg_first_nq: pass 1 of 2, ES 5-minute bars (c1o-ES-tf5; 4 workers): days 481-540 of 948 (4200 instances)
2026-10-07T14:03:19+00:00 idea fvg_first_nq: pass 1 of 2, ES 5-minute bars (c1o-ES-tf5; 4 workers): days 541-600 of 948 (4200 instances)
2026-10-07T14:06:11+00:00 idea fvg_first_nq: pass 1 of 2, ES 5-minute bars (c1o-ES-tf5; 4 workers): days 601-660 of 948 (4200 instances)
2026-10-07T14:09:02+00:00 idea fvg_first_nq: pass 1 of 2, ES 5-minute bars (c1o-ES-tf5; 4 workers): days 661-720 of 948 (4200 instances)
2026-10-07T14:11:52+00:00 idea fvg_first_nq: pass 1 of 2, ES 5-minute bars (c1o-ES-tf5; 4 workers): days 721-780 of 948 (4200 instances)
2026-10-07T14:14:53+00:00 idea fvg_first_nq: pass 1 of 2, ES 5-minute bars (c1o-ES-tf5; 4 workers): days 781-840 of 948 (4200 instances)
2026-10-07T14:18:02+00:00 idea fvg_first_nq: pass 1 of 2, ES 5-minute bars (c1o-ES-tf5; 4 workers): days 841-900 of 948 (4200 instances)
2026-10-07T14:21:16+00:00 idea fvg_first_nq: pass 1 of 2, ES 5-minute bars (c1o-ES-tf5; 4 workers): days 901-948 of 948 (4200 instances)
2026-10-07T14:24:06+00:00 null_bp c1o-ES-tf5: 600 cells, 9,546,196 trades, 3332.84 s of tape (wall 3359 s, 4 workers)
2026-10-07T14:24:06+00:00 idea fvg_first_nq: pass 2 of 2, ES 5-minute bars (fvg_first_nq-ES-tf5; 4 workers)
2026-10-07T14:24:06+00:00 idea fvg_first_nq: pass 2 of 2, ES 5-minute bars (fvg_first_nq-ES-tf5; 4 workers): days 1-60 of 948 (240 instances)
2026-10-07T14:24:16+00:00 idea fvg_first_nq: pass 2 of 2, ES 5-minute bars (fvg_first_nq-ES-tf5; 4 workers): days 61-120 of 948 (240 instances)
2026-10-07T14:24:27+00:00 idea fvg_first_nq: pass 2 of 2, ES 5-minute bars (fvg_first_nq-ES-tf5; 4 workers): days 121-180 of 948 (240 instances)
2026-10-07T14:24:38+00:00 idea fvg_first_nq: pass 2 of 2, ES 5-minute bars (fvg_first_nq-ES-tf5; 4 workers): days 181-240 of 948 (240 instances)
2026-10-07T14:24:47+00:00 idea fvg_first_nq: pass 2 of 2, ES 5-minute bars (fvg_first_nq-ES-tf5; 4 workers): days 241-300 of 948 (240 instances)
2026-10-07T14:24:57+00:00 idea fvg_first_nq: pass 2 of 2, ES 5-minute bars (fvg_first_nq-ES-tf5; 4 workers): days 301-360 of 948 (240 instances)
2026-10-07T14:25:07+00:00 idea fvg_first_nq: pass 2 of 2, ES 5-minute bars (fvg_first_nq-ES-tf5; 4 workers): days 361-420 of 948 (240 instances)
2026-10-07T14:25:17+00:00 idea fvg_first_nq: pass 2 of 2, ES 5-minute bars (fvg_first_nq-ES-tf5; 4 workers): days 421-480 of 948 (240 instances)
2026-10-07T14:25:26+00:00 idea fvg_first_nq: pass 2 of 2, ES 5-minute bars (fvg_first_nq-ES-tf5; 4 workers): days 481-540 of 948 (240 instances)
2026-10-07T14:25:35+00:00 idea fvg_first_nq: pass 2 of 2, ES 5-minute bars (fvg_first_nq-ES-tf5; 4 workers): days 541-600 of 948 (240 instances)
2026-10-07T14:25:45+00:00 idea fvg_first_nq: pass 2 of 2, ES 5-minute bars (fvg_first_nq-ES-tf5; 4 workers): days 601-660 of 948 (240 instances)
2026-10-07T14:25:54+00:00 idea fvg_first_nq: pass 2 of 2, ES 5-minute bars (fvg_first_nq-ES-tf5; 4 workers): days 661-720 of 948 (240 instances)
2026-10-07T14:26:04+00:00 idea fvg_first_nq: pass 2 of 2, ES 5-minute bars (fvg_first_nq-ES-tf5; 4 workers): days 721-780 of 948 (240 instances)
2026-10-07T14:26:13+00:00 idea fvg_first_nq: pass 2 of 2, ES 5-minute bars (fvg_first_nq-ES-tf5; 4 workers): days 781-840 of 948 (240 instances)
2026-10-07T14:26:23+00:00 idea fvg_first_nq: pass 2 of 2, ES 5-minute bars (fvg_first_nq-ES-tf5; 4 workers): days 841-900 of 948 (240 instances)
2026-10-07T14:26:32+00:00 idea fvg_first_nq: pass 2 of 2, ES 5-minute bars (fvg_first_nq-ES-tf5; 4 workers): days 901-948 of 948 (240 instances)
2026-10-07T14:26:40+00:00 bp_build fvg_first_nq-ES-tf5: 240 cells, 188,820 trades, 153.1 s of tape (wall 154 s, 4 workers)
2026-10-07T17:51:36+00:00 idea fvg_cancel_nq: pass 1 of 3, NQ 5-minute bars (fvg_cancel_nq-NQ-tf5; 4 workers)
2026-10-07T17:51:36+00:00 idea fvg_cancel_nq: pass 1 of 3, NQ 5-minute bars (fvg_cancel_nq-NQ-tf5; 4 workers): days 1-60 of 948 (240 instances)
2026-10-07T17:51:38+00:00 idea fvg_latest_nq: pass 1 of 3, NQ 5-minute bars (fvg_latest_nq-NQ-tf5; 4 workers)
2026-10-07T17:51:38+00:00 idea fvg_latest_nq: pass 1 of 3, NQ 5-minute bars (fvg_latest_nq-NQ-tf5; 4 workers): days 1-60 of 948 (240 instances)
2026-10-07T17:51:54+00:00 idea fvg_cancel_nq: pass 1 of 3, NQ 5-minute bars (fvg_cancel_nq-NQ-tf5; 4 workers): days 61-120 of 948 (240 instances)
2026-10-07T17:51:59+00:00 idea fvg_latest_nq: pass 1 of 3, NQ 5-minute bars (fvg_latest_nq-NQ-tf5; 4 workers): days 61-120 of 948 (240 instances)
2026-10-07T17:52:14+00:00 idea fvg_cancel_nq: pass 1 of 3, NQ 5-minute bars (fvg_cancel_nq-NQ-tf5; 4 workers): days 121-180 of 948 (240 instances)
2026-10-07T17:52:19+00:00 idea fvg_latest_nq: pass 1 of 3, NQ 5-minute bars (fvg_latest_nq-NQ-tf5; 4 workers): days 121-180 of 948 (240 instances)
2026-10-07T17:52:32+00:00 idea fvg_cancel_nq: pass 1 of 3, NQ 5-minute bars (fvg_cancel_nq-NQ-tf5; 4 workers): days 181-240 of 948 (240 instances)
2026-10-07T17:52:40+00:00 idea fvg_latest_nq: pass 1 of 3, NQ 5-minute bars (fvg_latest_nq-NQ-tf5; 4 workers): days 181-240 of 948 (240 instances)
2026-10-07T17:52:52+00:00 idea fvg_cancel_nq: pass 1 of 3, NQ 5-minute bars (fvg_cancel_nq-NQ-tf5; 4 workers): days 241-300 of 948 (240 instances)
2026-10-07T17:53:02+00:00 idea fvg_latest_nq: pass 1 of 3, NQ 5-minute bars (fvg_latest_nq-NQ-tf5; 4 workers): days 241-300 of 948 (240 instances)
2026-10-07T17:53:12+00:00 idea fvg_cancel_nq: pass 1 of 3, NQ 5-minute bars (fvg_cancel_nq-NQ-tf5; 4 workers): days 301-360 of 948 (240 instances)
2026-10-07T17:53:24+00:00 idea fvg_latest_nq: pass 1 of 3, NQ 5-minute bars (fvg_latest_nq-NQ-tf5; 4 workers): days 301-360 of 948 (240 instances)
2026-10-07T17:53:33+00:00 idea fvg_cancel_nq: pass 1 of 3, NQ 5-minute bars (fvg_cancel_nq-NQ-tf5; 4 workers): days 361-420 of 948 (240 instances)
2026-10-07T17:53:48+00:00 idea fvg_latest_nq: pass 1 of 3, NQ 5-minute bars (fvg_latest_nq-NQ-tf5; 4 workers): days 361-420 of 948 (240 instances)
2026-10-07T17:53:53+00:00 idea fvg_cancel_nq: pass 1 of 3, NQ 5-minute bars (fvg_cancel_nq-NQ-tf5; 4 workers): days 421-480 of 948 (240 instances)
2026-10-07T17:54:08+00:00 idea fvg_latest_nq: pass 1 of 3, NQ 5-minute bars (fvg_latest_nq-NQ-tf5; 4 workers): days 421-480 of 948 (240 instances)
2026-10-07T17:54:11+00:00 idea fvg_cancel_nq: pass 1 of 3, NQ 5-minute bars (fvg_cancel_nq-NQ-tf5; 4 workers): days 481-540 of 948 (240 instances)
2026-10-07T17:54:28+00:00 idea fvg_latest_nq: pass 1 of 3, NQ 5-minute bars (fvg_latest_nq-NQ-tf5; 4 workers): days 481-540 of 948 (240 instances)
2026-10-07T17:54:30+00:00 idea fvg_cancel_nq: pass 1 of 3, NQ 5-minute bars (fvg_cancel_nq-NQ-tf5; 4 workers): days 541-600 of 948 (240 instances)
2026-10-07T17:54:47+00:00 idea fvg_latest_nq: pass 1 of 3, NQ 5-minute bars (fvg_latest_nq-NQ-tf5; 4 workers): days 541-600 of 948 (240 instances)
2026-10-07T17:54:48+00:00 idea fvg_cancel_nq: pass 1 of 3, NQ 5-minute bars (fvg_cancel_nq-NQ-tf5; 4 workers): days 601-660 of 948 (240 instances)
2026-10-07T17:55:08+00:00 idea fvg_cancel_nq: pass 1 of 3, NQ 5-minute bars (fvg_cancel_nq-NQ-tf5; 4 workers): days 661-720 of 948 (240 instances)
2026-10-07T17:55:08+00:00 idea fvg_latest_nq: pass 1 of 3, NQ 5-minute bars (fvg_latest_nq-NQ-tf5; 4 workers): days 601-660 of 948 (240 instances)
2026-10-07T17:55:27+00:00 idea fvg_cancel_nq: pass 1 of 3, NQ 5-minute bars (fvg_cancel_nq-NQ-tf5; 4 workers): days 721-780 of 948 (240 instances)
2026-10-07T17:55:29+00:00 idea fvg_latest_nq: pass 1 of 3, NQ 5-minute bars (fvg_latest_nq-NQ-tf5; 4 workers): days 661-720 of 948 (240 instances)
2026-10-07T17:55:45+00:00 idea fvg_cancel_nq: pass 1 of 3, NQ 5-minute bars (fvg_cancel_nq-NQ-tf5; 4 workers): days 781-840 of 948 (240 instances)
2026-10-07T17:55:49+00:00 idea fvg_latest_nq: pass 1 of 3, NQ 5-minute bars (fvg_latest_nq-NQ-tf5; 4 workers): days 721-780 of 948 (240 instances)
2026-10-07T17:56:03+00:00 idea fvg_cancel_nq: pass 1 of 3, NQ 5-minute bars (fvg_cancel_nq-NQ-tf5; 4 workers): days 841-900 of 948 (240 instances)
2026-10-07T17:56:07+00:00 idea fvg_latest_nq: pass 1 of 3, NQ 5-minute bars (fvg_latest_nq-NQ-tf5; 4 workers): days 781-840 of 948 (240 instances)
2026-10-07T17:56:21+00:00 idea fvg_cancel_nq: pass 1 of 3, NQ 5-minute bars (fvg_cancel_nq-NQ-tf5; 4 workers): days 901-948 of 948 (240 instances)
2026-10-07T17:56:27+00:00 idea fvg_latest_nq: pass 1 of 3, NQ 5-minute bars (fvg_latest_nq-NQ-tf5; 4 workers): days 841-900 of 948 (240 instances)
2026-10-07T17:56:35+00:00 bp_build fvg_cancel_nq-NQ-tf5: 240 cells, 113,760 trades, 298.89 s of tape (wall 299 s, 4 workers)
2026-10-07T17:56:35+00:00 idea fvg_cancel_nq: pass 2 of 3, NQ 1-minute bars (fvg_cancel_nq-NQ-tf1; 4 workers)
2026-10-07T17:56:35+00:00 idea fvg_cancel_nq: pass 2 of 3, NQ 1-minute bars (fvg_cancel_nq-NQ-tf1; 4 workers): days 1-60 of 948 (240 instances)
2026-10-07T17:56:46+00:00 idea fvg_latest_nq: pass 1 of 3, NQ 5-minute bars (fvg_latest_nq-NQ-tf5; 4 workers): days 901-948 of 948 (240 instances)
2026-10-07T17:56:58+00:00 idea fvg_cancel_nq: pass 2 of 3, NQ 1-minute bars (fvg_cancel_nq-NQ-tf1; 4 workers): days 61-120 of 948 (240 instances)
2026-10-07T17:57:02+00:00 bp_build fvg_latest_nq-NQ-tf5: 240 cells, 171,660 trades, 322.41 s of tape (wall 323 s, 4 workers)
2026-10-07T17:57:02+00:00 idea fvg_latest_nq: pass 2 of 3, NQ 1-minute bars (fvg_latest_nq-NQ-tf1; 4 workers)
2026-10-07T17:57:02+00:00 idea fvg_latest_nq: pass 2 of 3, NQ 1-minute bars (fvg_latest_nq-NQ-tf1; 4 workers): days 1-60 of 948 (240 instances)
2026-10-07T17:57:20+00:00 idea fvg_cancel_nq: pass 2 of 3, NQ 1-minute bars (fvg_cancel_nq-NQ-tf1; 4 workers): days 121-180 of 948 (240 instances)
2026-10-07T17:57:25+00:00 idea fvg_latest_nq: pass 2 of 3, NQ 1-minute bars (fvg_latest_nq-NQ-tf1; 4 workers): days 61-120 of 948 (240 instances)
2026-10-07T17:57:43+00:00 idea fvg_cancel_nq: pass 2 of 3, NQ 1-minute bars (fvg_cancel_nq-NQ-tf1; 4 workers): days 181-240 of 948 (240 instances)
2026-10-07T17:57:49+00:00 idea fvg_latest_nq: pass 2 of 3, NQ 1-minute bars (fvg_latest_nq-NQ-tf1; 4 workers): days 121-180 of 948 (240 instances)
2026-10-07T17:58:06+00:00 idea fvg_cancel_nq: pass 2 of 3, NQ 1-minute bars (fvg_cancel_nq-NQ-tf1; 4 workers): days 241-300 of 948 (240 instances)
2026-10-07T17:58:13+00:00 idea fvg_latest_nq: pass 2 of 3, NQ 1-minute bars (fvg_latest_nq-NQ-tf1; 4 workers): days 181-240 of 948 (240 instances)
2026-10-07T17:58:30+00:00 idea fvg_cancel_nq: pass 2 of 3, NQ 1-minute bars (fvg_cancel_nq-NQ-tf1; 4 workers): days 301-360 of 948 (240 instances)
2026-10-07T17:58:37+00:00 idea fvg_latest_nq: pass 2 of 3, NQ 1-minute bars (fvg_latest_nq-NQ-tf1; 4 workers): days 241-300 of 948 (240 instances)
2026-10-07T17:58:52+00:00 idea fvg_cancel_nq: pass 2 of 3, NQ 1-minute bars (fvg_cancel_nq-NQ-tf1; 4 workers): days 361-420 of 948 (240 instances)
2026-10-07T17:59:01+00:00 idea fvg_latest_nq: pass 2 of 3, NQ 1-minute bars (fvg_latest_nq-NQ-tf1; 4 workers): days 301-360 of 948 (240 instances)
2026-10-07T17:59:14+00:00 idea fvg_cancel_nq: pass 2 of 3, NQ 1-minute bars (fvg_cancel_nq-NQ-tf1; 4 workers): days 421-480 of 948 (240 instances)
2026-10-07T17:59:24+00:00 idea fvg_latest_nq: pass 2 of 3, NQ 1-minute bars (fvg_latest_nq-NQ-tf1; 4 workers): days 361-420 of 948 (240 instances)
2026-10-07T17:59:37+00:00 idea fvg_cancel_nq: pass 2 of 3, NQ 1-minute bars (fvg_cancel_nq-NQ-tf1; 4 workers): days 481-540 of 948 (240 instances)
2026-10-07T17:59:48+00:00 idea fvg_latest_nq: pass 2 of 3, NQ 1-minute bars (fvg_latest_nq-NQ-tf1; 4 workers): days 421-480 of 948 (240 instances)
2026-10-07T17:59:59+00:00 idea fvg_cancel_nq: pass 2 of 3, NQ 1-minute bars (fvg_cancel_nq-NQ-tf1; 4 workers): days 541-600 of 948 (240 instances)
2026-10-07T18:00:12+00:00 idea fvg_latest_nq: pass 2 of 3, NQ 1-minute bars (fvg_latest_nq-NQ-tf1; 4 workers): days 481-540 of 948 (240 instances)
2026-10-07T18:00:23+00:00 idea fvg_cancel_nq: pass 2 of 3, NQ 1-minute bars (fvg_cancel_nq-NQ-tf1; 4 workers): days 601-660 of 948 (240 instances)
2026-10-07T18:00:37+00:00 idea fvg_latest_nq: pass 2 of 3, NQ 1-minute bars (fvg_latest_nq-NQ-tf1; 4 workers): days 541-600 of 948 (240 instances)
2026-10-07T18:00:47+00:00 idea fvg_cancel_nq: pass 2 of 3, NQ 1-minute bars (fvg_cancel_nq-NQ-tf1; 4 workers): days 661-720 of 948 (240 instances)
2026-10-07T18:01:03+00:00 idea fvg_latest_nq: pass 2 of 3, NQ 1-minute bars (fvg_latest_nq-NQ-tf1; 4 workers): days 601-660 of 948 (240 instances)
2026-10-07T18:01:11+00:00 idea fvg_cancel_nq: pass 2 of 3, NQ 1-minute bars (fvg_cancel_nq-NQ-tf1; 4 workers): days 721-780 of 948 (240 instances)
2026-10-07T18:01:28+00:00 idea fvg_latest_nq: pass 2 of 3, NQ 1-minute bars (fvg_latest_nq-NQ-tf1; 4 workers): days 661-720 of 948 (240 instances)
2026-10-07T18:01:35+00:00 idea fvg_cancel_nq: pass 2 of 3, NQ 1-minute bars (fvg_cancel_nq-NQ-tf1; 4 workers): days 781-840 of 948 (240 instances)
2026-10-07T18:01:52+00:00 idea fvg_latest_nq: pass 2 of 3, NQ 1-minute bars (fvg_latest_nq-NQ-tf1; 4 workers): days 721-780 of 948 (240 instances)
2026-10-07T18:01:57+00:00 idea fvg_cancel_nq: pass 2 of 3, NQ 1-minute bars (fvg_cancel_nq-NQ-tf1; 4 workers): days 841-900 of 948 (240 instances)
2026-10-07T18:02:17+00:00 idea fvg_latest_nq: pass 2 of 3, NQ 1-minute bars (fvg_latest_nq-NQ-tf1; 4 workers): days 781-840 of 948 (240 instances)
2026-10-07T18:02:21+00:00 idea fvg_cancel_nq: pass 2 of 3, NQ 1-minute bars (fvg_cancel_nq-NQ-tf1; 4 workers): days 901-948 of 948 (240 instances)
2026-10-07T18:02:40+00:00 bp_build fvg_cancel_nq-NQ-tf1: 240 cells, 141,420 trades, 363.62 s of tape (wall 364 s, 4 workers)
2026-10-07T18:02:40+00:00 idea fvg_cancel_nq: pass 3 of 3, ES 5-minute bars (fvg_cancel_nq-ES-tf5; 4 workers)
2026-10-07T18:02:40+00:00 idea fvg_cancel_nq: pass 3 of 3, ES 5-minute bars (fvg_cancel_nq-ES-tf5; 4 workers): days 1-60 of 948 (240 instances)
2026-10-07T18:02:40+00:00 idea fvg_latest_nq: pass 2 of 3, NQ 1-minute bars (fvg_latest_nq-NQ-tf1; 4 workers): days 841-900 of 948 (240 instances)
2026-10-07T18:02:56+00:00 idea fvg_cancel_nq: pass 3 of 3, ES 5-minute bars (fvg_cancel_nq-ES-tf5; 4 workers): days 61-120 of 948 (240 instances)
2026-10-07T18:03:03+00:00 idea fvg_latest_nq: pass 2 of 3, NQ 1-minute bars (fvg_latest_nq-NQ-tf1; 4 workers): days 901-948 of 948 (240 instances)
2026-10-07T18:03:13+00:00 idea fvg_cancel_nq: pass 3 of 3, ES 5-minute bars (fvg_cancel_nq-ES-tf5; 4 workers): days 121-180 of 948 (240 instances)
2026-10-07T18:03:23+00:00 bp_build fvg_latest_nq-NQ-tf1: 240 cells, 224,460 trades, 379.97 s of tape (wall 381 s, 4 workers)
2026-10-07T18:03:23+00:00 idea fvg_latest_nq: pass 3 of 3, ES 5-minute bars (fvg_latest_nq-ES-tf5; 4 workers)
2026-10-07T18:03:23+00:00 idea fvg_latest_nq: pass 3 of 3, ES 5-minute bars (fvg_latest_nq-ES-tf5; 4 workers): days 1-60 of 948 (240 instances)
2026-10-07T18:03:30+00:00 idea fvg_cancel_nq: pass 3 of 3, ES 5-minute bars (fvg_cancel_nq-ES-tf5; 4 workers): days 181-240 of 948 (240 instances)
2026-10-07T18:03:41+00:00 idea fvg_latest_nq: pass 3 of 3, ES 5-minute bars (fvg_latest_nq-ES-tf5; 4 workers): days 61-120 of 948 (240 instances)
2026-10-07T18:03:47+00:00 idea fvg_cancel_nq: pass 3 of 3, ES 5-minute bars (fvg_cancel_nq-ES-tf5; 4 workers): days 241-300 of 948 (240 instances)
2026-10-07T18:04:00+00:00 idea fvg_latest_nq: pass 3 of 3, ES 5-minute bars (fvg_latest_nq-ES-tf5; 4 workers): days 121-180 of 948 (240 instances)
2026-10-07T18:04:05+00:00 idea fvg_cancel_nq: pass 3 of 3, ES 5-minute bars (fvg_cancel_nq-ES-tf5; 4 workers): days 301-360 of 948 (240 instances)
2026-10-07T18:04:19+00:00 idea fvg_latest_nq: pass 3 of 3, ES 5-minute bars (fvg_latest_nq-ES-tf5; 4 workers): days 181-240 of 948 (240 instances)
2026-10-07T18:04:22+00:00 idea fvg_cancel_nq: pass 3 of 3, ES 5-minute bars (fvg_cancel_nq-ES-tf5; 4 workers): days 361-420 of 948 (240 instances)
2026-10-07T18:04:38+00:00 idea fvg_latest_nq: pass 3 of 3, ES 5-minute bars (fvg_latest_nq-ES-tf5; 4 workers): days 241-300 of 948 (240 instances)
2026-10-07T18:04:40+00:00 idea fvg_cancel_nq: pass 3 of 3, ES 5-minute bars (fvg_cancel_nq-ES-tf5; 4 workers): days 421-480 of 948 (240 instances)
2026-10-07T18:04:57+00:00 idea fvg_cancel_nq: pass 3 of 3, ES 5-minute bars (fvg_cancel_nq-ES-tf5; 4 workers): days 481-540 of 948 (240 instances)
2026-10-07T18:04:58+00:00 idea fvg_latest_nq: pass 3 of 3, ES 5-minute bars (fvg_latest_nq-ES-tf5; 4 workers): days 301-360 of 948 (240 instances)
2026-10-07T18:05:15+00:00 idea fvg_cancel_nq: pass 3 of 3, ES 5-minute bars (fvg_cancel_nq-ES-tf5; 4 workers): days 541-600 of 948 (240 instances)
2026-10-07T18:05:16+00:00 idea fvg_latest_nq: pass 3 of 3, ES 5-minute bars (fvg_latest_nq-ES-tf5; 4 workers): days 361-420 of 948 (240 instances)
2026-10-07T18:05:31+00:00 idea fvg_cancel_nq: pass 3 of 3, ES 5-minute bars (fvg_cancel_nq-ES-tf5; 4 workers): days 601-660 of 948 (240 instances)
2026-10-07T18:05:34+00:00 idea fvg_latest_nq: pass 3 of 3, ES 5-minute bars (fvg_latest_nq-ES-tf5; 4 workers): days 421-480 of 948 (240 instances)
2026-10-07T18:05:48+00:00 idea fvg_cancel_nq: pass 3 of 3, ES 5-minute bars (fvg_cancel_nq-ES-tf5; 4 workers): days 661-720 of 948 (240 instances)
2026-10-07T18:05:53+00:00 idea fvg_latest_nq: pass 3 of 3, ES 5-minute bars (fvg_latest_nq-ES-tf5; 4 workers): days 481-540 of 948 (240 instances)
2026-10-07T18:06:06+00:00 idea fvg_cancel_nq: pass 3 of 3, ES 5-minute bars (fvg_cancel_nq-ES-tf5; 4 workers): days 721-780 of 948 (240 instances)
2026-10-07T18:06:11+00:00 idea fvg_latest_nq: pass 3 of 3, ES 5-minute bars (fvg_latest_nq-ES-tf5; 4 workers): days 541-600 of 948 (240 instances)
2026-10-07T18:06:23+00:00 idea fvg_cancel_nq: pass 3 of 3, ES 5-minute bars (fvg_cancel_nq-ES-tf5; 4 workers): days 781-840 of 948 (240 instances)
2026-10-07T18:06:29+00:00 idea fvg_latest_nq: pass 3 of 3, ES 5-minute bars (fvg_latest_nq-ES-tf5; 4 workers): days 601-660 of 948 (240 instances)
2026-10-07T18:06:39+00:00 idea fvg_cancel_nq: pass 3 of 3, ES 5-minute bars (fvg_cancel_nq-ES-tf5; 4 workers): days 841-900 of 948 (240 instances)
2026-10-07T18:06:47+00:00 idea fvg_latest_nq: pass 3 of 3, ES 5-minute bars (fvg_latest_nq-ES-tf5; 4 workers): days 661-720 of 948 (240 instances)
2026-10-07T18:06:56+00:00 idea fvg_cancel_nq: pass 3 of 3, ES 5-minute bars (fvg_cancel_nq-ES-tf5; 4 workers): days 901-948 of 948 (240 instances)
2026-10-07T18:07:05+00:00 idea fvg_latest_nq: pass 3 of 3, ES 5-minute bars (fvg_latest_nq-ES-tf5; 4 workers): days 721-780 of 948 (240 instances)
2026-10-07T18:07:09+00:00 bp_build fvg_cancel_nq-ES-tf5: 240 cells, 109,560 trades, 268.87 s of tape (wall 269 s, 4 workers)
2026-10-07T18:07:19+00:00 idea fvg_latest_nq: pass 3 of 3, ES 5-minute bars (fvg_latest_nq-ES-tf5; 4 workers): days 781-840 of 948 (240 instances)
2026-10-07T18:07:32+00:00 idea fvg_latest_nq: pass 3 of 3, ES 5-minute bars (fvg_latest_nq-ES-tf5; 4 workers): days 841-900 of 948 (240 instances)
2026-10-07T18:07:45+00:00 idea fvg_latest_nq: pass 3 of 3, ES 5-minute bars (fvg_latest_nq-ES-tf5; 4 workers): days 901-948 of 948 (240 instances)
2026-10-07T18:07:56+00:00 bp_build fvg_latest_nq-ES-tf5: 240 cells, 160,620 trades, 272.62 s of tape (wall 273 s, 4 workers)
2026-10-07T18:19:24+00:00 idea fvg_first_nq: pass 1 of 1, ES 1-minute bars (fvg_first_nq-ES-tf1; 4 workers)
2026-10-07T18:19:24+00:00 idea fvg_first_nq: pass 1 of 1, ES 1-minute bars (fvg_first_nq-ES-tf1; 4 workers): days 1-60 of 948 (240 instances)
2026-10-07T18:19:49+00:00 idea fvg_first_nq: pass 1 of 1, ES 1-minute bars (fvg_first_nq-ES-tf1; 4 workers)
2026-10-07T18:19:49+00:00 idea fvg_first_nq: pass 1 of 1, ES 1-minute bars (fvg_first_nq-ES-tf1; 4 workers): days 1-60 of 948 (240 instances)
2026-10-07T18:20:51+00:00 idea fvg_first_nq: pass 1 of 1, ES 1-minute bars (fvg_first_nq-ES-tf1; 4 workers): days 61-120 of 948 (240 instances)
2026-10-07T18:21:28+00:00 idea fvg_first_nq: pass 1 of 1, ES 1-minute bars (fvg_first_nq-ES-tf1; 4 workers)
2026-10-07T18:21:28+00:00 idea fvg_first_nq: pass 1 of 1, ES 1-minute bars (fvg_first_nq-ES-tf1; 4 workers): days 1-60 of 948 (240 instances)
2026-10-07T18:21:45+00:00 idea fvg_first_nq: pass 1 of 1, ES 1-minute bars (fvg_first_nq-ES-tf1; 4 workers): days 61-120 of 948 (240 instances)
2026-10-07T18:22:01+00:00 idea fvg_first_nq: pass 1 of 1, ES 1-minute bars (fvg_first_nq-ES-tf1; 4 workers): days 121-180 of 948 (240 instances)
2026-10-07T18:22:18+00:00 idea fvg_first_nq: pass 1 of 1, ES 1-minute bars (fvg_first_nq-ES-tf1; 4 workers): days 181-240 of 948 (240 instances)
2026-10-07T18:22:36+00:00 idea fvg_first_nq: pass 1 of 1, ES 1-minute bars (fvg_first_nq-ES-tf1; 4 workers): days 241-300 of 948 (240 instances)
2026-10-07T18:22:53+00:00 idea fvg_first_nq: pass 1 of 1, ES 1-minute bars (fvg_first_nq-ES-tf1; 4 workers): days 301-360 of 948 (240 instances)
2026-10-07T18:23:10+00:00 idea fvg_first_nq: pass 1 of 1, ES 1-minute bars (fvg_first_nq-ES-tf1; 4 workers): days 361-420 of 948 (240 instances)
2026-10-07T18:23:28+00:00 idea fvg_first_nq: pass 1 of 1, ES 1-minute bars (fvg_first_nq-ES-tf1; 4 workers): days 421-480 of 948 (240 instances)
2026-10-07T18:23:47+00:00 idea fvg_first_nq: pass 1 of 1, ES 1-minute bars (fvg_first_nq-ES-tf1; 4 workers): days 481-540 of 948 (240 instances)
2026-10-07T18:24:09+00:00 idea fvg_first_nq: pass 1 of 1, ES 1-minute bars (fvg_first_nq-ES-tf1; 4 workers): days 541-600 of 948 (240 instances)
2026-10-07T18:24:28+00:00 idea fvg_first_nq: pass 1 of 1, ES 1-minute bars (fvg_first_nq-ES-tf1; 4 workers): days 601-660 of 948 (240 instances)
2026-10-07T18:24:46+00:00 idea fvg_first_nq: pass 1 of 1, ES 1-minute bars (fvg_first_nq-ES-tf1; 4 workers): days 661-720 of 948 (240 instances)
2026-10-07T18:25:05+00:00 idea fvg_first_nq: pass 1 of 1, ES 1-minute bars (fvg_first_nq-ES-tf1; 4 workers): days 721-780 of 948 (240 instances)
2026-10-07T18:25:24+00:00 idea fvg_first_nq: pass 1 of 1, ES 1-minute bars (fvg_first_nq-ES-tf1; 4 workers): days 781-840 of 948 (240 instances)
2026-10-07T18:25:43+00:00 idea fvg_first_nq: pass 1 of 1, ES 1-minute bars (fvg_first_nq-ES-tf1; 4 workers): days 841-900 of 948 (240 instances)
2026-10-07T18:26:01+00:00 idea fvg_first_nq: pass 1 of 1, ES 1-minute bars (fvg_first_nq-ES-tf1; 4 workers): days 901-948 of 948 (240 instances)
2026-10-07T18:26:15+00:00 bp_build fvg_first_nq-ES-tf1: 240 cells, 225,480 trades, 285.83 s of tape (wall 287 s, 4 workers)
2026-10-07T18:26:15+00:00 idea fvg_cancel_nq: pass 1 of 1, ES 1-minute bars (fvg_cancel_nq-ES-tf1; 4 workers)
2026-10-07T18:26:15+00:00 idea fvg_cancel_nq: pass 1 of 1, ES 1-minute bars (fvg_cancel_nq-ES-tf1; 4 workers): days 1-60 of 948 (240 instances)
2026-10-07T18:26:31+00:00 idea fvg_cancel_nq: pass 1 of 1, ES 1-minute bars (fvg_cancel_nq-ES-tf1; 4 workers): days 61-120 of 948 (240 instances)
2026-10-07T18:26:47+00:00 idea fvg_cancel_nq: pass 1 of 1, ES 1-minute bars (fvg_cancel_nq-ES-tf1; 4 workers): days 121-180 of 948 (240 instances)
2026-10-07T18:27:03+00:00 idea fvg_cancel_nq: pass 1 of 1, ES 1-minute bars (fvg_cancel_nq-ES-tf1; 4 workers): days 181-240 of 948 (240 instances)
2026-10-07T18:27:19+00:00 idea fvg_cancel_nq: pass 1 of 1, ES 1-minute bars (fvg_cancel_nq-ES-tf1; 4 workers): days 241-300 of 948 (240 instances)
2026-10-07T18:27:36+00:00 idea fvg_cancel_nq: pass 1 of 1, ES 1-minute bars (fvg_cancel_nq-ES-tf1; 4 workers): days 301-360 of 948 (240 instances)
2026-10-07T18:27:52+00:00 idea fvg_cancel_nq: pass 1 of 1, ES 1-minute bars (fvg_cancel_nq-ES-tf1; 4 workers): days 361-420 of 948 (240 instances)
2026-10-07T18:28:08+00:00 idea fvg_cancel_nq: pass 1 of 1, ES 1-minute bars (fvg_cancel_nq-ES-tf1; 4 workers): days 421-480 of 948 (240 instances)
2026-10-07T18:28:25+00:00 idea fvg_cancel_nq: pass 1 of 1, ES 1-minute bars (fvg_cancel_nq-ES-tf1; 4 workers): days 481-540 of 948 (240 instances)
2026-10-07T18:28:41+00:00 idea fvg_cancel_nq: pass 1 of 1, ES 1-minute bars (fvg_cancel_nq-ES-tf1; 4 workers): days 541-600 of 948 (240 instances)
2026-10-07T18:28:58+00:00 idea fvg_cancel_nq: pass 1 of 1, ES 1-minute bars (fvg_cancel_nq-ES-tf1; 4 workers): days 601-660 of 948 (240 instances)
2026-10-07T18:29:14+00:00 idea fvg_cancel_nq: pass 1 of 1, ES 1-minute bars (fvg_cancel_nq-ES-tf1; 4 workers): days 661-720 of 948 (240 instances)
2026-10-07T18:29:30+00:00 idea fvg_cancel_nq: pass 1 of 1, ES 1-minute bars (fvg_cancel_nq-ES-tf1; 4 workers): days 721-780 of 948 (240 instances)
2026-10-07T18:29:47+00:00 idea fvg_cancel_nq: pass 1 of 1, ES 1-minute bars (fvg_cancel_nq-ES-tf1; 4 workers): days 781-840 of 948 (240 instances)
2026-10-07T18:30:04+00:00 idea fvg_cancel_nq: pass 1 of 1, ES 1-minute bars (fvg_cancel_nq-ES-tf1; 4 workers): days 841-900 of 948 (240 instances)
2026-10-07T18:30:20+00:00 idea fvg_cancel_nq: pass 1 of 1, ES 1-minute bars (fvg_cancel_nq-ES-tf1; 4 workers): days 901-948 of 948 (240 instances)
2026-10-07T18:30:33+00:00 bp_build fvg_cancel_nq-ES-tf1: 240 cells, 133,680 trades, 257.43 s of tape (wall 258 s, 4 workers)
2026-10-07T18:30:33+00:00 idea fvg_latest_nq: pass 1 of 1, ES 1-minute bars (fvg_latest_nq-ES-tf1; 4 workers)
2026-10-07T18:30:33+00:00 idea fvg_latest_nq: pass 1 of 1, ES 1-minute bars (fvg_latest_nq-ES-tf1; 4 workers): days 1-60 of 948 (240 instances)
2026-10-07T18:30:50+00:00 idea fvg_latest_nq: pass 1 of 1, ES 1-minute bars (fvg_latest_nq-ES-tf1; 4 workers): days 61-120 of 948 (240 instances)
2026-10-07T18:31:08+00:00 idea fvg_latest_nq: pass 1 of 1, ES 1-minute bars (fvg_latest_nq-ES-tf1; 4 workers): days 121-180 of 948 (240 instances)
2026-10-07T18:31:27+00:00 idea fvg_latest_nq: pass 1 of 1, ES 1-minute bars (fvg_latest_nq-ES-tf1; 4 workers): days 181-240 of 948 (240 instances)
2026-10-07T18:31:45+00:00 idea fvg_latest_nq: pass 1 of 1, ES 1-minute bars (fvg_latest_nq-ES-tf1; 4 workers): days 241-300 of 948 (240 instances)
2026-10-07T18:32:04+00:00 idea fvg_latest_nq: pass 1 of 1, ES 1-minute bars (fvg_latest_nq-ES-tf1; 4 workers): days 301-360 of 948 (240 instances)
2026-10-07T18:32:23+00:00 idea fvg_latest_nq: pass 1 of 1, ES 1-minute bars (fvg_latest_nq-ES-tf1; 4 workers): days 361-420 of 948 (240 instances)
2026-10-07T18:32:41+00:00 idea fvg_latest_nq: pass 1 of 1, ES 1-minute bars (fvg_latest_nq-ES-tf1; 4 workers): days 421-480 of 948 (240 instances)
2026-10-07T18:32:58+00:00 idea fvg_latest_nq: pass 1 of 1, ES 1-minute bars (fvg_latest_nq-ES-tf1; 4 workers): days 481-540 of 948 (240 instances)
2026-10-07T18:33:15+00:00 idea fvg_latest_nq: pass 1 of 1, ES 1-minute bars (fvg_latest_nq-ES-tf1; 4 workers): days 541-600 of 948 (240 instances)
2026-10-07T18:33:33+00:00 idea fvg_latest_nq: pass 1 of 1, ES 1-minute bars (fvg_latest_nq-ES-tf1; 4 workers): days 601-660 of 948 (240 instances)
2026-10-07T18:33:50+00:00 idea fvg_latest_nq: pass 1 of 1, ES 1-minute bars (fvg_latest_nq-ES-tf1; 4 workers): days 661-720 of 948 (240 instances)
2026-10-07T18:34:07+00:00 idea fvg_latest_nq: pass 1 of 1, ES 1-minute bars (fvg_latest_nq-ES-tf1; 4 workers): days 721-780 of 948 (240 instances)
2026-10-07T18:34:24+00:00 idea fvg_latest_nq: pass 1 of 1, ES 1-minute bars (fvg_latest_nq-ES-tf1; 4 workers): days 781-840 of 948 (240 instances)
2026-10-07T18:34:40+00:00 idea fvg_latest_nq: pass 1 of 1, ES 1-minute bars (fvg_latest_nq-ES-tf1; 4 workers): days 841-900 of 948 (240 instances)
2026-10-07T18:34:56+00:00 idea fvg_latest_nq: pass 1 of 1, ES 1-minute bars (fvg_latest_nq-ES-tf1; 4 workers): days 901-948 of 948 (240 instances)
2026-10-07T18:35:11+00:00 bp_build fvg_latest_nq-ES-tf1: 240 cells, 225,000 trades, 276.27 s of tape (wall 277 s, 4 workers)
