unit,cell,dead,author_cell,trades,net,t
orb_confirm-NQ-tf15|mid|dir=long,dirlong_or_min15_atr1p5-r0,False,False,297,59527.0,1.962
orb_confirm-NQ-tf15|mid|dir=long,dirlong_or_min15_atr1p5-r1,False,False,297,30407.0,1.472
orb_confirm-NQ-tf15|mid|dir=long,dirlong_or_min15_atr1p5-r2,False,False,297,61022.0,2.22
orb_confirm-NQ-tf15|mid|dir=long,dirlong_or_min15_atr1p5-r3,False,False,297,66217.0,2.189
orb_confirm-NQ-tf15|mid|dir=long,dirlong_or_min15_atr3-r0,False,False,297,52677.0,1.466
orb_confirm-NQ-tf15|mid|dir=long,dirlong_or_min15_atr3-r1,False,False,297,59907.0,1.795
orb_confirm-NQ-tf15|mid|dir=long,dirlong_or_min15_atr3-r2,False,False,297,60747.0,1.689
orb_confirm-NQ-tf15|mid|dir=long,dirlong_or_min15_atr3-r3,False,False,297,53397.0,1.482
orb_confirm-NQ-tf15|mid|dir=long,dirlong_or_min15_pts10-r0,False,False,297,15162.0,1.126
orb_confirm-NQ-tf15|mid|dir=long,dirlong_or_min15_pts10-r1,False,False,297,-3788.0,-1.083
orb_confirm-NQ-tf15|mid|dir=long,dirlong_or_min15_pts10-r2,False,False,297,-2828.0,-0.576
orb_confirm-NQ-tf15|mid|dir=long,dirlong_or_min15_pts10-r3,False,False,297,1477.0,0.24
orb_confirm-NQ-tf15|mid|dir=long,dirlong_or_min15_pts20-r0,False,False,297,27317.0,1.382
orb_confirm-NQ-tf15|mid|dir=long,dirlong_or_min15_pts20-r1,False,False,297,5682.0,0.819
orb_confirm-NQ-tf15|mid|dir=long,dirlong_or_min15_pts20-r2,False,False,297,8032.0,0.804
orb_confirm-NQ-tf15|mid|dir=long,dirlong_or_min15_pts20-r3,False,False,297,2092.0,0.175
orb_confirm-NQ-tf15|mid|dir=long,dirlong_or_min15_pts30-r0,False,False,297,26042.0,1.166
orb_confirm-NQ-tf15|mid|dir=long,dirlong_or_min15_pts30-r1,False,False,297,16347.0,1.584
orb_confirm-NQ-tf15|mid|dir=long,dirlong_or_min15_pts30-r2,False,False,297,1412.0,0.098
orb_confirm-NQ-tf15|mid|dir=long,dirlong_or_min15_pts30-r3,False,False,297,14692.0,0.822
orb_confirm-NQ-tf15|mid|dir=long,dirlong_or_min15_pts45-r0,False,False,297,57717.0,2.216
orb_confirm-NQ-tf15|mid|dir=long,dirlong_or_min15_pts45-r1,False,False,297,24072.0,1.586
orb_confirm-NQ-tf15|mid|dir=long,dirlong_or_min15_pts45-r2,False,False,297,49572.0,2.336
orb_confirm-NQ-tf15|mid|dir=long,dirlong_or_min15_pts45-r3,False,False,297,57237.0,2.357
orb_confirm-NQ-tf15|mid|dir=long,dirlong_or_min15_pct0p1-r0,False,False,297,18172.0,1.187
orb_confirm-NQ-tf15|mid|dir=long,dirlong_or_min15_pct0p1-r1,False,False,297,2142.0,0.442
orb_confirm-NQ-tf15|mid|dir=long,dirlong_or_min15_pct0p1-r2,False,False,297,8882.0,1.258
orb_confirm-NQ-tf15|mid|dir=long,dirlong_or_min15_pct0p1-r3,False,False,297,8072.0,0.928
orb_confirm-NQ-tf15|mid|dir=long,dirlong_or_min15_pct0p2-r0,False,False,297,14262.0,0.68
orb_confirm-NQ-tf15|mid|dir=long,dirlong_or_min15_pct0p2-r1,False,False,297,7732.0,0.803
orb_confirm-NQ-tf15|mid|dir=long,dirlong_or_min15_pct0p2-r2,False,False,297,-3463.0,-0.261
orb_confirm-NQ-tf15|mid|dir=long,dirlong_or_min15_pct0p2-r3,False,False,297,6727.0,0.423
orb_confirm-NQ-tf15|mid|dir=long,dirlong_or_min30_atr1p5-r0,False,False,270,59975.0,2.105
orb_confirm-NQ-tf15|mid|dir=long,dirlong_or_min30_atr1p5-r1,False,False,270,38100.0,1.965
orb_confirm-NQ-tf15|mid|dir=long,dirlong_or_min30_atr1p5-r2,False,False,270,55210.0,2.144
orb_confirm-NQ-tf15|mid|dir=long,dirlong_or_min30_atr1p5-r3,False,False,270,64230.0,2.278
orb_confirm-NQ-tf15|mid|dir=long,dirlong_or_min30_atr3-r0,False,False,270,53560.0,1.597
orb_confirm-NQ-tf15|mid|dir=long,dirlong_or_min30_atr3-r1,False,False,270,50340.0,1.62
orb_confirm-NQ-tf15|mid|dir=long,dirlong_or_min30_atr3-r2,False,False,270,61615.0,1.836
orb_confirm-NQ-tf15|mid|dir=long,dirlong_or_min30_atr3-r3,False,False,270,54280.0,1.614
orb_confirm-NQ-tf15|mid|dir=long,dirlong_or_min30_pts10-r0,False,False,270,13795.0,1.115
orb_confirm-NQ-tf15|mid|dir=long,dirlong_or_min30_pts10-r1,False,False,270,-5025.0,-1.509
orb_confirm-NQ-tf15|mid|dir=long,dirlong_or_min30_pts10-r2,False,False,270,-5040.0,-1.089
orb_confirm-NQ-tf15|mid|dir=long,dirlong_or_min30_pts10-r3,False,False,270,-115.0,-0.02
orb_confirm-NQ-tf15|mid|dir=long,dirlong_or_min30_pts20-r0,False,False,270,35785.0,1.894
orb_confirm-NQ-tf15|mid|dir=long,dirlong_or_min30_pts20-r1,False,False,270,3045.0,0.46
orb_confirm-NQ-tf15|mid|dir=long,dirlong_or_min30_pts20-r2,False,False,270,8375.0,0.878
orb_confirm-NQ-tf15|mid|dir=long,dirlong_or_min30_pts20-r3,False,False,270,8370.0,0.721
orb_confirm-NQ-tf15|mid|dir=long,dirlong_or_min30_pts30-r0,False,False,270,29320.0,1.393
orb_confirm-NQ-tf15|mid|dir=long,dirlong_or_min30_pts30-r1,False,False,270,17810.0,1.811
orb_confirm-NQ-tf15|mid|dir=long,dirlong_or_min30_pts30-r2,False,False,270,7515.0,0.541
orb_confirm-NQ-tf15|mid|dir=long,dirlong_or_min30_pts30-r3,False,False,270,20195.0,1.195
orb_confirm-NQ-tf15|mid|dir=long,dirlong_or_min30_pts45-r0,False,False,270,44920.0,1.836
orb_confirm-NQ-tf15|mid|dir=long,dirlong_or_min30_pts45-r1,False,False,270,25410.0,1.759
orb_confirm-NQ-tf15|mid|dir=long,dirlong_or_min30_pts45-r2,False,False,270,39920.0,1.997
orb_confirm-NQ-tf15|mid|dir=long,dirlong_or_min30_pts45-r3,False,False,270,47845.0,2.083
orb_confirm-NQ-tf15|mid|dir=long,dirlong_or_min30_pct0p1-r0,False,False,270,15740.0,1.117
orb_confirm-NQ-tf15|mid|dir=long,dirlong_or_min30_pct0p1-r1,False,False,270,-1690.0,-0.364
orb_confirm-NQ-tf15|mid|dir=long,dirlong_or_min30_pct0p1-r2,False,False,270,4210.0,0.629
orb_confirm-NQ-tf15|mid|dir=long,dirlong_or_min30_pct0p1-r3,False,False,270,8420.0,1.007
orb_confirm-NQ-tf15|mid|dir=long,dirlong_or_min30_pct0p2-r0,False,False,270,21990.0,1.099
orb_confirm-NQ-tf15|mid|dir=long,dirlong_or_min30_pct0p2-r1,False,False,270,9830.0,1.069
orb_confirm-NQ-tf15|mid|dir=long,dirlong_or_min30_pct0p2-r2,False,False,270,3875.0,0.303
orb_confirm-NQ-tf15|mid|dir=long,dirlong_or_min30_pct0p2-r3,False,False,270,9130.0,0.6
orb_confirm-NQ-tf15|mid|dir=long,dirlong_or_min60_atr1p5-r0,False,False,235,49525.0,1.889
orb_confirm-NQ-tf15|mid|dir=long,dirlong_or_min60_atr1p5-r1,False,False,235,38635.0,2.126
orb_confirm-NQ-tf15|mid|dir=long,dirlong_or_min60_atr1p5-r2,False,False,235,48455.0,2.027
orb_confirm-NQ-tf15|mid|dir=long,dirlong_or_min60_atr1p5-r3,False,False,235,52280.0,2.002
orb_confirm-NQ-tf15|mid|dir=long,dirlong_or_min60_atr3-r0,False,False,235,47945.0,1.569
orb_confirm-NQ-tf15|mid|dir=long,dirlong_or_min60_atr3-r1,False,False,235,48750.0,1.71
orb_confirm-NQ-tf15|mid|dir=long,dirlong_or_min60_atr3-r2,False,False,235,52570.0,1.717
orb_confirm-NQ-tf15|mid|dir=long,dirlong_or_min60_atr3-r3,False,False,235,48820.0,1.591
orb_confirm-NQ-tf15|mid|dir=long,dirlong_or_min60_pts10-r0,False,False,235,13635.0,1.101
orb_confirm-NQ-tf15|mid|dir=long,dirlong_or_min60_pts10-r1,False,False,235,-4195.0,-1.35
orb_confirm-NQ-tf15|mid|dir=long,dirlong_or_min60_pts10-r2,False,False,235,-1965.0,-0.449
orb_confirm-NQ-tf15|mid|dir=long,dirlong_or_min60_pts10-r3,False,False,235,2360.0,0.429
orb_confirm-NQ-tf15|mid|dir=long,dirlong_or_min60_pts20-r0,False,False,235,26455.0,1.54
orb_confirm-NQ-tf15|mid|dir=long,dirlong_or_min60_pts20-r1,False,False,235,3695.0,0.598
orb_confirm-NQ-tf15|mid|dir=long,dirlong_or_min60_pts20-r2,False,False,235,5830.0,0.657
orb_confirm-NQ-tf15|mid|dir=long,dirlong_or_min60_pts20-r3,False,False,235,5525.0,0.516
orb_confirm-NQ-tf15|mid|dir=long,dirlong_or_min60_pts30-r0,False,False,235,19755.0,1.05
orb_confirm-NQ-tf15|mid|dir=long,dirlong_or_min60_pts30-r1,False,False,235,17440.0,1.904
orb_confirm-NQ-tf15|mid|dir=long,dirlong_or_min60_pts30-r2,False,False,235,10755.0,0.834
orb_confirm-NQ-tf15|mid|dir=long,dirlong_or_min60_pts30-r3,False,False,235,17725.0,1.139
orb_confirm-NQ-tf15|mid|dir=long,dirlong_or_min60_pts45-r0,False,False,235,38580.0,1.754
orb_confirm-NQ-tf15|mid|dir=long,dirlong_or_min60_pts45-r1,False,False,235,24930.0,1.851
orb_confirm-NQ-tf15|mid|dir=long,dirlong_or_min60_pts45-r2,False,False,235,38170.0,2.066
orb_confirm-NQ-tf15|mid|dir=long,dirlong_or_min60_pts45-r3,False,False,235,38040.0,1.843
orb_confirm-NQ-tf15|mid|dir=long,dirlong_or_min60_pct0p1-r0,False,False,235,18755.0,1.327
orb_confirm-NQ-tf15|mid|dir=long,dirlong_or_min60_pct0p1-r1,False,False,235,235.0,0.054
orb_confirm-NQ-tf15|mid|dir=long,dirlong_or_min60_pct0p1-r2,False,False,235,8700.0,1.376
orb_confirm-NQ-tf15|mid|dir=long,dirlong_or_min60_pct0p1-r3,False,False,235,10240.0,1.299
orb_confirm-NQ-tf15|mid|dir=long,dirlong_or_min60_pct0p2-r0,False,False,235,18385.0,1.006
orb_confirm-NQ-tf15|mid|dir=long,dirlong_or_min60_pct0p2-r1,False,False,235,11655.0,1.361
orb_confirm-NQ-tf15|mid|dir=long,dirlong_or_min60_pct0p2-r2,False,False,235,2455.0,0.208
orb_confirm-NQ-tf15|mid|dir=long,dirlong_or_min60_pct0p2-r3,False,False,235,12345.0,0.866
orb_confirm-NQ-tf15|mid|dir=long,authon_dirlong_or_min15_struct1p5-r0,False,True,297,53337.0,1.537
orb_confirm-NQ-tf15|mid|dir=long,authon_dirlong_or_min30_struct1p5-r0,False,True,270,52075.0,1.581
orb_confirm-NQ-tf15|mid|dir=long,authon_dirlong_or_min60_struct1p5-r0,False,True,235,41705.0,1.363
orb_confirm-NQ-tf15|mid|dir=short,dirshort_or_min15_atr1p5-r0,False,False,268,36223.0,1.199
orb_confirm-NQ-tf15|mid|dir=short,dirshort_or_min15_atr1p5-r1,False,False,268,39368.0,1.961
orb_confirm-NQ-tf15|mid|dir=short,dirshort_or_min15_atr1p5-r2,False,False,268,47433.0,1.729
orb_confirm-NQ-tf15|mid|dir=short,dirshort_or_min15_atr1p5-r3,False,False,268,37033.0,1.274
orb_confirm-NQ-tf15|mid|dir=short,dirshort_or_min15_atr3-r0,False,False,268,49913.0,1.372
orb_confirm-NQ-tf15|mid|dir=short,dirshort_or_min15_atr3-r1,False,False,268,52238.0,1.599
orb_confirm-NQ-tf15|mid|dir=short,dirshort_or_min15_atr3-r2,False,False,268,43868.0,1.234
orb_confirm-NQ-tf15|mid|dir=short,dirshort_or_min15_atr3-r3,False,False,268,49833.0,1.37
orb_confirm-NQ-tf15|mid|dir=short,dirshort_or_min15_pts10-r0,False,False,268,3833.0,0.266
orb_confirm-NQ-tf15|mid|dir=short,dirshort_or_min15_pts10-r1,False,False,268,1473.0,0.444
orb_confirm-NQ-tf15|mid|dir=short,dirshort_or_min15_pts10-r2,False,False,268,-4017.0,-0.867
orb_confirm-NQ-tf15|mid|dir=short,dirshort_or_min15_pts10-r3,False,False,268,-2112.0,-0.369
orb_confirm-NQ-tf15|mid|dir=short,dirshort_or_min15_pts20-r0,False,False,268,-6277.0,-0.329
orb_confirm-NQ-tf15|mid|dir=short,dirshort_or_min15_pts20-r1,False,False,268,3853.0,0.584
orb_confirm-NQ-tf15|mid|dir=short,dirshort_or_min15_pts20-r2,False,False,268,-4847.0,-0.524
orb_confirm-NQ-tf15|mid|dir=short,dirshort_or_min15_pts20-r3,False,False,268,-9417.0,-0.849
orb_confirm-NQ-tf15|mid|dir=short,dirshort_or_min15_pts30-r0,False,False,268,2538.0,0.109
orb_confirm-NQ-tf15|mid|dir=short,dirshort_or_min15_pts30-r1,False,False,268,1853.0,0.188
orb_confirm-NQ-tf15|mid|dir=short,dirshort_or_min15_pts30-r2,False,False,268,-7287.0,-0.532
orb_confirm-NQ-tf15|mid|dir=short,dirshort_or_min15_pts30-r3,False,False,268,-16277.0,-1.024
orb_confirm-NQ-tf15|mid|dir=short,dirshort_or_min15_pts45-r0,False,False,268,24403.0,0.912
orb_confirm-NQ-tf15|mid|dir=short,dirshort_or_min15_pts45-r1,False,False,268,-157.0,-0.011
orb_confirm-NQ-tf15|mid|dir=short,dirshort_or_min15_pts45-r2,False,False,268,-3302.0,-0.17
orb_confirm-NQ-tf15|mid|dir=short,dirshort_or_min15_pts45-r3,False,False,268,18188.0,0.793
orb_confirm-NQ-tf15|mid|dir=short,dirshort_or_min15_pct0p1-r0,False,False,268,3013.0,0.184
orb_confirm-NQ-tf15|mid|dir=short,dirshort_or_min15_pct0p1-r1,False,False,268,4673.0,1.014
orb_confirm-NQ-tf15|mid|dir=short,dirshort_or_min15_pct0p1-r2,False,False,268,328.0,0.05
orb_confirm-NQ-tf15|mid|dir=short,dirshort_or_min15_pct0p1-r3,False,False,268,-9462.0,-1.241
orb_confirm-NQ-tf15|mid|dir=short,dirshort_or_min15_pct0p2-r0,False,False,268,4978.0,0.219
orb_confirm-NQ-tf15|mid|dir=short,dirshort_or_min15_pct0p2-r1,False,False,268,3403.0,0.37
orb_confirm-NQ-tf15|mid|dir=short,dirshort_or_min15_pct0p2-r2,False,False,268,-3782.0,-0.296
orb_confirm-NQ-tf15|mid|dir=short,dirshort_or_min15_pct0p2-r3,False,False,268,-17972.0,-1.23
orb_confirm-NQ-tf15|mid|dir=short,dirshort_or_min30_atr1p5-r0,False,False,246,23786.0,0.809
orb_confirm-NQ-tf15|mid|dir=short,dirshort_or_min30_atr1p5-r1,False,False,246,23231.0,1.197
orb_confirm-NQ-tf15|mid|dir=short,dirshort_or_min30_atr1p5-r2,False,False,246,28531.0,1.085
orb_confirm-NQ-tf15|mid|dir=short,dirshort_or_min30_atr1p5-r3,False,False,246,21551.0,0.77
orb_confirm-NQ-tf15|mid|dir=short,dirshort_or_min30_atr3-r0,False,False,246,36381.0,1.024
orb_confirm-NQ-tf15|mid|dir=short,dirshort_or_min30_atr3-r1,False,False,246,32241.0,1.023
orb_confirm-NQ-tf15|mid|dir=short,dirshort_or_min30_atr3-r2,False,False,246,30336.0,0.875
orb_confirm-NQ-tf15|mid|dir=short,dirshort_or_min30_atr3-r3,False,False,246,36301.0,1.023
orb_confirm-NQ-tf15|mid|dir=short,dirshort_or_min30_pts10-r0,False,False,246,4216.0,0.298
orb_confirm-NQ-tf15|mid|dir=short,dirshort_or_min30_pts10-r1,False,False,246,-404.0,-0.127
orb_confirm-NQ-tf15|mid|dir=short,dirshort_or_min30_pts10-r2,False,False,246,-7884.0,-1.822
orb_confirm-NQ-tf15|mid|dir=short,dirshort_or_min30_pts10-r3,False,False,246,-5559.0,-1.041
orb_confirm-NQ-tf15|mid|dir=short,dirshort_or_min30_pts20-r0,False,False,246,-4939.0,-0.263
orb_confirm-NQ-tf15|mid|dir=short,dirshort_or_min30_pts20-r1,False,False,246,-1639.0,-0.259
orb_confirm-NQ-tf15|mid|dir=short,dirshort_or_min30_pts20-r2,False,False,246,-7894.0,-0.899
orb_confirm-NQ-tf15|mid|dir=short,dirshort_or_min30_pts20-r3,False,False,246,-10609.0,-1.003
orb_confirm-NQ-tf15|mid|dir=short,dirshort_or_min30_pts30-r0,False,False,246,-1739.0,-0.078
orb_confirm-NQ-tf15|mid|dir=short,dirshort_or_min30_pts30-r1,False,False,246,-6449.0,-0.681
orb_confirm-NQ-tf15|mid|dir=short,dirshort_or_min30_pts30-r2,False,False,246,-11764.0,-0.905
orb_confirm-NQ-tf15|mid|dir=short,dirshort_or_min30_pts30-r3,False,False,246,-21914.0,-1.456
orb_confirm-NQ-tf15|mid|dir=short,dirshort_or_min30_pts45-r0,False,False,246,19066.0,0.732
orb_confirm-NQ-tf15|mid|dir=short,dirshort_or_min30_pts45-r1,False,False,246,-6339.0,-0.45
orb_confirm-NQ-tf15|mid|dir=short,dirshort_or_min30_pts45-r2,False,False,246,-8259.0,-0.445
orb_confirm-NQ-tf15|mid|dir=short,dirshort_or_min30_pts45-r3,False,False,246,9281.0,0.424
orb_confirm-NQ-tf15|mid|dir=short,dirshort_or_min30_pct0p1-r0,False,False,246,1921.0,0.121
orb_confirm-NQ-tf15|mid|dir=short,dirshort_or_min30_pct0p1-r1,False,False,246,2296.0,0.52
orb_confirm-NQ-tf15|mid|dir=short,dirshort_or_min30_pct0p1-r2,False,False,246,-4394.0,-0.711
orb_confirm-NQ-tf15|mid|dir=short,dirshort_or_min30_pct0p1-r3,False,False,246,-11714.0,-1.633
orb_confirm-NQ-tf15|mid|dir=short,dirshort_or_min30_pct0p2-r0,False,False,246,1161.0,0.053
orb_confirm-NQ-tf15|mid|dir=short,dirshort_or_min30_pct0p2-r1,False,False,246,-5004.0,-0.568
orb_confirm-NQ-tf15|mid|dir=short,dirshort_or_min30_pct0p2-r2,False,False,246,-12284.0,-1.026
orb_confirm-NQ-tf15|mid|dir=short,dirshort_or_min30_pct0p2-r3,False,False,246,-22499.0,-1.633
orb_confirm-NQ-tf15|mid|dir=short,dirshort_or_min60_atr1p5-r0,False,False,214,11174.0,0.407
orb_confirm-NQ-tf15|mid|dir=short,dirshort_or_min60_atr1p5-r1,False,False,214,17224.0,0.937
orb_confirm-NQ-tf15|mid|dir=short,dirshort_or_min60_atr1p5-r2,False,False,214,9229.0,0.376
orb_confirm-NQ-tf15|mid|dir=short,dirshort_or_min60_atr1p5-r3,False,False,214,5354.0,0.211
orb_confirm-NQ-tf15|mid|dir=short,dirshort_or_min60_atr3-r0,False,False,214,19309.0,0.584
orb_confirm-NQ-tf15|mid|dir=short,dirshort_or_min60_atr3-r1,False,False,214,9279.0,0.313
orb_confirm-NQ-tf15|mid|dir=short,dirshort_or_min60_atr3-r2,False,False,214,13369.0,0.416
orb_confirm-NQ-tf15|mid|dir=short,dirshort_or_min60_atr3-r3,False,False,214,19229.0,0.582
orb_confirm-NQ-tf15|mid|dir=short,dirshort_or_min60_pts10-r0,False,False,214,-9431.0,-0.79
orb_confirm-NQ-tf15|mid|dir=short,dirshort_or_min60_pts10-r1,False,False,214,-601.0,-0.202
orb_confirm-NQ-tf15|mid|dir=short,dirshort_or_min60_pts10-r2,False,False,214,-7841.0,-1.957
orb_confirm-NQ-tf15|mid|dir=short,dirshort_or_min60_pts10-r3,False,False,214,-4496.0,-0.9
orb_confirm-NQ-tf15|mid|dir=short,dirshort_or_min60_pts20-r0,False,False,214,-15416.0,-0.918
orb_confirm-NQ-tf15|mid|dir=short,dirshort_or_min60_pts20-r1,False,False,214,-7866.0,-1.336
orb_confirm-NQ-tf15|mid|dir=short,dirshort_or_min60_pts20-r2,False,False,214,-12876.0,-1.606
orb_confirm-NQ-tf15|mid|dir=short,dirshort_or_min60_pts20-r3,False,False,214,-21786.0,-2.352
orb_confirm-NQ-tf15|mid|dir=short,dirshort_or_min60_pts30-r0,False,False,214,-10181.0,-0.493
orb_confirm-NQ-tf15|mid|dir=short,dirshort_or_min60_pts30-r1,False,False,214,-6241.0,-0.707
orb_confirm-NQ-tf15|mid|dir=short,dirshort_or_min60_pts30-r2,False,False,214,-23386.0,-1.991
orb_confirm-NQ-tf15|mid|dir=short,dirshort_or_min60_pts30-r3,False,False,214,-19621.0,-1.391
orb_confirm-NQ-tf15|mid|dir=short,dirshort_or_min60_pts45-r0,False,False,214,13619.0,0.556
orb_confirm-NQ-tf15|mid|dir=short,dirshort_or_min60_pts45-r1,False,False,214,-11351.0,-0.87
orb_confirm-NQ-tf15|mid|dir=short,dirshort_or_min60_pts45-r2,False,False,214,-4676.0,-0.267
orb_confirm-NQ-tf15|mid|dir=short,dirshort_or_min60_pts45-r3,False,False,214,504.0,0.025
orb_confirm-NQ-tf15|mid|dir=short,dirshort_or_min60_pct0p1-r0,False,False,214,-12361.0,-0.908
orb_confirm-NQ-tf15|mid|dir=short,dirshort_or_min60_pct0p1-r1,False,False,214,-2091.0,-0.509
orb_confirm-NQ-tf15|mid|dir=short,dirshort_or_min60_pct0p1-r2,False,False,214,-7121.0,-1.259
orb_confirm-NQ-tf15|mid|dir=short,dirshort_or_min60_pct0p1-r3,False,False,214,-15301.0,-2.387
orb_confirm-NQ-tf15|mid|dir=short,dirshort_or_min60_pct0p2-r0,False,False,214,-8311.0,-0.415
orb_confirm-NQ-tf15|mid|dir=short,dirshort_or_min60_pct0p2-r1,False,False,214,-8351.0,-1.022
orb_confirm-NQ-tf15|mid|dir=short,dirshort_or_min60_pct0p2-r2,False,False,214,-18186.0,-1.672
orb_confirm-NQ-tf15|mid|dir=short,dirshort_or_min60_pct0p2-r3,False,False,214,-21071.0,-1.643
orb_confirm-NQ-tf15|mid|dir=short,authon_dirshort_or_min15_struct1p5-r0,False,True,268,46093.0,1.412
orb_confirm-NQ-tf15|mid|dir=short,authon_dirshort_or_min30_struct1p5-r0,False,True,246,30041.0,0.935
orb_confirm-NQ-tf15|mid|dir=short,authon_dirshort_or_min60_struct1p5-r0,False,True,214,12174.0,0.398
orb_confirm-NQ-tf15|nyam|dir=long,dirlong_or_min15_atr1p5-r0,False,False,255,24625.0,0.777
orb_confirm-NQ-tf15|nyam|dir=long,dirlong_or_min15_atr1p5-r1,False,False,255,-11565.0,-0.674
orb_confirm-NQ-tf15|nyam|dir=long,dirlong_or_min15_atr1p5-r2,False,False,255,-70.0,-0.003
orb_confirm-NQ-tf15|nyam|dir=long,dirlong_or_min15_atr1p5-r3,False,False,255,3235.0,0.123
orb_confirm-NQ-tf15|nyam|dir=long,dirlong_or_min15_atr3-r0,False,False,255,37030.0,0.94
orb_confirm-NQ-tf15|nyam|dir=long,dirlong_or_min15_atr3-r1,False,False,255,17805.0,0.573
orb_confirm-NQ-tf15|nyam|dir=long,dirlong_or_min15_atr3-r2,False,False,255,29635.0,0.796
orb_confirm-NQ-tf15|nyam|dir=long,dirlong_or_min15_atr3-r3,False,False,255,38295.0,0.976
orb_confirm-NQ-tf15|nyam|dir=long,dirlong_or_min15_pts10-r0,False,False,255,-3940.0,-0.29
orb_confirm-NQ-tf15|nyam|dir=long,dirlong_or_min15_pts10-r1,False,False,255,-1930.0,-0.595
orb_confirm-NQ-tf15|nyam|dir=long,dirlong_or_min15_pts10-r2,False,False,255,-2580.0,-0.566
orb_confirm-NQ-tf15|nyam|dir=long,dirlong_or_min15_pts10-r3,False,False,255,-7520.0,-1.4
orb_confirm-NQ-tf15|nyam|dir=long,dirlong_or_min15_pts20-r0,False,False,255,37660.0,1.696
orb_confirm-NQ-tf15|nyam|dir=long,dirlong_or_min15_pts20-r1,False,False,255,325.0,0.05
orb_confirm-NQ-tf15|nyam|dir=long,dirlong_or_min15_pts20-r2,False,False,255,5330.0,0.577
orb_confirm-NQ-tf15|nyam|dir=long,dirlong_or_min15_pts20-r3,False,False,255,8020.0,0.7
orb_confirm-NQ-tf15|nyam|dir=long,dirlong_or_min15_pts30-r0,False,False,255,39045.0,1.559
orb_confirm-NQ-tf15|nyam|dir=long,dirlong_or_min15_pts30-r1,False,False,255,-4705.0,-0.488
orb_confirm-NQ-tf15|nyam|dir=long,dirlong_or_min15_pts30-r2,False,False,255,5005.0,0.365
orb_confirm-NQ-tf15|nyam|dir=long,dirlong_or_min15_pts30-r3,False,False,255,13900.0,0.825
orb_confirm-NQ-tf15|nyam|dir=long,dirlong_or_min15_pts45-r0,False,False,255,28210.0,0.998
orb_confirm-NQ-tf15|nyam|dir=long,dirlong_or_min15_pts45-r1,False,False,255,-3525.0,-0.245
orb_confirm-NQ-tf15|nyam|dir=long,dirlong_or_min15_pts45-r2,False,False,255,13410.0,0.669
orb_confirm-NQ-tf15|nyam|dir=long,dirlong_or_min15_pts45-r3,False,False,255,29300.0,1.219
orb_confirm-NQ-tf15|nyam|dir=long,dirlong_or_min15_pct0p1-r0,False,False,255,905.0,0.059
orb_confirm-NQ-tf15|nyam|dir=long,dirlong_or_min15_pct0p1-r1,False,False,255,-4100.0,-0.911
orb_confirm-NQ-tf15|nyam|dir=long,dirlong_or_min15_pct0p1-r2,False,False,255,-6845.0,-1.099
orb_confirm-NQ-tf15|nyam|dir=long,dirlong_or_min15_pct0p1-r3,False,False,255,-9745.0,-1.308
orb_confirm-NQ-tf15|nyam|dir=long,dirlong_or_min15_pct0p2-r0,False,False,255,32265.0,1.35
orb_confirm-NQ-tf15|nyam|dir=long,dirlong_or_min15_pct0p2-r1,False,False,255,-1775.0,-0.198
orb_confirm-NQ-tf15|nyam|dir=long,dirlong_or_min15_pct0p2-r2,False,False,255,-2930.0,-0.234
orb_confirm-NQ-tf15|nyam|dir=long,dirlong_or_min15_pct0p2-r3,False,False,255,15185.0,0.972
orb_confirm-NQ-tf15|nyam|dir=long,dirlong_or_min30_atr1p5-r0,False,False,191,14096.0,0.517
orb_confirm-NQ-tf15|nyam|dir=long,dirlong_or_min30_atr1p5-r1,False,False,191,-13684.0,-0.891
orb_confirm-NQ-tf15|nyam|dir=long,dirlong_or_min30_atr1p5-r2,False,False,191,4066.0,0.193
orb_confirm-NQ-tf15|nyam|dir=long,dirlong_or_min30_atr1p5-r3,False,False,191,4146.0,0.174
orb_confirm-NQ-tf15|nyam|dir=long,dirlong_or_min30_atr3-r0,False,False,191,32616.0,0.969
orb_confirm-NQ-tf15|nyam|dir=long,dirlong_or_min30_atr3-r1,False,False,191,28946.0,1.039
orb_confirm-NQ-tf15|nyam|dir=long,dirlong_or_min30_atr3-r2,False,False,191,27326.0,0.838
orb_confirm-NQ-tf15|nyam|dir=long,dirlong_or_min30_atr3-r3,False,False,191,32756.0,0.972
orb_confirm-NQ-tf15|nyam|dir=long,dirlong_or_min30_pts10-r0,False,False,191,2376.0,0.193
orb_confirm-NQ-tf15|nyam|dir=long,dirlong_or_min30_pts10-r1,False,False,191,2581.0,0.924
orb_confirm-NQ-tf15|nyam|dir=long,dirlong_or_min30_pts10-r2,False,False,191,1191.0,0.297
orb_confirm-NQ-tf15|nyam|dir=long,dirlong_or_min30_pts10-r3,False,False,191,1106.0,0.224
orb_confirm-NQ-tf15|nyam|dir=long,dirlong_or_min30_pts20-r0,False,False,191,5681.0,0.368
orb_confirm-NQ-tf15|nyam|dir=long,dirlong_or_min30_pts20-r1,False,False,191,-39.0,-0.007
orb_confirm-NQ-tf15|nyam|dir=long,dirlong_or_min30_pts20-r2,False,False,191,201.0,0.025
orb_confirm-NQ-tf15|nyam|dir=long,dirlong_or_min30_pts20-r3,False,False,191,6936.0,0.696
orb_confirm-NQ-tf15|nyam|dir=long,dirlong_or_min30_pts30-r0,False,False,191,-1299.0,-0.074
orb_confirm-NQ-tf15|nyam|dir=long,dirlong_or_min30_pts30-r1,False,False,191,-4259.0,-0.51
orb_confirm-NQ-tf15|nyam|dir=long,dirlong_or_min30_pts30-r2,False,False,191,2301.0,0.194
orb_confirm-NQ-tf15|nyam|dir=long,dirlong_or_min30_pts30-r3,False,False,191,3306.0,0.233
orb_confirm-NQ-tf15|nyam|dir=long,dirlong_or_min30_pts45-r0,False,False,191,9301.0,0.42
orb_confirm-NQ-tf15|nyam|dir=long,dirlong_or_min30_pts45-r1,False,False,191,531.0,0.043
orb_confirm-NQ-tf15|nyam|dir=long,dirlong_or_min30_pts45-r2,False,False,191,8396.0,0.486
orb_confirm-NQ-tf15|nyam|dir=long,dirlong_or_min30_pts45-r3,False,False,191,8116.0,0.411
orb_confirm-NQ-tf15|nyam|dir=long,dirlong_or_min30_pct0p1-r0,False,False,191,6031.0,0.438
orb_confirm-NQ-tf15|nyam|dir=long,dirlong_or_min30_pct0p1-r1,False,False,191,4361.0,1.128
orb_confirm-NQ-tf15|nyam|dir=long,dirlong_or_min30_pct0p1-r2,False,False,191,-1204.0,-0.22
orb_confirm-NQ-tf15|nyam|dir=long,dirlong_or_min30_pct0p1-r3,False,False,191,4086.0,0.592
orb_confirm-NQ-tf15|nyam|dir=long,dirlong_or_min30_pct0p2-r0,False,False,191,1016.0,0.061
orb_confirm-NQ-tf15|nyam|dir=long,dirlong_or_min30_pct0p2-r1,False,False,191,-2379.0,-0.308
orb_confirm-NQ-tf15|nyam|dir=long,dirlong_or_min30_pct0p2-r2,False,False,191,781.0,0.072
orb_confirm-NQ-tf15|nyam|dir=long,dirlong_or_min30_pct0p2-r3,False,False,191,5781.0,0.443
orb_confirm-NQ-tf15|nyam|dir=long,dirlong_or_min60_atr1p5-r0,False,False,73,1513.0,0.111
orb_confirm-NQ-tf15|nyam|dir=long,dirlong_or_min60_atr1p5-r1,False,False,73,5688.0,0.594
orb_confirm-NQ-tf15|nyam|dir=long,dirlong_or_min60_atr1p5-r2,False,False,73,6168.0,0.49
orb_confirm-NQ-tf15|nyam|dir=long,dirlong_or_min60_atr1p5-r3,False,False,73,-187.0,-0.014
orb_confirm-NQ-tf15|nyam|dir=long,dirlong_or_min60_atr3-r0,False,False,73,-2142.0,-0.122
orb_confirm-NQ-tf15|nyam|dir=long,dirlong_or_min60_atr3-r1,False,False,73,2118.0,0.131
orb_confirm-NQ-tf15|nyam|dir=long,dirlong_or_min60_atr3-r2,False,False,73,-2877.0,-0.165
orb_confirm-NQ-tf15|nyam|dir=long,dirlong_or_min60_atr3-r3,False,False,73,-2142.0,-0.122
orb_confirm-NQ-tf15|nyam|dir=long,dirlong_or_min60_pts10-r0,False,False,73,-1107.0,-0.149
orb_confirm-NQ-tf15|nyam|dir=long,dirlong_or_min60_pts10-r1,False,False,73,128.0,0.074
orb_confirm-NQ-tf15|nyam|dir=long,dirlong_or_min60_pts10-r2,False,False,73,1668.0,0.659
orb_confirm-NQ-tf15|nyam|dir=long,dirlong_or_min60_pts10-r3,False,False,73,-1587.0,-0.542
orb_confirm-NQ-tf15|nyam|dir=long,dirlong_or_min60_pts20-r0,False,False,73,-1682.0,-0.183
orb_confirm-NQ-tf15|nyam|dir=long,dirlong_or_min60_pts20-r1,False,False,73,733.0,0.212
orb_confirm-NQ-tf15|nyam|dir=long,dirlong_or_min60_pts20-r2,False,False,73,-6962.0,-1.531
orb_confirm-NQ-tf15|nyam|dir=long,dirlong_or_min60_pts20-r3,False,False,73,-4177.0,-0.731
orb_confirm-NQ-tf15|nyam|dir=long,dirlong_or_min60_pts30-r0,False,False,73,4303.0,0.379
orb_confirm-NQ-tf15|nyam|dir=long,dirlong_or_min60_pts30-r1,False,False,73,2538.0,0.491
orb_confirm-NQ-tf15|nyam|dir=long,dirlong_or_min60_pts30-r2,False,False,73,6703.0,0.896
orb_confirm-NQ-tf15|nyam|dir=long,dirlong_or_min60_pts30-r3,False,False,73,2633.0,0.306
orb_confirm-NQ-tf15|nyam|dir=long,dirlong_or_min60_pts45-r0,False,False,73,9523.0,0.746
orb_confirm-NQ-tf15|nyam|dir=long,dirlong_or_min60_pts45-r1,False,False,73,12198.0,1.617
orb_confirm-NQ-tf15|nyam|dir=long,dirlong_or_min60_pts45-r2,False,False,73,8998.0,0.883
orb_confirm-NQ-tf15|nyam|dir=long,dirlong_or_min60_pts45-r3,False,False,73,7198.0,0.628
orb_confirm-NQ-tf15|nyam|dir=long,dirlong_or_min60_pct0p1-r0,False,False,73,-4437.0,-0.575
orb_confirm-NQ-tf15|nyam|dir=long,dirlong_or_min60_pct0p1-r1,False,False,73,2238.0,0.944
orb_confirm-NQ-tf15|nyam|dir=long,dirlong_or_min60_pct0p1-r2,False,False,73,-4047.0,-1.267
orb_confirm-NQ-tf15|nyam|dir=long,dirlong_or_min60_pct0p1-r3,False,False,73,-4097.0,-1.063
orb_confirm-NQ-tf15|nyam|dir=long,dirlong_or_min60_pct0p2-r0,False,False,73,8328.0,0.741
orb_confirm-NQ-tf15|nyam|dir=long,dirlong_or_min60_pct0p2-r1,False,False,73,1653.0,0.348
orb_confirm-NQ-tf15|nyam|dir=long,dirlong_or_min60_pct0p2-r2,False,False,73,4308.0,0.627
orb_confirm-NQ-tf15|nyam|dir=long,dirlong_or_min60_pct0p2-r3,False,False,73,5303.0,0.646
orb_confirm-NQ-tf15|nyam|dir=long,authon_dirlong_or_min15_struct1p5-r0,False,True,255,60715.0,1.593
orb_confirm-NQ-tf15|nyam|dir=long,authon_dirlong_or_min30_struct1p5-r0,False,True,191,43166.0,1.306
orb_confirm-NQ-tf15|nyam|dir=long,authon_dirlong_or_min60_struct1p5-r0,False,True,73,5278.0,0.289
orb_confirm-NQ-tf15|nyam|dir=short,dirshort_or_min15_atr1p5-r0,False,False,253,78523.0,2.271
orb_confirm-NQ-tf15|nyam|dir=short,dirshort_or_min15_atr1p5-r1,False,False,253,23838.0,1.392
orb_confirm-NQ-tf15|nyam|dir=short,dirshort_or_min15_atr1p5-r2,False,False,253,29998.0,1.247
orb_confirm-NQ-tf15|nyam|dir=short,dirshort_or_min15_atr1p5-r3,False,False,253,61178.0,2.134
orb_confirm-NQ-tf15|nyam|dir=short,dirshort_or_min15_atr3-r0,False,False,253,61318.0,1.467
orb_confirm-NQ-tf15|nyam|dir=short,dirshort_or_min15_atr3-r1,False,False,253,23038.0,0.732
orb_confirm-NQ-tf15|nyam|dir=short,dirshort_or_min15_atr3-r2,False,False,253,55278.0,1.419
orb_confirm-NQ-tf15|nyam|dir=short,dirshort_or_min15_atr3-r3,False,False,253,63108.0,1.522
orb_confirm-NQ-tf15|nyam|dir=short,dirshort_or_min15_pts10-r0,False,False,253,21548.0,1.09
orb_confirm-NQ-tf15|nyam|dir=short,dirshort_or_min15_pts10-r1,False,False,253,-732.0,-0.226
orb_confirm-NQ-tf15|nyam|dir=short,dirshort_or_min15_pts10-r2,False,False,253,-2777.0,-0.613
orb_confirm-NQ-tf15|nyam|dir=short,dirshort_or_min15_pts10-r3,False,False,253,-2277.0,-0.41
orb_confirm-NQ-tf15|nyam|dir=short,dirshort_or_min15_pts20-r0,False,False,253,26518.0,1.112
orb_confirm-NQ-tf15|nyam|dir=short,dirshort_or_min15_pts20-r1,False,False,253,4363.0,0.681
orb_confirm-NQ-tf15|nyam|dir=short,dirshort_or_min15_pts20-r2,False,False,253,8548.0,0.923
orb_confirm-NQ-tf15|nyam|dir=short,dirshort_or_min15_pts20-r3,False,False,253,13648.0,1.177
orb_confirm-NQ-tf15|nyam|dir=short,dirshort_or_min15_pts30-r0,False,False,253,63678.0,2.196
orb_confirm-NQ-tf15|nyam|dir=short,dirshort_or_min15_pts30-r1,False,False,253,12443.0,1.303
orb_confirm-NQ-tf15|nyam|dir=short,dirshort_or_min15_pts30-r2,False,False,253,21238.0,1.519
orb_confirm-NQ-tf15|nyam|dir=short,dirshort_or_min15_pts30-r3,False,False,253,25573.0,1.477
orb_confirm-NQ-tf15|nyam|dir=short,dirshort_or_min15_pts45-r0,False,False,253,66378.0,2.034
orb_confirm-NQ-tf15|nyam|dir=short,dirshort_or_min15_pts45-r1,False,False,253,15958.0,1.117
orb_confirm-NQ-tf15|nyam|dir=short,dirshort_or_min15_pts45-r2,False,False,253,25803.0,1.264
orb_confirm-NQ-tf15|nyam|dir=short,dirshort_or_min15_pts45-r3,False,False,253,30113.0,1.259
orb_confirm-NQ-tf15|nyam|dir=short,dirshort_or_min15_pct0p1-r0,False,False,253,29333.0,1.304
orb_confirm-NQ-tf15|nyam|dir=short,dirshort_or_min15_pct0p1-r1,False,False,253,-2177.0,-0.487
orb_confirm-NQ-tf15|nyam|dir=short,dirshort_or_min15_pct0p1-r2,False,False,253,-792.0,-0.126
orb_confirm-NQ-tf15|nyam|dir=short,dirshort_or_min15_pct0p1-r3,False,False,253,-2002.0,-0.261
orb_confirm-NQ-tf15|nyam|dir=short,dirshort_or_min15_pct0p2-r0,False,False,253,70903.0,2.467
orb_confirm-NQ-tf15|nyam|dir=short,dirshort_or_min15_pct0p2-r1,False,False,253,12218.0,1.381
orb_confirm-NQ-tf15|nyam|dir=short,dirshort_or_min15_pct0p2-r2,False,False,253,25918.0,1.987
orb_confirm-NQ-tf15|nyam|dir=short,dirshort_or_min15_pct0p2-r3,False,False,253,21933.0,1.378
orb_confirm-NQ-tf15|nyam|dir=short,dirshort_or_min30_atr1p5-r0,False,False,192,65692.0,2.153
orb_confirm-NQ-tf15|nyam|dir=short,dirshort_or_min30_atr1p5-r1,False,False,192,11177.0,0.722
orb_confirm-NQ-tf15|nyam|dir=short,dirshort_or_min30_atr1p5-r2,False,False,192,26847.0,1.232
orb_confirm-NQ-tf15|nyam|dir=short,dirshort_or_min30_atr1p5-r3,False,False,192,54962.0,2.151
orb_confirm-NQ-tf15|nyam|dir=short,dirshort_or_min30_atr3-r0,False,False,192,56947.0,1.571
orb_confirm-NQ-tf15|nyam|dir=short,dirshort_or_min30_atr3-r1,False,False,192,17117.0,0.602
orb_confirm-NQ-tf15|nyam|dir=short,dirshort_or_min30_atr3-r2,False,False,192,47372.0,1.402
orb_confirm-NQ-tf15|nyam|dir=short,dirshort_or_min30_atr3-r3,False,False,192,61092.0,1.685
orb_confirm-NQ-tf15|nyam|dir=short,dirshort_or_min30_pts10-r0,False,False,192,9047.0,0.565
orb_confirm-NQ-tf15|nyam|dir=short,dirshort_or_min30_pts10-r1,False,False,192,717.0,0.255
orb_confirm-NQ-tf15|nyam|dir=short,dirshort_or_min30_pts10-r2,False,False,192,-6918.0,-1.819
orb_confirm-NQ-tf15|nyam|dir=short,dirshort_or_min30_pts10-r3,False,False,192,-7188.0,-1.568
orb_confirm-NQ-tf15|nyam|dir=short,dirshort_or_min30_pts20-r0,False,False,192,31102.0,1.456
orb_confirm-NQ-tf15|nyam|dir=short,dirshort_or_min30_pts20-r1,False,False,192,-1283.0,-0.229
orb_confirm-NQ-tf15|nyam|dir=short,dirshort_or_min30_pts20-r2,False,False,192,-3868.0,-0.494
orb_confirm-NQ-tf15|nyam|dir=short,dirshort_or_min30_pts20-r3,False,False,192,3277.0,0.333
orb_confirm-NQ-tf15|nyam|dir=short,dirshort_or_min30_pts30-r0,False,False,192,40312.0,1.682
orb_confirm-NQ-tf15|nyam|dir=short,dirshort_or_min30_pts30-r1,False,False,192,2602.0,0.312
orb_confirm-NQ-tf15|nyam|dir=short,dirshort_or_min30_pts30-r2,False,False,192,9647.0,0.8
orb_confirm-NQ-tf15|nyam|dir=short,dirshort_or_min30_pts30-r3,False,False,192,14537.0,0.976
orb_confirm-NQ-tf15|nyam|dir=short,dirshort_or_min30_pts45-r0,False,False,192,54417.0,1.917
orb_confirm-NQ-tf15|nyam|dir=short,dirshort_or_min30_pts45-r1,False,False,192,4627.0,0.371
orb_confirm-NQ-tf15|nyam|dir=short,dirshort_or_min30_pts45-r2,False,False,192,14567.0,0.827
orb_confirm-NQ-tf15|nyam|dir=short,dirshort_or_min30_pts45-r3,False,False,192,25967.0,1.261
orb_confirm-NQ-tf15|nyam|dir=short,dirshort_or_min30_pct0p1-r0,False,False,192,24202.0,1.238
orb_confirm-NQ-tf15|nyam|dir=short,dirshort_or_min30_pct0p1-r1,False,False,192,-4263.0,-1.095
orb_confirm-NQ-tf15|nyam|dir=short,dirshort_or_min30_pct0p1-r2,False,False,192,-9453.0,-1.811
orb_confirm-NQ-tf15|nyam|dir=short,dirshort_or_min30_pct0p1-r3,False,False,192,-10298.0,-1.644
orb_confirm-NQ-tf15|nyam|dir=short,dirshort_or_min30_pct0p2-r0,False,False,192,37502.0,1.595
orb_confirm-NQ-tf15|nyam|dir=short,dirshort_or_min30_pct0p2-r1,False,False,192,-223.0,-0.029
orb_confirm-NQ-tf15|nyam|dir=short,dirshort_or_min30_pct0p2-r2,False,False,192,7157.0,0.645
orb_confirm-NQ-tf15|nyam|dir=short,dirshort_or_min30_pct0p2-r3,False,False,192,9122.0,0.673
orb_confirm-NQ-tf15|nyam|dir=short,dirshort_or_min60_atr1p5-r0,False,False,74,11369.0,0.577
orb_confirm-NQ-tf15|nyam|dir=short,dirshort_or_min60_atr1p5-r1,False,False,74,9454.0,0.865
orb_confirm-NQ-tf15|nyam|dir=short,dirshort_or_min60_atr1p5-r2,False,False,74,-461.0,-0.03
orb_confirm-NQ-tf15|nyam|dir=short,dirshort_or_min60_atr1p5-r3,False,False,74,6464.0,0.375
orb_confirm-NQ-tf15|nyam|dir=short,dirshort_or_min60_atr3-r0,False,False,74,32844.0,1.434
orb_confirm-NQ-tf15|nyam|dir=short,dirshort_or_min60_atr3-r1,False,False,74,17819.0,0.958
orb_confirm-NQ-tf15|nyam|dir=short,dirshort_or_min60_atr3-r2,False,False,74,26934.0,1.254
orb_confirm-NQ-tf15|nyam|dir=short,dirshort_or_min60_atr3-r3,False,False,74,32539.0,1.426
orb_confirm-NQ-tf15|nyam|dir=short,dirshort_or_min60_pts10-r0,False,False,74,-5721.0,-0.793
orb_confirm-NQ-tf15|nyam|dir=short,dirshort_or_min60_pts10-r1,False,False,74,-1321.0,-0.753
orb_confirm-NQ-tf15|nyam|dir=short,dirshort_or_min60_pts10-r2,False,False,74,-2811.0,-1.188
orb_confirm-NQ-tf15|nyam|dir=short,dirshort_or_min60_pts10-r3,False,False,74,-3441.0,-1.226
orb_confirm-NQ-tf15|nyam|dir=short,dirshort_or_min60_pts20-r0,False,False,74,-7241.0,-0.766
orb_confirm-NQ-tf15|nyam|dir=short,dirshort_or_min60_pts20-r1,False,False,74,-1306.0,-0.375
orb_confirm-NQ-tf15|nyam|dir=short,dirshort_or_min60_pts20-r2,False,False,74,-161.0,-0.033
orb_confirm-NQ-tf15|nyam|dir=short,dirshort_or_min60_pts20-r3,False,False,74,-4606.0,-0.805
orb_confirm-NQ-tf15|nyam|dir=short,dirshort_or_min60_pts30-r0,False,False,74,-5281.0,-0.414
orb_confirm-NQ-tf15|nyam|dir=short,dirshort_or_min60_pts30-r1,False,False,74,1924.0,0.369
orb_confirm-NQ-tf15|nyam|dir=short,dirshort_or_min60_pts30-r2,False,False,74,54.0,0.007
orb_confirm-NQ-tf15|nyam|dir=short,dirshort_or_min60_pts30-r3,False,False,74,-4186.0,-0.478
orb_confirm-NQ-tf15|nyam|dir=short,dirshort_or_min60_pts45-r0,False,False,74,6849.0,0.413
orb_confirm-NQ-tf15|nyam|dir=short,dirshort_or_min60_pts45-r1,False,False,74,8984.0,1.168
orb_confirm-NQ-tf15|nyam|dir=short,dirshort_or_min60_pts45-r2,False,False,74,3874.0,0.352
orb_confirm-NQ-tf15|nyam|dir=short,dirshort_or_min60_pts45-r3,False,False,74,6519.0,0.5
orb_confirm-NQ-tf15|nyam|dir=short,dirshort_or_min60_pct0p1-r0,False,False,74,-6016.0,-0.726
orb_confirm-NQ-tf15|nyam|dir=short,dirshort_or_min60_pct0p1-r1,False,False,74,-4166.0,-1.769
orb_confirm-NQ-tf15|nyam|dir=short,dirshort_or_min60_pct0p1-r2,False,False,74,-4886.0,-1.544
orb_confirm-NQ-tf15|nyam|dir=short,dirshort_or_min60_pct0p1-r3,False,False,74,-2676.0,-0.666
orb_confirm-NQ-tf15|nyam|dir=short,dirshort_or_min60_pct0p2-r0,False,False,74,-1716.0,-0.136
orb_confirm-NQ-tf15|nyam|dir=short,dirshort_or_min60_pct0p2-r1,False,False,74,-551.0,-0.115
orb_confirm-NQ-tf15|nyam|dir=short,dirshort_or_min60_pct0p2-r2,False,False,74,4279.0,0.616
orb_confirm-NQ-tf15|nyam|dir=short,dirshort_or_min60_pct0p2-r3,False,False,74,-6826.0,-0.89
orb_confirm-NQ-tf15|nyam|dir=short,authon_dirshort_or_min15_struct1p5-r0,False,True,253,50053.0,1.252
orb_confirm-NQ-tf15|nyam|dir=short,authon_dirshort_or_min30_struct1p5-r0,False,True,192,38867.0,1.11
orb_confirm-NQ-tf15|nyam|dir=short,authon_dirshort_or_min60_struct1p5-r0,False,True,74,18019.0,0.809
orb_confirm-NQ-tf15|pm|dir=long,dirlong_or_min15_atr1p5-r0,False,False,301,54756.0,2.482
orb_confirm-NQ-tf15|pm|dir=long,dirlong_or_min15_atr1p5-r1,False,False,301,45151.0,2.634
orb_confirm-NQ-tf15|pm|dir=long,dirlong_or_min15_atr1p5-r2,False,False,301,47276.0,2.344
orb_confirm-NQ-tf15|pm|dir=long,dirlong_or_min15_atr1p5-r3,False,False,301,52146.0,2.473
orb_confirm-NQ-tf15|pm|dir=long,dirlong_or_min15_atr3-r0,False,False,301,55661.0,2.178
orb_confirm-NQ-tf15|pm|dir=long,dirlong_or_min15_atr3-r1,False,False,301,49736.0,2.12
orb_confirm-NQ-tf15|pm|dir=long,dirlong_or_min15_atr3-r2,False,False,301,56141.0,2.246
orb_confirm-NQ-tf15|pm|dir=long,dirlong_or_min15_atr3-r3,False,False,301,56061.0,2.187
orb_confirm-NQ-tf15|pm|dir=long,dirlong_or_min15_pts10-r0,False,False,301,-1329.0,-0.132
orb_confirm-NQ-tf15|pm|dir=long,dirlong_or_min15_pts10-r1,False,False,301,826.0,0.235
orb_confirm-NQ-tf15|pm|dir=long,dirlong_or_min15_pts10-r2,False,False,301,-2729.0,-0.553
orb_confirm-NQ-tf15|pm|dir=long,dirlong_or_min15_pts10-r3,False,False,301,1931.0,0.314
orb_confirm-NQ-tf15|pm|dir=long,dirlong_or_min15_pts20-r0,False,False,301,-664.0,-0.052
orb_confirm-NQ-tf15|pm|dir=long,dirlong_or_min15_pts20-r1,False,False,301,3171.0,0.457
orb_confirm-NQ-tf15|pm|dir=long,dirlong_or_min15_pts20-r2,False,False,301,13786.0,1.411
orb_confirm-NQ-tf15|pm|dir=long,dirlong_or_min15_pts20-r3,False,False,301,2906.0,0.254
orb_confirm-NQ-tf15|pm|dir=long,dirlong_or_min15_pts30-r0,False,False,301,31791.0,1.811
orb_confirm-NQ-tf15|pm|dir=long,dirlong_or_min15_pts30-r1,False,False,301,28451.0,2.855
orb_confirm-NQ-tf15|pm|dir=long,dirlong_or_min15_pts30-r2,False,False,301,23806.0,1.745
orb_confirm-NQ-tf15|pm|dir=long,dirlong_or_min15_pts30-r3,False,False,301,27896.0,1.82
orb_confirm-NQ-tf15|pm|dir=long,dirlong_or_min15_pts45-r0,False,False,301,48596.0,2.525
orb_confirm-NQ-tf15|pm|dir=long,dirlong_or_min15_pts45-r1,False,False,301,39936.0,2.97
orb_confirm-NQ-tf15|pm|dir=long,dirlong_or_min15_pts45-r2,False,False,301,44676.0,2.617
orb_confirm-NQ-tf15|pm|dir=long,dirlong_or_min15_pts45-r3,False,False,301,45216.0,2.555
orb_confirm-NQ-tf15|pm|dir=long,dirlong_or_min15_pct0p1-r0,False,False,301,-9429.0,-0.882
orb_confirm-NQ-tf15|pm|dir=long,dirlong_or_min15_pct0p1-r1,False,False,301,906.0,0.186
orb_confirm-NQ-tf15|pm|dir=long,dirlong_or_min15_pct0p1-r2,False,False,301,-129.0,-0.019
orb_confirm-NQ-tf15|pm|dir=long,dirlong_or_min15_pct0p1-r3,False,False,301,5746.0,0.697
orb_confirm-NQ-tf15|pm|dir=long,dirlong_or_min15_pct0p2-r0,False,False,301,26696.0,1.569
orb_confirm-NQ-tf15|pm|dir=long,dirlong_or_min15_pct0p2-r1,False,False,301,17366.0,1.877
orb_confirm-NQ-tf15|pm|dir=long,dirlong_or_min15_pct0p2-r2,False,False,301,20841.0,1.705
orb_confirm-NQ-tf15|pm|dir=long,dirlong_or_min15_pct0p2-r3,False,False,301,16171.0,1.165
orb_confirm-NQ-tf15|pm|dir=long,dirlong_or_min30_atr1p5-r0,False,False,286,53861.0,2.481
orb_confirm-NQ-tf15|pm|dir=long,dirlong_or_min30_atr1p5-r1,False,False,286,45581.0,2.721
orb_confirm-NQ-tf15|pm|dir=long,dirlong_or_min30_atr1p5-r2,False,False,286,48556.0,2.425
orb_confirm-NQ-tf15|pm|dir=long,dirlong_or_min30_atr1p5-r3,False,False,286,51286.0,2.474
orb_confirm-NQ-tf15|pm|dir=long,dirlong_or_min30_atr3-r0,False,False,286,52301.0,2.089
orb_confirm-NQ-tf15|pm|dir=long,dirlong_or_min30_atr3-r1,False,False,286,44771.0,1.946
orb_confirm-NQ-tf15|pm|dir=long,dirlong_or_min30_atr3-r2,False,False,286,52781.0,2.157
orb_confirm-NQ-tf15|pm|dir=long,dirlong_or_min30_atr3-r3,False,False,286,52701.0,2.098
orb_confirm-NQ-tf15|pm|dir=long,dirlong_or_min30_pts10-r0,False,False,286,1411.0,0.139
orb_confirm-NQ-tf15|pm|dir=long,dirlong_or_min30_pts10-r1,False,False,286,121.0,0.035
orb_confirm-NQ-tf15|pm|dir=long,dirlong_or_min30_pts10-r2,False,False,286,-4729.0,-0.993
orb_confirm-NQ-tf15|pm|dir=long,dirlong_or_min30_pts10-r3,False,False,286,471.0,0.079
orb_confirm-NQ-tf15|pm|dir=long,dirlong_or_min30_pts20-r0,False,False,286,-79.0,-0.006
orb_confirm-NQ-tf15|pm|dir=long,dirlong_or_min30_pts20-r1,False,False,286,296.0,0.044
orb_confirm-NQ-tf15|pm|dir=long,dirlong_or_min30_pts20-r2,False,False,286,14531.0,1.522
orb_confirm-NQ-tf15|pm|dir=long,dirlong_or_min30_pts20-r3,False,False,286,3106.0,0.278
orb_confirm-NQ-tf15|pm|dir=long,dirlong_or_min30_pts30-r0,False,False,286,33096.0,1.921
orb_confirm-NQ-tf15|pm|dir=long,dirlong_or_min30_pts30-r1,False,False,286,23221.0,2.38
orb_confirm-NQ-tf15|pm|dir=long,dirlong_or_min30_pts30-r2,False,False,286,22631.0,1.706
orb_confirm-NQ-tf15|pm|dir=long,dirlong_or_min30_pts30-r3,False,False,286,29046.0,1.946
orb_confirm-NQ-tf15|pm|dir=long,dirlong_or_min30_pts45-r0,False,False,286,46806.0,2.475
orb_confirm-NQ-tf15|pm|dir=long,dirlong_or_min30_pts45-r1,False,False,286,34031.0,2.594
orb_confirm-NQ-tf15|pm|dir=long,dirlong_or_min30_pts45-r2,False,False,286,42731.0,2.563
orb_confirm-NQ-tf15|pm|dir=long,dirlong_or_min30_pts45-r3,False,False,286,44721.0,2.559
orb_confirm-NQ-tf15|pm|dir=long,dirlong_or_min30_pct0p1-r0,False,False,286,-6564.0,-0.611
orb_confirm-NQ-tf15|pm|dir=long,dirlong_or_min30_pct0p1-r1,False,False,286,-1134.0,-0.238
orb_confirm-NQ-tf15|pm|dir=long,dirlong_or_min30_pct0p1-r2,False,False,286,-2439.0,-0.369
orb_confirm-NQ-tf15|pm|dir=long,dirlong_or_min30_pct0p1-r3,False,False,286,3301.0,0.413
orb_confirm-NQ-tf15|pm|dir=long,dirlong_or_min30_pct0p2-r0,False,False,286,26741.0,1.599
orb_confirm-NQ-tf15|pm|dir=long,dirlong_or_min30_pct0p2-r1,False,False,286,13326.0,1.47
orb_confirm-NQ-tf15|pm|dir=long,dirlong_or_min30_pct0p2-r2,False,False,286,20671.0,1.731
orb_confirm-NQ-tf15|pm|dir=long,dirlong_or_min30_pct0p2-r3,False,False,286,16996.0,1.25
orb_confirm-NQ-tf15|pm|dir=long,dirlong_or_min60_atr1p5-r0,False,False,255,58400.0,2.814
orb_confirm-NQ-tf15|pm|dir=long,dirlong_or_min60_atr1p5-r1,False,False,255,52075.0,3.252
orb_confirm-NQ-tf15|pm|dir=long,dirlong_or_min60_atr1p5-r2,False,False,255,49955.0,2.652
orb_confirm-NQ-tf15|pm|dir=long,dirlong_or_min60_atr1p5-r3,False,False,255,53540.0,2.715
orb_confirm-NQ-tf15|pm|dir=long,dirlong_or_min60_atr3-r0,False,False,255,56870.0,2.423
orb_confirm-NQ-tf15|pm|dir=long,dirlong_or_min60_atr3-r1,False,False,255,46625.0,2.188
orb_confirm-NQ-tf15|pm|dir=long,dirlong_or_min60_atr3-r2,False,False,255,53780.0,2.355
orb_confirm-NQ-tf15|pm|dir=long,dirlong_or_min60_atr3-r3,False,False,255,57535.0,2.438
orb_confirm-NQ-tf15|pm|dir=long,dirlong_or_min60_pts10-r0,False,False,255,4840.0,0.487
orb_confirm-NQ-tf15|pm|dir=long,dirlong_or_min60_pts10-r1,False,False,255,2960.0,0.917
orb_confirm-NQ-tf15|pm|dir=long,dirlong_or_min60_pts10-r2,False,False,255,-665.0,-0.145
orb_confirm-NQ-tf15|pm|dir=long,dirlong_or_min60_pts10-r3,False,False,255,3735.0,0.65
orb_confirm-NQ-tf15|pm|dir=long,dirlong_or_min60_pts20-r0,False,False,255,6630.0,0.552
orb_confirm-NQ-tf15|pm|dir=long,dirlong_or_min60_pts20-r1,False,False,255,8620.0,1.355
orb_confirm-NQ-tf15|pm|dir=long,dirlong_or_min60_pts20-r2,False,False,255,21035.0,2.305
orb_confirm-NQ-tf15|pm|dir=long,dirlong_or_min60_pts20-r3,False,False,255,9400.0,0.872
orb_confirm-NQ-tf15|pm|dir=long,dirlong_or_min60_pts30-r0,False,False,255,32650.0,2.041
orb_confirm-NQ-tf15|pm|dir=long,dirlong_or_min60_pts30-r1,False,False,255,27630.0,3.043
orb_confirm-NQ-tf15|pm|dir=long,dirlong_or_min60_pts30-r2,False,False,255,29820.0,2.359
orb_confirm-NQ-tf15|pm|dir=long,dirlong_or_min60_pts30-r3,False,False,255,30755.0,2.197
orb_confirm-NQ-tf15|pm|dir=long,dirlong_or_min60_pts45-r0,False,False,255,53825.0,3.008
orb_confirm-NQ-tf15|pm|dir=long,dirlong_or_min60_pts45-r1,False,False,255,40840.0,3.314
orb_confirm-NQ-tf15|pm|dir=long,dirlong_or_min60_pts45-r2,False,False,255,49005.0,3.129
orb_confirm-NQ-tf15|pm|dir=long,dirlong_or_min60_pts45-r3,False,False,255,47125.0,2.921
orb_confirm-NQ-tf15|pm|dir=long,dirlong_or_min60_pct0p1-r0,False,False,255,-1175.0,-0.112
orb_confirm-NQ-tf15|pm|dir=long,dirlong_or_min60_pct0p1-r1,False,False,255,3490.0,0.776
orb_confirm-NQ-tf15|pm|dir=long,dirlong_or_min60_pct0p1-r2,False,False,255,2650.0,0.419
orb_confirm-NQ-tf15|pm|dir=long,dirlong_or_min60_pct0p1-r3,False,False,255,8145.0,1.063
orb_confirm-NQ-tf15|pm|dir=long,dirlong_or_min60_pct0p2-r0,False,False,255,26275.0,1.698
orb_confirm-NQ-tf15|pm|dir=long,dirlong_or_min60_pct0p2-r1,False,False,255,19710.0,2.335
orb_confirm-NQ-tf15|pm|dir=long,dirlong_or_min60_pct0p2-r2,False,False,255,29585.0,2.59
orb_confirm-NQ-tf15|pm|dir=long,dirlong_or_min60_pct0p2-r3,False,False,255,22475.0,1.741
orb_confirm-NQ-tf15|pm|dir=long,authon_dirlong_or_min15_struct1p5-r0,False,True,287,53002.0,2.495
orb_confirm-NQ-tf15|pm|dir=long,authon_dirlong_or_min30_struct1p5-r0,False,True,272,52937.0,2.535
orb_confirm-NQ-tf15|pm|dir=long,authon_dirlong_or_min60_struct1p5-r0,False,True,243,65788.0,3.231
orb_confirm-NQ-tf15|pm|dir=short,dirshort_or_min15_atr1p5-r0,False,False,275,26470.0,1.066
orb_confirm-NQ-tf15|pm|dir=short,dirshort_or_min15_atr1p5-r1,False,False,275,10255.0,0.527
orb_confirm-NQ-tf15|pm|dir=short,dirshort_or_min15_atr1p5-r2,False,False,275,32885.0,1.348
orb_confirm-NQ-tf15|pm|dir=short,dirshort_or_min15_atr1p5-r3,False,False,275,24700.0,1.009
orb_confirm-NQ-tf15|pm|dir=short,dirshort_or_min15_atr3-r0,False,False,275,29665.0,1.018
orb_confirm-NQ-tf15|pm|dir=short,dirshort_or_min15_atr3-r1,False,False,275,31315.0,1.115
orb_confirm-NQ-tf15|pm|dir=short,dirshort_or_min15_atr3-r2,False,False,275,26910.0,0.936
orb_confirm-NQ-tf15|pm|dir=short,dirshort_or_min15_atr3-r3,False,False,275,29665.0,1.018
orb_confirm-NQ-tf15|pm|dir=short,dirshort_or_min15_pts10-r0,False,False,275,-1790.0,-0.155
orb_confirm-NQ-tf15|pm|dir=short,dirshort_or_min15_pts10-r1,False,False,275,-2025.0,-0.602
orb_confirm-NQ-tf15|pm|dir=short,dirshort_or_min15_pts10-r2,False,False,275,-7005.0,-1.518
orb_confirm-NQ-tf15|pm|dir=short,dirshort_or_min15_pts10-r3,False,False,275,-8340.0,-1.506
orb_confirm-NQ-tf15|pm|dir=short,dirshort_or_min15_pts20-r0,False,False,275,525.0,0.032
orb_confirm-NQ-tf15|pm|dir=short,dirshort_or_min15_pts20-r1,False,False,275,-11215.0,-1.688
orb_confirm-NQ-tf15|pm|dir=short,dirshort_or_min15_pts20-r2,False,False,275,-15120.0,-1.686
orb_confirm-NQ-tf15|pm|dir=short,dirshort_or_min15_pts20-r3,False,False,275,-10250.0,-0.948
orb_confirm-NQ-tf15|pm|dir=short,dirshort_or_min15_pts30-r0,False,False,275,9150.0,0.472
orb_confirm-NQ-tf15|pm|dir=short,dirshort_or_min15_pts30-r1,False,False,275,-11060.0,-1.119
orb_confirm-NQ-tf15|pm|dir=short,dirshort_or_min15_pts30-r2,False,False,275,-5540.0,-0.414
orb_confirm-NQ-tf15|pm|dir=short,dirshort_or_min15_pts30-r3,False,False,275,-6900.0,-0.448
orb_confirm-NQ-tf15|pm|dir=short,dirshort_or_min15_pts45-r0,False,False,275,31355.0,1.385
orb_confirm-NQ-tf15|pm|dir=short,dirshort_or_min15_pts45-r1,False,False,275,-4905.0,-0.349
orb_confirm-NQ-tf15|pm|dir=short,dirshort_or_min15_pts45-r2,False,False,275,6945.0,0.38
orb_confirm-NQ-tf15|pm|dir=short,dirshort_or_min15_pts45-r3,False,False,275,28995.0,1.367
orb_confirm-NQ-tf15|pm|dir=short,dirshort_or_min15_pct0p1-r0,False,False,275,-545.0,-0.041
orb_confirm-NQ-tf15|pm|dir=short,dirshort_or_min15_pct0p1-r1,False,False,275,-2530.0,-0.544
orb_confirm-NQ-tf15|pm|dir=short,dirshort_or_min15_pct0p1-r2,False,False,275,-8785.0,-1.384
orb_confirm-NQ-tf15|pm|dir=short,dirshort_or_min15_pct0p1-r3,False,False,275,-11340.0,-1.506
orb_confirm-NQ-tf15|pm|dir=short,dirshort_or_min15_pct0p2-r0,False,False,275,8670.0,0.463
orb_confirm-NQ-tf15|pm|dir=short,dirshort_or_min15_pct0p2-r1,False,False,275,-13180.0,-1.448
orb_confirm-NQ-tf15|pm|dir=short,dirshort_or_min15_pct0p2-r2,False,False,275,-10445.0,-0.856
orb_confirm-NQ-tf15|pm|dir=short,dirshort_or_min15_pct0p2-r3,False,False,275,-1440.0,-0.099
orb_confirm-NQ-tf15|pm|dir=short,dirshort_or_min30_atr1p5-r0,False,False,252,26187.0,1.092
orb_confirm-NQ-tf15|pm|dir=short,dirshort_or_min30_atr1p5-r1,False,False,252,7937.0,0.42
orb_confirm-NQ-tf15|pm|dir=short,dirshort_or_min30_atr1p5-r2,False,False,252,33137.0,1.409
orb_confirm-NQ-tf15|pm|dir=short,dirshort_or_min30_atr1p5-r3,False,False,252,24417.0,1.035
orb_confirm-NQ-tf15|pm|dir=short,dirshort_or_min30_atr3-r0,False,False,252,29212.0,1.027
orb_confirm-NQ-tf15|pm|dir=short,dirshort_or_min30_atr3-r1,False,False,252,26492.0,0.966
orb_confirm-NQ-tf15|pm|dir=short,dirshort_or_min30_atr3-r2,False,False,252,26457.0,0.943
orb_confirm-NQ-tf15|pm|dir=short,dirshort_or_min30_atr3-r3,False,False,252,29212.0,1.027
orb_confirm-NQ-tf15|pm|dir=short,dirshort_or_min30_pts10-r0,False,False,252,-2023.0,-0.182
orb_confirm-NQ-tf15|pm|dir=short,dirshort_or_min30_pts10-r1,False,False,252,-5318.0,-1.654
orb_confirm-NQ-tf15|pm|dir=short,dirshort_or_min30_pts10-r2,False,False,252,-7043.0,-1.601
orb_confirm-NQ-tf15|pm|dir=short,dirshort_or_min30_pts10-r3,False,False,252,-6748.0,-1.264
orb_confirm-NQ-tf15|pm|dir=short,dirshort_or_min30_pts20-r0,False,False,252,4242.0,0.268
orb_confirm-NQ-tf15|pm|dir=short,dirshort_or_min30_pts20-r1,False,False,252,-8448.0,-1.324
orb_confirm-NQ-tf15|pm|dir=short,dirshort_or_min30_pts20-r2,False,False,252,-6033.0,-0.684
orb_confirm-NQ-tf15|pm|dir=short,dirshort_or_min30_pts20-r3,False,False,252,-3988.0,-0.377
orb_confirm-NQ-tf15|pm|dir=short,dirshort_or_min30_pts30-r0,False,False,252,6632.0,0.363
orb_confirm-NQ-tf15|pm|dir=short,dirshort_or_min30_pts30-r1,False,False,252,-4923.0,-0.518
orb_confirm-NQ-tf15|pm|dir=short,dirshort_or_min30_pts30-r2,False,False,252,-3013.0,-0.233
orb_confirm-NQ-tf15|pm|dir=short,dirshort_or_min30_pts30-r3,False,False,252,-5508.0,-0.374
orb_confirm-NQ-tf15|pm|dir=short,dirshort_or_min30_pts45-r0,False,False,252,28622.0,1.325
orb_confirm-NQ-tf15|pm|dir=short,dirshort_or_min30_pts45-r1,False,False,252,227.0,0.017
orb_confirm-NQ-tf15|pm|dir=short,dirshort_or_min30_pts45-r2,False,False,252,8122.0,0.463
orb_confirm-NQ-tf15|pm|dir=short,dirshort_or_min30_pts45-r3,False,False,252,25812.0,1.285
orb_confirm-NQ-tf15|pm|dir=short,dirshort_or_min30_pct0p1-r0,False,False,252,2392.0,0.185
orb_confirm-NQ-tf15|pm|dir=short,dirshort_or_min30_pct0p1-r1,False,False,252,-2378.0,-0.535
orb_confirm-NQ-tf15|pm|dir=short,dirshort_or_min30_pct0p1-r2,False,False,252,-3318.0,-0.536
orb_confirm-NQ-tf15|pm|dir=short,dirshort_or_min30_pct0p1-r3,False,False,252,-4618.0,-0.619
orb_confirm-NQ-tf15|pm|dir=short,dirshort_or_min30_pct0p2-r0,False,False,252,2567.0,0.146
orb_confirm-NQ-tf15|pm|dir=short,dirshort_or_min30_pct0p2-r1,False,False,252,-9783.0,-1.118
orb_confirm-NQ-tf15|pm|dir=short,dirshort_or_min30_pct0p2-r2,False,False,252,-9763.0,-0.831
orb_confirm-NQ-tf15|pm|dir=short,dirshort_or_min30_pct0p2-r3,False,False,252,-1843.0,-0.132
orb_confirm-NQ-tf15|pm|dir=short,dirshort_or_min60_atr1p5-r0,False,False,227,29177.0,1.278
orb_confirm-NQ-tf15|pm|dir=short,dirshort_or_min60_atr1p5-r1,False,False,227,8217.0,0.462
orb_confirm-NQ-tf15|pm|dir=short,dirshort_or_min60_atr1p5-r2,False,False,227,34317.0,1.547
orb_confirm-NQ-tf15|pm|dir=short,dirshort_or_min60_atr1p5-r3,False,False,227,27407.0,1.222
orb_confirm-NQ-tf15|pm|dir=short,dirshort_or_min60_atr3-r0,False,False,227,35837.0,1.346
orb_confirm-NQ-tf15|pm|dir=short,dirshort_or_min60_atr3-r1,False,False,227,31307.0,1.234
orb_confirm-NQ-tf15|pm|dir=short,dirshort_or_min60_atr3-r2,False,False,227,33082.0,1.263
orb_confirm-NQ-tf15|pm|dir=short,dirshort_or_min60_atr3-r3,False,False,227,35837.0,1.346
orb_confirm-NQ-tf15|pm|dir=short,dirshort_or_min60_pts10-r0,False,False,227,122.0,0.011
orb_confirm-NQ-tf15|pm|dir=short,dirshort_or_min60_pts10-r1,False,False,227,-4538.0,-1.487
orb_confirm-NQ-tf15|pm|dir=short,dirshort_or_min60_pts10-r2,False,False,227,-4223.0,-0.997
orb_confirm-NQ-tf15|pm|dir=short,dirshort_or_min60_pts10-r3,False,False,227,-3733.0,-0.721
orb_confirm-NQ-tf15|pm|dir=short,dirshort_or_min60_pts20-r0,False,False,227,5637.0,0.365
orb_confirm-NQ-tf15|pm|dir=short,dirshort_or_min60_pts20-r1,False,False,227,-7883.0,-1.302
orb_confirm-NQ-tf15|pm|dir=short,dirshort_or_min60_pts20-r2,False,False,227,-4603.0,-0.55
orb_confirm-NQ-tf15|pm|dir=short,dirshort_or_min60_pts20-r3,False,False,227,-2873.0,-0.284
orb_confirm-NQ-tf15|pm|dir=short,dirshort_or_min60_pts30-r0,False,False,227,5702.0,0.325
orb_confirm-NQ-tf15|pm|dir=short,dirshort_or_min60_pts30-r1,False,False,227,-5678.0,-0.634
orb_confirm-NQ-tf15|pm|dir=short,dirshort_or_min60_pts30-r2,False,False,227,-1688.0,-0.138
orb_confirm-NQ-tf15|pm|dir=short,dirshort_or_min60_pts30-r3,False,False,227,-6503.0,-0.469
orb_confirm-NQ-tf15|pm|dir=short,dirshort_or_min60_pts45-r0,False,False,227,24992.0,1.197
orb_confirm-NQ-tf15|pm|dir=short,dirshort_or_min60_pts45-r1,False,False,227,-2908.0,-0.226
orb_confirm-NQ-tf15|pm|dir=short,dirshort_or_min60_pts45-r2,False,False,227,4532.0,0.271
orb_confirm-NQ-tf15|pm|dir=short,dirshort_or_min60_pts45-r3,False,False,227,22187.0,1.149
orb_confirm-NQ-tf15|pm|dir=short,dirshort_or_min60_pct0p1-r0,False,False,227,4642.0,0.371
orb_confirm-NQ-tf15|pm|dir=short,dirshort_or_min60_pct0p1-r1,False,False,227,-518.0,-0.123
orb_confirm-NQ-tf15|pm|dir=short,dirshort_or_min60_pct0p1-r2,False,False,227,132.0,0.022
orb_confirm-NQ-tf15|pm|dir=short,dirshort_or_min60_pct0p1-r3,False,False,227,-823.0,-0.114
orb_confirm-NQ-tf15|pm|dir=short,dirshort_or_min60_pct0p2-r0,False,False,227,4282.0,0.25
orb_confirm-NQ-tf15|pm|dir=short,dirshort_or_min60_pct0p2-r1,False,False,227,-9213.0,-1.112
orb_confirm-NQ-tf15|pm|dir=short,dirshort_or_min60_pct0p2-r2,False,False,227,-8363.0,-0.751
orb_confirm-NQ-tf15|pm|dir=short,dirshort_or_min60_pct0p2-r3,False,False,227,-5268.0,-0.402
orb_confirm-NQ-tf15|pm|dir=short,authon_dirshort_or_min15_struct1p5-r0,False,True,268,5848.0,0.236
orb_confirm-NQ-tf15|pm|dir=short,authon_dirshort_or_min30_struct1p5-r0,False,True,247,3617.0,0.147
orb_confirm-NQ-tf15|pm|dir=short,authon_dirshort_or_min60_struct1p5-r0,False,True,221,3851.0,0.161
orb_confirm-NQ-tf1|mid|dir=long,dirlong_or_min15_atr1p5-r0,False,False,316,36506.0,1.676
orb_confirm-NQ-tf1|mid|dir=long,dirlong_or_min15_atr1p5-r1,False,False,316,3401.0,0.475
orb_confirm-NQ-tf1|mid|dir=long,dirlong_or_min15_atr1p5-r2,False,False,316,9181.0,0.894
orb_confirm-NQ-tf1|mid|dir=long,dirlong_or_min15_atr1p5-r3,False,False,316,17526.0,1.382
orb_confirm-NQ-tf1|mid|dir=long,dirlong_or_min15_atr3-r0,False,False,316,57951.0,1.941
orb_confirm-NQ-tf1|mid|dir=long,dirlong_or_min15_atr3-r1,False,False,316,2491.0,0.175
orb_confirm-NQ-tf1|mid|dir=long,dirlong_or_min15_atr3-r2,False,False,316,21226.0,1.065
orb_confirm-NQ-tf1|mid|dir=long,dirlong_or_min15_atr3-r3,False,False,316,41456.0,1.688
orb_confirm-NQ-tf1|mid|dir=long,dirlong_or_min15_pts10-r0,False,False,316,38706.0,2.085
orb_confirm-NQ-tf1|mid|dir=long,dirlong_or_min15_pts10-r1,False,False,316,-879.0,-0.244
orb_confirm-NQ-tf1|mid|dir=long,dirlong_or_min15_pts10-r2,False,False,316,5296.0,1.016
orb_confirm-NQ-tf1|mid|dir=long,dirlong_or_min15_pts10-r3,False,False,316,5551.0,0.861
orb_confirm-NQ-tf1|mid|dir=long,dirlong_or_min15_pts20-r0,False,False,316,32556.0,1.496
orb_confirm-NQ-tf1|mid|dir=long,dirlong_or_min15_pts20-r1,False,False,316,4341.0,0.606
orb_confirm-NQ-tf1|mid|dir=long,dirlong_or_min15_pts20-r2,False,False,316,11121.0,1.076
orb_confirm-NQ-tf1|mid|dir=long,dirlong_or_min15_pts20-r3,False,False,316,18296.0,1.419
orb_confirm-NQ-tf1|mid|dir=long,dirlong_or_min15_pts30-r0,False,False,316,47481.0,1.879
orb_confirm-NQ-tf1|mid|dir=long,dirlong_or_min15_pts30-r1,False,False,316,3551.0,0.332
orb_confirm-NQ-tf1|mid|dir=long,dirlong_or_min15_pts30-r2,False,False,316,20046.0,1.31
orb_confirm-NQ-tf1|mid|dir=long,dirlong_or_min15_pts30-r3,False,False,316,20171.0,1.081
orb_confirm-NQ-tf1|mid|dir=long,dirlong_or_min15_pts45-r0,False,False,316,74126.0,2.569
orb_confirm-NQ-tf1|mid|dir=long,dirlong_or_min15_pts45-r1,False,False,316,34786.0,2.223
orb_confirm-NQ-tf1|mid|dir=long,dirlong_or_min15_pts45-r2,False,False,316,44806.0,2.045
orb_confirm-NQ-tf1|mid|dir=long,dirlong_or_min15_pts45-r3,False,False,316,71626.0,2.782
orb_confirm-NQ-tf1|mid|dir=long,dirlong_or_min15_pct0p1-r0,False,False,316,40951.0,2.062
orb_confirm-NQ-tf1|mid|dir=long,dirlong_or_min15_pct0p1-r1,False,False,316,4871.0,0.98
orb_confirm-NQ-tf1|mid|dir=long,dirlong_or_min15_pct0p1-r2,False,False,316,11111.0,1.527
orb_confirm-NQ-tf1|mid|dir=long,dirlong_or_min15_pct0p1-r3,False,False,316,17756.0,1.926
orb_confirm-NQ-tf1|mid|dir=long,dirlong_or_min15_pct0p2-r0,False,False,316,45836.0,1.872
orb_confirm-NQ-tf1|mid|dir=long,dirlong_or_min15_pct0p2-r1,False,False,316,6671.0,0.673
orb_confirm-NQ-tf1|mid|dir=long,dirlong_or_min15_pct0p2-r2,False,False,316,15516.0,1.1
orb_confirm-NQ-tf1|mid|dir=long,dirlong_or_min15_pct0p2-r3,False,False,316,16421.0,0.969
orb_confirm-NQ-tf1|mid|dir=long,dirlong_or_min30_atr1p5-r0,False,False,296,35546.0,1.683
orb_confirm-NQ-tf1|mid|dir=long,dirlong_or_min30_atr1p5-r1,False,False,296,-394.0,-0.058
orb_confirm-NQ-tf1|mid|dir=long,dirlong_or_min30_atr1p5-r2,False,False,296,3941.0,0.411
orb_confirm-NQ-tf1|mid|dir=long,dirlong_or_min30_atr1p5-r3,False,False,296,13086.0,1.094
orb_confirm-NQ-tf1|mid|dir=long,dirlong_or_min30_atr3-r0,False,False,296,54461.0,1.911
orb_confirm-NQ-tf1|mid|dir=long,dirlong_or_min30_atr3-r1,False,False,296,-2374.0,-0.176
orb_confirm-NQ-tf1|mid|dir=long,dirlong_or_min30_atr3-r2,False,False,296,19261.0,1.016
orb_confirm-NQ-tf1|mid|dir=long,dirlong_or_min30_atr3-r3,False,False,296,37536.0,1.6
orb_confirm-NQ-tf1|mid|dir=long,dirlong_or_min30_pts10-r0,False,False,296,35941.0,1.985
orb_confirm-NQ-tf1|mid|dir=long,dirlong_or_min30_pts10-r1,False,False,296,86.0,0.025
orb_confirm-NQ-tf1|mid|dir=long,dirlong_or_min30_pts10-r2,False,False,296,2231.0,0.446
orb_confirm-NQ-tf1|mid|dir=long,dirlong_or_min30_pts10-r3,False,False,296,5721.0,0.915
orb_confirm-NQ-tf1|mid|dir=long,dirlong_or_min30_pts20-r0,False,False,296,31071.0,1.492
orb_confirm-NQ-tf1|mid|dir=long,dirlong_or_min30_pts20-r1,False,False,296,2851.0,0.411
orb_confirm-NQ-tf1|mid|dir=long,dirlong_or_min30_pts20-r2,False,False,296,4826.0,0.487
orb_confirm-NQ-tf1|mid|dir=long,dirlong_or_min30_pts20-r3,False,False,296,15096.0,1.215
orb_confirm-NQ-tf1|mid|dir=long,dirlong_or_min30_pts30-r0,False,False,296,46471.0,1.931
orb_confirm-NQ-tf1|mid|dir=long,dirlong_or_min30_pts30-r1,False,False,296,7756.0,0.75
orb_confirm-NQ-tf1|mid|dir=long,dirlong_or_min30_pts30-r2,False,False,296,21461.0,1.449
orb_confirm-NQ-tf1|mid|dir=long,dirlong_or_min30_pts30-r3,False,False,296,19016.0,1.079
orb_confirm-NQ-tf1|mid|dir=long,dirlong_or_min30_pts45-r0,False,False,296,58206.0,2.12
orb_confirm-NQ-tf1|mid|dir=long,dirlong_or_min30_pts45-r1,False,False,296,29811.0,1.968
orb_confirm-NQ-tf1|mid|dir=long,dirlong_or_min30_pts45-r2,False,False,296,29811.0,1.42
orb_confirm-NQ-tf1|mid|dir=long,dirlong_or_min30_pts45-r3,False,False,296,59616.0,2.408
orb_confirm-NQ-tf1|mid|dir=long,dirlong_or_min30_pct0p1-r0,False,False,296,39576.0,2.037
orb_confirm-NQ-tf1|mid|dir=long,dirlong_or_min30_pct0p1-r1,False,False,296,3376.0,0.699
orb_confirm-NQ-tf1|mid|dir=long,dirlong_or_min30_pct0p1-r2,False,False,296,7231.0,1.031
orb_confirm-NQ-tf1|mid|dir=long,dirlong_or_min30_pct0p1-r3,False,False,296,12311.0,1.398
orb_confirm-NQ-tf1|mid|dir=long,dirlong_or_min30_pct0p2-r0,False,False,296,42156.0,1.807
orb_confirm-NQ-tf1|mid|dir=long,dirlong_or_min30_pct0p2-r1,False,False,296,4716.0,0.491
orb_confirm-NQ-tf1|mid|dir=long,dirlong_or_min30_pct0p2-r2,False,False,296,13161.0,0.965
orb_confirm-NQ-tf1|mid|dir=long,dirlong_or_min30_pct0p2-r3,False,False,296,9316.0,0.578
orb_confirm-NQ-tf1|mid|dir=long,dirlong_or_min60_atr1p5-r0,False,False,257,36912.0,1.886
orb_confirm-NQ-tf1|mid|dir=long,dirlong_or_min60_atr1p5-r1,False,False,257,3417.0,0.546
orb_confirm-NQ-tf1|mid|dir=long,dirlong_or_min60_atr1p5-r2,False,False,257,4017.0,0.456
orb_confirm-NQ-tf1|mid|dir=long,dirlong_or_min60_atr1p5-r3,False,False,257,18772.0,1.657
orb_confirm-NQ-tf1|mid|dir=long,dirlong_or_min60_atr3-r0,False,False,257,47367.0,1.845
orb_confirm-NQ-tf1|mid|dir=long,dirlong_or_min60_atr3-r1,False,False,257,3832.0,0.307
orb_confirm-NQ-tf1|mid|dir=long,dirlong_or_min60_atr3-r2,False,False,257,23117.0,1.309
orb_confirm-NQ-tf1|mid|dir=long,dirlong_or_min60_atr3-r3,False,False,257,38727.0,1.796
orb_confirm-NQ-tf1|mid|dir=long,dirlong_or_min60_pts10-r0,False,False,257,30407.0,1.913
orb_confirm-NQ-tf1|mid|dir=long,dirlong_or_min60_pts10-r1,False,False,257,122.0,0.038
orb_confirm-NQ-tf1|mid|dir=long,dirlong_or_min60_pts10-r2,False,False,257,3702.0,0.789
orb_confirm-NQ-tf1|mid|dir=long,dirlong_or_min60_pts10-r3,False,False,257,10627.0,1.774
orb_confirm-NQ-tf1|mid|dir=long,dirlong_or_min60_pts20-r0,False,False,257,32607.0,1.678
orb_confirm-NQ-tf1|mid|dir=long,dirlong_or_min60_pts20-r1,False,False,257,5147.0,0.798
orb_confirm-NQ-tf1|mid|dir=long,dirlong_or_min60_pts20-r2,False,False,257,9962.0,1.067
orb_confirm-NQ-tf1|mid|dir=long,dirlong_or_min60_pts20-r3,False,False,257,17527.0,1.503
orb_confirm-NQ-tf1|mid|dir=long,dirlong_or_min60_pts30-r0,False,False,257,48272.0,2.178
orb_confirm-NQ-tf1|mid|dir=long,dirlong_or_min60_pts30-r1,False,False,257,15402.0,1.604
orb_confirm-NQ-tf1|mid|dir=long,dirlong_or_min60_pts30-r2,False,False,257,30627.0,2.195
orb_confirm-NQ-tf1|mid|dir=long,dirlong_or_min60_pts30-r3,False,False,257,27252.0,1.634
orb_confirm-NQ-tf1|mid|dir=long,dirlong_or_min60_pts45-r0,False,False,257,58302.0,2.337
orb_confirm-NQ-tf1|mid|dir=long,dirlong_or_min60_pts45-r1,False,False,257,36702.0,2.611
orb_confirm-NQ-tf1|mid|dir=long,dirlong_or_min60_pts45-r2,False,False,257,33192.0,1.692
orb_confirm-NQ-tf1|mid|dir=long,dirlong_or_min60_pts45-r3,False,False,257,63382.0,2.754
orb_confirm-NQ-tf1|mid|dir=long,dirlong_or_min60_pct0p1-r0,False,False,257,37157.0,2.072
orb_confirm-NQ-tf1|mid|dir=long,dirlong_or_min60_pct0p1-r1,False,False,257,4877.0,1.083
orb_confirm-NQ-tf1|mid|dir=long,dirlong_or_min60_pct0p1-r2,False,False,257,7562.0,1.151
orb_confirm-NQ-tf1|mid|dir=long,dirlong_or_min60_pct0p1-r3,False,False,257,15542.0,1.861
orb_confirm-NQ-tf1|mid|dir=long,dirlong_or_min60_pct0p2-r0,False,False,257,37802.0,1.791
orb_confirm-NQ-tf1|mid|dir=long,dirlong_or_min60_pct0p2-r1,False,False,257,9307.0,1.04
orb_confirm-NQ-tf1|mid|dir=long,dirlong_or_min60_pct0p2-r2,False,False,257,19277.0,1.515
orb_confirm-NQ-tf1|mid|dir=long,dirlong_or_min60_pct0p2-r3,False,False,257,20377.0,1.332
orb_confirm-NQ-tf1|mid|dir=long,authon_dirlong_or_min15_struct1p5-r0,False,True,316,76861.0,2.072
orb_confirm-NQ-tf1|mid|dir=long,authon_dirlong_or_min30_struct1p5-r0,False,True,296,80791.0,2.28
orb_confirm-NQ-tf1|mid|dir=long,authon_dirlong_or_min60_struct1p5-r0,False,True,257,83592.0,2.515
orb_confirm-NQ-tf1|mid|dir=short,dirshort_or_min15_atr1p5-r0,False,False,299,-2771.0,-0.134
orb_confirm-NQ-tf1|mid|dir=short,dirshort_or_min15_atr1p5-r1,False,False,299,-1711.0,-0.23
orb_confirm-NQ-tf1|mid|dir=short,dirshort_or_min15_atr1p5-r2,False,False,299,-7836.0,-0.744
orb_confirm-NQ-tf1|mid|dir=short,dirshort_or_min15_atr1p5-r3,False,False,299,-13551.0,-1.068
orb_confirm-NQ-tf1|mid|dir=short,dirshort_or_min15_atr3-r0,False,False,299,4264.0,0.151
orb_confirm-NQ-tf1|mid|dir=short,dirshort_or_min15_atr3-r1,False,False,299,11084.0,0.757
orb_confirm-NQ-tf1|mid|dir=short,dirshort_or_min15_atr3-r2,False,False,299,-5591.0,-0.274
orb_confirm-NQ-tf1|mid|dir=short,dirshort_or_min15_atr3-r3,False,False,299,-6456.0,-0.27
orb_confirm-NQ-tf1|mid|dir=short,dirshort_or_min15_pts10-r0,False,False,299,-2031.0,-0.139
orb_confirm-NQ-tf1|mid|dir=short,dirshort_or_min15_pts10-r1,False,False,299,-7051.0,-2.016
orb_confirm-NQ-tf1|mid|dir=short,dirshort_or_min15_pts10-r2,False,False,299,-8711.0,-1.817
orb_confirm-NQ-tf1|mid|dir=short,dirshort_or_min15_pts10-r3,False,False,299,-11041.0,-1.93
orb_confirm-NQ-tf1|mid|dir=short,dirshort_or_min15_pts20-r0,False,False,299,3639.0,0.178
orb_confirm-NQ-tf1|mid|dir=short,dirshort_or_min15_pts20-r1,False,False,299,-761.0,-0.109
orb_confirm-NQ-tf1|mid|dir=short,dirshort_or_min15_pts20-r2,False,False,299,-5441.0,-0.557
orb_confirm-NQ-tf1|mid|dir=short,dirshort_or_min15_pts20-r3,False,False,299,-9811.0,-0.834
orb_confirm-NQ-tf1|mid|dir=short,dirshort_or_min15_pts30-r0,False,False,299,7234.0,0.29
orb_confirm-NQ-tf1|mid|dir=short,dirshort_or_min15_pts30-r1,False,False,299,2054.0,0.197
orb_confirm-NQ-tf1|mid|dir=short,dirshort_or_min15_pts30-r2,False,False,299,-7086.0,-0.488
orb_confirm-NQ-tf1|mid|dir=short,dirshort_or_min15_pts30-r3,False,False,299,-7351.0,-0.425
orb_confirm-NQ-tf1|mid|dir=short,dirshort_or_min15_pts45-r0,False,False,299,5954.0,0.213
orb_confirm-NQ-tf1|mid|dir=short,dirshort_or_min15_pts45-r1,False,False,299,919.0,0.06
orb_confirm-NQ-tf1|mid|dir=short,dirshort_or_min15_pts45-r2,False,False,299,-2726.0,-0.131
orb_confirm-NQ-tf1|mid|dir=short,dirshort_or_min15_pts45-r3,False,False,299,2599.0,0.109
orb_confirm-NQ-tf1|mid|dir=short,dirshort_or_min15_pct0p1-r0,False,False,299,1439.0,0.084
orb_confirm-NQ-tf1|mid|dir=short,dirshort_or_min15_pct0p1-r1,False,False,299,-5096.0,-1.047
orb_confirm-NQ-tf1|mid|dir=short,dirshort_or_min15_pct0p1-r2,False,False,299,-12431.0,-1.879
orb_confirm-NQ-tf1|mid|dir=short,dirshort_or_min15_pct0p1-r3,False,False,299,-10456.0,-1.293
orb_confirm-NQ-tf1|mid|dir=short,dirshort_or_min15_pct0p2-r0,False,False,299,12109.0,0.496
orb_confirm-NQ-tf1|mid|dir=short,dirshort_or_min15_pct0p2-r1,False,False,299,6644.0,0.687
orb_confirm-NQ-tf1|mid|dir=short,dirshort_or_min15_pct0p2-r2,False,False,299,29.0,0.002
orb_confirm-NQ-tf1|mid|dir=short,dirshort_or_min15_pct0p2-r3,False,False,299,-5636.0,-0.352
orb_confirm-NQ-tf1|mid|dir=short,dirshort_or_min30_atr1p5-r0,False,False,276,-2169.0,-0.108
orb_confirm-NQ-tf1|mid|dir=short,dirshort_or_min30_atr1p5-r1,False,False,276,-4219.0,-0.594
orb_confirm-NQ-tf1|mid|dir=short,dirshort_or_min30_atr1p5-r2,False,False,276,-4354.0,-0.428
orb_confirm-NQ-tf1|mid|dir=short,dirshort_or_min30_atr1p5-r3,False,False,276,-8264.0,-0.67
orb_confirm-NQ-tf1|mid|dir=short,dirshort_or_min30_atr3-r0,False,False,276,9771.0,0.353
orb_confirm-NQ-tf1|mid|dir=short,dirshort_or_min30_atr3-r1,False,False,276,13666.0,0.976
orb_confirm-NQ-tf1|mid|dir=short,dirshort_or_min30_atr3-r2,False,False,276,1456.0,0.074
orb_confirm-NQ-tf1|mid|dir=short,dirshort_or_min30_atr3-r3,False,False,276,-2649.0,-0.115
orb_confirm-NQ-tf1|mid|dir=short,dirshort_or_min30_pts10-r0,False,False,276,-3104.0,-0.219
orb_confirm-NQ-tf1|mid|dir=short,dirshort_or_min30_pts10-r1,False,False,276,-5894.0,-1.752
orb_confirm-NQ-tf1|mid|dir=short,dirshort_or_min30_pts10-r2,False,False,276,-7534.0,-1.631
orb_confirm-NQ-tf1|mid|dir=short,dirshort_or_min30_pts10-r3,False,False,276,-10259.0,-1.867
orb_confirm-NQ-tf1|mid|dir=short,dirshort_or_min30_pts20-r0,False,False,276,2696.0,0.134
orb_confirm-NQ-tf1|mid|dir=short,dirshort_or_min30_pts20-r1,False,False,276,-3434.0,-0.513
orb_confirm-NQ-tf1|mid|dir=short,dirshort_or_min30_pts20-r2,False,False,276,-10499.0,-1.134
orb_confirm-NQ-tf1|mid|dir=short,dirshort_or_min30_pts20-r3,False,False,276,-10039.0,-0.891
orb_confirm-NQ-tf1|mid|dir=short,dirshort_or_min30_pts30-r0,False,False,276,10096.0,0.413
orb_confirm-NQ-tf1|mid|dir=short,dirshort_or_min30_pts30-r1,False,False,276,5241.0,0.525
orb_confirm-NQ-tf1|mid|dir=short,dirshort_or_min30_pts30-r2,False,False,276,1531.0,0.109
orb_confirm-NQ-tf1|mid|dir=short,dirshort_or_min30_pts30-r3,False,False,276,-12339.0,-0.76
orb_confirm-NQ-tf1|mid|dir=short,dirshort_or_min30_pts45-r0,False,False,276,9721.0,0.356
orb_confirm-NQ-tf1|mid|dir=short,dirshort_or_min30_pts45-r1,False,False,276,-104.0,-0.007
orb_confirm-NQ-tf1|mid|dir=short,dirshort_or_min30_pts45-r2,False,False,276,-7864.0,-0.398
orb_confirm-NQ-tf1|mid|dir=short,dirshort_or_min30_pts45-r3,False,False,276,6781.0,0.292
orb_confirm-NQ-tf1|mid|dir=short,dirshort_or_min30_pct0p1-r0,False,False,276,-3114.0,-0.187
orb_confirm-NQ-tf1|mid|dir=short,dirshort_or_min30_pct0p1-r1,False,False,276,-7929.0,-1.695
orb_confirm-NQ-tf1|mid|dir=short,dirshort_or_min30_pct0p1-r2,False,False,276,-13139.0,-2.074
orb_confirm-NQ-tf1|mid|dir=short,dirshort_or_min30_pct0p1-r3,False,False,276,-14124.0,-1.857
orb_confirm-NQ-tf1|mid|dir=short,dirshort_or_min30_pct0p2-r0,False,False,276,10251.0,0.43
orb_confirm-NQ-tf1|mid|dir=short,dirshort_or_min30_pct0p2-r1,False,False,276,4146.0,0.445
orb_confirm-NQ-tf1|mid|dir=short,dirshort_or_min30_pct0p2-r2,False,False,276,1021.0,0.078
orb_confirm-NQ-tf1|mid|dir=short,dirshort_or_min30_pct0p2-r3,False,False,276,-14839.0,-0.997
orb_confirm-NQ-tf1|mid|dir=short,dirshort_or_min60_atr1p5-r0,False,False,245,6870.0,0.34
orb_confirm-NQ-tf1|mid|dir=short,dirshort_or_min60_atr1p5-r1,False,False,245,2445.0,0.366
orb_confirm-NQ-tf1|mid|dir=short,dirshort_or_min60_atr1p5-r2,False,False,245,1540.0,0.159
orb_confirm-NQ-tf1|mid|dir=short,dirshort_or_min60_atr1p5-r3,False,False,245,2565.0,0.214
orb_confirm-NQ-tf1|mid|dir=short,dirshort_or_min60_atr3-r0,False,False,245,17660.0,0.668
orb_confirm-NQ-tf1|mid|dir=short,dirshort_or_min60_atr3-r1,False,False,245,15590.0,1.185
orb_confirm-NQ-tf1|mid|dir=short,dirshort_or_min60_atr3-r2,False,False,245,6580.0,0.354
orb_confirm-NQ-tf1|mid|dir=short,dirshort_or_min60_atr3-r3,False,False,245,-290.0,-0.013
orb_confirm-NQ-tf1|mid|dir=short,dirshort_or_min60_pts10-r0,False,False,245,5240.0,0.36
orb_confirm-NQ-tf1|mid|dir=short,dirshort_or_min60_pts10-r1,False,False,245,-6675.0,-2.112
orb_confirm-NQ-tf1|mid|dir=short,dirshort_or_min60_pts10-r2,False,False,245,-3440.0,-0.775
orb_confirm-NQ-tf1|mid|dir=short,dirshort_or_min60_pts10-r3,False,False,245,-3740.0,-0.693
orb_confirm-NQ-tf1|mid|dir=short,dirshort_or_min60_pts20-r0,False,False,245,-3365.0,-0.182
orb_confirm-NQ-tf1|mid|dir=short,dirshort_or_min60_pts20-r1,False,False,245,1190.0,0.189
orb_confirm-NQ-tf1|mid|dir=short,dirshort_or_min60_pts20-r2,False,False,245,-6265.0,-0.711
orb_confirm-NQ-tf1|mid|dir=short,dirshort_or_min60_pts20-r3,False,False,245,-9655.0,-0.913
orb_confirm-NQ-tf1|mid|dir=short,dirshort_or_min60_pts30-r0,False,False,245,27790.0,1.127
orb_confirm-NQ-tf1|mid|dir=short,dirshort_or_min60_pts30-r1,False,False,245,12915.0,1.376
orb_confirm-NQ-tf1|mid|dir=short,dirshort_or_min60_pts30-r2,False,False,245,2240.0,0.168
orb_confirm-NQ-tf1|mid|dir=short,dirshort_or_min60_pts30-r3,False,False,245,-620.0,-0.039
orb_confirm-NQ-tf1|mid|dir=short,dirshort_or_min60_pts45-r0,False,False,245,23790.0,0.877
orb_confirm-NQ-tf1|mid|dir=short,dirshort_or_min60_pts45-r1,False,False,245,8685.0,0.62
orb_confirm-NQ-tf1|mid|dir=short,dirshort_or_min60_pts45-r2,False,False,245,7990.0,0.418
orb_confirm-NQ-tf1|mid|dir=short,dirshort_or_min60_pts45-r3,False,False,245,20085.0,0.89
orb_confirm-NQ-tf1|mid|dir=short,dirshort_or_min60_pct0p1-r0,False,False,245,5055.0,0.306
orb_confirm-NQ-tf1|mid|dir=short,dirshort_or_min60_pct0p1-r1,False,False,245,-4460.0,-1.011
orb_confirm-NQ-tf1|mid|dir=short,dirshort_or_min60_pct0p1-r2,False,False,245,-7075.0,-1.16
orb_confirm-NQ-tf1|mid|dir=short,dirshort_or_min60_pct0p1-r3,False,False,245,-7050.0,-0.953
orb_confirm-NQ-tf1|mid|dir=short,dirshort_or_min60_pct0p2-r0,False,False,245,15740.0,0.667
orb_confirm-NQ-tf1|mid|dir=short,dirshort_or_min60_pct0p2-r1,False,False,245,6455.0,0.736
orb_confirm-NQ-tf1|mid|dir=short,dirshort_or_min60_pct0p2-r2,False,False,245,-895.0,-0.073
orb_confirm-NQ-tf1|mid|dir=short,dirshort_or_min60_pct0p2-r3,False,False,245,-10855.0,-0.763
orb_confirm-NQ-tf1|mid|dir=short,authon_dirshort_or_min15_struct1p5-r0,False,True,299,44504.0,1.238
orb_confirm-NQ-tf1|mid|dir=short,authon_dirshort_or_min30_struct1p5-r0,False,True,276,46361.0,1.317
orb_confirm-NQ-tf1|mid|dir=short,authon_dirshort_or_min60_struct1p5-r0,False,True,245,22440.0,0.657
orb_confirm-NQ-tf1|nyam|dir=long,dirlong_or_min15_atr1p5-r0,False,False,348,893.0,0.033
orb_confirm-NQ-tf1|nyam|dir=long,dirlong_or_min15_atr1p5-r1,False,False,348,-16642.0,-1.638
orb_confirm-NQ-tf1|nyam|dir=long,dirlong_or_min15_atr1p5-r2,False,False,348,-31917.0,-2.38
orb_confirm-NQ-tf1|nyam|dir=long,dirlong_or_min15_atr1p5-r3,False,False,348,-27972.0,-1.724
orb_confirm-NQ-tf1|nyam|dir=long,dirlong_or_min15_atr3-r0,False,False,348,21798.0,0.571
orb_confirm-NQ-tf1|nyam|dir=long,dirlong_or_min15_atr3-r1,False,False,348,-41367.0,-2.045
orb_confirm-NQ-tf1|nyam|dir=long,dirlong_or_min15_atr3-r2,False,False,348,-14382.0,-0.52
orb_confirm-NQ-tf1|nyam|dir=long,dirlong_or_min15_atr3-r3,False,False,348,-11717.0,-0.366
orb_confirm-NQ-tf1|nyam|dir=long,dirlong_or_min15_pts10-r0,False,False,348,13383.0,0.773
orb_confirm-NQ-tf1|nyam|dir=long,dirlong_or_min15_pts10-r1,False,False,348,-8407.0,-2.229
orb_confirm-NQ-tf1|nyam|dir=long,dirlong_or_min15_pts10-r2,False,False,348,-4437.0,-0.838
orb_confirm-NQ-tf1|nyam|dir=long,dirlong_or_min15_pts10-r3,False,False,348,-3587.0,-0.553
orb_confirm-NQ-tf1|nyam|dir=long,dirlong_or_min15_pts20-r0,False,False,348,25048.0,0.989
orb_confirm-NQ-tf1|nyam|dir=long,dirlong_or_min15_pts20-r1,False,False,348,1678.0,0.223
orb_confirm-NQ-tf1|nyam|dir=long,dirlong_or_min15_pts20-r2,False,False,348,2158.0,0.202
orb_confirm-NQ-tf1|nyam|dir=long,dirlong_or_min15_pts20-r3,False,False,348,-8762.0,-0.686
orb_confirm-NQ-tf1|nyam|dir=long,dirlong_or_min15_pts30-r0,False,False,348,10438.0,0.365
orb_confirm-NQ-tf1|nyam|dir=long,dirlong_or_min15_pts30-r1,False,False,348,-10757.0,-0.956
orb_confirm-NQ-tf1|nyam|dir=long,dirlong_or_min15_pts30-r2,False,False,348,-20067.0,-1.293
orb_confirm-NQ-tf1|nyam|dir=long,dirlong_or_min15_pts30-r3,False,False,348,-19982.0,-1.065
orb_confirm-NQ-tf1|nyam|dir=long,dirlong_or_min15_pts45-r0,False,False,348,10953.0,0.33
orb_confirm-NQ-tf1|nyam|dir=long,dirlong_or_min15_pts45-r1,False,False,348,-22372.0,-1.332
orb_confirm-NQ-tf1|nyam|dir=long,dirlong_or_min15_pts45-r2,False,False,348,-27662.0,-1.214
orb_confirm-NQ-tf1|nyam|dir=long,dirlong_or_min15_pts45-r3,False,False,348,-5567.0,-0.204
orb_confirm-NQ-tf1|nyam|dir=long,dirlong_or_min15_pct0p1-r0,False,False,348,13648.0,0.669
orb_confirm-NQ-tf1|nyam|dir=long,dirlong_or_min15_pct0p1-r1,False,False,348,-5687.0,-1.083
orb_confirm-NQ-tf1|nyam|dir=long,dirlong_or_min15_pct0p1-r2,False,False,348,-6117.0,-0.836
orb_confirm-NQ-tf1|nyam|dir=long,dirlong_or_min15_pct0p1-r3,False,False,348,-8212.0,-0.931
orb_confirm-NQ-tf1|nyam|dir=long,dirlong_or_min15_pct0p2-r0,False,False,348,17108.0,0.612
orb_confirm-NQ-tf1|nyam|dir=long,dirlong_or_min15_pct0p2-r1,False,False,348,-7122.0,-0.682
orb_confirm-NQ-tf1|nyam|dir=long,dirlong_or_min15_pct0p2-r2,False,False,348,-14812.0,-1.031
orb_confirm-NQ-tf1|nyam|dir=long,dirlong_or_min15_pct0p2-r3,False,False,348,-16597.0,-0.964
orb_confirm-NQ-tf1|nyam|dir=long,dirlong_or_min30_atr1p5-r0,False,False,270,-16095.0,-0.815
orb_confirm-NQ-tf1|nyam|dir=long,dirlong_or_min30_atr1p5-r1,False,False,270,-14440.0,-1.623
orb_confirm-NQ-tf1|nyam|dir=long,dirlong_or_min30_atr1p5-r2,False,False,270,-23125.0,-1.946
orb_confirm-NQ-tf1|nyam|dir=long,dirlong_or_min30_atr1p5-r3,False,False,270,-26385.0,-1.859
orb_confirm-NQ-tf1|nyam|dir=long,dirlong_or_min30_atr3-r0,False,False,270,7560.0,0.235
orb_confirm-NQ-tf1|nyam|dir=long,dirlong_or_min30_atr3-r1,False,False,270,-20130.0,-1.132
orb_confirm-NQ-tf1|nyam|dir=long,dirlong_or_min30_atr3-r2,False,False,270,-16755.0,-0.705
orb_confirm-NQ-tf1|nyam|dir=long,dirlong_or_min30_atr3-r3,False,False,270,-11955.0,-0.434
orb_confirm-NQ-tf1|nyam|dir=long,dirlong_or_min30_pts10-r0,False,False,270,-1330.0,-0.098
orb_confirm-NQ-tf1|nyam|dir=long,dirlong_or_min30_pts10-r1,False,False,270,-6245.0,-1.878
orb_confirm-NQ-tf1|nyam|dir=long,dirlong_or_min30_pts10-r2,False,False,270,-3835.0,-0.824
orb_confirm-NQ-tf1|nyam|dir=long,dirlong_or_min30_pts10-r3,False,False,270,-4155.0,-0.733
orb_confirm-NQ-tf1|nyam|dir=long,dirlong_or_min30_pts20-r0,False,False,270,1125.0,0.062
orb_confirm-NQ-tf1|nyam|dir=long,dirlong_or_min30_pts20-r1,False,False,270,3850.0,0.582
orb_confirm-NQ-tf1|nyam|dir=long,dirlong_or_min30_pts20-r2,False,False,270,3985.0,0.421
orb_confirm-NQ-tf1|nyam|dir=long,dirlong_or_min30_pts20-r3,False,False,270,2335.0,0.202
orb_confirm-NQ-tf1|nyam|dir=long,dirlong_or_min30_pts30-r0,False,False,270,-4400.0,-0.201
orb_confirm-NQ-tf1|nyam|dir=long,dirlong_or_min30_pts30-r1,False,False,270,-4190.0,-0.422
orb_confirm-NQ-tf1|nyam|dir=long,dirlong_or_min30_pts30-r2,False,False,270,-10360.0,-0.751
orb_confirm-NQ-tf1|nyam|dir=long,dirlong_or_min30_pts30-r3,False,False,270,-12405.0,-0.746
orb_confirm-NQ-tf1|nyam|dir=long,dirlong_or_min30_pts45-r0,False,False,270,13355.0,0.485
orb_confirm-NQ-tf1|nyam|dir=long,dirlong_or_min30_pts45-r1,False,False,270,-8570.0,-0.58
orb_confirm-NQ-tf1|nyam|dir=long,dirlong_or_min30_pts45-r2,False,False,270,1360.0,0.067
orb_confirm-NQ-tf1|nyam|dir=long,dirlong_or_min30_pts45-r3,False,False,270,17250.0,0.712
orb_confirm-NQ-tf1|nyam|dir=long,dirlong_or_min30_pct0p1-r0,False,False,270,-910.0,-0.058
orb_confirm-NQ-tf1|nyam|dir=long,dirlong_or_min30_pct0p1-r1,False,False,270,-8155.0,-1.769
orb_confirm-NQ-tf1|nyam|dir=long,dirlong_or_min30_pct0p1-r2,False,False,270,-2320.0,-0.358
orb_confirm-NQ-tf1|nyam|dir=long,dirlong_or_min30_pct0p1-r3,False,False,270,-6000.0,-0.774
orb_confirm-NQ-tf1|nyam|dir=long,dirlong_or_min30_pct0p2-r0,False,False,270,-10210.0,-0.502
orb_confirm-NQ-tf1|nyam|dir=long,dirlong_or_min30_pct0p2-r1,False,False,270,-2960.0,-0.322
orb_confirm-NQ-tf1|nyam|dir=long,dirlong_or_min30_pct0p2-r2,False,False,270,-6645.0,-0.522
orb_confirm-NQ-tf1|nyam|dir=long,dirlong_or_min30_pct0p2-r3,False,False,270,-8285.0,-0.539
orb_confirm-NQ-tf1|nyam|dir=long,dirlong_or_min60_atr1p5-r0,False,False,143,6363.0,0.458
orb_confirm-NQ-tf1|nyam|dir=long,dirlong_or_min60_atr1p5-r1,False,False,143,5358.0,1.005
orb_confirm-NQ-tf1|nyam|dir=long,dirlong_or_min60_atr1p5-r2,False,False,143,8238.0,1.055
orb_confirm-NQ-tf1|nyam|dir=long,dirlong_or_min60_atr1p5-r3,False,False,143,9043.0,0.94
orb_confirm-NQ-tf1|nyam|dir=long,dirlong_or_min60_atr3-r0,False,False,143,7128.0,0.391
orb_confirm-NQ-tf1|nyam|dir=long,dirlong_or_min60_atr3-r1,False,False,143,-382.0,-0.036
orb_confirm-NQ-tf1|nyam|dir=long,dirlong_or_min60_atr3-r2,False,False,143,6178.0,0.421
orb_confirm-NQ-tf1|nyam|dir=long,dirlong_or_min60_atr3-r3,False,False,143,11083.0,0.644
orb_confirm-NQ-tf1|nyam|dir=long,dirlong_or_min60_pts10-r0,False,False,143,2953.0,0.316
orb_confirm-NQ-tf1|nyam|dir=long,dirlong_or_min60_pts10-r1,False,False,143,1293.0,0.534
orb_confirm-NQ-tf1|nyam|dir=long,dirlong_or_min60_pts10-r2,False,False,143,4588.0,1.29
orb_confirm-NQ-tf1|nyam|dir=long,dirlong_or_min60_pts10-r3,False,False,143,6328.0,1.41
orb_confirm-NQ-tf1|nyam|dir=long,dirlong_or_min60_pts20-r0,False,False,143,13008.0,0.954
orb_confirm-NQ-tf1|nyam|dir=long,dirlong_or_min60_pts20-r1,False,False,143,3493.0,0.725
orb_confirm-NQ-tf1|nyam|dir=long,dirlong_or_min60_pts20-r2,False,False,143,11378.0,1.602
orb_confirm-NQ-tf1|nyam|dir=long,dirlong_or_min60_pts20-r3,False,False,143,14998.0,1.681
orb_confirm-NQ-tf1|nyam|dir=long,dirlong_or_min60_pts30-r0,False,False,143,13373.0,0.863
orb_confirm-NQ-tf1|nyam|dir=long,dirlong_or_min60_pts30-r1,False,False,143,10513.0,1.467
orb_confirm-NQ-tf1|nyam|dir=long,dirlong_or_min60_pts30-r2,False,False,143,18178.0,1.731
orb_confirm-NQ-tf1|nyam|dir=long,dirlong_or_min60_pts30-r3,False,False,143,18368.0,1.441
orb_confirm-NQ-tf1|nyam|dir=long,dirlong_or_min60_pts45-r0,False,False,143,15718.0,0.884
orb_confirm-NQ-tf1|nyam|dir=long,dirlong_or_min60_pts45-r1,False,False,143,14678.0,1.375
orb_confirm-NQ-tf1|nyam|dir=long,dirlong_or_min60_pts45-r2,False,False,143,19783.0,1.351
orb_confirm-NQ-tf1|nyam|dir=long,dirlong_or_min60_pts45-r3,False,False,143,18108.0,1.088
orb_confirm-NQ-tf1|nyam|dir=long,dirlong_or_min60_pct0p1-r0,False,False,143,3368.0,0.31
orb_confirm-NQ-tf1|nyam|dir=long,dirlong_or_min60_pct0p1-r1,False,False,143,198.0,0.059
orb_confirm-NQ-tf1|nyam|dir=long,dirlong_or_min60_pct0p1-r2,False,False,143,4598.0,0.94
orb_confirm-NQ-tf1|nyam|dir=long,dirlong_or_min60_pct0p1-r3,False,False,143,6488.0,1.059
orb_confirm-NQ-tf1|nyam|dir=long,dirlong_or_min60_pct0p2-r0,False,False,143,11718.0,0.791
orb_confirm-NQ-tf1|nyam|dir=long,dirlong_or_min60_pct0p2-r1,False,False,143,8158.0,1.221
orb_confirm-NQ-tf1|nyam|dir=long,dirlong_or_min60_pct0p2-r2,False,False,143,12623.0,1.307
orb_confirm-NQ-tf1|nyam|dir=long,dirlong_or_min60_pct0p2-r3,False,False,143,19843.0,1.665
orb_confirm-NQ-tf1|nyam|dir=long,authon_dirlong_or_min15_struct1p5-r0,False,True,348,47328.0,1.078
orb_confirm-NQ-tf1|nyam|dir=long,authon_dirlong_or_min30_struct1p5-r0,False,True,270,54070.0,1.419
orb_confirm-NQ-tf1|nyam|dir=long,authon_dirlong_or_min60_struct1p5-r0,False,True,143,27823.0,1.14
orb_confirm-NQ-tf1|nyam|dir=short,dirshort_or_min15_atr1p5-r0,False,False,337,18957.0,0.62
orb_confirm-NQ-tf1|nyam|dir=short,dirshort_or_min15_atr1p5-r1,False,False,337,-11248.0,-1.106
orb_confirm-NQ-tf1|nyam|dir=short,dirshort_or_min15_atr1p5-r2,False,False,337,-22788.0,-1.657
orb_confirm-NQ-tf1|nyam|dir=short,dirshort_or_min15_atr1p5-r3,False,False,337,-17553.0,-1.039
orb_confirm-NQ-tf1|nyam|dir=short,dirshort_or_min15_atr3-r0,False,False,337,53522.0,1.328
orb_confirm-NQ-tf1|nyam|dir=short,dirshort_or_min15_atr3-r1,False,False,337,-7373.0,-0.364
orb_confirm-NQ-tf1|nyam|dir=short,dirshort_or_min15_atr3-r2,False,False,337,15732.0,0.553
orb_confirm-NQ-tf1|nyam|dir=short,dirshort_or_min15_atr3-r3,False,False,337,33937.0,0.997
orb_confirm-NQ-tf1|nyam|dir=short,dirshort_or_min15_pts10-r0,False,False,337,-12363.0,-0.74
orb_confirm-NQ-tf1|nyam|dir=short,dirshort_or_min15_pts10-r1,False,False,337,-8533.0,-2.3
orb_confirm-NQ-tf1|nyam|dir=short,dirshort_or_min15_pts10-r2,False,False,337,-10023.0,-1.971
orb_confirm-NQ-tf1|nyam|dir=short,dirshort_or_min15_pts10-r3,False,False,337,-11758.0,-1.928
orb_confirm-NQ-tf1|nyam|dir=short,dirshort_or_min15_pts20-r0,False,False,337,-3093.0,-0.126
orb_confirm-NQ-tf1|nyam|dir=short,dirshort_or_min15_pts20-r1,False,False,337,-9088.0,-1.229
orb_confirm-NQ-tf1|nyam|dir=short,dirshort_or_min15_pts20-r2,False,False,337,-17413.0,-1.72
orb_confirm-NQ-tf1|nyam|dir=short,dirshort_or_min15_pts20-r3,False,False,337,-23958.0,-1.991
orb_confirm-NQ-tf1|nyam|dir=short,dirshort_or_min15_pts30-r0,False,False,337,13297.0,0.435
orb_confirm-NQ-tf1|nyam|dir=short,dirshort_or_min15_pts30-r1,False,False,337,-6183.0,-0.559
orb_confirm-NQ-tf1|nyam|dir=short,dirshort_or_min15_pts30-r2,False,False,337,-13963.0,-0.909
orb_confirm-NQ-tf1|nyam|dir=short,dirshort_or_min15_pts30-r3,False,False,337,-22073.0,-1.206
orb_confirm-NQ-tf1|nyam|dir=short,dirshort_or_min15_pts45-r0,False,False,337,62042.0,1.649
orb_confirm-NQ-tf1|nyam|dir=short,dirshort_or_min15_pts45-r1,False,False,337,-2153.0,-0.131
orb_confirm-NQ-tf1|nyam|dir=short,dirshort_or_min15_pts45-r2,False,False,337,1132.0,0.05
orb_confirm-NQ-tf1|nyam|dir=short,dirshort_or_min15_pts45-r3,False,False,337,25807.0,0.932
orb_confirm-NQ-tf1|nyam|dir=short,dirshort_or_min15_pct0p1-r0,False,False,337,1787.0,0.085
orb_confirm-NQ-tf1|nyam|dir=short,dirshort_or_min15_pct0p1-r1,False,False,337,-6723.0,-1.307
orb_confirm-NQ-tf1|nyam|dir=short,dirshort_or_min15_pct0p1-r2,False,False,337,-11943.0,-1.689
orb_confirm-NQ-tf1|nyam|dir=short,dirshort_or_min15_pct0p1-r3,False,False,337,-12758.0,-1.488
orb_confirm-NQ-tf1|nyam|dir=short,dirshort_or_min15_pct0p2-r0,False,False,337,13087.0,0.448
orb_confirm-NQ-tf1|nyam|dir=short,dirshort_or_min15_pct0p2-r1,False,False,337,-1488.0,-0.145
orb_confirm-NQ-tf1|nyam|dir=short,dirshort_or_min15_pct0p2-r2,False,False,337,-8988.0,-0.629
orb_confirm-NQ-tf1|nyam|dir=short,dirshort_or_min15_pct0p2-r3,False,False,337,-13253.0,-0.766
orb_confirm-NQ-tf1|nyam|dir=short,dirshort_or_min30_atr1p5-r0,False,False,271,40361.0,1.48
orb_confirm-NQ-tf1|nyam|dir=short,dirshort_or_min30_atr1p5-r1,False,False,271,-2114.0,-0.232
orb_confirm-NQ-tf1|nyam|dir=short,dirshort_or_min30_atr1p5-r2,False,False,271,-7619.0,-0.607
orb_confirm-NQ-tf1|nyam|dir=short,dirshort_or_min30_atr1p5-r3,False,False,271,5561.0,0.354
orb_confirm-NQ-tf1|nyam|dir=short,dirshort_or_min30_atr3-r0,False,False,271,48376.0,1.372
orb_confirm-NQ-tf1|nyam|dir=short,dirshort_or_min30_atr3-r1,False,False,271,-5894.0,-0.325
orb_confirm-NQ-tf1|nyam|dir=short,dirshort_or_min30_atr3-r2,False,False,271,28441.0,1.107
orb_confirm-NQ-tf1|nyam|dir=short,dirshort_or_min30_atr3-r3,False,False,271,23616.0,0.804
orb_confirm-NQ-tf1|nyam|dir=short,dirshort_or_min30_pts10-r0,False,False,271,8831.0,0.523
orb_confirm-NQ-tf1|nyam|dir=short,dirshort_or_min30_pts10-r1,False,False,271,-3244.0,-0.971
orb_confirm-NQ-tf1|nyam|dir=short,dirshort_or_min30_pts10-r2,False,False,271,3186.0,0.663
orb_confirm-NQ-tf1|nyam|dir=short,dirshort_or_min30_pts10-r3,False,False,271,-359.0,-0.062
orb_confirm-NQ-tf1|nyam|dir=short,dirshort_or_min30_pts20-r0,False,False,271,12366.0,0.577
orb_confirm-NQ-tf1|nyam|dir=short,dirshort_or_min30_pts20-r1,False,False,271,-599.0,-0.09
orb_confirm-NQ-tf1|nyam|dir=short,dirshort_or_min30_pts20-r2,False,False,271,-7264.0,-0.785
orb_confirm-NQ-tf1|nyam|dir=short,dirshort_or_min30_pts20-r3,False,False,271,-149.0,-0.013
orb_confirm-NQ-tf1|nyam|dir=short,dirshort_or_min30_pts30-r0,False,False,271,20751.0,0.78
orb_confirm-NQ-tf1|nyam|dir=short,dirshort_or_min30_pts30-r1,False,False,271,-3349.0,-0.337
orb_confirm-NQ-tf1|nyam|dir=short,dirshort_or_min30_pts30-r2,False,False,271,-364.0,-0.026
orb_confirm-NQ-tf1|nyam|dir=short,dirshort_or_min30_pts30-r3,False,False,271,-1109.0,-0.065
orb_confirm-NQ-tf1|nyam|dir=short,dirshort_or_min30_pts45-r0,False,False,271,59526.0,1.783
orb_confirm-NQ-tf1|nyam|dir=short,dirshort_or_min30_pts45-r1,False,False,271,7506.0,0.508
orb_confirm-NQ-tf1|nyam|dir=short,dirshort_or_min30_pts45-r2,False,False,271,18091.0,0.866
orb_confirm-NQ-tf1|nyam|dir=short,dirshort_or_min30_pts45-r3,False,False,271,34921.0,1.395
orb_confirm-NQ-tf1|nyam|dir=short,dirshort_or_min30_pct0p1-r0,False,False,271,-924.0,-0.053
orb_confirm-NQ-tf1|nyam|dir=short,dirshort_or_min30_pct0p1-r1,False,False,271,-3409.0,-0.738
orb_confirm-NQ-tf1|nyam|dir=short,dirshort_or_min30_pct0p1-r2,False,False,271,-3384.0,-0.522
orb_confirm-NQ-tf1|nyam|dir=short,dirshort_or_min30_pct0p1-r3,False,False,271,-6289.0,-0.804
orb_confirm-NQ-tf1|nyam|dir=short,dirshort_or_min30_pct0p2-r0,False,False,271,24601.0,0.971
orb_confirm-NQ-tf1|nyam|dir=short,dirshort_or_min30_pct0p2-r1,False,False,271,3221.0,0.352
orb_confirm-NQ-tf1|nyam|dir=short,dirshort_or_min30_pct0p2-r2,False,False,271,-1394.0,-0.108
orb_confirm-NQ-tf1|nyam|dir=short,dirshort_or_min30_pct0p2-r3,False,False,271,12621.0,0.777
orb_confirm-NQ-tf1|nyam|dir=short,dirshort_or_min60_atr1p5-r0,False,False,156,-11274.0,-0.643
orb_confirm-NQ-tf1|nyam|dir=short,dirshort_or_min60_atr1p5-r1,False,False,156,-7009.0,-1.095
orb_confirm-NQ-tf1|nyam|dir=short,dirshort_or_min60_atr1p5-r2,False,False,156,-10984.0,-1.255
orb_confirm-NQ-tf1|nyam|dir=short,dirshort_or_min60_atr1p5-r3,False,False,156,-15329.0,-1.478
orb_confirm-NQ-tf1|nyam|dir=short,dirshort_or_min60_atr3-r0,False,False,156,-9904.0,-0.428
orb_confirm-NQ-tf1|nyam|dir=short,dirshort_or_min60_atr3-r1,False,False,156,5086.0,0.398
orb_confirm-NQ-tf1|nyam|dir=short,dirshort_or_min60_atr3-r2,False,False,156,2491.0,0.139
orb_confirm-NQ-tf1|nyam|dir=short,dirshort_or_min60_atr3-r3,False,False,156,-11879.0,-0.604
orb_confirm-NQ-tf1|nyam|dir=short,dirshort_or_min60_pts10-r0,False,False,156,-6969.0,-0.705
orb_confirm-NQ-tf1|nyam|dir=short,dirshort_or_min60_pts10-r1,False,False,156,-1864.0,-0.734
orb_confirm-NQ-tf1|nyam|dir=short,dirshort_or_min60_pts10-r2,False,False,156,-1189.0,-0.332
orb_confirm-NQ-tf1|nyam|dir=short,dirshort_or_min60_pts10-r3,False,False,156,-2864.0,-0.667
orb_confirm-NQ-tf1|nyam|dir=short,dirshort_or_min60_pts20-r0,False,False,156,-15469.0,-1.128
orb_confirm-NQ-tf1|nyam|dir=short,dirshort_or_min60_pts20-r1,False,False,156,-9094.0,-1.817
orb_confirm-NQ-tf1|nyam|dir=short,dirshort_or_min60_pts20-r2,False,False,156,-12029.0,-1.782
orb_confirm-NQ-tf1|nyam|dir=short,dirshort_or_min60_pts20-r3,False,False,156,-14089.0,-1.755
orb_confirm-NQ-tf1|nyam|dir=short,dirshort_or_min60_pts30-r0,False,False,156,-19419.0,-1.078
orb_confirm-NQ-tf1|nyam|dir=short,dirshort_or_min60_pts30-r1,False,False,156,-14304.0,-1.913
orb_confirm-NQ-tf1|nyam|dir=short,dirshort_or_min60_pts30-r2,False,False,156,-20824.0,-2.093
orb_confirm-NQ-tf1|nyam|dir=short,dirshort_or_min60_pts30-r3,False,False,156,-20854.0,-1.76
orb_confirm-NQ-tf1|nyam|dir=short,dirshort_or_min60_pts45-r0,False,False,156,16.0,0.001
orb_confirm-NQ-tf1|nyam|dir=short,dirshort_or_min60_pts45-r1,False,False,156,1406.0,0.125
orb_confirm-NQ-tf1|nyam|dir=short,dirshort_or_min60_pts45-r2,False,False,156,3576.0,0.23
orb_confirm-NQ-tf1|nyam|dir=short,dirshort_or_min60_pts45-r3,False,False,156,-10709.0,-0.632
orb_confirm-NQ-tf1|nyam|dir=short,dirshort_or_min60_pct0p1-r0,False,False,156,-8999.0,-0.8
orb_confirm-NQ-tf1|nyam|dir=short,dirshort_or_min60_pct0p1-r1,False,False,156,-5769.0,-1.674
orb_confirm-NQ-tf1|nyam|dir=short,dirshort_or_min60_pct0p1-r2,False,False,156,-5344.0,-1.123
orb_confirm-NQ-tf1|nyam|dir=short,dirshort_or_min60_pct0p1-r3,False,False,156,-5824.0,-1.013
orb_confirm-NQ-tf1|nyam|dir=short,dirshort_or_min60_pct0p2-r0,False,False,156,-14154.0,-0.797
orb_confirm-NQ-tf1|nyam|dir=short,dirshort_or_min60_pct0p2-r1,False,False,156,-11524.0,-1.686
orb_confirm-NQ-tf1|nyam|dir=short,dirshort_or_min60_pct0p2-r2,False,False,156,-11624.0,-1.235
orb_confirm-NQ-tf1|nyam|dir=short,dirshort_or_min60_pct0p2-r3,False,False,156,-14579.0,-1.29
orb_confirm-NQ-tf1|nyam|dir=short,authon_dirshort_or_min15_struct1p5-r0,False,True,337,33847.0,0.741
orb_confirm-NQ-tf1|nyam|dir=short,authon_dirshort_or_min30_struct1p5-r0,False,True,271,38941.0,0.949
orb_confirm-NQ-tf1|nyam|dir=short,authon_dirshort_or_min60_struct1p5-r0,False,True,156,786.0,0.026
orb_confirm-NQ-tf1|pm|dir=long,dirlong_or_min15_atr1p5-r0,False,False,320,-7280.0,-0.484
orb_confirm-NQ-tf1|pm|dir=long,dirlong_or_min15_atr1p5-r1,False,False,320,-7935.0,-1.42
orb_confirm-NQ-tf1|pm|dir=long,dirlong_or_min15_atr1p5-r2,False,False,320,-13715.0,-1.863
orb_confirm-NQ-tf1|pm|dir=long,dirlong_or_min15_atr1p5-r3,False,False,320,-12320.0,-1.409
orb_confirm-NQ-tf1|pm|dir=long,dirlong_or_min15_atr3-r0,False,False,320,26320.0,1.205
orb_confirm-NQ-tf1|pm|dir=long,dirlong_or_min15_atr3-r1,False,False,320,4550.0,0.417
orb_confirm-NQ-tf1|pm|dir=long,dirlong_or_min15_atr3-r2,False,False,320,13170.0,0.869
orb_confirm-NQ-tf1|pm|dir=long,dirlong_or_min15_atr3-r3,False,False,320,25085.0,1.42
orb_confirm-NQ-tf1|pm|dir=long,dirlong_or_min15_pts10-r0,False,False,320,11750.0,0.827
orb_confirm-NQ-tf1|pm|dir=long,dirlong_or_min15_pts10-r1,False,False,320,-1725.0,-0.475
orb_confirm-NQ-tf1|pm|dir=long,dirlong_or_min15_pts10-r2,False,False,320,35.0,0.007
orb_confirm-NQ-tf1|pm|dir=long,dirlong_or_min15_pts10-r3,False,False,320,240.0,0.038
orb_confirm-NQ-tf1|pm|dir=long,dirlong_or_min15_pts20-r0,False,False,320,12555.0,0.748
orb_confirm-NQ-tf1|pm|dir=long,dirlong_or_min15_pts20-r1,False,False,320,6195.0,0.865
orb_confirm-NQ-tf1|pm|dir=long,dirlong_or_min15_pts20-r2,False,False,320,9115.0,0.907
orb_confirm-NQ-tf1|pm|dir=long,dirlong_or_min15_pts20-r3,False,False,320,10400.0,0.87
orb_confirm-NQ-tf1|pm|dir=long,dirlong_or_min15_pts30-r0,False,False,320,15845.0,0.843
orb_confirm-NQ-tf1|pm|dir=long,dirlong_or_min15_pts30-r1,False,False,320,8645.0,0.83
orb_confirm-NQ-tf1|pm|dir=long,dirlong_or_min15_pts30-r2,False,False,320,15325.0,1.095
orb_confirm-NQ-tf1|pm|dir=long,dirlong_or_min15_pts30-r3,False,False,320,12805.0,0.809
orb_confirm-NQ-tf1|pm|dir=long,dirlong_or_min15_pts45-r0,False,False,320,67825.0,2.977
orb_confirm-NQ-tf1|pm|dir=long,dirlong_or_min15_pts45-r1,False,False,320,41455.0,2.916
orb_confirm-NQ-tf1|pm|dir=long,dirlong_or_min15_pts45-r2,False,False,320,59945.0,3.281
orb_confirm-NQ-tf1|pm|dir=long,dirlong_or_min15_pts45-r3,False,False,320,61075.0,3.114
orb_confirm-NQ-tf1|pm|dir=long,dirlong_or_min15_pct0p1-r0,False,False,320,4760.0,0.319
orb_confirm-NQ-tf1|pm|dir=long,dirlong_or_min15_pct0p1-r1,False,False,320,-3260.0,-0.648
orb_confirm-NQ-tf1|pm|dir=long,dirlong_or_min15_pct0p1-r2,False,False,320,-2090.0,-0.301
orb_confirm-NQ-tf1|pm|dir=long,dirlong_or_min15_pct0p1-r3,False,False,320,1525.0,0.182
orb_confirm-NQ-tf1|pm|dir=long,dirlong_or_min15_pct0p2-r0,False,False,320,17790.0,0.969
orb_confirm-NQ-tf1|pm|dir=long,dirlong_or_min15_pct0p2-r1,False,False,320,7905.0,0.822
orb_confirm-NQ-tf1|pm|dir=long,dirlong_or_min15_pct0p2-r2,False,False,320,14980.0,1.174
orb_confirm-NQ-tf1|pm|dir=long,dirlong_or_min15_pct0p2-r3,False,False,320,16495.0,1.133
orb_confirm-NQ-tf1|pm|dir=long,dirlong_or_min30_atr1p5-r0,False,False,306,-7484.0,-0.513
orb_confirm-NQ-tf1|pm|dir=long,dirlong_or_min30_atr1p5-r1,False,False,306,-8799.0,-1.605
orb_confirm-NQ-tf1|pm|dir=long,dirlong_or_min30_atr1p5-r2,False,False,306,-14299.0,-1.984
orb_confirm-NQ-tf1|pm|dir=long,dirlong_or_min30_atr1p5-r3,False,False,306,-10899.0,-1.271
orb_confirm-NQ-tf1|pm|dir=long,dirlong_or_min30_atr3-r0,False,False,306,25621.0,1.205
orb_confirm-NQ-tf1|pm|dir=long,dirlong_or_min30_atr3-r1,False,False,306,3226.0,0.306
orb_confirm-NQ-tf1|pm|dir=long,dirlong_or_min30_atr3-r2,False,False,306,13091.0,0.897
orb_confirm-NQ-tf1|pm|dir=long,dirlong_or_min30_atr3-r3,False,False,306,25801.0,1.51
orb_confirm-NQ-tf1|pm|dir=long,dirlong_or_min30_pts10-r0,False,False,306,4331.0,0.332
orb_confirm-NQ-tf1|pm|dir=long,dirlong_or_min30_pts10-r1,False,False,306,-3269.0,-0.921
orb_confirm-NQ-tf1|pm|dir=long,dirlong_or_min30_pts10-r2,False,False,306,-1484.0,-0.297
orb_confirm-NQ-tf1|pm|dir=long,dirlong_or_min30_pts10-r3,False,False,306,-549.0,-0.09
orb_confirm-NQ-tf1|pm|dir=long,dirlong_or_min30_pts20-r0,False,False,306,8501.0,0.528
orb_confirm-NQ-tf1|pm|dir=long,dirlong_or_min30_pts20-r1,False,False,306,3846.0,0.55
orb_confirm-NQ-tf1|pm|dir=long,dirlong_or_min30_pts20-r2,False,False,306,11556.0,1.169
orb_confirm-NQ-tf1|pm|dir=long,dirlong_or_min30_pts20-r3,False,False,306,11086.0,0.949
orb_confirm-NQ-tf1|pm|dir=long,dirlong_or_min30_pts30-r0,False,False,306,16026.0,0.877
orb_confirm-NQ-tf1|pm|dir=long,dirlong_or_min30_pts30-r1,False,False,306,6506.0,0.639
orb_confirm-NQ-tf1|pm|dir=long,dirlong_or_min30_pts30-r2,False,False,306,18381.0,1.343
orb_confirm-NQ-tf1|pm|dir=long,dirlong_or_min30_pts30-r3,False,False,306,13856.0,0.898
orb_confirm-NQ-tf1|pm|dir=long,dirlong_or_min30_pts45-r0,False,False,306,64771.0,2.908
orb_confirm-NQ-tf1|pm|dir=long,dirlong_or_min30_pts45-r1,False,False,306,41016.0,2.957
orb_confirm-NQ-tf1|pm|dir=long,dirlong_or_min30_pts45-r2,False,False,306,57761.0,3.243
orb_confirm-NQ-tf1|pm|dir=long,dirlong_or_min30_pts45-r3,False,False,306,58456.0,3.056
orb_confirm-NQ-tf1|pm|dir=long,dirlong_or_min30_pct0p1-r0,False,False,306,2911.0,0.203
orb_confirm-NQ-tf1|pm|dir=long,dirlong_or_min30_pct0p1-r1,False,False,306,-3309.0,-0.673
orb_confirm-NQ-tf1|pm|dir=long,dirlong_or_min30_pct0p1-r2,False,False,306,56.0,0.008
orb_confirm-NQ-tf1|pm|dir=long,dirlong_or_min30_pct0p1-r3,False,False,306,3406.0,0.413
orb_confirm-NQ-tf1|pm|dir=long,dirlong_or_min30_pct0p2-r0,False,False,306,14801.0,0.836
orb_confirm-NQ-tf1|pm|dir=long,dirlong_or_min30_pct0p2-r1,False,False,306,4921.0,0.523
orb_confirm-NQ-tf1|pm|dir=long,dirlong_or_min30_pct0p2-r2,False,False,306,16701.0,1.331
orb_confirm-NQ-tf1|pm|dir=long,dirlong_or_min30_pct0p2-r3,False,False,306,10866.0,0.755
orb_confirm-NQ-tf1|pm|dir=long,dirlong_or_min60_atr1p5-r0,False,False,280,-11410.0,-0.819
orb_confirm-NQ-tf1|pm|dir=long,dirlong_or_min60_atr1p5-r1,False,False,280,-11640.0,-2.182
orb_confirm-NQ-tf1|pm|dir=long,dirlong_or_min60_atr1p5-r2,False,False,280,-12255.0,-1.729
orb_confirm-NQ-tf1|pm|dir=long,dirlong_or_min60_atr1p5-r3,False,False,280,-15835.0,-1.995
orb_confirm-NQ-tf1|pm|dir=long,dirlong_or_min60_atr3-r0,False,False,280,24710.0,1.187
orb_confirm-NQ-tf1|pm|dir=long,dirlong_or_min60_atr3-r1,False,False,280,4120.0,0.395
orb_confirm-NQ-tf1|pm|dir=long,dirlong_or_min60_atr3-r2,False,False,280,9585.0,0.673
orb_confirm-NQ-tf1|pm|dir=long,dirlong_or_min60_atr3-r3,False,False,280,22390.0,1.346
orb_confirm-NQ-tf1|pm|dir=long,dirlong_or_min60_pts10-r0,False,False,280,575.0,0.046
orb_confirm-NQ-tf1|pm|dir=long,dirlong_or_min60_pts10-r1,False,False,280,-1470.0,-0.433
orb_confirm-NQ-tf1|pm|dir=long,dirlong_or_min60_pts10-r2,False,False,280,-1840.0,-0.385
orb_confirm-NQ-tf1|pm|dir=long,dirlong_or_min60_pts10-r3,False,False,280,-975.0,-0.167
orb_confirm-NQ-tf1|pm|dir=long,dirlong_or_min60_pts20-r0,False,False,280,8185.0,0.528
orb_confirm-NQ-tf1|pm|dir=long,dirlong_or_min60_pts20-r1,False,False,280,4225.0,0.63
orb_confirm-NQ-tf1|pm|dir=long,dirlong_or_min60_pts20-r2,False,False,280,10155.0,1.076
orb_confirm-NQ-tf1|pm|dir=long,dirlong_or_min60_pts20-r3,False,False,280,15505.0,1.368
orb_confirm-NQ-tf1|pm|dir=long,dirlong_or_min60_pts30-r0,False,False,280,15070.0,0.861
orb_confirm-NQ-tf1|pm|dir=long,dirlong_or_min60_pts30-r1,False,False,280,5650.0,0.578
orb_confirm-NQ-tf1|pm|dir=long,dirlong_or_min60_pts30-r2,False,False,280,18290.0,1.396
orb_confirm-NQ-tf1|pm|dir=long,dirlong_or_min60_pts30-r3,False,False,280,8740.0,0.606
orb_confirm-NQ-tf1|pm|dir=long,dirlong_or_min60_pts45-r0,False,False,280,59230.0,2.774
orb_confirm-NQ-tf1|pm|dir=long,dirlong_or_min60_pts45-r1,False,False,280,35885.0,2.694
orb_confirm-NQ-tf1|pm|dir=long,dirlong_or_min60_pts45-r2,False,False,280,48730.0,2.897
orb_confirm-NQ-tf1|pm|dir=long,dirlong_or_min60_pts45-r3,False,False,280,46795.0,2.614
orb_confirm-NQ-tf1|pm|dir=long,dirlong_or_min60_pct0p1-r0,False,False,280,-1090.0,-0.079
orb_confirm-NQ-tf1|pm|dir=long,dirlong_or_min60_pct0p1-r1,False,False,280,-2735.0,-0.58
orb_confirm-NQ-tf1|pm|dir=long,dirlong_or_min60_pct0p1-r2,False,False,280,-2915.0,-0.448
orb_confirm-NQ-tf1|pm|dir=long,dirlong_or_min60_pct0p1-r3,False,False,280,-995.0,-0.128
orb_confirm-NQ-tf1|pm|dir=long,dirlong_or_min60_pct0p2-r0,False,False,280,16690.0,0.976
orb_confirm-NQ-tf1|pm|dir=long,dirlong_or_min60_pct0p2-r1,False,False,280,6980.0,0.776
orb_confirm-NQ-tf1|pm|dir=long,dirlong_or_min60_pct0p2-r2,False,False,280,18420.0,1.531
orb_confirm-NQ-tf1|pm|dir=long,dirlong_or_min60_pct0p2-r3,False,False,280,12260.0,0.889
orb_confirm-NQ-tf1|pm|dir=long,authon_dirlong_or_min15_struct1p5-r0,False,True,312,64487.0,2.75
orb_confirm-NQ-tf1|pm|dir=long,authon_dirlong_or_min30_struct1p5-r0,False,True,292,62422.0,2.703
orb_confirm-NQ-tf1|pm|dir=long,authon_dirlong_or_min60_struct1p5-r0,False,True,268,66968.0,2.861
orb_confirm-NQ-tf1|pm|dir=short,dirshort_or_min15_atr1p5-r0,False,False,302,-7918.0,-0.501
orb_confirm-NQ-tf1|pm|dir=short,dirshort_or_min15_atr1p5-r1,False,False,302,-14088.0,-2.142
orb_confirm-NQ-tf1|pm|dir=short,dirshort_or_min15_atr1p5-r2,False,False,302,-17708.0,-1.992
orb_confirm-NQ-tf1|pm|dir=short,dirshort_or_min15_atr1p5-r3,False,False,302,-17623.0,-1.612
orb_confirm-NQ-tf1|pm|dir=short,dirshort_or_min15_atr3-r0,False,False,302,20982.0,0.903
orb_confirm-NQ-tf1|pm|dir=short,dirshort_or_min15_atr3-r1,False,False,302,-6673.0,-0.516
orb_confirm-NQ-tf1|pm|dir=short,dirshort_or_min15_atr3-r2,False,False,302,-7208.0,-0.405
orb_confirm-NQ-tf1|pm|dir=short,dirshort_or_min15_atr3-r3,False,False,302,2842.0,0.144
orb_confirm-NQ-tf1|pm|dir=short,dirshort_or_min15_pts10-r0,False,False,302,6832.0,0.566
orb_confirm-NQ-tf1|pm|dir=short,dirshort_or_min15_pts10-r1,False,False,302,-98.0,-0.028
orb_confirm-NQ-tf1|pm|dir=short,dirshort_or_min15_pts10-r2,False,False,302,-563.0,-0.113
orb_confirm-NQ-tf1|pm|dir=short,dirshort_or_min15_pts10-r3,False,False,302,-8948.0,-1.536
orb_confirm-NQ-tf1|pm|dir=short,dirshort_or_min15_pts20-r0,False,False,302,6267.0,0.358
orb_confirm-NQ-tf1|pm|dir=short,dirshort_or_min15_pts20-r1,False,False,302,-3143.0,-0.45
orb_confirm-NQ-tf1|pm|dir=short,dirshort_or_min15_pts20-r2,False,False,302,-15598.0,-1.645
orb_confirm-NQ-tf1|pm|dir=short,dirshort_or_min15_pts20-r3,False,False,302,-13903.0,-1.22
orb_confirm-NQ-tf1|pm|dir=short,dirshort_or_min15_pts30-r0,False,False,302,17587.0,0.811
orb_confirm-NQ-tf1|pm|dir=short,dirshort_or_min15_pts30-r1,False,False,302,-12473.0,-1.206
orb_confirm-NQ-tf1|pm|dir=short,dirshort_or_min15_pts30-r2,False,False,302,-17893.0,-1.298
orb_confirm-NQ-tf1|pm|dir=short,dirshort_or_min15_pts30-r3,False,False,302,-783.0,-0.048
orb_confirm-NQ-tf1|pm|dir=short,dirshort_or_min15_pts45-r0,False,False,302,21272.0,0.879
orb_confirm-NQ-tf1|pm|dir=short,dirshort_or_min15_pts45-r1,False,False,302,-15723.0,-1.065
orb_confirm-NQ-tf1|pm|dir=short,dirshort_or_min15_pts45-r2,False,False,302,2417.0,0.125
orb_confirm-NQ-tf1|pm|dir=short,dirshort_or_min15_pts45-r3,False,False,302,13252.0,0.602
orb_confirm-NQ-tf1|pm|dir=short,dirshort_or_min15_pct0p1-r0,False,False,302,4882.0,0.353
orb_confirm-NQ-tf1|pm|dir=short,dirshort_or_min15_pct0p1-r1,False,False,302,-1858.0,-0.384
orb_confirm-NQ-tf1|pm|dir=short,dirshort_or_min15_pct0p1-r2,False,False,302,-6838.0,-1.019
orb_confirm-NQ-tf1|pm|dir=short,dirshort_or_min15_pct0p1-r3,False,False,302,-8743.0,-1.082
orb_confirm-NQ-tf1|pm|dir=short,dirshort_or_min15_pct0p2-r0,False,False,302,1562.0,0.079
orb_confirm-NQ-tf1|pm|dir=short,dirshort_or_min15_pct0p2-r1,False,False,302,-18858.0,-1.991
orb_confirm-NQ-tf1|pm|dir=short,dirshort_or_min15_pct0p2-r2,False,False,302,-27268.0,-2.187
orb_confirm-NQ-tf1|pm|dir=short,dirshort_or_min15_pct0p2-r3,False,False,302,-11483.0,-0.757
orb_confirm-NQ-tf1|pm|dir=short,dirshort_or_min30_atr1p5-r0,False,False,282,-4453.0,-0.287
orb_confirm-NQ-tf1|pm|dir=short,dirshort_or_min30_atr1p5-r1,False,False,282,-14163.0,-2.203
orb_confirm-NQ-tf1|pm|dir=short,dirshort_or_min30_atr1p5-r2,False,False,282,-12618.0,-1.428
orb_confirm-NQ-tf1|pm|dir=short,dirshort_or_min30_atr1p5-r3,False,False,282,-14313.0,-1.327
orb_confirm-NQ-tf1|pm|dir=short,dirshort_or_min30_atr3-r0,False,False,282,25057.0,1.103
orb_confirm-NQ-tf1|pm|dir=short,dirshort_or_min30_atr3-r1,False,False,282,-968.0,-0.077
orb_confirm-NQ-tf1|pm|dir=short,dirshort_or_min30_atr3-r2,False,False,282,1767.0,0.1
orb_confirm-NQ-tf1|pm|dir=short,dirshort_or_min30_atr3-r3,False,False,282,9207.0,0.475
orb_confirm-NQ-tf1|pm|dir=short,dirshort_or_min30_pts10-r0,False,False,282,7212.0,0.617
orb_confirm-NQ-tf1|pm|dir=short,dirshort_or_min30_pts10-r1,False,False,282,-1603.0,-0.47
orb_confirm-NQ-tf1|pm|dir=short,dirshort_or_min30_pts10-r2,False,False,282,-2453.0,-0.512
orb_confirm-NQ-tf1|pm|dir=short,dirshort_or_min30_pts10-r3,False,False,282,-6543.0,-1.15
orb_confirm-NQ-tf1|pm|dir=short,dirshort_or_min30_pts20-r0,False,False,282,11177.0,0.653
orb_confirm-NQ-tf1|pm|dir=short,dirshort_or_min30_pts20-r1,False,False,282,-568.0,-0.084
orb_confirm-NQ-tf1|pm|dir=short,dirshort_or_min30_pts20-r2,False,False,282,-5833.0,-0.623
orb_confirm-NQ-tf1|pm|dir=short,dirshort_or_min30_pts20-r3,False,False,282,-6073.0,-0.539
orb_confirm-NQ-tf1|pm|dir=short,dirshort_or_min30_pts30-r0,False,False,282,22752.0,1.073
orb_confirm-NQ-tf1|pm|dir=short,dirshort_or_min30_pts30-r1,False,False,282,-5213.0,-0.521
orb_confirm-NQ-tf1|pm|dir=short,dirshort_or_min30_pts30-r2,False,False,282,-7278.0,-0.534
orb_confirm-NQ-tf1|pm|dir=short,dirshort_or_min30_pts30-r3,False,False,282,8107.0,0.499
orb_confirm-NQ-tf1|pm|dir=short,dirshort_or_min30_pts45-r0,False,False,282,19917.0,0.846
orb_confirm-NQ-tf1|pm|dir=short,dirshort_or_min30_pts45-r1,False,False,282,-11813.0,-0.827
orb_confirm-NQ-tf1|pm|dir=short,dirshort_or_min30_pts45-r2,False,False,282,3207.0,0.171
orb_confirm-NQ-tf1|pm|dir=short,dirshort_or_min30_pts45-r3,False,False,282,12627.0,0.591
orb_confirm-NQ-tf1|pm|dir=short,dirshort_or_min30_pct0p1-r0,False,False,282,4407.0,0.328
orb_confirm-NQ-tf1|pm|dir=short,dirshort_or_min30_pct0p1-r1,False,False,282,-1753.0,-0.374
orb_confirm-NQ-tf1|pm|dir=short,dirshort_or_min30_pct0p1-r2,False,False,282,-3508.0,-0.534
orb_confirm-NQ-tf1|pm|dir=short,dirshort_or_min30_pct0p1-r3,False,False,282,-2163.0,-0.27
orb_confirm-NQ-tf1|pm|dir=short,dirshort_or_min30_pct0p2-r0,False,False,282,7552.0,0.392
orb_confirm-NQ-tf1|pm|dir=short,dirshort_or_min30_pct0p2-r1,False,False,282,-10343.0,-1.122
orb_confirm-NQ-tf1|pm|dir=short,dirshort_or_min30_pct0p2-r2,False,False,282,-13078.0,-1.05
orb_confirm-NQ-tf1|pm|dir=short,dirshort_or_min30_pct0p2-r3,False,False,282,-4788.0,-0.322
orb_confirm-NQ-tf1|pm|dir=short,dirshort_or_min60_atr1p5-r0,False,False,253,-4097.0,-0.277
orb_confirm-NQ-tf1|pm|dir=short,dirshort_or_min60_atr1p5-r1,False,False,253,-7372.0,-1.216
orb_confirm-NQ-tf1|pm|dir=short,dirshort_or_min60_atr1p5-r2,False,False,253,-10482.0,-1.243
orb_confirm-NQ-tf1|pm|dir=short,dirshort_or_min60_atr1p5-r3,False,False,253,-5447.0,-0.514
orb_confirm-NQ-tf1|pm|dir=short,dirshort_or_min60_atr3-r0,False,False,253,19293.0,0.898
orb_confirm-NQ-tf1|pm|dir=short,dirshort_or_min60_atr3-r1,False,False,253,108.0,0.009
orb_confirm-NQ-tf1|pm|dir=short,dirshort_or_min60_atr3-r2,False,False,253,5008.0,0.298
orb_confirm-NQ-tf1|pm|dir=short,dirshort_or_min60_atr3-r3,False,False,253,1153.0,0.065
orb_confirm-NQ-tf1|pm|dir=short,dirshort_or_min60_pts10-r0,False,False,253,-3797.0,-0.371
orb_confirm-NQ-tf1|pm|dir=short,dirshort_or_min60_pts10-r1,False,False,253,-1977.0,-0.613
orb_confirm-NQ-tf1|pm|dir=short,dirshort_or_min60_pts10-r2,False,False,253,-4317.0,-0.965
orb_confirm-NQ-tf1|pm|dir=short,dirshort_or_min60_pts10-r3,False,False,253,-10262.0,-1.976
orb_confirm-NQ-tf1|pm|dir=short,dirshort_or_min60_pts20-r0,False,False,253,2738.0,0.171
orb_confirm-NQ-tf1|pm|dir=short,dirshort_or_min60_pts20-r1,False,False,253,-4167.0,-0.654
orb_confirm-NQ-tf1|pm|dir=short,dirshort_or_min60_pts20-r2,False,False,253,-9027.0,-1.033
orb_confirm-NQ-tf1|pm|dir=short,dirshort_or_min60_pts20-r3,False,False,253,-5907.0,-0.559
orb_confirm-NQ-tf1|pm|dir=short,dirshort_or_min60_pts30-r0,False,False,253,16113.0,0.803
orb_confirm-NQ-tf1|pm|dir=short,dirshort_or_min60_pts30-r1,False,False,253,-4952.0,-0.526
orb_confirm-NQ-tf1|pm|dir=short,dirshort_or_min60_pts30-r2,False,False,253,-1722.0,-0.133
orb_confirm-NQ-tf1|pm|dir=short,dirshort_or_min60_pts30-r3,False,False,253,5793.0,0.377
orb_confirm-NQ-tf1|pm|dir=short,dirshort_or_min60_pts45-r0,False,False,253,20803.0,0.924
orb_confirm-NQ-tf1|pm|dir=short,dirshort_or_min60_pts45-r1,False,False,253,-6312.0,-0.467
orb_confirm-NQ-tf1|pm|dir=short,dirshort_or_min60_pts45-r2,False,False,253,7258.0,0.408
orb_confirm-NQ-tf1|pm|dir=short,dirshort_or_min60_pts45-r3,False,False,253,11078.0,0.554
orb_confirm-NQ-tf1|pm|dir=short,dirshort_or_min60_pct0p1-r0,False,False,253,-4267.0,-0.349
orb_confirm-NQ-tf1|pm|dir=short,dirshort_or_min60_pct0p1-r1,False,False,253,-3497.0,-0.789
orb_confirm-NQ-tf1|pm|dir=short,dirshort_or_min60_pct0p1-r2,False,False,253,-8902.0,-1.475
orb_confirm-NQ-tf1|pm|dir=short,dirshort_or_min60_pct0p1-r3,False,False,253,-7367.0,-1.002
orb_confirm-NQ-tf1|pm|dir=short,dirshort_or_min60_pct0p2-r0,False,False,253,1163.0,0.065
orb_confirm-NQ-tf1|pm|dir=short,dirshort_or_min60_pct0p2-r1,False,False,253,-11607.0,-1.337
orb_confirm-NQ-tf1|pm|dir=short,dirshort_or_min60_pct0p2-r2,False,False,253,-8872.0,-0.752
orb_confirm-NQ-tf1|pm|dir=short,dirshort_or_min60_pct0p2-r3,False,False,253,-4957.0,-0.354
orb_confirm-NQ-tf1|pm|dir=short,authon_dirshort_or_min15_struct1p5-r0,False,True,294,-4516.0,-0.165
orb_confirm-NQ-tf1|pm|dir=short,authon_dirshort_or_min30_struct1p5-r0,False,True,273,-287.0,-0.011
orb_confirm-NQ-tf1|pm|dir=short,authon_dirshort_or_min60_struct1p5-r0,False,True,243,-2677.0,-0.104
orb_confirm-NQ-tf5|mid|dir=long,dirlong_or_min15_atr1p5-r0,False,False,310,68000.0,2.234
orb_confirm-NQ-tf5|mid|dir=long,dirlong_or_min15_atr1p5-r1,False,False,310,16445.0,1.022
orb_confirm-NQ-tf5|mid|dir=long,dirlong_or_min15_atr1p5-r2,False,False,310,43415.0,1.908
orb_confirm-NQ-tf5|mid|dir=long,dirlong_or_min15_atr1p5-r3,False,False,310,58560.0,2.175
orb_confirm-NQ-tf5|mid|dir=long,dirlong_or_min15_atr3-r0,False,False,310,66135.0,1.862
orb_confirm-NQ-tf5|mid|dir=long,dirlong_or_min15_atr3-r1,False,False,310,63560.0,2.222
orb_confirm-NQ-tf5|mid|dir=long,dirlong_or_min15_atr3-r2,False,False,310,70450.0,2.039
orb_confirm-NQ-tf5|mid|dir=long,dirlong_or_min15_atr3-r3,False,False,310,75815.0,2.117
orb_confirm-NQ-tf5|mid|dir=long,dirlong_or_min15_pts10-r0,False,False,310,19850.0,1.206
orb_confirm-NQ-tf5|mid|dir=long,dirlong_or_min15_pts10-r1,False,False,310,-6510.0,-1.826
orb_confirm-NQ-tf5|mid|dir=long,dirlong_or_min15_pts10-r2,False,False,310,-6165.0,-1.246
orb_confirm-NQ-tf5|mid|dir=long,dirlong_or_min15_pts10-r3,False,False,310,-5280.0,-0.872
orb_confirm-NQ-tf5|mid|dir=long,dirlong_or_min15_pts20-r0,False,False,310,28575.0,1.326
orb_confirm-NQ-tf5|mid|dir=long,dirlong_or_min15_pts20-r1,False,False,310,3580.0,0.505
orb_confirm-NQ-tf5|mid|dir=long,dirlong_or_min15_pts20-r2,False,False,310,10215.0,1.0
orb_confirm-NQ-tf5|mid|dir=long,dirlong_or_min15_pts20-r3,False,False,310,3715.0,0.301
orb_confirm-NQ-tf5|mid|dir=long,dirlong_or_min15_pts30-r0,False,False,310,53870.0,2.037
orb_confirm-NQ-tf5|mid|dir=long,dirlong_or_min15_pts30-r1,False,False,310,12075.0,1.141
orb_confirm-NQ-tf5|mid|dir=long,dirlong_or_min15_pts30-r2,False,False,310,16580.0,1.101
orb_confirm-NQ-tf5|mid|dir=long,dirlong_or_min15_pts30-r3,False,False,310,25400.0,1.374
orb_confirm-NQ-tf5|mid|dir=long,dirlong_or_min15_pts45-r0,False,False,310,72180.0,2.432
orb_confirm-NQ-tf5|mid|dir=long,dirlong_or_min15_pts45-r1,False,False,310,29820.0,1.923
orb_confirm-NQ-tf5|mid|dir=long,dirlong_or_min15_pts45-r2,False,False,310,42145.0,1.934
orb_confirm-NQ-tf5|mid|dir=long,dirlong_or_min15_pts45-r3,False,False,310,64010.0,2.516
orb_confirm-NQ-tf5|mid|dir=long,dirlong_or_min15_pct0p1-r0,False,False,310,32830.0,1.712
orb_confirm-NQ-tf5|mid|dir=long,dirlong_or_min15_pct0p1-r1,False,False,310,-120.0,-0.024
orb_confirm-NQ-tf5|mid|dir=long,dirlong_or_min15_pct0p1-r2,False,False,310,-90.0,-0.013
orb_confirm-NQ-tf5|mid|dir=long,dirlong_or_min15_pct0p1-r3,False,False,310,8985.0,1.01
orb_confirm-NQ-tf5|mid|dir=long,dirlong_or_min15_pct0p2-r0,False,False,310,47510.0,1.844
orb_confirm-NQ-tf5|mid|dir=long,dirlong_or_min15_pct0p2-r1,False,False,310,8465.0,0.862
orb_confirm-NQ-tf5|mid|dir=long,dirlong_or_min15_pct0p2-r2,False,False,310,21215.0,1.512
orb_confirm-NQ-tf5|mid|dir=long,dirlong_or_min15_pct0p2-r3,False,False,310,16785.0,1.009
orb_confirm-NQ-tf5|mid|dir=long,dirlong_or_min30_atr1p5-r0,False,False,286,59691.0,2.058
orb_confirm-NQ-tf5|mid|dir=long,dirlong_or_min30_atr1p5-r1,False,False,286,11531.0,0.748
orb_confirm-NQ-tf5|mid|dir=long,dirlong_or_min30_atr1p5-r2,False,False,286,37986.0,1.737
orb_confirm-NQ-tf5|mid|dir=long,dirlong_or_min30_atr1p5-r3,False,False,286,50556.0,1.954
orb_confirm-NQ-tf5|mid|dir=long,dirlong_or_min30_atr3-r0,False,False,286,54966.0,1.631
orb_confirm-NQ-tf5|mid|dir=long,dirlong_or_min30_atr3-r1,False,False,286,56481.0,2.085
orb_confirm-NQ-tf5|mid|dir=long,dirlong_or_min30_atr3-r2,False,False,286,56076.0,1.726
orb_confirm-NQ-tf5|mid|dir=long,dirlong_or_min30_atr3-r3,False,False,286,64526.0,1.898
orb_confirm-NQ-tf5|mid|dir=long,dirlong_or_min30_pts10-r0,False,False,286,20501.0,1.324
orb_confirm-NQ-tf5|mid|dir=long,dirlong_or_min30_pts10-r1,False,False,286,-7974.0,-2.336
orb_confirm-NQ-tf5|mid|dir=long,dirlong_or_min30_pts10-r2,False,False,286,-7799.0,-1.659
orb_confirm-NQ-tf5|mid|dir=long,dirlong_or_min30_pts10-r3,False,False,286,-5894.0,-1.02
orb_confirm-NQ-tf5|mid|dir=long,dirlong_or_min30_pts20-r0,False,False,286,31026.0,1.524
orb_confirm-NQ-tf5|mid|dir=long,dirlong_or_min30_pts20-r1,False,False,286,-294.0,-0.043
orb_confirm-NQ-tf5|mid|dir=long,dirlong_or_min30_pts20-r2,False,False,286,5566.0,0.571
orb_confirm-NQ-tf5|mid|dir=long,dirlong_or_min30_pts20-r3,False,False,286,6171.0,0.516
orb_confirm-NQ-tf5|mid|dir=long,dirlong_or_min30_pts30-r0,False,False,286,43241.0,1.749
orb_confirm-NQ-tf5|mid|dir=long,dirlong_or_min30_pts30-r1,False,False,286,11476.0,1.131
orb_confirm-NQ-tf5|mid|dir=long,dirlong_or_min30_pts30-r2,False,False,286,13036.0,0.903
orb_confirm-NQ-tf5|mid|dir=long,dirlong_or_min30_pts30-r3,False,False,286,20471.0,1.18
orb_confirm-NQ-tf5|mid|dir=long,dirlong_or_min30_pts45-r0,False,False,286,53511.0,1.89
orb_confirm-NQ-tf5|mid|dir=long,dirlong_or_min30_pts45-r1,False,False,286,25086.0,1.685
orb_confirm-NQ-tf5|mid|dir=long,dirlong_or_min30_pts45-r2,False,False,286,24201.0,1.166
orb_confirm-NQ-tf5|mid|dir=long,dirlong_or_min30_pts45-r3,False,False,286,49876.0,2.044
orb_confirm-NQ-tf5|mid|dir=long,dirlong_or_min30_pct0p1-r0,False,False,286,29951.0,1.658
orb_confirm-NQ-tf5|mid|dir=long,dirlong_or_min30_pct0p1-r1,False,False,286,-5529.0,-1.161
orb_confirm-NQ-tf5|mid|dir=long,dirlong_or_min30_pct0p1-r2,False,False,286,-3669.0,-0.549
orb_confirm-NQ-tf5|mid|dir=long,dirlong_or_min30_pct0p1-r3,False,False,286,6911.0,0.81
orb_confirm-NQ-tf5|mid|dir=long,dirlong_or_min30_pct0p2-r0,False,False,286,42121.0,1.742
orb_confirm-NQ-tf5|mid|dir=long,dirlong_or_min30_pct0p2-r1,False,False,286,6771.0,0.716
orb_confirm-NQ-tf5|mid|dir=long,dirlong_or_min30_pct0p2-r2,False,False,286,17726.0,1.308
orb_confirm-NQ-tf5|mid|dir=long,dirlong_or_min30_pct0p2-r3,False,False,286,13981.0,0.873
orb_confirm-NQ-tf5|mid|dir=long,dirlong_or_min60_atr1p5-r0,False,False,246,50991.0,1.969
orb_confirm-NQ-tf5|mid|dir=long,dirlong_or_min60_atr1p5-r1,False,False,246,14261.0,1.004
orb_confirm-NQ-tf5|mid|dir=long,dirlong_or_min60_atr1p5-r2,False,False,246,28861.0,1.454
orb_confirm-NQ-tf5|mid|dir=long,dirlong_or_min60_atr1p5-r3,False,False,246,42301.0,1.814
orb_confirm-NQ-tf5|mid|dir=long,dirlong_or_min60_atr3-r0,False,False,246,43696.0,1.435
orb_confirm-NQ-tf5|mid|dir=long,dirlong_or_min60_atr3-r1,False,False,246,36901.0,1.486
orb_confirm-NQ-tf5|mid|dir=long,dirlong_or_min60_atr3-r2,False,False,246,45301.0,1.508
orb_confirm-NQ-tf5|mid|dir=long,dirlong_or_min60_atr3-r3,False,False,246,49696.0,1.618
orb_confirm-NQ-tf5|mid|dir=long,dirlong_or_min60_pts10-r0,False,False,246,9396.0,0.761
orb_confirm-NQ-tf5|mid|dir=long,dirlong_or_min60_pts10-r1,False,False,246,-5689.0,-1.792
orb_confirm-NQ-tf5|mid|dir=long,dirlong_or_min60_pts10-r2,False,False,246,-5489.0,-1.249
orb_confirm-NQ-tf5|mid|dir=long,dirlong_or_min60_pts10-r3,False,False,246,-754.0,-0.136
orb_confirm-NQ-tf5|mid|dir=long,dirlong_or_min60_pts20-r0,False,False,246,23291.0,1.316
orb_confirm-NQ-tf5|mid|dir=long,dirlong_or_min60_pts20-r1,False,False,246,801.0,0.127
orb_confirm-NQ-tf5|mid|dir=long,dirlong_or_min60_pts20-r2,False,False,246,7496.0,0.825
orb_confirm-NQ-tf5|mid|dir=long,dirlong_or_min60_pts20-r3,False,False,246,7991.0,0.719
orb_confirm-NQ-tf5|mid|dir=long,dirlong_or_min60_pts30-r0,False,False,246,34961.0,1.694
orb_confirm-NQ-tf5|mid|dir=long,dirlong_or_min60_pts30-r1,False,False,246,14916.0,1.587
orb_confirm-NQ-tf5|mid|dir=long,dirlong_or_min60_pts30-r2,False,False,246,21196.0,1.575
orb_confirm-NQ-tf5|mid|dir=long,dirlong_or_min60_pts30-r3,False,False,246,29781.0,1.822
orb_confirm-NQ-tf5|mid|dir=long,dirlong_or_min60_pts45-r0,False,False,246,35471.0,1.505
orb_confirm-NQ-tf5|mid|dir=long,dirlong_or_min60_pts45-r1,False,False,246,27506.0,1.996
orb_confirm-NQ-tf5|mid|dir=long,dirlong_or_min60_pts45-r2,False,False,246,25041.0,1.3
orb_confirm-NQ-tf5|mid|dir=long,dirlong_or_min60_pts45-r3,False,False,246,39156.0,1.776
orb_confirm-NQ-tf5|mid|dir=long,dirlong_or_min60_pct0p1-r0,False,False,246,19846.0,1.287
orb_confirm-NQ-tf5|mid|dir=long,dirlong_or_min60_pct0p1-r1,False,False,246,-3254.0,-0.734
orb_confirm-NQ-tf5|mid|dir=long,dirlong_or_min60_pct0p1-r2,False,False,246,-234.0,-0.037
orb_confirm-NQ-tf5|mid|dir=long,dirlong_or_min60_pct0p1-r3,False,False,246,6501.0,0.821
orb_confirm-NQ-tf5|mid|dir=long,dirlong_or_min60_pct0p2-r0,False,False,246,36726.0,1.809
orb_confirm-NQ-tf5|mid|dir=long,dirlong_or_min60_pct0p2-r1,False,False,246,13676.0,1.563
orb_confirm-NQ-tf5|mid|dir=long,dirlong_or_min60_pct0p2-r2,False,False,246,14951.0,1.202
orb_confirm-NQ-tf5|mid|dir=long,dirlong_or_min60_pct0p2-r3,False,False,246,29186.0,1.902
orb_confirm-NQ-tf5|mid|dir=long,authon_dirlong_or_min15_struct1p5-r0,False,True,310,71080.0,1.953
orb_confirm-NQ-tf5|mid|dir=long,authon_dirlong_or_min30_struct1p5-r0,False,True,286,62966.0,1.808
orb_confirm-NQ-tf5|mid|dir=long,authon_dirlong_or_min60_struct1p5-r0,False,True,246,64661.0,1.99
orb_confirm-NQ-tf5|mid|dir=short,dirshort_or_min15_atr1p5-r0,False,False,284,13369.0,0.459
orb_confirm-NQ-tf5|mid|dir=short,dirshort_or_min15_atr1p5-r1,False,False,284,-341.0,-0.021
orb_confirm-NQ-tf5|mid|dir=short,dirshort_or_min15_atr1p5-r2,False,False,284,-2281.0,-0.102
orb_confirm-NQ-tf5|mid|dir=short,dirshort_or_min15_atr1p5-r3,False,False,284,8604.0,0.329
orb_confirm-NQ-tf5|mid|dir=short,dirshort_or_min15_atr3-r0,False,False,284,60249.0,1.671
orb_confirm-NQ-tf5|mid|dir=short,dirshort_or_min15_atr3-r1,False,False,284,43779.0,1.542
orb_confirm-NQ-tf5|mid|dir=short,dirshort_or_min15_atr3-r2,False,False,284,54034.0,1.591
orb_confirm-NQ-tf5|mid|dir=short,dirshort_or_min15_atr3-r3,False,False,284,55344.0,1.566
orb_confirm-NQ-tf5|mid|dir=short,dirshort_or_min15_pts10-r0,False,False,284,1624.0,0.105
orb_confirm-NQ-tf5|mid|dir=short,dirshort_or_min15_pts10-r1,False,False,284,-6756.0,-1.982
orb_confirm-NQ-tf5|mid|dir=short,dirshort_or_min15_pts10-r2,False,False,284,-3171.0,-0.661
orb_confirm-NQ-tf5|mid|dir=short,dirshort_or_min15_pts10-r3,False,False,284,-9531.0,-1.697
orb_confirm-NQ-tf5|mid|dir=short,dirshort_or_min15_pts20-r0,False,False,284,1299.0,0.065
orb_confirm-NQ-tf5|mid|dir=short,dirshort_or_min15_pts20-r1,False,False,284,-7516.0,-1.107
orb_confirm-NQ-tf5|mid|dir=short,dirshort_or_min15_pts20-r2,False,False,284,-8951.0,-0.948
orb_confirm-NQ-tf5|mid|dir=short,dirshort_or_min15_pts20-r3,False,False,284,-10266.0,-0.897
orb_confirm-NQ-tf5|mid|dir=short,dirshort_or_min15_pts30-r0,False,False,284,11319.0,0.461
orb_confirm-NQ-tf5|mid|dir=short,dirshort_or_min15_pts30-r1,False,False,284,-4341.0,-0.428
orb_confirm-NQ-tf5|mid|dir=short,dirshort_or_min15_pts30-r2,False,False,284,-10101.0,-0.719
orb_confirm-NQ-tf5|mid|dir=short,dirshort_or_min15_pts30-r3,False,False,284,-9201.0,-0.546
orb_confirm-NQ-tf5|mid|dir=short,dirshort_or_min15_pts45-r0,False,False,284,13839.0,0.505
orb_confirm-NQ-tf5|mid|dir=short,dirshort_or_min15_pts45-r1,False,False,284,3289.0,0.219
orb_confirm-NQ-tf5|mid|dir=short,dirshort_or_min15_pts45-r2,False,False,284,-1051.0,-0.052
orb_confirm-NQ-tf5|mid|dir=short,dirshort_or_min15_pts45-r3,False,False,284,7724.0,0.332
orb_confirm-NQ-tf5|mid|dir=short,dirshort_or_min15_pct0p1-r0,False,False,284,7749.0,0.424
orb_confirm-NQ-tf5|mid|dir=short,dirshort_or_min15_pct0p1-r1,False,False,284,-5001.0,-1.052
orb_confirm-NQ-tf5|mid|dir=short,dirshort_or_min15_pct0p1-r2,False,False,284,-8041.0,-1.225
orb_confirm-NQ-tf5|mid|dir=short,dirshort_or_min15_pct0p1-r3,False,False,284,-6906.0,-0.861
orb_confirm-NQ-tf5|mid|dir=short,dirshort_or_min15_pct0p2-r0,False,False,284,18779.0,0.778
orb_confirm-NQ-tf5|mid|dir=short,dirshort_or_min15_pct0p2-r1,False,False,284,2609.0,0.277
orb_confirm-NQ-tf5|mid|dir=short,dirshort_or_min15_pct0p2-r2,False,False,284,-2986.0,-0.226
orb_confirm-NQ-tf5|mid|dir=short,dirshort_or_min15_pct0p2-r3,False,False,284,-3551.0,-0.226
orb_confirm-NQ-tf5|mid|dir=short,dirshort_or_min30_atr1p5-r0,False,False,261,10356.0,0.366
orb_confirm-NQ-tf5|mid|dir=short,dirshort_or_min30_atr1p5-r1,False,False,261,-1214.0,-0.08
orb_confirm-NQ-tf5|mid|dir=short,dirshort_or_min30_atr1p5-r2,False,False,261,-4139.0,-0.194
orb_confirm-NQ-tf5|mid|dir=short,dirshort_or_min30_atr1p5-r3,False,False,261,4881.0,0.193
orb_confirm-NQ-tf5|mid|dir=short,dirshort_or_min30_atr3-r0,False,False,261,56171.0,1.604
orb_confirm-NQ-tf5|mid|dir=short,dirshort_or_min30_atr3-r1,False,False,261,38816.0,1.426
orb_confirm-NQ-tf5|mid|dir=short,dirshort_or_min30_atr3-r2,False,False,261,47901.0,1.463
orb_confirm-NQ-tf5|mid|dir=short,dirshort_or_min30_atr3-r3,False,False,261,51266.0,1.495
orb_confirm-NQ-tf5|mid|dir=short,dirshort_or_min30_pts10-r0,False,False,261,2701.0,0.176
orb_confirm-NQ-tf5|mid|dir=short,dirshort_or_min30_pts10-r1,False,False,261,-5184.0,-1.584
orb_confirm-NQ-tf5|mid|dir=short,dirshort_or_min30_pts10-r2,False,False,261,-2579.0,-0.56
orb_confirm-NQ-tf5|mid|dir=short,dirshort_or_min30_pts10-r3,False,False,261,-6309.0,-1.15
orb_confirm-NQ-tf5|mid|dir=short,dirshort_or_min30_pts20-r0,False,False,261,3966.0,0.201
orb_confirm-NQ-tf5|mid|dir=short,dirshort_or_min30_pts20-r1,False,False,261,-5324.0,-0.818
orb_confirm-NQ-tf5|mid|dir=short,dirshort_or_min30_pts20-r2,False,False,261,-7964.0,-0.88
orb_confirm-NQ-tf5|mid|dir=short,dirshort_or_min30_pts20-r3,False,False,261,-9729.0,-0.89
orb_confirm-NQ-tf5|mid|dir=short,dirshort_or_min30_pts30-r0,False,False,261,12611.0,0.522
orb_confirm-NQ-tf5|mid|dir=short,dirshort_or_min30_pts30-r1,False,False,261,1251.0,0.129
orb_confirm-NQ-tf5|mid|dir=short,dirshort_or_min30_pts30-r2,False,False,261,-2939.0,-0.216
orb_confirm-NQ-tf5|mid|dir=short,dirshort_or_min30_pts30-r3,False,False,261,-11139.0,-0.695
orb_confirm-NQ-tf5|mid|dir=short,dirshort_or_min30_pts45-r0,False,False,261,14351.0,0.536
orb_confirm-NQ-tf5|mid|dir=short,dirshort_or_min30_pts45-r1,False,False,261,2761.0,0.192
orb_confirm-NQ-tf5|mid|dir=short,dirshort_or_min30_pts45-r2,False,False,261,-4514.0,-0.234
orb_confirm-NQ-tf5|mid|dir=short,dirshort_or_min30_pts45-r3,False,False,261,11131.0,0.488
orb_confirm-NQ-tf5|mid|dir=short,dirshort_or_min30_pct0p1-r0,False,False,261,6071.0,0.337
orb_confirm-NQ-tf5|mid|dir=short,dirshort_or_min30_pct0p1-r1,False,False,261,-3009.0,-0.66
orb_confirm-NQ-tf5|mid|dir=short,dirshort_or_min30_pct0p1-r2,False,False,261,-5949.0,-0.941
orb_confirm-NQ-tf5|mid|dir=short,dirshort_or_min30_pct0p1-r3,False,False,261,-7719.0,-1.014
orb_confirm-NQ-tf5|mid|dir=short,dirshort_or_min30_pct0p2-r0,False,False,261,17886.0,0.754
orb_confirm-NQ-tf5|mid|dir=short,dirshort_or_min30_pct0p2-r1,False,False,261,4351.0,0.482
orb_confirm-NQ-tf5|mid|dir=short,dirshort_or_min30_pct0p2-r2,False,False,261,-2009.0,-0.158
orb_confirm-NQ-tf5|mid|dir=short,dirshort_or_min30_pct0p2-r3,False,False,261,-9129.0,-0.62
orb_confirm-NQ-tf5|mid|dir=short,dirshort_or_min60_atr1p5-r0,False,False,229,15074.0,0.564
orb_confirm-NQ-tf5|mid|dir=short,dirshort_or_min60_atr1p5-r1,False,False,229,4934.0,0.348
orb_confirm-NQ-tf5|mid|dir=short,dirshort_or_min60_atr1p5-r2,False,False,229,7879.0,0.391
orb_confirm-NQ-tf5|mid|dir=short,dirshort_or_min60_atr1p5-r3,False,False,229,13129.0,0.55
orb_confirm-NQ-tf5|mid|dir=short,dirshort_or_min60_atr3-r0,False,False,229,48864.0,1.491
orb_confirm-NQ-tf5|mid|dir=short,dirshort_or_min60_atr3-r1,False,False,229,32549.0,1.28
orb_confirm-NQ-tf5|mid|dir=short,dirshort_or_min60_atr3-r2,False,False,229,39094.0,1.288
orb_confirm-NQ-tf5|mid|dir=short,dirshort_or_min60_atr3-r3,False,False,229,44424.0,1.386
orb_confirm-NQ-tf5|mid|dir=short,dirshort_or_min60_pts10-r0,False,False,229,4459.0,0.305
orb_confirm-NQ-tf5|mid|dir=short,dirshort_or_min60_pts10-r1,False,False,229,-2936.0,-0.956
orb_confirm-NQ-tf5|mid|dir=short,dirshort_or_min60_pts10-r2,False,False,229,-3126.0,-0.728
orb_confirm-NQ-tf5|mid|dir=short,dirshort_or_min60_pts10-r3,False,False,229,-1206.0,-0.227
orb_confirm-NQ-tf5|mid|dir=short,dirshort_or_min60_pts20-r0,False,False,229,1174.0,0.067
orb_confirm-NQ-tf5|mid|dir=short,dirshort_or_min60_pts20-r1,False,False,229,-7536.0,-1.237
orb_confirm-NQ-tf5|mid|dir=short,dirshort_or_min60_pts20-r2,False,False,229,-6936.0,-0.817
orb_confirm-NQ-tf5|mid|dir=short,dirshort_or_min60_pts20-r3,False,False,229,-11951.0,-1.188
orb_confirm-NQ-tf5|mid|dir=short,dirshort_or_min60_pts30-r0,False,False,229,11074.0,0.485
orb_confirm-NQ-tf5|mid|dir=short,dirshort_or_min60_pts30-r1,False,False,229,-106.0,-0.012
orb_confirm-NQ-tf5|mid|dir=short,dirshort_or_min60_pts30-r2,False,False,229,-12246.0,-0.977
orb_confirm-NQ-tf5|mid|dir=short,dirshort_or_min60_pts30-r3,False,False,229,-8356.0,-0.552
orb_confirm-NQ-tf5|mid|dir=short,dirshort_or_min60_pts45-r0,False,False,229,25109.0,0.973
orb_confirm-NQ-tf5|mid|dir=short,dirshort_or_min60_pts45-r1,False,False,229,-2201.0,-0.163
orb_confirm-NQ-tf5|mid|dir=short,dirshort_or_min60_pts45-r2,False,False,229,5859.0,0.32
orb_confirm-NQ-tf5|mid|dir=short,dirshort_or_min60_pts45-r3,False,False,229,24394.0,1.105
orb_confirm-NQ-tf5|mid|dir=short,dirshort_or_min60_pct0p1-r0,False,False,229,3009.0,0.188
orb_confirm-NQ-tf5|mid|dir=short,dirshort_or_min60_pct0p1-r1,False,False,229,-2396.0,-0.563
orb_confirm-NQ-tf5|mid|dir=short,dirshort_or_min60_pct0p1-r2,False,False,229,-4436.0,-0.747
orb_confirm-NQ-tf5|mid|dir=short,dirshort_or_min60_pct0p1-r3,False,False,229,-8246.0,-1.168
orb_confirm-NQ-tf5|mid|dir=short,dirshort_or_min60_pct0p2-r0,False,False,229,10804.0,0.488
orb_confirm-NQ-tf5|mid|dir=short,dirshort_or_min60_pct0p2-r1,False,False,229,-2441.0,-0.288
orb_confirm-NQ-tf5|mid|dir=short,dirshort_or_min60_pct0p2-r2,False,False,229,-10011.0,-0.858
orb_confirm-NQ-tf5|mid|dir=short,dirshort_or_min60_pct0p2-r3,False,False,229,-12086.0,-0.884
orb_confirm-NQ-tf5|mid|dir=short,authon_dirshort_or_min15_struct1p5-r0,False,True,284,49019.0,1.437
orb_confirm-NQ-tf5|mid|dir=short,authon_dirshort_or_min30_struct1p5-r0,False,True,261,39406.0,1.166
orb_confirm-NQ-tf5|mid|dir=short,authon_dirshort_or_min60_struct1p5-r0,False,True,229,27504.0,0.858
orb_confirm-NQ-tf5|nyam|dir=long,dirlong_or_min15_atr1p5-r0,False,False,309,-3346.0,-0.112
orb_confirm-NQ-tf5|nyam|dir=long,dirlong_or_min15_atr1p5-r1,False,False,309,-21526.0,-1.428
orb_confirm-NQ-tf5|nyam|dir=long,dirlong_or_min15_atr1p5-r2,False,False,309,-29986.0,-1.477
orb_confirm-NQ-tf5|nyam|dir=long,dirlong_or_min15_atr1p5-r3,False,False,309,-35411.0,-1.507
orb_confirm-NQ-tf5|nyam|dir=long,dirlong_or_min15_atr3-r0,False,False,309,23364.0,0.564
orb_confirm-NQ-tf5|nyam|dir=long,dirlong_or_min15_atr3-r1,False,False,309,-12736.0,-0.441
orb_confirm-NQ-tf5|nyam|dir=long,dirlong_or_min15_atr3-r2,False,False,309,1814.0,0.05
orb_confirm-NQ-tf5|nyam|dir=long,dirlong_or_min15_atr3-r3,False,False,309,17869.0,0.448
orb_confirm-NQ-tf5|nyam|dir=long,dirlong_or_min15_pts10-r0,False,False,309,8759.0,0.485
orb_confirm-NQ-tf5|nyam|dir=long,dirlong_or_min15_pts10-r1,False,False,309,-3081.0,-0.863
orb_confirm-NQ-tf5|nyam|dir=long,dirlong_or_min15_pts10-r2,False,False,309,1909.0,0.374
orb_confirm-NQ-tf5|nyam|dir=long,dirlong_or_min15_pts10-r3,False,False,309,-5886.0,-0.977
orb_confirm-NQ-tf5|nyam|dir=long,dirlong_or_min15_pts20-r0,False,False,309,27204.0,1.151
orb_confirm-NQ-tf5|nyam|dir=long,dirlong_or_min15_pts20-r1,False,False,309,6404.0,0.905
orb_confirm-NQ-tf5|nyam|dir=long,dirlong_or_min15_pts20-r2,False,False,309,3699.0,0.366
orb_confirm-NQ-tf5|nyam|dir=long,dirlong_or_min15_pts20-r3,False,False,309,5159.0,0.413
orb_confirm-NQ-tf5|nyam|dir=long,dirlong_or_min15_pts30-r0,False,False,309,22114.0,0.822
orb_confirm-NQ-tf5|nyam|dir=long,dirlong_or_min15_pts30-r1,False,False,309,-3841.0,-0.362
orb_confirm-NQ-tf5|nyam|dir=long,dirlong_or_min15_pts30-r2,False,False,309,3114.0,0.206
orb_confirm-NQ-tf5|nyam|dir=long,dirlong_or_min15_pts30-r3,False,False,309,494.0,0.027
orb_confirm-NQ-tf5|nyam|dir=long,dirlong_or_min15_pts45-r0,False,False,309,12664.0,0.407
orb_confirm-NQ-tf5|nyam|dir=long,dirlong_or_min15_pts45-r1,False,False,309,-5986.0,-0.378
orb_confirm-NQ-tf5|nyam|dir=long,dirlong_or_min15_pts45-r2,False,False,309,-7116.0,-0.327
orb_confirm-NQ-tf5|nyam|dir=long,dirlong_or_min15_pts45-r3,False,False,309,7049.0,0.271
orb_confirm-NQ-tf5|nyam|dir=long,dirlong_or_min15_pct0p1-r0,False,False,309,12024.0,0.605
orb_confirm-NQ-tf5|nyam|dir=long,dirlong_or_min15_pct0p1-r1,False,False,309,2419.0,0.491
orb_confirm-NQ-tf5|nyam|dir=long,dirlong_or_min15_pct0p1-r2,False,False,309,-2996.0,-0.431
orb_confirm-NQ-tf5|nyam|dir=long,dirlong_or_min15_pct0p1-r3,False,False,309,-9341.0,-1.131
orb_confirm-NQ-tf5|nyam|dir=long,dirlong_or_min15_pct0p2-r0,False,False,309,23344.0,0.89
orb_confirm-NQ-tf5|nyam|dir=long,dirlong_or_min15_pct0p2-r1,False,False,309,139.0,0.014
orb_confirm-NQ-tf5|nyam|dir=long,dirlong_or_min15_pct0p2-r2,False,False,309,-6041.0,-0.44
orb_confirm-NQ-tf5|nyam|dir=long,dirlong_or_min15_pct0p2-r3,False,False,309,1749.0,0.105
orb_confirm-NQ-tf5|nyam|dir=long,dirlong_or_min30_atr1p5-r0,False,False,236,23996.0,0.832
orb_confirm-NQ-tf5|nyam|dir=long,dirlong_or_min30_atr1p5-r1,False,False,236,-9094.0,-0.637
orb_confirm-NQ-tf5|nyam|dir=long,dirlong_or_min30_atr1p5-r2,False,False,236,-284.0,-0.015
orb_confirm-NQ-tf5|nyam|dir=long,dirlong_or_min30_atr1p5-r3,False,False,236,7666.0,0.331
orb_confirm-NQ-tf5|nyam|dir=long,dirlong_or_min30_atr3-r0,False,False,236,28371.0,0.791
orb_confirm-NQ-tf5|nyam|dir=long,dirlong_or_min30_atr3-r1,False,False,236,-2344.0,-0.087
orb_confirm-NQ-tf5|nyam|dir=long,dirlong_or_min30_atr3-r2,False,False,236,18811.0,0.568
orb_confirm-NQ-tf5|nyam|dir=long,dirlong_or_min30_atr3-r3,False,False,236,30356.0,0.853
orb_confirm-NQ-tf5|nyam|dir=long,dirlong_or_min30_pts10-r0,False,False,236,7361.0,0.544
orb_confirm-NQ-tf5|nyam|dir=long,dirlong_or_min30_pts10-r1,False,False,236,2891.0,0.931
orb_confirm-NQ-tf5|nyam|dir=long,dirlong_or_min30_pts10-r2,False,False,236,6906.0,1.517
orb_confirm-NQ-tf5|nyam|dir=long,dirlong_or_min30_pts10-r3,False,False,236,-1069.0,-0.198
orb_confirm-NQ-tf5|nyam|dir=long,dirlong_or_min30_pts20-r0,False,False,236,22711.0,1.225
orb_confirm-NQ-tf5|nyam|dir=long,dirlong_or_min30_pts20-r1,False,False,236,16166.0,2.655
orb_confirm-NQ-tf5|nyam|dir=long,dirlong_or_min30_pts20-r2,False,False,236,10691.0,1.189
orb_confirm-NQ-tf5|nyam|dir=long,dirlong_or_min30_pts20-r3,False,False,236,22211.0,1.937
orb_confirm-NQ-tf5|nyam|dir=long,dirlong_or_min30_pts30-r0,False,False,236,10001.0,0.48
orb_confirm-NQ-tf5|nyam|dir=long,dirlong_or_min30_pts30-r1,False,False,236,-1539.0,-0.166
orb_confirm-NQ-tf5|nyam|dir=long,dirlong_or_min30_pts30-r2,False,False,236,9696.0,0.727
orb_confirm-NQ-tf5|nyam|dir=long,dirlong_or_min30_pts30-r3,False,False,236,8441.0,0.523
orb_confirm-NQ-tf5|nyam|dir=long,dirlong_or_min30_pts45-r0,False,False,236,22471.0,0.848
orb_confirm-NQ-tf5|nyam|dir=long,dirlong_or_min30_pts45-r1,False,False,236,4091.0,0.296
orb_confirm-NQ-tf5|nyam|dir=long,dirlong_or_min30_pts45-r2,False,False,236,12721.0,0.661
orb_confirm-NQ-tf5|nyam|dir=long,dirlong_or_min30_pts45-r3,False,False,236,21921.0,0.961
orb_confirm-NQ-tf5|nyam|dir=long,dirlong_or_min30_pct0p1-r0,False,False,236,22701.0,1.383
orb_confirm-NQ-tf5|nyam|dir=long,dirlong_or_min30_pct0p1-r1,False,False,236,10021.0,2.365
orb_confirm-NQ-tf5|nyam|dir=long,dirlong_or_min30_pct0p1-r2,False,False,236,7036.0,1.13
orb_confirm-NQ-tf5|nyam|dir=long,dirlong_or_min30_pct0p1-r3,False,False,236,6351.0,0.827
orb_confirm-NQ-tf5|nyam|dir=long,dirlong_or_min30_pct0p2-r0,False,False,236,3966.0,0.202
orb_confirm-NQ-tf5|nyam|dir=long,dirlong_or_min30_pct0p2-r1,False,False,236,2221.0,0.26
orb_confirm-NQ-tf5|nyam|dir=long,dirlong_or_min30_pct0p2-r2,False,False,236,7486.0,0.614
orb_confirm-NQ-tf5|nyam|dir=long,dirlong_or_min30_pct0p2-r3,False,False,236,6121.0,0.415
orb_confirm-NQ-tf5|nyam|dir=long,dirlong_or_min60_atr1p5-r0,False,False,116,7546.0,0.466
orb_confirm-NQ-tf5|nyam|dir=long,dirlong_or_min60_atr1p5-r1,False,False,116,-94.0,-0.009
orb_confirm-NQ-tf5|nyam|dir=long,dirlong_or_min60_atr1p5-r2,False,False,116,8256.0,0.612
orb_confirm-NQ-tf5|nyam|dir=long,dirlong_or_min60_atr1p5-r3,False,False,116,10191.0,0.646
orb_confirm-NQ-tf5|nyam|dir=long,dirlong_or_min60_atr3-r0,False,False,116,2271.0,0.109
orb_confirm-NQ-tf5|nyam|dir=long,dirlong_or_min60_atr3-r1,False,False,116,-2134.0,-0.117
orb_confirm-NQ-tf5|nyam|dir=long,dirlong_or_min60_atr3-r2,False,False,116,641.0,0.031
orb_confirm-NQ-tf5|nyam|dir=long,dirlong_or_min60_atr3-r3,False,False,116,2281.0,0.11
orb_confirm-NQ-tf5|nyam|dir=long,dirlong_or_min60_pts10-r0,False,False,116,2071.0,0.23
orb_confirm-NQ-tf5|nyam|dir=long,dirlong_or_min60_pts10-r1,False,False,116,-1174.0,-0.536
orb_confirm-NQ-tf5|nyam|dir=long,dirlong_or_min60_pts10-r2,False,False,116,1756.0,0.555
orb_confirm-NQ-tf5|nyam|dir=long,dirlong_or_min60_pts10-r3,False,False,116,1501.0,0.386
orb_confirm-NQ-tf5|nyam|dir=long,dirlong_or_min60_pts20-r0,False,False,116,19516.0,1.467
orb_confirm-NQ-tf5|nyam|dir=long,dirlong_or_min60_pts20-r1,False,False,116,51.0,0.012
orb_confirm-NQ-tf5|nyam|dir=long,dirlong_or_min60_pts20-r2,False,False,116,6781.0,1.068
orb_confirm-NQ-tf5|nyam|dir=long,dirlong_or_min60_pts20-r3,False,False,116,15151.0,1.847
orb_confirm-NQ-tf5|nyam|dir=long,dirlong_or_min60_pts30-r0,False,False,116,17296.0,1.199
orb_confirm-NQ-tf5|nyam|dir=long,dirlong_or_min60_pts30-r1,False,False,116,5251.0,0.808
orb_confirm-NQ-tf5|nyam|dir=long,dirlong_or_min60_pts30-r2,False,False,116,22081.0,2.292
orb_confirm-NQ-tf5|nyam|dir=long,dirlong_or_min60_pts30-r3,False,False,116,15801.0,1.383
orb_confirm-NQ-tf5|nyam|dir=long,dirlong_or_min60_pts45-r0,False,False,116,20406.0,1.258
orb_confirm-NQ-tf5|nyam|dir=long,dirlong_or_min60_pts45-r1,False,False,116,12851.0,1.336
orb_confirm-NQ-tf5|nyam|dir=long,dirlong_or_min60_pts45-r2,False,False,116,18891.0,1.438
orb_confirm-NQ-tf5|nyam|dir=long,dirlong_or_min60_pts45-r3,False,False,116,21411.0,1.408
orb_confirm-NQ-tf5|nyam|dir=long,dirlong_or_min60_pct0p1-r0,False,False,116,-2839.0,-0.303
orb_confirm-NQ-tf5|nyam|dir=long,dirlong_or_min60_pct0p1-r1,False,False,116,121.0,0.04
orb_confirm-NQ-tf5|nyam|dir=long,dirlong_or_min60_pct0p1-r2,False,False,116,256.0,0.059
orb_confirm-NQ-tf5|nyam|dir=long,dirlong_or_min60_pct0p1-r3,False,False,116,2301.0,0.428
orb_confirm-NQ-tf5|nyam|dir=long,dirlong_or_min60_pct0p2-r0,False,False,116,20871.0,1.485
orb_confirm-NQ-tf5|nyam|dir=long,dirlong_or_min60_pct0p2-r1,False,False,116,5191.0,0.868
orb_confirm-NQ-tf5|nyam|dir=long,dirlong_or_min60_pct0p2-r2,False,False,116,20536.0,2.327
orb_confirm-NQ-tf5|nyam|dir=long,dirlong_or_min60_pct0p2-r3,False,False,116,20936.0,1.968
orb_confirm-NQ-tf5|nyam|dir=long,authon_dirlong_or_min15_struct1p5-r0,False,True,309,50974.0,1.206
orb_confirm-NQ-tf5|nyam|dir=long,authon_dirlong_or_min30_struct1p5-r0,False,True,236,45546.0,1.258
orb_confirm-NQ-tf5|nyam|dir=long,authon_dirlong_or_min60_struct1p5-r0,False,True,116,15861.0,0.704
orb_confirm-NQ-tf5|nyam|dir=short,dirshort_or_min15_atr1p5-r0,False,False,303,33853.0,0.975
orb_confirm-NQ-tf5|nyam|dir=short,dirshort_or_min15_atr1p5-r1,False,False,303,-2152.0,-0.143
orb_confirm-NQ-tf5|nyam|dir=short,dirshort_or_min15_atr1p5-r2,False,False,303,-6957.0,-0.331
orb_confirm-NQ-tf5|nyam|dir=short,dirshort_or_min15_atr1p5-r3,False,False,303,418.0,0.016
orb_confirm-NQ-tf5|nyam|dir=short,dirshort_or_min15_atr3-r0,False,False,303,63083.0,1.434
orb_confirm-NQ-tf5|nyam|dir=short,dirshort_or_min15_atr3-r1,False,False,303,3598.0,0.124
orb_confirm-NQ-tf5|nyam|dir=short,dirshort_or_min15_atr3-r2,False,False,303,43808.0,1.142
orb_confirm-NQ-tf5|nyam|dir=short,dirshort_or_min15_atr3-r3,False,False,303,55113.0,1.319
orb_confirm-NQ-tf5|nyam|dir=short,dirshort_or_min15_pts10-r0,False,False,303,723.0,0.041
orb_confirm-NQ-tf5|nyam|dir=short,dirshort_or_min15_pts10-r1,False,False,303,-7497.0,-2.13
orb_confirm-NQ-tf5|nyam|dir=short,dirshort_or_min15_pts10-r2,False,False,303,-13802.0,-2.943
orb_confirm-NQ-tf5|nyam|dir=short,dirshort_or_min15_pts10-r3,False,False,303,-13502.0,-2.383
orb_confirm-NQ-tf5|nyam|dir=short,dirshort_or_min15_pts20-r0,False,False,303,8718.0,0.388
orb_confirm-NQ-tf5|nyam|dir=short,dirshort_or_min15_pts20-r1,False,False,303,-10482.0,-1.497
orb_confirm-NQ-tf5|nyam|dir=short,dirshort_or_min15_pts20-r2,False,False,303,-10722.0,-1.103
orb_confirm-NQ-tf5|nyam|dir=short,dirshort_or_min15_pts20-r3,False,False,303,-10037.0,-0.847
orb_confirm-NQ-tf5|nyam|dir=short,dirshort_or_min15_pts30-r0,False,False,303,37038.0,1.22
orb_confirm-NQ-tf5|nyam|dir=short,dirshort_or_min15_pts30-r1,False,False,303,-5892.0,-0.562
orb_confirm-NQ-tf5|nyam|dir=short,dirshort_or_min15_pts30-r2,False,False,303,-7347.0,-0.499
orb_confirm-NQ-tf5|nyam|dir=short,dirshort_or_min15_pts30-r3,False,False,303,-13562.0,-0.767
orb_confirm-NQ-tf5|nyam|dir=short,dirshort_or_min15_pts45-r0,False,False,303,53023.0,1.475
orb_confirm-NQ-tf5|nyam|dir=short,dirshort_or_min15_pts45-r1,False,False,303,-962.0,-0.061
orb_confirm-NQ-tf5|nyam|dir=short,dirshort_or_min15_pts45-r2,False,False,303,-6127.0,-0.282
orb_confirm-NQ-tf5|nyam|dir=short,dirshort_or_min15_pts45-r3,False,False,303,14283.0,0.546
orb_confirm-NQ-tf5|nyam|dir=short,dirshort_or_min15_pct0p1-r0,False,False,303,10208.0,0.504
orb_confirm-NQ-tf5|nyam|dir=short,dirshort_or_min15_pct0p1-r1,False,False,303,-6547.0,-1.34
orb_confirm-NQ-tf5|nyam|dir=short,dirshort_or_min15_pct0p1-r2,False,False,303,-12842.0,-1.93
orb_confirm-NQ-tf5|nyam|dir=short,dirshort_or_min15_pct0p1-r3,False,False,303,-7422.0,-0.893
orb_confirm-NQ-tf5|nyam|dir=short,dirshort_or_min15_pct0p2-r0,False,False,303,27173.0,0.992
orb_confirm-NQ-tf5|nyam|dir=short,dirshort_or_min15_pct0p2-r1,False,False,303,-5142.0,-0.529
orb_confirm-NQ-tf5|nyam|dir=short,dirshort_or_min15_pct0p2-r2,False,False,303,8163.0,0.587
orb_confirm-NQ-tf5|nyam|dir=short,dirshort_or_min15_pct0p2-r3,False,False,303,-14632.0,-0.894
orb_confirm-NQ-tf5|nyam|dir=short,dirshort_or_min30_atr1p5-r0,False,False,240,42055.0,1.344
orb_confirm-NQ-tf5|nyam|dir=short,dirshort_or_min30_atr1p5-r1,False,False,240,9340.0,0.65
orb_confirm-NQ-tf5|nyam|dir=short,dirshort_or_min30_atr1p5-r2,False,False,240,8205.0,0.407
orb_confirm-NQ-tf5|nyam|dir=short,dirshort_or_min30_atr1p5-r3,False,False,240,19865.0,0.809
orb_confirm-NQ-tf5|nyam|dir=short,dirshort_or_min30_atr3-r0,False,False,240,56880.0,1.47
orb_confirm-NQ-tf5|nyam|dir=short,dirshort_or_min30_atr3-r1,False,False,240,10140.0,0.365
orb_confirm-NQ-tf5|nyam|dir=short,dirshort_or_min30_atr3-r2,False,False,240,46370.0,1.323
orb_confirm-NQ-tf5|nyam|dir=short,dirshort_or_min30_atr3-r3,False,False,240,52595.0,1.405
orb_confirm-NQ-tf5|nyam|dir=short,dirshort_or_min30_pts10-r0,False,False,240,3910.0,0.23
orb_confirm-NQ-tf5|nyam|dir=short,dirshort_or_min30_pts10-r1,False,False,240,-7310.0,-2.338
orb_confirm-NQ-tf5|nyam|dir=short,dirshort_or_min30_pts10-r2,False,False,240,-10935.0,-2.617
orb_confirm-NQ-tf5|nyam|dir=short,dirshort_or_min30_pts10-r3,False,False,240,-12425.0,-2.504
orb_confirm-NQ-tf5|nyam|dir=short,dirshort_or_min30_pts20-r0,False,False,240,18085.0,0.881
orb_confirm-NQ-tf5|nyam|dir=short,dirshort_or_min30_pts20-r1,False,False,240,-5620.0,-0.9
orb_confirm-NQ-tf5|nyam|dir=short,dirshort_or_min30_pts20-r2,False,False,240,-1800.0,-0.204
orb_confirm-NQ-tf5|nyam|dir=short,dirshort_or_min30_pts20-r3,False,False,240,2915.0,0.266
orb_confirm-NQ-tf5|nyam|dir=short,dirshort_or_min30_pts30-r0,False,False,240,3245.0,0.136
orb_confirm-NQ-tf5|nyam|dir=short,dirshort_or_min30_pts30-r1,False,False,240,-6110.0,-0.654
orb_confirm-NQ-tf5|nyam|dir=short,dirshort_or_min30_pts30-r2,False,False,240,-10520.0,-0.81
orb_confirm-NQ-tf5|nyam|dir=short,dirshort_or_min30_pts30-r3,False,False,240,-15105.0,-0.975
orb_confirm-NQ-tf5|nyam|dir=short,dirshort_or_min30_pts45-r0,False,False,240,45565.0,1.466
orb_confirm-NQ-tf5|nyam|dir=short,dirshort_or_min30_pts45-r1,False,False,240,-1430.0,-0.103
orb_confirm-NQ-tf5|nyam|dir=short,dirshort_or_min30_pts45-r2,False,False,240,9580.0,0.488
orb_confirm-NQ-tf5|nyam|dir=short,dirshort_or_min30_pts45-r3,False,False,240,18080.0,0.781
orb_confirm-NQ-tf5|nyam|dir=short,dirshort_or_min30_pct0p1-r0,False,False,240,7515.0,0.412
orb_confirm-NQ-tf5|nyam|dir=short,dirshort_or_min30_pct0p1-r1,False,False,240,-8970.0,-2.068
orb_confirm-NQ-tf5|nyam|dir=short,dirshort_or_min30_pct0p1-r2,False,False,240,-11610.0,-1.97
orb_confirm-NQ-tf5|nyam|dir=short,dirshort_or_min30_pct0p1-r3,False,False,240,-8155.0,-1.112
orb_confirm-NQ-tf5|nyam|dir=short,dirshort_or_min30_pct0p2-r0,False,False,240,9850.0,0.437
orb_confirm-NQ-tf5|nyam|dir=short,dirshort_or_min30_pct0p2-r1,False,False,240,-5595.0,-0.646
orb_confirm-NQ-tf5|nyam|dir=short,dirshort_or_min30_pct0p2-r2,False,False,240,-1210.0,-0.099
orb_confirm-NQ-tf5|nyam|dir=short,dirshort_or_min30_pct0p2-r3,False,False,240,-7905.0,-0.541
orb_confirm-NQ-tf5|nyam|dir=short,dirshort_or_min60_atr1p5-r0,False,False,114,-4631.0,-0.214
orb_confirm-NQ-tf5|nyam|dir=short,dirshort_or_min60_atr1p5-r1,False,False,114,849.0,0.077
orb_confirm-NQ-tf5|nyam|dir=short,dirshort_or_min60_atr1p5-r2,False,False,114,-19416.0,-1.382
orb_confirm-NQ-tf5|nyam|dir=short,dirshort_or_min60_atr1p5-r3,False,False,114,-21141.0,-1.3
orb_confirm-NQ-tf5|nyam|dir=short,dirshort_or_min60_atr3-r0,False,False,114,34399.0,1.283
orb_confirm-NQ-tf5|nyam|dir=short,dirshort_or_min60_atr3-r1,False,False,114,14499.0,0.719
orb_confirm-NQ-tf5|nyam|dir=short,dirshort_or_min60_atr3-r2,False,False,114,24259.0,0.996
orb_confirm-NQ-tf5|nyam|dir=short,dirshort_or_min60_atr3-r3,False,False,114,31849.0,1.225
orb_confirm-NQ-tf5|nyam|dir=short,dirshort_or_min60_pts10-r0,False,False,114,-9821.0,-1.463
orb_confirm-NQ-tf5|nyam|dir=short,dirshort_or_min60_pts10-r1,False,False,114,-5651.0,-2.657
orb_confirm-NQ-tf5|nyam|dir=short,dirshort_or_min60_pts10-r2,False,False,114,-5131.0,-1.775
orb_confirm-NQ-tf5|nyam|dir=short,dirshort_or_min60_pts10-r3,False,False,114,-6981.0,-2.084
orb_confirm-NQ-tf5|nyam|dir=short,dirshort_or_min60_pts20-r0,False,False,114,-6921.0,-0.582
orb_confirm-NQ-tf5|nyam|dir=short,dirshort_or_min60_pts20-r1,False,False,114,-8826.0,-2.076
orb_confirm-NQ-tf5|nyam|dir=short,dirshort_or_min60_pts20-r2,False,False,114,-6911.0,-1.179
orb_confirm-NQ-tf5|nyam|dir=short,dirshort_or_min60_pts20-r3,False,False,114,-4946.0,-0.685
orb_confirm-NQ-tf5|nyam|dir=short,dirshort_or_min60_pts30-r0,False,False,114,-11356.0,-0.732
orb_confirm-NQ-tf5|nyam|dir=short,dirshort_or_min60_pts30-r1,False,False,114,-12851.0,-2.019
orb_confirm-NQ-tf5|nyam|dir=short,dirshort_or_min60_pts30-r2,False,False,114,-8116.0,-0.916
orb_confirm-NQ-tf5|nyam|dir=short,dirshort_or_min60_pts30-r3,False,False,114,-18421.0,-1.844
orb_confirm-NQ-tf5|nyam|dir=short,dirshort_or_min60_pts45-r0,False,False,114,-5371.0,-0.27
orb_confirm-NQ-tf5|nyam|dir=short,dirshort_or_min60_pts45-r1,False,False,114,-766.0,-0.08
orb_confirm-NQ-tf5|nyam|dir=short,dirshort_or_min60_pts45-r2,False,False,114,-8211.0,-0.63
orb_confirm-NQ-tf5|nyam|dir=short,dirshort_or_min60_pts45-r3,False,False,114,-20236.0,-1.426
orb_confirm-NQ-tf5|nyam|dir=short,dirshort_or_min60_pct0p1-r0,False,False,114,-7081.0,-0.732
orb_confirm-NQ-tf5|nyam|dir=short,dirshort_or_min60_pct0p1-r1,False,False,114,-6336.0,-2.166
orb_confirm-NQ-tf5|nyam|dir=short,dirshort_or_min60_pct0p1-r2,False,False,114,-6961.0,-1.758
orb_confirm-NQ-tf5|nyam|dir=short,dirshort_or_min60_pct0p1-r3,False,False,114,-4771.0,-0.962
orb_confirm-NQ-tf5|nyam|dir=short,dirshort_or_min60_pct0p2-r0,False,False,114,-14011.0,-0.997
orb_confirm-NQ-tf5|nyam|dir=short,dirshort_or_min60_pct0p2-r1,False,False,114,-9066.0,-1.545
orb_confirm-NQ-tf5|nyam|dir=short,dirshort_or_min60_pct0p2-r2,False,False,114,-3701.0,-0.445
orb_confirm-NQ-tf5|nyam|dir=short,dirshort_or_min60_pct0p2-r3,False,False,114,-14046.0,-1.476
orb_confirm-NQ-tf5|nyam|dir=short,authon_dirshort_or_min15_struct1p5-r0,False,True,303,42638.0,0.97
orb_confirm-NQ-tf5|nyam|dir=short,authon_dirshort_or_min30_struct1p5-r0,False,True,240,25635.0,0.648
orb_confirm-NQ-tf5|nyam|dir=short,authon_dirshort_or_min60_struct1p5-r0,False,True,114,10259.0,0.371
orb_confirm-NQ-tf5|pm|dir=long,dirlong_or_min15_atr1p5-r0,False,False,310,36805.0,1.715
orb_confirm-NQ-tf5|pm|dir=long,dirlong_or_min15_atr1p5-r1,False,False,310,17315.0,1.419
orb_confirm-NQ-tf5|pm|dir=long,dirlong_or_min15_atr1p5-r2,False,False,310,32265.0,1.99
orb_confirm-NQ-tf5|pm|dir=long,dirlong_or_min15_atr1p5-r3,False,False,310,31290.0,1.74
orb_confirm-NQ-tf5|pm|dir=long,dirlong_or_min15_atr3-r0,False,False,310,62560.0,2.433
orb_confirm-NQ-tf5|pm|dir=long,dirlong_or_min15_atr3-r1,False,False,310,53345.0,2.661
orb_confirm-NQ-tf5|pm|dir=long,dirlong_or_min15_atr3-r2,False,False,310,53265.0,2.312
orb_confirm-NQ-tf5|pm|dir=long,dirlong_or_min15_atr3-r3,False,False,310,60825.0,2.458
orb_confirm-NQ-tf5|pm|dir=long,dirlong_or_min15_pts10-r0,False,False,310,6575.0,0.488
orb_confirm-NQ-tf5|pm|dir=long,dirlong_or_min15_pts10-r1,False,False,310,-6330.0,-1.778
orb_confirm-NQ-tf5|pm|dir=long,dirlong_or_min15_pts10-r2,False,False,310,-5225.0,-1.054
orb_confirm-NQ-tf5|pm|dir=long,dirlong_or_min15_pts10-r3,False,False,310,-3025.0,-0.496
orb_confirm-NQ-tf5|pm|dir=long,dirlong_or_min15_pts20-r0,False,False,310,19475.0,1.068
orb_confirm-NQ-tf5|pm|dir=long,dirlong_or_min15_pts20-r1,False,False,310,255.0,0.036
orb_confirm-NQ-tf5|pm|dir=long,dirlong_or_min15_pts20-r2,False,False,310,2020.0,0.206
orb_confirm-NQ-tf5|pm|dir=long,dirlong_or_min15_pts20-r3,False,False,310,9790.0,0.838
orb_confirm-NQ-tf5|pm|dir=long,dirlong_or_min15_pts30-r0,False,False,310,39345.0,1.928
orb_confirm-NQ-tf5|pm|dir=long,dirlong_or_min15_pts30-r1,False,False,310,18390.0,1.802
orb_confirm-NQ-tf5|pm|dir=long,dirlong_or_min15_pts30-r2,False,False,310,28540.0,2.058
orb_confirm-NQ-tf5|pm|dir=long,dirlong_or_min15_pts30-r3,False,False,310,21960.0,1.422
orb_confirm-NQ-tf5|pm|dir=long,dirlong_or_min15_pts45-r0,False,False,310,55530.0,2.514
orb_confirm-NQ-tf5|pm|dir=long,dirlong_or_min15_pts45-r1,False,False,310,38865.0,2.753
orb_confirm-NQ-tf5|pm|dir=long,dirlong_or_min15_pts45-r2,False,False,310,45750.0,2.597
orb_confirm-NQ-tf5|pm|dir=long,dirlong_or_min15_pts45-r3,False,False,310,47055.0,2.507
orb_confirm-NQ-tf5|pm|dir=long,dirlong_or_min15_pct0p1-r0,False,False,310,19130.0,1.121
orb_confirm-NQ-tf5|pm|dir=long,dirlong_or_min15_pct0p1-r1,False,False,310,-5175.0,-1.046
orb_confirm-NQ-tf5|pm|dir=long,dirlong_or_min15_pct0p1-r2,False,False,310,-1930.0,-0.281
orb_confirm-NQ-tf5|pm|dir=long,dirlong_or_min15_pct0p1-r3,False,False,310,3990.0,0.473
orb_confirm-NQ-tf5|pm|dir=long,dirlong_or_min15_pct0p2-r0,False,False,310,32410.0,1.633
orb_confirm-NQ-tf5|pm|dir=long,dirlong_or_min15_pct0p2-r1,False,False,310,11450.0,1.209
orb_confirm-NQ-tf5|pm|dir=long,dirlong_or_min15_pct0p2-r2,False,False,310,17745.0,1.411
orb_confirm-NQ-tf5|pm|dir=long,dirlong_or_min15_pct0p2-r3,False,False,310,13660.0,0.956
orb_confirm-NQ-tf5|pm|dir=long,dirlong_or_min30_atr1p5-r0,False,False,295,38765.0,1.829
orb_confirm-NQ-tf5|pm|dir=long,dirlong_or_min30_atr1p5-r1,False,False,295,19680.0,1.653
orb_confirm-NQ-tf5|pm|dir=long,dirlong_or_min30_atr1p5-r2,False,False,295,36930.0,2.302
orb_confirm-NQ-tf5|pm|dir=long,dirlong_or_min30_atr1p5-r3,False,False,295,33815.0,1.913
orb_confirm-NQ-tf5|pm|dir=long,dirlong_or_min30_atr3-r0,False,False,295,59335.0,2.342
orb_confirm-NQ-tf5|pm|dir=long,dirlong_or_min30_atr3-r1,False,False,295,47185.0,2.402
orb_confirm-NQ-tf5|pm|dir=long,dirlong_or_min30_atr3-r2,False,False,295,48530.0,2.161
orb_confirm-NQ-tf5|pm|dir=long,dirlong_or_min30_atr3-r3,False,False,295,57600.0,2.365
orb_confirm-NQ-tf5|pm|dir=long,dirlong_or_min30_pts10-r0,False,False,295,7105.0,0.531
orb_confirm-NQ-tf5|pm|dir=long,dirlong_or_min30_pts10-r1,False,False,295,-6225.0,-1.79
orb_confirm-NQ-tf5|pm|dir=long,dirlong_or_min30_pts10-r2,False,False,295,-4100.0,-0.843
orb_confirm-NQ-tf5|pm|dir=long,dirlong_or_min30_pts10-r3,False,False,295,-2790.0,-0.467
orb_confirm-NQ-tf5|pm|dir=long,dirlong_or_min30_pts20-r0,False,False,295,14660.0,0.821
orb_confirm-NQ-tf5|pm|dir=long,dirlong_or_min30_pts20-r1,False,False,295,-1945.0,-0.283
orb_confirm-NQ-tf5|pm|dir=long,dirlong_or_min30_pts20-r2,False,False,295,2935.0,0.305
orb_confirm-NQ-tf5|pm|dir=long,dirlong_or_min30_pts20-r3,False,False,295,6885.0,0.609
orb_confirm-NQ-tf5|pm|dir=long,dirlong_or_min30_pts30-r0,False,False,295,39145.0,1.95
orb_confirm-NQ-tf5|pm|dir=long,dirlong_or_min30_pts30-r1,False,False,295,18345.0,1.84
orb_confirm-NQ-tf5|pm|dir=long,dirlong_or_min30_pts30-r2,False,False,295,27320.0,2.035
orb_confirm-NQ-tf5|pm|dir=long,dirlong_or_min30_pts30-r3,False,False,295,21875.0,1.455
orb_confirm-NQ-tf5|pm|dir=long,dirlong_or_min30_pts45-r0,False,False,295,54075.0,2.465
orb_confirm-NQ-tf5|pm|dir=long,dirlong_or_min30_pts45-r1,False,False,295,37455.0,2.708
orb_confirm-NQ-tf5|pm|dir=long,dirlong_or_min30_pts45-r2,False,False,295,43135.0,2.496
orb_confirm-NQ-tf5|pm|dir=long,dirlong_or_min30_pts45-r3,False,False,295,45225.0,2.44
orb_confirm-NQ-tf5|pm|dir=long,dirlong_or_min30_pct0p1-r0,False,False,295,22240.0,1.31
orb_confirm-NQ-tf5|pm|dir=long,dirlong_or_min30_pct0p1-r1,False,False,295,-2865.0,-0.593
orb_confirm-NQ-tf5|pm|dir=long,dirlong_or_min30_pct0p1-r2,False,False,295,1650.0,0.244
orb_confirm-NQ-tf5|pm|dir=long,dirlong_or_min30_pct0p1-r3,False,False,295,5995.0,0.725
orb_confirm-NQ-tf5|pm|dir=long,dirlong_or_min30_pct0p2-r0,False,False,295,27855.0,1.43
orb_confirm-NQ-tf5|pm|dir=long,dirlong_or_min30_pct0p2-r1,False,False,295,9925.0,1.068
orb_confirm-NQ-tf5|pm|dir=long,dirlong_or_min30_pct0p2-r2,False,False,295,16020.0,1.307
orb_confirm-NQ-tf5|pm|dir=long,dirlong_or_min30_pct0p2-r3,False,False,295,7630.0,0.554
orb_confirm-NQ-tf5|pm|dir=long,dirlong_or_min60_atr1p5-r0,False,False,269,24694.0,1.226
orb_confirm-NQ-tf5|pm|dir=long,dirlong_or_min60_atr1p5-r1,False,False,269,12019.0,1.034
orb_confirm-NQ-tf5|pm|dir=long,dirlong_or_min60_atr1p5-r2,False,False,269,25204.0,1.655
orb_confirm-NQ-tf5|pm|dir=long,dirlong_or_min60_atr1p5-r3,False,False,269,17924.0,1.05
orb_confirm-NQ-tf5|pm|dir=long,dirlong_or_min60_atr3-r0,False,False,269,52859.0,2.203
orb_confirm-NQ-tf5|pm|dir=long,dirlong_or_min60_atr3-r1,False,False,269,42634.0,2.308
orb_confirm-NQ-tf5|pm|dir=long,dirlong_or_min60_atr3-r2,False,False,269,41349.0,1.96
orb_confirm-NQ-tf5|pm|dir=long,dirlong_or_min60_atr3-r3,False,False,269,48259.0,2.107
orb_confirm-NQ-tf5|pm|dir=long,dirlong_or_min60_pts10-r0,False,False,269,7949.0,0.605
orb_confirm-NQ-tf5|pm|dir=long,dirlong_or_min60_pts10-r1,False,False,269,-7666.0,-2.316
orb_confirm-NQ-tf5|pm|dir=long,dirlong_or_min60_pts10-r2,False,False,269,-7731.0,-1.702
orb_confirm-NQ-tf5|pm|dir=long,dirlong_or_min60_pts10-r3,False,False,269,-5181.0,-0.926
orb_confirm-NQ-tf5|pm|dir=long,dirlong_or_min60_pts20-r0,False,False,269,17164.0,0.992
orb_confirm-NQ-tf5|pm|dir=long,dirlong_or_min60_pts20-r1,False,False,269,-1551.0,-0.236
orb_confirm-NQ-tf5|pm|dir=long,dirlong_or_min60_pts20-r2,False,False,269,4074.0,0.444
orb_confirm-NQ-tf5|pm|dir=long,dirlong_or_min60_pts20-r3,False,False,269,6509.0,0.581
orb_confirm-NQ-tf5|pm|dir=long,dirlong_or_min60_pts30-r0,False,False,269,33699.0,1.761
orb_confirm-NQ-tf5|pm|dir=long,dirlong_or_min60_pts30-r1,False,False,269,15279.0,1.604
orb_confirm-NQ-tf5|pm|dir=long,dirlong_or_min60_pts30-r2,False,False,269,26079.0,1.971
orb_confirm-NQ-tf5|pm|dir=long,dirlong_or_min60_pts30-r3,False,False,269,15219.0,1.083
orb_confirm-NQ-tf5|pm|dir=long,dirlong_or_min60_pts45-r0,False,False,269,44719.0,2.153
orb_confirm-NQ-tf5|pm|dir=long,dirlong_or_min60_pts45-r1,False,False,269,33889.0,2.557
orb_confirm-NQ-tf5|pm|dir=long,dirlong_or_min60_pts45-r2,False,False,269,30834.0,1.906
orb_confirm-NQ-tf5|pm|dir=long,dirlong_or_min60_pts45-r3,False,False,269,31309.0,1.833
orb_confirm-NQ-tf5|pm|dir=long,dirlong_or_min60_pct0p1-r0,False,False,269,18584.0,1.132
orb_confirm-NQ-tf5|pm|dir=long,dirlong_or_min60_pct0p1-r1,False,False,269,-6311.0,-1.365
orb_confirm-NQ-tf5|pm|dir=long,dirlong_or_min60_pct0p1-r2,False,False,269,-4111.0,-0.646
orb_confirm-NQ-tf5|pm|dir=long,dirlong_or_min60_pct0p1-r3,False,False,269,2199.0,0.282
orb_confirm-NQ-tf5|pm|dir=long,dirlong_or_min60_pct0p2-r0,False,False,269,26334.0,1.413
orb_confirm-NQ-tf5|pm|dir=long,dirlong_or_min60_pct0p2-r1,False,False,269,8019.0,0.906
orb_confirm-NQ-tf5|pm|dir=long,dirlong_or_min60_pct0p2-r2,False,False,269,21174.0,1.796
orb_confirm-NQ-tf5|pm|dir=long,dirlong_or_min60_pct0p2-r3,False,False,269,8689.0,0.661
orb_confirm-NQ-tf5|pm|dir=long,authon_dirlong_or_min15_struct1p5-r0,False,True,301,63146.0,2.738
orb_confirm-NQ-tf5|pm|dir=long,authon_dirlong_or_min30_struct1p5-r0,False,True,285,62850.0,2.769
orb_confirm-NQ-tf5|pm|dir=long,authon_dirlong_or_min60_struct1p5-r0,False,True,258,66263.0,2.915
orb_confirm-NQ-tf5|pm|dir=short,dirshort_or_min15_atr1p5-r0,False,False,291,10666.0,0.464
orb_confirm-NQ-tf5|pm|dir=short,dirshort_or_min15_atr1p5-r1,False,False,291,-14979.0,-1.083
orb_confirm-NQ-tf5|pm|dir=short,dirshort_or_min15_atr1p5-r2,False,False,291,-2009.0,-0.108
orb_confirm-NQ-tf5|pm|dir=short,dirshort_or_min15_atr1p5-r3,False,False,291,7216.0,0.335
orb_confirm-NQ-tf5|pm|dir=short,dirshort_or_min15_atr3-r0,False,False,291,15731.0,0.547
orb_confirm-NQ-tf5|pm|dir=short,dirshort_or_min15_atr3-r1,False,False,291,-3819.0,-0.159
orb_confirm-NQ-tf5|pm|dir=short,dirshort_or_min15_atr3-r2,False,False,291,6931.0,0.253
orb_confirm-NQ-tf5|pm|dir=short,dirshort_or_min15_atr3-r3,False,False,291,11141.0,0.396
orb_confirm-NQ-tf5|pm|dir=short,dirshort_or_min15_pts10-r0,False,False,291,-9514.0,-0.85
orb_confirm-NQ-tf5|pm|dir=short,dirshort_or_min15_pts10-r1,False,False,291,-4819.0,-1.395
orb_confirm-NQ-tf5|pm|dir=short,dirshort_or_min15_pts10-r2,False,False,291,-9899.0,-2.113
orb_confirm-NQ-tf5|pm|dir=short,dirshort_or_min15_pts10-r3,False,False,291,-13224.0,-2.391
orb_confirm-NQ-tf5|pm|dir=short,dirshort_or_min15_pts20-r0,False,False,291,1756.0,0.104
orb_confirm-NQ-tf5|pm|dir=short,dirshort_or_min15_pts20-r1,False,False,291,-7789.0,-1.139
orb_confirm-NQ-tf5|pm|dir=short,dirshort_or_min15_pts20-r2,False,False,291,-15219.0,-1.644
orb_confirm-NQ-tf5|pm|dir=short,dirshort_or_min15_pts20-r3,False,False,291,-11099.0,-0.997
orb_confirm-NQ-tf5|pm|dir=short,dirshort_or_min15_pts30-r0,False,False,291,11266.0,0.54
orb_confirm-NQ-tf5|pm|dir=short,dirshort_or_min15_pts30-r1,False,False,291,-11479.0,-1.127
orb_confirm-NQ-tf5|pm|dir=short,dirshort_or_min15_pts30-r2,False,False,291,-9149.0,-0.668
orb_confirm-NQ-tf5|pm|dir=short,dirshort_or_min15_pts30-r3,False,False,291,-4439.0,-0.278
orb_confirm-NQ-tf5|pm|dir=short,dirshort_or_min15_pts45-r0,False,False,291,11931.0,0.515
orb_confirm-NQ-tf5|pm|dir=short,dirshort_or_min15_pts45-r1,False,False,291,-14199.0,-0.983
orb_confirm-NQ-tf5|pm|dir=short,dirshort_or_min15_pts45-r2,False,False,291,-5794.0,-0.314
orb_confirm-NQ-tf5|pm|dir=short,dirshort_or_min15_pts45-r3,False,False,291,5236.0,0.248
orb_confirm-NQ-tf5|pm|dir=short,dirshort_or_min15_pct0p1-r0,False,False,291,-8214.0,-0.611
orb_confirm-NQ-tf5|pm|dir=short,dirshort_or_min15_pct0p1-r1,False,False,291,-4574.0,-0.961
orb_confirm-NQ-tf5|pm|dir=short,dirshort_or_min15_pct0p1-r2,False,False,291,-15789.0,-2.479
orb_confirm-NQ-tf5|pm|dir=short,dirshort_or_min15_pct0p1-r3,False,False,291,-21099.0,-2.856
orb_confirm-NQ-tf5|pm|dir=short,dirshort_or_min15_pct0p2-r0,False,False,291,15366.0,0.752
orb_confirm-NQ-tf5|pm|dir=short,dirshort_or_min15_pct0p2-r1,False,False,291,-13449.0,-1.43
orb_confirm-NQ-tf5|pm|dir=short,dirshort_or_min15_pct0p2-r2,False,False,291,-8829.0,-0.696
orb_confirm-NQ-tf5|pm|dir=short,dirshort_or_min15_pct0p2-r3,False,False,291,-4409.0,-0.297
orb_confirm-NQ-tf5|pm|dir=short,dirshort_or_min30_atr1p5-r0,False,False,269,17614.0,0.791
orb_confirm-NQ-tf5|pm|dir=short,dirshort_or_min30_atr1p5-r1,False,False,269,-5801.0,-0.435
orb_confirm-NQ-tf5|pm|dir=short,dirshort_or_min30_atr1p5-r2,False,False,269,8339.0,0.459
orb_confirm-NQ-tf5|pm|dir=short,dirshort_or_min30_atr1p5-r3,False,False,269,15844.0,0.757
orb_confirm-NQ-tf5|pm|dir=short,dirshort_or_min30_atr3-r0,False,False,269,21544.0,0.775
orb_confirm-NQ-tf5|pm|dir=short,dirshort_or_min30_atr3-r1,False,False,269,5039.0,0.218
orb_confirm-NQ-tf5|pm|dir=short,dirshort_or_min30_atr3-r2,False,False,269,13304.0,0.504
orb_confirm-NQ-tf5|pm|dir=short,dirshort_or_min30_atr3-r3,False,False,269,16954.0,0.625
orb_confirm-NQ-tf5|pm|dir=short,dirshort_or_min30_pts10-r0,False,False,269,-5376.0,-0.482
orb_confirm-NQ-tf5|pm|dir=short,dirshort_or_min30_pts10-r1,False,False,269,-4666.0,-1.406
orb_confirm-NQ-tf5|pm|dir=short,dirshort_or_min30_pts10-r2,False,False,269,-10741.0,-2.41
orb_confirm-NQ-tf5|pm|dir=short,dirshort_or_min30_pts10-r3,False,False,269,-12031.0,-2.264
orb_confirm-NQ-tf5|pm|dir=short,dirshort_or_min30_pts20-r0,False,False,269,4069.0,0.248
orb_confirm-NQ-tf5|pm|dir=short,dirshort_or_min30_pts20-r1,False,False,269,-5431.0,-0.824
orb_confirm-NQ-tf5|pm|dir=short,dirshort_or_min30_pts20-r2,False,False,269,-10581.0,-1.175
orb_confirm-NQ-tf5|pm|dir=short,dirshort_or_min30_pts20-r3,False,False,269,-7581.0,-0.698
orb_confirm-NQ-tf5|pm|dir=short,dirshort_or_min30_pts30-r0,False,False,269,16474.0,0.813
orb_confirm-NQ-tf5|pm|dir=short,dirshort_or_min30_pts30-r1,False,False,269,-5211.0,-0.531
orb_confirm-NQ-tf5|pm|dir=short,dirshort_or_min30_pts30-r2,False,False,269,-5771.0,-0.435
orb_confirm-NQ-tf5|pm|dir=short,dirshort_or_min30_pts30-r3,False,False,269,3819.0,0.245
orb_confirm-NQ-tf5|pm|dir=short,dirshort_or_min30_pts45-r0,False,False,269,14409.0,0.641
orb_confirm-NQ-tf5|pm|dir=short,dirshort_or_min30_pts45-r1,False,False,269,-11316.0,-0.813
orb_confirm-NQ-tf5|pm|dir=short,dirshort_or_min30_pts45-r2,False,False,269,-1596.0,-0.09
orb_confirm-NQ-tf5|pm|dir=short,dirshort_or_min30_pts45-r3,False,False,269,6514.0,0.322
orb_confirm-NQ-tf5|pm|dir=short,dirshort_or_min30_pct0p1-r0,False,False,269,-1361.0,-0.101
orb_confirm-NQ-tf5|pm|dir=short,dirshort_or_min30_pct0p1-r1,False,False,269,-2066.0,-0.451
orb_confirm-NQ-tf5|pm|dir=short,dirshort_or_min30_pct0p1-r2,False,False,269,-12286.0,-1.983
orb_confirm-NQ-tf5|pm|dir=short,dirshort_or_min30_pct0p1-r3,False,False,269,-16231.0,-2.236
orb_confirm-NQ-tf5|pm|dir=short,dirshort_or_min30_pct0p2-r0,False,False,269,20559.0,1.029
orb_confirm-NQ-tf5|pm|dir=short,dirshort_or_min30_pct0p2-r1,False,False,269,-6906.0,-0.762
orb_confirm-NQ-tf5|pm|dir=short,dirshort_or_min30_pct0p2-r2,False,False,269,-1961.0,-0.158
orb_confirm-NQ-tf5|pm|dir=short,dirshort_or_min30_pct0p2-r3,False,False,269,3384.0,0.234
orb_confirm-NQ-tf5|pm|dir=short,dirshort_or_min60_atr1p5-r0,False,False,241,14461.0,0.678
orb_confirm-NQ-tf5|pm|dir=short,dirshort_or_min60_atr1p5-r1,False,False,241,-10744.0,-0.857
orb_confirm-NQ-tf5|pm|dir=short,dirshort_or_min60_atr1p5-r2,False,False,241,1641.0,0.096
orb_confirm-NQ-tf5|pm|dir=short,dirshort_or_min60_atr1p5-r3,False,False,241,10621.0,0.535
orb_confirm-NQ-tf5|pm|dir=short,dirshort_or_min60_atr3-r0,False,False,241,27271.0,1.049
orb_confirm-NQ-tf5|pm|dir=short,dirshort_or_min60_atr3-r1,False,False,241,12476.0,0.581
orb_confirm-NQ-tf5|pm|dir=short,dirshort_or_min60_atr3-r2,False,False,241,20066.0,0.813
orb_confirm-NQ-tf5|pm|dir=short,dirshort_or_min60_atr3-r3,False,False,241,24326.0,0.954
orb_confirm-NQ-tf5|pm|dir=short,dirshort_or_min60_pts10-r0,False,False,241,-5959.0,-0.559
orb_confirm-NQ-tf5|pm|dir=short,dirshort_or_min60_pts10-r1,False,False,241,-3669.0,-1.167
orb_confirm-NQ-tf5|pm|dir=short,dirshort_or_min60_pts10-r2,False,False,241,-7909.0,-1.852
orb_confirm-NQ-tf5|pm|dir=short,dirshort_or_min60_pts10-r3,False,False,241,-8399.0,-1.631
orb_confirm-NQ-tf5|pm|dir=short,dirshort_or_min60_pts20-r0,False,False,241,5776.0,0.363
orb_confirm-NQ-tf5|pm|dir=short,dirshort_or_min60_pts20-r1,False,False,241,-7654.0,-1.23
orb_confirm-NQ-tf5|pm|dir=short,dirshort_or_min60_pts20-r2,False,False,241,-7974.0,-0.934
orb_confirm-NQ-tf5|pm|dir=short,dirshort_or_min60_pts20-r3,False,False,241,-8059.0,-0.79
orb_confirm-NQ-tf5|pm|dir=short,dirshort_or_min60_pts30-r0,False,False,241,8091.0,0.422
orb_confirm-NQ-tf5|pm|dir=short,dirshort_or_min60_pts30-r1,False,False,241,-7004.0,-0.757
orb_confirm-NQ-tf5|pm|dir=short,dirshort_or_min60_pts30-r2,False,False,241,-5874.0,-0.47
orb_confirm-NQ-tf5|pm|dir=short,dirshort_or_min60_pts30-r3,False,False,241,-3889.0,-0.267
orb_confirm-NQ-tf5|pm|dir=short,dirshort_or_min60_pts45-r0,False,False,241,11141.0,0.514
orb_confirm-NQ-tf5|pm|dir=short,dirshort_or_min60_pts45-r1,False,False,241,-9024.0,-0.684
orb_confirm-NQ-tf5|pm|dir=short,dirshort_or_min60_pts45-r2,False,False,241,-6054.0,-0.359
orb_confirm-NQ-tf5|pm|dir=short,dirshort_or_min60_pts45-r3,False,False,241,146.0,0.008
orb_confirm-NQ-tf5|pm|dir=short,dirshort_or_min60_pct0p1-r0,False,False,241,-409.0,-0.031
orb_confirm-NQ-tf5|pm|dir=short,dirshort_or_min60_pct0p1-r1,False,False,241,-3694.0,-0.854
orb_confirm-NQ-tf5|pm|dir=short,dirshort_or_min60_pct0p1-r2,False,False,241,-9034.0,-1.525
orb_confirm-NQ-tf5|pm|dir=short,dirshort_or_min60_pct0p1-r3,False,False,241,-13729.0,-1.992
orb_confirm-NQ-tf5|pm|dir=short,dirshort_or_min60_pct0p2-r0,False,False,241,14316.0,0.757
orb_confirm-NQ-tf5|pm|dir=short,dirshort_or_min60_pct0p2-r1,False,False,241,-10599.0,-1.245
orb_confirm-NQ-tf5|pm|dir=short,dirshort_or_min60_pct0p2-r2,False,False,241,-2464.0,-0.212
orb_confirm-NQ-tf5|pm|dir=short,dirshort_or_min60_pct0p2-r3,False,False,241,-2654.0,-0.196
orb_confirm-NQ-tf5|pm|dir=short,authon_dirshort_or_min15_struct1p5-r0,False,True,283,-4847.0,-0.187
orb_confirm-NQ-tf5|pm|dir=short,authon_dirshort_or_min30_struct1p5-r0,False,True,262,1117.0,0.044
orb_confirm-NQ-tf5|pm|dir=short,authon_dirshort_or_min60_struct1p5-r0,False,True,233,-2977.0,-0.118
