cell,vi,xi,sess,trades,net,t,pf,win,max_mae_usd
s3_offatr0p25_atr1p5-r0,0,0,all,246,-25809.0,-0.6534,0.8811,0.1707,6145.0
s3_offatr0p25_atr1p5-r0,0,0,eve,246,-25809.0,-0.6534,0.8811,0.1707,6145.0
s3_offatr0p25_atr1p5-r1,0,1,all,246,3431.0,0.1691,1.0258,0.4634,4595.0
s3_offatr0p25_atr1p5-r1,0,1,eve,246,3431.0,0.1691,1.0258,0.4634,4595.0
s3_offatr0p25_atr1p5-r2,0,2,all,246,-3404.0,-0.1195,0.981,0.3049,6145.0
s3_offatr0p25_atr1p5-r2,0,2,eve,246,-3404.0,-0.1195,0.981,0.3049,6145.0
s3_offatr0p25_atr1p5-r3,0,3,all,246,-12929.0,-0.4076,0.9344,0.248,6145.0
s3_offatr0p25_atr1p5-r3,0,3,eve,246,-12929.0,-0.4076,0.9344,0.248,6145.0
s3_offatr0p25_atr3-r0,0,4,all,246,15901.0,0.2244,1.0483,0.3049,12295.0
s3_offatr0p25_atr3-r0,0,4,eve,246,15901.0,0.2244,1.0483,0.3049,12295.0
s3_offatr0p25_atr3-r1,0,5,all,246,-5274.0,-0.1352,0.9797,0.4634,12295.0
s3_offatr0p25_atr3-r1,0,5,eve,246,-5274.0,-0.1352,0.9797,0.4634,12295.0
s3_offatr0p25_atr3-r2,0,6,all,246,19526.0,0.3915,1.0637,0.3577,12295.0
s3_offatr0p25_atr3-r2,0,6,eve,246,19526.0,0.3915,1.0637,0.3577,12295.0
s3_offatr0p25_atr3-r3,0,7,all,246,25481.0,0.4517,1.0788,0.3211,12295.0
s3_offatr0p25_atr3-r3,0,7,eve,246,25481.0,0.4517,1.0788,0.3211,12295.0
s3_offatr0p25_pts10-r0,0,8,all,246,14671.0,0.6567,1.2973,0.0488,245.0
s3_offatr0p25_pts10-r0,0,8,eve,246,14671.0,0.6567,1.2973,0.0488,245.0
s3_offatr0p25_pts10-r1,0,9,all,246,-3049.0,-0.9535,0.8853,0.4878,245.0
s3_offatr0p25_pts10-r1,0,9,eve,246,-3049.0,-0.9535,0.8853,0.4878,245.0
s3_offatr0p25_pts10-r2,0,10,all,246,-2749.0,-0.6129,0.9211,0.3293,245.0
s3_offatr0p25_pts10-r2,0,10,eve,246,-2749.0,-0.6129,0.9211,0.3293,245.0
s3_offatr0p25_pts10-r3,0,11,all,246,-5074.0,-0.9424,0.872,0.2358,245.0
s3_offatr0p25_pts10-r3,0,11,eve,246,-5074.0,-0.9424,0.872,0.2358,245.0
s3_offatr0p25_pts20-r0,0,12,all,246,21626.0,0.7944,1.2396,0.1057,425.0
s3_offatr0p25_pts20-r0,0,12,eve,246,21626.0,0.7944,1.2396,0.1057,425.0
s3_offatr0p25_pts20-r1,0,13,all,246,-7389.0,-1.1681,0.8614,0.4715,425.0
s3_offatr0p25_pts20-r1,0,13,eve,246,-7389.0,-1.1681,0.8614,0.4715,425.0
s3_offatr0p25_pts20-r2,0,14,all,246,-2009.0,-0.2248,0.9701,0.3333,425.0
s3_offatr0p25_pts20-r2,0,14,eve,246,-2009.0,-0.2248,0.9701,0.3333,425.0
s3_offatr0p25_pts20-r3,0,15,all,246,1866.0,0.1685,1.025,0.2602,425.0
s3_offatr0p25_pts20-r3,0,15,eve,246,1866.0,0.1685,1.025,0.2602,425.0
s3_offatr0p25_pts30-r0,0,16,all,246,111.0,0.0037,1.0008,0.126,620.0
s3_offatr0p25_pts30-r0,0,16,eve,246,111.0,0.0037,1.0008,0.126,620.0
s3_offatr0p25_pts30-r1,0,17,all,246,-11419.0,-1.207,0.8572,0.4675,620.0
s3_offatr0p25_pts30-r1,0,17,eve,246,-11419.0,-1.207,0.8572,0.4675,620.0
s3_offatr0p25_pts30-r2,0,18,all,246,-9244.0,-0.6997,0.9098,0.3171,620.0
s3_offatr0p25_pts30-r2,0,18,eve,246,-9244.0,-0.6997,0.9098,0.3171,620.0
s3_offatr0p25_pts30-r3,0,19,all,246,-944.0,-0.0575,0.9916,0.252,620.0
s3_offatr0p25_pts30-r3,0,19,eve,246,-944.0,-0.0575,0.9916,0.252,620.0
s3_offatr0p25_pts45-r0,0,20,all,246,18621.0,0.4979,1.1051,0.1951,915.0
s3_offatr0p25_pts45-r0,0,20,eve,246,18621.0,0.4979,1.1051,0.1951,915.0
s3_offatr0p25_pts45-r1,0,21,all,246,-10794.0,-0.761,0.9074,0.4797,915.0
s3_offatr0p25_pts45-r1,0,21,eve,246,-10794.0,-0.761,0.9074,0.4797,915.0
s3_offatr0p25_pts45-r2,0,22,all,246,261.0,0.013,1.0018,0.3374,915.0
s3_offatr0p25_pts45-r2,0,22,eve,246,261.0,0.013,1.0018,0.3374,915.0
s3_offatr0p25_pts45-r3,0,23,all,246,-4179.0,-0.174,0.9746,0.2561,915.0
s3_offatr0p25_pts45-r3,0,23,eve,246,-4179.0,-0.174,0.9746,0.2561,915.0
s3_offatr0p25_pct0p1-r0,0,24,all,246,11946.0,0.4345,1.1176,0.1098,525.0
s3_offatr0p25_pct0p1-r0,0,24,eve,246,11946.0,0.4345,1.1176,0.1098,525.0
s3_offatr0p25_pct0p1-r1,0,25,all,246,-8979.0,-1.2486,0.852,0.4715,525.0
s3_offatr0p25_pct0p1-r1,0,25,eve,246,-8979.0,-1.2486,0.852,0.4715,525.0
s3_offatr0p25_pct0p1-r2,0,26,all,246,-5219.0,-0.519,0.9323,0.3293,525.0
s3_offatr0p25_pct0p1-r2,0,26,eve,246,-5219.0,-0.519,0.9323,0.3293,525.0
s3_offatr0p25_pct0p1-r3,0,27,all,246,-1564.0,-0.1263,0.9817,0.2561,525.0
s3_offatr0p25_pct0p1-r3,0,27,eve,246,-1564.0,-0.1263,0.9817,0.2561,525.0
s3_offatr0p25_pct0p2-r0,0,28,all,246,11071.0,0.3026,1.0622,0.1951,1050.0
s3_offatr0p25_pct0p2-r0,0,28,eve,246,11071.0,0.3026,1.0622,0.1951,1050.0
s3_offatr0p25_pct0p2-r1,0,29,all,246,-20209.0,-1.4115,0.8345,0.4634,1050.0
s3_offatr0p25_pct0p2-r1,0,29,eve,246,-20209.0,-1.4115,0.8345,0.4634,1050.0
s3_offatr0p25_pct0p2-r2,0,30,all,246,-14114.0,-0.7143,0.9077,0.3211,1050.0
s3_offatr0p25_pct0p2-r2,0,30,eve,246,-14114.0,-0.7143,0.9077,0.3211,1050.0
s3_offatr0p25_pct0p2-r3,0,31,all,246,10246.0,0.4154,1.0634,0.2764,1050.0
s3_offatr0p25_pct0p2-r3,0,31,eve,246,10246.0,0.4154,1.0634,0.2764,1050.0
s3_offatr0p5_atr1p5-r0,1,0,all,218,-22807.0,-0.6345,0.8759,0.1651,4305.0
s3_offatr0p5_atr1p5-r0,1,0,eve,218,-22807.0,-0.6345,0.8759,0.1651,4305.0
s3_offatr0p5_atr1p5-r1,1,1,all,218,10918.0,0.6291,1.1019,0.5092,3075.0
s3_offatr0p5_atr1p5-r1,1,1,eve,218,10918.0,0.6291,1.1019,0.5092,3075.0
s3_offatr0p5_atr1p5-r2,1,2,all,218,12563.0,0.5031,1.0863,0.344,4305.0
s3_offatr0p5_atr1p5-r2,1,2,eve,218,12563.0,0.5031,1.0863,0.344,4305.0
s3_offatr0p5_atr1p5-r3,1,3,all,218,10058.0,0.3462,1.0623,0.2706,4305.0
s3_offatr0p5_atr1p5-r3,1,3,eve,218,10058.0,0.3462,1.0623,0.2706,4305.0
s3_offatr0p5_atr3-r0,1,4,all,218,-21157.0,-0.4378,0.9267,0.2982,6145.0
s3_offatr0p5_atr3-r0,1,4,eve,218,-21157.0,-0.4378,0.9267,0.2982,6145.0
s3_offatr0p5_atr3-r1,1,5,all,218,11728.0,0.3537,1.0557,0.5,6145.0
s3_offatr0p5_atr3-r1,1,5,eve,218,11728.0,0.3537,1.0557,0.5,6145.0
s3_offatr0p5_atr3-r2,1,6,all,218,34183.0,0.7667,1.1316,0.3761,6145.0
s3_offatr0p5_atr3-r2,1,6,eve,218,34183.0,0.7667,1.1316,0.3761,6145.0
s3_offatr0p5_atr3-r3,1,7,all,218,21843.0,0.4348,1.0772,0.3211,6145.0
s3_offatr0p5_atr3-r3,1,7,eve,218,21843.0,0.4348,1.0772,0.3211,6145.0
s3_offatr0p5_pts10-r0,1,8,all,218,12048.0,0.583,1.2728,0.0413,240.0
s3_offatr0p5_pts10-r0,1,8,eve,218,12048.0,0.583,1.2728,0.0413,240.0
s3_offatr0p5_pts10-r1,1,9,all,218,-2972.0,-0.9843,0.8749,0.4862,240.0
s3_offatr0p5_pts10-r1,1,9,eve,218,-2972.0,-0.9843,0.8749,0.4862,240.0
s3_offatr0p5_pts10-r2,1,10,all,218,-1807.0,-0.4256,0.9412,0.3349,240.0
s3_offatr0p5_pts10-r2,1,10,eve,218,-1807.0,-0.4256,0.9412,0.3349,240.0
s3_offatr0p5_pts10-r3,1,11,all,218,-122.0,-0.0232,0.9964,0.2615,240.0
s3_offatr0p5_pts10-r3,1,11,eve,218,-122.0,-0.0232,0.9964,0.2615,240.0
s3_offatr0p5_pts20-r0,1,12,all,218,8458.0,0.3271,1.1026,0.078,425.0
s3_offatr0p5_pts20-r0,1,12,eve,218,8458.0,0.3271,1.1026,0.078,425.0
s3_offatr0p5_pts20-r1,1,13,all,218,-1602.0,-0.2684,0.9642,0.5,425.0
s3_offatr0p5_pts20-r1,1,13,eve,218,-1602.0,-0.2684,0.9642,0.5,425.0
s3_offatr0p5_pts20-r2,1,14,all,218,-3822.0,-0.4568,0.9367,0.3257,425.0
s3_offatr0p5_pts20-r2,1,14,eve,218,-3822.0,-0.4568,0.9367,0.3257,425.0
s3_offatr0p5_pts20-r3,1,15,all,218,-7527.0,-0.7479,0.8902,0.2339,425.0
s3_offatr0p5_pts20-r3,1,15,eve,218,-7527.0,-0.7479,0.8902,0.2339,425.0
s3_offatr0p5_pts30-r0,1,16,all,218,-5987.0,-0.2161,0.9487,0.1239,630.0
s3_offatr0p5_pts30-r0,1,16,eve,218,-5987.0,-0.2161,0.9487,0.1239,630.0
s3_offatr0p5_pts30-r1,1,17,all,218,-6487.0,-0.7266,0.9061,0.4817,630.0
s3_offatr0p5_pts30-r1,1,17,eve,218,-6487.0,-0.7266,0.9061,0.4817,630.0
s3_offatr0p5_pts30-r2,1,18,all,218,-6707.0,-0.5371,0.9258,0.3211,630.0
s3_offatr0p5_pts30-r2,1,18,eve,218,-6707.0,-0.5371,0.9258,0.3211,630.0
s3_offatr0p5_pts30-r3,1,19,all,218,4013.0,0.2564,1.0408,0.2615,630.0
s3_offatr0p5_pts30-r3,1,19,eve,218,4013.0,0.2564,1.0408,0.2615,630.0
s3_offatr0p5_pts45-r0,1,20,all,218,-14027.0,-0.4292,0.9146,0.1697,935.0
s3_offatr0p5_pts45-r0,1,20,eve,218,-14027.0,-0.4292,0.9146,0.1697,935.0
s3_offatr0p5_pts45-r1,1,21,all,218,-12447.0,-0.9324,0.8812,0.4725,935.0
s3_offatr0p5_pts45-r1,1,21,eve,218,-12447.0,-0.9324,0.8812,0.4725,935.0
s3_offatr0p5_pts45-r2,1,22,all,218,-6372.0,-0.3394,0.9524,0.3257,935.0
s3_offatr0p5_pts45-r2,1,22,eve,218,-6372.0,-0.3394,0.9524,0.3257,935.0
s3_offatr0p5_pts45-r3,1,23,all,218,-4232.0,-0.185,0.9715,0.2523,935.0
s3_offatr0p5_pts45-r3,1,23,eve,218,-4232.0,-0.185,0.9715,0.2523,935.0
s3_offatr0p5_pct0p1-r0,1,24,all,218,-3402.0,-0.1331,0.9631,0.0872,525.0
s3_offatr0p5_pct0p1-r0,1,24,eve,218,-3402.0,-0.1331,0.9631,0.0872,525.0
s3_offatr0p5_pct0p1-r1,1,25,all,218,-9112.0,-1.3431,0.8328,0.4587,525.0
s3_offatr0p5_pct0p1-r1,1,25,eve,218,-9112.0,-1.3431,0.8328,0.4587,525.0
s3_offatr0p5_pct0p1-r2,1,26,all,218,-10457.0,-1.1151,0.8516,0.3028,525.0
s3_offatr0p5_pct0p1-r2,1,26,eve,218,-10457.0,-1.1151,0.8516,0.3028,525.0
s3_offatr0p5_pct0p1-r3,1,27,all,218,-11752.0,-1.0371,0.8502,0.2248,525.0
s3_offatr0p5_pct0p1-r3,1,27,eve,218,-11752.0,-1.0371,0.8502,0.2248,525.0
s3_offatr0p5_pct0p2-r0,1,28,all,218,-10932.0,-0.3338,0.933,0.1789,1055.0
s3_offatr0p5_pct0p2-r0,1,28,eve,218,-10932.0,-0.3338,0.933,0.1789,1055.0
s3_offatr0p5_pct0p2-r1,1,29,all,218,-9572.0,-0.7066,0.9081,0.4817,1055.0
s3_offatr0p5_pct0p2-r1,1,29,eve,218,-9572.0,-0.7066,0.9081,0.4817,1055.0
s3_offatr0p5_pct0p2-r2,1,30,all,218,-5257.0,-0.2791,0.9606,0.3349,1055.0
s3_offatr0p5_pct0p2-r2,1,30,eve,218,-5257.0,-0.2791,0.9606,0.3349,1055.0
s3_offatr0p5_pct0p2-r3,1,31,all,218,-4782.0,-0.2089,0.9678,0.2569,1055.0
s3_offatr0p5_pct0p2-r3,1,31,eve,218,-4782.0,-0.2089,0.9678,0.2569,1055.0
s3_offatr1_atr1p5-r0,2,0,all,134,-22391.0,-0.8705,0.7901,0.1418,2510.0
s3_offatr1_atr1p5-r0,2,0,eve,134,-22391.0,-0.8705,0.7901,0.1418,2510.0
s3_offatr1_atr1p5-r1,2,1,all,134,-1696.0,-0.1413,0.9732,0.4925,2235.0
s3_offatr1_atr1p5-r1,2,1,eve,134,-1696.0,-0.1413,0.9732,0.4925,2235.0
s3_offatr1_atr1p5-r2,2,2,all,134,-811.0,-0.0482,0.9902,0.3433,2235.0
s3_offatr1_atr1p5-r2,2,2,eve,134,-811.0,-0.0482,0.9902,0.3433,2235.0
s3_offatr1_atr1p5-r3,2,3,all,134,-14666.0,-0.7379,0.8479,0.2313,2235.0
s3_offatr1_atr1p5-r3,2,3,eve,134,-14666.0,-0.7379,0.8479,0.2313,2235.0
s3_offatr1_atr3-r0,2,4,all,134,-42396.0,-1.2844,0.7556,0.2761,5015.0
s3_offatr1_atr3-r0,2,4,eve,134,-42396.0,-1.2844,0.7556,0.2761,5015.0
s3_offatr1_atr3-r1,2,5,all,134,14899.0,0.6401,1.1317,0.5299,4475.0
s3_offatr1_atr3-r1,2,5,eve,134,14899.0,0.6401,1.1317,0.5299,4475.0
s3_offatr1_atr3-r2,2,6,all,134,8989.0,0.2821,1.0588,0.3731,5015.0
s3_offatr1_atr3-r2,2,6,eve,134,8989.0,0.2821,1.0588,0.3731,5015.0
s3_offatr1_atr3-r3,2,7,all,134,-16211.0,-0.4832,0.9045,0.2985,5015.0
s3_offatr1_atr3-r3,2,7,eve,134,-16211.0,-0.4832,0.9045,0.2985,5015.0
s3_offatr1_pts10-r0,2,8,all,134,15634.0,0.9087,1.5822,0.0522,240.0
s3_offatr1_pts10-r0,2,8,eve,134,15634.0,0.9087,1.5822,0.0522,240.0
s3_offatr1_pts10-r1,2,9,all,134,-3081.0,-1.3046,0.7977,0.4627,230.0
s3_offatr1_pts10-r1,2,9,eve,134,-3081.0,-1.3046,0.7977,0.4627,230.0
s3_offatr1_pts10-r2,2,10,all,134,-2851.0,-0.8701,0.8537,0.3134,240.0
s3_offatr1_pts10-r2,2,10,eve,134,-2851.0,-0.8701,0.8537,0.3134,240.0
s3_offatr1_pts10-r3,2,11,all,134,-3316.0,-0.8379,0.8478,0.2313,240.0
s3_offatr1_pts10-r3,2,11,eve,134,-3316.0,-0.8379,0.8478,0.2313,240.0
s3_offatr1_pts20-r0,2,12,all,134,14069.0,0.668,1.2832,0.097,425.0
s3_offatr1_pts20-r0,2,12,eve,134,14069.0,0.668,1.2832,0.097,425.0
s3_offatr1_pts20-r1,2,13,all,134,-1801.0,-0.3842,0.9355,0.4925,425.0
s3_offatr1_pts20-r1,2,13,eve,134,-1801.0,-0.3842,0.9355,0.4925,425.0
s3_offatr1_pts20-r2,2,14,all,134,469.0,0.0704,1.013,0.3433,425.0
s3_offatr1_pts20-r2,2,14,eve,134,469.0,0.0704,1.013,0.3433,425.0
s3_offatr1_pts20-r3,2,15,all,134,7629.0,0.8996,1.1955,0.291,425.0
s3_offatr1_pts20-r3,2,15,eve,134,7629.0,0.8996,1.1955,0.291,425.0
s3_offatr1_pts30-r0,2,16,all,134,8794.0,0.3702,1.1232,0.1269,620.0
s3_offatr1_pts30-r0,2,16,eve,134,8794.0,0.3702,1.1232,0.1269,620.0
s3_offatr1_pts30-r1,2,17,all,134,-3336.0,-0.4764,0.9207,0.4851,610.0
s3_offatr1_pts30-r1,2,17,eve,134,-3336.0,-0.4764,0.9207,0.4851,610.0
s3_offatr1_pts30-r2,2,18,all,134,10389.0,1.0198,1.2053,0.3806,610.0
s3_offatr1_pts30-r2,2,18,eve,134,10389.0,1.0198,1.2053,0.3806,610.0
s3_offatr1_pts30-r3,2,19,all,134,12114.0,0.954,1.2091,0.291,615.0
s3_offatr1_pts30-r3,2,19,eve,134,12114.0,0.954,1.2091,0.291,615.0
s3_offatr1_pts45-r0,2,20,all,134,-7821.0,-0.304,0.9233,0.1642,910.0
s3_offatr1_pts45-r0,2,20,eve,134,-7821.0,-0.304,0.9233,0.1642,910.0
s3_offatr1_pts45-r1,2,21,all,134,-2741.0,-0.2613,0.9557,0.4925,910.0
s3_offatr1_pts45-r1,2,21,eve,134,-2741.0,-0.2613,0.9557,0.4925,910.0
s3_offatr1_pts45-r2,2,22,all,134,2534.0,0.1697,1.0316,0.3433,910.0
s3_offatr1_pts45-r2,2,22,eve,134,2534.0,0.1697,1.0316,0.3433,910.0
s3_offatr1_pts45-r3,2,23,all,134,4259.0,0.2314,1.0473,0.2612,910.0
s3_offatr1_pts45-r3,2,23,eve,134,4259.0,0.2314,1.0473,0.2612,910.0
s3_offatr1_pct0p1-r0,2,24,all,134,12274.0,0.5731,1.2211,0.1119,530.0
s3_offatr1_pct0p1-r0,2,24,eve,134,12274.0,0.5731,1.2211,0.1119,530.0
s3_offatr1_pct0p1-r1,2,25,all,134,-196.0,-0.0365,0.9937,0.5075,530.0
s3_offatr1_pct0p1-r1,2,25,eve,134,-196.0,-0.0365,0.9937,0.5075,530.0
s3_offatr1_pct0p1-r2,2,26,all,134,484.0,0.0635,1.0117,0.3433,530.0
s3_offatr1_pct0p1-r2,2,26,eve,134,484.0,0.0635,1.0117,0.3433,530.0
s3_offatr1_pct0p1-r3,2,27,all,134,9774.0,1.0062,1.2214,0.2985,530.0
s3_offatr1_pct0p1-r3,2,27,eve,134,9774.0,1.0062,1.2214,0.2985,530.0
s3_offatr1_pct0p2-r0,2,28,all,134,-6081.0,-0.235,0.9406,0.1716,1055.0
s3_offatr1_pct0p2-r0,2,28,eve,134,-6081.0,-0.235,0.9406,0.1716,1055.0
s3_offatr1_pct0p2-r1,2,29,all,134,-11346.0,-1.0651,0.8309,0.4627,1055.0
s3_offatr1_pct0p2-r1,2,29,eve,134,-11346.0,-1.0651,0.8309,0.4627,1055.0
s3_offatr1_pct0p2-r2,2,30,all,134,3339.0,0.22,1.0412,0.3507,1055.0
s3_offatr1_pct0p2-r2,2,30,eve,134,3339.0,0.22,1.0412,0.3507,1055.0
s3_offatr1_pct0p2-r3,2,31,all,134,-976.0,-0.053,0.9895,0.2537,1055.0
s3_offatr1_pct0p2-r3,2,31,eve,134,-976.0,-0.053,0.9895,0.2537,1055.0
s3_offptsA_atr1p5-r0,3,0,all,240,-3365.0,-0.0812,0.9836,0.1833,6145.0
s3_offptsA_atr1p5-r0,3,0,eve,240,-3365.0,-0.0812,0.9836,0.1833,6145.0
s3_offptsA_atr1p5-r1,3,1,all,240,4815.0,0.238,1.037,0.4958,6145.0
s3_offptsA_atr1p5-r1,3,1,eve,240,4815.0,0.238,1.037,0.4958,6145.0
s3_offptsA_atr1p5-r2,3,2,all,240,30300.0,1.0206,1.1837,0.3458,6145.0
s3_offptsA_atr1p5-r2,3,2,eve,240,30300.0,1.0206,1.1837,0.3458,6145.0
s3_offptsA_atr1p5-r3,3,3,all,240,29890.0,0.8517,1.1636,0.275,6145.0
s3_offptsA_atr1p5-r3,3,3,eve,240,29890.0,0.8517,1.1636,0.275,6145.0
s3_offptsA_atr3-r0,3,4,all,240,98420.0,1.3199,1.328,0.3375,12295.0
s3_offptsA_atr3-r0,3,4,eve,240,98420.0,1.3199,1.328,0.3375,12295.0
s3_offptsA_atr3-r1,3,5,all,240,55815.0,1.4378,1.2466,0.5208,12295.0
s3_offptsA_atr3-r1,3,5,eve,240,55815.0,1.4378,1.2466,0.5208,12295.0
s3_offptsA_atr3-r2,3,6,all,240,100815.0,1.8932,1.3657,0.4042,12295.0
s3_offptsA_atr3-r2,3,6,eve,240,100815.0,1.8932,1.3657,0.4042,12295.0
s3_offptsA_atr3-r3,3,7,all,240,137230.0,2.1077,1.4681,0.3625,12295.0
s3_offptsA_atr3-r3,3,7,eve,240,137230.0,2.1077,1.4681,0.3625,12295.0
s3_offptsA_pts10-r0,3,8,all,240,-8455.0,-0.4876,0.8267,0.0375,240.0
s3_offptsA_pts10-r0,3,8,eve,240,-8455.0,-0.4876,0.8267,0.0375,240.0
s3_offptsA_pts10-r1,3,9,all,240,570.0,0.1803,1.0236,0.525,240.0
s3_offptsA_pts10-r1,3,9,eve,240,570.0,0.1803,1.0236,0.525,240.0
s3_offptsA_pts10-r2,3,10,all,240,-5160.0,-1.1807,0.852,0.3125,240.0
s3_offptsA_pts10-r2,3,10,eve,240,-5160.0,-1.1807,0.852,0.3125,240.0
s3_offptsA_pts10-r3,3,11,all,240,-1445.0,-0.2648,0.9618,0.2542,240.0
s3_offptsA_pts10-r3,3,11,eve,240,-1445.0,-0.2648,0.9618,0.2542,240.0
s3_offptsA_pts20-r0,3,12,all,240,22570.0,0.8317,1.2559,0.1042,425.0
s3_offptsA_pts20-r0,3,12,eve,240,22570.0,0.8317,1.2559,0.1042,425.0
s3_offptsA_pts20-r1,3,13,all,240,-3355.0,-0.536,0.933,0.4917,425.0
s3_offptsA_pts20-r1,3,13,eve,240,-3355.0,-0.536,0.933,0.4917,425.0
s3_offptsA_pts20-r2,3,14,all,240,440.0,0.0495,1.0068,0.3417,425.0
s3_offptsA_pts20-r2,3,14,eve,240,440.0,0.0495,1.0068,0.3417,425.0
s3_offptsA_pts20-r3,3,15,all,240,4340.0,0.3936,1.0601,0.2667,425.0
s3_offptsA_pts20-r3,3,15,eve,240,4340.0,0.3936,1.0601,0.2667,425.0
s3_offptsA_pts30-r0,3,16,all,240,-1060.0,-0.0365,0.9917,0.1292,630.0
s3_offptsA_pts30-r0,3,16,eve,240,-1060.0,-0.0365,0.9917,0.1292,630.0
s3_offptsA_pts30-r1,3,17,all,240,-4170.0,-0.4453,0.944,0.4917,630.0
s3_offptsA_pts30-r1,3,17,eve,240,-4170.0,-0.4453,0.944,0.4917,630.0
s3_offptsA_pts30-r2,3,18,all,240,1590.0,0.1195,1.0165,0.3417,630.0
s3_offptsA_pts30-r2,3,18,eve,240,1590.0,0.1195,1.0165,0.3417,630.0
s3_offptsA_pts30-r3,3,19,all,240,9880.0,0.5951,1.0925,0.2708,630.0
s3_offptsA_pts30-r3,3,19,eve,240,9880.0,0.5951,1.0925,0.2708,630.0
s3_offptsA_pts45-r0,3,20,all,240,18660.0,0.5028,1.1067,0.1917,980.0
s3_offptsA_pts45-r0,3,20,eve,240,18660.0,0.5028,1.1067,0.1917,980.0
s3_offptsA_pts45-r1,3,21,all,240,-7245.0,-0.5166,0.9354,0.4875,980.0
s3_offptsA_pts45-r1,3,21,eve,240,-7245.0,-0.5166,0.9354,0.4875,980.0
s3_offptsA_pts45-r2,3,22,all,240,1650.0,0.0832,1.0115,0.3375,980.0
s3_offptsA_pts45-r2,3,22,eve,240,1650.0,0.0832,1.0115,0.3375,980.0
s3_offptsA_pts45-r3,3,23,all,240,7825.0,0.3196,1.0488,0.2625,980.0
s3_offptsA_pts45-r3,3,23,eve,240,7825.0,0.3196,1.0488,0.2625,980.0
s3_offptsA_pct0p1-r0,3,24,all,240,17395.0,0.6319,1.177,0.1167,540.0
s3_offptsA_pct0p1-r0,3,24,eve,240,17395.0,0.6319,1.177,0.1167,540.0
s3_offptsA_pct0p1-r1,3,25,all,240,-2270.0,-0.319,0.9594,0.5,540.0
s3_offptsA_pct0p1-r1,3,25,eve,240,-2270.0,-0.319,0.9594,0.5,540.0
s3_offptsA_pct0p1-r2,3,26,all,240,1795.0,0.1779,1.0246,0.35,540.0
s3_offptsA_pct0p1-r2,3,26,eve,240,1795.0,0.1779,1.0246,0.35,540.0
s3_offptsA_pct0p1-r3,3,27,all,240,12005.0,0.9457,1.1504,0.2875,540.0
s3_offptsA_pct0p1-r3,3,27,eve,240,12005.0,0.9457,1.1504,0.2875,540.0
s3_offptsA_pct0p2-r0,3,28,all,240,14120.0,0.3889,1.0812,0.1958,1045.0
s3_offptsA_pct0p2-r0,3,28,eve,240,14120.0,0.3889,1.0812,0.1958,1045.0
s3_offptsA_pct0p2-r1,3,29,all,240,-17360.0,-1.2303,0.8522,0.4667,1045.0
s3_offptsA_pct0p2-r1,3,29,eve,240,-17360.0,-1.2303,0.8522,0.4667,1045.0
s3_offptsA_pct0p2-r2,3,30,all,240,-5065.0,-0.257,0.9653,0.3333,1045.0
s3_offptsA_pct0p2-r2,3,30,eve,240,-5065.0,-0.257,0.9653,0.3333,1045.0
s3_offptsA_pct0p2-r3,3,31,all,240,21840.0,0.8741,1.1397,0.2833,1045.0
s3_offptsA_pct0p2-r3,3,31,eve,240,21840.0,0.8741,1.1397,0.2833,1045.0
s3_offptsB_atr1p5-r0,4,0,all,200,-8010.0,-0.2038,0.9565,0.185,6145.0
s3_offptsB_atr1p5-r0,4,0,eve,200,-8010.0,-0.2038,0.9565,0.185,6145.0
s3_offptsB_atr1p5-r1,4,1,all,200,15595.0,0.7977,1.1426,0.52,6145.0
s3_offptsB_atr1p5-r1,4,1,eve,200,15595.0,0.7977,1.1426,0.52,6145.0
s3_offptsB_atr1p5-r2,4,2,all,200,41955.0,1.4465,1.2958,0.365,6145.0
s3_offptsB_atr1p5-r2,4,2,eve,200,41955.0,1.4465,1.2958,0.365,6145.0
s3_offptsB_atr1p5-r3,4,3,all,200,20835.0,0.6236,1.127,0.28,6145.0
s3_offptsB_atr1p5-r3,4,3,eve,200,20835.0,0.6236,1.127,0.28,6145.0
s3_offptsB_atr3-r0,4,4,all,200,28615.0,0.4146,1.102,0.32,12290.0
s3_offptsB_atr3-r0,4,4,eve,200,28615.0,0.4146,1.102,0.32,12290.0
s3_offptsB_atr3-r1,4,5,all,200,49745.0,1.3242,1.2485,0.53,12290.0
s3_offptsB_atr3-r1,4,5,eve,200,49745.0,1.3242,1.2485,0.53,12290.0
s3_offptsB_atr3-r2,4,6,all,200,70840.0,1.3995,1.2818,0.4,12290.0
s3_offptsB_atr3-r2,4,6,eve,200,70840.0,1.3995,1.2818,0.4,12290.0
s3_offptsB_atr3-r3,4,7,all,200,69525.0,1.1621,1.2557,0.35,12290.0
s3_offptsB_atr3-r3,4,7,eve,200,69525.0,1.1621,1.2557,0.35,12290.0
s3_offptsB_pts10-r0,4,8,all,200,2040.0,0.1149,1.0501,0.035,250.0
s3_offptsB_pts10-r0,4,8,eve,200,2040.0,0.1149,1.0501,0.035,250.0
s3_offptsB_pts10-r1,4,9,all,200,-4770.0,-1.6578,0.7908,0.46,225.0
s3_offptsB_pts10-r1,4,9,eve,200,-4770.0,-1.6578,0.7908,0.46,225.0
s3_offptsB_pts10-r2,4,10,all,200,-375.0,-0.0916,0.9865,0.345,250.0
s3_offptsB_pts10-r2,4,10,eve,200,-375.0,-0.0916,0.9865,0.345,250.0
s3_offptsB_pts10-r3,4,11,all,200,-4295.0,-0.8851,0.8671,0.235,250.0
s3_offptsB_pts10-r3,4,11,eve,200,-4295.0,-0.8851,0.8671,0.235,250.0
s3_offptsB_pts20-r0,4,12,all,200,11850.0,0.4793,1.1584,0.09,465.0
s3_offptsB_pts20-r0,4,12,eve,200,11850.0,0.4793,1.1584,0.09,465.0
s3_offptsB_pts20-r1,4,13,all,200,45.0,0.0079,1.0011,0.51,465.0
s3_offptsB_pts20-r1,4,13,eve,200,45.0,0.0079,1.0011,0.51,465.0
s3_offptsB_pts20-r2,4,14,all,200,-1375.0,-0.1702,0.9749,0.335,465.0
s3_offptsB_pts20-r2,4,14,eve,200,-1375.0,-0.1702,0.9749,0.335,465.0
s3_offptsB_pts20-r3,4,15,all,200,6150.0,0.6044,1.1031,0.275,465.0
s3_offptsB_pts20-r3,4,15,eve,200,6150.0,0.6044,1.1031,0.275,465.0
s3_offptsB_pts30-r0,4,16,all,200,520.0,0.0192,1.0049,0.13,640.0
s3_offptsB_pts30-r0,4,16,eve,200,520.0,0.0192,1.0049,0.13,640.0
s3_offptsB_pts30-r1,4,17,all,200,-2695.0,-0.315,0.9563,0.495,640.0
s3_offptsB_pts30-r1,4,17,eve,200,-2695.0,-0.315,0.9563,0.495,640.0
s3_offptsB_pts30-r2,4,18,all,200,6125.0,0.4997,1.0777,0.355,640.0
s3_offptsB_pts30-r2,4,18,eve,200,6125.0,0.4997,1.0777,0.355,640.0
s3_offptsB_pts30-r3,4,19,all,200,17430.0,1.1257,1.2009,0.29,640.0
s3_offptsB_pts30-r3,4,19,eve,200,17430.0,1.1257,1.2009,0.29,640.0
s3_offptsB_pts45-r0,4,20,all,200,-2450.0,-0.0742,0.9838,0.17,915.0
s3_offptsB_pts45-r0,4,20,eve,200,-2450.0,-0.0742,0.9838,0.17,915.0
s3_offptsB_pts45-r1,4,21,all,200,-1450.0,-0.1132,0.9841,0.5,915.0
s3_offptsB_pts45-r1,4,21,eve,200,-1450.0,-0.1132,0.9841,0.5,915.0
s3_offptsB_pts45-r2,4,22,all,200,12765.0,0.693,1.1095,0.36,915.0
s3_offptsB_pts45-r2,4,22,eve,200,12765.0,0.693,1.1095,0.36,915.0
s3_offptsB_pts45-r3,4,23,all,200,10640.0,0.4717,1.08,0.27,915.0
s3_offptsB_pts45-r3,4,23,eve,200,10640.0,0.4717,1.08,0.27,915.0
s3_offptsB_pct0p1-r0,4,24,all,200,4315.0,0.1732,1.0519,0.1,525.0
s3_offptsB_pct0p1-r0,4,24,eve,200,4315.0,0.1732,1.0519,0.1,525.0
s3_offptsB_pct0p1-r1,4,25,all,200,-180.0,-0.0278,0.996,0.505,525.0
s3_offptsB_pct0p1-r1,4,25,eve,200,-180.0,-0.0278,0.996,0.505,525.0
s3_offptsB_pct0p1-r2,4,26,all,200,-1255.0,-0.1373,0.9796,0.335,525.0
s3_offptsB_pct0p1-r2,4,26,eve,200,-1255.0,-0.1373,0.9796,0.335,525.0
s3_offptsB_pct0p1-r3,4,27,all,200,1080.0,0.0959,1.0158,0.26,525.0
s3_offptsB_pct0p1-r3,4,27,eve,200,1080.0,0.0959,1.0158,0.26,525.0
s3_offptsB_pct0p2-r0,4,28,all,200,-19195.0,-0.6281,0.8738,0.165,1060.0
s3_offptsB_pct0p2-r0,4,28,eve,200,-19195.0,-0.6281,0.8738,0.165,1060.0
s3_offptsB_pct0p2-r1,4,29,all,200,-10830.0,-0.8409,0.8871,0.475,1045.0
s3_offptsB_pct0p2-r1,4,29,eve,200,-10830.0,-0.8409,0.8871,0.475,1045.0
s3_offptsB_pct0p2-r2,4,30,all,200,-355.0,-0.0195,0.9971,0.34,1045.0
s3_offptsB_pct0p2-r2,4,30,eve,200,-355.0,-0.0195,0.9971,0.34,1045.0
s3_offptsB_pct0p2-r3,4,31,all,200,2275.0,0.1018,1.0168,0.26,1045.0
s3_offptsB_pct0p2-r3,4,31,eve,200,2275.0,0.1018,1.0168,0.26,1045.0
s4_offatr0p25_atr1p5-r0,0,0,all,246,-51954.0,-1.41,0.763,0.1626,4605.0
s4_offatr0p25_atr1p5-r0,0,0,eve,246,-51954.0,-1.41,0.763,0.1626,4605.0
s4_offatr0p25_atr1p5-r1,0,1,all,246,-14594.0,-0.7593,0.8947,0.4919,4605.0
s4_offatr0p25_atr1p5-r1,0,1,eve,246,-14594.0,-0.7593,0.8947,0.4919,4605.0
s4_offatr0p25_atr1p5-r2,0,2,all,246,-7559.0,-0.2834,0.9574,0.3252,4605.0
s4_offatr0p25_atr1p5-r2,0,2,eve,246,-7559.0,-0.2834,0.9574,0.3252,4605.0
s4_offatr0p25_atr1p5-r3,0,3,all,246,-17064.0,-0.5564,0.9133,0.252,4605.0
s4_offatr0p25_atr1p5-r3,0,3,eve,246,-17064.0,-0.5564,0.9133,0.252,4605.0
s4_offatr0p25_atr3-r0,0,4,all,246,-119604.0,-2.4685,0.6738,0.2642,9180.0
s4_offatr0p25_atr3-r0,0,4,eve,246,-119604.0,-2.4685,0.6738,0.2642,9180.0
s4_offatr0p25_atr3-r1,0,5,all,246,-54304.0,-1.4726,0.8062,0.4593,9180.0
s4_offatr0p25_atr3-r1,0,5,eve,246,-54304.0,-1.4726,0.8062,0.4593,9180.0
s4_offatr0p25_atr3-r2,0,6,all,246,-77124.0,-1.7451,0.7723,0.3333,9180.0
s4_offatr0p25_atr3-r2,0,6,eve,246,-77124.0,-1.7451,0.7723,0.3333,9180.0
s4_offatr0p25_atr3-r3,0,7,all,246,-119194.0,-2.592,0.6719,0.2764,9180.0
s4_offatr0p25_atr3-r3,0,7,eve,246,-119194.0,-2.592,0.6719,0.2764,9180.0
s4_offatr0p25_pts10-r0,0,8,all,246,12321.0,0.5467,1.2485,0.0447,265.0
s4_offatr0p25_pts10-r0,0,8,eve,246,12321.0,0.5467,1.2485,0.0447,265.0
s4_offatr0p25_pts10-r1,0,9,all,246,131.0,0.0409,1.0053,0.5203,265.0
s4_offatr0p25_pts10-r1,0,9,eve,246,131.0,0.0409,1.0053,0.5203,265.0
s4_offatr0p25_pts10-r2,0,10,all,246,-3384.0,-0.7568,0.9035,0.3252,265.0
s4_offatr0p25_pts10-r2,0,10,eve,246,-3384.0,-0.7568,0.9035,0.3252,265.0
s4_offatr0p25_pts10-r3,0,11,all,246,-1079.0,-0.1949,0.9721,0.2561,265.0
s4_offatr0p25_pts10-r3,0,11,eve,246,-1079.0,-0.1949,0.9721,0.2561,265.0
s4_offatr0p25_pts20-r0,0,12,all,246,8451.0,0.3078,1.0915,0.0854,420.0
s4_offatr0p25_pts20-r0,0,12,eve,246,8451.0,0.3078,1.0915,0.0854,420.0
s4_offatr0p25_pts20-r1,0,13,all,246,-5839.0,-0.922,0.8889,0.4797,420.0
s4_offatr0p25_pts20-r1,0,13,eve,246,-5839.0,-0.922,0.8889,0.4797,420.0
s4_offatr0p25_pts20-r2,0,14,all,246,2781.0,0.3076,1.0423,0.3496,420.0
s4_offatr0p25_pts20-r2,0,14,eve,246,2781.0,0.3076,1.0423,0.3496,420.0
s4_offatr0p25_pts20-r3,0,15,all,246,1846.0,0.1667,1.0247,0.2602,420.0
s4_offatr0p25_pts20-r3,0,15,eve,246,1846.0,0.1667,1.0247,0.2602,420.0
s4_offatr0p25_pts30-r0,0,16,all,246,7141.0,0.2309,1.055,0.1341,615.0
s4_offatr0p25_pts30-r0,0,16,eve,246,7141.0,0.2309,1.055,0.1341,615.0
s4_offatr0p25_pts30-r1,0,17,all,246,6696.0,0.7076,1.0946,0.5285,615.0
s4_offatr0p25_pts30-r1,0,17,eve,246,6696.0,0.7076,1.0946,0.5285,615.0
s4_offatr0p25_pts30-r2,0,18,all,246,5246.0,0.3876,1.0537,0.3496,615.0
s4_offatr0p25_pts30-r2,0,18,eve,246,5246.0,0.3876,1.0537,0.3496,615.0
s4_offatr0p25_pts30-r3,0,19,all,246,15951.0,0.939,1.1477,0.2805,615.0
s4_offatr0p25_pts30-r3,0,19,eve,246,15951.0,0.939,1.1477,0.2805,615.0
s4_offatr0p25_pts45-r0,0,20,all,246,651.0,0.018,1.0036,0.1789,920.0
s4_offatr0p25_pts45-r0,0,20,eve,246,651.0,0.018,1.0036,0.1789,920.0
s4_offatr0p25_pts45-r1,0,21,all,246,46.0,0.0032,1.0004,0.5041,920.0
s4_offatr0p25_pts45-r1,0,21,eve,246,46.0,0.0032,1.0004,0.5041,920.0
s4_offatr0p25_pts45-r2,0,22,all,246,3416.0,0.1694,1.0232,0.3415,920.0
s4_offatr0p25_pts45-r2,0,22,eve,246,3416.0,0.1694,1.0232,0.3415,920.0
s4_offatr0p25_pts45-r3,0,23,all,246,14101.0,0.5615,1.0861,0.2683,920.0
s4_offatr0p25_pts45-r3,0,23,eve,246,14101.0,0.5615,1.0861,0.2683,920.0
s4_offatr0p25_pct0p1-r0,0,24,all,246,7186.0,0.2548,1.0701,0.1016,530.0
s4_offatr0p25_pct0p1-r0,0,24,eve,246,7186.0,0.2548,1.0701,0.1016,530.0
s4_offatr0p25_pct0p1-r1,0,25,all,246,-2674.0,-0.3706,0.9536,0.4919,520.0
s4_offatr0p25_pct0p1-r1,0,25,eve,246,-2674.0,-0.3706,0.9536,0.4919,520.0
s4_offatr0p25_pct0p1-r2,0,26,all,246,4751.0,0.4601,1.0643,0.3537,520.0
s4_offatr0p25_pct0p1-r2,0,26,eve,246,4751.0,0.4601,1.0643,0.3537,520.0
s4_offatr0p25_pct0p1-r3,0,27,all,246,2846.0,0.2249,1.0337,0.2602,530.0
s4_offatr0p25_pct0p1-r3,0,27,eve,246,2846.0,0.2249,1.0337,0.2602,530.0
s4_offatr0p25_pct0p2-r0,0,28,all,246,-1844.0,-0.0511,0.99,0.1789,1050.0
s4_offatr0p25_pct0p2-r0,0,28,eve,246,-1844.0,-0.0511,0.99,0.1789,1050.0
s4_offatr0p25_pct0p2-r1,0,29,all,246,-7629.0,-0.5311,0.9341,0.4878,1040.0
s4_offatr0p25_pct0p2-r1,0,29,eve,246,-7629.0,-0.5311,0.9341,0.4878,1040.0
s4_offatr0p25_pct0p2-r2,0,30,all,246,-12829.0,-0.64,0.9167,0.3171,1050.0
s4_offatr0p25_pct0p2-r2,0,30,eve,246,-12829.0,-0.64,0.9167,0.3171,1050.0
s4_offatr0p25_pct0p2-r3,0,31,all,246,2616.0,0.1051,1.0157,0.2561,1050.0
s4_offatr0p25_pct0p2-r3,0,31,eve,246,2616.0,0.1051,1.0157,0.2561,1050.0
s4_offatr0p5_atr1p5-r0,1,0,all,223,-56147.0,-1.6194,0.714,0.139,4305.0
s4_offatr0p5_atr1p5-r0,1,0,eve,223,-56147.0,-1.6194,0.714,0.139,4305.0
s4_offatr0p5_atr1p5-r1,1,1,all,223,-12142.0,-0.7033,0.8986,0.4933,4305.0
s4_offatr0p5_atr1p5-r1,1,1,eve,223,-12142.0,-0.7033,0.8986,0.4933,4305.0
s4_offatr0p5_atr1p5-r2,1,2,all,223,-22347.0,-0.958,0.8599,0.3139,4305.0
s4_offatr0p5_atr1p5-r2,1,2,eve,223,-22347.0,-0.958,0.8599,0.3139,4305.0
s4_offatr0p5_atr1p5-r3,1,3,all,223,-25382.0,-0.9386,0.8541,0.2511,4305.0
s4_offatr0p5_atr1p5-r3,1,3,eve,223,-25382.0,-0.9386,0.8541,0.2511,4305.0
s4_offatr0p5_atr3-r0,1,4,all,223,-91447.0,-1.9816,0.7157,0.2646,6155.0
s4_offatr0p5_atr3-r0,1,4,eve,223,-91447.0,-1.9816,0.7157,0.2646,6155.0
s4_offatr0p5_atr3-r1,1,5,all,223,-29712.0,-0.8906,0.875,0.4753,6155.0
s4_offatr0p5_atr3-r1,1,5,eve,223,-29712.0,-0.8906,0.875,0.4753,6155.0
s4_offatr0p5_atr3-r2,1,6,all,223,-52597.0,-1.257,0.823,0.3363,6155.0
s4_offatr0p5_atr3-r2,1,6,eve,223,-52597.0,-1.257,0.823,0.3363,6155.0
s4_offatr0p5_atr3-r3,1,7,all,223,-77617.0,-1.7168,0.7551,0.2825,6155.0
s4_offatr0p5_atr3-r3,1,7,eve,223,-77617.0,-1.7168,0.7551,0.2825,6155.0
s4_offatr0p5_pts10-r0,1,8,all,223,9378.0,0.4668,1.2093,0.0493,295.0
s4_offatr0p5_pts10-r0,1,8,eve,223,9378.0,0.4668,1.2093,0.0493,295.0
s4_offatr0p5_pts10-r1,1,9,all,223,-1602.0,-0.5242,0.932,0.5022,295.0
s4_offatr0p5_pts10-r1,1,9,eve,223,-1602.0,-0.5242,0.932,0.5022,295.0
s4_offatr0p5_pts10-r2,1,10,all,223,-2837.0,-0.6648,0.9106,0.3274,295.0
s4_offatr0p5_pts10-r2,1,10,eve,223,-2837.0,-0.6648,0.9106,0.3274,295.0
s4_offatr0p5_pts10-r3,1,11,all,223,-1972.0,-0.3762,0.9442,0.2511,295.0
s4_offatr0p5_pts10-r3,1,11,eve,223,-1972.0,-0.3762,0.9442,0.2511,295.0
s4_offatr0p5_pts20-r0,1,12,all,223,-11482.0,-0.4707,0.8663,0.0628,420.0
s4_offatr0p5_pts20-r0,1,12,eve,223,-11482.0,-0.4707,0.8663,0.0628,420.0
s4_offatr0p5_pts20-r1,1,13,all,223,-6092.0,-1.0104,0.8732,0.4753,420.0
s4_offatr0p5_pts20-r1,1,13,eve,223,-6092.0,-1.0104,0.8732,0.4753,420.0
s4_offatr0p5_pts20-r2,1,14,all,223,-7127.0,-0.8503,0.8866,0.3139,420.0
s4_offatr0p5_pts20-r2,1,14,eve,223,-7127.0,-0.8503,0.8866,0.3139,420.0
s4_offatr0p5_pts20-r3,1,15,all,223,-4842.0,-0.47,0.9303,0.2422,420.0
s4_offatr0p5_pts20-r3,1,15,eve,223,-4842.0,-0.47,0.9303,0.2422,420.0
s4_offatr0p5_pts30-r0,1,16,all,223,-13327.0,-0.4606,0.8914,0.0987,625.0
s4_offatr0p5_pts30-r0,1,16,eve,223,-13327.0,-0.4606,0.8914,0.0987,625.0
s4_offatr0p5_pts30-r1,1,17,all,223,-3452.0,-0.3823,0.95,0.4933,625.0
s4_offatr0p5_pts30-r1,1,17,eve,223,-3452.0,-0.3823,0.95,0.4933,625.0
s4_offatr0p5_pts30-r2,1,18,all,223,-677.0,-0.053,0.9925,0.3363,625.0
s4_offatr0p5_pts30-r2,1,18,eve,223,-677.0,-0.053,0.9925,0.3363,625.0
s4_offatr0p5_pts30-r3,1,19,all,223,5823.0,0.3665,1.0581,0.2646,625.0
s4_offatr0p5_pts30-r3,1,19,eve,223,5823.0,0.3665,1.0581,0.2646,625.0
s4_offatr0p5_pts45-r0,1,20,all,223,-22252.0,-0.6678,0.8693,0.1614,925.0
s4_offatr0p5_pts45-r0,1,20,eve,223,-22252.0,-0.6678,0.8693,0.1614,925.0
s4_offatr0p5_pts45-r1,1,21,all,223,-4282.0,-0.3169,0.9584,0.4933,925.0
s4_offatr0p5_pts45-r1,1,21,eve,223,-4282.0,-0.3169,0.9584,0.4933,925.0
s4_offatr0p5_pts45-r2,1,22,all,223,-5442.0,-0.2863,0.9601,0.3274,925.0
s4_offatr0p5_pts45-r2,1,22,eve,223,-5442.0,-0.2863,0.9601,0.3274,925.0
s4_offatr0p5_pts45-r3,1,23,all,223,-12602.0,-0.5565,0.9176,0.2466,925.0
s4_offatr0p5_pts45-r3,1,23,eve,223,-12602.0,-0.5565,0.9176,0.2466,925.0
s4_offatr0p5_pct0p1-r0,1,24,all,223,-8042.0,-0.3064,0.916,0.0762,530.0
s4_offatr0p5_pct0p1-r0,1,24,eve,223,-8042.0,-0.3064,0.916,0.0762,530.0
s4_offatr0p5_pct0p1-r1,1,25,all,223,-3467.0,-0.5045,0.9342,0.4933,520.0
s4_offatr0p5_pct0p1-r1,1,25,eve,223,-3467.0,-0.5045,0.9342,0.4933,520.0
s4_offatr0p5_pct0p1-r2,1,26,all,223,-6382.0,-0.6656,0.9096,0.3184,520.0
s4_offatr0p5_pct0p1-r2,1,26,eve,223,-6382.0,-0.6656,0.9096,0.3184,520.0
s4_offatr0p5_pct0p1-r3,1,27,all,223,-12492.0,-1.0933,0.8446,0.2242,525.0
s4_offatr0p5_pct0p1-r3,1,27,eve,223,-12492.0,-1.0933,0.8446,0.2242,525.0
s4_offatr0p5_pct0p2-r0,1,28,all,223,-28922.0,-0.8921,0.8306,0.1614,1050.0
s4_offatr0p5_pct0p2-r0,1,28,eve,223,-28922.0,-0.8921,0.8306,0.1614,1050.0
s4_offatr0p5_pct0p2-r1,1,29,all,223,-1022.0,-0.0747,0.99,0.5022,1040.0
s4_offatr0p5_pct0p2-r1,1,29,eve,223,-1022.0,-0.0747,0.99,0.5022,1040.0
s4_offatr0p5_pct0p2-r2,1,30,all,223,-3627.0,-0.1885,0.9735,0.3318,1050.0
s4_offatr0p5_pct0p2-r2,1,30,eve,223,-3627.0,-0.1885,0.9735,0.3318,1050.0
s4_offatr0p5_pct0p2-r3,1,31,all,223,-19627.0,-0.8687,0.874,0.2377,1050.0
s4_offatr0p5_pct0p2-r3,1,31,eve,223,-19627.0,-0.8687,0.874,0.2377,1050.0
s4_offatr1_atr1p5-r0,2,0,all,131,-25444.0,-1.0376,0.7528,0.145,2595.0
s4_offatr1_atr1p5-r0,2,0,eve,131,-25444.0,-1.0376,0.7528,0.145,2595.0
s4_offatr1_atr1p5-r1,2,1,all,131,11981.0,1.0265,1.221,0.542,2235.0
s4_offatr1_atr1p5-r1,2,1,eve,131,11981.0,1.0265,1.221,0.542,2235.0
s4_offatr1_atr1p5-r2,2,2,all,131,8656.0,0.5158,1.1125,0.3511,2595.0
s4_offatr1_atr1p5-r2,2,2,eve,131,8656.0,0.5158,1.1125,0.3511,2595.0
s4_offatr1_atr1p5-r3,2,3,all,131,-824.0,-0.0421,0.9907,0.2672,2595.0
s4_offatr1_atr1p5-r3,2,3,eve,131,-824.0,-0.0421,0.9907,0.2672,2595.0
s4_offatr1_atr3-r0,2,4,all,131,-30174.0,-0.9451,0.8124,0.3053,5225.0
s4_offatr1_atr3-r0,2,4,eve,131,-30174.0,-0.9451,0.8124,0.3053,5225.0
s4_offatr1_atr3-r1,2,5,all,131,30541.0,1.3325,1.2971,0.542,5225.0
s4_offatr1_atr3-r1,2,5,eve,131,30541.0,1.3325,1.2971,0.542,5225.0
s4_offatr1_atr3-r2,2,6,all,131,6616.0,0.2188,1.0454,0.3817,5225.0
s4_offatr1_atr3-r2,2,6,eve,131,6616.0,0.2188,1.0454,0.3817,5225.0
s4_offatr1_atr3-r3,2,7,all,131,1876.0,0.056,1.012,0.3282,5225.0
s4_offatr1_atr3-r3,2,7,eve,131,1876.0,0.056,1.012,0.3282,5225.0
s4_offatr1_pts10-r0,2,8,all,131,-13759.0,-1.5703,0.4895,0.0229,235.0
s4_offatr1_pts10-r0,2,8,eve,131,-13759.0,-1.5703,0.4895,0.0229,235.0
s4_offatr1_pts10-r1,2,9,all,131,-3174.0,-1.3645,0.7875,0.458,220.0
s4_offatr1_pts10-r1,2,9,eve,131,-3174.0,-1.3645,0.7875,0.458,220.0
s4_offatr1_pts10-r2,2,10,all,131,-909.0,-0.2761,0.9504,0.3359,235.0
s4_offatr1_pts10-r2,2,10,eve,131,-909.0,-0.2761,0.9504,0.3359,235.0
s4_offatr1_pts10-r3,2,11,all,131,1436.0,0.347,1.0717,0.2748,235.0
s4_offatr1_pts10-r3,2,11,eve,131,1436.0,0.347,1.0717,0.2748,235.0
s4_offatr1_pts20-r0,2,12,all,131,-6699.0,-0.4043,0.8644,0.084,460.0
s4_offatr1_pts20-r0,2,12,eve,131,-6699.0,-0.4043,0.8644,0.084,460.0
s4_offatr1_pts20-r1,2,13,all,131,-2289.0,-0.4929,0.9172,0.4885,460.0
s4_offatr1_pts20-r1,2,13,eve,131,-2289.0,-0.4929,0.9172,0.4885,460.0
s4_offatr1_pts20-r2,2,14,all,131,-4449.0,-0.6912,0.88,0.313,460.0
s4_offatr1_pts20-r2,2,14,eve,131,-4449.0,-0.6912,0.88,0.313,460.0
s4_offatr1_pts20-r3,2,15,all,131,696.0,0.0859,1.0174,0.2595,460.0
s4_offatr1_pts20-r3,2,15,eve,131,696.0,0.0859,1.0174,0.2595,460.0
s4_offatr1_pts30-r0,2,16,all,131,-9594.0,-0.4689,0.8647,0.1145,660.0
s4_offatr1_pts30-r0,2,16,eve,131,-9594.0,-0.4689,0.8647,0.1145,660.0
s4_offatr1_pts30-r1,2,17,all,131,3261.0,0.4711,1.0861,0.5267,610.0
s4_offatr1_pts30-r1,2,17,eve,131,3261.0,0.4711,1.0861,0.5267,610.0
s4_offatr1_pts30-r2,2,18,all,131,1321.0,0.134,1.0252,0.3435,610.0
s4_offatr1_pts30-r2,2,18,eve,131,1321.0,0.134,1.0252,0.3435,610.0
s4_offatr1_pts30-r3,2,19,all,131,1731.0,0.1427,1.0292,0.2595,660.0
s4_offatr1_pts30-r3,2,19,eve,131,1731.0,0.1427,1.0292,0.2595,660.0
s4_offatr1_pts45-r0,2,20,all,131,-21279.0,-0.8939,0.7896,0.1527,935.0
s4_offatr1_pts45-r0,2,20,eve,131,-21279.0,-0.8939,0.7896,0.1527,935.0
s4_offatr1_pts45-r1,2,21,all,131,3556.0,0.3429,1.062,0.5191,920.0
s4_offatr1_pts45-r1,2,21,eve,131,3556.0,0.3429,1.062,0.5191,920.0
s4_offatr1_pts45-r2,2,22,all,131,10551.0,0.7039,1.1395,0.3664,935.0
s4_offatr1_pts45-r2,2,22,eve,131,10551.0,0.7039,1.1395,0.3664,935.0
s4_offatr1_pts45-r3,2,23,all,131,-2194.0,-0.1232,0.9754,0.2519,935.0
s4_offatr1_pts45-r3,2,23,eve,131,-2194.0,-0.1232,0.9754,0.2519,935.0
s4_offatr1_pct0p1-r0,2,24,all,131,-6039.0,-0.3497,0.8897,0.0992,525.0
s4_offatr1_pct0p1-r0,2,24,eve,131,-6039.0,-0.3497,0.8897,0.0992,525.0
s4_offatr1_pct0p1-r1,2,25,all,131,1001.0,0.1894,1.0339,0.5191,520.0
s4_offatr1_pct0p1-r1,2,25,eve,131,1001.0,0.1894,1.0339,0.5191,520.0
s4_offatr1_pct0p1-r2,2,26,all,131,-794.0,-0.1063,0.9804,0.3359,525.0
s4_offatr1_pct0p1-r2,2,26,eve,131,-794.0,-0.1063,0.9804,0.3359,525.0
s4_offatr1_pct0p1-r3,2,27,all,131,2941.0,0.3147,1.0658,0.2672,525.0
s4_offatr1_pct0p1-r3,2,27,eve,131,2941.0,0.3147,1.0658,0.2672,525.0
s4_offatr1_pct0p2-r0,2,28,all,131,-21819.0,-0.9152,0.7854,0.1527,1065.0
s4_offatr1_pct0p2-r0,2,28,eve,131,-21819.0,-0.9152,0.7854,0.1527,1065.0
s4_offatr1_pct0p2-r1,2,29,all,131,-5514.0,-0.5237,0.9119,0.4809,1045.0
s4_offatr1_pct0p2-r1,2,29,eve,131,-5514.0,-0.5237,0.9119,0.4809,1045.0
s4_offatr1_pct0p2-r2,2,30,all,131,9241.0,0.6073,1.1202,0.3588,1045.0
s4_offatr1_pct0p2-r2,2,30,eve,131,9241.0,0.6073,1.1202,0.3588,1045.0
s4_offatr1_pct0p2-r3,2,31,all,131,-6264.0,-0.351,0.9313,0.2443,1065.0
s4_offatr1_pct0p2-r3,2,31,eve,131,-6264.0,-0.351,0.9313,0.2443,1065.0
s4_offptsA_atr1p5-r0,3,0,all,242,-43933.0,-1.0326,0.8017,0.157,6150.0
s4_offptsA_atr1p5-r0,3,0,eve,242,-43933.0,-1.0326,0.8017,0.157,6150.0
s4_offptsA_atr1p5-r1,3,1,all,242,-16333.0,-0.8119,0.8841,0.4835,4600.0
s4_offptsA_atr1p5-r1,3,1,eve,242,-16333.0,-0.8119,0.8841,0.4835,4600.0
s4_offptsA_atr1p5-r2,3,2,all,242,-9028.0,-0.3288,0.95,0.3306,6150.0
s4_offptsA_atr1p5-r2,3,2,eve,242,-9028.0,-0.3288,0.95,0.3306,6150.0
s4_offptsA_atr1p5-r3,3,3,all,242,-8098.0,-0.2488,0.959,0.2645,6150.0
s4_offptsA_atr1p5-r3,3,3,eve,242,-8098.0,-0.2488,0.959,0.2645,6150.0
s4_offptsA_atr3-r0,3,4,all,242,-94788.0,-1.659,0.743,0.2645,12290.0
s4_offptsA_atr3-r0,3,4,eve,242,-94788.0,-1.659,0.743,0.2645,12290.0
s4_offptsA_atr3-r1,3,5,all,242,-43858.0,-1.1234,0.8436,0.4752,12290.0
s4_offptsA_atr3-r1,3,5,eve,242,-43858.0,-1.1234,0.8436,0.4752,12290.0
s4_offptsA_atr3-r2,3,6,all,242,-64528.0,-1.338,0.811,0.3388,12290.0
s4_offptsA_atr3-r2,3,6,eve,242,-64528.0,-1.338,0.811,0.3388,12290.0
s4_offptsA_atr3-r3,3,7,all,242,-96853.0,-1.8314,0.7348,0.2769,12290.0
s4_offptsA_atr3-r3,3,7,eve,242,-96853.0,-1.8314,0.7348,0.2769,12290.0
s4_offptsA_pts10-r0,3,8,all,242,2022.0,0.0952,1.041,0.0372,265.0
s4_offptsA_pts10-r0,3,8,eve,242,2022.0,0.0952,1.041,0.0372,265.0
s4_offptsA_pts10-r1,3,9,all,242,-3533.0,-1.1121,0.8665,0.4835,235.0
s4_offptsA_pts10-r1,3,9,eve,242,-3533.0,-1.1121,0.8665,0.4835,235.0
s4_offptsA_pts10-r2,3,10,all,242,-1443.0,-0.3216,0.9575,0.3388,265.0
s4_offptsA_pts10-r2,3,10,eve,242,-1443.0,-0.3216,0.9575,0.3388,265.0
s4_offptsA_pts10-r3,3,11,all,242,452.0,0.0814,1.012,0.2645,265.0
s4_offptsA_pts10-r3,3,11,eve,242,452.0,0.0814,1.012,0.2645,265.0
s4_offptsA_pts20-r0,3,12,all,242,15352.0,0.5371,1.1686,0.0826,420.0
s4_offptsA_pts20-r0,3,12,eve,242,15352.0,0.5371,1.1686,0.0826,420.0
s4_offptsA_pts20-r1,3,13,all,242,662.0,0.1053,1.0137,0.5124,420.0
s4_offptsA_pts20-r1,3,13,eve,242,662.0,0.1053,1.0137,0.5124,420.0
s4_offptsA_pts20-r2,3,14,all,242,8052.0,0.8879,1.1282,0.3678,420.0
s4_offptsA_pts20-r2,3,14,eve,242,8052.0,0.8879,1.1282,0.3678,420.0
s4_offptsA_pts20-r3,3,15,all,242,8327.0,0.7432,1.116,0.2769,420.0
s4_offptsA_pts20-r3,3,15,eve,242,8327.0,0.7432,1.116,0.2769,420.0
s4_offptsA_pts30-r0,3,16,all,242,-683.0,-0.0221,0.9948,0.1198,635.0
s4_offptsA_pts30-r0,3,16,eve,242,-683.0,-0.0221,0.9948,0.1198,635.0
s4_offptsA_pts30-r1,3,17,all,242,7787.0,0.8292,1.1127,0.5331,635.0
s4_offptsA_pts30-r1,3,17,eve,242,7787.0,0.8292,1.1127,0.5331,635.0
s4_offptsA_pts30-r2,3,18,all,242,7482.0,0.5548,1.0784,0.3554,635.0
s4_offptsA_pts30-r2,3,18,eve,242,7482.0,0.5548,1.0784,0.3554,635.0
s4_offptsA_pts30-r3,3,19,all,242,10932.0,0.6541,1.1016,0.2727,635.0
s4_offptsA_pts30-r3,3,19,eve,242,10932.0,0.6541,1.1016,0.2727,635.0
s4_offptsA_pts45-r0,3,20,all,242,2932.0,0.0809,1.0164,0.1777,930.0
s4_offptsA_pts45-r0,3,20,eve,242,2932.0,0.0809,1.0164,0.1777,930.0
s4_offptsA_pts45-r1,3,21,all,242,-3533.0,-0.251,0.9682,0.4959,930.0
s4_offptsA_pts45-r1,3,21,eve,242,-3533.0,-0.251,0.9682,0.4959,930.0
s4_offptsA_pts45-r2,3,22,all,242,1892.0,0.0948,1.013,0.3388,930.0
s4_offptsA_pts45-r2,3,22,eve,242,1892.0,0.0948,1.013,0.3388,930.0
s4_offptsA_pts45-r3,3,23,all,242,4637.0,0.1898,1.0286,0.2562,930.0
s4_offptsA_pts45-r3,3,23,eve,242,4637.0,0.1898,1.0286,0.2562,930.0
s4_offptsA_pct0p1-r0,3,24,all,242,11102.0,0.382,1.1094,0.095,525.0
s4_offptsA_pct0p1-r0,3,24,eve,242,11102.0,0.382,1.1094,0.095,525.0
s4_offptsA_pct0p1-r1,3,25,all,242,587.0,0.0822,1.0107,0.5124,525.0
s4_offptsA_pct0p1-r1,3,25,eve,242,587.0,0.0822,1.0107,0.5124,525.0
s4_offptsA_pct0p1-r2,3,26,all,242,9937.0,0.9644,1.1406,0.3719,525.0
s4_offptsA_pct0p1-r2,3,26,eve,242,9937.0,0.9644,1.1406,0.3719,525.0
s4_offptsA_pct0p1-r3,3,27,all,242,12932.0,1.0077,1.1612,0.2851,525.0
s4_offptsA_pct0p1-r3,3,27,eve,242,12932.0,1.0077,1.1612,0.2851,525.0
s4_offptsA_pct0p2-r0,3,28,all,242,4067.0,0.1121,1.0228,0.1818,1050.0
s4_offptsA_pct0p2-r0,3,28,eve,242,4067.0,0.1121,1.0228,0.1818,1050.0
s4_offptsA_pct0p2-r1,3,29,all,242,2832.0,0.1991,1.0261,0.5124,1045.0
s4_offptsA_pct0p2-r1,3,29,eve,242,2832.0,0.1991,1.0261,0.5124,1045.0
s4_offptsA_pct0p2-r2,3,30,all,242,-3988.0,-0.1992,0.9731,0.3306,1050.0
s4_offptsA_pct0p2-r2,3,30,eve,242,-3988.0,-0.1992,0.9731,0.3306,1050.0
s4_offptsA_pct0p2-r3,3,31,all,242,-6023.0,-0.2497,0.9634,0.2479,1050.0
s4_offptsA_pct0p2-r3,3,31,eve,242,-6023.0,-0.2497,0.9634,0.2479,1050.0
s4_offptsB_atr1p5-r0,4,0,all,192,-34583.0,-0.844,0.8165,0.1562,6145.0
s4_offptsB_atr1p5-r0,4,0,eve,192,-34583.0,-0.844,0.8165,0.1562,6145.0
s4_offptsB_atr1p5-r1,4,1,all,192,2682.0,0.1388,1.0239,0.4896,4595.0
s4_offptsB_atr1p5-r1,4,1,eve,192,2682.0,0.1388,1.0239,0.4896,4595.0
s4_offptsB_atr1p5-r2,4,2,all,192,5262.0,0.195,1.0351,0.3333,6145.0
s4_offptsB_atr1p5-r2,4,2,eve,192,5262.0,0.195,1.0351,0.3333,6145.0
s4_offptsB_atr1p5-r3,4,3,all,192,-2278.0,-0.0726,0.9863,0.2656,6145.0
s4_offptsB_atr1p5-r3,4,3,eve,192,-2278.0,-0.0726,0.9863,0.2656,6145.0
s4_offptsB_atr3-r0,4,4,all,192,-114853.0,-2.2556,0.6504,0.2552,12295.0
s4_offptsB_atr3-r0,4,4,eve,192,-114853.0,-2.2556,0.6504,0.2552,12295.0
s4_offptsB_atr3-r1,4,5,all,192,-54023.0,-1.4385,0.785,0.4427,12295.0
s4_offptsB_atr3-r1,4,5,eve,192,-54023.0,-1.4385,0.785,0.4427,12295.0
s4_offptsB_atr3-r2,4,6,all,192,-80058.0,-1.7618,0.738,0.3177,12295.0
s4_offptsB_atr3-r2,4,6,eve,192,-80058.0,-1.7618,0.738,0.3177,12295.0
s4_offptsB_atr3-r3,4,7,all,192,-96078.0,-1.9182,0.704,0.2708,12295.0
s4_offptsB_atr3-r3,4,7,eve,192,-96078.0,-1.9182,0.704,0.2708,12295.0
s4_offptsB_pts10-r0,4,8,all,192,16972.0,0.8297,1.4399,0.0521,350.0
s4_offptsB_pts10-r0,4,8,eve,192,16972.0,0.8297,1.4399,0.0521,350.0
s4_offptsB_pts10-r1,4,9,all,192,-2428.0,-0.854,0.8836,0.4896,350.0
s4_offptsB_pts10-r1,4,9,eve,192,-2428.0,-0.854,0.8836,0.4896,350.0
s4_offptsB_pts10-r2,4,10,all,192,-2453.0,-0.6176,0.9105,0.3281,350.0
s4_offptsB_pts10-r2,4,10,eve,192,-2453.0,-0.6176,0.9105,0.3281,350.0
s4_offptsB_pts10-r3,4,11,all,192,-1158.0,-0.2364,0.9619,0.2552,350.0
s4_offptsB_pts10-r3,4,11,eve,192,-1158.0,-0.2364,0.9619,0.2552,350.0
s4_offptsB_pts20-r0,4,12,all,192,-2383.0,-0.1008,0.9675,0.0729,465.0
s4_offptsB_pts20-r0,4,12,eve,192,-2383.0,-0.1008,0.9675,0.0729,465.0
s4_offptsB_pts20-r1,4,13,all,192,-8798.0,-1.5745,0.7966,0.4531,465.0
s4_offptsB_pts20-r1,4,13,eve,192,-8798.0,-1.5745,0.7966,0.4531,465.0
s4_offptsB_pts20-r2,4,14,all,192,-7828.0,-1.0109,0.8571,0.3073,465.0
s4_offptsB_pts20-r2,4,14,eve,192,-7828.0,-1.0109,0.8571,0.3073,465.0
s4_offptsB_pts20-r3,4,15,all,192,-3503.0,-0.3647,0.9413,0.2448,465.0
s4_offptsB_pts20-r3,4,15,eve,192,-3503.0,-0.3647,0.9413,0.2448,465.0
s4_offptsB_pts30-r0,4,16,all,192,-11253.0,-0.4209,0.8928,0.1042,635.0
s4_offptsB_pts30-r0,4,16,eve,192,-11253.0,-0.4209,0.8928,0.1042,635.0
s4_offptsB_pts30-r1,4,17,all,192,-2598.0,-0.31,0.9561,0.4948,615.0
s4_offptsB_pts30-r1,4,17,eve,192,-2598.0,-0.31,0.9561,0.4948,615.0
s4_offptsB_pts30-r2,4,18,all,192,187.0,0.0157,1.0024,0.3385,635.0
s4_offptsB_pts30-r2,4,18,eve,192,187.0,0.0157,1.0024,0.3385,635.0
s4_offptsB_pts30-r3,4,19,all,192,3107.0,0.2118,1.0358,0.2604,635.0
s4_offptsB_pts30-r3,4,19,eve,192,3107.0,0.2118,1.0358,0.2604,635.0
s4_offptsB_pts45-r0,4,20,all,192,-30758.0,-1.0233,0.794,0.1458,920.0
s4_offptsB_pts45-r0,4,20,eve,192,-30758.0,-1.0233,0.794,0.1458,920.0
s4_offptsB_pts45-r1,4,21,all,192,-6823.0,-0.544,0.9243,0.4844,920.0
s4_offptsB_pts45-r1,4,21,eve,192,-6823.0,-0.544,0.9243,0.4844,920.0
s4_offptsB_pts45-r2,4,22,all,192,-7023.0,-0.3994,0.9407,0.3229,920.0
s4_offptsB_pts45-r2,4,22,eve,192,-7023.0,-0.3994,0.9407,0.3229,920.0
s4_offptsB_pts45-r3,4,23,all,192,-8143.0,-0.3828,0.9383,0.2448,920.0
s4_offptsB_pts45-r3,4,23,eve,192,-8143.0,-0.3828,0.9383,0.2448,920.0
s4_offptsB_pct0p1-r0,4,24,all,192,-6968.0,-0.2899,0.9143,0.0833,535.0
s4_offptsB_pct0p1-r0,4,24,eve,192,-6968.0,-0.2899,0.9143,0.0833,535.0
s4_offptsB_pct0p1-r1,4,25,all,192,-6103.0,-0.9628,0.8694,0.474,525.0
s4_offptsB_pct0p1-r1,4,25,eve,192,-6103.0,-0.9628,0.8694,0.474,525.0
s4_offptsB_pct0p1-r2,4,26,all,192,-5708.0,-0.6452,0.9057,0.3177,535.0
s4_offptsB_pct0p1-r2,4,26,eve,192,-5708.0,-0.6452,0.9057,0.3177,535.0
s4_offptsB_pct0p1-r3,4,27,all,192,-2493.0,-0.2273,0.9626,0.2448,535.0
s4_offptsB_pct0p1-r3,4,27,eve,192,-2493.0,-0.2273,0.9626,0.2448,535.0
s4_offptsB_pct0p2-r0,4,28,all,192,-17713.0,-0.5593,0.8802,0.151,1050.0
s4_offptsB_pct0p2-r0,4,28,eve,192,-17713.0,-0.5593,0.8802,0.151,1050.0
s4_offptsB_pct0p2-r1,4,29,all,192,-8898.0,-0.7055,0.9025,0.4792,1050.0
s4_offptsB_pct0p2-r1,4,29,eve,192,-8898.0,-0.7055,0.9025,0.4792,1050.0
s4_offptsB_pct0p2-r2,4,30,all,192,-3838.0,-0.2158,0.9673,0.3281,1050.0
s4_offptsB_pct0p2-r2,4,30,eve,192,-3838.0,-0.2158,0.9673,0.3281,1050.0
s4_offptsB_pct0p2-r3,4,31,all,192,-12648.0,-0.5976,0.9049,0.2396,1050.0
s4_offptsB_pct0p2-r3,4,31,eve,192,-12648.0,-0.5976,0.9049,0.2396,1050.0
s5_offatr0p25_atr1p5-r0,0,0,all,244,-9006.0,-0.225,0.9565,0.1844,4590.0
s5_offatr0p25_atr1p5-r0,0,0,eve,244,-9006.0,-0.225,0.9565,0.1844,4590.0
s5_offatr0p25_atr1p5-r1,0,1,all,244,8484.0,0.4398,1.067,0.4918,4590.0
s5_offatr0p25_atr1p5-r1,0,1,eve,244,8484.0,0.4398,1.067,0.4918,4590.0
s5_offatr0p25_atr1p5-r2,0,2,all,244,1069.0,0.0391,1.0062,0.3279,4590.0
s5_offatr0p25_atr1p5-r2,0,2,eve,244,1069.0,0.0391,1.0062,0.3279,4590.0
s5_offatr0p25_atr1p5-r3,0,3,all,244,3764.0,0.1194,1.0201,0.2705,4590.0
s5_offatr0p25_atr1p5-r3,0,3,eve,244,3764.0,0.1194,1.0201,0.2705,4590.0
s5_offatr0p25_atr3-r0,0,4,all,244,-28016.0,-0.5234,0.9164,0.2992,9180.0
s5_offatr0p25_atr3-r0,0,4,eve,244,-28016.0,-0.5234,0.9164,0.2992,9180.0
s5_offatr0p25_atr3-r1,0,5,all,244,-22091.0,-0.5978,0.9153,0.4795,9180.0
s5_offatr0p25_atr3-r1,0,5,eve,244,-22091.0,-0.5978,0.9153,0.4795,9180.0
s5_offatr0p25_atr3-r2,0,6,all,244,-6066.0,-0.1286,0.9806,0.3607,9180.0
s5_offatr0p25_atr3-r2,0,6,eve,244,-6066.0,-0.1286,0.9806,0.3607,9180.0
s5_offatr0p25_atr3-r3,0,7,all,244,2309.0,0.043,1.007,0.3197,9180.0
s5_offatr0p25_atr3-r3,0,7,eve,244,2309.0,0.043,1.007,0.3197,9180.0
s5_offatr0p25_pts10-r0,0,8,all,244,7549.0,0.3656,1.1535,0.0451,225.0
s5_offatr0p25_pts10-r0,0,8,eve,244,7549.0,0.3656,1.1535,0.0451,225.0
s5_offatr0p25_pts10-r1,0,9,all,244,-2271.0,-0.7124,0.9126,0.4959,220.0
s5_offatr0p25_pts10-r1,0,9,eve,244,-2271.0,-0.7124,0.9126,0.4959,220.0
s5_offatr0p25_pts10-r2,0,10,all,244,-1771.0,-0.3943,0.9483,0.3361,225.0
s5_offatr0p25_pts10-r2,0,10,eve,244,-1771.0,-0.3943,0.9483,0.3361,225.0
s5_offatr0p25_pts10-r3,0,11,all,244,-3951.0,-0.7301,0.899,0.2418,225.0
s5_offatr0p25_pts10-r3,0,11,eve,244,-3951.0,-0.7301,0.899,0.2418,225.0
s5_offatr0p25_pts20-r0,0,12,all,244,17739.0,0.6587,1.1966,0.0984,425.0
s5_offatr0p25_pts20-r0,0,12,eve,244,17739.0,0.6587,1.1966,0.0984,425.0
s5_offatr0p25_pts20-r1,0,13,all,244,-1736.0,-0.2751,0.9653,0.5,420.0
s5_offatr0p25_pts20-r1,0,13,eve,244,-1736.0,-0.2751,0.9653,0.5,420.0
s5_offatr0p25_pts20-r2,0,14,all,244,-2401.0,-0.27,0.9641,0.332,420.0
s5_offatr0p25_pts20-r2,0,14,eve,244,-2401.0,-0.27,0.9641,0.332,420.0
s5_offatr0p25_pts20-r3,0,15,all,244,12339.0,1.085,1.1729,0.2869,420.0
s5_offatr0p25_pts20-r3,0,15,eve,244,12339.0,1.085,1.1729,0.2869,420.0
s5_offatr0p25_pts30-r0,0,16,all,244,21374.0,0.6639,1.1676,0.1434,650.0
s5_offatr0p25_pts30-r0,0,16,eve,244,21374.0,0.6639,1.1676,0.1434,650.0
s5_offatr0p25_pts30-r1,0,17,all,244,-1736.0,-0.1839,0.9767,0.5,650.0
s5_offatr0p25_pts30-r1,0,17,eve,244,-1736.0,-0.1839,0.9767,0.5,650.0
s5_offatr0p25_pts30-r2,0,18,all,244,8264.0,0.6103,1.0863,0.3566,650.0
s5_offatr0p25_pts30-r2,0,18,eve,244,8264.0,0.6103,1.0863,0.3566,650.0
s5_offatr0p25_pts30-r3,0,19,all,244,17149.0,1.0111,1.1606,0.2828,650.0
s5_offatr0p25_pts30-r3,0,19,eve,244,17149.0,1.0111,1.1606,0.2828,650.0
s5_offatr0p25_pts45-r0,0,20,all,244,12839.0,0.3513,1.0726,0.1967,915.0
s5_offatr0p25_pts45-r0,0,20,eve,244,12839.0,0.3513,1.0726,0.1967,915.0
s5_offatr0p25_pts45-r1,0,21,all,244,7289.0,0.516,1.0684,0.5205,915.0
s5_offatr0p25_pts45-r1,0,21,eve,244,7289.0,0.516,1.0684,0.5205,915.0
s5_offatr0p25_pts45-r2,0,22,all,244,12374.0,0.6117,1.0866,0.3566,915.0
s5_offatr0p25_pts45-r2,0,22,eve,244,12374.0,0.6117,1.0866,0.3566,915.0
s5_offatr0p25_pts45-r3,0,23,all,244,7714.0,0.3148,1.0479,0.2705,915.0
s5_offatr0p25_pts45-r3,0,23,eve,244,7714.0,0.3148,1.0479,0.2705,915.0
s5_offatr0p25_pct0p1-r0,0,24,all,244,14109.0,0.5125,1.14,0.1107,535.0
s5_offatr0p25_pct0p1-r0,0,24,eve,244,14109.0,0.5125,1.14,0.1107,535.0
s5_offatr0p25_pct0p1-r1,0,25,all,244,-6231.0,-0.868,0.8942,0.4877,530.0
s5_offatr0p25_pct0p1-r1,0,25,eve,244,-6231.0,-0.868,0.8942,0.4877,530.0
s5_offatr0p25_pct0p1-r2,0,26,all,244,-2946.0,-0.2924,0.9611,0.3361,535.0
s5_offatr0p25_pct0p1-r2,0,26,eve,244,-2946.0,-0.2924,0.9611,0.3361,535.0
s5_offatr0p25_pct0p1-r3,0,27,all,244,14579.0,1.1291,1.1807,0.291,535.0
s5_offatr0p25_pct0p1-r3,0,27,eve,244,14579.0,1.1291,1.1807,0.291,535.0
s5_offatr0p25_pct0p2-r0,0,28,all,244,9924.0,0.2721,1.0557,0.1967,1050.0
s5_offatr0p25_pct0p2-r0,0,28,eve,244,9924.0,0.2721,1.0557,0.1967,1050.0
s5_offatr0p25_pct0p2-r1,0,29,all,244,3469.0,0.2423,1.0317,0.5205,1045.0
s5_offatr0p25_pct0p2-r1,0,29,eve,244,3469.0,0.2423,1.0317,0.5205,1045.0
s5_offatr0p25_pct0p2-r2,0,30,all,244,15364.0,0.7523,1.1074,0.3689,1045.0
s5_offatr0p25_pct0p2-r2,0,30,eve,244,15364.0,0.7523,1.1074,0.3689,1045.0
s5_offatr0p25_pct0p2-r3,0,31,all,244,19739.0,0.7952,1.1251,0.2951,1050.0
s5_offatr0p25_pct0p2-r3,0,31,eve,244,19739.0,0.7952,1.1251,0.2951,1050.0
s5_offatr0p5_atr1p5-r0,1,0,all,220,19270.0,0.4894,1.1103,0.1909,4305.0
s5_offatr0p5_atr1p5-r0,1,0,eve,220,19270.0,0.4894,1.1103,0.1909,4305.0
s5_offatr0p5_atr1p5-r1,1,1,all,220,23220.0,1.3405,1.2273,0.5182,4305.0
s5_offatr0p5_atr1p5-r1,1,1,eve,220,23220.0,1.3405,1.2273,0.5182,4305.0
s5_offatr0p5_atr1p5-r2,1,2,all,220,20745.0,0.8196,1.1455,0.3409,4305.0
s5_offatr0p5_atr1p5-r2,1,2,eve,220,20745.0,0.8196,1.1455,0.3409,4305.0
s5_offatr0p5_atr1p5-r3,1,3,all,220,34935.0,1.1494,1.2246,0.2864,4305.0
s5_offatr0p5_atr1p5-r3,1,3,eve,220,34935.0,1.1494,1.2246,0.2864,4305.0
s5_offatr0p5_atr3-r0,1,4,all,220,-14030.0,-0.2821,0.9519,0.3,6270.0
s5_offatr0p5_atr3-r0,1,4,eve,220,-14030.0,-0.2821,0.9519,0.3,6270.0
s5_offatr0p5_atr3-r1,1,5,all,220,20345.0,0.6153,1.0978,0.4955,6270.0
s5_offatr0p5_atr3-r1,1,5,eve,220,20345.0,0.6153,1.0978,0.4955,6270.0
s5_offatr0p5_atr3-r2,1,6,all,220,21285.0,0.4812,1.0797,0.3682,6270.0
s5_offatr0p5_atr3-r2,1,6,eve,220,21285.0,0.4812,1.0797,0.3682,6270.0
s5_offatr0p5_atr3-r3,1,7,all,220,21365.0,0.4192,1.0748,0.3182,6270.0
s5_offatr0p5_atr3-r3,1,7,eve,220,21365.0,0.4192,1.0748,0.3182,6270.0
s5_offatr0p5_pts10-r0,1,8,all,220,3320.0,0.1729,1.0744,0.0409,245.0
s5_offatr0p5_pts10-r0,1,8,eve,220,3320.0,0.1729,1.0744,0.0409,245.0
s5_offatr0p5_pts10-r1,1,9,all,220,-2590.0,-0.8533,0.891,0.4909,245.0
s5_offatr0p5_pts10-r1,1,9,eve,220,-2590.0,-0.8533,0.891,0.4909,245.0
s5_offatr0p5_pts10-r2,1,10,all,220,165.0,0.0383,1.0054,0.35,245.0
s5_offatr0p5_pts10-r2,1,10,eve,220,165.0,0.0383,1.0054,0.35,245.0
s5_offatr0p5_pts10-r3,1,11,all,220,235.0,0.0444,1.0068,0.2636,245.0
s5_offatr0p5_pts10-r3,1,11,eve,220,235.0,0.0444,1.0068,0.2636,245.0
s5_offatr0p5_pts20-r0,1,12,all,220,15525.0,0.5753,1.188,0.0864,440.0
s5_offatr0p5_pts20-r0,1,12,eve,220,15525.0,0.5753,1.188,0.0864,440.0
s5_offatr0p5_pts20-r1,1,13,all,220,-5735.0,-0.9563,0.8788,0.4773,440.0
s5_offatr0p5_pts20-r1,1,13,eve,220,-5735.0,-0.9563,0.8788,0.4773,440.0
s5_offatr0p5_pts20-r2,1,14,all,220,-2305.0,-0.2728,0.9618,0.3318,440.0
s5_offatr0p5_pts20-r2,1,14,eve,220,-2305.0,-0.2728,0.9618,0.3318,440.0
s5_offatr0p5_pts20-r3,1,15,all,220,6000.0,0.5639,1.0912,0.2727,440.0
s5_offatr0p5_pts20-r3,1,15,eve,220,6000.0,0.5639,1.0912,0.2727,440.0
s5_offatr0p5_pts30-r0,1,16,all,220,1930.0,0.0643,1.0163,0.1182,630.0
s5_offatr0p5_pts30-r0,1,16,eve,220,1930.0,0.0643,1.0163,0.1182,630.0
s5_offatr0p5_pts30-r1,1,17,all,220,-7645.0,-0.8532,0.8911,0.4773,630.0
s5_offatr0p5_pts30-r1,1,17,eve,220,-7645.0,-0.8532,0.8911,0.4773,630.0
s5_offatr0p5_pts30-r2,1,18,all,220,10210.0,0.7903,1.1195,0.3636,630.0
s5_offatr0p5_pts30-r2,1,18,eve,220,10210.0,0.7903,1.1195,0.3636,630.0
s5_offatr0p5_pts30-r3,1,19,all,220,440.0,0.0282,1.0044,0.2545,630.0
s5_offatr0p5_pts30-r3,1,19,eve,220,440.0,0.0282,1.0044,0.2545,630.0
s5_offatr0p5_pts45-r0,1,20,all,220,-6205.0,-0.1825,0.9621,0.1773,970.0
s5_offatr0p5_pts45-r0,1,20,eve,220,-6205.0,-0.1825,0.9621,0.1773,970.0
s5_offatr0p5_pts45-r1,1,21,all,220,-7110.0,-0.5294,0.931,0.4864,970.0
s5_offatr0p5_pts45-r1,1,21,eve,220,-7110.0,-0.5294,0.931,0.4864,970.0
s5_offatr0p5_pts45-r2,1,22,all,220,-3150.0,-0.1671,0.9764,0.3318,970.0
s5_offatr0p5_pts45-r2,1,22,eve,220,-3150.0,-0.1671,0.9764,0.3318,970.0
s5_offatr0p5_pts45-r3,1,23,all,220,-19095.0,-0.8584,0.8746,0.2364,970.0
s5_offatr0p5_pts45-r3,1,23,eve,220,-19095.0,-0.8584,0.8746,0.2364,970.0
s5_offatr0p5_pct0p1-r0,1,24,all,220,10300.0,0.376,1.1112,0.0955,530.0
s5_offatr0p5_pct0p1-r0,1,24,eve,220,10300.0,0.376,1.1112,0.0955,530.0
s5_offatr0p5_pct0p1-r1,1,25,all,220,-8730.0,-1.2802,0.8406,0.4682,525.0
s5_offatr0p5_pct0p1-r1,1,25,eve,220,-8730.0,-1.2802,0.8406,0.4682,525.0
s5_offatr0p5_pct0p1-r2,1,26,all,220,-1510.0,-0.1567,0.9778,0.3364,530.0
s5_offatr0p5_pct0p1-r2,1,26,eve,220,-1510.0,-0.1567,0.9778,0.3364,530.0
s5_offatr0p5_pct0p1-r3,1,27,all,220,2995.0,0.2503,1.0397,0.2636,530.0
s5_offatr0p5_pct0p1-r3,1,27,eve,220,2995.0,0.2503,1.0397,0.2636,530.0
s5_offatr0p5_pct0p2-r0,1,28,all,220,-9770.0,-0.2875,0.9408,0.1773,1050.0
s5_offatr0p5_pct0p2-r0,1,28,eve,220,-9770.0,-0.2875,0.9408,0.1773,1050.0
s5_offatr0p5_pct0p2-r1,1,29,all,220,-7205.0,-0.53,0.9306,0.4909,1045.0
s5_offatr0p5_pct0p2-r1,1,29,eve,220,-7205.0,-0.53,0.9306,0.4909,1045.0
s5_offatr0p5_pct0p2-r2,1,30,all,220,12825.0,0.6621,1.0996,0.3636,1045.0
s5_offatr0p5_pct0p2-r2,1,30,eve,220,12825.0,0.6621,1.0996,0.3636,1045.0
s5_offatr0p5_pct0p2-r3,1,31,all,220,-14880.0,-0.6619,0.9012,0.25,1045.0
s5_offatr0p5_pct0p2-r3,1,31,eve,220,-14880.0,-0.6619,0.9012,0.25,1045.0
s5_offatr1_atr1p5-r0,2,0,all,134,5904.0,0.205,1.0587,0.1866,2590.0
s5_offatr1_atr1p5-r0,2,0,eve,134,5904.0,0.205,1.0587,0.1866,2590.0
s5_offatr1_atr1p5-r1,2,1,all,134,23274.0,1.945,1.4541,0.5746,2040.0
s5_offatr1_atr1p5-r1,2,1,eve,134,23274.0,1.945,1.4541,0.5746,2040.0
s5_offatr1_atr1p5-r2,2,2,all,134,20549.0,1.1414,1.2685,0.3806,2590.0
s5_offatr1_atr1p5-r2,2,2,eve,134,20549.0,1.1414,1.2685,0.3806,2590.0
s5_offatr1_atr1p5-r3,2,3,all,134,11389.0,0.5402,1.1263,0.2836,2590.0
s5_offatr1_atr1p5-r3,2,3,eve,134,11389.0,0.5402,1.1263,0.2836,2590.0
s5_offatr1_atr3-r0,2,4,all,134,1459.0,0.0392,1.0089,0.306,5225.0
s5_offatr1_atr3-r0,2,4,eve,134,1459.0,0.0392,1.0089,0.306,5225.0
s5_offatr1_atr3-r1,2,5,all,134,45994.0,1.9529,1.4604,0.5522,3975.0
s5_offatr1_atr3-r1,2,5,eve,134,45994.0,1.9529,1.4604,0.5522,3975.0
s5_offatr1_atr3-r2,2,6,all,134,30589.0,0.9146,1.2065,0.3806,5225.0
s5_offatr1_atr3-r2,2,6,eve,134,30589.0,0.9146,1.2065,0.3806,5225.0
s5_offatr1_atr3-r3,2,7,all,134,29484.0,0.7898,1.1863,0.3284,5225.0
s5_offatr1_atr3-r3,2,7,eve,134,29484.0,0.7898,1.1863,0.3284,5225.0
s5_offatr1_pts10-r0,2,8,all,134,6779.0,0.4129,1.2529,0.0522,230.0
s5_offatr1_pts10-r0,2,8,eve,134,6779.0,0.4129,1.2529,0.0522,230.0
s5_offatr1_pts10-r1,2,9,all,134,-2656.0,-1.1242,0.823,0.4701,230.0
s5_offatr1_pts10-r1,2,9,eve,134,-2656.0,-1.1242,0.823,0.4701,230.0
s5_offatr1_pts10-r2,2,10,all,134,-401.0,-0.1196,0.9785,0.3433,230.0
s5_offatr1_pts10-r2,2,10,eve,134,-401.0,-0.1196,0.9785,0.3433,230.0
s5_offatr1_pts10-r3,2,11,all,134,734.0,0.1765,1.0354,0.2687,230.0
s5_offatr1_pts10-r3,2,11,eve,134,734.0,0.1765,1.0354,0.2687,230.0
s5_offatr1_pts20-r0,2,12,all,134,14814.0,0.6929,1.3004,0.1045,430.0
s5_offatr1_pts20-r0,2,12,eve,134,14814.0,0.6929,1.3004,0.1045,430.0
s5_offatr1_pts20-r1,2,13,all,134,2209.0,0.4719,1.0853,0.5299,430.0
s5_offatr1_pts20-r1,2,13,eve,134,2209.0,0.4719,1.0853,0.5299,430.0
s5_offatr1_pts20-r2,2,14,all,134,2864.0,0.4259,1.081,0.3582,430.0
s5_offatr1_pts20-r2,2,14,eve,134,2864.0,0.4259,1.081,0.3582,430.0
s5_offatr1_pts20-r3,2,15,all,134,2784.0,0.3364,1.0691,0.2687,430.0
s5_offatr1_pts20-r3,2,15,eve,134,2784.0,0.3364,1.0691,0.2687,430.0
s5_offatr1_pts30-r0,2,16,all,134,17369.0,0.6769,1.2475,0.1418,625.0
s5_offatr1_pts30-r0,2,16,eve,134,17369.0,0.6769,1.2475,0.1418,625.0
s5_offatr1_pts30-r1,2,17,all,134,11084.0,1.599,1.3184,0.5746,620.0
s5_offatr1_pts30-r1,2,17,eve,134,11084.0,1.599,1.3184,0.5746,620.0
s5_offatr1_pts30-r2,2,18,all,134,12109.0,1.1836,1.2418,0.3881,625.0
s5_offatr1_pts30-r2,2,18,eve,134,12109.0,1.1836,1.2418,0.3881,625.0
s5_offatr1_pts30-r3,2,19,all,134,14439.0,1.1284,1.2515,0.2985,625.0
s5_offatr1_pts30-r3,2,19,eve,134,14439.0,1.1284,1.2515,0.2985,625.0
s5_offatr1_pts45-r0,2,20,all,134,24264.0,0.835,1.2538,0.2164,925.0
s5_offatr1_pts45-r0,2,20,eve,134,24264.0,0.835,1.2538,0.2164,925.0
s5_offatr1_pts45-r1,2,21,all,134,18874.0,1.8226,1.37,0.5821,925.0
s5_offatr1_pts45-r1,2,21,eve,134,18874.0,1.8226,1.37,0.5821,925.0
s5_offatr1_pts45-r2,2,22,all,134,7879.0,0.5225,1.1006,0.3582,925.0
s5_offatr1_pts45-r2,2,22,eve,134,7879.0,0.5225,1.1006,0.3582,925.0
s5_offatr1_pts45-r3,2,23,all,134,10544.0,0.5662,1.1194,0.2761,925.0
s5_offatr1_pts45-r3,2,23,eve,134,10544.0,0.5662,1.1194,0.2761,925.0
s5_offatr1_pct0p1-r0,2,24,all,134,1519.0,0.0766,1.0274,0.1045,535.0
s5_offatr1_pct0p1-r0,2,24,eve,134,1519.0,0.0766,1.0274,0.1045,535.0
s5_offatr1_pct0p1-r1,2,25,all,134,-641.0,-0.1203,0.9793,0.5075,535.0
s5_offatr1_pct0p1-r1,2,25,eve,134,-641.0,-0.1203,0.9793,0.5075,535.0
s5_offatr1_pct0p1-r2,2,26,all,134,8729.0,1.1234,1.2292,0.3881,535.0
s5_offatr1_pct0p1-r2,2,26,eve,134,8729.0,1.1234,1.2292,0.3881,535.0
s5_offatr1_pct0p1-r3,2,27,all,134,5664.0,0.593,1.1262,0.2761,535.0
s5_offatr1_pct0p1-r3,2,27,eve,134,5664.0,0.593,1.1262,0.2761,535.0
s5_offatr1_pct0p2-r0,2,28,all,134,22669.0,0.7802,1.2365,0.209,1055.0
s5_offatr1_pct0p2-r0,2,28,eve,134,22669.0,0.7802,1.2365,0.209,1055.0
s5_offatr1_pct0p2-r1,2,29,all,134,14584.0,1.384,1.2721,0.5672,1055.0
s5_offatr1_pct0p2-r1,2,29,eve,134,14584.0,1.384,1.2721,0.5672,1055.0
s5_offatr1_pct0p2-r2,2,30,all,134,9219.0,0.6012,1.1175,0.3582,1055.0
s5_offatr1_pct0p2-r2,2,30,eve,134,9219.0,0.6012,1.1175,0.3582,1055.0
s5_offatr1_pct0p2-r3,2,31,all,134,16054.0,0.8421,1.1846,0.2836,1055.0
s5_offatr1_pct0p2-r3,2,31,eve,134,16054.0,0.8421,1.1846,0.2836,1055.0
s5_offptsA_atr1p5-r0,3,0,all,242,-5723.0,-0.1245,0.9732,0.1694,6145.0
s5_offptsA_atr1p5-r0,3,0,eve,242,-5723.0,-0.1245,0.9732,0.1694,6145.0
s5_offptsA_atr1p5-r1,3,1,all,242,7267.0,0.3592,1.0562,0.4917,4610.0
s5_offptsA_atr1p5-r1,3,1,eve,242,7267.0,0.3592,1.0562,0.4917,4610.0
s5_offptsA_atr1p5-r2,3,2,all,242,-7068.0,-0.2525,0.9602,0.3223,6145.0
s5_offptsA_atr1p5-r2,3,2,eve,242,-7068.0,-0.2525,0.9602,0.3223,6145.0
s5_offptsA_atr1p5-r3,3,3,all,242,6687.0,0.1995,1.0348,0.2645,6145.0
s5_offptsA_atr1p5-r3,3,3,eve,242,6687.0,0.1995,1.0348,0.2645,6145.0
s5_offptsA_atr3-r0,3,4,all,242,-27373.0,-0.4681,0.9202,0.2893,12310.0
s5_offptsA_atr3-r0,3,4,eve,242,-27373.0,-0.4681,0.9202,0.2893,12310.0
s5_offptsA_atr3-r1,3,5,all,242,-15413.0,-0.3965,0.9411,0.4876,12310.0
s5_offptsA_atr3-r1,3,5,eve,242,-15413.0,-0.3965,0.9411,0.4876,12310.0
s5_offptsA_atr3-r2,3,6,all,242,15592.0,0.3091,1.05,0.3719,12310.0
s5_offptsA_atr3-r2,3,6,eve,242,15592.0,0.3091,1.05,0.3719,12310.0
s5_offptsA_atr3-r3,3,7,all,242,4972.0,0.0859,1.0148,0.3099,12310.0
s5_offptsA_atr3-r3,3,7,eve,242,4972.0,0.0859,1.0148,0.3099,12310.0
s5_offptsA_pts10-r0,3,8,all,242,7872.0,0.3871,1.1614,0.0455,240.0
s5_offptsA_pts10-r0,3,8,eve,242,7872.0,0.3871,1.1614,0.0455,240.0
s5_offptsA_pts10-r1,3,9,all,242,942.0,0.2968,1.039,0.5289,240.0
s5_offptsA_pts10-r1,3,9,eve,242,942.0,0.2968,1.039,0.5289,240.0
s5_offptsA_pts10-r2,3,10,all,242,1667.0,0.3668,1.0508,0.3595,240.0
s5_offptsA_pts10-r2,3,10,eve,242,1667.0,0.3668,1.0508,0.3595,240.0
s5_offptsA_pts10-r3,3,11,all,242,-2728.0,-0.5019,0.9291,0.2479,240.0
s5_offptsA_pts10-r3,3,11,eve,242,-2728.0,-0.5019,0.9291,0.2479,240.0
s5_offptsA_pts20-r0,3,12,all,242,-3853.0,-0.1547,0.9579,0.0785,415.0
s5_offptsA_pts20-r0,3,12,eve,242,-3853.0,-0.1547,0.9579,0.0785,415.0
s5_offptsA_pts20-r1,3,13,all,242,-1723.0,-0.2742,0.9653,0.5,415.0
s5_offptsA_pts20-r1,3,13,eve,242,-1723.0,-0.2742,0.9653,0.5,415.0
s5_offptsA_pts20-r2,3,14,all,242,-10008.0,-1.1552,0.8548,0.3058,415.0
s5_offptsA_pts20-r2,3,14,eve,242,-10008.0,-1.1552,0.8548,0.3058,415.0
s5_offptsA_pts20-r3,3,15,all,242,5142.0,0.4633,1.0708,0.2686,415.0
s5_offptsA_pts20-r3,3,15,eve,242,5142.0,0.4633,1.0708,0.2686,415.0
s5_offptsA_pts30-r0,3,16,all,242,-588.0,-0.0185,0.9955,0.1157,620.0
s5_offptsA_pts30-r0,3,16,eve,242,-588.0,-0.0185,0.9955,0.1157,620.0
s5_offptsA_pts30-r1,3,17,all,242,-12553.0,-1.3391,0.8417,0.4628,615.0
s5_offptsA_pts30-r1,3,17,eve,242,-12553.0,-1.3391,0.8417,0.4628,615.0
s5_offptsA_pts30-r2,3,18,all,242,5892.0,0.4384,1.0615,0.3512,615.0
s5_offptsA_pts30-r2,3,18,eve,242,5892.0,0.4384,1.0615,0.3512,615.0
s5_offptsA_pts30-r3,3,19,all,242,15962.0,0.9468,1.1503,0.281,620.0
s5_offptsA_pts30-r3,3,19,eve,242,15962.0,0.9468,1.1503,0.281,620.0
s5_offptsA_pts45-r0,3,20,all,242,-14793.0,-0.4207,0.9181,0.1694,920.0
s5_offptsA_pts45-r0,3,20,eve,242,-14793.0,-0.4207,0.9181,0.1694,920.0
s5_offptsA_pts45-r1,3,21,all,242,-18018.0,-1.2832,0.8478,0.4628,920.0
s5_offptsA_pts45-r1,3,21,eve,242,-18018.0,-1.2832,0.8478,0.4628,920.0
s5_offptsA_pts45-r2,3,22,all,242,507.0,0.0255,1.0035,0.3388,920.0
s5_offptsA_pts45-r2,3,22,eve,242,507.0,0.0255,1.0035,0.3388,920.0
s5_offptsA_pts45-r3,3,23,all,242,-5498.0,-0.2299,0.9663,0.2521,920.0
s5_offptsA_pts45-r3,3,23,eve,242,-5498.0,-0.2299,0.9663,0.2521,920.0
s5_offptsA_pct0p1-r0,3,24,all,242,-11718.0,-0.4642,0.8856,0.0868,535.0
s5_offptsA_pct0p1-r0,3,24,eve,242,-11718.0,-0.4642,0.8856,0.0868,535.0
s5_offptsA_pct0p1-r1,3,25,all,242,-9638.0,-1.3521,0.8396,0.4711,525.0
s5_offptsA_pct0p1-r1,3,25,eve,242,-9638.0,-1.3521,0.8396,0.4711,525.0
s5_offptsA_pct0p1-r2,3,26,all,242,-11238.0,-1.1448,0.8557,0.3099,535.0
s5_offptsA_pct0p1-r2,3,26,eve,242,-11238.0,-1.1448,0.8557,0.3099,535.0
s5_offptsA_pct0p1-r3,3,27,all,242,1387.0,0.1116,1.0167,0.2603,535.0
s5_offptsA_pct0p1-r3,3,27,eve,242,1387.0,0.1116,1.0167,0.2603,535.0
s5_offptsA_pct0p2-r0,3,28,all,242,-23218.0,-0.672,0.8726,0.1653,1055.0
s5_offptsA_pct0p2-r0,3,28,eve,242,-23218.0,-0.672,0.8726,0.1653,1055.0
s5_offptsA_pct0p2-r1,3,29,all,242,-21328.0,-1.5036,0.8234,0.4628,1050.0
s5_offptsA_pct0p2-r1,3,29,eve,242,-21328.0,-1.5036,0.8234,0.4628,1050.0
s5_offptsA_pct0p2-r2,3,30,all,242,-273.0,-0.0137,0.9981,0.343,1050.0
s5_offptsA_pct0p2-r2,3,30,eve,242,-273.0,-0.0137,0.9981,0.343,1050.0
s5_offptsA_pct0p2-r3,3,31,all,242,-3968.0,-0.1664,0.9755,0.2645,1050.0
s5_offptsA_pct0p2-r3,3,31,eve,242,-3968.0,-0.1664,0.9755,0.2645,1050.0
s5_offptsB_atr1p5-r0,4,0,all,191,45671.0,1.0016,1.265,0.2251,6145.0
s5_offptsB_atr1p5-r0,4,0,eve,191,45671.0,1.0016,1.265,0.2251,6145.0
s5_offptsB_atr1p5-r1,4,1,all,191,29481.0,1.5228,1.2965,0.5288,4590.0
s5_offptsB_atr1p5-r1,4,1,eve,191,29481.0,1.5228,1.2965,0.5288,4590.0
s5_offptsB_atr1p5-r2,4,2,all,191,26156.0,0.9373,1.1828,0.3665,6145.0
s5_offptsB_atr1p5-r2,4,2,eve,191,26156.0,0.9373,1.1828,0.3665,6145.0
s5_offptsB_atr1p5-r3,4,3,all,191,29231.0,0.8947,1.1846,0.2984,6145.0
s5_offptsB_atr1p5-r3,4,3,eve,191,29231.0,0.8947,1.1846,0.2984,6145.0
s5_offptsB_atr3-r0,4,4,all,191,7956.0,0.1422,1.028,0.3194,12295.0
s5_offptsB_atr3-r0,4,4,eve,191,7956.0,0.1422,1.028,0.3194,12295.0
s5_offptsB_atr3-r1,4,5,all,191,4251.0,0.1129,1.0195,0.5079,12295.0
s5_offptsB_atr3-r1,4,5,eve,191,4251.0,0.1129,1.0195,0.5079,12295.0
s5_offptsB_atr3-r2,4,6,all,191,12126.0,0.2522,1.045,0.3665,12295.0
s5_offptsB_atr3-r2,4,6,eve,191,12126.0,0.2522,1.045,0.3665,12295.0
s5_offptsB_atr3-r3,4,7,all,191,52116.0,0.9178,1.1876,0.3403,12295.0
s5_offptsB_atr3-r3,4,7,eve,191,52116.0,0.9178,1.1876,0.3403,12295.0
s5_offptsB_pts10-r0,4,8,all,191,26491.0,1.2068,1.6925,0.0576,315.0
s5_offptsB_pts10-r0,4,8,eve,191,26491.0,1.2068,1.6925,0.0576,315.0
s5_offptsB_pts10-r1,4,9,all,191,1006.0,0.3553,1.053,0.534,275.0
s5_offptsB_pts10-r1,4,9,eve,191,1006.0,0.3553,1.053,0.534,275.0
s5_offptsB_pts10-r2,4,10,all,191,-1139.0,-0.2845,0.9576,0.3403,315.0
s5_offptsB_pts10-r2,4,10,eve,191,-1139.0,-0.2845,0.9576,0.3403,315.0
s5_offptsB_pts10-r3,4,11,all,191,-239.0,-0.0485,0.992,0.2618,315.0
s5_offptsB_pts10-r3,4,11,eve,191,-239.0,-0.0485,0.992,0.2618,315.0
s5_offptsB_pts20-r0,4,12,all,191,36461.0,1.345,1.5248,0.1152,450.0
s5_offptsB_pts20-r0,4,12,eve,191,36461.0,1.345,1.5248,0.1152,450.0
s5_offptsB_pts20-r1,4,13,all,191,-2659.0,-0.4755,0.9333,0.4921,450.0
s5_offptsB_pts20-r1,4,13,eve,191,-2659.0,-0.4755,0.9333,0.4921,450.0
s5_offptsB_pts20-r2,4,14,all,191,-84.0,-0.0106,0.9984,0.3403,450.0
s5_offptsB_pts20-r2,4,14,eve,191,-84.0,-0.0106,0.9984,0.3403,450.0
s5_offptsB_pts20-r3,4,15,all,191,6631.0,0.6649,1.1168,0.2775,450.0
s5_offptsB_pts20-r3,4,15,eve,191,6631.0,0.6649,1.1168,0.2775,450.0
s5_offptsB_pts30-r0,4,16,all,191,28256.0,0.9411,1.2841,0.1466,615.0
s5_offptsB_pts30-r0,4,16,eve,191,28256.0,0.9411,1.2841,0.1466,615.0
s5_offptsB_pts30-r1,4,17,all,191,-3154.0,-0.3775,0.9467,0.4921,615.0
s5_offptsB_pts30-r1,4,17,eve,191,-3154.0,-0.3775,0.9467,0.4921,615.0
s5_offptsB_pts30-r2,4,18,all,191,17131.0,1.4052,1.24,0.3874,615.0
s5_offptsB_pts30-r2,4,18,eve,191,17131.0,1.4052,1.24,0.3874,615.0
s5_offptsB_pts30-r3,4,19,all,191,15811.0,1.0473,1.1906,0.288,615.0
s5_offptsB_pts30-r3,4,19,eve,191,15811.0,1.0473,1.1906,0.288,615.0
s5_offptsB_pts45-r0,4,20,all,191,30136.0,0.8549,1.2163,0.199,935.0
s5_offptsB_pts45-r0,4,20,eve,191,30136.0,0.8549,1.2163,0.199,935.0
s5_offptsB_pts45-r1,4,21,all,191,4921.0,0.3934,1.0587,0.5183,935.0
s5_offptsB_pts45-r1,4,21,eve,191,4921.0,0.3934,1.0587,0.5183,935.0
s5_offptsB_pts45-r2,4,22,all,191,15541.0,0.86,1.1411,0.3665,935.0
s5_offptsB_pts45-r2,4,22,eve,191,15541.0,0.86,1.1411,0.3665,935.0
s5_offptsB_pts45-r3,4,23,all,191,7476.0,0.3413,1.0586,0.267,935.0
s5_offptsB_pts45-r3,4,23,eve,191,7476.0,0.3413,1.0586,0.267,935.0
s5_offptsB_pct0p1-r0,4,24,all,191,27901.0,1.0218,1.3575,0.1152,540.0
s5_offptsB_pct0p1-r0,4,24,eve,191,27901.0,1.0218,1.3575,0.1152,540.0
s5_offptsB_pct0p1-r1,4,25,all,191,-3739.0,-0.5922,0.9173,0.4921,540.0
s5_offptsB_pct0p1-r1,4,25,eve,191,-3739.0,-0.5922,0.9173,0.4921,540.0
s5_offptsB_pct0p1-r2,4,26,all,191,5741.0,0.6318,1.1022,0.3613,540.0
s5_offptsB_pct0p1-r2,4,26,eve,191,5741.0,0.6318,1.1022,0.3613,540.0
s5_offptsB_pct0p1-r3,4,27,all,191,11651.0,1.0198,1.186,0.288,540.0
s5_offptsB_pct0p1-r3,4,27,eve,191,11651.0,1.0198,1.186,0.288,540.0
s5_offptsB_pct0p2-r0,4,28,all,191,24496.0,0.6969,1.1749,0.1937,1055.0
s5_offptsB_pct0p2-r0,4,28,eve,191,24496.0,0.6969,1.1749,0.1937,1055.0
s5_offptsB_pct0p2-r1,4,29,all,191,8366.0,0.6662,1.102,0.534,1055.0
s5_offptsB_pct0p2-r1,4,29,eve,191,8366.0,0.6662,1.102,0.534,1055.0
s5_offptsB_pct0p2-r2,4,30,all,191,13001.0,0.7203,1.1171,0.3665,1055.0
s5_offptsB_pct0p2-r2,4,30,eve,191,13001.0,0.7203,1.1171,0.3665,1055.0
s5_offptsB_pct0p2-r3,4,31,all,191,10016.0,0.4567,1.0795,0.2775,1055.0
s5_offptsB_pct0p2-r3,4,31,eve,191,10016.0,0.4567,1.0795,0.2775,1055.0
s6_offatr0p25_atr1p5-r0,0,0,all,246,23436.0,0.4927,1.1125,0.1829,6145.0
s6_offatr0p25_atr1p5-r0,0,0,eve,246,23436.0,0.4927,1.1125,0.1829,6145.0
s6_offatr0p25_atr1p5-r1,0,1,all,246,16436.0,0.8148,1.1309,0.5,4310.0
s6_offatr0p25_atr1p5-r1,0,1,eve,246,16436.0,0.8148,1.1309,0.5,4310.0
s6_offatr0p25_atr1p5-r2,0,2,all,246,16456.0,0.5613,1.0952,0.3374,6145.0
s6_offatr0p25_atr1p5-r2,0,2,eve,246,16456.0,0.5613,1.0952,0.3374,6145.0
s6_offatr0p25_atr1p5-r3,0,3,all,246,13621.0,0.3937,1.0719,0.2683,6145.0
s6_offatr0p25_atr1p5-r3,0,3,eve,246,13621.0,0.3937,1.0719,0.2683,6145.0
s6_offatr0p25_atr3-r0,0,4,all,246,17981.0,0.307,1.0553,0.3171,12305.0
s6_offatr0p25_atr3-r0,0,4,eve,246,17981.0,0.307,1.0553,0.3171,12305.0
s6_offatr0p25_atr3-r1,0,5,all,246,21531.0,0.5526,1.0867,0.4878,12305.0
s6_offatr0p25_atr3-r1,0,5,eve,246,21531.0,0.5526,1.0867,0.4878,12305.0
s6_offatr0p25_atr3-r2,0,6,all,246,31.0,0.0006,1.0001,0.3496,12305.0
s6_offatr0p25_atr3-r2,0,6,eve,246,31.0,0.0006,1.0001,0.3496,12305.0
s6_offatr0p25_atr3-r3,0,7,all,246,25046.0,0.4195,1.0778,0.3252,12305.0
s6_offatr0p25_atr3-r3,0,7,eve,246,25046.0,0.4195,1.0778,0.3252,12305.0
s6_offatr0p25_pts10-r0,0,8,all,246,-10019.0,-0.6368,0.7996,0.0366,235.0
s6_offatr0p25_pts10-r0,0,8,eve,246,-10019.0,-0.6368,0.7996,0.0366,235.0
s6_offatr0p25_pts10-r1,0,9,all,246,2556.0,0.8009,1.1078,0.5447,235.0
s6_offatr0p25_pts10-r1,0,9,eve,246,2556.0,0.8009,1.1078,0.5447,235.0
s6_offatr0p25_pts10-r2,0,10,all,246,-3989.0,-0.8953,0.8869,0.3211,235.0
s6_offatr0p25_pts10-r2,0,10,eve,246,-3989.0,-0.8953,0.8869,0.3211,235.0
s6_offatr0p25_pts10-r3,0,11,all,246,-5949.0,-1.1114,0.851,0.2317,235.0
s6_offatr0p25_pts10-r3,0,11,eve,246,-5949.0,-1.1114,0.851,0.2317,235.0
s6_offatr0p25_pts20-r0,0,12,all,246,27251.0,0.8807,1.299,0.0976,430.0
s6_offatr0p25_pts20-r0,0,12,eve,246,27251.0,0.8807,1.299,0.0976,430.0
s6_offatr0p25_pts20-r1,0,13,all,246,-2589.0,-0.4085,0.9491,0.4959,415.0
s6_offatr0p25_pts20-r1,0,13,eve,246,-2589.0,-0.4085,0.9491,0.4959,415.0
s6_offatr0p25_pts20-r2,0,14,all,246,-854.0,-0.0953,0.9872,0.3374,430.0
s6_offatr0p25_pts20-r2,0,14,eve,246,-854.0,-0.0953,0.9872,0.3374,430.0
s6_offatr0p25_pts20-r3,0,15,all,246,3451.0,0.31,1.0465,0.2642,430.0
s6_offatr0p25_pts20-r3,0,15,eve,246,3451.0,0.31,1.0465,0.2642,430.0
s6_offatr0p25_pts30-r0,0,16,all,246,13376.0,0.402,1.1024,0.1301,620.0
s6_offatr0p25_pts30-r0,0,16,eve,246,13376.0,0.402,1.1024,0.1301,620.0
s6_offatr0p25_pts30-r1,0,17,all,246,611.0,0.0644,1.0083,0.5081,620.0
s6_offatr0p25_pts30-r1,0,17,eve,246,611.0,0.0644,1.0083,0.5081,620.0
s6_offatr0p25_pts30-r2,0,18,all,246,-5679.0,-0.427,0.944,0.3252,620.0
s6_offatr0p25_pts30-r2,0,18,eve,246,-5679.0,-0.427,0.944,0.3252,620.0
s6_offatr0p25_pts30-r3,0,19,all,246,-3414.0,-0.209,0.9698,0.248,620.0
s6_offatr0p25_pts30-r3,0,19,eve,246,-3414.0,-0.209,0.9698,0.248,620.0
s6_offatr0p25_pts45-r0,0,20,all,246,15931.0,0.4007,1.087,0.1789,925.0
s6_offatr0p25_pts45-r0,0,20,eve,246,15931.0,0.4007,1.087,0.1789,925.0
s6_offatr0p25_pts45-r1,0,21,all,246,-12614.0,-0.8897,0.8926,0.4756,920.0
s6_offatr0p25_pts45-r1,0,21,eve,246,-12614.0,-0.8897,0.8926,0.4756,920.0
s6_offatr0p25_pts45-r2,0,22,all,246,-12849.0,-0.6492,0.916,0.3171,920.0
s6_offatr0p25_pts45-r2,0,22,eve,246,-12849.0,-0.6492,0.916,0.3171,920.0
s6_offatr0p25_pts45-r3,0,23,all,246,-17369.0,-0.7267,0.8985,0.2358,925.0
s6_offatr0p25_pts45-r3,0,23,eve,246,-17369.0,-0.7267,0.8985,0.2358,925.0
s6_offatr0p25_pct0p1-r0,0,24,all,246,21746.0,0.6944,1.2137,0.1098,545.0
s6_offatr0p25_pct0p1-r0,0,24,eve,246,21746.0,0.6944,1.2137,0.1098,545.0
s6_offatr0p25_pct0p1-r1,0,25,all,246,-2549.0,-0.3535,0.9556,0.5,530.0
s6_offatr0p25_pct0p1-r1,0,25,eve,246,-2549.0,-0.3535,0.9556,0.5,530.0
s6_offatr0p25_pct0p1-r2,0,26,all,246,-6879.0,-0.6868,0.9115,0.3252,545.0
s6_offatr0p25_pct0p1-r2,0,26,eve,246,-6879.0,-0.6868,0.9115,0.3252,545.0
s6_offatr0p25_pct0p1-r3,0,27,all,246,1106.0,0.0883,1.013,0.2602,545.0
s6_offatr0p25_pct0p1-r3,0,27,eve,246,1106.0,0.0883,1.013,0.2602,545.0
s6_offatr0p25_pct0p2-r0,0,28,all,246,-754.0,-0.0196,0.9959,0.1707,1055.0
s6_offatr0p25_pct0p2-r0,0,28,eve,246,-754.0,-0.0196,0.9959,0.1707,1055.0
s6_offatr0p25_pct0p2-r1,0,29,all,246,-20289.0,-1.4166,0.8339,0.4634,1055.0
s6_offatr0p25_pct0p2-r1,0,29,eve,246,-20289.0,-1.4166,0.8339,0.4634,1055.0
s6_offatr0p25_pct0p2-r2,0,30,all,246,-21039.0,-1.066,0.8657,0.3089,1055.0
s6_offatr0p25_pct0p2-r2,0,30,eve,246,-21039.0,-1.066,0.8657,0.3089,1055.0
s6_offatr0p25_pct0p2-r3,0,31,all,246,-18394.0,-0.7717,0.8925,0.2439,1055.0
s6_offatr0p25_pct0p2-r3,0,31,eve,246,-18394.0,-0.7717,0.8925,0.2439,1055.0
s6_offatr0p5_atr1p5-r0,1,0,all,221,38856.0,0.9383,1.2244,0.2036,2590.0
s6_offatr0p5_atr1p5-r0,1,0,eve,221,38856.0,0.9383,1.2244,0.2036,2590.0
s6_offatr0p5_atr1p5-r1,1,1,all,221,-174.0,-0.0101,0.9985,0.4932,2505.0
s6_offatr0p5_atr1p5-r1,1,1,eve,221,-174.0,-0.0101,0.9985,0.4932,2505.0
s6_offatr0p5_atr1p5-r2,1,2,all,221,15296.0,0.61,1.1058,0.362,2590.0
s6_offatr0p5_atr1p5-r2,1,2,eve,221,15296.0,0.61,1.1058,0.362,2590.0
s6_offatr0p5_atr1p5-r3,1,3,all,221,40146.0,1.2608,1.2582,0.3032,2590.0
s6_offatr0p5_atr1p5-r3,1,3,eve,221,40146.0,1.2608,1.2582,0.3032,2590.0
s6_offatr0p5_atr3-r0,1,4,all,221,28051.0,0.548,1.1017,0.3303,5305.0
s6_offatr0p5_atr3-r0,1,4,eve,221,28051.0,0.548,1.1017,0.3303,5305.0
s6_offatr0p5_atr3-r1,1,5,all,221,50736.0,1.4935,1.256,0.5385,5055.0
s6_offatr0p5_atr3-r1,1,5,eve,221,50736.0,1.4935,1.256,0.5385,5055.0
s6_offatr0p5_atr3-r2,1,6,all,221,55996.0,1.1997,1.2207,0.3891,5305.0
s6_offatr0p5_atr3-r2,1,6,eve,221,55996.0,1.1997,1.2207,0.3891,5305.0
s6_offatr0p5_atr3-r3,1,7,all,221,34636.0,0.6938,1.1271,0.3394,5305.0
s6_offatr0p5_atr3-r3,1,7,eve,221,34636.0,0.6938,1.1271,0.3394,5305.0
s6_offatr0p5_pts10-r0,1,8,all,221,25336.0,1.159,1.5798,0.0633,245.0
s6_offatr0p5_pts10-r0,1,8,eve,221,25336.0,1.159,1.5798,0.0633,245.0
s6_offatr0p5_pts10-r1,1,9,all,221,-3944.0,-1.3013,0.8391,0.4751,245.0
s6_offatr0p5_pts10-r1,1,9,eve,221,-3944.0,-1.3013,0.8391,0.4751,245.0
s6_offatr0p5_pts10-r2,1,10,all,221,-7879.0,-1.9187,0.7628,0.2896,245.0
s6_offatr0p5_pts10-r2,1,10,eve,221,-7879.0,-1.9187,0.7628,0.2896,245.0
s6_offatr0p5_pts10-r3,1,11,all,221,-7969.0,-1.6065,0.7821,0.2172,245.0
s6_offatr0p5_pts10-r3,1,11,eve,221,-7969.0,-1.6065,0.7821,0.2172,245.0
s6_offatr0p5_pts20-r0,1,12,all,221,696.0,0.0292,1.0084,0.086,425.0
s6_offatr0p5_pts20-r0,1,12,eve,221,696.0,0.0292,1.0084,0.086,425.0
s6_offatr0p5_pts20-r1,1,13,all,221,-6874.0,-1.1458,0.8569,0.4706,425.0
s6_offatr0p5_pts20-r1,1,13,eve,221,-6874.0,-1.1458,0.8569,0.4706,425.0
s6_offatr0p5_pts20-r2,1,14,all,221,-8724.0,-1.0514,0.8612,0.3077,425.0
s6_offatr0p5_pts20-r2,1,14,eve,221,-8724.0,-1.0514,0.8612,0.3077,425.0
s6_offatr0p5_pts20-r3,1,15,all,221,-5604.0,-0.5483,0.9188,0.2398,425.0
s6_offatr0p5_pts20-r3,1,15,eve,221,-5604.0,-0.5483,0.9188,0.2398,425.0
s6_offatr0p5_pts30-r0,1,16,all,221,9971.0,0.3475,1.0863,0.1448,630.0
s6_offatr0p5_pts30-r0,1,16,eve,221,9971.0,0.3475,1.0863,0.1448,630.0
s6_offatr0p5_pts30-r1,1,17,all,221,-1064.0,-0.1183,0.9842,0.5023,625.0
s6_offatr0p5_pts30-r1,1,17,eve,221,-1064.0,-0.1183,0.9842,0.5023,625.0
s6_offatr0p5_pts30-r2,1,18,all,221,4091.0,0.3189,1.0465,0.3484,625.0
s6_offatr0p5_pts30-r2,1,18,eve,221,4091.0,0.3189,1.0465,0.3484,625.0
s6_offatr0p5_pts30-r3,1,19,all,221,11771.0,0.7341,1.1204,0.276,630.0
s6_offatr0p5_pts30-r3,1,19,eve,221,11771.0,0.7341,1.1204,0.276,630.0
s6_offatr0p5_pts45-r0,1,20,all,221,28666.0,0.7569,1.1786,0.1991,925.0
s6_offatr0p5_pts45-r0,1,20,eve,221,28666.0,0.7569,1.1786,0.1991,925.0
s6_offatr0p5_pts45-r1,1,21,all,221,-16944.0,-1.2628,0.8436,0.4615,925.0
s6_offatr0p5_pts45-r1,1,21,eve,221,-16944.0,-1.2628,0.8436,0.4615,925.0
s6_offatr0p5_pts45-r2,1,22,all,221,-6344.0,-0.3357,0.9532,0.3258,925.0
s6_offatr0p5_pts45-r2,1,22,eve,221,-6344.0,-0.3357,0.9532,0.3258,925.0
s6_offatr0p5_pts45-r3,1,23,all,221,6816.0,0.2903,1.0462,0.267,925.0
s6_offatr0p5_pts45-r3,1,23,eve,221,6816.0,0.2903,1.0462,0.267,925.0
s6_offatr0p5_pct0p1-r0,1,24,all,221,-4714.0,-0.1943,0.9493,0.095,525.0
s6_offatr0p5_pct0p1-r0,1,24,eve,221,-4714.0,-0.1943,0.9493,0.095,525.0
s6_offatr0p5_pct0p1-r1,1,25,all,221,-8249.0,-1.2067,0.8494,0.4661,525.0
s6_offatr0p5_pct0p1-r1,1,25,eve,221,-8249.0,-1.2067,0.8494,0.4661,525.0
s6_offatr0p5_pct0p1-r2,1,26,all,221,-7219.0,-0.7579,0.8974,0.3167,525.0
s6_offatr0p5_pct0p1-r2,1,26,eve,221,-7219.0,-0.7579,0.8974,0.3167,525.0
s6_offatr0p5_pct0p1-r3,1,27,all,221,-2004.0,-0.1693,0.974,0.2489,525.0
s6_offatr0p5_pct0p1-r3,1,27,eve,221,-2004.0,-0.1693,0.974,0.2489,525.0
s6_offatr0p5_pct0p2-r0,1,28,all,221,5721.0,0.1656,1.0348,0.19,1055.0
s6_offatr0p5_pct0p2-r0,1,28,eve,221,5721.0,0.1656,1.0348,0.19,1055.0
s6_offatr0p5_pct0p2-r1,1,29,all,221,-13719.0,-1.0064,0.8727,0.4706,1045.0
s6_offatr0p5_pct0p2-r1,1,29,eve,221,-13719.0,-1.0064,0.8727,0.4706,1045.0
s6_offatr0p5_pct0p2-r2,1,30,all,221,-5489.0,-0.2856,0.9599,0.3258,1045.0
s6_offatr0p5_pct0p2-r2,1,30,eve,221,-5489.0,-0.2856,0.9599,0.3258,1045.0
s6_offatr0p5_pct0p2-r3,1,31,all,221,-3079.0,-0.1319,0.9796,0.2579,1045.0
s6_offatr0p5_pct0p2-r3,1,31,eve,221,-3079.0,-0.1319,0.9796,0.2579,1045.0
s6_offatr1_atr1p5-r0,2,0,all,124,-15786.0,-0.646,0.8386,0.1694,2595.0
s6_offatr1_atr1p5-r0,2,0,eve,124,-15786.0,-0.646,0.8386,0.1694,2595.0
s6_offatr1_atr1p5-r1,2,1,all,124,-6051.0,-0.5275,0.9001,0.4919,1980.0
s6_offatr1_atr1p5-r1,2,1,eve,124,-6051.0,-0.5275,0.9001,0.4919,1980.0
s6_offatr1_atr1p5-r2,2,2,all,124,-5006.0,-0.3261,0.9363,0.371,2595.0
s6_offatr1_atr1p5-r2,2,2,eve,124,-5006.0,-0.3261,0.9363,0.371,2595.0
s6_offatr1_atr1p5-r3,2,3,all,124,-11801.0,-0.6615,0.8667,0.2661,2595.0
s6_offatr1_atr1p5-r3,2,3,eve,124,-11801.0,-0.6615,0.8667,0.2661,2595.0
s6_offatr1_atr3-r0,2,4,all,124,-42166.0,-1.3471,0.737,0.2742,5180.0
s6_offatr1_atr3-r0,2,4,eve,124,-42166.0,-1.3471,0.737,0.2742,5180.0
s6_offatr1_atr3-r1,2,5,all,124,2974.0,0.1311,1.0265,0.5242,5180.0
s6_offatr1_atr3-r1,2,5,eve,124,2974.0,0.1311,1.0265,0.5242,5180.0
s6_offatr1_atr3-r2,2,6,all,124,-2981.0,-0.0995,0.9794,0.3629,5180.0
s6_offatr1_atr3-r2,2,6,eve,124,-2981.0,-0.0995,0.9794,0.3629,5180.0
s6_offatr1_atr3-r3,2,7,all,124,-32121.0,-1.0112,0.7981,0.2823,5180.0
s6_offatr1_atr3-r3,2,7,eve,124,-32121.0,-1.0112,0.7981,0.2823,5180.0
s6_offatr1_pts10-r0,2,8,all,124,17494.0,1.0031,1.7119,0.0645,290.0
s6_offatr1_pts10-r0,2,8,eve,124,17494.0,1.0031,1.7119,0.0645,290.0
s6_offatr1_pts10-r1,2,9,all,124,-3826.0,-1.6892,0.7381,0.4435,225.0
s6_offatr1_pts10-r1,2,9,eve,124,-3826.0,-1.6892,0.7381,0.4435,225.0
s6_offatr1_pts10-r2,2,10,all,124,-2616.0,-0.8277,0.8551,0.3145,290.0
s6_offatr1_pts10-r2,2,10,eve,124,-2616.0,-0.8277,0.8551,0.3145,290.0
s6_offatr1_pts10-r3,2,11,all,124,-4496.0,-1.2051,0.7816,0.2177,290.0
s6_offatr1_pts10-r3,2,11,eve,124,-4496.0,-1.2051,0.7816,0.2177,290.0
s6_offatr1_pts20-r0,2,12,all,124,24754.0,1.1655,1.5587,0.129,415.0
s6_offatr1_pts20-r0,2,12,eve,124,24754.0,1.1655,1.5587,0.129,415.0
s6_offatr1_pts20-r1,2,13,all,124,-2491.0,-0.553,0.9051,0.4839,415.0
s6_offatr1_pts20-r1,2,13,eve,124,-2491.0,-0.553,0.9051,0.4839,415.0
s6_offatr1_pts20-r2,2,14,all,124,3404.0,0.5249,1.105,0.3629,415.0
s6_offatr1_pts20-r2,2,14,eve,124,3404.0,0.5249,1.105,0.3629,415.0
s6_offatr1_pts20-r3,2,15,all,124,10164.0,1.2276,1.2881,0.3065,415.0
s6_offatr1_pts20-r3,2,15,eve,124,10164.0,1.2276,1.2881,0.3065,415.0
s6_offatr1_pts30-r0,2,16,all,124,9729.0,0.4352,1.1504,0.1452,625.0
s6_offatr1_pts30-r0,2,16,eve,124,9729.0,0.4352,1.1504,0.1452,625.0
s6_offatr1_pts30-r1,2,17,all,124,-5706.0,-0.848,0.8583,0.4677,620.0
s6_offatr1_pts30-r1,2,17,eve,124,-5706.0,-0.848,0.8583,0.4677,620.0
s6_offatr1_pts30-r2,2,18,all,124,11034.0,1.1217,1.2379,0.3871,620.0
s6_offatr1_pts30-r2,2,18,eve,124,11034.0,1.1217,1.2379,0.3871,620.0
s6_offatr1_pts30-r3,2,19,all,124,13344.0,1.0839,1.2513,0.2984,625.0
s6_offatr1_pts30-r3,2,19,eve,124,13344.0,1.0839,1.2513,0.2984,625.0
s6_offatr1_pts45-r0,2,20,all,124,-5831.0,-0.2431,0.9366,0.1855,920.0
s6_offatr1_pts45-r0,2,20,eve,124,-5831.0,-0.2431,0.9366,0.1855,920.0
s6_offatr1_pts45-r1,2,21,all,124,-4521.0,-0.4479,0.9224,0.4839,910.0
s6_offatr1_pts45-r1,2,21,eve,124,-4521.0,-0.4479,0.9224,0.4839,910.0
s6_offatr1_pts45-r2,2,22,all,124,6179.0,0.4268,1.0848,0.3548,920.0
s6_offatr1_pts45-r2,2,22,eve,124,6179.0,0.4268,1.0848,0.3548,920.0
s6_offatr1_pts45-r3,2,23,all,124,7954.0,0.4465,1.0971,0.2742,920.0
s6_offatr1_pts45-r3,2,23,eve,124,7954.0,0.4465,1.0971,0.2742,920.0
s6_offatr1_pct0p1-r0,2,24,all,124,18719.0,0.874,1.3718,0.129,535.0
s6_offatr1_pct0p1-r0,2,24,eve,124,18719.0,0.874,1.3718,0.129,535.0
s6_offatr1_pct0p1-r1,2,25,all,124,-5696.0,-1.1072,0.8185,0.4597,535.0
s6_offatr1_pct0p1-r1,2,25,eve,124,-5696.0,-1.1072,0.8185,0.4597,535.0
s6_offatr1_pct0p1-r2,2,26,all,124,4074.0,0.5483,1.1106,0.3629,535.0
s6_offatr1_pct0p1-r2,2,26,eve,124,4074.0,0.5483,1.1106,0.3629,535.0
s6_offatr1_pct0p1-r3,2,27,all,124,11509.0,1.2155,1.2864,0.3065,535.0
s6_offatr1_pct0p1-r3,2,27,eve,124,11509.0,1.2155,1.2864,0.3065,535.0
s6_offatr1_pct0p2-r0,2,28,all,124,-8051.0,-0.3356,0.9133,0.1774,1055.0
s6_offatr1_pct0p2-r0,2,28,eve,124,-8051.0,-0.3356,0.9133,0.1774,1055.0
s6_offatr1_pct0p2-r1,2,29,all,124,-151.0,-0.0147,0.9973,0.5,1055.0
s6_offatr1_pct0p2-r1,2,29,eve,124,-151.0,-0.0147,0.9973,0.5,1055.0
s6_offatr1_pct0p2-r2,2,30,all,124,3679.0,0.2512,1.0494,0.3468,1055.0
s6_offatr1_pct0p2-r2,2,30,eve,124,3679.0,0.2512,1.0494,0.3468,1055.0
s6_offatr1_pct0p2-r3,2,31,all,124,5854.0,0.3258,1.0707,0.2661,1055.0
s6_offatr1_pct0p2-r3,2,31,eve,124,5854.0,0.3258,1.0707,0.2661,1055.0
s6_offptsA_atr1p5-r0,3,0,all,241,12821.0,0.2678,1.0604,0.1784,6145.0
s6_offptsA_atr1p5-r0,3,0,eve,241,12821.0,0.2678,1.0604,0.1784,6145.0
s6_offptsA_atr1p5-r1,3,1,all,241,16731.0,0.8251,1.1338,0.4938,2950.0
s6_offptsA_atr1p5-r1,3,1,eve,241,16731.0,0.8251,1.1338,0.4938,2950.0
s6_offptsA_atr1p5-r2,3,2,all,241,30141.0,0.9717,1.1791,0.3444,4305.0
s6_offptsA_atr1p5-r2,3,2,eve,241,30141.0,0.9717,1.1791,0.3444,4305.0
s6_offptsA_atr1p5-r3,3,3,all,241,17851.0,0.5044,1.0934,0.2697,6145.0
s6_offptsA_atr1p5-r3,3,3,eve,241,17851.0,0.5044,1.0934,0.2697,6145.0
s6_offptsA_atr3-r0,3,4,all,241,-8114.0,-0.1396,0.9755,0.3195,12310.0
s6_offptsA_atr3-r0,3,4,eve,241,-8114.0,-0.1396,0.9755,0.3195,12310.0
s6_offptsA_atr3-r1,3,5,all,241,42526.0,1.0861,1.1798,0.5062,5910.0
s6_offptsA_atr3-r1,3,5,eve,241,42526.0,1.0861,1.1798,0.5062,5910.0
s6_offptsA_atr3-r2,3,6,all,241,3166.0,0.0624,1.0102,0.3693,12310.0
s6_offptsA_atr3-r2,3,6,eve,241,3166.0,0.0624,1.0102,0.3693,12310.0
s6_offptsA_atr3-r3,3,7,all,241,736.0,0.0124,1.0022,0.3278,12310.0
s6_offptsA_atr3-r3,3,7,eve,241,736.0,0.0124,1.0022,0.3278,12310.0
s6_offptsA_pts10-r0,3,8,all,241,7916.0,0.3478,1.1624,0.0415,235.0
s6_offptsA_pts10-r0,3,8,eve,241,7916.0,0.3478,1.1624,0.0415,235.0
s6_offptsA_pts10-r1,3,9,all,241,-2449.0,-0.773,0.905,0.4938,235.0
s6_offptsA_pts10-r1,3,9,eve,241,-2449.0,-0.773,0.905,0.4938,235.0
s6_offptsA_pts10-r2,3,10,all,241,-5949.0,-1.3654,0.8312,0.3071,235.0
s6_offptsA_pts10-r2,3,10,eve,241,-5949.0,-1.3654,0.8312,0.3071,235.0
s6_offptsA_pts10-r3,3,11,all,241,-7269.0,-1.3886,0.8158,0.2241,235.0
s6_offptsA_pts10-r3,3,11,eve,241,-7269.0,-1.3886,0.8158,0.2241,235.0
s6_offptsA_pts20-r0,3,12,all,241,28821.0,0.9161,1.3218,0.0954,450.0
s6_offptsA_pts20-r0,3,12,eve,241,28821.0,0.9161,1.3218,0.0954,450.0
s6_offptsA_pts20-r1,3,13,all,241,-2149.0,-0.3426,0.9567,0.4979,425.0
s6_offptsA_pts20-r1,3,13,eve,241,-2149.0,-0.3426,0.9567,0.4979,425.0
s6_offptsA_pts20-r2,3,14,all,241,-2399.0,-0.2714,0.9637,0.332,425.0
s6_offptsA_pts20-r2,3,14,eve,241,-2399.0,-0.2714,0.9637,0.332,425.0
s6_offptsA_pts20-r3,3,15,all,241,2246.0,0.2045,1.0307,0.2614,450.0
s6_offptsA_pts20-r3,3,15,eve,241,2246.0,0.2045,1.0307,0.2614,450.0
s6_offptsA_pts30-r0,3,16,all,241,15251.0,0.4543,1.1195,0.1328,640.0
s6_offptsA_pts30-r0,3,16,eve,241,15251.0,0.4543,1.1195,0.1328,640.0
s6_offptsA_pts30-r1,3,17,all,241,1231.0,0.1312,1.0171,0.5104,640.0
s6_offptsA_pts30-r1,3,17,eve,241,1231.0,0.1312,1.0171,0.5104,640.0
s6_offptsA_pts30-r2,3,18,all,241,4611.0,0.3443,1.0481,0.3485,640.0
s6_offptsA_pts30-r2,3,18,eve,241,4611.0,0.3443,1.0481,0.3485,640.0
s6_offptsA_pts30-r3,3,19,all,241,9231.0,0.5555,1.0859,0.2697,640.0
s6_offptsA_pts30-r3,3,19,eve,241,9231.0,0.5555,1.0859,0.2697,640.0
s6_offptsA_pts45-r0,3,20,all,241,12536.0,0.3215,1.0705,0.1867,930.0
s6_offptsA_pts45-r0,3,20,eve,241,12536.0,0.3215,1.0705,0.1867,930.0
s6_offptsA_pts45-r1,3,21,all,241,-15269.0,-1.0889,0.869,0.4689,915.0
s6_offptsA_pts45-r1,3,21,eve,241,-15269.0,-1.0889,0.869,0.4689,915.0
s6_offptsA_pts45-r2,3,22,all,241,-6694.0,-0.3399,0.9546,0.3278,925.0
s6_offptsA_pts45-r2,3,22,eve,241,-6694.0,-0.3399,0.9546,0.3278,925.0
s6_offptsA_pts45-r3,3,23,all,241,-4099.0,-0.1701,0.975,0.2531,925.0
s6_offptsA_pts45-r3,3,23,eve,241,-4099.0,-0.1701,0.975,0.2531,925.0
s6_offptsA_pct0p1-r0,3,24,all,241,34026.0,1.0418,1.3427,0.112,530.0
s6_offptsA_pct0p1-r0,3,24,eve,241,34026.0,1.0418,1.3427,0.112,530.0
s6_offptsA_pct0p1-r1,3,25,all,241,-1089.0,-0.1528,0.9804,0.5062,525.0
s6_offptsA_pct0p1-r1,3,25,eve,241,-1089.0,-0.1528,0.9804,0.5062,525.0
s6_offptsA_pct0p1-r2,3,26,all,241,-899.0,-0.0894,0.9879,0.3402,525.0
s6_offptsA_pct0p1-r2,3,26,eve,241,-899.0,-0.0894,0.9879,0.3402,525.0
s6_offptsA_pct0p1-r3,3,27,all,241,7241.0,0.5745,1.089,0.2739,525.0
s6_offptsA_pct0p1-r3,3,27,eve,241,7241.0,0.5745,1.089,0.2739,525.0
s6_offptsA_pct0p2-r0,3,28,all,241,11891.0,0.3046,1.0667,0.1867,1050.0
s6_offptsA_pct0p2-r0,3,28,eve,241,11891.0,0.3046,1.0667,0.1867,1050.0
s6_offptsA_pct0p2-r1,3,29,all,241,-13934.0,-0.9822,0.8804,0.473,1045.0
s6_offptsA_pct0p2-r1,3,29,eve,241,-13934.0,-0.9822,0.8804,0.473,1045.0
s6_offptsA_pct0p2-r2,3,30,all,241,-4749.0,-0.2384,0.9678,0.332,1045.0
s6_offptsA_pct0p2-r2,3,30,eve,241,-4749.0,-0.2384,0.9678,0.332,1045.0
s6_offptsA_pct0p2-r3,3,31,all,241,2716.0,0.1111,1.0167,0.2656,1045.0
s6_offptsA_pct0p2-r3,3,31,eve,241,2716.0,0.1111,1.0167,0.2656,1045.0
s6_offptsB_atr1p5-r0,4,0,all,192,48797.0,1.0496,1.2869,0.2188,6145.0
s6_offptsB_atr1p5-r0,4,0,eve,192,48797.0,1.0496,1.2869,0.2188,6145.0
s6_offptsB_atr1p5-r1,4,1,all,192,23232.0,1.2063,1.2278,0.5,2240.0
s6_offptsB_atr1p5-r1,4,1,eve,192,23232.0,1.2063,1.2278,0.5,2240.0
s6_offptsB_atr1p5-r2,4,2,all,192,29832.0,1.0637,1.2134,0.3802,6145.0
s6_offptsB_atr1p5-r2,4,2,eve,192,29832.0,1.0637,1.2134,0.3802,6145.0
s6_offptsB_atr1p5-r3,4,3,all,192,35017.0,1.0368,1.2279,0.3021,6145.0
s6_offptsB_atr1p5-r3,4,3,eve,192,35017.0,1.0368,1.2279,0.3021,6145.0
s6_offptsB_atr3-r0,4,4,all,192,20197.0,0.3616,1.0738,0.3281,12290.0
s6_offptsB_atr3-r0,4,4,eve,192,20197.0,0.3616,1.0738,0.3281,12290.0
s6_offptsB_atr3-r1,4,5,all,192,49142.0,1.3239,1.2513,0.5417,12290.0
s6_offptsB_atr3-r1,4,5,eve,192,49142.0,1.3239,1.2513,0.5417,12290.0
s6_offptsB_atr3-r2,4,6,all,192,16212.0,0.3379,1.0631,0.3802,12290.0
s6_offptsB_atr3-r2,4,6,eve,192,16212.0,0.3379,1.0631,0.3802,12290.0
s6_offptsB_atr3-r3,4,7,all,192,29187.0,0.5085,1.1081,0.3385,12290.0
s6_offptsB_atr3-r3,4,7,eve,192,29187.0,0.5085,1.1081,0.3385,12290.0
s6_offptsB_pts10-r0,4,8,all,192,9377.0,0.5046,1.2439,0.0521,260.0
s6_offptsB_pts10-r0,4,8,eve,192,9377.0,0.5046,1.2439,0.0521,260.0
s6_offptsB_pts10-r1,4,9,all,192,-2703.0,-0.9553,0.8709,0.4844,260.0
s6_offptsB_pts10-r1,4,9,eve,192,-2703.0,-0.9553,0.8709,0.4844,260.0
s6_offptsB_pts10-r2,4,10,all,192,82.0,0.0204,1.0031,0.349,260.0
s6_offptsB_pts10-r2,4,10,eve,192,82.0,0.0204,1.0031,0.349,260.0
s6_offptsB_pts10-r3,4,11,all,192,1392.0,0.2792,1.047,0.2708,260.0
s6_offptsB_pts10-r3,4,11,eve,192,1392.0,0.2792,1.047,0.2708,260.0
s6_offptsB_pts20-r0,4,12,all,192,22737.0,0.8067,1.3199,0.099,425.0
s6_offptsB_pts20-r0,4,12,eve,192,22737.0,0.8067,1.3199,0.099,425.0
s6_offptsB_pts20-r1,4,13,all,192,977.0,0.1744,1.0256,0.5156,425.0
s6_offptsB_pts20-r1,4,13,eve,192,977.0,0.1744,1.0256,0.5156,425.0
s6_offptsB_pts20-r2,4,14,all,192,-1663.0,-0.2104,0.9684,0.3333,425.0
s6_offptsB_pts20-r2,4,14,eve,192,-1663.0,-0.2104,0.9684,0.3333,425.0
s6_offptsB_pts20-r3,4,15,all,192,3057.0,0.31,1.0528,0.2656,425.0
s6_offptsB_pts20-r3,4,15,eve,192,3057.0,0.31,1.0528,0.2656,425.0
s6_offptsB_pts30-r0,4,16,all,192,27167.0,0.8476,1.2695,0.1406,625.0
s6_offptsB_pts30-r0,4,16,eve,192,27167.0,0.8476,1.2695,0.1406,625.0
s6_offptsB_pts30-r1,4,17,all,192,977.0,0.1166,1.017,0.5104,625.0
s6_offptsB_pts30-r1,4,17,eve,192,977.0,0.1166,1.017,0.5104,625.0
s6_offptsB_pts30-r2,4,18,all,192,7337.0,0.609,1.0976,0.3594,625.0
s6_offptsB_pts30-r2,4,18,eve,192,7337.0,0.609,1.0976,0.3594,625.0
s6_offptsB_pts30-r3,4,19,all,192,15042.0,0.9949,1.1796,0.2865,625.0
s6_offptsB_pts30-r3,4,19,eve,192,15042.0,0.9949,1.1796,0.2865,625.0
s6_offptsB_pts45-r0,4,20,all,192,30047.0,0.8205,1.2128,0.1927,925.0
s6_offptsB_pts45-r0,4,20,eve,192,30047.0,0.8205,1.2128,0.1927,925.0
s6_offptsB_pts45-r1,4,21,all,192,-5033.0,-0.4011,0.9436,0.4896,925.0
s6_offptsB_pts45-r1,4,21,eve,192,-5033.0,-0.4011,0.9436,0.4896,925.0
s6_offptsB_pts45-r2,4,22,all,192,9187.0,0.5108,1.0813,0.3542,925.0
s6_offptsB_pts45-r2,4,22,eve,192,9187.0,0.5108,1.0813,0.3542,925.0
s6_offptsB_pts45-r3,4,23,all,192,16257.0,0.7257,1.1284,0.276,925.0
s6_offptsB_pts45-r3,4,23,eve,192,16257.0,0.7257,1.1284,0.276,925.0
s6_offptsB_pct0p1-r0,4,24,all,192,18912.0,0.6586,1.2379,0.1042,530.0
s6_offptsB_pct0p1-r0,4,24,eve,192,18912.0,0.6586,1.2379,0.1042,530.0
s6_offptsB_pct0p1-r1,4,25,all,192,-2813.0,-0.4433,0.9375,0.5,530.0
s6_offptsB_pct0p1-r1,4,25,eve,192,-2813.0,-0.4433,0.9375,0.5,530.0
s6_offptsB_pct0p1-r2,4,26,all,192,-1508.0,-0.1689,0.9745,0.3385,530.0
s6_offptsB_pct0p1-r2,4,26,eve,192,-1508.0,-0.1689,0.9745,0.3385,530.0
s6_offptsB_pct0p1-r3,4,27,all,192,-573.0,-0.0522,0.9913,0.2552,530.0
s6_offptsB_pct0p1-r3,4,27,eve,192,-573.0,-0.0522,0.9913,0.2552,530.0
s6_offptsB_pct0p2-r0,4,28,all,192,31367.0,0.8534,1.2218,0.1927,1065.0
s6_offptsB_pct0p2-r0,4,28,eve,192,31367.0,0.8534,1.2218,0.1927,1065.0
s6_offptsB_pct0p2-r1,4,29,all,192,-1838.0,-0.1454,0.9791,0.5,1065.0
s6_offptsB_pct0p2-r1,4,29,eve,192,-1838.0,-0.1454,0.9791,0.5,1065.0
s6_offptsB_pct0p2-r2,4,30,all,192,-1148.0,-0.0642,0.9902,0.3333,1065.0
s6_offptsB_pct0p2-r2,4,30,eve,192,-1148.0,-0.0642,0.9902,0.3333,1065.0
s6_offptsB_pct0p2-r3,4,31,all,192,14232.0,0.6359,1.1121,0.276,1065.0
s6_offptsB_pct0p2-r3,4,31,eve,192,14232.0,0.6359,1.1121,0.276,1065.0
s7_offatr0p25_atr1p5-r0,0,0,all,247,12247.0,0.259,1.0561,0.17,6145.0
s7_offatr0p25_atr1p5-r0,0,0,eve,247,12247.0,0.259,1.0561,0.17,6145.0
s7_offatr0p25_atr1p5-r1,0,1,all,247,-6948.0,-0.3417,0.9499,0.4656,4600.0
s7_offatr0p25_atr1p5-r1,0,1,eve,247,-6948.0,-0.3417,0.9499,0.4656,4600.0
s7_offatr0p25_atr1p5-r2,0,2,all,247,5092.0,0.1804,1.0286,0.336,6145.0
s7_offatr0p25_atr1p5-r2,0,2,eve,247,5092.0,0.1804,1.0286,0.336,6145.0
s7_offatr0p25_atr1p5-r3,0,3,all,247,7022.0,0.207,1.0354,0.2551,6145.0
s7_offatr0p25_atr1p5-r3,0,3,eve,247,7022.0,0.207,1.0354,0.2551,6145.0
s7_offatr0p25_atr3-r0,0,4,all,247,-54413.0,-0.9331,0.851,0.2834,12290.0
s7_offatr0p25_atr3-r0,0,4,eve,247,-54413.0,-0.9331,0.851,0.2834,12290.0
s7_offatr0p25_atr3-r1,0,5,all,247,-60423.0,-1.5408,0.7929,0.4494,12290.0
s7_offatr0p25_atr3-r1,0,5,eve,247,-60423.0,-1.5408,0.7929,0.4494,12290.0
s7_offatr0p25_atr3-r2,0,6,all,247,-25483.0,-0.5097,0.9241,0.3482,12290.0
s7_offatr0p25_atr3-r2,0,6,eve,247,-25483.0,-0.5097,0.9241,0.3482,12290.0
s7_offatr0p25_atr3-r3,0,7,all,247,-18028.0,-0.3141,0.9493,0.3036,12290.0
s7_offatr0p25_atr3-r3,0,7,eve,247,-18028.0,-0.3141,0.9493,0.3036,12290.0
s7_offatr0p25_pts10-r0,0,8,all,247,13552.0,0.6065,1.2723,0.0445,225.0
s7_offatr0p25_pts10-r0,0,8,eve,247,13552.0,0.6065,1.2723,0.0445,225.0
s7_offatr0p25_pts10-r1,0,9,all,247,-5778.0,-1.8061,0.7945,0.4615,225.0
s7_offatr0p25_pts10-r1,0,9,eve,247,-5778.0,-1.8061,0.7945,0.4615,225.0
s7_offatr0p25_pts10-r2,0,10,all,247,-5993.0,-1.3581,0.8339,0.3077,225.0
s7_offatr0p25_pts10-r2,0,10,eve,247,-5993.0,-1.3581,0.8339,0.3077,225.0
s7_offatr0p25_pts10-r3,0,11,all,247,-7723.0,-1.4606,0.8093,0.2227,225.0
s7_offatr0p25_pts10-r3,0,11,eve,247,-7723.0,-1.4606,0.8093,0.2227,225.0
s7_offatr0p25_pts20-r0,0,12,all,247,15372.0,0.5518,1.1656,0.085,450.0
s7_offatr0p25_pts20-r0,0,12,eve,247,15372.0,0.5518,1.1656,0.085,450.0
s7_offatr0p25_pts20-r1,0,13,all,247,-9533.0,-1.5044,0.8256,0.4615,450.0
s7_offatr0p25_pts20-r1,0,13,eve,247,-9533.0,-1.5044,0.8256,0.4615,450.0
s7_offatr0p25_pts20-r2,0,14,all,247,-12183.0,-1.3992,0.8286,0.2996,450.0
s7_offatr0p25_pts20-r2,0,14,eve,247,-12183.0,-1.3992,0.8286,0.2996,450.0
s7_offatr0p25_pts20-r3,0,15,all,247,-3473.0,-0.3182,0.9546,0.247,450.0
s7_offatr0p25_pts20-r3,0,15,eve,247,-3473.0,-0.3182,0.9546,0.247,450.0
s7_offatr0p25_pts30-r0,0,16,all,247,6457.0,0.1989,1.0483,0.1134,685.0
s7_offatr0p25_pts30-r0,0,16,eve,247,6457.0,0.1989,1.0483,0.1134,685.0
s7_offatr0p25_pts30-r1,0,17,all,247,-19298.0,-2.0454,0.771,0.4413,685.0
s7_offatr0p25_pts30-r1,0,17,eve,247,-19298.0,-2.0454,0.771,0.4413,685.0
s7_offatr0p25_pts30-r2,0,18,all,247,-11698.0,-0.8877,0.8873,0.3117,685.0
s7_offatr0p25_pts30-r2,0,18,eve,247,-11698.0,-0.8877,0.8873,0.3117,685.0
s7_offatr0p25_pts30-r3,0,19,all,247,-11193.0,-0.6968,0.903,0.2348,685.0
s7_offatr0p25_pts30-r3,0,19,eve,247,-11193.0,-0.6968,0.903,0.2348,685.0
s7_offatr0p25_pts45-r0,0,20,all,247,-16223.0,-0.4414,0.9148,0.1538,935.0
s7_offatr0p25_pts45-r0,0,20,eve,247,-16223.0,-0.4414,0.9148,0.1538,935.0
s7_offatr0p25_pts45-r1,0,21,all,247,-31588.0,-2.2408,0.7522,0.4332,935.0
s7_offatr0p25_pts45-r1,0,21,eve,247,-31588.0,-2.2408,0.7522,0.4332,935.0
s7_offatr0p25_pts45-r2,0,22,all,247,-28418.0,-1.467,0.8206,0.2955,935.0
s7_offatr0p25_pts45-r2,0,22,eve,247,-28418.0,-1.467,0.8206,0.2955,935.0
s7_offatr0p25_pts45-r3,0,23,all,247,-36423.0,-1.5843,0.7927,0.2186,935.0
s7_offatr0p25_pts45-r3,0,23,eve,247,-36423.0,-1.5843,0.7927,0.2186,935.0
s7_offatr0p25_pct0p1-r0,0,24,all,247,10147.0,0.3578,1.0978,0.0931,525.0
s7_offatr0p25_pct0p1-r0,0,24,eve,247,10147.0,0.3578,1.0978,0.0931,525.0
s7_offatr0p25_pct0p1-r1,0,25,all,247,-9443.0,-1.3098,0.8457,0.4696,525.0
s7_offatr0p25_pct0p1-r1,0,25,eve,247,-9443.0,-1.3098,0.8457,0.4696,525.0
s7_offatr0p25_pct0p1-r2,0,26,all,247,-13233.0,-1.3342,0.835,0.2996,525.0
s7_offatr0p25_pct0p1-r2,0,26,eve,247,-13233.0,-1.3342,0.835,0.2996,525.0
s7_offatr0p25_pct0p1-r3,0,27,all,247,-6663.0,-0.5407,0.9235,0.2389,525.0
s7_offatr0p25_pct0p1-r3,0,27,eve,247,-6663.0,-0.5407,0.9235,0.2389,525.0
s7_offatr0p25_pct0p2-r0,0,28,all,247,-2953.0,-0.079,0.9843,0.166,1070.0
s7_offatr0p25_pct0p2-r0,0,28,eve,247,-2953.0,-0.079,0.9843,0.166,1070.0
s7_offatr0p25_pct0p2-r1,0,29,all,247,-21938.0,-1.5298,0.8223,0.4534,1070.0
s7_offatr0p25_pct0p2-r1,0,29,eve,247,-21938.0,-1.5298,0.8223,0.4534,1070.0
s7_offatr0p25_pct0p2-r2,0,30,all,247,-30868.0,-1.5802,0.8074,0.2915,1070.0
s7_offatr0p25_pct0p2-r2,0,30,eve,247,-30868.0,-1.5802,0.8074,0.2915,1070.0
s7_offatr0p25_pct0p2-r3,0,31,all,247,-31663.0,-1.3463,0.8197,0.2227,1070.0
s7_offatr0p25_pct0p2-r3,0,31,eve,247,-31663.0,-1.3463,0.8197,0.2227,1070.0
s7_offatr0p5_atr1p5-r0,1,0,all,216,62351.0,1.3544,1.3635,0.2037,2595.0
s7_offatr0p5_atr1p5-r0,1,0,eve,216,62351.0,1.3544,1.3635,0.2037,2595.0
s7_offatr0p5_atr1p5-r1,1,1,all,216,10266.0,0.6138,1.0977,0.5231,2580.0
s7_offatr0p5_atr1p5-r1,1,1,eve,216,10266.0,0.6138,1.0977,0.5231,2580.0
s7_offatr0p5_atr1p5-r2,1,2,all,216,16916.0,0.7074,1.1211,0.3704,2595.0
s7_offatr0p5_atr1p5-r2,1,2,eve,216,16916.0,0.7074,1.1211,0.3704,2595.0
s7_offatr0p5_atr1p5-r3,1,3,all,216,25651.0,0.872,1.1656,0.2917,2595.0
s7_offatr0p5_atr1p5-r3,1,3,eve,216,25651.0,0.872,1.1656,0.2917,2595.0
s7_offatr0p5_atr3-r0,1,4,all,216,94826.0,1.3166,1.3424,0.338,5160.0
s7_offatr0p5_atr3-r0,1,4,eve,216,94826.0,1.3166,1.3424,0.338,5160.0
s7_offatr0p5_atr3-r1,1,5,all,216,20931.0,0.6342,1.1019,0.5417,5160.0
s7_offatr0p5_atr3-r1,1,5,eve,216,20931.0,0.6342,1.1019,0.5417,5160.0
s7_offatr0p5_atr3-r2,1,6,all,216,71656.0,1.56,1.2895,0.4213,5160.0
s7_offatr0p5_atr3-r2,1,6,eve,216,71656.0,1.56,1.2895,0.4213,5160.0
s7_offatr0p5_atr3-r3,1,7,all,216,78321.0,1.4311,1.2909,0.3611,5160.0
s7_offatr0p5_atr3-r3,1,7,eve,216,78321.0,1.4311,1.2909,0.3611,5160.0
s7_offatr0p5_pts10-r0,1,8,all,216,9096.0,0.449,1.2084,0.0417,230.0
s7_offatr0p5_pts10-r0,1,8,eve,216,9096.0,0.449,1.2084,0.0417,230.0
s7_offatr0p5_pts10-r1,1,9,all,216,-6134.0,-2.0549,0.7561,0.4491,230.0
s7_offatr0p5_pts10-r1,1,9,eve,216,-6134.0,-2.0549,0.7561,0.4491,230.0
s7_offatr0p5_pts10-r2,1,10,all,216,-4349.0,-1.0463,0.861,0.3148,230.0
s7_offatr0p5_pts10-r2,1,10,eve,216,-4349.0,-1.0463,0.861,0.3148,230.0
s7_offatr0p5_pts10-r3,1,11,all,216,-9284.0,-1.9228,0.7428,0.2083,230.0
s7_offatr0p5_pts10-r3,1,11,eve,216,-9284.0,-1.9228,0.7428,0.2083,230.0
s7_offatr0p5_pts20-r0,1,12,all,216,18501.0,0.6758,1.2285,0.088,435.0
s7_offatr0p5_pts20-r0,1,12,eve,216,18501.0,0.6758,1.2285,0.088,435.0
s7_offatr0p5_pts20-r1,1,13,all,216,-3264.0,-0.549,0.9279,0.4907,430.0
s7_offatr0p5_pts20-r1,1,13,eve,216,-3264.0,-0.549,0.9279,0.4907,430.0
s7_offatr0p5_pts20-r2,1,14,all,216,-5544.0,-0.6686,0.9083,0.3194,435.0
s7_offatr0p5_pts20-r2,1,14,eve,216,-5544.0,-0.6686,0.9083,0.3194,435.0
s7_offatr0p5_pts20-r3,1,15,all,216,2796.0,0.268,1.0428,0.2639,435.0
s7_offatr0p5_pts20-r3,1,15,eve,216,2796.0,0.268,1.0428,0.2639,435.0
s7_offatr0p5_pts30-r0,1,16,all,216,28551.0,0.9041,1.2517,0.1389,615.0
s7_offatr0p5_pts30-r0,1,16,eve,216,28551.0,0.9041,1.2517,0.1389,615.0
s7_offatr0p5_pts30-r1,1,17,all,216,2126.0,0.2395,1.0332,0.5139,615.0
s7_offatr0p5_pts30-r1,1,17,eve,216,2126.0,0.2395,1.0332,0.5139,615.0
s7_offatr0p5_pts30-r2,1,18,all,216,18151.0,1.4028,1.2238,0.3843,615.0
s7_offatr0p5_pts30-r2,1,18,eve,216,18151.0,1.4028,1.2238,0.3843,615.0
s7_offatr0p5_pts30-r3,1,19,all,216,22246.0,1.3747,1.24,0.2963,615.0
s7_offatr0p5_pts30-r3,1,19,eve,216,22246.0,1.3747,1.24,0.2963,615.0
s7_offatr0p5_pts45-r0,1,20,all,216,29026.0,0.7947,1.1853,0.1991,960.0
s7_offatr0p5_pts45-r0,1,20,eve,216,29026.0,0.7947,1.1853,0.1991,960.0
s7_offatr0p5_pts45-r1,1,21,all,216,-10614.0,-0.7984,0.8969,0.4769,960.0
s7_offatr0p5_pts45-r1,1,21,eve,216,-10614.0,-0.7984,0.8969,0.4769,960.0
s7_offatr0p5_pts45-r2,1,22,all,216,6291.0,0.3314,1.049,0.3472,960.0
s7_offatr0p5_pts45-r2,1,22,eve,216,6291.0,0.3314,1.049,0.3472,960.0
s7_offatr0p5_pts45-r3,1,23,all,216,11836.0,0.508,1.0833,0.2731,960.0
s7_offatr0p5_pts45-r3,1,23,eve,216,11836.0,0.508,1.0833,0.2731,960.0
s7_offatr0p5_pct0p1-r0,1,24,all,216,19166.0,0.6817,1.2137,0.1019,530.0
s7_offatr0p5_pct0p1-r0,1,24,eve,216,19166.0,0.6817,1.2137,0.1019,530.0
s7_offatr0p5_pct0p1-r1,1,25,all,216,-4219.0,-0.6241,0.9181,0.4815,530.0
s7_offatr0p5_pct0p1-r1,1,25,eve,216,-4219.0,-0.6241,0.9181,0.4815,530.0
s7_offatr0p5_pct0p1-r2,1,26,all,216,-409.0,-0.0426,0.9938,0.3333,530.0
s7_offatr0p5_pct0p1-r2,1,26,eve,216,-409.0,-0.0426,0.9938,0.3333,530.0
s7_offatr0p5_pct0p1-r3,1,27,all,216,5171.0,0.4311,1.0705,0.2639,530.0
s7_offatr0p5_pct0p1-r3,1,27,eve,216,5171.0,0.4311,1.0705,0.2639,530.0
s7_offatr0p5_pct0p2-r0,1,28,all,216,29996.0,0.8207,1.1919,0.2037,1055.0
s7_offatr0p5_pct0p2-r0,1,28,eve,216,29996.0,0.8207,1.1919,0.2037,1055.0
s7_offatr0p5_pct0p2-r1,1,29,all,216,-6144.0,-0.4557,0.9395,0.4861,1055.0
s7_offatr0p5_pct0p2-r1,1,29,eve,216,-6144.0,-0.4557,0.9395,0.4861,1055.0
s7_offatr0p5_pct0p2-r2,1,30,all,216,12406.0,0.6415,1.0977,0.3565,1055.0
s7_offatr0p5_pct0p2-r2,1,30,eve,216,12406.0,0.6415,1.0977,0.3565,1055.0
s7_offatr0p5_pct0p2-r3,1,31,all,216,8321.0,0.3569,1.0583,0.2731,1055.0
s7_offatr0p5_pct0p2-r3,1,31,eve,216,8321.0,0.3569,1.0583,0.2731,1055.0
s7_offatr1_atr1p5-r0,2,0,all,117,-17453.0,-0.703,0.8128,0.1368,2510.0
s7_offatr1_atr1p5-r0,2,0,eve,117,-17453.0,-0.703,0.8128,0.1368,2510.0
s7_offatr1_atr1p5-r1,2,1,all,117,4157.0,0.3876,1.0825,0.5556,2040.0
s7_offatr1_atr1p5-r1,2,1,eve,117,4157.0,0.3876,1.0825,0.5556,2040.0
s7_offatr1_atr1p5-r2,2,2,all,117,4412.0,0.2937,1.0642,0.3761,2040.0
s7_offatr1_atr1p5-r2,2,2,eve,117,4412.0,0.2937,1.0642,0.3761,2040.0
s7_offatr1_atr1p5-r3,2,3,all,117,8502.0,0.4597,1.111,0.2991,2040.0
s7_offatr1_atr1p5-r3,2,3,eve,117,8502.0,0.4597,1.111,0.2991,2040.0
s7_offatr1_atr3-r0,2,4,all,117,-18633.0,-0.5342,0.8798,0.265,5020.0
s7_offatr1_atr3-r0,2,4,eve,117,-18633.0,-0.5342,0.8798,0.265,5020.0
s7_offatr1_atr3-r1,2,5,all,117,17772.0,0.8312,1.1853,0.5641,3915.0
s7_offatr1_atr3-r1,2,5,eve,117,17772.0,0.8312,1.1853,0.5641,3915.0
s7_offatr1_atr3-r2,2,6,all,117,12427.0,0.4236,1.0937,0.3932,5020.0
s7_offatr1_atr3-r2,2,6,eve,117,12427.0,0.4236,1.0937,0.3932,5020.0
s7_offatr1_atr3-r3,2,7,all,117,1917.0,0.0595,1.0131,0.3162,5020.0
s7_offatr1_atr3-r3,2,7,eve,117,1917.0,0.0595,1.0131,0.3162,5020.0
s7_offatr1_pts10-r0,2,8,all,117,12992.0,0.7885,1.5576,0.0598,260.0
s7_offatr1_pts10-r0,2,8,eve,117,12992.0,0.7885,1.5576,0.0598,260.0
s7_offatr1_pts10-r1,2,9,all,117,-3243.0,-1.4653,0.7621,0.453,260.0
s7_offatr1_pts10-r1,2,9,eve,117,-3243.0,-1.4653,0.7621,0.453,260.0
s7_offatr1_pts10-r2,2,10,all,117,-4778.0,-1.6057,0.7323,0.2821,260.0
s7_offatr1_pts10-r2,2,10,eve,117,-4778.0,-1.6057,0.7323,0.2821,260.0
s7_offatr1_pts10-r3,2,11,all,117,-4628.0,-1.2855,0.763,0.2137,260.0
s7_offatr1_pts10-r3,2,11,eve,117,-4628.0,-1.2855,0.763,0.2137,260.0
s7_offatr1_pts20-r0,2,12,all,117,5887.0,0.3104,1.1338,0.0855,430.0
s7_offatr1_pts20-r0,2,12,eve,117,5887.0,0.3104,1.1338,0.0855,430.0
s7_offatr1_pts20-r1,2,13,all,117,-1343.0,-0.306,0.9448,0.4957,430.0
s7_offatr1_pts20-r1,2,13,eve,117,-1343.0,-0.306,0.9448,0.4957,430.0
s7_offatr1_pts20-r2,2,14,all,117,4982.0,0.784,1.1658,0.3761,430.0
s7_offatr1_pts20-r2,2,14,eve,117,4982.0,0.784,1.1658,0.3761,430.0
s7_offatr1_pts20-r3,2,15,all,117,6517.0,0.822,1.1909,0.2906,430.0
s7_offatr1_pts20-r3,2,15,eve,117,6517.0,0.822,1.1909,0.2906,430.0
s7_offatr1_pts30-r0,2,16,all,117,6072.0,0.2718,1.0975,0.1282,615.0
s7_offatr1_pts30-r0,2,16,eve,117,6072.0,0.2718,1.0975,0.1282,615.0
s7_offatr1_pts30-r1,2,17,all,117,5722.0,0.8761,1.1765,0.547,615.0
s7_offatr1_pts30-r1,2,17,eve,117,5722.0,0.8761,1.1765,0.547,615.0
s7_offatr1_pts30-r2,2,18,all,117,13437.0,1.3962,1.3141,0.4017,615.0
s7_offatr1_pts30-r2,2,18,eve,117,13437.0,1.3962,1.3141,0.4017,615.0
s7_offatr1_pts30-r3,2,19,all,117,22397.0,1.8171,1.4701,0.3333,615.0
s7_offatr1_pts30-r3,2,19,eve,117,22397.0,1.8171,1.4701,0.3333,615.0
s7_offatr1_pts45-r0,2,20,all,117,7127.0,0.2704,1.0816,0.1795,920.0
s7_offatr1_pts45-r0,2,20,eve,117,7127.0,0.2704,1.0816,0.1795,920.0
s7_offatr1_pts45-r1,2,21,all,117,18122.0,1.8774,1.4147,0.5897,920.0
s7_offatr1_pts45-r1,2,21,eve,117,18122.0,1.8774,1.4147,0.5897,920.0
s7_offatr1_pts45-r2,2,22,all,117,17997.0,1.2533,1.2785,0.3932,920.0
s7_offatr1_pts45-r2,2,22,eve,117,17997.0,1.2533,1.2785,0.3932,920.0
s7_offatr1_pts45-r3,2,23,all,117,23342.0,1.291,1.3167,0.3077,920.0
s7_offatr1_pts45-r3,2,23,eve,117,23342.0,1.291,1.3167,0.3077,920.0
s7_offatr1_pct0p1-r0,2,24,all,117,4007.0,0.2081,1.0823,0.1026,535.0
s7_offatr1_pct0p1-r0,2,24,eve,117,4007.0,0.2081,1.0823,0.1026,535.0
s7_offatr1_pct0p1-r1,2,25,all,117,1422.0,0.285,1.0546,0.5214,535.0
s7_offatr1_pct0p1-r1,2,25,eve,117,1422.0,0.285,1.0546,0.5214,535.0
s7_offatr1_pct0p1-r2,2,26,all,117,7837.0,1.0728,1.2354,0.3846,535.0
s7_offatr1_pct0p1-r2,2,26,eve,117,7837.0,1.0728,1.2354,0.3846,535.0
s7_offatr1_pct0p1-r3,2,27,all,117,9922.0,1.0831,1.2611,0.2991,535.0
s7_offatr1_pct0p1-r3,2,27,eve,117,9922.0,1.0831,1.2611,0.2991,535.0
s7_offatr1_pct0p2-r0,2,28,all,117,-6993.0,-0.2885,0.9211,0.1709,1055.0
s7_offatr1_pct0p2-r0,2,28,eve,117,-6993.0,-0.2885,0.9211,0.1709,1055.0
s7_offatr1_pct0p2-r1,2,29,all,117,16957.0,1.7283,1.3785,0.5812,1055.0
s7_offatr1_pct0p2-r1,2,29,eve,117,16957.0,1.7283,1.3785,0.5812,1055.0
s7_offatr1_pct0p2-r2,2,30,all,117,26647.0,1.8091,1.4271,0.4188,1055.0
s7_offatr1_pct0p2-r2,2,30,eve,117,26647.0,1.8091,1.4271,0.4188,1055.0
s7_offatr1_pct0p2-r3,2,31,all,117,13067.0,0.7289,1.1695,0.2821,1055.0
s7_offatr1_pct0p2-r3,2,31,eve,117,13067.0,0.7289,1.1695,0.2821,1055.0
s7_offptsA_atr1p5-r0,3,0,all,240,34345.0,0.6853,1.1603,0.1792,6155.0
s7_offptsA_atr1p5-r0,3,0,eve,240,34345.0,0.6853,1.1603,0.1792,6155.0
s7_offptsA_atr1p5-r1,3,1,all,240,7155.0,0.353,1.0553,0.5208,4305.0
s7_offptsA_atr1p5-r1,3,1,eve,240,7155.0,0.353,1.0553,0.5208,4305.0
s7_offptsA_atr1p5-r2,3,2,all,240,23255.0,0.8054,1.1372,0.375,6155.0
s7_offptsA_atr1p5-r2,3,2,eve,240,23255.0,0.8054,1.1372,0.375,6155.0
s7_offptsA_atr1p5-r3,3,3,all,240,34265.0,0.9624,1.1818,0.2958,6155.0
s7_offptsA_atr1p5-r3,3,3,eve,240,34265.0,0.9624,1.1818,0.2958,6155.0
s7_offptsA_atr3-r0,3,4,all,240,-6725.0,-0.1086,0.9811,0.3083,12290.0
s7_offptsA_atr3-r0,3,4,eve,240,-6725.0,-0.1086,0.9811,0.3083,12290.0
s7_offptsA_atr3-r1,3,5,all,240,-26805.0,-0.6823,0.9012,0.5042,12290.0
s7_offptsA_atr3-r1,3,5,eve,240,-26805.0,-0.6823,0.9012,0.5042,12290.0
s7_offptsA_atr3-r2,3,6,all,240,14695.0,0.2776,1.0452,0.3917,12290.0
s7_offptsA_atr3-r2,3,6,eve,240,14695.0,0.2776,1.0452,0.3917,12290.0
s7_offptsA_atr3-r3,3,7,all,240,36610.0,0.5744,1.106,0.3375,12290.0
s7_offptsA_atr3-r3,3,7,eve,240,36610.0,0.5744,1.106,0.3375,12290.0
s7_offptsA_pts10-r0,3,8,all,240,-4720.0,-0.2545,0.9038,0.0333,230.0
s7_offptsA_pts10-r0,3,8,eve,240,-4720.0,-0.2545,0.9038,0.0333,230.0
s7_offptsA_pts10-r1,3,9,all,240,-3120.0,-0.9857,0.8802,0.4875,230.0
s7_offptsA_pts10-r1,3,9,eve,240,-3120.0,-0.9857,0.8802,0.4875,230.0
s7_offptsA_pts10-r2,3,10,all,240,-5245.0,-1.1991,0.8499,0.3125,230.0
s7_offptsA_pts10-r2,3,10,eve,240,-5245.0,-1.1991,0.8499,0.3125,230.0
s7_offptsA_pts10-r3,3,11,all,240,-8000.0,-1.5379,0.7979,0.2208,230.0
s7_offptsA_pts10-r3,3,11,eve,240,-8000.0,-1.5379,0.7979,0.2208,230.0
s7_offptsA_pts20-r0,3,12,all,240,16310.0,0.6104,1.1824,0.0917,420.0
s7_offptsA_pts20-r0,3,12,eve,240,16310.0,0.6104,1.1824,0.0917,420.0
s7_offptsA_pts20-r1,3,13,all,240,-4160.0,-0.6647,0.9176,0.4875,420.0
s7_offptsA_pts20-r1,3,13,eve,240,-4160.0,-0.6647,0.9176,0.4875,420.0
s7_offptsA_pts20-r2,3,14,all,240,-3190.0,-0.3625,0.9517,0.3292,420.0
s7_offptsA_pts20-r2,3,14,eve,240,-3190.0,-0.3625,0.9517,0.3292,420.0
s7_offptsA_pts20-r3,3,15,all,240,7545.0,0.6776,1.1057,0.275,420.0
s7_offptsA_pts20-r3,3,15,eve,240,7545.0,0.6776,1.1057,0.275,420.0
s7_offptsA_pts30-r0,3,16,all,240,36825.0,1.053,1.2916,0.1375,620.0
s7_offptsA_pts30-r0,3,16,eve,240,36825.0,1.053,1.2916,0.1375,620.0
s7_offptsA_pts30-r1,3,17,all,240,-7750.0,-0.8284,0.8984,0.4792,620.0
s7_offptsA_pts30-r1,3,17,eve,240,-7750.0,-0.8284,0.8984,0.4792,620.0
s7_offptsA_pts30-r2,3,18,all,240,5290.0,0.3956,1.0556,0.35,620.0
s7_offptsA_pts30-r2,3,18,eve,240,5290.0,0.3956,1.0556,0.35,620.0
s7_offptsA_pts30-r3,3,19,all,240,17180.0,1.0207,1.1637,0.2833,620.0
s7_offptsA_pts30-r3,3,19,eve,240,17180.0,1.0207,1.1637,0.2833,620.0
s7_offptsA_pts45-r0,3,20,all,240,23465.0,0.6058,1.1327,0.1833,930.0
s7_offptsA_pts45-r0,3,20,eve,240,23465.0,0.6058,1.1327,0.1833,930.0
s7_offptsA_pts45-r1,3,21,all,240,-16205.0,-1.1582,0.861,0.4667,930.0
s7_offptsA_pts45-r1,3,21,eve,240,-16205.0,-1.1582,0.861,0.4667,930.0
s7_offptsA_pts45-r2,3,22,all,240,3435.0,0.1724,1.0239,0.3417,930.0
s7_offptsA_pts45-r2,3,22,eve,240,3435.0,0.1724,1.0239,0.3417,930.0
s7_offptsA_pts45-r3,3,23,all,240,6745.0,0.2763,1.0421,0.2625,930.0
s7_offptsA_pts45-r3,3,23,eve,240,6745.0,0.2763,1.0421,0.2625,930.0
s7_offptsA_pct0p1-r0,3,24,all,240,7670.0,0.2839,1.0765,0.0958,525.0
s7_offptsA_pct0p1-r0,3,24,eve,240,7670.0,0.2839,1.0765,0.0958,525.0
s7_offptsA_pct0p1-r1,3,25,all,240,-3115.0,-0.4382,0.9446,0.4917,525.0
s7_offptsA_pct0p1-r1,3,25,eve,240,-3115.0,-0.4382,0.9446,0.4917,525.0
s7_offptsA_pct0p1-r2,3,26,all,240,280.0,0.0277,1.0038,0.3375,525.0
s7_offptsA_pct0p1-r2,3,26,eve,240,280.0,0.0277,1.0038,0.3375,525.0
s7_offptsA_pct0p1-r3,3,27,all,240,8090.0,0.6387,1.1002,0.2708,525.0
s7_offptsA_pct0p1-r3,3,27,eve,240,8090.0,0.6387,1.1002,0.2708,525.0
s7_offptsA_pct0p2-r0,3,28,all,240,26725.0,0.689,1.1519,0.1917,1050.0
s7_offptsA_pct0p2-r0,3,28,eve,240,26725.0,0.689,1.1519,0.1917,1050.0
s7_offptsA_pct0p2-r1,3,29,all,240,-15240.0,-1.0782,0.8693,0.4667,1050.0
s7_offptsA_pct0p2-r1,3,29,eve,240,-15240.0,-1.0782,0.8693,0.4667,1050.0
s7_offptsA_pct0p2-r2,3,30,all,240,3485.0,0.1735,1.0242,0.3417,1050.0
s7_offptsA_pct0p2-r2,3,30,eve,240,3485.0,0.1735,1.0242,0.3417,1050.0
s7_offptsA_pct0p2-r3,3,31,all,240,-3685.0,-0.1526,0.9773,0.2542,1050.0
s7_offptsA_pct0p2-r3,3,31,eve,240,-3685.0,-0.1526,0.9773,0.2542,1050.0
s7_offptsB_atr1p5-r0,4,0,all,180,53760.0,1.1349,1.3219,0.2167,6145.0
s7_offptsB_atr1p5-r0,4,0,eve,180,53760.0,1.1349,1.3219,0.2167,6145.0
s7_offptsB_atr1p5-r1,4,1,all,180,11460.0,0.5935,1.1094,0.5444,6145.0
s7_offptsB_atr1p5-r1,4,1,eve,180,11460.0,0.5935,1.1094,0.5444,6145.0
s7_offptsB_atr1p5-r2,4,2,all,180,29690.0,1.08,1.2196,0.3944,6145.0
s7_offptsB_atr1p5-r2,4,2,eve,180,29690.0,1.08,1.2196,0.3944,6145.0
s7_offptsB_atr1p5-r3,4,3,all,180,34975.0,1.0339,1.2305,0.3111,6145.0
s7_offptsB_atr1p5-r3,4,3,eve,180,34975.0,1.0339,1.2305,0.3111,6145.0
s7_offptsB_atr3-r0,4,4,all,180,29305.0,0.5122,1.108,0.3278,12290.0
s7_offptsB_atr3-r0,4,4,eve,180,29305.0,0.5122,1.108,0.3278,12290.0
s7_offptsB_atr3-r1,4,5,all,180,22960.0,0.6198,1.1143,0.5444,12290.0
s7_offptsB_atr3-r1,4,5,eve,180,22960.0,0.6198,1.1143,0.5444,12290.0
s7_offptsB_atr3-r2,4,6,all,180,49415.0,0.9879,1.2007,0.4056,12290.0
s7_offptsB_atr3-r2,4,6,eve,180,49415.0,0.9879,1.2007,0.4056,12290.0
s7_offptsB_atr3-r3,4,7,all,180,62170.0,1.0381,1.2353,0.3556,12290.0
s7_offptsB_atr3-r3,4,7,eve,180,62170.0,1.0381,1.2353,0.3556,12290.0
s7_offptsB_pts10-r0,4,8,all,180,28850.0,1.2857,1.8082,0.0611,240.0
s7_offptsB_pts10-r0,4,8,eve,180,28850.0,1.2857,1.8082,0.0611,240.0
s7_offptsB_pts10-r1,4,9,all,180,-3490.0,-1.2729,0.8268,0.4722,240.0
s7_offptsB_pts10-r1,4,9,eve,180,-3490.0,-1.2729,0.8268,0.4722,240.0
s7_offptsB_pts10-r2,4,10,all,180,-2860.0,-0.7484,0.8893,0.3222,240.0
s7_offptsB_pts10-r2,4,10,eve,180,-2860.0,-0.7484,0.8893,0.3222,240.0
s7_offptsB_pts10-r3,4,11,all,180,-2560.0,-0.5482,0.9111,0.2444,240.0
s7_offptsB_pts10-r3,4,11,eve,180,-2560.0,-0.5482,0.9111,0.2444,240.0
s7_offptsB_pts20-r0,4,12,all,180,15665.0,0.618,1.2309,0.0833,430.0
s7_offptsB_pts20-r0,4,12,eve,180,15665.0,0.618,1.2309,0.0833,430.0
s7_offptsB_pts20-r1,4,13,all,180,-3810.0,-0.7018,0.9004,0.4833,420.0
s7_offptsB_pts20-r1,4,13,eve,180,-3810.0,-0.7018,0.9004,0.4833,420.0
s7_offptsB_pts20-r2,4,14,all,180,-4030.0,-0.5308,0.9197,0.3222,430.0
s7_offptsB_pts20-r2,4,14,eve,180,-4030.0,-0.5308,0.9197,0.3222,430.0
s7_offptsB_pts20-r3,4,15,all,180,1500.0,0.1579,1.0274,0.2611,430.0
s7_offptsB_pts20-r3,4,15,eve,180,1500.0,0.1579,1.0274,0.2611,430.0
s7_offptsB_pts30-r0,4,16,all,180,17685.0,0.6144,1.1846,0.1278,625.0
s7_offptsB_pts30-r0,4,16,eve,180,17685.0,0.6144,1.1846,0.1278,625.0
s7_offptsB_pts30-r1,4,17,all,180,-4940.0,-0.6089,0.913,0.4833,625.0
s7_offptsB_pts30-r1,4,17,eve,180,-4940.0,-0.6089,0.913,0.4833,625.0
s7_offptsB_pts30-r2,4,18,all,180,5740.0,0.4934,1.0811,0.3556,625.0
s7_offptsB_pts30-r2,4,18,eve,180,5740.0,0.4934,1.0811,0.3556,625.0
s7_offptsB_pts30-r3,4,19,all,180,12870.0,0.8822,1.1635,0.2833,625.0
s7_offptsB_pts30-r3,4,19,eve,180,12870.0,0.8822,1.1635,0.2833,625.0
s7_offptsB_pts45-r0,4,20,all,180,14710.0,0.4247,1.1077,0.1667,935.0
s7_offptsB_pts45-r0,4,20,eve,180,14710.0,0.4247,1.1077,0.1667,935.0
s7_offptsB_pts45-r1,4,21,all,180,-1355.0,-0.1115,0.9835,0.5,935.0
s7_offptsB_pts45-r1,4,21,eve,180,-1355.0,-0.1115,0.9835,0.5,935.0
s7_offptsB_pts45-r2,4,22,all,180,6560.0,0.3776,1.0615,0.35,935.0
s7_offptsB_pts45-r2,4,22,eve,180,6560.0,0.3776,1.0615,0.35,935.0
s7_offptsB_pts45-r3,4,23,all,180,-3790.0,-0.1818,0.9692,0.25,935.0
s7_offptsB_pts45-r3,4,23,eve,180,-3790.0,-0.1818,0.9692,0.25,935.0
s7_offptsB_pct0p1-r0,4,24,all,180,11530.0,0.4502,1.1544,0.0944,530.0
s7_offptsB_pct0p1-r0,4,24,eve,180,11530.0,0.4502,1.1544,0.0944,530.0
s7_offptsB_pct0p1-r1,4,25,all,180,-6205.0,-1.0191,0.8581,0.4722,530.0
s7_offptsB_pct0p1-r1,4,25,eve,180,-6205.0,-1.0191,0.8581,0.4722,530.0
s7_offptsB_pct0p1-r2,4,26,all,180,-1590.0,-0.1849,0.9711,0.3333,530.0
s7_offptsB_pct0p1-r2,4,26,eve,180,-1590.0,-0.1849,0.9711,0.3333,530.0
s7_offptsB_pct0p1-r3,4,27,all,180,5860.0,0.5405,1.0977,0.2722,530.0
s7_offptsB_pct0p1-r3,4,27,eve,180,5860.0,0.5405,1.0977,0.2722,530.0
s7_offptsB_pct0p2-r0,4,28,all,180,26210.0,0.745,1.1964,0.1778,1075.0
s7_offptsB_pct0p2-r0,4,28,eve,180,26210.0,0.745,1.1964,0.1778,1075.0
s7_offptsB_pct0p2-r1,4,29,all,180,3290.0,0.2709,1.0415,0.5111,1075.0
s7_offptsB_pct0p2-r1,4,29,eve,180,3290.0,0.2709,1.0415,0.5111,1075.0
s7_offptsB_pct0p2-r2,4,30,all,180,13470.0,0.7675,1.13,0.3611,1075.0
s7_offptsB_pct0p2-r2,4,30,eve,180,13470.0,0.7675,1.13,0.3611,1075.0
s7_offptsB_pct0p2-r3,4,31,all,180,5255.0,0.2472,1.0438,0.2611,1075.0
s7_offptsB_pct0p2-r3,4,31,eve,180,5255.0,0.2472,1.0438,0.2611,1075.0
s8_offatr0p25_atr1p5-r0,0,0,all,246,-46164.0,-1.2236,0.791,0.1585,4600.0
s8_offatr0p25_atr1p5-r0,0,0,eve,246,-46164.0,-1.2236,0.791,0.1585,4600.0
s8_offatr0p25_atr1p5-r1,0,1,all,246,12511.0,0.6481,1.1,0.565,4600.0
s8_offatr0p25_atr1p5-r1,0,1,eve,246,12511.0,0.6481,1.1,0.565,4600.0
s8_offatr0p25_atr1p5-r2,0,2,all,246,24516.0,0.907,1.147,0.3984,4600.0
s8_offatr0p25_atr1p5-r2,0,2,eve,246,24516.0,0.907,1.147,0.3984,4600.0
s8_offatr0p25_atr1p5-r3,0,3,all,246,9636.0,0.3187,1.0509,0.3049,4600.0
s8_offatr0p25_atr1p5-r3,0,3,eve,246,9636.0,0.3187,1.0509,0.3049,4600.0
s8_offatr0p25_atr3-r0,0,4,all,246,-80064.0,-1.5998,0.7728,0.3008,9175.0
s8_offatr0p25_atr3-r0,0,4,eve,246,-80064.0,-1.5998,0.7728,0.3008,9175.0
s8_offatr0p25_atr3-r1,0,5,all,246,1501.0,0.0405,1.006,0.5447,9175.0
s8_offatr0p25_atr3-r1,0,5,eve,246,1501.0,0.0405,1.006,0.5447,9175.0
s8_offatr0p25_atr3-r2,0,6,all,246,-3754.0,-0.0821,0.988,0.3943,9175.0
s8_offatr0p25_atr3-r2,0,6,eve,246,-3754.0,-0.0821,0.988,0.3943,9175.0
s8_offatr0p25_atr3-r3,0,7,all,246,-40254.0,-0.8269,0.8813,0.3333,9175.0
s8_offatr0p25_atr3-r3,0,7,eve,246,-40254.0,-0.8269,0.8813,0.3333,9175.0
s8_offatr0p25_pts10-r0,0,8,all,246,11701.0,0.5162,1.2329,0.0366,290.0
s8_offatr0p25_pts10-r0,0,8,eve,246,11701.0,0.5162,1.2329,0.0366,290.0
s8_offatr0p25_pts10-r1,0,9,all,246,-5349.0,-1.6669,0.8082,0.4675,290.0
s8_offatr0p25_pts10-r1,0,9,eve,246,-5349.0,-1.6669,0.8082,0.4675,290.0
s8_offatr0p25_pts10-r2,0,10,all,246,631.0,0.1379,1.0187,0.3537,290.0
s8_offatr0p25_pts10-r2,0,10,eve,246,631.0,0.1379,1.0187,0.3537,290.0
s8_offatr0p25_pts10-r3,0,11,all,246,5931.0,1.0256,1.1604,0.2927,290.0
s8_offatr0p25_pts10-r3,0,11,eve,246,5931.0,1.0256,1.1604,0.2927,290.0
s8_offatr0p25_pts20-r0,0,12,all,246,-5124.0,-0.2016,0.9453,0.0732,445.0
s8_offatr0p25_pts20-r0,0,12,eve,246,-5124.0,-0.2016,0.9453,0.0732,445.0
s8_offatr0p25_pts20-r1,0,13,all,246,591.0,0.0932,1.012,0.5122,445.0
s8_offatr0p25_pts20-r1,0,13,eve,246,591.0,0.0932,1.012,0.5122,445.0
s8_offatr0p25_pts20-r2,0,14,all,246,18406.0,1.9786,1.3047,0.4024,445.0
s8_offatr0p25_pts20-r2,0,14,eve,246,18406.0,1.9786,1.3047,0.4024,445.0
s8_offatr0p25_pts20-r3,0,15,all,246,17836.0,1.5399,1.2524,0.3008,445.0
s8_offatr0p25_pts20-r3,0,15,eve,246,17836.0,1.5399,1.2524,0.3008,445.0
s8_offatr0p25_pts30-r0,0,16,all,246,-234.0,-0.0075,0.9982,0.1179,620.0
s8_offatr0p25_pts30-r0,0,16,eve,246,-234.0,-0.0075,0.9982,0.1179,620.0
s8_offatr0p25_pts30-r1,0,17,all,246,17541.0,1.8662,1.2686,0.565,620.0
s8_offatr0p25_pts30-r1,0,17,eve,246,17541.0,1.8662,1.2686,0.565,620.0
s8_offatr0p25_pts30-r2,0,18,all,246,19666.0,1.4257,1.212,0.3821,620.0
s8_offatr0p25_pts30-r2,0,18,eve,246,19666.0,1.4257,1.212,0.3821,620.0
s8_offatr0p25_pts30-r3,0,19,all,246,23136.0,1.3446,1.2179,0.2927,620.0
s8_offatr0p25_pts30-r3,0,19,eve,246,23136.0,1.3446,1.2179,0.2927,620.0
s8_offatr0p25_pts45-r0,0,20,all,246,-6194.0,-0.1745,0.966,0.1789,920.0
s8_offatr0p25_pts45-r0,0,20,eve,246,-6194.0,-0.1745,0.966,0.1789,920.0
s8_offatr0p25_pts45-r1,0,21,all,246,28921.0,2.0569,1.2996,0.5691,920.0
s8_offatr0p25_pts45-r1,0,21,eve,246,28921.0,2.0569,1.2996,0.5691,920.0
s8_offatr0p25_pts45-r2,0,22,all,246,27626.0,1.3456,1.1997,0.378,920.0
s8_offatr0p25_pts45-r2,0,22,eve,246,27626.0,1.3456,1.1997,0.378,920.0
s8_offatr0p25_pts45-r3,0,23,all,246,18246.0,0.7344,1.1145,0.2805,920.0
s8_offatr0p25_pts45-r3,0,23,eve,246,18246.0,0.7344,1.1145,0.2805,920.0
s8_offatr0p25_pct0p1-r0,0,24,all,246,-15259.0,-0.5955,0.8544,0.0813,540.0
s8_offatr0p25_pct0p1-r0,0,24,eve,246,-15259.0,-0.5955,0.8544,0.0813,540.0
s8_offatr0p25_pct0p1-r1,0,25,all,246,5301.0,0.7357,1.099,0.5285,530.0
s8_offatr0p25_pct0p1-r1,0,25,eve,246,5301.0,0.7357,1.099,0.5285,530.0
s8_offatr0p25_pct0p1-r2,0,26,all,246,18476.0,1.7501,1.2669,0.3943,540.0
s8_offatr0p25_pct0p1-r2,0,26,eve,246,18476.0,1.7501,1.2669,0.3943,540.0
s8_offatr0p25_pct0p1-r3,0,27,all,246,16431.0,1.2524,1.203,0.2886,540.0
s8_offatr0p25_pct0p1-r3,0,27,eve,246,16431.0,1.2524,1.203,0.2886,540.0
s8_offatr0p25_pct0p2-r0,0,28,all,246,1596.0,0.0446,1.0088,0.187,1055.0
s8_offatr0p25_pct0p2-r0,0,28,eve,246,1596.0,0.0446,1.0088,0.187,1055.0
s8_offatr0p25_pct0p2-r1,0,29,all,246,31796.0,2.2346,1.3309,0.5732,1045.0
s8_offatr0p25_pct0p2-r1,0,29,eve,246,31796.0,2.2346,1.3309,0.5732,1045.0
s8_offatr0p25_pct0p2-r2,0,30,all,246,30786.0,1.4742,1.2225,0.378,1045.0
s8_offatr0p25_pct0p2-r2,0,30,eve,246,30786.0,1.4742,1.2225,0.378,1045.0
s8_offatr0p25_pct0p2-r3,0,31,all,246,20276.0,0.8033,1.1269,0.2805,1050.0
s8_offatr0p25_pct0p2-r3,0,31,eve,246,20276.0,0.8033,1.1269,0.2805,1050.0
s8_offatr0p5_atr1p5-r0,1,0,all,222,-10683.0,-0.281,0.943,0.1712,4595.0
s8_offatr0p5_atr1p5-r0,1,0,eve,222,-10683.0,-0.281,0.943,0.1712,4595.0
s8_offatr0p5_atr1p5-r1,1,1,all,222,4912.0,0.2759,1.0436,0.536,4595.0
s8_offatr0p5_atr1p5-r1,1,1,eve,222,4912.0,0.2759,1.0436,0.536,4595.0
s8_offatr0p5_atr1p5-r2,1,2,all,222,12892.0,0.518,1.0871,0.3649,4595.0
s8_offatr0p5_atr1p5-r2,1,2,eve,222,12892.0,0.518,1.0871,0.3649,4595.0
s8_offatr0p5_atr1p5-r3,1,3,all,222,9522.0,0.3294,1.0575,0.2838,4595.0
s8_offatr0p5_atr1p5-r3,1,3,eve,222,9522.0,0.3294,1.0575,0.2838,4595.0
s8_offatr0p5_atr3-r0,1,4,all,222,-20433.0,-0.4073,0.9317,0.3198,9175.0
s8_offatr0p5_atr3-r0,1,4,eve,222,-20433.0,-0.4073,0.9317,0.3198,9175.0
s8_offatr0p5_atr3-r1,1,5,all,222,33887.0,0.9954,1.1652,0.5495,9175.0
s8_offatr0p5_atr3-r1,1,5,eve,222,33887.0,0.9954,1.1652,0.5495,9175.0
s8_offatr0p5_atr3-r2,1,6,all,222,21097.0,0.4714,1.078,0.3874,9175.0
s8_offatr0p5_atr3-r2,1,6,eve,222,21097.0,0.4714,1.078,0.3874,9175.0
s8_offatr0p5_atr3-r3,1,7,all,222,20307.0,0.4019,1.0704,0.3468,9175.0
s8_offatr0p5_atr3-r3,1,7,eve,222,20307.0,0.4019,1.0704,0.3468,9175.0
s8_offatr0p5_pts10-r0,1,8,all,222,10287.0,0.5017,1.2286,0.0405,245.0
s8_offatr0p5_pts10-r0,1,8,eve,222,10287.0,0.5017,1.2286,0.0405,245.0
s8_offatr0p5_pts10-r1,1,9,all,222,-3343.0,-1.0998,0.8625,0.482,245.0
s8_offatr0p5_pts10-r1,1,9,eve,222,-3343.0,-1.0998,0.8625,0.482,245.0
s8_offatr0p5_pts10-r2,1,10,all,222,-1438.0,-0.335,0.9538,0.3378,245.0
s8_offatr0p5_pts10-r2,1,10,eve,222,-1438.0,-0.335,0.9538,0.3378,245.0
s8_offatr0p5_pts10-r3,1,11,all,222,-163.0,-0.0308,0.9953,0.2613,245.0
s8_offatr0p5_pts10-r3,1,11,eve,222,-163.0,-0.0308,0.9953,0.2613,245.0
s8_offatr0p5_pts20-r0,1,12,all,222,-2383.0,-0.0972,0.9717,0.0766,435.0
s8_offatr0p5_pts20-r0,1,12,eve,222,-2383.0,-0.0972,0.9717,0.0766,435.0
s8_offatr0p5_pts20-r1,1,13,all,222,842.0,0.1399,1.019,0.5135,415.0
s8_offatr0p5_pts20-r1,1,13,eve,222,842.0,0.1399,1.019,0.5135,415.0
s8_offatr0p5_pts20-r2,1,14,all,222,7832.0,0.9007,1.1363,0.3694,420.0
s8_offatr0p5_pts20-r2,1,14,eve,222,7832.0,0.9007,1.1363,0.3694,420.0
s8_offatr0p5_pts20-r3,1,15,all,222,3667.0,0.3459,1.0548,0.2658,435.0
s8_offatr0p5_pts20-r3,1,15,eve,222,3667.0,0.3459,1.0548,0.2658,435.0
s8_offatr0p5_pts30-r0,1,16,all,222,-18618.0,-0.6714,0.8469,0.1036,680.0
s8_offatr0p5_pts30-r0,1,16,eve,222,-18618.0,-0.6714,0.8469,0.1036,680.0
s8_offatr0p5_pts30-r1,1,17,all,222,11552.0,1.2874,1.1889,0.5495,680.0
s8_offatr0p5_pts30-r1,1,17,eve,222,11552.0,1.2874,1.1889,0.5495,680.0
s8_offatr0p5_pts30-r2,1,18,all,222,7072.0,0.5472,1.0809,0.3559,680.0
s8_offatr0p5_pts30-r2,1,18,eve,222,7072.0,0.5472,1.0809,0.3559,680.0
s8_offatr0p5_pts30-r3,1,19,all,222,6342.0,0.3993,1.0637,0.2658,680.0
s8_offatr0p5_pts30-r3,1,19,eve,222,6342.0,0.3993,1.0637,0.2658,680.0
s8_offatr0p5_pts45-r0,1,20,all,222,8107.0,0.2314,1.0495,0.1892,935.0
s8_offatr0p5_pts45-r0,1,20,eve,222,8107.0,0.2314,1.0495,0.1892,935.0
s8_offatr0p5_pts45-r1,1,21,all,222,9177.0,0.6811,1.0959,0.527,935.0
s8_offatr0p5_pts45-r1,1,21,eve,222,9177.0,0.6811,1.0959,0.527,935.0
s8_offatr0p5_pts45-r2,1,22,all,222,11647.0,0.6017,1.0894,0.3559,935.0
s8_offatr0p5_pts45-r2,1,22,eve,222,11647.0,0.6017,1.0894,0.3559,935.0
s8_offatr0p5_pts45-r3,1,23,all,222,10362.0,0.4405,1.0707,0.2748,935.0
s8_offatr0p5_pts45-r3,1,23,eve,222,10362.0,0.4405,1.0707,0.2748,935.0
s8_offatr0p5_pct0p1-r0,1,24,all,222,972.0,0.0365,1.0104,0.0901,525.0
s8_offatr0p5_pct0p1-r0,1,24,eve,222,972.0,0.0365,1.0104,0.0901,525.0
s8_offatr0p5_pct0p1-r1,1,25,all,222,6747.0,0.9867,1.1425,0.5405,520.0
s8_offatr0p5_pct0p1-r1,1,25,eve,222,6747.0,0.9867,1.1425,0.5405,520.0
s8_offatr0p5_pct0p1-r2,1,26,all,222,11217.0,1.1251,1.1742,0.3739,525.0
s8_offatr0p5_pct0p1-r2,1,26,eve,222,11217.0,1.1251,1.1742,0.3739,525.0
s8_offatr0p5_pct0p1-r3,1,27,all,222,9687.0,0.7858,1.1302,0.2748,525.0
s8_offatr0p5_pct0p1-r3,1,27,eve,222,9687.0,0.7858,1.1302,0.2748,525.0
s8_offatr0p5_pct0p2-r0,1,28,all,222,8307.0,0.2382,1.0512,0.1937,1050.0
s8_offatr0p5_pct0p2-r0,1,28,eve,222,8307.0,0.2382,1.0512,0.1937,1050.0
s8_offatr0p5_pct0p2-r1,1,29,all,222,10752.0,0.7873,1.1122,0.527,1045.0
s8_offatr0p5_pct0p2-r1,1,29,eve,222,10752.0,0.7873,1.1122,0.527,1045.0
s8_offatr0p5_pct0p2-r2,1,30,all,222,10472.0,0.5368,1.0801,0.3514,1045.0
s8_offatr0p5_pct0p2-r2,1,30,eve,222,10472.0,0.5368,1.0801,0.3514,1045.0
s8_offatr0p5_pct0p2-r3,1,31,all,222,11967.0,0.5041,1.0822,0.2748,1045.0
s8_offatr0p5_pct0p2-r3,1,31,eve,222,11967.0,0.5041,1.0822,0.2748,1045.0
s8_offatr1_atr1p5-r0,2,0,all,128,-12732.0,-0.4675,0.875,0.1406,2600.0
s8_offatr1_atr1p5-r0,2,0,eve,128,-12732.0,-0.4675,0.875,0.1406,2600.0
s8_offatr1_atr1p5-r1,2,1,all,128,3098.0,0.2635,1.0537,0.5156,2240.0
s8_offatr1_atr1p5-r1,2,1,eve,128,3098.0,0.2635,1.0537,0.5156,2240.0
s8_offatr1_atr1p5-r2,2,2,all,128,10148.0,0.591,1.1337,0.3594,2600.0
s8_offatr1_atr1p5-r2,2,2,eve,128,10148.0,0.591,1.1337,0.3594,2600.0
s8_offatr1_atr1p5-r3,2,3,all,128,-6372.0,-0.3232,0.9297,0.2422,2600.0
s8_offatr1_atr1p5-r3,2,3,eve,128,-6372.0,-0.3232,0.9297,0.2422,2600.0
s8_offatr1_atr3-r0,2,4,all,128,-18712.0,-0.512,0.8887,0.2734,5265.0
s8_offatr1_atr3-r0,2,4,eve,128,-18712.0,-0.512,0.8887,0.2734,5265.0
s8_offatr1_atr3-r1,2,5,all,128,19463.0,0.8439,1.183,0.5312,4480.0
s8_offatr1_atr3-r1,2,5,eve,128,19463.0,0.8439,1.183,0.5312,4480.0
s8_offatr1_atr3-r2,2,6,all,128,-8072.0,-0.2628,0.9474,0.3516,5265.0
s8_offatr1_atr3-r2,2,6,eve,128,-8072.0,-0.2628,0.9474,0.3516,5265.0
s8_offatr1_atr3-r3,2,7,all,128,6033.0,0.1724,1.0375,0.3125,5265.0
s8_offatr1_atr3-r3,2,7,eve,128,6033.0,0.1724,1.0375,0.3125,5265.0
s8_offatr1_pts10-r0,2,8,all,128,15148.0,0.8769,1.5915,0.0547,260.0
s8_offatr1_pts10-r0,2,8,eve,128,15148.0,0.8769,1.5915,0.0547,260.0
s8_offatr1_pts10-r1,2,9,all,128,-3052.0,-1.3212,0.7912,0.4609,260.0
s8_offatr1_pts10-r1,2,9,eve,128,-3052.0,-1.3212,0.7912,0.4609,260.0
s8_offatr1_pts10-r2,2,10,all,128,-962.0,-0.295,0.9465,0.3359,260.0
s8_offatr1_pts10-r2,2,10,eve,128,-962.0,-0.295,0.9465,0.3359,260.0
s8_offatr1_pts10-r3,2,11,all,128,383.0,0.0945,1.0193,0.2656,260.0
s8_offatr1_pts10-r3,2,11,eve,128,383.0,0.0945,1.0193,0.2656,260.0
s8_offatr1_pts20-r0,2,12,all,128,11573.0,0.5423,1.2389,0.0781,435.0
s8_offatr1_pts20-r0,2,12,eve,128,11573.0,0.5423,1.2389,0.0781,435.0
s8_offatr1_pts20-r1,2,13,all,128,1463.0,0.3196,1.0584,0.5234,435.0
s8_offatr1_pts20-r1,2,13,eve,128,1463.0,0.3196,1.0584,0.5234,435.0
s8_offatr1_pts20-r2,2,14,all,128,-672.0,-0.1038,0.9807,0.3359,435.0
s8_offatr1_pts20-r2,2,14,eve,128,-672.0,-0.1038,0.9807,0.3359,435.0
s8_offatr1_pts20-r3,2,15,all,128,-2747.0,-0.3514,0.931,0.2422,435.0
s8_offatr1_pts20-r3,2,15,eve,128,-2747.0,-0.3514,0.931,0.2422,435.0
s8_offatr1_pts30-r0,2,16,all,128,20843.0,0.8429,1.3129,0.1484,645.0
s8_offatr1_pts30-r0,2,16,eve,128,20843.0,0.8429,1.3129,0.1484,645.0
s8_offatr1_pts30-r1,2,17,all,128,9953.0,1.4677,1.2966,0.5703,615.0
s8_offatr1_pts30-r1,2,17,eve,128,9953.0,1.4677,1.2966,0.5703,615.0
s8_offatr1_pts30-r2,2,18,all,128,6733.0,0.6806,1.1361,0.3672,620.0
s8_offatr1_pts30-r2,2,18,eve,128,6733.0,0.6806,1.1361,0.3672,620.0
s8_offatr1_pts30-r3,2,19,all,128,8418.0,0.6848,1.1497,0.2812,645.0
s8_offatr1_pts30-r3,2,19,eve,128,8418.0,0.6848,1.1497,0.2812,645.0
s8_offatr1_pts45-r0,2,20,all,128,-2497.0,-0.0942,0.9744,0.1641,940.0
s8_offatr1_pts45-r0,2,20,eve,128,-2497.0,-0.0942,0.9744,0.1641,940.0
s8_offatr1_pts45-r1,2,21,all,128,2678.0,0.2611,1.0474,0.5156,920.0
s8_offatr1_pts45-r1,2,21,eve,128,2678.0,0.2611,1.0474,0.5156,920.0
s8_offatr1_pts45-r2,2,22,all,128,2548.0,0.1745,1.0333,0.3438,920.0
s8_offatr1_pts45-r2,2,22,eve,128,2548.0,0.1745,1.0333,0.3438,920.0
s8_offatr1_pts45-r3,2,23,all,128,13308.0,0.7226,1.1589,0.2812,920.0
s8_offatr1_pts45-r3,2,23,eve,128,13308.0,0.7226,1.1589,0.2812,920.0
s8_offatr1_pct0p1-r0,2,24,all,128,7983.0,0.3697,1.1473,0.0938,525.0
s8_offatr1_pct0p1-r0,2,24,eve,128,7983.0,0.3697,1.1473,0.0938,525.0
s8_offatr1_pct0p1-r1,2,25,all,128,5083.0,0.975,1.1896,0.5469,525.0
s8_offatr1_pct0p1-r1,2,25,eve,128,5083.0,0.975,1.1896,0.5469,525.0
s8_offatr1_pct0p1-r2,2,26,all,128,4218.0,0.5574,1.1109,0.3594,525.0
s8_offatr1_pct0p1-r2,2,26,eve,128,4218.0,0.5574,1.1109,0.3594,525.0
s8_offatr1_pct0p1-r3,2,27,all,128,-57.0,-0.0062,0.9987,0.25,525.0
s8_offatr1_pct0p1-r3,2,27,eve,128,-57.0,-0.0062,0.9987,0.25,525.0
s8_offatr1_pct0p2-r0,2,28,all,128,-247.0,-0.0093,0.9975,0.1719,1060.0
s8_offatr1_pct0p2-r0,2,28,eve,128,-247.0,-0.0093,0.9975,0.1719,1060.0
s8_offatr1_pct0p2-r1,2,29,all,128,7373.0,0.7084,1.1345,0.5312,1060.0
s8_offatr1_pct0p2-r1,2,29,eve,128,7373.0,0.7084,1.1345,0.5312,1060.0
s8_offatr1_pct0p2-r2,2,30,all,128,7173.0,0.4773,1.0946,0.3516,1060.0
s8_offatr1_pct0p2-r2,2,30,eve,128,7173.0,0.4773,1.0946,0.3516,1060.0
s8_offatr1_pct0p2-r3,2,31,all,128,8753.0,0.4697,1.1018,0.2656,1060.0
s8_offatr1_pct0p2-r3,2,31,eve,128,8753.0,0.4697,1.1018,0.2656,1060.0
s8_offptsA_atr1p5-r0,3,0,all,242,-3493.0,-0.0758,0.9836,0.1694,6145.0
s8_offptsA_atr1p5-r0,3,0,eve,242,-3493.0,-0.0758,0.9836,0.1694,6145.0
s8_offptsA_atr1p5-r1,3,1,all,242,40592.0,2.0245,1.3601,0.5496,2555.0
s8_offptsA_atr1p5-r1,3,1,eve,242,40592.0,2.0245,1.3601,0.5496,2555.0
s8_offptsA_atr1p5-r2,3,2,all,242,41122.0,1.3846,1.2515,0.376,6145.0
s8_offptsA_atr1p5-r2,3,2,eve,242,41122.0,1.3846,1.2515,0.376,6145.0
s8_offptsA_atr1p5-r3,3,3,all,242,37362.0,1.0609,1.2029,0.2934,6145.0
s8_offptsA_atr1p5-r3,3,3,eve,242,37362.0,1.0609,1.2029,0.2934,6145.0
s8_offptsA_atr3-r0,3,4,all,242,-47703.0,-0.8446,0.8619,0.2975,12290.0
s8_offptsA_atr3-r0,3,4,eve,242,-47703.0,-0.8446,0.8619,0.2975,12290.0
s8_offptsA_atr3-r1,3,5,all,242,7962.0,0.2037,1.0315,0.5124,12290.0
s8_offptsA_atr3-r1,3,5,eve,242,7962.0,0.2037,1.0315,0.5124,12290.0
s8_offptsA_atr3-r2,3,6,all,242,22567.0,0.4396,1.0733,0.3802,12290.0
s8_offptsA_atr3-r2,3,6,eve,242,22567.0,0.4396,1.0733,0.3802,12290.0
s8_offptsA_atr3-r3,3,7,all,242,-5768.0,-0.1043,0.9827,0.3264,12290.0
s8_offptsA_atr3-r3,3,7,eve,242,-5768.0,-0.1043,0.9827,0.3264,12290.0
s8_offptsA_pts10-r0,3,8,all,242,6487.0,0.2991,1.1309,0.0331,265.0
s8_offptsA_pts10-r0,3,8,eve,242,6487.0,0.2991,1.1309,0.0331,265.0
s8_offptsA_pts10-r1,3,9,all,242,-5318.0,-1.6714,0.8064,0.4669,265.0
s8_offptsA_pts10-r1,3,9,eve,242,-5318.0,-1.6714,0.8064,0.4669,265.0
s8_offptsA_pts10-r2,3,10,all,242,-2163.0,-0.483,0.9368,0.3347,265.0
s8_offptsA_pts10-r2,3,10,eve,242,-2163.0,-0.483,0.9368,0.3347,265.0
s8_offptsA_pts10-r3,3,11,all,242,1957.0,0.3486,1.0524,0.2727,265.0
s8_offptsA_pts10-r3,3,11,eve,242,1957.0,0.3486,1.0524,0.2727,265.0
s8_offptsA_pts20-r0,3,12,all,242,-1483.0,-0.0584,0.9838,0.0785,455.0
s8_offptsA_pts20-r0,3,12,eve,242,-1483.0,-0.0584,0.9838,0.0785,455.0
s8_offptsA_pts20-r1,3,13,all,242,-4228.0,-0.6724,0.917,0.4876,430.0
s8_offptsA_pts20-r1,3,13,eve,242,-4228.0,-0.6724,0.917,0.4876,430.0
s8_offptsA_pts20-r2,3,14,all,242,6782.0,0.7494,1.1072,0.3636,430.0
s8_offptsA_pts20-r2,3,14,eve,242,6782.0,0.7494,1.1072,0.3636,430.0
s8_offptsA_pts20-r3,3,15,all,242,4992.0,0.4496,1.0686,0.2686,455.0
s8_offptsA_pts20-r3,3,15,eve,242,4992.0,0.4496,1.0686,0.2686,455.0
s8_offptsA_pts30-r0,3,16,all,242,-4748.0,-0.1556,0.9637,0.1157,725.0
s8_offptsA_pts30-r0,3,16,eve,242,-4748.0,-0.1556,0.9637,0.1157,725.0
s8_offptsA_pts30-r1,3,17,all,242,7802.0,0.8308,1.1129,0.5331,725.0
s8_offptsA_pts30-r1,3,17,eve,242,7802.0,0.8308,1.1129,0.5331,725.0
s8_offptsA_pts30-r2,3,18,all,242,2137.0,0.1598,1.022,0.343,725.0
s8_offptsA_pts30-r2,3,18,eve,242,2137.0,0.1598,1.022,0.343,725.0
s8_offptsA_pts30-r3,3,19,all,242,13457.0,0.8016,1.1259,0.2769,725.0
s8_offptsA_pts30-r3,3,19,eve,242,13457.0,0.8016,1.1259,0.2769,725.0
s8_offptsA_pts45-r0,3,20,all,242,-7208.0,-0.2053,0.9602,0.1777,935.0
s8_offptsA_pts45-r0,3,20,eve,242,-7208.0,-0.2053,0.9602,0.1777,935.0
s8_offptsA_pts45-r1,3,21,all,242,1757.0,0.1247,1.0162,0.5083,935.0
s8_offptsA_pts45-r1,3,21,eve,242,1757.0,0.1247,1.0162,0.5083,935.0
s8_offptsA_pts45-r2,3,22,all,242,20447.0,1.0048,1.1467,0.3678,935.0
s8_offptsA_pts45-r2,3,22,eve,242,20447.0,1.0048,1.1467,0.3678,935.0
s8_offptsA_pts45-r3,3,23,all,242,11322.0,0.46,1.0706,0.2727,935.0
s8_offptsA_pts45-r3,3,23,eve,242,11322.0,0.46,1.0706,0.2727,935.0
s8_offptsA_pct0p1-r0,3,24,all,242,-8978.0,-0.3486,0.9124,0.0868,530.0
s8_offptsA_pct0p1-r0,3,24,eve,242,-8978.0,-0.3486,0.9124,0.0868,530.0
s8_offptsA_pct0p1-r1,3,25,all,242,2617.0,0.3664,1.0486,0.5124,525.0
s8_offptsA_pct0p1-r1,3,25,eve,242,2617.0,0.3664,1.0486,0.5124,525.0
s8_offptsA_pct0p1-r2,3,26,all,242,4707.0,0.4594,1.0649,0.3512,525.0
s8_offptsA_pct0p1-r2,3,26,eve,242,4707.0,0.4594,1.0649,0.3512,525.0
s8_offptsA_pct0p1-r3,3,27,all,242,7852.0,0.6154,1.0961,0.2686,530.0
s8_offptsA_pct0p1-r3,3,27,eve,242,7852.0,0.6154,1.0961,0.2686,530.0
s8_offptsA_pct0p2-r0,3,28,all,242,6192.0,0.1701,1.0346,0.186,1050.0
s8_offptsA_pct0p2-r0,3,28,eve,242,6192.0,0.1701,1.0346,0.186,1050.0
s8_offptsA_pct0p2-r1,3,29,all,242,11787.0,0.8313,1.1136,0.5248,1040.0
s8_offptsA_pct0p2-r1,3,29,eve,242,11787.0,0.8313,1.1136,0.5248,1040.0
s8_offptsA_pct0p2-r2,3,30,all,242,12217.0,0.6001,1.0861,0.3512,1045.0
s8_offptsA_pct0p2-r2,3,30,eve,242,12217.0,0.6001,1.0861,0.3512,1045.0
s8_offptsA_pct0p2-r3,3,31,all,242,10877.0,0.4404,1.0681,0.2727,1045.0
s8_offptsA_pct0p2-r3,3,31,eve,242,10877.0,0.4404,1.0681,0.2727,1045.0
s8_offptsB_atr1p5-r0,4,0,all,189,-27466.0,-0.6651,0.8516,0.1587,6145.0
s8_offptsB_atr1p5-r0,4,0,eve,189,-27466.0,-0.6651,0.8516,0.1587,6145.0
s8_offptsB_atr1p5-r1,4,1,all,189,5314.0,0.2769,1.0488,0.5132,4595.0
s8_offptsB_atr1p5-r1,4,1,eve,189,5314.0,0.2769,1.0488,0.5132,4595.0
s8_offptsB_atr1p5-r2,4,2,all,189,-4111.0,-0.1557,0.9725,0.3386,6145.0
s8_offptsB_atr1p5-r2,4,2,eve,189,-4111.0,-0.1557,0.9725,0.3386,6145.0
s8_offptsB_atr1p5-r3,4,3,all,189,-25081.0,-0.8602,0.8515,0.2487,6145.0
s8_offptsB_atr1p5-r3,4,3,eve,189,-25081.0,-0.8602,0.8515,0.2487,6145.0
s8_offptsB_atr3-r0,4,4,all,189,-81306.0,-1.5499,0.7379,0.2751,12290.0
s8_offptsB_atr3-r0,4,4,eve,189,-81306.0,-1.5499,0.7379,0.2751,12290.0
s8_offptsB_atr3-r1,4,5,all,189,-21436.0,-0.5776,0.9056,0.5026,12290.0
s8_offptsB_atr3-r1,4,5,eve,189,-21436.0,-0.5776,0.9056,0.5026,12290.0
s8_offptsB_atr3-r2,4,6,all,189,-47256.0,-1.0486,0.8323,0.3492,12290.0
s8_offptsB_atr3-r2,4,6,eve,189,-47256.0,-1.0486,0.8323,0.3492,12290.0
s8_offptsB_atr3-r3,4,7,all,189,-49086.0,-0.9617,0.8364,0.3069,12290.0
s8_offptsB_atr3-r3,4,7,eve,189,-49086.0,-0.9617,0.8364,0.3069,12290.0
s8_offptsB_pts10-r0,4,8,all,189,27309.0,1.2099,1.7215,0.0529,265.0
s8_offptsB_pts10-r0,4,8,eve,189,27309.0,1.2099,1.7215,0.0529,265.0
s8_offptsB_pts10-r1,4,9,all,189,2709.0,0.9671,1.1516,0.5556,265.0
s8_offptsB_pts10-r1,4,9,eve,189,2709.0,0.9671,1.1516,0.5556,265.0
s8_offptsB_pts10-r2,4,10,all,189,7914.0,1.9126,1.3386,0.418,265.0
s8_offptsB_pts10-r2,4,10,eve,189,7914.0,1.9126,1.3386,0.418,265.0
s8_offptsB_pts10-r3,4,11,all,189,10829.0,2.0621,1.4053,0.3333,265.0
s8_offptsB_pts10-r3,4,11,eve,189,10829.0,2.0621,1.4053,0.3333,265.0
s8_offptsB_pts20-r0,4,12,all,189,-1286.0,-0.0548,0.9822,0.0688,430.0
s8_offptsB_pts20-r0,4,12,eve,189,-1286.0,-0.0548,0.9822,0.0688,430.0
s8_offptsB_pts20-r1,4,13,all,189,10309.0,1.8764,1.3138,0.5767,430.0
s8_offptsB_pts20-r1,4,13,eve,189,10309.0,1.8764,1.3138,0.5767,430.0
s8_offptsB_pts20-r2,4,14,all,189,4474.0,0.5606,1.0901,0.3598,430.0
s8_offptsB_pts20-r2,4,14,eve,189,4474.0,0.5606,1.0901,0.3598,430.0
s8_offptsB_pts20-r3,4,15,all,189,10794.0,1.0732,1.1963,0.291,430.0
s8_offptsB_pts20-r3,4,15,eve,189,10794.0,1.0732,1.1963,0.291,430.0
s8_offptsB_pts30-r0,4,16,all,189,-13926.0,-0.5488,0.8644,0.1111,640.0
s8_offptsB_pts30-r0,4,16,eve,189,-13926.0,-0.5488,0.8644,0.1111,640.0
s8_offptsB_pts30-r1,4,17,all,189,8769.0,1.0576,1.1667,0.545,640.0
s8_offptsB_pts30-r1,4,17,eve,189,8769.0,1.0576,1.1667,0.545,640.0
s8_offptsB_pts30-r2,4,18,all,189,7314.0,0.6116,1.0988,0.3598,640.0
s8_offptsB_pts30-r2,4,18,eve,189,7314.0,0.6116,1.0988,0.3598,640.0
s8_offptsB_pts30-r3,4,19,all,189,14429.0,0.9624,1.1748,0.2857,640.0
s8_offptsB_pts30-r3,4,19,eve,189,14429.0,0.9624,1.1748,0.2857,640.0
s8_offptsB_pts45-r0,4,20,all,189,-23956.0,-0.7822,0.8367,0.1481,925.0
s8_offptsB_pts45-r0,4,20,eve,189,-23956.0,-0.7822,0.8367,0.1481,925.0
s8_offptsB_pts45-r1,4,21,all,189,-5976.0,-0.4799,0.9324,0.4868,925.0
s8_offptsB_pts45-r1,4,21,eve,189,-5976.0,-0.4799,0.9324,0.4868,925.0
s8_offptsB_pts45-r2,4,22,all,189,-1676.0,-0.0953,0.9854,0.3333,925.0
s8_offptsB_pts45-r2,4,22,eve,189,-1676.0,-0.0953,0.9854,0.3333,925.0
s8_offptsB_pts45-r3,4,23,all,189,-8056.0,-0.383,0.9377,0.2487,925.0
s8_offptsB_pts45-r3,4,23,eve,189,-8056.0,-0.383,0.9377,0.2487,925.0
s8_offptsB_pct0p1-r0,4,24,all,189,-6036.0,-0.2544,0.9244,0.0847,530.0
s8_offptsB_pct0p1-r0,4,24,eve,189,-6036.0,-0.2544,0.9244,0.0847,530.0
s8_offptsB_pct0p1-r1,4,25,all,189,13134.0,2.1207,1.3631,0.5873,525.0
s8_offptsB_pct0p1-r1,4,25,eve,189,13134.0,2.1207,1.3631,0.5873,525.0
s8_offptsB_pct0p1-r2,4,26,all,189,9524.0,1.0436,1.1752,0.3757,525.0
s8_offptsB_pct0p1-r2,4,26,eve,189,9524.0,1.0436,1.1752,0.3757,525.0
s8_offptsB_pct0p1-r3,4,27,all,189,14889.0,1.2942,1.2434,0.2963,530.0
s8_offptsB_pct0p1-r3,4,27,eve,189,14889.0,1.2942,1.2434,0.2963,530.0
s8_offptsB_pct0p2-r0,4,28,all,189,-26301.0,-0.8673,0.8203,0.1481,1060.0
s8_offptsB_pct0p2-r0,4,28,eve,189,-26301.0,-0.8673,0.8203,0.1481,1060.0
s8_offptsB_pct0p2-r1,4,29,all,189,-3326.0,-0.2656,0.9618,0.4921,1055.0
s8_offptsB_pct0p2-r1,4,29,eve,189,-3326.0,-0.2656,0.9618,0.4921,1055.0
s8_offptsB_pct0p2-r2,4,30,all,189,1959.0,0.1101,1.0172,0.3386,1055.0
s8_offptsB_pct0p2-r2,4,30,eve,189,1959.0,0.1101,1.0172,0.3386,1055.0
s8_offptsB_pct0p2-r3,4,31,all,189,-4996.0,-0.2333,0.9612,0.2487,1055.0
s8_offptsB_pct0p2-r3,4,31,eve,189,-4996.0,-0.2333,0.9612,0.2487,1055.0
s9_offatr0p25_atr1p5-r0,0,0,all,247,7552.0,0.158,1.0347,0.1741,6145.0
s9_offatr0p25_atr1p5-r0,0,0,eve,247,7552.0,0.158,1.0347,0.1741,6145.0
s9_offatr0p25_atr1p5-r1,0,1,all,247,27112.0,1.3229,1.2214,0.5385,2950.0
s9_offatr0p25_atr1p5-r1,0,1,eve,247,27112.0,1.3229,1.2214,0.5385,2950.0
s9_offatr0p25_atr1p5-r2,0,2,all,247,32772.0,1.1116,1.1938,0.3765,6145.0
s9_offatr0p25_atr1p5-r2,0,2,eve,247,32772.0,1.1116,1.1938,0.3765,6145.0
s9_offatr0p25_atr1p5-r3,0,3,all,247,46957.0,1.2884,1.2495,0.3036,6145.0
s9_offatr0p25_atr1p5-r3,0,3,eve,247,46957.0,1.2884,1.2495,0.3036,6145.0
s9_offatr0p25_atr3-r0,0,4,all,247,10037.0,0.1654,1.0292,0.3198,12295.0
s9_offatr0p25_atr3-r0,0,4,eve,247,10037.0,0.1654,1.0292,0.3198,12295.0
s9_offatr0p25_atr3-r1,0,5,all,247,30147.0,0.7659,1.122,0.5385,12295.0
s9_offatr0p25_atr3-r1,0,5,eve,247,30147.0,0.7659,1.122,0.5385,12295.0
s9_offatr0p25_atr3-r2,0,6,all,247,54942.0,1.0207,1.1763,0.4008,12295.0
s9_offatr0p25_atr3-r2,0,6,eve,247,54942.0,1.0207,1.1763,0.4008,12295.0
s9_offatr0p25_atr3-r3,0,7,all,247,39712.0,0.6777,1.1193,0.3482,12295.0
s9_offatr0p25_atr3-r3,0,7,eve,247,39712.0,0.6777,1.1193,0.3482,12295.0
s9_offatr0p25_pts10-r0,0,8,all,247,4887.0,0.2529,1.098,0.0445,270.0
s9_offatr0p25_pts10-r0,0,8,eve,247,4887.0,0.2529,1.098,0.0445,270.0
s9_offatr0p25_pts10-r1,0,9,all,247,677.0,0.2109,1.0273,0.5263,270.0
s9_offatr0p25_pts10-r1,0,9,eve,247,677.0,0.2109,1.0273,0.5263,270.0
s9_offatr0p25_pts10-r2,0,10,all,247,1212.0,0.2645,1.036,0.3563,270.0
s9_offatr0p25_pts10-r2,0,10,eve,247,1212.0,0.2645,1.036,0.3563,270.0
s9_offatr0p25_pts10-r3,0,11,all,247,1047.0,0.186,1.0273,0.2672,270.0
s9_offatr0p25_pts10-r3,0,11,eve,247,1047.0,0.186,1.0273,0.2672,270.0
s9_offatr0p25_pts20-r0,0,12,all,247,-5078.0,-0.208,0.9455,0.081,455.0
s9_offatr0p25_pts20-r0,0,12,eve,247,-5078.0,-0.208,0.9455,0.081,455.0
s9_offatr0p25_pts20-r1,0,13,all,247,1767.0,0.2782,1.0361,0.5182,455.0
s9_offatr0p25_pts20-r1,0,13,eve,247,1767.0,0.2782,1.0361,0.5182,455.0
s9_offatr0p25_pts20-r2,0,14,all,247,1092.0,0.1209,1.0164,0.3441,455.0
s9_offatr0p25_pts20-r2,0,14,eve,247,1092.0,0.1209,1.0164,0.3441,455.0
s9_offatr0p25_pts20-r3,0,15,all,247,7797.0,0.6898,1.106,0.2753,455.0
s9_offatr0p25_pts20-r3,0,15,eve,247,7797.0,0.6898,1.106,0.2753,455.0
s9_offatr0p25_pts30-r0,0,16,all,247,5507.0,0.1696,1.0414,0.1174,705.0
s9_offatr0p25_pts30-r0,0,16,eve,247,5507.0,0.1696,1.0414,0.1174,705.0
s9_offatr0p25_pts30-r1,0,17,all,247,8502.0,0.8973,1.1212,0.5344,630.0
s9_offatr0p25_pts30-r1,0,17,eve,247,8502.0,0.8973,1.1212,0.5344,630.0
s9_offatr0p25_pts30-r2,0,18,all,247,17252.0,1.2518,1.1836,0.3765,630.0
s9_offatr0p25_pts30-r2,0,18,eve,247,17252.0,1.2518,1.1836,0.3765,630.0
s9_offatr0p25_pts30-r3,0,19,all,247,22527.0,1.3081,1.211,0.2915,630.0
s9_offatr0p25_pts30-r3,0,19,eve,247,22527.0,1.3081,1.211,0.2915,630.0
s9_offatr0p25_pts45-r0,0,20,all,247,28397.0,0.7079,1.1565,0.1862,940.0
s9_offatr0p25_pts45-r0,0,20,eve,247,28397.0,0.7079,1.1565,0.1862,940.0
s9_offatr0p25_pts45-r1,0,21,all,247,4512.0,0.3173,1.0413,0.5142,940.0
s9_offatr0p25_pts45-r1,0,21,eve,247,4512.0,0.3173,1.0413,0.5142,940.0
s9_offatr0p25_pts45-r2,0,22,all,247,24807.0,1.2051,1.1767,0.3725,940.0
s9_offatr0p25_pts45-r2,0,22,eve,247,24807.0,1.2051,1.1767,0.3725,940.0
s9_offatr0p25_pts45-r3,0,23,all,247,37377.0,1.4516,1.2383,0.2955,940.0
s9_offatr0p25_pts45-r3,0,23,eve,247,37377.0,1.4516,1.2383,0.2955,940.0
s9_offatr0p25_pct0p1-r0,0,24,all,247,-2728.0,-0.1057,0.9737,0.0931,540.0
s9_offatr0p25_pct0p1-r0,0,24,eve,247,-2728.0,-0.1057,0.9737,0.0931,540.0
s9_offatr0p25_pct0p1-r1,0,25,all,247,5382.0,0.7468,1.1003,0.5263,525.0
s9_offatr0p25_pct0p1-r1,0,25,eve,247,5382.0,0.7468,1.1003,0.5263,525.0
s9_offatr0p25_pct0p1-r2,0,26,all,247,2417.0,0.2345,1.0323,0.3441,540.0
s9_offatr0p25_pct0p1-r2,0,26,eve,247,2417.0,0.2345,1.0323,0.3441,540.0
s9_offatr0p25_pct0p1-r3,0,27,all,247,17992.0,1.365,1.2227,0.2915,540.0
s9_offatr0p25_pct0p1-r3,0,27,eve,247,17992.0,1.365,1.2227,0.2915,540.0
s9_offatr0p25_pct0p2-r0,0,28,all,247,24062.0,0.6085,1.133,0.1903,1055.0
s9_offatr0p25_pct0p2-r0,0,28,eve,247,24062.0,0.6085,1.133,0.1903,1055.0
s9_offatr0p25_pct0p2-r1,0,29,all,247,8177.0,0.5682,1.0755,0.5182,1055.0
s9_offatr0p25_pct0p2-r1,0,29,eve,247,8177.0,0.5682,1.0755,0.5182,1055.0
s9_offatr0p25_pct0p2-r2,0,30,all,247,10977.0,0.5323,1.0751,0.3482,1055.0
s9_offatr0p25_pct0p2-r2,0,30,eve,247,10977.0,0.5323,1.0751,0.3482,1055.0
s9_offatr0p25_pct0p2-r3,0,31,all,247,37157.0,1.4296,1.2354,0.2955,1055.0
s9_offatr0p25_pct0p2-r3,0,31,eve,247,37157.0,1.4296,1.2354,0.2955,1055.0
s9_offatr0p5_atr1p5-r0,1,0,all,219,36414.0,0.8268,1.2074,0.1872,4305.0
s9_offatr0p5_atr1p5-r0,1,0,eve,219,36414.0,0.8268,1.2074,0.1872,4305.0
s9_offatr0p5_atr1p5-r1,1,1,all,219,35784.0,2.121,1.3837,0.5662,2285.0
s9_offatr0p5_atr1p5-r1,1,1,eve,219,35784.0,2.121,1.3837,0.5662,2285.0
s9_offatr0p5_atr1p5-r2,1,2,all,219,58294.0,2.3465,1.4587,0.4292,4305.0
s9_offatr0p5_atr1p5-r2,1,2,eve,219,58294.0,2.3465,1.4587,0.4292,4305.0
s9_offatr0p5_atr1p5-r3,1,3,all,219,85159.0,2.6475,1.5993,0.347,4305.0
s9_offatr0p5_atr1p5-r3,1,3,eve,219,85159.0,2.6475,1.5993,0.347,4305.0
s9_offatr0p5_atr3-r0,1,4,all,219,50069.0,0.9207,1.1849,0.3379,5955.0
s9_offatr0p5_atr3-r0,1,4,eve,219,50069.0,0.9207,1.1849,0.3379,5955.0
s9_offatr0p5_atr3-r1,1,5,all,219,89339.0,2.8261,1.5342,0.5982,5955.0
s9_offatr0p5_atr3-r1,1,5,eve,219,89339.0,2.8261,1.5342,0.5982,5955.0
s9_offatr0p5_atr3-r2,1,6,all,219,103614.0,2.271,1.4464,0.4384,5955.0
s9_offatr0p5_atr3-r2,1,6,eve,219,103614.0,2.271,1.4464,0.4384,5955.0
s9_offatr0p5_atr3-r3,1,7,all,219,76314.0,1.4463,1.2919,0.3653,5955.0
s9_offatr0p5_atr3-r3,1,7,eve,219,76314.0,1.4463,1.2919,0.3653,5955.0
s9_offatr0p5_pts10-r0,1,8,all,219,9849.0,0.5173,1.2231,0.0457,300.0
s9_offatr0p5_pts10-r0,1,8,eve,219,9849.0,0.5173,1.2231,0.0457,300.0
s9_offatr0p5_pts10-r1,1,9,all,219,-1106.0,-0.3654,0.9516,0.5068,300.0
s9_offatr0p5_pts10-r1,1,9,eve,219,-1106.0,-0.3654,0.9516,0.5068,300.0
s9_offatr0p5_pts10-r2,1,10,all,219,1679.0,0.3879,1.0567,0.3607,300.0
s9_offatr0p5_pts10-r2,1,10,eve,219,1679.0,0.3879,1.0567,0.3607,300.0
s9_offatr0p5_pts10-r3,1,11,all,219,5379.0,0.9873,1.1641,0.2922,300.0
s9_offatr0p5_pts10-r3,1,11,eve,219,5379.0,0.9873,1.1641,0.2922,300.0
s9_offatr0p5_pts20-r0,1,12,all,219,-2926.0,-0.125,0.9647,0.0776,435.0
s9_offatr0p5_pts20-r0,1,12,eve,219,-2926.0,-0.125,0.9647,0.0776,435.0
s9_offatr0p5_pts20-r1,1,13,all,219,1974.0,0.3301,1.0457,0.5205,435.0
s9_offatr0p5_pts20-r1,1,13,eve,219,1974.0,0.3301,1.0457,0.5205,435.0
s9_offatr0p5_pts20-r2,1,14,all,219,10174.0,1.1716,1.1821,0.379,435.0
s9_offatr0p5_pts20-r2,1,14,eve,219,10174.0,1.1716,1.1821,0.379,435.0
s9_offatr0p5_pts20-r3,1,15,all,219,14459.0,1.328,1.2285,0.2968,435.0
s9_offatr0p5_pts20-r3,1,15,eve,219,14459.0,1.328,1.2285,0.2968,435.0
s9_offatr0p5_pts30-r0,1,16,all,219,15084.0,0.5118,1.1301,0.1324,625.0
s9_offatr0p5_pts30-r0,1,16,eve,219,15084.0,0.5118,1.1301,0.1324,625.0
s9_offatr0p5_pts30-r1,1,17,all,219,14709.0,1.6569,1.2511,0.5616,615.0
s9_offatr0p5_pts30-r1,1,17,eve,219,14709.0,1.6569,1.2511,0.5616,615.0
s9_offatr0p5_pts30-r2,1,18,all,219,27089.0,2.0586,1.3414,0.4064,615.0
s9_offatr0p5_pts30-r2,1,18,eve,219,27089.0,2.0586,1.3414,0.4064,615.0
s9_offatr0p5_pts30-r3,1,19,all,219,34739.0,2.0871,1.3819,0.3196,625.0
s9_offatr0p5_pts30-r3,1,19,eve,219,34739.0,2.0871,1.3819,0.3196,625.0
s9_offatr0p5_pts45-r0,1,20,all,219,7349.0,0.2148,1.0453,0.1826,925.0
s9_offatr0p5_pts45-r0,1,20,eve,219,7349.0,0.2148,1.0453,0.1826,925.0
s9_offatr0p5_pts45-r1,1,21,all,219,20954.0,1.5741,1.2372,0.5571,925.0
s9_offatr0p5_pts45-r1,1,21,eve,219,20954.0,1.5741,1.2372,0.5571,925.0
s9_offatr0p5_pts45-r2,1,22,all,219,34054.0,1.7394,1.2829,0.3927,925.0
s9_offatr0p5_pts45-r2,1,22,eve,219,34054.0,1.7394,1.2829,0.3927,925.0
s9_offatr0p5_pts45-r3,1,23,all,219,40199.0,1.6497,1.2939,0.3105,925.0
s9_offatr0p5_pts45-r3,1,23,eve,219,40199.0,1.6497,1.2939,0.3105,925.0
s9_offatr0p5_pct0p1-r0,1,24,all,219,-2806.0,-0.1155,0.9697,0.0913,530.0
s9_offatr0p5_pct0p1-r0,1,24,eve,219,-2806.0,-0.1155,0.9697,0.0913,530.0
s9_offatr0p5_pct0p1-r1,1,25,all,219,634.0,0.0928,1.0127,0.5068,530.0
s9_offatr0p5_pct0p1-r1,1,25,eve,219,634.0,0.0928,1.0127,0.5068,530.0
s9_offatr0p5_pct0p1-r2,1,26,all,219,11164.0,1.125,1.1755,0.3744,530.0
s9_offatr0p5_pct0p1-r2,1,26,eve,219,11164.0,1.125,1.1755,0.3744,530.0
s9_offatr0p5_pct0p1-r3,1,27,all,219,16469.0,1.319,1.2294,0.2922,530.0
s9_offatr0p5_pct0p1-r3,1,27,eve,219,16469.0,1.319,1.2294,0.2922,530.0
s9_offatr0p5_pct0p2-r0,1,28,all,219,17404.0,0.4917,1.1079,0.1872,1050.0
s9_offatr0p5_pct0p2-r0,1,28,eve,219,17404.0,0.4917,1.1079,0.1872,1050.0
s9_offatr0p5_pct0p2-r1,1,29,all,219,27694.0,2.0569,1.3219,0.5708,1050.0
s9_offatr0p5_pct0p2-r1,1,29,eve,219,27694.0,2.0569,1.3219,0.5708,1050.0
s9_offatr0p5_pct0p2-r2,1,30,all,219,37869.0,1.9012,1.316,0.3927,1050.0
s9_offatr0p5_pct0p2-r2,1,30,eve,219,37869.0,1.9012,1.316,0.3927,1050.0
s9_offatr0p5_pct0p2-r3,1,31,all,219,43274.0,1.7461,1.3168,0.3105,1050.0
s9_offatr0p5_pct0p2-r3,1,31,eve,219,43274.0,1.7461,1.3168,0.3105,1050.0
s9_offatr1_atr1p5-r0,2,0,all,141,8511.0,0.2912,1.0766,0.1844,2600.0
s9_offatr1_atr1p5-r0,2,0,eve,141,8511.0,0.2912,1.0766,0.1844,2600.0
s9_offatr1_atr1p5-r1,2,1,all,141,-6944.0,-0.5469,0.9024,0.4894,2245.0
s9_offatr1_atr1p5-r1,2,1,eve,141,-6944.0,-0.5469,0.9024,0.4894,2245.0
s9_offatr1_atr1p5-r2,2,2,all,141,-9404.0,-0.535,0.8996,0.3333,2600.0
s9_offatr1_atr1p5-r2,2,2,eve,141,-9404.0,-0.535,0.8996,0.3333,2600.0
s9_offatr1_atr1p5-r3,2,3,all,141,-10344.0,-0.5201,0.8992,0.2695,2600.0
s9_offatr1_atr1p5-r3,2,3,eve,141,-10344.0,-0.5201,0.8992,0.2695,2600.0
s9_offatr1_atr3-r0,2,4,all,141,-4844.0,-0.1243,0.9735,0.3191,5265.0
s9_offatr1_atr3-r0,2,4,eve,141,-4844.0,-0.1243,0.9735,0.3191,5265.0
s9_offatr1_atr3-r1,2,5,all,141,9611.0,0.3844,1.0755,0.5319,4475.0
s9_offatr1_atr3-r1,2,5,eve,141,9611.0,0.3844,1.0755,0.5319,4475.0
s9_offatr1_atr3-r2,2,6,all,141,19876.0,0.597,1.1244,0.4184,5265.0
s9_offatr1_atr3-r2,2,6,eve,141,19876.0,0.597,1.1244,0.4184,5265.0
s9_offatr1_atr3-r3,2,7,all,141,1566.0,0.0428,1.0088,0.3475,5265.0
s9_offatr1_atr3-r3,2,7,eve,141,1566.0,0.0428,1.0088,0.3475,5265.0
s9_offatr1_pts10-r0,2,8,all,141,21741.0,1.2406,1.7838,0.0709,235.0
s9_offatr1_pts10-r0,2,8,eve,141,21741.0,1.2406,1.7838,0.0709,235.0
s9_offatr1_pts10-r1,2,9,all,141,-1294.0,-0.5329,0.9138,0.4965,235.0
s9_offatr1_pts10-r1,2,9,eve,141,-1294.0,-0.5329,0.9138,0.4965,235.0
s9_offatr1_pts10-r2,2,10,all,141,-1279.0,-0.3747,0.9357,0.3333,235.0
s9_offatr1_pts10-r2,2,10,eve,141,-1279.0,-0.3747,0.9357,0.3333,235.0
s9_offatr1_pts10-r3,2,11,all,141,2476.0,0.5707,1.1159,0.2837,235.0
s9_offatr1_pts10-r3,2,11,eve,141,2476.0,0.5707,1.1159,0.2837,235.0
s9_offatr1_pts20-r0,2,12,all,141,32501.0,1.4399,1.643,0.1277,435.0
s9_offatr1_pts20-r0,2,12,eve,141,32501.0,1.4399,1.643,0.1277,435.0
s9_offatr1_pts20-r1,2,13,all,141,-684.0,-0.1422,0.9762,0.5035,435.0
s9_offatr1_pts20-r1,2,13,eve,141,-684.0,-0.1422,0.9762,0.5035,435.0
s9_offatr1_pts20-r2,2,14,all,141,3586.0,0.5188,1.0969,0.3617,435.0
s9_offatr1_pts20-r2,2,14,eve,141,3586.0,0.5188,1.0969,0.3617,435.0
s9_offatr1_pts20-r3,2,15,all,141,9541.0,1.0894,1.2345,0.2979,435.0
s9_offatr1_pts20-r3,2,15,eve,141,9541.0,1.0894,1.2345,0.2979,435.0
s9_offatr1_pts30-r0,2,16,all,141,12381.0,0.5284,1.1676,0.1418,640.0
s9_offatr1_pts30-r0,2,16,eve,141,12381.0,0.5284,1.1676,0.1418,640.0
s9_offatr1_pts30-r1,2,17,all,141,1951.0,0.2714,1.0469,0.5177,640.0
s9_offatr1_pts30-r1,2,17,eve,141,1951.0,0.2714,1.0469,0.5177,640.0
s9_offatr1_pts30-r2,2,18,all,141,2406.0,0.2347,1.0428,0.3475,640.0
s9_offatr1_pts30-r2,2,18,eve,141,2406.0,0.2347,1.0428,0.3475,640.0
s9_offatr1_pts30-r3,2,19,all,141,10146.0,0.7847,1.1645,0.2837,640.0
s9_offatr1_pts30-r3,2,19,eve,141,10146.0,0.7847,1.1645,0.2837,640.0
s9_offatr1_pts45-r0,2,20,all,141,8256.0,0.2982,1.0788,0.1844,930.0
s9_offatr1_pts45-r0,2,20,eve,141,8256.0,0.2982,1.0788,0.1844,930.0
s9_offatr1_pts45-r1,2,21,all,141,-5589.0,-0.5194,0.916,0.4823,930.0
s9_offatr1_pts45-r1,2,21,eve,141,-5589.0,-0.5194,0.916,0.4823,930.0
s9_offatr1_pts45-r2,2,22,all,141,6901.0,0.4472,1.0832,0.3546,930.0
s9_offatr1_pts45-r2,2,22,eve,141,6901.0,0.4472,1.0832,0.3546,930.0
s9_offatr1_pts45-r3,2,23,all,141,10376.0,0.5444,1.1117,0.2766,930.0
s9_offatr1_pts45-r3,2,23,eve,141,10376.0,0.5444,1.1117,0.2766,930.0
s9_offatr1_pct0p1-r0,2,24,all,141,26756.0,1.1759,1.4727,0.1348,525.0
s9_offatr1_pct0p1-r0,2,24,eve,141,26756.0,1.1759,1.4727,0.1348,525.0
s9_offatr1_pct0p1-r1,2,25,all,141,1336.0,0.2438,1.0422,0.5106,525.0
s9_offatr1_pct0p1-r1,2,25,eve,141,1336.0,0.2438,1.0422,0.5106,525.0
s9_offatr1_pct0p1-r2,2,26,all,141,7056.0,0.8834,1.1723,0.3688,525.0
s9_offatr1_pct0p1-r2,2,26,eve,141,7056.0,0.8834,1.1723,0.3688,525.0
s9_offatr1_pct0p1-r3,2,27,all,141,15076.0,1.4728,1.3345,0.305,525.0
s9_offatr1_pct0p1-r3,2,27,eve,141,15076.0,1.4728,1.3345,0.305,525.0
s9_offatr1_pct0p2-r0,2,28,all,141,7816.0,0.282,1.0743,0.1844,1055.0
s9_offatr1_pct0p2-r0,2,28,eve,141,7816.0,0.282,1.0743,0.1844,1055.0
s9_offatr1_pct0p2-r1,2,29,all,141,-5479.0,-0.5024,0.9183,0.4752,1055.0
s9_offatr1_pct0p2-r1,2,29,eve,141,-5479.0,-0.5024,0.9183,0.4752,1055.0
s9_offatr1_pct0p2-r2,2,30,all,141,6616.0,0.4215,1.079,0.3475,1055.0
s9_offatr1_pct0p2-r2,2,30,eve,141,6616.0,0.4215,1.079,0.3475,1055.0
s9_offatr1_pct0p2-r3,2,31,all,141,8576.0,0.4441,1.0911,0.2695,1055.0
s9_offatr1_pct0p2-r3,2,31,eve,141,8576.0,0.4441,1.0911,0.2695,1055.0
s9_offptsA_atr1p5-r0,3,0,all,243,-23642.0,-0.5856,0.8933,0.177,6145.0
s9_offptsA_atr1p5-r0,3,0,eve,243,-23642.0,-0.5856,0.8933,0.177,6145.0
s9_offptsA_atr1p5-r1,3,1,all,243,9978.0,0.4861,1.0768,0.535,6145.0
s9_offptsA_atr1p5-r1,3,1,eve,243,9978.0,0.4861,1.0768,0.535,6145.0
s9_offptsA_atr1p5-r2,3,2,all,243,31233.0,1.1051,1.1866,0.3951,6145.0
s9_offptsA_atr1p5-r2,3,2,eve,243,31233.0,1.1051,1.1866,0.3951,6145.0
s9_offptsA_atr1p5-r3,3,3,all,243,32343.0,0.9714,1.1709,0.3128,6145.0
s9_offptsA_atr1p5-r3,3,3,eve,243,32343.0,0.9714,1.1709,0.3128,6145.0
s9_offptsA_atr3-r0,3,4,all,243,-49352.0,-0.903,0.8621,0.3045,12290.0
s9_offptsA_atr3-r0,3,4,eve,243,-49352.0,-0.903,0.8621,0.3045,12290.0
s9_offptsA_atr3-r1,3,5,all,243,12578.0,0.3196,1.0496,0.5473,12290.0
s9_offptsA_atr3-r1,3,5,eve,243,12578.0,0.3196,1.0496,0.5473,12290.0
s9_offptsA_atr3-r2,3,6,all,243,3063.0,0.061,1.0094,0.3909,12290.0
s9_offptsA_atr3-r2,3,6,eve,243,3063.0,0.061,1.0094,0.3909,12290.0
s9_offptsA_atr3-r3,3,7,all,243,-14787.0,-0.271,0.9574,0.3333,12290.0
s9_offptsA_atr3-r3,3,7,eve,243,-14787.0,-0.271,0.9574,0.3333,12290.0
s9_offptsA_pts10-r0,3,8,all,243,5988.0,0.3102,1.1222,0.0453,240.0
s9_offptsA_pts10-r0,3,8,eve,243,5988.0,0.3102,1.1222,0.0453,240.0
s9_offptsA_pts10-r1,3,9,all,243,-1252.0,-0.3935,0.9506,0.5062,240.0
s9_offptsA_pts10-r1,3,9,eve,243,-1252.0,-0.3935,0.9506,0.5062,240.0
s9_offptsA_pts10-r2,3,10,all,243,-6432.0,-1.4727,0.82,0.3045,240.0
s9_offptsA_pts10-r2,3,10,eve,243,-6432.0,-1.4727,0.82,0.3045,240.0
s9_offptsA_pts10-r3,3,11,all,243,-6932.0,-1.3136,0.8254,0.2263,240.0
s9_offptsA_pts10-r3,3,11,eve,243,-6932.0,-1.3136,0.8254,0.2263,240.0
s9_offptsA_pts20-r0,3,12,all,243,11043.0,0.4155,1.1211,0.0864,480.0
s9_offptsA_pts20-r0,3,12,eve,243,11043.0,0.4155,1.1211,0.0864,480.0
s9_offptsA_pts20-r1,3,13,all,243,1028.0,0.1632,1.0212,0.5144,430.0
s9_offptsA_pts20-r1,3,13,eve,243,1028.0,0.1632,1.0212,0.5144,430.0
s9_offptsA_pts20-r2,3,14,all,243,-867.0,-0.0973,0.9869,0.3374,430.0
s9_offptsA_pts20-r2,3,14,eve,243,-867.0,-0.0973,0.9869,0.3374,430.0
s9_offptsA_pts20-r3,3,15,all,243,11033.0,0.9748,1.1543,0.284,430.0
s9_offptsA_pts20-r3,3,15,eve,243,11033.0,0.9748,1.1543,0.284,430.0
s9_offptsA_pts30-r0,3,16,all,243,13688.0,0.4368,1.1057,0.1276,625.0
s9_offptsA_pts30-r0,3,16,eve,243,13688.0,0.4368,1.1057,0.1276,625.0
s9_offptsA_pts30-r1,3,17,all,243,10853.0,1.1556,1.16,0.5432,620.0
s9_offptsA_pts30-r1,3,17,eve,243,10853.0,1.1556,1.16,0.5432,620.0
s9_offptsA_pts30-r2,3,18,all,243,23198.0,1.6843,1.2566,0.3909,620.0
s9_offptsA_pts30-r2,3,18,eve,243,23198.0,1.6843,1.2566,0.3909,620.0
s9_offptsA_pts30-r3,3,19,all,243,32043.0,1.8449,1.3121,0.3086,620.0
s9_offptsA_pts30-r3,3,19,eve,243,32043.0,1.8449,1.3121,0.3086,620.0
s9_offptsA_pts45-r0,3,20,all,243,6333.0,0.1752,1.035,0.1728,920.0
s9_offptsA_pts45-r0,3,20,eve,243,6333.0,0.1752,1.035,0.1728,920.0
s9_offptsA_pts45-r1,3,21,all,243,8188.0,0.581,1.0775,0.5226,920.0
s9_offptsA_pts45-r1,3,21,eve,243,8188.0,0.581,1.0775,0.5226,920.0
s9_offptsA_pts45-r2,3,22,all,243,30758.0,1.4978,1.2257,0.3827,920.0
s9_offptsA_pts45-r2,3,22,eve,243,30758.0,1.4978,1.2257,0.3827,920.0
s9_offptsA_pts45-r3,3,23,all,243,44088.0,1.7108,1.2887,0.3004,920.0
s9_offptsA_pts45-r3,3,23,eve,243,44088.0,1.7108,1.2887,0.3004,920.0
s9_offptsA_pct0p1-r0,3,24,all,243,13418.0,0.4807,1.1322,0.0988,530.0
s9_offptsA_pct0p1-r0,3,24,eve,243,13418.0,0.4807,1.1322,0.0988,530.0
s9_offptsA_pct0p1-r1,3,25,all,243,4428.0,0.6192,1.0832,0.5226,525.0
s9_offptsA_pct0p1-r1,3,25,eve,243,4428.0,0.6192,1.0832,0.5226,525.0
s9_offptsA_pct0p1-r2,3,26,all,243,8043.0,0.779,1.1121,0.3621,530.0
s9_offptsA_pct0p1-r2,3,26,eve,243,8043.0,0.779,1.1121,0.3621,530.0
s9_offptsA_pct0p1-r3,3,27,all,243,23528.0,1.7778,1.3017,0.3045,530.0
s9_offptsA_pct0p1-r3,3,27,eve,243,23528.0,1.7778,1.3017,0.3045,530.0
s9_offptsA_pct0p2-r0,3,28,all,243,10483.0,0.2906,1.0587,0.1811,1055.0
s9_offptsA_pct0p2-r0,3,28,eve,243,10483.0,0.2906,1.0587,0.1811,1055.0
s9_offptsA_pct0p2-r1,3,29,all,243,10878.0,0.7655,1.104,0.5226,1055.0
s9_offptsA_pct0p2-r1,3,29,eve,243,10878.0,0.7655,1.104,0.5226,1055.0
s9_offptsA_pct0p2-r2,3,30,all,243,29638.0,1.4314,1.2172,0.3745,1055.0
s9_offptsA_pct0p2-r2,3,30,eve,243,29638.0,1.4314,1.2172,0.3745,1055.0
s9_offptsA_pct0p2-r3,3,31,all,243,46213.0,1.7725,1.3029,0.3004,1055.0
s9_offptsA_pct0p2-r3,3,31,eve,243,46213.0,1.7725,1.3029,0.3004,1055.0
s9_offptsB_atr1p5-r0,4,0,all,198,17063.0,0.3769,1.0905,0.1919,6145.0
s9_offptsB_atr1p5-r0,4,0,eve,198,17063.0,0.3769,1.0905,0.1919,6145.0
s9_offptsB_atr1p5-r1,4,1,all,198,28333.0,1.4368,1.2734,0.5455,4595.0
s9_offptsB_atr1p5-r1,4,1,eve,198,28333.0,1.4368,1.2734,0.5455,4595.0
s9_offptsB_atr1p5-r2,4,2,all,198,55018.0,1.8607,1.4008,0.404,4595.0
s9_offptsB_atr1p5-r2,4,2,eve,198,55018.0,1.8607,1.4008,0.404,4595.0
s9_offptsB_atr1p5-r3,4,3,all,198,50603.0,1.5041,1.3162,0.3283,6145.0
s9_offptsB_atr1p5-r3,4,3,eve,198,50603.0,1.5041,1.3162,0.3283,6145.0
s9_offptsB_atr3-r0,4,4,all,198,15508.0,0.2704,1.0529,0.3485,12300.0
s9_offptsB_atr3-r0,4,4,eve,198,15508.0,0.2704,1.0529,0.3485,12300.0
s9_offptsB_atr3-r1,4,5,all,198,71538.0,1.9091,1.3771,0.5859,9185.0
s9_offptsB_atr3-r1,4,5,eve,198,71538.0,1.9091,1.3771,0.5859,9185.0
s9_offptsB_atr3-r2,4,6,all,198,79703.0,1.5882,1.3139,0.4495,12300.0
s9_offptsB_atr3-r2,4,6,eve,198,79703.0,1.5882,1.3139,0.4495,12300.0
s9_offptsB_atr3-r3,4,7,all,198,43073.0,0.7674,1.1519,0.3788,12300.0
s9_offptsB_atr3-r3,4,7,eve,198,43073.0,0.7674,1.1519,0.3788,12300.0
s9_offptsB_pts10-r0,4,8,all,198,9758.0,0.5535,1.2473,0.0556,225.0
s9_offptsB_pts10-r0,4,8,eve,198,9758.0,0.5535,1.2473,0.0556,225.0
s9_offptsB_pts10-r1,4,9,all,198,-4367.0,-1.5236,0.805,0.4646,225.0
s9_offptsB_pts10-r1,4,9,eve,198,-4367.0,-1.5236,0.805,0.4646,225.0
s9_offptsB_pts10-r2,4,10,all,198,1873.0,0.4544,1.0703,0.3636,225.0
s9_offptsB_pts10-r2,4,10,eve,198,1873.0,0.4544,1.0703,0.3636,225.0
s9_offptsB_pts10-r3,4,11,all,198,3373.0,0.6576,1.1124,0.2828,225.0
s9_offptsB_pts10-r3,4,11,eve,198,3373.0,0.6576,1.1124,0.2828,225.0
s9_offptsB_pts20-r0,4,12,all,198,9853.0,0.4145,1.1325,0.0859,435.0
s9_offptsB_pts20-r0,4,12,eve,198,9853.0,0.4145,1.1325,0.0859,435.0
s9_offptsB_pts20-r1,4,13,all,198,-697.0,-0.1224,0.9827,0.5051,435.0
s9_offptsB_pts20-r1,4,13,eve,198,-697.0,-0.1224,0.9827,0.5051,435.0
s9_offptsB_pts20-r2,4,14,all,198,1898.0,0.2339,1.0358,0.3485,435.0
s9_offptsB_pts20-r2,4,14,eve,198,1898.0,0.2339,1.0358,0.3485,435.0
s9_offptsB_pts20-r3,4,15,all,198,3798.0,0.3784,1.0637,0.2677,435.0
s9_offptsB_pts20-r3,4,15,eve,198,3798.0,0.3784,1.0637,0.2677,435.0
s9_offptsB_pts30-r0,4,16,all,198,8543.0,0.3037,1.0804,0.1212,675.0
s9_offptsB_pts30-r0,4,16,eve,198,8543.0,0.3037,1.0804,0.1212,675.0
s9_offptsB_pts30-r1,4,17,all,198,-282.0,-0.0331,0.9953,0.5051,625.0
s9_offptsB_pts30-r1,4,17,eve,198,-282.0,-0.0331,0.9953,0.5051,625.0
s9_offptsB_pts30-r2,4,18,all,198,16398.0,1.323,1.2201,0.3838,625.0
s9_offptsB_pts30-r2,4,18,eve,198,16398.0,1.323,1.2201,0.3838,625.0
s9_offptsB_pts30-r3,4,19,all,198,18678.0,1.2088,1.2185,0.2929,625.0
s9_offptsB_pts30-r3,4,19,eve,198,18678.0,1.2088,1.2185,0.2929,625.0
s9_offptsB_pts45-r0,4,20,all,198,22828.0,0.6563,1.1558,0.1869,920.0
s9_offptsB_pts45-r0,4,20,eve,198,22828.0,0.6563,1.1558,0.1869,920.0
s9_offptsB_pts45-r1,4,21,all,198,20288.0,1.6045,1.2563,0.5606,910.0
s9_offptsB_pts45-r1,4,21,eve,198,20288.0,1.6045,1.2563,0.5606,910.0
s9_offptsB_pts45-r2,4,22,all,198,30863.0,1.6545,1.2826,0.3939,920.0
s9_offptsB_pts45-r2,4,22,eve,198,30863.0,1.6545,1.2826,0.3939,920.0
s9_offptsB_pts45-r3,4,23,all,198,39678.0,1.6994,1.3206,0.3131,920.0
s9_offptsB_pts45-r3,4,23,eve,198,39678.0,1.6994,1.3206,0.3131,920.0
s9_offptsB_pct0p1-r0,4,24,all,198,4408.0,0.1833,1.0535,0.096,545.0
s9_offptsB_pct0p1-r0,4,24,eve,198,4408.0,0.1833,1.0535,0.096,545.0
s9_offptsB_pct0p1-r1,4,25,all,198,-587.0,-0.0914,0.987,0.5051,545.0
s9_offptsB_pct0p1-r1,4,25,eve,198,-587.0,-0.0914,0.987,0.5051,545.0
s9_offptsB_pct0p1-r2,4,26,all,198,8468.0,0.9099,1.1477,0.3687,545.0
s9_offptsB_pct0p1-r2,4,26,eve,198,8468.0,0.9099,1.1477,0.3687,545.0
s9_offptsB_pct0p1-r3,4,27,all,198,9333.0,0.807,1.1423,0.2778,545.0
s9_offptsB_pct0p1-r3,4,27,eve,198,9333.0,0.807,1.1423,0.2778,545.0
s9_offptsB_pct0p2-r0,4,28,all,198,23718.0,0.682,1.1629,0.1869,1050.0
s9_offptsB_pct0p2-r0,4,28,eve,198,23718.0,0.682,1.1629,0.1869,1050.0
s9_offptsB_pct0p2-r1,4,29,all,198,25468.0,2.0125,1.3327,0.5707,1050.0
s9_offptsB_pct0p2-r1,4,29,eve,198,25468.0,2.0125,1.3327,0.5707,1050.0
s9_offptsB_pct0p2-r2,4,30,all,198,36243.0,1.9191,1.3376,0.399,1050.0
s9_offptsB_pct0p2-r2,4,30,eve,198,36243.0,1.9191,1.3376,0.399,1050.0
s9_offptsB_pct0p2-r3,4,31,all,198,48588.0,2.0443,1.4003,0.3232,1050.0
s9_offptsB_pct0p2-r3,4,31,eve,198,48588.0,2.0443,1.4003,0.3232,1050.0
s10_offatr0p25_atr1p5-r0,0,0,all,247,22117.0,0.504,1.1064,0.1984,6145.0
s10_offatr0p25_atr1p5-r0,0,0,eve,247,22117.0,0.504,1.1064,0.1984,6145.0
s10_offatr0p25_atr1p5-r1,0,1,all,247,137.0,0.0068,1.001,0.4939,4315.0
s10_offatr0p25_atr1p5-r1,0,1,eve,247,137.0,0.0068,1.001,0.4939,4315.0
s10_offatr0p25_atr1p5-r2,0,2,all,247,14187.0,0.495,1.0818,0.3482,6145.0
s10_offatr0p25_atr1p5-r2,0,2,eve,247,14187.0,0.495,1.0818,0.3482,6145.0
s10_offatr0p25_atr1p5-r3,0,3,all,247,23557.0,0.6759,1.1237,0.2794,6145.0
s10_offatr0p25_atr1p5-r3,0,3,eve,247,23557.0,0.6759,1.1237,0.2794,6145.0
s10_offatr0p25_atr3-r0,0,4,all,247,-13148.0,-0.2385,0.9609,0.3158,12290.0
s10_offatr0p25_atr3-r0,0,4,eve,247,-13148.0,-0.2385,0.9609,0.3158,12290.0
s10_offatr0p25_atr3-r1,0,5,all,247,-29303.0,-0.7495,0.893,0.4818,12290.0
s10_offatr0p25_atr3-r1,0,5,eve,247,-29303.0,-0.7495,0.893,0.4818,12290.0
s10_offatr0p25_atr3-r2,0,6,all,247,17612.0,0.3447,1.0561,0.3846,12290.0
s10_offatr0p25_atr3-r2,0,6,eve,247,17612.0,0.3447,1.0561,0.3846,12290.0
s10_offatr0p25_atr3-r3,0,7,all,247,34057.0,0.5613,1.1028,0.332,12290.0
s10_offatr0p25_atr3-r3,0,7,eve,247,34057.0,0.5613,1.1028,0.332,12290.0
s10_offatr0p25_pts10-r0,0,8,all,247,11747.0,0.6398,1.2399,0.0607,230.0
s10_offatr0p25_pts10-r0,0,8,eve,247,11747.0,0.6398,1.2399,0.0607,230.0
s10_offatr0p25_pts10-r1,0,9,all,247,-6178.0,-1.9323,0.7819,0.4575,220.0
s10_offatr0p25_pts10-r1,0,9,eve,247,-6178.0,-1.9323,0.7819,0.4575,220.0
s10_offatr0p25_pts10-r2,0,10,all,247,-7863.0,-1.8013,0.7862,0.2955,230.0
s10_offatr0p25_pts10-r2,0,10,eve,247,-7863.0,-1.8013,0.7862,0.2955,230.0
s10_offatr0p25_pts10-r3,0,11,all,247,-6973.0,-1.3099,0.8272,0.2267,230.0
s10_offatr0p25_pts10-r3,0,11,eve,247,-6973.0,-1.3099,0.8272,0.2267,230.0
s10_offatr0p25_pts20-r0,0,12,all,247,5342.0,0.2179,1.0584,0.0972,430.0
s10_offatr0p25_pts20-r0,0,12,eve,247,5342.0,0.2179,1.0584,0.0972,430.0
s10_offatr0p25_pts20-r1,0,13,all,247,-7008.0,-1.1052,0.8686,0.4737,430.0
s10_offatr0p25_pts20-r1,0,13,eve,247,-7008.0,-1.1052,0.8686,0.4737,430.0
s10_offatr0p25_pts20-r2,0,14,all,247,-8463.0,-0.9617,0.8787,0.3117,430.0
s10_offatr0p25_pts20-r2,0,14,eve,247,-8463.0,-0.9617,0.8787,0.3117,430.0
s10_offatr0p25_pts20-r3,0,15,all,247,-12978.0,-1.2331,0.8352,0.2227,430.0
s10_offatr0p25_pts20-r3,0,15,eve,247,-12978.0,-1.2331,0.8352,0.2227,430.0
s10_offatr0p25_pts30-r0,0,16,all,247,9427.0,0.3159,1.0729,0.1417,620.0
s10_offatr0p25_pts30-r0,0,16,eve,247,9427.0,0.3159,1.0729,0.1417,620.0
s10_offatr0p25_pts30-r1,0,17,all,247,-5968.0,-0.6286,0.923,0.4858,620.0
s10_offatr0p25_pts30-r1,0,17,eve,247,-5968.0,-0.6286,0.923,0.4858,620.0
s10_offatr0p25_pts30-r2,0,18,all,247,-6218.0,-0.4671,0.939,0.3239,620.0
s10_offatr0p25_pts30-r2,0,18,eve,247,-6218.0,-0.4671,0.939,0.3239,620.0
s10_offatr0p25_pts30-r3,0,19,all,247,10492.0,0.6227,1.0955,0.2713,620.0
s10_offatr0p25_pts30-r3,0,19,eve,247,10492.0,0.6227,1.0955,0.2713,620.0
s10_offatr0p25_pts45-r0,0,20,all,247,37597.0,0.9327,1.2105,0.1984,940.0
s10_offatr0p25_pts45-r0,0,20,eve,247,37597.0,0.9327,1.2105,0.1984,940.0
s10_offatr0p25_pts45-r1,0,21,all,247,957.0,0.0673,1.0086,0.5061,920.0
s10_offatr0p25_pts45-r1,0,21,eve,247,957.0,0.0673,1.0086,0.5061,920.0
s10_offatr0p25_pts45-r2,0,22,all,247,20487.0,0.9993,1.1443,0.3684,920.0
s10_offatr0p25_pts45-r2,0,22,eve,247,20487.0,0.9993,1.1443,0.3684,920.0
s10_offatr0p25_pts45-r3,0,23,all,247,20842.0,0.8278,1.1293,0.2794,940.0
s10_offatr0p25_pts45-r3,0,23,eve,247,20842.0,0.8278,1.1293,0.2794,940.0
s10_offatr0p25_pct0p1-r0,0,24,all,247,2967.0,0.1168,1.0291,0.1093,530.0
s10_offatr0p25_pct0p1-r0,0,24,eve,247,2967.0,0.1168,1.0291,0.1093,530.0
s10_offatr0p25_pct0p1-r1,0,25,all,247,-8113.0,-1.125,0.8659,0.4737,525.0
s10_offatr0p25_pct0p1-r1,0,25,eve,247,-8113.0,-1.125,0.8659,0.4737,525.0
s10_offatr0p25_pct0p1-r2,0,26,all,247,-7478.0,-0.7445,0.9044,0.3198,525.0
s10_offatr0p25_pct0p1-r2,0,26,eve,247,-7478.0,-0.7445,0.9044,0.3198,525.0
s10_offatr0p25_pct0p1-r3,0,27,all,247,-6943.0,-0.5647,0.9204,0.2389,530.0
s10_offatr0p25_pct0p1-r3,0,27,eve,247,-6943.0,-0.5647,0.9204,0.2389,530.0
s10_offatr0p25_pct0p2-r0,0,28,all,247,33782.0,0.8477,1.1887,0.1984,1055.0
s10_offatr0p25_pct0p2-r0,0,28,eve,247,33782.0,0.8477,1.1887,0.1984,1055.0
s10_offatr0p25_pct0p2-r1,0,29,all,247,-1448.0,-0.1006,0.9872,0.5061,1055.0
s10_offatr0p25_pct0p2-r1,0,29,eve,247,-1448.0,-0.1006,0.9872,0.5061,1055.0
s10_offatr0p25_pct0p2-r2,0,30,all,247,26197.0,1.2633,1.186,0.3806,1055.0
s10_offatr0p25_pct0p2-r2,0,30,eve,247,26197.0,1.2633,1.186,0.3806,1055.0
s10_offatr0p25_pct0p2-r3,0,31,all,247,22842.0,0.9045,1.142,0.2874,1055.0
s10_offatr0p25_pct0p2-r3,0,31,eve,247,22842.0,0.9045,1.142,0.2874,1055.0
s10_offatr0p5_atr1p5-r0,1,0,all,217,35347.0,0.8964,1.2044,0.2028,3095.0
s10_offatr0p5_atr1p5-r0,1,0,eve,217,35347.0,0.8964,1.2044,0.2028,3095.0
s10_offatr0p5_atr1p5-r1,1,1,all,217,30417.0,1.8358,1.3209,0.5668,3095.0
s10_offatr0p5_atr1p5-r1,1,1,eve,217,30417.0,1.8358,1.3209,0.5668,3095.0
s10_offatr0p5_atr1p5-r2,1,2,all,217,61792.0,2.51,1.4941,0.4332,3095.0
s10_offatr0p5_atr1p5-r2,1,2,eve,217,61792.0,2.51,1.4941,0.4332,3095.0
s10_offatr0p5_atr1p5-r3,1,3,all,217,67587.0,2.2224,1.4675,0.3456,3095.0
s10_offatr0p5_atr1p5-r3,1,3,eve,217,67587.0,2.2224,1.4675,0.3456,3095.0
s10_offatr0p5_atr3-r0,1,4,all,217,28207.0,0.5576,1.102,0.3364,6160.0
s10_offatr0p5_atr3-r0,1,4,eve,217,28207.0,0.5576,1.102,0.3364,6160.0
s10_offatr0p5_atr3-r1,1,5,all,217,59467.0,1.8171,1.3193,0.576,6160.0
s10_offatr0p5_atr3-r1,1,5,eve,217,59467.0,1.8171,1.3193,0.576,6160.0
s10_offatr0p5_atr3-r2,1,6,all,217,81742.0,1.8355,1.3359,0.4424,6160.0
s10_offatr0p5_atr3-r2,1,6,eve,217,81742.0,1.8355,1.3359,0.4424,6160.0
s10_offatr0p5_atr3-r3,1,7,all,217,63357.0,1.2426,1.2347,0.3594,6160.0
s10_offatr0p5_atr3-r3,1,7,eve,217,63357.0,1.2426,1.2347,0.3594,6160.0
s10_offatr0p5_pts10-r0,1,8,all,217,11377.0,0.6869,1.2654,0.0645,245.0
s10_offatr0p5_pts10-r0,1,8,eve,217,11377.0,0.6869,1.2654,0.0645,245.0
s10_offatr0p5_pts10-r1,1,9,all,217,-238.0,-0.0791,0.9893,0.5161,245.0
s10_offatr0p5_pts10-r1,1,9,eve,217,-238.0,-0.0791,0.9893,0.5161,245.0
s10_offatr0p5_pts10-r2,1,10,all,217,4552.0,1.044,1.1607,0.3825,245.0
s10_offatr0p5_pts10-r2,1,10,eve,217,4552.0,1.044,1.1607,0.3825,245.0
s10_offatr0p5_pts10-r3,1,11,all,217,5817.0,1.0698,1.1799,0.2949,245.0
s10_offatr0p5_pts10-r3,1,11,eve,217,5817.0,1.0698,1.1799,0.2949,245.0
s10_offatr0p5_pts20-r0,1,12,all,217,11192.0,0.4678,1.1398,0.1014,445.0
s10_offatr0p5_pts20-r0,1,12,eve,217,11192.0,0.4678,1.1398,0.1014,445.0
s10_offatr0p5_pts20-r1,1,13,all,217,6107.0,1.0294,1.1503,0.5438,425.0
s10_offatr0p5_pts20-r1,1,13,eve,217,6107.0,1.0294,1.1503,0.5438,425.0
s10_offatr0p5_pts20-r2,1,14,all,217,14707.0,1.6879,1.2736,0.3963,425.0
s10_offatr0p5_pts20-r2,1,14,eve,217,14707.0,1.6879,1.2736,0.3963,425.0
s10_offatr0p5_pts20-r3,1,15,all,217,13767.0,1.2727,1.2193,0.2949,425.0
s10_offatr0p5_pts20-r3,1,15,eve,217,13767.0,1.2727,1.2193,0.2949,425.0
s10_offatr0p5_pts30-r0,1,16,all,217,27612.0,0.9098,1.2447,0.1475,630.0
s10_offatr0p5_pts30-r0,1,16,eve,217,27612.0,0.9098,1.2447,0.1475,630.0
s10_offatr0p5_pts30-r1,1,17,all,217,8757.0,0.9865,1.1436,0.5392,630.0
s10_offatr0p5_pts30-r1,1,17,eve,217,8757.0,0.9865,1.1436,0.5392,630.0
s10_offatr0p5_pts30-r2,1,18,all,217,26607.0,2.0323,1.3383,0.4055,630.0
s10_offatr0p5_pts30-r2,1,18,eve,217,26607.0,2.0323,1.3383,0.4055,630.0
s10_offatr0p5_pts30-r3,1,19,all,217,38512.0,2.3108,1.4327,0.3272,630.0
s10_offatr0p5_pts30-r3,1,19,eve,217,38512.0,2.3108,1.4327,0.3272,630.0
s10_offatr0p5_pts45-r0,1,20,all,217,10747.0,0.3157,1.0677,0.1889,940.0
s10_offatr0p5_pts45-r0,1,20,eve,217,10747.0,0.3157,1.0677,0.1889,940.0
s10_offatr0p5_pts45-r1,1,21,all,217,21062.0,1.59,1.2411,0.5576,915.0
s10_offatr0p5_pts45-r1,1,21,eve,217,21062.0,1.59,1.2411,0.5576,915.0
s10_offatr0p5_pts45-r2,1,22,all,217,45012.0,2.2928,1.3893,0.4147,940.0
s10_offatr0p5_pts45-r2,1,22,eve,217,45012.0,2.2928,1.3893,0.4147,940.0
s10_offatr0p5_pts45-r3,1,23,all,217,32777.0,1.3708,1.24,0.3041,940.0
s10_offatr0p5_pts45-r3,1,23,eve,217,32777.0,1.3708,1.24,0.3041,940.0
s10_offatr0p5_pct0p1-r0,1,24,all,217,737.0,0.0305,1.0081,0.1014,535.0
s10_offatr0p5_pct0p1-r0,1,24,eve,217,737.0,0.0305,1.0081,0.1014,535.0
s10_offatr0p5_pct0p1-r1,1,25,all,217,5212.0,0.7691,1.1108,0.5346,535.0
s10_offatr0p5_pct0p1-r1,1,25,eve,217,5212.0,0.7691,1.1108,0.5346,535.0
s10_offatr0p5_pct0p1-r2,1,26,all,217,16427.0,1.6542,1.2686,0.3963,535.0
s10_offatr0p5_pct0p1-r2,1,26,eve,217,16427.0,1.6542,1.2686,0.3963,535.0
s10_offatr0p5_pct0p1-r3,1,27,all,217,15942.0,1.2902,1.2239,0.2949,535.0
s10_offatr0p5_pct0p1-r3,1,27,eve,217,15942.0,1.2902,1.2239,0.2949,535.0
s10_offatr0p5_pct0p2-r0,1,28,all,217,7427.0,0.2186,1.0463,0.1889,1055.0
s10_offatr0p5_pct0p2-r0,1,28,eve,217,7427.0,0.2186,1.0463,0.1889,1055.0
s10_offatr0p5_pct0p2-r1,1,29,all,217,15532.0,1.151,1.1703,0.5484,1045.0
s10_offatr0p5_pct0p2-r1,1,29,eve,217,15532.0,1.151,1.1703,0.5484,1045.0
s10_offatr0p5_pct0p2-r2,1,30,all,217,44077.0,2.2185,1.3759,0.4147,1045.0
s10_offatr0p5_pct0p2-r2,1,30,eve,217,44077.0,2.2185,1.3759,0.4147,1045.0
s10_offatr0p5_pct0p2-r3,1,31,all,217,27907.0,1.1634,1.2009,0.2995,1045.0
s10_offatr0p5_pct0p2-r3,1,31,eve,217,27907.0,1.1634,1.2009,0.2995,1045.0
s10_offatr1_atr1p5-r0,2,0,all,132,22657.0,0.7665,1.2275,0.2045,2580.0
s10_offatr1_atr1p5-r0,2,0,eve,132,22657.0,0.7665,1.2275,0.2045,2580.0
s10_offatr1_atr1p5-r1,2,1,all,132,17222.0,1.4292,1.3177,0.5758,2580.0
s10_offatr1_atr1p5-r1,2,1,eve,132,17222.0,1.4292,1.3177,0.5758,2580.0
s10_offatr1_atr1p5-r2,2,2,all,132,30787.0,1.718,1.4268,0.4167,2580.0
s10_offatr1_atr1p5-r2,2,2,eve,132,30787.0,1.718,1.4268,0.4167,2580.0
s10_offatr1_atr1p5-r3,2,3,all,132,3832.0,0.1897,1.0421,0.2803,2580.0
s10_offatr1_atr1p5-r3,2,3,eve,132,3832.0,0.1897,1.0421,0.2803,2580.0
s10_offatr1_atr3-r0,2,4,all,132,607.0,0.0164,1.0036,0.3182,5160.0
s10_offatr1_atr3-r0,2,4,eve,132,607.0,0.0164,1.0036,0.3182,5160.0
s10_offatr1_atr3-r1,2,5,all,132,42472.0,1.7991,1.4173,0.5833,5160.0
s10_offatr1_atr3-r1,2,5,eve,132,42472.0,1.7991,1.4173,0.5833,5160.0
s10_offatr1_atr3-r2,2,6,all,132,42592.0,1.2937,1.2957,0.4318,5160.0
s10_offatr1_atr3-r2,2,6,eve,132,42592.0,1.2937,1.2957,0.4318,5160.0
s10_offatr1_atr3-r3,2,7,all,132,27927.0,0.7591,1.1719,0.3561,5160.0
s10_offatr1_atr3-r3,2,7,eve,132,27927.0,0.7591,1.1719,0.3561,5160.0
s10_offatr1_pts10-r0,2,8,all,132,18387.0,1.0686,1.7058,0.0682,235.0
s10_offatr1_pts10-r0,2,8,eve,132,18387.0,1.0686,1.7058,0.0682,235.0
s10_offatr1_pts10-r1,2,9,all,132,-3888.0,-1.663,0.7484,0.447,225.0
s10_offatr1_pts10-r1,2,9,eve,132,-3888.0,-1.663,0.7484,0.447,225.0
s10_offatr1_pts10-r2,2,10,all,132,-2408.0,-0.7378,0.8735,0.3182,225.0
s10_offatr1_pts10-r2,2,10,eve,132,-2408.0,-0.7378,0.8735,0.3182,225.0
s10_offatr1_pts10-r3,2,11,all,132,-2118.0,-0.5304,0.9,0.2424,235.0
s10_offatr1_pts10-r3,2,11,eve,132,-2118.0,-0.5304,0.9,0.2424,235.0
s10_offatr1_pts20-r0,2,12,all,132,22122.0,1.0499,1.461,0.1136,415.0
s10_offatr1_pts20-r0,2,12,eve,132,22122.0,1.0499,1.461,0.1136,415.0
s10_offatr1_pts20-r1,2,13,all,132,5527.0,1.1981,1.2325,0.5606,415.0
s10_offatr1_pts20-r1,2,13,eve,132,5527.0,1.1981,1.2325,0.5606,415.0
s10_offatr1_pts20-r2,2,14,all,132,10982.0,1.6055,1.3432,0.4091,415.0
s10_offatr1_pts20-r2,2,14,eve,132,10982.0,1.6055,1.3432,0.4091,415.0
s10_offatr1_pts20-r3,2,15,all,132,8487.0,1.0041,1.2224,0.2955,415.0
s10_offatr1_pts20-r3,2,15,eve,132,8487.0,1.0041,1.2224,0.2955,415.0
s10_offatr1_pts30-r0,2,16,all,132,8402.0,0.3812,1.1219,0.1439,610.0
s10_offatr1_pts30-r0,2,16,eve,132,8402.0,0.3812,1.1219,0.1439,610.0
s10_offatr1_pts30-r1,2,17,all,132,8727.0,1.2643,1.2467,0.5606,610.0
s10_offatr1_pts30-r1,2,17,eve,132,8727.0,1.2643,1.2467,0.5606,610.0
s10_offatr1_pts30-r2,2,18,all,132,4367.0,0.4379,1.0842,0.3561,610.0
s10_offatr1_pts30-r2,2,18,eve,132,4367.0,0.4379,1.0842,0.3561,610.0
s10_offatr1_pts30-r3,2,19,all,132,10902.0,0.8677,1.1901,0.2879,610.0
s10_offatr1_pts30-r3,2,19,eve,132,10902.0,0.8677,1.1901,0.2879,610.0
s10_offatr1_pts45-r0,2,20,all,132,24612.0,0.8621,1.2572,0.2045,930.0
s10_offatr1_pts45-r0,2,20,eve,132,24612.0,0.8621,1.2572,0.2045,930.0
s10_offatr1_pts45-r1,2,21,all,132,15232.0,1.475,1.2931,0.5682,930.0
s10_offatr1_pts45-r1,2,21,eve,132,15232.0,1.475,1.2931,0.5682,930.0
s10_offatr1_pts45-r2,2,22,all,132,15072.0,0.9951,1.2017,0.3788,930.0
s10_offatr1_pts45-r2,2,22,eve,132,15072.0,0.9951,1.2017,0.3788,930.0
s10_offatr1_pts45-r3,2,23,all,132,21862.0,1.1533,1.2607,0.303,930.0
s10_offatr1_pts45-r3,2,23,eve,132,21862.0,1.1533,1.2607,0.303,930.0
s10_offatr1_pct0p1-r0,2,24,all,132,18357.0,0.8618,1.3427,0.1212,525.0
s10_offatr1_pct0p1-r0,2,24,eve,132,18357.0,0.8618,1.3427,0.1212,525.0
s10_offatr1_pct0p1-r1,2,25,all,132,5727.0,1.0878,1.21,0.553,525.0
s10_offatr1_pct0p1-r1,2,25,eve,132,5727.0,1.0878,1.21,0.553,525.0
s10_offatr1_pct0p1-r2,2,26,all,132,11672.0,1.498,1.3193,0.4015,525.0
s10_offatr1_pct0p1-r2,2,26,eve,132,11672.0,1.498,1.3193,0.4015,525.0
s10_offatr1_pct0p1-r3,2,27,all,132,10942.0,1.1243,1.255,0.2955,525.0
s10_offatr1_pct0p1-r3,2,27,eve,132,10942.0,1.1243,1.255,0.2955,525.0
s10_offatr1_pct0p2-r0,2,28,all,132,18667.0,0.6621,1.1929,0.197,1065.0
s10_offatr1_pct0p2-r0,2,28,eve,132,18667.0,0.6621,1.1929,0.197,1065.0
s10_offatr1_pct0p2-r1,2,29,all,132,15627.0,1.495,1.2992,0.5758,1050.0
s10_offatr1_pct0p2-r1,2,29,eve,132,15627.0,1.495,1.2992,0.5758,1050.0
s10_offatr1_pct0p2-r2,2,30,all,132,15202.0,0.9914,1.2018,0.3788,1050.0
s10_offatr1_pct0p2-r2,2,30,eve,132,15202.0,0.9914,1.2018,0.3788,1050.0
s10_offatr1_pct0p2-r3,2,31,all,132,16202.0,0.8518,1.1884,0.2879,1065.0
s10_offatr1_pct0p2-r3,2,31,eve,132,16202.0,0.8518,1.1884,0.2879,1065.0
s10_offptsA_atr1p5-r0,3,0,all,241,27576.0,0.6259,1.1345,0.2033,6145.0
s10_offptsA_atr1p5-r0,3,0,eve,241,27576.0,0.6259,1.1345,0.2033,6145.0
s10_offptsA_atr1p5-r1,3,1,all,241,-784.0,-0.0387,0.9941,0.5145,6145.0
s10_offptsA_atr1p5-r1,3,1,eve,241,-784.0,-0.0387,0.9941,0.5145,6145.0
s10_offptsA_atr1p5-r2,3,2,all,241,29786.0,1.0266,1.1787,0.3734,6145.0
s10_offptsA_atr1p5-r2,3,2,eve,241,29786.0,1.0266,1.1787,0.3734,6145.0
s10_offptsA_atr1p5-r3,3,3,all,241,48136.0,1.3749,1.2645,0.3112,6145.0
s10_offptsA_atr1p5-r3,3,3,eve,241,48136.0,1.3749,1.2645,0.3112,6145.0
s10_offptsA_atr3-r0,3,4,all,241,15511.0,0.2812,1.0489,0.3361,12290.0
s10_offptsA_atr3-r0,3,4,eve,241,15511.0,0.2812,1.0489,0.3361,12290.0
s10_offptsA_atr3-r1,3,5,all,241,11961.0,0.3079,1.0479,0.5228,12290.0
s10_offptsA_atr3-r1,3,5,eve,241,11961.0,0.3079,1.0479,0.5228,12290.0
s10_offptsA_atr3-r2,3,6,all,241,67441.0,1.3192,1.232,0.4232,12290.0
s10_offptsA_atr3-r2,3,6,eve,241,67441.0,1.3192,1.232,0.4232,12290.0
s10_offptsA_atr3-r3,3,7,all,241,67661.0,1.1214,1.2175,0.3568,12290.0
s10_offptsA_atr3-r3,3,7,eve,241,67661.0,1.1214,1.2175,0.3568,12290.0
s10_offptsA_pts10-r0,3,8,all,241,20016.0,0.981,1.422,0.0664,225.0
s10_offptsA_pts10-r0,3,8,eve,241,20016.0,0.981,1.422,0.0664,225.0
s10_offptsA_pts10-r1,3,9,all,241,-804.0,-0.2539,0.9677,0.5104,225.0
s10_offptsA_pts10-r1,3,9,eve,241,-804.0,-0.2539,0.9677,0.5104,225.0
s10_offptsA_pts10-r2,3,10,all,241,1956.0,0.4312,1.0602,0.361,225.0
s10_offptsA_pts10-r2,3,10,eve,241,1956.0,0.4312,1.0602,0.361,225.0
s10_offptsA_pts10-r3,3,11,all,241,4036.0,0.7144,1.1106,0.2822,225.0
s10_offptsA_pts10-r3,3,11,eve,241,4036.0,0.7144,1.1106,0.2822,225.0
s10_offptsA_pts20-r0,3,12,all,241,29231.0,0.9614,1.3294,0.1037,430.0
s10_offptsA_pts20-r0,3,12,eve,241,29231.0,0.9614,1.3294,0.1037,430.0
s10_offptsA_pts20-r1,3,13,all,241,-2229.0,-0.355,0.9552,0.4979,430.0
s10_offptsA_pts20-r1,3,13,eve,241,-2229.0,-0.355,0.9552,0.4979,430.0
s10_offptsA_pts20-r2,3,14,all,241,-1289.0,-0.1453,0.9804,0.3361,430.0
s10_offptsA_pts20-r2,3,14,eve,241,-1289.0,-0.1453,0.9804,0.3361,430.0
s10_offptsA_pts20-r3,3,15,all,241,-2634.0,-0.2437,0.9646,0.249,430.0
s10_offptsA_pts20-r3,3,15,eve,241,-2634.0,-0.2437,0.9646,0.249,430.0
s10_offptsA_pts30-r0,3,16,all,241,29976.0,0.8529,1.2361,0.1369,640.0
s10_offptsA_pts30-r0,3,16,eve,241,29976.0,0.8529,1.2361,0.1369,640.0
s10_offptsA_pts30-r1,3,17,all,241,2476.0,0.2639,1.0347,0.5145,640.0
s10_offptsA_pts30-r1,3,17,eve,241,2476.0,0.2639,1.0347,0.5145,640.0
s10_offptsA_pts30-r2,3,18,all,241,2811.0,0.2105,1.0291,0.3444,640.0
s10_offptsA_pts30-r2,3,18,eve,241,2811.0,0.2105,1.0291,0.3444,640.0
s10_offptsA_pts30-r3,3,19,all,241,26146.0,1.5259,1.2534,0.2988,640.0
s10_offptsA_pts30-r3,3,19,eve,241,26146.0,1.5259,1.2534,0.2988,640.0
s10_offptsA_pts45-r0,3,20,all,241,56876.0,1.3455,1.3268,0.1992,925.0
s10_offptsA_pts45-r0,3,20,eve,241,56876.0,1.3455,1.3268,0.1992,925.0
s10_offptsA_pts45-r1,3,21,all,241,17256.0,1.233,1.1724,0.5436,925.0
s10_offptsA_pts45-r1,3,21,eve,241,17256.0,1.233,1.1724,0.5436,925.0
s10_offptsA_pts45-r2,3,22,all,241,47506.0,2.2997,1.3675,0.4108,925.0
s10_offptsA_pts45-r2,3,22,eve,241,47506.0,2.2997,1.3675,0.4108,925.0
s10_offptsA_pts45-r3,3,23,all,241,47801.0,1.8616,1.3182,0.3112,925.0
s10_offptsA_pts45-r3,3,23,eve,241,47801.0,1.8616,1.3182,0.3112,925.0
s10_offptsA_pct0p1-r0,3,24,all,241,26566.0,0.8402,1.2672,0.1079,530.0
s10_offptsA_pct0p1-r0,3,24,eve,241,26566.0,0.8402,1.2672,0.1079,530.0
s10_offptsA_pct0p1-r1,3,25,all,241,-3354.0,-0.4704,0.9408,0.4938,530.0
s10_offptsA_pct0p1-r1,3,25,eve,241,-3354.0,-0.4704,0.9408,0.4938,530.0
s10_offptsA_pct0p1-r2,3,26,all,241,2506.0,0.247,1.0344,0.3485,530.0
s10_offptsA_pct0p1-r2,3,26,eve,241,2506.0,0.247,1.0344,0.3485,530.0
s10_offptsA_pct0p1-r3,3,27,all,241,3816.0,0.304,1.0464,0.2614,530.0
s10_offptsA_pct0p1-r3,3,27,eve,241,3816.0,0.304,1.0464,0.2614,530.0
s10_offptsA_pct0p2-r0,3,28,all,241,34131.0,0.8511,1.1946,0.195,1065.0
s10_offptsA_pct0p2-r0,3,28,eve,241,34131.0,0.8511,1.1946,0.195,1065.0
s10_offptsA_pct0p2-r1,3,29,all,241,12676.0,0.8937,1.1228,0.5394,1065.0
s10_offptsA_pct0p2-r1,3,29,eve,241,12676.0,0.8937,1.1228,0.5394,1065.0
s10_offptsA_pct0p2-r2,3,30,all,241,41686.0,2.007,1.3158,0.4025,1065.0
s10_offptsA_pct0p2-r2,3,30,eve,241,41686.0,2.007,1.3158,0.4025,1065.0
s10_offptsA_pct0p2-r3,3,31,all,241,35101.0,1.3789,1.2279,0.2988,1065.0
s10_offptsA_pct0p2-r3,3,31,eve,241,35101.0,1.3789,1.2279,0.2988,1065.0
s10_offptsB_atr1p5-r0,4,0,all,187,31602.0,0.7529,1.1835,0.2193,6145.0
s10_offptsB_atr1p5-r0,4,0,eve,187,31602.0,0.7529,1.1835,0.2193,6145.0
s10_offptsB_atr1p5-r1,4,1,all,187,28347.0,1.4728,1.289,0.5882,6145.0
s10_offptsB_atr1p5-r1,4,1,eve,187,28347.0,1.4728,1.289,0.5882,6145.0
s10_offptsB_atr1p5-r2,4,2,all,187,54632.0,1.9528,1.4192,0.4225,6145.0
s10_offptsB_atr1p5-r2,4,2,eve,187,54632.0,1.9528,1.4192,0.4225,6145.0
s10_offptsB_atr1p5-r3,4,3,all,187,46127.0,1.3607,1.3047,0.3209,6145.0
s10_offptsB_atr1p5-r3,4,3,eve,187,46127.0,1.3607,1.3047,0.3209,6145.0
s10_offptsB_atr3-r0,4,4,all,187,16627.0,0.3081,1.0595,0.3422,12290.0
s10_offptsB_atr3-r0,4,4,eve,187,16627.0,0.3081,1.0595,0.3422,12290.0
s10_offptsB_atr3-r1,4,5,all,187,32117.0,0.8581,1.1589,0.5561,12290.0
s10_offptsB_atr3-r1,4,5,eve,187,32117.0,0.8581,1.1589,0.5561,12290.0
s10_offptsB_atr3-r2,4,6,all,187,55212.0,1.1206,1.2212,0.4278,12290.0
s10_offptsB_atr3-r2,4,6,eve,187,55212.0,1.1206,1.2212,0.4278,12290.0
s10_offptsB_atr3-r3,4,7,all,187,56247.0,0.9625,1.2056,0.3636,12290.0
s10_offptsB_atr3-r3,4,7,eve,187,56247.0,0.9625,1.2056,0.3636,12290.0
s10_offptsB_pts10-r0,4,8,all,187,23682.0,1.2084,1.6428,0.0695,265.0
s10_offptsB_pts10-r0,4,8,eve,187,23682.0,1.2084,1.6428,0.0695,265.0
s10_offptsB_pts10-r1,4,9,all,187,1942.0,0.6962,1.1076,0.5455,265.0
s10_offptsB_pts10-r1,4,9,eve,187,1942.0,0.6962,1.1076,0.5455,265.0
s10_offptsB_pts10-r2,4,10,all,187,6587.0,1.6089,1.2802,0.4064,265.0
s10_offptsB_pts10-r2,4,10,eve,187,6587.0,1.6089,1.2802,0.4064,265.0
s10_offptsB_pts10-r3,4,11,all,187,8037.0,1.5609,1.2963,0.3155,265.0
s10_offptsB_pts10-r3,4,11,eve,187,8037.0,1.5609,1.2963,0.3155,265.0
s10_offptsB_pts20-r0,4,12,all,187,20112.0,0.8592,1.2948,0.1123,425.0
s10_offptsB_pts20-r0,4,12,eve,187,20112.0,0.8592,1.2948,0.1123,425.0
s10_offptsB_pts20-r1,4,13,all,187,8697.0,1.5865,1.2613,0.5668,420.0
s10_offptsB_pts20-r1,4,13,eve,187,8697.0,1.5865,1.2613,0.5668,420.0
s10_offptsB_pts20-r2,4,14,all,187,14857.0,1.8275,1.3255,0.4064,425.0
s10_offptsB_pts20-r2,4,14,eve,187,14857.0,1.8275,1.3255,0.4064,425.0
s10_offptsB_pts20-r3,4,15,all,187,14737.0,1.4529,1.2758,0.3048,425.0
s10_offptsB_pts20-r3,4,15,eve,187,14737.0,1.4529,1.2758,0.3048,425.0
s10_offptsB_pts30-r0,4,16,all,187,37167.0,1.152,1.3827,0.1497,640.0
s10_offptsB_pts30-r0,4,16,eve,187,37167.0,1.152,1.3827,0.1497,640.0
s10_offptsB_pts30-r1,4,17,all,187,10077.0,1.2243,1.1964,0.5508,635.0
s10_offptsB_pts30-r1,4,17,eve,187,10077.0,1.2243,1.1964,0.5508,635.0
s10_offptsB_pts30-r2,4,18,all,187,19452.0,1.6054,1.2817,0.3957,640.0
s10_offptsB_pts30-r2,4,18,eve,187,19452.0,1.6054,1.2817,0.3957,640.0
s10_offptsB_pts30-r3,4,19,all,187,30167.0,1.9581,1.3888,0.3209,640.0
s10_offptsB_pts30-r3,4,19,eve,187,30167.0,1.9581,1.3888,0.3209,640.0
s10_offptsB_pts45-r0,4,20,all,187,47367.0,1.2533,1.3492,0.2032,945.0
s10_offptsB_pts45-r0,4,20,eve,187,47367.0,1.2533,1.3492,0.2032,945.0
s10_offptsB_pts45-r1,4,21,all,187,17592.0,1.4293,1.2327,0.5561,945.0
s10_offptsB_pts45-r1,4,21,eve,187,17592.0,1.4293,1.2327,0.5561,945.0
s10_offptsB_pts45-r2,4,22,all,187,32727.0,1.7994,1.3209,0.4011,945.0
s10_offptsB_pts45-r2,4,22,eve,187,32727.0,1.7994,1.3209,0.4011,945.0
s10_offptsB_pts45-r3,4,23,all,187,36477.0,1.6149,1.313,0.3155,945.0
s10_offptsB_pts45-r3,4,23,eve,187,36477.0,1.6149,1.313,0.3155,945.0
s10_offptsB_pct0p1-r0,4,24,all,187,19767.0,0.8225,1.2626,0.123,530.0
s10_offptsB_pct0p1-r0,4,24,eve,187,19767.0,0.8225,1.2626,0.123,530.0
s10_offptsB_pct0p1-r1,4,25,all,187,10652.0,1.7234,1.2884,0.5722,525.0
s10_offptsB_pct0p1-r1,4,25,eve,187,10652.0,1.7234,1.2884,0.5722,525.0
s10_offptsB_pct0p1-r2,4,26,all,187,18007.0,1.9603,1.3549,0.4118,530.0
s10_offptsB_pct0p1-r2,4,26,eve,187,18007.0,1.9603,1.3549,0.4118,530.0
s10_offptsB_pct0p1-r3,4,27,all,187,22922.0,1.9649,1.393,0.3209,530.0
s10_offptsB_pct0p1-r3,4,27,eve,187,22922.0,1.9649,1.393,0.3209,530.0
s10_offptsB_pct0p2-r0,4,28,all,187,65122.0,1.6631,1.49,0.2139,1055.0
s10_offptsB_pct0p2-r0,4,28,eve,187,65122.0,1.6631,1.49,0.2139,1055.0
s10_offptsB_pct0p2-r1,4,29,all,187,23642.0,1.9223,1.3265,0.5775,1055.0
s10_offptsB_pct0p2-r1,4,29,eve,187,23642.0,1.9223,1.3265,0.5775,1055.0
s10_offptsB_pct0p2-r2,4,30,all,187,46927.0,2.5427,1.4834,0.4278,1055.0
s10_offptsB_pct0p2-r2,4,30,eve,187,46927.0,2.5427,1.4834,0.4278,1055.0
s10_offptsB_pct0p2-r3,4,31,all,187,49107.0,2.1266,1.4342,0.3316,1055.0
s10_offptsB_pct0p2-r3,4,31,eve,187,49107.0,2.1266,1.4342,0.3316,1055.0
